# SRIM-2013 Electronic stopping power table for Z1=3
# Converted from a table provided by H.Hofsaess
# units of energy:         eV
# units of stopping power: eV A^2
#      \Z2 1       2       3       4       5       6       7       8       9       10      11      12      13      14      15      16      17      18      19      20      21      22      23      24      25      26      27      28      29      30      31      32      33      34      35      36      37      38      39      40      41      42      43      44      45      46      47      48      49      50      51      52      53      54      55      56      57      58      59      60      61      62      63      64      65      66      67      68      69      70      71      72      73      74      75      76      77      78      79      80      81      82      83      84      85      86      87      88      89      90      91      92      
# energy\  H       He      Li      Be      B       C       N       O       F       Ne      Na      Mg      Al      Si      P       S       Cl      Ar      K       Ca      Sc      Ti      V       Cr      Mn      Fe      Co      Ni      Cu      Zn      Ga      Ge      As      Se      Br      Kr      Rb      Sr      Y       Zr      Nb      Mo      Tc      Ru      Rh      Pd      Ag      Cd      In      Sn      Sb      Te      I       Xe      Cs      Ba      La      Ce      Pr      Nd      Pm      Sm      Eu      Gd      Tb      Dy      Ho      Er      Tm      Yb      Lu      Hf      Ta      W       Re      Os      Ir      Pt      Au      Hg      Tl      Pb      Bi      Po      At      Rn      Fr      Ra      Ac      Th      Pa      U       
   0.00    0.0     0.0     0.0     0.0     0.0     0.0     0.0     0.0     0.0     0.0     0.0     0.0     0.0     0.0     0.0     0.0     0.0     0.0     0.0     0.0     0.0     0.0     0.0     0.0     0.0     0.0     0.0     0.0     0.0     0.0     0.0     0.0     0.0     0.0     0.0     0.0     0.0     0.0     0.0     0.0     0.0     0.0     0.0     0.0     0.0     0.0     0.0     0.0     0.0     0.0     0.0     0.0     0.0     0.0     0.0     0.0     0.0     0.0     0.0     0.0     0.0     0.0     0.0     0.0     0.0     0.0     0.0     0.0     0.0     0.0     0.0     0.0     0.0     0.0     0.0     0.0     0.0     0.0     0.0     0.0     0.0     0.0     0.0     0.0     0.0     0.0     0.0     0.0     0.0     0.0     0.0     0.0     
   10.0    0.301   0.498   1.209   1.538   2.244   2.779   1.823   1.693   1.774   1.255   2.804   3.414   3.848   4.021   3.286   3.484   4.055   2.816   3.101   3.969   3.947   4.089   4.490   3.870   3.549   3.091   3.568   3.251   2.831   2.839   2.699   4.493   4.946   3.961   3.328   2.347   7.193   6.343   5.680   6.041   5.191   4.645   5.284   4.321   3.236   5.744   5.383   4.774   5.032   5.401   5.963   5.830   5.314   4.128   6.930   6.690   6.557   6.695   6.378   5.636   6.226   6.259   6.249   6.298   5.751   3.988   4.285   4.825   4.886   4.859   5.307   4.920   4.277   4.401   4.198   3.725   3.694   4.077   4.465   4.360   4.867   5.762   5.610   6.971   6.348   6.621   7.385   7.426   7.835   6.989   6.310   4.936   
   11.0    0.316   0.523   1.268   1.613   2.354   2.914   1.912   1.776   1.861   1.317   2.940   3.580   4.036   4.217   3.447   3.655   4.253   2.953   3.252   4.163   4.139   4.289   4.709   4.059   3.723   3.242   3.742   3.410   2.969   2.978   2.831   4.713   5.187   4.155   3.491   2.462   7.545   6.652   5.957   6.336   5.445   4.872   5.542   4.532   3.394   6.024   5.645   5.007   5.278   5.665   6.255   6.114   5.573   4.329   7.269   7.016   6.877   7.022   6.689   5.911   6.530   6.564   6.554   6.606   6.032   4.182   4.494   5.060   5.125   5.096   5.566   5.160   4.486   4.616   4.403   3.907   3.874   4.275   4.683   4.573   5.104   6.044   5.884   7.311   6.658   6.944   7.746   7.788   8.218   7.330   6.618   5.177   
   12.0    0.329   0.546   1.324   1.685   2.458   3.044   1.997   1.855   1.944   1.375   3.071   3.740   4.215   4.405   3.600   3.817   4.442   3.085   3.397   4.348   4.323   4.480   4.919   4.239   3.888   3.386   3.909   3.561   3.101   3.110   2.956   4.922   5.418   4.339   3.646   2.571   7.880   6.948   6.222   6.617   5.687   5.089   5.788   4.733   3.545   6.292   5.896   5.230   5.513   5.917   6.533   6.386   5.821   4.522   7.592   7.328   7.182   7.334   6.986   6.174   6.820   6.856   6.846   6.899   6.300   4.368   4.693   5.285   5.353   5.323   5.814   5.389   4.686   4.821   4.599   4.081   4.046   4.466   4.891   4.776   5.331   6.312   6.146   7.636   6.954   7.253   8.090   8.134   8.583   7.656   6.912   5.408   
   13.0    0.343   0.568   1.378   1.754   2.559   3.168   2.078   1.930   2.023   1.431   3.197   3.892   4.387   4.585   3.747   3.973   4.623   3.211   3.536   4.526   4.500   4.662   5.120   4.412   4.047   3.524   4.068   3.707   3.228   3.237   3.077   5.123   5.639   4.517   3.795   2.676   8.202   7.232   6.476   6.888   5.919   5.297   6.025   4.927   3.690   6.549   6.137   5.443   5.738   6.158   6.799   6.647   6.058   4.707   7.902   7.628   7.476   7.633   7.272   6.426   7.099   7.136   7.125   7.181   6.557   4.546   4.885   5.501   5.571   5.540   6.051   5.609   4.877   5.018   4.786   4.247   4.211   4.648   5.091   4.971   5.549   6.570   6.397   7.948   7.238   7.549   8.420   8.467   8.934   7.969   7.194   5.628   
   14.0    0.356   0.590   1.430   1.820   2.655   3.288   2.157   2.003   2.099   1.485   3.317   4.039   4.553   4.758   3.889   4.123   4.798   3.332   3.669   4.697   4.670   4.838   5.313   4.579   4.200   3.657   4.222   3.847   3.350   3.359   3.193   5.317   5.852   4.687   3.938   2.777   8.511   7.505   6.720   7.148   6.143   5.496   6.252   5.113   3.829   6.796   6.369   5.649   5.954   6.391   7.056   6.898   6.287   4.884   8.200   7.916   7.758   7.922   7.546   6.668   7.367   7.406   7.394   7.452   6.805   4.718   5.070   5.709   5.781   5.749   6.280   5.821   5.061   5.207   4.967   4.408   4.370   4.823   5.283   5.159   5.758   6.818   6.638   8.248   7.511   7.834   8.738   8.786   9.271   8.270   7.466   5.841   
   15.0    0.368   0.611   1.480   1.884   2.748   3.403   2.232   2.074   2.173   1.538   3.434   4.181   4.713   4.925   4.025   4.268   4.966   3.449   3.798   4.862   4.834   5.008   5.499   4.739   4.347   3.786   4.370   3.982   3.467   3.477   3.305   5.503   6.057   4.852   4.077   2.874   8.810   7.768   6.956   7.399   6.358   5.689   6.472   5.292   3.964   7.034   6.592   5.847   6.163   6.615   7.304   7.140   6.508   5.056   8.488   8.194   8.030   8.200   7.811   6.902   7.625   7.666   7.654   7.714   7.043   4.884   5.247   5.909   5.984   5.951   6.500   6.025   5.239   5.390   5.141   4.562   4.524   4.993   5.469   5.340   5.960   7.057   6.871   8.538   7.775   8.109   9.045   9.095   9.596   8.560   7.728   6.046   
   16.0    0.380   0.631   1.529   1.945   2.839   3.515   2.305   2.142   2.244   1.588   3.546   4.318   4.867   5.086   4.157   4.408   5.129   3.562   3.922   5.021   4.992   5.173   5.680   4.895   4.490   3.910   4.513   4.112   3.581   3.591   3.414   5.684   6.256   5.011   4.210   2.969   9.099   8.023   7.184   7.641   6.567   5.876   6.684   5.466   4.094   7.265   6.809   6.039   6.365   6.832   7.543   7.374   6.721   5.222   8.766   8.462   8.293   8.469   8.067   7.129   7.875   7.917   7.905   7.967   7.274   5.044   5.420   6.103   6.181   6.146   6.713   6.223   5.411   5.567   5.310   4.712   4.672   5.156   5.648   5.515   6.156   7.289   7.097   8.818   8.030   8.375   9.342   9.393   9.911   8.841   7.981   6.244   
   17.0    0.392   0.650   1.576   2.005   2.926   3.623   2.376   2.208   2.313   1.637   3.655   4.451   5.017   5.243   4.285   4.543   5.287   3.672   4.043   5.175   5.146   5.332   5.855   5.046   4.628   4.030   4.652   4.239   3.691   3.702   3.519   5.859   6.448   5.165   4.340   3.060   9.379   8.270   7.405   7.876   6.769   6.057   6.890   5.634   4.220   7.489   7.018   6.225   6.561   7.042   7.775   7.601   6.928   5.382   9.036   8.723   8.549   8.729   8.315   7.348   8.118   8.161   8.148   8.212   7.498   5.199   5.586   6.291   6.371   6.335   6.920   6.414   5.577   5.738   5.473   4.857   4.816   5.315   5.822   5.685   6.345   7.513   7.315   9.089   8.277   8.632   9.629   9.682   10.22   9.113   8.227   6.436   
   18.0    0.404   0.669   1.622   2.063   3.011   3.728   2.445   2.272   2.381   1.684   3.761   4.580   5.163   5.395   4.409   4.675   5.440   3.778   4.160   5.326   5.295   5.486   6.024   5.192   4.762   4.147   4.787   4.362   3.798   3.809   3.621   6.028   6.635   5.315   4.466   3.149   9.651   8.510   7.620   8.105   6.965   6.232   7.089   5.797   4.342   7.706   7.222   6.405   6.751   7.247   8.001   7.821   7.129   5.538   9.298   8.976   8.797   8.982   8.556   7.561   8.353   8.397   8.384   8.450   7.716   5.350   5.748   6.473   6.556   6.519   7.120   6.600   5.739   5.904   5.632   4.998   4.956   5.469   5.991   5.850   6.529   7.731   7.527   9.353   8.517   8.883   9.908   9.963   10.51   9.377   8.465   6.623   
   20.0    0.425   0.705   1.709   2.175   3.174   3.930   2.578   2.394   2.509   1.775   3.965   4.828   5.442   5.687   4.648   4.928   5.734   3.982   4.385   5.614   5.582   5.783   6.350   5.473   5.020   4.371   5.046   4.597   4.004   4.015   3.817   6.354   6.994   5.602   4.707   3.319   10.17   8.970   8.032   8.543   7.342   6.570   7.473   6.111   4.577   8.123   7.612   6.752   7.117   7.638   8.434   8.245   7.515   5.838   9.801   9.461   9.272   9.468   9.019   7.970   8.805   8.851   8.838   8.907   8.133   5.639   6.059   6.824   6.910   6.871   7.506   6.957   6.049   6.224   5.937   5.268   5.224   5.765   6.315   6.166   6.882   8.149   7.934   9.859   8.978   9.363   10.44   10.50   11.08   9.884   8.923   6.981   
   22.0    0.451   0.748   1.813   2.307   3.366   4.168   2.734   2.540   2.661   1.883   4.205   5.121   5.772   6.032   4.930   5.227   6.082   4.224   4.651   5.954   5.920   6.134   6.735   5.805   5.324   4.636   5.352   4.876   4.247   4.259   4.048   6.740   7.418   5.942   4.993   3.521   10.79   9.514   8.520   9.061   7.787   6.968   7.926   6.482   4.855   8.615   8.074   7.161   7.548   8.102   8.945   8.745   7.970   6.192   10.40   10.03   9.835   10.04   9.566   8.454   9.339   9.388   9.374   9.447   8.626   5.981   6.427   7.237   7.329   7.288   7.961   7.380   6.416   6.601   6.297   5.588   5.540   6.115   6.698   6.540   7.300   8.644   8.416   10.46   9.522   9.931   11.08   11.14   11.75   10.48   9.464   7.405   
   25.0    0.476   0.788   1.911   2.432   3.548   4.394   2.882   2.677   2.805   1.985   4.433   5.398   6.084   6.358   5.196   5.509   6.411   4.452   4.903   6.276   6.240   6.466   7.100   6.119   5.612   4.887   5.642   5.140   4.476   4.489   4.267   7.104   7.820   6.263   5.263   3.711   11.37   10.03   8.980   9.551   8.208   7.345   8.355   6.832   5.117   9.081   8.511   7.549   7.957   8.540   9.429   9.218   8.402   6.527   10.96   10.58   10.37   10.59   10.08   8.911   9.844   9.896   9.881   9.958   9.093   6.305   6.774   7.629   7.726   7.682   8.392   7.779   6.763   6.958   6.638   5.890   5.840   6.446   7.060   6.894   7.695   9.111   8.871   11.02   10.04   10.47   11.68   11.74   12.39   11.05   9.976   7.805   
   27.0    0.499   0.827   2.004   2.550   3.721   4.608   3.022   2.808   2.942   2.082   4.649   5.661   6.381   6.668   5.450   5.778   6.724   4.670   5.142   6.583   6.545   6.781   7.446   6.417   5.886   5.126   5.917   5.391   4.695   4.708   4.475   7.451   8.201   6.569   5.520   3.892   11.93   10.52   9.419   10.02   8.609   7.703   8.763   7.166   5.367   9.525   8.926   7.917   8.345   8.957   9.889   9.668   8.812   6.845   11.49   11.09   10.87   11.10   10.58   9.346   10.32   10.38   10.36   10.44   9.537   6.613   7.105   8.001   8.103   8.057   8.801   8.158   7.093   7.298   6.962   6.178   6.125   6.760   7.405   7.230   8.070   9.556   9.304   11.56   10.53   10.98   12.25   12.31   12.99   11.59   10.46   8.186   
   30.0    0.521   0.863   2.093   2.664   3.887   4.813   3.157   2.933   3.073   2.174   4.856   5.913   6.665   6.965   5.692   6.035   7.023   4.877   5.371   6.875   6.836   7.083   7.777   6.703   6.148   5.354   6.180   5.631   4.904   4.918   4.674   7.783   8.566   6.861   5.765   4.065   12.46   10.99   9.838   10.46   8.992   8.046   9.152   7.484   5.606   9.948   9.323   8.269   8.716   9.355   10.33   10.10   9.203   7.150   12.00   11.59   11.36   11.60   11.05   9.761   10.78   10.84   10.82   10.91   9.961   6.907   7.421   8.357   8.463   8.416   9.192   8.521   7.409   7.622   7.271   6.452   6.398   7.061   7.734   7.552   8.429   9.981   9.718   12.07   11.00   11.47   12.79   12.86   13.57   12.11   10.93   8.550   
   32.0    0.542   0.899   2.179   2.773   4.046   5.009   3.286   3.052   3.199   2.263   5.054   6.154   6.937   7.249   5.925   6.282   7.310   5.076   5.590   7.156   7.115   7.372   8.095   6.976   6.399   5.572   6.433   5.861   5.104   5.119   4.865   8.100   8.916   7.141   6.000   4.231   12.97   11.43   10.24   10.89   9.359   8.375   9.526   7.790   5.834   10.35   9.704   8.607   9.072   9.737   10.75   10.51   9.579   7.442   12.49   12.06   11.82   12.07   11.50   10.16   11.22   11.28   11.27   11.35   10.37   7.189   7.724   8.698   8.809   8.759   9.568   8.869   7.711   7.934   7.568   6.716   6.659   7.349   8.050   7.860   8.773   10.39   10.11   12.57   11.44   11.94   13.31   13.39   14.13   12.60   11.37   8.899   
   35.0    0.563   0.932   2.261   2.877   4.198   5.199   3.410   3.168   3.319   2.349   5.245   6.387   7.199   7.523   6.148   6.519   7.586   5.268   5.801   7.426   7.384   7.650   8.400   7.240   6.640   5.783   6.676   6.082   5.296   5.312   5.049   8.406   9.252   7.411   6.227   4.391   13.46   11.87   10.63   11.30   9.712   8.691   9.886   8.084   6.055   10.75   10.07   8.932   9.414   10.10   11.16   10.91   9.941   7.723   12.97   12.52   12.27   12.53   11.93   10.54   11.65   11.71   11.69   11.78   10.76   7.460   8.016   9.027   9.141   9.090   9.929   9.204   8.002   8.233   7.854   6.969   6.910   7.626   8.354   8.157   9.105   10.78   10.50   13.04   11.88   12.39   13.82   13.89   14.66   13.08   11.80   9.235   
   37.0    0.582   0.965   2.340   2.978   4.346   5.381   3.529   3.279   3.436   2.431   5.429   6.611   7.452   7.787   6.364   6.748   7.852   5.453   6.005   7.687   7.643   7.919   8.695   7.494   6.873   5.986   6.910   6.295   5.482   5.498   5.226   8.701   9.577   7.671   6.446   4.545   13.93   12.28   11.00   11.70   10.05   8.996   10.23   8.368   6.267   11.12   10.42   9.245   9.745   10.46   11.55   11.29   10.29   7.994   13.42   12.96   12.70   12.96   12.35   10.91   12.06   12.12   12.10   12.20   11.14   7.722   8.297   9.343   9.462   9.409   10.28   9.527   8.283   8.522   8.129   7.214   7.153   7.894   8.647   8.443   9.424   11.16   10.86   13.50   12.29   12.82   14.30   14.38   15.17   13.53   12.22   9.559   
   40.0    0.602   0.997   2.417   3.076   4.488   5.558   3.645   3.386   3.549   2.511   5.607   6.827   7.696   8.042   6.573   6.969   8.109   5.632   6.202   7.939   7.894   8.179   8.980   7.739   7.099   6.182   7.136   6.502   5.662   5.679   5.398   8.987   9.891   7.923   6.657   4.694   14.39   12.69   11.36   12.08   10.38   9.291   10.57   8.642   6.473   11.49   10.77   9.548   10.06   10.80   11.93   11.66   10.63   8.256   13.86   13.38   13.11   13.39   12.76   11.27   12.45   12.52   12.50   12.60   11.50   7.975   8.569   9.650   9.772   9.718   10.61   9.839   8.555   8.801   8.396   7.450   7.387   8.153   8.930   8.720   9.733   11.52   11.22   13.94   12.70   13.24   14.77   14.85   15.67   13.98   12.62   9.873   
   45.0    0.638   1.057   2.564   3.262   4.760   5.895   3.866   3.592   3.764   2.663   5.947   7.242   8.163   8.530   6.972   7.392   8.601   5.973   6.578   8.420   8.372   8.675   9.525   8.209   7.530   6.557   7.569   6.896   6.006   6.023   5.725   9.532   10.49   8.403   7.061   4.979   15.26   13.46   12.05   12.81   11.01   9.854   11.21   9.166   6.865   12.18   11.42   10.13   10.67   11.46   12.65   12.37   11.27   8.757   14.70   14.19   13.91   14.20   13.53   11.96   13.21   13.28   13.26   13.36   12.20   8.459   9.089   10.24   10.37   10.31   11.26   10.44   9.074   9.335   8.905   7.902   7.835   8.648   9.472   9.249   10.32   12.22   11.90   14.79   13.47   14.04   15.67   15.75   16.62   14.83   13.38   10.47   
   50.0    0.673   1.115   2.703   3.439   5.018   6.214   4.075   3.786   3.968   2.807   6.269   7.633   8.605   8.992   7.349   7.792   9.067   6.297   6.934   8.876   8.825   9.144   10.04   8.653   7.937   6.912   7.979   7.269   6.330   6.349   6.035   10.05   11.06   8.858   7.443   5.248   16.09   14.18   12.70   13.51   11.61   10.39   11.82   9.662   7.237   12.84   12.04   10.68   11.25   12.08   13.33   13.04   11.88   9.230   15.50   14.96   14.66   14.97   14.26   12.60   13.92   14.00   13.97   14.08   12.86   8.916   9.581   10.79   10.93   10.86   11.87   11.00   9.565   9.840   9.387   8.330   8.259   9.115   9.984   9.749   10.88   12.89   12.55   15.59   14.20   14.80   16.51   16.60   17.52   15.63   14.11   11.04   
   55.0    0.706   1.169   2.834   3.607   5.263   6.517   4.274   3.971   4.161   2.944   6.575   8.006   9.025   9.431   7.707   8.172   9.509   6.604   7.272   9.309   9.256   9.590   10.53   9.075   8.324   7.249   8.368   7.624   6.639   6.659   6.329   10.54   11.60   9.290   7.806   5.504   16.87   14.88   13.32   14.17   12.18   10.89   12.39   10.13   7.590   13.47   12.62   11.20   11.80   12.67   13.99   13.67   12.46   9.681   16.25   15.69   15.38   15.70   14.96   13.22   14.60   14.68   14.66   14.77   13.49   9.352   10.05   11.32   11.46   11.39   12.45   11.54   10.03   10.32   9.845   8.736   8.662   9.560   10.47   10.23   11.41   13.51   13.16   16.35   14.89   15.53   17.32   17.41   18.38   16.39   14.80   11.58   
   60.0    0.737   1.221   2.960   3.767   5.497   6.807   4.464   4.147   4.346   3.075   6.867   8.362   9.426   9.850   8.050   8.535   9.932   6.898   7.596   9.723   9.668   10.02   11.00   9.479   8.694   7.571   8.740   7.963   6.935   6.955   6.611   11.01   12.11   9.703   8.153   5.749   17.62   15.54   13.91   14.80   12.72   11.38   12.94   10.58   7.927   14.07   13.18   11.69   12.33   13.23   14.61   14.28   13.02   10.11   16.98   16.39   16.06   16.40   15.62   13.80   15.25   15.33   15.31   15.43   14.09   9.767   10.49   11.82   11.97   11.90   13.00   12.05   10.48   10.78   10.28   9.125   9.048   9.985   10.94   10.68   11.92   14.11   13.74   17.08   15.55   16.22   18.09   18.19   19.19   17.12   15.46   12.09   
   65.0    0.767   1.271   3.081   3.921   5.721   7.084   4.647   4.317   4.524   3.201   7.148   8.703   9.811   10.25   8.379   8.884   10.34   7.179   7.906   10.12   10.06   10.43   11.45   9.866   9.049   7.880   9.097   8.288   7.218   7.239   6.881   11.46   12.61   10.10   8.486   5.984   18.34   16.17   14.48   15.40   13.24   11.84   13.47   11.02   8.251   14.64   13.72   12.17   12.83   13.77   15.20   14.86   13.55   10.52   17.67   17.06   16.72   17.07   16.26   14.37   15.87   15.96   15.93   16.06   14.66   10.17   10.92   12.30   12.46   12.39   13.53   12.54   10.91   11.22   10.70   9.497   9.417   10.39   11.38   11.12   12.41   14.69   14.30   17.77   16.19   16.88   18.83   18.93   19.98   17.82   16.09   12.59   
   70.0    0.796   1.319   3.198   4.069   5.937   7.352   4.822   4.480   4.694   3.321   7.418   9.032   10.18   10.64   8.695   9.219   10.73   7.450   8.204   10.50   10.44   10.82   11.88   10.24   9.391   8.178   9.441   8.601   7.490   7.512   7.140   11.89   13.08   10.48   8.806   6.210   19.03   16.78   15.03   15.98   13.74   12.29   13.98   11.43   8.563   15.20   14.24   12.63   13.31   14.29   15.78   15.42   14.06   10.92   18.34   17.70   17.35   17.71   16.87   14.91   16.47   16.56   16.53   16.66   15.22   10.55   11.34   12.77   12.93   12.86   14.04   13.02   11.32   11.64   11.11   9.856   9.772   10.79   11.81   11.54   12.88   15.25   14.84   18.44   16.80   17.52   19.54   19.65   20.73   18.49   16.69   13.06   
   80.0    0.851   1.410   3.418   4.350   6.347   7.860   5.155   4.789   5.019   3.551   7.930   9.656   10.88   11.37   9.296   9.856   11.47   7.965   8.771   11.23   11.16   11.57   12.70   10.95   10.04   8.743   10.09   9.195   8.007   8.031   7.633   12.71   13.99   11.20   9.414   6.638   20.35   17.94   16.06   17.09   14.68   13.14   14.95   12.22   9.154   16.25   15.22   13.50   14.23   15.28   16.87   16.49   15.03   11.68   19.60   18.92   18.54   18.94   18.04   15.94   17.61   17.70   17.68   17.81   16.27   11.28   12.12   13.65   13.82   13.74   15.01   13.91   12.10   12.45   11.87   10.54   10.45   11.53   12.63   12.33   13.76   16.30   15.87   19.72   17.96   18.73   20.89   21.00   22.16   19.77   17.85   13.96   
   90.0    0.902   1.495   3.626   4.614   6.732   8.336   5.468   5.079   5.323   3.766   8.411   10.24   11.54   12.06   9.859   10.45   12.16   8.448   9.303   11.91   11.84   12.27   13.47   11.61   10.65   9.273   10.70   9.753   8.493   8.518   8.096   13.48   14.84   11.88   9.985   7.041   21.58   19.03   17.04   18.12   15.57   13.94   15.85   12.96   9.709   17.23   16.15   14.32   15.10   16.20   17.89   17.49   15.94   12.38   20.79   20.07   19.67   20.08   19.13   16.91   18.68   18.78   18.75   18.89   17.25   11.96   12.85   14.47   14.66   14.58   15.92   14.76   12.83   13.20   12.59   11.18   11.08   12.23   13.40   13.08   14.60   17.29   16.83   20.91   19.04   19.86   22.16   22.28   23.51   20.97   18.93   14.81   
   100.    0.951   1.576   3.822   4.863   7.096   8.787   5.764   5.354   5.611   3.970   8.866   10.80   12.17   12.72   10.39   11.02   12.82   8.905   9.806   12.55   12.48   12.93   14.20   12.24   11.22   9.774   11.28   10.28   8.953   8.979   8.534   14.21   15.64   12.53   10.53   7.422   22.75   20.06   17.96   19.10   16.42   14.69   16.71   13.66   10.23   18.16   17.02   15.10   15.91   17.08   18.86   18.44   16.80   13.05   21.92   21.16   20.73   21.17   20.17   17.82   19.69   19.79   19.76   19.92   18.19   12.61   13.55   15.26   15.45   15.36   16.78   15.56   13.53   13.92   13.28   11.78   11.68   12.89   14.12   13.79   15.39   18.22   17.74   22.04   20.08   20.94   23.35   23.48   24.78   22.10   19.95   15.61   
   110.    0.998   1.653   4.009   5.101   7.443   9.216   6.045   5.616   5.885   4.164   9.299   11.32   12.76   13.34   10.90   11.56   13.45   9.339   10.28   13.17   13.09   13.56   14.89   12.83   11.77   10.25   11.83   10.78   9.390   9.417   8.951   14.90   16.40   13.14   11.04   7.784   23.86   21.04   18.84   20.04   17.22   15.41   17.53   14.33   10.73   19.05   17.85   15.83   16.69   17.91   19.78   19.34   17.62   13.69   22.99   22.19   21.75   22.20   21.15   18.69   20.65   20.76   20.73   20.89   19.07   13.23   14.21   16.00   16.21   16.11   17.60   16.32   14.19   14.60   13.92   12.36   12.25   13.52   14.81   14.46   16.14   19.11   18.61   23.12   21.05   21.96   24.49   24.63   25.99   23.18   20.93   16.37   
   120.    1.042   1.727   4.187   5.328   7.774   9.626   6.314   5.865   6.146   4.349   9.712   11.83   13.33   13.93   11.38   12.07   14.05   9.755   10.74   13.75   13.67   14.17   15.55   13.41   12.30   10.71   12.36   11.26   9.807   9.836   9.349   15.57   17.13   13.72   11.53   8.130   24.92   21.97   19.68   20.93   17.98   16.09   18.30   14.97   11.21   19.90   18.65   16.54   17.43   18.71   20.66   20.19   18.41   14.30   24.01   23.17   22.71   23.19   22.09   19.52   21.57   21.68   21.65   21.82   19.92   13.81   14.84   16.71   16.93   16.83   18.38   17.04   14.82   15.24   14.54   12.90   12.80   14.12   15.47   15.10   16.86   19.96   19.44   24.15   21.99   22.93   25.58   25.72   27.14   24.21   21.86   17.10   
   130.    1.085   1.797   4.358   5.545   8.091   10.02   6.572   6.105   6.397   4.526   10.11   12.31   13.87   14.50   11.85   12.56   14.62   10.15   11.18   14.31   14.23   14.74   16.19   13.95   12.80   11.14   12.87   11.72   10.21   10.24   9.731   16.20   17.83   14.28   12.00   8.462   25.94   22.87   20.48   21.78   18.72   16.75   19.05   15.58   11.67   20.71   19.41   17.21   18.14   19.47   21.50   21.02   19.16   14.88   24.99   24.12   23.64   24.14   22.99   20.32   22.45   22.57   22.53   22.71   20.74   14.38   15.45   17.40   17.62   17.52   19.14   17.74   15.42   15.87   15.14   13.43   13.32   14.70   16.10   15.72   17.55   20.78   20.23   25.13   22.89   23.87   26.63   26.77   28.25   25.20   22.75   17.80   
   140.    1.126   1.865   4.522   5.754   8.397   10.40   6.820   6.335   6.639   4.697   10.49   12.77   14.40   15.05   12.30   13.04   15.17   10.54   11.60   14.85   14.77   15.30   16.80   14.48   13.28   11.57   13.35   12.16   10.59   10.62   10.10   16.81   18.50   14.82   12.45   8.782   26.92   23.73   21.25   22.60   19.42   17.38   19.77   16.17   12.11   21.49   20.14   17.86   18.83   20.21   22.31   21.81   19.88   15.45   25.93   25.03   24.53   25.05   23.86   21.09   23.30   23.42   23.38   23.57   21.52   14.92   16.03   18.05   18.28   18.18   19.86   18.41   16.00   16.47   15.71   13.94   13.82   15.25   16.71   16.31   18.21   21.56   20.99   26.08   23.75   24.77   27.63   27.78   29.32   26.15   23.61   18.47   
   150.    1.165   1.931   4.681   5.956   8.691   10.76   7.059   6.558   6.872   4.862   10.86   13.22   14.90   15.57   12.73   13.50   15.70   10.91   12.01   15.37   15.29   15.84   17.39   14.99   13.75   11.97   13.82   12.59   10.96   11.00   10.45   17.40   19.15   15.34   12.89   9.090   27.86   24.57   22.00   23.40   20.11   17.99   20.47   16.74   12.53   22.24   20.85   18.49   19.49   20.92   23.10   22.58   20.58   15.99   26.84   25.91   25.39   25.93   24.70   21.83   24.11   24.24   24.20   24.39   22.27   15.44   16.59   18.69   18.92   18.82   20.55   19.05   16.57   17.04   16.26   14.43   14.31   15.79   17.29   16.89   18.85   22.32   21.73   27.00   24.59   25.64   28.60   28.76   30.35   27.07   24.44   19.12   
   160.    1.203   1.994   4.834   6.152   8.976   11.12   7.290   6.773   7.097   5.022   11.21   13.65   15.39   16.08   13.15   13.94   16.22   11.26   12.40   15.88   15.79   16.36   17.96   15.48   14.20   12.36   14.27   13.00   11.32   11.36   10.80   17.97   19.78   15.85   13.31   9.388   28.77   25.37   22.72   24.16   20.77   18.58   21.14   17.28   12.95   22.97   21.53   19.10   20.13   21.60   23.85   23.32   21.25   16.51   27.72   26.76   26.23   26.78   25.51   22.54   24.90   25.04   25.00   25.19   23.00   15.95   17.14   19.30   19.54   19.44   21.23   19.68   17.11   17.60   16.79   14.90   14.77   16.31   17.86   17.44   19.47   23.05   22.44   27.88   25.39   26.48   29.54   29.70   31.34   27.96   25.24   19.75   
   170.    1.240   2.055   4.983   6.341   9.253   11.46   7.515   6.981   7.316   5.176   11.56   14.08   15.87   16.58   13.55   14.37   16.72   11.61   12.79   16.37   16.27   16.86   18.51   15.96   14.63   12.74   14.71   13.40   11.67   11.71   11.13   18.53   20.39   16.33   13.72   9.677   29.66   26.15   23.42   24.91   21.40   19.15   21.79   17.82   13.34   23.68   22.19   19.68   20.75   22.27   24.59   24.04   21.91   17.02   28.57   27.58   27.03   27.60   26.30   23.24   25.67   25.81   25.77   25.97   23.71   16.44   17.67   19.89   20.15   20.03   21.88   20.28   17.64   18.14   17.31   15.36   15.23   16.81   18.41   17.98   20.07   23.76   23.13   28.74   26.17   27.30   30.45   30.62   32.31   28.82   26.01   20.35   
   180.    1.276   2.115   5.128   6.525   9.521   11.79   7.733   7.183   7.528   5.326   11.89   14.48   16.33   17.06   13.94   14.78   17.20   11.95   13.16   16.84   16.74   17.35   19.05   16.42   15.06   13.11   15.14   13.79   12.01   12.05   11.45   19.06   20.98   16.81   14.12   9.958   30.52   26.91   24.10   25.63   22.03   19.71   22.42   18.33   13.73   24.37   22.84   20.26   21.35   22.92   25.30   24.73   22.54   17.51   29.40   28.38   27.82   28.40   27.06   23.91   26.41   26.55   26.51   26.72   24.40   16.92   18.18   20.47   20.73   20.61   22.52   20.87   18.15   18.67   17.81   15.80   15.67   17.30   18.94   18.50   20.65   24.45   23.80   29.58   26.93   28.09   31.33   31.50   33.24   29.65   26.77   20.94   
   200.    1.345   2.229   5.405   6.878   10.04   12.43   8.151   7.572   7.935   5.614   12.54   15.27   17.21   17.98   14.70   15.58   18.13   12.59   13.87   17.75   17.65   18.29   20.08   17.31   15.87   13.82   15.96   14.54   12.66   12.70   12.07   20.09   22.12   17.72   14.89   10.50   32.17   28.37   25.40   27.02   23.22   20.77   23.63   19.32   14.47   25.69   24.07   21.35   22.50   24.16   26.67   26.07   23.76   18.46   30.99   29.92   29.32   29.94   28.52   25.20   27.84   27.99   27.95   28.17   25.72   17.83   19.16   21.58   21.85   21.73   23.73   22.00   19.13   19.68   18.77   16.66   16.52   18.23   19.97   19.50   21.76   25.77   25.09   31.18   28.39   29.61   33.03   33.21   35.04   31.26   28.22   22.08   
   225.    1.427   2.364   5.733   7.295   10.64   13.18   8.645   8.031   8.416   5.955   13.30   16.19   18.25   19.07   15.59   16.53   19.23   13.36   14.71   18.83   18.72   19.40   21.30   18.36   16.84   14.66   16.93   15.42   13.43   13.47   12.80   21.31   23.46   18.79   15.79   11.13   34.12   30.09   26.94   28.65   24.63   22.03   25.06   20.50   15.35   27.24   25.53   22.65   23.87   25.62   28.29   27.65   25.20   19.58   32.87   31.73   31.10   31.76   30.25   26.73   29.53   29.69   29.64   29.87   27.28   18.91   20.32   22.89   23.18   23.05   25.17   23.34   20.29   20.87   19.91   17.67   17.52   19.34   21.18   20.68   23.08   27.33   26.61   33.07   30.11   31.40   35.03   35.22   37.17   33.15   29.93   23.42   
   250.    1.504   2.492   6.043   7.690   11.22   13.89   9.113   8.466   8.872   6.277   14.02   17.07   19.24   20.11   16.43   17.42   20.27   14.08   15.50   19.85   19.73   20.45   22.45   19.35   17.75   15.45   17.84   16.25   14.16   14.20   13.49   22.47   24.73   19.81   16.64   11.74   35.97   31.71   28.40   30.20   25.96   23.23   26.42   21.61   16.18   28.72   26.91   23.87   25.16   27.01   29.82   29.15   26.57   20.64   34.65   33.45   32.78   33.47   31.89   28.18   31.13   31.29   31.25   31.49   28.75   19.94   21.42   24.12   24.43   24.29   26.54   24.60   21.39   22.00   20.99   18.63   18.47   20.38   22.33   21.80   24.33   28.81   28.05   34.86   31.74   33.10   36.93   37.13   39.18   34.95   31.55   24.68   
   275.    1.578   2.614   6.338   8.065   11.77   14.57   9.558   8.879   9.305   6.583   14.70   17.90   20.18   21.09   17.23   18.27   21.26   14.77   16.26   20.82   20.70   21.44   23.55   20.29   18.61   16.21   18.71   17.05   14.85   14.89   14.15   23.56   25.93   20.77   17.45   12.31   37.72   33.26   29.78   31.68   27.22   24.36   27.71   22.66   16.97   30.12   28.23   25.04   26.39   28.32   31.27   30.57   27.87   21.65   36.34   35.08   34.38   35.11   33.44   29.55   32.65   32.82   32.77   33.03   30.16   20.91   22.47   25.30   25.62   25.48   27.83   25.80   22.43   23.08   22.01   19.54   19.37   21.38   23.42   22.86   25.52   30.22   29.42   36.56   33.29   34.72   38.73   38.94   41.09   36.65   33.09   25.89   
   300.    1.648   2.730   6.620   8.424   12.29   15.22   9.983   9.274   9.718   6.876   15.36   18.70   21.08   22.02   18.00   19.09   22.21   15.42   16.98   21.74   21.62   22.40   24.59   21.20   19.44   16.93   19.54   17.81   15.51   15.55   14.78   24.61   27.09   21.70   18.23   12.86   39.40   34.74   31.11   33.09   28.43   25.44   28.94   23.67   17.73   31.46   29.48   26.15   27.56   29.58   32.66   31.93   29.10   22.61   37.96   36.64   35.91   36.67   34.93   30.87   34.10   34.28   34.23   34.50   31.50   21.84   23.47   26.43   26.76   26.61   29.07   26.95   23.43   24.10   22.99   20.40   20.23   22.33   24.46   23.88   26.66   31.56   30.73   38.18   34.77   36.26   40.45   40.67   42.92   38.28   34.56   27.04   
   325.    1.715   2.842   6.890   8.768   12.79   15.84   10.39   9.653   10.12   7.157   15.98   19.46   21.94   22.92   18.74   19.86   23.12   16.05   17.68   22.63   22.50   23.31   25.60   22.06   20.24   17.62   20.34   18.53   16.14   16.19   15.39   25.62   28.19   22.58   18.98   13.38   41.01   36.16   32.38   34.44   29.60   26.48   30.12   24.63   18.45   32.74   30.69   27.22   28.69   30.79   34.00   33.23   30.29   23.53   39.51   38.14   37.38   38.17   36.36   32.13   35.49   35.68   35.63   35.90   32.79   22.73   24.43   27.51   27.86   27.70   30.26   28.05   24.39   25.09   23.93   21.24   21.06   23.24   25.46   24.86   27.74   32.85   31.98   39.74   36.19   37.74   42.10   42.33   44.67   39.84   35.97   28.14   
   350.    1.780   2.949   7.150   9.099   13.28   16.44   10.78   10.02   10.50   7.427   16.59   20.20   22.77   23.79   19.44   20.61   23.99   16.66   18.35   23.48   23.35   24.19   26.56   22.89   21.00   18.29   21.11   19.23   16.75   16.80   15.97   26.58   29.26   23.44   19.69   13.89   42.56   37.52   33.60   35.74   30.71   27.48   31.26   25.56   19.15   33.98   31.84   28.24   29.77   31.95   35.28   34.49   31.44   24.42   41.00   39.58   38.79   39.61   37.73   33.34   36.83   37.03   36.97   37.26   34.02   23.59   25.35   28.54   28.91   28.75   31.40   29.11   25.31   26.04   24.84   22.04   21.85   24.12   26.42   25.79   28.79   34.09   33.19   41.24   37.56   39.17   43.69   43.93   46.36   41.35   37.33   29.20   
   375.    1.842   3.052   7.401   9.418   13.74   17.02   11.16   10.37   10.87   7.688   17.17   20.90   23.56   24.62   20.13   21.34   24.83   17.24   18.99   24.31   24.17   25.04   27.50   23.70   21.74   18.93   21.85   19.91   17.34   17.39   16.53   27.52   30.29   24.26   20.38   14.37   44.05   38.84   34.78   36.99   31.79   28.45   32.36   26.46   19.82   35.17   32.96   29.24   30.82   33.08   36.52   35.70   32.54   25.28   42.44   40.97   40.15   41.00   39.05   34.51   38.13   38.33   38.27   38.57   35.22   24.42   26.24   29.55   29.92   29.75   32.50   30.13   26.19   26.95   25.71   22.81   22.62   24.96   27.34   26.70   29.80   35.29   34.36   42.69   38.88   40.54   45.22   45.47   47.98   42.80   38.64   30.23   
   400.    1.903   3.153   7.644   9.727   14.19   17.57   11.53   10.71   11.22   7.940   17.73   21.59   24.34   25.43   20.79   22.04   25.64   17.81   19.61   25.10   24.96   25.86   28.40   24.47   22.45   19.55   22.57   20.56   17.91   17.96   17.07   28.42   31.28   25.05   21.05   14.84   45.50   40.12   35.92   38.21   32.83   29.38   33.42   27.33   20.47   36.33   34.04   30.19   31.83   34.16   37.72   36.87   33.61   26.11   43.83   42.31   41.47   42.34   40.34   35.64   39.38   39.58   39.52   39.83   36.37   25.22   27.10   30.52   30.90   30.73   33.57   31.11   27.05   27.83   26.55   23.56   23.36   25.78   28.24   27.58   30.78   36.44   35.48   44.09   40.15   41.87   46.71   46.96   49.56   44.20   39.91   31.22   
   450.    2.018   3.344   8.108   10.32   15.05   18.64   12.23   11.36   11.90   8.421   18.81   22.90   25.81   26.97   22.05   23.37   27.20   18.89   20.80   26.63   26.48   27.43   30.12   25.96   23.81   20.73   23.94   21.81   18.99   19.05   18.10   30.14   33.18   26.57   22.33   15.74   48.26   42.55   38.10   40.52   34.83   31.16   35.45   28.99   21.71   38.53   36.11   32.03   33.76   36.23   40.00   39.11   35.65   27.69   46.49   44.88   43.98   44.91   42.78   37.81   41.77   41.99   41.92   42.25   38.58   26.75   28.74   32.37   32.78   32.59   35.60   33.00   28.69   29.52   28.16   24.99   24.78   27.35   29.95   29.25   32.65   38.66   37.64   46.76   42.59   44.41   49.54   49.81   52.56   46.88   42.33   33.11   
   500.    2.127   3.525   8.546   10.87   15.87   19.65   12.89   11.97   12.55   8.877   19.82   24.14   27.21   28.43   23.24   24.64   28.67   19.91   21.93   28.07   27.91   28.92   31.75   27.36   25.10   21.86   25.23   22.99   20.02   20.08   19.08   31.77   34.97   28.01   23.54   16.60   50.87   44.85   40.16   42.72   36.71   32.85   37.36   30.55   22.88   40.61   38.06   33.76   35.58   38.19   42.17   41.22   37.57   29.19   49.00   47.31   46.36   47.34   45.10   39.85   44.02   44.26   44.19   44.53   40.67   28.20   30.30   34.12   34.55   34.36   37.53   34.79   30.25   31.12   29.68   26.34   26.12   28.83   31.57   30.83   34.41   40.75   39.67   49.29   44.89   46.82   52.22   52.51   55.41   49.42   44.62   34.91   
   550.    2.231   3.697   8.963   11.41   16.64   20.61   13.52   12.56   13.16   9.310   20.79   25.32   28.54   29.82   24.37   25.84   30.07   20.88   23.00   29.44   29.27   30.33   33.30   28.70   26.32   22.92   26.46   24.11   21.00   21.06   20.01   33.32   36.68   29.38   24.68   17.41   53.35   47.04   42.12   44.80   38.50   34.45   39.19   32.05   24.00   42.60   39.92   35.41   37.32   40.06   44.23   43.23   39.41   30.61   51.40   49.61   48.62   49.65   47.30   41.80   46.17   46.42   46.34   46.71   42.65   29.57   31.78   35.78   36.24   36.03   39.36   36.49   31.72   32.64   31.13   27.63   27.39   30.23   33.11   32.33   36.09   42.74   41.61   51.70   47.08   49.10   54.77   55.07   58.11   51.83   46.79   36.61   
   600.    2.330   3.861   9.362   11.91   17.38   21.52   14.12   13.12   13.74   9.724   21.72   26.44   29.81   31.15   25.46   26.99   31.41   21.81   24.02   30.75   30.57   31.68   34.78   29.97   27.49   23.94   27.64   25.18   21.93   21.99   20.90   34.80   38.31   30.68   25.78   18.18   55.72   49.13   43.99   46.79   40.21   35.98   40.93   33.47   25.07   44.49   41.69   36.98   38.98   41.84   46.19   45.16   41.16   31.98   53.68   51.82   50.79   51.86   49.40   43.65   48.23   48.48   48.41   48.78   44.55   30.89   33.19   37.37   37.85   37.64   41.11   38.11   33.13   34.09   32.52   28.86   28.61   31.58   34.59   33.77   37.70   44.64   43.46   54.00   49.17   51.28   57.21   57.52   60.69   54.14   48.87   38.24   
   650.    2.425   4.019   9.744   12.40   18.09   22.40   14.69   13.65   14.31   10.12   22.60   27.52   31.02   32.42   26.50   28.09   32.69   22.70   25.00   32.00   31.82   32.97   36.20   31.20   28.62   24.92   28.77   26.21   22.82   22.89   21.76   36.23   39.87   31.94   26.84   18.92   58.00   51.14   45.79   48.70   41.85   37.45   42.60   34.84   26.09   46.31   43.40   38.49   40.57   43.55   48.08   47.00   42.84   33.28   55.87   53.94   52.86   53.98   51.42   45.44   50.20   50.46   50.38   50.78   46.37   32.15   34.54   38.90   39.39   39.17   42.79   39.66   34.49   35.48   33.84   30.03   29.78   32.87   36.00   35.15   39.24   46.46   45.23   56.20   51.18   53.38   59.54   59.87   63.17   56.35   50.87   39.80   
   700.    2.517   4.170   10.11   12.87   18.78   23.25   15.25   14.17   14.85   10.50   23.46   28.56   32.20   33.64   27.50   29.15   33.92   23.56   25.94   33.21   33.02   34.21   37.57   32.38   29.70   25.86   29.85   27.20   23.69   23.76   22.58   37.59   41.38   33.14   27.85   19.64   60.18   53.07   47.52   50.54   43.43   38.87   44.21   36.15   27.08   48.05   45.03   39.94   42.10   45.19   49.89   48.78   44.46   34.54   57.98   55.97   54.86   56.01   53.36   47.15   52.09   52.37   52.28   52.69   48.12   33.36   35.85   40.37   40.88   40.65   44.40   41.16   35.79   36.82   35.12   31.17   30.90   34.11   37.36   36.48   40.72   48.21   46.94   58.32   53.11   55.39   61.79   62.13   65.56   58.47   52.79   41.30   
   800.    2.691   4.458   10.81   13.76   20.07   24.85   16.30   15.14   15.87   11.23   25.08   30.53   34.42   35.97   29.40   31.17   36.27   25.19   27.74   35.50   35.30   36.58   40.16   34.61   31.75   27.65   31.92   29.08   25.32   25.40   24.14   40.19   44.23   35.43   29.77   20.99   64.34   56.73   50.80   54.03   46.43   41.55   47.26   38.65   28.95   51.37   48.14   42.70   45.01   48.31   53.34   52.14   47.53   36.92   61.99   59.84   58.64   59.88   57.04   50.41   55.69   55.98   55.89   56.33   51.44   35.67   38.32   43.16   43.70   43.46   47.47   44.00   38.26   39.36   37.55   33.32   33.04   36.46   39.94   39.00   43.53   51.54   50.18   62.35   56.78   59.22   66.05   66.42   70.08   62.51   56.43   44.15   
   900.    2.854   4.729   11.47   14.59   21.29   26.36   17.29   16.06   16.83   11.91   26.60   32.39   36.51   38.15   31.18   33.06   38.47   26.71   29.42   37.66   37.44   38.79   42.60   36.71   33.67   29.32   33.85   30.84   26.86   26.94   25.60   42.63   46.92   37.58   31.58   22.27   68.24   60.17   53.88   57.31   49.25   44.07   50.13   40.99   30.70   54.49   51.06   45.29   47.74   51.24   56.57   55.31   50.41   39.16   65.75   63.47   62.20   63.51   60.50   53.46   59.07   59.38   59.28   59.75   54.56   37.83   40.65   45.77   46.35   46.09   50.35   46.67   40.58   41.75   39.83   35.34   35.04   38.67   42.36   41.36   46.17   54.67   53.23   66.13   60.23   62.81   70.06   70.45   74.33   66.30   59.86   46.83   
   1.00e3  3.008   4.985   12.09   15.38   22.44   27.79   18.23   16.93   17.74   12.55   28.04   34.14   38.48   40.21   32.86   34.84   40.55   28.16   31.01   39.69   39.47   40.89   44.90   38.70   35.49   30.91   35.68   32.51   28.31   28.39   26.99   44.93   49.46   39.61   33.29   23.47   71.93   63.43   56.80   60.41   51.91   46.45   52.84   43.21   32.36   57.44   53.83   47.74   50.32   54.01   59.63   58.30   53.14   41.28   69.30   66.90   65.57   66.95   63.78   56.36   62.26   62.59   62.49   62.98   57.51   39.88   42.85   48.25   48.86   48.59   53.07   49.20   42.77   44.01   41.98   37.25   36.94   40.77   44.65   43.60   48.67   57.62   56.10   69.71   63.48   66.21   73.85   74.26   78.35   69.89   63.10   49.36   
   1.10e3  3.155   5.228   12.68   16.13   23.54   29.14   19.12   17.76   18.61   13.17   29.40   35.80   40.36   42.17   34.47   36.55   42.53   29.53   32.52   41.63   41.39   42.89   47.09   40.59   37.23   32.42   37.42   34.10   29.69   29.78   28.31   47.13   51.87   41.55   34.91   24.62   75.45   66.52   59.57   63.36   54.45   48.72   55.42   45.32   33.94   60.24   56.45   50.07   52.78   56.65   62.55   61.14   55.73   43.29   72.69   70.16   68.77   70.22   66.89   59.11   65.30   65.64   65.54   66.06   60.32   41.82   44.94   50.60   51.25   50.96   55.66   51.60   44.86   46.16   44.03   39.07   38.74   42.75   46.83   45.73   51.04   60.44   58.84   73.11   66.58   69.44   77.46   77.88   82.18   73.30   66.18   51.77   
   1.20e3  3.295   5.460   13.24   16.85   24.58   30.44   19.97   18.55   19.44   13.75   30.71   37.40   42.15   44.05   36.00   38.17   44.42   30.85   33.97   43.48   43.23   44.80   49.19   42.39   38.88   33.86   39.09   35.61   31.01   31.10   29.56   49.22   54.18   43.39   36.46   25.71   78.80   69.48   62.22   66.17   56.87   50.89   57.88   47.33   35.45   62.92   58.96   52.30   55.13   59.17   65.33   63.86   58.21   45.22   75.92   73.28   71.82   73.34   69.86   61.74   68.20   68.56   68.46   68.99   63.00   43.68   46.93   52.85   53.53   53.23   58.14   53.89   46.86   48.21   45.99   40.81   40.46   44.66   48.91   47.76   53.31   63.12   61.46   76.36   69.54   72.53   80.90   81.34   85.83   76.56   69.12   54.08   
   1.30e3  3.430   5.683   13.78   17.54   25.59   31.68   20.78   19.31   20.23   14.31   31.97   38.92   43.87   45.85   37.47   39.73   46.23   32.11   35.36   45.26   45.00   46.62   51.20   44.12   40.47   35.24   40.68   37.07   32.28   32.37   30.77   51.23   56.39   45.17   37.95   26.76   82.02   72.32   64.76   68.88   59.19   52.97   60.25   49.27   36.90   65.49   61.37   54.43   57.38   61.58   67.99   66.47   60.59   47.07   79.02   76.28   74.76   76.33   72.72   64.26   70.99   71.36   71.25   71.81   65.57   45.46   48.85   55.01   55.71   55.40   60.51   56.09   48.77   50.18   47.86   42.47   42.11   46.48   50.91   49.71   55.49   65.70   63.97   79.48   72.38   75.49   84.20   84.67   89.34   79.69   71.94   56.28   
   1.40e3  3.559   5.898   14.30   18.20   26.55   32.88   21.57   20.03   20.99   14.85   33.17   40.39   45.53   47.58   38.89   41.23   47.98   33.32   36.69   46.97   46.70   48.38   53.13   45.79   42.00   36.57   42.22   38.47   33.50   33.59   31.93   53.17   58.52   46.87   39.38   27.77   85.11   75.05   67.20   71.48   61.43   54.96   62.52   51.13   38.29   67.96   63.69   56.49   59.54   63.91   70.56   68.98   62.87   48.84   82.00   79.16   77.58   79.22   75.46   66.68   73.67   74.06   73.94   74.52   68.05   47.18   50.70   57.09   57.81   57.49   62.80   58.21   50.61   52.07   49.67   44.08   43.70   48.23   52.83   51.59   57.58   68.18   66.38   82.48   75.12   78.34   87.38   87.86   92.71   82.70   74.66   58.41   
   1.50e3  3.684   6.105   14.80   18.84   27.48   34.03   22.32   20.74   21.73   15.38   34.34   41.81   47.13   49.25   40.25   42.68   49.66   34.49   37.98   48.62   48.34   50.08   54.99   47.39   43.47   37.86   43.70   39.82   34.67   34.77   33.05   55.03   60.57   48.52   40.77   28.74   88.10   77.68   69.56   73.99   63.58   56.89   64.72   52.92   39.64   70.34   65.92   58.47   61.63   66.15   73.04   71.40   65.08   50.56   84.88   81.94   80.30   82.00   78.11   69.02   76.25   76.66   76.54   77.14   70.43   48.84   52.47   59.09   59.84   59.51   65.00   60.25   52.39   53.90   51.41   45.62   45.24   49.93   54.69   53.40   59.60   70.57   68.71   85.38   77.75   81.09   90.45   90.95   95.96   85.60   77.28   60.46   
   1.60e3  3.805   6.305   15.29   19.45   28.39   35.15   23.06   21.42   22.44   15.88   35.46   43.18   48.67   50.86   41.57   44.08   51.29   35.62   39.22   50.21   49.92   51.73   56.80   48.95   44.90   39.10   45.13   41.12   35.81   35.91   34.14   56.84   62.56   50.11   42.10   29.69   90.99   80.23   71.84   76.41   65.67   58.76   66.84   54.66   40.94   72.65   68.09   60.39   63.65   68.32   75.43   73.74   67.21   52.22   87.66   84.62   82.93   84.69   80.67   71.29   78.75   79.17   79.05   79.67   72.74   50.44   54.20   61.03   61.81   61.46   67.13   62.23   54.11   55.67   53.10   47.12   46.72   51.56   56.48   55.15   61.56   72.89   70.97   88.18   80.30   83.75   93.42   93.93   99.11   88.41   79.81   62.44   
   1.70e3  3.922   6.499   15.76   20.05   29.26   36.23   23.76   22.08   23.14   16.37   36.55   44.51   50.17   52.43   42.85   45.43   52.87   36.72   40.43   51.75   51.46   53.32   58.55   50.46   46.28   40.30   46.52   42.39   36.91   37.02   35.19   58.59   64.48   51.65   43.40   30.60   93.79   82.70   74.05   78.76   67.69   60.57   68.90   56.34   42.20   74.89   70.18   62.25   65.61   70.42   77.75   76.01   69.28   53.82   90.36   87.23   85.49   87.29   83.15   73.48   81.18   81.61   81.48   82.12   74.98   51.99   55.86   62.91   63.71   63.35   69.20   64.14   55.77   57.38   54.73   48.57   48.16   53.15   58.22   56.85   63.45   75.13   73.15   90.89   82.77   86.32   96.29   96.82   102.2   91.13   82.27   64.36   
   1.80e3  4.036   6.688   16.22   20.63   30.11   37.28   24.45   22.72   23.81   16.84   37.61   45.80   51.63   53.95   44.09   46.75   54.40   37.78   41.60   53.26   52.95   54.86   60.24   51.92   47.62   41.47   47.87   43.62   37.98   38.09   36.21   60.28   66.35   53.15   44.66   31.49   96.51   85.10   76.20   81.05   69.65   62.32   70.89   57.97   43.42   77.06   72.22   64.05   67.51   72.47   80.01   78.21   71.29   55.38   92.98   89.76   87.97   89.82   85.56   75.61   83.53   83.97   83.84   84.50   77.16   53.50   57.48   64.73   65.56   65.19   71.20   66.00   57.39   59.04   56.32   49.98   49.56   54.69   59.91   58.50   65.29   77.31   75.27   93.53   85.17   88.83   99.08   99.63   105.1   93.77   84.65   66.23   
   2.00e3  4.254   7.049   17.09   21.75   31.74   39.30   25.78   23.95   25.09   17.75   39.65   48.28   54.42   56.87   46.48   49.28   57.34   39.82   43.85   56.14   55.82   57.83   63.50   54.73   50.20   43.71   50.46   45.97   40.04   40.15   38.17   63.54   69.94   56.02   47.07   33.19   101.7   89.70   80.32   85.43   73.42   65.70   74.73   61.11   45.77   81.23   76.12   67.52   71.17   76.38   84.34   82.45   75.15   58.38   98.01   94.61   92.72   94.68   90.19   79.70   88.05   88.51   88.38   89.07   81.33   56.39   60.59   68.24   69.10   68.71   75.06   69.57   60.49   62.24   59.37   52.68   52.24   57.65   63.15   61.66   68.82   81.49   79.34   98.59   89.78   93.63   104.4   105.0   110.8   98.84   89.23   69.81   
   2.25e3  4.512   7.477   18.13   23.07   33.66   41.68   27.34   25.40   26.62   18.83   42.05   51.21   57.72   60.32   49.30   52.27   60.82   42.24   46.51   59.54   59.20   61.34   67.35   58.05   53.24   46.36   53.52   48.76   42.47   42.59   40.48   67.40   74.18   59.42   49.93   35.21   107.9   95.14   85.20   90.61   77.87   69.68   79.26   64.82   48.55   86.15   80.74   71.61   75.48   81.02   89.45   87.45   79.71   61.92   104.0   100.3   98.35   100.4   95.66   84.54   93.39   93.88   93.74   94.47   86.26   59.81   64.27   72.37   73.29   72.88   79.61   73.80   64.16   66.01   62.97   55.88   55.40   61.15   66.98   65.40   73.00   86.44   84.16   104.6   95.23   99.31   110.8   111.4   117.5   104.8   94.64   74.05   
   2.50e3  4.756   7.881   19.11   24.32   35.48   43.94   28.82   26.77   28.06   19.85   44.33   53.98   60.84   63.58   51.96   55.09   64.11   44.52   49.03   62.76   62.40   64.66   71.00   61.19   56.12   48.87   56.42   51.40   44.76   44.89   42.67   71.04   78.20   62.63   52.63   37.11   113.7   100.3   89.80   95.51   82.08   73.45   83.55   68.32   51.17   90.81   85.11   75.49   79.57   85.40   94.29   92.18   84.02   65.27   109.6   105.8   103.7   105.9   100.8   89.11   98.44   98.96   98.81   99.58   90.93   63.05   67.74   76.29   77.26   76.82   83.92   77.79   67.63   69.58   66.38   58.90   58.40   64.46   70.60   68.94   76.95   91.11   88.71   110.2   100.4   104.7   116.8   117.4   123.9   110.5   99.76   78.05   
   2.75e3  4.989   8.266   20.04   25.50   37.21   46.08   30.23   28.08   29.43   20.82   46.49   56.61   63.81   66.68   54.50   57.78   67.24   46.70   51.42   65.83   65.45   67.81   74.46   64.17   58.86   51.26   59.17   53.91   46.95   47.08   44.75   74.51   82.01   65.69   55.20   38.92   119.3   105.2   94.19   100.2   86.09   77.03   87.63   71.66   53.67   95.25   89.26   79.17   83.45   89.57   98.89   96.68   88.12   68.45   114.9   110.9   108.7   111.0   105.8   93.46   103.2   103.8   103.6   104.4   95.37   66.13   71.05   80.01   81.03   80.57   88.01   81.58   70.93   72.98   69.62   61.78   61.25   67.60   74.05   72.30   80.70   95.56   93.04   115.6   105.3   109.8   122.5   123.1   129.9   115.9   104.6   81.86   
   3.00e3  5.210   8.634   20.93   26.64   38.87   48.13   31.57   29.33   30.73   21.74   48.56   59.13   66.65   69.65   56.92   60.35   70.23   48.77   53.71   68.75   68.36   70.83   77.77   67.03   61.48   53.54   61.80   56.31   49.04   49.18   46.74   77.83   85.66   68.61   57.65   40.65   124.6   109.9   98.38   104.6   89.92   80.46   91.52   74.84   56.06   99.48   93.23   82.69   87.16   93.55   103.3   101.0   92.04   71.50   120.0   115.9   113.6   116.0   110.5   97.61   107.8   108.4   108.2   109.1   99.61   69.07   74.21   83.57   84.63   84.16   91.92   85.21   74.09   76.22   72.71   64.52   63.98   70.61   77.34   75.52   84.29   99.81   97.18   120.7   110.0   114.7   127.9   128.6   135.7   121.1   109.3   85.50   
   3.25e3  5.423   8.986   21.79   27.73   40.46   50.09   32.86   30.53   31.99   22.63   50.54   61.54   69.37   72.49   59.25   62.82   73.10   50.76   55.90   71.56   71.15   73.72   80.95   69.76   63.99   55.72   64.33   58.61   51.04   51.19   48.65   81.00   89.16   71.41   60.01   42.31   129.7   114.3   102.4   108.9   93.59   83.75   95.26   77.90   58.34   103.5   97.04   86.07   90.72   97.37   107.5   105.1   95.80   74.42   124.9   120.6   118.2   120.7   115.0   101.6   112.2   112.8   112.7   113.5   103.7   71.89   77.24   86.98   88.09   87.59   95.68   88.69   77.11   79.34   75.68   67.16   66.59   73.49   80.50   78.60   87.73   103.9   101.1   125.7   114.5   119.4   133.1   133.9   141.3   126.0   113.7   88.99   
   3.50e3  5.628   9.325   22.61   28.77   41.98   51.99   34.10   31.68   33.20   23.49   52.45   63.87   71.99   75.23   61.48   65.19   75.86   52.68   58.01   74.26   73.84   76.50   84.00   72.40   66.40   57.83   66.76   60.82   52.96   53.12   50.49   84.06   92.52   74.11   62.27   43.91   134.6   118.7   106.3   113.0   97.12   86.91   98.86   80.84   60.55   107.5   100.7   89.32   94.14   101.0   111.6   109.1   99.41   77.23   129.7   125.2   122.7   125.3   119.3   105.4   116.5   117.1   116.9   117.8   107.6   74.60   80.16   90.27   91.41   90.90   99.29   92.04   80.02   82.33   78.54   69.69   69.10   76.26   83.54   81.57   91.05   107.8   105.0   130.4   118.8   123.9   138.2   138.9   146.6   130.8   118.0   92.35   
   3.75e3  5.826   9.653   23.40   29.78   43.46   53.81   35.30   32.79   34.36   24.31   54.29   66.11   74.52   77.87   63.64   67.48   78.52   54.53   60.05   76.87   76.43   79.19   86.95   74.94   68.73   59.86   69.10   62.95   54.82   54.98   52.26   87.01   95.77   76.71   64.46   45.45   139.3   122.8   110.0   117.0   100.5   89.96   102.3   83.68   62.67   111.2   104.2   92.45   97.45   104.6   115.5   112.9   102.9   79.94   134.2   129.6   127.0   129.6   123.5   109.1   120.6   121.2   121.0   122.0   111.4   77.22   82.97   93.43   94.62   94.09   102.8   95.27   82.83   85.22   81.29   72.14   71.53   78.94   86.47   84.43   94.24   111.6   108.6   135.0   122.9   128.2   143.0   143.8   151.7   135.3   122.2   95.59   
   4.00e3  6.017   9.969   24.17   30.76   44.88   55.58   36.45   33.86   35.49   25.11   56.07   68.27   76.96   80.42   65.73   69.69   81.10   56.32   62.02   79.39   78.94   81.79   89.80   77.39   70.99   61.82   71.36   65.02   56.62   56.79   53.98   89.87   98.91   79.23   66.57   46.94   143.9   126.9   113.6   120.8   103.8   92.91   105.7   86.42   64.73   114.9   107.7   95.48   100.6   108.0   119.3   116.6   106.3   82.56   138.6   133.8   131.1   133.9   127.6   112.7   124.5   125.2   125.0   126.0   115.0   79.75   85.69   96.50   97.72   97.18   106.1   98.39   85.55   88.01   83.96   74.50   73.87   81.53   89.30   87.20   97.33   115.2   112.2   139.4   127.0   132.4   147.7   148.5   156.7   139.8   126.2   98.73   
   4.50e3  6.382   10.57   25.64   32.62   47.60   58.95   38.67   35.92   37.64   26.63   59.47   72.42   81.63   85.30   69.72   73.92   86.02   59.73   65.78   84.20   83.72   86.75   95.25   82.09   75.30   65.57   75.69   68.96   60.06   60.23   57.25   95.32   104.9   84.03   70.61   49.79   152.6   134.6   120.5   128.1   110.1   98.54   112.1   91.66   68.65   121.8   114.2   101.3   106.7   114.6   126.5   123.7   112.7   87.57   147.0   141.9   139.1   142.0   135.3   119.6   132.1   132.8   132.6   133.6   122.0   84.59   90.89   102.4   103.7   103.1   112.6   104.4   90.74   93.35   89.05   79.02   78.35   86.48   94.72   92.49   103.2   122.2   119.0   147.9   134.7   140.4   156.7   157.5   166.2   148.3   133.8   104.7   
   5.00e3  6.727   11.15   27.03   34.39   50.18   62.14   40.76   37.86   39.68   28.07   62.69   76.33   86.05   89.92   73.49   77.92   90.67   62.97   69.34   88.76   88.25   91.44   100.4   86.53   79.37   69.12   79.79   72.69   63.30   63.49   60.35   100.5   110.6   88.58   74.43   52.48   160.9   141.8   127.0   135.1   116.1   103.9   118.2   96.62   72.37   128.4   120.4   106.8   112.5   120.8   133.3   130.4   118.8   92.30   155.0   149.6   146.6   149.7   142.6   126.0   139.2   140.0   139.7   140.8   128.6   89.16   95.81   107.9   109.3   108.6   118.7   110.0   95.65   98.40   93.87   83.30   82.59   91.15   99.84   97.49   108.8   128.9   125.5   155.9   142.0   148.0   165.1   166.0   175.2   156.3   141.1   110.4   
   5.50e3  7.055   11.69   28.34   36.07   52.63   65.17   42.75   39.71   41.61   29.44   65.75   80.06   90.25   94.31   77.07   81.72   95.10   66.04   72.72   93.09   92.56   95.90   105.3   90.75   83.24   72.49   83.68   76.24   66.39   66.59   63.29   105.4   116.0   92.90   78.06   55.04   168.7   148.8   133.2   141.7   121.8   108.9   123.9   101.3   75.90   134.7   126.2   112.0   118.0   126.7   139.9   136.7   124.6   96.81   162.5   156.9   153.8   157.0   149.6   132.2   146.0   146.8   146.6   147.7   134.9   93.52   100.5   113.2   114.6   113.9   124.5   115.4   100.3   103.2   98.45   87.36   86.62   95.60   104.7   102.3   114.1   135.1   131.6   163.5   148.9   155.3   173.2   174.1   183.8   163.9   148.0   115.8   
   6.00e3  7.369   12.21   29.60   37.67   54.97   68.07   44.65   41.48   43.46   30.75   68.67   83.62   94.26   98.50   80.50   85.35   99.33   68.98   75.96   97.23   96.68   100.2   110.0   94.79   86.94   75.71   87.40   79.63   69.35   69.55   66.11   110.1   121.1   97.03   81.54   57.49   176.2   155.4   139.1   148.0   127.2   113.8   129.4   105.8   79.27   140.7   131.8   116.9   123.3   132.3   146.1   142.8   130.2   101.1   169.8   163.9   160.6   164.0   156.2   138.0   152.5   153.3   153.1   154.3   140.9   97.67   104.9   118.2   119.7   119.0   130.0   120.5   104.8   107.8   102.8   91.25   90.48   99.85   109.4   106.8   119.2   141.1   137.4   170.8   155.5   162.2   180.9   181.9   191.9   171.2   154.6   120.9   
   6.50e3  7.670   12.71   30.81   39.21   57.21   70.84   46.47   43.17   45.24   32.01   71.48   87.03   98.11   102.5   83.79   88.84   103.4   71.79   79.06   101.2   100.6   104.3   114.5   98.66   90.49   78.80   90.97   82.88   72.18   72.39   68.81   114.6   126.1   101.0   84.87   59.84   183.4   161.7   144.8   154.0   132.4   118.4   134.7   110.2   82.51   146.4   137.2   121.7   128.3   137.7   152.0   148.6   135.5   105.2   176.7   170.6   167.2   170.7   162.6   143.7   158.7   159.6   159.3   160.6   146.6   101.7   109.2   123.0   124.6   123.9   135.3   125.4   109.1   112.2   107.0   94.97   94.17   103.9   113.8   111.2   124.1   146.9   143.0   177.7   161.9   168.8   188.3   189.3   199.8   178.2   160.9   125.9   
   7.00e3  7.959   13.19   31.98   40.69   59.37   73.52   48.23   44.80   46.95   33.21   74.18   90.32   101.8   106.4   86.95   92.19   107.3   74.50   82.04   105.0   104.4   108.2   118.8   102.4   93.91   81.78   94.41   86.01   74.90   75.12   71.40   118.9   130.8   104.8   88.07   62.10   190.3   167.8   150.3   159.8   137.4   122.9   139.8   114.3   85.63   152.0   142.4   126.3   133.1   142.9   157.8   154.2   140.6   109.2   183.4   177.0   173.5   177.1   168.7   149.1   164.7   165.6   165.3   166.6   152.2   105.5   113.4   127.7   129.3   128.6   140.4   130.2   113.2   116.4   111.1   98.56   97.72   107.9   118.1   115.4   128.8   152.5   148.4   184.4   168.0   175.2   195.4   196.5   207.3   184.9   166.9   130.6   
   8.00e3  8.509   14.10   34.18   43.50   63.47   78.60   51.56   47.89   50.19   35.51   79.30   96.56   108.8   113.7   92.96   98.56   114.7   79.65   87.71   112.3   111.6   115.7   127.0   109.5   100.4   87.43   100.9   91.95   80.07   80.31   76.33   127.1   139.9   112.0   94.15   66.38   203.5   179.4   160.6   170.9   146.8   131.4   149.5   122.2   91.54   162.5   152.2   135.0   142.3   152.8   168.7   164.9   150.3   116.8   196.0   189.2   185.4   189.4   180.4   159.4   176.1   177.0   176.8   178.1   162.7   112.8   121.2   136.5   138.2   137.4   150.1   139.1   121.0   124.5   118.7   105.4   104.5   115.3   126.3   123.3   137.6   163.0   158.7   197.2   179.6   187.3   208.9   210.0   221.6   197.7   178.5   139.6   
   9.00e3  9.025   14.95   36.26   46.14   67.32   83.36   54.68   50.80   53.23   37.66   84.11   102.4   115.4   120.6   98.59   104.5   121.7   84.48   93.03   119.1   118.4   122.7   134.7   116.1   106.5   92.73   107.0   97.53   84.93   85.18   80.96   134.8   148.4   118.8   99.86   70.41   215.8   190.3   170.4   181.2   155.7   139.4   158.5   129.6   97.09   172.3   161.5   143.2   151.0   162.0   178.9   174.9   159.4   123.8   207.9   200.7   196.7   200.8   191.3   169.1   186.8   187.8   187.5   188.9   172.5   119.6   128.5   144.7   146.6   145.8   159.2   147.6   128.3   132.0   125.9   111.8   110.8   122.3   134.0   130.8   146.0   172.9   168.3   209.1   190.5   198.6   221.6   222.8   235.1   209.7   189.3   148.1   
   10.0e3  9.513   15.76   38.22   48.63   70.96   87.87   57.64   53.55   56.11   39.70   88.66   108.0   121.7   127.2   103.9   110.2   128.2   89.05   98.06   125.5   124.8   129.3   142.0   122.4   112.2   97.74   112.8   102.8   89.53   89.79   85.34   142.1   156.4   125.3   105.3   74.22   227.5   200.6   179.6   191.0   164.2   146.9   167.1   136.6   102.3   181.6   170.2   151.0   159.1   170.8   188.6   184.4   168.0   130.5   219.2   211.6   207.3   211.7   201.7   178.2   196.9   197.9   197.6   199.2   181.9   126.1   135.5   152.6   154.5   153.6   167.8   155.6   135.3   139.2   132.8   117.8   116.8   128.9   141.2   137.9   153.9   182.2   177.4   220.4   200.8   209.4   233.5   234.8   247.8   221.0   199.5   156.1   
   11.0e3  9.978   16.53   40.09   51.01   74.43   92.16   60.46   56.16   58.85   41.64   92.99   113.2   127.6   133.4   109.0   115.6   134.5   93.39   102.8   131.7   130.9   135.6   148.9   128.3   117.7   102.5   118.3   107.8   93.90   94.17   89.51   149.0   164.0   131.4   110.4   77.84   238.6   210.4   188.4   200.4   172.2   154.1   175.3   143.3   107.3   190.5   178.5   158.3   166.9   179.1   197.8   193.4   176.3   136.9   229.9   221.9   217.5   222.0   211.5   186.9   206.5   207.6   207.3   208.9   190.7   132.3   142.1   160.0   162.1   161.1   176.0   163.2   141.9   146.0   139.2   123.6   122.5   135.2   148.1   144.6   161.4   191.1   186.1   231.2   210.6   219.6   244.9   246.3   259.9   231.8   209.3   163.7   
   12.0e3  10.42   17.27   41.87   53.28   77.74   96.26   63.14   58.66   61.47   43.49   97.12   118.3   133.3   139.3   113.8   120.7   140.5   97.55   107.4   137.5   136.7   141.7   155.5   134.1   123.0   107.1   123.6   112.6   98.07   98.36   93.49   155.7   171.3   137.2   115.3   81.30   249.2   219.7   196.8   209.3   179.8   160.9   183.0   149.7   112.1   199.0   186.5   165.4   174.3   187.1   206.6   201.9   184.1   143.0   240.1   231.7   227.1   231.9   220.9   195.2   215.7   216.8   216.5   218.2   199.2   138.1   148.4   167.1   169.3   168.3   183.8   170.4   148.2   152.4   145.4   129.0   128.0   141.2   154.7   151.0   168.6   199.6   194.4   241.5   219.9   229.3   255.8   257.2   271.4   242.1   218.6   171.0   
   13.0e3  10.85   17.97   43.58   55.45   80.91   100.2   65.72   61.05   63.98   45.26   101.1   123.1   138.7   145.0   118.5   125.6   146.2   101.5   111.8   143.1   142.3   147.4   161.9   139.5   128.0   111.4   128.7   117.2   102.1   102.4   97.31   162.0   178.3   142.8   120.0   84.62   259.4   228.7   204.8   217.8   187.2   167.5   190.5   155.8   116.7   207.1   194.1   172.1   181.4   194.7   215.0   210.2   191.6   148.8   249.9   241.2   236.4   241.4   229.9   203.2   224.5   225.7   225.3   227.1   207.4   143.8   154.5   174.0   176.2   175.2   191.4   177.4   154.2   158.7   151.4   134.3   133.2   147.0   161.0   157.2   175.5   207.8   202.3   251.3   228.9   238.7   266.3   267.7   282.5   252.0   227.5   178.0   
   14.0e3  11.26   18.66   45.22   57.55   83.93   103.9   68.20   63.36   66.39   47.01   104.9   127.8   144.0   150.5   123.0   130.5   151.8   105.5   116.1   148.7   147.8   153.0   167.9   144.8   132.8   115.8   133.6   121.7   106.0   106.3   101.1   168.1   185.1   148.3   124.7   87.96   269.2   237.4   212.5   226.0   194.2   173.9   197.8   161.8   121.2   214.8   201.4   178.7   188.3   202.1   223.3   218.4   198.9   154.7   259.3   250.4   245.4   250.5   238.6   210.9   233.0   234.2   233.9   235.7   215.3   149.3   160.4   180.7   182.9   182.0   198.6   184.2   160.1   164.7   157.2   139.5   138.3   152.6   167.1   163.2   182.2   215.6   210.0   260.9   237.7   247.9   276.4   277.9   293.2   261.6   236.1   184.7   
   15.0e3  11.72   19.39   46.91   59.58   86.55   107.1   70.77   65.92   68.71   48.98   109.0   132.4   148.9   156.1   128.0   135.7   157.8   110.0   121.0   155.1   154.4   158.7   173.2   150.2   137.7   121.0   138.6   126.6   110.7   110.6   105.4   174.2   192.3   154.1   130.1   92.32   279.4   246.3   220.2   234.1   201.7   181.2   205.9   168.6   126.4   221.8   208.5   185.4   195.3   209.6   232.4   228.1   206.7   162.4   268.7   259.8   254.8   259.6   248.0   218.5   241.5   242.8   242.7   244.1   223.5   155.0   167.0   188.2   190.4   189.8   206.0   191.7   166.0   171.0   163.6   145.5   143.8   158.1   173.4   169.4   189.2   223.3   218.5   270.3   247.2   258.0   286.6   288.0   303.5   271.1   245.0   191.4   
   16.0e3  12.18   20.11   48.56   61.55   89.11   110.1   73.27   68.42   70.96   50.92   112.9   136.9   153.8   161.5   132.9   140.7   163.5   114.3   125.8   161.3   160.8   164.3   178.3   155.3   142.4   126.0   143.5   131.4   115.2   114.9   109.5   180.0   199.2   159.8   135.4   96.61   289.2   255.0   227.6   241.9   209.0   188.3   213.7   175.2   131.5   228.4   215.3   192.0   202.0   216.8   241.3   237.5   214.4   170.0   277.8   268.9   264.0   268.3   257.2   225.9   249.7   251.0   251.2   252.3   231.5   160.5   173.4   195.5   197.6   197.4   213.1   199.0   171.8   177.1   169.9   151.4   149.1   163.5   179.5   175.5   196.0   230.7   226.6   279.5   256.4   267.9   296.4   297.9   313.4   280.4   253.6   197.9   
   17.0e3  12.63   20.82   50.16   63.45   91.60   113.1   75.70   70.85   73.14   52.81   116.7   141.3   158.4   166.6   137.7   145.7   169.1   118.7   130.5   167.4   167.0   169.8   183.3   160.4   147.0   130.9   148.3   136.0   119.6   119.0   113.5   185.7   205.9   165.3   140.5   100.8   298.8   263.4   234.8   249.5   216.1   195.1   221.3   181.6   136.4   234.9   222.0   198.3   208.6   223.8   249.9   246.6   221.8   177.4   286.6   277.7   272.9   276.9   266.1   233.1   257.7   259.1   259.5   260.2   239.3   165.9   179.7   202.6   204.6   204.8   220.1   206.2   177.4   183.0   176.0   157.1   154.3   168.8   185.4   181.4   202.6   237.9   234.6   288.5   265.3   277.5   306.1   307.4   323.1   289.4   262.0   204.2   
   18.0e3  13.07   21.51   51.71   65.31   94.03   116.0   78.06   73.23   75.27   54.67   120.5   145.5   162.9   171.6   142.4   150.5   174.6   122.9   135.1   173.4   173.2   175.1   188.1   165.3   151.4   135.8   152.9   140.4   124.0   123.0   117.2   191.2   212.4   170.6   145.6   105.0   308.1   271.6   241.8   256.9   223.0   201.9   228.7   187.8   141.3   241.2   228.4   204.5   215.0   230.7   258.4   255.4   229.1   184.7   295.2   286.4   281.7   285.2   274.8   240.1   265.4   266.9   267.6   267.9   246.9   171.2   185.9   209.5   211.5   212.0   226.8   213.1   182.8   188.8   181.9   162.7   159.4   173.9   191.1   187.2   209.1   244.8   242.5   297.2   274.1   286.9   315.5   316.8   332.4   298.2   270.2   210.4   
   20.0e3  13.93   22.88   54.71   68.88   98.72   121.5   82.62   77.82   79.37   58.30   127.6   153.7   171.6   180.9   151.4   159.8   185.2   131.1   143.9   184.9   185.1   185.3   197.4   174.7   160.0   145.1   161.9   148.9   132.4   130.8   123.9   201.8   225.0   180.8   155.4   113.3   326.0   287.4   255.3   271.1   236.3   214.9   243.0   199.8   150.6   253.2   240.8   216.4   227.3   243.9   274.6   272.0   243.2   199.0   311.7   303.1   298.6   301.2   291.6   253.5   280.4   282.1   283.2   282.7   261.6   181.4   197.7   223.0   224.7   226.1   239.9   226.5   193.3   200.0   193.3   173.5   169.3   183.8   202.2   198.3   221.6   258.3   257.6   313.9   291.0   305.0   333.6   334.7   350.4   315.2   285.9   222.2   
   22.5e3  14.97   24.54   58.26   73.10   104.3   128.0   88.04   83.30   84.25   62.68   136.2   163.3   181.9   191.4   162.1   170.9   197.7   141.0   154.6   198.8   199.4   197.5   208.5   185.8   170.1   156.4   172.5   158.8   142.5   140.0   130.5   214.3   240.0   192.7   167.2   123.4   347.3   306.0   271.3   287.9   252.2   230.4   260.0   213.8   161.8   267.3   255.5   230.4   242.0   259.7   294.0   290.7   260.2   216.4   331.4   323.0   318.9   320.3   311.7   269.5   298.2   300.1   301.7   300.3   279.1   193.7   212.0   239.0   240.5   242.9   255.4   242.5   205.8   213.3   206.7   186.5   181.1   195.6   215.5   211.6   236.6   274.2   275.6   333.9   311.1   326.8   355.3   356.1   371.7   335.4   304.6   236.4   
   25.0e3  15.99   26.16   61.64   77.10   109.7   134.2   93.20   88.53   88.89   66.93   144.3   172.5   191.5   200.6   172.4   181.5   209.7   150.5   164.9   212.2   213.1   209.2   219.0   196.4   179.8   167.2   182.7   167.8   152.3   148.8   135.9   226.1   254.2   203.8   178.5   133.2   367.4   323.8   286.6   303.9   267.3   245.0   276.1   226.6   172.2   280.6   269.4   243.7   256.1   274.8   312.6   307.1   276.6   233.3   350.0   341.9   338.3   338.4   330.7   284.7   315.2   317.3   319.2   317.1   295.8   205.4   225.6   254.4   255.6   258.9   270.2   257.6   217.5   226.1   219.3   198.8   192.4   206.8   228.1   224.4   250.9   289.3   292.9   352.9   330.4   347.5   376.1   376.5   391.8   354.7   322.5   249.9   
   27.5e3  16.98   27.73   64.87   80.92   114.8   140.1   98.13   93.55   93.33   71.06   152.1   181.2   200.7   208.8   182.3   191.6   221.1   159.8   174.8   225.0   226.3   220.3   229.1   206.5   188.9   177.5   192.4   175.6   161.7   157.0   142.1   237.3   267.7   214.1   189.4   142.9   386.7   340.7   301.2   319.1   281.8   258.9   291.3   238.3   181.9   293.2   282.6   256.3   269.5   289.2   330.3   321.1   292.4   249.7   367.8   360.2   357.1   355.9   349.0   299.3   331.3   333.8   336.1   333.0   311.7   216.6   238.6   269.1   270.1   274.3   284.4   271.9   228.7   238.3   231.3   210.4   203.2   217.6   240.1   236.6   264.6   303.8   309.3   371.2   348.8   367.4   396.1   396.0   410.9   373.2   339.6   262.8   
   30.0e3  17.95   29.27   67.96   84.58   119.8   145.7   102.9   98.38   97.60   75.08   159.5   189.5   209.5   216.4   191.7   201.4   232.1   168.8   184.4   237.5   239.2   231.1   238.9   216.1   197.7   187.6   201.7   182.1   170.8   164.7   150.3   248.1   280.7   223.7   200.0   152.5   405.1   356.9   315.2   333.7   295.7   272.0   305.7   248.5   190.8   305.2   295.3   268.3   282.5   303.1   347.3   333.0   307.7   265.8   384.9   377.7   375.3   372.7   366.6   313.2   346.9   349.6   352.2   348.3   326.9   227.5   251.1   283.4   284.0   289.1   298.0   285.5   239.3   250.1   242.6   221.4   213.6   228.0   251.7   248.4   277.9   317.6   325.0   388.7   366.5   386.6   415.3   414.7   429.2   390.9   356.0   275.3   
   32.5e3  18.90   30.77   70.94   88.09   124.6   151.1   107.4   103.0   101.7   79.02   166.7   197.5   217.9   223.6   200.9   210.8   242.6   177.5   193.7   249.5   251.6   241.5   248.3   225.3   206.2   197.3   210.7   187.6   179.7   171.9   159.6   258.4   293.1   232.5   210.2   161.9   422.7   372.5   328.7   347.7   309.2   284.4   319.3   257.2   198.9   316.7   307.4   279.9   295.0   316.5   363.8   343.2   322.6   281.5   401.4   394.6   392.9   388.9   383.6   326.7   361.9   365.0   367.7   363.1   341.5   238.0   263.2   297.1   297.5   303.5   311.2   298.3   249.4   261.5   253.4   231.8   223.6   238.0   262.9   259.9   290.7   330.9   340.0   405.7   383.7   405.1   434.0   432.8   446.7   408.1   371.8   287.3   
   35.0e3  19.84   32.25   73.81   91.48   129.2   156.4   111.8   107.6   105.7   82.88   173.6   205.2   226.0   230.9   209.7   219.9   252.8   186.0   202.8   261.2   263.7   251.5   257.4   234.1   214.4   206.8   219.4   192.7   188.4   178.5   169.1   268.4   305.1   240.6   220.2   171.1   439.7   387.5   341.7   361.3   322.2   295.9   332.1   264.4   206.2   327.7   319.1   291.0   307.1   329.5   379.7   352.8   337.1   296.9   417.3   411.0   410.1   404.7   400.0   339.6   376.3   379.8   382.7   377.3   355.5   248.2   274.8   310.4   310.6   317.4   323.9   310.4   259.0   272.6   263.8   241.4   233.3   247.8   273.7   271.0   303.2   343.7   354.3   422.1   400.2   423.0   452.2   450.3   463.6   424.7   387.1   299.0   
   37.5e3  20.77   33.69   76.59   94.76   133.6   161.4   116.1   112.0   109.6   86.67   180.3   212.6   233.8   238.5   218.3   228.7   262.7   194.4   211.6   272.7   275.5   261.3   266.2   242.7   222.3   216.0   227.8   198.5   196.8   184.4   178.3   277.9   316.7   248.3   229.9   180.3   456.1   402.0   354.4   374.4   334.8   306.6   344.2   270.0   212.6   338.3   330.4   301.9   318.8   342.2   395.2   362.6   351.3   312.0   432.7   427.0   426.9   420.0   415.9   352.2   390.4   394.2   397.3   391.1   369.0   258.2   286.0   323.4   323.3   330.9   336.3   321.8   268.2   283.3   273.9   250.3   242.7   257.2   284.2   281.7   315.3   356.1   367.7   438.1   416.3   440.4   469.9   467.2   479.9   440.8   402.0   310.4   
   40.0e3  21.68   35.10   79.28   97.94   138.0   166.3   120.2   116.2   113.3   90.39   186.8   219.7   241.3   246.4   226.7   237.3   272.3   202.5   220.3   283.8   286.9   270.8   274.8   251.0   230.0   225.0   235.9   205.4   205.1   189.6   187.0   287.2   328.0   255.7   239.3   189.4   472.0   416.1   366.7   387.0   347.1   316.4   355.6   274.5   218.5   348.5   341.3   312.4   330.3   354.5   410.1   373.3   365.2   326.8   447.7   442.5   443.2   434.9   431.3   364.4   404.0   408.2   411.4   404.5   381.9   267.8   296.8   336.0   335.6   344.0   348.2   332.4   276.9   293.8   283.8   258.5   251.8   266.5   294.4   292.2   327.1   368.2   380.4   453.6   431.9   457.2   487.2   483.7   495.6   456.5   416.5   321.5   
   45.0e3  23.48   37.81   84.44   104.0   146.2   175.6   128.2   124.4   120.5   97.67   199.3   233.4   255.7   262.6   242.7   253.8   290.6   218.4   237.0   305.3   309.1   289.1   291.4   266.9   244.9   242.4   251.6   221.7   221.1   197.7   203.5   304.9   349.5   270.3   257.6   207.3   502.3   443.0   390.3   411.3   370.6   333.8   376.7   282.7   229.6   368.0   362.2   332.9   352.3   378.2   439.0   398.4   392.2   355.7   476.4   472.4   475.0   463.8   461.0   387.9   430.2   435.3   438.4   430.2   406.4   286.4   317.2   360.3   359.4   369.2   371.3   351.3   293.2   313.9   303.2   272.6   269.3   284.3   314.0   312.5   349.8   391.3   403.4   483.5   461.9   489.6   520.8   515.5   525.7   486.8   444.2   343.0   
   50.0e3  25.24   40.38   89.34   109.8   153.9   184.5   135.8   132.3   127.4   104.8   211.1   246.4   269.3   278.7   257.9   269.5   308.1   233.8   253.1   325.9   330.4   306.6   307.3   282.1   259.1   259.1   266.5   238.6   236.5   203.4   218.9   321.6   369.8   285.1   275.2   224.9   531.0   468.4   412.9   434.4   393.1   348.5   396.2   294.0   241.6   386.4   382.0   352.6   373.4   400.9   466.4   427.8   418.3   383.8   503.8   500.9   505.6   491.5   489.3   410.3   455.1   461.2   464.2   454.6   429.1   304.2   336.3   383.5   382.1   393.2   393.3   367.4   308.3   333.2   322.4   284.6   285.9   301.4   332.7   331.8   371.6   413.3   422.9   512.1   490.6   520.5   553.1   545.8   554.1   515.7   470.7   363.7   
   55.0e3  26.98   42.77   94.01   115.3   161.2   192.8   143.0   139.8   134.0   111.7   222.5   258.7   282.2   294.4   272.5   284.6   324.7   248.7   268.7   345.7   350.8   323.4   322.6   296.7   272.8   275.2   280.8   254.6   251.4   208.3   233.4   337.5   389.2   300.3   292.1   242.2   558.1   492.7   434.5   456.4   414.6   362.0   414.9   310.2   255.6   403.8   400.9   371.6   393.7   422.7   492.6   459.7   443.6   411.1   529.9   528.4   535.2   518.3   516.3   431.7   479.0   486.0   488.8   478.0   450.4   321.3   354.3   405.8   403.9   416.2   414.3   381.2   322.4   351.6   341.5   295.7   301.9   317.9   350.6   350.3   392.5   434.4   439.2   539.7   518.0   550.2   584.3   575.0   581.2   543.5   496.1   383.7   
   60.0e3  28.70   44.93   98.49   120.6   168.0   200.8   150.0   147.0   140.3   118.5   233.3   270.4   294.4   309.3   286.6   299.0   340.6   263.2   283.8   364.7   370.4   339.6   337.4   310.8   285.9   290.7   294.4   269.7   265.8   214.5   247.3   352.7   407.8   315.8   308.5   259.2   584.1   515.9   455.4   477.5   435.3   375.7   433.3   329.9   271.3   420.4   418.9   390.1   413.3   443.8   517.8   492.5   468.2   437.7   555.1   554.9   563.9   544.2   542.2   452.3   502.0   510.0   512.4   500.5   470.5   337.8   371.2   427.2   424.9   438.3   434.6   394.0   336.1   369.4   360.3   307.6   317.4   333.9   367.8   368.1   412.7   454.6   453.2   566.3   544.3   578.6   614.7   603.0   607.0   570.3   520.6   403.1   
   65.0e3  30.40   46.81   102.8   125.7   174.3   208.4   156.7   154.0   146.4   125.1   243.8   281.7   306.2   323.6   300.1   313.0   356.0   277.3   298.4   383.1   389.4   355.3   351.6   324.4   298.7   305.7   307.6   283.9   279.8   223.0   260.6   367.2   425.5   331.3   324.3   276.1   608.9   538.2   475.5   497.8   455.3   390.5   451.9   351.2   288.0   436.2   436.3   408.1   432.2   464.1   542.0   525.4   492.1   463.7   579.3   580.5   591.8   569.5   567.2   472.2   524.2   533.3   535.1   522.2   489.5   353.7   387.3   448.0   445.2   459.6   454.1   406.8   349.5   386.6   378.9   321.0   332.4   349.4   384.5   385.2   432.2   474.2   465.9   592.0   569.7   606.1   644.2   630.1   631.8   596.3   544.2   422.1   
   70.0e3  32.08   48.36   106.9   130.7   180.2   215.6   163.2   160.8   152.3   131.6   253.8   292.5   317.5   337.3   313.1   326.5   370.7   291.0   312.7   400.9   407.7   370.5   365.5   337.7   311.0   320.3   320.4   297.5   293.4   233.6   273.5   381.2   442.6   346.6   339.7   292.7   632.6   559.6   495.0   517.3   474.6   406.6   470.7   372.7   305.3   451.5   453.0   425.7   450.5   483.8   565.4   557.8   515.5   489.1   602.8   605.4   619.0   594.1   591.4   491.5   545.6   555.8   557.0   543.3   507.8   369.2   402.9   468.1   464.8   480.2   473.0   420.3   362.8   403.3   397.3   335.9   347.0   364.5   400.6   401.6   451.1   493.1   478.7   616.9   594.2   632.8   673.1   656.5   655.7   621.4   567.0   440.6   
   80.0e3  35.41   50.42   114.8   140.1   190.8   228.9   175.5   173.7   163.7   144.4   273.0   313.0   338.8   363.0   338.0   352.2   398.8   317.7   340.2   434.8   442.6   399.6   392.2   363.2   334.7   348.4   344.8   322.9   319.7   258.1   298.0   407.7   475.0   376.1   369.3   325.4   677.5   600.2   532.3   554.5   511.5   441.7   508.7   414.5   339.9   480.3   484.8   459.4   485.7   521.6   610.0   620.7   560.6   538.4   647.6   653.1   671.3   641.9   637.4   528.3   586.7   599.1   598.9   583.4   542.8   398.9   432.8   506.6   502.4   519.4   509.2   450.7   389.5   435.1   433.2   368.4   375.3   393.8   431.5   432.7   487.4   529.3   508.1   664.8   640.9   683.8   728.9   707.0   701.0   669.7   610.8   476.5   
   90.0e3  38.71   51.70   122.3   149.0   200.2   240.9   187.2   185.9   174.4   156.8   291.0   332.2   358.7   386.9   361.5   376.5   425.2   343.4   366.4   466.5   475.3   427.3   417.6   387.5   357.1   375.0   367.8   346.6   344.8   283.1   321.3   432.5   505.4   404.2   397.4   357.4   719.4   638.3   567.8   589.5   546.5   478.1   546.3   453.7   373.6   507.2   514.7   491.6   519.2   557.5   652.0   680.7   603.7   585.9   690.0   698.5   721.3   687.9   680.8   563.3   625.6   640.2   638.3   621.5   576.4   427.5   461.7   543.0   537.9   556.5   543.5   483.9   416.1   465.2   467.8   401.8   402.5   421.9   460.7   461.5   521.8   563.7   543.5   710.4   685.1   732.2   782.3   755.0   743.5   715.7   652.3   511.3   
   100.e3  41.97   53.59   129.3   157.5   208.7   251.7   198.3   197.6   184.7   168.8   308.1   350.2   377.5   409.1   383.7   399.7   450.1   368.2   391.7   496.2   506.0   453.8   441.9   410.7   378.6   400.6   389.8   369.0   368.9   307.2   343.5   455.9   534.0   430.9   424.3   388.7   758.6   674.2   601.6   622.8   579.7   514.1   583.0   490.5   406.3   532.5   543.1   522.4   551.2   591.7   691.8   738.1   645.1   631.7   730.5   741.9   769.1   732.4   722.0   596.7   662.7   679.5   675.7   657.8   609.4   455.1   490.2   577.8   571.7   591.7   576.1   518.1   442.4   493.9   501.3   434.5   428.8   449.0   488.7   488.3   554.7   596.5   582.7   753.9   726.9   778.5   833.8   801.0   783.7   759.6   691.9   545.1   
   110.e3  45.20   56.81   136.0   165.6   216.9   261.5   209.0   208.7   194.6   180.6   324.4   367.3   395.2   430.1   405.0   421.7   473.7   392.2   416.0   524.0   534.7   479.1   465.1   433.0   399.1   425.1   410.9   390.3   392.0   330.0   364.7   478.1   561.1   456.3   450.2   419.5   795.6   708.3   634.0   654.4   611.5   548.9   618.6   525.2   437.9   556.6   570.1   552.0   581.8   624.3   729.7   793.0   684.7   676.0   769.2   783.7   814.9   775.7   761.2   628.7   698.3   717.2   711.4   692.6   641.7   481.9   518.2   611.0   604.1   625.2   607.4   551.7   468.1   521.3   533.7   466.0   454.2   475.4   515.5   513.3   586.2   628.0   623.2   795.5   766.8   822.8   883.2   845.3   822.0   801.9   730.0   578.2   
   120.e3  48.42   61.03   142.3   173.4   225.0   270.4   219.2   219.5   204.0   192.0   340.0   383.6   412.0   449.9   425.3   442.9   496.3   415.5   439.6   550.0   561.8   503.6   487.5   454.5   418.9   448.7   431.1   410.6   414.2   351.6   385.1   499.2   586.8   480.5   475.1   449.6   830.7   740.8   665.1   684.6   642.1   582.3   653.0   558.3   468.6   579.5   596.0   580.5   611.2   655.6   765.8   845.6   722.6   718.9   806.4   823.9   858.8   817.8   798.7   659.5   732.5   753.3   745.5   726.1   673.5   508.1   545.8   643.0   635.1   657.4   637.5   584.3   493.3   547.6   565.1   496.4   478.9   501.0   541.3   536.8   616.6   658.4   663.5   835.5   805.0   865.4   930.7   888.0   858.5   842.6   766.6   610.7   
   130.e3  51.62   65.67   148.4   181.0   233.2   278.8   229.0   229.8   213.2   203.1   354.9   399.1   428.1   468.7   444.8   463.2   517.8   438.2   462.4   574.1   587.2   527.2   508.9   475.3   438.0   471.4   450.5   430.0   435.7   372.2   404.8   519.3   611.4   503.8   499.2   479.1   863.9   771.7   695.0   713.6   671.4   614.5   686.1   589.8   498.5   601.4   620.8   608.1   639.5   685.5   800.5   896.3   759.0   760.6   842.2   862.8   900.9   858.9   834.7   689.3   765.5   788.0   778.3   758.3   704.8   533.7   573.0   673.7   664.9   688.2   666.6   615.7   517.9   573.0   595.5   525.6   502.9   526.0   566.2   559.0   646.0   687.8   703.1   873.8   841.6   906.4   976.3   929.3   893.6   881.9   802.1   642.6   
   140.e3  54.79   70.39   154.3   188.3   241.5   286.7   238.4   239.8   222.1   213.8   369.2   413.9   443.4   486.5   463.5   482.7   538.5   460.3   484.5   596.4   611.1   550.0   529.4   495.3   456.5   493.4   469.3   448.8   456.3   392.0   423.8   538.6   634.9   526.1   522.4   508.0   895.6   801.4   723.8   741.5   699.8   645.5   718.1   620.1   527.7   622.4   644.8   634.8   666.8   714.3   833.7   945.2   793.8   801.1   876.8   900.5   941.3   899.0   869.3   718.1   797.4   821.4   809.8   789.5   735.5   558.8   599.6   703.4   693.6   717.8   694.7   646.0   541.8   597.5   625.1   553.8   526.3   550.5   590.4   580.4   674.4   716.3   741.7   910.7   876.7   946.0   1.020e3 969.4   927.3   920.1   836.4   674.0   
   150.e3  57.95   75.04   159.9   195.4   249.8   294.3   247.6   249.4   230.7   224.2   383.0   428.1   458.0   503.6   481.6   501.6   558.3   481.8   506.0   617.2   633.6   572.1   549.1   514.8   474.4   514.7   487.5   466.8   476.2   411.0   442.2   557.2   657.4   547.7   545.0   536.3   925.8   829.9   751.6   768.5   727.2   675.3   749.1   649.3   556.2   642.7   667.8   660.6   693.1   741.9   865.7   992.3   827.1   840.6   910.4   937.1   980.1   938.2   902.6   746.1   828.3   853.6   840.2   819.7   765.6   583.5   625.7   732.0   721.4   746.5   721.9   675.1   565.2   621.3   653.8   581.0   549.0   574.4   613.8   601.2   702.0   744.0   779.2   946.2   910.5   984.4   1.062e3 1.008e3 959.9   957.0   869.7   705.0   
   160.e3  61.10   79.56   165.4   202.3   258.2   301.7   256.5   258.8   239.0   234.3   396.3   441.8   472.0   519.9   499.1   519.9   577.4   502.9   527.0   636.3   654.9   593.6   568.0   533.6   491.8   535.4   505.2   484.3   495.4   429.4   460.1   575.1   679.1   568.4   566.9   564.0   954.7   857.3   778.4   794.5   753.8   704.1   779.0   677.5   584.0   662.2   690.2   685.8   718.5   768.5   896.5   1.038e3 859.0   878.9   942.9   972.6   1.017e3 976.6   934.8   773.4   858.4   884.6   869.5   848.9   795.1   607.8   651.2   759.8   748.2   774.1   748.4   703.2   588.0   644.4   681.8   607.4   571.3   597.9   636.6   621.5   728.8   770.9   815.6   980.4   943.2   1.021e3 1.102e3 1.046e3 991.4   993.0   902.0   735.6   
   170.e3  64.22   83.95   170.7   209.1   266.6   309.1   265.1   267.9   247.2   244.0   409.2   454.9   485.5   535.5   515.9   537.5   595.8   523.4   547.4   654.1   675.1   614.5   586.1   552.0   508.7   555.4   522.3   501.2   513.9   447.1   477.4   592.3   699.9   588.5   588.1   591.1   982.3   883.7   804.3   819.6   779.5   732.0   808.0   704.7   611.2   681.1   711.8   710.2   743.1   794.1   926.2   1.082e3 889.4   916.3   974.5   1.007e3 1.053e3 1.014e3 965.9   799.9   887.5   914.5   898.0   877.3   824.0   631.7   676.1   786.7   774.2   800.8   774.1   730.3   610.3   666.9   709.0   633.1   593.0   620.9   658.8   641.5   754.9   797.1   851.0   1.013e3 974.7   1.057e3 1.140e3 1.083e3 1.022e3 1.028e3 933.6   765.8   
   180.e3  67.33   88.21   175.7   215.7   274.9   316.5   273.5   276.7   255.1   253.3   421.6   467.6   498.4   550.6   532.3   554.7   613.6   543.6   567.4   670.7   694.4   634.8   603.5   569.9   525.2   574.9   539.0   517.6   531.6   464.4   494.3   609.0   720.0   608.0   608.8   617.5   1.009e3 909.2   829.3   844.0   804.5   759.0   836.1   731.1   637.9   699.4   732.8   734.0   766.9   818.8   955.0   1.124e3 918.5   952.8   1.005e3 1.041e3 1.088e3 1.051e3 996.0   825.7   916.0   943.4   925.5   904.9   852.2   655.2   700.5   812.9   799.4   826.7   799.2   756.6   632.2   688.8   735.6   658.0   614.2   643.5   680.4   661.3   780.4   822.6   885.4   1.045e3 1.005e3 1.092e3 1.176e3 1.120e3 1.052e3 1.062e3 964.4   795.7   
   200.e3  73.48   96.37   185.4   228.4   291.3   331.3   289.6   293.7   270.4   270.7   445.4   491.8   522.9   578.9   563.5   587.5   647.3   582.5   605.8   700.9   730.4   674.0   636.1   604.3   556.9   612.3   571.0   549.1   565.1   497.5   526.7   640.8   758.1   645.2   648.6   668.7   1.059e3 957.6   877.0   890.6   852.5   810.6   889.8   781.7   689.8   734.4   773.0   779.8   812.2   865.7   1.010e3 1.205e3 973.0   1.023e3 1.064e3 1.106e3 1.153e3 1.121e3 1.054e3 875.6   970.7   998.2   978.2   957.8   906.9   701.2   747.6   863.0   847.7   876.2   847.5   806.7   674.4   731.1   786.8   706.0   655.3   687.5   722.2   700.5   829.6   871.9   951.7   1.105e3 1.063e3 1.159e3 1.243e3 1.189e3 1.108e3 1.128e3 1.024e3 854.6   
   225.e3  81.05   106.0   196.8   243.6   311.0   349.9   308.6   313.8   288.7   290.2   473.3   519.8   551.0   611.6   600.1   626.0   686.5   629.1   651.6   734.8   772.0   720.3   673.4   645.0   594.5   656.2   608.8   586.1   603.1   536.5   565.0   677.9   802.3   688.9   695.5   729.3   1.117e3 1.014e3 932.4   945.4   909.2   871.2   952.9   841.1   751.8   775.7   820.3   834.1   865.1   920.1   1.074e3 1.300e3 1.035e3 1.106e3 1.135e3 1.183e3 1.229e3 1.204e3 1.121e3 935.0   1.036e3 1.062e3 1.040e3 1.020e3 972.1   756.9   803.7   922.1   904.5   934.3   904.7   865.4   725.0   781.6   847.6   762.9   704.4   740.4   771.9   748.8   888.2   930.4   1.030e3 1.175e3 1.131e3 1.238e3 1.317e3 1.273e3 1.176e3 1.206e3 1.095e3 926.5   
   250.e3  88.45   115.1   207.4   258.1   329.8   368.4   326.6   332.7   306.0   307.6   499.3   545.8   576.7   641.6   634.2   662.1   722.9   673.4   695.0   766.4   810.6   763.9   707.5   683.6   630.2   697.4   644.5   620.8   637.1   573.3   601.2   712.6   843.2   729.8   739.8   786.5   1.169e3 1.066e3 983.7   996.8   962.5   928.0   1.012e3 896.7   811.1   814.5   864.8   885.4   914.3   970.8   1.133e3 1.387e3 1.091e3 1.185e3 1.201e3 1.256e3 1.300e3 1.281e3 1.184e3 991.5   1.097e3 1.121e3 1.098e3 1.078e3 1.034e3 810.8   856.9   977.7   957.8   988.6   959.0   920.3   773.4   829.6   905.2   816.7   751.2   791.0   819.3   796.2   943.9   985.7   1.104e3 1.239e3 1.194e3 1.312e3 1.383e3 1.352e3 1.239e3 1.280e3 1.162e3 996.5   
   275.e3  95.65   123.8   217.3   272.0   347.6   386.7   343.7   350.7   322.5   323.2   523.7   570.1   600.3   669.3   666.3   696.1   756.7   715.7   736.3   796.9   847.0   805.3   739.1   720.2   664.1   736.1   678.3   653.7   667.4   608.2   635.4   745.1   881.3   768.2   781.7   840.3   1.218e3 1.115e3 1.032e3 1.045e3 1.013e3 981.3   1.067e3 949.1   867.8   851.3   906.8   934.1   960.4   1.018e3 1.189e3 1.468e3 1.143e3 1.259e3 1.264e3 1.325e3 1.366e3 1.353e3 1.243e3 1.045e3 1.155e3 1.175e3 1.153e3 1.132e3 1.093e3 862.8   907.4   1.030e3 1.008e3 1.040e3 1.011e3 972.0   819.8   875.5   959.7   867.8   796.0   839.5   864.6   842.5   997.0   1.038e3 1.175e3 1.298e3 1.254e3 1.381e3 1.442e3 1.427e3 1.300e3 1.351e3 1.227e3 1.065e3 
   300.e3  102.6   132.1   226.7   285.4   364.5   404.6   359.9   367.8   338.4   337.7   546.7   592.8   622.0   695.0   696.4   728.2   788.3   756.1   775.6   826.9   881.5   844.6   769.0   755.0   696.4   772.5   710.4   684.8   694.2   641.3   667.9   775.7   916.8   804.5   821.5   891.2   1.263e3 1.161e3 1.076e3 1.091e3 1.061e3 1.032e3 1.119e3 998.5   922.0   886.3   946.6   980.4   1.004e3 1.063e3 1.241e3 1.543e3 1.192e3 1.329e3 1.323e3 1.391e3 1.429e3 1.419e3 1.299e3 1.097e3 1.211e3 1.227e3 1.204e3 1.183e3 1.149e3 913.3   955.4   1.080e3 1.055e3 1.088e3 1.060e3 1.021e3 864.4   919.5   1.012e3 916.5   839.1   885.8   908.1   887.5   1.048e3 1.088e3 1.242e3 1.354e3 1.309e3 1.446e3 1.496e3 1.500e3 1.357e3 1.419e3 1.289e3 1.131e3 
   325.e3  109.4   140.0   235.5   298.2   380.6   422.1   375.3   384.1   353.6   351.5   568.5   614.0   641.9   718.8   724.8   758.6   817.8   794.7   813.1   856.5   914.5   881.9   797.6   788.2   727.3   806.8   740.9   714.3   718.1   672.9   698.9   804.7   950.0   838.7   859.2   939.4   1.304e3 1.204e3 1.118e3 1.134e3 1.106e3 1.079e3 1.168e3 1.045e3 973.9   919.7   984.6   1.025e3 1.045e3 1.106e3 1.289e3 1.612e3 1.238e3 1.395e3 1.380e3 1.454e3 1.488e3 1.480e3 1.351e3 1.146e3 1.263e3 1.275e3 1.253e3 1.231e3 1.202e3 962.2   1.001e3 1.127e3 1.100e3 1.133e3 1.107e3 1.067e3 907.3   961.8   1.061e3 962.9   880.4   930.1   949.8   931.3   1.097e3 1.135e3 1.306e3 1.406e3 1.362e3 1.508e3 1.546e3 1.569e3 1.412e3 1.484e3 1.349e3 1.195e3 
   350.e3  115.9   147.6   243.8   310.6   395.7   439.0   390.1   399.7   368.2   365.2   589.0   634.0   660.2   741.0   751.7   787.4   845.5   831.6   848.9   885.6   946.0   917.3   825.5   820.0   756.8   839.1   770.0   742.4   739.5   703.0   728.4   832.1   981.2   871.2   895.1   985.1   1.343e3 1.244e3 1.158e3 1.175e3 1.149e3 1.124e3 1.215e3 1.089e3 1.023e3 951.8   1.021e3 1.067e3 1.084e3 1.147e3 1.335e3 1.677e3 1.282e3 1.458e3 1.434e3 1.514e3 1.546e3 1.536e3 1.401e3 1.194e3 1.314e3 1.321e3 1.299e3 1.276e3 1.252e3 1.010e3 1.045e3 1.172e3 1.143e3 1.176e3 1.152e3 1.111e3 948.8   1.002e3 1.108e3 1.007e3 920.2   972.3   990.1   973.8   1.143e3 1.179e3 1.367e3 1.456e3 1.411e3 1.566e3 1.594e3 1.635e3 1.466e3 1.546e3 1.406e3 1.257e3 
   375.e3  122.0   154.8   251.6   322.6   410.0   455.3   404.2   414.5   382.3   378.8   608.5   652.9   677.1   761.7   777.0   814.7   871.5   866.9   883.1   914.1   976.0   951.1   852.7   850.3   785.1   869.5   797.8   769.2   758.9   731.7   756.6   858.2   1.011e3 902.1   929.2   1.029e3 1.379e3 1.282e3 1.196e3 1.214e3 1.190e3 1.167e3 1.259e3 1.131e3 1.071e3 982.6   1.055e3 1.107e3 1.121e3 1.186e3 1.379e3 1.737e3 1.324e3 1.518e3 1.486e3 1.571e3 1.600e3 1.587e3 1.447e3 1.240e3 1.362e3 1.365e3 1.343e3 1.318e3 1.301e3 1.056e3 1.087e3 1.214e3 1.183e3 1.217e3 1.195e3 1.152e3 988.8   1.042e3 1.153e3 1.050e3 958.6   1.013e3 1.029e3 1.015e3 1.188e3 1.222e3 1.425e3 1.504e3 1.458e3 1.621e3 1.640e3 1.699e3 1.517e3 1.605e3 1.462e3 1.317e3 
   400.e3  127.9   161.8   259.1   334.1   423.6   471.0   417.7   428.8   395.9   392.5   626.9   670.7   692.7   781.1   801.1   840.6   896.0   900.7   915.9   942.0   1.005e3 983.3   879.5   879.4   812.2   898.3   824.4   794.9   776.8   759.2   783.6   883.0   1.038e3 931.4   961.8   1.070e3 1.412e3 1.318e3 1.232e3 1.251e3 1.229e3 1.207e3 1.300e3 1.171e3 1.116e3 1.012e3 1.089e3 1.146e3 1.157e3 1.223e3 1.420e3 1.792e3 1.365e3 1.574e3 1.536e3 1.625e3 1.653e3 1.633e3 1.492e3 1.284e3 1.408e3 1.407e3 1.385e3 1.357e3 1.347e3 1.100e3 1.127e3 1.255e3 1.222e3 1.256e3 1.236e3 1.192e3 1.028e3 1.079e3 1.196e3 1.091e3 995.6   1.051e3 1.067e3 1.055e3 1.231e3 1.263e3 1.481e3 1.550e3 1.502e3 1.673e3 1.686e3 1.760e3 1.566e3 1.662e3 1.516e3 1.375e3 
   450.e3  138.8   174.8   272.9   355.9   448.6   500.6   443.1   455.6   421.7   420.1   661.1   703.4   720.4   816.3   845.5   888.8   940.7   964.0   977.2   995.1   1.058e3 1.043e3 931.9   934.0   863.4   951.2   874.3   842.8   809.6   810.8   834.2   929.2   1.089e3 985.9   1.023e3 1.148e3 1.472e3 1.384e3 1.299e3 1.320e3 1.303e3 1.282e3 1.377e3 1.245e3 1.201e3 1.069e3 1.152e3 1.218e3 1.225e3 1.295e3 1.495e3 1.892e3 1.442e3 1.678e3 1.629e3 1.727e3 1.752e3 1.716e3 1.574e3 1.367e3 1.495e3 1.486e3 1.463e3 1.428e3 1.433e3 1.186e3 1.201e3 1.331e3 1.294e3 1.328e3 1.313e3 1.266e3 1.101e3 1.151e3 1.276e3 1.167e3 1.066e3 1.123e3 1.138e3 1.131e3 1.313e3 1.339e3 1.585e3 1.636e3 1.584e3 1.770e3 1.774e3 1.875e3 1.661e3 1.770e3 1.617e3 1.484e3 
   500.e3  148.3   186.8   285.3   376.1   470.9   527.8   466.4   480.2   445.8   447.6   692.1   732.8   744.1   847.2   885.5   932.6   980.4   1.022e3 1.033e3 1.045e3 1.107e3 1.098e3 982.8   984.2   910.7   998.7   920.1   886.9   839.9   858.1   880.7   971.5   1.134e3 1.035e3 1.078e3 1.218e3 1.525e3 1.443e3 1.362e3 1.383e3 1.370e3 1.350e3 1.446e3 1.311e3 1.279e3 1.122e3 1.210e3 1.284e3 1.289e3 1.361e3 1.562e3 1.977e3 1.515e3 1.771e3 1.714e3 1.820e3 1.844e3 1.787e3 1.649e3 1.444e3 1.575e3 1.560e3 1.534e3 1.490e3 1.511e3 1.266e3 1.270e3 1.401e3 1.359e3 1.393e3 1.385e3 1.334e3 1.170e3 1.218e3 1.349e3 1.238e3 1.132e3 1.188e3 1.205e3 1.203e3 1.389e3 1.409e3 1.681e3 1.716e3 1.658e3 1.857e3 1.860e3 1.981e3 1.750e3 1.870e3 1.713e3 1.585e3 
   550.e3  156.5   197.7   296.5   394.7   490.9   552.6   487.9   503.0   468.4   474.6   720.3   759.3   764.6   874.5   921.7   972.4   1.016e3 1.075e3 1.085e3 1.090e3 1.151e3 1.148e3 1.032e3 1.031e3 954.5   1.041e3 962.3   927.6   868.9   901.7   923.6   1.010e3 1.175e3 1.081e3 1.129e3 1.284e3 1.572e3 1.497e3 1.420e3 1.440e3 1.431e3 1.411e3 1.508e3 1.371e3 1.350e3 1.171e3 1.266e3 1.346e3 1.348e3 1.423e3 1.623e3 2.051e3 1.583e3 1.855e3 1.793e3 1.905e3 1.929e3 1.849e3 1.717e3 1.516e3 1.648e3 1.628e3 1.599e3 1.546e3 1.583e3 1.341e3 1.333e3 1.465e3 1.419e3 1.453e3 1.451e3 1.396e3 1.235e3 1.281e3 1.416e3 1.304e3 1.193e3 1.248e3 1.269e3 1.271e3 1.460e3 1.475e3 1.769e3 1.791e3 1.726e3 1.936e3 1.943e3 2.079e3 1.834e3 1.962e3 1.802e3 1.679e3 
   600.e3  163.6   207.7   306.7   411.8   508.7   575.1   507.6   524.1   489.6   500.7   745.8   783.1   782.4   898.7   954.4   1.009e3 1.047e3 1.123e3 1.132e3 1.132e3 1.191e3 1.193e3 1.079e3 1.073e3 995.1   1.080e3 1.001e3 965.1   897.1   941.9   963.3   1.046e3 1.212e3 1.122e3 1.176e3 1.344e3 1.612e3 1.545e3 1.475e3 1.493e3 1.487e3 1.467e3 1.564e3 1.426e3 1.414e3 1.218e3 1.318e3 1.402e3 1.403e3 1.481e3 1.678e3 2.114e3 1.647e3 1.931e3 1.865e3 1.983e3 2.007e3 1.904e3 1.779e3 1.584e3 1.715e3 1.693e3 1.658e3 1.596e3 1.648e3 1.412e3 1.391e3 1.523e3 1.474e3 1.507e3 1.512e3 1.453e3 1.297e3 1.340e3 1.477e3 1.365e3 1.251e3 1.303e3 1.329e3 1.334e3 1.525e3 1.537e3 1.850e3 1.861e3 1.787e3 2.008e3 2.022e3 2.169e3 1.914e3 2.047e3 1.886e3 1.765e3 
   650.e3  169.6   216.8   315.9   427.3   524.6   595.4   525.8   543.7   509.5   525.8   769.1   804.6   798.1   920.1   983.9   1.042e3 1.075e3 1.167e3 1.175e3 1.170e3 1.228e3 1.234e3 1.124e3 1.113e3 1.033e3 1.115e3 1.037e3 999.9   924.6   979.0   1.000e3 1.079e3 1.245e3 1.160e3 1.218e3 1.399e3 1.648e3 1.588e3 1.526e3 1.541e3 1.538e3 1.518e3 1.614e3 1.475e3 1.473e3 1.263e3 1.367e3 1.454e3 1.455e3 1.534e3 1.728e3 2.168e3 1.706e3 1.998e3 1.931e3 2.053e3 2.079e3 1.953e3 1.835e3 1.646e3 1.777e3 1.753e3 1.713e3 1.641e3 1.708e3 1.479e3 1.445e3 1.578e3 1.525e3 1.557e3 1.569e3 1.506e3 1.354e3 1.395e3 1.533e3 1.421e3 1.306e3 1.354e3 1.385e3 1.395e3 1.587e3 1.596e3 1.924e3 1.927e3 1.843e3 2.073e3 2.097e3 2.252e3 1.990e3 2.125e3 1.964e3 1.846e3 
   700.e3  174.5   225.1   324.2   441.3   538.6   613.7   542.5   561.8   528.2   549.6   790.3   824.1   811.9   939.0   1.011e3 1.072e3 1.101e3 1.207e3 1.215e3 1.205e3 1.260e3 1.271e3 1.166e3 1.149e3 1.068e3 1.146e3 1.071e3 1.032e3 951.4   1.013e3 1.034e3 1.110e3 1.275e3 1.195e3 1.258e3 1.449e3 1.680e3 1.628e3 1.573e3 1.585e3 1.585e3 1.564e3 1.660e3 1.520e3 1.526e3 1.306e3 1.414e3 1.502e3 1.504e3 1.585e3 1.773e3 2.214e3 1.761e3 2.059e3 1.992e3 2.118e3 2.144e3 1.998e3 1.886e3 1.705e3 1.834e3 1.809e3 1.763e3 1.681e3 1.762e3 1.542e3 1.495e3 1.628e3 1.571e3 1.603e3 1.622e3 1.555e3 1.408e3 1.446e3 1.584e3 1.474e3 1.357e3 1.402e3 1.439e3 1.451e3 1.644e3 1.653e3 1.993e3 1.988e3 1.894e3 2.132e3 2.167e3 2.329e3 2.063e3 2.198e3 2.038e3 1.920e3 
   800.e3  182.0   239.4   338.6   464.8   562.0   644.5   571.7   594.1   562.3   593.5   827.1   857.6   835.2   970.6   1.057e3 1.124e3 1.143e3 1.276e3 1.284e3 1.266e3 1.316e3 1.336e3 1.244e3 1.214e3 1.130e3 1.201e3 1.130e3 1.090e3 1.002e3 1.074e3 1.095e3 1.164e3 1.326e3 1.256e3 1.327e3 1.538e3 1.733e3 1.696e3 1.659e3 1.662e3 1.668e3 1.643e3 1.738e3 1.597e3 1.618e3 1.385e3 1.501e3 1.588e3 1.593e3 1.675e3 1.850e3 2.286e3 1.858e3 2.161e3 2.099e3 2.230e3 2.259e3 2.077e3 1.976e3 1.810e3 1.935e3 1.909e3 1.852e3 1.754e3 1.857e3 1.655e3 1.583e3 1.716e3 1.654e3 1.684e3 1.715e3 1.642e3 1.507e3 1.541e3 1.675e3 1.568e3 1.450e3 1.489e3 1.538e3 1.555e3 1.747e3 1.759e3 2.114e3 2.097e3 1.984e3 2.234e3 2.294e3 2.464e3 2.200e3 2.325e3 2.169e3 2.054e3 
   900.e3  186.9   250.9   350.3   482.6   580.0   668.4   596.1   621.7   592.5   632.3   857.5   884.9   853.9   995.3   1.094e3 1.167e3 1.176e3 1.333e3 1.341e3 1.316e3 1.362e3 1.388e3 1.313e3 1.269e3 1.184e3 1.247e3 1.181e3 1.140e3 1.048e3 1.126e3 1.147e3 1.211e3 1.369e3 1.307e3 1.385e3 1.612e3 1.773e3 1.751e3 1.732e3 1.726e3 1.737e3 1.708e3 1.802e3 1.661e3 1.693e3 1.456e3 1.580e3 1.661e3 1.671e3 1.752e3 1.913e3 2.338e3 1.940e3 2.242e3 2.188e3 2.322e3 2.353e3 2.144e3 2.051e3 1.901e3 2.020e3 1.996e3 1.928e3 1.816e3 1.936e3 1.754e3 1.659e3 1.792e3 1.724e3 1.753e3 1.796e3 1.716e3 1.595e3 1.624e3 1.751e3 1.649e3 1.533e3 1.567e3 1.627e3 1.647e3 1.836e3 1.858e3 2.215e3 2.190e3 2.059e3 2.318e3 2.402e3 2.576e3 2.325e3 2.433e3 2.282e3 2.169e3 
   1.00e6  189.8   260.2   359.8   495.3   593.5   686.5   616.0   645.3   619.2   666.1   882.4   907.0   869.1   1.014e3 1.125e3 1.203e3 1.202e3 1.378e3 1.388e3 1.357e3 1.398e3 1.431e3 1.371e3 1.316e3 1.231e3 1.285e3 1.224e3 1.183e3 1.090e3 1.170e3 1.193e3 1.252e3 1.403e3 1.351e3 1.435e3 1.674e3 1.804e3 1.797e3 1.795e3 1.780e3 1.794e3 1.762e3 1.853e3 1.712e3 1.754e3 1.521e3 1.651e3 1.723e3 1.738e3 1.818e3 1.964e3 2.372e3 2.009e3 2.306e3 2.263e3 2.397e3 2.430e3 2.200e3 2.113e3 1.980e3 2.091e3 2.069e3 1.992e3 1.872e3 2.001e3 1.841e3 1.724e3 1.857e3 1.784e3 1.811e3 1.865e3 1.780e3 1.672e3 1.697e3 1.815e3 1.720e3 1.607e3 1.637e3 1.706e3 1.730e3 1.914e3 1.949e3 2.300e3 2.269e3 2.123e3 2.388e3 2.492e3 2.670e3 2.440e3 2.523e3 2.376e3 2.269e3 
   1.10e6  191.4   267.5   367.4   503.7   603.2   699.7   632.1   665.3   642.7   695.4   902.7   924.8   881.5   1.029e3 1.149e3 1.231e3 1.223e3 1.414e3 1.426e3 1.391e3 1.427e3 1.465e3 1.421e3 1.355e3 1.270e3 1.316e3 1.261e3 1.220e3 1.127e3 1.207e3 1.232e3 1.287e3 1.431e3 1.387e3 1.476e3 1.724e3 1.827e3 1.833e3 1.848e3 1.824e3 1.841e3 1.805e3 1.894e3 1.754e3 1.802e3 1.580e3 1.715e3 1.776e3 1.797e3 1.874e3 2.006e3 2.394e3 2.066e3 2.356e3 2.325e3 2.458e3 2.492e3 2.246e3 2.165e3 2.047e3 2.151e3 2.131e3 2.046e3 1.920e3 2.055e3 1.916e3 1.779e3 1.913e3 1.835e3 1.861e3 1.924e3 1.835e3 1.740e3 1.762e3 1.869e3 1.781e3 1.672e3 1.700e3 1.778e3 1.802e3 1.981e3 2.032e3 2.372e3 2.334e3 2.177e3 2.445e3 2.567e3 2.747e3 2.546e3 2.598e3 2.455e3 2.356e3 
   1.20e6  191.9   273.0   373.3   508.5   609.8   708.7   644.9   682.2   663.3   720.5   919.0   938.9   891.5   1.039e3 1.168e3 1.254e3 1.238e3 1.441e3 1.457e3 1.417e3 1.449e3 1.491e3 1.463e3 1.388e3 1.304e3 1.342e3 1.293e3 1.252e3 1.160e3 1.239e3 1.265e3 1.318e3 1.454e3 1.418e3 1.511e3 1.765e3 1.844e3 1.863e3 1.893e3 1.860e3 1.879e3 1.841e3 1.926e3 1.788e3 1.841e3 1.632e3 1.771e3 1.820e3 1.848e3 1.920e3 2.040e3 2.406e3 2.112e3 2.394e3 2.375e3 2.506e3 2.541e3 2.283e3 2.208e3 2.105e3 2.200e3 2.183e3 2.092e3 1.963e3 2.099e3 1.980e3 1.826e3 1.960e3 1.878e3 1.903e3 1.974e3 1.883e3 1.800e3 1.819e3 1.915e3 1.835e3 1.730e3 1.756e3 1.841e3 1.867e3 2.040e3 2.108e3 2.431e3 2.388e3 2.223e3 2.492e3 2.627e3 2.810e3 2.641e3 2.659e3 2.518e3 2.430e3 
   1.30e6  191.7   277.1   377.9   510.5   613.9   714.2   654.7   696.3   681.3   741.9   931.9   949.8   899.6   1.047e3 1.183e3 1.273e3 1.249e3 1.462e3 1.481e3 1.438e3 1.466e3 1.512e3 1.497e3 1.415e3 1.332e3 1.364e3 1.319e3 1.279e3 1.189e3 1.266e3 1.294e3 1.344e3 1.473e3 1.443e3 1.540e3 1.798e3 1.856e3 1.886e3 1.929e3 1.890e3 1.909e3 1.868e3 1.951e3 1.815e3 1.870e3 1.679e3 1.821e3 1.857e3 1.892e3 1.959e3 2.067e3 2.411e3 2.150e3 2.421e3 2.415e3 2.544e3 2.579e3 2.311e3 2.244e3 2.154e3 2.240e3 2.225e3 2.130e3 2.002e3 2.134e3 2.035e3 1.866e3 2.001e3 1.915e3 1.938e3 2.016e3 1.923e3 1.853e3 1.869e3 1.952e3 1.880e3 1.781e3 1.806e3 1.898e3 1.924e3 2.090e3 2.177e3 2.479e3 2.432e3 2.261e3 2.529e3 2.676e3 2.860e3 2.728e3 2.709e3 2.568e3 2.493e3 
   1.40e6  190.9   280.0   381.2   510.4   615.9   716.9   661.9   707.9   697.0   759.9   941.8   958.0   905.9   1.052e3 1.194e3 1.286e3 1.257e3 1.477e3 1.499e3 1.454e3 1.479e3 1.526e3 1.525e3 1.437e3 1.356e3 1.381e3 1.341e3 1.303e3 1.215e3 1.288e3 1.319e3 1.367e3 1.487e3 1.464e3 1.565e3 1.824e3 1.863e3 1.904e3 1.958e3 1.914e3 1.933e3 1.890e3 1.970e3 1.836e3 1.893e3 1.720e3 1.864e3 1.888e3 1.929e3 1.992e3 2.088e3 2.409e3 2.181e3 2.441e3 2.447e3 2.572e3 2.607e3 2.333e3 2.272e3 2.195e3 2.272e3 2.260e3 2.163e3 2.035e3 2.163e3 2.082e3 1.901e3 2.035e3 1.947e3 1.968e3 2.052e3 1.958e3 1.899e3 1.913e3 1.984e3 1.920e3 1.827e3 1.851e3 1.949e3 1.975e3 2.133e3 2.239e3 2.519e3 2.467e3 2.294e3 2.560e3 2.713e3 2.900e3 2.805e3 2.749e3 2.606e3 2.546e3 
   1.50e6  189.7   281.8   383.5   508.8   616.1   717.3   667.0   717.4   710.6   774.8   949.1   963.9   910.6   1.054e3 1.202e3 1.297e3 1.262e3 1.486e3 1.513e3 1.466e3 1.487e3 1.537e3 1.547e3 1.455e3 1.376e3 1.395e3 1.360e3 1.323e3 1.236e3 1.307e3 1.340e3 1.387e3 1.498e3 1.482e3 1.585e3 1.843e3 1.867e3 1.918e3 1.981e3 1.932e3 1.951e3 1.907e3 1.984e3 1.853e3 1.910e3 1.755e3 1.901e3 1.914e3 1.960e3 2.018e3 2.104e3 2.403e3 2.205e3 2.454e3 2.471e3 2.593e3 2.627e3 2.349e3 2.295e3 2.229e3 2.297e3 2.288e3 2.189e3 2.064e3 2.185e3 2.122e3 1.929e3 2.064e3 1.973e3 1.993e3 2.082e3 1.988e3 1.939e3 1.952e3 2.009e3 1.954e3 1.867e3 1.891e3 1.994e3 2.019e3 2.170e3 2.294e3 2.551e3 2.495e3 2.321e3 2.584e3 2.742e3 2.930e3 2.873e3 2.780e3 2.633e3 2.590e3 
   1.60e6  188.2   282.7   385.0   506.0   614.9   715.7   670.2   724.9   722.3   787.0   954.2   967.8   914.1   1.055e3 1.207e3 1.304e3 1.265e3 1.492e3 1.522e3 1.474e3 1.492e3 1.543e3 1.564e3 1.469e3 1.392e3 1.405e3 1.375e3 1.339e3 1.255e3 1.322e3 1.358e3 1.403e3 1.507e3 1.496e3 1.601e3 1.857e3 1.868e3 1.927e3 1.999e3 1.946e3 1.964e3 1.919e3 1.993e3 1.864e3 1.921e3 1.785e3 1.932e3 1.934e3 1.986e3 2.038e3 2.116e3 2.394e3 2.223e3 2.461e3 2.489e3 2.607e3 2.640e3 2.360e3 2.313e3 2.257e3 2.317e3 2.309e3 2.211e3 2.090e3 2.202e3 2.155e3 1.954e3 2.088e3 1.995e3 2.014e3 2.107e3 2.014e3 1.973e3 1.985e3 2.030e3 1.983e3 1.902e3 1.926e3 2.033e3 2.058e3 2.201e3 2.343e3 2.576e3 2.516e3 2.344e3 2.602e3 2.763e3 2.952e3 2.931e3 2.803e3 2.650e3 2.627e3 
   1.70e6  186.5   282.9   385.6   502.6   612.5   712.7   671.8   730.7   732.3   796.8   957.4   970.1   916.4   1.054e3 1.210e3 1.308e3 1.266e3 1.494e3 1.528e3 1.480e3 1.495e3 1.546e3 1.576e3 1.479e3 1.405e3 1.414e3 1.387e3 1.353e3 1.272e3 1.334e3 1.373e3 1.417e3 1.513e3 1.507e3 1.615e3 1.867e3 1.867e3 1.933e3 2.012e3 1.956e3 1.973e3 1.927e3 1.999e3 1.873e3 1.929e3 1.809e3 1.958e3 1.951e3 2.008e3 2.054e3 2.124e3 2.381e3 2.237e3 2.464e3 2.502e3 2.615e3 2.648e3 2.365e3 2.327e3 2.279e3 2.331e3 2.325e3 2.228e3 2.112e3 2.215e3 2.183e3 1.974e3 2.108e3 2.013e3 2.032e3 2.127e3 2.035e3 2.003e3 2.014e3 2.047e3 2.008e3 1.933e3 1.957e3 2.068e3 2.092e3 2.227e3 2.386e3 2.595e3 2.531e3 2.363e3 2.616e3 2.777e3 2.967e3 2.980e3 2.820e3 2.661e3 2.656e3 
   1.80e6  184.6   282.5   385.7   498.6   609.2   708.4   672.1   735.1   740.8   804.5   958.9   970.8   917.7   1.052e3 1.211e3 1.310e3 1.265e3 1.493e3 1.530e3 1.482e3 1.495e3 1.546e3 1.584e3 1.487e3 1.415e3 1.420e3 1.396e3 1.365e3 1.285e3 1.344e3 1.385e3 1.429e3 1.517e3 1.515e3 1.625e3 1.874e3 1.863e3 1.937e3 2.020e3 1.962e3 1.978e3 1.933e3 2.001e3 1.878e3 1.932e3 1.828e3 1.980e3 1.964e3 2.025e3 2.066e3 2.129e3 2.367e3 2.247e3 2.463e3 2.509e3 2.618e3 2.650e3 2.367e3 2.337e3 2.297e3 2.342e3 2.337e3 2.242e3 2.131e3 2.223e3 2.205e3 1.990e3 2.125e3 2.028e3 2.046e3 2.143e3 2.053e3 2.029e3 2.039e3 2.061e3 2.029e3 1.960e3 1.984e3 2.098e3 2.121e3 2.249e3 2.423e3 2.610e3 2.541e3 2.379e3 2.625e3 2.785e3 2.977e3 3.019e3 2.832e3 2.664e3 2.680e3 
   2.00e6  180.4   280.2   384.1   489.8   600.4   697.1   669.6   739.9   753.5   814.4   957.8   968.6   917.6   1.045e3 1.207e3 1.308e3 1.259e3 1.483e3 1.528e3 1.481e3 1.489e3 1.539e3 1.591e3 1.494e3 1.428e3 1.426e3 1.409e3 1.382e3 1.306e3 1.357e3 1.403e3 1.447e3 1.520e3 1.526e3 1.640e3 1.877e3 1.851e3 1.936e3 2.026e3 1.967e3 1.979e3 1.935e3 1.999e3 1.881e3 1.931e3 1.853e3 2.010e3 1.981e3 2.049e3 2.080e3 2.131e3 2.333e3 2.257e3 2.451e3 2.512e3 2.613e3 2.644e3 2.362e3 2.347e3 2.320e3 2.351e3 2.348e3 2.260e3 2.159e3 2.232e3 2.237e3 2.015e3 2.148e3 2.049e3 2.066e3 2.166e3 2.080e3 2.068e3 2.079e3 2.079e3 2.061e3 2.003e3 2.027e3 2.146e3 2.168e3 2.282e3 2.482e3 2.626e3 2.550e3 2.403e3 2.635e3 2.789e3 2.981e3 3.072e3 2.841e3 2.657e3 2.711e3 
   2.25e6  174.9   275.5   379.8   478.3   586.7   679.7   662.4   740.1   763.1   818.6   950.4   960.7   913.7   1.032e3 1.196e3 1.297e3 1.247e3 1.462e3 1.514e3 1.471e3 1.474e3 1.522e3 1.585e3 1.493e3 1.433e3 1.425e3 1.415e3 1.393e3 1.323e3 1.365e3 1.416e3 1.460e3 1.516e3 1.531e3 1.648e3 1.867e3 1.830e3 1.926e3 2.019e3 1.960e3 1.967e3 1.926e3 1.985e3 1.874e3 1.918e3 1.860e3 2.029e3 1.988e3 2.063e3 2.082e3 2.123e3 2.286e3 2.256e3 2.424e3 2.500e3 2.591e3 2.620e3 2.342e3 2.347e3 2.330e3 2.347e3 2.346e3 2.269e3 2.181e3 2.229e3 2.258e3 2.031e3 2.163e3 2.064e3 2.079e3 2.179e3 2.101e3 2.100e3 2.112e3 2.089e3 2.087e3 2.042e3 2.063e3 2.188e3 2.208e3 2.305e3 2.532e3 2.628e3 2.544e3 2.420e3 2.633e3 2.775e3 2.966e3 3.091e3 2.834e3 2.630e3 2.727e3 
   2.50e6  169.3   269.5   373.8   466.8   571.3   660.6   652.4   735.6   767.1   816.3   938.4   948.7   906.4   1.016e3 1.179e3 1.280e3 1.230e3 1.433e3 1.492e3 1.453e3 1.453e3 1.498e3 1.568e3 1.483e3 1.430e3 1.418e3 1.412e3 1.396e3 1.331e3 1.364e3 1.420e3 1.465e3 1.507e3 1.527e3 1.648e3 1.848e3 1.803e3 1.907e3 2.000e3 1.944e3 1.946e3 1.909e3 1.963e3 1.858e3 1.897e3 1.847e3 2.031e3 1.984e3 2.063e3 2.072e3 2.106e3 2.236e3 2.244e3 2.388e3 2.474e3 2.556e3 2.584e3 2.312e3 2.335e3 2.326e3 2.331e3 2.332e3 2.266e3 2.190e3 2.216e3 2.263e3 2.037e3 2.167e3 2.067e3 2.082e3 2.180e3 2.111e3 2.118e3 2.131e3 2.088e3 2.100e3 2.066e3 2.085e3 2.214e3 2.232e3 2.314e3 2.559e3 2.616e3 2.525e3 2.426e3 2.620e3 2.748e3 2.936e3 3.070e3 2.811e3 2.593e3 2.725e3 
   2.75e6  163.8   262.7   366.7   455.6   555.2   640.7   640.6   727.6   766.6   809.2   923.2   934.0   896.9   997.8   1.159e3 1.258e3 1.211e3 1.401e3 1.464e3 1.431e3 1.428e3 1.469e3 1.544e3 1.467e3 1.420e3 1.405e3 1.404e3 1.393e3 1.332e3 1.358e3 1.418e3 1.464e3 1.493e3 1.518e3 1.642e3 1.823e3 1.774e3 1.883e3 1.972e3 1.920e3 1.917e3 1.886e3 1.935e3 1.838e3 1.870e3 1.821e3 2.020e3 1.972e3 2.054e3 2.054e3 2.083e3 2.186e3 2.225e3 2.347e3 2.439e3 2.514e3 2.541e3 2.277e3 2.316e3 2.310e3 2.307e3 2.308e3 2.254e3 2.190e3 2.195e3 2.257e3 2.035e3 2.162e3 2.063e3 2.078e3 2.172e3 2.111e3 2.124e3 2.139e3 2.080e3 2.103e3 2.080e3 2.096e3 2.227e3 2.244e3 2.312e3 2.568e3 2.594e3 2.498e3 2.425e3 2.599e3 2.712e3 2.895e3 3.019e3 2.779e3 2.552e3 2.709e3 
   3.00e6  158.4   255.5   358.8   444.6   538.9   621.0   628.0   717.0   762.5   798.8   906.0   917.5   885.6   978.7   1.137e3 1.234e3 1.190e3 1.366e3 1.434e3 1.405e3 1.401e3 1.438e3 1.515e3 1.447e3 1.405e3 1.389e3 1.391e3 1.385e3 1.329e3 1.347e3 1.411e3 1.459e3 1.476e3 1.505e3 1.631e3 1.793e3 1.744e3 1.856e3 1.940e3 1.893e3 1.884e3 1.859e3 1.904e3 1.814e3 1.840e3 1.787e3 2.001e3 1.954e3 2.037e3 2.030e3 2.057e3 2.136e3 2.200e3 2.304e3 2.399e3 2.467e3 2.494e3 2.239e3 2.292e3 2.288e3 2.277e3 2.279e3 2.236e3 2.182e3 2.171e3 2.242e3 2.026e3 2.151e3 2.053e3 2.068e3 2.157e3 2.106e3 2.121e3 2.138e3 2.067e3 2.100e3 2.085e3 2.097e3 2.230e3 2.246e3 2.302e3 2.564e3 2.566e3 2.466e3 2.418e3 2.573e3 2.671e3 2.849e3 2.951e3 2.741e3 2.509e3 2.685e3 
   3.25e6  153.2   248.3   350.6   433.8   522.9   601.7   614.9   704.6   755.8   786.2   887.5   899.9   873.1   959.1   1.114e3 1.208e3 1.168e3 1.331e3 1.402e3 1.378e3 1.373e3 1.406e3 1.484e3 1.424e3 1.387e3 1.371e3 1.375e3 1.373e3 1.321e3 1.334e3 1.401e3 1.450e3 1.458e3 1.490e3 1.617e3 1.761e3 1.713e3 1.826e3 1.904e3 1.862e3 1.849e3 1.830e3 1.872e3 1.787e3 1.809e3 1.750e3 1.975e3 1.932e3 2.015e3 2.002e3 2.028e3 2.088e3 2.171e3 2.259e3 2.355e3 2.418e3 2.445e3 2.198e3 2.264e3 2.259e3 2.243e3 2.246e3 2.214e3 2.168e3 2.143e3 2.222e3 2.014e3 2.134e3 2.039e3 2.054e3 2.138e3 2.096e3 2.112e3 2.131e3 2.051e3 2.091e3 2.084e3 2.092e3 2.225e3 2.240e3 2.286e3 2.550e3 2.533e3 2.431e3 2.405e3 2.543e3 2.627e3 2.799e3 2.875e3 2.699e3 2.468e3 2.654e3 
   3.50e6  148.3   241.1   342.2   423.3   507.2   583.2   601.7   691.0   746.9   772.1   868.2   881.7   859.9   939.4   1.090e3 1.180e3 1.145e3 1.296e3 1.369e3 1.350e3 1.344e3 1.373e3 1.451e3 1.399e3 1.367e3 1.351e3 1.357e3 1.359e3 1.311e3 1.319e3 1.388e3 1.438e3 1.439e3 1.472e3 1.599e3 1.728e3 1.681e3 1.794e3 1.867e3 1.829e3 1.813e3 1.799e3 1.838e3 1.759e3 1.776e3 1.713e3 1.945e3 1.908e3 1.989e3 1.972e3 1.997e3 2.042e3 2.140e3 2.214e3 2.310e3 2.368e3 2.395e3 2.158e3 2.233e3 2.227e3 2.207e3 2.211e3 2.188e3 2.151e3 2.114e3 2.197e3 1.998e3 2.115e3 2.022e3 2.037e3 2.116e3 2.082e3 2.099e3 2.120e3 2.032e3 2.078e3 2.077e3 2.081e3 2.214e3 2.229e3 2.267e3 2.529e3 2.497e3 2.393e3 2.388e3 2.512e3 2.581e3 2.747e3 2.799e3 2.655e3 2.429e3 2.620e3 
   3.75e6  143.5   234.1   333.8   413.1   492.1   565.4   588.5   676.5   736.3   757.2   848.7   863.2   846.1   919.8   1.065e3 1.153e3 1.122e3 1.261e3 1.336e3 1.321e3 1.315e3 1.341e3 1.418e3 1.373e3 1.346e3 1.331e3 1.337e3 1.343e3 1.298e3 1.303e3 1.373e3 1.424e3 1.418e3 1.453e3 1.580e3 1.694e3 1.650e3 1.762e3 1.828e3 1.796e3 1.776e3 1.768e3 1.804e3 1.731e3 1.744e3 1.677e3 1.913e3 1.881e3 1.960e3 1.940e3 1.966e3 1.997e3 2.107e3 2.170e3 2.263e3 2.318e3 2.345e3 2.117e3 2.200e3 2.193e3 2.170e3 2.175e3 2.161e3 2.130e3 2.083e3 2.170e3 1.979e3 2.093e3 2.003e3 2.018e3 2.091e3 2.066e3 2.081e3 2.104e3 2.011e3 2.063e3 2.066e3 2.066e3 2.199e3 2.214e3 2.243e3 2.502e3 2.460e3 2.355e3 2.369e3 2.478e3 2.536e3 2.694e3 2.726e3 2.610e3 2.391e3 2.583e3 
   4.00e6  139.0   227.3   325.4   403.1   477.7   548.6   575.5   661.5   724.5   741.7   829.2   844.8   832.0   900.6   1.041e3 1.126e3 1.099e3 1.227e3 1.303e3 1.293e3 1.287e3 1.309e3 1.385e3 1.346e3 1.323e3 1.309e3 1.317e3 1.325e3 1.284e3 1.286e3 1.357e3 1.409e3 1.398e3 1.433e3 1.559e3 1.660e3 1.619e3 1.730e3 1.790e3 1.762e3 1.739e3 1.736e3 1.771e3 1.702e3 1.712e3 1.644e3 1.879e3 1.854e3 1.930e3 1.908e3 1.934e3 1.955e3 2.073e3 2.126e3 2.217e3 2.268e3 2.296e3 2.077e3 2.167e3 2.158e3 2.133e3 2.138e3 2.132e3 2.106e3 2.052e3 2.141e3 1.959e3 2.069e3 1.982e3 1.998e3 2.066e3 2.047e3 2.061e3 2.086e3 1.989e3 2.045e3 2.052e3 2.049e3 2.181e3 2.195e3 2.218e3 2.471e3 2.422e3 2.317e3 2.346e3 2.445e3 2.490e3 2.642e3 2.659e3 2.564e3 2.356e3 2.544e3 
   4.50e6  130.5   214.5   309.3   383.9   450.7   517.4   550.2   631.1   698.5   710.3   790.9   808.5   803.6   863.3   994.2   1.073e3 1.053e3 1.163e3 1.240e3 1.237e3 1.231e3 1.248e3 1.320e3 1.293e3 1.278e3 1.266e3 1.274e3 1.288e3 1.253e3 1.250e3 1.323e3 1.375e3 1.356e3 1.393e3 1.515e3 1.594e3 1.560e3 1.666e3 1.714e3 1.694e3 1.668e3 1.674e3 1.704e3 1.646e3 1.649e3 1.584e3 1.810e3 1.798e3 1.868e3 1.843e3 1.870e3 1.876e3 2.003e3 2.043e3 2.127e3 2.172e3 2.202e3 2.000e3 2.099e3 2.086e3 2.059e3 2.066e3 2.071e3 2.056e3 1.990e3 2.081e3 1.917e3 2.018e3 1.937e3 1.954e3 2.012e3 2.007e3 2.016e3 2.044e3 1.944e3 2.005e3 2.018e3 2.008e3 2.137e3 2.151e3 2.164e3 2.402e3 2.344e3 2.241e3 2.296e3 2.376e3 2.402e3 2.540e3 2.542e3 2.475e3 2.289e3 2.466e3 
   5.00e6  122.8   202.8   294.0   365.7   426.3   489.6   526.2   601.3   671.0   679.6   754.2   773.8   775.6   828.3   949.7   1.022e3 1.008e3 1.104e3 1.180e3 1.183e3 1.179e3 1.191e3 1.259e3 1.241e3 1.232e3 1.223e3 1.231e3 1.249e3 1.220e3 1.213e3 1.286e3 1.339e3 1.315e3 1.352e3 1.469e3 1.531e3 1.503e3 1.604e3 1.642e3 1.629e3 1.601e3 1.614e3 1.641e3 1.591e3 1.591e3 1.534e3 1.742e3 1.741e3 1.804e3 1.779e3 1.809e3 1.804e3 1.934e3 1.964e3 2.040e3 2.082e3 2.113e3 1.928e3 2.032e3 2.014e3 1.987e3 1.996e3 2.010e3 2.002e3 1.930e3 2.020e3 1.872e3 1.965e3 1.890e3 1.909e3 1.957e3 1.963e3 1.968e3 1.997e3 1.898e3 1.962e3 1.978e3 1.963e3 2.088e3 2.101e3 2.107e3 2.329e3 2.269e3 2.169e3 2.242e3 2.309e3 2.318e3 2.444e3 2.446e3 2.390e3 2.229e3 2.389e3 
   5.50e6  115.9   192.1   279.8   348.7   404.2   464.6   503.8   573.0   643.3   650.2   719.8   741.0   748.4   795.5   908.0   974.6   966.0   1.049e3 1.125e3 1.133e3 1.130e3 1.138e3 1.203e3 1.192e3 1.188e3 1.181e3 1.190e3 1.210e3 1.186e3 1.178e3 1.250e3 1.302e3 1.276e3 1.311e3 1.422e3 1.472e3 1.451e3 1.545e3 1.575e3 1.567e3 1.539e3 1.557e3 1.582e3 1.539e3 1.536e3 1.490e3 1.676e3 1.686e3 1.743e3 1.718e3 1.750e3 1.738e3 1.867e3 1.892e3 1.960e3 1.998e3 2.031e3 1.861e3 1.967e3 1.945e3 1.920e3 1.929e3 1.949e3 1.948e3 1.873e3 1.960e3 1.827e3 1.912e3 1.843e3 1.863e3 1.904e3 1.919e3 1.918e3 1.949e3 1.853e3 1.917e3 1.935e3 1.916e3 2.037e3 2.049e3 2.050e3 2.255e3 2.196e3 2.101e3 2.186e3 2.245e3 2.240e3 2.355e3 2.365e3 2.310e3 2.172e3 2.315e3 
   6.00e6  109.6   182.4   266.6   332.7   384.2   442.2   483.0   546.6   616.3   622.4   687.6   710.3   722.3   765.0   869.1   930.5   926.2   1.000e3 1.074e3 1.086e3 1.084e3 1.090e3 1.150e3 1.145e3 1.145e3 1.141e3 1.149e3 1.171e3 1.152e3 1.143e3 1.214e3 1.265e3 1.238e3 1.272e3 1.377e3 1.417e3 1.402e3 1.489e3 1.512e3 1.508e3 1.481e3 1.503e3 1.526e3 1.490e3 1.484e3 1.450e3 1.614e3 1.634e3 1.683e3 1.661e3 1.694e3 1.678e3 1.802e3 1.825e3 1.884e3 1.921e3 1.955e3 1.799e3 1.905e3 1.880e3 1.856e3 1.866e3 1.891e3 1.894e3 1.819e3 1.902e3 1.783e3 1.860e3 1.797e3 1.818e3 1.852e3 1.874e3 1.869e3 1.900e3 1.809e3 1.873e3 1.892e3 1.869e3 1.985e3 1.996e3 1.994e3 2.182e3 2.127e3 2.037e3 2.130e3 2.183e3 2.167e3 2.271e3 2.294e3 2.235e3 2.118e3 2.245e3 
   6.50e6  104.0   173.7   254.5   317.8   366.2   422.1   463.7   522.1   590.4   596.5   657.7   681.6   697.5   736.6   833.1   889.7   889.1   955.0   1.027e3 1.042e3 1.041e3 1.045e3 1.102e3 1.102e3 1.105e3 1.103e3 1.111e3 1.134e3 1.118e3 1.110e3 1.179e3 1.229e3 1.202e3 1.235e3 1.334e3 1.366e3 1.356e3 1.437e3 1.454e3 1.453e3 1.428e3 1.453e3 1.474e3 1.444e3 1.437e3 1.414e3 1.557e3 1.584e3 1.626e3 1.607e3 1.641e3 1.624e3 1.741e3 1.763e3 1.814e3 1.849e3 1.885e3 1.741e3 1.846e3 1.818e3 1.796e3 1.808e3 1.835e3 1.842e3 1.768e3 1.847e3 1.741e3 1.810e3 1.752e3 1.774e3 1.802e3 1.831e3 1.821e3 1.852e3 1.767e3 1.830e3 1.848e3 1.823e3 1.934e3 1.945e3 1.940e3 2.113e3 2.062e3 1.977e3 2.075e3 2.124e3 2.099e3 2.194e3 2.229e3 2.165e3 2.068e3 2.178e3 
   7.00e6  98.86   165.7   243.2   304.0   349.7   403.8   445.7   499.7   565.9   572.3   630.0   654.8   674.0   710.3   799.7   851.9   854.6   913.9   983.8   1.001e3 1.002e3 1.004e3 1.058e3 1.061e3 1.067e3 1.068e3 1.075e3 1.098e3 1.086e3 1.079e3 1.146e3 1.194e3 1.168e3 1.200e3 1.292e3 1.318e3 1.313e3 1.388e3 1.400e3 1.402e3 1.379e3 1.406e3 1.426e3 1.401e3 1.393e3 1.380e3 1.503e3 1.536e3 1.573e3 1.556e3 1.591e3 1.574e3 1.684e3 1.706e3 1.750e3 1.783e3 1.820e3 1.688e3 1.790e3 1.760e3 1.741e3 1.753e3 1.782e3 1.792e3 1.719e3 1.795e3 1.700e3 1.762e3 1.709e3 1.732e3 1.755e3 1.789e3 1.774e3 1.805e3 1.727e3 1.788e3 1.805e3 1.778e3 1.885e3 1.894e3 1.888e3 2.046e3 2.001e3 1.922e3 2.023e3 2.069e3 2.036e3 2.123e3 2.169e3 2.100e3 2.019e3 2.116e3 
   8.00e6  89.99   151.7   223.3   279.0   321.1   372.2   413.7   460.4   521.2   528.8   580.5   606.8   630.7   663.0   740.0   784.6   792.6   841.8   907.5   927.7   931.3   931.1   979.5   987.3   998.5   1.002e3 1.008e3 1.032e3 1.026e3 1.021e3 1.083e3 1.127e3 1.106e3 1.134e3 1.216e3 1.233e3 1.236e3 1.299e3 1.304e3 1.310e3 1.292e3 1.320e3 1.339e3 1.322e3 1.314e3 1.317e3 1.407e3 1.449e3 1.475e3 1.464e3 1.501e3 1.485e3 1.581e3 1.603e3 1.634e3 1.666e3 1.704e3 1.592e3 1.687e3 1.654e3 1.641e3 1.655e3 1.683e3 1.699e3 1.632e3 1.699e3 1.623e3 1.671e3 1.628e3 1.653e3 1.668e3 1.708e3 1.687e3 1.716e3 1.653e3 1.708e3 1.723e3 1.694e3 1.791e3 1.798e3 1.792e3 1.923e3 1.889e3 1.821e3 1.923e3 1.967e3 1.923e3 1.996e3 2.057e3 1.984e3 1.928e3 2.003e3 
   9.00e6  82.60   140.0   206.3   257.4   297.0   345.6   386.0   427.4   482.0   491.2   537.7   565.0   592.1   621.8   688.5   726.8   739.1   780.8   842.3   864.2   870.2   868.9   912.4   923.3   937.9   943.9   949.0   971.8   970.4   969.8   1.027e3 1.067e3 1.050e3 1.076e3 1.148e3 1.159e3 1.169e3 1.221e3 1.221e3 1.229e3 1.218e3 1.246e3 1.262e3 1.253e3 1.245e3 1.257e3 1.323e3 1.372e3 1.388e3 1.383e3 1.420e3 1.408e3 1.490e3 1.515e3 1.534e3 1.565e3 1.604e3 1.509e3 1.596e3 1.562e3 1.553e3 1.568e3 1.594e3 1.615e3 1.555e3 1.614e3 1.553e3 1.590e3 1.555e3 1.581e3 1.591e3 1.635e3 1.608e3 1.635e3 1.586e3 1.635e3 1.646e3 1.617e3 1.705e3 1.711e3 1.705e3 1.814e3 1.790e3 1.733e3 1.833e3 1.876e3 1.825e3 1.886e3 1.951e3 1.882e3 1.844e3 1.903e3 
   10.0e6  76.36   130.0   191.6   238.6   276.5   323.0   362.0   399.7   447.8   458.4   500.7   528.6   557.7   585.7   643.8   676.8   692.7   728.6   786.2   808.8   816.8   815.2   854.5   867.3   884.5   892.3   896.5   917.9   920.3   923.5   975.8   1.011e3 999.9   1.023e3 1.088e3 1.095e3 1.109e3 1.152e3 1.149e3 1.158e3 1.155e3 1.180e3 1.195e3 1.192e3 1.184e3 1.201e3 1.250e3 1.303e3 1.311e3 1.312e3 1.349e3 1.342e3 1.410e3 1.437e3 1.447e3 1.477e3 1.517e3 1.436e3 1.515e3 1.481e3 1.476e3 1.492e3 1.515e3 1.539e3 1.486e3 1.538e3 1.490e3 1.516e3 1.488e3 1.515e3 1.521e3 1.567e3 1.536e3 1.561e3 1.526e3 1.569e3 1.575e3 1.547e3 1.626e3 1.631e3 1.627e3 1.717e3 1.703e3 1.656e3 1.752e3 1.795e3 1.738e3 1.791e3 1.851e3 1.793e3 1.766e3 1.815e3 
   11.0e6  71.03   121.4   178.8   222.2   258.8   303.5   340.8   376.1   417.8   429.8   468.3   496.5   526.9   553.9   604.7   633.2   652.0   683.6   737.4   760.2   770.0   768.4   804.2   818.0   837.1   846.2   849.7   869.5   875.0   882.0   929.6   961.0   955.1   976.0   1.035e3 1.038e3 1.057e3 1.090e3 1.086e3 1.096e3 1.100e3 1.121e3 1.136e3 1.138e3 1.131e3 1.147e3 1.187e3 1.242e3 1.242e3 1.249e3 1.285e3 1.283e3 1.340e3 1.369e3 1.371e3 1.400e3 1.441e3 1.372e3 1.442e3 1.409e3 1.409e3 1.425e3 1.443e3 1.471e3 1.424e3 1.471e3 1.432e3 1.449e3 1.427e3 1.455e3 1.459e3 1.506e3 1.472e3 1.494e3 1.471e3 1.508e3 1.510e3 1.484e3 1.555e3 1.558e3 1.556e3 1.631e3 1.625e3 1.587e3 1.679e3 1.722e3 1.662e3 1.707e3 1.757e3 1.714e3 1.694e3 1.736e3 
   12.0e6  66.42   113.9   167.7   207.7   243.4   286.6   322.2   355.8   391.5   404.5   439.9   468.2   499.3   525.7   570.2   595.0   616.2   644.2   694.8   717.2   728.5   727.4   760.0   774.4   794.9   804.9   807.8   825.9   833.9   844.6   887.8   915.4   914.8   933.4   986.5   987.2   1.009e3 1.036e3 1.031e3 1.040e3 1.051e3 1.069e3 1.083e3 1.089e3 1.083e3 1.097e3 1.130e3 1.187e3 1.181e3 1.193e3 1.228e3 1.231e3 1.277e3 1.309e3 1.303e3 1.332e3 1.373e3 1.315e3 1.377e3 1.346e3 1.348e3 1.365e3 1.379e3 1.409e3 1.369e3 1.410e3 1.380e3 1.388e3 1.372e3 1.400e3 1.402e3 1.449e3 1.413e3 1.432e3 1.422e3 1.452e3 1.451e3 1.427e3 1.490e3 1.492e3 1.492e3 1.554e3 1.555e3 1.525e3 1.612e3 1.656e3 1.593e3 1.632e3 1.667e3 1.644e3 1.627e3 1.666e3 
   13.0e6  62.39   107.4   157.8   194.9   229.8   271.6   305.6   338.1   368.2   382.2   414.8   443.0   474.4   500.5   539.6   561.2   584.4   609.6   657.1   679.0   691.6   691.0   720.8   735.5   757.1   767.7   770.1   786.4   796.6   810.7   849.9   873.8   878.2   894.8   943.4   942.2   967.0   987.1   981.5   991.0   1.009e3 1.022e3 1.035e3 1.045e3 1.041e3 1.049e3 1.080e3 1.137e3 1.126e3 1.142e3 1.177e3 1.184e3 1.221e3 1.255e3 1.243e3 1.272e3 1.312e3 1.263e3 1.318e3 1.288e3 1.294e3 1.311e3 1.321e3 1.353e3 1.319e3 1.355e3 1.332e3 1.333e3 1.322e3 1.350e3 1.351e3 1.397e3 1.360e3 1.376e3 1.377e3 1.401e3 1.397e3 1.374e3 1.430e3 1.432e3 1.434e3 1.484e3 1.492e3 1.470e3 1.551e3 1.597e3 1.532e3 1.566e3 1.583e3 1.581e3 1.565e3 1.603e3 
   14.0e6  58.85   101.8   149.1   183.8   218.0   258.5   290.7   322.7   348.1   362.8   392.9   420.9   452.1   477.9   512.3   532.0   557.4   579.6   624.4   645.5   658.8   658.6   686.6   701.3   723.1   734.5   736.7   751.2   763.0   779.8   815.5   836.5   844.7   859.8   904.3   902.8   928.8   944.1   938.3   947.6   970.6   980.3   993.4   1.005e3 1.002e3 1.005e3 1.036e3 1.093e3 1.078e3 1.097e3 1.131e3 1.142e3 1.171e3 1.206e3 1.191e3 1.219e3 1.259e3 1.218e3 1.264e3 1.238e3 1.246e3 1.262e3 1.269e3 1.302e3 1.274e3 1.306e3 1.288e3 1.284e3 1.276e3 1.304e3 1.305e3 1.350e3 1.311e3 1.326e3 1.335e3 1.355e3 1.347e3 1.327e3 1.377e3 1.378e3 1.382e3 1.423e3 1.436e3 1.420e3 1.495e3 1.541e3 1.478e3 1.508e3 1.508e3 1.525e3 1.508e3 1.546e3 
   15.0e6  57.43   98.03   141.5   174.9   207.9   246.5   279.8   310.1   333.4   348.9   375.8   403.0   432.1   456.8   491.4   510.3   541.4   556.7   599.2   619.4   630.2   632.9   658.5   673.0   694.6   705.3   709.2   722.1   734.5   749.8   783.3   804.5   811.3   827.2   866.3   874.3   893.4   910.7   904.5   913.2   936.1   945.0   959.4   968.8   967.0   969.8   999.6   1.053e3 1.040e3 1.060e3 1.091e3 1.100e3 1.123e3 1.160e3 1.152e3 1.176e3 1.216e3 1.178e3 1.221e3 1.196e3 1.204e3 1.220e3 1.226e3 1.256e3 1.232e3 1.263e3 1.245e3 1.244e3 1.237e3 1.261e3 1.265e3 1.306e3 1.270e3 1.285e3 1.292e3 1.312e3 1.306e3 1.286e3 1.333e3 1.335e3 1.341e3 1.380e3 1.389e3 1.377e3 1.432e3 1.479e3 1.434e3 1.460e3 1.461e3 1.476e3 1.461e3 1.499e3 
   16.0e6  56.08   94.29   134.0   166.1   197.9   234.5   269.0   297.5   318.8   335.1   358.7   385.0   412.0   435.7   470.8   488.7   525.5   533.8   573.9   593.2   601.5   607.5   630.5   644.8   666.2   676.2   681.6   692.9   705.9   719.7   751.2   772.5   777.8   794.6   828.4   845.8   858.0   877.3   870.7   878.8   901.6   909.7   925.5   932.4   931.7   934.4   963.3   1.014e3 1.002e3 1.023e3 1.051e3 1.059e3 1.076e3 1.113e3 1.112e3 1.132e3 1.172e3 1.139e3 1.178e3 1.155e3 1.162e3 1.177e3 1.184e3 1.210e3 1.190e3 1.220e3 1.202e3 1.203e3 1.198e3 1.217e3 1.224e3 1.262e3 1.228e3 1.244e3 1.249e3 1.270e3 1.264e3 1.245e3 1.288e3 1.292e3 1.299e3 1.337e3 1.342e3 1.335e3 1.370e3 1.416e3 1.390e3 1.412e3 1.414e3 1.427e3 1.414e3 1.451e3 
   17.0e6  54.46   90.25   126.6   157.7   188.4   223.2   258.2   285.0   304.5   321.2   342.4   367.9   393.2   415.9   450.4   467.7   507.7   511.5   549.5   568.0   574.7   582.5   603.8   617.9   638.3   648.4   655.0   665.2   678.5   691.3   720.9   742.1   746.5   763.6   793.5   816.8   824.4   844.7   838.3   845.9   867.7   876.0   892.3   897.6   897.9   900.5   928.4   976.5   965.4   987.2   1.013e3 1.019e3 1.032e3 1.070e3 1.074e3 1.091e3 1.130e3 1.101e3 1.135e3 1.115e3 1.122e3 1.137e3 1.143e3 1.166e3 1.150e3 1.179e3 1.161e3 1.164e3 1.159e3 1.176e3 1.185e3 1.220e3 1.188e3 1.204e3 1.208e3 1.229e3 1.224e3 1.205e3 1.246e3 1.251e3 1.259e3 1.294e3 1.296e3 1.293e3 1.314e3 1.360e3 1.347e3 1.366e3 1.369e3 1.381e3 1.369e3 1.405e3 
   18.0e6  51.64   85.94   120.9   150.8   180.4   213.7   247.2   273.0   291.8   308.2   328.7   353.3   377.5   399.6   432.7   449.4   487.6   491.8   528.0   546.0   552.7   560.9   581.2   594.9   614.9   624.7   631.4   641.6   654.6   667.1   695.6   716.0   720.7   737.1   766.3   788.4   795.8   815.5   810.2   817.6   838.6   846.8   862.3   867.7   868.3   871.2   897.9   944.3   933.6   954.7   979.0   985.6   998.3   1.034e3 1.038e3 1.055e3 1.093e3 1.066e3 1.098e3 1.079e3 1.086e3 1.101e3 1.107e3 1.129e3 1.114e3 1.142e3 1.126e3 1.128e3 1.125e3 1.141e3 1.149e3 1.183e3 1.153e3 1.169e3 1.172e3 1.193e3 1.188e3 1.170e3 1.209e3 1.214e3 1.222e3 1.256e3 1.257e3 1.255e3 1.276e3 1.319e3 1.307e3 1.325e3 1.328e3 1.340e3 1.329e3 1.363e3 
   20.0e6  46.87   78.56   111.0   138.8   166.6   197.2   228.2   252.2   269.7   285.4   304.7   327.7   350.1   370.9   401.5   417.2   452.4   457.1   490.3   507.3   514.1   522.8   541.4   554.4   573.4   582.9   589.7   599.7   612.3   624.3   650.7   669.8   674.9   690.2   717.9   737.9   745.1   763.7   760.2   767.0   786.7   794.7   809.1   814.6   815.7   818.9   843.5   886.9   877.0   896.8   919.1   925.9   938.0   970.0   975.5   991.2   1.026e3 1.004e3 1.032e3 1.016e3 1.023e3 1.036e3 1.043e3 1.062e3 1.050e3 1.075e3 1.062e3 1.065e3 1.062e3 1.077e3 1.085e3 1.116e3 1.090e3 1.105e3 1.108e3 1.127e3 1.123e3 1.107e3 1.142e3 1.148e3 1.156e3 1.186e3 1.186e3 1.187e3 1.206e3 1.246e3 1.235e3 1.252e3 1.255e3 1.266e3 1.257e3 1.288e3 
   22.5e6  42.10   71.09   100.8   126.5   152.2   180.2   208.5   230.7   246.9   261.7   279.8   301.0   321.6   341.0   369.0   383.6   415.7   420.8   450.9   466.9   473.6   482.7   499.7   511.9   529.8   538.8   545.7   555.4   567.5   578.8   603.1   620.8   626.2   640.5   666.6   684.4   691.5   708.7   707.1   713.2   731.5   739.1   752.4   758.0   759.6   763.1   785.5   825.8   816.7   835.3   855.4   862.2   873.8   902.6   908.5   923.1   954.7   937.6   962.2   947.6   954.3   966.8   973.2   990.0   980.9   1.004e3 992.7   996.1   994.2   1.008e3 1.016e3 1.044e3 1.021e3 1.035e3 1.039e3 1.056e3 1.053e3 1.038e3 1.070e3 1.077e3 1.084e3 1.111e3 1.111e3 1.113e3 1.131e3 1.167e3 1.158e3 1.173e3 1.176e3 1.186e3 1.179e3 1.207e3 
   25.0e6  38.28   65.03   92.59   116.3   140.3   166.1   192.3   212.9   228.0   242.1   259.0   278.8   297.8   316.0   341.9   355.6   385.1   390.4   418.0   433.2   439.8   449.1   464.6   476.1   493.1   501.7   508.6   518.0   529.6   540.4   562.8   579.4   585.0   598.5   623.0   639.2   646.0   662.2   661.9   667.4   684.7   691.9   704.3   710.0   711.9   715.6   736.2   773.9   765.4   783.1   801.3   808.1   819.1   845.5   851.6   865.2   894.2   880.5   902.4   889.4   896.0   907.6   913.8   928.9   921.8   943.3   933.5   937.1   935.9   949.0   956.8   982.4   962.7   975.2   979.0   994.9   992.6   979.4   1.008e3 1.015e3 1.023e3 1.047e3 1.046e3 1.050e3 1.066e3 1.099e3 1.091e3 1.105e3 1.109e3 1.118e3 1.112e3 1.137e3 
   27.5e6  35.15   60.01   85.71   107.8   130.3   154.3   178.7   197.9   212.1   225.4   241.5   260.0   277.7   294.8   318.9   331.8   359.2   364.7   390.2   404.5   411.0   420.4   434.7   445.6   461.7   469.9   476.8   486.0   497.0   507.3   528.3   543.9   549.6   562.4   585.6   600.3   607.0   622.2   623.0   627.9   644.3   651.2   662.9   668.6   670.7   674.6   693.6   729.0   721.2   738.0   754.8   761.5   772.0   796.4   802.4   815.3   842.1   831.0   850.7   839.1   845.4   856.4   862.4   876.2   870.5   890.5   882.1   885.7   885.1   897.5   905.0   928.7   911.4   922.8   926.7   941.6   939.8   927.9   954.4   961.8   968.8   991.1   990.0   994.6   1.010e3 1.040e3 1.033e3 1.046e3 1.050e3 1.059e3 1.053e3 1.077e3 
   30.0e6  32.54   55.78   79.87   100.6   121.7   144.2   167.0   185.1   198.4   211.2   226.4   243.8   260.4   276.6   299.1   311.4   336.9   342.5   366.2   379.8   386.2   395.5   408.9   419.3   434.6   442.5   449.3   458.1   468.7   478.6   498.2   513.0   518.8   530.9   552.9   566.6   573.0   587.4   589.0   593.4   609.1   615.7   626.8   632.4   634.8   638.7   656.4   689.9   682.5   698.7   714.2   720.7   730.8   753.7   759.5   771.7   796.6   787.6   805.5   795.0   801.1   811.5   817.4   830.1   825.5   844.3   836.9   840.6   840.4   852.2   859.4   881.6   866.2   876.6   880.7   894.6   893.3   882.4   907.0   914.5   921.3   941.9   941.0   945.9   960.2   988.2   982.2   994.4   998.0   1.006e3 1.001e3 1.023e3 
   32.5e6  30.31   52.15   74.85   94.38   114.3   135.4   156.9   174.0   186.6   198.8   213.3   229.7   245.4   260.8   282.0   293.6   317.5   323.1   345.3   358.3   364.5   373.8   386.3   396.2   410.8   418.4   425.2   433.7   443.8   453.3   471.9   485.9   491.7   503.3   524.2   536.9   543.2   556.9   559.0   563.1   578.1   584.3   595.0   600.6   603.0   607.0   623.6   655.4   648.5   664.1   678.4   684.8   694.4   716.0   721.7   733.2   756.6   749.2   765.6   756.0   761.9   771.8   777.5   789.3   785.7   803.3   796.8   800.6   800.7   811.9   818.9   839.7   825.9   835.6   839.8   852.9   851.9   842.0   865.0   872.5   879.1   898.1   897.5   902.6   916.1   942.2   936.9   948.4   952.0   959.9   955.6   976.0   
   35.0e6  28.40   49.01   70.48   88.94   107.7   127.8   148.0   164.3   176.3   187.9   201.7   217.3   232.2   246.8   266.8   277.9   300.5   306.1   326.9   339.3   345.4   354.6   366.4   375.8   389.8   397.2   403.8   412.0   421.8   431.0   448.5   461.9   467.6   478.8   498.7   510.6   516.7   529.7   532.4   536.1   550.5   556.5   566.7   572.2   574.8   578.7   594.4   624.6   618.1   633.2   646.5   652.8   662.1   682.6   688.0   699.0   721.0   714.8   730.1   721.2   727.0   736.5   742.0   753.0   750.1   766.7   761.0   764.8   765.2   775.9   782.7   802.3   789.9   798.8   803.1   815.5   814.8   805.7   827.3   834.8   841.2   859.0   858.6   863.8   876.6   901.0   896.4   907.2   910.8   918.3   914.6   933.6   
   37.5e6  26.73   46.25   66.63   84.14   102.0   121.0   140.2   155.7   167.1   178.3   191.5   206.4   220.5   234.5   253.4   264.0   285.4   291.0   310.6   322.5   328.4   337.5   348.7   357.7   371.2   378.2   384.7   392.7   402.1   410.9   427.6   440.4   446.1   456.9   475.8   487.0   493.0   505.5   508.5   511.9   525.8   531.5   541.4   546.8   549.4   553.4   568.2   597.1   591.0   605.5   618.0   624.1   633.1   652.6   657.8   668.3   689.0   684.0   698.2   690.0   695.6   704.7   710.1   720.5   718.1   733.9   728.8   732.6   733.2   743.4   750.1   768.6   757.3   765.7   770.0   781.8   781.4   772.9   793.4   800.8   807.0   823.7   823.5   828.8   841.0   863.9   859.8   870.1   873.6   880.9   877.5   895.5   
   40.0e6  25.26   43.82   63.22   79.89   96.89   115.0   133.3   148.1   158.9   169.7   182.4   196.6   210.0   223.4   241.5   251.6   271.9   277.4   296.0   307.4   313.2   322.2   332.8   341.5   354.4   361.2   367.6   375.3   384.4   392.9   408.9   421.1   426.7   437.2   455.2   465.8   471.7   483.6   486.9   490.2   503.5   509.0   518.5   523.9   526.6   530.5   544.6   572.2   566.4   580.5   592.3   598.2   606.9   625.5   630.5   640.6   660.3   656.1   669.4   661.8   667.3   675.9   681.2   691.0   689.1   704.2   699.6   703.4   704.2   714.0   720.5   738.1   727.7   735.6   740.0   751.2   751.0   743.2   762.6   769.9   776.0   791.7   791.8   797.0   808.7   830.3   826.6   836.4   839.9   846.9   843.9   860.9   
   45.0e6  22.80   39.70   57.43   72.64   88.17   104.7   121.4   135.0   145.0   155.0   166.8   179.8   192.1   204.4   220.9   230.3   248.7   254.2   271.0   281.6   287.1   295.7   305.4   313.5   325.5   331.9   338.1   345.3   353.7   361.8   376.4   387.7   393.2   403.1   419.6   429.2   434.8   445.8   449.5   452.4   464.9   470.0   478.9   484.1   486.8   490.7   503.5   528.9   523.8   537.0   547.6   553.2   561.3   578.5   583.1   592.4   610.3   607.4   619.4   612.7   617.9   625.9   631.0   639.9   638.7   652.4   648.7   652.5   653.6   662.7   668.8   684.9   676.0   683.1   687.5   697.8   698.0   691.2   708.8   715.8   721.6   735.8   736.3   741.4   752.1   771.5   768.5   777.6   780.9   787.4   785.1   800.4   
   50.0e6  20.80   36.35   52.70   66.71   81.01   96.27   111.7   124.2   133.5   142.9   153.8   165.9   177.2   188.7   203.9   212.6   229.6   234.9   250.2   260.1   265.4   273.8   282.6   290.2   301.4   307.5   313.4   320.3   328.2   335.8   349.3   359.8   365.1   374.5   389.7   398.5   403.9   414.2   418.1   420.7   432.5   437.3   445.6   450.6   453.4   457.2   468.9   492.6   487.9   500.5   510.0   515.4   523.0   539.0   543.3   552.0   568.4   566.4   577.3   571.4   576.3   583.8   588.6   596.8   596.1   608.8   605.8   609.5   610.7   619.3   625.1   639.9   632.2   638.7   643.1   652.6   653.0   647.1   663.2   670.0   675.5   688.5   689.3   694.2   704.1   721.8   719.3   727.7   731.0   737.1   735.2   749.3   
   55.0e6  19.16   33.56   48.74   61.74   75.01   89.19   103.5   115.2   123.9   132.7   142.9   154.2   164.8   175.5   189.6   197.7   213.5   218.6   232.8   242.1   247.1   255.2   263.4   270.5   281.1   286.8   292.5   299.0   306.5   313.7   326.2   336.1   341.2   350.2   364.3   372.5   377.6   387.2   391.3   393.7   404.8   409.3   417.2   422.1   424.8   428.6   439.4   461.5   457.3   469.2   477.9   483.1   490.3   505.3   509.3   517.4   532.6   531.3   541.3   536.1   540.8   547.8   552.4   560.0   559.7   571.5   569.0   572.6   574.0   582.0   587.5   601.2   594.4   600.5   604.9   613.7   614.3   609.1   624.0   630.5   635.8   647.8   648.8   653.6   662.8   679.0   677.0   684.9   688.0   693.8   692.3   705.3   
   60.0e6  17.77   31.20   45.38   57.52   69.91   83.17   96.51   107.5   115.7   124.0   133.6   144.2   154.1   164.2   177.4   185.0   199.7   204.6   217.8   226.6   231.5   239.2   246.8   253.6   263.6   269.0   274.5   280.7   287.8   294.6   306.4   315.7   320.6   329.2   342.4   350.0   354.9   364.0   368.1   370.4   380.9   385.2   392.7   397.4   400.1   403.8   413.9   434.6   430.8   442.1   450.2   455.2   462.0   476.1   479.8   487.5   501.6   500.9   510.2   505.4   509.9   516.6   521.0   528.1   528.1   539.1   537.0   540.5   542.0   549.6   554.9   567.7   561.6   567.3   571.6   579.9   580.7   576.0   590.0   596.2   601.3   612.4   613.6   618.2   626.9   641.8   640.1   647.5   650.6   656.1   654.9   667.0   
   65.0e6  16.58   29.18   42.50   53.89   65.51   77.97   90.50   100.8   108.6   116.4   125.6   135.5   144.8   154.4   166.8   174.0   187.7   192.5   204.9   213.2   217.8   225.3   232.5   238.9   248.4   253.5   258.9   264.7   271.5   278.0   289.1   297.8   302.7   310.9   323.2   330.4   335.2   343.7   347.8   350.0   360.0   364.1   371.2   375.8   378.5   382.1   391.5   411.0   407.6   418.4   425.9   430.7   437.2   450.5   454.0   461.3   474.5   474.2   482.9   478.6   482.9   489.2   493.4   500.2   500.3   510.7   509.0   512.4   514.0   521.1   526.2   538.2   532.7   538.2   542.4   550.2   551.0   546.9   560.0   565.9   570.8   581.3   582.6   587.0   595.2   609.0   607.7   614.7   617.7   622.9   622.0   633.4   
   70.0e6  15.56   27.42   39.98   50.73   61.68   73.44   85.25   95.03   102.4   109.8   118.5   127.9   136.7   145.8   157.5   164.3   177.3   181.9   193.5   201.4   205.9   213.1   219.9   226.0   235.0   239.9   245.1   250.7   257.1   263.4   273.9   282.2   286.9   294.8   306.3   313.1   317.7   325.9   329.9   332.0   341.6   345.5   352.3   356.7   359.4   362.9   371.8   390.2   387.1   397.4   404.4   409.0   415.3   427.9   431.3   438.2   450.6   450.6   458.8   454.8   459.0   465.0   469.1   475.4   475.8   485.6   484.1   487.5   489.1   495.9   500.8   512.1   507.0   512.3   516.4   523.8   524.7   521.1   533.3   539.0   543.8   553.6   555.0   559.2   567.0   580.0   578.9   585.5   588.5   593.5   592.7   603.5   
   80.0e6  13.87   24.52   35.82   45.48   55.32   65.91   76.54   85.37   92.03   98.86   106.8   115.3   123.2   131.5   142.0   148.2   159.8   164.2   174.6   181.8   186.0   192.7   198.7   204.4   212.6   217.1   221.9   227.1   233.0   238.8   248.2   255.8   260.2   267.5   277.9   284.1   288.4   295.7   299.7   301.7   310.5   314.0   320.3   324.4   327.0   330.4   338.4   355.0   352.4   361.8   368.1   372.5   378.2   389.6   392.7   399.0   410.2   410.6   418.0   414.6   418.5   424.0   427.8   433.6   434.1   443.0   442.0   445.1   446.8   453.0   457.6   467.7   463.4   468.3   472.2   478.9   480.0   477.0   488.1   493.3   497.7   506.6   508.1   512.0   519.1   530.5   529.8   535.9   538.7   543.3   542.9   552.6   
   90.0e6  12.54   22.21   32.50   41.30   50.25   59.90   69.57   77.64   83.76   90.06   97.31   105.1   112.4   120.0   129.5   135.2   145.8   149.9   159.3   165.9   169.9   176.2   181.7   186.9   194.5   198.7   203.2   208.0   213.5   218.9   227.5   234.4   238.6   245.4   254.8   260.5   264.5   271.3   275.1   277.0   285.1   288.5   294.2   298.2   300.7   303.9   311.1   326.4   324.1   332.8   338.5   342.6   347.9   358.4   361.3   367.1   377.2   377.9   384.7   381.7   385.4   390.5   394.1   399.4   400.1   408.2   407.5   410.5   412.2   417.9   422.1   431.4   427.6   432.3   436.0   442.2   443.3   440.8   450.9   455.7   459.8   468.1   469.5   473.2   479.8   490.0   489.6   495.2   497.8   502.1   501.9   510.9   
   100.e6  11.46   20.34   29.79   37.88   46.10   54.97   63.87   71.31   76.98   82.82   89.54   96.74   103.5   110.5   119.3   124.6   134.2   138.2   146.8   152.9   156.6   162.6   167.6   172.5   179.5   183.5   187.7   192.2   197.3   202.3   210.3   216.7   220.7   227.1   235.7   240.9   244.7   251.0   254.7   256.5   264.1   267.2   272.6   276.3   278.7   281.8   288.5   302.5   300.5   308.7   313.9   317.8   322.7   332.4   335.1   340.5   349.8   350.6   356.9   354.3   357.8   362.5   365.9   370.9   371.7   379.2   378.6   381.5   383.2   388.6   392.5   401.0   397.7   402.2   405.7   411.4   412.5   410.5   419.7   424.3   428.1   435.7   437.2   440.7   446.7   456.0   455.8   461.0   463.6   467.6   467.6   475.9   
   110.e6  10.56   18.78   27.53   35.03   42.64   50.86   59.11   66.02   71.31   76.77   83.04   89.73   95.97   102.5   110.7   115.6   124.5   128.3   136.2   142.0   145.5   151.1   155.8   160.4   167.0   170.6   174.7   178.9   183.7   188.4   195.8   201.8   205.5   211.6   219.5   224.4   228.0   233.9   237.5   239.2   246.3   249.2   254.3   257.8   260.2   263.1   269.3   282.2   280.6   288.2   293.0   296.7   301.4   310.4   312.9   318.0   326.6   327.5   333.4   331.1   334.4   338.8   342.0   346.7   347.6   354.5   354.2   356.9   358.6   363.6   367.3   375.2   372.2   376.5   379.8   385.1   386.4   384.6   393.2   397.4   401.1   408.2   409.6   413.0   418.6   427.1   427.0   431.9   434.4   438.2   438.3   446.0   
   120.e6  9.806   17.46   25.62   32.61   39.71   47.38   55.07   61.53   66.49   71.62   77.50   83.76   89.61   95.74   103.3   108.0   116.3   119.9   127.3   132.7   136.0   141.3   145.7   150.0   156.2   159.7   163.5   167.5   172.0   176.5   183.4   189.0   192.6   198.3   205.7   210.3   213.7   219.2   222.6   224.3   231.0   233.8   238.5   241.9   244.2   247.0   252.8   264.9   263.4   270.6   275.1   278.6   283.0   291.5   293.9   298.6   306.6   307.6   313.2   311.1   314.2   318.4   321.5   325.8   326.8   333.3   333.1   335.7   337.4   342.1   345.6   353.0   350.2   354.4   357.5   362.5   363.7   362.3   370.3   374.3   377.7   384.4   385.8   389.0   394.3   402.1   402.2   406.8   409.2   412.8   413.0   420.3   
   130.e6  9.160   16.33   23.98   30.54   37.19   44.38   51.59   57.67   62.34   67.19   72.72   78.62   84.11   89.89   97.02   101.4   109.2   112.6   119.5   124.6   127.8   132.9   137.0   141.0   146.9   150.2   153.8   157.6   161.9   166.1   172.6   178.0   181.4   186.8   193.7   198.0   201.3   206.5   209.8   211.4   217.8   220.4   224.9   228.1   230.3   233.0   238.4   249.8   248.5   255.2   259.5   262.8   267.0   275.0   277.3   281.7   289.3   290.3   295.6   293.7   296.7   300.7   303.6   307.7   308.7   314.8   314.7   317.2   318.8   323.3   326.7   333.6   331.0   335.1   338.1   342.8   344.0   342.8   350.3   354.0   357.3   363.6   365.0   368.0   373.0   380.3   380.5   384.9   387.2   390.6   390.8   397.7   
   140.e6  8.600   15.35   22.56   28.74   35.00   41.78   48.57   54.30   58.73   63.33   68.56   74.13   79.32   84.79   91.51   95.65   103.0   106.2   112.8   117.6   120.6   125.5   129.3   133.2   138.8   141.9   145.4   149.0   153.1   157.1   163.2   168.3   171.5   176.7   183.1   187.3   190.4   195.4   198.5   200.1   206.1   208.6   212.9   216.0   218.1   220.7   225.8   236.5   235.4   241.8   245.8   249.0   253.0   260.5   262.7   266.9   274.0   275.1   280.1   278.4   281.2   285.0   287.8   291.7   292.7   298.5   298.5   300.9   302.5   306.8   310.0   316.5   314.1   318.0   320.9   325.4   326.6   325.6   332.6   336.2   339.3   345.3   346.6   349.5   354.3   361.1   361.4   365.5   367.7   371.0   371.3   377.9   
   150.e6  8.110   14.49   21.31   27.15   33.07   39.49   45.92   51.35   55.56   59.93   64.90   70.18   75.11   80.30   86.65   90.59   97.54   100.6   106.8   111.4   114.3   119.0   122.6   126.3   131.6   134.6   137.9   141.4   145.3   149.1   154.9   159.7   162.8   167.7   173.8   177.8   180.8   185.5   188.5   190.1   195.8   198.2   202.3   205.2   207.3   209.8   214.7   224.7   223.8   229.8   233.7   236.7   240.5   247.7   249.8   253.8   260.5   261.6   266.4   264.8   267.5   271.2   273.9   277.6   278.6   284.0   284.1   286.5   288.0   292.1   295.1   301.3   299.1   302.9   305.7   309.9   311.1   310.2   316.9   320.3   323.3   329.0   330.3   333.1   337.6   344.0   344.3   348.3   350.4   353.6   353.9   360.2   
   160.e6  7.679   13.74   20.20   25.75   31.37   37.46   43.57   48.73   52.74   56.91   61.65   66.67   71.36   76.31   82.35   86.10   92.70   95.68   101.5   105.9   108.7   113.2   116.6   120.1   125.2   128.1   131.3   134.6   138.3   142.0   147.5   152.1   155.0   159.8   165.5   169.3   172.3   176.7   179.6   181.1   186.6   188.9   192.8   195.7   197.6   200.1   204.7   214.2   213.4   219.1   222.8   225.8   229.4   236.2   238.2   242.1   248.4   249.5   254.1   252.7   255.3   258.8   261.4   264.9   265.9   271.1   271.2   273.5   275.1   278.9   281.9   287.7   285.6   289.4   292.0   296.0   297.2   296.5   302.8   306.0   308.9   314.4   315.6   318.3   322.6   328.7   329.1   332.9   334.9   337.9   338.3   344.3   
   170.e6  7.294   13.06   19.22   24.50   29.86   35.66   41.47   46.40   50.23   54.22   58.74   63.54   68.02   72.74   78.49   82.08   88.36   91.23   96.82   101.0   103.7   108.0   111.3   114.6   119.5   122.2   125.3   128.5   132.1   135.6   140.8   145.2   148.1   152.6   158.1   161.7   164.6   168.8   171.6   173.1   178.3   180.6   184.3   187.0   189.0   191.3   195.7   204.8   204.1   209.6   213.1   215.9   219.4   225.9   227.8   231.5   237.6   238.7   243.1   241.8   244.3   247.6   250.1   253.5   254.5   259.5   259.7   261.9   263.4   267.1   269.9   275.5   273.5   277.2   279.7   283.5   284.7   284.1   290.1   293.2   296.0   301.3   302.4   305.0   309.1   314.9   315.3   318.9   321.0   323.9   324.3   330.1   
   180.e6  6.950   12.45   18.33   23.38   28.49   34.03   39.59   44.30   47.97   51.80   56.13   60.71   65.01   69.53   75.03   78.47   84.46   87.23   92.56   96.58   99.15   103.3   106.4   109.7   114.3   117.0   119.9   123.0   126.4   129.8   134.8   139.0   141.8   146.1   151.4   154.9   157.6   161.7   164.4   165.8   170.9   173.0   176.6   179.3   181.1   183.4   187.6   196.3   195.6   200.9   204.3   207.0   210.4   216.6   218.4   222.0   227.8   228.8   233.1   231.9   234.3   237.5   239.9   243.2   244.2   248.9   249.2   251.3   252.8   256.3   259.1   264.4   262.5   266.1   268.5   272.2   273.4   272.9   278.6   281.6   284.3   289.3   290.4   293.0   296.9   302.4   302.9   306.3   308.3   311.1   311.5   317.1   
   200.e6  6.360   11.41   16.81   21.45   26.15   31.24   36.34   40.68   44.08   47.62   51.61   55.84   59.80   63.98   69.03   72.22   77.72   80.30   85.20   88.92   91.32   95.19   98.06   101.1   105.4   107.8   110.6   113.5   116.7   119.8   124.4   128.3   130.9   134.9   139.7   143.0   145.5   149.3   151.9   153.2   157.9   159.9   163.2   165.7   167.5   169.6   173.5   181.5   181.0   185.8   188.9   191.5   194.6   200.4   202.1   205.4   210.7   211.7   215.7   214.7   217.0   219.9   222.2   225.2   226.2   230.6   230.9   232.9   234.3   237.6   240.1   245.0   243.4   246.8   249.0   252.5   253.6   253.2   258.6   261.3   263.8   268.5   269.5   271.9   275.5   280.6   281.1   284.3   286.2   288.8   289.2   294.4   
   225.e6  5.761   10.35   15.27   19.48   23.76   28.39   33.03   36.99   40.10   43.35   47.00   50.86   54.48   58.30   62.90   65.82   70.82   73.21   77.67   81.08   83.30   86.87   89.49   92.28   96.23   98.48   101.0   103.7   106.6   109.5   113.7   117.3   119.7   123.4   127.8   130.8   133.1   136.6   138.9   140.3   144.5   146.4   149.4   151.8   153.4   155.4   159.0   166.2   165.8   170.2   173.1   175.5   178.4   183.6   185.2   188.3   193.1   194.1   197.8   196.9   199.0   201.8   203.9   206.7   207.6   211.6   211.9   213.8   215.2   218.2   220.6   225.0   223.6   226.8   228.9   232.0   233.1   232.9   237.7   240.2   242.5   246.8   247.8   250.0   253.4   258.0   258.5   261.5   263.2   265.6   266.1   270.9   
   250.e6  5.275   9.492   14.01   17.88   21.81   26.06   30.33   33.98   36.86   39.86   43.23   46.79   50.13   53.65   57.89   60.59   65.18   67.41   71.51   74.67   76.74   80.06   82.46   85.06   88.71   90.80   93.17   95.64   98.39   101.1   105.0   108.2   110.5   113.9   117.9   120.7   122.9   126.1   128.3   129.6   133.5   135.3   138.1   140.3   141.8   143.7   147.0   153.6   153.3   157.4   160.1   162.3   165.0   169.8   171.3   174.1   178.6   179.5   183.0   182.2   184.2   186.8   188.7   191.3   192.3   195.9   196.3   198.1   199.4   202.2   204.4   208.5   207.2   210.2   212.2   215.1   216.1   216.0   220.5   222.8   224.9   228.9   229.8   231.9   235.0   239.2   239.8   242.5   244.2   246.4   247.0   251.4   
   275.e6  4.872   8.778   12.96   16.55   20.19   24.13   28.09   31.47   34.16   36.96   40.09   43.40   46.50   49.78   53.71   56.22   60.48   62.57   66.37   69.31   71.25   74.37   76.60   79.02   82.43   84.39   86.60   88.92   91.50   93.99   97.61   100.7   102.8   105.9   109.7   112.3   114.4   117.3   119.4   120.6   124.3   126.0   128.5   130.6   132.1   133.9   136.9   143.0   142.9   146.6   149.1   151.2   153.7   158.3   159.6   162.3   166.4   167.3   170.6   169.9   171.7   174.1   176.0   178.4   179.3   182.8   183.1   184.8   186.1   188.7   190.8   194.6   193.4   196.3   198.1   200.8   201.8   201.8   205.9   208.0   210.1   213.8   214.7   216.6   219.5   223.4   224.0   226.6   228.1   230.2   230.8   234.9   
   300.e6  4.533   8.176   12.08   15.43   18.83   22.50   26.19   29.36   31.87   34.50   37.43   40.52   43.43   46.50   50.17   52.52   56.49   58.46   62.01   64.77   66.60   69.54   71.62   73.90   77.09   78.93   81.02   83.21   85.63   87.97   91.36   94.23   96.22   99.18   102.7   105.1   107.1   109.9   111.8   113.0   116.5   118.0   120.4   122.4   123.8   125.5   128.4   134.0   133.9   137.4   139.8   141.8   144.1   148.4   149.7   152.1   156.0   156.9   159.9   159.3   161.1   163.4   165.1   167.4   168.3   171.5   171.9   173.5   174.7   177.2   179.1   182.7   181.6   184.3   186.0   188.6   189.6   189.6   193.5   195.5   197.4   200.9   201.7   203.6   206.3   209.9   210.5   212.9   214.4   216.4   216.9   220.8   
   325.e6  4.244   7.661   11.33   14.47   17.66   21.10   24.57   27.54   29.91   32.39   35.14   38.05   40.79   43.68   47.12   49.35   53.07   54.94   58.26   60.87   62.60   65.38   67.33   69.49   72.50   74.24   76.22   78.29   80.58   82.79   85.98   88.68   90.57   93.35   96.62   98.96   100.8   103.4   105.3   106.4   109.7   111.2   113.4   115.3   116.6   118.3   121.0   126.3   126.2   129.5   131.7   133.6   135.9   139.8   141.1   143.4   147.0   147.9   150.8   150.2   151.9   154.0   155.7   157.9   158.7   161.7   162.2   163.7   164.8   167.2   169.0   172.4   171.4   174.0   175.6   178.0   179.0   179.1   182.7   184.6   186.4   189.7   190.5   192.2   194.8   198.2   198.8   201.1   202.5   204.4   204.9   208.6   
   350.e6  3.993   7.215   10.67   13.63   16.64   19.89   23.16   25.97   28.21   30.56   33.16   35.91   38.50   41.23   44.48   46.58   50.09   51.87   55.01   57.48   59.13   61.76   63.60   65.65   68.50   70.16   72.03   74.00   76.18   78.28   81.29   83.85   85.64   88.27   91.36   93.58   95.35   97.82   99.60   100.7   103.8   105.2   107.3   109.1   110.4   111.9   114.5   119.5   119.5   122.6   124.7   126.5   128.6   132.4   133.5   135.8   139.2   140.0   142.8   142.3   143.9   145.9   147.5   149.6   150.4   153.2   153.7   155.1   156.2   158.4   160.2   163.3   162.5   164.9   166.5   168.8   169.7   169.8   173.2   175.0   176.7   179.9   180.6   182.3   184.7   188.0   188.6   190.7   192.1   193.9   194.4   197.9   
   375.e6  3.775   6.825   10.10   12.90   15.75   18.83   21.93   24.59   26.72   28.95   31.42   34.03   36.49   39.08   42.16   44.16   47.48   49.18   52.15   54.50   56.07   58.58   60.33   62.28   64.99   66.57   68.35   70.23   72.31   74.31   77.16   79.59   81.31   83.80   86.73   88.85   90.54   92.89   94.59   95.63   98.56   99.90   101.9   103.6   104.9   106.4   108.8   113.5   113.5   116.5   118.5   120.2   122.2   125.8   126.9   129.0   132.2   133.1   135.7   135.3   136.8   138.7   140.3   142.2   143.0   145.7   146.1   147.5   148.6   150.7   152.4   155.4   154.6   157.0   158.4   160.6   161.5   161.6   164.9   166.6   168.2   171.2   171.9   173.6   175.8   178.9   179.5   181.6   182.9   184.6   185.1   188.4   
   400.e6  3.582   6.481   9.594   12.26   14.97   17.89   20.84   23.37   25.41   27.53   29.88   32.37   34.71   37.18   40.10   42.02   45.17   46.80   49.62   51.86   53.37   55.77   57.43   59.29   61.87   63.39   65.09   66.89   68.88   70.79   73.51   75.82   77.46   79.83   82.63   84.65   86.27   88.51   90.14   91.15   93.93   95.22   97.18   98.80   100.0   101.4   103.7   108.2   108.3   111.0   113.0   114.6   116.6   120.0   121.0   123.1   126.1   126.9   129.4   129.0   130.5   132.4   133.8   135.7   136.5   139.0   139.5   140.8   141.8   143.9   145.5   148.3   147.6   149.8   151.2   153.3   154.2   154.4   157.5   159.1   160.7   163.5   164.2   165.7   167.9   170.9   171.4   173.4   174.7   176.3   176.8   180.0   
   450.e6  3.257   5.901   8.742   11.17   13.64   16.31   19.00   21.31   23.18   25.13   27.28   29.55   31.70   33.96   36.63   38.39   41.27   42.76   45.34   47.40   48.79   51.00   52.52   54.23   56.60   57.99   59.56   61.23   63.06   64.82   67.31   69.43   70.94   73.11   75.67   77.53   79.03   81.08   82.59   83.53   86.08   87.28   89.07   90.57   91.69   93.01   95.13   99.20   99.30   101.8   103.7   105.2   106.9   110.1   111.0   112.9   115.7   116.4   118.8   118.4   119.8   121.5   122.9   124.6   125.3   127.7   128.1   129.3   130.3   132.2   133.7   136.3   135.6   137.7   139.0   140.9   141.8   142.0   144.8   146.3   147.7   150.4   151.0   152.4   154.5   157.2   157.7   159.5   160.7   162.2   162.7   165.6   
   500.e6  2.994   5.430   8.050   10.28   12.57   15.03   17.50   19.64   21.37   23.18   25.17   27.27   29.25   31.34   33.80   35.43   38.09   39.48   41.86   43.76   45.06   47.11   48.51   50.10   52.29   53.59   55.05   56.60   58.31   59.94   62.24   64.21   65.62   67.61   69.98   71.71   73.11   75.01   76.41   77.31   79.66   80.79   82.44   83.84   84.89   86.13   88.09   91.83   91.96   94.30   95.99   97.39   99.06   101.9   102.9   104.6   107.1   107.8   110.0   109.7   111.0   112.6   113.9   115.4   116.2   118.3   118.8   119.9   120.8   122.6   124.0   126.4   125.9   127.8   129.0   130.7   131.5   131.8   134.4   135.8   137.1   139.5   140.2   141.5   143.4   145.9   146.4   148.1   149.2   150.6   151.1   153.8   
   550.e6  2.777   5.041   7.477   9.553   11.68   13.96   16.26   18.26   19.87   21.56   23.41   25.37   27.22   29.16   31.45   32.97   35.44   36.75   38.96   40.74   41.96   43.88   45.18   46.67   48.71   49.93   51.30   52.75   54.35   55.88   58.02   59.85   61.18   63.03   65.24   66.86   68.17   69.95   71.27   72.11   74.31   75.37   76.91   78.22   79.21   80.38   82.21   85.68   85.83   88.01   89.60   90.91   92.47   95.14   96.01   97.62   100.0   100.7   102.7   102.5   103.7   105.2   106.4   107.8   108.5   110.5   111.0   112.0   112.9   114.6   115.9   118.1   117.7   119.5   120.6   122.2   123.0   123.2   125.7   127.0   128.2   130.5   131.1   132.3   134.1   136.4   136.9   138.5   139.5   140.9   141.3   143.9   
   600.e6  2.594   4.714   6.995   8.936   10.92   13.06   15.22   17.09   18.61   20.19   21.93   23.76   25.50   27.32   29.47   30.90   33.21   34.44   36.52   38.19   39.33   41.14   42.36   43.76   45.68   46.83   48.12   49.49   51.00   52.44   54.45   56.17   57.42   59.16   61.22   62.76   64.00   65.66   66.91   67.71   69.77   70.77   72.22   73.46   74.40   75.50   77.22   80.47   80.64   82.68   84.17   85.41   86.88   89.39   90.21   91.72   93.96   94.58   96.51   96.30   97.44   98.84   100.0   101.4   102.0   103.9   104.3   105.4   106.2   107.7   109.0   111.1   110.7   112.4   113.4   115.0   115.7   116.0   118.3   119.5   120.7   122.8   123.4   124.5   126.2   128.4   128.9   130.4   131.3   132.6   133.1   135.4   
   650.e6  2.438   4.434   6.582   8.409   10.28   12.30   14.33   16.09   17.52   19.02   20.66   22.39   24.03   25.75   27.77   29.12   31.30   32.47   34.42   36.00   37.09   38.79   39.95   41.27   43.08   44.17   45.39   46.69   48.12   49.49   51.38   53.01   54.19   55.83   57.78   59.23   60.41   61.98   63.16   63.93   65.87   66.83   68.19   69.37   70.26   71.31   72.94   75.99   76.17   78.10   79.51   80.68   82.08   84.44   85.22   86.65   88.76   89.36   91.18   91.00   92.08   93.40   94.51   95.78   96.43   98.21   98.61   99.60   100.4   101.9   103.1   105.0   104.7   106.3   107.3   108.7   109.4   109.7   111.9   113.0   114.2   116.2   116.7   117.8   119.4   121.5   121.9   123.3   124.3   125.5   125.9   128.1   
   700.e6  2.303   4.192   6.226   7.953   9.726   11.63   13.55   15.22   16.59   18.01   19.56   21.20   22.76   24.38   26.30   27.58   29.65   30.76   32.60   34.10   35.14   36.76   37.85   39.11   40.83   41.87   43.02   44.26   45.63   46.92   48.72   50.26   51.39   52.94   54.79   56.18   57.30   58.79   59.91   60.65   62.48   63.40   64.69   65.81   66.67   67.67   69.21   72.09   72.29   74.11   75.46   76.58   77.90   80.15   80.89   82.25   84.24   84.81   86.54   86.39   87.41   88.68   89.73   90.94   91.57   93.26   93.65   94.59   95.36   96.76   97.90   99.77   99.47   101.0   101.9   103.3   104.0   104.3   106.3   107.4   108.5   110.4   110.9   112.0   113.5   115.4   115.9   117.2   118.1   119.3   119.7   121.8   
   800.e6  2.082   3.795   5.640   7.204   8.813   10.54   12.28   13.80   15.05   16.34   17.75   19.24   20.66   22.14   23.87   25.05   26.92   27.94   29.61   30.98   31.93   33.41   34.40   35.55   37.11   38.06   39.12   40.25   41.51   42.69   44.33   45.74   46.77   48.17   49.86   51.13   52.15   53.51   54.54   55.23   56.88   57.74   58.90   59.93   60.72   61.64   63.06   65.66   65.87   67.53   68.76   69.78   71.00   73.04   73.72   74.96   76.76   77.30   78.87   78.76   79.70   80.85   81.83   82.92   83.51   85.05   85.42   86.29   87.01   88.30   89.34   91.04   90.81   92.18   93.04   94.31   94.93   95.21   97.07   98.08   99.09   100.8   101.3   102.3   103.6   105.4   105.9   107.1   107.9   109.0   109.4   111.3   
   900.e6  1.909   3.483   5.178   6.614   8.093   9.682   11.28   12.68   13.83   15.03   16.33   17.70   19.00   20.36   21.96   23.04   24.77   25.71   27.25   28.51   29.39   30.75   31.67   32.73   34.16   35.05   36.03   37.08   38.24   39.34   40.85   42.15   43.11   44.40   45.95   47.13   48.08   49.33   50.29   50.93   52.44   53.24   54.32   55.27   56.01   56.86   58.17   60.56   60.78   62.30   63.44   64.39   65.52   67.40   68.03   69.18   70.83   71.33   72.78   72.70   73.57   74.64   75.55   76.55   77.11   78.52   78.88   79.69   80.37   81.56   82.54   84.11   83.93   85.19   85.98   87.15   87.73   88.01   89.72   90.66   91.60   93.18   93.65   94.56   95.82   97.49   97.91   99.03   99.80   100.8   101.1   102.9   
   1.00e9  1.769   3.230   4.804   6.137   7.510   8.986   10.47   11.77   12.85   13.96   15.17   16.44   17.66   18.93   20.40   21.42   23.02   23.90   25.33   26.51   27.33   28.60   29.45   30.44   31.77   32.61   33.52   34.50   35.59   36.62   38.02   39.24   40.13   41.33   42.78   43.88   44.77   45.94   46.83   47.43   48.84   49.59   50.59   51.48   52.17   52.97   54.19   56.41   56.64   58.05   59.12   60.01   61.07   62.81   63.40   64.47   66.01   66.48   67.82   67.77   68.58   69.58   70.44   71.37   71.90   73.21   73.55   74.31   74.95   76.08   76.99   78.45   78.32   79.48   80.22   81.31   81.86   82.14   83.73   84.61   85.50   86.97   87.41   88.27   89.44   91.00   91.40   92.45   93.17   94.08   94.43   96.05   
   1.10e9  1.653   3.022   4.496   5.743   7.029   8.411   9.805   11.02   12.03   13.08   14.22   15.41   16.55   17.74   19.12   20.08   21.58   22.41   23.75   24.85   25.63   26.82   27.62   28.55   29.79   30.58   31.44   32.36   33.39   34.36   35.68   36.82   37.67   38.79   40.15   41.19   42.03   43.12   43.96   44.54   45.84   46.57   47.49   48.34   48.99   49.75   50.89   52.97   53.20   54.53   55.53   56.37   57.37   59.00   59.57   60.57   62.00   62.45   63.71   63.67   64.44   65.38   66.19   67.06   67.57   68.79   69.13   69.84   70.45   71.52   72.38   73.76   73.66   74.74   75.44   76.46   76.98   77.25   78.75   79.59   80.42   81.80   82.23   83.03   84.14   85.61   85.99   86.97   87.66   88.51   88.85   90.36   
   1.20e9  1.556   2.847   4.237   5.412   6.625   7.928   9.244   10.39   11.35   12.34   13.41   14.54   15.61   16.74   18.04   18.95   20.36   21.15   22.42   23.46   24.19   25.32   26.07   26.95   28.13   28.88   29.69   30.56   31.54   32.46   33.71   34.79   35.59   36.65   37.94   38.92   39.72   40.75   41.55   42.10   43.32   44.02   44.89   45.69   46.31   47.03   48.11   50.07   50.30   51.56   52.50   53.30   54.25   55.79   56.33   57.28   58.63   59.06   60.24   60.22   60.95   61.84   62.61   63.42   63.91   65.07   65.39   66.07   66.66   67.67   68.49   69.79   69.72   70.74   71.39   72.37   72.86   73.13   74.55   75.34   76.14   77.44   77.85   78.61   79.67   81.06   81.42   82.35   83.00   83.81   84.14   85.55   
   1.30e9  1.474   2.699   4.016   5.130   6.281   7.517   8.766   9.858   10.77   11.71   12.73   13.80   14.82   15.89   17.12   17.98   19.33   20.08   21.28   22.27   22.97   24.03   24.76   25.59   26.71   27.42   28.20   29.03   29.96   30.84   32.03   33.06   33.82   34.83   36.05   36.98   37.74   38.73   39.49   40.01   41.17   41.84   42.66   43.42   44.02   44.70   45.74   47.59   47.82   49.02   49.92   50.68   51.59   53.05   53.56   54.46   55.74   56.16   57.27   57.27   57.96   58.81   59.55   60.32   60.79   61.88   62.20   62.85   63.41   64.38   65.17   66.40   66.35   67.32   67.94   68.86   69.34   69.60   70.95   71.71   72.47   73.70   74.11   74.83   75.84   77.16   77.51   78.40   79.02   79.79   80.10   81.44   
   1.40e9  1.403   2.571   3.826   4.887   5.984   7.162   8.354   9.396   10.27   11.17   12.14   13.16   14.13   15.15   16.32   17.15   18.44   19.16   20.30   21.24   21.92   22.93   23.62   24.42   25.48   26.17   26.91   27.70   28.60   29.44   30.58   31.56   32.29   33.25   34.42   35.31   36.04   36.98   37.71   38.21   39.31   39.95   40.74   41.46   42.03   42.69   43.68   45.45   45.68   46.82   47.69   48.41   49.29   50.68   51.17   52.03   53.25   53.65   54.71   54.71   55.38   56.19   56.90   57.63   58.08   59.13   59.44   60.06   60.60   61.53   62.29   63.47   63.44   64.35   64.95   65.83   66.29   66.55   67.83   68.57   69.30   70.48   70.86   71.56   72.53   73.79   74.13   74.98   75.57   76.31   76.61   77.88   
   1.50e9  1.341   2.459   3.660   4.676   5.726   6.854   7.995   8.994   9.831   10.70   11.62   12.60   13.54   14.51   15.63   16.43   17.66   18.36   19.45   20.35   21.00   21.97   22.63   23.39   24.41   25.07   25.78   26.55   27.41   28.22   29.31   30.25   30.95   31.88   33.00   33.86   34.56   35.45   36.16   36.64   37.68   38.31   39.06   39.76   40.31   40.94   41.89   43.58   43.82   44.91   45.74   46.44   47.28   48.62   49.09   49.91   51.08   51.46   52.47   52.49   53.12   53.90   54.59   55.28   55.72   56.73   57.03   57.62   58.15   59.04   59.77   60.91   60.89   61.77   62.33   63.18   63.62   63.88   65.11   65.82   66.53   67.65   68.03   68.70   69.63   70.84   71.18   71.99   72.56   73.27   73.56   74.77   
   1.60e9  1.287   2.361   3.514   4.490   5.499   6.583   7.680   8.641   9.448   10.28   11.17   12.11   13.01   13.95   15.02   15.79   16.98   17.65   18.70   19.57   20.19   21.12   21.76   22.49   23.47   24.11   24.79   25.53   26.36   27.14   28.19   29.10   29.78   30.67   31.75   32.58   33.25   34.11   34.79   35.26   36.26   36.87   37.58   38.25   38.79   39.40   40.31   41.93   42.17   43.23   44.02   44.70   45.52   46.80   47.25   48.05   49.16   49.54   50.50   50.52   51.14   51.89   52.55   53.22   53.65   54.61   54.90   55.48   55.99   56.85   57.56   58.65   58.65   59.49   60.03   60.85   61.28   61.53   62.71   63.40   64.09   65.17   65.54   66.19   67.09   68.25   68.57   69.35   69.91   70.59   70.87   72.02   
   1.70e9  1.240   2.275   3.386   4.326   5.298   6.342   7.401   8.328   9.108   9.912   10.77   11.68   12.54   13.45   14.48   15.23   16.38   17.02   18.03   18.87   19.47   20.37   20.98   21.70   22.63   23.26   23.92   24.63   25.43   26.19   27.21   28.09   28.74   29.59   30.64   31.44   32.09   32.93   33.58   34.03   34.99   35.59   36.27   36.92   37.44   38.03   38.91   40.48   40.71   41.73   42.50   43.16   43.95   45.19   45.63   46.39   47.46   47.83   48.75   48.79   49.38   50.10   50.75   51.39   51.80   52.73   53.02   53.57   54.07   54.91   55.59   56.65   56.66   57.47   57.99   58.78   59.19   59.44   60.58   61.26   61.92   62.96   63.33   63.95   64.82   65.95   66.27   67.02   67.55   68.21   68.48   69.59   
   1.80e9  1.197   2.198   3.271   4.180   5.119   6.129   7.153   8.049   8.806   9.584   10.42   11.29   12.13   13.01   14.00   14.72   15.84   16.47   17.44   18.25   18.84   19.70   20.30   20.98   21.89   22.49   23.13   23.82   24.60   25.34   26.33   27.18   27.81   28.64   29.65   30.43   31.06   31.87   32.50   32.94   33.86   34.44   35.11   35.73   36.23   36.81   37.66   39.17   39.41   40.40   41.15   41.78   42.55   43.75   44.18   44.91   45.95   46.30   47.19   47.23   47.81   48.51   49.14   49.75   50.16   51.05   51.33   51.87   52.36   53.17   53.84   54.86   54.88   55.66   56.17   56.93   57.34   57.58   58.68   59.34   59.99   61.00   61.35   61.96   62.81   63.89   64.20   64.93   65.45   66.09   66.35   67.42   
   2.00e9  1.124   2.067   3.075   3.930   4.813   5.764   6.730   7.575   8.291   9.026   9.810   10.63   11.42   12.25   13.18   13.87   14.92   15.51   16.43   17.19   17.75   18.56   19.12   19.77   20.62   21.20   21.80   22.45   23.19   23.88   24.82   25.63   26.23   27.01   27.97   28.70   29.30   30.06   30.66   31.07   31.93   32.49   33.11   33.70   34.18   34.72   35.53   36.95   37.19   38.12   38.83   39.43   40.17   41.29   41.70   42.39   43.36   43.70   44.53   44.58   45.13   45.79   46.38   46.96   47.35   48.19   48.46   48.97   49.43   50.20   50.84   51.81   51.84   52.57   53.05   53.77   54.16   54.39   55.44   56.06   56.68   57.63   57.97   58.55   59.36   60.38   60.68   61.37   61.86   62.46   62.70   63.70   
