# SRIM-2013 Electronic stopping power table for Z1=7
# Converted from a table provided by H.Hofsaess
# units of energy:         eV
# units of stopping power: eV A^2
#      \Z2 1       2       3       4       5       6       7       8       9       10      11      12      13      14      15      16      17      18      19      20      21      22      23      24      25      26      27      28      29      30      31      32      33      34      35      36      37      38      39      40      41      42      43      44      45      46      47      48      49      50      51      52      53      54      55      56      57      58      59      60      61      62      63      64      65      66      67      68      69      70      71      72      73      74      75      76      77      78      79      80      81      82      83      84      85      86      87      88      89      90      91      92      
# energy\  H       He      Li      Be      B       C       N       O       F       Ne      Na      Mg      Al      Si      P       S       Cl      Ar      K       Ca      Sc      Ti      V       Cr      Mn      Fe      Co      Ni      Cu      Zn      Ga      Ge      As      Se      Br      Kr      Rb      Sr      Y       Zr      Nb      Mo      Tc      Ru      Rh      Pd      Ag      Cd      In      Sn      Sb      Te      I       Xe      Cs      Ba      La      Ce      Pr      Nd      Pm      Sm      Eu      Gd      Tb      Dy      Ho      Er      Tm      Yb      Lu      Hf      Ta      W       Re      Os      Ir      Pt      Au      Hg      Tl      Pb      Bi      Po      At      Rn      Fr      Ra      Ac      Th      Pa      U       
   0.00    0.0     0.0     0.0     0.0     0.0     0.0     0.0     0.0     0.0     0.0     0.0     0.0     0.0     0.0     0.0     0.0     0.0     0.0     0.0     0.0     0.0     0.0     0.0     0.0     0.0     0.0     0.0     0.0     0.0     0.0     0.0     0.0     0.0     0.0     0.0     0.0     0.0     0.0     0.0     0.0     0.0     0.0     0.0     0.0     0.0     0.0     0.0     0.0     0.0     0.0     0.0     0.0     0.0     0.0     0.0     0.0     0.0     0.0     0.0     0.0     0.0     0.0     0.0     0.0     0.0     0.0     0.0     0.0     0.0     0.0     0.0     0.0     0.0     0.0     0.0     0.0     0.0     0.0     0.0     0.0     0.0     0.0     0.0     0.0     0.0     0.0     0.0     0.0     0.0     0.0     0.0     0.0     
   10.0    1.105   1.347   1.726   3.525   4.188   5.365   3.539   2.915   3.304   3.292   6.000   7.354   6.863   6.559   7.175   5.645   1.699   4.028   5.089   5.126   7.879   7.203   7.684   5.957   5.681   6.237   5.694   5.880   5.623   5.298   5.685   7.323   8.459   7.410   2.544   3.721   9.311   9.316   9.454   7.390   10.99   10.34   9.330   6.625   5.771   8.793   8.689   8.076   6.683   11.11   9.821   7.960   10.44   3.036   12.05   12.39   12.74   10.57   9.505   9.904   10.00   8.785   8.481   12.58   9.967   8.419   6.832   7.159   9.137   6.929   8.058   6.958   8.919   8.300   7.364   4.655   5.472   7.518   7.009   5.429   6.287   9.679   9.426   12.15   12.30   11.80   13.67   13.13   8.915   8.612   10.97   8.829   
   11.0    1.159   1.413   1.810   3.697   4.392   5.627   3.712   3.057   3.466   3.453   6.293   7.713   7.197   6.879   7.525   5.920   1.782   4.225   5.337   5.377   8.264   7.555   8.059   6.247   5.958   6.542   5.972   6.167   5.898   5.557   5.962   7.680   8.872   7.771   2.668   3.902   9.766   9.771   9.915   7.750   11.53   10.85   9.785   6.948   6.053   9.222   9.113   8.471   7.009   11.65   10.30   8.348   10.95   3.184   12.64   12.99   13.37   11.08   9.969   10.39   10.49   9.214   8.895   13.20   10.45   8.830   7.166   7.509   9.583   7.268   8.451   7.298   9.354   8.705   7.724   4.883   5.739   7.885   7.351   5.694   6.594   10.15   9.886   12.74   12.90   12.38   14.34   13.77   9.351   9.033   11.51   9.260   
   12.0    1.211   1.475   1.890   3.862   4.588   5.877   3.877   3.193   3.620   3.606   6.573   8.056   7.518   7.185   7.859   6.183   1.862   4.412   5.575   5.616   8.631   7.891   8.417   6.525   6.223   6.833   6.237   6.441   6.160   5.804   6.227   8.022   9.267   8.117   2.787   4.076   10.20   10.21   10.36   8.095   12.04   11.33   10.22   7.257   6.322   9.633   9.518   8.847   7.320   12.17   10.76   8.719   11.43   3.326   13.20   13.57   13.96   11.58   10.41   10.85   10.95   9.623   9.291   13.78   10.92   9.223   7.485   7.842   10.01   7.591   8.827   7.622   9.770   9.092   8.067   5.100   5.994   8.236   7.678   5.948   6.887   10.60   10.33   13.30   13.47   12.93   14.97   14.38   9.766   9.434   12.02   9.672   
   13.0    1.260   1.536   1.968   4.020   4.775   6.117   4.035   3.324   3.767   3.754   6.841   8.385   7.824   7.479   8.180   6.436   1.938   4.593   5.802   5.845   8.983   8.213   8.761   6.792   6.477   7.112   6.492   6.704   6.412   6.041   6.482   8.349   9.645   8.448   2.900   4.242   10.62   10.62   10.78   8.426   12.53   11.79   10.64   7.553   6.580   10.03   9.907   9.208   7.619   12.67   11.20   9.075   11.90   3.462   13.74   14.13   14.53   12.05   10.84   11.29   11.40   10.02   9.670   14.35   11.36   9.599   7.790   8.163   10.42   7.901   9.187   7.934   10.17   9.464   8.397   5.308   6.239   8.572   7.992   6.190   7.168   11.04   10.75   13.85   14.02   13.46   15.58   14.97   10.17   9.820   12.51   10.07   
   14.0    1.308   1.594   2.042   4.171   4.955   6.348   4.187   3.449   3.910   3.895   7.100   8.701   8.120   7.761   8.489   6.679   2.011   4.766   6.022   6.066   9.323   8.523   9.092   7.048   6.722   7.380   6.737   6.957   6.654   6.269   6.726   8.665   10.01   8.767   3.010   4.403   11.02   11.02   11.19   8.744   13.00   12.24   11.04   7.838   6.829   10.40   10.28   9.556   7.907   13.15   11.62   9.418   12.35   3.592   14.26   14.66   15.08   12.50   11.25   11.72   11.83   10.39   10.04   14.89   11.79   9.962   8.084   8.471   10.81   8.199   9.534   8.233   10.55   9.821   8.714   5.508   6.475   8.896   8.294   6.424   7.439   11.45   11.15   14.37   14.55   13.97   16.17   15.53   10.55   10.19   12.98   10.45   
   15.0    1.354   1.650   2.114   4.318   5.129   6.571   4.334   3.570   4.047   4.032   7.349   9.007   8.405   8.033   8.787   6.913   2.081   4.933   6.233   6.279   9.650   8.822   9.411   7.295   6.958   7.639   6.974   7.201   6.887   6.489   6.962   8.969   10.36   9.075   3.115   4.557   11.40   11.41   11.58   9.051   13.46   12.67   11.43   8.113   7.068   10.77   10.64   9.891   8.185   13.61   12.03   9.749   12.78   3.718   14.76   15.17   15.61   12.94   11.64   12.13   12.25   10.76   10.39   15.41   12.21   10.31   8.368   8.768   11.19   8.487   9.869   8.522   10.92   10.17   9.019   5.702   6.702   9.208   8.585   6.650   7.700   11.85   11.54   14.87   15.06   14.46   16.74   16.08   10.92   10.55   13.44   10.81   
   16.0    1.398   1.704   2.183   4.459   5.297   6.786   4.476   3.687   4.180   4.164   7.590   9.302   8.680   8.297   9.075   7.140   2.150   5.095   6.437   6.484   9.966   9.111   9.720   7.535   7.186   7.890   7.202   7.437   7.113   6.702   7.191   9.263   10.70   9.373   3.218   4.707   11.78   11.78   11.96   9.347   13.90   13.08   11.80   8.379   7.300   11.12   10.99   10.22   8.453   14.06   12.42   10.07   13.20   3.840   15.24   15.67   16.12   13.37   12.02   12.53   12.65   11.11   10.73   15.92   12.61   10.65   8.642   9.056   11.56   8.765   10.19   8.802   11.28   10.50   9.315   5.889   6.922   9.510   8.866   6.868   7.953   12.24   11.92   15.36   15.55   14.93   17.29   16.60   11.28   10.89   13.88   11.17   
   17.0    1.441   1.756   2.250   4.597   5.460   6.995   4.614   3.801   4.308   4.292   7.823   9.588   8.948   8.552   9.355   7.360   2.216   5.252   6.635   6.684   10.27   9.392   10.02   7.766   7.407   8.132   7.424   7.666   7.332   6.908   7.412   9.548   11.03   9.661   3.317   4.851   12.14   12.15   12.33   9.635   14.33   13.49   12.16   8.637   7.525   11.46   11.33   10.53   8.713   14.49   12.81   10.38   13.61   3.959   15.71   16.15   16.62   13.78   12.39   12.91   13.04   11.45   11.06   16.41   13.00   10.98   8.908   9.334   11.91   9.035   10.51   9.072   11.63   10.82   9.602   6.070   7.135   9.802   9.139   7.079   8.197   12.62   12.29   15.84   16.03   15.39   17.82   17.11   11.62   11.23   14.30   11.51   
   18.0    1.483   1.807   2.315   4.730   5.619   7.198   4.748   3.911   4.433   4.417   8.050   9.866   9.207   8.800   9.626   7.573   2.280   5.404   6.828   6.878   10.57   9.664   10.31   7.992   7.622   8.368   7.639   7.888   7.545   7.108   7.627   9.825   11.35   9.941   3.413   4.992   12.49   12.50   12.68   9.914   14.75   13.88   12.52   8.888   7.743   11.80   11.66   10.84   8.966   14.91   13.18   10.68   14.00   4.073   16.17   16.62   17.10   14.18   12.75   13.29   13.42   11.79   11.38   16.88   13.37   11.30   9.167   9.605   12.26   9.297   10.81   9.335   11.97   11.14   9.880   6.246   7.342   10.09   9.404   7.284   8.435   12.99   12.65   16.29   16.50   15.84   18.34   17.61   11.96   11.55   14.72   11.85   
   20.0    1.563   1.905   2.441   4.986   5.922   7.587   5.005   4.122   4.673   4.656   8.486   10.40   9.705   9.276   10.15   7.983   2.403   5.696   7.197   7.250   11.14   10.19   10.87   8.424   8.034   8.821   8.052   8.315   7.953   7.493   8.039   10.36   11.96   10.48   3.597   5.262   13.17   13.18   13.37   10.45   15.54   14.63   13.19   9.368   8.162   12.44   12.29   11.42   9.451   15.71   13.89   11.26   14.76   4.294   17.04   17.52   18.02   14.94   13.44   14.01   14.14   12.42   11.99   17.80   14.10   11.91   9.663   10.12   12.92   9.800   11.40   9.840   12.61   11.74   10.41   6.584   7.739   10.63   9.913   7.678   8.891   13.69   13.33   17.18   17.39   16.69   19.33   18.56   12.61   12.18   15.51   12.49   
   22.0    1.658   2.020   2.589   5.288   6.282   8.048   5.308   4.372   4.956   4.938   9.000   11.03   10.29   9.839   10.76   8.467   2.549   6.042   7.634   7.690   11.82   10.80   11.53   8.935   8.522   9.356   8.541   8.820   8.435   7.947   8.527   10.98   12.69   11.11   3.816   5.581   13.97   13.97   14.18   11.08   16.49   15.52   13.99   9.937   8.657   13.19   13.03   12.11   10.02   16.67   14.73   11.94   15.65   4.554   18.07   18.58   19.12   15.85   14.26   14.86   15.00   13.18   12.72   18.88   14.95   12.63   10.25   10.74   13.71   10.39   12.09   10.44   13.38   12.45   11.05   6.983   8.208   11.28   10.51   8.144   9.431   14.52   14.14   18.22   18.44   17.71   20.50   19.69   13.37   12.92   16.46   13.24   
   25.0    1.748   2.130   2.729   5.574   6.621   8.483   5.595   4.609   5.225   5.205   9.487   11.63   10.85   10.37   11.34   8.925   2.687   6.369   8.047   8.106   12.46   11.39   12.15   9.418   8.983   9.862   9.003   9.297   8.891   8.377   8.988   11.58   13.38   11.72   4.022   5.883   14.72   14.73   14.95   11.68   17.38   16.36   14.75   10.47   9.125   13.90   13.74   12.77   10.57   17.57   15.53   12.59   16.50   4.801   19.05   19.59   20.15   16.71   15.03   15.66   15.81   13.89   13.41   19.90   15.76   13.31   10.80   11.32   14.45   10.96   12.74   11.00   14.10   13.12   11.64   7.361   8.652   11.89   11.08   8.585   9.941   15.30   14.90   19.20   19.44   18.66   21.61   20.75   14.10   13.62   17.35   13.96   
   27.0    1.833   2.234   2.862   5.846   6.945   8.897   5.868   4.834   5.480   5.459   9.950   12.20   11.38   10.88   11.90   9.360   2.818   6.680   8.439   8.501   13.07   11.94   12.74   9.878   9.421   10.34   9.442   9.750   9.325   8.786   9.427   12.14   14.03   12.29   4.218   6.170   15.44   15.45   15.68   12.25   18.23   17.15   15.47   10.99   9.570   14.58   14.41   13.39   11.08   18.43   16.29   13.20   17.31   5.035   19.98   20.55   21.13   17.52   15.76   16.42   16.58   14.57   14.06   20.87   16.53   13.96   11.33   11.87   15.15   11.49   13.36   11.54   14.79   13.76   12.21   7.720   9.075   12.47   11.62   9.004   10.43   16.05   15.63   20.14   20.39   19.58   22.67   21.77   14.78   14.28   18.19   14.64   
   30.0    1.915   2.333   2.989   6.106   7.253   9.293   6.129   5.049   5.723   5.702   10.39   12.74   11.89   11.36   12.43   9.777   2.944   6.977   8.815   8.879   13.65   12.48   13.31   10.32   9.840   10.80   9.862   10.18   9.740   9.177   9.846   12.68   14.65   12.83   4.406   6.445   16.13   16.14   16.37   12.80   19.04   17.92   16.16   11.47   9.996   15.23   15.05   13.99   11.57   19.25   17.01   13.79   18.08   5.259   20.87   21.46   22.07   18.30   16.46   17.15   17.32   15.22   14.69   21.80   17.26   14.58   11.83   12.40   15.83   12.00   13.96   12.05   15.45   14.38   12.76   8.063   9.478   13.02   12.14   9.404   10.89   16.76   16.33   21.04   21.30   20.45   23.67   22.73   15.44   14.92   19.00   15.29   
   32.0    1.993   2.428   3.111   6.355   7.550   9.672   6.380   5.255   5.957   5.935   10.82   13.26   12.37   11.82   12.93   10.18   3.064   7.262   9.175   9.242   14.20   12.99   13.85   10.74   10.24   11.24   10.26   10.60   10.14   9.552   10.25   13.20   15.25   13.36   4.586   6.708   16.79   16.80   17.04   13.32   19.81   18.65   16.82   11.94   10.40   15.85   15.66   14.56   12.05   20.03   17.71   14.35   18.81   5.473   21.72   22.34   22.98   19.05   17.14   17.85   18.03   15.84   15.29   22.69   17.97   15.18   12.32   12.91   16.47   12.49   14.53   12.54   16.08   14.96   13.28   8.393   9.865   13.55   12.64   9.788   11.33   17.45   16.99   21.89   22.17   21.28   24.64   23.66   16.07   15.53   19.78   15.92   
   35.0    2.068   2.520   3.229   6.595   7.835   10.04   6.621   5.453   6.182   6.159   11.23   13.76   12.84   12.27   13.42   10.56   3.179   7.536   9.521   9.591   14.74   13.48   14.38   11.14   10.63   11.67   10.65   11.00   10.52   9.912   10.64   13.70   15.83   13.86   4.759   6.961   17.42   17.43   17.69   13.82   20.56   19.35   17.45   12.39   10.80   16.45   16.26   15.11   12.50   20.79   18.37   14.89   19.52   5.680   22.54   23.18   23.84   19.77   17.78   18.53   18.71   16.43   15.87   23.54   18.65   15.75   12.78   13.39   17.09   12.96   15.07   13.02   16.69   15.53   13.78   8.710   10.24   14.07   13.11   10.16   11.76   18.11   17.63   22.72   23.00   22.08   25.57   24.56   16.68   16.11   20.52   16.52   
   37.0    2.141   2.608   3.342   6.827   8.110   10.39   6.853   5.645   6.399   6.375   11.62   14.24   13.29   12.70   13.89   10.93   3.291   7.800   9.855   9.927   15.26   13.95   14.88   11.53   11.00   12.08   11.03   11.39   10.89   10.26   11.01   14.18   16.38   14.35   4.926   7.205   18.03   18.04   18.31   14.31   21.28   20.03   18.07   12.83   11.18   17.03   16.83   15.64   12.94   21.52   19.02   15.41   20.21   5.879   23.33   23.99   24.68   20.46   18.41   19.18   19.36   17.01   16.42   24.37   19.30   16.30   13.23   13.86   17.69   13.42   15.60   13.47   17.27   16.07   14.26   9.015   10.60   14.56   13.57   10.51   12.17   18.74   18.25   23.52   23.81   22.86   26.47   25.42   17.26   16.68   21.24   17.10   
   40.0    2.211   2.694   3.452   7.051   8.376   10.73   7.078   5.830   6.609   6.584   12.00   14.71   13.73   13.12   14.35   11.29   3.399   8.056   10.18   10.25   15.76   14.41   15.37   11.91   11.36   12.47   11.39   11.76   11.25   10.60   11.37   14.65   16.92   14.82   5.087   7.442   18.62   18.63   18.91   14.78   21.98   20.69   18.66   13.25   11.54   17.59   17.38   16.15   13.37   22.22   19.64   15.92   20.87   6.072   24.10   24.78   25.49   21.13   19.01   19.81   20.00   17.57   16.96   25.17   19.93   16.84   13.66   14.32   18.27   13.86   16.12   13.92   17.84   16.60   14.73   9.311   10.94   15.04   14.02   10.86   12.57   19.36   18.85   24.29   24.59   23.61   27.34   26.25   17.83   17.22   21.94   17.66   
   45.0    2.345   2.857   3.661   7.478   8.884   11.38   7.507   6.184   7.009   6.984   12.73   15.60   14.56   13.91   15.22   11.97   3.605   8.545   10.80   10.87   16.71   15.28   16.30   12.64   12.05   13.23   12.08   12.47   11.93   11.24   12.06   15.53   17.95   15.72   5.396   7.893   19.75   19.76   20.05   15.68   23.32   21.94   19.79   14.05   12.24   18.65   18.43   17.13   14.18   23.57   20.83   16.89   22.14   6.441   25.56   26.28   27.03   22.42   20.16   21.01   21.21   18.64   17.99   26.69   21.14   17.86   14.49   15.19   19.38   14.70   17.09   14.76   18.92   17.61   15.62   9.876   11.61   15.95   14.87   11.52   13.34   20.53   19.99   25.76   26.09   25.04   29.00   27.84   18.91   18.27   23.27   18.73   
   50.0    2.472   3.012   3.859   7.883   9.364   12.00   7.913   6.518   7.389   7.361   13.42   16.44   15.35   14.67   16.04   12.62   3.800   9.007   11.38   11.46   17.62   16.11   17.18   13.32   12.70   13.95   12.73   13.15   12.57   11.85   12.71   16.37   18.92   16.57   5.688   8.320   20.82   20.83   21.14   16.52   24.58   23.13   20.86   14.81   12.90   19.66   19.43   18.06   14.94   24.85   21.96   17.80   23.34   6.789   26.94   27.70   28.50   23.63   21.25   22.15   22.36   19.64   18.97   28.14   22.29   18.83   15.28   16.01   20.43   15.49   18.02   15.56   19.94   18.56   16.47   10.41   12.24   16.81   15.67   12.14   14.06   21.64   21.08   27.16   27.50   26.40   30.56   29.35   19.94   19.26   24.53   19.74   
   55.0    2.593   3.159   4.047   8.268   9.821   12.58   8.299   6.836   7.749   7.721   14.07   17.25   16.09   15.38   16.83   13.24   3.986   9.447   11.94   12.02   18.48   16.89   18.02   13.97   13.32   14.63   13.35   13.79   13.19   12.43   13.33   17.17   19.84   17.38   5.966   8.726   21.84   21.85   22.17   17.33   25.78   24.26   21.88   15.54   13.53   20.62   20.38   18.94   15.67   26.06   23.03   18.67   24.48   7.120   28.26   29.06   29.89   24.78   22.29   23.23   23.45   20.60   19.89   29.51   23.37   19.74   16.02   16.79   21.43   16.25   18.90   16.32   20.92   19.47   17.27   10.92   12.83   17.63   16.44   12.73   14.74   22.70   22.11   28.48   28.84   27.68   32.06   30.78   20.91   20.20   25.73   20.71   
   60.0    2.708   3.299   4.227   8.635   10.26   13.14   8.668   7.140   8.094   8.064   14.70   18.01   16.81   16.07   17.57   13.83   4.163   9.867   12.47   12.56   19.30   17.64   18.82   14.59   13.92   15.28   13.95   14.40   13.77   12.98   13.92   17.94   20.72   18.15   6.231   9.114   22.81   22.82   23.16   18.10   26.92   25.34   22.85   16.23   14.14   21.54   21.28   19.78   16.37   27.22   24.06   19.50   25.56   7.437   29.52   30.35   31.22   25.88   23.28   24.26   24.49   21.52   20.78   30.82   24.41   20.62   16.74   17.54   22.38   16.97   19.74   17.04   21.85   20.33   18.04   11.40   13.40   18.42   17.17   13.30   15.40   23.71   23.09   29.75   30.12   28.91   33.48   32.15   21.84   21.10   26.87   21.63   
   65.0    2.818   3.434   4.400   8.988   10.68   13.68   9.022   7.432   8.424   8.393   15.30   18.75   17.50   16.72   18.29   14.39   4.333   10.27   12.97   13.07   20.09   18.36   19.59   15.19   14.48   15.90   14.52   14.99   14.34   13.51   14.49   18.67   21.57   18.89   6.485   9.486   23.74   23.75   24.10   18.84   28.02   26.37   23.79   16.89   14.71   22.42   22.15   20.59   17.04   28.33   25.04   20.29   26.61   7.741   30.72   31.59   32.49   26.94   24.23   25.25   25.49   22.40   21.62   32.08   25.41   21.46   17.42   18.25   23.29   17.67   20.54   17.74   22.74   21.16   18.78   11.87   13.95   19.17   17.87   13.84   16.03   24.68   24.03   30.96   31.35   30.10   34.85   33.46   22.73   21.96   27.97   22.51   
   70.0    2.925   3.564   4.566   9.327   11.08   14.19   9.363   7.712   8.742   8.710   15.88   19.46   18.16   17.35   18.98   14.93   4.496   10.66   13.46   13.56   20.85   19.06   20.33   15.76   15.03   16.50   15.06   15.56   14.88   14.02   15.04   19.37   22.38   19.60   6.730   9.844   24.63   24.65   25.01   19.55   29.08   27.37   24.68   17.53   15.27   23.26   22.99   21.37   17.68   29.40   25.98   21.06   27.61   8.033   31.88   32.78   33.72   27.96   25.15   26.20   26.46   23.24   22.44   33.29   26.37   22.28   18.08   18.94   24.17   18.33   21.32   18.41   23.60   21.96   19.48   12.32   14.48   19.89   18.54   14.36   16.63   25.61   24.94   32.13   32.53   31.23   36.16   34.73   23.59   22.79   29.02   23.36   
   80.0    3.127   3.810   4.881   9.971   11.84   15.17   10.01   8.245   9.346   9.312   16.97   20.80   19.41   18.55   20.29   15.97   4.807   11.39   14.39   14.50   22.29   20.37   21.73   16.85   16.07   17.64   16.10   16.63   15.91   14.99   16.08   20.71   23.93   20.96   7.195   10.52   26.34   26.35   26.74   20.90   31.09   29.26   26.39   18.74   16.32   24.87   24.58   22.84   18.90   31.43   27.78   22.51   29.52   8.587   34.08   35.04   36.05   29.89   26.88   28.01   28.28   24.85   23.99   35.59   28.19   23.81   19.33   20.25   25.84   19.60   22.79   19.68   25.23   23.48   20.83   13.17   15.48   21.26   19.83   15.36   17.78   27.38   26.66   34.35   34.78   33.39   38.66   37.13   25.22   24.36   31.03   24.97   
   90.0    3.316   4.041   5.177   10.58   12.56   16.10   10.62   8.745   9.913   9.876   18.00   22.06   20.59   19.68   21.52   16.93   5.098   12.08   15.27   15.38   23.64   21.61   23.05   17.87   17.04   18.71   17.08   17.64   16.87   15.89   17.05   21.97   25.38   22.23   7.631   11.16   27.93   27.95   28.36   22.17   32.97   31.03   27.99   19.87   17.31   26.38   26.07   24.23   20.05   33.34   29.46   23.88   31.31   9.108   36.15   37.17   38.23   31.70   28.51   29.71   30.00   26.35   25.44   37.75   29.90   25.26   20.50   21.48   27.41   20.79   24.17   20.87   26.76   24.90   22.09   13.97   16.42   22.55   21.03   16.29   18.86   29.04   28.28   36.44   36.89   35.41   41.01   39.38   26.75   25.84   32.91   26.49   
   100.    3.496   4.259   5.457   11.15   13.24   16.97   11.19   9.218   10.45   10.41   18.97   23.26   21.70   20.74   22.69   17.85   5.374   12.74   16.09   16.21   24.92   22.78   24.30   18.84   17.97   19.72   18.01   18.59   17.78   16.75   17.98   23.16   26.75   23.43   8.044   11.77   29.44   29.46   29.90   23.37   34.76   32.71   29.50   20.95   18.25   27.81   27.48   25.54   21.13   35.14   31.06   25.17   33.00   9.601   38.10   39.18   40.30   33.42   30.06   31.32   31.62   27.78   26.82   39.79   31.52   26.62   21.61   22.64   28.89   21.91   25.48   22.00   28.20   26.25   23.29   14.72   17.30   23.77   22.17   17.17   19.88   30.61   29.81   38.41   38.89   37.33   43.22   41.51   28.19   27.23   34.69   27.92   
   110.    3.667   4.467   5.724   11.69   13.89   17.79   11.74   9.668   10.96   10.92   19.90   24.39   22.76   21.75   23.80   18.72   5.636   13.36   16.88   17.00   26.13   23.89   25.48   19.76   18.84   20.69   18.88   19.50   18.65   17.57   18.85   24.29   28.06   24.58   8.437   12.34   30.88   30.90   31.35   24.51   36.45   34.31   30.94   21.97   19.14   29.16   28.82   26.79   22.16   36.85   32.57   26.40   34.61   10.07   39.96   41.09   42.27   35.05   31.52   32.85   33.17   29.14   28.13   41.73   33.06   27.92   22.66   23.74   30.30   22.98   26.72   23.08   29.58   27.53   24.42   15.44   18.15   24.93   23.25   18.01   20.85   32.10   31.26   40.28   40.78   39.15   45.33   43.53   29.57   28.56   36.38   29.28   
   120.    3.830   4.666   5.978   12.21   14.51   18.59   12.26   10.10   11.45   11.40   20.79   25.47   23.77   22.72   24.85   19.55   5.887   13.95   17.63   17.76   27.29   24.95   26.62   20.63   19.68   21.61   19.72   20.37   19.48   18.35   19.69   25.37   29.30   25.67   8.812   12.89   32.25   32.27   32.75   25.60   38.07   35.83   32.32   22.95   19.99   30.46   30.10   27.98   23.15   38.49   34.02   27.57   36.15   10.52   41.74   42.92   44.15   36.61   32.93   34.31   34.64   30.43   29.38   43.59   34.53   29.16   23.67   24.80   31.65   24.00   27.91   24.10   30.89   28.75   25.51   16.13   18.96   26.04   24.28   18.81   21.78   33.53   32.65   42.07   42.60   40.89   47.35   45.47   30.88   29.83   38.00   30.58   
   130.    3.986   4.856   6.222   12.71   15.10   19.34   12.76   10.51   11.91   11.87   21.63   26.52   24.74   23.65   25.87   20.35   6.127   14.52   18.35   18.48   28.41   25.97   27.70   21.48   20.48   22.49   20.53   21.20   20.28   19.10   20.50   26.40   30.50   26.72   9.172   13.42   33.57   33.59   34.09   26.64   39.63   37.30   33.64   23.89   20.81   31.70   31.33   29.12   24.09   40.06   35.41   28.70   37.63   10.95   43.45   44.67   45.95   38.10   34.27   35.71   36.05   31.67   30.58   45.37   35.94   30.36   24.63   25.81   32.94   24.98   29.05   25.09   32.16   29.93   26.55   16.79   19.73   27.11   25.27   19.58   22.67   34.90   33.98   43.79   44.34   42.56   49.28   47.33   32.15   31.05   39.55   31.83   
   140.    4.136   5.040   6.457   13.19   15.67   20.07   13.24   10.91   12.36   12.32   22.45   27.52   25.68   24.54   26.84   21.12   6.359   15.07   19.04   19.18   29.48   26.95   28.75   22.29   21.26   23.34   21.30   22.00   21.04   19.82   21.27   27.40   31.65   27.72   9.518   13.92   34.84   34.86   35.37   27.65   41.12   38.71   34.91   24.79   21.59   32.90   32.51   30.22   25.00   41.58   36.75   29.78   39.05   11.36   45.09   46.36   47.69   39.54   35.56   37.06   37.42   32.87   31.73   47.08   37.29   31.50   25.56   26.79   34.19   25.93   30.15   26.04   33.37   31.06   27.55   17.42   20.47   28.13   26.23   20.31   23.52   36.22   35.27   45.44   46.01   44.17   51.14   49.11   33.36   32.22   41.05   33.03   
   150.    4.282   5.217   6.684   13.65   16.22   20.78   13.71   11.29   12.80   12.75   23.24   28.48   26.58   25.40   27.79   21.86   6.582   15.60   19.71   19.85   30.52   27.90   29.76   23.07   22.00   24.16   22.05   22.77   21.78   20.52   22.02   28.36   32.76   28.70   9.852   14.41   36.06   36.08   36.61   28.62   42.57   40.06   36.13   25.66   22.35   34.06   33.65   31.28   25.88   43.04   38.04   30.83   40.42   11.76   46.67   47.99   49.36   40.93   36.81   38.36   38.73   34.02   32.85   48.74   38.60   32.61   26.46   27.73   35.39   26.84   31.21   26.95   34.54   32.15   28.52   18.03   21.19   29.12   27.15   21.03   24.35   37.49   36.51   47.04   47.62   45.72   52.94   50.84   34.53   33.36   42.49   34.19   
   160.    4.422   5.388   6.903   14.10   16.75   21.46   14.16   11.66   13.22   13.17   24.00   29.42   27.45   26.24   28.70   22.58   6.798   16.11   20.36   20.51   31.52   28.81   30.74   23.83   22.72   24.95   22.78   23.52   22.49   21.19   22.74   29.29   33.84   29.64   10.18   14.88   37.24   37.27   37.81   29.56   43.96   41.38   37.32   26.50   23.08   35.17   34.76   32.31   26.73   44.45   39.29   31.84   41.75   12.14   48.20   49.56   50.98   42.27   38.02   39.62   40.00   35.14   33.93   50.33   39.87   33.68   27.33   28.64   36.55   27.72   32.23   27.83   35.67   33.20   29.46   18.62   21.89   30.07   28.04   21.72   25.15   38.72   37.70   48.58   49.19   47.22   54.67   52.50   35.66   34.45   43.88   35.32   
   170.    4.558   5.553   7.116   14.54   17.27   22.12   14.59   12.02   13.62   13.57   24.74   30.32   28.29   27.04   29.58   23.27   7.007   16.61   20.98   21.14   32.49   29.70   31.68   24.56   23.42   25.72   23.48   24.24   23.19   21.85   23.44   30.19   34.88   30.55   10.49   15.34   38.39   38.41   38.98   30.47   45.32   42.65   38.47   27.31   23.80   36.26   35.82   33.30   27.55   45.81   40.49   32.82   43.03   12.52   49.68   51.08   52.55   43.57   39.19   40.83   41.23   36.22   34.97   51.88   41.09   34.71   28.17   29.52   37.67   28.57   33.22   28.69   36.77   34.22   30.36   19.19   22.56   31.00   28.90   22.39   25.92   39.91   38.86   50.08   50.70   48.67   56.36   54.12   36.76   35.51   45.23   36.40   
   180.    4.690   5.714   7.322   14.96   17.77   22.76   15.01   12.37   14.02   13.97   25.46   31.20   29.12   27.83   30.44   23.95   7.210   17.09   21.59   21.75   33.43   30.56   32.60   25.27   24.10   26.46   24.16   24.95   23.86   22.48   24.12   31.07   35.89   31.44   10.79   15.79   39.50   39.53   40.11   31.35   46.63   43.89   39.58   28.11   24.48   37.31   36.86   34.27   28.35   47.14   41.67   33.77   44.28   12.88   51.12   52.57   54.07   44.83   40.33   42.02   42.43   37.27   35.98   53.39   42.29   35.72   28.99   30.37   38.76   29.40   34.19   29.52   37.84   35.22   31.24   19.75   23.22   31.90   29.74   23.03   26.67   41.07   39.99   51.53   52.17   50.08   57.99   55.69   37.83   36.54   46.54   37.46   
   200.    4.944   6.024   7.718   15.77   18.73   23.99   15.83   13.04   14.78   14.72   26.83   32.89   30.69   29.33   32.09   25.24   7.600   18.01   22.76   22.93   35.24   32.21   34.36   26.64   25.41   27.89   25.46   26.29   25.15   23.69   25.42   32.75   37.83   33.14   11.38   16.64   41.64   41.66   42.28   33.05   49.15   46.26   41.72   29.63   25.81   39.32   38.86   36.12   29.89   49.69   43.92   35.60   46.67   13.58   53.89   55.41   56.99   47.26   42.51   44.29   44.72   39.29   37.93   56.28   44.57   37.65   30.56   32.02   40.86   30.99   36.04   31.12   39.88   37.12   32.93   20.82   24.47   33.62   31.35   24.28   28.12   43.29   42.15   54.31   54.99   52.79   61.13   58.70   39.87   38.52   49.06   39.48   
   225.    5.244   6.389   8.186   16.72   19.86   25.45   16.79   13.83   15.67   15.62   28.46   34.88   32.55   31.11   34.03   26.77   8.061   19.11   24.14   24.32   37.37   34.17   36.45   28.25   26.95   29.59   27.01   27.89   26.67   25.13   26.96   34.74   40.13   35.15   12.07   17.65   44.17   44.19   44.84   35.05   52.13   49.07   44.25   31.42   27.37   41.71   41.21   38.31   31.70   52.71   46.59   37.76   49.50   14.40   57.16   58.77   60.45   50.13   45.09   46.98   47.43   41.67   40.23   59.69   47.28   39.94   32.41   33.96   43.34   32.87   38.22   33.01   42.30   39.37   34.93   22.08   25.96   35.66   33.25   25.75   29.82   45.91   44.71   57.61   58.33   55.99   64.84   62.26   42.29   40.85   52.04   41.88   
   250.    5.527   6.735   8.629   17.63   20.94   26.83   17.69   14.57   16.52   16.46   30.00   36.77   34.31   32.80   35.87   28.22   8.497   20.14   25.45   25.63   39.40   36.02   38.42   29.78   28.41   31.19   28.47   29.40   28.12   26.49   28.42   36.61   42.30   37.05   12.72   18.60   46.56   46.58   47.27   36.95   54.95   51.72   46.65   33.12   28.86   43.97   43.44   40.38   33.41   55.56   49.11   39.80   52.18   15.18   60.25   61.95   63.72   52.84   47.52   49.52   50.00   43.92   42.41   62.92   49.83   42.10   34.16   35.80   45.68   34.65   40.29   34.79   44.59   41.50   36.82   23.28   27.36   37.59   35.05   27.15   31.44   48.40   47.13   60.73   61.48   59.02   68.34   65.63   44.58   43.06   54.85   44.14   
   275.    5.797   7.063   9.050   18.49   21.96   28.13   18.56   15.29   17.33   17.26   31.47   38.56   35.99   34.40   37.62   29.60   8.912   21.12   26.69   26.88   41.32   37.77   40.30   31.24   29.79   32.71   29.86   30.83   29.49   27.78   29.81   38.40   44.36   38.86   13.34   19.51   48.83   48.86   49.58   38.75   57.64   54.25   48.93   34.74   30.26   46.11   45.56   42.35   35.04   58.27   51.50   41.74   54.73   15.92   63.19   64.97   66.83   55.42   49.84   51.94   52.44   46.07   44.48   65.99   52.27   44.15   35.83   37.54   47.91   36.34   42.25   36.49   46.77   43.53   38.62   24.41   28.70   39.43   36.76   28.47   32.97   50.76   49.43   63.69   64.48   61.90   71.68   68.83   46.75   45.16   57.53   46.30   
   300.    6.055   7.377   9.452   19.31   22.94   29.39   19.38   15.97   18.10   18.03   32.86   40.28   37.59   35.93   39.30   30.92   9.308   22.06   27.87   28.08   43.16   39.45   42.09   32.63   31.12   34.16   31.19   32.20   30.80   29.02   31.14   40.11   46.33   40.58   13.93   20.38   51.00   51.03   51.78   40.48   60.20   56.66   51.10   36.28   31.61   48.16   47.59   44.24   36.60   60.86   53.79   43.60   57.16   16.63   66.00   67.86   69.80   57.88   52.06   54.25   54.77   48.12   46.45   68.92   54.59   46.11   37.42   39.21   50.04   37.95   44.13   38.11   48.85   45.46   40.34   25.50   29.97   41.18   38.39   29.74   34.44   53.02   51.63   66.52   67.35   64.65   74.87   71.89   48.83   47.17   60.09   48.36   
   325.    6.302   7.679   9.838   20.10   23.87   30.59   20.17   16.62   18.84   18.77   34.21   41.92   39.12   37.39   40.90   32.18   9.688   22.96   29.01   29.23   44.92   41.06   43.81   33.96   32.39   35.56   32.46   33.52   32.06   30.20   32.41   41.75   48.23   42.24   14.50   21.21   53.08   53.11   53.89   42.13   62.66   58.97   53.19   37.77   32.90   50.13   49.53   46.04   38.10   63.35   55.99   45.38   59.50   17.31   68.69   70.63   72.65   60.24   54.19   56.46   57.01   50.08   48.35   71.74   56.82   48.00   38.95   40.81   52.09   39.50   45.94   39.67   50.84   47.32   41.98   26.54   31.20   42.86   39.96   30.95   35.84   55.18   53.73   69.24   70.10   67.29   77.92   74.83   50.83   49.10   62.54   50.33   
   350.    6.540   7.968   10.21   20.86   24.78   31.74   20.94   17.25   19.55   19.48   35.50   43.51   40.60   38.81   42.45   33.39   10.05   23.83   30.11   30.33   46.61   42.61   45.46   35.24   33.61   36.90   33.69   34.78   33.27   31.35   33.63   43.32   50.05   43.84   15.05   22.01   55.09   55.12   55.93   43.72   65.02   61.20   55.20   39.19   34.14   52.02   51.40   47.78   39.53   65.74   58.10   47.09   61.74   17.96   71.29   73.30   75.40   62.52   56.23   58.59   59.16   51.97   50.18   74.44   58.96   49.81   40.42   42.35   54.05   40.99   47.67   41.17   52.76   49.11   43.57   27.54   32.37   44.48   41.47   32.12   37.19   57.26   55.76   71.85   72.75   69.84   80.86   77.65   52.74   50.95   64.90   52.23   
   375.    6.770   8.248   10.57   21.59   25.64   32.85   21.67   17.85   20.23   20.16   36.74   45.03   42.02   40.17   43.94   34.57   10.41   24.67   31.16   31.39   48.25   44.11   47.05   36.48   34.79   38.20   34.87   36.01   34.44   32.45   34.81   44.84   51.80   45.38   15.58   22.79   57.02   57.05   57.89   45.25   67.30   63.35   57.13   40.57   35.34   53.85   53.21   49.46   40.92   68.04   60.14   48.74   63.91   18.59   73.79   75.87   78.04   64.71   58.20   60.65   61.24   53.80   51.94   77.06   61.03   51.56   41.84   43.84   55.95   42.43   49.34   42.61   54.61   50.83   45.10   28.51   33.51   46.04   42.92   33.25   38.50   59.27   57.72   74.37   75.30   72.29   83.70   80.38   54.60   52.74   67.18   54.07   
   400.    6.992   8.519   10.91   22.30   26.49   33.93   22.38   18.44   20.90   20.82   37.95   46.51   43.40   41.48   45.38   35.70   10.75   25.48   32.19   32.42   49.83   45.56   48.60   37.67   35.93   39.45   36.01   37.19   35.57   33.51   35.95   46.31   53.50   46.86   16.09   23.53   58.89   58.92   59.79   46.74   69.51   65.42   59.01   41.90   36.50   55.61   54.95   51.08   42.26   70.28   62.12   50.34   66.01   19.20   76.21   78.36   80.60   66.83   60.11   62.64   63.24   55.56   53.64   79.58   63.04   53.25   43.21   45.28   57.79   43.83   50.96   44.01   56.41   52.50   46.58   29.44   34.61   47.55   44.33   34.34   39.76   61.22   59.61   76.81   77.77   74.66   86.45   83.02   56.39   54.47   69.38   55.84   
   450.    7.416   9.035   11.58   23.65   28.09   35.99   23.74   19.55   22.17   22.08   40.25   49.33   46.04   44.00   48.13   37.86   11.40   27.02   34.14   34.39   52.85   48.32   51.55   39.96   38.11   41.84   38.20   39.44   37.72   35.54   38.13   49.12   56.75   49.71   17.06   24.96   62.46   62.50   63.42   49.57   73.73   69.39   62.59   44.44   38.71   58.99   58.29   54.18   44.83   74.54   65.88   53.40   70.01   20.37   80.83   83.11   85.49   70.89   63.76   66.44   67.08   58.93   56.90   84.41   66.86   56.48   45.83   48.03   61.29   46.48   54.05   46.68   59.83   55.68   49.40   31.23   36.71   50.43   47.02   36.42   42.17   64.93   63.23   81.47   82.49   79.19   91.69   88.05   59.81   57.77   73.59   59.23   
   500.    7.817   9.524   12.20   24.93   29.61   37.94   25.02   20.61   23.37   23.28   42.43   52.00   48.53   46.38   50.73   39.91   12.02   28.48   35.99   36.25   55.71   50.93   54.33   42.12   40.17   44.10   40.26   41.58   39.76   37.46   40.20   51.78   59.82   52.39   17.99   26.31   65.84   65.88   66.85   52.25   77.72   73.15   65.97   46.84   40.81   62.18   61.44   57.11   47.25   78.57   69.45   56.28   73.80   21.47   85.21   87.61   90.12   74.72   67.21   70.03   70.71   62.12   59.97   88.98   70.48   59.53   48.31   50.62   64.61   49.00   56.98   49.20   63.06   58.69   52.07   32.92   38.69   53.16   49.56   38.39   44.46   68.44   66.65   85.88   86.95   83.47   96.65   92.81   63.04   60.90   77.57   62.43   
   550.    8.199   9.989   12.80   26.15   31.06   39.79   26.24   21.62   24.51   24.42   44.50   54.54   50.89   48.65   53.21   41.86   12.60   29.87   37.74   38.02   58.43   53.42   56.99   44.18   42.13   46.26   42.23   43.60   41.70   39.29   42.16   54.31   62.74   54.95   18.87   27.59   69.05   69.09   70.11   54.80   81.51   76.72   69.19   49.13   42.80   65.21   64.44   59.90   49.56   82.41   72.84   59.03   77.40   22.52   89.36   91.88   94.52   78.37   70.49   73.45   74.16   65.15   62.90   93.32   73.92   62.44   50.67   53.09   67.76   51.39   59.76   51.60   66.14   61.56   54.62   34.53   40.58   55.76   51.98   40.26   46.63   71.78   69.90   90.07   91.20   87.54   101.4   97.34   66.12   63.87   81.36   65.48   
   600.    8.563   10.43   13.37   27.31   32.44   41.56   27.41   22.58   25.60   25.50   46.48   56.96   53.16   50.81   55.57   43.72   13.16   31.20   39.42   39.71   61.03   55.79   59.52   46.14   44.01   48.31   44.11   45.54   43.56   41.04   44.03   56.72   65.53   57.40   19.70   28.82   72.12   72.16   73.23   57.24   85.13   80.13   72.27   51.31   44.70   68.11   67.30   62.56   51.76   86.07   76.08   61.66   80.84   23.52   93.34   95.97   98.72   81.86   73.62   76.71   77.46   68.05   65.70   97.47   77.20   65.21   52.92   55.45   70.77   53.67   62.41   53.90   69.08   64.29   57.04   36.06   42.39   58.23   54.29   42.06   48.70   74.98   73.01   94.08   95.25   91.44   105.9   101.7   69.06   66.71   84.98   68.39   
   650.    8.913   10.86   13.91   28.42   33.76   43.25   28.53   23.50   26.64   26.54   48.38   59.29   55.33   52.88   57.84   45.51   13.70   32.47   41.03   41.33   63.52   58.07   61.95   48.02   45.80   50.29   45.91   47.40   45.34   42.72   45.83   59.04   68.20   59.74   20.51   30.00   75.07   75.11   76.22   59.58   88.61   83.40   75.22   53.41   46.53   70.89   70.05   65.11   53.88   89.59   79.18   64.17   84.14   24.48   97.15   99.89   102.7   85.20   76.63   79.85   80.62   70.82   68.38   101.5   80.35   67.88   55.09   57.72   73.66   55.87   64.96   56.10   71.90   66.92   59.37   37.53   44.12   60.61   56.51   43.77   50.69   78.04   75.99   97.92   99.14   95.17   110.2   105.8   71.88   69.44   88.45   71.18   
   700.    9.249   11.27   14.44   29.50   35.04   44.89   29.61   24.39   27.65   27.54   50.20   61.53   57.42   54.88   60.03   47.23   14.22   33.70   42.58   42.89   65.92   60.26   64.29   49.84   47.53   52.18   47.64   49.19   47.05   44.33   47.56   61.27   70.78   61.99   21.28   31.13   77.90   77.95   79.09   61.83   91.96   86.55   78.06   55.42   48.28   73.57   72.70   67.57   55.91   92.97   82.17   66.60   87.32   25.40   100.8   103.7   106.6   88.41   79.52   82.86   83.66   73.50   70.96   105.3   83.39   70.44   57.16   59.90   76.44   57.98   67.42   58.22   74.62   69.45   61.61   38.95   45.78   62.90   58.64   45.42   52.60   80.98   78.86   101.6   102.9   98.76   114.4   109.8   74.59   72.06   91.78   73.87   
   800.    9.888   12.05   15.44   31.53   37.46   47.99   31.65   26.07   29.55   29.45   53.67   65.78   61.38   58.67   64.17   50.49   15.20   36.03   45.52   45.85   70.47   64.43   68.73   53.28   50.81   55.79   50.93   52.59   50.30   47.39   50.85   65.50   75.66   66.27   22.75   33.28   83.28   83.33   84.56   66.10   98.31   92.52   83.45   59.25   51.62   78.65   77.71   72.24   59.77   99.39   87.85   71.19   93.35   27.16   107.8   110.8   114.0   94.52   85.01   88.58   89.44   78.57   75.86   112.6   89.15   75.30   61.11   64.03   81.72   61.98   72.07   62.24   79.77   74.24   65.87   41.64   48.94   67.24   62.69   48.56   56.23   86.57   84.31   108.6   110.0   105.6   122.3   117.4   79.74   77.03   98.12   78.97   
   900.    10.49   12.78   16.37   33.44   39.73   50.90   33.57   27.65   31.35   31.23   56.92   69.77   65.10   62.23   68.06   53.55   16.12   38.21   48.28   48.63   74.75   68.33   72.90   56.51   53.90   59.17   54.02   55.78   53.35   50.26   53.93   69.47   80.25   70.29   24.13   35.30   88.33   88.38   89.69   70.11   104.3   98.14   88.51   62.85   54.75   83.42   82.43   76.62   63.40   105.4   93.17   75.51   99.01   28.80   114.3   117.5   120.9   100.3   90.17   93.96   94.87   83.34   80.46   119.4   94.55   79.87   64.82   67.92   86.68   65.74   76.44   66.01   84.61   78.74   69.86   44.17   51.91   71.32   66.50   51.51   59.64   91.83   89.42   115.2   116.7   112.0   129.7   124.5   84.58   81.70   104.1   83.76   
   1.00e3  11.06   13.47   17.26   35.25   41.88   53.65   35.39   29.15   33.04   32.92   60.00   73.54   68.63   65.59   71.75   56.45   16.99   40.28   50.89   51.26   78.79   72.03   76.84   59.57   56.81   62.37   56.94   58.80   56.23   52.98   56.85   73.23   84.59   74.10   25.44   37.21   93.11   93.16   94.54   73.90   109.9   103.4   93.30   66.25   57.71   87.93   86.89   80.76   66.83   111.1   98.21   79.60   104.4   30.36   120.5   123.9   127.4   105.7   95.05   99.04   100.0   87.85   84.81   125.8   99.67   84.19   68.32   71.59   91.37   69.29   80.58   69.58   89.19   83.00   73.64   46.55   54.72   75.18   70.09   54.29   62.87   96.79   94.26   121.5   123.0   118.0   136.7   131.3   89.15   86.12   109.7   88.29   
   1.10e3  11.59   14.13   18.10   36.97   43.92   56.27   37.12   30.57   34.66   34.53   62.93   77.13   71.97   68.79   75.25   59.20   17.82   42.25   53.37   53.77   82.64   75.55   80.59   62.47   59.58   65.42   59.72   61.67   58.98   55.57   59.62   76.80   88.72   77.71   26.68   39.02   97.66   97.71   99.15   77.50   115.3   108.5   97.85   69.48   60.53   92.22   91.13   84.71   70.09   116.5   103.0   83.48   109.5   31.84   126.4   129.9   133.7   110.8   99.69   103.9   104.9   92.14   88.95   132.0   104.5   88.30   71.66   75.09   95.83   72.68   84.51   72.98   93.54   87.05   77.24   48.83   57.39   78.85   73.51   56.94   65.94   101.5   98.86   127.4   129.0   123.8   143.4   137.7   93.51   90.33   115.1   92.60   
   1.20e3  12.11   14.75   18.90   38.62   45.88   58.77   38.77   31.93   36.20   36.06   65.73   80.56   75.18   71.85   78.59   61.83   18.62   44.12   55.75   56.16   86.31   78.91   84.17   65.25   62.23   68.33   62.37   64.41   61.60   58.04   62.27   80.22   92.67   81.17   27.87   40.76   102.0   102.1   103.6   80.95   120.4   113.3   102.2   72.57   63.22   96.33   95.18   88.47   73.20   121.7   107.6   87.19   114.3   33.26   132.0   135.7   139.6   115.8   104.1   108.5   109.5   96.23   92.91   137.8   109.2   92.23   74.85   78.42   100.1   75.91   88.27   76.22   97.70   90.92   80.67   51.00   59.94   82.36   76.78   59.48   68.87   106.0   103.3   133.0   134.7   129.3   149.7   143.8   97.66   94.34   120.2   96.72   
   1.30e3  12.60   15.36   19.68   40.20   47.75   61.17   40.35   33.24   37.68   37.54   68.41   83.85   78.24   74.79   81.80   64.36   19.38   45.93   58.02   58.45   89.83   82.13   87.61   67.92   64.77   71.12   64.92   67.04   64.12   60.41   64.82   83.49   96.45   84.48   29.00   42.42   106.2   106.2   107.8   84.26   125.3   117.9   106.4   75.53   65.80   100.3   99.07   92.08   76.19   126.7   112.0   90.75   119.0   34.62   137.4   141.3   145.3   120.5   108.4   112.9   114.0   100.2   96.70   143.5   113.6   95.99   77.90   81.63   104.2   79.01   91.87   79.34   101.7   94.64   83.97   53.08   62.39   85.72   79.92   61.90   71.68   110.4   107.5   138.5   140.2   134.6   155.8   149.7   101.7   98.20   125.1   100.7   
   1.40e3  13.08   15.94   20.42   41.71   49.55   63.48   41.87   34.49   39.10   38.95   71.00   87.01   81.20   77.61   84.89   66.79   20.11   47.66   60.22   60.66   93.23   85.23   90.92   70.48   67.22   73.80   67.37   69.57   66.54   62.69   67.26   86.65   100.1   87.67   30.10   44.03   110.2   110.2   111.9   87.44   130.0   122.4   110.4   78.38   68.29   104.0   102.8   95.56   79.07   131.5   116.2   94.18   123.5   35.92   142.6   146.6   150.8   125.0   112.5   117.2   118.3   103.9   100.4   148.9   117.9   99.62   80.84   84.71   108.1   81.99   95.34   82.33   105.5   98.21   87.14   55.08   64.75   88.96   82.94   64.24   74.39   114.5   111.5   143.7   145.5   139.7   161.7   155.3   105.5   101.9   129.8   104.5   
   1.50e3  13.54   16.50   21.14   43.18   51.29   65.71   43.34   35.70   40.47   40.32   73.49   90.07   84.05   80.33   87.87   69.13   20.81   49.33   62.33   62.79   96.50   88.22   94.11   72.95   69.58   76.39   69.74   72.01   68.87   64.89   69.62   89.69   103.6   90.75   31.15   45.57   114.0   114.1   115.8   90.51   134.6   126.7   114.3   81.13   70.68   107.7   106.4   98.91   81.85   136.1   120.3   97.49   127.8   37.18   147.6   151.7   156.1   129.4   116.4   121.3   122.5   107.6   103.9   154.1   122.1   103.1   83.68   87.68   111.9   84.87   98.69   85.22   109.2   101.7   90.19   57.02   67.02   92.08   85.85   66.50   77.00   118.5   115.4   148.7   150.6   144.6   167.4   160.8   109.2   105.5   134.4   108.1   
   1.60e3  13.98   17.04   21.83   44.59   52.97   67.86   44.76   36.87   41.80   41.64   75.90   93.02   86.80   82.97   90.75   71.40   21.50   50.95   64.37   64.84   99.66   91.11   97.20   75.35   71.86   78.90   72.02   74.37   71.13   67.02   71.91   92.63   107.0   93.73   32.18   47.07   117.8   117.8   119.6   93.47   139.0   130.8   118.0   83.79   73.00   111.2   109.9   102.2   84.53   140.6   124.2   100.7   132.0   38.40   152.4   156.7   161.2   133.7   120.2   125.3   126.5   111.1   107.3   159.2   126.1   106.5   86.42   90.56   115.6   87.65   101.9   88.02   112.8   105.0   93.15   58.89   69.22   95.10   88.66   68.68   79.53   122.4   119.2   153.6   155.5   149.3   172.9   166.0   112.8   108.9   138.8   111.7   
   1.70e3  14.41   17.56   22.50   45.97   54.60   69.95   46.14   38.01   43.08   42.92   78.23   95.88   89.48   85.52   93.55   73.60   22.16   52.52   66.35   66.84   102.7   93.92   100.2   77.66   74.07   81.32   74.24   76.66   73.32   69.08   74.12   95.48   110.3   96.61   33.17   48.51   121.4   121.5   123.3   96.35   143.3   134.9   121.6   86.37   75.25   114.6   113.3   105.3   87.13   144.9   128.1   103.8   136.1   39.59   157.1   161.5   166.2   137.8   123.9   129.1   130.4   114.5   110.6   164.1   130.0   109.8   89.08   93.34   119.1   90.35   105.1   90.72   116.3   108.2   96.02   60.70   71.35   98.02   91.39   70.79   81.97   126.2   122.9   158.4   160.3   153.9   178.2   171.1   116.2   112.3   143.0   115.1   
   1.80e3  14.83   18.07   23.15   47.30   56.19   71.98   47.48   39.11   44.33   44.17   80.50   98.66   92.07   88.00   96.26   75.73   22.80   54.04   68.28   68.78   105.7   96.64   103.1   79.92   76.22   83.68   76.39   78.88   75.45   71.08   76.27   98.25   113.5   99.41   34.13   49.92   124.9   125.0   126.8   99.14   147.5   138.8   125.2   88.88   77.43   118.0   116.6   108.4   89.66   149.1   131.8   106.8   140.0   40.73   161.7   166.2   171.0   141.8   127.5   132.9   134.2   117.9   113.8   168.8   133.7   113.0   91.67   96.05   122.6   92.97   108.1   93.35   119.7   111.4   98.80   62.46   73.42   100.9   94.04   72.84   84.35   129.9   126.5   162.9   165.0   158.4   183.4   176.1   119.6   115.5   147.2   118.5   
   2.00e3  15.63   19.05   24.41   49.86   59.22   75.87   50.05   41.22   46.73   46.56   84.86   104.0   97.05   92.76   101.5   79.83   24.03   56.96   71.97   72.50   111.4   101.9   108.7   84.24   80.34   88.21   80.52   83.15   79.53   74.93   80.39   103.6   119.6   104.8   35.97   52.62   131.7   131.8   133.7   104.5   155.4   146.3   131.9   93.68   81.62   124.4   122.9   114.2   94.51   157.1   138.9   112.6   147.6   42.94   170.4   175.2   180.2   149.4   134.4   140.1   141.4   124.2   119.9   178.0   141.0   119.1   96.63   101.2   129.2   98.00   114.0   98.40   126.1   117.4   104.1   65.84   77.39   106.3   99.13   76.78   88.91   136.9   133.3   171.8   173.9   166.9   193.3   185.6   126.1   121.8   155.1   124.9   
   2.25e3  16.58   20.20   25.89   52.88   62.82   80.48   53.08   43.73   49.57   49.38   90.00   110.3   102.9   98.39   107.6   84.67   25.49   60.42   76.34   76.90   118.2   108.0   115.3   89.35   85.22   93.56   85.41   88.20   84.35   79.47   85.27   109.8   126.9   111.1   38.16   55.81   139.7   139.7   141.8   110.8   164.9   155.2   139.9   99.37   86.57   131.9   130.3   121.1   100.2   166.7   147.3   119.4   156.6   45.54   180.7   185.8   191.2   158.5   142.6   148.6   150.0   131.8   127.2   188.8   149.5   126.3   102.5   107.4   137.1   103.9   120.9   104.4   133.8   124.5   110.5   69.83   82.08   112.8   105.1   81.44   94.31   145.2   141.4   182.2   184.5   177.1   205.0   196.9   133.7   129.2   164.6   132.4   
   2.50e3  17.48   21.30   27.29   55.74   66.21   84.83   55.96   46.09   52.25   52.05   94.87   116.3   108.5   103.7   113.4   89.25   26.87   63.69   80.47   81.06   124.6   113.9   121.5   94.18   89.83   98.62   90.03   92.97   88.91   83.77   89.88   115.8   133.8   117.2   40.22   58.83   147.2   147.3   149.5   116.8   173.8   163.6   147.5   104.7   91.25   139.0   137.4   127.7   105.7   175.7   155.3   125.9   165.0   48.01   190.5   195.9   201.5   167.1   150.3   156.6   158.1   138.9   134.1   199.0   157.6   133.1   108.0   113.2   144.5   109.6   127.4   110.0   141.0   131.2   116.4   73.61   86.52   118.9   110.8   85.85   99.41   153.0   149.0   192.0   194.4   186.6   216.1   207.5   141.0   136.2   173.5   139.6   
   2.75e3  18.33   22.34   28.62   58.46   69.45   88.97   58.69   48.34   54.80   54.59   99.50   122.0   113.8   108.8   119.0   93.60   28.18   66.80   84.39   85.01   130.7   119.4   127.4   98.78   94.21   103.4   94.42   97.50   93.25   87.86   94.27   121.4   140.3   122.9   42.18   61.70   154.4   154.5   156.8   122.5   182.3   171.5   154.7   109.9   95.70   145.8   144.1   133.9   110.8   184.3   162.9   132.0   173.1   50.35   199.8   205.5   211.3   175.2   157.6   164.2   165.8   145.7   140.6   208.7   165.3   139.6   113.3   118.7   151.5   114.9   133.6   115.4   147.9   137.6   122.1   77.20   90.75   124.7   116.2   90.04   104.3   160.5   156.3   201.4   203.9   195.8   226.7   217.7   147.8   142.8   181.9   146.4   
   3.00e3  19.15   23.33   29.89   61.06   72.53   92.93   61.30   50.49   57.23   57.02   103.9   127.4   118.9   113.6   124.3   97.77   29.44   69.77   88.15   88.79   136.5   124.8   133.1   103.2   98.40   108.0   98.62   101.8   97.40   91.77   98.46   126.8   146.5   128.3   44.06   64.45   161.3   161.4   163.7   128.0   190.4   179.2   161.6   114.7   99.96   152.3   150.5   139.9   115.7   192.5   170.1   137.9   180.8   52.59   208.7   214.6   220.7   183.0   164.6   171.5   173.2   152.2   146.9   218.0   172.6   145.8   118.3   124.0   158.3   120.0   139.6   120.5   154.5   143.8   127.6   80.63   94.78   130.2   121.4   94.04   108.9   167.6   163.3   210.4   213.0   204.5   236.7   227.3   154.4   149.2   190.0   152.9   
   3.25e3  19.93   24.28   31.11   63.55   75.50   96.72   63.80   52.55   59.57   59.35   108.2   132.6   123.7   118.2   129.3   101.8   30.64   72.62   91.75   92.42   142.0   129.9   138.5   107.4   102.4   112.4   102.6   106.0   101.4   95.52   102.5   132.0   152.5   133.6   45.86   67.08   167.9   168.0   170.4   133.2   198.1   186.5   168.2   119.4   104.0   158.5   156.6   145.6   120.5   200.3   177.1   143.5   188.2   54.73   217.2   223.4   229.8   190.5   171.4   178.5   180.3   158.4   152.9   226.9   179.7   151.8   123.2   129.1   164.7   124.9   145.3   125.4   160.8   149.6   132.8   83.93   98.65   135.5   126.4   97.88   113.3   174.5   169.9   218.9   221.7   212.8   246.4   236.6   160.7   155.3   197.8   159.2   
   3.50e3  20.68   25.20   32.29   65.95   78.35   100.4   66.21   54.54   61.82   61.59   112.3   137.6   128.4   122.7   134.2   105.6   31.79   75.36   95.21   95.91   147.4   134.8   143.8   111.4   106.3   116.7   106.5   110.0   105.2   99.12   106.4   137.0   158.3   138.6   47.59   69.61   174.2   174.3   176.9   138.2   205.6   193.5   174.5   123.9   108.0   164.5   162.6   151.1   125.0   207.9   183.7   148.9   195.3   56.80   225.4   231.8   238.4   197.7   177.8   185.3   187.1   164.3   158.7   235.4   186.5   157.5   127.8   133.9   170.9   129.6   150.7   130.2   166.9   155.3   137.8   87.10   102.4   140.7   131.1   101.6   117.6   181.1   176.3   227.2   230.1   220.8   255.7   245.6   166.8   161.1   205.2   165.2   
   3.75e3  21.41   26.08   33.42   68.27   81.10   103.9   68.53   56.45   63.99   63.75   116.2   142.4   132.9   127.0   138.9   109.3   32.91   78.00   98.55   99.27   152.6   139.5   148.8   115.3   110.0   120.8   110.3   113.9   108.9   102.6   110.1   141.8   163.8   143.5   49.26   72.05   180.3   180.4   183.1   143.1   212.8   200.3   180.7   128.3   111.8   170.3   168.3   156.4   129.4   215.2   190.2   154.1   202.1   58.79   233.3   239.9   246.8   204.6   184.1   191.8   193.6   170.1   164.2   243.7   193.0   163.0   132.3   138.6   176.9   134.2   156.0   134.7   172.7   160.7   142.6   90.15   106.0   145.6   135.7   105.1   121.7   187.4   182.5   235.2   238.1   228.6   264.7   254.2   172.6   166.8   212.4   171.0   
   4.00e3  22.11   26.94   34.52   70.51   83.76   107.3   70.78   58.30   66.09   65.84   120.0   147.1   137.3   131.2   143.5   112.9   33.99   80.56   101.8   102.5   157.6   144.1   153.7   119.1   113.6   124.7   113.9   117.6   112.5   106.0   113.7   146.5   169.2   148.2   50.88   74.42   186.2   186.3   189.1   147.8   219.8   206.9   186.6   132.5   115.4   175.9   173.8   161.5   133.7   222.2   196.4   159.2   208.7   60.72   241.0   247.8   254.9   211.3   190.1   198.1   200.0   175.7   169.6   251.7   199.3   168.4   136.6   143.2   182.7   138.6   161.2   139.2   178.4   166.0   147.3   93.11   109.4   150.4   140.2   108.6   125.7   193.6   188.5   242.9   245.9   236.1   273.4   262.5   178.3   172.2   219.4   176.6   
   4.50e3  23.45   28.57   36.61   74.78   88.84   113.8   75.07   61.84   70.10   69.84   127.3   156.0   145.6   139.1   152.2   119.7   36.05   85.45   108.0   108.7   167.1   152.8   163.0   126.4   120.5   132.3   120.8   124.7   119.3   112.4   120.6   155.3   179.5   157.2   53.96   78.93   197.5   197.6   200.5   156.8   233.2   219.4   197.9   140.5   122.4   186.5   184.3   171.3   141.8   235.7   208.3   168.9   221.4   64.41   255.6   262.8   270.3   224.2   201.6   210.1   212.1   186.4   179.9   266.9   211.4   178.6   144.9   151.9   193.8   147.0   170.9   147.6   189.2   176.1   156.2   98.76   116.1   159.5   148.7   115.2   133.4   205.3   199.9   257.6   260.9   250.4   290.0   278.4   189.1   182.7   232.7   187.3   
   5.00e3  24.72   30.12   38.59   78.83   93.64   120.0   79.13   65.18   73.89   73.61   134.2   164.4   153.5   146.7   160.4   126.2   38.00   90.07   113.8   114.6   176.2   161.1   171.8   133.2   127.0   139.5   127.3   131.5   125.7   118.5   127.1   163.7   189.2   165.7   56.88   83.20   208.2   208.3   211.4   165.2   245.8   231.3   208.6   148.1   129.0   196.6   194.3   180.6   149.4   248.5   219.6   178.0   233.4   67.89   269.4   277.0   285.0   236.3   212.5   221.5   223.6   196.4   189.7   281.4   222.9   188.3   152.8   160.1   204.3   154.9   180.2   155.6   199.4   185.6   164.7   104.1   122.4   168.1   156.7   121.4   140.6   216.4   210.8   271.6   275.0   264.0   305.6   293.5   199.4   192.6   245.3   197.4   
   5.50e3  25.93   31.59   40.47   82.68   98.21   125.8   83.00   68.37   77.50   77.21   140.7   172.5   160.9   153.8   168.3   132.4   39.86   94.47   119.4   120.2   184.8   168.9   180.2   139.7   133.2   146.3   133.5   137.9   131.9   124.3   133.3   171.7   198.4   173.8   59.66   87.26   218.4   218.5   221.7   173.3   257.8   242.6   218.8   155.4   135.3   206.2   203.8   189.4   156.7   260.6   230.3   186.7   244.8   71.20   282.6   290.6   298.9   247.8   222.9   232.3   234.5   206.0   198.9   295.1   233.7   197.4   160.2   167.9   214.3   162.5   189.0   163.2   209.2   194.7   172.7   109.2   128.3   176.3   164.4   127.3   147.4   227.0   221.1   284.8   288.4   276.8   320.6   307.8   209.1   202.0   257.3   207.1   
   6.00e3  27.08   32.99   42.27   86.35   102.6   131.4   86.69   71.41   80.94   80.64   147.0   180.1   168.1   160.7   175.7   138.3   41.63   98.67   124.7   125.6   193.0   176.4   188.2   145.9   139.2   152.8   139.5   144.0   137.7   129.8   139.2   179.4   207.2   181.5   62.31   91.14   228.1   228.2   231.6   181.0   269.2   253.4   228.5   162.3   141.4   215.4   212.8   197.8   163.7   272.2   240.6   195.0   255.7   74.37   295.2   303.5   312.2   258.8   232.8   242.6   244.9   215.2   207.8   308.2   244.1   206.2   167.4   175.4   223.8   169.7   197.4   170.4   218.5   203.3   180.4   114.0   134.0   184.2   171.7   133.0   154.0   237.1   230.9   297.5   301.2   289.1   334.8   321.5   218.4   211.0   268.7   216.3   
   6.50e3  28.19   34.34   44.00   89.88   106.8   136.8   90.23   74.32   84.25   83.93   153.0   187.5   175.0   167.2   182.9   143.9   43.33   102.7   129.7   130.7   200.9   183.6   195.9   151.9   144.8   159.0   145.2   149.9   143.4   135.1   144.9   186.7   215.7   188.9   64.86   94.86   237.4   237.5   241.0   188.4   280.2   263.7   237.9   168.9   147.1   224.2   221.5   205.9   170.4   283.3   250.4   202.9   266.1   77.41   307.2   315.9   324.9   269.4   242.3   252.5   254.9   224.0   216.2   320.8   254.1   214.6   174.2   182.5   232.9   176.7   205.4   177.4   227.4   211.6   187.8   118.7   139.5   191.7   178.7   138.4   160.3   246.8   240.3   309.6   313.5   301.0   348.5   334.6   227.3   219.6   279.7   225.1   
   7.00e3  29.25   35.64   45.66   93.27   110.8   141.9   93.63   77.13   87.43   87.10   158.8   194.6   181.6   173.5   189.8   149.3   44.97   106.6   134.6   135.6   208.5   190.6   203.3   157.6   150.3   165.0   150.6   155.6   148.8   140.2   150.4   193.7   223.8   196.0   67.30   98.44   246.3   246.5   250.1   195.5   290.8   273.7   246.8   175.3   152.7   232.6   229.9   213.7   176.8   294.0   259.8   210.6   276.1   80.33   318.8   327.8   337.2   279.6   251.5   262.0   264.6   232.4   224.4   332.9   263.7   222.8   180.8   189.4   241.7   183.3   213.2   184.1   236.0   219.6   194.8   123.2   144.8   198.9   185.4   143.6   166.3   256.1   249.4   321.3   325.4   312.3   361.6   347.3   235.9   227.9   290.2   233.6   
   8.00e3  31.27   38.10   48.81   99.71   118.4   151.7   100.1   82.45   93.46   93.12   169.7   208.0   194.1   185.5   202.9   159.7   48.07   113.9   143.9   145.0   222.9   203.7   217.3   168.5   160.7   176.4   161.0   166.3   159.1   149.9   160.8   207.1   239.3   209.6   71.95   105.2   263.4   263.5   267.4   209.0   310.9   292.6   263.9   187.4   163.2   248.7   245.8   228.4   189.0   314.3   277.8   225.1   295.2   85.87   340.8   350.4   360.5   298.9   268.8   280.1   282.8   248.5   239.9   355.9   281.9   238.1   193.3   202.5   258.4   196.0   227.9   196.8   252.3   234.8   208.3   131.7   154.8   212.6   198.3   153.6   177.8   273.8   266.6   343.5   347.8   333.9   386.6   371.3   252.2   243.6   310.3   249.7   
   9.00e3  33.17   40.41   51.77   105.8   125.6   161.0   106.2   87.45   99.13   98.76   180.0   220.6   205.9   196.8   215.2   169.3   50.99   120.8   152.7   153.8   236.4   216.1   230.5   178.7   170.4   187.1   170.8   176.4   168.7   158.9   170.5   219.7   253.8   222.3   76.32   111.6   279.3   279.5   283.6   221.7   329.7   310.3   279.9   198.7   173.1   263.8   260.7   242.3   200.5   333.4   294.6   238.8   313.1   91.08   361.5   371.7   382.3   317.0   285.1   297.1   300.0   263.5   254.4   377.5   299.0   252.6   205.0   214.8   274.1   207.9   241.7   208.7   267.6   249.0   220.9   139.7   164.2   225.5   210.3   162.9   188.6   290.4   282.8   364.4   368.9   354.1   410.1   393.8   267.5   258.4   329.1   264.9   
   10.0e3  34.96   42.59   54.57   111.5   132.4   169.7   111.9   92.19   104.5   104.1   189.7   232.6   217.0   207.4   226.9   178.5   53.74   127.4   160.9   162.1   249.2   227.8   243.0   188.4   179.7   197.2   180.1   185.9   177.8   167.5   179.8   231.6   267.5   234.3   80.45   117.7   294.4   294.6   299.0   233.7   347.6   327.1   295.0   209.5   182.5   278.1   274.8   255.4   211.3   351.4   310.6   251.7   330.1   96.01   381.0   391.8   403.0   334.2   300.6   313.2   316.2   277.8   268.2   397.9   315.2   266.2   216.1   226.4   288.9   219.1   254.8   220.0   282.0   262.5   232.9   147.2   173.0   237.7   221.7   171.7   198.8   306.1   298.1   384.1   388.9   373.3   432.2   415.1   281.9   272.3   346.9   279.2   
   11.0e3  36.67   44.67   57.24   116.9   138.9   177.9   117.4   96.69   109.6   109.2   199.0   243.9   227.6   217.5   238.0   187.2   56.37   133.6   168.8   170.0   261.3   238.9   254.8   197.6   188.4   206.9   188.8   195.0   186.5   175.7   188.5   242.9   280.6   245.8   84.37   123.4   308.8   309.0   313.5   245.1   364.5   343.1   309.4   219.7   191.4   291.6   288.2   267.9   221.6   368.5   325.7   264.0   346.2   100.7   399.6   410.9   422.7   350.5   315.2   328.5   331.7   291.4   281.3   417.3   330.6   279.2   226.6   237.4   303.0   229.8   267.2   230.8   295.8   275.3   244.2   154.4   181.5   249.3   232.5   180.1   208.5   321.0   312.6   402.8   407.9   391.5   453.3   435.3   295.7   285.6   363.8   292.8   
   12.0e3  38.30   46.66   59.78   122.1   145.1   185.9   122.6   101.0   114.5   114.0   207.9   254.7   237.7   227.2   248.5   195.5   58.87   139.5   176.3   177.6   272.9   249.5   266.2   206.3   196.8   216.1   197.2   203.7   194.8   183.5   196.9   253.7   293.0   256.7   88.12   128.9   322.5   322.7   327.5   256.0   380.7   358.3   323.2   229.5   199.9   304.6   301.0   279.8   231.5   384.9   340.2   275.7   361.6   105.2   417.4   429.2   441.5   366.1   329.3   343.1   346.4   304.3   293.8   435.9   345.3   291.6   236.7   248.0   316.5   240.0   279.1   241.0   308.9   287.5   255.1   161.3   189.6   260.4   242.8   188.1   217.8   335.3   326.5   420.7   426.0   408.9   473.5   454.7   308.8   298.3   380.0   305.8   
   13.0e3  39.86   48.56   62.22   127.1   151.0   193.4   127.6   105.1   119.1   118.7   216.3   265.2   247.4   236.5   258.7   203.5   61.28   145.2   183.5   184.8   284.1   259.7   277.0   214.8   204.8   224.9   205.3   212.0   202.8   191.0   205.0   264.0   305.0   267.2   91.72   134.2   335.7   335.9   340.9   266.4   396.3   373.0   336.4   238.9   208.1   317.0   313.3   291.2   240.9   400.6   354.1   287.0   376.3   109.5   434.5   446.7   459.5   381.0   342.7   357.1   360.5   316.7   305.8   453.7   359.4   303.6   246.3   258.1   329.4   249.8   290.5   250.9   321.6   299.3   265.5   167.9   197.3   271.1   252.7   195.8   226.7   349.0   339.8   437.9   443.4   425.6   492.8   473.3   321.5   310.5   395.5   318.3   
   14.0e3  41.37   50.40   64.57   131.9   156.7   200.7   132.4   109.1   123.6   123.2   224.5   275.2   256.8   245.4   268.4   211.2   63.59   150.7   190.4   191.8   294.8   269.5   287.5   222.9   212.6   233.4   213.0   220.0   210.4   198.2   212.7   274.0   316.5   277.2   95.19   139.2   348.4   348.6   353.7   276.5   411.2   387.1   349.1   247.9   215.9   329.0   325.1   302.2   250.0   415.8   367.5   297.8   390.5   113.6   450.9   463.6   476.9   395.4   355.6   370.6   374.2   328.7   317.3   470.8   372.9   315.0   255.6   267.9   341.9   259.3   301.5   260.4   333.7   310.6   275.5   174.2   204.7   281.3   262.3   203.1   235.2   362.2   352.7   454.4   460.1   441.7   511.4   491.1   333.6   322.2   410.5   330.3   
   15.0e3  42.82   52.17   66.84   136.5   162.2   207.8   137.1   112.9   128.0   127.5   232.4   284.8   265.8   254.0   277.9   218.6   65.82   156.0   197.1   198.5   305.2   279.0   297.6   230.7   220.0   241.6   220.5   227.7   217.8   205.2   220.2   283.6   327.6   287.0   98.53   144.1   360.6   360.8   366.1   286.2   425.7   400.6   361.3   256.6   223.5   340.6   336.5   312.8   258.8   430.4   380.4   308.3   404.2   117.6   466.7   479.9   493.6   409.3   368.1   383.6   387.3   340.2   328.5   487.4   386.0   326.1   264.6   277.3   353.9   268.4   312.1   269.5   345.4   321.5   285.2   180.3   211.9   291.2   271.5   210.3   243.5   374.9   365.1   470.4   476.3   457.2   529.4   508.4   345.3   333.6   424.9   341.9   
   16.0e3  44.22   53.88   69.03   141.0   167.5   214.6   141.6   116.6   132.2   131.7   240.0   294.2   274.5   262.4   287.0   225.8   67.98   161.1   203.6   205.1   315.2   288.1   307.4   238.3   227.2   249.5   227.8   235.2   224.9   211.9   227.4   292.9   338.4   296.4   101.8   148.8   372.4   372.7   378.1   295.6   439.6   413.8   373.2   265.0   230.8   351.7   347.6   323.1   267.3   444.5   392.9   318.4   417.5   121.4   482.0   495.6   509.8   422.7   380.2   396.2   400.0   351.4   339.3   503.3   398.7   336.8   273.3   286.4   365.5   277.2   322.3   278.3   356.7   332.0   294.6   186.2   218.9   300.7   280.4   217.2   251.5   387.2   377.0   485.8   491.9   472.2   546.7   525.0   356.6   344.5   438.8   353.2   
   17.0e3  45.58   55.53   71.16   145.4   172.7   221.2   145.9   120.2   136.3   135.7   247.4   303.2   282.9   270.4   295.8   232.7   70.08   166.1   209.8   211.4   324.9   297.0   316.8   245.6   234.2   257.2   234.8   242.4   231.9   218.5   234.4   301.9   348.8   305.5   104.9   153.4   383.9   384.1   389.8   304.7   453.2   426.5   384.7   273.1   238.0   362.6   358.2   333.0   275.5   458.1   404.9   328.2   430.3   125.2   496.8   510.8   525.5   435.7   391.9   408.3   412.3   362.2   349.7   518.8   410.9   347.1   281.7   295.2   376.7   285.7   332.2   286.9   367.7   342.2   303.6   191.9   225.6   310.0   289.0   223.9   259.2   399.1   388.6   500.8   507.0   486.7   563.6   541.2   367.6   355.1   452.3   364.0   
   18.0e3  46.91   57.14   73.22   149.6   177.7   227.6   150.2   123.7   140.2   139.7   254.6   312.0   291.2   278.3   304.4   239.5   72.11   170.9   215.9   217.5   334.3   305.6   326.0   252.7   241.0   264.6   241.6   249.5   238.6   224.8   241.2   310.7   358.9   314.4   107.9   157.9   395.0   395.3   401.1   313.5   466.3   438.9   395.8   281.1   244.8   373.1   368.6   342.7   283.5   471.4   416.7   337.7   442.8   128.8   511.2   525.7   540.7   448.3   403.3   420.2   424.3   372.7   359.8   533.9   422.9   357.2   289.9   303.7   387.6   294.0   341.9   295.2   378.4   352.2   312.4   197.5   232.2   319.0   297.4   230.3   266.7   410.7   399.9   515.3   521.7   500.8   579.9   556.9   378.3   365.4   465.4   374.6   
   20.0e3  49.44   60.24   77.18   157.7   187.3   239.9   158.3   130.4   147.8   147.2   268.3   328.9   306.9   293.3   320.9   252.4   76.01   180.1   227.6   229.3   352.4   322.1   343.6   266.4   254.1   278.9   254.6   262.9   251.5   236.9   254.2   327.5   378.3   331.4   113.8   166.4   416.4   416.6   422.8   330.5   491.5   462.6   417.2   296.3   258.1   393.2   388.6   361.2   298.9   496.9   439.2   356.0   466.8   135.8   538.9   554.1   569.9   472.6   425.1   442.9   447.2   392.9   379.3   562.8   445.7   376.5   305.6   320.2   408.6   309.9   360.4   311.2   398.8   371.2   329.3   208.2   244.7   336.2   313.5   242.8   281.2   432.9   421.5   543.1   550.0   527.9   611.3   587.0   398.7   385.2   490.6   394.8   
   22.5e3  52.44   63.89   81.86   167.2   198.6   254.5   167.9   138.3   156.8   156.2   284.6   348.8   325.5   311.1   340.3   267.7   80.62   191.1   241.4   243.2   373.7   341.7   364.5   282.5   269.5   295.9   270.1   278.9   266.7   251.3   269.6   347.4   401.3   351.5   120.7   176.5   441.7   441.9   448.4   350.5   521.3   490.7   442.5   314.2   273.7   417.1   412.1   383.1   317.0   527.1   465.9   377.6   495.1   144.0   571.6   587.7   604.5   501.3   450.9   469.8   474.3   416.7   402.3   596.9   472.8   399.4   324.1   339.6   433.4   328.7   382.2   330.1   423.0   393.7   349.3   220.8   259.6   356.6   332.5   257.5   298.2   459.1   447.1   576.1   583.3   559.9   648.4   622.6   422.9   408.5   520.4   418.8   
   25.0e3  55.28   67.35   86.29   176.3   209.4   268.3   177.0   145.8   165.2   164.6   300.0   367.7   343.1   328.0   358.7   282.2   84.98   201.4   254.5   256.3   394.0   360.2   384.2   297.8   284.1   311.9   284.7   294.0   281.2   264.9   284.2   366.1   423.0   370.5   127.2   186.0   465.6   465.8   472.7   369.5   549.5   517.2   466.5   331.2   288.6   439.7   434.4   403.8   334.1   555.6   491.1   398.0   521.9   151.8   602.5   619.5   637.2   528.4   475.2   495.2   500.0   439.2   424.1   629.2   498.3   421.0   341.6   358.0   456.8   346.5   402.9   347.9   445.9   415.0   368.2   232.8   273.6   375.9   350.5   271.5   314.4   484.0   471.3   607.3   614.9   590.2   683.4   656.3   445.8   430.6   548.5   441.4   
   27.5e3  57.98   70.63   90.50   184.9   219.6   281.3   185.6   152.9   173.3   172.6   314.7   385.6   359.9   344.0   376.2   296.0   89.13   211.2   266.9   268.8   413.2   377.7   403.0   312.4   297.9   327.1   298.6   308.3   294.9   277.8   298.1   384.0   443.6   388.6   133.4   195.1   488.3   488.6   495.8   387.5   576.4   542.5   489.3   347.4   302.6   461.1   455.6   423.5   350.4   582.7   515.0   417.4   547.4   159.2   631.9   649.7   668.3   554.2   498.4   519.4   524.4   460.7   444.8   659.9   522.7   441.5   358.3   375.4   479.1   363.4   422.5   364.9   467.7   435.3   386.2   244.1   287.0   394.3   367.6   284.7   329.7   507.6   494.3   636.9   644.9   619.0   716.8   688.3   467.5   451.6   575.3   463.0   
   30.0e3  60.76   73.12   90.06   197.1   249.9   289.2   194.7   161.2   174.8   184.8   327.8   405.5   389.5   370.6   390.3   309.3   118.5   228.9   278.8   283.2   433.9   411.3   420.9   338.8   301.8   333.6   309.3   325.8   303.5   296.8   315.4   406.3   463.1   404.9   132.2   214.0   512.7   512.8   514.7   401.5   593.9   565.1   512.1   368.3   327.7   487.3   485.1   443.4   397.9   584.0   537.0   443.0   573.3   174.8   668.2   681.4   708.4   583.2   525.6   543.0   548.5   492.4   468.0   675.1   550.2   458.4   378.4   390.5   504.6   395.9   430.3   376.8   482.8   455.8   415.0   255.4   310.2   423.4   385.4   301.0   348.3   545.7   519.3   673.3   688.9   649.3   756.7   730.9   498.8   479.6   615.2   484.8   
   32.5e3  63.19   76.28   90.55   208.6   275.7   297.3   203.3   169.6   178.0   196.5   341.8   424.8   420.0   397.3   403.6   324.0   139.3   243.8   291.7   298.6   455.0   444.3   438.5   363.9   307.8   340.4   322.2   344.1   310.2   315.5   333.0   431.6   484.0   422.3   132.0   232.6   537.5   537.6   535.2   417.6   614.1   588.9   536.8   390.3   354.1   513.4   515.2   464.8   438.3   590.5   560.6   469.2   599.6   190.2   704.7   710.5   749.1   612.4   554.1   568.0   573.6   525.0   492.1   691.8   578.7   474.4   399.4   406.9   531.0   429.6   438.8   390.6   498.1   477.6   444.7   267.8   334.6   452.8   406.7   318.5   368.3   583.2   545.9   709.5   735.7   681.7   797.1   773.4   533.2   510.5   655.7   507.3   
   35.0e3  65.24   79.88   92.62   218.6   294.2   306.3   211.3   177.5   183.4   206.5   356.3   442.9   447.6   421.0   416.5   339.5   149.3   255.0   305.2   314.2   475.5   472.9   455.4   385.2   317.4   348.3   337.1   361.8   316.1   332.3   349.9   457.5   505.7   440.4   133.9   248.6   561.5   561.7   557.0   435.8   637.4   613.3   562.2   411.6   378.1   537.9   543.2   486.9   467.1   605.6   584.9   493.9   625.3   203.7   739.3   737.1   787.5   640.5   582.3   593.5   598.8   555.3   515.8   712.1   606.6   490.2   419.9   424.6   556.8   460.5   450.0   406.7   514.6   500.0   472.0   280.8   357.5   479.8   429.5   336.1   388.3   616.3   572.6   743.4   780.8   714.8   835.5   812.4   567.3   541.7   692.9   529.6   
   37.5e3  66.97   83.59   95.74   227.2   307.8   315.7   218.8   184.9   190.0   215.1   370.9   459.6   472.5   441.8   429.2   355.4   153.0   263.8   318.9   329.7   495.1   498.0   471.5   403.4   329.2   357.0   353.2   378.7   322.5   347.5   365.8   483.0   527.3   458.5   137.2   262.6   584.6   584.9   579.2   455.3   662.4   637.6   587.6   432.1   399.7   560.8   569.0   508.9   488.1   625.8   609.3   517.2   650.2   215.9   771.9   762.8   823.6   667.1   609.7   618.8   623.7   583.2   538.7   734.7   633.3   505.6   439.7   443.1   581.7   489.2   463.1   424.2   531.7   522.2   497.1   294.3   379.0   504.7   452.4   353.6   408.2   645.8   599.2   775.1   823.8   747.8   871.6   848.3   600.7   572.4   727.1   551.5   
   40.0e3  68.44   87.21   99.54   234.8   318.2   325.2   225.8   191.8   197.0   222.4   385.1   475.0   494.7   460.1   442.2   371.1   153.0   271.0   332.4   345.1   513.8   520.2   486.7   419.2   342.6   367.1   369.8   394.5   330.8   361.2   380.8   507.4   548.6   476.2   141.4   274.9   606.5   607.2   601.1   475.6   687.9   661.3   612.5   451.8   418.6   582.2   592.9   530.5   504.1   649.2   633.2   539.0   674.1   227.3   802.6   788.7   857.3   692.2   636.2   643.4   647.9   608.9   560.7   758.5   658.8   520.6   458.8   462.0   605.6   515.9   477.3   442.6   549.0   544.0   520.1   308.0   399.2   527.7   474.7   370.7   427.8   672.2   625.3   804.5   864.6   780.5   905.4   881.4   633.1   602.4   758.5   572.6   
   45.0e3  70.77   93.81   108.1   247.3   333.2   343.6   238.8   204.2   211.2   234.2   411.8   502.3   532.3   490.4   470.7   401.8   148.7   282.9   358.4   374.7   548.1   558.0   514.5   445.4   371.5   393.3   403.1   423.1   353.6   385.1   408.0   552.1   588.9   509.8   151.5   296.0   647.0   648.6   642.7   516.6   738.2   706.1   659.6   488.5   447.6   621.2   635.3   571.2   527.2   699.4   678.7   578.9   718.5   248.2   858.5   842.0   918.3   738.4   685.9   689.8   693.8   654.3   602.0   806.8   705.3   549.2   494.4   500.1   649.9   564.3   507.6   480.5   583.4   585.7   560.7   335.3   436.4   569.2   516.0   403.8   465.4   717.6   675.7   857.6   939.5   843.7   966.8   940.1   694.1   659.4   814.3   612.0   
   50.0e3  72.57   99.30   116.9   257.4   344.3   360.7   250.6   215.0   224.1   243.0   435.9   525.4   562.1   514.7   502.1   430.6   144.1   293.6   382.6   402.8   578.5   589.3   539.2   466.6   401.1   426.4   435.3   447.9   379.7   405.3   431.9   590.1   625.7   540.3   162.5   313.6   683.2   686.0   680.6   556.9   785.3   746.9   702.6   521.8   465.3   655.9   671.6   608.2   544.9   749.2   720.4   614.2   758.6   268.0   908.2   895.5   971.8   779.5   731.2   732.1   735.9   692.9   639.5   853.8   745.8   576.0   526.8   537.4   689.8   607.3   538.8   518.2   616.6   624.2   595.3   362.0   469.6   605.6   551.9   434.9   500.8   755.2   723.2   904.1   1.006e3 903.2   1.021e3 990.5   750.1   712.1   862.2   647.9   
   55.0e3  74.04   103.7   125.2   265.8   353.8   376.3   261.4   224.6   235.2   249.6   457.4   545.2   585.8   534.8   534.3   457.6   142.0   304.4   404.9   429.2   605.6   616.1   561.2   484.8   430.1   461.0   465.5   469.5   404.5   423.0   453.0   621.4   659.0   567.9   173.6   328.9   715.5   719.8   714.6   595.6   828.5   783.7   741.4   552.1   475.3   687.2   703.0   641.6   561.1   795.5   758.3   645.8   794.9   287.2   952.9   946.3   1.019e3 816.4   772.5   770.3   774.5   725.9   673.6   897.8   780.4   601.4   556.2   573.3   725.7   646.0   569.9   554.6   648.3   659.5   625.2   387.9   499.8   638.3   582.8   464.1   534.0   787.0   767.7   945.3   1.066e3 958.9   1.068e3 1.034e3 801.3   760.5   903.9   680.5   
   60.0e3  75.32   107.2   132.5   273.0   362.7   390.4   271.3   233.0   244.3   254.7   476.5   562.3   604.9   552.1   565.5   482.6   143.2   315.7   425.4   454.1   629.9   639.6   581.0   501.0   457.9   494.0   493.5   488.4   426.8   438.8   471.8   647.1   689.0   592.7   184.4   342.6   744.6   750.7   745.0   632.4   867.5   816.9   776.4   579.9   485.2   715.9   730.6   671.7   577.3   837.2   792.7   674.5   827.8   306.3   993.4   993.3   1.062e3 849.9   810.2   804.8   809.9   754.7   704.8   938.3   809.8   625.4   583.0   607.7   758.1   681.3   600.2   589.3   678.2   691.8   651.6   412.7   527.3   668.1   609.3   491.4   565.1   814.4   809.4   982.2   1.119e3 1.011e3 1.111e3 1.073e3 848.2   805.1   940.9   710.1   
   65.0e3  76.50   109.9   138.8   279.4   371.6   403.0   280.5   240.7   251.7   258.7   493.6   577.3   620.3   567.2   594.8   506.0   147.6   327.7   444.4   477.6   651.7   660.7   599.1   516.1   484.1   524.3   519.3   505.2   446.9   453.2   488.8   668.7   716.2   615.1   194.7   355.1   770.9   779.1   772.3   667.2   902.7   847.0   808.2   605.6   501.0   742.4   755.3   699.0   594.3   874.2   824.2   700.8   857.8   325.4   1.031e3 1.036e3 1.100e3 880.6   844.8   836.2   842.7   780.0   733.5   975.3   834.7   648.4   607.6   640.4   787.6   713.7   629.6   622.1   706.4   721.5   675.2   436.6   552.7   695.5   632.4   517.2   594.3   838.5   848.5   1.016e3 1.167e3 1.060e3 1.149e3 1.108e3 891.6   846.3   974.1   737.3   
   70.0e3  77.64   112.1   144.1   285.2   380.4   414.4   289.1   247.7   257.7   262.0   509.0   590.7   633.1   580.6   622.0   528.0   154.7   340.4   462.2   499.8   671.5   680.1   615.9   530.5   508.7   551.9   543.1   520.4   465.2   466.6   504.3   687.6   741.1   635.5   204.5   366.8   795.1   805.4   796.9   700.2   934.6   874.5   837.2   629.4   523.4   767.2   777.7   723.8   612.1   906.7   853.1   725.2   885.5   344.5   1.065e3 1.076e3 1.135e3 909.1   876.8   864.9   873.2   802.8   760.2   1.009e3 856.1   670.5   630.4   671.6   814.6   743.7   657.9   653.0   733.1   749.0   696.9   459.6   576.3   721.1   652.6   541.4   621.9   860.0   885.5   1.046e3 1.211e3 1.105e3 1.184e3 1.139e3 931.9   884.5   1.005e3 762.5   
   80.0e3  79.91   115.2   152.4   296.0   398.0   434.0   304.9   260.5   266.3   267.4   535.8   613.8   653.0   603.8   670.7   568.4   174.8   367.5   494.5   541.1   706.7   715.5   646.5   558.6   553.6   600.3   585.5   547.3   497.6   491.5   531.8   722.2   785.2   671.8   222.7   388.5   838.3   853.3   840.2   761.0   990.3   923.3   888.7   672.9   577.6   813.3   817.7   767.7   650.1   960.7   905.1   769.8   935.3   383.1   1.128e3 1.147e3 1.198e3 961.1   934.7   916.4   929.0   842.8   808.6   1.067e3 891.8   712.6   671.5   729.7   862.7   798.4   711.7   710.0   782.3   798.6   736.0   503.3   619.4   768.3   687.3   586.3   672.8   897.7   954.1   1.102e3 1.289e3 1.190e3 1.247e3 1.195e3 1.005e3 954.2   1.059e3 808.1   
   90.0e3  82.24   117.3   159.9   306.0   415.1   450.5   319.0   272.1   272.0   271.9   558.8   633.8   668.5   623.8   713.1   605.6   199.8   396.2   523.9   579.2   737.6   747.8   674.5   586.9   593.8   641.5   622.6   571.3   526.2   515.1   556.3   755.7   824.1   703.6   239.4   409.1   876.8   896.8   877.8   816.4   1.038e3 966.3   934.0   712.4   631.4   856.1   853.6   806.1   689.9   1.003e3 951.6   810.8   979.8   421.9   1.186e3 1.210e3 1.254e3 1.009e3 986.8   962.1   979.9   878.1   852.4   1.115e3 923.8   752.7   708.5   783.1   905.3   847.7   762.0   761.5   827.2   842.8   771.7   544.4   658.6   811.8   717.1   627.4   719.4   930.7   1.017e3 1.152e3 1.358e3 1.266e3 1.303e3 1.245e3 1.072e3 1.017e3 1.109e3 849.4   
   100.e3  84.66   119.1   168.2   315.9   431.3   464.6   331.9   283.2   276.0   276.4   579.4   651.9   681.6   641.9   751.0   640.5   227.3   426.0   551.5   615.0   765.8   778.5   700.9   616.0   630.4   677.7   655.8   593.7   552.3   538.0   578.8   788.7   859.5   732.7   254.9   429.0   912.3   937.4   911.8   867.6   1.081e3 1.006e3 975.2   749.3   680.6   896.9   887.3   841.0   730.7   1.039e3 994.5   849.6   1.021e3 461.0   1.241e3 1.268e3 1.307e3 1.054e3 1.035e3 1.004e3 1.028e3 910.8   893.2   1.156e3 956.3   791.5   742.6   832.9   944.0   893.4   809.5   808.9   868.7   883.2   805.6   583.7   695.1   853.0   744.5   665.7   762.9   961.0   1.076e3 1.198e3 1.421e3 1.337e3 1.354e3 1.291e3 1.133e3 1.075e3 1.155e3 888.0   
   110.e3  87.18   120.8   177.4   325.7   446.4   477.1   343.8   293.9   279.3   281.0   598.5   669.0   693.8   659.2   785.9   674.1   255.6   456.4   577.8   649.1   792.3   808.2   726.5   646.0   664.3   710.3   686.3   615.4   576.9   560.7   600.2   820.6   892.7   760.0   269.7   448.7   945.8   976.3   943.7   915.7   1.120e3 1.042e3 1.014e3 784.5   725.8   936.4   919.7   873.6   771.5   1.069e3 1.035e3 887.3   1.060e3 500.3   1.293e3 1.323e3 1.357e3 1.097e3 1.080e3 1.045e3 1.073e3 942.2   932.1   1.192e3 991.1   829.4   774.9   880.0   980.3   936.6   855.0   853.1   907.9   921.1   838.9   621.7   729.8   892.6   770.9   702.1   804.2   990.0   1.132e3 1.242e3 1.480e3 1.405e3 1.403e3 1.335e3 1.192e3 1.130e3 1.200e3 924.8   
   120.e3  89.77   122.6   187.3   335.6   460.5   488.4   355.0   304.5   282.3   285.9   616.7   685.5   705.7   676.2   818.6   707.0   284.0   487.2   603.5   682.1   817.6   837.3   751.6   677.1   696.2   740.5   714.8   636.9   600.4   583.5   620.9   851.3   924.6   786.2   284.1   468.4   978.2   1.014e3 974.3   961.5   1.156e3 1.078e3 1.051e3 818.6   768.1   975.0   951.5   904.7   812.0   1.096e3 1.075e3 924.4   1.097e3 539.7   1.345e3 1.377e3 1.405e3 1.139e3 1.124e3 1.084e3 1.118e3 973.1   969.9   1.224e3 1.029e3 866.7   806.0   925.1   1.015e3 978.0   898.7   895.1   945.2   957.3   871.9   658.7   763.3   931.3   797.2   737.1   843.9   1.018e3 1.186e3 1.285e3 1.536e3 1.469e3 1.450e3 1.378e3 1.249e3 1.183e3 1.244e3 960.7   
   130.e3  92.41   124.6   197.3   345.6   473.5   498.7   365.6   315.2   285.4   291.3   634.4   701.6   717.7   693.4   849.9   739.3   311.9   518.2   628.8   714.1   842.4   866.1   776.6   709.2   726.7   769.0   742.1   658.5   623.3   606.5   641.1   880.7   955.6   811.9   298.3   488.2   1.010e3 1.051e3 1.004e3 1.006e3 1.192e3 1.112e3 1.087e3 852.0   808.5   1.013e3 983.2   935.1   851.9   1.121e3 1.113e3 961.4   1.133e3 579.3   1.395e3 1.428e3 1.453e3 1.181e3 1.167e3 1.122e3 1.162e3 1.004e3 1.007e3 1.255e3 1.068e3 903.7   836.3   968.7   1.049e3 1.018e3 941.3   935.5   981.2   992.3   905.1   695.2   796.0   969.4   823.9   771.0   882.4   1.046e3 1.239e3 1.328e3 1.591e3 1.531e3 1.496e3 1.420e3 1.304e3 1.235e3 1.287e3 996.2   
   140.e3  95.09   126.8   207.4   355.7   485.6   508.3   375.8   325.9   288.8   297.2   651.8   717.7   730.2   710.9   880.1   771.6   339.2   549.3   654.0   745.6   866.7   894.7   801.5   742.2   756.1   796.2   768.3   680.3   645.8   629.8   661.2   909.1   986.2   837.2   312.3   508.2   1.041e3 1.088e3 1.034e3 1.048e3 1.226e3 1.147e3 1.123e3 885.1   847.5   1.051e3 1.015e3 965.0   891.1   1.145e3 1.152e3 998.4   1.169e3 618.9   1.445e3 1.480e3 1.500e3 1.223e3 1.210e3 1.161e3 1.206e3 1.035e3 1.044e3 1.285e3 1.110e3 940.6   866.3   1.011e3 1.081e3 1.058e3 982.8   974.8   1.016e3 1.027e3 938.6   731.2   828.2   1.007e3 851.3   804.2   920.1   1.075e3 1.291e3 1.370e3 1.644e3 1.592e3 1.541e3 1.463e3 1.358e3 1.285e3 1.331e3 1.031e3 
   150.e3  97.79   129.2   217.4   366.0   497.0   517.4   385.6   336.7   292.7   303.4   669.2   733.8   743.3   728.9   909.7   803.8   365.7   580.4   679.2   776.6   890.9   923.2   826.5   776.1   784.7   822.6   794.0   702.5   668.0   653.3   681.2   936.7   1.017e3 862.5   326.4   528.5   1.073e3 1.125e3 1.064e3 1.090e3 1.261e3 1.181e3 1.158e3 917.9   885.6   1.088e3 1.047e3 994.7   929.6   1.169e3 1.190e3 1.036e3 1.205e3 658.8   1.495e3 1.531e3 1.547e3 1.266e3 1.252e3 1.199e3 1.249e3 1.066e3 1.080e3 1.314e3 1.153e3 977.4   896.1   1.053e3 1.114e3 1.096e3 1.024e3 1.013e3 1.051e3 1.060e3 972.5   766.9   860.0   1.045e3 879.4   836.9   957.2   1.103e3 1.342e3 1.412e3 1.696e3 1.652e3 1.587e3 1.505e3 1.412e3 1.335e3 1.374e3 1.067e3 
   160.e3  100.5   131.9   227.2   376.3   507.8   526.1   395.0   347.7   297.0   310.1   686.5   749.9   756.9   747.3   938.8   836.1   391.5   611.5   704.5   807.2   915.1   951.7   851.6   810.6   812.7   848.3   819.1   725.1   690.1   677.1   701.2   963.6   1.047e3 887.8   340.7   549.1   1.104e3 1.162e3 1.094e3 1.131e3 1.295e3 1.214e3 1.193e3 950.8   923.1   1.125e3 1.079e3 1.024e3 967.3   1.193e3 1.229e3 1.073e3 1.240e3 698.7   1.544e3 1.582e3 1.594e3 1.308e3 1.294e3 1.238e3 1.293e3 1.098e3 1.117e3 1.342e3 1.196e3 1.014e3 925.7   1.094e3 1.146e3 1.135e3 1.064e3 1.051e3 1.084e3 1.094e3 1.007e3 802.5   891.6   1.082e3 908.4   869.2   993.9   1.132e3 1.392e3 1.454e3 1.748e3 1.711e3 1.632e3 1.547e3 1.466e3 1.385e3 1.418e3 1.102e3 
   170.e3  103.2   134.8   236.9   386.8   518.2   534.6   404.2   358.7   301.9   317.2   704.0   766.2   771.1   766.3   967.5   868.5   416.5   642.6   729.9   837.5   939.2   980.1   876.8   845.8   840.1   873.6   844.0   748.1   712.0   701.1   721.2   990.1   1.077e3 913.1   355.0   570.0   1.136e3 1.200e3 1.124e3 1.172e3 1.329e3 1.248e3 1.229e3 983.6   960.2   1.162e3 1.111e3 1.054e3 1.004e3 1.217e3 1.267e3 1.111e3 1.276e3 738.8   1.594e3 1.632e3 1.641e3 1.351e3 1.336e3 1.277e3 1.337e3 1.131e3 1.154e3 1.371e3 1.241e3 1.051e3 955.4   1.134e3 1.178e3 1.173e3 1.103e3 1.088e3 1.117e3 1.127e3 1.042e3 838.0   923.0   1.119e3 938.1   901.2   1.030e3 1.161e3 1.442e3 1.496e3 1.799e3 1.770e3 1.677e3 1.590e3 1.520e3 1.435e3 1.462e3 1.138e3 
   180.e3  105.9   137.9   246.4   397.3   528.2   542.9   413.1   370.0   307.3   324.6   721.5   782.5   785.8   785.8   995.9   901.1   440.7   673.6   755.4   867.6   963.4   1.008e3 902.2   881.5   867.2   898.5   868.5   771.4   734.0   725.4   741.3   1.016e3 1.107e3 938.6   369.6   591.2   1.167e3 1.237e3 1.154e3 1.212e3 1.363e3 1.282e3 1.264e3 1.016e3 997.0   1.199e3 1.144e3 1.084e3 1.041e3 1.241e3 1.306e3 1.150e3 1.311e3 779.0   1.643e3 1.683e3 1.688e3 1.394e3 1.378e3 1.317e3 1.381e3 1.163e3 1.191e3 1.399e3 1.286e3 1.088e3 985.2   1.174e3 1.210e3 1.211e3 1.142e3 1.125e3 1.150e3 1.160e3 1.077e3 873.4   954.3   1.157e3 968.6   933.0   1.066e3 1.191e3 1.492e3 1.538e3 1.850e3 1.828e3 1.722e3 1.633e3 1.573e3 1.484e3 1.507e3 1.174e3 
   200.e3  111.2   144.7   265.3   418.4   547.7   559.5   430.4   392.7   319.5   340.3   756.8   815.3   816.8   826.2   1.052e3 966.8   487.2   734.9   807.1   927.1   1.012e3 1.065e3 953.3   953.9   920.1   947.6   917.1   819.2   777.7   774.4   781.7   1.068e3 1.168e3 989.8   399.5   634.6   1.231e3 1.312e3 1.216e3 1.290e3 1.430e3 1.351e3 1.335e3 1.082e3 1.070e3 1.270e3 1.210e3 1.144e3 1.111e3 1.291e3 1.384e3 1.227e3 1.382e3 859.7   1.741e3 1.785e3 1.782e3 1.481e3 1.462e3 1.398e3 1.469e3 1.230e3 1.265e3 1.456e3 1.378e3 1.161e3 1.045e3 1.252e3 1.274e3 1.287e3 1.219e3 1.199e3 1.215e3 1.226e3 1.148e3 944.2   1.017e3 1.231e3 1.032e3 996.0   1.138e3 1.252e3 1.591e3 1.622e3 1.951e3 1.942e3 1.812e3 1.720e3 1.680e3 1.582e3 1.597e3 1.247e3 
   225.e3  117.6   153.9   288.4   444.7   571.4   580.5   451.0   421.7   337.4   361.4   801.5   856.5   858.0   878.8   1.122e3 1.050e3 541.7   810.0   872.5   1.000e3 1.073e3 1.135e3 1.018e3 1.046e3 984.5   1.008e3 976.8   880.2   832.3   836.3   832.3   1.131e3 1.244e3 1.054e3 438.4   690.4   1.311e3 1.406e3 1.295e3 1.386e3 1.515e3 1.437e3 1.425e3 1.165e3 1.161e3 1.356e3 1.293e3 1.219e3 1.196e3 1.358e3 1.483e3 1.326e3 1.470e3 961.2   1.863e3 1.913e3 1.900e3 1.591e3 1.568e3 1.500e3 1.580e3 1.316e3 1.357e3 1.527e3 1.494e3 1.253e3 1.120e3 1.348e3 1.354e3 1.380e3 1.313e3 1.290e3 1.295e3 1.307e3 1.237e3 1.033e3 1.094e3 1.324e3 1.113e3 1.074e3 1.226e3 1.330e3 1.713e3 1.729e3 2.075e3 2.083e3 1.924e3 1.830e3 1.814e3 1.704e3 1.710e3 1.340e3 
   250.e3  123.7   163.6   311.1   470.9   594.6   602.5   470.6   451.1   357.6   383.7   846.5   897.7   901.0   933.2   1.190e3 1.133e3 592.4   882.1   938.7   1.072e3 1.133e3 1.205e3 1.082e3 1.138e3 1.047e3 1.067e3 1.035e3 942.3   886.5   898.4   883.0   1.194e3 1.319e3 1.119e3 479.0   747.9   1.391e3 1.501e3 1.375e3 1.481e3 1.599e3 1.523e3 1.515e3 1.248e3 1.250e3 1.439e3 1.377e3 1.295e3 1.277e3 1.427e3 1.582e3 1.426e3 1.559e3 1.063e3 1.983e3 2.040e3 2.018e3 1.702e3 1.675e3 1.604e3 1.691e3 1.403e3 1.450e3 1.598e3 1.610e3 1.344e3 1.196e3 1.443e3 1.433e3 1.473e3 1.404e3 1.380e3 1.373e3 1.389e3 1.328e3 1.121e3 1.170e3 1.415e3 1.198e3 1.151e3 1.314e3 1.410e3 1.833e3 1.835e3 2.196e3 2.221e3 2.036e3 1.941e3 1.946e3 1.826e3 1.824e3 1.435e3 
   275.e3  129.6   173.7   333.5   496.6   617.4   625.3   489.4   480.7   379.9   406.8   891.6   938.5   945.4   988.8   1.257e3 1.217e3 639.5   950.4   1.005e3 1.143e3 1.194e3 1.273e3 1.146e3 1.229e3 1.107e3 1.126e3 1.092e3 1.005e3 940.3   960.3   933.5   1.255e3 1.394e3 1.184e3 521.3   806.8   1.471e3 1.596e3 1.455e3 1.573e3 1.681e3 1.610e3 1.605e3 1.331e3 1.339e3 1.517e3 1.461e3 1.371e3 1.354e3 1.499e3 1.681e3 1.525e3 1.647e3 1.165e3 2.102e3 2.166e3 2.135e3 1.813e3 1.781e3 1.708e3 1.801e3 1.492e3 1.541e3 1.668e3 1.726e3 1.434e3 1.271e3 1.535e3 1.512e3 1.566e3 1.493e3 1.470e3 1.449e3 1.469e3 1.417e3 1.208e3 1.245e3 1.506e3 1.284e3 1.227e3 1.400e3 1.492e3 1.951e3 1.940e3 2.315e3 2.356e3 2.147e3 2.053e3 2.078e3 1.946e3 1.937e3 1.531e3 
   300.e3  135.1   183.8   355.6   521.8   639.8   648.9   507.5   510.3   403.9   430.5   936.4   978.7   990.4   1.045e3 1.323e3 1.300e3 683.0   1.014e3 1.072e3 1.211e3 1.254e3 1.341e3 1.210e3 1.319e3 1.165e3 1.183e3 1.148e3 1.067e3 993.4   1.022e3 983.7   1.316e3 1.467e3 1.249e3 565.1   866.9   1.552e3 1.690e3 1.536e3 1.663e3 1.761e3 1.695e3 1.695e3 1.414e3 1.426e3 1.590e3 1.543e3 1.447e3 1.428e3 1.574e3 1.779e3 1.625e3 1.734e3 1.267e3 2.218e3 2.290e3 2.250e3 1.925e3 1.887e3 1.811e3 1.910e3 1.580e3 1.632e3 1.737e3 1.842e3 1.523e3 1.347e3 1.624e3 1.590e3 1.657e3 1.579e3 1.558e3 1.525e3 1.548e3 1.506e3 1.295e3 1.319e3 1.595e3 1.371e3 1.301e3 1.484e3 1.575e3 2.066e3 2.045e3 2.430e3 2.488e3 2.256e3 2.165e3 2.209e3 2.065e3 2.051e3 1.628e3 
   325.e3  140.4   193.9   377.3   546.3   661.8   673.0   524.9   539.8   429.1   454.5   980.9   1.018e3 1.036e3 1.101e3 1.387e3 1.382e3 723.2   1.072e3 1.138e3 1.279e3 1.313e3 1.406e3 1.273e3 1.406e3 1.221e3 1.240e3 1.201e3 1.129e3 1.046e3 1.082e3 1.033e3 1.376e3 1.539e3 1.313e3 610.5   928.1   1.631e3 1.784e3 1.616e3 1.751e3 1.839e3 1.780e3 1.784e3 1.496e3 1.513e3 1.660e3 1.625e3 1.522e3 1.499e3 1.650e3 1.876e3 1.724e3 1.820e3 1.369e3 2.332e3 2.413e3 2.363e3 2.036e3 1.992e3 1.912e3 2.017e3 1.669e3 1.720e3 1.805e3 1.957e3 1.611e3 1.422e3 1.712e3 1.667e3 1.747e3 1.663e3 1.646e3 1.598e3 1.627e3 1.593e3 1.380e3 1.391e3 1.682e3 1.458e3 1.375e3 1.568e3 1.658e3 2.179e3 2.148e3 2.541e3 2.617e3 2.364e3 2.276e3 2.337e3 2.183e3 2.163e3 1.726e3 
   350.e3  145.4   203.9   398.7   570.0   683.3   697.4   541.7   569.2   455.3   478.7   1.025e3 1.057e3 1.081e3 1.157e3 1.449e3 1.464e3 760.3   1.124e3 1.204e3 1.344e3 1.371e3 1.471e3 1.335e3 1.491e3 1.275e3 1.295e3 1.253e3 1.190e3 1.097e3 1.142e3 1.082e3 1.434e3 1.610e3 1.376e3 657.2   990.2   1.710e3 1.876e3 1.697e3 1.837e3 1.914e3 1.864e3 1.872e3 1.576e3 1.597e3 1.725e3 1.706e3 1.597e3 1.567e3 1.727e3 1.972e3 1.822e3 1.905e3 1.470e3 2.444e3 2.534e3 2.474e3 2.147e3 2.096e3 2.012e3 2.123e3 1.758e3 1.806e3 1.872e3 2.071e3 1.697e3 1.497e3 1.797e3 1.743e3 1.835e3 1.744e3 1.732e3 1.670e3 1.704e3 1.678e3 1.465e3 1.462e3 1.768e3 1.545e3 1.447e3 1.650e3 1.741e3 2.289e3 2.250e3 2.648e3 2.742e3 2.470e3 2.386e3 2.464e3 2.298e3 2.274e3 1.824e3 
   375.e3  150.1   213.8   419.6   593.0   704.3   721.9   558.0   598.2   482.4   502.9   1.068e3 1.095e3 1.126e3 1.213e3 1.509e3 1.544e3 794.8   1.171e3 1.270e3 1.408e3 1.429e3 1.533e3 1.397e3 1.573e3 1.327e3 1.349e3 1.303e3 1.250e3 1.148e3 1.200e3 1.130e3 1.492e3 1.678e3 1.438e3 705.2   1.053e3 1.788e3 1.967e3 1.776e3 1.921e3 1.987e3 1.947e3 1.959e3 1.656e3 1.680e3 1.788e3 1.785e3 1.670e3 1.633e3 1.805e3 2.066e3 1.918e3 1.989e3 1.571e3 2.553e3 2.652e3 2.583e3 2.256e3 2.198e3 2.109e3 2.226e3 1.845e3 1.889e3 1.938e3 2.182e3 1.782e3 1.571e3 1.879e3 1.817e3 1.923e3 1.823e3 1.817e3 1.741e3 1.779e3 1.762e3 1.547e3 1.530e3 1.851e3 1.631e3 1.518e3 1.730e3 1.825e3 2.396e3 2.350e3 2.751e3 2.864e3 2.574e3 2.495e3 2.588e3 2.412e3 2.383e3 1.923e3 
   400.e3  154.7   223.7   440.0   615.3   724.8   746.4   573.9   627.0   509.9   527.1   1.110e3 1.131e3 1.170e3 1.268e3 1.567e3 1.622e3 827.3   1.213e3 1.335e3 1.469e3 1.485e3 1.595e3 1.457e3 1.652e3 1.377e3 1.402e3 1.350e3 1.308e3 1.197e3 1.257e3 1.178e3 1.548e3 1.745e3 1.499e3 754.4   1.117e3 1.864e3 2.057e3 1.855e3 2.003e3 2.058e3 2.029e3 2.044e3 1.735e3 1.761e3 1.847e3 1.862e3 1.743e3 1.695e3 1.884e3 2.157e3 2.012e3 2.071e3 1.671e3 2.660e3 2.767e3 2.689e3 2.365e3 2.298e3 2.202e3 2.328e3 1.932e3 1.970e3 2.003e3 2.292e3 1.865e3 1.644e3 1.960e3 1.891e3 2.009e3 1.899e3 1.901e3 1.810e3 1.854e3 1.842e3 1.628e3 1.597e3 1.933e3 1.716e3 1.588e3 1.808e3 1.908e3 2.500e3 2.449e3 2.849e3 2.983e3 2.675e3 2.603e3 2.709e3 2.523e3 2.491e3 2.021e3 
   450.e3  163.1   243.2   479.4   657.4   764.4   794.4   604.4   683.3   566.1   574.9   1.192e3 1.201e3 1.257e3 1.374e3 1.678e3 1.773e3 889.3   1.287e3 1.461e3 1.587e3 1.593e3 1.713e3 1.573e3 1.800e3 1.472e3 1.504e3 1.440e3 1.420e3 1.293e3 1.367e3 1.270e3 1.657e3 1.872e3 1.618e3 855.8   1.245e3 2.014e3 2.231e3 2.009e3 2.161e3 2.193e3 2.187e3 2.209e3 1.888e3 1.917e3 1.961e3 2.012e3 1.884e3 1.814e3 2.041e3 2.333e3 2.193e3 2.232e3 1.870e3 2.865e3 2.989e3 2.894e3 2.577e3 2.493e3 2.379e3 2.523e3 2.103e3 2.123e3 2.128e3 2.505e3 2.026e3 1.787e3 2.113e3 2.033e3 2.176e3 2.043e3 2.064e3 1.943e3 1.998e3 1.997e3 1.785e3 1.724e3 2.090e3 1.883e3 1.723e3 1.960e3 2.073e3 2.698e3 2.639e3 3.033e3 3.209e3 2.872e3 2.815e3 2.945e3 2.738e3 2.700e3 2.218e3 
   500.e3  171.0   262.7   516.7   696.5   802.2   841.0   633.8   737.9   622.8   621.9   1.269e3 1.268e3 1.339e3 1.476e3 1.780e3 1.916e3 951.2   1.354e3 1.584e3 1.698e3 1.697e3 1.824e3 1.685e3 1.935e3 1.561e3 1.602e3 1.524e3 1.525e3 1.385e3 1.470e3 1.358e3 1.760e3 1.991e3 1.731e3 960.5   1.374e3 2.158e3 2.398e3 2.158e3 2.310e3 2.322e3 2.339e3 2.367e3 2.036e3 2.065e3 2.069e3 2.155e3 2.020e3 1.924e3 2.196e3 2.498e3 2.364e3 2.386e3 2.064e3 3.059e3 3.200e3 3.087e3 2.783e3 2.680e3 2.541e3 2.708e3 2.269e3 2.264e3 2.248e3 2.709e3 2.180e3 1.926e3 2.257e3 2.169e3 2.336e3 2.178e3 2.220e3 2.071e3 2.136e3 2.143e3 1.934e3 1.844e3 2.239e3 2.045e3 1.852e3 2.106e3 2.235e3 2.883e3 2.821e3 3.202e3 3.421e3 3.058e3 3.021e3 3.169e3 2.945e3 2.902e3 2.413e3 
   550.e3  178.4   282.3   551.9   732.7   838.3   885.7   662.3   790.6   679.2   667.7   1.342e3 1.330e3 1.418e3 1.572e3 1.874e3 2.050e3 1.017e3 1.419e3 1.701e3 1.802e3 1.795e3 1.930e3 1.793e3 2.059e3 1.646e3 1.694e3 1.604e3 1.624e3 1.472e3 1.567e3 1.443e3 1.859e3 2.102e3 1.838e3 1.068e3 1.504e3 2.297e3 2.558e3 2.302e3 2.452e3 2.446e3 2.484e3 2.517e3 2.177e3 2.205e3 2.173e3 2.290e3 2.150e3 2.028e3 2.348e3 2.653e3 2.525e3 2.535e3 2.256e3 3.243e3 3.398e3 3.269e3 2.981e3 2.857e3 2.688e3 2.883e3 2.430e3 2.395e3 2.364e3 2.902e3 2.328e3 2.060e3 2.392e3 2.299e3 2.490e3 2.305e3 2.370e3 2.194e3 2.268e3 2.281e3 2.075e3 1.957e3 2.381e3 2.200e3 1.976e3 2.245e3 2.393e3 3.056e3 2.995e3 3.356e3 3.619e3 3.236e3 3.220e3 3.383e3 3.142e3 3.095e3 2.606e3 
   600.e3  185.5   301.9   585.0   766.2   872.9   928.4   690.1   841.4   734.7   712.3   1.410e3 1.388e3 1.492e3 1.663e3 1.961e3 2.175e3 1.088e3 1.486e3 1.814e3 1.899e3 1.889e3 2.031e3 1.895e3 2.171e3 1.728e3 1.781e3 1.679e3 1.715e3 1.555e3 1.659e3 1.524e3 1.952e3 2.205e3 1.940e3 1.177e3 1.634e3 2.430e3 2.710e3 2.440e3 2.587e3 2.567e3 2.622e3 2.660e3 2.312e3 2.337e3 2.275e3 2.419e3 2.275e3 2.126e3 2.496e3 2.797e3 2.676e3 2.677e3 2.443e3 3.416e3 3.585e3 3.440e3 3.172e3 3.025e3 2.823e3 3.049e3 2.585e3 2.516e3 2.476e3 3.085e3 2.469e3 2.188e3 2.519e3 2.423e3 2.638e3 2.423e3 2.514e3 2.311e3 2.394e3 2.411e3 2.208e3 2.064e3 2.515e3 2.348e3 2.095e3 2.378e3 2.548e3 3.217e3 3.161e3 3.498e3 3.805e3 3.405e3 3.413e3 3.586e3 3.329e3 3.280e3 2.796e3 
   650.e3  192.4   321.4   615.9   797.2   906.0   969.0   717.5   890.4   789.1   755.9   1.475e3 1.443e3 1.561e3 1.748e3 2.041e3 2.291e3 1.164e3 1.556e3 1.921e3 1.990e3 1.977e3 2.127e3 1.993e3 2.275e3 1.805e3 1.864e3 1.752e3 1.801e3 1.635e3 1.744e3 1.602e3 2.041e3 2.301e3 2.037e3 1.287e3 1.763e3 2.557e3 2.854e3 2.572e3 2.716e3 2.686e3 2.754e3 2.796e3 2.441e3 2.462e3 2.374e3 2.541e3 2.393e3 2.220e3 2.639e3 2.930e3 2.817e3 2.814e3 2.626e3 3.579e3 3.761e3 3.601e3 3.356e3 3.183e3 2.946e3 3.205e3 2.735e3 2.629e3 2.584e3 3.257e3 2.605e3 2.311e3 2.639e3 2.541e3 2.780e3 2.535e3 2.651e3 2.424e3 2.515e3 2.534e3 2.333e3 2.166e3 2.642e3 2.490e3 2.209e3 2.505e3 2.698e3 3.368e3 3.320e3 3.630e3 3.979e3 3.566e3 3.599e3 3.780e3 3.508e3 3.458e3 2.983e3 
   700.e3  199.2   340.7   644.8   825.9   937.7   1.008e3 744.6   937.5   841.9   798.3   1.535e3 1.494e3 1.626e3 1.827e3 2.113e3 2.399e3 1.246e3 1.631e3 2.024e3 2.076e3 2.061e3 2.218e3 2.087e3 2.370e3 1.880e3 1.943e3 1.823e3 1.881e3 1.710e3 1.824e3 1.676e3 2.125e3 2.390e3 2.128e3 1.398e3 1.890e3 2.680e3 2.991e3 2.698e3 2.838e3 2.803e3 2.880e3 2.924e3 2.563e3 2.580e3 2.471e3 2.656e3 2.507e3 2.311e3 2.777e3 3.055e3 2.949e3 2.945e3 2.805e3 3.732e3 3.926e3 3.753e3 3.531e3 3.333e3 3.059e3 3.353e3 2.879e3 2.735e3 2.688e3 3.420e3 2.735e3 2.429e3 2.752e3 2.653e3 2.916e3 2.640e3 2.782e3 2.532e3 2.631e3 2.651e3 2.450e3 2.263e3 2.762e3 2.626e3 2.319e3 2.627e3 2.843e3 3.508e3 3.470e3 3.752e3 4.142e3 3.719e3 3.779e3 3.964e3 3.678e3 3.628e3 3.167e3 
   800.e3  213.0   378.0   696.8   877.2   997.0   1.079e3 798.0   1.026e3 942.8   880.2   1.644e3 1.588e3 1.744e3 1.969e3 2.241e3 2.589e3 1.423e3 1.788e3 2.214e3 2.232e3 2.216e3 2.387e3 2.261e3 2.540e3 2.021e3 2.089e3 1.958e3 2.026e3 1.851e3 1.968e3 1.816e3 2.281e3 2.551e3 2.297e3 1.618e3 2.140e3 2.909e3 3.243e3 2.935e3 3.066e3 3.030e3 3.114e3 3.161e3 2.792e3 2.796e3 2.658e3 2.870e3 2.719e3 2.486e3 3.038e3 3.277e3 3.188e3 3.191e3 3.149e3 4.012e3 4.226e3 4.029e3 3.860e3 3.607e3 3.264e3 3.625e3 3.150e3 2.931e3 2.886e3 3.716e3 2.980e3 2.650e3 2.960e3 2.863e3 3.171e3 2.833e3 3.027e3 2.737e3 2.847e3 2.870e3 2.664e3 2.445e3 2.986e3 2.879e3 2.526e3 2.856e3 3.120e3 3.762e3 3.751e3 3.975e3 4.438e3 4.004e3 4.120e3 4.305e3 3.994e3 3.946e3 3.524e3 
   900.e3  227.0   413.3   741.6   921.7   1.051e3 1.143e3 850.9   1.109e3 1.037e3 958.4   1.739e3 1.672e3 1.846e3 2.092e3 2.349e3 2.750e3 1.610e3 1.950e3 2.385e3 2.370e3 2.356e3 2.541e3 2.421e3 2.688e3 2.151e3 2.221e3 2.087e3 2.154e3 1.979e3 2.094e3 1.946e3 2.421e3 2.692e3 2.448e3 1.835e3 2.380e3 3.119e3 3.468e3 3.151e3 3.276e3 3.248e3 3.327e3 3.373e3 2.999e3 2.989e3 2.836e3 3.064e3 2.911e3 2.655e3 3.277e3 3.470e3 3.400e3 3.417e3 3.475e3 4.260e3 4.490e3 4.274e3 4.158e3 3.850e3 3.448e3 3.869e3 3.401e3 3.110e3 3.072e3 3.977e3 3.206e3 2.852e3 3.148e3 3.055e3 3.404e3 3.007e3 3.251e3 2.928e3 3.047e3 3.071e3 2.855e3 2.615e3 3.189e3 3.110e3 2.719e3 3.067e3 3.378e3 3.985e3 4.007e3 4.176e3 4.699e3 4.263e3 4.439e3 4.614e3 4.282e3 4.237e3 3.866e3 
   1.00e6  241.4   446.1   780.1   960.3   1.101e3 1.200e3 903.3   1.185e3 1.124e3 1.033e3 1.822e3 1.747e3 1.935e3 2.196e3 2.439e3 2.885e3 1.801e3 2.113e3 2.539e3 2.493e3 2.483e3 2.681e3 2.568e3 2.818e3 2.272e3 2.342e3 2.209e3 2.270e3 2.097e3 2.205e3 2.066e3 2.550e3 2.816e3 2.583e3 2.045e3 2.609e3 3.311e3 3.670e3 3.349e3 3.469e3 3.457e3 3.521e3 3.563e3 3.188e3 3.162e3 3.003e3 3.239e3 3.088e3 2.819e3 3.497e3 3.639e3 3.590e3 3.624e3 3.780e3 4.479e3 4.724e3 4.492e3 4.428e3 4.066e3 3.617e3 4.087e3 3.632e3 3.278e3 3.247e3 4.207e3 3.417e3 3.037e3 3.319e3 3.230e3 3.619e3 3.165e3 3.455e3 3.108e3 3.231e3 3.257e3 3.026e3 2.773e3 3.375e3 3.321e3 2.899e3 3.263e3 3.619e3 4.183e3 4.241e3 4.359e3 4.930e3 4.501e3 4.736e3 4.894e3 4.543e3 4.505e3 4.192e3 
   1.10e6  256.3   476.4   813.2   994.2   1.146e3 1.252e3 955.3   1.256e3 1.204e3 1.105e3 1.896e3 1.815e3 2.013e3 2.286e3 2.515e3 2.998e3 1.989e3 2.271e3 2.677e3 2.602e3 2.597e3 2.811e3 2.702e3 2.934e3 2.383e3 2.451e3 2.325e3 2.375e3 2.205e3 2.303e3 2.177e3 2.666e3 2.926e3 2.705e3 2.246e3 2.826e3 3.489e3 3.851e3 3.529e3 3.647e3 3.653e3 3.698e3 3.733e3 3.359e3 3.317e3 3.160e3 3.399e3 3.249e3 2.978e3 3.697e3 3.788e3 3.760e3 3.813e3 4.065e3 4.674e3 4.932e3 4.686e3 4.671e3 4.258e3 3.777e3 4.283e3 3.846e3 3.435e3 3.412e3 4.409e3 3.613e3 3.205e3 3.476e3 3.390e3 3.817e3 3.311e3 3.643e3 3.277e3 3.401e3 3.430e3 3.180e3 2.921e3 3.547e3 3.515e3 3.069e3 3.445e3 3.842e3 4.360e3 4.455e3 4.528e3 5.136e3 4.719e3 5.014e3 5.148e3 4.782e3 4.751e3 4.502e3 
   1.20e6  271.7   504.0   841.5   1.024e3 1.187e3 1.298e3 1.007e3 1.321e3 1.278e3 1.174e3 1.961e3 1.876e3 2.080e3 2.363e3 2.579e3 3.093e3 2.170e3 2.422e3 2.800e3 2.701e3 2.702e3 2.930e3 2.825e3 3.038e3 2.486e3 2.552e3 2.434e3 2.471e3 2.305e3 2.392e3 2.281e3 2.773e3 3.025e3 2.816e3 2.438e3 3.029e3 3.652e3 4.013e3 3.695e3 3.813e3 3.838e3 3.860e3 3.887e3 3.515e3 3.457e3 3.307e3 3.546e3 3.397e3 3.132e3 3.880e3 3.922e3 3.916e3 3.985e3 4.330e3 4.847e3 5.116e3 4.859e3 4.888e3 4.430e3 3.927e3 4.459e3 4.044e3 3.584e3 3.569e3 4.588e3 3.796e3 3.359e3 3.621e3 3.539e3 3.998e3 3.446e3 3.815e3 3.436e3 3.559e3 3.591e3 3.322e3 3.062e3 3.705e3 3.693e3 3.229e3 3.616e3 4.051e3 4.520e3 4.651e3 4.686e3 5.321e3 4.921e3 5.274e3 5.379e3 4.999e3 4.976e3 4.795e3 
   1.30e6  287.3   529.2   865.7   1.051e3 1.224e3 1.340e3 1.057e3 1.382e3 1.346e3 1.240e3 2.020e3 1.932e3 2.139e3 2.429e3 2.633e3 3.171e3 2.343e3 2.566e3 2.912e3 2.790e3 2.797e3 3.040e3 2.938e3 3.131e3 2.582e3 2.645e3 2.537e3 2.560e3 2.398e3 2.472e3 2.379e3 2.872e3 3.113e3 2.916e3 2.619e3 3.220e3 3.802e3 4.158e3 3.846e3 3.967e3 4.011e3 4.009e3 4.026e3 3.657e3 3.585e3 3.445e3 3.681e3 3.533e3 3.281e3 4.048e3 4.041e3 4.058e3 4.141e3 4.574e3 5.003e3 5.280e3 5.015e3 5.081e3 4.585e3 4.070e3 4.619e3 4.228e3 3.726e3 3.717e3 4.746e3 3.967e3 3.501e3 3.756e3 3.676e3 4.165e3 3.572e3 3.973e3 3.586e3 3.707e3 3.742e3 3.454e3 3.195e3 3.853e3 3.857e3 3.381e3 3.776e3 4.245e3 4.665e3 4.833e3 4.832e3 5.487e3 5.108e3 5.517e3 5.590e3 5.199e3 5.184e3 5.072e3 
   1.40e6  303.0   552.0   886.4   1.074e3 1.258e3 1.378e3 1.107e3 1.439e3 1.408e3 1.303e3 2.072e3 1.983e3 2.191e3 2.485e3 2.680e3 3.237e3 2.505e3 2.700e3 3.012e3 2.870e3 2.884e3 3.141e3 3.042e3 3.216e3 2.671e3 2.731e3 2.633e3 2.643e3 2.485e3 2.546e3 2.471e3 2.963e3 3.193e3 3.008e3 2.790e3 3.397e3 3.941e3 4.288e3 3.986e3 4.112e3 4.173e3 4.146e3 4.151e3 3.787e3 3.701e3 3.575e3 3.806e3 3.660e3 3.424e3 4.201e3 4.150e3 4.189e3 4.282e3 4.799e3 5.142e3 5.428e3 5.156e3 5.253e3 4.725e3 4.205e3 4.764e3 4.399e3 3.860e3 3.858e3 4.887e3 4.127e3 3.632e3 3.882e3 3.804e3 4.318e3 3.691e3 4.120e3 3.729e3 3.846e3 3.884e3 3.577e3 3.322e3 3.991e3 4.009e3 3.525e3 3.927e3 4.426e3 4.797e3 5.000e3 4.970e3 5.637e3 5.281e3 5.745e3 5.783e3 5.383e3 5.376e3 5.332e3 
   1.50e6  318.8   572.6   904.1   1.095e3 1.289e3 1.412e3 1.156e3 1.491e3 1.466e3 1.363e3 2.119e3 2.030e3 2.236e3 2.534e3 2.719e3 3.291e3 2.655e3 2.826e3 3.101e3 2.943e3 2.965e3 3.235e3 3.138e3 3.293e3 2.754e3 2.810e3 2.724e3 2.720e3 2.566e3 2.615e3 2.558e3 3.048e3 3.266e3 3.091e3 2.950e3 3.562e3 4.070e3 4.404e3 4.114e3 4.247e3 4.323e3 4.273e3 4.265e3 3.906e3 3.807e3 3.697e3 3.922e3 3.777e3 3.562e3 4.342e3 4.250e3 4.310e3 4.409e3 5.004e3 5.267e3 5.560e3 5.284e3 5.404e3 4.852e3 4.334e3 4.895e3 4.558e3 3.989e3 3.992e3 5.012e3 4.277e3 3.752e3 4.000e3 3.923e3 4.459e3 3.803e3 4.255e3 3.865e3 3.976e3 4.017e3 3.693e3 3.443e3 4.120e3 4.150e3 3.663e3 4.070e3 4.594e3 4.920e3 5.155e3 5.098e3 5.774e3 5.443e3 5.959e3 5.959e3 5.552e3 5.553e3 5.577e3 
   1.60e6  334.5   591.3   919.2   1.114e3 1.317e3 1.444e3 1.203e3 1.540e3 1.520e3 1.421e3 2.161e3 2.073e3 2.276e3 2.575e3 2.754e3 3.336e3 2.795e3 2.942e3 3.182e3 3.010e3 3.039e3 3.323e3 3.226e3 3.363e3 2.831e3 2.885e3 2.809e3 2.792e3 2.642e3 2.680e3 2.640e3 3.127e3 3.332e3 3.168e3 3.099e3 3.715e3 4.189e3 4.510e3 4.232e3 4.374e3 4.462e3 4.390e3 4.369e3 4.016e3 3.904e3 3.811e3 4.030e3 3.886e3 3.693e3 4.471e3 4.342e3 4.422e3 4.523e3 5.191e3 5.381e3 5.680e3 5.400e3 5.537e3 4.968e3 4.455e3 5.016e3 4.706e3 4.110e3 4.120e3 5.124e3 4.418e3 3.865e3 4.111e3 4.034e3 4.588e3 3.909e3 4.381e3 3.993e3 4.098e3 4.144e3 3.802e3 3.558e3 4.242e3 4.282e3 3.794e3 4.205e3 4.751e3 5.033e3 5.299e3 5.219e3 5.898e3 5.595e3 6.159e3 6.120e3 5.708e3 5.716e3 5.807e3 
   1.70e6  349.9   608.2   932.1   1.131e3 1.342e3 1.472e3 1.249e3 1.586e3 1.569e3 1.476e3 2.200e3 2.114e3 2.312e3 2.611e3 2.783e3 3.373e3 2.922e3 3.050e3 3.255e3 3.071e3 3.108e3 3.404e3 3.306e3 3.427e3 2.903e3 2.954e3 2.889e3 2.860e3 2.713e3 2.740e3 2.718e3 3.201e3 3.393e3 3.239e3 3.239e3 3.857e3 4.299e3 4.604e3 4.341e3 4.493e3 4.591e3 4.499e3 4.464e3 4.118e3 3.994e3 3.919e3 4.131e3 3.987e3 3.818e3 4.590e3 4.427e3 4.527e3 4.625e3 5.361e3 5.484e3 5.788e3 5.507e3 5.654e3 5.074e3 4.571e3 5.126e3 4.845e3 4.226e3 4.241e3 5.224e3 4.550e3 3.969e3 4.216e3 4.139e3 4.707e3 4.011e3 4.498e3 4.115e3 4.214e3 4.264e3 3.907e3 3.669e3 4.357e3 4.405e3 3.920e3 4.333e3 4.898e3 5.139e3 5.432e3 5.332e3 6.012e3 5.737e3 6.347e3 6.269e3 5.852e3 5.868e3 6.021e3 
   1.80e6  364.9   623.4   943.2   1.147e3 1.364e3 1.498e3 1.293e3 1.628e3 1.614e3 1.528e3 2.235e3 2.151e3 2.343e3 2.641e3 2.809e3 3.404e3 3.039e3 3.150e3 3.321e3 3.127e3 3.171e3 3.480e3 3.381e3 3.486e3 2.971e3 3.019e3 2.964e3 2.923e3 2.781e3 2.798e3 2.793e3 3.270e3 3.450e3 3.305e3 3.369e3 3.987e3 4.401e3 4.689e3 4.442e3 4.605e3 4.710e3 4.601e3 4.551e3 4.211e3 4.077e3 4.021e3 4.226e3 4.082e3 3.938e3 4.699e3 4.506e3 4.625e3 4.715e3 5.515e3 5.578e3 5.887e3 5.604e3 5.755e3 5.172e3 4.680e3 5.227e3 4.975e3 4.337e3 4.358e3 5.315e3 4.673e3 4.067e3 4.316e3 4.238e3 4.816e3 4.107e3 4.608e3 4.232e3 4.323e3 4.377e3 4.007e3 3.774e3 4.466e3 4.520e3 4.041e3 4.454e3 5.036e3 5.238e3 5.556e3 5.438e3 6.117e3 5.870e3 6.523e3 6.405e3 5.986e3 6.008e3 6.222e3 
   2.00e6  393.7   649.7   960.6   1.174e3 1.403e3 1.543e3 1.377e3 1.703e3 1.695e3 1.626e3 2.297e3 2.218e3 2.395e3 2.690e3 2.851e3 3.451e3 3.243e3 3.327e3 3.435e3 3.226e3 3.286e3 3.617e3 3.512e3 3.590e3 3.094e3 3.138e3 3.101e3 3.041e3 2.905e3 2.905e3 2.930e3 3.397e3 3.550e3 3.422e3 3.604e3 4.219e3 4.583e3 4.836e3 4.621e3 4.809e3 4.923e3 4.783e3 4.705e3 4.378e3 4.227e3 4.208e3 4.399e3 4.254e3 4.158e3 4.894e3 4.649e3 4.803e3 4.866e3 5.780e3 5.742e3 6.059e3 5.776e3 5.919e3 5.348e3 4.880e3 5.406e3 5.212e3 4.543e3 4.575e3 5.471e3 4.897e3 4.246e3 4.501e3 4.419e3 5.009e3 4.289e3 4.806e3 4.448e3 4.525e3 4.589e3 4.196e3 3.973e3 4.667e3 4.729e3 4.268e3 4.680e3 5.285e3 5.419e3 5.781e3 5.632e3 6.304e3 6.113e3 6.843e3 6.648e3 6.227e3 6.259e3 6.581e3 
   2.25e6  426.5   675.9   975.9   1.202e3 1.442e3 1.589e3 1.472e3 1.782e3 1.780e3 1.735e3 2.362e3 2.291e3 2.446e3 2.734e3 2.890e3 3.488e3 3.447e3 3.512e3 3.549e3 3.331e3 3.409e3 3.764e3 3.649e3 3.700e3 3.227e3 3.268e3 3.250e3 3.171e3 3.044e3 3.027e3 3.086e3 3.536e3 3.658e3 3.548e3 3.855e3 4.460e3 4.777e3 4.983e3 4.810e3 5.032e3 5.146e3 4.978e3 4.866e3 4.555e3 4.388e3 4.415e3 4.589e3 4.443e3 4.402e3 5.099e3 4.805e3 4.997e3 5.010e3 6.044e3 5.913e3 6.236e3 5.957e3 6.066e3 5.536e3 5.101e3 5.595e3 5.470e3 4.774e3 4.821e3 5.631e3 5.137e3 4.443e3 4.710e3 4.621e3 5.207e3 4.497e3 5.021e3 4.689e3 4.750e3 4.828e3 4.412e3 4.201e3 4.891e3 4.959e3 4.528e3 4.933e3 5.556e3 5.620e3 6.021e3 5.844e3 6.503e3 6.380e3 7.189e3 6.903e3 6.484e3 6.527e3 6.961e3 
   2.50e6  455.6   696.5   986.0   1.224e3 1.472e3 1.626e3 1.555e3 1.846e3 1.851e3 1.830e3 2.415e3 2.353e3 2.485e3 2.764e3 2.919e3 3.509e3 3.607e3 3.662e3 3.639e3 3.418e3 3.513e3 3.887e3 3.760e3 3.792e3 3.343e3 3.382e3 3.378e3 3.286e3 3.166e3 3.139e3 3.225e3 3.658e3 3.750e3 3.656e3 4.066e3 4.656e3 4.938e3 5.097e3 4.966e3 5.223e3 5.330e3 5.145e3 4.998e3 4.705e3 4.525e3 4.596e3 4.756e3 4.606e3 4.613e3 5.270e3 4.940e3 5.165e3 5.115e3 6.252e3 6.053e3 6.382e3 6.107e3 6.164e3 5.697e3 5.294e3 5.753e3 5.695e3 4.981e3 5.042e3 5.762e3 5.338e3 4.619e3 4.899e3 4.800e3 5.367e3 4.688e3 5.207e3 4.903e3 4.951e3 5.042e3 4.611e3 4.409e3 5.089e3 5.160e3 4.764e3 5.158e3 5.789e3 5.797e3 6.226e3 6.028e3 6.671e3 6.612e3 7.483e3 7.116e3 6.703e3 6.752e3 7.273e3 
   2.75e6  480.9   712.7   992.5   1.242e3 1.494e3 1.655e3 1.627e3 1.898e3 1.910e3 1.913e3 2.459e3 2.407e3 2.514e3 2.785e3 2.941e3 3.520e3 3.729e3 3.784e3 3.710e3 3.492e3 3.603e3 3.992e3 3.850e3 3.869e3 3.443e3 3.483e3 3.489e3 3.388e3 3.276e3 3.242e3 3.350e3 3.766e3 3.829e3 3.750e3 4.245e3 4.816e3 5.072e3 5.187e3 5.097e3 5.387e3 5.481e3 5.287e3 5.110e3 4.832e3 4.645e3 4.756e3 4.903e3 4.749e3 4.796e3 5.414e3 5.059e3 5.312e3 5.193e3 6.418e3 6.171e3 6.503e3 6.235e3 6.228e3 5.837e3 5.461e3 5.887e3 5.892e3 5.166e3 5.242e3 5.870e3 5.508e3 4.777e3 5.070e3 4.960e3 5.496e3 4.863e3 5.368e3 5.092e3 5.130e3 5.237e3 4.795e3 4.599e3 5.265e3 5.336e3 4.979e3 5.358e3 5.990e3 5.957e3 6.399e3 6.188e3 6.816e3 6.815e3 7.731e3 7.295e3 6.891e3 6.944e3 7.527e3 
   3.00e6  502.8   725.7   996.5   1.257e3 1.511e3 1.679e3 1.688e3 1.940e3 1.960e3 1.985e3 2.495e3 2.453e3 2.537e3 2.798e3 2.958e3 3.524e3 3.823e3 3.882e3 3.767e3 3.555e3 3.681e3 4.081e3 3.924e3 3.936e3 3.531e3 3.572e3 3.586e3 3.479e3 3.374e3 3.337e3 3.464e3 3.862e3 3.899e3 3.831e3 4.397e3 4.946e3 5.183e3 5.258e3 5.206e3 5.527e3 5.606e3 5.409e3 5.204e3 4.941e3 4.751e3 4.898e3 5.033e3 4.875e3 4.954e3 5.536e3 5.165e3 5.441e3 5.254e3 6.554e3 6.271e3 6.604e3 6.344e3 6.269e3 5.959e3 5.608e3 6.002e3 6.065e3 5.332e3 5.422e3 5.962e3 5.651e3 4.920e3 5.227e3 5.105e3 5.600e3 5.026e3 5.511e3 5.260e3 5.292e3 5.413e3 4.966e3 4.774e3 5.422e3 5.493e3 5.174e3 5.538e3 6.165e3 6.100e3 6.548e3 6.328e3 6.943e3 6.993e3 7.940e3 7.447e3 7.054e3 7.108e3 7.733e3 
   3.25e6  521.4   736.0   998.6   1.269e3 1.523e3 1.698e3 1.740e3 1.973e3 2.001e3 2.047e3 2.526e3 2.493e3 2.555e3 2.807e3 2.972e3 3.523e3 3.895e3 3.961e3 3.812e3 3.609e3 3.748e3 4.156e3 3.983e3 3.993e3 3.609e3 3.652e3 3.669e3 3.562e3 3.462e3 3.424e3 3.566e3 3.948e3 3.961e3 3.904e3 4.528e3 5.051e3 5.276e3 5.313e3 5.296e3 5.645e3 5.710e3 5.513e3 5.284e3 5.035e3 4.844e3 5.025e3 5.150e3 4.987e3 5.090e3 5.641e3 5.259e3 5.555e3 5.304e3 6.667e3 6.357e3 6.690e3 6.438e3 6.294e3 6.068e3 5.737e3 6.102e3 6.219e3 5.481e3 5.586e3 6.041e3 5.773e3 5.052e3 5.371e3 5.236e3 5.684e3 5.176e3 5.636e3 5.410e3 5.437e3 5.574e3 5.123e3 4.935e3 5.563e3 5.633e3 5.352e3 5.698e3 6.318e3 6.231e3 6.675e3 6.452e3 7.054e3 7.148e3 8.115e3 7.577e3 7.196e3 7.250e3 7.900e3 
   3.50e6  537.4   744.4   999.4   1.278e3 1.531e3 1.713e3 1.783e3 1.999e3 2.036e3 2.101e3 2.551e3 2.528e3 2.569e3 2.812e3 2.982e3 3.519e3 3.948e3 4.024e3 3.848e3 3.655e3 3.806e3 4.219e3 4.032e3 4.042e3 3.677e3 3.722e3 3.743e3 3.636e3 3.541e3 3.506e3 3.660e3 4.025e3 4.017e3 3.968e3 4.640e3 5.135e3 5.352e3 5.356e3 5.372e3 5.746e3 5.796e3 5.603e3 5.352e3 5.117e3 4.927e3 5.137e3 5.254e3 5.087e3 5.207e3 5.730e3 5.344e3 5.656e3 5.349e3 6.763e3 6.430e3 6.763e3 6.520e3 6.310e3 6.164e3 5.851e3 6.188e3 6.355e3 5.616e3 5.734e3 6.110e3 5.877e3 5.174e3 5.503e3 5.355e3 5.753e3 5.315e3 5.748e3 5.543e3 5.569e3 5.722e3 5.270e3 5.083e3 5.688e3 5.759e3 5.514e3 5.841e3 6.452e3 6.351e3 6.783e3 6.563e3 7.153e3 7.285e3 8.259e3 7.689e3 7.321e3 7.372e3 8.034e3 
   3.75e6  550.9   751.1   999.3   1.286e3 1.537e3 1.725e3 1.819e3 2.019e3 2.066e3 2.147e3 2.573e3 2.559e3 2.580e3 2.815e3 2.990e3 3.513e3 3.986e3 4.073e3 3.877e3 3.695e3 3.857e3 4.272e3 4.071e3 4.084e3 3.737e3 3.786e3 3.807e3 3.703e3 3.613e3 3.581e3 3.744e3 4.094e3 4.066e3 4.026e3 4.738e3 5.204e3 5.414e3 5.389e3 5.434e3 5.829e3 5.866e3 5.681e3 5.411e3 5.188e3 5.001e3 5.238e3 5.347e3 5.177e3 5.307e3 5.808e3 5.420e3 5.746e3 5.390e3 6.847e3 6.494e3 6.826e3 6.590e3 6.319e3 6.250e3 5.951e3 6.265e3 6.476e3 5.738e3 5.868e3 6.171e3 5.967e3 5.286e3 5.625e3 5.464e3 5.809e3 5.445e3 5.848e3 5.662e3 5.689e3 5.857e3 5.406e3 5.220e3 5.801e3 5.873e3 5.661e3 5.969e3 6.570e3 6.460e3 6.875e3 6.663e3 7.241e3 7.405e3 8.379e3 7.786e3 7.431e3 7.479e3 8.141e3 
   4.00e6  562.5   756.5   998.4   1.292e3 1.540e3 1.734e3 1.849e3 2.034e3 2.091e3 2.187e3 2.590e3 2.585e3 2.589e3 2.815e3 2.997e3 3.505e3 4.013e3 4.111e3 3.899e3 3.729e3 3.901e3 4.316e3 4.102e3 4.121e3 3.790e3 3.843e3 3.863e3 3.763e3 3.678e3 3.651e3 3.821e3 4.156e3 4.110e3 4.078e3 4.823e3 5.258e3 5.465e3 5.413e3 5.486e3 5.899e3 5.924e3 5.747e3 5.462e3 5.250e3 5.068e3 5.328e3 5.431e3 5.256e3 5.394e3 5.875e3 5.489e3 5.826e3 5.430e3 6.920e3 6.549e3 6.880e3 6.652e3 6.325e3 6.327e3 6.039e3 6.332e3 6.584e3 5.848e3 5.990e3 6.225e3 6.047e3 5.391e3 5.739e3 5.564e3 5.856e3 5.565e3 5.938e3 5.769e3 5.797e3 5.982e3 5.533e3 5.347e3 5.902e3 5.977e3 5.794e3 6.084e3 6.674e3 6.560e3 6.954e3 6.753e3 7.321e3 7.510e3 8.476e3 7.870e3 7.528e3 7.573e3 8.227e3 
   4.50e6  580.6   764.2   995.0   1.300e3 1.540e3 1.744e3 1.893e3 2.051e3 2.131e3 2.249e3 2.615e3 2.627e3 2.600e3 2.812e3 3.006e3 3.487e3 4.040e3 4.159e3 3.930e3 3.785e3 3.972e3 4.381e3 4.147e3 4.180e3 3.878e3 3.939e3 3.955e3 3.868e3 3.791e3 3.775e3 3.954e3 4.263e3 4.186e3 4.166e3 4.963e3 5.333e3 5.537e3 5.443e3 5.562e3 6.001e3 6.010e3 5.852e3 5.542e3 5.352e3 5.182e3 5.480e3 5.573e3 5.393e3 5.532e3 5.983e3 5.606e3 5.960e3 5.512e3 7.043e3 6.639e3 6.965e3 6.754e3 6.332e3 6.458e3 6.187e3 6.443e3 6.767e3 6.040e3 6.201e3 6.317e3 6.181e3 5.578e3 5.940e3 5.740e3 5.928e3 5.780e3 6.091e3 5.951e3 5.986e3 6.200e3 5.759e3 5.572e3 6.073e3 6.156e3 6.024e3 6.277e3 6.847e3 6.738e3 7.077e3 6.909e3 7.457e3 7.683e3 8.615e3 8.006e3 7.691e3 7.728e3 8.349e3 
   5.00e6  593.6   769.0   990.2   1.304e3 1.535e3 1.748e3 1.922e3 2.058e3 2.160e3 2.292e3 2.631e3 2.657e3 2.606e3 2.805e3 3.010e3 3.466e3 4.042e3 4.179e3 3.946e3 3.825e3 4.025e3 4.423e3 4.174e3 4.224e3 3.947e3 4.016e3 4.026e3 3.953e3 3.883e3 3.880e3 4.064e3 4.350e3 4.249e3 4.239e3 5.070e3 5.375e3 5.578e3 5.455e3 5.610e3 6.064e3 6.065e3 5.927e3 5.602e3 5.430e3 5.275e3 5.601e3 5.687e3 5.503e3 5.634e3 6.065e3 5.703e3 6.067e3 5.595e3 7.140e3 6.707e3 7.028e3 6.831e3 6.337e3 6.564e3 6.303e3 6.531e3 6.912e3 6.197e3 6.374e3 6.391e3 6.293e3 5.740e3 6.113e3 5.888e3 5.981e3 5.965e3 6.216e3 6.101e3 6.142e3 6.385e3 5.954e3 5.765e3 6.212e3 6.305e3 6.212e3 6.431e3 6.984e3 6.888e3 7.164e3 7.039e3 7.568e3 7.814e3 8.697e3 8.110e3 7.820e3 7.849e3 8.426e3 
   5.50e6  602.5   771.4   984.5   1.304e3 1.526e3 1.747e3 1.940e3 2.056e3 2.180e3 2.321e3 2.638e3 2.678e3 2.608e3 2.797e3 3.011e3 3.444e3 4.027e3 4.177e3 3.952e3 3.854e3 4.063e3 4.445e3 4.187e3 4.256e3 4.000e3 4.077e3 4.079e3 4.023e3 3.959e3 3.969e3 4.153e3 4.421e3 4.299e3 4.298e3 5.151e3 5.393e3 5.598e3 5.453e3 5.638e3 6.096e3 6.097e3 5.979e3 5.644e3 5.489e3 5.350e3 5.697e3 5.779e3 5.592e3 5.708e3 6.127e3 5.782e3 6.151e3 5.680e3 7.216e3 6.757e3 7.071e3 6.890e3 6.343e3 6.649e3 6.395e3 6.600e3 7.028e3 6.328e3 6.516e3 6.452e3 6.388e3 5.881e3 6.262e3 6.015e3 6.023e3 6.123e3 6.319e3 6.225e3 6.272e3 6.541e3 6.123e3 5.931e3 6.325e3 6.430e3 6.364e3 6.552e3 7.092e3 7.014e3 7.223e3 7.149e3 7.660e3 7.911e3 8.738e3 8.188e3 7.923e3 7.943e3 8.473e3 
   6.00e6  608.2   772.1   978.2   1.301e3 1.515e3 1.742e3 1.949e3 2.049e3 2.194e3 2.340e3 2.639e3 2.691e3 2.607e3 2.786e3 3.010e3 3.421e3 3.999e3 4.160e3 3.950e3 3.873e3 4.088e3 4.453e3 4.192e3 4.278e3 4.040e3 4.125e3 4.119e3 4.079e3 4.020e3 4.044e3 4.226e3 4.477e3 4.341e3 4.347e3 5.212e3 5.394e3 5.600e3 5.442e3 5.649e3 6.106e3 6.111e3 6.011e3 5.674e3 5.534e3 5.410e3 5.772e3 5.851e3 5.664e3 5.761e3 6.173e3 5.846e3 6.217e3 5.764e3 7.273e3 6.793e3 7.101e3 6.933e3 6.350e3 6.717e3 6.466e3 6.654e3 7.118e3 6.435e3 6.631e3 6.502e3 6.471e3 6.003e3 6.389e3 6.121e3 6.057e3 6.259e3 6.405e3 6.329e3 6.379e3 6.673e3 6.267e3 6.072e3 6.417e3 6.535e3 6.486e3 6.648e3 7.177e3 7.121e3 7.261e3 7.242e3 7.736e3 7.982e3 8.747e3 8.247e3 8.004e3 8.017e3 8.500e3 
   6.50e6  611.3   771.5   971.5   1.296e3 1.502e3 1.734e3 1.953e3 2.039e3 2.202e3 2.349e3 2.635e3 2.697e3 2.603e3 2.775e3 3.006e3 3.398e3 3.962e3 4.132e3 3.942e3 3.885e3 4.104e3 4.450e3 4.189e3 4.291e3 4.070e3 4.162e3 4.148e3 4.125e3 4.070e3 4.106e3 4.285e3 4.521e3 4.374e3 4.387e3 5.255e3 5.380e3 5.590e3 5.423e3 5.648e3 6.098e3 6.112e3 6.028e3 5.693e3 5.566e3 5.458e3 5.830e3 5.907e3 5.721e3 5.798e3 6.206e3 5.897e3 6.267e3 5.844e3 7.314e3 6.818e3 7.118e3 6.963e3 6.357e3 6.771e3 6.521e3 6.695e3 7.188e3 6.523e3 6.724e3 6.543e3 6.545e3 6.108e3 6.498e3 6.212e3 6.085e3 6.374e3 6.475e3 6.415e3 6.467e3 6.783e3 6.390e3 6.193e3 6.492e3 6.623e3 6.584e3 6.723e3 7.244e3 7.211e3 7.284e3 7.319e3 7.798e3 8.030e3 8.735e3 8.289e3 8.068e3 8.073e3 8.513e3 
   7.00e6  612.1   769.7   964.4   1.290e3 1.489e3 1.723e3 1.952e3 2.025e3 2.206e3 2.352e3 2.627e3 2.698e3 2.598e3 2.763e3 3.000e3 3.374e3 3.919e3 4.095e3 3.930e3 3.890e3 4.111e3 4.438e3 4.181e3 4.298e3 4.091e3 4.189e3 4.168e3 4.160e3 4.109e3 4.157e3 4.332e3 4.555e3 4.400e3 4.419e3 5.284e3 5.357e3 5.570e3 5.400e3 5.638e3 6.076e3 6.102e3 6.034e3 5.703e3 5.589e3 5.496e3 5.873e3 5.949e3 5.767e3 5.822e3 6.229e3 5.938e3 6.304e3 5.917e3 7.341e3 6.832e3 7.125e3 6.983e3 6.365e3 6.812e3 6.562e3 6.725e3 7.240e3 6.594e3 6.799e3 6.576e3 6.609e3 6.199e3 6.591e3 6.288e3 6.111e3 6.471e3 6.533e3 6.488e3 6.539e3 6.874e3 6.495e3 6.295e3 6.555e3 6.696e3 6.661e3 6.781e3 7.297e3 7.285e3 7.293e3 7.383e3 7.848e3 8.062e3 8.707e3 8.319e3 8.118e3 8.116e3 8.517e3 
   8.00e6  608.5   763.5   949.5   1.273e3 1.460e3 1.698e3 1.939e3 1.993e3 2.203e3 2.343e3 2.603e3 2.688e3 2.584e3 2.738e3 2.984e3 3.326e3 3.820e3 4.003e3 3.895e3 3.886e3 4.105e3 4.393e3 4.153e3 4.295e3 4.111e3 4.219e3 4.187e3 4.208e3 4.163e3 4.231e3 4.395e3 4.599e3 4.436e3 4.465e3 5.306e3 5.291e3 5.511e3 5.344e3 5.598e3 6.005e3 6.059e3 6.016e3 5.704e3 5.610e3 5.545e3 5.923e3 5.999e3 5.827e3 5.843e3 6.251e3 5.994e3 6.348e3 6.042e3 7.355e3 6.838e3 7.115e3 6.997e3 6.376e3 6.864e3 6.612e3 6.760e3 7.302e3 6.696e3 6.901e3 6.623e3 6.712e3 6.343e3 6.734e3 6.405e3 6.153e3 6.620e3 6.620e3 6.598e3 6.644e3 7.011e3 6.657e3 6.455e3 6.648e3 6.806e3 6.767e3 6.857e3 7.366e3 7.396e3 7.287e3 7.474e3 7.918e3 8.085e3 8.621e3 8.346e3 8.181e3 8.168e3 8.505e3 
   9.00e6  599.5   754.7   933.9   1.252e3 1.430e3 1.669e3 1.917e3 1.957e3 2.190e3 2.321e3 2.569e3 2.666e3 2.566e3 2.712e3 2.962e3 3.277e3 3.713e3 3.899e3 3.851e3 3.867e3 4.079e3 4.331e3 4.114e3 4.274e3 4.110e3 4.225e3 4.185e3 4.230e3 4.192e3 4.274e3 4.428e3 4.617e3 4.454e3 4.491e3 5.291e3 5.207e3 5.437e3 5.281e3 5.541e3 5.913e3 5.994e3 5.971e3 5.684e3 5.607e3 5.565e3 5.937e3 6.015e3 5.857e3 5.840e3 6.249e3 6.022e3 6.359e3 6.134e3 7.328e3 6.819e3 7.081e3 6.986e3 6.380e3 6.884e3 6.630e3 6.769e3 7.321e3 6.756e3 6.956e3 6.647e3 6.786e3 6.445e3 6.831e3 6.483e3 6.187e3 6.719e3 6.676e3 6.672e3 6.707e3 7.098e3 6.769e3 6.567e3 6.711e3 6.878e3 6.826e3 6.896e3 7.402e3 7.465e3 7.258e3 7.527e3 7.957e3 8.071e3 8.516e3 8.342e3 8.208e3 8.186e3 8.476e3 
   10.0e6  586.8   744.1   918.0   1.229e3 1.400e3 1.638e3 1.887e3 1.919e3 2.169e3 2.289e3 2.530e3 2.634e3 2.546e3 2.685e3 2.937e3 3.228e3 3.604e3 3.791e3 3.802e3 3.836e3 4.039e3 4.259e3 4.068e3 4.242e3 4.094e3 4.213e3 4.168e3 4.233e3 4.201e3 4.293e3 4.438e3 4.616e3 4.458e3 4.501e3 5.252e3 5.115e3 5.356e3 5.214e3 5.474e3 5.810e3 5.915e3 5.909e3 5.649e3 5.587e3 5.565e3 5.925e3 6.005e3 5.864e3 5.820e3 6.230e3 6.030e3 6.347e3 6.194e3 7.270e3 6.781e3 7.029e3 6.955e3 6.375e3 6.880e3 6.623e3 6.758e3 7.309e3 6.785e3 6.975e3 6.655e3 6.832e3 6.513e3 6.892e3 6.531e3 6.213e3 6.779e3 6.709e3 6.717e3 6.739e3 7.147e3 6.841e3 6.640e3 6.750e3 6.920e3 6.852e3 6.911e3 7.413e3 7.501e3 7.217e3 7.551e3 7.971e3 8.032e3 8.403e3 8.314e3 8.208e3 8.179e3 8.436e3 
   11.0e6  571.7   732.2   901.7   1.205e3 1.371e3 1.606e3 1.854e3 1.880e3 2.143e3 2.253e3 2.487e3 2.597e3 2.523e3 2.658e3 2.909e3 3.180e3 3.498e3 3.681e3 3.749e3 3.798e3 3.990e3 4.181e3 4.018e3 4.200e3 4.067e3 4.187e3 4.140e3 4.222e3 4.195e3 4.295e3 4.430e3 4.600e3 4.451e3 4.500e3 5.195e3 5.019e3 5.272e3 5.148e3 5.403e3 5.703e3 5.828e3 5.835e3 5.604e3 5.555e3 5.548e3 5.894e3 5.977e3 5.854e3 5.789e3 6.198e3 6.021e3 6.317e3 6.225e3 7.189e3 6.731e3 6.964e3 6.910e3 6.361e3 6.857e3 6.597e3 6.731e3 7.273e3 6.788e3 6.968e3 6.648e3 6.855e3 6.555e3 6.924e3 6.555e3 6.231e3 6.810e3 6.724e3 6.739e3 6.747e3 7.166e3 6.881e3 6.685e3 6.772e3 6.939e3 6.857e3 6.909e3 7.406e3 7.511e3 7.169e3 7.551e3 7.966e3 7.977e3 8.290e3 8.270e3 8.187e3 8.153e3 8.386e3 
   12.0e6  555.2   719.3   885.5   1.181e3 1.343e3 1.574e3 1.817e3 1.842e3 2.114e3 2.213e3 2.442e3 2.557e3 2.499e3 2.630e3 2.878e3 3.131e3 3.396e3 3.574e3 3.694e3 3.754e3 3.933e3 4.100e3 3.965e3 4.151e3 4.031e3 4.152e3 4.104e3 4.199e3 4.179e3 4.281e3 4.410e3 4.573e3 4.436e3 4.490e3 5.128e3 4.922e3 5.188e3 5.082e3 5.330e3 5.597e3 5.735e3 5.753e3 5.552e3 5.513e3 5.519e3 5.848e3 5.934e3 5.831e3 5.752e3 6.155e3 6.000e3 6.274e3 6.233e3 7.091e3 6.670e3 6.889e3 6.855e3 6.338e3 6.820e3 6.558e3 6.693e3 7.220e3 6.773e3 6.942e3 6.631e3 6.857e3 6.575e3 6.933e3 6.561e3 6.242e3 6.818e3 6.726e3 6.743e3 6.738e3 7.162e3 6.896e3 6.705e3 6.780e3 6.939e3 6.846e3 6.896e3 7.385e3 7.501e3 7.119e3 7.536e3 7.945e3 7.913e3 8.181e3 8.213e3 8.150e3 8.113e3 8.329e3 
   13.0e6  537.9   705.9   869.2   1.156e3 1.315e3 1.542e3 1.779e3 1.805e3 2.083e3 2.172e3 2.396e3 2.513e3 2.473e3 2.601e3 2.846e3 3.082e3 3.299e3 3.471e3 3.637e3 3.707e3 3.872e3 4.019e3 3.910e3 4.098e3 3.989e3 4.109e3 4.063e3 4.169e3 4.153e3 4.257e3 4.380e3 4.539e3 4.414e3 4.473e3 5.055e3 4.826e3 5.106e3 5.018e3 5.256e3 5.493e3 5.638e3 5.666e3 5.494e3 5.464e3 5.480e3 5.792e3 5.880e3 5.798e3 5.709e3 6.105e3 5.968e3 6.220e3 6.221e3 6.981e3 6.602e3 6.808e3 6.791e3 6.308e3 6.773e3 6.509e3 6.646e3 7.154e3 6.743e3 6.900e3 6.604e3 6.842e3 6.578e3 6.924e3 6.552e3 6.246e3 6.808e3 6.716e3 6.732e3 6.715e3 7.140e3 6.892e3 6.708e3 6.775e3 6.924e3 6.825e3 6.874e3 7.354e3 7.475e3 7.069e3 7.508e3 7.912e3 7.843e3 8.076e3 8.146e3 8.102e3 8.061e3 8.266e3 
   14.0e6  520.3   692.2   853.1   1.132e3 1.288e3 1.511e3 1.741e3 1.769e3 2.051e3 2.130e3 2.349e3 2.468e3 2.447e3 2.573e3 2.813e3 3.034e3 3.209e3 3.373e3 3.580e3 3.656e3 3.807e3 3.938e3 3.853e3 4.042e3 3.943e3 4.061e3 4.017e3 4.131e3 4.122e3 4.225e3 4.343e3 4.497e3 4.386e3 4.450e3 4.978e3 4.733e3 5.027e3 4.956e3 5.184e3 5.393e3 5.541e3 5.576e3 5.432e3 5.409e3 5.434e3 5.729e3 5.819e3 5.757e3 5.662e3 6.050e3 5.930e3 6.160e3 6.193e3 6.863e3 6.528e3 6.722e3 6.722e3 6.271e3 6.716e3 6.452e3 6.591e3 7.079e3 6.702e3 6.847e3 6.570e3 6.812e3 6.566e3 6.899e3 6.531e3 6.243e3 6.784e3 6.697e3 6.709e3 6.682e3 7.104e3 6.873e3 6.695e3 6.761e3 6.898e3 6.797e3 6.847e3 7.314e3 7.436e3 7.019e3 7.471e3 7.870e3 7.771e3 7.976e3 8.071e3 8.043e3 8.001e3 8.199e3 
   15.0e6  502.8   678.3   837.1   1.108e3 1.262e3 1.480e3 1.702e3 1.734e3 2.017e3 2.087e3 2.302e3 2.423e3 2.420e3 2.544e3 2.779e3 2.987e3 3.124e3 3.281e3 3.523e3 3.604e3 3.741e3 3.859e3 3.797e3 3.983e3 3.894e3 4.009e3 3.969e3 4.089e3 4.086e3 4.186e3 4.301e3 4.452e3 4.355e3 4.422e3 4.900e3 4.643e3 4.951e3 4.897e3 5.114e3 5.297e3 5.442e3 5.485e3 5.367e3 5.351e3 5.381e3 5.660e3 5.752e3 5.710e3 5.612e3 5.989e3 5.885e3 6.094e3 6.152e3 6.741e3 6.450e3 6.632e3 6.649e3 6.229e3 6.653e3 6.388e3 6.531e3 6.997e3 6.652e3 6.786e3 6.530e3 6.770e3 6.543e3 6.863e3 6.500e3 6.234e3 6.750e3 6.672e3 6.677e3 6.641e3 7.056e3 6.841e3 6.671e3 6.738e3 6.862e3 6.763e3 6.816e3 7.268e3 7.387e3 6.970e3 7.428e3 7.820e3 7.696e3 7.882e3 7.992e3 7.978e3 7.934e3 8.128e3 
   16.0e6  485.6   664.4   821.4   1.084e3 1.237e3 1.450e3 1.664e3 1.701e3 1.984e3 2.045e3 2.256e3 2.377e3 2.393e3 2.515e3 2.744e3 2.940e3 3.045e3 3.193e3 3.466e3 3.551e3 3.675e3 3.782e3 3.740e3 3.922e3 3.842e3 3.954e3 3.918e3 4.043e3 4.046e3 4.142e3 4.255e3 4.403e3 4.321e3 4.391e3 4.823e3 4.556e3 4.878e3 4.840e3 5.045e3 5.206e3 5.345e3 5.394e3 5.301e3 5.290e3 5.325e3 5.587e3 5.681e3 5.659e3 5.561e3 5.925e3 5.835e3 6.024e3 6.101e3 6.616e3 6.370e3 6.541e3 6.574e3 6.182e3 6.585e3 6.320e3 6.467e3 6.911e3 6.594e3 6.719e3 6.485e3 6.718e3 6.510e3 6.818e3 6.462e3 6.220e3 6.709e3 6.641e3 6.636e3 6.593e3 7.000e3 6.799e3 6.638e3 6.708e3 6.818e3 6.726e3 6.782e3 7.217e3 7.331e3 6.922e3 7.380e3 7.764e3 7.622e3 7.791e3 7.908e3 7.907e3 7.862e3 8.054e3 
   17.0e6  468.9   650.6   806.0   1.061e3 1.212e3 1.421e3 1.626e3 1.668e3 1.950e3 2.004e3 2.210e3 2.331e3 2.365e3 2.486e3 2.709e3 2.894e3 2.971e3 3.111e3 3.410e3 3.497e3 3.608e3 3.707e3 3.683e3 3.861e3 3.790e3 3.897e3 3.866e3 3.994e3 4.003e3 4.094e3 4.206e3 4.351e3 4.284e3 4.357e3 4.746e3 4.473e3 4.808e3 4.786e3 4.979e3 5.119e3 5.248e3 5.303e3 5.233e3 5.227e3 5.265e3 5.513e3 5.607e3 5.604e3 5.508e3 5.859e3 5.782e3 5.951e3 6.043e3 6.491e3 6.288e3 6.448e3 6.496e3 6.131e3 6.514e3 6.249e3 6.400e3 6.821e3 6.532e3 6.647e3 6.436e3 6.658e3 6.470e3 6.765e3 6.417e3 6.202e3 6.662e3 6.605e3 6.590e3 6.541e3 6.936e3 6.749e3 6.597e3 6.672e3 6.769e3 6.686e3 6.745e3 7.162e3 7.268e3 6.877e3 7.328e3 7.703e3 7.549e3 7.705e3 7.822e3 7.832e3 7.786e3 7.978e3 
   18.0e6  452.7   636.9   790.9   1.039e3 1.188e3 1.392e3 1.589e3 1.637e3 1.917e3 1.963e3 2.165e3 2.286e3 2.337e3 2.457e3 2.673e3 2.849e3 2.902e3 3.034e3 3.355e3 3.444e3 3.542e3 3.635e3 3.626e3 3.800e3 3.736e3 3.840e3 3.813e3 3.943e3 3.958e3 4.044e3 4.155e3 4.298e3 4.245e3 4.321e3 4.672e3 4.393e3 4.741e3 4.734e3 4.915e3 5.037e3 5.153e3 5.213e3 5.165e3 5.163e3 5.203e3 5.436e3 5.531e3 5.547e3 5.453e3 5.791e3 5.727e3 5.877e3 5.978e3 6.366e3 6.205e3 6.355e3 6.417e3 6.077e3 6.439e3 6.175e3 6.331e3 6.730e3 6.465e3 6.572e3 6.383e3 6.591e3 6.423e3 6.705e3 6.368e3 6.179e3 6.611e3 6.565e3 6.538e3 6.485e3 6.868e3 6.694e3 6.550e3 6.631e3 6.716e3 6.645e3 6.707e3 7.104e3 7.200e3 6.832e3 7.274e3 7.639e3 7.476e3 7.623e3 7.733e3 7.753e3 7.708e3 7.900e3 
   20.0e6  422.3   610.4   761.8   996.7   1.143e3 1.338e3 1.519e3 1.578e3 1.851e3 1.885e3 2.077e3 2.199e3 2.281e3 2.400e3 2.603e3 2.761e3 2.776e3 2.893e3 3.247e3 3.337e3 3.413e3 3.498e3 3.515e3 3.678e3 3.628e3 3.723e3 3.706e3 3.838e3 3.865e3 3.938e3 4.050e3 4.189e3 4.163e3 4.245e3 4.531e3 4.246e3 4.616e3 4.638e3 4.795e3 4.884e3 4.969e3 5.039e3 5.029e3 5.034e3 5.075e3 5.282e3 5.378e3 5.428e3 5.342e3 5.651e3 5.610e3 5.724e3 5.836e3 6.122e3 6.039e3 6.171e3 6.258e3 5.963e3 6.286e3 6.023e3 6.188e3 6.546e3 6.324e3 6.416e3 6.272e3 6.445e3 6.317e3 6.575e3 6.258e3 6.122e3 6.501e3 6.479e3 6.423e3 6.367e3 6.720e3 6.571e3 6.443e3 6.537e3 6.599e3 6.558e3 6.626e3 6.981e3 7.055e3 6.747e3 7.161e3 7.504e3 7.336e3 7.467e3 7.554e3 7.591e3 7.547e3 7.742e3 
   22.5e6  388.0   578.9   727.5   947.6   1.089e3 1.275e3 1.437e3 1.511e3 1.772e3 1.793e3 1.974e3 2.095e3 2.212e3 2.330e3 2.517e3 2.656e3 2.639e3 2.741e3 3.119e3 3.208e3 3.260e3 3.342e3 3.381e3 3.529e3 3.494e3 3.579e3 3.574e3 3.705e3 3.746e3 3.802e3 3.917e3 4.052e3 4.057e3 4.144e3 4.369e3 4.081e3 4.474e3 4.529e3 4.656e3 4.711e3 4.752e3 4.830e3 4.861e3 4.872e3 4.913e3 5.092e3 5.186e3 5.274e3 5.201e3 5.473e3 5.458e3 5.534e3 5.646e3 5.832e3 5.834e3 5.946e3 6.061e3 5.813e3 6.090e3 5.830e3 6.007e3 6.319e3 6.139e3 6.217e3 6.126e3 6.247e3 6.167e3 6.396e3 6.109e3 6.036e3 6.360e3 6.362e3 6.267e3 6.212e3 6.523e3 6.404e3 6.294e3 6.403e3 6.442e3 6.447e3 6.522e3 6.819e3 6.864e3 6.647e3 7.014e3 7.327e3 7.170e3 7.285e3 7.329e3 7.383e3 7.342e3 7.543e3 
   25.0e6  357.8   549.5   695.5   902.6   1.039e3 1.217e3 1.362e3 1.449e3 1.696e3 1.709e3 1.879e3 1.998e3 2.145e3 2.261e3 2.433e3 2.558e3 2.519e3 2.609e3 2.999e3 3.085e3 3.119e3 3.200e3 3.254e3 3.386e3 3.365e3 3.440e3 3.445e3 3.573e3 3.628e3 3.665e3 3.785e3 3.918e3 3.950e3 4.041e3 4.224e3 3.935e3 4.345e3 4.430e3 4.530e3 4.557e3 4.549e3 4.635e3 4.699e3 4.714e3 4.753e3 4.908e3 5.000e3 5.121e3 5.059e3 5.297e3 5.305e3 5.347e3 5.452e3 5.563e3 5.635e3 5.730e3 5.870e3 5.660e3 5.896e3 5.639e3 5.827e3 6.099e3 5.952e3 6.020e3 5.976e3 6.042e3 6.008e3 6.212e3 5.954e3 5.937e3 6.222e3 6.241e3 6.103e3 6.056e3 6.322e3 6.230e3 6.136e3 6.258e3 6.281e3 6.335e3 6.414e3 6.654e3 6.670e3 6.552e3 6.867e3 7.150e3 7.016e3 7.115e3 7.109e3 7.175e3 7.138e3 7.347e3 
   27.5e6  331.2   522.3   665.7   861.5   992.0   1.164e3 1.295e3 1.393e3 1.625e3 1.631e3 1.790e3 1.908e3 2.079e3 2.194e3 2.353e3 2.465e3 2.413e3 2.495e3 2.885e3 2.969e3 2.991e3 3.071e3 3.133e3 3.251e3 3.241e3 3.308e3 3.322e3 3.446e3 3.512e3 3.532e3 3.658e3 3.788e3 3.844e3 3.938e3 4.095e3 3.805e3 4.227e3 4.341e3 4.414e3 4.417e3 4.360e3 4.453e3 4.544e3 4.561e3 4.597e3 4.732e3 4.822e3 4.971e3 4.918e3 5.125e3 5.154e3 5.166e3 5.260e3 5.316e3 5.445e3 5.526e3 5.686e3 5.507e3 5.706e3 5.454e3 5.651e3 5.891e3 5.768e3 5.829e3 5.826e3 5.837e3 5.845e3 6.026e3 5.797e3 5.830e3 6.090e3 6.118e3 5.937e3 5.902e3 6.122e3 6.056e3 5.976e3 6.107e3 6.120e3 6.223e3 6.307e3 6.489e3 6.477e3 6.461e3 6.722e3 6.974e3 6.871e3 6.954e3 6.895e3 6.972e3 6.939e3 7.155e3 
   30.0e6  317.1   504.4   637.0   823.4   957.4   1.122e3 1.251e3 1.351e3 1.565e3 1.572e3 1.728e3 1.839e3 2.016e3 2.130e3 2.272e3 2.377e3 2.363e3 2.409e3 2.786e3 2.864e3 2.892e3 2.972e3 3.046e3 3.143e3 3.141e3 3.201e3 3.230e3 3.352e3 3.408e3 3.436e3 3.565e3 3.666e3 3.738e3 3.828e3 3.925e3 3.686e3 4.114e3 4.223e3 4.302e3 4.286e3 4.234e3 4.325e3 4.431e3 4.442e3 4.485e3 4.610e3 4.682e3 4.850e3 4.815e3 4.997e3 5.032e3 5.031e3 5.078e3 5.099e3 5.295e3 5.373e3 5.551e3 5.383e3 5.567e3 5.331e3 5.520e3 5.720e3 5.629e3 5.697e3 5.681e3 5.686e3 5.713e3 5.886e3 5.682e3 5.720e3 5.943e3 6.003e3 5.812e3 5.792e3 5.992e3 5.916e3 5.864e3 5.990e3 5.988e3 6.101e3 6.169e3 6.363e3 6.332e3 6.335e3 6.539e3 6.767e3 6.713e3 6.787e3 6.744e3 6.833e3 6.796e3 6.996e3 
   32.5e6  305.3   486.2   605.0   782.6   920.1   1.078e3 1.208e3 1.307e3 1.499e3 1.511e3 1.664e3 1.768e3 1.943e3 2.055e3 2.179e3 2.280e3 2.319e3 2.323e3 2.676e3 2.749e3 2.788e3 2.867e3 2.952e3 3.028e3 3.032e3 3.085e3 3.131e3 3.252e3 3.292e3 3.334e3 3.465e3 3.531e3 3.616e3 3.700e3 3.732e3 3.559e3 3.982e3 4.080e3 4.171e3 4.140e3 4.107e3 4.193e3 4.310e3 4.312e3 4.365e3 4.483e3 4.533e3 4.716e3 4.699e3 4.858e3 4.896e3 4.887e3 4.878e3 4.876e3 5.134e3 5.211e3 5.406e3 5.244e3 5.417e3 5.203e3 5.378e3 5.540e3 5.480e3 5.558e3 5.515e3 5.528e3 5.567e3 5.734e3 5.557e3 5.586e3 5.770e3 5.864e3 5.676e3 5.673e3 5.858e3 5.762e3 5.743e3 5.859e3 5.840e3 5.952e3 6.000e3 6.221e3 6.174e3 6.175e3 6.315e3 6.522e3 6.525e3 6.590e3 6.581e3 6.682e3 6.639e3 6.821e3 
   35.0e6  289.0   464.9   575.6   744.4   883.4   1.034e3 1.161e3 1.259e3 1.435e3 1.449e3 1.600e3 1.699e3 1.873e3 1.982e3 2.090e3 2.188e3 2.251e3 2.239e3 2.570e3 2.639e3 2.684e3 2.766e3 2.853e3 2.913e3 2.926e3 2.973e3 3.029e3 3.149e3 3.181e3 3.230e3 3.358e3 3.404e3 3.497e3 3.576e3 3.579e3 3.437e3 3.851e3 3.942e3 4.039e3 3.997e3 3.976e3 4.062e3 4.181e3 4.178e3 4.236e3 4.349e3 4.388e3 4.577e3 4.574e3 4.713e3 4.754e3 4.737e3 4.704e3 4.680e3 4.972e3 5.048e3 5.249e3 5.101e3 5.257e3 5.060e3 5.226e3 5.357e3 5.323e3 5.405e3 5.352e3 5.367e3 5.413e3 5.571e3 5.418e3 5.445e3 5.595e3 5.717e3 5.536e3 5.541e3 5.710e3 5.607e3 5.609e3 5.712e3 5.686e3 5.798e3 5.836e3 6.068e3 6.007e3 6.016e3 6.139e3 6.318e3 6.348e3 6.404e3 6.414e3 6.517e3 6.473e3 6.641e3 
   37.5e6  271.2   444.1   551.6   712.3   851.4   996.4   1.116e3 1.216e3 1.381e3 1.394e3 1.542e3 1.637e3 1.812e3 1.919e3 2.015e3 2.110e3 2.174e3 2.166e3 2.480e3 2.546e3 2.592e3 2.680e3 2.763e3 2.812e3 2.833e3 2.875e3 2.936e3 3.053e3 3.086e3 3.137e3 3.256e3 3.295e3 3.392e3 3.469e3 3.470e3 3.333e3 3.735e3 3.822e3 3.921e3 3.871e3 3.856e3 3.944e3 4.061e3 4.055e3 4.114e3 4.224e3 4.259e3 4.448e3 4.457e3 4.578e3 4.626e3 4.598e3 4.568e3 4.523e3 4.828e3 4.901e3 5.102e3 4.970e3 5.106e3 4.921e3 5.081e3 5.190e3 5.176e3 5.258e3 5.207e3 5.221e3 5.268e3 5.416e3 5.281e3 5.314e3 5.434e3 5.582e3 5.408e3 5.411e3 5.563e3 5.466e3 5.481e3 5.567e3 5.543e3 5.655e3 5.693e3 5.924e3 5.850e3 5.876e3 6.020e3 6.168e3 6.201e3 6.247e3 6.263e3 6.359e3 6.317e3 6.477e3 
   40.0e6  255.6   425.0   529.5   683.0   821.1   961.3   1.076e3 1.177e3 1.330e3 1.342e3 1.487e3 1.580e3 1.755e3 1.860e3 1.945e3 2.037e3 2.102e3 2.099e3 2.395e3 2.460e3 2.505e3 2.600e3 2.677e3 2.716e3 2.746e3 2.783e3 2.847e3 2.963e3 2.994e3 3.049e3 3.160e3 3.193e3 3.293e3 3.367e3 3.372e3 3.237e3 3.624e3 3.709e3 3.808e3 3.752e3 3.743e3 3.832e3 3.946e3 3.939e3 3.997e3 4.104e3 4.138e3 4.326e3 4.342e3 4.450e3 4.502e3 4.465e3 4.439e3 4.380e3 4.690e3 4.761e3 4.961e3 4.844e3 4.961e3 4.788e3 4.942e3 5.033e3 5.035e3 5.117e3 5.067e3 5.083e3 5.129e3 5.266e3 5.149e3 5.186e3 5.281e3 5.449e3 5.284e3 5.285e3 5.422e3 5.330e3 5.356e3 5.427e3 5.405e3 5.517e3 5.554e3 5.782e3 5.700e3 5.738e3 5.905e3 6.024e3 6.059e3 6.094e3 6.116e3 6.206e3 6.166e3 6.320e3 
   45.0e6  229.8   391.5   490.5   631.3   765.5   897.6   1.004e3 1.105e3 1.238e3 1.251e3 1.389e3 1.477e3 1.650e3 1.749e3 1.818e3 1.904e3 1.973e3 1.980e3 2.241e3 2.303e3 2.348e3 2.454e3 2.517e3 2.543e3 2.584e3 2.616e3 2.684e3 2.795e3 2.825e3 2.885e3 2.982e3 3.007e3 3.108e3 3.178e3 3.198e3 3.068e3 3.419e3 3.498e3 3.595e3 3.536e3 3.536e3 3.625e3 3.732e3 3.722e3 3.780e3 3.883e3 3.912e3 4.096e3 4.121e3 4.209e3 4.270e3 4.221e3 4.205e3 4.128e3 4.437e3 4.504e3 4.701e3 4.607e3 4.692e3 4.539e3 4.682e3 4.746e3 4.771e3 4.854e3 4.806e3 4.825e3 4.866e3 4.986e3 4.899e3 4.940e3 4.999e3 5.194e3 5.047e3 5.047e3 5.154e3 5.077e3 5.116e3 5.160e3 5.149e3 5.257e3 5.293e3 5.510e3 5.421e3 5.477e3 5.682e3 5.754e3 5.789e3 5.806e3 5.837e3 5.915e3 5.880e3 6.026e3 
   50.0e6  209.4   362.9   457.2   587.2   716.0   841.5   942.7   1.043e3 1.157e3 1.173e3 1.302e3 1.388e3 1.555e3 1.650e3 1.705e3 1.787e3 1.860e3 1.876e3 2.104e3 2.166e3 2.209e3 2.325e3 2.372e3 2.389e3 2.441e3 2.468e3 2.537e3 2.645e3 2.673e3 2.736e3 2.821e3 2.842e3 2.940e3 3.007e3 3.049e3 2.922e3 3.235e3 3.309e3 3.401e3 3.345e3 3.351e3 3.439e3 3.538e3 3.527e3 3.585e3 3.683e3 3.710e3 3.887e3 3.914e3 3.990e3 4.058e3 4.001e3 3.998e3 3.915e3 4.210e3 4.273e3 4.465e3 4.391e3 4.448e3 4.313e3 4.446e3 4.494e3 4.532e3 4.614e3 4.568e3 4.594e3 4.625e3 4.731e3 4.668e3 4.710e3 4.747e3 4.955e3 4.825e3 4.826e3 4.907e3 4.847e3 4.894e3 4.916e3 4.916e3 5.018e3 5.054e3 5.255e3 5.170e3 5.234e3 5.471e3 5.508e3 5.539e3 5.540e3 5.579e3 5.647e3 5.617e3 5.757e3 
   55.0e6  192.9   338.4   428.3   549.2   671.9   791.7   889.3   988.4   1.086e3 1.106e3 1.225e3 1.309e3 1.470e3 1.560e3 1.605e3 1.683e3 1.758e3 1.783e3 1.983e3 2.045e3 2.085e3 2.209e3 2.242e3 2.254e3 2.312e3 2.337e3 2.405e3 2.510e3 2.535e3 2.601e3 2.676e3 2.694e3 2.789e3 2.853e3 2.920e3 2.793e3 3.069e3 3.138e3 3.224e3 3.176e3 3.186e3 3.271e3 3.362e3 3.350e3 3.410e3 3.503e3 3.527e3 3.697e3 3.722e3 3.791e3 3.864e3 3.802e3 3.814e3 3.730e3 4.006e3 4.067e3 4.252e3 4.194e3 4.228e3 4.108e3 4.231e3 4.270e3 4.314e3 4.396e3 4.352e3 4.386e3 4.406e3 4.501e3 4.458e3 4.497e3 4.523e3 4.733e3 4.619e3 4.623e3 4.681e3 4.638e3 4.688e3 4.692e3 4.705e3 4.801e3 4.836e3 5.018e3 4.942e3 5.009e3 5.274e3 5.284e3 5.309e3 5.296e3 5.341e3 5.401e3 5.376e3 5.511e3 
   60.0e6  179.4   317.1   403.2   516.0   632.6   747.2   842.4   939.5   1.023e3 1.047e3 1.156e3 1.240e3 1.393e3 1.479e3 1.516e3 1.591e3 1.668e3 1.700e3 1.874e3 1.937e3 1.975e3 2.105e3 2.125e3 2.133e3 2.196e3 2.221e3 2.287e3 2.388e3 2.410e3 2.478e3 2.545e3 2.562e3 2.651e3 2.713e3 2.806e3 2.679e3 2.920e3 2.985e3 3.062e3 3.026e3 3.038e3 3.120e3 3.202e3 3.191e3 3.251e3 3.340e3 3.362e3 3.523e3 3.543e3 3.610e3 3.686e3 3.624e3 3.651e3 3.569e3 3.822e3 3.882e3 4.059e3 4.014e3 4.029e3 3.922e3 4.037e3 4.072e3 4.118e3 4.198e3 4.156e3 4.198e3 4.207e3 4.293e3 4.265e3 4.301e3 4.323e3 4.528e3 4.428e3 4.436e3 4.474e3 4.449e3 4.498e3 4.488e3 4.514e3 4.604e3 4.637e3 4.799e3 4.737e3 4.801e3 5.088e3 5.079e3 5.096e3 5.073e3 5.123e3 5.175e3 5.155e3 5.287e3 
   65.0e6  168.2   298.5   381.1   486.8   597.4   707.3   800.6   895.7   967.5   995.0   1.095e3 1.178e3 1.323e3 1.406e3 1.436e3 1.507e3 1.586e3 1.623e3 1.777e3 1.841e3 1.876e3 2.010e3 2.018e3 2.025e3 2.091e3 2.117e3 2.179e3 2.278e3 2.297e3 2.366e3 2.426e3 2.444e3 2.526e3 2.586e3 2.703e3 2.576e3 2.784e3 2.846e3 2.916e3 2.892e3 2.905e3 2.982e3 3.056e3 3.047e3 3.108e3 3.192e3 3.213e3 3.365e3 3.378e3 3.446e3 3.524e3 3.462e3 3.505e3 3.427e3 3.657e3 3.714e3 3.884e3 3.850e3 3.849e3 3.753e3 3.860e3 3.894e3 3.940e3 4.017e3 3.979e3 4.029e3 4.025e3 4.105e3 4.089e3 4.120e3 4.144e3 4.339e3 4.250e3 4.264e3 4.284e3 4.277e3 4.323e3 4.303e3 4.340e3 4.423e3 4.456e3 4.597e3 4.550e3 4.610e3 4.914e3 4.892e3 4.900e3 4.868e3 4.922e3 4.968e3 4.952e3 5.081e3 
   70.0e6  158.6   282.0   361.5   461.0   565.9   671.4   763.1   856.0   918.0   949.0   1.040e3 1.122e3 1.259e3 1.339e3 1.365e3 1.433e3 1.512e3 1.553e3 1.689e3 1.754e3 1.787e3 1.924e3 1.922e3 1.929e3 1.997e3 2.023e3 2.082e3 2.178e3 2.194e3 2.264e3 2.318e3 2.337e3 2.413e3 2.470e3 2.610e3 2.483e3 2.662e3 2.719e3 2.782e3 2.771e3 2.784e3 2.857e3 2.922e3 2.916e3 2.978e3 3.057e3 3.078e3 3.221e3 3.227e3 3.297e3 3.375e3 3.316e3 3.373e3 3.301e3 3.507e3 3.563e3 3.724e3 3.699e3 3.685e3 3.600e3 3.700e3 3.735e3 3.778e3 3.852e3 3.818e3 3.875e3 3.860e3 3.936e3 3.929e3 3.953e3 3.982e3 4.165e3 4.085e3 4.105e3 4.111e3 4.120e3 4.162e3 4.134e3 4.182e3 4.259e3 4.291e3 4.411e3 4.380e3 4.434e3 4.751e3 4.721e3 4.718e3 4.679e3 4.736e3 4.778e3 4.766e3 4.892e3 
   80.0e6  143.1   254.1   328.4   417.2   512.0   609.3   698.3   786.8   834.1   870.9   945.7   1.027e3 1.148e3 1.222e3 1.242e3 1.304e3 1.384e3 1.427e3 1.538e3 1.606e3 1.634e3 1.771e3 1.755e3 1.764e3 1.833e3 1.863e3 1.914e3 2.005e3 2.015e3 2.085e3 2.128e3 2.153e3 2.214e3 2.268e3 2.445e3 2.319e3 2.448e3 2.500e3 2.547e3 2.564e3 2.575e3 2.638e3 2.689e3 2.688e3 2.751e3 2.820e3 2.842e3 2.966e3 2.959e3 3.038e3 3.111e3 3.061e3 3.146e3 3.082e3 3.246e3 3.301e3 3.446e3 3.434e3 3.401e3 3.334e3 3.420e3 3.460e3 3.496e3 3.563e3 3.537e3 3.606e3 3.572e3 3.642e3 3.646e3 3.659e3 3.705e3 3.857e3 3.788e3 3.823e3 3.806e3 3.845e3 3.876e3 3.840e3 3.905e3 3.970e3 4.001e3 4.081e3 4.083e3 4.120e3 4.453e3 4.418e3 4.394e3 4.346e3 4.408e3 4.443e3 4.437e3 4.556e3 
   90.0e6  130.9   231.5   301.5   381.5   468.1   557.7   643.9   728.4   765.7   806.9   867.6   948.9   1.056e3 1.123e3 1.140e3 1.198e3 1.277e3 1.319e3 1.412e3 1.484e3 1.507e3 1.640e3 1.615e3 1.628e3 1.696e3 1.729e3 1.774e3 1.859e3 1.863e3 1.934e3 1.968e3 1.999e3 2.046e3 2.097e3 2.302e3 2.178e3 2.269e3 2.317e3 2.350e3 2.391e3 2.399e3 2.453e3 2.491e3 2.498e3 2.561e3 2.619e3 2.643e3 2.751e3 2.733e3 2.820e3 2.887e3 2.848e3 2.956e3 2.899e3 3.027e3 3.081e3 3.210e3 3.208e3 3.163e3 3.111e3 3.185e3 3.232e3 3.260e3 3.318e3 3.302e3 3.379e3 3.330e3 3.397e3 3.408e3 3.409e3 3.473e3 3.595e3 3.531e3 3.581e3 3.548e3 3.612e3 3.630e3 3.593e3 3.669e3 3.725e3 3.755e3 3.801e3 3.831e3 3.852e3 4.188e3 4.158e3 4.114e3 4.062e3 4.126e3 4.156e3 4.156e3 4.267e3 
   100.e6  121.0   212.6   279.1   352.0   431.8   514.3   597.5   678.1   709.1   753.2   802.1   882.8   976.6   1.040e3 1.055e3 1.108e3 1.186e3 1.224e3 1.306e3 1.380e3 1.401e3 1.527e3 1.498e3 1.514e3 1.581e3 1.617e3 1.654e3 1.735e3 1.735e3 1.804e3 1.831e3 1.869e3 1.903e3 1.952e3 2.174e3 2.055e3 2.118e3 2.162e3 2.183e3 2.244e3 2.250e3 2.295e3 2.322e3 2.336e3 2.399e3 2.446e3 2.475e3 2.566e3 2.542e3 2.636e3 2.694e3 2.667e3 2.793e3 2.742e3 2.841e3 2.894e3 3.009e3 3.012e3 2.963e3 2.922e3 2.986e3 3.039e3 3.060e3 3.108e3 3.103e3 3.185e3 3.125e3 3.190e3 3.203e3 3.195e3 3.277e3 3.370e3 3.306e3 3.371e3 3.328e3 3.411e3 3.418e3 3.382e3 3.467e3 3.515e3 3.544e3 3.562e3 3.616e3 3.621e3 3.952e3 3.930e3 3.870e3 3.818e3 3.883e3 3.910e3 3.914e3 4.016e3 
   110.e6  112.6   196.6   260.2   327.0   401.3   477.5   557.1   634.4   661.3   707.3   746.4   826.4   909.1   968.5   981.9   1.032e3 1.109e3 1.142e3 1.216e3 1.292e3 1.310e3 1.428e3 1.398e3 1.418e3 1.481e3 1.521e3 1.552e3 1.628e3 1.625e3 1.691e3 1.712e3 1.758e3 1.780e3 1.827e3 2.058e3 1.946e3 1.988e3 2.030e3 2.040e3 2.118e3 2.121e3 2.159e3 2.176e3 2.198e3 2.260e3 2.296e3 2.330e3 2.406e3 2.380e3 2.479e3 2.528e3 2.513e3 2.651e3 2.603e3 2.681e3 2.733e3 2.834e3 2.843e3 2.791e3 2.760e3 2.815e3 2.873e3 2.888e3 2.927e3 2.931e3 3.016e3 2.949e3 3.013e3 3.027e3 3.011e3 3.107e3 3.177e3 3.109e3 3.187e3 3.139e3 3.237e3 3.234e3 3.202e3 3.290e3 3.333e3 3.360e3 3.356e3 3.429e3 3.421e3 3.740e3 3.730e3 3.656e3 3.606e3 3.671e3 3.696e3 3.703e3 3.797e3 
   120.e6  105.3   182.8   243.9   305.7   375.6   445.9   521.8   595.9   620.3   667.4   698.6   777.4   850.7   906.6   919.4   967.0   1.043e3 1.070e3 1.138e3 1.216e3 1.232e3 1.341e3 1.313e3 1.336e3 1.395e3 1.437e3 1.464e3 1.535e3 1.529e3 1.593e3 1.609e3 1.661e3 1.674e3 1.718e3 1.953e3 1.849e3 1.876e3 1.915e3 1.916e3 2.007e3 2.009e3 2.040e3 2.049e3 2.078e3 2.139e3 2.165e3 2.204e3 2.267e3 2.241e3 2.343e3 2.382e3 2.379e3 2.524e3 2.479e3 2.541e3 2.592e3 2.682e3 2.693e3 2.642e3 2.620e3 2.667e3 2.728e3 2.738e3 2.770e3 2.782e3 2.868e3 2.797e3 2.860e3 2.873e3 2.852e3 2.958e3 3.008e3 2.936e3 3.025e3 2.976e3 3.082e3 3.071e3 3.044e3 3.133e3 3.172e3 3.198e3 3.178e3 3.264e3 3.246e3 3.548e3 3.551e3 3.467e3 3.421e3 3.485e3 3.508e3 3.517e3 3.603e3 
   130.e6  98.76   170.8   229.7   287.3   353.4   418.6   490.5   561.7   584.7   632.3   657.0   734.5   799.7   852.6   865.2   910.1   985.9   1.007e3 1.071e3 1.150e3 1.164e3 1.264e3 1.239e3 1.265e3 1.320e3 1.363e3 1.387e3 1.453e3 1.445e3 1.507e3 1.518e3 1.576e3 1.581e3 1.623e3 1.856e3 1.761e3 1.778e3 1.815e3 1.809e3 1.908e3 1.910e3 1.935e3 1.937e3 1.974e3 2.032e3 2.049e3 2.093e3 2.145e3 2.122e3 2.224e3 2.254e3 2.261e3 2.411e3 2.367e3 2.418e3 2.468e3 2.548e3 2.560e3 2.513e3 2.497e3 2.537e3 2.600e3 2.607e3 2.632e3 2.651e3 2.735e3 2.664e3 2.726e3 2.736e3 2.713e3 2.826e3 2.860e3 2.782e3 2.881e3 2.832e3 2.944e3 2.928e3 2.906e3 2.993e3 3.029e3 3.054e3 3.023e3 3.117e3 3.091e3 3.375e3 3.389e3 3.299e3 3.258e3 3.320e3 3.342e3 3.351e3 3.430e3 
   140.e6  92.92   160.2   217.2   271.3   334.2   394.8   462.6   531.1   553.3   600.9   620.6   696.5   755.0   805.1   817.6   860.2   935.7   951.5   1.012e3 1.091e3 1.104e3 1.195e3 1.174e3 1.202e3 1.254e3 1.298e3 1.318e3 1.380e3 1.372e3 1.430e3 1.438e3 1.501e3 1.498e3 1.539e3 1.766e3 1.682e3 1.691e3 1.727e3 1.714e3 1.820e3 1.821e3 1.842e3 1.839e3 1.882e3 1.937e3 1.945e3 1.994e3 2.037e3 2.019e3 2.120e3 2.141e3 2.158e3 2.307e3 2.265e3 2.308e3 2.357e3 2.428e3 2.442e3 2.398e3 2.387e3 2.423e3 2.486e3 2.491e3 2.510e3 2.534e3 2.616e3 2.546e3 2.606e3 2.615e3 2.590e3 2.706e3 2.730e3 2.646e3 2.752e3 2.706e3 2.820e3 2.799e3 2.782e3 2.867e3 2.900e3 2.925e3 2.888e3 2.986e3 2.954e3 3.217e3 3.242e3 3.148e3 3.114e3 3.172e3 3.194e3 3.203e3 3.276e3 
   150.e6  87.61   150.8   206.1   257.1   317.3   373.8   437.5   503.4   525.3   572.5   588.4   662.6   715.4   763.0   775.5   816.1   891.5   902.9   959.8   1.038e3 1.051e3 1.133e3 1.117e3 1.147e3 1.195e3 1.239e3 1.257e3 1.315e3 1.307e3 1.362e3 1.367e3 1.434e3 1.425e3 1.464e3 1.683e3 1.609e3 1.614e3 1.649e3 1.631e3 1.740e3 1.742e3 1.760e3 1.751e3 1.799e3 1.852e3 1.852e3 1.907e3 1.941e3 1.929e3 2.027e3 2.040e3 2.065e3 2.212e3 2.171e3 2.210e3 2.256e3 2.321e3 2.335e3 2.296e3 2.290e3 2.320e3 2.383e3 2.387e3 2.402e3 2.429e3 2.509e3 2.441e3 2.499e3 2.507e3 2.481e3 2.597e3 2.613e3 2.524e3 2.636e3 2.594e3 2.708e3 2.684e3 2.672e3 2.752e3 2.784e3 2.808e3 2.768e3 2.867e3 2.832e3 3.072e3 3.107e3 3.012e3 2.984e3 3.039e3 3.061e3 3.070e3 3.137e3 
   160.e6  82.74   142.3   196.1   244.6   302.3   355.3   415.0   478.4   500.2   546.8   559.8   632.0   680.0   725.5   738.0   776.8   852.1   860.2   913.4   991.2   1.003e3 1.077e3 1.066e3 1.098e3 1.142e3 1.186e3 1.202e3 1.255e3 1.248e3 1.300e3 1.302e3 1.374e3 1.360e3 1.398e3 1.606e3 1.543e3 1.546e3 1.579e3 1.558e3 1.668e3 1.670e3 1.685e3 1.673e3 1.726e3 1.776e3 1.769e3 1.828e3 1.855e3 1.850e3 1.943e3 1.950e3 1.982e3 2.123e3 2.084e3 2.121e3 2.165e3 2.224e3 2.238e3 2.205e3 2.202e3 2.228e3 2.289e3 2.293e3 2.305e3 2.335e3 2.410e3 2.347e3 2.403e3 2.408e3 2.384e3 2.498e3 2.509e3 2.415e3 2.531e3 2.494e3 2.604e3 2.580e3 2.571e3 2.647e3 2.678e3 2.701e3 2.661e3 2.758e3 2.722e3 2.940e3 2.982e3 2.889e3 2.867e3 2.919e3 2.941e3 2.948e3 3.011e3 
   170.e6  78.26   134.7   187.0   233.4   288.9   338.8   394.5   455.6   477.3   523.2   534.1   604.2   648.4   691.9   704.4   741.6   816.9   822.7   871.9   948.5   960.6   1.027e3 1.021e3 1.053e3 1.094e3 1.137e3 1.153e3 1.202e3 1.196e3 1.245e3 1.245e3 1.319e3 1.301e3 1.338e3 1.534e3 1.482e3 1.483e3 1.516e3 1.492e3 1.601e3 1.604e3 1.618e3 1.603e3 1.659e3 1.706e3 1.693e3 1.756e3 1.777e3 1.779e3 1.868e3 1.868e3 1.907e3 2.041e3 2.003e3 2.039e3 2.082e3 2.136e3 2.149e3 2.122e3 2.122e3 2.145e3 2.203e3 2.208e3 2.217e3 2.249e3 2.320e3 2.261e3 2.314e3 2.319e3 2.297e3 2.405e3 2.415e3 2.316e3 2.435e3 2.404e3 2.509e3 2.485e3 2.479e3 2.551e3 2.581e3 2.603e3 2.565e3 2.658e3 2.622e3 2.818e3 2.867e3 2.777e3 2.762e3 2.810e3 2.832e3 2.838e3 2.896e3 
   180.e6  74.12   127.8   178.7   223.3   276.7   324.1   376.0   434.7   456.5   501.4   510.9   578.9   619.9   661.6   674.1   709.8   785.0   789.5   834.5   909.6   921.8   981.5   980.1   1.013e3 1.050e3 1.093e3 1.108e3 1.153e3 1.148e3 1.194e3 1.192e3 1.269e3 1.248e3 1.284e3 1.467e3 1.426e3 1.427e3 1.458e3 1.432e3 1.539e3 1.544e3 1.557e3 1.539e3 1.599e3 1.642e3 1.624e3 1.691e3 1.707e3 1.717e3 1.800e3 1.795e3 1.838e3 1.964e3 1.928e3 1.964e3 2.006e3 2.056e3 2.068e3 2.047e3 2.048e3 2.069e3 2.124e3 2.130e3 2.138e3 2.170e3 2.236e3 2.184e3 2.233e3 2.237e3 2.218e3 2.319e3 2.329e3 2.227e3 2.348e3 2.323e3 2.421e3 2.398e3 2.395e3 2.461e3 2.491e3 2.513e3 2.479e3 2.566e3 2.532e3 2.706e3 2.759e3 2.674e3 2.665e3 2.710e3 2.732e3 2.736e3 2.790e3 
   200.e6  66.74   115.8   164.2   205.8   255.5   298.7   343.6   397.9   419.5   462.6   470.8   534.3   570.4   609.1   621.6   654.7   729.4   734.0   770.0   841.1   854.1   902.3   909.7   943.2   974.1   1.014e3 1.028e3 1.066e3 1.066e3 1.106e3 1.102e3 1.181e3 1.157e3 1.190e3 1.347e3 1.326e3 1.328e3 1.358e3 1.330e3 1.428e3 1.437e3 1.449e3 1.428e3 1.493e3 1.529e3 1.504e3 1.576e3 1.585e3 1.609e3 1.679e3 1.667e3 1.718e3 1.823e3 1.791e3 1.832e3 1.869e3 1.913e3 1.924e3 1.914e3 1.918e3 1.935e3 1.983e3 1.992e3 1.999e3 2.029e3 2.086e3 2.046e3 2.088e3 2.091e3 2.081e3 2.164e3 2.178e3 2.073e3 2.193e3 2.180e3 2.262e3 2.243e3 2.244e3 2.300e3 2.329e3 2.350e3 2.329e3 2.400e3 2.373e3 2.506e3 2.564e3 2.494e3 2.496e3 2.533e3 2.555e3 2.555e3 2.605e3 
   225.e6  58.96   103.4   148.9   188.0   233.2   273.0   310.4   359.5   380.4   421.1   429.7   487.4   519.8   555.2   567.8   598.2   671.4   680.2   704.2   769.3   783.6   821.1   837.3   869.8   894.5   929.6   944.4   974.8   980.6   1.015e3 1.009e3 1.089e3 1.062e3 1.093e3 1.217e3 1.219e3 1.225e3 1.254e3 1.225e3 1.310e3 1.323e3 1.337e3 1.314e3 1.381e3 1.409e3 1.379e3 1.455e3 1.459e3 1.498e3 1.552e3 1.535e3 1.590e3 1.669e3 1.644e3 1.690e3 1.724e3 1.763e3 1.772e3 1.774e3 1.779e3 1.794e3 1.831e3 1.844e3 1.854e3 1.878e3 1.924e3 1.900e3 1.933e3 1.936e3 1.937e3 1.996e3 2.019e3 1.916e3 2.030e3 2.030e3 2.091e3 2.080e3 2.081e3 2.127e3 2.155e3 2.175e3 2.173e3 2.221e3 2.206e3 2.294e3 2.353e3 2.304e3 2.317e3 2.346e3 2.367e3 2.363e3 2.409e3 
   250.e6  52.53   93.34   136.1   173.3   214.4   252.0   283.5   327.6   347.5   385.7   396.1   448.1   478.2   511.0   523.8   552.0   622.5   638.0   650.7   709.0   724.7   754.9   777.4   807.9   827.8   858.3   874.0   898.3   910.0   938.5   933.1   1.010e3 985.0   1.014e3 1.109e3 1.130e3 1.138e3 1.166e3 1.140e3 1.209e3 1.227e3 1.243e3 1.220e3 1.287e3 1.308e3 1.276e3 1.353e3 1.355e3 1.404e3 1.444e3 1.426e3 1.482e3 1.534e3 1.519e3 1.570e3 1.599e3 1.637e3 1.643e3 1.655e3 1.660e3 1.673e3 1.701e3 1.718e3 1.733e3 1.749e3 1.786e3 1.775e3 1.799e3 1.803e3 1.816e3 1.850e3 1.885e3 1.788e3 1.893e3 1.904e3 1.943e3 1.941e3 1.941e3 1.979e3 2.006e3 2.024e3 2.041e3 2.067e3 2.066e3 2.117e3 2.172e3 2.145e3 2.166e3 2.188e3 2.208e3 2.200e3 2.245e3 
   275.e6  47.26   85.10   125.3   161.0   198.2   234.4   261.5   301.1   319.6   355.5   368.2   414.8   443.4   473.9   487.2   513.5   580.1   603.2   606.3   657.8   674.5   700.0   726.3   754.4   770.9   797.0   813.5   833.2   850.0   874.2   870.4   942.7   920.6   948.0   1.019e3 1.053e3 1.063e3 1.090e3 1.068e3 1.122e3 1.144e3 1.162e3 1.142e3 1.206e3 1.220e3 1.190e3 1.265e3 1.269e3 1.323e3 1.351e3 1.335e3 1.389e3 1.418e3 1.412e3 1.466e3 1.491e3 1.528e3 1.533e3 1.551e3 1.555e3 1.569e3 1.589e3 1.608e3 1.629e3 1.636e3 1.665e3 1.666e3 1.682e3 1.688e3 1.711e3 1.723e3 1.768e3 1.682e3 1.774e3 1.794e3 1.815e3 1.821e3 1.818e3 1.851e3 1.875e3 1.893e3 1.927e3 1.933e3 1.944e3 1.968e3 2.016e3 2.009e3 2.035e3 2.052e3 2.071e3 2.060e3 2.104e3 
   300.e6  43.02   78.36   116.1   150.4   184.1   219.3   243.3   278.8   296.2   329.7   344.8   386.2   413.8   442.4   456.4   481.2   542.8   572.6   568.9   613.7   631.1   653.7   681.7   707.2   721.6   743.9   761.1   777.4   798.2   819.1   818.1   883.7   866.2   892.1   943.7   986.1   998.3   1.024e3 1.007e3 1.047e3 1.071e3 1.092e3 1.076e3 1.134e3 1.144e3 1.118e3 1.188e3 1.195e3 1.250e3 1.269e3 1.258e3 1.307e3 1.318e3 1.321e3 1.375e3 1.397e3 1.434e3 1.438e3 1.460e3 1.463e3 1.477e3 1.491e3 1.512e3 1.537e3 1.537e3 1.561e3 1.570e3 1.579e3 1.587e3 1.617e3 1.613e3 1.665e3 1.592e3 1.671e3 1.696e3 1.703e3 1.715e3 1.709e3 1.739e3 1.761e3 1.778e3 1.824e3 1.816e3 1.837e3 1.842e3 1.882e3 1.892e3 1.920e3 1.932e3 1.951e3 1.939e3 1.982e3 
   325.e6  39.66   72.85   108.2   141.1   171.8   205.9   228.3   260.1   276.6   307.6   324.9   361.6   388.3   415.2   430.3   453.7   509.5   543.7   537.0   575.5   593.0   614.0   642.1   664.9   678.3   697.6   715.2   729.4   752.7   771.2   774.0   831.7   819.7   844.3   881.9   927.8   940.9   965.9   954.2   982.1   1.008e3 1.030e3 1.019e3 1.070e3 1.078e3 1.057e3 1.120e3 1.133e3 1.182e3 1.196e3 1.190e3 1.234e3 1.233e3 1.245e3 1.296e3 1.315e3 1.351e3 1.355e3 1.378e3 1.380e3 1.395e3 1.405e3 1.426e3 1.454e3 1.449e3 1.470e3 1.484e3 1.488e3 1.498e3 1.532e3 1.518e3 1.574e3 1.514e3 1.580e3 1.607e3 1.605e3 1.621e3 1.614e3 1.641e3 1.661e3 1.677e3 1.731e3 1.713e3 1.741e3 1.735e3 1.768e3 1.789e3 1.818e3 1.827e3 1.845e3 1.833e3 1.875e3 
   350.e6  37.08   68.40   101.6   132.8   161.0   194.0   215.7   244.4   260.6   288.9   308.0   340.4   366.0   391.4   408.1   430.4   479.7   514.9   509.7   542.4   559.4   579.4   606.1   626.6   640.1   657.4   674.9   688.0   712.2   729.1   736.6   785.4   779.7   803.1   831.6   876.1   889.7   913.5   907.8   926.5   952.3   975.4   970.0   1.013e3 1.019e3 1.005e3 1.060e3 1.078e3 1.119e3 1.131e3 1.132e3 1.168e3 1.162e3 1.181e3 1.225e3 1.243e3 1.279e3 1.282e3 1.305e3 1.307e3 1.321e3 1.330e3 1.350e3 1.379e3 1.372e3 1.391e3 1.406e3 1.409e3 1.419e3 1.454e3 1.437e3 1.492e3 1.446e3 1.498e3 1.525e3 1.520e3 1.537e3 1.529e3 1.556e3 1.574e3 1.589e3 1.643e3 1.623e3 1.654e3 1.645e3 1.672e3 1.698e3 1.726e3 1.733e3 1.750e3 1.739e3 1.780e3 
   375.e6  35.21   64.86   95.97   125.4   151.7   183.0   205.3   231.4   248.0   273.3   293.6   322.2   346.4   370.5   389.1   410.5   452.9   484.8   486.0   513.6   529.6   548.6   573.1   591.5   606.1   622.5   639.4   652.5   675.8   692.0   704.8   744.0   744.9   767.4   791.5   829.9   843.6   866.1   866.5   879.2   903.5   925.8   927.5   960.7   966.8   961.5   1.005e3 1.031e3 1.059e3 1.073e3 1.080e3 1.109e3 1.104e3 1.129e3 1.164e3 1.181e3 1.214e3 1.218e3 1.239e3 1.240e3 1.255e3 1.264e3 1.282e3 1.309e3 1.303e3 1.322e3 1.335e3 1.339e3 1.349e3 1.381e3 1.369e3 1.417e3 1.385e3 1.425e3 1.449e3 1.446e3 1.462e3 1.454e3 1.481e3 1.498e3 1.512e3 1.561e3 1.545e3 1.573e3 1.569e3 1.593e3 1.617e3 1.642e3 1.649e3 1.664e3 1.658e3 1.695e3 
   400.e6  33.95   62.12   91.29   118.6   143.9   172.9   196.6   220.6   238.6   260.5   281.4   306.5   329.0   352.0   373.1   393.6   428.9   452.4   465.4   488.6   503.0   520.9   542.4   559.1   575.6   592.2   608.1   622.1   642.6   658.8   677.7   706.8   714.6   736.2   760.2   788.2   801.9   823.0   829.6   839.3   860.5   880.7   890.4   913.3   920.7   924.2   955.9   989.9   1.002e3 1.022e3 1.034e3 1.055e3 1.059e3 1.088e3 1.110e3 1.127e3 1.158e3 1.162e3 1.179e3 1.181e3 1.195e3 1.207e3 1.222e3 1.244e3 1.243e3 1.264e3 1.271e3 1.278e3 1.287e3 1.312e3 1.312e3 1.349e3 1.330e3 1.358e3 1.376e3 1.383e3 1.395e3 1.389e3 1.417e3 1.432e3 1.445e3 1.483e3 1.477e3 1.499e3 1.505e3 1.529e3 1.544e3 1.565e3 1.573e3 1.588e3 1.586e3 1.618e3 
   450.e6  31.46   57.06   83.30   107.2   130.9   156.1   180.3   201.8   220.6   238.6   258.4   279.8   299.6   320.6   342.7   361.7   389.6   401.8   426.9   446.1   458.2   474.1   491.9   506.8   524.5   541.4   555.5   570.1   586.2   602.1   625.1   644.7   657.6   677.5   702.9   718.6   731.8   750.6   761.7   771.0   787.9   804.5   820.3   834.0   843.0   853.5   873.5   912.1   910.6   934.7   950.7   964.3   980.6   1.009e3 1.018e3 1.034e3 1.061e3 1.067e3 1.078e3 1.082e3 1.093e3 1.109e3 1.120e3 1.135e3 1.140e3 1.163e3 1.164e3 1.175e3 1.182e3 1.198e3 1.212e3 1.236e3 1.226e3 1.245e3 1.256e3 1.274e3 1.280e3 1.279e3 1.305e3 1.319e3 1.332e3 1.354e3 1.361e3 1.373e3 1.392e3 1.417e3 1.419e3 1.435e3 1.445e3 1.458e3 1.461e3 1.487e3 
   500.e6  28.79   52.28   76.39   98.35   120.1   143.3   165.4   185.3   202.7   219.2   237.5   257.3   275.5   294.9   315.2   332.7   358.3   369.7   392.8   410.5   421.8   436.7   453.0   466.9   483.3   498.9   512.0   525.6   540.6   555.4   576.5   594.6   606.6   625.0   648.3   663.0   675.3   692.6   703.0   711.9   727.5   743.0   757.6   770.3   778.9   788.8   807.2   842.6   841.6   863.7   878.6   891.3   906.4   932.4   940.6   956.3   980.8   986.0   996.7   1.000e3 1.011e3 1.026e3 1.036e3 1.050e3 1.056e3 1.076e3 1.078e3 1.088e3 1.094e3 1.110e3 1.122e3 1.144e3 1.135e3 1.154e3 1.164e3 1.181e3 1.186e3 1.186e3 1.210e3 1.223e3 1.234e3 1.255e3 1.262e3 1.273e3 1.290e3 1.313e3 1.316e3 1.331e3 1.340e3 1.352e3 1.355e3 1.379e3 
   550.e6  26.58   48.32   70.65   90.97   111.1   132.6   153.1   171.5   187.7   203.1   220.1   238.5   255.4   273.4   292.3   308.6   332.3   343.0   364.3   380.9   391.5   405.4   420.6   433.5   448.8   463.3   475.6   488.4   502.4   516.2   535.8   552.6   564.0   581.1   602.7   616.4   628.0   644.1   653.9   662.3   676.8   691.3   704.9   716.9   725.0   734.4   751.5   784.2   783.6   804.1   818.1   830.0   844.2   868.3   876.0   890.6   913.3   918.3   928.4   932.1   942.5   955.8   965.9   978.8   984.0   1.003e3 1.005e3 1.014e3 1.021e3 1.035e3 1.047e3 1.067e3 1.059e3 1.076e3 1.086e3 1.102e3 1.107e3 1.107e3 1.129e3 1.141e3 1.152e3 1.172e3 1.178e3 1.188e3 1.205e3 1.226e3 1.229e3 1.243e3 1.251e3 1.263e3 1.266e3 1.288e3 
   600.e6  24.72   44.98   65.80   84.75   103.5   123.5   142.7   159.9   175.1   189.5   205.4   222.5   238.4   255.2   272.8   288.1   310.2   320.3   340.2   355.7   365.7   378.8   393.0   405.2   419.5   433.2   444.7   456.7   470.0   482.9   501.2   517.0   527.7   543.7   563.8   576.7   587.7   602.8   612.0   620.1   633.7   647.3   660.1   671.5   679.1   688.0   704.0   734.4   734.2   753.4   766.5   777.7   791.0   813.6   820.9   834.6   855.8   860.6   870.2   873.8   883.7   896.2   905.8   917.9   922.9   940.8   942.7   951.5   957.7   971.2   982.6   1.002e3 994.1   1.010e3 1.020e3 1.034e3 1.039e3 1.040e3 1.061e3 1.072e3 1.082e3 1.100e3 1.106e3 1.116e3 1.131e3 1.151e3 1.154e3 1.167e3 1.175e3 1.186e3 1.189e3 1.210e3 
   650.e6  23.13   42.12   61.66   79.41   97.05   115.8   133.8   149.9   164.2   177.8   192.7   208.9   223.8   239.6   256.2   270.5   291.2   300.8   319.5   334.1   343.5   356.0   369.3   380.8   394.3   407.2   418.1   429.5   442.0   454.2   471.4   486.3   496.4   511.4   530.4   542.6   553.0   567.2   576.0   583.7   596.5   609.4   621.4   632.2   639.5   648.0   663.1   691.5   691.6   709.5   721.9   732.6   745.2   766.4   773.3   786.3   806.1   810.8   819.9   823.5   832.9   844.7   853.8   865.2   870.1   886.9   888.9   897.3   903.2   916.0   926.8   944.6   937.8   953.4   962.0   975.7   980.7   981.2   1.001e3 1.012e3 1.021e3 1.039e3 1.044e3 1.053e3 1.068e3 1.087e3 1.089e3 1.102e3 1.109e3 1.120e3 1.123e3 1.143e3 
   700.e6  21.75   39.65   58.07   74.79   91.42   109.1   126.1   141.3   154.8   167.7   181.8   197.0   211.1   226.1   241.7   255.2   274.8   283.8   301.5   315.3   324.3   336.1   348.7   359.6   372.4   384.6   394.9   405.8   417.7   429.3   445.5   459.5   469.2   483.4   501.3   512.8   522.7   536.2   544.5   552.0   564.1   576.3   587.7   598.0   605.0   613.1   627.3   654.0   654.3   671.2   683.0   693.2   705.1   725.2   731.8   744.0   762.7   767.3   776.0   779.5   788.5   799.7   808.4   819.2   824.0   839.8   841.8   849.8   855.6   867.8   878.0   894.8   888.5   903.4   911.6   924.6   929.4   930.1   948.8   958.8   968.2   984.4   989.6   998.4   1.012e3 1.030e3 1.033e3 1.044e3 1.052e3 1.062e3 1.065e3 1.084e3 
   800.e6  19.49   35.58   52.16   67.18   82.15   98.04   113.3   127.1   139.2   150.9   163.7   177.4   190.1   203.6   217.7   230.0   247.5   255.8   271.7   284.2   292.4   303.3   314.5   324.4   336.1   347.2   356.6   366.5   377.3   387.8   402.5   415.2   424.0   436.8   452.9   463.5   472.5   484.7   492.4   499.2   510.2   521.4   531.6   541.0   547.5   555.0   567.9   591.8   592.4   607.6   618.4   627.6   638.5   656.7   662.7   673.8   690.6   694.9   702.9   706.3   714.5   724.7   732.7   742.5   747.1   761.3   763.4   770.8   776.2   787.3   796.7   811.8   806.4   820.0   827.5   839.3   843.8   844.8   861.7   870.8   879.3   894.0   898.8   906.9   919.4   935.6   938.2   948.8   955.7   964.6   967.9   984.9   
   900.e6  17.71   32.36   47.48   61.16   74.81   89.29   103.2   115.8   126.9   137.7   149.3   161.8   173.5   185.9   198.7   209.9   225.9   233.6   248.1   259.6   267.1   277.1   287.4   296.5   307.2   317.4   326.0   335.2   345.1   354.8   368.2   379.9   388.0   399.7   414.4   424.1   432.5   443.7   450.7   457.2   467.2   477.5   486.9   495.6   501.6   508.5   520.4   542.1   542.9   556.8   566.7   575.3   585.3   601.9   607.4   617.7   633.0   637.0   644.5   647.8   655.4   664.8   672.2   681.2   685.5   698.5   700.6   707.5   712.6   722.8   731.5   745.3   740.6   753.2   760.0   770.8   775.1   776.4   791.7   800.1   808.0   821.5   826.0   833.5   844.9   859.8   862.3   872.1   878.5   886.7   889.9   905.5   
   1.00e9  16.27   29.76   43.70   56.28   68.86   82.19   95.03   106.6   116.9   126.9   137.6   149.2   160.0   171.4   183.2   193.6   208.4   215.5   228.8   239.5   246.5   255.8   265.3   273.7   283.6   293.1   301.1   309.6   318.9   327.9   340.2   351.0   358.6   369.3   383.0   392.0   399.8   410.1   416.7   422.8   432.1   441.6   450.3   458.4   464.1   470.5   481.5   501.5   502.4   515.2   524.4   532.4   541.7   557.0   562.2   571.7   585.8   589.6   596.6   599.8   606.9   615.6   622.6   630.8   635.0   647.0   649.1   655.5   660.3   669.9   678.0   690.7   686.6   698.3   704.6   714.6   718.7   720.1   734.3   742.0   749.4   761.9   766.1   773.1   783.7   797.5   800.0   809.0   815.0   822.7   825.7   840.2   
   1.10e9  15.08   27.61   40.56   52.24   63.93   76.31   88.24   99.04   108.7   117.9   127.9   138.7   148.8   159.4   170.4   180.1   193.8   200.4   212.8   222.8   229.4   238.1   246.9   254.8   264.0   272.8   280.3   288.3   297.0   305.4   316.9   327.0   334.1   344.1   356.8   365.3   372.6   382.2   388.4   394.1   402.8   411.7   419.8   427.4   432.8   438.8   449.0   467.6   468.7   480.5   489.2   496.6   505.4   519.6   524.5   533.3   546.5   550.0   556.6   559.7   566.4   574.5   581.1   588.8   592.8   604.0   606.0   612.1   616.7   625.6   633.2   645.0   641.5   652.3   658.3   667.6   671.5   673.0   686.2   693.5   700.4   712.0   716.0   722.6   732.5   745.4   747.8   756.2   761.9   769.1   772.0   785.4   
   1.20e9  14.08   25.79   37.92   48.83   59.77   71.36   82.53   92.65   101.7   110.4   119.7   129.8   139.3   149.2   159.5   168.6   181.4   187.7   199.3   208.7   214.9   223.1   231.3   238.8   247.4   255.7   262.8   270.3   278.5   286.5   297.2   306.7   313.4   322.7   334.6   342.6   349.5   358.5   364.4   369.8   378.0   386.4   394.0   401.1   406.2   412.0   421.5   438.8   440.0   451.1   459.3   466.3   474.5   487.9   492.5   500.8   513.1   516.5   522.7   525.7   532.0   539.7   545.9   553.1   556.9   567.4   569.5   575.2   579.6   588.0   595.2   606.3   603.1   613.3   618.9   627.7   631.4   632.9   645.3   652.1   658.7   669.6   673.4   679.6   688.9   701.0   703.4   711.3   716.7   723.5   726.3   738.9   
   1.30e9  13.22   24.25   35.67   45.92   56.22   67.13   77.65   87.18   95.70   103.9   112.7   122.3   131.2   140.5   150.3   158.8   170.9   176.9   187.8   196.6   202.5   210.3   218.0   225.0   233.2   241.1   247.8   254.9   262.7   270.2   280.3   289.2   295.6   304.4   315.6   323.2   329.7   338.2   343.8   349.0   356.6   364.6   371.8   378.6   383.4   388.9   397.9   414.2   415.4   425.9   433.6   440.3   448.0   460.6   465.0   472.9   484.4   487.6   493.6   496.5   502.4   509.7   515.7   522.5   526.1   536.0   538.0   543.4   547.7   555.6   562.5   572.9   570.1   579.7   585.0   593.3   596.9   598.4   610.1   616.6   622.8   633.0   636.7   642.6   651.4   662.9   665.2   672.7   677.8   684.2   687.0   698.8   
   1.40e9  12.49   22.91   33.72   43.41   53.16   63.47   73.43   82.46   90.53   98.32   106.7   115.7   124.1   133.0   142.2   150.4   161.8   167.5   177.8   186.1   191.8   199.2   206.5   213.1   220.9   228.4   234.7   241.5   248.9   256.0   265.7   274.1   280.2   288.5   299.1   306.3   312.6   320.6   325.9   330.9   338.2   345.7   352.5   359.0   363.6   368.8   377.4   392.7   394.0   403.9   411.3   417.6   425.0   437.0   441.1   448.6   459.5   462.6   468.3   471.1   476.8   483.7   489.3   495.8   499.3   508.7   510.6   515.8   519.9   527.5   534.0   543.9   541.4   550.5   555.5   563.4   566.8   568.4   579.4   585.6   591.5   601.3   604.8   610.4   618.8   629.7   631.9   639.0   643.9   650.1   652.7   663.9   
   1.50e9  11.84   21.75   32.02   41.22   50.48   60.27   69.74   78.33   86.02   93.44   101.4   110.0   118.0   126.4   135.2   142.9   153.8   159.2   169.0   177.0   182.4   189.4   196.4   202.7   210.2   217.2   223.3   229.8   236.9   243.7   252.8   260.9   266.6   274.6   284.7   291.6   297.5   305.2   310.3   315.0   321.9   329.2   335.6   341.8   346.2   351.2   359.4   374.0   375.3   384.7   391.7   397.8   404.9   416.2   420.2   427.3   437.7   440.6   446.1   448.8   454.2   460.8   466.3   472.4   475.8   484.7   486.6   491.6   495.5   502.8   509.0   518.5   516.2   524.8   529.6   537.1   540.4   542.0   552.5   558.4   564.1   573.3   576.7   582.1   590.1   600.5   602.6   609.5   614.1   620.0   622.5   633.2   
   1.60e9  11.28   20.72   30.52   39.28   48.11   57.46   66.49   74.69   82.04   89.13   96.73   104.9   112.6   120.6   129.0   136.4   146.7   152.0   161.3   168.9   174.1   180.8   187.4   193.5   200.6   207.4   213.2   219.4   226.2   232.7   241.5   249.2   254.7   262.3   271.9   278.5   284.2   291.6   296.4   301.0   307.6   314.6   320.7   326.6   330.9   335.7   343.5   357.4   358.7   367.7   374.4   380.2   387.0   397.8   401.6   408.5   418.3   421.2   426.5   429.1   434.3   440.6   445.8   451.6   455.0   463.5   465.4   470.1   473.9   480.9   486.9   495.9   493.9   502.1   506.6   513.8   517.0   518.6   528.7   534.3   539.8   548.6   551.9   557.0   564.7   574.6   576.7   583.2   587.8   593.4   595.8   606.0   
   1.70e9  10.78   19.81   29.19   37.57   46.02   54.96   63.61   71.46   78.50   85.31   92.58   100.4   107.8   115.5   123.5   130.6   140.5   145.5   154.4   161.7   166.7   173.2   179.5   185.4   192.2   198.7   204.2   210.2   216.7   223.0   231.4   238.8   244.1   251.3   260.6   266.9   272.4   279.4   284.1   288.5   294.8   301.5   307.4   313.1   317.2   321.8   329.3   342.6   343.9   352.5   359.0   364.6   371.1   381.5   385.1   391.7   401.1   403.9   408.9   411.5   416.5   422.6   427.6   433.2   436.4   444.5   446.4   451.0   454.7   461.4   467.2   475.8   474.0   481.8   486.2   493.1   496.1   497.7   507.4   512.8   518.1   526.5   529.7   534.7   542.0   551.5   553.6   559.9   564.2   569.6   572.0   581.7   
   1.80e9  10.33   19.00   28.00   36.03   44.14   52.72   61.03   68.57   75.34   81.88   88.87   96.41   103.5   110.9   118.6   125.4   134.9   139.7   148.3   155.3   160.1   166.3   172.4   178.0   184.6   190.8   196.2   201.9   208.2   214.3   222.3   229.4   234.6   241.5   250.4   256.5   261.8   268.6   273.1   277.3   283.4   289.8   295.4   300.9   304.9   309.4   316.6   329.3   330.7   339.0   345.2   350.5   356.8   366.8   370.3   376.6   385.7   388.4   393.2   395.7   400.5   406.4   411.3   416.6   419.7   427.5   429.4   433.8   437.4   443.9   449.5   457.7   456.1   463.6   467.8   474.4   477.4   479.0   488.2   493.5   498.6   506.7   509.8   514.6   521.6   530.8   532.8   538.9   543.1   548.3   550.6   559.9   
   2.00e9  9.567   17.61   25.96   33.41   40.93   48.89   56.62   63.63   69.93   76.02   82.52   89.52   96.08   103.0   110.1   116.5   125.3   129.8   137.8   144.3   148.8   154.6   160.2   165.5   171.6   177.4   182.4   187.8   193.7   199.3   206.8   213.4   218.2   224.7   232.9   238.7   243.6   249.9   254.1   258.1   263.7   269.8   275.0   280.1   283.8   288.0   294.8   306.5   307.9   315.6   321.4   326.4   332.3   341.6   344.9   350.7   359.1   361.7   366.2   368.6   373.1   378.6   383.2   388.1   391.1   398.3   400.1   404.2   407.6   413.7   419.0   426.7   425.3   432.2   436.2   442.3   445.2   446.7   455.3   460.3   465.0   472.5   475.5   480.0   486.6   495.1   497.1   502.7   506.6   511.5   513.7   522.3   
