# SRIM-2013 Electronic stopping power table for Z1=21
# Converted from a table provided by H.Hofsaess
# units of energy:         eV
# units of stopping power: eV A^2
#      \Z2 1       2       3       4       5       6       7       8       9       10      11      12      13      14      15      16      17      18      19      20      21      22      23      24      25      26      27      28      29      30      31      32      33      34      35      36      37      38      39      40      41      42      43      44      45      46      47      48      49      50      51      52      53      54      55      56      57      58      59      60      61      62      63      64      65      66      67      68      69      70      71      72      73      74      75      76      77      78      79      80      81      82      83      84      85      86      87      88      89      90      91      92      
# energy\  H       He      Li      Be      B       C       N       O       F       Ne      Na      Mg      Al      Si      P       S       Cl      Ar      K       Ca      Sc      Ti      V       Cr      Mn      Fe      Co      Ni      Cu      Zn      Ga      Ge      As      Se      Br      Kr      Rb      Sr      Y       Zr      Nb      Mo      Tc      Ru      Rh      Pd      Ag      Cd      In      Sn      Sb      Te      I       Xe      Cs      Ba      La      Ce      Pr      Nd      Pm      Sm      Eu      Gd      Tb      Dy      Ho      Er      Tm      Yb      Lu      Hf      Ta      W       Re      Os      Ir      Pt      Au      Hg      Tl      Pb      Bi      Po      At      Rn      Fr      Ra      Ac      Th      Pa      U       
   0.00    0.0     0.0     0.0     0.0     0.0     0.0     0.0     0.0     0.0     0.0     0.0     0.0     0.0     0.0     0.0     0.0     0.0     0.0     0.0     0.0     0.0     0.0     0.0     0.0     0.0     0.0     0.0     0.0     0.0     0.0     0.0     0.0     0.0     0.0     0.0     0.0     0.0     0.0     0.0     0.0     0.0     0.0     0.0     0.0     0.0     0.0     0.0     0.0     0.0     0.0     0.0     0.0     0.0     0.0     0.0     0.0     0.0     0.0     0.0     0.0     0.0     0.0     0.0     0.0     0.0     0.0     0.0     0.0     0.0     0.0     0.0     0.0     0.0     0.0     0.0     0.0     0.0     0.0     0.0     0.0     0.0     0.0     0.0     0.0     0.0     0.0     0.0     0.0     0.0     0.0     0.0     0.0     
   10.0    0.910   1.109   1.421   2.902   3.448   4.417   2.914   2.400   2.720   2.711   4.940   6.055   5.650   5.400   5.907   4.647   1.399   3.317   4.190   4.221   6.488   5.930   6.327   4.904   4.677   5.135   4.689   4.841   4.630   4.363   4.681   6.030   6.966   6.100   2.095   3.064   7.667   7.671   7.784   6.085   9.049   8.517   7.682   5.455   4.752   7.241   7.155   6.650   5.503   9.150   8.087   6.554   8.594   2.500   9.921   10.20   10.49   8.701   7.825   8.155   8.234   7.234   6.984   10.36   8.207   6.933   5.626   5.895   7.523   5.706   6.635   5.730   7.344   6.835   6.064   3.833   4.506   6.191   5.772   4.471   5.177   7.970   7.761   10.00   10.13   9.720   11.25   10.81   7.341   7.092   9.033   7.270   
   11.0    0.955   1.163   1.490   3.044   3.616   4.633   3.056   2.517   2.853   2.843   5.181   6.350   5.926   5.664   6.195   4.874   1.467   3.479   4.395   4.427   6.804   6.220   6.636   5.143   4.906   5.386   4.917   5.078   4.856   4.576   4.909   6.324   7.306   6.398   2.197   3.213   8.041   8.046   8.164   6.382   9.490   8.932   8.057   5.721   4.984   7.594   7.504   6.975   5.771   9.596   8.482   6.874   9.013   2.622   10.40   10.70   11.01   9.126   8.207   8.553   8.636   7.587   7.325   10.87   8.607   7.271   5.901   6.183   7.891   5.984   6.959   6.009   7.702   7.168   6.360   4.021   4.726   6.493   6.053   4.689   5.430   8.359   8.140   10.49   10.62   10.19   11.80   11.34   7.700   7.438   9.474   7.625   
   12.0    0.997   1.215   1.556   3.180   3.777   4.839   3.192   2.629   2.980   2.970   5.412   6.632   6.189   5.916   6.471   5.091   1.533   3.633   4.590   4.624   7.107   6.496   6.931   5.372   5.124   5.625   5.136   5.304   5.072   4.779   5.128   6.605   7.631   6.683   2.294   3.356   8.399   8.403   8.527   6.666   9.912   9.329   8.416   5.975   5.206   7.932   7.837   7.285   6.028   10.02   8.859   7.180   9.414   2.739   10.87   11.18   11.50   9.532   8.572   8.933   9.020   7.924   7.650   11.35   8.990   7.594   6.163   6.458   8.242   6.250   7.268   6.276   8.045   7.487   6.643   4.199   4.936   6.781   6.323   4.897   5.671   8.731   8.502   10.96   11.09   10.65   12.33   11.84   8.042   7.768   9.895   7.964   
   13.0    1.038   1.264   1.620   3.309   3.931   5.036   3.322   2.736   3.102   3.091   5.632   6.903   6.442   6.157   6.735   5.299   1.595   3.782   4.778   4.813   7.397   6.762   7.214   5.592   5.333   5.855   5.346   5.520   5.279   4.974   5.337   6.875   7.942   6.956   2.388   3.493   8.742   8.747   8.876   6.938   10.32   9.710   8.759   6.219   5.418   8.256   8.157   7.582   6.274   10.43   9.221   7.473   9.798   2.850   11.31   11.63   11.97   9.921   8.922   9.298   9.388   8.248   7.963   11.81   9.357   7.904   6.415   6.721   8.578   6.506   7.565   6.533   8.373   7.793   6.914   4.371   5.138   7.058   6.581   5.097   5.903   9.087   8.849   11.40   11.54   11.08   12.83   12.32   8.370   8.086   10.30   8.289   
   14.0    1.077   1.312   1.681   3.434   4.080   5.226   3.447   2.840   3.219   3.207   5.845   7.164   6.685   6.390   6.989   5.499   1.656   3.924   4.958   4.995   7.676   7.017   7.486   5.803   5.534   6.076   5.548   5.728   5.478   5.162   5.538   7.135   8.242   7.218   2.478   3.625   9.072   9.077   9.211   7.200   10.71   10.08   9.090   6.454   5.623   8.567   8.465   7.869   6.511   10.83   9.569   7.755   10.17   2.958   11.74   12.07   12.42   10.30   9.259   9.649   9.743   8.559   8.263   12.26   9.710   8.203   6.657   6.975   8.902   6.751   7.851   6.779   8.689   8.087   7.175   4.536   5.331   7.325   6.829   5.290   6.125   9.430   9.183   11.83   11.98   11.50   13.32   12.79   8.686   8.391   10.69   8.602   
   15.0    1.115   1.358   1.740   3.555   4.223   5.410   3.568   2.939   3.332   3.320   6.050   7.415   6.920   6.614   7.234   5.692   1.714   4.062   5.132   5.170   7.946   7.263   7.749   6.006   5.728   6.289   5.742   5.930   5.670   5.343   5.733   7.385   8.531   7.472   2.565   3.752   9.390   9.395   9.534   7.452   11.08   10.43   9.409   6.681   5.820   8.868   8.763   8.145   6.739   11.21   9.905   8.027   10.52   3.062   12.15   12.49   12.85   10.66   9.584   9.988   10.08   8.859   8.553   12.69   10.05   8.491   6.890   7.220   9.214   6.988   8.126   7.017   8.994   8.371   7.427   4.695   5.519   7.582   7.069   5.475   6.340   9.761   9.506   12.25   12.40   11.90   13.78   13.24   8.991   8.685   11.06   8.904   
   16.0    1.151   1.403   1.797   3.671   4.361   5.587   3.685   3.036   3.441   3.429   6.249   7.658   7.147   6.831   7.472   5.878   1.770   4.195   5.301   5.339   8.206   7.501   8.003   6.203   5.916   6.496   5.931   6.124   5.856   5.518   5.921   7.627   8.811   7.717   2.649   3.875   9.698   9.703   9.847   7.697   11.45   10.77   9.717   6.900   6.011   9.159   9.050   8.412   6.960   11.57   10.23   8.290   10.87   3.162   12.55   12.90   13.27   11.01   9.898   10.32   10.42   9.150   8.834   13.11   10.38   8.769   7.116   7.457   9.517   7.217   8.393   7.247   9.289   8.645   7.670   4.849   5.700   7.830   7.301   5.655   6.548   10.08   9.817   12.65   12.81   12.29   14.24   13.67   9.286   8.970   11.43   9.196   
   17.0    1.187   1.446   1.853   3.784   4.495   5.759   3.799   3.129   3.547   3.534   6.441   7.894   7.367   7.041   7.702   6.059   1.824   4.325   5.464   5.504   8.459   7.732   8.250   6.394   6.098   6.695   6.113   6.312   6.036   5.688   6.103   7.862   9.082   7.954   2.731   3.995   9.996   10.00   10.15   7.934   11.80   11.10   10.02   7.112   6.196   9.441   9.328   8.671   7.175   11.93   10.54   8.546   11.20   3.260   12.93   13.30   13.68   11.35   10.20   10.63   10.74   9.431   9.106   13.51   10.70   9.039   7.335   7.686   9.809   7.439   8.651   7.470   9.575   8.911   7.906   4.998   5.875   8.071   7.525   5.829   6.750   10.39   10.12   13.04   13.20   12.67   14.67   14.09   9.572   9.246   11.78   9.479   
   18.0    1.221   1.488   1.906   3.894   4.626   5.926   3.909   3.220   3.650   3.637   6.628   8.123   7.580   7.245   7.925   6.235   1.877   4.450   5.622   5.663   8.704   7.956   8.489   6.580   6.275   6.890   6.290   6.495   6.211   5.853   6.280   8.090   9.345   8.185   2.810   4.111   10.29   10.29   10.44   8.164   12.14   11.43   10.31   7.318   6.376   9.714   9.599   8.922   7.383   12.28   10.85   8.793   11.53   3.354   13.31   13.69   14.08   11.67   10.50   10.94   11.05   9.705   9.370   13.90   11.01   9.301   7.548   7.909   10.09   7.655   8.902   7.687   9.853   9.170   8.136   5.143   6.045   8.305   7.743   5.998   6.946   10.69   10.41   13.42   13.58   13.04   15.10   14.50   9.849   9.514   12.12   9.754   
   20.0    1.287   1.568   2.009   4.105   4.876   6.247   4.120   3.394   3.847   3.834   6.986   8.562   7.990   7.637   8.354   6.572   1.979   4.691   5.926   5.970   9.175   8.387   8.948   6.935   6.615   7.262   6.631   6.847   6.547   6.170   6.620   8.527   9.851   8.627   2.962   4.333   10.84   10.85   11.01   8.605   12.80   12.04   10.86   7.714   6.720   10.24   10.12   9.405   7.782   12.94   11.44   9.269   12.15   3.536   14.03   14.43   14.84   12.31   11.07   11.53   11.64   10.23   9.877   14.65   11.61   9.804   7.956   8.337   10.64   8.069   9.383   8.103   10.39   9.666   8.576   5.421   6.372   8.755   8.162   6.322   7.321   11.27   10.98   14.14   14.32   13.75   15.92   15.29   10.38   10.03   12.77   10.28   
   22.0    1.365   1.663   2.131   4.354   5.172   6.626   4.370   3.600   4.081   4.066   7.410   9.082   8.475   8.100   8.860   6.971   2.099   4.975   6.286   6.332   9.732   8.895   9.491   7.356   7.016   7.703   7.033   7.262   6.945   6.544   7.021   9.045   10.45   9.151   3.142   4.596   11.50   11.51   11.68   9.127   13.57   12.77   11.52   8.182   7.128   10.86   10.73   9.975   8.254   13.72   12.13   9.831   12.89   3.750   14.88   15.30   15.74   13.05   11.74   12.23   12.35   10.85   10.48   15.54   12.31   10.40   8.439   8.843   11.29   8.559   9.952   8.594   11.02   10.25   9.096   5.750   6.759   9.286   8.657   6.706   7.765   11.96   11.64   15.00   15.19   14.58   16.88   16.21   11.01   10.64   13.55   10.90   
   25.0    1.439   1.753   2.247   4.589   5.452   6.984   4.607   3.795   4.301   4.286   7.811   9.573   8.933   8.539   9.340   7.348   2.212   5.244   6.626   6.674   10.26   9.377   10.00   7.754   7.395   8.119   7.413   7.655   7.320   6.898   7.401   9.534   11.01   9.646   3.312   4.844   12.12   12.13   12.31   9.621   14.31   13.47   12.15   8.625   7.514   11.45   11.31   10.51   8.700   14.47   12.79   10.36   13.59   3.953   15.69   16.13   16.59   13.76   12.37   12.89   13.02   11.44   11.04   16.38   12.98   10.96   8.896   9.321   11.90   9.022   10.49   9.059   11.61   10.81   9.588   6.061   7.124   9.788   9.126   7.069   8.185   12.60   12.27   15.81   16.01   15.37   17.80   17.09   11.61   11.21   14.28   11.49   
   27.0    1.509   1.839   2.356   4.813   5.718   7.325   4.832   3.980   4.511   4.495   8.192   10.04   9.369   8.955   9.795   7.706   2.320   5.500   6.949   7.000   10.76   9.834   10.49   8.133   7.756   8.516   7.775   8.029   7.678   7.235   7.762   9.999   11.55   10.12   3.473   5.081   12.71   12.72   12.91   10.09   15.01   14.12   12.74   9.046   7.880   12.01   11.86   11.03   9.125   15.17   13.41   10.87   14.25   4.146   16.45   16.92   17.40   14.43   12.98   13.52   13.65   12.00   11.58   17.18   13.61   11.50   9.330   9.776   12.48   9.462   11.00   9.501   12.18   11.33   10.06   6.357   7.472   10.27   9.571   7.414   8.585   13.22   12.87   16.58   16.79   16.12   18.66   17.92   12.17   11.76   14.98   12.06   
   30.0    1.576   1.921   2.461   5.027   5.972   7.651   5.046   4.157   4.712   4.695   8.556   10.49   9.786   9.354   10.23   8.049   2.423   5.745   7.258   7.311   11.24   10.27   10.96   8.494   8.101   8.894   8.121   8.386   8.019   7.556   8.108   10.44   12.06   10.57   3.628   5.307   13.28   13.29   13.48   10.54   15.67   14.75   13.31   9.448   8.231   12.54   12.39   11.52   9.531   15.85   14.01   11.35   14.88   4.330   17.18   17.67   18.18   15.07   13.55   14.12   14.26   12.53   12.10   17.95   14.21   12.01   9.745   10.21   13.03   9.883   11.49   9.924   12.72   11.84   10.50   6.640   7.804   10.72   9.997   7.743   8.967   13.80   13.44   17.32   17.54   16.84   19.49   18.72   12.72   12.28   15.65   12.59   
   32.0    1.641   1.999   2.561   5.233   6.216   7.963   5.252   4.327   4.904   4.887   8.906   10.92   10.19   9.736   10.65   8.378   2.522   5.979   7.555   7.610   11.70   10.69   11.41   8.841   8.432   9.258   8.452   8.728   8.346   7.865   8.439   10.87   12.56   11.00   3.776   5.523   13.82   13.83   14.03   10.97   16.31   15.35   13.85   9.834   8.567   13.05   12.90   11.99   9.920   16.49   14.58   11.82   15.49   4.507   17.88   18.39   18.92   15.69   14.11   14.70   14.84   13.04   12.59   18.68   14.80   12.50   10.14   10.63   13.56   10.29   11.96   10.33   13.24   12.32   10.93   6.911   8.123   11.16   10.40   8.060   9.333   14.37   13.99   18.03   18.25   17.52   20.29   19.48   13.23   12.78   16.28   13.11   
   35.0    1.703   2.075   2.658   5.430   6.450   8.264   5.451   4.490   5.089   5.071   9.242   11.33   10.57   10.10   11.05   8.694   2.618   6.205   7.840   7.897   12.14   11.09   11.84   9.175   8.750   9.607   8.771   9.058   8.661   8.162   8.757   11.28   13.03   11.41   3.919   5.732   14.34   14.35   14.56   11.38   16.93   15.93   14.37   10.20   8.890   13.55   13.38   12.44   10.29   17.12   15.13   12.26   16.08   4.677   18.56   19.09   19.63   16.28   14.64   15.26   15.40   13.53   13.07   19.38   15.35   12.97   10.53   11.03   14.08   10.67   12.41   10.72   13.74   12.79   11.34   7.172   8.430   11.58   10.80   8.364   9.685   14.91   14.52   18.71   18.94   18.18   21.06   20.22   13.73   13.27   16.90   13.60   
   37.0    1.763   2.147   2.751   5.621   6.677   8.554   5.642   4.647   5.268   5.250   9.566   11.72   10.94   10.46   11.44   8.999   2.709   6.423   8.115   8.174   12.56   11.48   12.25   9.497   9.057   9.944   9.079   9.375   8.966   8.448   9.064   11.68   13.49   11.81   4.056   5.933   14.85   14.86   15.07   11.78   17.52   16.49   14.88   10.56   9.202   14.02   13.85   12.88   10.66   17.72   15.66   12.69   16.64   4.841   19.21   19.76   20.32   16.85   15.15   15.79   15.95   14.01   13.52   20.07   15.89   13.42   10.89   11.42   14.57   11.05   12.85   11.10   14.22   13.24   11.74   7.423   8.726   11.99   11.18   8.657   10.03   15.43   15.03   19.37   19.61   18.82   21.80   20.93   14.22   13.73   17.49   14.08   
   40.0    1.820   2.218   2.842   5.805   6.896   8.834   5.827   4.800   5.441   5.422   9.880   12.11   11.30   10.80   11.81   9.294   2.798   6.634   8.381   8.442   12.98   11.86   12.65   9.808   9.355   10.27   9.377   9.683   9.260   8.725   9.362   12.06   13.93   12.20   4.189   6.128   15.33   15.34   15.57   12.17   18.10   17.03   15.36   10.91   9.504   14.48   14.31   13.30   11.01   18.30   16.17   13.11   17.19   5.000   19.84   20.40   20.99   17.40   15.65   16.31   16.47   14.47   13.97   20.72   16.41   13.87   11.25   11.79   15.05   11.41   13.27   11.46   14.69   13.67   12.13   7.667   9.012   12.38   11.54   8.941   10.35   15.94   15.52   20.00   20.25   19.44   22.51   21.62   14.68   14.18   18.07   14.54   
   45.0    1.931   2.352   3.014   6.157   7.314   9.370   6.181   5.091   5.771   5.751   10.48   12.84   11.99   11.46   12.53   9.858   2.968   7.036   8.889   8.955   13.76   12.58   13.42   10.40   9.922   10.89   9.946   10.27   9.821   9.255   9.930   12.79   14.78   12.94   4.443   6.499   16.26   16.27   16.51   12.91   19.20   18.07   16.30   11.57   10.08   15.36   15.18   14.11   11.67   19.41   17.16   13.90   18.23   5.303   21.04   21.64   22.26   18.46   16.60   17.30   17.47   15.34   14.81   21.98   17.41   14.71   11.93   12.51   15.96   12.10   14.07   12.15   15.58   14.50   12.86   8.132   9.558   13.13   12.24   9.484   10.98   16.91   16.46   21.21   21.48   20.62   23.88   22.93   15.57   15.04   19.16   15.42   
   50.0    2.035   2.480   3.177   6.490   7.710   9.877   6.515   5.366   6.083   6.062   11.05   13.54   12.63   12.08   13.21   10.39   3.129   7.417   9.370   9.439   14.51   13.26   14.15   10.97   10.46   11.48   10.48   10.83   10.35   9.755   10.47   13.48   15.58   13.64   4.684   6.851   17.14   17.15   17.41   13.61   20.23   19.04   17.18   12.20   10.63   16.19   16.00   14.87   12.30   20.46   18.08   14.66   19.22   5.590   22.18   22.81   23.47   19.46   17.50   18.24   18.41   16.17   15.62   23.17   18.35   15.50   12.58   13.18   16.82   12.76   14.84   12.81   16.42   15.28   13.56   8.572   10.08   13.84   12.91   9.997   11.58   17.82   17.35   22.36   22.64   21.73   25.17   24.17   16.42   15.86   20.20   16.26   
   55.0    2.135   2.601   3.332   6.807   8.086   10.36   6.833   5.628   6.380   6.357   11.59   14.20   13.25   12.66   13.85   10.90   3.281   7.778   9.828   9.900   15.22   13.91   14.84   11.50   10.97   12.04   11.00   11.35   10.86   10.23   10.98   14.14   16.34   14.31   4.912   7.185   17.98   17.99   18.26   14.27   21.22   19.97   18.02   12.79   11.14   16.98   16.78   15.60   12.90   21.46   18.97   15.37   20.15   5.863   23.27   23.93   24.61   20.41   18.35   19.13   19.31   16.96   16.38   24.30   19.25   16.26   13.19   13.83   17.64   13.38   15.56   13.44   17.22   16.03   14.22   8.990   10.57   14.52   13.54   10.48   12.14   18.69   18.20   23.45   23.75   22.80   26.40   25.35   17.22   16.63   21.18   17.05   
   60.0    2.229   2.716   3.480   7.110   8.445   10.82   7.137   5.879   6.664   6.640   12.10   14.83   13.84   13.23   14.47   11.38   3.427   8.124   10.26   10.34   15.89   14.53   15.50   12.01   11.46   12.58   11.48   11.86   11.34   10.69   11.47   14.77   17.06   14.94   5.131   7.505   18.78   18.79   19.07   14.90   22.16   20.86   18.82   13.36   11.64   17.74   17.53   16.29   13.48   22.41   19.81   16.05   21.05   6.124   24.30   24.99   25.71   21.31   19.17   19.98   20.17   17.72   17.11   25.38   20.10   16.98   13.78   14.44   18.43   13.98   16.25   14.03   17.99   16.74   14.85   9.390   11.04   15.16   14.14   10.95   12.68   19.52   19.01   24.50   24.80   23.81   27.57   26.47   17.98   17.37   22.13   17.81   
   65.0    2.320   2.827   3.622   7.400   8.790   11.26   7.428   6.119   6.936   6.911   12.59   15.44   14.40   13.77   15.06   11.85   3.567   8.456   10.68   10.76   16.54   15.12   16.13   12.50   11.92   13.09   11.95   12.34   11.80   11.12   11.93   15.37   17.76   15.55   5.340   7.811   19.55   19.56   19.85   15.51   23.07   21.71   19.59   13.91   12.12   18.46   18.24   16.95   14.03   23.33   20.62   16.71   21.91   6.374   25.29   26.01   26.75   22.18   19.95   20.79   20.99   18.44   17.81   26.42   20.92   17.67   14.34   15.03   19.18   14.55   16.92   14.61   18.72   17.42   15.46   9.773   11.49   15.78   14.71   11.40   13.20   20.32   19.79   25.50   25.81   24.78   28.69   27.56   18.72   18.08   23.03   18.53   
   70.0    2.408   2.934   3.759   7.679   9.122   11.69   7.708   6.350   7.198   7.172   13.07   16.02   14.95   14.29   15.63   12.30   3.702   8.775   11.09   11.17   17.17   15.69   16.74   12.98   12.37   13.59   12.40   12.81   12.25   11.54   12.38   15.95   18.43   16.14   5.542   8.106   20.28   20.30   20.60   16.10   23.94   22.53   20.33   14.43   12.57   19.16   18.93   17.59   14.56   24.21   21.40   17.34   22.74   6.614   26.25   26.99   27.76   23.02   20.70   21.58   21.79   19.14   18.48   27.41   21.71   18.34   14.89   15.60   19.91   15.10   17.55   15.16   19.43   18.08   16.04   10.14   11.92   16.38   15.27   11.83   13.70   21.09   20.53   26.46   26.79   25.72   29.78   28.60   19.42   18.76   23.90   19.23   
   80.0    2.574   3.136   4.019   8.209   9.752   12.49   8.241   6.788   7.695   7.667   13.97   17.12   15.98   15.27   16.71   13.14   3.957   9.381   11.85   11.94   18.35   16.77   17.90   13.87   13.23   14.52   13.26   13.69   13.09   12.34   13.24   17.05   19.70   17.25   5.924   8.666   21.69   21.70   22.02   17.21   25.59   24.09   21.73   15.43   13.44   20.48   20.24   18.81   15.56   25.88   22.87   18.54   24.31   7.071   28.06   28.86   29.68   24.61   22.13   23.07   23.29   20.46   19.75   29.31   23.21   19.61   15.91   16.67   21.28   16.14   18.77   16.21   20.77   19.33   17.15   10.84   12.74   17.51   16.32   12.64   14.64   22.54   21.95   28.29   28.64   27.49   31.83   30.57   20.76   20.06   25.55   20.56   
   90.0    2.730   3.327   4.263   8.707   10.34   13.25   8.741   7.200   8.161   8.132   14.82   18.16   16.95   16.20   17.72   13.94   4.198   9.950   12.57   12.66   19.46   17.79   18.98   14.71   14.03   15.41   14.07   14.52   13.89   13.09   14.04   18.09   20.90   18.30   6.284   9.191   23.00   23.01   23.35   18.25   27.15   25.55   23.05   16.36   14.26   21.72   21.46   19.95   16.51   27.45   24.26   19.66   25.78   7.500   29.76   30.61   31.48   26.10   23.48   24.47   24.70   21.70   20.95   31.08   24.62   20.80   16.88   17.69   22.57   17.12   19.90   17.19   22.03   20.50   18.19   11.50   13.52   18.57   17.31   13.41   15.53   23.91   23.28   30.00   30.38   29.16   33.76   32.42   22.02   21.27   27.10   21.81   
   100.    2.878   3.507   4.493   9.178   10.90   13.97   9.213   7.589   8.603   8.572   15.62   19.15   17.87   17.08   18.68   14.70   4.425   10.49   13.25   13.35   20.52   18.75   20.01   15.51   14.79   16.24   14.83   15.31   14.64   13.80   14.80   19.07   22.03   19.29   6.624   9.689   24.25   24.26   24.62   19.24   28.61   26.93   24.29   17.25   15.03   22.90   22.62   21.03   17.40   28.93   25.57   20.73   27.18   7.906   31.37   32.26   33.19   27.52   24.75   25.79   26.04   22.87   22.08   32.77   25.95   21.92   17.79   18.64   23.79   18.04   20.98   18.12   23.22   21.61   19.18   12.12   14.25   19.58   18.25   14.14   16.37   25.20   24.54   31.62   32.02   30.74   35.59   34.18   23.21   22.43   28.57   22.99   
   110.    3.019   3.678   4.712   9.626   11.44   14.65   9.663   7.960   9.023   8.991   16.38   20.08   18.74   17.91   19.59   15.41   4.641   11.00   13.90   14.00   21.52   19.67   20.98   16.27   15.51   17.03   15.55   16.06   15.36   14.47   15.52   20.00   23.10   20.23   6.947   10.16   25.43   25.44   25.82   20.18   30.01   28.25   25.48   18.09   15.76   24.01   23.73   22.06   18.25   30.35   26.82   21.74   28.50   8.292   32.90   33.84   34.80   28.86   25.95   27.05   27.31   23.99   23.16   34.37   27.22   22.99   18.66   19.55   24.95   18.92   22.01   19.00   24.36   22.67   20.11   12.71   14.94   20.53   19.14   14.83   17.17   26.43   25.74   33.17   33.58   32.24   37.33   35.85   24.35   23.52   29.96   24.11   
   120.    3.153   3.841   4.922   10.05   11.94   15.30   10.09   8.314   9.424   9.391   17.11   20.97   19.57   18.71   20.46   16.10   4.847   11.49   14.52   14.62   22.47   20.54   21.92   16.99   16.20   17.79   16.24   16.77   16.04   15.11   16.22   20.89   24.13   21.13   7.256   10.61   26.56   26.57   26.97   21.08   31.35   29.50   26.61   18.90   16.46   25.08   24.78   23.04   19.06   31.70   28.01   22.70   29.77   8.660   34.37   35.34   36.35   30.14   27.11   28.25   28.52   25.06   24.19   35.89   28.43   24.02   19.49   20.42   26.06   19.77   22.98   19.85   25.44   23.68   21.01   13.28   15.61   21.44   19.99   15.49   17.93   27.61   26.89   34.64   35.08   33.67   38.99   37.44   25.43   24.57   31.29   25.18   
   130.    3.282   3.998   5.123   10.47   12.43   15.93   10.50   8.653   9.809   9.774   17.81   21.83   20.37   19.47   21.30   16.76   5.045   11.96   15.11   15.22   23.39   21.38   22.81   17.68   16.86   18.52   16.90   17.46   16.69   15.73   16.88   21.74   25.12   22.00   7.552   11.05   27.64   27.66   28.07   21.94   32.63   30.71   27.70   19.67   17.13   26.11   25.80   23.98   19.84   32.99   29.16   23.63   30.98   9.014   35.77   36.78   37.84   31.37   28.21   29.40   29.69   26.08   25.18   37.36   29.59   25.00   20.28   21.25   27.13   20.57   23.92   20.66   26.48   24.64   21.86   13.82   16.25   22.32   20.81   16.12   18.67   28.74   27.98   36.06   36.51   35.05   40.58   38.97   26.47   25.57   32.57   26.21   
   140.    3.406   4.149   5.316   10.86   12.90   16.53   10.90   8.980   10.18   10.14   18.48   22.65   21.14   20.21   22.10   17.39   5.235   12.41   15.68   15.79   24.28   22.19   23.67   18.35   17.50   19.21   17.54   18.12   17.32   16.32   17.51   22.56   26.06   22.83   7.837   11.46   28.69   28.70   29.13   22.77   33.86   31.87   28.74   20.41   17.78   27.09   26.77   24.88   20.59   34.23   30.26   24.52   32.15   9.354   37.12   38.17   39.27   32.56   29.28   30.51   30.81   27.07   26.13   38.77   30.71   25.94   21.05   22.06   28.15   21.35   24.83   21.44   27.48   25.57   22.69   14.34   16.86   23.16   21.60   16.73   19.37   29.82   29.04   37.42   37.89   36.37   42.11   40.44   27.47   26.53   33.80   27.20   
   150.    3.525   4.295   5.503   11.24   13.35   17.11   11.28   9.295   10.54   10.50   19.13   23.45   21.88   20.92   22.88   18.00   5.419   12.85   16.23   16.35   25.13   22.97   24.50   18.99   18.11   19.89   18.16   18.75   17.93   16.90   18.13   23.35   26.98   23.63   8.112   11.87   29.69   29.71   30.15   23.57   35.05   32.98   29.75   21.13   18.40   28.04   27.71   25.76   21.31   35.44   31.32   25.38   33.28   9.683   38.42   39.51   40.64   33.70   30.31   31.58   31.89   28.02   27.05   40.13   31.78   26.85   21.79   22.83   29.14   22.10   25.70   22.19   28.44   26.47   23.49   14.85   17.45   23.98   22.35   17.31   20.05   30.87   30.06   38.73   39.22   37.65   43.59   41.86   28.43   27.47   34.99   28.16   
   160.    3.641   4.436   5.683   11.61   13.79   17.67   11.65   9.600   10.88   10.84   19.76   24.22   22.60   21.60   23.63   18.59   5.597   13.27   16.76   16.88   25.95   23.72   25.31   19.62   18.71   20.54   18.75   19.37   18.52   17.45   18.72   24.12   27.86   24.40   8.378   12.26   30.67   30.69   31.14   24.34   36.20   34.07   30.73   21.82   19.01   28.96   28.62   26.60   22.01   36.60   32.35   26.22   34.37   10.00   39.68   40.81   41.98   34.81   31.30   32.62   32.94   28.93   27.94   41.45   32.83   27.73   22.50   23.58   30.09   22.82   26.54   22.92   29.37   27.34   24.26   15.33   18.02   24.76   23.09   17.88   20.71   31.88   31.05   40.00   40.50   38.88   45.02   43.23   29.36   28.37   36.13   29.08   
   170.    3.753   4.572   5.858   11.97   14.22   18.21   12.01   9.895   11.22   11.18   20.37   24.96   23.30   22.27   24.35   19.16   5.769   13.68   17.28   17.40   26.75   24.45   26.09   20.22   19.28   21.17   19.33   19.96   19.09   17.99   19.30   24.86   28.72   25.15   8.636   12.63   31.61   31.63   32.10   25.09   37.31   35.11   31.68   22.49   19.59   29.85   29.50   27.42   22.69   37.72   33.34   27.02   35.43   10.31   40.90   42.06   43.27   35.88   32.26   33.62   33.95   29.82   28.79   42.72   33.84   28.58   23.20   24.31   31.02   23.53   27.36   23.62   30.28   28.18   25.00   15.81   18.58   25.52   23.80   18.43   21.34   32.86   32.00   41.23   41.75   40.08   46.41   44.56   30.27   29.24   37.25   29.97   
   180.    3.861   4.705   6.028   12.31   14.63   18.74   12.36   10.18   11.54   11.50   20.96   25.69   23.97   22.91   25.06   19.72   5.936   14.07   17.78   17.91   27.53   25.16   26.84   20.81   19.84   21.79   19.89   20.54   19.64   18.51   19.86   25.58   29.55   25.88   8.887   13.00   32.53   32.55   33.03   25.82   38.39   36.13   32.59   23.14   20.16   30.72   30.35   28.21   23.35   38.82   34.31   27.81   36.46   10.61   42.09   43.28   44.52   36.92   33.20   34.60   34.93   30.69   29.63   43.96   34.82   29.41   23.87   25.01   31.92   24.21   28.15   24.31   31.16   29.00   25.73   16.26   19.12   26.26   24.49   18.97   21.96   33.81   32.93   42.43   42.96   41.24   47.75   45.86   31.15   30.09   38.32   30.84   
   200.    4.070   4.959   6.354   12.98   15.42   19.75   13.03   10.73   12.17   12.12   22.09   27.08   25.27   24.15   26.42   20.78   6.257   14.83   18.74   18.88   29.01   26.52   28.30   21.93   20.92   22.97   20.97   21.65   20.70   19.51   20.93   26.97   31.15   27.28   9.367   13.70   34.29   34.31   34.81   27.21   40.47   38.09   34.36   24.39   21.25   32.38   32.00   29.74   24.61   40.92   36.17   29.31   38.43   11.18   44.37   45.62   46.93   38.91   35.00   36.47   36.82   32.35   31.23   46.34   36.70   31.00   25.16   26.36   33.65   25.52   29.67   25.62   32.84   30.57   27.12   17.14   20.15   27.68   25.81   19.99   23.15   35.64   34.71   44.72   45.28   43.47   50.33   48.34   32.83   31.71   40.40   32.51   
   225.    4.317   5.260   6.740   13.77   16.35   20.95   13.82   11.38   12.90   12.86   23.43   28.72   26.80   25.62   28.02   22.04   6.637   15.73   19.88   20.02   30.77   28.13   30.01   23.26   22.19   24.36   22.24   22.97   21.96   20.69   22.20   28.60   33.04   28.94   9.935   14.53   36.37   36.39   36.92   28.86   42.92   40.40   36.44   25.87   22.54   34.34   33.94   31.54   26.10   43.40   38.36   31.09   40.76   11.86   47.06   48.39   49.78   41.27   37.12   38.68   39.06   34.31   33.13   49.15   38.93   32.88   26.69   27.96   35.69   27.07   31.47   27.18   34.83   32.42   28.76   18.18   21.37   29.36   27.38   21.21   24.56   37.81   36.82   47.44   48.03   46.11   53.39   51.27   34.82   33.64   42.85   34.48   
   250.    4.551   5.545   7.104   14.51   17.24   22.09   14.57   12.00   13.60   13.55   24.70   30.27   28.25   27.00   29.53   23.24   6.996   16.58   20.95   21.11   32.44   29.65   31.64   24.52   23.39   25.68   23.44   24.21   23.15   21.81   23.40   30.15   34.83   30.50   10.47   15.32   38.33   38.36   38.92   30.42   45.24   42.58   38.41   27.27   23.76   36.20   35.77   33.25   27.51   45.75   40.44   32.77   42.97   12.50   49.60   51.01   52.47   43.51   39.13   40.78   41.17   36.17   34.92   51.81   41.03   34.66   28.13   29.48   37.62   28.53   33.17   28.65   36.72   34.17   30.32   19.17   22.53   30.95   28.86   22.35   25.88   39.85   38.81   50.00   50.63   48.60   56.27   54.04   36.71   35.46   45.17   36.35   
   275.    4.773   5.815   7.451   15.22   18.08   23.16   15.28   12.59   14.27   14.22   25.91   31.75   29.63   28.32   30.98   24.37   7.337   17.39   21.98   22.14   34.02   31.10   33.18   25.72   24.53   26.93   24.59   25.39   24.28   22.88   24.55   31.62   36.53   31.99   10.98   16.07   40.21   40.23   40.82   31.91   47.45   44.66   40.29   28.61   24.92   37.97   37.52   34.87   28.86   47.98   42.41   34.37   45.07   13.11   52.02   53.50   55.03   45.63   41.04   42.77   43.18   37.93   36.62   54.34   43.04   36.35   29.50   30.91   39.45   29.92   34.79   30.05   38.51   35.84   31.80   20.10   23.63   32.46   30.27   23.44   27.15   41.80   40.70   52.44   53.10   50.97   59.02   56.68   38.50   37.19   47.37   38.12   
   300.    4.985   6.074   7.782   15.90   18.88   24.19   15.96   13.14   14.90   14.85   27.06   33.16   30.95   29.58   32.35   25.45   7.664   18.17   22.95   23.12   35.54   32.48   34.66   26.86   25.62   28.13   25.68   26.52   25.36   23.90   25.64   33.03   38.15   33.41   11.47   16.78   41.99   42.02   42.64   33.33   49.56   46.65   42.08   29.88   26.03   39.66   39.19   36.43   30.14   50.11   44.30   35.90   47.07   13.69   54.34   55.88   57.48   47.66   42.86   44.67   45.10   39.62   38.25   56.75   44.95   37.97   30.82   32.29   41.21   31.25   36.34   31.38   40.22   37.43   33.21   21.00   24.68   33.91   31.61   24.49   28.36   43.65   42.51   54.78   55.46   53.24   61.65   59.20   40.21   38.84   49.48   39.82   
   325.    5.189   6.322   8.100   16.55   19.66   25.18   16.61   13.68   15.51   15.45   28.16   34.52   32.21   30.79   33.67   26.49   7.977   18.91   23.89   24.06   36.99   33.81   36.07   27.96   26.66   29.27   26.73   27.60   26.39   24.87   26.69   34.38   39.71   34.78   11.94   17.47   43.71   43.73   44.38   34.69   51.59   48.55   43.80   31.10   27.09   41.28   40.79   37.91   31.37   52.16   46.10   37.36   48.99   14.25   56.56   58.16   59.83   49.61   44.61   46.49   46.94   41.24   39.81   59.07   46.79   39.52   32.07   33.61   42.89   32.53   37.82   32.66   41.87   38.96   34.57   21.85   25.69   35.29   32.90   25.49   29.51   45.44   44.25   57.01   57.72   55.41   64.16   61.62   41.85   40.43   51.50   41.45   
   350.    5.385   6.560   8.406   17.17   20.40   26.13   17.24   14.20   16.09   16.04   29.23   35.82   33.43   31.95   34.95   27.49   8.278   19.62   24.79   24.97   38.38   35.08   37.43   29.01   27.67   30.38   27.74   28.64   27.39   25.81   27.69   35.67   41.21   36.09   12.39   18.13   45.36   45.38   46.05   36.00   53.53   50.38   45.45   32.27   28.11   42.84   42.33   39.34   32.55   54.13   47.84   38.78   50.84   14.79   58.69   60.36   62.08   51.48   46.30   48.25   48.71   42.79   41.32   61.30   48.55   41.01   33.28   34.88   44.51   33.76   39.25   33.90   43.45   40.43   35.87   22.68   26.66   36.62   34.15   26.45   30.63   47.15   45.92   59.16   59.90   57.50   66.58   63.94   43.43   41.95   53.44   43.01   
   375.    5.574   6.791   8.701   17.77   21.11   27.05   17.84   14.70   16.66   16.60   30.25   37.08   34.60   33.07   36.17   28.46   8.568   20.31   25.66   25.85   39.73   36.32   38.75   30.03   28.64   31.45   28.71   29.65   28.35   26.72   28.66   36.93   42.66   37.36   12.83   18.76   46.95   46.98   47.67   37.26   55.41   52.15   47.04   33.40   29.10   44.34   43.81   40.72   33.70   56.03   49.52   40.14   52.63   15.31   60.75   62.47   64.26   53.29   47.92   49.94   50.42   44.30   42.77   63.45   50.26   42.45   34.45   36.10   46.07   34.94   40.63   35.09   44.97   41.85   37.13   23.47   27.59   37.91   35.34   27.38   31.70   48.81   47.53   61.24   62.00   59.52   68.92   66.19   44.96   43.43   55.32   44.52   
   400.    5.756   7.013   8.986   18.36   21.81   27.94   18.43   15.18   17.21   17.14   31.24   38.29   35.73   34.15   37.36   29.39   8.849   20.98   26.50   26.70   41.03   37.51   40.02   31.02   29.58   32.48   29.65   30.62   29.28   27.59   29.60   38.14   44.05   38.58   13.25   19.38   48.49   48.52   49.23   38.48   57.23   53.86   48.59   34.50   30.05   45.79   45.25   42.06   34.80   57.87   51.15   41.45   54.35   15.81   62.74   64.52   66.37   55.03   49.49   51.58   52.08   45.75   44.17   65.53   51.90   43.85   35.58   37.28   47.58   36.09   41.96   36.24   46.45   43.23   38.35   24.24   28.50   39.15   36.50   28.27   32.74   50.41   49.09   63.25   64.04   61.47   71.18   68.36   46.43   44.85   57.13   45.98   
   450.    6.106   7.439   9.531   19.47   23.13   29.63   19.54   16.10   18.25   18.18   33.14   40.62   37.90   36.23   39.62   31.17   9.386   22.25   28.11   28.32   43.52   39.78   42.44   32.90   31.38   34.45   31.45   32.48   31.06   29.27   31.40   40.45   46.73   40.92   14.05   20.55   51.43   51.46   52.22   40.82   60.70   57.13   51.53   36.59   31.88   48.57   47.99   44.61   36.91   61.38   54.25   43.97   57.65   16.77   66.55   68.44   70.40   58.37   52.49   54.71   55.24   48.52   46.85   69.51   55.05   46.51   37.74   39.54   50.47   38.28   44.51   38.44   49.26   45.85   40.68   25.72   30.23   41.53   38.72   29.99   34.73   53.47   52.06   67.09   67.92   65.20   75.50   72.50   49.25   47.57   60.60   48.77   
   500.    6.436   7.841   10.05   20.52   24.38   31.23   20.60   16.97   19.24   19.17   34.93   42.81   39.95   38.19   41.77   32.86   9.894   23.45   29.63   29.85   45.88   41.93   44.74   34.68   33.07   36.31   33.15   34.23   32.74   30.85   33.10   42.64   49.25   43.14   14.81   21.66   54.21   54.24   55.04   43.03   63.98   60.22   54.32   38.57   33.60   51.20   50.59   47.02   38.91   64.70   57.18   46.35   60.77   17.68   70.15   72.14   74.20   61.53   55.33   57.66   58.22   51.15   49.38   73.27   58.03   49.02   39.78   41.68   53.20   40.35   46.92   40.51   51.93   48.33   42.88   27.11   31.86   43.77   40.81   31.61   36.61   56.36   54.88   70.71   71.60   68.73   79.58   76.43   51.91   50.15   63.87   51.41   
   550.    6.750   8.224   10.54   21.53   25.57   32.76   21.61   17.80   20.18   20.10   36.64   44.90   41.90   40.05   43.81   34.46   10.38   24.60   31.08   31.31   48.11   43.98   46.92   36.37   34.69   38.08   34.77   35.91   34.34   32.35   34.71   44.72   51.66   45.24   15.53   22.72   56.86   56.89   57.73   45.13   67.11   63.16   56.97   40.45   35.24   53.70   53.06   49.32   40.81   67.86   59.98   48.61   63.73   18.54   73.57   75.66   77.83   64.53   58.03   60.48   61.07   53.65   51.79   76.84   60.86   51.41   41.72   43.72   55.80   42.32   49.21   42.49   54.46   50.69   44.97   28.43   33.42   45.91   42.80   33.16   38.39   59.11   57.56   74.17   75.09   72.08   83.47   80.16   54.44   52.59   66.99   53.92   
   600.    7.050   8.590   11.01   22.48   26.71   34.21   22.57   18.59   21.07   21.00   38.27   46.90   43.76   41.83   45.75   36.00   10.84   25.69   32.46   32.70   50.25   45.94   49.01   37.99   36.23   39.78   36.32   37.50   35.86   33.79   36.26   46.71   53.96   47.25   16.22   23.73   59.39   59.42   60.30   47.13   70.09   65.97   59.51   42.25   36.81   56.09   55.42   51.51   42.62   70.87   62.64   50.77   66.57   19.37   76.85   79.02   81.29   67.40   60.61   63.17   63.78   56.03   54.10   80.26   63.57   53.70   43.58   45.66   58.28   44.20   51.39   44.38   56.88   52.94   46.97   29.69   34.90   47.95   44.71   34.63   40.10   61.74   60.12   77.46   78.43   75.29   87.18   83.72   56.86   54.93   69.97   56.31   
   650.    7.338   8.940   11.46   23.40   27.80   35.61   23.49   19.35   21.93   21.86   39.83   48.81   45.55   43.54   47.62   37.47   11.28   26.74   33.78   34.03   52.31   47.81   51.01   39.54   37.71   41.40   37.80   39.03   37.33   35.17   37.74   48.61   56.16   49.18   16.89   24.70   61.81   61.85   62.76   49.06   72.95   68.66   61.94   43.98   38.31   58.38   57.68   53.62   44.36   73.77   65.20   52.84   69.28   20.16   79.98   82.25   84.61   70.15   63.09   65.75   66.38   58.32   56.31   83.54   66.17   55.89   45.36   47.53   60.66   46.00   53.49   46.19   59.21   55.10   48.89   30.91   36.33   49.91   46.53   36.04   41.74   64.26   62.57   80.63   81.63   78.36   90.74   87.14   59.19   57.17   72.83   58.61   
   700.    7.615   9.278   11.89   24.28   28.85   36.96   24.38   20.08   22.76   22.68   41.33   50.66   47.27   45.18   49.42   38.88   11.71   27.75   35.06   35.32   54.28   49.62   52.94   41.03   39.13   42.96   39.23   40.51   38.74   36.50   39.16   50.45   58.28   51.04   17.52   25.63   64.15   64.18   65.13   50.91   75.71   71.26   64.27   45.64   39.76   60.58   59.86   55.64   46.04   76.55   67.66   54.84   71.90   20.92   83.00   85.36   87.80   72.80   65.47   68.23   68.89   60.52   58.43   86.69   68.66   58.00   47.07   49.32   62.95   47.74   55.51   47.94   61.44   57.18   50.73   32.07   37.70   51.79   48.29   37.40   43.31   66.68   64.94   83.67   84.71   81.32   94.17   90.43   61.42   59.33   75.58   60.82   
   800.    8.141   9.918   12.71   25.96   30.84   39.51   26.06   21.47   24.33   24.25   44.18   54.15   50.53   48.30   52.83   41.57   12.51   29.67   37.48   37.76   58.03   53.04   56.59   43.86   41.83   45.93   41.94   43.30   41.41   39.02   41.87   53.93   62.30   54.56   18.73   27.40   68.58   68.61   69.63   54.42   80.94   76.17   68.71   48.79   42.50   64.76   63.99   59.48   49.22   81.84   72.33   58.62   76.86   22.36   88.73   91.25   93.86   77.83   69.99   72.94   73.65   64.70   62.46   92.68   73.40   62.01   50.32   52.73   67.29   51.03   59.34   51.25   65.68   61.13   54.24   34.29   40.30   55.37   51.62   39.99   46.30   71.29   69.42   89.45   90.56   86.94   100.7   96.67   65.66   63.43   80.80   65.02   
   900.    8.635   10.52   13.48   27.54   32.71   41.90   27.64   22.77   25.81   25.72   46.87   57.44   53.60   51.23   56.04   44.09   13.27   31.47   39.75   40.05   61.55   56.26   60.02   46.52   44.37   48.72   44.48   45.93   43.92   41.39   44.41   57.20   66.08   57.87   19.87   29.07   72.74   72.78   73.85   57.73   85.84   80.80   72.88   51.75   45.08   68.69   67.87   63.09   52.20   86.80   76.72   62.18   81.53   23.72   94.12   96.78   99.56   82.55   74.24   77.37   78.11   68.62   66.25   98.30   77.86   65.77   53.37   55.93   71.37   54.13   62.94   54.36   69.67   64.84   57.53   36.37   42.75   58.73   54.75   42.41   49.11   75.61   73.63   94.87   96.06   92.21   106.8   102.5   69.64   67.28   85.70   68.97   
   1.00e3  9.102   11.09   14.21   29.02   34.48   44.17   29.14   24.00   27.20   27.11   49.40   60.55   56.50   54.00   59.07   46.47   13.99   33.17   41.90   42.21   64.88   59.30   63.27   49.04   46.77   51.35   46.89   48.41   46.30   43.63   46.81   60.30   69.66   61.00   20.95   30.64   76.67   76.71   77.84   60.85   90.49   85.17   76.82   54.55   47.52   72.41   71.55   66.50   55.03   91.50   80.87   65.54   85.94   25.00   99.21   102.0   104.9   87.01   78.25   81.55   82.34   72.34   69.84   103.6   82.07   69.33   56.26   58.95   75.23   57.06   66.35   57.30   73.44   68.35   60.64   38.33   45.06   61.91   57.72   44.71   51.77   79.70   77.61   100.0   101.3   97.20   112.5   108.1   73.41   70.92   90.33   72.70   
   1.10e3  9.546   11.63   14.90   30.44   36.16   46.33   30.56   25.17   28.53   28.43   51.81   63.50   59.26   56.64   61.95   48.74   14.67   34.79   43.95   44.27   68.04   62.20   66.36   51.43   49.06   53.86   49.17   50.78   48.56   45.76   49.09   63.24   73.06   63.98   21.97   32.13   80.41   80.46   81.64   63.82   94.90   89.32   80.57   57.21   49.84   75.94   75.04   69.75   57.71   95.96   84.82   68.74   90.13   26.22   104.0   107.0   110.1   91.26   82.07   85.53   86.36   75.87   73.25   108.7   86.07   72.71   59.01   61.83   78.91   59.84   69.59   60.09   77.02   71.68   63.60   40.21   47.26   64.93   60.53   46.89   54.30   83.59   81.40   104.9   106.2   101.9   118.0   113.4   77.00   74.38   94.74   76.25   
   1.20e3  9.970   12.15   15.56   31.80   37.77   48.39   31.92   26.29   29.80   29.70   54.12   66.32   61.89   59.16   64.71   50.91   15.33   36.33   45.90   46.24   71.07   64.96   69.31   53.72   51.24   56.25   51.36   53.04   50.72   47.79   51.28   66.05   76.31   66.83   22.95   33.56   83.99   84.03   85.27   66.66   99.12   93.29   84.16   59.75   52.06   79.32   78.37   72.85   60.28   100.2   88.59   71.80   94.14   27.39   108.7   111.8   115.0   95.32   85.72   89.33   90.20   79.24   76.50   113.5   89.90   75.94   61.63   64.58   82.42   62.50   72.68   62.76   80.45   74.87   66.43   41.99   49.36   67.81   63.23   48.97   56.71   87.31   85.02   109.6   110.9   106.5   123.3   118.4   80.42   77.68   98.95   79.64   
   1.30e3  10.38   12.64   16.20   33.09   39.31   50.36   33.22   27.36   31.02   30.91   56.32   69.03   64.42   61.57   67.35   52.99   15.95   37.82   47.78   48.13   73.97   67.62   72.14   55.92   53.33   58.55   53.46   55.20   52.79   49.74   53.37   68.75   79.42   69.56   23.88   34.93   87.42   87.47   88.76   69.38   103.2   97.10   87.59   62.19   54.18   82.56   81.57   75.82   62.74   104.3   92.21   74.73   97.98   28.50   113.1   116.3   119.7   99.21   89.22   92.98   93.88   82.48   79.63   118.1   93.57   79.04   64.15   67.21   85.78   65.06   75.65   65.33   83.73   77.93   69.14   43.71   51.38   70.58   65.81   50.97   59.03   90.87   88.49   114.0   115.4   110.8   128.3   123.2   83.70   80.86   103.0   82.89   
   1.40e3  10.77   13.12   16.81   34.34   40.80   52.26   34.47   28.40   32.19   32.07   58.45   71.64   66.85   63.90   69.89   54.99   16.56   39.24   49.58   49.95   76.76   70.17   74.86   58.03   55.34   60.76   55.48   57.28   54.78   51.62   55.38   71.35   82.42   72.18   24.78   36.25   90.72   90.77   92.11   72.00   107.1   100.8   90.90   64.54   56.23   85.67   84.65   78.69   65.11   108.3   95.69   77.55   101.7   29.58   117.4   120.7   124.2   103.0   92.59   96.49   97.43   85.59   82.63   122.6   97.10   82.03   66.57   69.75   89.02   67.51   78.51   67.79   86.89   80.87   71.75   45.36   53.31   73.25   68.29   52.90   61.25   94.30   91.83   118.3   119.8   115.0   133.2   127.9   86.86   83.91   106.9   86.02   
   1.50e3  11.15   13.58   17.40   35.55   42.23   54.10   35.68   29.39   33.32   33.20   60.50   74.15   69.20   66.14   72.34   56.92   17.14   40.62   51.32   51.70   79.46   72.63   77.49   60.06   57.28   62.89   57.42   59.30   56.70   53.43   57.33   73.85   85.31   74.72   25.65   37.52   93.90   93.95   95.34   74.52   110.8   104.3   94.09   66.81   58.20   88.68   87.63   81.45   67.39   112.1   99.05   80.27   105.3   30.62   121.5   124.9   128.5   106.6   95.84   99.88   100.8   88.59   85.53   126.9   100.5   84.91   68.90   72.20   92.14   69.88   81.26   70.17   89.94   83.71   74.27   46.95   55.19   75.82   70.69   54.75   63.40   97.61   95.06   122.5   124.0   119.0   137.8   132.4   89.91   86.85   110.6   89.04   
   1.60e3  11.51   14.03   17.97   36.71   43.61   55.87   36.85   30.36   34.41   34.29   62.49   76.58   71.47   68.31   74.72   58.78   17.70   41.95   53.01   53.39   82.06   75.01   80.03   62.03   59.16   64.96   59.31   61.24   58.56   55.18   59.21   76.27   88.11   77.17   26.49   38.75   96.98   97.03   98.47   76.97   114.5   107.7   97.17   69.00   60.11   91.59   90.50   84.12   69.60   115.7   102.3   82.90   108.7   31.62   125.5   129.0   132.7   110.1   98.98   103.2   104.2   91.50   88.34   131.1   103.8   87.69   71.16   74.57   95.17   72.17   83.93   72.47   92.89   86.45   76.70   48.49   57.00   78.30   73.01   56.55   65.48   100.8   98.17   126.5   128.1   122.9   142.4   136.7   92.86   89.70   114.3   91.96   
   1.70e3  11.87   14.46   18.53   37.84   44.95   57.59   37.99   31.29   35.47   35.34   64.41   78.94   73.67   70.41   77.02   60.59   18.24   43.25   54.64   55.04   84.59   77.32   82.50   63.94   60.98   66.95   61.13   63.12   60.36   56.88   61.03   78.62   90.82   79.54   27.31   39.95   99.96   100.0   101.5   79.34   118.0   111.0   100.2   71.12   61.96   94.41   93.28   86.71   71.75   119.3   105.4   85.46   112.0   32.60   129.3   133.0   136.8   113.5   102.0   106.3   107.4   94.31   91.06   135.1   107.0   90.39   73.35   76.86   98.09   74.39   86.51   74.70   95.75   89.11   79.06   49.98   58.75   80.71   75.25   58.29   67.50   103.9   101.2   130.4   132.0   126.7   146.7   140.9   95.72   92.46   117.8   94.79   
   1.80e3  12.21   14.88   19.06   38.94   46.26   59.26   39.09   32.20   36.50   36.37   66.28   81.23   75.80   72.45   79.25   62.35   18.77   44.50   56.22   56.63   87.04   79.56   84.89   65.80   62.75   68.90   62.90   64.95   62.11   58.53   62.80   80.90   93.45   81.85   28.10   41.11   102.9   102.9   104.4   81.64   121.4   114.3   103.1   73.18   63.76   97.14   95.99   89.22   73.83   122.8   108.5   87.93   115.3   33.54   133.1   136.9   140.8   116.7   105.0   109.4   110.5   97.05   93.70   139.0   110.1   93.01   75.48   79.09   100.9   76.55   89.02   76.87   98.53   91.70   81.36   51.43   60.45   83.05   77.43   59.98   69.46   106.9   104.1   134.2   135.8   130.4   151.0   145.0   98.49   95.14   121.2   97.54   
   2.00e3  12.87   15.68   20.09   41.05   48.76   62.47   41.20   33.94   38.47   38.34   69.86   85.62   79.90   76.37   83.54   65.72   19.79   46.91   59.26   59.70   91.75   83.87   89.48   69.35   66.15   72.62   66.31   68.47   65.47   61.70   66.20   85.27   98.51   86.27   29.62   43.33   108.4   108.5   110.1   86.05   128.0   120.4   108.6   77.14   67.20   102.4   101.2   94.05   77.82   129.4   114.4   92.69   121.5   35.36   140.3   144.3   148.4   123.1   110.7   115.3   116.4   102.3   98.77   146.5   116.1   98.04   79.56   83.37   106.4   80.69   93.83   81.03   103.9   96.66   85.76   54.21   63.72   87.55   81.62   63.22   73.21   112.7   109.8   141.4   143.2   137.5   159.2   152.9   103.8   100.3   127.7   102.8   
   2.25e3  13.65   16.63   21.31   43.54   51.72   66.26   43.70   36.00   40.81   40.66   74.10   90.82   84.75   81.00   88.60   69.71   20.99   49.75   62.86   63.32   97.32   88.95   94.91   73.56   70.16   77.03   70.33   72.62   69.45   65.44   70.21   90.45   104.5   91.51   31.42   45.96   115.0   115.1   116.8   91.27   135.7   127.7   115.2   81.82   71.28   108.6   107.3   99.75   82.54   137.2   121.3   98.31   128.9   37.50   148.8   153.0   157.4   130.5   117.4   122.3   123.5   108.5   104.8   155.4   123.1   104.0   84.39   88.43   112.9   85.59   99.52   85.94   110.2   102.5   90.96   57.50   67.59   92.86   86.57   67.06   77.65   119.6   116.4   150.0   151.9   145.8   168.8   162.1   110.1   106.4   135.5   109.0   
   2.50e3  14.39   17.53   22.47   45.89   54.52   69.84   46.07   37.95   43.01   42.86   78.11   95.73   89.33   85.39   93.40   73.48   22.12   52.44   66.26   66.74   102.6   93.77   100.0   77.54   73.95   81.19   74.13   76.55   73.20   68.98   74.01   95.34   110.1   96.46   33.12   48.44   121.2   121.3   123.1   96.21   143.1   134.7   121.5   86.25   75.14   114.5   113.1   105.1   87.00   144.7   127.9   103.6   135.9   39.53   156.9   161.3   165.9   137.6   123.7   128.9   130.2   114.4   110.4   163.8   129.8   109.6   88.96   93.21   119.0   90.22   104.9   90.59   116.1   108.1   95.88   60.61   71.24   97.88   91.26   70.69   81.85   126.0   122.7   158.1   160.1   153.7   178.0   170.9   116.1   112.1   142.8   114.9   
   2.75e3  15.09   18.39   23.56   48.13   57.18   73.25   48.32   39.80   45.11   44.95   81.92   100.4   93.69   89.55   97.95   77.06   23.20   55.00   69.49   70.00   107.6   98.34   104.9   81.33   77.56   85.16   77.75   80.29   76.78   72.35   77.62   99.99   115.5   101.2   34.74   50.81   127.1   127.2   129.1   100.9   150.1   141.2   127.4   90.46   78.80   120.1   118.6   110.3   91.25   151.7   134.1   108.7   142.5   41.46   164.5   169.2   174.0   144.3   129.8   135.2   136.5   120.0   115.8   171.8   136.1   115.0   93.30   97.76   124.8   94.62   110.0   95.01   121.8   113.3   100.6   63.57   74.72   102.7   95.71   74.14   85.85   132.2   128.7   165.8   167.9   161.2   186.6   179.2   121.7   117.6   149.8   120.6   
   3.00e3  15.76   19.21   24.61   50.27   59.72   76.51   50.46   41.57   47.12   46.95   85.56   104.9   97.86   93.54   102.3   80.49   24.23   57.45   72.58   73.11   112.4   102.7   109.6   84.94   81.01   88.94   81.21   83.86   80.19   75.56   81.08   104.4   120.6   105.7   36.28   53.07   132.8   132.9   134.8   105.4   156.7   147.5   133.1   94.48   82.31   125.4   123.9   115.2   95.31   158.5   140.1   113.5   148.8   43.30   171.8   176.7   181.8   150.7   135.5   141.2   142.6   125.3   121.0   179.5   142.1   120.1   97.45   102.1   130.3   98.83   114.9   99.24   127.2   118.4   105.0   66.40   78.04   107.2   99.97   77.43   89.67   138.0   134.4   173.2   175.4   168.4   194.9   187.2   127.2   122.8   156.5   125.9   
   3.25e3  16.41   19.99   25.61   52.33   62.16   79.63   52.53   43.27   49.04   48.87   89.06   109.2   101.9   97.36   106.5   83.78   25.22   59.79   75.55   76.10   117.0   106.9   114.1   88.41   84.32   92.58   84.52   87.28   83.46   78.65   84.39   108.7   125.6   110.0   37.76   55.23   138.2   138.3   140.3   109.7   163.1   153.5   138.5   98.34   85.67   130.5   129.0   119.9   99.20   164.9   145.8   118.2   154.9   45.07   178.8   183.9   189.2   156.9   141.1   147.0   148.4   130.4   125.9   186.8   148.0   125.0   101.4   106.3   135.6   102.9   119.6   103.3   132.4   123.2   109.3   69.11   81.23   111.6   104.0   80.60   93.33   143.7   139.9   180.3   182.5   175.2   202.9   194.8   132.3   127.8   162.8   131.1   
   3.50e3  17.03   20.75   26.58   54.30   64.50   82.64   54.51   44.90   50.90   50.71   92.42   113.3   105.7   101.0   110.5   86.94   26.18   62.05   78.40   78.97   121.4   110.9   118.4   91.75   87.50   96.07   87.71   90.58   86.61   81.62   87.57   112.8   130.3   114.1   39.19   57.32   143.4   143.5   145.6   113.8   169.3   159.3   143.7   102.0   88.90   135.5   133.8   124.4   102.9   171.2   151.3   122.6   160.8   46.77   185.6   190.9   196.3   162.8   146.4   152.6   154.0   135.3   130.7   193.8   153.5   129.7   105.3   110.3   140.8   106.7   124.1   107.2   137.4   127.9   113.4   71.72   84.30   115.8   108.0   83.64   96.85   149.1   145.2   187.1   189.4   181.8   210.6   202.2   137.3   132.7   169.0   136.0   
   3.75e3  17.63   21.47   27.51   56.21   66.77   85.54   56.42   46.47   52.68   52.50   95.66   117.2   109.4   104.6   114.4   89.99   27.10   64.23   81.15   81.74   125.6   114.8   122.5   94.97   90.57   99.44   90.79   93.75   89.66   84.48   90.64   116.8   134.9   118.1   40.56   59.33   148.5   148.6   150.7   117.8   175.2   164.9   148.8   105.6   92.02   140.2   138.5   128.8   106.6   177.2   156.6   126.9   166.4   48.41   192.1   197.6   203.2   168.5   151.5   157.9   159.5   140.1   135.2   200.7   158.9   134.2   108.9   114.2   145.7   110.5   128.5   111.0   142.2   132.4   117.4   74.23   87.26   119.9   111.8   86.57   100.3   154.3   150.3   193.7   196.1   188.2   218.0   209.3   142.2   137.3   174.9   140.8   
   4.00e3  18.20   22.18   28.42   58.05   68.96   88.34   58.27   48.00   54.41   54.22   98.80   121.1   113.0   108.0   118.1   92.94   27.98   66.34   83.81   84.42   129.8   118.6   126.5   98.08   93.55   102.7   93.77   96.83   92.60   87.25   93.62   120.6   139.3   122.0   41.89   61.28   153.3   153.4   155.7   121.7   181.0   170.3   153.6   109.1   95.04   144.8   143.1   133.0   110.1   183.0   161.7   131.1   171.9   50.00   198.4   204.0   209.9   174.0   156.5   163.1   164.7   144.7   139.7   207.2   164.1   138.7   112.5   117.9   150.5   114.1   132.7   114.6   146.9   136.7   121.3   76.67   90.12   123.8   115.4   89.41   103.5   159.4   155.2   200.0   202.5   194.4   225.1   216.2   146.8   141.8   180.7   145.4   
   4.50e3  19.31   23.52   30.14   61.57   73.14   93.70   61.81   50.91   57.71   57.51   104.8   128.4   119.9   114.6   125.3   98.58   29.68   70.36   88.89   89.55   137.6   125.8   134.2   104.0   99.22   108.9   99.46   102.7   98.21   92.55   99.30   127.9   147.8   129.4   44.43   64.99   162.6   162.7   165.1   129.1   192.0   180.7   163.0   115.7   100.8   153.6   151.8   141.1   116.7   194.1   171.6   139.0   182.3   53.03   210.4   216.4   222.6   184.6   166.0   173.0   174.7   153.4   148.1   219.8   174.1   147.1   119.3   125.1   159.6   121.0   140.7   121.5   155.8   145.0   128.6   81.32   95.58   131.3   122.4   94.84   109.8   169.1   164.6   212.1   214.8   206.2   238.8   229.3   155.7   150.4   191.6   154.2   
   5.00e3  20.35   24.80   31.77   64.90   77.10   98.77   65.15   53.66   60.83   60.62   110.5   135.4   126.3   120.8   132.1   103.9   31.29   74.17   93.70   94.39   145.1   132.6   141.5   109.7   104.6   114.8   104.8   108.3   103.5   97.55   104.7   134.8   155.8   136.4   46.84   68.51   171.4   171.5   174.1   136.1   202.3   190.4   171.8   122.0   106.3   161.9   160.0   148.7   123.0   204.6   180.8   146.6   192.2   55.90   221.8   228.1   234.7   194.6   175.0   182.4   184.1   161.7   156.2   231.7   183.5   155.0   125.8   131.8   168.2   127.6   148.4   128.1   164.2   152.8   135.6   85.72   100.8   138.4   129.1   99.97   115.8   178.2   173.5   223.6   226.4   217.3   251.7   241.7   164.2   158.6   202.0   162.6   
   5.50e3  21.35   26.01   33.32   68.07   80.86   103.6   68.33   56.28   63.80   63.57   115.9   142.0   132.5   126.6   138.5   109.0   32.81   77.78   98.28   99.00   152.2   139.1   148.4   115.0   109.7   120.4   110.0   113.5   108.6   102.3   109.8   141.4   163.4   143.1   49.12   71.85   179.8   179.9   182.6   142.7   212.2   199.7   180.2   127.9   111.4   169.8   167.8   156.0   129.0   214.6   189.7   153.7   201.5   58.63   232.7   239.3   246.1   204.1   183.5   191.3   193.1   169.6   163.8   243.0   192.5   162.6   131.9   138.3   176.4   133.8   155.6   134.4   172.2   160.3   142.2   89.90   105.7   145.2   135.4   104.8   121.4   186.9   182.0   234.5   237.5   228.0   264.0   253.5   172.2   166.3   211.8   170.5   
   6.00e3  22.29   27.16   34.80   71.10   84.45   108.2   71.37   58.79   66.64   66.40   121.0   148.3   138.4   132.3   144.7   113.8   34.27   81.24   102.6   103.4   158.9   145.3   155.0   120.1   114.6   125.8   114.8   118.6   113.4   106.9   114.7   147.7   170.6   149.4   51.31   75.05   187.8   187.9   190.7   149.0   221.6   208.6   188.2   133.6   116.4   177.4   175.3   162.9   134.8   224.1   198.1   160.5   210.5   61.24   243.0   249.9   257.1   213.1   191.7   199.8   201.7   177.2   171.1   253.8   201.0   169.8   137.8   144.4   184.3   139.8   162.5   140.3   179.9   167.4   148.5   93.90   110.4   151.6   141.4   109.5   126.8   195.2   190.1   245.0   248.0   238.1   275.7   264.7   179.8   173.7   221.3   178.1   
   6.50e3  23.21   28.27   36.22   74.00   87.90   112.6   74.28   61.19   69.36   69.11   125.9   154.4   144.0   137.7   150.6   118.5   35.67   84.56   106.8   107.6   165.4   151.2   161.3   125.0   119.2   130.9   119.5   123.4   118.0   111.2   119.3   153.7   177.6   155.5   53.40   78.11   195.5   195.6   198.5   155.1   230.7   217.1   195.9   139.1   121.2   184.6   182.4   169.5   140.3   233.3   206.2   167.1   219.1   63.74   252.9   260.1   267.5   221.8   199.5   207.9   209.9   184.4   178.1   264.2   209.2   176.7   143.4   150.3   191.8   145.5   169.2   146.1   187.2   174.2   154.6   97.73   114.9   157.8   147.1   114.0   132.0   203.2   197.9   255.0   258.2   247.8   286.9   275.6   187.2   180.8   230.3   185.3   
   7.00e3  24.08   29.34   37.59   76.79   91.22   116.9   77.09   63.50   71.98   71.72   130.7   160.2   149.5   142.9   156.3   123.0   37.02   87.75   110.9   111.7   171.7   156.9   167.4   129.8   123.7   135.9   124.0   128.1   122.5   115.4   123.8   159.5   184.3   161.4   55.42   81.06   202.8   203.0   206.0   161.0   239.4   225.3   203.3   144.3   125.7   191.6   189.3   175.9   145.6   242.1   214.0   173.4   227.4   66.14   262.5   269.9   277.6   230.2   207.0   215.8   217.9   191.4   184.8   274.1   217.1   183.4   148.9   156.0   199.1   151.0   175.5   151.6   194.3   180.8   160.4   101.4   119.2   163.8   152.7   118.3   137.0   210.9   205.3   264.6   267.9   257.2   297.8   286.0   194.2   187.6   239.0   192.3   
   8.00e3  25.74   31.36   40.19   82.09   97.52   124.9   82.41   67.88   76.95   76.67   139.7   171.2   159.8   152.7   167.1   131.4   39.58   93.81   118.5   119.4   183.5   167.7   179.0   138.7   132.3   145.2   132.6   136.9   130.9   123.4   132.4   170.5   197.0   172.5   59.25   86.66   216.9   217.0   220.2   172.1   255.9   240.9   217.3   154.3   134.4   204.8   202.4   188.1   155.6   258.8   228.7   185.4   243.1   70.71   280.6   288.6   296.8   246.1   221.3   230.7   232.9   204.6   197.5   293.1   232.1   196.1   159.1   166.7   212.8   161.4   187.7   162.1   207.7   193.3   171.5   108.4   127.4   175.1   163.2   126.4   146.4   225.4   219.5   282.9   286.4   274.9   318.3   305.7   207.6   200.6   255.5   205.6   
   9.00e3  27.31   33.27   42.63   87.07   103.4   132.5   87.41   72.00   81.62   81.32   148.2   181.6   169.5   162.0   177.2   139.4   41.98   99.50   125.7   126.6   194.6   177.9   189.8   147.1   140.3   154.1   140.7   145.2   138.9   130.9   140.4   180.9   209.0   183.0   62.84   91.91   230.0   230.1   233.5   182.5   271.5   255.5   230.5   163.6   142.6   217.2   214.6   199.5   165.1   274.5   242.6   196.6   257.8   75.00   297.6   306.1   314.8   261.0   234.8   244.7   247.0   217.0   209.5   310.8   246.2   208.0   168.8   176.9   225.7   171.2   199.0   171.9   220.3   205.0   181.9   115.0   135.2   185.7   173.1   134.1   155.3   239.1   232.8   300.0   303.8   291.6   337.6   324.2   220.2   212.7   271.0   218.1   
   10.0e3  28.78   35.07   44.93   91.78   109.0   139.7   92.14   75.89   86.03   85.72   156.2   191.5   178.7   170.8   186.8   147.0   44.25   104.9   132.5   133.5   205.2   187.5   200.1   155.1   147.9   162.4   148.3   153.1   146.4   138.0   148.0   190.7   220.3   192.9   66.24   96.89   242.5   242.6   246.2   192.4   286.1   269.3   242.9   172.5   150.3   229.0   226.2   210.3   174.0   289.3   255.7   207.3   271.8   79.06   313.7   322.6   331.9   275.2   247.5   257.9   260.4   228.7   220.8   327.7   259.5   219.2   177.9   186.4   237.9   180.4   209.8   181.2   232.2   216.1   191.8   121.2   142.5   195.8   182.5   141.4   163.7   252.0   245.4   316.2   320.2   307.4   355.9   341.8   232.1   224.3   285.7   229.9   
   11.0e3  30.19   36.78   47.12   96.26   114.4   146.5   96.63   79.60   90.23   89.91   163.8   200.8   187.4   179.1   195.9   154.1   46.41   110.0   139.0   140.0   215.2   196.7   209.8   162.7   155.1   170.3   155.5   160.6   153.6   144.7   155.2   200.0   231.0   202.3   69.47   101.6   254.3   254.4   258.2   201.8   300.1   282.5   254.8   180.9   157.6   240.1   237.3   220.6   182.5   303.5   268.2   217.4   285.0   82.92   329.0   338.4   348.0   288.6   259.5   270.5   273.1   239.9   231.6   343.7   272.2   229.9   186.6   195.5   249.5   189.2   220.1   190.0   243.6   226.7   201.1   127.1   149.4   205.3   191.4   148.3   171.7   264.3   257.4   331.7   335.8   322.4   373.3   358.5   243.5   235.2   299.6   241.1   
   12.0e3  31.53   38.41   49.22   100.5   119.4   153.0   100.9   83.14   94.24   93.91   171.1   209.7   195.7   187.1   204.6   161.0   48.47   114.9   145.2   146.2   224.7   205.4   219.2   169.9   162.0   177.9   162.4   167.7   160.4   151.1   162.2   208.9   241.3   211.3   72.56   106.1   265.6   265.7   269.7   210.8   313.5   295.0   266.1   189.0   164.6   250.8   247.8   230.4   190.6   317.0   280.1   227.0   297.7   86.60   343.7   353.4   363.5   301.4   271.1   282.5   285.2   250.6   241.9   358.9   284.3   240.2   194.9   204.2   260.6   197.7   229.8   198.5   254.4   236.8   210.1   132.8   156.1   214.4   199.9   154.9   179.3   276.1   268.9   346.4   350.8   336.7   389.9   374.4   254.3   245.7   312.9   251.8   
   13.0e3  32.82   39.98   51.23   104.7   124.3   159.3   105.1   86.53   98.09   97.74   178.1   218.3   203.7   194.7   213.0   167.6   50.45   119.6   151.1   152.2   233.9   213.8   228.1   176.8   168.6   185.2   169.0   174.6   166.9   157.3   168.8   217.4   251.2   220.0   75.52   110.5   276.4   276.6   280.7   219.4   326.3   307.1   277.0   196.7   171.3   261.1   258.0   239.8   198.4   329.9   291.6   236.3   309.9   90.14   357.7   367.8   378.4   313.7   282.1   294.0   296.9   260.8   251.8   373.6   295.9   250.0   202.8   212.5   271.3   205.7   239.2   206.6   264.8   246.4   218.6   138.2   162.5   223.2   208.1   161.2   186.7   287.4   279.8   360.6   365.1   350.5   405.8   389.7   264.7   255.7   325.7   262.1   
   14.0e3  34.06   41.49   53.16   108.6   129.0   165.3   109.0   89.80   101.8   101.4   184.8   226.5   211.4   202.1   221.0   173.9   52.35   124.1   156.8   157.9   242.8   221.9   236.7   183.5   175.0   192.1   175.4   181.2   173.2   163.2   175.1   225.6   260.6   228.3   78.37   114.6   286.9   287.0   291.3   227.7   338.6   318.7   287.4   204.1   177.8   270.9   267.7   248.8   205.9   342.3   302.6   245.2   321.6   93.54   371.2   381.7   392.7   325.6   292.8   305.1   308.1   270.7   261.3   387.7   307.1   259.4   210.5   220.6   281.5   213.5   248.3   214.4   274.8   255.7   226.9   143.4   168.6   231.6   216.0   167.3   193.7   298.2   290.4   374.2   378.9   363.7   421.1   404.4   274.7   265.3   338.0   272.0   
   15.0e3  35.25   42.95   55.03   112.4   133.5   171.1   112.8   92.95   105.4   105.0   191.3   234.5   218.8   209.2   228.8   180.0   54.19   128.5   162.3   163.5   251.3   229.7   245.0   189.9   181.1   198.9   181.6   187.5   179.3   169.0   181.3   233.5   269.8   236.3   81.13   118.7   296.9   297.1   301.5   235.7   350.5   329.8   297.5   211.3   184.0   280.4   277.1   257.6   213.1   354.4   313.2   253.8   332.8   96.83   384.2   395.1   406.4   337.0   303.1   315.8   318.9   280.2   270.5   401.3   317.8   268.5   217.9   228.3   291.4   221.0   257.0   221.9   284.4   264.7   234.9   148.5   174.5   239.8   223.5   173.1   200.5   308.7   300.6   387.3   392.2   376.5   435.9   418.6   284.3   274.7   349.9   281.6   
   16.0e3  36.41   44.36   56.83   116.1   137.9   176.7   116.5   96.00   108.8   108.4   197.6   242.2   226.0   216.0   236.3   185.9   55.97   132.7   167.6   168.8   259.5   237.2   253.1   196.2   187.1   205.4   187.5   193.7   185.2   174.5   187.2   241.2   278.6   244.0   83.79   122.6   306.7   306.9   311.4   243.4   362.0   340.7   307.3   218.2   190.1   289.6   286.2   266.0   220.1   366.0   323.5   262.2   343.8   100.0   396.8   408.1   419.8   348.1   313.0   326.2   329.4   289.3   279.4   414.5   328.3   277.3   225.0   235.8   300.9   228.2   265.4   229.2   293.7   273.4   242.6   153.3   180.2   247.6   230.9   178.8   207.1   318.8   310.5   400.0   405.0   388.8   450.2   432.3   293.6   283.7   361.3   290.8   
   17.0e3  37.53   45.72   58.58   119.7   142.2   182.1   120.1   98.96   112.2   111.8   203.7   249.6   233.0   222.7   243.5   191.6   57.69   136.8   172.8   174.0   267.5   244.5   260.9   202.2   192.8   211.7   193.3   199.6   190.9   179.9   193.0   248.6   287.2   251.5   86.37   126.3   316.1   316.3   321.0   250.9   373.1   351.1   316.8   224.9   195.9   298.5   295.0   274.2   226.9   377.2   333.4   270.2   354.3   103.1   409.0   420.6   432.7   358.8   322.6   336.2   339.5   298.2   287.9   427.2   338.4   285.8   232.0   243.1   310.2   235.3   273.6   236.2   302.8   281.8   250.0   158.1   185.8   255.2   238.0   184.3   213.4   328.6   320.0   412.3   417.5   400.8   464.1   445.6   302.7   292.4   372.5   299.7   
   18.0e3  38.62   47.05   60.28   123.1   146.3   187.4   123.6   101.8   115.4   115.0   209.6   256.9   239.7   229.1   250.6   197.2   59.36   140.7   177.8   179.1   275.3   251.6   268.4   208.1   198.4   217.9   198.9   205.4   196.4   185.1   198.6   255.8   295.5   258.8   88.87   130.0   325.3   325.5   330.3   258.2   383.9   361.3   325.9   231.4   201.6   307.2   303.5   282.1   233.5   388.2   343.1   278.1   364.6   106.1   420.9   432.8   445.2   369.2   332.0   346.0   349.3   306.9   296.3   439.6   348.2   294.1   238.7   250.1   319.2   242.1   281.5   243.1   311.6   290.0   257.3   162.6   191.2   262.6   244.9   189.7   219.6   338.1   329.3   424.3   429.6   412.4   477.5   458.6   311.5   300.9   383.2   308.4   
   20.0e3  40.71   49.59   63.54   129.8   154.2   197.5   130.3   107.3   121.7   121.2   220.9   270.8   252.7   241.5   264.2   207.8   62.58   148.3   187.4   188.8   290.1   265.2   283.0   219.3   209.2   229.7   209.7   216.5   207.0   195.1   209.3   269.7   311.5   272.8   93.68   137.0   342.9   343.1   348.1   272.1   404.7   380.9   343.6   243.9   212.5   323.8   320.0   297.4   246.1   409.2   361.7   293.1   384.3   111.8   443.7   456.2   469.3   389.1   350.0   364.7   368.2   323.5   312.3   463.4   367.0   310.0   251.6   263.6   336.5   255.2   296.7   256.2   328.4   305.7   271.2   171.4   201.5   276.8   258.1   199.9   231.5   356.4   347.1   447.2   452.8   434.7   503.3   483.4   328.3   317.1   404.0   325.1   
   22.5e3  43.17   52.60   67.40   137.7   163.5   209.5   138.2   113.8   129.0   128.6   234.3   287.2   268.0   256.2   280.2   220.4   66.37   157.3   198.8   200.2   307.7   281.3   300.1   232.6   221.9   243.6   222.4   229.7   219.6   206.9   222.0   286.0   330.4   289.4   99.36   145.3   363.7   363.9   369.2   288.6   429.2   404.0   364.4   258.7   225.4   343.4   339.4   315.4   261.0   434.0   383.6   310.9   407.7   118.6   470.6   483.9   497.8   412.7   371.2   386.8   390.6   343.1   331.3   491.5   389.3   328.8   266.9   279.6   356.9   270.7   314.7   271.8   348.3   324.2   287.6   181.8   213.7   293.6   273.8   212.1   245.6   378.1   368.2   474.4   480.3   461.1   533.9   512.7   348.2   336.4   428.5   344.8   
   25.0e3  45.51   55.45   71.04   145.1   172.4   220.9   145.7   120.0   136.0   135.5   247.0   302.7   282.5   270.0   295.3   232.4   69.96   165.8   209.5   211.1   324.4   296.5   316.4   245.2   233.9   256.8   234.4   242.1   231.5   218.1   234.0   301.5   348.3   305.0   104.7   153.2   383.3   383.6   389.2   304.2   452.4   425.8   384.1   272.7   237.6   362.0   357.7   332.5   275.1   457.5   404.4   327.7   429.7   125.0   496.0   510.1   524.7   435.1   391.3   407.8   411.7   361.7   349.2   518.1   410.3   346.6   281.3   294.8   376.2   285.3   331.7   286.5   367.2   341.7   303.2   191.7   225.3   309.5   288.6   223.5   258.8   398.5   388.1   500.0   506.3   486.0   562.7   540.4   367.1   354.6   451.7   363.5   
   27.5e3  47.73   58.15   74.51   152.2   180.8   231.6   152.8   125.9   142.7   142.2   259.1   317.5   296.3   283.2   309.8   243.7   73.38   173.9   219.8   221.4   340.2   311.0   331.8   257.2   245.3   269.3   245.9   253.9   242.8   228.8   245.5   316.2   365.3   319.9   109.8   160.7   402.1   402.3   408.2   319.1   474.5   446.6   402.9   286.1   249.2   379.7   375.2   348.7   288.6   479.8   424.1   343.7   450.7   131.1   520.2   535.0   550.3   456.3   410.4   427.7   431.8   379.3   366.2   543.4   430.4   363.5   295.0   309.1   394.5   299.2   347.9   300.5   385.1   358.4   318.0   201.0   236.3   324.6   302.7   234.4   271.5   418.0   407.0   524.4   531.0   509.7   590.2   566.8   385.0   371.9   473.7   381.2   
   30.0e3  49.85   60.74   77.82   159.0   188.8   241.9   159.6   131.5   149.0   148.5   270.6   331.6   309.5   295.8   323.5   254.5   76.64   181.7   229.5   231.2   355.4   324.8   346.6   268.6   256.2   281.3   256.8   265.2   253.6   239.0   256.4   330.3   381.5   334.1   114.7   167.8   419.9   420.2   426.4   333.3   495.6   466.5   420.8   298.8   260.3   396.6   391.9   364.3   301.4   501.1   443.0   359.0   470.7   136.9   543.4   558.8   574.8   476.6   428.6   446.7   451.0   396.2   382.5   567.5   449.5   379.7   308.2   322.9   412.1   312.5   363.4   313.8   402.2   374.3   332.1   210.0   246.8   339.1   316.1   244.9   283.6   436.5   425.1   547.8   554.6   532.4   616.5   592.0   402.1   388.4   494.8   398.2   
   32.5e3  51.89   63.22   81.00   165.5   196.6   251.8   166.1   136.8   155.1   154.5   281.6   345.2   322.1   307.9   336.7   264.9   79.77   189.1   238.9   240.6   369.9   338.1   360.7   279.6   266.6   292.7   267.3   276.0   263.9   248.7   266.9   343.8   397.1   347.8   119.4   174.7   437.1   437.3   443.8   346.9   515.9   485.5   438.0   311.0   270.9   412.8   407.9   379.1   313.7   521.6   461.0   373.6   489.9   142.5   565.6   581.6   598.3   496.1   446.1   464.9   469.4   412.4   398.1   590.7   467.9   395.2   320.7   336.1   428.9   325.3   378.2   326.6   418.7   389.6   345.7   218.5   256.9   352.9   329.0   254.9   295.1   454.4   442.5   570.1   577.3   554.1   641.6   616.2   418.5   404.3   515.0   414.5   
   35.0e3  53.85   65.60   84.06   171.7   204.0   261.3   172.4   142.0   161.0   160.4   292.3   358.2   334.3   319.5   349.5   274.9   82.78   196.2   247.9   249.7   383.8   350.8   374.3   290.1   276.7   303.8   277.4   286.4   273.9   258.1   276.9   356.7   412.1   360.9   123.9   181.3   453.6   453.8   460.5   360.0   535.3   503.8   454.5   322.7   281.1   428.4   423.3   393.4   325.5   541.3   478.4   387.8   508.4   147.9   586.9   603.6   620.8   514.8   463.0   482.5   487.1   427.9   413.2   613.0   485.5   410.1   332.8   348.8   445.1   337.6   392.5   339.0   434.5   404.3   358.7   226.8   266.6   366.2   341.5   264.5   306.3   471.5   459.2   591.6   599.1   575.0   665.8   639.4   434.3   419.5   534.4   430.1   
   37.5e3  55.74   67.91   87.01   177.7   211.1   270.5   178.4   147.0   166.6   166.0   302.5   370.8   346.0   330.7   361.7   284.6   85.69   203.1   256.6   258.5   397.3   363.2   387.5   300.3   286.4   314.5   287.1   296.5   283.5   267.2   286.6   369.3   426.6   373.6   128.3   187.6   469.5   469.8   476.7   372.6   554.1   521.5   470.4   334.0   291.0   443.4   438.1   407.2   337.0   560.3   495.2   401.4   526.3   153.1   607.5   624.7   642.6   532.9   479.2   499.4   504.2   443.0   427.7   634.5   502.6   424.5   344.5   361.0   460.7   349.4   406.3   350.9   449.7   418.5   371.3   234.7   275.9   379.1   353.4   273.8   317.0   488.1   475.3   612.4   620.1   595.2   689.2   661.9   449.6   434.3   553.2   445.2   
   40.0e3  57.57   70.13   89.86   183.6   218.1   279.4   184.3   151.8   172.1   171.4   312.4   382.9   357.3   341.5   373.6   293.9   88.50   209.8   265.0   267.0   410.3   375.1   400.2   310.2   295.8   324.8   296.5   306.2   292.8   275.9   296.0   381.4   440.5   385.8   132.5   193.8   484.9   485.2   492.3   384.8   572.3   538.6   485.9   345.0   300.5   457.9   452.5   420.6   348.0   578.7   511.5   414.5   543.5   158.1   627.4   645.2   663.7   550.3   494.9   515.8   520.8   457.5   441.7   655.3   519.0   438.5   355.8   372.8   475.8   360.9   419.6   362.4   464.5   432.3   383.5   242.4   285.0   391.5   365.0   282.7   327.4   504.1   490.9   632.5   640.4   614.7   711.8   683.6   464.3   448.5   571.3   459.8   
   45.0e3  61.06   74.39   95.31   194.7   231.3   296.3   195.5   161.0   182.5   181.8   331.4   406.2   379.0   362.3   396.2   311.7   93.87   222.5   281.1   283.2   435.2   397.8   424.4   329.0   313.8   344.5   314.5   324.8   310.6   292.7   314.0   404.5   467.3   409.2   140.5   205.5   514.3   514.6   522.2   408.2   607.0   571.3   515.3   365.9   318.8   485.7   479.9   446.1   369.1   613.8   542.5   439.7   576.5   167.7   665.5   684.4   704.0   583.7   524.9   547.1   552.4   485.2   468.5   695.1   550.5   465.1   377.4   395.4   504.7   382.8   445.1   384.4   492.6   458.5   406.8   257.2   302.3   415.3   387.2   299.9   347.3   534.7   520.6   670.9   679.3   652.0   755.0   725.0   492.5   475.7   606.0   487.7   
   50.0e3  64.36   78.41   100.5   205.2   243.8   312.3   206.0   169.7   192.4   191.7   349.3   428.1   399.5   381.9   417.7   328.6   98.94   234.5   296.3   298.5   458.8   419.3   447.4   346.8   330.7   363.1   331.5   342.3   327.4   308.5   331.0   426.4   492.5   431.4   148.1   216.6   542.1   542.4   550.4   430.3   639.8   602.2   543.2   385.7   336.0   512.0   505.9   470.2   389.1   647.0   571.8   463.5   607.7   176.8   701.5   721.4   742.0   615.3   553.3   576.6   582.2   511.5   493.8   732.7   580.3   490.2   397.8   416.8   532.0   403.5   469.2   405.1   519.3   483.3   428.8   271.1   318.6   437.7   408.1   316.1   366.1   563.6   548.8   707.1   716.0   687.3   795.8   764.3   519.1   501.5   638.7   514.1   
   55.0e3  67.50   82.24   105.4   215.3   255.7   327.6   216.1   178.0   201.8   201.0   366.4   449.0   419.0   400.5   438.1   344.6   103.8   246.0   310.8   313.1   481.1   439.8   469.2   363.7   346.9   380.8   347.7   359.1   343.4   323.5   347.1   447.2   516.6   452.4   155.4   227.2   568.6   568.9   577.3   451.3   671.1   631.6   569.7   404.5   352.4   537.0   530.6   493.2   408.1   678.6   599.8   486.1   637.4   185.4   735.7   756.6   778.3   645.3   580.3   604.8   610.7   536.5   517.9   768.4   608.6   514.1   417.2   437.2   558.0   423.2   492.1   424.9   544.6   506.9   449.7   284.3   334.2   459.1   428.0   331.6   383.9   591.1   575.6   741.7   751.0   720.8   834.7   801.6   544.4   525.9   669.9   539.2   
   60.0e3  70.51   85.90   110.1   224.8   267.1   342.1   225.7   185.9   210.7   210.0   382.7   469.0   437.6   418.3   457.5   360.0   108.4   256.9   324.6   327.0   502.5   459.4   490.1   379.9   362.3   397.8   363.2   375.0   358.6   337.9   362.6   467.1   539.6   472.5   162.3   237.3   593.9   594.2   603.0   471.3   700.9   659.7   595.1   422.5   368.1   560.9   554.2   515.1   426.2   708.7   626.4   507.7   665.7   193.7   768.5   790.2   812.9   674.0   606.1   631.7   637.8   560.3   541.0   802.6   635.7   537.0   435.8   456.6   582.8   442.0   513.9   443.8   568.8   529.4   469.7   296.9   349.0   479.5   447.1   346.3   401.0   617.4   601.2   774.6   784.4   752.9   871.8   837.2   568.6   549.3   699.7   563.1   
   65.0e3  73.39   89.40   114.6   234.0   278.0   356.1   234.9   193.5   219.4   218.6   398.3   488.1   455.5   435.4   476.2   374.7   112.8   267.4   337.8   340.3   523.1   478.1   510.1   395.4   377.1   414.0   378.0   390.3   373.3   351.7   377.4   486.1   561.6   491.8   168.9   247.0   618.1   618.5   627.6   490.6   729.5   686.6   619.4   439.8   383.1   583.8   576.8   536.2   443.6   737.7   652.0   528.4   692.9   201.6   799.8   822.5   846.1   701.5   630.9   657.5   663.8   583.2   563.1   835.4   661.7   558.9   453.6   475.3   606.6   460.0   534.9   461.9   592.1   551.0   488.9   309.1   363.3   499.1   465.3   360.4   417.4   642.6   625.7   806.3   816.4   783.6   907.4   871.4   591.9   571.7   728.3   586.1   
   70.0e3  76.16   92.78   118.9   242.8   288.5   369.6   243.8   200.8   227.6   226.8   413.3   506.6   472.7   451.8   494.2   388.8   117.1   277.5   350.6   353.2   542.8   496.2   529.4   410.3   391.3   429.6   392.3   405.1   387.4   365.0   391.6   504.5   582.8   510.4   175.3   256.3   641.5   641.8   651.3   509.1   757.1   712.6   642.7   456.4   397.6   605.8   598.6   556.4   460.4   765.5   676.6   548.4   719.1   209.2   830.0   853.6   878.0   728.0   654.7   682.3   688.9   605.2   584.3   866.9   686.6   580.0   470.7   493.2   629.5   477.4   555.1   479.4   614.4   571.8   507.3   320.7   377.0   517.9   482.9   374.0   433.1   666.8   649.4   836.7   847.2   813.2   941.7   904.3   614.2   593.3   755.8   608.2   
   80.0e3  81.42   99.18   127.1   259.6   308.4   395.1   260.6   214.7   243.4   242.5   441.8   541.5   505.3   483.0   528.3   415.7   125.2   296.7   374.8   377.6   580.3   530.4   565.9   438.6   418.3   459.3   419.4   433.0   414.1   390.2   418.7   539.3   623.0   545.6   187.4   274.0   685.8   686.1   696.3   544.2   809.4   761.7   687.1   487.9   425.0   647.6   639.9   594.8   492.2   818.4   723.3   586.2   768.7   223.6   887.3   912.5   938.6   778.3   699.9   729.4   736.5   647.0   624.6   926.8   734.0   620.1   503.2   527.3   672.9   510.3   593.4   512.5   656.8   611.3   542.4   342.9   403.0   553.7   516.2   399.9   463.0   712.9   694.2   894.5   905.7   869.4   1.007e3 966.7   656.6   634.3   808.0   650.2   
   90.0e3  86.37   105.2   134.7   275.5   327.6   419.0   276.5   227.8   258.0   257.3   468.7   574.5   536.4   512.6   560.4   440.9   133.4   314.9   397.6   400.5   615.6   563.0   600.3   465.6   443.5   487.0   444.8   459.4   439.2   414.1   444.2   572.2   660.9   578.8   198.6   290.9   727.5   727.9   738.5   577.2   858.3   808.0   728.9   517.7   451.1   687.1   679.0   631.0   522.9   867.5   767.3   622.0   815.5   237.4   941.4   968.0   995.9   825.7   742.6   773.7   781.2   686.6   662.7   982.8   778.7   657.7   533.9   559.3   713.9   541.7   629.3   543.5   696.6   648.5   575.6   363.7   427.7   587.6   547.6   424.2   491.3   756.6   736.4   949.0   961.1   922.3   1.068e3 1.026e3 696.7   673.0   857.4   689.8   
   100.e3  92.06   110.7   133.8   301.2   390.7   435.1   295.4   245.4   261.5   283.1   496.6   616.1   600.3   569.7   589.3   469.6   192.8   351.3   423.1   431.4   659.6   634.8   637.8   521.6   451.9   500.1   468.2   497.0   455.9   454.5   481.1   621.2   702.5   613.5   195.9   331.4   779.2   779.4   778.8   607.3   895.7   856.0   777.9   562.7   505.7   742.6   742.2   673.6   621.9   870.6   814.2   676.8   870.3   270.8   1.018e3 1.033e3 1.081e3 887.2   800.8   824.1   832.5   754.8   712.3   1.014e3 837.6   692.4   576.9   591.4   768.3   612.1   644.9   569.0   727.9   692.3   637.8   387.9   478.2   650.1   587.1   459.4   531.4   837.8   790.1   1.026e3 1.056e3 987.2   1.153e3 1.116e3 765.0   734.0   942.9   736.0   
   110.e3  96.21   117.2   136.7   321.1   430.4   451.6   310.9   260.7   270.3   303.1   523.7   651.2   654.3   616.4   614.1   498.3   218.9   374.9   448.2   460.6   698.6   691.6   670.3   564.3   467.6   514.6   494.8   530.8   467.7   487.4   513.4   669.4   742.8   647.2   198.1   363.2   825.1   825.3   819.1   640.2   937.7   901.7   825.4   603.2   552.5   789.9   796.3   714.8   683.8   893.4   859.6   724.3   919.3   297.4   1.085e3 1.085e3 1.155e3 940.9   854.0   871.9   880.0   813.3   757.2   1.050e3 890.5   722.5   615.8   623.8   817.3   672.1   664.3   597.7   758.4   734.1   690.7   412.1   522.2   702.5   629.0   492.4   569.1   903.1   840.3   1.092e3 1.142e3 1.049e3 1.227e3 1.192e3 829.3   792.4   1.015e3 778.3   
   120.e3  99.44   124.0   142.1   337.2   456.7   468.6   324.7   274.4   281.9   319.2   550.3   682.1   700.7   655.4   637.1   527.1   227.3   391.6   473.2   489.2   734.8   738.6   699.9   598.5   488.6   530.1   523.9   561.9   478.9   515.6   542.8   716.3   782.5   680.3   203.7   389.5   867.5   868.1   859.6   675.6   982.9   946.1   871.9   641.1   592.9   832.2   844.3   755.1   724.4   928.9   904.2   767.4   965.0   320.2   1.145e3 1.132e3 1.222e3 990.0   904.5   918.2   925.6   865.2   799.3   1.091e3 939.8   750.7   652.4   657.5   863.2   725.4   687.5   629.5   789.4   774.9   737.4   436.7   562.1   748.7   671.1   524.5   605.6   958.2   889.0   1.150e3 1.222e3 1.110e3 1.293e3 1.259e3 890.9   848.9   1.079e3 818.4   
   130.e3  102.1   130.7   149.1   351.0   475.6   486.1   337.7   287.1   295.0   332.6   576.4   710.4   741.5   688.9   661.3   556.2   227.1   404.8   498.1   517.5   769.1   779.4   727.9   627.4   513.3   548.9   554.6   591.0   494.5   540.8   570.4   761.4   821.7   713.0   211.6   412.1   907.9   909.0   900.0   713.0   1.030e3 989.8   917.8   677.3   627.4   871.6   888.1   794.8   753.4   972.3   948.3   807.6   1.009e3 341.1   1.202e3 1.180e3 1.284e3 1.036e3 953.2   963.6   970.2   912.5   839.9   1.135e3 986.6   778.2   687.5   692.5   907.1   774.5   713.9   663.6   821.3   815.1   779.6   461.9   599.3   791.0   712.2   556.1   641.6   1.007e3 937.3   1.204e3 1.297e3 1.170e3 1.356e3 1.320e3 950.5   904.3   1.137e3 857.2   
   140.e3  104.5   137.0   157.2   363.3   490.4   503.9   350.3   299.1   308.6   344.2   602.2   736.9   777.9   718.4   688.2   585.5   223.5   416.4   523.0   545.8   802.2   816.0   754.8   652.9   540.6   573.1   586.4   618.5   515.9   563.9   596.6   804.3   860.4   745.2   221.1   432.5   947.0   948.9   940.0   752.0   1.078e3 1.033e3 962.9   712.4   656.1   909.2   929.1   833.8   776.3   1.020e3 991.9   845.9   1.052e3 361.1   1.256e3 1.231e3 1.343e3 1.081e3 1.001e3 1.008e3 1.014e3 956.3   879.5   1.181e3 1.031e3 805.9   721.6   728.6   949.7   820.9   742.8   699.6   854.3   855.0   818.8   487.9   634.8   830.9   751.7   587.6   677.5   1.051e3 985.4   1.256e3 1.369e3 1.230e3 1.415e3 1.376e3 1.009e3 958.7   1.190e3 895.2   
   150.e3  106.6   143.0   165.9   374.7   503.4   521.9   362.7   310.6   322.1   354.5   627.4   762.2   810.9   745.3   718.3   614.8   219.3   427.9   547.7   574.1   834.4   849.9   781.2   676.4   569.7   603.2   618.6   644.9   541.1   585.7   621.9   844.9   898.6   777.1   231.8   451.4   985.1   988.0   979.6   792.1   1.127e3 1.076e3 1.007e3 746.8   679.0   945.8   967.9   872.3   796.6   1.070e3 1.035e3 883.0   1.094e3 380.8   1.308e3 1.285e3 1.399e3 1.124e3 1.048e3 1.052e3 1.058e3 997.6   918.5   1.229e3 1.075e3 833.8   755.2   765.8   991.3   865.4   773.7   736.9   888.2   894.6   855.6   514.4   669.1   869.1   789.6   619.1   713.3   1.092e3 1.034e3 1.305e3 1.438e3 1.291e3 1.472e3 1.430e3 1.066e3 1.012e3 1.241e3 932.7   
   160.e3  108.7   148.6   174.8   385.4   515.5   539.9   375.1   321.8   335.3   363.8   652.3   786.5   841.2   770.4   751.0   644.1   216.1   439.6   572.4   602.6   865.9   881.9   807.1   698.5   599.8   637.4   651.1   670.3   567.9   606.7   646.4   882.9   936.3   808.5   243.1   469.4   1.022e3 1.027e3 1.019e3 833.0   1.175e3 1.118e3 1.051e3 780.7   696.8   981.7   1.005e3 910.1   816.1   1.121e3 1.078e3 919.2   1.135e3 400.8   1.359e3 1.340e3 1.454e3 1.167e3 1.094e3 1.096e3 1.101e3 1.037e3 956.9   1.278e3 1.116e3 862.2   788.2   803.8   1.032e3 908.5   806.3   775.1   922.9   933.9   890.8   541.4   702.5   906.3   825.8   650.5   749.1   1.130e3 1.082e3 1.353e3 1.505e3 1.351e3 1.528e3 1.483e3 1.122e3 1.065e3 1.290e3 969.6   
   170.e3  110.7   153.8   183.7   395.7   527.5   557.9   387.5   332.8   348.0   372.4   676.6   810.1   869.3   794.3   785.5   673.4   214.7   452.1   596.9   631.1   896.8   912.8   832.8   719.9   630.6   673.6   683.5   694.9   594.8   627.1   670.4   918.6   973.5   839.5   254.9   486.7   1.059e3 1.065e3 1.057e3 874.4   1.223e3 1.159e3 1.094e3 814.1   711.0   1.017e3 1.041e3 947.3   835.9   1.171e3 1.120e3 954.7   1.177e3 421.2   1.410e3 1.396e3 1.508e3 1.209e3 1.140e3 1.138e3 1.144e3 1.075e3 995.0   1.327e3 1.156e3 891.1   820.8   842.4   1.072e3 950.7   840.0   813.9   958.1   972.9   924.7   568.9   735.3   942.7   860.4   681.9   784.9   1.168e3 1.130e3 1.400e3 1.571e3 1.412e3 1.582e3 1.533e3 1.177e3 1.117e3 1.338e3 1.006e3 
   180.e3  112.8   158.6   192.4   405.7   539.7   575.7   399.9   343.6   360.0   380.5   700.5   833.0   895.6   817.4   821.0   702.6   215.4   465.4   621.3   659.6   927.2   942.7   858.2   741.0   661.8   710.5   715.8   718.8   621.2   647.2   693.8   952.0   1.010e3 870.0   267.0   503.7   1.096e3 1.103e3 1.095e3 916.1   1.270e3 1.200e3 1.137e3 847.2   724.0   1.052e3 1.076e3 983.8   856.6   1.221e3 1.162e3 989.7   1.217e3 442.1   1.459e3 1.452e3 1.561e3 1.250e3 1.185e3 1.181e3 1.187e3 1.111e3 1.033e3 1.376e3 1.194e3 920.5   853.0   881.4   1.112e3 992.2   874.7   853.1   993.7   1.012e3 957.7   596.8   767.6   978.6   893.5   713.3   820.7   1.204e3 1.179e3 1.447e3 1.635e3 1.472e3 1.636e3 1.583e3 1.232e3 1.169e3 1.384e3 1.043e3 
   200.e3  116.9   167.2   208.9   425.3   565.2   610.7   424.7   364.7   382.0   395.5   746.8   877.5   943.6   861.8   892.5   760.6   223.2   494.8   669.4   716.7   986.6   1.001e3 908.5   782.8   724.4   783.2   779.2   765.0   672.3   686.6   739.5   1.013e3 1.082e3 929.6   291.5   537.0   1.167e3 1.177e3 1.168e3 999.7   1.362e3 1.281e3 1.220e3 912.3   757.5   1.122e3 1.144e3 1.055e3 901.6   1.317e3 1.244e3 1.059e3 1.297e3 485.6   1.558e3 1.562e3 1.664e3 1.332e3 1.273e3 1.263e3 1.272e3 1.182e3 1.107e3 1.473e3 1.266e3 980.3   916.3   960.1   1.190e3 1.073e3 946.0   931.8   1.065e3 1.088e3 1.021e3 653.2   831.0   1.049e3 956.0   775.9   892.0   1.273e3 1.276e3 1.538e3 1.759e3 1.593e3 1.740e3 1.679e3 1.339e3 1.271e3 1.474e3 1.114e3 
   225.e3  122.3   176.5   227.0   449.3   599.3   652.8   455.5   390.3   405.9   412.7   801.9   930.5   997.2   914.6   980.2   832.0   243.8   536.4   728.3   787.7   1.058e3 1.072e3 970.4   835.8   801.6   869.8   855.9   820.0   733.0   735.1   794.5   1.083e3 1.168e3 1.001e3 322.3   577.9   1.253e3 1.269e3 1.256e3 1.104e3 1.473e3 1.378e3 1.319e3 991.9   825.1   1.209e3 1.225e3 1.140e3 964.5   1.429e3 1.344e3 1.143e3 1.395e3 543.2   1.678e3 1.696e3 1.788e3 1.432e3 1.381e3 1.363e3 1.376e3 1.265e3 1.198e3 1.590e3 1.349e3 1.057e3 993.4   1.059e3 1.284e3 1.172e3 1.037e3 1.029e3 1.155e3 1.180e3 1.098e3 724.5   908.2   1.136e3 1.028e3 853.3   980.1   1.355e3 1.396e3 1.649e3 1.908e3 1.742e3 1.866e3 1.795e3 1.469e3 1.394e3 1.583e3 1.201e3 
   250.e3  127.9   184.6   242.8   473.0   634.9   692.6   485.7   415.3   426.4   428.9   854.2   981.0   1.046e3 964.9   1.064e3 902.0   273.7   582.3   785.8   857.7   1.127e3 1.140e3 1.031e3 890.0   876.8   951.1   929.3   872.7   790.8   783.3   847.5   1.151e3 1.250e3 1.070e3 352.6   618.5   1.336e3 1.358e3 1.339e3 1.206e3 1.577e3 1.471e3 1.415e3 1.069e3 911.2   1.295e3 1.304e3 1.222e3 1.034e3 1.530e3 1.441e3 1.225e3 1.490e3 603.7   1.796e3 1.824e3 1.909e3 1.531e3 1.486e3 1.459e3 1.478e3 1.344e3 1.286e3 1.699e3 1.425e3 1.134e3 1.068e3 1.156e3 1.374e3 1.268e3 1.128e3 1.125e3 1.244e3 1.270e3 1.172e3 796.0   983.4   1.222e3 1.096e3 929.4   1.067e3 1.433e3 1.514e3 1.756e3 2.051e3 1.888e3 1.988e3 1.906e3 1.595e3 1.514e3 1.688e3 1.287e3 
   275.e3  133.6   191.7   257.8   496.5   671.0   730.1   515.1   439.7   444.0   444.3   903.7   1.029e3 1.090e3 1.013e3 1.144e3 970.6   310.3   631.3   841.8   926.6   1.193e3 1.208e3 1.091e3 945.6   949.4   1.027e3 999.2   923.5   846.1   831.1   898.5   1.220e3 1.329e3 1.136e3 382.3   658.8   1.416e3 1.446e3 1.419e3 1.305e3 1.676e3 1.560e3 1.506e3 1.145e3 1.002e3 1.379e3 1.380e3 1.300e3 1.107e3 1.623e3 1.534e3 1.306e3 1.582e3 666.7   1.912e3 1.948e3 2.025e3 1.627e3 1.588e3 1.552e3 1.577e3 1.421e3 1.372e3 1.802e3 1.498e3 1.211e3 1.140e3 1.252e3 1.460e3 1.361e3 1.219e3 1.218e3 1.330e3 1.356e3 1.245e3 867.1   1.057e3 1.306e3 1.160e3 1.004e3 1.152e3 1.509e3 1.630e3 1.860e3 2.188e3 2.030e3 2.106e3 2.014e3 1.718e3 1.630e3 1.790e3 1.369e3 
   300.e3  139.5   198.2   273.2   519.7   706.7   765.2   543.4   463.6   459.4   459.3   950.8   1.075e3 1.131e3 1.058e3 1.220e3 1.038e3 351.2   682.7   896.3   994.1   1.256e3 1.274e3 1.149e3 1.002e3 1.019e3 1.099e3 1.066e3 972.8   899.3   878.5   947.8   1.289e3 1.405e3 1.199e3 411.3   698.8   1.494e3 1.530e3 1.495e3 1.402e3 1.769e3 1.646e3 1.593e3 1.219e3 1.090e3 1.462e3 1.454e3 1.375e3 1.182e3 1.707e3 1.624e3 1.385e3 1.670e3 731.4   2.025e3 2.067e3 2.138e3 1.721e3 1.686e3 1.641e3 1.674e3 1.494e3 1.456e3 1.897e3 1.570e3 1.287e3 1.210e3 1.345e3 1.544e3 1.451e3 1.308e3 1.307e3 1.414e3 1.440e3 1.316e3 937.6   1.128e3 1.388e3 1.221e3 1.077e3 1.234e3 1.581e3 1.743e3 1.962e3 2.319e3 2.169e3 2.219e3 2.118e3 1.837e3 1.743e3 1.890e3 1.450e3 
   325.e3  145.4   204.2   289.7   542.7   741.4   797.9   570.5   486.9   473.1   473.9   995.7   1.119e3 1.169e3 1.102e3 1.293e3 1.103e3 394.9   735.6   949.5   1.060e3 1.316e3 1.339e3 1.205e3 1.060e3 1.086e3 1.167e3 1.129e3 1.021e3 950.5   925.6   995.3   1.357e3 1.478e3 1.260e3 439.5   738.4   1.569e3 1.613e3 1.567e3 1.495e3 1.858e3 1.729e3 1.677e3 1.290e3 1.175e3 1.543e3 1.525e3 1.446e3 1.259e3 1.784e3 1.711e3 1.462e3 1.756e3 797.4   2.135e3 2.183e3 2.248e3 1.812e3 1.781e3 1.728e3 1.769e3 1.566e3 1.537e3 1.986e3 1.644e3 1.363e3 1.278e3 1.436e3 1.624e3 1.538e3 1.395e3 1.394e3 1.495e3 1.520e3 1.386e3 1.007e3 1.197e3 1.468e3 1.280e3 1.147e3 1.315e3 1.651e3 1.854e3 2.060e3 2.446e3 2.303e3 2.328e3 2.219e3 1.953e3 1.852e3 1.986e3 1.528e3 
   350.e3  151.3   210.0   307.2   565.2   774.5   828.4   596.4   509.7   485.5   488.3   1.038e3 1.162e3 1.205e3 1.144e3 1.362e3 1.168e3 440.1   789.3   1.001e3 1.124e3 1.375e3 1.402e3 1.260e3 1.119e3 1.151e3 1.231e3 1.190e3 1.068e3 1.000e3 972.2   1.041e3 1.423e3 1.548e3 1.318e3 467.1   777.7   1.641e3 1.693e3 1.637e3 1.586e3 1.942e3 1.808e3 1.758e3 1.360e3 1.256e3 1.623e3 1.595e3 1.515e3 1.336e3 1.855e3 1.795e3 1.538e3 1.838e3 864.3   2.242e3 2.294e3 2.353e3 1.902e3 1.873e3 1.811e3 1.861e3 1.635e3 1.616e3 2.068e3 1.719e3 1.437e3 1.343e3 1.524e3 1.700e3 1.623e3 1.481e3 1.478e3 1.574e3 1.597e3 1.455e3 1.076e3 1.265e3 1.547e3 1.337e3 1.216e3 1.393e3 1.718e3 1.961e3 2.155e3 2.567e3 2.434e3 2.434e3 2.317e3 2.065e3 1.958e3 2.081e3 1.604e3 
   375.e3  157.1   215.6   325.3   587.4   806.0   856.8   621.1   532.1   497.1   502.4   1.080e3 1.202e3 1.240e3 1.185e3 1.428e3 1.231e3 485.9   843.6   1.052e3 1.187e3 1.431e3 1.463e3 1.314e3 1.179e3 1.213e3 1.292e3 1.247e3 1.113e3 1.048e3 1.018e3 1.086e3 1.487e3 1.616e3 1.375e3 494.1   816.6   1.711e3 1.771e3 1.705e3 1.674e3 2.023e3 1.885e3 1.836e3 1.428e3 1.334e3 1.701e3 1.664e3 1.581e3 1.412e3 1.921e3 1.877e3 1.613e3 1.918e3 931.6   2.347e3 2.403e3 2.456e3 1.989e3 1.962e3 1.893e3 1.951e3 1.702e3 1.693e3 2.146e3 1.796e3 1.511e3 1.407e3 1.610e3 1.774e3 1.705e3 1.564e3 1.559e3 1.650e3 1.672e3 1.522e3 1.143e3 1.330e3 1.624e3 1.394e3 1.283e3 1.469e3 1.784e3 2.066e3 2.247e3 2.684e3 2.560e3 2.536e3 2.411e3 2.175e3 2.062e3 2.173e3 1.678e3 
   400.e3  162.9   221.1   343.6   609.2   835.5   883.2   644.6   554.1   508.0   516.4   1.119e3 1.241e3 1.274e3 1.225e3 1.492e3 1.293e3 531.7   898.1   1.102e3 1.248e3 1.485e3 1.523e3 1.367e3 1.239e3 1.272e3 1.350e3 1.303e3 1.158e3 1.094e3 1.064e3 1.129e3 1.549e3 1.682e3 1.429e3 520.5   855.1   1.778e3 1.847e3 1.770e3 1.759e3 2.100e3 1.959e3 1.912e3 1.494e3 1.409e3 1.778e3 1.730e3 1.645e3 1.487e3 1.983e3 1.957e3 1.686e3 1.995e3 999.2   2.449e3 2.508e3 2.556e3 2.075e3 2.049e3 1.972e3 2.039e3 1.768e3 1.768e3 2.218e3 1.874e3 1.583e3 1.469e3 1.693e3 1.846e3 1.785e3 1.645e3 1.637e3 1.723e3 1.743e3 1.589e3 1.210e3 1.394e3 1.699e3 1.450e3 1.348e3 1.543e3 1.847e3 2.168e3 2.337e3 2.797e3 2.683e3 2.635e3 2.503e3 2.282e3 2.162e3 2.263e3 1.750e3 
   450.e3  174.1   232.1   379.9   651.5   889.2   930.7   688.1   596.8   528.8   544.2   1.194e3 1.314e3 1.337e3 1.302e3 1.612e3 1.413e3 621.7   1.007e3 1.198e3 1.366e3 1.587e3 1.638e3 1.468e3 1.360e3 1.385e3 1.458e3 1.407e3 1.246e3 1.183e3 1.154e3 1.211e3 1.665e3 1.806e3 1.533e3 572.2   931.0   1.908e3 1.994e3 1.894e3 1.921e3 2.246e3 2.100e3 2.056e3 1.621e3 1.553e3 1.925e3 1.859e3 1.767e3 1.633e3 2.097e3 2.110e3 1.829e3 2.142e3 1.134e3 2.646e3 2.711e3 2.747e3 2.241e3 2.216e3 2.126e3 2.208e3 1.896e3 1.912e3 2.353e3 2.033e3 1.723e3 1.587e3 1.852e3 1.981e3 1.937e3 1.800e3 1.786e3 1.861e3 1.880e3 1.719e3 1.340e3 1.517e3 1.845e3 1.559e3 1.473e3 1.686e3 1.968e3 2.364e3 2.509e3 3.011e3 2.917e3 2.823e3 2.679e3 2.488e3 2.355e3 2.437e3 1.889e3 
   500.e3  184.9   243.3   415.0   692.0   936.4   972.1   727.6   638.2   549.2   571.7   1.264e3 1.383e3 1.397e3 1.376e3 1.724e3 1.530e3 708.2   1.113e3 1.291e3 1.478e3 1.684e3 1.748e3 1.565e3 1.481e3 1.490e3 1.558e3 1.505e3 1.331e3 1.267e3 1.241e3 1.289e3 1.772e3 1.924e3 1.632e3 622.7   1.006e3 2.030e3 2.134e3 2.012e3 2.073e3 2.382e3 2.233e3 2.193e3 1.743e3 1.688e3 2.065e3 1.982e3 1.883e3 1.770e3 2.200e3 2.256e3 1.968e3 2.280e3 1.269e3 2.834e3 2.903e3 2.929e3 2.401e3 2.374e3 2.273e3 2.372e3 2.019e3 2.050e3 2.475e3 2.192e3 1.858e3 1.699e3 2.003e3 2.107e3 2.082e3 1.948e3 1.926e3 1.991e3 2.009e3 1.846e3 1.465e3 1.634e3 1.984e3 1.667e3 1.592e3 1.821e3 2.084e3 2.551e3 2.672e3 3.212e3 3.138e3 3.001e3 2.846e3 2.686e3 2.539e3 2.604e3 2.023e3 
   550.e3  195.0   254.6   448.5   731.0   978.4   1.009e3 763.4   678.4   569.8   599.2   1.330e3 1.447e3 1.456e3 1.448e3 1.829e3 1.644e3 790.4   1.218e3 1.381e3 1.585e3 1.775e3 1.853e3 1.658e3 1.602e3 1.589e3 1.651e3 1.596e3 1.415e3 1.346e3 1.327e3 1.363e3 1.871e3 2.036e3 1.726e3 672.3   1.079e3 2.147e3 2.269e3 2.124e3 2.217e3 2.511e3 2.359e3 2.323e3 1.861e3 1.818e3 2.198e3 2.101e3 1.993e3 1.901e3 2.297e3 2.396e3 2.103e3 2.412e3 1.402e3 3.013e3 3.087e3 3.102e3 2.555e3 2.526e3 2.416e3 2.529e3 2.138e3 2.182e3 2.589e3 2.349e3 1.988e3 1.807e3 2.146e3 2.227e3 2.219e3 2.088e3 2.059e3 2.113e3 2.131e3 1.970e3 1.587e3 1.746e3 2.118e3 1.774e3 1.705e3 1.949e3 2.195e3 2.729e3 2.828e3 3.401e3 3.348e3 3.169e3 3.006e3 2.876e3 2.714e3 2.765e3 2.152e3 
   600.e3  204.6   266.3   480.5   768.4   1.016e3 1.042e3 796.2   717.5   591.2   626.7   1.393e3 1.508e3 1.512e3 1.519e3 1.929e3 1.754e3 868.1   1.320e3 1.469e3 1.687e3 1.862e3 1.953e3 1.747e3 1.721e3 1.682e3 1.739e3 1.682e3 1.496e3 1.423e3 1.410e3 1.435e3 1.964e3 2.143e3 1.816e3 721.6   1.151e3 2.259e3 2.399e3 2.233e3 2.353e3 2.633e3 2.480e3 2.448e3 1.974e3 1.942e3 2.324e3 2.217e3 2.098e3 2.024e3 2.390e3 2.532e3 2.235e3 2.537e3 1.533e3 3.185e3 3.264e3 3.268e3 2.704e3 2.672e3 2.555e3 2.681e3 2.254e3 2.310e3 2.696e3 2.503e3 2.114e3 1.911e3 2.282e3 2.341e3 2.350e3 2.221e3 2.186e3 2.228e3 2.247e3 2.092e3 1.706e3 1.854e3 2.246e3 1.881e3 1.814e3 2.073e3 2.302e3 2.899e3 2.977e3 3.581e3 3.547e3 3.329e3 3.159e3 3.059e3 2.883e3 2.921e3 2.278e3 
   650.e3  213.6   278.1   511.2   804.3   1.051e3 1.073e3 826.3   755.8   613.6   654.2   1.454e3 1.565e3 1.568e3 1.588e3 2.024e3 1.863e3 941.4   1.419e3 1.555e3 1.786e3 1.945e3 2.048e3 1.834e3 1.840e3 1.770e3 1.822e3 1.764e3 1.577e3 1.496e3 1.491e3 1.503e3 2.052e3 2.246e3 1.903e3 770.7   1.223e3 2.367e3 2.524e3 2.339e3 2.484e3 2.749e3 2.597e3 2.569e3 2.084e3 2.062e3 2.443e3 2.328e3 2.200e3 2.140e3 2.480e3 2.664e3 2.364e3 2.657e3 1.662e3 3.349e3 3.435e3 3.428e3 2.850e3 2.814e3 2.690e3 2.828e3 2.367e3 2.434e3 2.796e3 2.655e3 2.236e3 2.011e3 2.411e3 2.450e3 2.476e3 2.347e3 2.308e3 2.337e3 2.358e3 2.210e3 1.821e3 1.957e3 2.370e3 1.986e3 1.918e3 2.191e3 2.407e3 3.063e3 3.120e3 3.752e3 3.738e3 3.483e3 3.308e3 3.236e3 3.046e3 3.072e3 2.401e3 
   700.e3  222.1   290.1   540.8   838.9   1.083e3 1.102e3 854.2   793.2   637.0   681.8   1.513e3 1.621e3 1.623e3 1.657e3 2.114e3 1.969e3 1.011e3 1.514e3 1.639e3 1.880e3 2.025e3 2.140e3 1.918e3 1.957e3 1.854e3 1.901e3 1.842e3 1.656e3 1.567e3 1.571e3 1.570e3 2.136e3 2.345e3 1.988e3 820.0   1.294e3 2.471e3 2.647e3 2.441e3 2.608e3 2.861e3 2.710e3 2.686e3 2.191e3 2.178e3 2.556e3 2.437e3 2.298e3 2.249e3 2.568e3 2.792e3 2.491e3 2.773e3 1.790e3 3.508e3 3.601e3 3.582e3 2.993e3 2.951e3 2.823e3 2.971e3 2.479e3 2.554e3 2.892e3 2.803e3 2.354e3 2.108e3 2.536e3 2.554e3 2.598e3 2.469e3 2.426e3 2.441e3 2.464e3 2.326e3 1.934e3 2.057e3 2.490e3 2.092e3 2.019e3 2.305e3 2.510e3 3.221e3 3.259e3 3.914e3 3.920e3 3.631e3 3.452e3 3.408e3 3.204e3 3.219e3 2.521e3 
   800.e3  237.7   314.3   597.4   904.6   1.143e3 1.158e3 904.5   866.3   687.0   737.2   1.626e3 1.725e3 1.731e3 1.793e3 2.286e3 2.176e3 1.137e3 1.694e3 1.803e3 2.059e3 2.178e3 2.315e3 2.079e3 2.184e3 2.011e3 2.050e3 1.989e3 1.810e3 1.703e3 1.726e3 1.697e3 2.294e3 2.534e3 2.150e3 919.5   1.436e3 2.672e3 2.883e3 2.641e3 2.844e3 3.072e3 2.926e3 2.911e3 2.398e3 2.401e3 2.764e3 2.646e3 2.488e3 2.452e3 2.742e3 3.039e3 2.738e3 2.995e3 2.040e3 3.809e3 3.918e3 3.877e3 3.269e3 3.217e3 3.081e3 3.247e3 2.696e3 2.785e3 3.072e3 3.092e3 2.581e3 2.297e3 2.771e3 2.753e3 2.830e3 2.697e3 2.651e3 2.638e3 2.668e3 2.550e3 2.152e3 2.248e3 2.718e3 2.300e3 2.210e3 2.523e3 2.710e3 3.520e3 3.525e3 4.220e3 4.266e3 3.912e3 3.730e3 3.739e3 3.507e3 3.503e3 2.756e3 
   900.e3  251.7   338.4   651.1   966.2   1.198e3 1.213e3 949.5   937.2   740.8   792.7   1.734e3 1.823e3 1.838e3 1.926e3 2.447e3 2.376e3 1.249e3 1.856e3 1.962e3 2.228e3 2.323e3 2.478e3 2.233e3 2.403e3 2.155e3 2.190e3 2.126e3 1.960e3 1.832e3 1.874e3 1.818e3 2.441e3 2.713e3 2.306e3 1.021e3 1.578e3 2.865e3 3.111e3 2.834e3 3.065e3 3.269e3 3.133e3 3.127e3 2.596e3 2.614e3 2.950e3 2.846e3 2.671e3 2.637e3 2.916e3 3.276e3 2.978e3 3.206e3 2.285e3 4.093e3 4.220e3 4.157e3 3.537e3 3.472e3 3.330e3 3.512e3 2.908e3 3.004e3 3.240e3 3.371e3 2.797e3 2.479e3 2.991e3 2.942e3 3.051e3 2.910e3 2.866e3 2.821e3 2.860e3 2.765e3 2.361e3 2.428e3 2.935e3 2.507e3 2.392e3 2.729e3 2.906e3 3.803e3 3.778e3 4.504e3 4.590e3 4.178e3 3.998e3 4.055e3 3.795e3 3.776e3 2.987e3 
   1.00e6  264.4   362.1   702.5   1.024e3 1.249e3 1.268e3 990.6   1.007e3 798.0   848.4   1.839e3 1.916e3 1.943e3 2.057e3 2.598e3 2.571e3 1.349e3 2.001e3 2.119e3 2.388e3 2.462e3 2.634e3 2.381e3 2.612e3 2.288e3 2.324e3 2.253e3 2.106e3 1.955e3 2.017e3 1.934e3 2.582e3 2.883e3 2.456e3 1.126e3 1.720e3 3.052e3 3.331e3 3.023e3 3.274e3 3.453e3 3.333e3 3.337e3 2.789e3 2.818e3 3.118e3 3.039e3 2.847e3 2.808e3 3.091e3 3.505e3 3.211e3 3.408e3 2.525e3 4.363e3 4.510e3 4.424e3 3.798e3 3.719e3 3.570e3 3.766e3 3.116e3 3.214e3 3.399e3 3.642e3 3.004e3 2.655e3 3.199e3 3.123e3 3.264e3 3.110e3 3.072e3 2.995e3 3.045e3 2.972e3 2.564e3 2.599e3 3.142e3 2.711e3 2.566e3 2.927e3 3.100e3 4.071e3 4.021e3 4.768e3 4.896e3 4.432e3 4.258e3 4.358e3 4.073e3 4.040e3 3.215e3 
   1.10e6  275.9   385.2   752.2   1.079e3 1.298e3 1.323e3 1.029e3 1.074e3 857.8   904.1   1.940e3 2.004e3 2.047e3 2.187e3 2.742e3 2.760e3 1.437e3 2.126e3 2.272e3 2.540e3 2.597e3 2.783e3 2.525e3 2.811e3 2.413e3 2.452e3 2.373e3 2.247e3 2.075e3 2.156e3 2.047e3 2.717e3 3.047e3 2.602e3 1.233e3 1.863e3 3.234e3 3.545e3 3.208e3 3.474e3 3.628e3 3.527e3 3.540e3 2.977e3 3.015e3 3.271e3 3.225e3 3.019e3 2.967e3 3.267e3 3.727e3 3.438e3 3.605e3 2.762e3 4.622e3 4.790e3 4.682e3 4.054e3 3.959e3 3.801e3 4.011e3 3.320e3 3.414e3 3.552e3 3.906e3 3.205e3 2.828e3 3.397e3 3.298e3 3.469e3 3.299e3 3.272e3 3.162e3 3.223e3 3.170e3 2.761e3 2.763e3 3.341e3 2.913e3 2.734e3 3.117e3 3.291e3 4.327e3 4.257e3 5.017e3 5.188e3 4.676e3 4.512e3 4.652e3 4.341e3 4.297e3 3.442e3 
   1.20e6  286.7   408.0   800.4   1.132e3 1.345e3 1.378e3 1.066e3 1.141e3 919.8   959.6   2.038e3 2.090e3 2.149e3 2.314e3 2.880e3 2.945e3 1.517e3 2.235e3 2.423e3 2.686e3 2.727e3 2.927e3 2.665e3 3.001e3 2.532e3 2.575e3 2.487e3 2.385e3 2.190e3 2.290e3 2.158e3 2.848e3 3.204e3 2.745e3 1.344e3 2.008e3 3.412e3 3.754e3 3.390e3 3.667e3 3.794e3 3.716e3 3.738e3 3.161e3 3.205e3 3.413e3 3.407e3 3.188e3 3.116e3 3.445e3 3.942e3 3.659e3 3.796e3 2.996e3 4.873e3 5.061e3 4.931e3 4.306e3 4.193e3 4.024e3 4.249e3 3.522e3 3.606e3 3.700e3 4.164e3 3.400e3 2.998e3 3.587e3 3.469e3 3.669e3 3.479e3 3.468e3 3.323e3 3.396e3 3.362e3 2.952e3 2.920e3 3.533e3 3.111e3 2.897e3 3.301e3 3.482e3 4.573e3 4.486e3 5.251e3 5.467e3 4.913e3 4.762e3 4.938e3 4.602e3 4.548e3 3.668e3 
   1.30e6  296.8   430.4   847.2   1.182e3 1.391e3 1.433e3 1.101e3 1.207e3 983.5   1.015e3 2.134e3 2.172e3 2.250e3 2.440e3 3.012e3 3.124e3 1.591e3 2.330e3 2.571e3 2.827e3 2.855e3 3.066e3 2.802e3 3.181e3 2.645e3 2.695e3 2.595e3 2.518e3 2.303e3 2.420e3 2.265e3 2.975e3 3.355e3 2.884e3 1.459e3 2.155e3 3.586e3 3.959e3 3.570e3 3.853e3 3.953e3 3.901e3 3.932e3 3.341e3 3.390e3 3.548e3 3.583e3 3.353e3 3.259e3 3.625e3 4.151e3 3.874e3 3.984e3 3.227e3 5.115e3 5.324e3 5.172e3 4.554e3 4.423e3 4.237e3 4.480e3 3.721e3 3.790e3 3.846e3 4.415e3 3.590e3 3.165e3 3.770e3 3.635e3 3.865e3 3.652e3 3.659e3 3.480e3 3.565e3 3.546e3 3.138e3 3.072e3 3.720e3 3.307e3 3.056e3 3.480e3 3.673e3 4.809e3 4.710e3 5.473e3 5.736e3 5.144e3 5.008e3 5.216e3 4.856e3 4.793e3 3.895e3 
   1.40e6  306.4   452.9   892.7   1.231e3 1.435e3 1.488e3 1.135e3 1.272e3 1.048e3 1.070e3 2.227e3 2.252e3 2.349e3 2.562e3 3.139e3 3.299e3 1.662e3 2.415e3 2.718e3 2.963e3 2.979e3 3.201e3 2.937e3 3.353e3 2.754e3 2.813e3 2.698e3 2.647e3 2.414e3 2.547e3 2.371e3 3.100e3 3.501e3 3.020e3 1.576e3 2.304e3 3.759e3 4.160e3 3.747e3 4.035e3 4.107e3 4.083e3 4.123e3 3.517e3 3.571e3 3.677e3 3.756e3 3.516e3 3.395e3 3.805e3 4.353e3 4.084e3 4.168e3 3.458e3 5.351e3 5.580e3 5.407e3 4.799e3 4.648e3 4.441e3 4.705e3 3.918e3 3.966e3 3.988e3 4.662e3 3.776e3 3.330e3 3.946e3 3.798e3 4.058e3 3.818e3 3.847e3 3.633e3 3.731e3 3.725e3 3.320e3 3.219e3 3.901e3 3.501e3 3.212e3 3.656e3 3.862e3 5.037e3 4.929e3 5.684e3 5.996e3 5.369e3 5.252e3 5.488e3 5.105e3 5.035e3 4.122e3 
   1.50e6  315.6   475.5   937.1   1.277e3 1.480e3 1.543e3 1.170e3 1.336e3 1.114e3 1.125e3 2.319e3 2.330e3 2.446e3 2.683e3 3.261e3 3.469e3 1.732e3 2.494e3 2.862e3 3.095e3 3.101e3 3.333e3 3.069e3 3.516e3 2.860e3 2.927e3 2.797e3 2.773e3 2.522e3 2.670e3 2.475e3 3.222e3 3.642e3 3.153e3 1.697e3 2.454e3 3.928e3 4.358e3 3.922e3 4.212e3 4.258e3 4.262e3 4.309e3 3.691e3 3.746e3 3.803e3 3.925e3 3.676e3 3.526e3 3.986e3 4.550e3 4.288e3 4.350e3 3.687e3 5.581e3 5.830e3 5.636e3 5.041e3 4.868e3 4.637e3 4.925e3 4.113e3 4.135e3 4.129e3 4.903e3 3.958e3 3.493e3 4.117e3 3.959e3 4.247e3 3.979e3 4.031e3 3.784e3 3.894e3 3.899e3 3.497e3 3.361e3 4.078e3 3.691e3 3.364e3 3.828e3 4.052e3 5.258e3 5.144e3 5.886e3 6.249e3 5.589e3 5.493e3 5.753e3 5.349e3 5.272e3 4.349e3 
   1.60e6  324.6   498.4   980.4   1.322e3 1.523e3 1.597e3 1.204e3 1.400e3 1.181e3 1.180e3 2.408e3 2.406e3 2.542e3 2.801e3 3.379e3 3.635e3 1.805e3 2.571e3 3.005e3 3.223e3 3.221e3 3.463e3 3.199e3 3.672e3 2.964e3 3.040e3 2.894e3 2.895e3 2.628e3 2.790e3 2.578e3 3.342e3 3.779e3 3.284e3 1.821e3 2.606e3 4.096e3 4.552e3 4.096e3 4.385e3 4.407e3 4.438e3 4.492e3 3.863e3 3.918e3 3.928e3 4.090e3 3.834e3 3.653e3 4.167e3 4.741e3 4.486e3 4.529e3 3.915e3 5.806e3 6.073e3 5.859e3 5.280e3 5.084e3 4.823e3 5.139e3 4.306e3 4.298e3 4.269e3 5.139e3 4.137e3 3.655e3 4.284e3 4.116e3 4.434e3 4.135e3 4.213e3 3.932e3 4.054e3 4.068e3 3.670e3 3.500e3 4.250e3 3.879e3 3.515e3 3.997e3 4.241e3 5.472e3 5.355e3 6.079e3 6.493e3 5.806e3 5.733e3 6.014e3 5.588e3 5.507e3 4.577e3 
   1.70e6  333.5   521.6   1.023e3 1.366e3 1.566e3 1.650e3 1.237e3 1.463e3 1.248e3 1.234e3 2.496e3 2.481e3 2.636e3 2.916e3 3.492e3 3.796e3 1.881e3 2.647e3 3.145e3 3.347e3 3.339e3 3.589e3 3.327e3 3.821e3 3.065e3 3.150e3 2.989e3 3.013e3 2.733e3 2.907e3 2.679e3 3.460e3 3.913e3 3.413e3 1.947e3 2.760e3 4.261e3 4.743e3 4.267e3 4.555e3 4.555e3 4.611e3 4.672e3 4.032e3 4.086e3 4.053e3 4.252e3 3.989e3 3.777e3 4.348e3 4.927e3 4.679e3 4.706e3 4.143e3 6.026e3 6.311e3 6.078e3 5.517e3 5.296e3 5.001e3 5.349e3 4.498e3 4.455e3 4.407e3 5.371e3 4.314e3 3.814e3 4.446e3 4.272e3 4.618e3 4.287e3 4.392e3 4.078e3 4.212e3 4.233e3 3.839e3 3.635e3 4.420e3 4.064e3 3.663e3 4.163e3 4.430e3 5.680e3 5.563e3 6.266e3 6.732e3 6.018e3 5.970e3 6.270e3 5.824e3 5.738e3 4.806e3 
   1.80e6  342.3   545.1   1.064e3 1.408e3 1.609e3 1.703e3 1.271e3 1.525e3 1.315e3 1.289e3 2.581e3 2.554e3 2.728e3 3.029e3 3.602e3 3.952e3 1.962e3 2.726e3 3.284e3 3.469e3 3.455e3 3.714e3 3.453e3 3.964e3 3.166e3 3.259e3 3.083e3 3.128e3 2.835e3 3.021e3 2.779e3 3.575e3 4.042e3 3.540e3 2.076e3 2.915e3 4.425e3 4.930e3 4.437e3 4.722e3 4.703e3 4.782e3 4.849e3 4.198e3 4.250e3 4.177e3 4.412e3 4.143e3 3.899e3 4.528e3 5.108e3 4.867e3 4.882e3 4.369e3 6.242e3 6.544e3 6.291e3 5.752e3 5.505e3 5.172e3 5.555e3 4.688e3 4.607e3 4.545e3 5.598e3 4.488e3 3.972e3 4.604e3 4.425e3 4.800e3 4.435e3 4.569e3 4.222e3 4.368e3 4.394e3 4.004e3 3.768e3 4.586e3 4.247e3 3.809e3 4.327e3 4.618e3 5.882e3 5.768e3 6.445e3 6.964e3 6.228e3 6.206e3 6.521e3 6.055e3 5.966e3 5.036e3 
   2.00e6  359.8   592.9   1.143e3 1.489e3 1.694e3 1.807e3 1.340e3 1.648e3 1.449e3 1.397e3 2.747e3 2.696e3 2.906e3 3.247e3 3.811e3 4.251e3 2.140e3 2.895e3 3.555e3 3.704e3 3.681e3 3.958e3 3.701e3 4.234e3 3.363e3 3.471e3 3.267e3 3.348e3 3.036e3 3.240e3 2.976e3 3.802e3 4.291e3 3.786e3 2.341e3 3.230e3 4.747e3 5.296e3 4.770e3 5.048e3 5.000e3 5.117e3 5.195e3 4.524e3 4.569e3 4.426e3 4.722e3 4.444e3 4.138e3 4.887e3 5.454e3 5.229e3 5.227e3 4.822e3 6.659e3 6.994e3 6.705e3 6.213e3 5.909e3 5.494e3 5.954e3 5.064e3 4.899e3 4.818e3 6.037e3 4.830e3 4.282e3 4.911e3 4.725e3 5.158e3 4.721e3 4.916e3 4.507e3 4.674e3 4.708e3 4.322e3 4.027e3 4.909e3 4.605e3 4.097e3 4.648e3 4.992e3 6.271e3 6.170e3 6.789e3 7.412e3 6.637e3 6.674e3 7.012e3 6.508e3 6.414e3 5.498e3 
   2.25e6  382.1   653.6   1.237e3 1.584e3 1.798e3 1.933e3 1.428e3 1.798e3 1.616e3 1.532e3 2.944e3 2.866e3 3.119e3 3.504e3 4.053e3 4.601e3 2.391e3 3.128e3 3.883e3 3.983e3 3.954e3 4.254e3 4.003e3 4.546e3 3.606e3 3.727e3 3.497e3 3.608e3 3.280e3 3.499e3 3.216e3 4.076e3 4.585e3 4.082e3 2.684e3 3.628e3 5.141e3 5.738e3 5.177e3 5.445e3 5.376e3 5.524e3 5.610e3 4.918e3 4.949e3 4.741e3 5.096e3 4.810e3 4.434e3 5.329e3 5.860e3 5.657e3 5.650e3 5.384e3 7.159e3 7.531e3 7.199e3 6.776e3 6.394e3 5.868e3 6.433e3 5.524e3 5.246e3 5.157e3 6.561e3 5.248e3 4.661e3 5.279e3 5.090e3 5.594e3 5.064e3 5.338e3 4.857e3 5.047e3 5.087e3 4.701e3 4.342e3 5.299e3 5.039e3 4.449e3 5.040e3 5.455e3 6.730e3 6.658e3 7.197e3 7.946e3 7.134e3 7.250e3 7.605e3 7.057e3 6.960e3 6.078e3 
   2.50e6  405.4   714.6   1.325e3 1.673e3 1.901e3 2.054e3 1.518e3 1.946e3 1.779e3 1.666e3 3.130e3 3.029e3 3.320e3 3.746e3 4.277e3 4.924e3 2.672e3 3.385e3 4.199e3 4.248e3 4.217e3 4.540e3 4.297e3 4.837e3 3.845e3 3.975e3 3.726e3 3.854e3 3.517e3 3.742e3 3.451e3 4.341e3 4.862e3 4.367e3 3.034e3 4.030e3 5.524e3 6.161e3 5.572e3 5.829e3 5.756e3 5.918e3 6.009e3 5.300e3 5.313e3 5.057e3 5.457e3 5.164e3 4.729e3 5.761e3 6.241e3 6.062e3 6.062e3 5.942e3 7.635e3 8.040e3 7.670e3 7.321e3 6.856e3 6.220e3 6.892e3 5.974e3 5.580e3 5.493e3 7.058e3 5.655e3 5.029e3 5.633e3 5.444e3 6.020e3 5.393e3 5.747e3 5.202e3 5.411e3 5.455e3 5.060e3 4.648e3 5.676e3 5.458e3 4.793e3 5.422e3 5.912e3 7.164e3 7.131e3 7.587e3 8.452e3 7.616e3 7.818e3 8.177e3 7.586e3 7.491e3 6.659e3 
   2.75e6  429.8   775.2   1.407e3 1.758e3 2.001e3 2.172e3 1.612e3 2.090e3 1.940e3 1.800e3 3.307e3 3.186e3 3.510e3 3.972e3 4.485e3 5.223e3 2.974e3 3.658e3 4.502e3 4.501e3 4.472e3 4.818e3 4.582e3 5.112e3 4.079e3 4.215e3 3.955e3 4.088e3 3.746e3 3.973e3 3.681e3 4.598e3 5.126e3 4.640e3 3.391e3 4.433e3 5.898e3 6.567e3 5.956e3 6.204e3 6.140e3 6.300e3 6.392e3 5.668e3 5.660e3 5.373e3 5.805e3 5.509e3 5.027e3 6.183e3 6.599e3 6.446e3 6.465e3 6.494e3 8.089e3 8.525e3 8.120e3 7.849e3 7.296e3 6.560e3 7.332e3 6.413e3 5.906e3 5.826e3 7.529e3 6.054e3 5.386e3 5.974e3 5.788e3 6.434e3 5.710e3 6.144e3 5.542e3 5.766e3 5.813e3 5.402e3 4.949e3 6.041e3 5.864e3 5.132e3 5.795e3 6.362e3 7.576e3 7.590e3 7.964e3 8.934e3 8.085e3 8.377e3 8.728e3 8.099e3 8.008e3 7.241e3 
   3.00e6  455.5   834.7   1.484e3 1.838e3 2.099e3 2.285e3 1.707e3 2.231e3 2.097e3 1.934e3 3.475e3 3.337e3 3.689e3 4.183e3 4.678e3 5.499e3 3.292e3 3.942e3 4.793e3 4.742e3 4.717e3 5.089e3 4.859e3 5.372e3 4.309e3 4.447e3 4.184e3 4.314e3 3.969e3 4.191e3 3.906e3 4.847e3 5.377e3 4.903e3 3.749e3 4.834e3 6.261e3 6.956e3 6.328e3 6.570e3 6.524e3 6.670e3 6.759e3 6.024e3 5.993e3 5.686e3 6.141e3 5.843e3 5.328e3 6.592e3 6.937e3 6.813e3 6.857e3 7.038e3 8.522e3 8.987e3 8.550e3 8.358e3 7.715e3 6.891e3 7.753e3 6.842e3 6.226e3 6.156e3 7.976e3 6.445e3 5.732e3 6.304e3 6.123e3 6.838e3 6.017e3 6.529e3 5.877e3 6.113e3 6.163e3 5.728e3 5.246e3 6.395e3 6.258e3 5.466e3 6.161e3 6.803e3 7.969e3 8.035e3 8.331e3 9.394e3 8.541e3 8.927e3 9.260e3 8.595e3 8.511e3 7.820e3 
   3.25e6  482.5   892.7   1.556e3 1.914e3 2.195e3 2.394e3 1.805e3 2.369e3 2.249e3 2.068e3 3.634e3 3.483e3 3.859e3 4.381e3 4.858e3 5.753e3 3.618e3 4.231e3 5.072e3 4.974e3 4.955e3 5.352e3 5.129e3 5.621e3 4.534e3 4.673e3 4.412e3 4.531e3 4.186e3 4.399e3 4.126e3 5.088e3 5.616e3 5.156e3 4.108e3 5.231e3 6.615e3 7.328e3 6.690e3 6.927e3 6.906e3 7.029e3 7.112e3 6.368e3 6.313e3 5.997e3 6.467e3 6.167e3 5.632e3 6.989e3 7.259e3 7.166e3 7.238e3 7.572e3 8.935e3 9.426e3 8.961e3 8.848e3 8.116e3 7.217e3 8.158e3 7.261e3 6.542e3 6.484e3 8.399e3 6.828e3 6.068e3 6.626e3 6.448e3 7.231e3 6.317e3 6.903e3 6.208e3 6.453e3 6.506e3 6.042e3 5.538e3 6.740e3 6.639e3 5.794e3 6.519e3 7.236e3 8.345e3 8.468e3 8.691e3 9.835e3 8.985e3 9.467e3 9.775e3 9.075e3 9.000e3 8.395e3 
   3.50e6  510.8   949.0   1.624e3 1.986e3 2.288e3 2.499e3 1.904e3 2.503e3 2.397e3 2.201e3 3.786e3 3.624e3 4.019e3 4.566e3 5.026e3 5.988e3 3.949e3 4.522e3 5.339e3 5.196e3 5.184e3 5.609e3 5.391e3 5.859e3 4.755e3 4.892e3 4.638e3 4.741e3 4.398e3 4.598e3 4.343e3 5.322e3 5.845e3 5.399e3 4.465e3 5.623e3 6.959e3 7.685e3 7.040e3 7.276e3 7.284e3 7.377e3 7.451e3 6.700e3 6.620e3 6.303e3 6.783e3 6.482e3 5.938e3 7.373e3 7.566e3 7.505e3 7.606e3 8.095e3 9.331e3 9.846e3 9.355e3 9.317e3 8.499e3 7.539e3 8.547e3 7.669e3 6.855e3 6.808e3 8.801e3 7.204e3 6.393e3 6.938e3 6.765e3 7.613e3 6.609e3 7.266e3 6.535e3 6.785e3 6.842e3 6.345e3 5.827e3 7.076e3 7.009e3 6.118e3 6.871e3 7.660e3 8.706e3 8.889e3 9.044e3 10.26e3 9.417e3 9.997e3 10.27e3 9.539e3 9.476e3 8.964e3 
   3.75e6  540.2   1.003e3 1.687e3 2.055e3 2.378e3 2.600e3 2.006e3 2.634e3 2.541e3 2.334e3 3.931e3 3.761e3 4.171e3 4.739e3 5.183e3 6.206e3 4.279e3 4.811e3 5.595e3 5.409e3 5.406e3 5.858e3 5.645e3 6.087e3 4.970e3 5.105e3 4.860e3 4.945e3 4.605e3 4.789e3 4.555e3 5.550e3 6.065e3 5.633e3 4.817e3 6.007e3 7.294e3 8.027e3 7.379e3 7.618e3 7.656e3 7.715e3 7.776e3 7.021e3 6.915e3 6.605e3 7.090e3 6.787e3 6.245e3 7.745e3 7.860e3 7.833e3 7.963e3 8.604e3 9.709e3 10.25e3 9.733e3 9.765e3 8.865e3 7.859e3 8.921e3 8.067e3 7.165e3 7.129e3 9.182e3 7.572e3 6.708e3 7.243e3 7.074e3 7.984e3 6.895e3 7.618e3 6.858e3 7.109e3 7.171e3 6.640e3 6.112e3 7.405e3 7.368e3 6.438e3 7.216e3 8.073e3 9.054e3 9.297e3 9.391e3 10.66e3 9.839e3 10.52e3 10.75e3 9.989e3 9.937e3 9.526e3 
   4.00e6  570.6   1.056e3 1.746e3 2.122e3 2.465e3 2.697e3 2.108e3 2.762e3 2.680e3 2.466e3 4.070e3 3.893e3 4.315e3 4.901e3 5.331e3 6.407e3 4.606e3 5.096e3 5.840e3 5.614e3 5.621e3 6.101e3 5.891e3 6.307e3 5.180e3 5.312e3 5.080e3 5.144e3 4.806e3 4.973e3 4.763e3 5.772e3 6.277e3 5.859e3 5.164e3 6.383e3 7.619e3 8.353e3 7.708e3 7.952e3 8.021e3 8.043e3 8.089e3 7.331e3 7.199e3 6.901e3 7.387e3 7.084e3 6.552e3 8.104e3 8.142e3 8.151e3 8.307e3 9.098e3 10.07e3 10.63e3 10.10e3 10.19e3 9.216e3 8.174e3 9.281e3 8.455e3 7.471e3 7.446e3 9.544e3 7.933e3 7.013e3 7.541e3 7.375e3 8.343e3 7.174e3 7.960e3 7.176e3 7.427e3 7.494e3 6.926e3 6.394e3 7.725e3 7.716e3 6.754e3 7.554e3 8.477e3 9.390e3 9.695e3 9.731e3 11.05e3 10.25e3 11.03e3 11.21e3 10.43e3 10.39e3 10.08e3 
   4.50e6  633.9   1.154e3 1.853e3 2.246e3 2.630e3 2.881e3 2.316e3 3.009e3 2.946e3 2.726e3 4.331e3 4.146e3 4.580e3 5.196e3 5.602e3 6.766e3 5.240e3 5.649e3 6.298e3 6.001e3 6.032e3 6.568e3 6.362e3 6.723e3 5.585e3 5.709e3 5.507e3 5.527e3 5.195e3 5.325e3 5.168e3 6.197e3 6.677e3 6.288e3 5.837e3 7.107e3 8.242e3 8.966e3 8.335e3 8.599e3 8.726e3 8.669e3 8.681e3 7.920e3 7.738e3 7.476e3 7.959e3 7.653e3 7.162e3 8.786e3 8.678e3 8.759e3 8.955e3 10.04e3 10.75e3 11.35e3 10.78e3 10.98e3 9.879e3 8.794e3 9.961e3 9.200e3 8.074e3 8.068e3 10.22e3 8.632e3 7.595e3 8.118e3 7.954e3 9.030e3 7.719e3 8.615e3 7.799e3 8.043e3 8.122e3 7.480e3 6.948e3 8.346e3 8.385e3 7.373e3 8.214e3 9.256e3 10.03e3 10.46e3 10.39e3 11.79e3 11.04e3 12.02e3 12.09e3 11.26e3 11.24e3 11.15e3 
   5.00e6  699.3   1.245e3 1.948e3 2.360e3 2.784e3 3.052e3 2.524e3 3.242e3 3.194e3 2.980e3 4.572e3 4.384e3 4.820e3 5.457e3 5.844e3 7.077e3 5.837e3 6.174e3 6.718e3 6.362e3 6.417e3 7.010e3 6.803e3 7.111e3 5.971e3 6.087e3 5.916e3 5.892e3 5.567e3 5.659e3 5.559e3 6.601e3 7.050e3 6.690e3 6.479e3 7.791e3 8.830e3 9.528e3 8.923e3 9.218e3 9.393e3 9.261e3 9.229e3 8.471e3 8.242e3 8.028e3 8.501e3 8.192e3 7.761e3 9.423e3 9.181e3 9.334e3 9.549e3 10.91e3 11.38e3 12.01e3 11.42e3 11.70e3 10.49e3 9.396e3 10.59e3 9.908e3 8.660e3 8.674e3 10.83e3 9.300e3 8.145e3 8.671e3 8.507e3 9.673e3 8.245e3 9.234e3 8.404e3 8.633e3 8.727e3 8.014e3 7.487e3 8.941e3 9.017e3 7.977e3 8.850e3 9.996e3 10.64e3 11.18e3 11.03e3 12.47e3 11.80e3 12.96e3 12.91e3 12.04e3 12.05e3 12.18e3 
   5.50e6  765.5   1.328e3 2.031e3 2.466e3 2.926e3 3.210e3 2.730e3 3.462e3 3.426e3 3.227e3 4.797e3 4.609e3 5.038e3 5.689e3 6.063e3 7.349e3 6.393e3 6.667e3 7.103e3 6.698e3 6.781e3 7.429e3 7.216e3 7.473e3 6.337e3 6.446e3 6.308e3 6.241e3 5.923e3 5.979e3 5.937e3 6.985e3 7.400e3 7.066e3 7.087e3 8.431e3 9.383e3 10.04e3 9.475e3 9.809e3 10.02e3 9.819e3 9.740e3 8.987e3 8.715e3 8.557e3 9.017e3 8.703e3 8.343e3 10.02e3 9.655e3 9.879e3 10.09e3 11.71e3 11.96e3 12.62e3 12.01e3 12.33e3 11.07e3 9.977e3 11.18e3 10.58e3 9.229e3 9.263e3 11.39e3 9.937e3 8.665e3 9.203e3 9.035e3 10.27e3 8.755e3 9.820e3 8.989e3 9.200e3 9.310e3 8.531e3 8.013e3 9.512e3 9.618e3 8.565e3 9.463e3 10.70e3 11.21e3 11.86e3 11.63e3 13.11e3 12.52e3 13.86e3 13.68e3 12.77e3 12.81e3 13.16e3 
   6.00e6  831.6   1.404e3 2.106e3 2.565e3 3.057e3 3.357e3 2.934e3 3.669e3 3.644e3 3.466e3 5.006e3 4.823e3 5.237e3 5.897e3 6.263e3 7.588e3 6.904e3 7.128e3 7.457e3 7.013e3 7.124e3 7.826e3 7.603e3 7.813e3 6.685e3 6.788e3 6.681e3 6.575e3 6.264e3 6.288e3 6.301e3 7.352e3 7.730e3 7.421e3 7.660e3 9.029e3 9.905e3 10.52e3 9.993e3 10.37e3 10.61e3 10.35e3 10.22e3 9.472e3 9.161e3 9.064e3 9.508e3 9.189e3 8.906e3 10.58e3 10.10e3 10.40e3 10.58e3 12.44e3 12.50e3 13.19e3 12.56e3 12.90e3 11.61e3 10.54e3 11.73e3 11.22e3 9.779e3 9.834e3 11.91e3 10.54e3 9.160e3 9.716e3 9.541e3 10.84e3 9.251e3 10.38e3 9.554e3 9.746e3 9.873e3 9.034e3 8.526e3 10.06e3 10.19e3 9.139e3 10.06e3 11.37e3 11.76e3 12.50e3 12.21e3 13.71e3 13.21e3 14.72e3 14.40e3 13.47e3 13.52e3 14.08e3 
   6.50e6  896.5   1.473e3 2.173e3 2.657e3 3.178e3 3.495e3 3.132e3 3.864e3 3.848e3 3.697e3 5.202e3 5.026e3 5.420e3 6.085e3 6.446e3 7.801e3 7.372e3 7.558e3 7.784e3 7.309e3 7.449e3 8.201e3 7.964e3 8.132e3 7.016e3 7.115e3 7.037e3 6.896e3 6.592e3 6.587e3 6.653e3 7.702e3 8.042e3 7.756e3 8.199e3 9.586e3 10.40e3 10.96e3 10.48e3 10.91e3 11.17e3 10.85e3 10.66e3 9.928e3 9.582e3 9.550e3 9.977e3 9.651e3 9.447e3 11.10e3 10.53e3 10.89e3 11.02e3 13.12e3 13.01e3 13.72e3 13.09e3 13.40e3 12.12e3 11.07e3 12.25e3 11.83e3 10.31e3 10.39e3 12.39e3 11.11e3 9.633e3 10.21e3 10.03e3 11.36e3 9.733e3 10.90e3 10.10e3 10.27e3 10.42e3 9.524e3 9.025e3 10.59e3 10.73e3 9.698e3 10.63e3 12.00e3 12.28e3 13.11e3 12.77e3 14.28e3 13.87e3 15.53e3 15.07e3 14.12e3 14.20e3 14.95e3 
   7.00e6  959.6   1.537e3 2.233e3 2.744e3 3.290e3 3.623e3 3.323e3 4.046e3 4.039e3 3.919e3 5.387e3 5.218e3 5.589e3 6.256e3 6.616e3 7.992e3 7.799e3 7.959e3 8.086e3 7.589e3 7.757e3 8.557e3 8.301e3 8.433e3 7.332e3 7.428e3 7.375e3 7.204e3 6.907e3 6.878e3 6.993e3 8.037e3 8.338e3 8.074e3 8.706e3 10.10e3 10.86e3 11.36e3 10.94e3 11.43e3 11.69e3 11.32e3 11.08e3 10.36e3 9.982e3 10.02e3 10.43e3 10.09e3 9.964e3 11.59e3 10.94e3 11.36e3 11.43e3 13.73e3 13.48e3 14.22e3 13.58e3 13.85e3 12.60e3 11.58e3 12.74e3 12.41e3 10.83e3 10.92e3 12.84e3 11.66e3 10.09e3 10.69e3 10.49e3 11.84e3 10.20e3 11.40e3 10.62e3 10.77e3 10.94e3 10.00e3 9.511e3 11.10e3 11.25e3 10.24e3 11.18e3 12.60e3 12.79e3 13.69e3 13.30e3 14.82e3 14.49e3 16.31e3 15.71e3 14.74e3 14.83e3 15.76e3 
   8.00e6  1.079e3 1.651e3 2.338e3 2.902e3 3.489e3 3.854e3 3.682e3 4.375e3 4.386e3 4.334e3 5.724e3 5.577e3 5.891e3 6.555e3 6.923e3 8.323e3 8.544e3 8.677e3 8.626e3 8.102e3 8.327e3 9.212e3 8.912e3 8.988e3 7.921e3 8.015e3 8.005e3 7.786e3 7.502e3 7.438e3 7.641e3 8.668e3 8.889e3 8.665e3 9.631e3 11.03e3 11.70e3 12.08e3 11.77e3 12.38e3 12.63e3 12.19e3 11.85e3 11.15e3 10.73e3 10.89e3 11.27e3 10.91e3 10.93e3 12.49e3 11.71e3 12.24e3 12.13e3 14.82e3 14.35e3 15.13e3 14.48e3 14.62e3 13.50e3 12.54e3 13.64e3 13.49e3 11.80e3 11.95e3 13.66e3 12.65e3 10.94e3 11.61e3 11.37e3 12.72e3 11.11e3 12.34e3 11.62e3 11.73e3 11.95e3 10.93e3 10.44e3 12.06e3 12.23e3 11.28e3 12.22e3 13.72e3 13.74e3 14.75e3 14.29e3 15.81e3 15.67e3 17.73e3 16.87e3 15.89e3 16.00e3 17.23e3 
   9.00e6  1.187e3 1.748e3 2.427e3 3.042e3 3.660e3 4.057e3 4.008e3 4.661e3 4.694e3 4.713e3 6.027e3 5.904e3 6.155e3 6.810e3 7.195e3 8.602e3 9.164e3 9.299e3 9.096e3 8.565e3 8.845e3 9.801e3 9.447e3 9.489e3 8.459e3 8.557e3 8.577e3 8.326e3 8.054e3 7.970e3 8.246e3 9.251e3 9.393e3 9.204e3 10.45e3 11.84e3 12.45e3 12.71e3 12.51e3 13.24e3 13.46e3 12.98e3 12.53e3 11.86e3 11.41e3 11.70e3 12.05e3 11.67e3 11.80e3 13.29e3 12.42e3 13.05e3 12.72e3 15.76e3 15.13e3 15.94e3 15.29e3 15.24e3 14.32e3 13.42e3 14.44e3 14.49e3 12.71e3 12.90e3 14.39e3 13.54e3 11.75e3 12.47e3 12.20e3 13.48e3 11.97e3 13.19e3 12.53e3 12.62e3 12.89e3 11.81e3 11.33e3 12.95e3 13.12e3 12.27e3 13.19e3 14.73e3 14.63e3 15.72e3 15.19e3 16.72e3 16.75e3 19.00e3 17.91e3 16.92e3 17.05e3 18.50e3 
   10.0e6  1.284e3 1.834e3 2.503e3 3.168e3 3.806e3 4.237e3 4.298e3 4.909e3 4.968e3 5.056e3 6.299e3 6.203e3 6.389e3 7.033e3 7.440e3 8.843e3 9.682e3 9.838e3 9.508e3 8.985e3 9.317e3 10.33e3 9.918e3 9.944e3 8.953e3 9.058e3 9.098e3 8.829e3 8.570e3 8.476e3 8.814e3 9.792e3 9.859e3 9.700e3 11.19e3 12.54e3 13.12e3 13.26e3 13.17e3 14.01e3 14.19e3 13.70e3 13.15e3 12.51e3 12.03e3 12.44e3 12.77e3 12.37e3 12.59e3 14.02e3 13.07e3 13.79e3 13.24e3 16.58e3 15.84e3 16.68e3 16.03e3 15.76e3 15.08e3 14.23e3 15.18e3 15.40e3 13.56e3 13.80e3 15.06e3 14.33e3 12.50e3 13.29e3 12.96e3 14.16e3 12.79e3 13.98e3 13.38e3 13.45e3 13.77e3 12.65e3 12.17e3 13.77e3 13.95e3 13.20e3 14.09e3 15.65e3 15.46e3 16.58e3 16.03e3 17.55e3 17.73e3 20.14e3 18.84e3 17.87e3 18.01e3 19.61e3 
   11.0e6  1.371e3 1.909e3 2.570e3 3.282e3 3.933e3 4.396e3 4.556e3 5.125e3 5.213e3 5.366e3 6.545e3 6.478e3 6.599e3 7.230e3 7.664e3 9.056e3 10.12e3 10.31e3 9.874e3 9.368e3 9.749e3 10.81e3 10.34e3 10.36e3 9.408e3 9.523e3 9.575e3 9.298e3 9.051e3 8.958e3 9.346e3 10.30e3 10.29e3 10.16e3 11.86e3 13.15e3 13.71e3 13.75e3 13.76e3 14.71e3 14.85e3 14.35e3 13.72e3 13.10e3 12.61e3 13.13e3 13.44e3 13.01e3 13.31e3 14.68e3 13.68e3 14.48e3 13.73e3 17.33e3 16.49e3 17.34e3 16.71e3 16.22e3 15.79e3 14.97e3 15.86e3 16.25e3 14.35e3 14.64e3 15.67e3 15.04e3 13.22e3 14.06e3 13.69e3 14.75e3 13.57e3 14.70e3 14.16e3 14.23e3 14.61e3 13.45e3 12.97e3 14.54e3 14.72e3 14.07e3 14.92e3 16.50e3 16.25e3 17.37e3 16.80e3 18.33e3 18.64e3 21.14e3 19.70e3 18.74e3 18.88e3 20.57e3 
   12.0e6  1.448e3 1.976e3 2.630e3 3.384e3 4.044e3 4.538e3 4.784e3 5.312e3 5.435e3 5.646e3 6.768e3 6.730e3 6.790e3 7.408e3 7.870e3 9.247e3 10.49e3 10.72e3 10.20e3 9.720e3 10.15e3 11.24e3 10.71e3 10.74e3 9.827e3 9.957e3 10.01e3 9.738e3 9.501e3 9.417e3 9.845e3 10.77e3 10.70e3 10.59e3 12.46e3 13.69e3 14.24e3 14.18e3 14.30e3 15.33e3 15.43e3 14.94e3 14.24e3 13.65e3 13.15e3 13.77e3 14.06e3 13.61e3 13.96e3 15.28e3 14.26e3 15.11e3 14.18e3 18.01e3 17.08e3 17.96e3 17.34e3 16.63e3 16.44e3 15.65e3 16.48e3 17.03e3 15.09e3 15.43e3 16.23e3 15.70e3 13.90e3 14.79e3 14.37e3 15.28e3 14.32e3 15.38e3 14.89e3 14.96e3 15.40e3 14.21e3 13.72e3 15.26e3 15.45e3 14.88e3 15.70e3 17.28e3 16.99e3 18.09e3 17.52e3 19.05e3 19.48e3 22.04e3 20.48e3 19.54e3 19.67e3 21.42e3 
   13.0e6  1.518e3 2.037e3 2.684e3 3.478e3 4.141e3 4.665e3 4.986e3 5.475e3 5.636e3 5.899e3 6.972e3 6.963e3 6.965e3 7.570e3 8.061e3 9.421e3 10.80e3 11.07e3 10.50e3 10.04e3 10.51e3 11.63e3 11.05e3 11.10e3 10.22e3 10.36e3 10.41e3 10.15e3 9.924e3 9.853e3 10.31e3 11.21e3 11.07e3 10.99e3 13.01e3 14.16e3 14.72e3 14.57e3 14.78e3 15.89e3 15.96e3 15.49e3 14.71e3 14.15e3 13.66e3 14.37e3 14.64e3 14.18e3 14.55e3 15.83e3 14.79e3 15.71e3 14.62e3 18.64e3 17.64e3 18.53e3 17.92e3 17.01e3 17.05e3 16.28e3 17.06e3 17.76e3 15.78e3 16.17e3 16.77e3 16.30e3 14.55e3 15.49e3 15.01e3 15.77e3 15.03e3 16.01e3 15.57e3 15.64e3 16.15e3 14.94e3 14.44e3 15.92e3 16.12e3 15.65e3 16.42e3 18.00e3 17.69e3 18.74e3 18.20e3 19.72e3 20.25e3 22.84e3 21.20e3 20.29e3 20.41e3 22.16e3 
   14.0e6  1.581e3 2.092e3 2.733e3 3.562e3 4.226e3 4.780e3 5.165e3 5.618e3 5.820e3 6.127e3 7.158e3 7.178e3 7.127e3 7.718e3 8.240e3 9.581e3 11.07e3 11.38e3 10.76e3 10.35e3 10.85e3 11.98e3 11.35e3 11.43e3 10.58e3 10.74e3 10.79e3 10.54e3 10.32e3 10.27e3 10.75e3 11.62e3 11.43e3 11.37e3 13.52e3 14.58e3 15.14e3 14.92e3 15.21e3 16.40e3 16.43e3 15.98e3 15.15e3 14.61e3 14.14e3 14.93e3 15.19e3 14.70e3 15.08e3 16.34e3 15.30e3 16.26e3 15.06e3 19.24e3 18.15e3 19.05e3 18.46e3 17.37e3 17.63e3 16.87e3 17.60e3 18.44e3 16.43e3 16.86e3 17.26e3 16.86e3 15.17e3 16.15e3 15.62e3 16.22e3 15.70e3 16.60e3 16.20e3 16.29e3 16.85e3 15.64e3 15.13e3 16.54e3 16.76e3 16.37e3 17.09e3 18.67e3 18.36e3 19.33e3 18.84e3 20.36e3 20.96e3 23.55e3 21.87e3 20.99e3 21.09e3 22.83e3 
   15.0e6  1.637e3 2.142e3 2.777e3 3.640e3 4.301e3 4.883e3 5.324e3 5.744e3 5.989e3 6.334e3 7.329e3 7.376e3 7.277e3 7.856e3 8.408e3 9.729e3 11.30e3 11.65e3 11.01e3 10.62e3 11.16e3 12.30e3 11.62e3 11.73e3 10.91e3 11.09e3 11.13e3 10.90e3 10.69e3 10.66e3 11.17e3 12.01e3 11.77e3 11.72e3 13.99e3 14.96e3 15.53e3 15.23e3 15.60e3 16.85e3 16.86e3 16.44e3 15.56e3 15.04e3 14.58e3 15.45e3 15.70e3 15.19e3 15.58e3 16.81e3 15.77e3 16.78e3 15.49e3 19.79e3 18.63e3 19.54e3 18.96e3 17.71e3 18.17e3 17.42e3 18.11e3 19.07e3 17.05e3 17.51e3 17.74e3 17.40e3 15.76e3 16.78e3 16.20e3 16.63e3 16.35e3 17.16e3 16.79e3 16.90e3 17.52e3 16.30e3 15.78e3 17.12e3 17.36e3 17.04e3 17.71e3 19.29e3 18.99e3 19.88e3 19.45e3 20.96e3 21.62e3 24.18e3 22.49e3 21.64e3 21.73e3 23.43e3 
   16.0e6  1.688e3 2.188e3 2.819e3 3.710e3 4.369e3 4.976e3 5.467e3 5.856e3 6.145e3 6.520e3 7.485e3 7.559e3 7.416e3 7.985e3 8.566e3 9.866e3 11.50e3 11.89e3 11.23e3 10.88e3 11.45e3 12.58e3 11.88e3 12.02e3 11.23e3 11.42e3 11.45e3 11.24e3 11.04e3 11.03e3 11.56e3 12.37e3 12.09e3 12.06e3 14.42e3 15.30e3 15.87e3 15.52e3 15.96e3 17.25e3 17.26e3 16.86e3 15.94e3 15.45e3 15.00e3 15.93e3 16.18e3 15.65e3 16.03e3 17.26e3 16.22e3 17.26e3 15.92e3 20.31e3 19.08e3 20.00e3 19.44e3 18.03e3 18.67e3 17.93e3 18.58e3 19.66e3 17.63e3 18.13e3 18.18e3 17.90e3 16.32e3 17.39e3 16.75e3 17.02e3 16.96e3 17.68e3 17.35e3 17.47e3 18.16e3 16.93e3 16.39e3 17.67e3 17.93e3 17.66e3 18.29e3 19.87e3 19.59e3 20.38e3 20.02e3 21.53e3 22.23e3 24.75e3 23.07e3 22.25e3 22.33e3 23.98e3 
   17.0e6  1.735e3 2.231e3 2.857e3 3.775e3 4.429e3 5.060e3 5.596e3 5.956e3 6.289e3 6.689e3 7.629e3 7.729e3 7.547e3 8.106e3 8.715e3 9.995e3 11.68e3 12.10e3 11.44e3 11.12e3 11.72e3 12.85e3 12.11e3 12.29e3 11.52e3 11.73e3 11.75e3 11.57e3 11.37e3 11.39e3 11.92e3 12.72e3 12.39e3 12.37e3 14.82e3 15.60e3 16.19e3 15.79e3 16.29e3 17.62e3 17.62e3 17.25e3 16.29e3 15.82e3 15.40e3 16.39e3 16.63e3 16.09e3 16.44e3 17.67e3 16.65e3 17.71e3 16.34e3 20.80e3 19.50e3 20.42e3 19.88e3 18.35e3 19.15e3 18.41e3 19.03e3 20.22e3 18.17e3 18.70e3 18.61e3 18.38e3 16.86e3 17.96e3 17.27e3 17.39e3 17.55e3 18.18e3 17.88e3 18.01e3 18.76e3 17.53e3 16.98e3 18.18e3 18.47e3 18.25e3 18.83e3 20.41e3 20.16e3 20.85e3 20.57e3 22.07e3 22.79e3 25.26e3 23.62e3 22.82e3 22.89e3 24.48e3 
   18.0e6  1.776e3 2.270e3 2.892e3 3.834e3 4.482e3 5.136e3 5.713e3 6.045e3 6.422e3 6.842e3 7.761e3 7.886e3 7.671e3 8.220e3 8.856e3 10.12e3 11.83e3 12.28e3 11.62e3 11.35e3 11.97e3 13.08e3 12.32e3 12.53e3 11.79e3 12.03e3 12.03e3 11.87e3 11.69e3 11.73e3 12.27e3 13.04e3 12.67e3 12.68e3 15.20e3 15.87e3 16.47e3 16.03e3 16.59e3 17.94e3 17.95e3 17.61e3 16.62e3 16.18e3 15.78e3 16.81e3 17.05e3 16.50e3 16.83e3 18.05e3 17.05e3 18.14e3 16.76e3 21.27e3 19.90e3 20.82e3 20.30e3 18.66e3 19.61e3 18.86e3 19.45e3 20.73e3 18.69e3 19.24e3 19.01e3 18.85e3 17.38e3 18.51e3 17.76e3 17.74e3 18.10e3 18.65e3 18.38e3 18.52e3 19.33e3 18.11e3 17.54e3 18.67e3 18.99e3 18.80e3 19.34e3 20.92e3 20.71e3 21.28e3 21.09e3 22.58e3 23.32e3 25.71e3 24.13e3 23.36e3 23.42e3 24.94e3 
   20.0e6  1.849e3 2.340e3 2.956e3 3.937e3 4.575e3 5.269e3 5.915e3 6.197e3 6.662e3 7.108e3 7.995e3 8.166e3 7.897e3 8.430e3 9.117e3 10.34e3 12.07e3 12.57e3 11.96e3 11.76e3 12.42e3 13.50e3 12.70e3 12.99e3 12.29e3 12.56e3 12.53e3 12.43e3 12.26e3 12.35e3 12.90e3 13.63e3 13.21e3 13.23e3 15.86e3 16.33e3 16.96e3 16.47e3 17.12e3 18.50e3 18.53e3 18.25e3 17.23e3 16.82e3 16.47e3 17.58e3 17.82e3 17.25e3 17.52e3 18.76e3 17.79e3 18.92e3 17.58e3 22.11e3 20.63e3 21.55e3 21.06e3 19.26e3 20.44e3 19.68e3 20.23e3 21.68e3 19.63e3 20.24e3 19.77e3 19.72e3 18.35e3 19.52e3 18.69e3 18.40e3 19.14e3 19.52e3 19.31e3 19.46e3 20.39e3 19.17e3 18.58e3 19.56e3 19.94e3 19.80e3 20.26e3 21.85e3 21.72e3 22.04e3 22.06e3 23.54e3 24.27e3 26.50e3 25.06e3 24.36e3 24.38e3 25.78e3 
   22.5e6  1.919e3 2.414e3 3.024e3 4.043e3 4.668e3 5.404e3 6.121e3 6.350e3 6.917e3 7.376e3 8.239e3 8.461e3 8.148e3 8.665e3 9.407e3 10.58e3 12.29e3 12.84e3 12.32e3 12.20e3 12.89e3 13.91e3 13.11e3 13.48e3 12.83e3 13.14e3 13.07e3 13.05e3 12.89e3 13.04e3 13.59e3 14.29e3 13.80e3 13.86e3 16.57e3 16.80e3 17.46e3 16.93e3 17.68e3 19.05e3 19.13e3 18.92e3 17.88e3 17.53e3 17.24e3 18.42e3 18.66e3 18.09e3 18.26e3 19.53e3 18.62e3 19.77e3 18.56e3 23.02e3 21.43e3 22.34e3 21.90e3 19.96e3 21.36e3 20.58e3 21.09e3 22.71e3 20.68e3 21.32e3 20.62e3 20.73e3 19.44e3 20.67e3 19.72e3 19.16e3 20.30e3 20.49e3 20.35e3 20.51e3 21.56e3 20.37e3 19.75e3 20.56e3 21.00e3 20.89e3 21.27e3 22.88e3 22.85e3 22.87e3 23.15e3 24.61e3 25.28e3 27.30e3 26.09e3 25.46e3 25.45e3 26.71e3 
   25.0e6  1.972e3 2.475e3 3.081e3 4.129e3 4.742e3 5.511e3 6.285e3 6.470e3 7.130e3 7.589e3 8.438e3 8.705e3 8.369e3 8.874e3 9.663e3 10.79e3 12.43e3 13.01e3 12.62e3 12.58e3 13.29e3 14.24e3 13.45e3 13.90e3 13.29e3 13.63e3 13.53e3 13.58e3 13.44e3 13.64e3 14.18e3 14.85e3 14.33e3 14.41e3 17.16e3 17.16e3 17.87e3 17.33e3 18.14e3 19.48e3 19.63e3 19.48e3 18.45e3 18.14e3 17.91e3 19.13e3 19.38e3 18.81e3 18.89e3 20.21e3 19.36e3 20.51e3 19.47e3 23.79e3 22.12e3 23.03e3 22.63e3 20.62e3 22.17e3 21.36e3 21.85e3 23.59e3 21.60e3 22.26e3 21.39e3 21.65e3 20.43e3 21.69e3 20.65e3 19.88e3 21.32e3 21.36e3 21.28e3 21.43e3 22.60e3 21.44e3 20.78e3 21.45e3 21.95e3 21.83e3 22.14e3 23.79e3 23.86e3 23.58e3 24.12e3 25.57e3 26.14e3 27.95e3 26.98e3 26.43e3 26.39e3 27.52e3 
   27.5e6  2.009e3 2.525e3 3.130e3 4.196e3 4.801e3 5.597e3 6.414e3 6.564e3 7.308e3 7.758e3 8.599e3 8.905e3 8.566e3 9.062e3 9.889e3 10.97e3 12.51e3 13.13e3 12.88e3 12.90e3 13.62e3 14.51e3 13.75e3 14.26e3 13.68e3 14.06e3 13.93e3 14.05e3 13.91e3 14.17e3 14.70e3 15.35e3 14.80e3 14.91e3 17.64e3 17.45e3 18.20e3 17.66e3 18.52e3 19.81e3 20.04e3 19.94e3 18.95e3 18.67e3 18.50e3 19.75e3 20.00e3 19.46e3 19.44e3 20.80e3 20.01e3 21.15e3 20.29e3 24.44e3 22.72e3 23.62e3 23.27e3 21.23e3 22.89e3 22.04e3 22.52e3 24.35e3 22.41e3 23.08e3 22.09e3 22.48e3 21.31e3 22.60e3 21.47e3 20.54e3 22.23e3 22.14e3 22.11e3 22.24e3 23.51e3 22.38e3 21.71e3 22.25e3 22.80e3 22.64e3 22.90e3 24.59e3 24.75e3 24.20e3 24.98e3 26.43e3 26.89e3 28.49e3 27.77e3 27.28e3 27.22e3 28.25e3 
   30.0e6  2.034e3 2.566e3 3.171e3 4.250e3 4.849e3 5.665e3 6.514e3 6.639e3 7.456e3 7.892e3 8.730e3 9.070e3 8.742e3 9.232e3 10.09e3 11.14e3 12.55e3 13.19e3 13.10e3 13.17e3 13.89e3 14.71e3 14.00e3 14.56e3 14.02e3 14.42e3 14.28e3 14.46e3 14.33e3 14.63e3 15.14e3 15.77e3 15.22e3 15.35e3 18.03e3 17.68e3 18.48e3 17.96e3 18.85e3 20.08e3 20.38e3 20.33e3 19.38e3 19.13e3 19.02e3 20.27e3 20.54e3 20.02e3 19.93e3 21.33e3 20.59e3 21.71e3 21.03e3 24.97e3 23.25e3 24.13e3 23.83e3 21.79e3 23.52e3 22.64e3 23.11e3 25.00e3 23.12e3 23.79e3 22.72e3 23.24e3 22.10e3 23.42e3 22.21e3 21.17e3 23.03e3 22.85e3 22.85e3 22.95e3 24.31e3 23.22e3 22.53e3 22.97e3 23.55e3 23.35e3 23.58e3 25.30e3 25.55e3 24.74e3 25.75e3 27.20e3 27.53e3 28.95e3 28.47e3 28.04e3 27.96e3 28.91e3 
   32.5e6  2.047e3 2.599e3 3.205e3 4.292e3 4.888e3 5.719e3 6.591e3 6.698e3 7.579e3 7.996e3 8.836e3 9.204e3 8.899e3 9.385e3 10.27e3 11.28e3 12.57e3 13.22e3 13.28e3 13.41e3 14.11e3 14.87e3 14.21e3 14.83e3 14.32e3 14.73e3 14.57e3 14.81e3 14.70e3 15.03e3 15.53e3 16.15e3 15.60e3 15.75e3 18.36e3 17.86e3 18.71e3 18.22e3 19.13e3 20.28e3 20.66e3 20.65e3 19.75e3 19.54e3 19.47e3 20.72e3 21.01e3 20.52e3 20.35e3 21.79e3 21.10e3 22.20e3 21.69e3 25.41e3 23.71e3 24.57e3 24.32e3 22.30e3 24.07e3 23.17e3 23.64e3 25.56e3 23.75e3 24.41e3 23.29e3 23.92e3 22.82e3 24.14e3 22.87e3 21.75e3 23.74e3 23.49e3 23.52e3 23.59e3 25.02e3 23.96e3 23.26e3 23.63e3 24.23e3 23.99e3 24.19e3 25.94e3 26.26e3 25.23e3 26.43e3 27.89e3 28.08e3 29.36e3 29.08e3 28.72e3 28.61e3 29.50e3 
   35.0e6  2.052e3 2.625e3 3.234e3 4.323e3 4.919e3 5.761e3 6.648e3 6.745e3 7.682e3 8.078e3 8.919e3 9.312e3 9.040e3 9.524e3 10.42e3 11.40e3 12.56e3 13.21e3 13.44e3 13.61e3 14.30e3 14.99e3 14.40e3 15.05e3 14.57e3 15.00e3 14.83e3 15.12e3 15.02e3 15.38e3 15.86e3 16.47e3 15.94e3 16.11e3 18.62e3 18.00e3 18.90e3 18.45e3 19.37e3 20.45e3 20.89e3 20.91e3 20.08e3 19.90e3 19.87e3 21.11e3 21.41e3 20.96e3 20.74e3 22.20e3 21.56e3 22.62e3 22.28e3 25.76e3 24.11e3 24.95e3 24.75e3 22.78e3 24.56e3 23.63e3 24.11e3 26.05e3 24.30e3 24.95e3 23.80e3 24.53e3 23.45e3 24.78e3 23.46e3 22.30e3 24.37e3 24.07e3 24.12e3 24.15e3 25.65e3 24.62e3 23.92e3 24.24e3 24.84e3 24.55e3 24.74e3 26.52e3 26.89e3 25.68e3 27.03e3 28.52e3 28.58e3 29.71e3 29.62e3 29.32e3 29.20e3 30.04e3 
   37.5e6  2.050e3 2.646e3 3.257e3 4.347e3 4.943e3 5.793e3 6.688e3 6.781e3 7.766e3 8.140e3 8.983e3 9.398e3 9.166e3 9.649e3 10.56e3 11.50e3 12.53e3 13.19e3 13.57e3 13.78e3 14.45e3 15.09e3 14.56e3 15.24e3 14.78e3 15.23e3 15.05e3 15.39e3 15.30e3 15.68e3 16.15e3 16.76e3 16.24e3 16.43e3 18.83e3 18.11e3 19.07e3 18.66e3 19.57e3 20.59e3 21.08e3 21.13e3 20.36e3 20.21e3 20.22e3 21.44e3 21.75e3 21.35e3 21.08e3 22.56e3 21.97e3 22.99e3 22.79e3 26.05e3 24.46e3 25.28e3 25.13e3 23.21e3 24.99e3 24.03e3 24.52e3 26.47e3 24.79e3 25.42e3 24.27e3 25.08e3 24.03e3 25.35e3 23.99e3 22.81e3 24.93e3 24.60e3 24.66e3 24.66e3 26.20e3 25.21e3 24.50e3 24.79e3 25.38e3 25.05e3 25.23e3 27.03e3 27.45e3 26.09e3 27.58e3 29.08e3 29.01e3 30.04e3 30.10e3 29.85e3 29.72e3 30.52e3 
   40.0e6  2.042e3 2.661e3 3.275e3 4.363e3 4.962e3 5.817e3 6.715e3 6.809e3 7.835e3 8.186e3 9.031e3 9.464e3 9.278e3 9.762e3 10.68e3 11.60e3 12.50e3 13.15e3 13.68e3 13.92e3 14.57e3 15.16e3 14.70e3 15.40e3 14.97e3 15.42e3 15.24e3 15.62e3 15.55e3 15.94e3 16.40e3 17.00e3 16.51e3 16.72e3 19.01e3 18.20e3 19.21e3 18.85e3 19.76e3 20.70e3 21.23e3 21.31e3 20.61e3 20.48e3 20.53e3 21.72e3 22.05e3 21.70e3 21.38e3 22.88e3 22.33e3 23.32e3 23.24e3 26.27e3 24.77e3 25.56e3 25.47e3 23.60e3 25.37e3 24.39e3 24.89e3 26.82e3 25.22e3 25.83e3 24.69e3 25.56e3 24.54e3 25.86e3 24.47e3 23.30e3 25.42e3 25.08e3 25.14e3 25.10e3 26.69e3 25.73e3 25.03e3 25.29e3 25.87e3 25.51e3 25.69e3 27.50e3 27.95e3 26.47e3 28.07e3 29.59e3 29.40e3 30.34e3 30.53e3 30.33e3 30.18e3 30.97e3 
   45.0e6  2.013e3 2.678e3 3.301e3 4.379e3 4.984e3 5.845e3 6.734e3 6.845e3 7.934e3 8.239e3 9.088e3 9.550e3 9.469e3 9.955e3 10.88e3 11.74e3 12.41e3 13.05e3 13.85e3 14.15e3 14.73e3 15.24e3 14.91e3 15.64e3 15.26e3 15.71e3 15.54e3 15.99e3 15.95e3 16.35e3 16.81e3 17.40e3 16.97e3 17.22e3 19.26e3 18.31e3 19.45e3 19.18e3 20.06e3 20.87e3 21.44e3 21.57e3 21.02e3 20.93e3 21.03e3 22.17e3 22.52e3 22.28e3 21.91e3 23.41e3 22.95e3 23.84e3 23.96e3 26.55e3 25.26e3 26.01e3 26.01e3 24.27e3 25.99e3 24.96e3 25.50e3 27.39e3 25.93e3 26.50e3 25.42e3 26.36e3 25.41e3 26.70e3 25.27e3 24.16e3 26.25e3 25.92e3 25.96e3 25.86e3 27.49e3 26.60e3 25.91e3 26.16e3 26.69e3 26.30e3 26.50e3 28.30e3 28.78e3 27.16e3 28.91e3 30.45e3 30.07e3 30.86e3 31.23e3 31.12e3 30.96e3 31.73e3 
   50.0e6  1.972e3 2.682e3 3.313e3 4.378e3 4.991e3 5.851e3 6.720e3 6.860e3 7.994e3 8.252e3 9.102e3 9.587e3 9.618e3 10.11e3 11.04e3 11.84e3 12.31e3 12.92e3 13.96e3 14.30e3 14.81e3 15.26e3 15.06e3 15.79e3 15.46e3 15.91e3 15.76e3 16.25e3 16.25e3 16.65e3 17.10e3 17.70e3 17.34e3 17.62e3 19.42e3 18.37e3 19.63e3 19.46e3 20.30e3 20.98e3 21.55e3 21.73e3 21.32e3 21.27e3 21.40e3 22.48e3 22.85e3 22.73e3 22.33e3 23.81e3 23.43e3 24.22e3 24.50e3 26.68e3 25.62e3 26.32e3 26.43e3 24.81e3 26.46e3 25.40e3 25.98e3 27.79e3 26.48e3 26.99e3 26.02e3 26.97e3 26.10e3 27.36e3 25.92e3 24.91e3 26.91e3 26.62e3 26.62e3 26.46e3 28.10e3 27.27e3 26.61e3 26.89e3 27.35e3 26.97e3 27.19e3 28.96e3 29.43e3 27.77e3 29.61e3 31.16e3 30.62e3 31.32e3 31.78e3 31.75e3 31.57e3 32.34e3 
   55.0e6  1.924e3 2.675e3 3.315e3 4.363e3 4.984e3 5.841e3 6.683e3 6.860e3 8.022e3 8.236e3 9.085e3 9.587e3 9.734e3 10.23e3 11.15e3 11.91e3 12.21e3 12.78e3 14.03e3 14.39e3 14.84e3 15.24e3 15.15e3 15.88e3 15.59e3 16.04e3 15.91e3 16.44e3 16.48e3 16.85e3 17.31e3 17.91e3 17.64e3 17.94e3 19.52e3 18.39e3 19.78e3 19.70e3 20.49e3 21.06e3 21.58e3 21.81e3 21.54e3 21.51e3 21.67e3 22.68e3 23.07e3 23.07e3 22.68e3 24.12e3 23.81e3 24.49e3 24.88e3 26.69e3 25.88e3 26.53e3 26.73e3 25.25e3 26.81e3 25.72e3 26.35e3 28.07e3 26.89e3 27.36e3 26.50e3 27.41e3 26.65e3 27.85e3 26.43e3 25.55e3 27.43e3 27.21e3 27.14e3 26.93e3 28.56e3 27.79e3 27.17e3 27.48e3 27.88e3 27.54e3 27.79e3 29.49e3 29.92e3 28.32e3 30.18e3 31.72e3 31.08e3 31.72e3 32.20e3 32.24e3 32.06e3 32.84e3 
   60.0e6  1.873e3 2.660e3 3.308e3 4.340e3 4.967e3 5.819e3 6.629e3 6.849e3 8.026e3 8.200e3 9.043e3 9.559e3 9.822e3 10.33e3 11.22e3 11.94e3 12.11e3 12.64e3 14.06e3 14.43e3 14.82e3 15.20e3 15.20e3 15.92e3 15.67e3 16.10e3 16.00e3 16.56e3 16.64e3 16.98e3 17.45e3 18.05e3 17.87e3 18.20e3 19.58e3 18.39e3 19.90e3 19.92e3 20.64e3 21.11e3 21.56e3 21.83e3 21.69e3 21.69e3 21.86e3 22.81e3 23.21e3 23.33e3 22.95e3 24.33e3 24.10e3 24.68e3 25.13e3 26.61e3 26.05e3 26.66e3 26.96e3 25.59e3 27.06e3 25.94e3 26.62e3 28.25e3 27.19e3 27.62e3 26.89e3 27.72e3 27.07e3 28.23e3 26.83e3 26.10e3 27.85e3 27.70e3 27.54e3 27.31e3 28.89e3 28.19e3 27.60e3 27.97e3 28.29e3 28.03e3 28.30e3 29.92e3 30.30e3 28.82e3 30.66e3 32.17e3 31.47e3 32.06e3 32.51e3 32.62e3 32.43e3 33.24e3 
   65.0e6  1.820e3 2.639e3 3.295e3 4.310e3 4.942e3 5.788e3 6.564e3 6.829e3 8.010e3 8.148e3 8.982e3 9.509e3 9.884e3 10.40e3 11.27e3 11.95e3 12.00e3 12.50e3 14.05e3 14.45e3 14.76e3 15.13e3 15.22e3 15.92e3 15.71e3 16.12e3 16.05e3 16.62e3 16.75e3 17.06e3 17.54e3 18.15e3 18.05e3 18.40e3 19.61e3 18.37e3 19.99e3 20.11e3 20.77e3 21.14e3 21.50e3 21.80e3 21.78e3 21.80e3 21.99e3 22.87e3 23.29e3 23.52e3 23.15e3 24.48e3 24.31e3 24.79e3 25.28e3 26.47e3 26.15e3 26.72e3 27.11e3 25.85e3 27.23e3 26.09e3 26.81e3 28.35e3 27.40e3 27.79e3 27.19e3 27.92e3 27.39e3 28.50e3 27.13e3 26.57e3 28.19e3 28.11e3 27.85e3 27.60e3 29.12e3 28.49e3 27.94e3 28.35e3 28.61e3 28.45e3 28.75e3 30.27e3 30.58e3 29.28e3 31.05e3 32.53e3 31.81e3 32.37e3 32.73e3 32.90e3 32.71e3 33.56e3 
   70.0e6  1.767e3 2.613e3 3.278e3 4.274e3 4.909e3 5.749e3 6.490e3 6.802e3 7.978e3 8.085e3 8.907e3 9.444e3 9.926e3 10.45e3 11.30e3 11.94e3 11.90e3 12.37e3 14.03e3 14.43e3 14.69e3 15.05e3 15.20e3 15.88e3 15.71e3 16.10e3 16.06e3 16.65e3 16.81e3 17.08e3 17.59e3 18.19e3 18.18e3 18.56e3 19.63e3 18.35e3 20.07e3 20.28e3 20.88e3 21.16e3 21.40e3 21.74e3 21.83e3 21.87e3 22.05e3 22.88e3 23.30e3 23.65e3 23.31e3 24.57e3 24.47e3 24.85e3 25.35e3 26.29e3 26.20e3 26.72e3 27.20e3 26.04e3 27.33e3 26.17e3 26.94e3 28.39e3 27.54e3 27.90e3 27.43e3 28.04e3 27.62e3 28.68e3 27.36e3 26.96e3 28.47e3 28.45e3 28.07e3 27.83e3 29.26e3 28.70e3 28.19e3 28.65e3 28.85e3 28.82e3 29.14e3 30.54e3 30.77e3 29.69e3 31.38e3 32.81e3 32.10e3 32.62e3 32.88e3 33.10e3 32.91e3 33.80e3 
   80.0e6  1.664e3 2.553e3 3.231e3 4.193e3 4.826e3 5.656e3 6.331e3 6.732e3 7.879e3 7.936e3 8.728e3 9.280e3 9.959e3 10.50e3 11.30e3 11.88e3 11.70e3 12.12e3 13.93e3 14.33e3 14.49e3 14.86e3 15.11e3 15.73e3 15.63e3 15.98e3 16.00e3 16.59e3 16.84e3 17.02e3 17.58e3 18.19e3 18.34e3 18.76e3 19.61e3 18.27e3 20.17e3 20.56e3 21.03e3 21.16e3 21.13e3 21.53e3 21.82e3 21.89e3 22.07e3 22.79e3 23.22e3 23.78e3 23.49e3 24.60e3 24.63e3 24.83e3 25.32e3 25.84e3 26.17e3 26.61e3 27.25e3 26.27e3 27.38e3 26.18e3 27.05e3 28.32e3 27.64e3 27.95e3 27.74e3 28.05e3 27.89e3 28.84e3 27.64e3 27.55e3 28.88e3 28.96e3 28.33e3 28.11e3 29.35e3 28.92e3 28.49e3 29.05e3 29.16e3 29.40e3 29.77e3 30.89e3 30.97e3 30.41e3 31.87e3 33.19e3 32.56e3 33.03e3 33.00e3 33.31e3 33.14e3 34.11e3 
   90.0e6  1.569e3 2.487e3 3.174e3 4.106e3 4.728e3 5.549e3 6.165e3 6.648e3 7.748e3 7.773e3 8.526e3 9.091e3 9.938e3 10.49e3 11.24e3 11.77e3 11.51e3 11.90e3 13.77e3 14.17e3 14.26e3 14.65e3 14.95e3 15.51e3 15.47e3 15.79e3 15.86e3 16.45e3 16.78e3 16.86e3 17.48e3 18.09e3 18.39e3 18.85e3 19.58e3 18.18e3 20.22e3 20.79e3 21.12e3 21.12e3 20.80e3 21.25e3 21.71e3 21.79e3 21.96e3 22.60e3 23.02e3 23.77e3 23.52e3 24.49e3 24.65e3 24.68e3 25.12e3 25.34e3 26.01e3 26.38e3 27.18e3 26.34e3 27.27e3 26.06e3 27.01e3 28.14e3 27.56e3 27.85e3 27.88e3 27.88e3 27.96e3 28.81e3 27.73e3 27.94e3 29.17e3 29.31e3 28.40e3 28.24e3 29.25e3 28.96e3 28.59e3 29.23e3 29.29e3 29.83e3 30.23e3 31.05e3 30.97e3 30.99e3 32.19e3 33.37e3 32.91e3 33.29e3 32.96e3 33.34e3 33.19e3 34.23e3 
   100.e6  1.549e3 2.466e3 3.095e3 4.001e3 4.676e3 5.479e3 6.120e3 6.616e3 7.630e3 7.676e3 8.447e3 8.984e3 9.861e3 10.42e3 11.08e3 11.60e3 11.65e3 11.78e3 13.60e3 13.98e3 14.14e3 14.54e3 14.93e3 15.36e3 15.37e3 15.65e3 15.83e3 16.44e3 16.68e3 16.85e3 17.50e3 17.92e3 18.31e3 18.74e3 19.07e3 18.03e3 20.15e3 20.67e3 21.09e3 20.97e3 20.76e3 21.20e3 21.75e3 21.79e3 22.02e3 22.63e3 22.94e3 23.81e3 23.68e3 24.53e3 24.71e3 24.68e3 24.79e3 24.83e3 25.96e3 26.34e3 27.27e3 26.44e3 27.34e3 26.21e3 27.12e3 28.02e3 27.64e3 28.01e3 27.87e3 27.91e3 28.07e3 28.91e3 27.96e3 28.13e3 29.15e3 29.53e3 28.58e3 28.52e3 29.48e3 29.06e3 28.88e3 29.48e3 29.43e3 29.99e3 30.29e3 31.31e3 31.12e3 31.13e3 32.00e3 33.08e3 32.95e3 33.29e3 33.16e3 33.63e3 33.43e3 34.38e3 
   110.e6  1.508e3 2.412e3 2.983e3 3.859e3 4.569e3 5.349e3 6.009e3 6.511e3 7.426e3 7.501e3 8.274e3 8.785e3 9.673e3 10.23e3 10.81e3 11.31e3 11.64e3 11.57e3 13.29e3 13.64e3 13.87e3 14.29e3 14.73e3 15.06e3 15.11e3 15.36e3 15.64e3 16.25e3 16.42e3 16.66e3 17.33e3 17.58e3 18.05e3 18.46e3 18.48e3 17.75e3 19.88e3 20.35e3 20.84e3 20.64e3 20.53e3 20.96e3 21.57e3 21.56e3 21.86e3 22.44e3 22.64e3 23.61e3 23.57e3 24.31e3 24.51e3 24.44e3 24.27e3 24.18e3 25.66e3 26.05e3 27.08e3 26.29e3 27.12e3 26.09e3 26.95e3 27.66e3 27.45e3 27.87e3 27.60e3 27.68e3 27.91e3 28.73e3 27.92e3 28.05e3 28.87e3 29.45e3 28.51e3 28.54e3 29.43e3 28.89e3 28.89e3 29.44e3 29.30e3 29.87e3 30.07e3 31.26e3 30.96e3 30.99e3 31.58e3 32.55e3 32.70e3 33.00e3 33.04e3 33.58e3 33.35e3 34.22e3 
   120.e6  1.428e3 2.336e3 2.902e3 3.747e3 4.477e3 5.240e3 5.872e3 6.396e3 7.261e3 7.328e3 8.107e3 8.609e3 9.530e3 10.09e3 10.60e3 11.10e3 11.43e3 11.39e3 13.04e3 13.39e3 13.63e3 14.09e3 14.53e3 14.79e3 14.90e3 15.12e3 15.43e3 16.05e3 16.22e3 16.49e3 17.12e3 17.32e3 17.83e3 18.24e3 18.24e3 17.52e3 19.63e3 20.09e3 20.61e3 20.35e3 20.27e3 20.73e3 21.35e3 21.32e3 21.62e3 22.20e3 22.39e3 23.38e3 23.42e3 24.07e3 24.31e3 24.17e3 24.01e3 23.78e3 25.38e3 25.76e3 26.82e3 26.12e3 26.84e3 25.87e3 26.71e3 27.28e3 27.20e3 27.64e3 27.37e3 27.44e3 27.69e3 28.47e3 27.75e3 27.93e3 28.56e3 29.33e3 28.42e3 28.44e3 29.24e3 28.72e3 28.80e3 29.26e3 29.13e3 29.72e3 29.92e3 31.13e3 30.74e3 30.88e3 31.63e3 32.41e3 32.59e3 32.83e3 32.91e3 33.42e3 33.20e3 34.04e3 
   130.e6  1.359e3 2.265e3 2.824e3 3.641e3 4.382e3 5.130e3 5.741e3 6.284e3 7.094e3 7.161e3 7.937e3 8.433e3 9.375e3 9.933e3 10.38e3 10.87e3 11.23e3 11.21e3 12.78e3 13.13e3 13.37e3 13.89e3 14.30e3 14.50e3 14.67e3 14.86e3 15.21e3 15.83e3 16.00e3 16.29e3 16.88e3 17.06e3 17.59e3 17.99e3 18.02e3 17.30e3 19.36e3 19.81e3 20.34e3 20.04e3 20.00e3 20.48e3 21.09e3 21.05e3 21.36e3 21.93e3 22.11e3 23.12e3 23.21e3 23.78e3 24.06e3 23.86e3 23.72e3 23.39e3 25.07e3 25.44e3 26.52e3 25.90e3 26.52e3 25.59e3 26.41e3 26.88e3 26.91e3 27.35e3 27.08e3 27.17e3 27.42e3 28.14e3 27.53e3 27.73e3 28.22e3 29.14e3 28.27e3 28.27e3 28.99e3 28.50e3 28.65e3 29.02e3 28.91e3 29.50e3 29.70e3 30.92e3 30.47e3 30.69e3 31.61e3 32.22e3 32.41e3 32.59e3 32.71e3 33.19e3 32.98e3 33.80e3 
   140.e6  1.298e3 2.198e3 2.750e3 3.540e3 4.285e3 5.021e3 5.616e3 6.173e3 6.929e3 7.000e3 7.768e3 8.260e3 9.214e3 9.768e3 10.17e3 10.65e3 11.02e3 11.04e3 12.53e3 12.87e3 13.12e3 13.69e3 14.05e3 14.21e3 14.43e3 14.61e3 14.97e3 15.59e3 15.76e3 16.08e3 16.63e3 16.78e3 17.33e3 17.73e3 17.81e3 17.09e3 19.07e3 19.51e3 20.05e3 19.73e3 19.72e3 20.21e3 20.81e3 20.75e3 21.07e3 21.64e3 21.81e3 22.83e3 22.96e3 23.46e3 23.79e3 23.53e3 23.43e3 23.03e3 24.73e3 25.10e3 26.19e3 25.64e3 26.16e3 25.29e3 26.09e3 26.47e3 26.58e3 27.04e3 26.77e3 26.87e3 27.10e3 27.79e3 27.26e3 27.49e3 27.86e3 28.89e3 28.06e3 28.06e3 28.69e3 28.25e3 28.45e3 28.73e3 28.64e3 29.24e3 29.44e3 30.66e3 30.17e3 30.46e3 31.53e3 31.99e3 32.18e3 32.30e3 32.46e3 32.91e3 32.71e3 33.51e3 
   150.e6  1.244e3 2.134e3 2.679e3 3.445e3 4.187e3 4.913e3 5.498e3 6.064e3 6.766e3 6.847e3 7.600e3 8.091e3 9.049e3 9.597e3 9.950e3 10.43e3 10.82e3 10.88e3 12.27e3 12.62e3 12.86e3 13.48e3 13.80e3 13.93e3 14.18e3 14.35e3 14.73e3 15.35e3 15.52e3 15.85e3 16.37e3 16.50e3 17.06e3 17.45e3 17.60e3 16.88e3 18.77e3 19.21e3 19.74e3 19.41e3 19.43e3 19.93e3 20.51e3 20.45e3 20.77e3 21.34e3 21.50e3 22.51e3 22.66e3 23.13e3 23.48e3 23.19e3 23.12e3 22.68e3 24.39e3 24.75e3 25.85e3 25.36e3 25.79e3 24.96e3 25.74e3 26.06e3 26.23e3 26.70e3 26.43e3 26.55e3 26.76e3 27.40e3 26.97e3 27.20e3 27.48e3 28.60e3 27.82e3 27.82e3 28.36e3 27.96e3 28.20e3 28.40e3 28.36e3 28.95e3 29.16e3 30.34e3 29.85e3 30.18e3 31.39e3 31.72e3 31.91e3 31.98e3 32.17e3 32.58e3 32.40e3 33.20e3 
   160.e6  1.197e3 2.074e3 2.612e3 3.355e3 4.090e3 4.807e3 5.384e3 5.958e3 6.608e3 6.701e3 7.435e3 7.926e3 8.882e3 9.424e3 9.738e3 10.21e3 10.62e3 10.71e3 12.02e3 12.37e3 12.61e3 13.27e3 13.55e3 13.65e3 13.94e3 14.10e3 14.49e3 15.10e3 15.26e3 15.62e3 16.11e3 16.22e3 16.79e3 17.17e3 17.41e3 16.68e3 18.47e3 18.89e3 19.42e3 19.10e3 19.13e3 19.64e3 20.20e3 20.14e3 20.47e3 21.03e3 21.18e3 22.19e3 22.35e3 22.78e3 23.17e3 22.84e3 22.82e3 22.35e3 24.04e3 24.40e3 25.49e3 25.07e3 25.40e3 24.62e3 25.38e3 25.66e3 25.87e3 26.34e3 26.08e3 26.22e3 26.41e3 27.01e3 26.65e3 26.89e3 27.10e3 28.28e3 27.54e3 27.55e3 28.01e3 27.67e3 27.93e3 28.06e3 28.06e3 28.65e3 28.85e3 30.00e3 29.51e3 29.87e3 31.22e3 31.44e3 31.62e3 31.63e3 31.85e3 32.23e3 32.06e3 32.86e3 
   170.e6  1.155e3 2.017e3 2.548e3 3.269e3 3.995e3 4.703e3 5.276e3 5.854e3 6.455e3 6.561e3 7.274e3 7.767e3 8.715e3 9.250e3 9.531e3 9.994e3 10.42e3 10.55e3 11.77e3 12.12e3 12.37e3 13.07e3 13.29e3 13.37e3 13.69e3 13.85e3 14.24e3 14.85e3 15.01e3 15.38e3 15.84e3 15.95e3 16.51e3 16.89e3 17.22e3 16.48e3 18.17e3 18.58e3 19.09e3 18.79e3 18.84e3 19.35e3 19.89e3 19.82e3 20.16e3 20.71e3 20.86e3 21.86e3 22.01e3 22.43e3 22.84e3 22.49e3 22.52e3 22.04e3 23.68e3 24.04e3 25.13e3 24.76e3 25.01e3 24.28e3 25.01e3 25.26e3 25.50e3 25.98e3 25.72e3 25.89e3 26.04e3 26.61e3 26.32e3 26.55e3 26.72e3 27.94e3 27.25e3 27.26e3 27.65e3 27.36e3 27.64e3 27.71e3 27.75e3 28.32e3 28.53e3 29.63e3 29.16e3 29.55e3 31.02e3 31.14e3 31.30e3 31.26e3 31.50e3 31.87e3 31.71e3 32.50e3 
   180.e6  1.117e3 1.964e3 2.488e3 3.188e3 3.903e3 4.601e3 5.172e3 5.753e3 6.307e3 6.429e3 7.118e3 7.613e3 8.549e3 9.078e3 9.329e3 9.784e3 10.23e3 10.38e3 11.52e3 11.89e3 12.12e3 12.87e3 13.04e3 13.10e3 13.45e3 13.60e3 14.00e3 14.61e3 14.76e3 15.14e3 15.58e3 15.68e3 16.23e3 16.61e3 17.03e3 16.29e3 17.86e3 18.27e3 18.76e3 18.49e3 18.56e3 19.06e3 19.57e3 19.51e3 19.86e3 20.40e3 20.54e3 21.53e3 21.67e3 22.07e3 22.51e3 22.14e3 22.23e3 21.74e3 23.33e3 23.69e3 24.77e3 24.45e3 24.62e3 23.93e3 24.64e3 24.87e3 25.13e3 25.61e3 25.35e3 25.56e3 25.67e3 26.21e3 25.98e3 26.21e3 26.35e3 27.58e3 26.93e3 26.96e3 27.27e3 27.04e3 27.34e3 27.34e3 27.44e3 28.00e3 28.20e3 29.25e3 28.81e3 29.20e3 30.79e3 30.83e3 30.96e3 30.88e3 31.15e3 31.49e3 31.34e3 32.14e3 
   200.e6  1.053e3 1.865e3 2.376e3 3.038e3 3.726e3 4.406e3 4.976e3 5.558e3 6.029e3 6.183e3 6.819e3 7.321e3 8.225e3 8.738e3 8.943e3 9.384e3 9.855e3 10.06e3 11.06e3 11.44e3 11.66e3 12.46e3 12.55e3 12.59e3 12.99e3 13.14e3 13.52e3 14.13e3 14.26e3 14.67e3 15.06e3 15.16e3 15.68e3 16.05e3 16.68e3 15.91e3 17.27e3 17.65e3 18.10e3 17.92e3 18.00e3 18.48e3 18.95e3 18.89e3 19.25e3 19.78e3 19.91e3 20.86e3 20.96e3 21.37e3 21.83e3 21.45e3 21.66e3 21.18e3 22.65e3 23.00e3 24.05e3 23.81e3 23.86e3 23.24e3 23.91e3 24.12e3 24.40e3 24.88e3 24.63e3 24.91e3 24.93e3 25.43e3 25.30e3 25.50e3 25.63e3 26.85e3 26.28e3 26.34e3 26.52e3 26.42e3 26.71e3 26.62e3 26.81e3 27.33e3 27.53e3 28.45e3 28.12e3 28.50e3 30.28e3 30.19e3 30.27e3 30.10e3 30.41e3 30.71e3 30.60e3 31.39e3 
   225.e6  987.0   1.755e3 2.251e3 2.869e3 3.522e3 4.179e3 4.751e3 5.329e3 5.715e3 5.907e3 6.475e3 6.987e3 7.839e3 8.333e3 8.496e3 8.919e3 9.413e3 9.665e3 10.51e3 10.92e3 11.12e3 11.98e3 11.96e3 12.01e3 12.43e3 12.60e3 12.96e3 13.56e3 13.66e3 14.10e3 14.43e3 14.55e3 15.02e3 15.38e3 16.25e3 15.46e3 16.57e3 16.93e3 17.31e3 17.25e3 17.33e3 17.79e3 18.19e3 18.15e3 18.53e3 19.03e3 19.16e3 20.05e3 20.08e3 20.53e3 21.01e3 20.64e3 21.00e3 20.55e3 21.83e3 22.18e3 23.18e3 23.03e3 22.94e3 22.41e3 23.03e3 23.25e3 23.52e3 23.98e3 23.77e3 24.12e3 24.03e3 24.50e3 24.46e3 24.61e3 24.79e3 25.93e3 25.43e3 25.56e3 25.59e3 25.65e3 25.91e3 25.74e3 26.04e3 26.51e3 26.72e3 27.46e3 27.27e3 27.60e3 29.58e3 29.39e3 29.37e3 29.13e3 29.49e3 29.75e3 29.67e3 30.45e3 
   250.e6  933.1   1.658e3 2.140e3 2.720e3 3.339e3 3.971e3 4.543e3 5.115e3 5.434e3 5.661e3 6.161e3 6.684e3 7.478e3 7.954e3 8.089e3 8.495e3 9.003e3 9.278e3 10.01e3 10.45e3 10.63e3 11.51e3 11.42e3 11.48e3 11.92e3 12.10e3 12.44e3 13.03e3 13.10e3 13.55e3 13.84e3 13.99e3 14.39e3 14.75e3 15.83e3 15.02e3 15.91e3 16.25e3 16.57e3 16.64e3 16.71e3 17.13e3 17.47e3 17.46e3 17.86e3 18.32e3 18.45e3 19.27e3 19.24e3 19.73e3 20.21e3 19.88e3 20.39e3 19.97e3 21.07e3 21.42e3 22.37e3 22.27e3 22.09e3 21.64e3 22.20e3 22.45e3 22.69e3 23.13e3 22.95e3 23.38e3 23.18e3 23.63e3 23.65e3 23.75e3 24.02e3 25.03e3 24.58e3 24.79e3 24.70e3 24.91e3 25.12e3 24.90e3 25.30e3 25.73e3 25.93e3 26.49e3 26.46e3 26.72e3 28.83e3 28.61e3 28.49e3 28.19e3 28.58e3 28.81e3 28.77e3 29.53e3 
   275.e6  887.4   1.572e3 2.041e3 2.587e3 3.175e3 3.781e3 4.352e3 4.915e3 5.184e3 5.440e3 5.876e3 6.408e3 7.144e3 7.602e3 7.719e3 8.109e3 8.625e3 8.906e3 9.558e3 10.02e3 10.18e3 11.07e3 10.92e3 11.00e3 11.45e3 11.65e3 11.96e3 12.53e3 12.58e3 13.04e3 13.28e3 13.47e3 13.81e3 14.16e3 15.42e3 14.60e3 15.30e3 15.62e3 15.88e3 16.08e3 16.14e3 16.52e3 16.80e3 16.82e3 17.24e3 17.64e3 17.80e3 18.54e3 18.46e3 19.00e3 19.46e3 19.17e3 19.81e3 19.43e3 20.36e3 20.71e3 21.60e3 21.56e3 21.30e3 20.92e3 21.43e3 21.72e3 21.92e3 22.33e3 22.20e3 22.68e3 22.40e3 22.84e3 22.90e3 22.94e3 23.30e3 24.18e3 23.76e3 24.04e3 23.86e3 24.22e3 24.37e3 24.13e3 24.60e3 24.99e3 25.19e3 25.58e3 25.70e3 25.88e3 28.07e3 27.86e3 27.63e3 27.29e3 27.71e3 27.92e3 27.90e3 28.65e3 
   300.e6  847.5   1.495e3 1.953e3 2.468e3 3.028e3 3.608e3 4.175e3 4.728e3 4.960e3 5.240e3 5.617e3 6.157e3 6.836e3 7.277e3 7.382e3 7.757e3 8.279e3 8.551e3 9.141e3 9.625e3 9.774e3 10.65e3 10.47e3 10.56e3 11.01e3 11.24e3 11.52e3 12.07e3 12.09e3 12.56e3 12.77e3 12.99e3 13.27e3 13.61e3 15.02e3 14.20e3 14.74e3 15.05e3 15.24e3 15.56e3 15.61e3 15.95e3 16.17e3 16.23e3 16.66e3 17.02e3 17.19e3 17.86e3 17.73e3 18.33e3 18.75e3 18.52e3 19.28e3 18.92e3 19.70e3 20.06e3 20.88e3 20.88e3 20.57e3 20.25e3 20.72e3 21.05e3 21.21e3 21.58e3 21.50e3 22.02e3 21.67e3 22.11e3 22.19e3 22.17e3 22.64e3 23.39e3 22.96e3 23.33e3 23.08e3 23.56e3 23.65e3 23.40e3 23.94e3 24.29e3 24.48e3 24.72e3 24.98e3 25.09e3 27.31e3 27.13e3 26.80e3 26.45e3 26.88e3 27.07e3 27.08e3 27.80e3 
   325.e6  811.7   1.425e3 1.873e3 2.361e3 2.896e3 3.450e3 4.009e3 4.553e3 4.758e3 5.058e3 5.381e3 5.927e3 6.552e3 6.978e3 7.075e3 7.437e3 7.962e3 8.215e3 8.761e3 9.266e3 9.401e3 10.25e3 10.05e3 10.17e3 10.61e3 10.86e3 11.11e3 11.65e3 11.65e3 12.11e3 12.29e3 12.55e3 12.77e3 13.10e3 14.62e3 13.82e3 14.22e3 14.52e3 14.65e3 15.08e3 15.12e3 15.42e3 15.59e3 15.69e3 16.12e3 16.43e3 16.62e3 17.23e3 17.07e3 17.70e3 18.09e3 17.92e3 18.78e3 18.44e3 19.10e3 19.45e3 20.21e3 20.24e3 19.91e3 19.64e3 20.06e3 20.43e3 20.56e3 20.88e3 20.85e3 21.41e3 21.00e3 21.44e3 21.53e3 21.47e3 22.03e3 22.64e3 22.21e3 22.66e3 22.36e3 22.94e3 22.98e3 22.74e3 23.31e3 23.63e3 23.83e3 23.93e3 24.31e3 24.34e3 26.57e3 26.43e3 26.01e3 25.66e3 26.10e3 26.28e3 26.31e3 26.99e3 
   350.e6  779.2   1.361e3 1.801e3 2.264e3 2.778e3 3.306e3 3.855e3 4.389e3 4.575e3 4.890e3 5.166e3 5.716e3 6.292e3 6.702e3 6.795e3 7.144e3 7.673e3 7.901e3 8.414e3 8.938e3 9.060e3 9.880e3 9.673e3 9.809e3 10.25e3 10.51e3 10.73e3 11.26e3 11.24e3 11.69e3 11.84e3 12.15e3 12.31e3 12.64e3 14.22e3 13.44e3 13.75e3 14.03e3 14.11e3 14.63e3 14.66e3 14.92e3 15.04e3 15.19e3 15.62e3 15.88e3 16.10e3 16.64e3 16.46e3 17.14e3 17.48e3 17.37e3 18.31e3 17.98e3 18.53e3 18.89e3 19.59e3 19.64e3 19.29e3 19.07e3 19.46e3 19.85e3 19.95e3 20.23e3 20.25e3 20.84e3 20.38e3 20.82e3 20.91e3 20.81e3 21.46e3 21.95e3 21.49e3 22.02e3 21.69e3 22.36e3 22.34e3 22.12e3 22.72e3 23.02e3 23.21e3 23.19e3 23.68e3 23.64e3 25.84e3 25.76e3 25.27e3 24.92e3 25.37e3 25.54e3 25.58e3 26.23e3 
   375.e6  749.1   1.303e3 1.734e3 2.175e3 2.671e3 3.174e3 3.711e3 4.235e3 4.409e3 4.735e3 4.969e3 5.521e3 6.052e3 6.449e3 6.539e3 6.877e3 7.409e3 7.607e3 8.096e3 8.636e3 8.747e3 9.530e3 9.327e3 9.484e3 9.906e3 10.19e3 10.39e3 10.89e3 10.86e3 11.31e3 11.43e3 11.78e3 11.89e3 12.20e3 13.83e3 13.09e3 13.31e3 13.58e3 13.61e3 14.22e3 14.24e3 14.47e3 14.54e3 14.73e3 15.16e3 15.36e3 15.62e3 16.09e3 15.91e3 16.61e3 16.91e3 16.86e3 17.86e3 17.54e3 18.01e3 18.36e3 19.01e3 19.08e3 18.73e3 18.55e3 18.90e3 19.32e3 19.40e3 19.63e3 19.70e3 20.30e3 19.81e3 20.25e3 20.34e3 20.21e3 20.93e3 21.32e3 20.82e3 21.42e3 21.08e3 21.80e3 21.74e3 21.54e3 22.16e3 22.44e3 22.63e3 22.52e3 23.09e3 22.99e3 25.13e3 25.12e3 24.56e3 24.23e3 24.68e3 24.84e3 24.90e3 25.52e3 
   400.e6  720.9   1.250e3 1.673e3 2.095e3 2.575e3 3.054e3 3.577e3 4.090e3 4.257e3 4.590e3 4.789e3 5.341e3 5.831e3 6.215e3 6.305e3 6.631e3 7.167e3 7.335e3 7.804e3 8.357e3 8.460e3 9.202e3 9.011e3 9.186e3 9.593e3 9.890e3 10.07e3 10.55e3 10.51e3 10.95e3 11.05e3 11.43e3 11.49e3 11.80e3 13.46e3 12.75e3 12.90e3 13.17e3 13.15e3 13.83e3 13.84e3 14.04e3 14.08e3 14.31e3 14.73e3 14.88e3 15.17e3 15.58e3 15.41e3 16.13e3 16.37e3 16.39e3 17.43e3 17.12e3 17.52e3 17.87e3 18.47e3 18.55e3 18.21e3 18.07e3 18.38e3 18.82e3 18.88e3 19.08e3 19.18e3 19.79e3 19.28e3 19.73e3 19.81e3 19.65e3 20.43e3 20.72e3 20.20e3 20.86e3 20.51e3 21.28e3 21.19e3 21.01e3 21.63e3 21.90e3 22.08e3 21.90e3 22.53e3 22.38e3 24.45e3 24.51e3 23.89e3 23.59e3 24.03e3 24.19e3 24.25e3 24.84e3 
   450.e6  669.4   1.154e3 1.565e3 1.954e3 2.408e3 2.844e3 3.332e3 3.826e3 3.986e3 4.328e3 4.471e3 5.018e3 5.439e3 5.800e3 5.890e3 6.197e3 6.742e3 6.853e3 7.289e3 7.858e3 7.951e3 8.606e3 8.455e3 8.662e3 9.033e3 9.349e3 9.497e3 9.941e3 9.884e3 10.30e3 10.36e3 10.81e3 10.79e3 11.09e3 12.72e3 12.11e3 12.18e3 12.44e3 12.35e3 13.11e3 13.12e3 13.28e3 13.25e3 13.55e3 13.96e3 14.01e3 14.37e3 14.67e3 14.54e3 15.27e3 15.42e3 15.54e3 16.62e3 16.32e3 16.63e3 16.98e3 17.49e3 17.59e3 17.28e3 17.20e3 17.45e3 17.91e3 17.95e3 18.09e3 18.26e3 18.85e3 18.34e3 18.78e3 18.84e3 18.66e3 19.50e3 19.67e3 19.06e3 19.83e3 19.50e3 20.32e3 20.17e3 20.05e3 20.66e3 20.90e3 21.07e3 20.80e3 21.51e3 21.28e3 23.17e3 23.35e3 22.68e3 22.43e3 22.85e3 23.01e3 23.08e3 23.60e3 
   500.e6  622.8   1.071e3 1.471e3 1.835e3 2.267e3 2.667e3 3.117e3 3.591e3 3.751e3 4.095e3 4.200e3 4.736e3 5.103e3 5.444e3 5.536e3 5.827e3 6.380e3 6.448e3 6.850e3 7.424e3 7.514e3 8.083e3 7.984e3 8.215e3 8.549e3 8.872e3 9.000e3 9.402e3 9.348e3 9.738e3 9.762e3 10.27e3 10.19e3 10.47e3 12.03e3 11.54e3 11.56e3 11.81e3 11.66e3 12.47e3 12.49e3 12.61e3 12.53e3 12.90e3 13.28e3 13.25e3 13.67e3 13.89e3 13.83e3 14.53e3 14.60e3 14.81e3 15.87e3 15.57e3 15.85e3 16.18e3 16.63e3 16.73e3 16.48e3 16.44e3 16.65e3 17.10e3 17.13e3 17.23e3 17.44e3 18.00e3 17.53e3 17.94e3 17.99e3 17.81e3 18.65e3 18.75e3 18.07e3 18.91e3 18.63e3 19.45e3 19.27e3 19.19e3 19.77e3 20.00e3 20.17e3 19.87e3 20.59e3 20.33e3 22.00e3 22.29e3 21.59e3 21.42e3 21.81e3 21.97e3 22.03e3 22.50e3 
   550.e6  580.3   999.2   1.388e3 1.733e3 2.145e3 2.516e3 2.928e3 3.381e3 3.544e3 3.885e3 3.965e3 4.487e3 4.814e3 5.137e3 5.230e3 5.506e3 6.068e3 6.109e3 6.472e3 7.043e3 7.133e3 7.624e3 7.581e3 7.827e3 8.125e3 8.447e3 8.563e3 8.924e3 8.883e3 9.244e3 9.241e3 9.800e3 9.664e3 9.938e3 11.39e3 11.01e3 11.02e3 11.26e3 11.08e3 11.89e3 11.92e3 12.02e3 11.90e3 12.33e3 12.67e3 12.57e3 13.05e3 13.20e3 13.22e3 13.88e3 13.88e3 14.17e3 15.16e3 14.88e3 15.15e3 15.47e3 15.87e3 15.97e3 15.77e3 15.77e3 15.94e3 16.37e3 16.41e3 16.48e3 16.71e3 17.24e3 16.81e3 17.20e3 17.23e3 17.07e3 17.87e3 17.94e3 17.21e3 18.10e3 17.87e3 18.65e3 18.47e3 18.43e3 18.96e3 19.18e3 19.35e3 19.07e3 19.76e3 19.49e3 20.93e3 21.30e3 20.63e3 20.53e3 20.88e3 21.04e3 21.09e3 21.52e3 
   600.e6  541.6   935.5   1.314e3 1.644e3 2.039e3 2.386e3 2.760e3 3.193e3 3.358e3 3.693e3 3.761e3 4.265e3 4.561e3 4.869e3 4.964e3 5.227e3 5.796e3 5.826e3 6.145e3 6.704e3 6.799e3 7.220e3 7.232e3 7.487e3 7.750e3 8.064e3 8.175e3 8.496e3 8.476e3 8.807e3 8.785e3 9.376e3 9.206e3 9.470e3 10.79e3 10.53e3 10.54e3 10.77e3 10.57e3 11.36e3 11.41e3 11.50e3 11.35e3 11.83e3 12.13e3 11.98e3 12.50e3 12.60e3 12.71e3 13.31e3 13.25e3 13.60e3 14.50e3 14.24e3 14.52e3 14.83e3 15.19e3 15.28e3 15.15e3 15.16e3 15.31e3 15.71e3 15.76e3 15.82e3 16.05e3 16.53e3 16.17e3 16.53e3 16.55e3 16.43e3 17.15e3 17.23e3 16.45e3 17.37e3 17.21e3 17.91e3 17.75e3 17.73e3 18.21e3 18.43e3 18.60e3 18.37e3 18.99e3 18.75e3 19.96e3 20.38e3 19.77e3 19.73e3 20.05e3 20.21e3 20.24e3 20.63e3 
   650.e6  506.2   879.0   1.248e3 1.566e3 1.944e3 2.273e3 2.612e3 3.024e3 3.190e3 3.518e3 3.582e3 4.065e3 4.339e3 4.633e3 4.730e3 4.982e3 5.554e3 5.591e3 5.858e3 6.399e3 6.501e3 6.863e3 6.926e3 7.184e3 7.416e3 7.716e3 7.826e3 8.111e3 8.116e3 8.419e3 8.383e3 8.995e3 8.803e3 9.058e3 10.23e3 10.09e3 10.11e3 10.34e3 10.12e3 10.87e3 10.94e3 11.04e3 10.87e3 11.37e3 11.64e3 11.44e3 12.00e3 12.06e3 12.26e3 12.79e3 12.69e3 13.08e3 13.88e3 13.64e3 13.95e3 14.24e3 14.57e3 14.65e3 14.59e3 14.61e3 14.74e3 15.10e3 15.17e3 15.23e3 15.46e3 15.89e3 15.59e3 15.91e3 15.93e3 15.86e3 16.48e3 16.59e3 15.79e3 16.71e3 16.62e3 17.23e3 17.09e3 17.10e3 17.52e3 17.75e3 17.90e3 17.76e3 18.29e3 18.08e3 19.07e3 19.52e3 18.99e3 19.02e3 19.30e3 19.46e3 19.46e3 19.84e3 
   700.e6  474.1   828.7   1.188e3 1.497e3 1.858e3 2.174e3 2.480e3 2.872e3 3.037e3 3.357e3 3.423e3 3.884e3 4.142e3 4.424e3 4.522e3 4.764e3 5.337e3 5.392e3 5.605e3 6.124e3 6.233e3 6.546e3 6.654e3 6.910e3 7.115e3 7.398e3 7.510e3 7.762e3 7.795e3 8.071e3 8.027e3 8.650e3 8.446e3 8.692e3 9.725e3 9.694e3 9.727e3 9.955e3 9.733e3 10.42e3 10.52e3 10.62e3 10.44e3 10.96e3 11.20e3 10.97e3 11.55e3 11.59e3 11.86e3 12.32e3 12.19e3 12.62e3 13.29e3 13.08e3 13.43e3 13.69e3 14.01e3 14.08e3 14.08e3 14.11e3 14.23e3 14.54e3 14.63e3 14.71e3 14.91e3 15.29e3 15.07e3 15.34e3 15.36e3 15.35e3 15.86e3 16.02e3 15.21e3 16.11e3 16.08e3 16.60e3 16.50e3 16.51e3 16.89e3 17.11e3 17.26e3 17.21e3 17.63e3 17.49e3 18.26e3 18.72e3 18.29e3 18.37e3 18.62e3 18.78e3 18.76e3 19.12e3 
   800.e6  418.7   743.7   1.084e3 1.380e3 1.707e3 2.007e3 2.258e3 2.610e3 2.768e3 3.072e3 3.154e3 3.569e3 3.808e3 4.069e3 4.170e3 4.395e3 4.956e3 5.076e3 5.179e3 5.645e3 5.769e3 6.012e3 6.187e3 6.431e3 6.591e3 6.834e3 6.957e3 7.151e3 7.244e3 7.471e3 7.427e3 8.041e3 7.840e3 8.072e3 8.834e3 8.992e3 9.055e3 9.278e3 9.071e3 9.623e3 9.767e3 9.892e3 9.712e3 10.24e3 10.41e3 10.16e3 10.77e3 10.79e3 11.18e3 11.49e3 11.35e3 11.80e3 12.22e3 12.09e3 12.50e3 12.73e3 13.03e3 13.08e3 13.17e3 13.21e3 13.32e3 13.54e3 13.67e3 13.79e3 13.92e3 14.21e3 14.13e3 14.32e3 14.35e3 14.45e3 14.72e3 15.00e3 14.23e3 15.06e3 15.15e3 15.47e3 15.45e3 15.45e3 15.75e3 15.96e3 16.11e3 16.24e3 16.45e3 16.44e3 16.85e3 17.29e3 17.07e3 17.23e3 17.41e3 17.57e3 17.51e3 17.87e3 
   900.e6  374.3   675.8   996.3   1.283e3 1.577e3 1.868e3 2.081e3 2.394e3 2.542e3 2.828e3 2.935e3 3.303e3 3.532e3 3.775e3 3.883e3 4.094e3 4.625e3 4.823e3 4.834e3 5.239e3 5.375e3 5.577e3 5.793e3 6.016e3 6.145e3 6.349e3 6.483e3 6.635e3 6.781e3 6.969e3 6.942e3 7.516e3 7.345e3 7.565e3 8.099e3 8.392e3 8.480e3 8.697e3 8.526e3 8.934e3 9.118e3 9.272e3 9.113e3 9.619e3 9.731e3 9.491e3 10.09e3 10.12e3 10.57e3 10.77e3 10.65e3 11.08e3 11.28e3 11.25e3 11.69e3 11.89e3 12.18e3 12.22e3 12.38e3 12.41e3 12.52e3 12.67e3 12.83e3 13.00e3 13.05e3 13.28e3 13.30e3 13.41e3 13.47e3 13.67e3 13.73e3 14.11e3 13.44e3 14.16e3 14.33e3 14.47e3 14.53e3 14.50e3 14.76e3 14.96e3 15.10e3 15.40e3 15.42e3 15.53e3 15.68e3 16.06e3 16.03e3 16.25e3 16.37e3 16.53e3 16.44e3 16.79e3 
   1.00e9  339.7   621.6   922.3   1.199e3 1.464e3 1.749e3 1.938e3 2.216e3 2.355e3 2.620e3 2.753e3 3.075e3 3.298e3 3.526e3 3.645e3 3.843e3 4.328e3 4.592e3 4.546e3 4.889e3 5.033e3 5.213e3 5.444e3 5.644e3 5.757e3 5.928e3 6.070e3 6.194e3 6.378e3 6.538e3 6.543e3 7.053e3 6.930e3 7.139e3 7.502e3 7.869e3 7.973e3 8.183e3 8.062e3 8.341e3 8.550e3 8.728e3 8.610e3 9.062e3 9.136e3 8.940e3 9.491e3 9.568e3 10.00e3 10.13e3 10.06e3 10.45e3 10.48e3 10.55e3 10.98e3 11.15e3 11.45e3 11.48e3 11.67e3 11.69e3 11.81e3 11.90e3 12.08e3 12.30e3 12.28e3 12.46e3 12.56e3 12.61e3 12.69e3 12.95e3 12.87e3 13.32e3 12.77e3 13.37e3 13.58e3 13.60e3 13.72e3 13.66e3 13.89e3 14.07e3 14.20e3 14.62e3 14.51e3 14.71e3 14.70e3 15.01e3 15.13e3 15.37e3 15.46e3 15.60e3 15.50e3 15.86e3 
   1.10e9  314.0   578.7   859.8   1.124e3 1.364e3 1.641e3 1.822e3 2.068e3 2.203e3 2.444e3 2.600e3 2.879e3 3.095e3 3.310e3 3.444e3 3.632e3 4.058e3 4.351e3 4.300e3 4.585e3 4.728e3 4.898e3 5.123e3 5.300e3 5.411e3 5.559e3 5.704e3 5.814e3 6.016e3 6.159e3 6.209e3 6.636e3 6.573e3 6.773e3 7.026e3 7.403e3 7.515e3 7.716e3 7.654e3 7.829e3 8.047e3 8.238e3 8.176e3 8.552e3 8.606e3 8.476e3 8.950e3 9.089e3 9.452e3 9.553e3 9.544e3 9.863e3 9.819e3 9.964e3 10.35e3 10.50e3 10.80e3 10.83e3 11.02e3 11.03e3 11.15e3 11.23e3 11.40e3 11.64e3 11.58e3 11.74e3 11.87e3 11.89e3 11.98e3 12.27e3 12.13e3 12.59e3 12.18e3 12.65e3 12.87e3 12.83e3 12.98e3 12.90e3 13.13e3 13.29e3 13.41e3 13.87e3 13.70e3 13.95e3 13.88e3 14.12e3 14.33e3 14.56e3 14.63e3 14.77e3 14.68e3 15.02e3 
   1.20e9  296.0   545.4   807.2   1.055e3 1.277e3 1.540e3 1.726e3 1.946e3 2.085e3 2.298e3 2.469e3 2.710e3 2.914e3 3.116e3 3.272e3 3.451e3 3.810e3 4.078e3 4.085e3 4.319e3 4.453e3 4.615e3 4.820e3 4.976e3 5.097e3 5.235e3 5.376e3 5.486e3 5.684e3 5.818e3 5.924e3 6.256e3 6.261e3 6.451e3 6.653e3 6.979e3 7.093e3 7.283e3 7.284e3 7.392e3 7.598e3 7.786e3 7.796e3 8.078e3 8.129e3 8.081e3 8.451e3 8.666e3 8.908e3 9.024e3 9.080e3 9.322e3 9.284e3 9.493e3 9.787e3 9.927e3 10.21e3 10.24e3 10.42e3 10.43e3 10.55e3 10.63e3 10.78e3 11.01e3 10.96e3 11.12e3 11.23e3 11.25e3 11.34e3 11.61e3 11.50e3 11.91e3 11.64e3 11.98e3 12.18e3 12.16e3 12.29e3 12.23e3 12.45e3 12.59e3 12.71e3 13.13e3 12.99e3 13.23e3 13.19e3 13.39e3 13.60e3 13.80e3 13.87e3 13.99e3 13.94e3 14.25e3 
   1.30e9  284.9   520.2   763.4   989.5   1.202e3 1.442e3 1.646e3 1.846e3 2.001e3 2.179e3 2.356e3 2.563e3 2.749e3 2.941e3 3.123e3 3.295e3 3.581e3 3.759e3 3.894e3 4.083e3 4.201e3 4.351e3 4.526e3 4.666e3 4.809e3 4.951e3 5.082e3 5.202e3 5.370e3 5.506e3 5.677e3 5.904e3 5.982e3 6.164e3 6.369e3 6.583e3 6.699e3 6.874e3 6.940e3 7.021e3 7.195e3 7.360e3 7.454e3 7.630e3 7.696e3 7.741e3 7.986e3 8.287e3 8.364e3 8.537e3 8.653e3 8.813e3 8.875e3 9.120e3 9.279e3 9.422e3 9.679e3 9.720e3 9.850e3 9.871e3 9.983e3 10.09e3 10.21e3 10.39e3 10.39e3 10.57e3 10.62e3 10.69e3 10.76e3 10.96e3 10.98e3 11.28e3 11.13e3 11.35e3 11.49e3 11.57e3 11.66e3 11.62e3 11.85e3 11.98e3 12.09e3 12.38e3 12.36e3 12.52e3 12.60e3 12.81e3 12.91e3 13.08e3 13.15e3 13.27e3 13.27e3 13.53e3 
   1.40e9  273.8   496.4   724.5   932.5   1.138e3 1.358e3 1.568e3 1.755e3 1.918e3 2.073e3 2.246e3 2.432e3 2.604e3 2.786e3 2.978e3 3.143e3 3.385e3 3.490e3 3.708e3 3.875e3 3.980e3 4.118e3 4.272e3 4.402e3 4.556e3 4.702e3 4.823e3 4.949e3 5.090e3 5.227e3 5.426e3 5.596e3 5.708e3 5.882e3 6.101e3 6.237e3 6.352e3 6.514e3 6.610e3 6.691e3 6.838e3 6.982e3 7.118e3 7.236e3 7.314e3 7.404e3 7.578e3 7.914e3 7.900e3 8.109e3 8.247e3 8.365e3 8.506e3 8.751e3 8.829e3 8.973e3 9.205e3 9.252e3 9.352e3 9.380e3 9.483e3 9.614e3 9.713e3 9.843e3 9.889e3 10.08e3 10.09e3 10.18e3 10.24e3 10.39e3 10.51e3 10.71e3 10.63e3 10.79e3 10.89e3 11.05e3 11.09e3 11.08e3 11.31e3 11.43e3 11.54e3 11.74e3 11.80e3 11.90e3 12.06e3 12.28e3 12.30e3 12.44e3 12.52e3 12.63e3 12.66e3 12.89e3 
   1.50e9  259.7   471.3   688.2   885.9   1.082e3 1.290e3 1.490e3 1.668e3 1.824e3 1.972e3 2.136e3 2.314e3 2.478e3 2.651e3 2.834e3 2.991e3 3.222e3 3.323e3 3.530e3 3.689e3 3.790e3 3.923e3 4.070e3 4.194e3 4.341e3 4.481e3 4.597e3 4.718e3 4.853e3 4.984e3 5.174e3 5.336e3 5.443e3 5.610e3 5.818e3 5.948e3 6.059e3 6.214e3 6.306e3 6.385e3 6.525e3 6.664e3 6.793e3 6.907e3 6.982e3 7.070e3 7.235e3 7.554e3 7.543e3 7.742e3 7.875e3 7.988e3 8.123e3 8.356e3 8.431e3 8.570e3 8.790e3 8.836e3 8.932e3 8.961e3 9.060e3 9.186e3 9.281e3 9.405e3 9.452e3 9.636e3 9.649e3 9.736e3 9.795e3 9.932e3 10.05e3 10.24e3 10.16e3 10.32e3 10.42e3 10.56e3 10.61e3 10.60e3 10.82e3 10.94e3 11.04e3 11.23e3 11.29e3 11.38e3 11.54e3 11.75e3 11.77e3 11.90e3 11.98e3 12.09e3 12.12e3 12.33e3 
   1.60e9  247.2   448.8   655.8   844.3   1.031e3 1.230e3 1.420e3 1.591e3 1.740e3 1.882e3 2.039e3 2.208e3 2.365e3 2.531e3 2.706e3 2.856e3 3.076e3 3.173e3 3.371e3 3.523e3 3.620e3 3.748e3 3.888e3 4.008e3 4.148e3 4.282e3 4.394e3 4.511e3 4.640e3 4.766e3 4.947e3 5.102e3 5.206e3 5.365e3 5.564e3 5.689e3 5.795e3 5.944e3 6.033e3 6.109e3 6.244e3 6.377e3 6.501e3 6.610e3 6.684e3 6.768e3 6.926e3 7.230e3 7.222e3 7.412e3 7.539e3 7.648e3 7.778e3 8.001e3 8.073e3 8.206e3 8.416e3 8.461e3 8.554e3 8.584e3 8.679e3 8.800e3 8.892e3 9.011e3 9.057e3 9.233e3 9.247e3 9.332e3 9.389e3 9.521e3 9.631e3 9.819e3 9.742e3 9.898e3 9.988e3 10.13e3 10.18e3 10.17e3 10.38e3 10.49e3 10.59e3 10.77e3 10.83e3 10.92e3 11.07e3 11.27e3 11.29e3 11.42e3 11.50e3 11.60e3 11.63e3 11.83e3 
   1.70e9  235.9   428.7   626.7   806.9   985.6   1.176e3 1.358e3 1.521e3 1.664e3 1.800e3 1.951e3 2.113e3 2.263e3 2.423e3 2.590e3 2.734e3 2.944e3 3.038e3 3.227e3 3.374e3 3.467e3 3.590e3 3.724e3 3.839e3 3.974e3 4.103e3 4.211e3 4.323e3 4.448e3 4.569e3 4.742e3 4.891e3 4.991e3 5.144e3 5.334e3 5.455e3 5.557e3 5.700e3 5.786e3 5.860e3 5.990e3 6.118e3 6.237e3 6.342e3 6.413e3 6.496e3 6.647e3 6.937e3 6.931e3 7.113e3 7.236e3 7.341e3 7.466e3 7.680e3 7.749e3 7.877e3 8.078e3 8.122e3 8.212e3 8.242e3 8.334e3 8.451e3 8.540e3 8.654e3 8.699e3 8.868e3 8.883e3 8.965e3 9.021e3 9.148e3 9.254e3 9.434e3 9.361e3 9.513e3 9.599e3 9.736e3 9.782e3 9.780e3 9.979e3 10.09e3 10.18e3 10.35e3 10.41e3 10.50e3 10.64e3 10.83e3 10.86e3 10.98e3 11.05e3 11.15e3 11.18e3 11.38e3 
   1.80e9  225.8   410.6   600.4   773.1   944.4   1.127e3 1.301e3 1.458e3 1.596e3 1.727e3 1.871e3 2.027e3 2.172e3 2.325e3 2.485e3 2.624e3 2.825e3 2.916e3 3.097e3 3.238e3 3.328e3 3.447e3 3.576e3 3.687e3 3.817e3 3.941e3 4.044e3 4.153e3 4.274e3 4.390e3 4.557e3 4.700e3 4.796e3 4.943e3 5.126e3 5.242e3 5.341e3 5.478e3 5.562e3 5.634e3 5.759e3 5.882e3 5.996e3 6.099e3 6.168e3 6.248e3 6.393e3 6.671e3 6.667e3 6.841e3 6.960e3 7.061e3 7.182e3 7.387e3 7.454e3 7.577e3 7.770e3 7.813e3 7.901e3 7.931e3 8.020e3 8.133e3 8.219e3 8.329e3 8.373e3 8.535e3 8.551e3 8.631e3 8.686e3 8.808e3 8.911e3 9.083e3 9.014e3 9.162e3 9.245e3 9.376e3 9.422e3 9.422e3 9.613e3 9.716e3 9.809e3 9.974e3 10.03e3 10.11e3 10.25e3 10.44e3 10.46e3 10.58e3 10.65e3 10.75e3 10.78e3 10.97e3 
   2.00e9  208.2   379.1   554.7   714.4   873.0   1.042e3 1.203e3 1.349e3 1.476e3 1.598e3 1.733e3 1.878e3 2.012e3 2.154e3 2.302e3 2.431e3 2.617e3 2.702e3 2.870e3 3.001e3 3.086e3 3.198e3 3.317e3 3.420e3 3.542e3 3.657e3 3.754e3 3.856e3 3.969e3 4.078e3 4.232e3 4.365e3 4.456e3 4.592e3 4.761e3 4.870e3 4.963e3 5.091e3 5.169e3 5.238e3 5.354e3 5.469e3 5.576e3 5.672e3 5.738e3 5.813e3 5.948e3 6.204e3 6.203e3 6.365e3 6.476e3 6.571e3 6.684e3 6.875e3 6.938e3 7.052e3 7.231e3 7.272e3 7.355e3 7.385e3 7.469e3 7.574e3 7.656e3 7.758e3 7.802e3 7.952e3 7.969e3 8.044e3 8.097e3 8.211e3 8.308e3 8.467e3 8.405e3 8.545e3 8.622e3 8.745e3 8.789e3 8.792e3 8.969e3 9.065e3 9.152e3 9.306e3 9.355e3 9.438e3 9.567e3 9.738e3 9.761e3 9.871e3 9.940e3 10.03e3 10.06e3 10.24e3 
