# SRIM-2013 Electronic stopping power table for Z1=38
# Converted from a table provided by H.Hofsaess
# units of energy:         eV
# units of stopping power: eV A^2
#      \Z2 1       2       3       4       5       6       7       8       9       10      11      12      13      14      15      16      17      18      19      20      21      22      23      24      25      26      27      28      29      30      31      32      33      34      35      36      37      38      39      40      41      42      43      44      45      46      47      48      49      50      51      52      53      54      55      56      57      58      59      60      61      62      63      64      65      66      67      68      69      70      71      72      73      74      75      76      77      78      79      80      81      82      83      84      85      86      87      88      89      90      91      92      
# energy\  H       He      Li      Be      B       C       N       O       F       Ne      Na      Mg      Al      Si      P       S       Cl      Ar      K       Ca      Sc      Ti      V       Cr      Mn      Fe      Co      Ni      Cu      Zn      Ga      Ge      As      Se      Br      Kr      Rb      Sr      Y       Zr      Nb      Mo      Tc      Ru      Rh      Pd      Ag      Cd      In      Sn      Sb      Te      I       Xe      Cs      Ba      La      Ce      Pr      Nd      Pm      Sm      Eu      Gd      Tb      Dy      Ho      Er      Tm      Yb      Lu      Hf      Ta      W       Re      Os      Ir      Pt      Au      Hg      Tl      Pb      Bi      Po      At      Rn      Fr      Ra      Ac      Th      Pa      U       
   0.00    0.0     0.0     0.0     0.0     0.0     0.0     0.0     0.0     0.0     0.0     0.0     0.0     0.0     0.0     0.0     0.0     0.0     0.0     0.0     0.0     0.0     0.0     0.0     0.0     0.0     0.0     0.0     0.0     0.0     0.0     0.0     0.0     0.0     0.0     0.0     0.0     0.0     0.0     0.0     0.0     0.0     0.0     0.0     0.0     0.0     0.0     0.0     0.0     0.0     0.0     0.0     0.0     0.0     0.0     0.0     0.0     0.0     0.0     0.0     0.0     0.0     0.0     0.0     0.0     0.0     0.0     0.0     0.0     0.0     0.0     0.0     0.0     0.0     0.0     0.0     0.0     0.0     0.0     0.0     0.0     0.0     0.0     0.0     0.0     0.0     0.0     0.0     0.0     0.0     0.0     0.0     0.0     
   10.0    0.657   0.802   1.027   2.098   2.492   3.193   2.106   1.735   1.966   1.959   3.570   4.376   4.084   3.903   4.269   3.359   1.011   2.397   3.029   3.051   4.689   4.286   4.573   3.544   3.381   3.711   3.389   3.499   3.346   3.153   3.383   4.358   5.035   4.409   1.514   2.214   5.541   5.544   5.626   4.398   6.540   6.155   5.552   3.942   3.435   5.233   5.171   4.807   3.977   6.613   5.845   4.737   6.211   1.807   7.170   7.374   7.585   6.289   5.647   5.894   5.951   5.228   5.048   7.489   5.932   5.011   4.066   4.261   5.438   4.124   4.795   4.141   5.308   4.940   4.383   2.771   3.257   4.474   4.172   3.231   3.742   5.760   5.610   7.228   7.318   7.025   8.135   7.812   5.306   5.126   6.529   5.254   
   11.0    0.689   0.841   1.077   2.200   2.614   3.348   2.209   1.819   2.062   2.055   3.745   4.590   4.283   4.094   4.478   3.523   1.061   2.514   3.177   3.200   4.918   4.495   4.796   3.717   3.546   3.893   3.554   3.670   3.510   3.307   3.548   4.571   5.280   4.624   1.588   2.322   5.812   5.815   5.901   4.613   6.859   6.456   5.823   4.135   3.602   5.489   5.423   5.041   4.171   6.936   6.130   4.968   6.514   1.895   7.520   7.733   7.955   6.596   5.922   6.182   6.242   5.483   5.294   7.854   6.221   5.255   4.265   4.469   5.703   4.325   5.029   4.343   5.567   5.181   4.597   2.906   3.416   4.693   4.375   3.389   3.924   6.042   5.883   7.581   7.675   7.368   8.532   8.193   5.565   5.376   6.848   5.511   
   12.0    0.719   0.878   1.125   2.298   2.730   3.497   2.307   1.900   2.154   2.146   3.911   4.794   4.473   4.276   4.677   3.679   1.108   2.626   3.318   3.342   5.137   4.695   5.009   3.883   3.703   4.066   3.712   3.833   3.666   3.454   3.706   4.774   5.515   4.830   1.658   2.426   6.070   6.074   6.163   4.818   7.164   6.743   6.082   4.319   3.762   5.733   5.665   5.265   4.357   7.244   6.403   5.189   6.804   1.979   7.855   8.077   8.309   6.889   6.185   6.457   6.519   5.727   5.529   8.204   6.498   5.489   4.454   4.667   5.957   4.518   5.253   4.536   5.814   5.411   4.801   3.035   3.568   4.901   4.570   3.540   4.099   6.310   6.145   7.918   8.017   7.696   8.911   8.557   5.812   5.615   7.152   5.756   
   13.0    0.749   0.914   1.171   2.392   2.841   3.640   2.401   1.978   2.242   2.234   4.071   4.989   4.656   4.450   4.868   3.830   1.153   2.733   3.453   3.479   5.346   4.887   5.214   4.041   3.854   4.232   3.864   3.990   3.815   3.595   3.857   4.969   5.740   5.027   1.726   2.525   6.318   6.322   6.415   5.014   7.457   7.018   6.331   4.495   3.916   5.967   5.896   5.480   4.535   7.540   6.664   5.401   7.082   2.060   8.175   8.407   8.648   7.171   6.438   6.720   6.785   5.961   5.755   8.539   6.763   5.713   4.636   4.858   6.200   4.702   5.468   4.722   6.052   5.632   4.997   3.159   3.713   5.101   4.756   3.684   4.266   6.568   6.396   8.241   8.344   8.010   9.275   8.907   6.050   5.844   7.444   5.991   
   14.0    0.777   0.948   1.215   2.482   2.949   3.777   2.492   2.052   2.326   2.318   4.225   5.178   4.832   4.618   5.051   3.974   1.197   2.836   3.584   3.610   5.548   5.071   5.411   4.194   4.000   4.391   4.010   4.140   3.959   3.731   4.003   5.157   5.957   5.217   1.791   2.620   6.557   6.560   6.657   5.204   7.738   7.283   6.570   4.665   4.064   6.192   6.118   5.687   4.706   7.825   6.916   5.605   7.349   2.138   8.484   8.725   8.974   7.441   6.681   6.974   7.042   6.186   5.972   8.861   7.018   5.929   4.811   5.041   6.434   4.880   5.674   4.900   6.280   5.845   5.186   3.278   3.853   5.294   4.936   3.823   4.427   6.816   6.637   8.552   8.659   8.312   9.625   9.243   6.278   6.065   7.725   6.217   
   15.0    0.804   0.982   1.258   2.569   3.052   3.910   2.579   2.124   2.408   2.400   4.373   5.359   5.001   4.780   5.229   4.114   1.239   2.936   3.709   3.737   5.743   5.249   5.601   4.341   4.140   4.546   4.150   4.286   4.098   3.862   4.143   5.338   6.166   5.400   1.854   2.712   6.787   6.791   6.891   5.386   8.010   7.539   6.800   4.829   4.207   6.409   6.333   5.887   4.871   8.099   7.159   5.802   7.607   2.213   8.782   9.031   9.289   7.703   6.916   7.219   7.289   6.403   6.182   9.172   7.265   6.137   4.980   5.218   6.660   5.051   5.873   5.072   6.501   6.050   5.368   3.393   3.989   5.480   5.109   3.957   4.583   7.055   6.870   8.852   8.963   8.604   9.963   9.567   6.498   6.277   7.996   6.435   
   16.0    0.831   1.014   1.299   2.654   3.152   4.038   2.664   2.194   2.487   2.478   4.516   5.535   5.165   4.937   5.400   4.249   1.279   3.032   3.831   3.859   5.931   5.422   5.784   4.483   4.276   4.695   4.286   4.426   4.233   3.989   4.279   5.513   6.368   5.577   1.915   2.801   7.009   7.013   7.117   5.563   8.273   7.786   7.023   4.987   4.344   6.620   6.541   6.080   5.031   8.365   7.394   5.992   7.857   2.286   9.070   9.327   9.594   7.955   7.142   7.456   7.528   6.613   6.385   9.473   7.503   6.338   5.143   5.389   6.878   5.216   6.066   5.238   6.714   6.248   5.544   3.505   4.119   5.660   5.277   4.087   4.733   7.287   7.096   9.143   9.257   8.886   10.29   9.881   6.712   6.483   8.258   6.646   
   17.0    0.856   1.045   1.339   2.735   3.249   4.163   2.746   2.262   2.564   2.555   4.655   5.706   5.324   5.089   5.566   4.379   1.319   3.126   3.949   3.978   6.114   5.588   5.962   4.621   4.408   4.839   4.418   4.562   4.363   4.111   4.411   5.682   6.564   5.749   1.974   2.887   7.225   7.229   7.336   5.734   8.527   8.026   7.240   5.140   4.478   6.823   6.742   6.267   5.185   8.622   7.621   6.176   8.098   2.356   9.349   9.614   9.889   8.200   7.362   7.685   7.759   6.817   6.581   9.764   7.734   6.533   5.302   5.555   7.090   5.377   6.252   5.399   6.920   6.441   5.714   3.612   4.246   5.834   5.439   4.213   4.879   7.511   7.314   9.424   9.542   9.160   10.61   10.19   6.918   6.683   8.513   6.851   
   18.0    0.881   1.075   1.378   2.814   3.343   4.283   2.825   2.327   2.638   2.629   4.790   5.871   5.479   5.237   5.728   4.506   1.357   3.216   4.063   4.093   6.291   5.751   6.135   4.755   4.535   4.979   4.546   4.695   4.489   4.230   4.539   5.847   6.755   5.916   2.031   2.971   7.435   7.439   7.548   5.900   8.774   8.258   7.449   5.289   4.608   7.021   6.938   6.449   5.336   8.872   7.842   6.355   8.333   2.424   9.620   9.893   10.18   8.438   7.576   7.908   7.984   7.014   6.772   10.05   7.958   6.722   5.455   5.716   7.295   5.533   6.434   5.556   7.121   6.627   5.880   3.717   4.369   6.003   5.597   4.335   5.020   7.729   7.526   9.697   9.818   9.425   10.91   10.48   7.119   6.877   8.759   7.050   
   20.0    0.929   1.133   1.452   2.967   3.524   4.515   2.978   2.453   2.781   2.771   5.049   6.189   5.775   5.520   6.038   4.750   1.430   3.390   4.283   4.315   6.631   6.062   6.467   5.013   4.781   5.249   4.792   4.949   4.732   4.459   4.784   6.163   7.120   6.236   2.141   3.132   7.837   7.841   7.957   6.220   9.249   8.705   7.852   5.576   4.857   7.401   7.313   6.797   5.624   9.352   8.266   6.699   8.784   2.555   10.14   10.43   10.73   8.894   7.985   8.336   8.416   7.394   7.138   10.59   8.388   7.086   5.751   6.026   7.690   5.832   6.782   5.856   7.506   6.986   6.198   3.918   4.606   6.328   5.899   4.570   5.291   8.147   7.933   10.22   10.35   9.935   11.50   11.05   7.504   7.249   9.233   7.431   
   22.0    0.985   1.202   1.540   3.147   3.738   4.789   3.159   2.602   2.949   2.939   5.356   6.564   6.125   5.855   6.404   5.038   1.517   3.596   4.543   4.576   7.034   6.429   6.860   5.317   5.071   5.567   5.083   5.249   5.019   4.730   5.075   6.537   7.552   6.614   2.271   3.322   8.312   8.317   8.439   6.597   9.810   9.233   8.329   5.914   5.152   7.850   7.757   7.210   5.966   9.919   8.768   7.106   9.317   2.710   10.76   11.06   11.38   9.434   8.470   8.841   8.927   7.842   7.571   11.23   8.897   7.516   6.099   6.391   8.156   6.186   7.193   6.212   7.962   7.410   6.574   4.156   4.885   6.711   6.257   4.847   5.612   8.641   8.414   10.84   10.98   10.54   12.20   11.72   7.959   7.688   9.793   7.882   
   25.0    1.038   1.267   1.624   3.317   3.940   5.048   3.330   2.743   3.109   3.098   5.645   6.919   6.457   6.171   6.750   5.311   1.599   3.790   4.789   4.824   7.414   6.777   7.231   5.604   5.345   5.868   5.358   5.533   5.291   4.986   5.349   6.891   7.960   6.972   2.394   3.501   8.762   8.767   8.896   6.954   10.34   9.733   8.779   6.234   5.431   8.274   8.176   7.600   6.288   10.46   9.242   7.490   9.821   2.857   11.34   11.66   11.99   9.944   8.928   9.319   9.410   8.266   7.981   11.84   9.379   7.922   6.429   6.737   8.598   6.521   7.582   6.548   8.392   7.810   6.930   4.381   5.149   7.074   6.596   5.109   5.916   9.108   8.869   11.43   11.57   11.11   12.86   12.35   8.389   8.104   10.32   8.308   
   27.0    1.089   1.329   1.703   3.479   4.132   5.294   3.492   2.876   3.261   3.249   5.921   7.257   6.772   6.473   7.080   5.570   1.677   3.975   5.023   5.059   7.776   7.108   7.583   5.878   5.606   6.155   5.619   5.803   5.549   5.229   5.610   7.227   8.349   7.312   2.510   3.672   9.189   9.194   9.330   7.293   10.85   10.21   9.208   6.538   5.696   8.678   8.575   7.971   6.595   10.97   9.693   7.856   10.30   2.996   11.89   12.23   12.58   10.43   9.364   9.774   9.869   8.670   8.370   12.42   9.836   8.309   6.743   7.066   9.017   6.839   7.952   6.867   8.802   8.192   7.268   4.595   5.401   7.420   6.918   5.358   6.205   9.553   9.302   11.99   12.14   11.65   13.49   12.95   8.799   8.500   10.83   8.713   
   30.0    1.138   1.388   1.779   3.633   4.316   5.530   3.647   3.004   3.406   3.394   6.184   7.579   7.073   6.760   7.395   5.818   1.752   4.152   5.246   5.284   8.122   7.424   7.921   6.139   5.855   6.428   5.869   6.061   5.796   5.462   5.860   7.548   8.720   7.637   2.622   3.835   9.598   9.603   9.745   7.617   11.33   10.66   9.617   6.829   5.949   9.064   8.956   8.325   6.889   11.45   10.12   8.205   10.76   3.130   12.42   12.77   13.14   10.89   9.780   10.21   10.31   9.055   8.743   12.97   10.27   8.679   7.043   7.380   9.418   7.143   8.306   7.173   9.193   8.556   7.591   4.799   5.641   7.750   7.225   5.597   6.481   9.977   9.716   12.52   12.68   12.17   14.09   13.53   9.190   8.878   11.31   9.101   
   32.0    1.184   1.445   1.851   3.782   4.492   5.755   3.796   3.127   3.545   3.532   6.437   7.889   7.362   7.036   7.697   6.055   1.823   4.322   5.460   5.500   8.453   7.727   8.244   6.390   6.094   6.691   6.109   6.308   6.032   5.685   6.099   7.857   9.076   7.949   2.729   3.992   9.990   9.995   10.14   7.928   11.79   11.10   10.01   7.107   6.192   9.434   9.322   8.665   7.170   11.92   10.54   8.540   11.20   3.257   12.93   13.29   13.67   11.34   10.18   10.63   10.73   9.425   9.100   13.50   10.69   9.033   7.331   7.681   9.803   7.435   8.645   7.465   9.569   8.905   7.901   4.995   5.871   8.066   7.520   5.825   6.745   10.38   10.11   13.03   13.19   12.66   14.66   14.08   9.565   9.240   11.77   9.473   
   35.0    1.229   1.499   1.921   3.925   4.662   5.973   3.940   3.245   3.678   3.665   6.680   8.187   7.640   7.302   7.987   6.284   1.892   4.485   5.666   5.708   8.773   8.019   8.555   6.631   6.324   6.944   6.340   6.546   6.260   5.899   6.329   8.153   9.419   8.249   2.832   4.143   10.37   10.37   10.53   8.228   12.24   11.52   10.39   7.376   6.426   9.790   9.674   8.992   7.440   12.37   10.94   8.862   11.62   3.380   13.41   13.79   14.19   11.77   10.56   11.03   11.13   9.781   9.443   14.01   11.10   9.374   7.607   7.971   10.17   7.715   8.971   7.747   9.930   9.242   8.199   5.183   6.093   8.371   7.804   6.045   7.000   10.78   10.49   13.52   13.69   13.14   15.22   14.61   9.926   9.589   12.21   9.830   
   37.0    1.272   1.552   1.989   4.062   4.826   6.182   4.078   3.359   3.808   3.794   6.914   8.474   7.908   7.558   8.267   6.504   1.958   4.642   5.865   5.908   9.080   8.300   8.856   6.864   6.546   7.187   6.562   6.776   6.480   6.106   6.551   8.439   9.749   8.538   2.932   4.288   10.73   10.74   10.90   8.517   12.66   11.92   10.75   7.635   6.651   10.13   10.01   9.308   7.702   12.81   11.32   9.173   12.03   3.499   13.89   14.28   14.69   12.18   10.93   11.41   11.52   10.12   9.775   14.50   11.49   9.703   7.874   8.251   10.53   7.986   9.286   8.019   10.28   9.566   8.487   5.365   6.307   8.664   8.078   6.257   7.246   11.16   10.86   14.00   14.17   13.60   15.75   15.13   10.27   9.926   12.64   10.18   
   40.0    1.313   1.603   2.054   4.196   4.984   6.385   4.212   3.469   3.932   3.919   7.141   8.752   8.167   7.806   8.539   6.718   2.023   4.794   6.057   6.102   9.378   8.572   9.146   7.089   6.761   7.423   6.777   6.998   6.692   6.306   6.766   8.716   10.07   8.818   3.028   4.429   11.08   11.09   11.25   8.796   13.08   12.31   11.10   7.885   6.869   10.47   10.34   9.613   7.954   13.23   11.69   9.474   12.42   3.614   14.34   14.75   15.17   12.58   11.29   11.79   11.90   10.46   10.10   14.98   11.86   10.02   8.133   8.521   10.88   8.248   9.591   8.282   10.62   9.880   8.766   5.541   6.513   8.949   8.343   6.462   7.483   11.52   11.22   14.46   14.64   14.05   16.27   15.62   10.61   10.25   13.06   10.51   
   45.0    1.393   1.700   2.178   4.450   5.286   6.772   4.467   3.680   4.171   4.156   7.574   9.283   8.663   8.280   9.056   7.125   2.145   5.085   6.425   6.472   9.947   9.092   9.701   7.519   7.171   7.873   7.188   7.423   7.098   6.689   7.177   9.245   10.68   9.353   3.211   4.697   11.76   11.76   11.93   9.329   13.87   13.06   11.78   8.363   7.286   11.10   10.97   10.20   8.437   14.03   12.40   10.05   13.18   3.833   15.21   15.64   16.09   13.34   11.98   12.50   12.62   11.09   10.71   15.89   12.58   10.63   8.626   9.038   11.54   8.748   10.17   8.785   11.26   10.48   9.297   5.877   6.908   9.491   8.849   6.854   7.937   12.22   11.90   15.33   15.52   14.90   17.26   16.57   11.26   10.87   13.85   11.15   
   50.0    1.469   1.792   2.296   4.691   5.572   7.139   4.709   3.879   4.397   4.381   7.984   9.785   9.131   8.728   9.546   7.510   2.261   5.360   6.772   6.822   10.49   9.584   10.23   7.926   7.559   8.299   7.577   7.824   7.482   7.051   7.565   9.745   11.26   9.859   3.385   4.952   12.39   12.40   12.58   9.834   14.62   13.76   12.42   8.816   7.680   11.70   11.56   10.75   8.893   14.79   13.07   10.59   13.89   4.040   16.03   16.49   16.96   14.06   12.63   13.18   13.31   11.69   11.29   16.75   13.26   11.20   9.092   9.527   12.16   9.221   10.72   9.260   11.87   11.05   9.800   6.195   7.282   10.00   9.328   7.225   8.367   12.88   12.54   16.16   16.36   15.71   18.19   17.47   11.86   11.46   14.60   11.75   
   55.0    1.540   1.880   2.408   4.920   5.844   7.487   4.938   4.068   4.611   4.595   8.373   10.26   9.577   9.154   10.01   7.877   2.372   5.622   7.103   7.155   11.00   10.05   10.72   8.313   7.928   8.704   7.947   8.206   7.848   7.395   7.934   10.22   11.81   10.34   3.550   5.193   13.00   13.00   13.19   10.31   15.34   14.44   13.02   9.246   8.055   12.27   12.13   11.27   9.327   15.51   13.71   11.11   14.57   4.238   16.82   17.29   17.79   14.75   13.24   13.82   13.96   12.26   11.84   17.56   13.91   11.75   9.536   9.992   12.75   9.671   11.25   9.712   12.45   11.58   10.28   6.498   7.638   10.49   9.783   7.578   8.775   13.51   13.16   16.95   17.16   16.48   19.08   18.32   12.44   12.02   15.31   12.32   
   60.0    1.609   1.963   2.515   5.139   6.104   7.820   5.158   4.249   4.816   4.799   8.746   10.72   10.00   9.561   10.46   8.227   2.477   5.872   7.419   7.473   11.49   10.50   11.20   8.682   8.281   9.091   8.301   8.571   8.196   7.724   8.287   10.68   12.33   10.80   3.708   5.424   13.57   13.58   13.78   10.77   16.02   15.08   13.60   9.657   8.413   12.82   12.67   11.77   9.742   16.20   14.32   11.60   15.21   4.426   17.56   18.06   18.58   15.41   13.83   14.44   14.58   12.81   12.36   18.34   14.53   12.27   9.960   10.44   13.32   10.10   11.75   10.14   13.00   12.10   10.74   6.787   7.977   10.96   10.22   7.915   9.165   14.11   13.74   17.70   17.93   17.21   19.93   19.13   13.00   12.55   15.99   12.87   
   65.0    1.674   2.043   2.618   5.348   6.353   8.139   5.369   4.422   5.013   4.995   9.103   11.16   10.41   9.951   10.88   8.563   2.578   6.112   7.722   7.778   11.95   10.93   11.66   9.037   8.619   9.462   8.639   8.921   8.531   8.039   8.625   11.11   12.84   11.24   3.860   5.646   14.13   14.14   14.34   11.21   16.67   15.69   14.16   10.05   8.757   13.34   13.18   12.25   10.14   16.86   14.90   12.08   15.84   4.607   18.28   18.80   19.34   16.03   14.40   15.03   15.17   13.33   12.87   19.09   15.12   12.77   10.37   10.86   13.86   10.51   12.23   10.56   13.53   12.59   11.17   7.064   8.303   11.41   10.64   8.238   9.539   14.69   14.30   18.43   18.66   17.91   20.74   19.92   13.53   13.07   16.65   13.40   
   70.0    1.738   2.121   2.717   5.550   6.593   8.447   5.571   4.589   5.202   5.184   9.447   11.58   10.80   10.33   11.30   8.886   2.676   6.342   8.013   8.072   12.41   11.34   12.10   9.378   8.944   9.820   8.966   9.258   8.853   8.343   8.951   11.53   13.32   11.67   4.005   5.859   14.66   14.67   14.89   11.64   17.30   16.29   14.69   10.43   9.087   13.85   13.68   12.72   10.52   17.50   15.46   12.53   16.43   4.781   18.97   19.51   20.07   16.64   14.94   15.59   15.75   13.83   13.35   19.81   15.69   13.26   10.76   11.27   14.39   10.91   12.69   10.96   14.04   13.07   11.60   7.330   8.616   11.84   11.04   8.549   9.899   15.24   14.84   19.12   19.36   18.59   21.52   20.67   14.04   13.56   17.27   13.90   
   80.0    1.858   2.267   2.905   5.933   7.048   9.030   5.956   4.906   5.561   5.542   10.10   12.38   11.55   11.04   12.08   9.500   2.860   6.780   8.566   8.629   13.26   12.12   12.93   10.03   9.562   10.50   9.585   9.897   9.464   8.919   9.569   12.33   14.24   12.47   4.282   6.263   15.67   15.68   15.91   12.44   18.50   17.41   15.70   11.15   9.715   14.80   14.63   13.59   11.25   18.70   16.53   13.40   17.57   5.111   20.28   20.86   21.45   17.79   15.97   16.67   16.83   14.79   14.28   21.18   16.78   14.17   11.50   12.05   15.38   11.66   13.56   11.71   15.01   13.97   12.40   7.837   9.211   12.66   11.80   9.139   10.58   16.29   15.87   20.44   20.70   19.87   23.01   22.09   15.01   14.50   18.47   14.86   
   90.0    1.970   2.404   3.081   6.293   7.476   9.578   6.317   5.204   5.899   5.878   10.71   13.13   12.25   11.71   12.81   10.08   3.034   7.192   9.086   9.153   14.07   12.86   13.72   10.63   10.14   11.13   10.17   10.50   10.04   9.460   10.15   13.07   15.10   13.23   4.542   6.643   16.62   16.63   16.88   13.19   19.62   18.47   16.66   11.83   10.30   15.70   15.51   14.42   11.93   19.84   17.54   14.21   18.63   5.421   21.51   22.12   22.75   18.87   16.94   17.68   17.85   15.68   15.14   22.47   17.79   15.03   12.20   12.78   16.31   12.37   14.39   12.42   15.92   14.82   13.15   8.312   9.770   13.42   12.51   9.694   11.22   17.28   16.83   21.68   21.95   21.08   24.40   23.44   15.92   15.38   19.59   15.76   
   100.    2.077   2.535   3.247   6.634   7.880   10.10   6.659   5.485   6.218   6.196   11.29   13.84   12.91   12.34   13.50   10.62   3.198   7.581   9.578   9.648   14.83   13.55   14.46   11.21   10.69   11.74   10.72   11.07   10.58   9.971   10.70   13.78   15.92   13.94   4.787   7.003   17.52   17.53   17.79   13.91   20.68   19.47   17.56   12.47   10.86   16.55   16.35   15.20   12.58   20.91   18.48   14.98   19.64   5.714   22.67   23.32   23.98   19.89   17.86   18.64   18.82   16.53   15.96   23.68   18.76   15.84   12.86   13.47   17.20   13.04   15.16   13.10   16.78   15.62   13.86   8.761   10.30   14.15   13.19   10.22   11.83   18.22   17.74   22.86   23.14   22.22   25.72   24.70   16.78   16.21   20.65   16.62   
   110.    2.178   2.658   3.406   6.958   8.265   10.59   6.984   5.753   6.521   6.498   11.84   14.51   13.54   12.95   14.16   11.14   3.354   7.951   10.05   10.12   15.55   14.22   15.17   11.76   11.21   12.31   11.24   11.61   11.10   10.46   11.22   14.45   16.70   14.62   5.021   7.344   18.38   18.39   18.66   14.59   21.69   20.42   18.42   13.08   11.39   17.36   17.15   15.94   13.19   21.93   19.39   15.71   20.60   5.993   23.78   24.46   25.16   20.86   18.73   19.55   19.74   17.34   16.74   24.84   19.67   16.62   13.49   14.13   18.03   13.68   15.90   13.73   17.60   16.38   14.54   9.189   10.80   14.84   13.84   10.72   12.41   19.11   18.60   23.97   24.27   23.30   26.98   25.91   17.60   17.00   21.65   17.43   
   120.    2.275   2.776   3.557   7.267   8.632   11.06   7.295   6.009   6.811   6.787   12.37   15.16   14.15   13.52   14.79   11.64   3.503   8.304   10.49   10.57   16.24   14.85   15.84   12.28   11.71   12.86   11.74   12.12   11.59   10.92   11.72   15.10   17.44   15.27   5.244   7.671   19.20   19.21   19.49   15.23   22.66   21.32   19.23   13.66   11.90   18.13   17.91   16.65   13.78   22.91   20.25   16.41   21.52   6.259   24.84   25.54   26.27   21.79   19.56   20.42   20.62   18.11   17.49   25.94   20.55   17.36   14.09   14.76   18.84   14.29   16.61   14.35   18.39   17.11   15.18   9.598   11.28   15.50   14.45   11.19   12.96   19.95   19.43   25.04   25.35   24.34   28.18   27.06   18.38   17.76   22.62   18.20   
   130.    2.368   2.890   3.703   7.564   8.985   11.51   7.592   6.254   7.089   7.064   12.87   15.78   14.72   14.07   15.39   12.11   3.646   8.643   10.92   11.00   16.91   15.45   16.49   12.78   12.19   13.38   12.22   12.62   12.06   11.37   12.20   15.71   18.15   15.90   5.458   7.984   19.98   19.99   20.29   15.86   23.58   22.19   20.02   14.21   12.38   18.87   18.64   17.33   14.34   23.84   21.07   17.08   22.39   6.515   25.85   26.59   27.35   22.68   20.36   21.25   21.46   18.85   18.20   27.00   21.39   18.07   14.66   15.36   19.61   14.87   17.29   14.93   19.14   17.81   15.80   9.990   11.74   16.13   15.04   11.65   13.49   20.77   20.23   26.06   26.39   25.33   29.33   28.17   19.13   18.48   23.54   18.95   
   140.    2.457   2.999   3.842   7.849   9.324   11.95   7.879   6.490   7.357   7.331   13.36   16.37   15.28   14.60   15.97   12.57   3.784   8.970   11.33   11.42   17.55   16.04   17.11   13.26   12.65   13.89   12.68   13.09   12.52   11.80   12.66   16.31   18.84   16.50   5.664   8.286   20.73   20.75   21.05   16.46   24.47   23.03   20.78   14.75   12.85   19.58   19.35   17.98   14.88   24.74   21.87   17.72   23.24   6.761   26.83   27.59   28.38   23.53   21.13   22.05   22.27   19.56   18.89   28.02   22.19   18.75   15.21   15.94   20.35   15.43   17.94   15.49   19.86   18.48   16.40   10.37   12.19   16.74   15.61   12.09   14.00   21.55   20.99   27.04   27.38   26.29   30.44   29.23   19.85   19.18   24.43   19.66   
   150.    2.544   3.104   3.977   8.125   9.651   12.36   8.156   6.718   7.615   7.588   13.83   16.95   15.82   15.12   16.53   13.01   3.917   9.284   11.73   11.82   18.16   16.60   17.71   13.73   13.09   14.37   13.12   13.55   12.96   12.21   13.10   16.88   19.50   17.08   5.863   8.576   21.46   21.47   21.79   17.03   25.33   23.84   21.50   15.27   13.30   20.27   20.03   18.62   15.40   25.61   22.64   18.35   24.06   6.998   27.77   28.56   29.38   24.36   21.87   22.83   23.05   20.25   19.55   29.00   22.97   19.41   15.75   16.50   21.06   15.97   18.57   16.04   20.56   19.13   16.97   10.73   12.61   17.33   16.16   12.51   14.49   22.31   21.73   27.99   28.34   27.21   31.51   30.25   20.55   19.85   25.29   20.35   
   160.    2.627   3.206   4.108   8.391   9.968   12.77   8.423   6.938   7.865   7.837   14.28   17.50   16.33   15.61   17.08   13.44   4.045   9.589   12.11   12.20   18.76   17.14   18.29   14.18   13.52   14.85   13.55   14.00   13.38   12.61   13.53   17.43   20.14   17.64   6.055   8.858   22.17   22.18   22.50   17.59   26.16   24.62   22.21   15.77   13.74   20.93   20.68   19.23   15.91   26.45   23.38   18.95   24.84   7.228   28.68   29.49   30.34   25.16   22.59   23.58   23.80   20.91   20.19   29.96   23.73   20.04   16.27   17.04   21.75   16.50   19.18   16.56   21.23   19.76   17.53   11.08   13.03   17.90   16.69   12.92   14.97   23.04   22.44   28.91   29.27   28.10   32.54   31.25   21.22   20.50   26.12   21.02   
   170.    2.708   3.305   4.234   8.649   10.27   13.16   8.682   7.152   8.107   8.078   14.72   18.04   16.84   16.09   17.60   13.85   4.170   9.884   12.49   12.58   19.33   17.67   18.86   14.61   13.94   15.30   13.97   14.43   13.80   13.00   13.95   17.97   20.76   18.18   6.242   9.130   22.85   22.86   23.20   18.13   26.97   25.38   22.89   16.26   14.16   21.58   21.32   19.82   16.40   27.27   24.10   19.53   25.61   7.450   29.56   30.40   31.27   25.93   23.28   24.30   24.54   21.56   20.81   30.88   24.46   20.66   16.77   17.57   22.42   17.00   19.77   17.07   21.88   20.37   18.07   11.42   13.43   18.45   17.20   13.32   15.43   23.75   23.13   29.80   30.17   28.97   33.54   32.21   21.88   21.13   26.92   21.66   
   180.    2.786   3.400   4.357   8.900   10.57   13.54   8.934   7.359   8.342   8.313   15.15   18.57   17.33   16.56   18.11   14.25   4.290   10.17   12.85   12.94   19.89   18.18   19.40   15.04   14.34   15.75   14.38   14.85   14.20   13.38   14.35   18.49   21.36   18.71   6.423   9.395   23.51   23.52   23.87   18.66   27.75   26.12   23.56   16.73   14.57   22.20   21.94   20.39   16.87   28.06   24.80   20.10   26.35   7.666   30.42   31.28   32.18   26.68   23.96   25.01   25.25   22.18   21.42   31.77   25.17   21.26   17.25   18.08   23.07   17.50   20.35   17.57   22.52   20.96   18.59   11.75   13.82   18.98   17.70   13.71   15.87   24.44   23.80   30.67   31.05   29.81   34.51   33.14   22.51   21.75   27.70   22.29   
   200.    2.937   3.584   4.593   9.382   11.14   14.28   9.417   7.757   8.793   8.762   15.97   19.57   18.26   17.46   19.09   15.02   4.523   10.72   13.54   13.64   20.97   19.17   20.45   15.85   15.12   16.60   15.15   15.65   14.96   14.10   15.13   19.49   22.52   19.72   6.770   9.903   24.78   24.80   25.16   19.67   29.25   27.53   24.83   17.63   15.36   23.40   23.13   21.50   17.79   29.57   26.14   21.18   27.78   8.081   32.07   32.98   33.92   28.13   25.25   26.36   26.61   23.38   22.57   33.49   26.53   22.41   18.18   19.05   24.32   18.44   21.45   18.52   23.74   22.09   19.60   12.39   14.56   20.01   18.66   14.45   16.73   25.76   25.09   32.32   32.73   31.42   36.38   34.93   23.73   22.92   29.20   23.50   
   225.    3.115   3.802   4.871   9.951   11.82   15.14   9.989   8.228   9.327   9.294   16.94   20.76   19.37   18.51   20.25   15.93   4.797   11.37   14.37   14.47   22.24   20.33   21.69   16.81   16.04   17.61   16.07   16.60   15.87   14.96   16.05   20.67   23.88   20.91   7.181   10.50   26.29   26.30   26.69   20.86   31.02   29.20   26.34   18.70   16.29   24.82   24.53   22.80   18.86   31.37   27.73   22.47   29.46   8.571   34.01   34.98   35.98   29.83   26.78   27.96   28.23   24.80   23.94   35.52   28.14   23.77   19.29   20.21   25.79   19.56   22.75   19.64   25.18   23.43   20.79   13.14   15.45   21.22   19.79   15.33   17.75   27.32   26.61   34.29   34.71   33.32   38.59   37.05   25.17   24.31   30.97   24.92   
   250.    3.284   4.007   5.135   10.49   12.46   15.96   10.53   8.673   9.831   9.796   17.85   21.88   20.42   19.52   21.35   16.79   5.056   11.99   15.14   15.25   23.45   21.43   22.87   17.72   16.90   18.56   16.94   17.50   16.73   15.77   16.92   21.79   25.17   22.05   7.569   11.07   27.71   27.72   28.13   21.99   32.70   30.78   27.76   19.71   17.17   26.17   25.86   24.03   19.89   33.06   29.23   23.69   31.06   9.035   35.85   36.87   37.92   31.45   28.23   29.47   29.76   26.14   25.24   37.44   29.66   25.05   20.33   21.30   27.19   20.62   23.98   20.71   26.54   24.70   21.91   13.85   16.28   22.37   20.86   16.16   18.71   28.80   28.05   36.14   36.59   35.13   40.67   39.06   26.53   25.63   32.64   26.27   
   275.    3.444   4.203   5.385   11.00   13.07   16.74   11.04   9.096   10.31   10.27   18.72   22.95   21.41   20.47   22.39   17.61   5.303   12.57   15.88   16.00   24.59   22.48   23.98   18.59   17.73   19.46   17.77   18.35   17.55   16.54   17.74   22.85   26.40   23.12   7.939   11.61   29.06   29.08   29.50   23.06   34.30   32.28   29.12   20.67   18.01   27.44   27.12   25.21   20.86   34.68   30.65   24.84   32.57   9.476   37.60   38.67   39.77   32.98   29.61   30.91   31.21   27.42   26.47   39.27   31.11   26.28   21.32   22.34   28.52   21.63   25.15   21.72   27.83   25.90   22.98   14.53   17.08   23.46   21.88   16.94   19.62   30.21   29.42   37.90   38.38   36.84   42.66   40.96   27.82   26.88   34.24   27.55   
   300.    3.597   4.390   5.625   11.49   13.65   17.49   11.53   9.501   10.77   10.73   19.56   23.97   22.37   21.38   23.38   18.40   5.539   13.13   16.59   16.71   25.68   23.48   25.05   19.41   18.52   20.33   18.56   19.17   18.33   17.27   18.53   23.87   27.58   24.15   8.292   12.13   30.35   30.37   30.82   24.09   35.82   33.71   30.41   21.59   18.81   28.66   28.32   26.33   21.78   36.22   32.01   25.95   34.02   9.897   39.27   40.39   41.54   34.45   30.93   32.28   32.60   28.64   27.65   41.02   32.49   27.44   22.27   23.34   29.78   22.59   26.27   22.68   29.07   27.06   24.01   15.18   17.84   24.51   22.85   17.70   20.49   31.55   30.72   39.59   40.08   38.48   44.55   42.79   29.06   28.07   35.76   28.78   
   325.    3.744   4.569   5.854   11.96   14.21   18.20   12.00   9.889   11.21   11.17   20.35   24.95   23.28   22.25   24.34   19.15   5.765   13.67   17.27   17.39   26.73   24.44   26.07   20.21   19.27   21.16   19.32   19.95   19.08   17.98   19.29   24.85   28.70   25.14   8.630   12.62   31.59   31.61   32.07   25.07   37.28   35.09   31.65   22.48   19.58   29.83   29.48   27.40   22.67   37.70   33.32   27.01   35.41   10.30   40.88   42.04   43.24   35.85   32.19   33.60   33.93   29.80   28.78   42.69   33.82   28.56   23.18   24.29   31.00   23.51   27.34   23.61   30.26   28.16   24.99   15.79   18.57   25.51   23.78   18.42   21.33   32.84   31.98   41.21   41.72   40.05   46.37   44.53   30.25   29.22   37.22   29.95   
   350.    3.885   4.742   6.075   12.41   14.74   18.89   12.46   10.26   11.63   11.59   21.12   25.89   24.16   23.09   25.26   19.87   5.983   14.18   17.92   18.05   27.74   25.36   27.05   20.97   20.00   21.96   20.05   20.70   19.80   18.65   20.01   25.78   29.78   26.09   8.956   13.10   32.78   32.80   33.29   26.02   38.69   36.42   32.85   23.32   20.32   30.96   30.59   28.44   23.53   39.12   34.58   28.03   36.75   10.69   42.42   43.62   44.87   37.21   33.41   34.87   35.21   30.93   29.86   44.30   35.09   29.64   24.06   25.21   32.17   24.40   28.37   24.50   31.40   29.22   25.93   16.39   19.27   26.47   24.68   19.12   22.14   34.08   33.19   42.76   43.29   41.56   48.12   46.21   31.39   30.32   38.63   31.09   
   375.    4.022   4.908   6.289   12.85   15.26   19.55   12.90   10.62   12.04   12.00   21.86   26.80   25.01   23.90   26.14   20.57   6.193   14.68   18.55   18.68   28.71   26.25   28.00   21.71   20.70   22.73   20.75   21.43   20.49   19.31   20.72   26.69   30.83   27.00   9.271   13.56   33.93   33.95   34.45   26.93   40.05   37.69   34.00   24.14   21.03   32.05   31.67   29.43   24.35   40.50   35.79   29.01   38.04   11.07   43.91   45.15   46.45   38.51   34.58   36.09   36.44   32.02   30.91   45.86   36.32   30.68   24.90   26.09   33.30   25.25   29.37   25.36   32.50   30.25   26.84   16.97   19.94   27.40   25.55   19.79   22.91   35.28   34.35   44.26   44.81   43.02   49.81   47.84   32.49   31.39   39.98   32.18   
   400.    4.154   5.069   6.495   13.27   15.76   20.19   13.32   10.97   12.44   12.39   22.58   27.68   25.83   24.69   27.00   21.24   6.396   15.16   19.16   19.30   29.66   27.11   28.92   22.42   21.38   23.47   21.43   22.13   21.16   19.94   21.40   27.56   31.84   27.89   9.575   14.01   35.05   35.07   35.58   27.81   41.36   38.93   35.12   24.93   21.72   33.10   32.70   30.40   25.15   41.82   36.97   29.96   39.28   11.43   45.35   46.63   47.97   39.78   35.71   37.28   37.64   33.07   31.92   47.36   37.51   31.69   25.72   26.95   34.39   26.08   30.33   26.19   33.57   31.24   27.72   17.52   20.60   28.30   26.38   20.44   23.66   36.43   35.48   45.71   46.28   44.43   51.45   49.41   33.56   32.42   41.29   33.23   
   450.    4.406   5.376   6.889   14.07   16.72   21.42   14.13   11.64   13.19   13.14   23.95   29.36   27.39   26.18   28.64   22.53   6.784   16.08   20.32   20.47   31.46   28.75   30.68   23.78   22.68   24.90   22.73   23.47   22.45   21.15   22.69   29.24   33.77   29.58   10.16   14.85   37.17   37.19   37.74   29.50   43.87   41.29   37.25   26.45   23.04   35.11   34.69   32.24   26.68   44.36   39.21   31.78   41.67   12.12   48.10   49.46   50.88   42.19   37.88   39.54   39.92   35.07   33.86   50.24   39.79   33.61   27.28   28.58   36.48   27.66   32.17   27.78   35.61   33.14   29.40   18.59   21.85   30.01   27.98   21.68   25.10   38.64   37.63   48.49   49.09   47.13   54.57   52.40   35.59   34.38   43.80   35.25   
   500.    4.644   5.667   7.261   14.83   17.62   22.57   14.89   12.27   13.90   13.85   25.25   30.94   28.88   27.60   30.19   23.75   7.151   16.95   21.42   21.57   33.16   30.31   32.34   25.06   23.90   26.24   23.96   24.74   23.66   22.30   23.92   30.82   35.60   31.18   10.70   15.66   39.18   39.21   39.78   31.10   46.25   43.53   39.26   27.88   24.29   37.00   36.56   33.99   28.12   46.76   41.33   33.50   43.92   12.78   50.70   52.14   53.63   44.47   39.93   41.68   42.08   36.97   35.69   52.95   41.94   35.43   28.75   30.13   38.45   29.16   33.91   29.28   37.53   34.93   30.99   19.59   23.03   31.64   29.50   22.85   26.46   40.73   39.67   51.11   51.75   49.68   57.52   55.24   37.52   36.24   46.17   37.15   
   550.    4.871   5.944   7.616   15.56   18.48   23.68   15.62   12.86   14.58   14.53   26.48   32.45   30.28   28.95   31.66   24.91   7.500   17.78   22.46   22.63   34.78   31.79   33.91   26.29   25.07   27.53   25.13   25.95   24.82   23.38   25.09   32.32   37.34   32.70   11.23   16.42   41.10   41.12   41.73   32.62   48.50   45.65   41.18   29.24   25.47   38.81   38.35   35.65   29.49   49.04   43.35   35.13   46.06   13.40   53.18   54.68   56.25   46.64   41.88   43.71   44.14   38.77   37.43   55.54   43.99   37.16   30.16   31.60   40.33   30.58   35.56   30.71   39.36   36.63   32.50   20.55   24.15   33.18   30.94   23.96   27.75   42.72   41.60   53.60   54.27   52.10   60.33   57.93   39.35   38.01   48.42   38.97   
   600.    5.087   6.208   7.955   16.25   19.30   24.73   16.31   13.44   15.23   15.18   27.66   33.90   31.63   30.23   33.07   26.02   7.833   18.57   23.46   23.63   36.32   33.20   35.42   27.46   26.19   28.75   26.25   27.10   25.92   24.42   26.21   33.76   39.00   34.15   11.73   17.15   42.92   42.95   43.58   34.07   50.66   47.68   43.01   30.54   26.60   40.54   40.05   37.23   30.81   51.22   45.28   36.69   48.11   14.00   55.54   57.12   58.75   48.72   43.74   45.66   46.10   40.50   39.10   58.01   45.95   38.81   31.50   33.00   42.12   31.94   37.15   32.08   41.11   38.26   33.95   21.46   25.23   34.66   32.31   25.03   28.98   44.62   43.45   55.99   56.69   54.42   63.01   60.51   41.10   39.70   50.57   40.70   
   650.    5.295   6.462   8.279   16.91   20.09   25.74   16.98   13.98   15.85   15.80   28.79   35.28   32.92   31.47   34.42   27.08   8.153   19.33   24.42   24.60   37.80   34.56   36.87   28.58   27.25   29.92   27.32   28.21   26.98   25.42   27.28   35.14   40.59   35.55   12.21   17.85   44.68   44.70   45.36   35.46   52.73   49.63   44.77   31.79   27.69   42.19   41.69   38.75   32.06   53.32   47.12   38.19   50.08   14.57   57.81   59.45   61.15   50.70   45.52   47.52   47.98   42.15   40.70   60.38   47.82   40.40   32.78   34.35   43.84   33.25   38.66   33.39   42.79   39.83   35.33   22.34   26.26   36.07   33.63   26.05   30.17   46.44   45.23   58.27   59.00   56.64   65.58   62.98   42.78   41.32   52.64   42.36   
   700.    5.495   6.706   8.592   17.55   20.85   26.71   17.62   14.51   16.45   16.39   29.87   36.61   34.17   32.66   35.72   28.10   8.461   20.06   25.34   25.53   39.23   35.86   38.26   29.66   28.28   31.05   28.35   29.28   28.00   26.38   28.31   36.46   42.12   36.89   12.67   18.53   46.36   46.39   47.07   36.80   54.72   51.50   46.46   32.99   28.74   43.78   43.26   40.21   33.27   55.33   48.90   39.63   51.97   15.12   59.99   61.69   63.46   52.62   47.24   49.31   49.79   43.74   42.23   62.66   49.63   41.92   34.02   35.65   45.49   34.50   40.12   34.65   44.41   41.33   36.67   23.18   27.25   37.43   34.90   27.03   31.30   48.20   46.93   60.47   61.23   58.78   68.06   65.36   44.39   42.88   54.62   43.96   
   800.    5.874   7.169   9.185   18.76   22.29   28.55   18.83   15.51   17.59   17.52   31.93   39.14   36.52   34.91   38.19   30.04   9.045   21.44   27.09   27.29   41.94   38.34   40.90   31.70   30.24   33.20   30.31   31.30   29.93   28.20   30.26   38.98   45.03   39.44   13.54   19.81   49.56   49.59   50.32   39.34   58.50   55.06   49.66   35.26   30.72   46.81   46.25   42.99   35.57   59.15   52.28   42.37   55.55   16.16   64.13   65.95   67.84   56.25   50.50   52.72   53.23   46.76   45.15   66.98   53.05   44.82   36.37   38.11   48.64   36.89   42.89   37.04   47.47   44.18   39.20   24.78   29.13   40.02   37.31   28.90   33.47   51.52   50.17   64.65   65.46   62.83   72.76   69.87   47.46   45.84   58.40   47.00   
   900.    6.230   7.604   9.742   19.90   23.64   30.29   19.98   16.46   18.65   18.59   33.87   41.51   38.74   37.03   40.50   31.86   9.594   22.74   28.73   28.94   44.48   40.66   43.38   33.63   32.07   35.21   32.15   33.20   31.74   29.91   32.10   41.34   47.76   41.83   14.36   21.01   52.57   52.60   53.37   41.72   62.05   58.40   52.68   37.40   32.58   49.65   49.06   45.60   37.73   62.74   55.45   44.94   58.92   17.14   68.02   69.95   71.95   59.66   53.57   55.92   56.46   49.60   47.89   71.05   56.27   47.53   38.58   40.42   51.59   39.12   45.49   39.29   50.35   46.86   41.58   26.28   30.90   42.45   39.57   30.65   35.50   54.65   53.22   68.57   69.43   66.65   77.17   74.11   50.34   48.63   61.94   49.85   
   1.00e3  6.567   8.015   10.27   20.98   24.92   31.93   21.06   17.35   19.66   19.59   35.70   43.76   40.84   39.03   42.69   33.59   10.11   23.97   30.29   30.51   46.89   42.86   45.73   35.44   33.81   37.11   33.89   34.99   33.46   31.53   33.83   43.58   50.35   44.09   15.14   22.14   55.41   55.44   56.26   43.98   65.40   61.55   55.52   39.42   34.35   52.33   51.71   48.07   39.77   66.13   58.45   47.37   62.11   18.07   71.70   73.74   75.85   62.89   56.47   58.94   59.51   52.28   50.48   74.89   59.32   50.11   40.66   42.61   54.38   41.24   47.95   41.41   53.08   49.40   43.83   27.71   32.57   44.74   41.72   32.31   37.42   57.60   56.10   72.28   73.18   70.25   81.35   78.12   53.06   51.26   65.29   52.54   
   1.10e3  6.888   8.406   10.77   22.00   26.14   33.48   22.09   18.19   20.62   20.55   37.45   45.90   42.83   40.94   44.78   35.23   10.61   25.14   31.77   32.00   49.18   44.95   47.96   37.17   35.46   38.93   35.54   36.70   35.10   33.07   35.48   45.71   52.80   46.24   15.88   23.22   58.12   58.15   59.01   46.13   68.59   64.56   58.23   41.35   36.02   54.89   54.23   50.41   41.71   69.36   61.30   49.68   65.14   18.95   75.20   77.33   79.55   65.96   59.22   61.82   62.42   54.83   52.94   78.54   62.21   52.55   42.65   44.69   57.03   43.25   50.29   43.43   55.67   51.81   45.97   29.06   34.16   46.93   43.75   33.89   39.24   60.42   58.83   75.81   76.75   73.68   85.32   81.93   55.65   53.76   68.48   55.11   
   1.20e3  7.194   8.780   11.25   22.98   27.30   34.97   23.07   19.00   21.54   21.46   39.11   47.94   44.73   42.76   46.77   36.79   11.08   26.26   33.18   33.42   51.37   46.95   50.09   38.83   37.03   40.66   37.12   38.33   36.66   34.54   37.06   47.74   55.15   48.30   16.58   24.26   60.70   60.74   61.63   48.18   71.64   67.43   60.82   43.19   37.62   57.33   56.65   52.65   43.57   72.44   64.03   51.89   68.04   19.79   78.55   80.77   83.09   68.89   61.85   64.57   65.19   57.27   55.29   82.04   64.98   54.89   44.54   46.67   59.57   45.18   52.53   45.36   58.14   54.11   48.01   30.35   35.68   49.01   45.70   35.40   40.99   63.10   61.45   79.18   80.17   76.96   89.11   85.57   58.12   56.15   71.52   57.56   
   1.30e3  7.488   9.138   11.71   23.92   28.41   36.40   24.01   19.78   22.42   22.34   40.71   49.89   46.56   44.50   48.68   38.30   11.53   27.33   34.53   34.79   53.46   48.87   52.14   40.41   38.54   42.32   38.64   39.90   38.15   35.95   38.57   49.69   57.40   50.27   17.26   25.25   63.18   63.22   64.15   50.14   74.57   70.18   63.31   44.95   39.16   59.67   58.96   54.80   45.35   75.40   66.64   54.01   70.82   20.60   81.75   84.07   86.48   71.71   64.38   67.20   67.85   59.61   57.55   85.39   67.63   57.13   46.36   48.58   62.00   47.02   54.68   47.22   60.52   56.32   49.97   31.59   37.13   51.01   47.56   36.84   42.66   65.68   63.96   82.41   83.44   80.10   92.75   89.07   60.50   58.44   74.44   59.91   
   1.40e3  7.771   9.483   12.15   24.82   29.49   37.77   24.92   20.52   23.26   23.18   42.25   51.78   48.32   46.18   50.51   39.74   11.97   28.36   35.84   36.10   55.48   50.71   54.11   41.94   40.00   43.91   40.10   41.40   39.59   37.31   40.03   51.57   59.57   52.17   17.91   26.20   65.57   65.60   66.57   52.04   77.38   72.83   65.70   46.65   40.64   61.92   61.18   56.87   47.06   78.25   69.16   56.05   73.49   21.38   84.84   87.25   89.74   74.41   66.81   69.74   70.42   61.86   59.72   88.61   70.18   59.29   48.11   50.41   64.34   48.80   56.74   49.00   62.80   58.45   51.86   32.78   38.53   52.94   49.36   38.23   44.27   68.16   66.37   85.52   86.59   83.12   96.25   92.43   62.78   60.65   77.25   62.17   
   1.50e3  8.043   9.816   12.58   25.69   30.52   39.10   25.79   21.24   24.08   24.00   43.73   53.59   50.01   47.80   52.29   41.14   12.39   29.36   37.09   37.37   57.43   52.49   56.01   43.41   41.40   45.46   41.50   42.86   40.98   38.62   41.43   53.38   61.66   54.00   18.54   27.12   67.87   67.91   68.91   53.86   80.10   75.39   68.00   48.29   42.07   64.09   63.33   58.87   48.71   80.99   71.59   58.02   76.07   22.13   87.82   90.31   92.89   77.03   69.16   72.19   72.89   64.03   61.82   91.72   72.65   61.37   49.80   52.18   66.60   50.51   58.73   50.72   65.01   60.50   53.68   33.93   39.89   54.80   51.09   39.57   45.83   70.55   68.70   88.52   89.63   86.04   99.63   95.67   64.98   62.77   79.96   64.35   
   1.60e3  8.307   10.14   12.99   26.54   31.52   40.38   26.64   21.94   24.87   24.78   45.16   55.35   51.65   49.37   54.00   42.49   12.79   30.32   38.31   38.59   59.31   54.22   57.84   44.83   42.76   46.95   42.86   44.26   42.33   39.89   42.79   55.13   63.68   55.77   19.15   28.01   70.09   70.13   71.17   55.63   82.73   77.86   70.23   49.87   43.44   66.20   65.41   60.80   50.31   83.65   73.94   59.92   78.57   22.86   90.70   93.27   95.94   79.55   71.42   74.56   75.28   66.13   63.85   94.73   75.03   63.38   51.43   53.89   68.78   52.16   60.66   52.38   67.14   62.48   55.44   35.05   41.19   56.60   52.77   40.87   47.33   72.87   70.96   91.43   92.57   88.86   102.9   98.81   67.12   64.83   82.58   66.46   
   1.70e3  8.563   10.45   13.39   27.35   32.49   41.63   27.46   22.62   25.64   25.55   46.55   57.06   53.24   50.89   55.66   43.79   13.19   31.26   39.49   39.78   61.14   55.88   59.62   46.21   44.08   48.39   44.18   45.62   43.63   41.11   44.11   56.82   65.64   57.49   19.74   28.87   72.25   72.29   73.36   57.34   85.27   80.26   72.40   51.40   44.78   68.23   67.42   62.67   51.85   86.22   76.21   61.76   80.98   23.56   93.49   96.14   98.89   82.00   73.62   76.85   77.59   68.17   65.81   97.64   77.34   65.33   53.02   55.55   70.90   53.77   62.52   53.99   69.20   64.41   57.14   36.12   42.46   58.34   54.39   42.13   48.79   75.11   73.14   94.24   95.42   91.60   106.1   101.9   69.18   66.83   85.13   68.51   
   1.80e3  8.811   10.75   13.78   28.14   33.43   42.83   28.25   23.27   26.38   26.29   47.90   58.71   54.79   52.37   57.28   45.06   13.57   32.16   40.63   40.93   62.91   57.51   61.35   47.55   45.35   49.79   45.46   46.95   44.89   42.30   45.39   58.47   67.55   59.16   20.31   29.71   74.35   74.39   75.48   59.00   87.74   82.58   74.49   52.89   46.08   70.21   69.38   64.49   53.36   88.72   78.42   63.55   83.33   24.24   96.20   98.93   101.8   84.38   75.76   79.08   79.84   70.14   67.72   100.5   79.58   67.22   54.55   57.16   72.95   55.33   64.34   55.56   71.21   66.27   58.80   37.17   43.69   60.03   55.97   43.35   50.20   77.29   75.26   96.97   98.18   94.25   109.1   104.8   71.19   68.77   87.59   70.50   
   2.00e3  9.288   11.33   14.52   29.67   35.24   45.15   29.78   24.53   27.81   27.71   50.49   61.89   57.75   55.20   60.38   47.50   14.30   33.90   42.83   43.15   66.31   60.62   64.67   50.13   47.81   52.49   47.92   49.49   47.32   44.59   47.84   61.63   71.20   62.36   21.41   31.32   78.37   78.41   79.57   62.20   92.49   87.05   78.52   55.76   48.57   74.01   73.13   67.97   56.24   93.52   82.66   66.99   87.84   25.55   101.4   104.3   107.3   88.94   79.85   83.36   84.16   73.94   71.38   105.9   83.88   70.86   57.51   60.26   76.90   58.32   67.82   58.56   75.06   69.86   61.98   39.18   46.06   63.28   58.99   45.70   52.91   81.47   79.33   102.2   103.5   99.35   115.0   110.5   75.04   72.49   92.33   74.31   
   2.25e3  9.851   12.02   15.40   31.47   37.38   47.89   31.59   26.02   29.49   29.39   53.56   65.64   61.25   58.55   64.04   50.38   15.17   35.96   45.43   45.76   70.34   64.29   68.60   53.17   50.71   55.67   50.83   52.49   50.19   47.30   50.75   65.37   75.52   66.14   22.71   33.22   83.12   83.17   84.39   65.97   98.10   92.33   83.29   59.14   51.52   78.50   77.57   72.10   59.66   99.19   87.68   71.06   93.17   27.10   107.6   110.6   113.8   94.34   84.70   88.41   89.27   78.42   75.71   112.3   88.97   75.16   60.99   63.91   81.56   61.86   71.93   62.12   79.62   74.10   65.74   41.56   48.85   67.11   62.57   48.47   56.12   86.41   84.14   108.4   109.8   105.4   122.0   117.2   79.59   76.88   97.93   78.82   
   2.50e3  10.38   12.67   16.24   33.17   39.40   50.48   33.30   27.43   31.09   30.98   56.45   69.19   64.57   61.71   67.50   53.11   15.99   37.90   47.89   48.24   74.14   67.77   72.31   56.04   53.45   58.68   53.58   55.33   52.91   49.86   53.49   68.91   79.60   69.72   23.94   35.01   87.62   87.67   88.96   69.54   103.4   97.33   87.79   62.34   54.31   82.74   81.76   76.00   62.88   104.6   92.42   74.90   98.21   28.57   113.4   116.6   119.9   99.44   89.28   93.19   94.10   82.66   79.81   118.4   93.79   79.22   64.29   67.37   85.98   65.21   75.82   65.48   83.92   78.10   69.30   43.81   51.49   70.74   65.96   51.09   59.16   91.08   88.69   114.3   115.7   111.1   128.6   123.5   83.89   81.04   103.2   83.08   
   2.75e3  10.89   13.29   17.03   34.79   41.32   52.94   34.92   28.76   32.61   32.49   59.21   72.57   67.72   64.73   70.80   55.70   16.77   39.75   50.23   50.59   77.76   71.08   75.83   58.78   56.06   61.55   56.19   58.03   55.49   52.29   56.10   72.27   83.49   73.12   25.10   36.72   91.89   91.94   93.30   72.93   108.5   102.1   92.08   65.38   56.96   86.78   85.75   79.71   65.95   109.7   96.93   78.56   103.0   29.96   118.9   122.3   125.8   104.3   93.64   97.74   98.69   86.70   83.70   124.2   98.36   83.09   67.43   70.66   90.17   68.39   79.52   68.67   88.02   81.92   72.68   45.95   54.01   74.20   69.18   53.58   62.05   95.53   93.02   119.9   121.4   116.5   134.9   129.5   87.99   85.00   108.3   87.13   
   3.00e3  11.38   13.88   17.79   36.33   43.16   55.30   36.47   30.04   34.06   33.94   61.84   75.79   70.73   67.60   73.95   58.18   17.52   41.52   52.46   52.84   81.22   74.24   79.21   61.39   58.55   64.28   58.69   60.61   57.96   54.62   58.60   75.48   87.20   76.37   26.22   38.35   95.98   96.03   97.45   76.17   113.3   106.6   96.17   68.29   59.49   90.64   89.56   83.25   68.89   114.5   101.2   82.05   107.6   31.30   124.2   127.7   131.4   108.9   97.80   102.1   103.1   90.55   87.43   129.7   102.7   86.79   70.43   73.80   94.18   71.43   83.06   71.73   91.93   85.56   75.91   47.99   56.41   77.50   72.25   55.97   64.81   99.77   97.16   125.2   126.8   121.7   140.9   135.3   91.90   88.78   113.1   91.01   
   3.25e3  11.84   14.45   18.51   37.82   44.92   57.55   37.96   31.27   35.45   35.32   64.37   78.89   73.62   70.36   76.97   60.55   18.23   43.22   54.60   55.00   84.53   77.27   82.44   63.90   60.94   66.91   61.09   63.08   60.32   56.85   60.99   78.57   90.76   79.49   27.29   39.92   99.90   99.95   101.4   79.28   117.9   111.0   100.1   71.07   61.92   94.34   93.22   86.65   71.70   119.2   105.4   85.40   112.0   32.57   129.3   132.9   136.7   113.4   101.8   106.3   107.3   94.25   91.00   135.0   106.9   90.33   73.31   76.81   98.03   74.35   86.45   74.65   95.69   89.05   79.01   49.95   58.71   80.66   75.20   58.25   67.45   103.8   101.1   130.3   131.9   126.6   146.6   140.8   95.65   92.40   117.7   94.73   
   3.50e3  12.29   14.99   19.21   39.25   46.62   59.73   39.40   32.45   36.79   36.65   66.80   81.87   76.40   73.02   79.87   62.84   18.92   44.85   56.66   57.08   87.73   80.19   85.55   66.31   63.24   69.44   63.40   65.46   62.60   58.99   63.29   81.53   94.19   82.49   28.32   41.43   103.7   103.7   105.3   82.28   122.4   115.2   103.9   73.76   64.26   97.90   96.74   89.92   74.40   123.7   109.4   88.62   116.2   33.80   134.1   137.9   141.9   117.7   105.6   110.3   111.3   97.81   94.43   140.1   111.0   93.74   76.07   79.71   101.7   77.15   89.71   77.47   99.30   92.42   81.99   51.83   60.93   83.71   78.04   60.45   70.00   107.8   104.9   135.2   136.9   131.4   152.2   146.1   99.26   95.89   122.1   98.30   
   3.75e3  12.72   15.52   19.89   40.62   48.26   61.82   40.78   33.59   38.08   37.94   69.14   84.74   79.08   75.58   82.67   65.04   19.58   46.42   58.65   59.08   90.80   83.00   88.56   68.64   65.46   71.87   65.62   67.76   64.80   61.06   65.51   84.39   97.49   85.38   29.32   42.88   107.3   107.4   109.0   85.17   126.6   119.2   107.5   76.35   66.51   101.3   100.1   93.08   77.02   128.1   113.2   91.73   120.3   34.99   138.9   142.8   146.9   121.8   109.3   114.1   115.2   101.2   97.75   145.0   114.9   97.03   78.74   82.51   105.3   79.86   92.86   80.19   102.8   95.66   84.87   53.65   63.07   86.64   80.78   62.57   72.46   111.6   108.6   140.0   141.7   136.0   157.5   151.3   102.7   99.26   126.4   101.8   
   4.00e3  13.13   16.03   20.54   41.96   49.84   63.85   42.12   34.69   39.33   39.19   71.41   87.52   81.67   78.06   85.39   67.18   20.23   47.94   60.57   61.02   93.78   85.72   91.46   70.89   67.61   74.23   67.77   69.98   66.92   63.06   67.66   87.16   100.7   88.18   30.28   44.29   110.8   110.9   112.5   87.96   130.8   123.1   111.0   78.85   68.69   104.7   103.4   96.13   79.54   132.3   116.9   94.74   124.2   36.14   143.4   147.5   151.7   125.8   112.9   117.9   119.0   104.6   101.0   149.8   118.6   100.2   81.33   85.21   108.8   82.48   95.91   82.82   106.2   98.80   87.66   55.41   65.13   89.49   83.43   64.62   74.83   115.2   112.2   144.6   146.4   140.5   162.7   156.2   106.1   102.5   130.6   105.1   
   4.50e3  13.93   17.00   21.78   44.50   52.86   67.72   44.67   36.80   41.71   41.56   75.74   92.83   86.63   82.80   90.56   71.25   21.45   50.85   64.25   64.72   99.47   90.92   97.01   75.19   71.71   78.73   71.88   74.23   70.98   66.89   71.77   92.45   106.8   93.53   32.11   46.97   117.6   117.6   119.3   93.29   138.7   130.6   117.8   83.63   72.86   111.0   109.7   102.0   84.37   140.3   124.0   100.5   131.8   38.33   152.1   156.4   160.9   133.4   119.8   125.0   126.2   110.9   107.1   158.9   125.8   106.3   86.26   90.38   115.4   87.48   101.7   87.85   112.6   104.8   92.97   58.77   69.08   94.91   88.49   68.54   79.37   122.2   119.0   153.3   155.2   149.0   172.6   165.7   112.6   108.7   138.5   111.5   
   5.00e3  14.69   17.92   22.96   46.91   55.72   71.39   47.09   38.79   43.97   43.81   79.84   97.85   91.31   87.28   95.46   75.10   22.61   53.60   67.72   68.22   104.9   95.84   102.3   79.26   75.59   82.99   75.77   78.24   74.82   70.51   75.65   97.45   112.6   98.59   33.85   49.52   123.9   124.0   125.8   98.34   146.2   137.6   124.2   88.16   76.80   117.0   115.6   107.5   88.93   147.9   130.7   105.9   138.9   40.40   160.3   164.9   169.6   140.6   126.3   131.8   133.1   116.9   112.9   167.5   132.6   112.0   90.92   95.27   121.6   92.21   107.2   92.60   118.7   110.5   98.00   61.95   72.82   100.0   93.28   72.25   83.67   128.8   125.4   161.6   163.6   157.1   181.9   174.7   118.6   114.6   146.0   117.5   
   5.50e3  15.40   18.80   24.08   49.20   58.44   74.87   49.39   40.68   46.11   45.95   83.73   102.6   95.77   91.54   100.1   78.77   23.72   56.22   71.03   71.55   110.0   100.5   107.2   83.13   79.28   87.04   79.47   82.06   78.48   73.95   79.34   102.2   118.1   103.4   35.50   51.93   130.0   130.0   131.9   103.1   153.4   144.4   130.2   92.46   80.55   122.7   121.3   112.7   93.27   155.1   137.1   111.1   145.7   42.38   168.2   172.9   177.9   147.5   132.4   138.2   139.6   122.6   118.4   175.6   139.1   117.5   95.36   99.92   127.5   96.71   112.5   97.12   124.5   115.8   102.8   64.98   76.38   104.9   97.83   75.78   87.75   135.1   131.6   169.5   171.6   164.8   190.8   183.2   124.4   120.2   153.1   123.2   
   6.00e3  16.09   19.63   25.15   51.39   61.04   78.20   51.58   42.49   48.16   47.99   87.46   107.2   100.0   95.61   104.6   82.27   24.77   58.72   74.19   74.73   114.9   105.0   112.0   86.82   82.81   90.91   83.01   85.71   81.96   77.24   82.87   106.8   123.3   108.0   37.08   54.24   135.7   135.8   137.8   107.7   160.2   150.8   136.0   96.57   84.13   128.2   126.7   117.7   97.42   162.0   143.2   116.0   152.1   44.26   175.6   180.6   185.8   154.1   138.3   144.4   145.8   128.1   123.6   183.4   145.3   122.7   99.60   104.4   133.2   101.0   117.5   101.4   130.0   121.0   107.4   67.87   79.77   109.6   102.2   79.15   91.65   141.1   137.4   177.0   179.3   172.1   199.3   191.3   130.0   125.5   159.9   128.7   
   6.50e3  16.74   20.43   26.18   53.48   63.53   81.39   53.69   44.22   50.13   49.95   91.03   111.6   104.1   99.51   108.8   85.63   25.78   61.12   77.22   77.78   119.5   109.3   116.6   90.37   86.19   94.62   86.39   89.21   85.31   80.39   86.25   111.1   128.4   112.4   38.60   56.46   141.3   141.4   143.4   112.1   166.7   156.9   141.6   100.5   87.57   133.4   131.8   122.5   101.4   168.6   149.0   120.8   158.4   46.07   182.8   188.0   193.4   160.3   144.0   150.3   151.7   133.3   128.7   190.9   151.2   127.7   103.7   108.6   138.6   105.1   122.3   105.6   135.3   125.9   111.7   70.64   83.03   114.1   106.4   82.38   95.39   146.9   143.0   184.3   186.6   179.1   207.4   199.2   135.3   130.7   166.5   134.0   
   7.00e3  17.38   21.21   27.17   55.50   65.93   84.47   55.71   45.89   52.02   51.84   94.47   115.8   108.0   103.3   113.0   88.86   26.76   63.42   80.13   80.72   124.1   113.4   121.0   93.78   89.44   98.20   89.66   92.58   88.53   83.43   89.51   115.3   133.2   116.7   40.05   58.59   146.6   146.7   148.9   116.4   173.0   162.9   146.9   104.3   90.87   138.5   136.8   127.2   105.2   175.0   154.6   125.3   164.3   47.81   189.7   195.1   200.7   166.4   149.4   155.9   157.5   138.3   133.5   198.1   156.9   132.6   107.6   112.7   143.9   109.1   126.9   109.6   140.4   130.7   116.0   73.30   86.16   118.4   110.4   85.49   98.99   152.4   148.4   191.2   193.6   185.9   215.2   206.7   140.4   135.6   172.7   139.0   
   8.00e3  18.58   22.67   29.05   59.33   70.48   90.30   59.56   49.06   55.61   55.42   101.0   123.8   115.5   110.4   120.8   95.00   28.60   67.80   85.66   86.29   132.6   121.2   129.3   100.3   95.62   105.0   95.85   98.97   94.64   89.19   95.69   123.3   142.4   124.7   42.82   62.63   156.7   156.8   159.1   124.4   185.0   174.1   157.0   111.5   97.15   148.0   146.3   135.9   112.5   187.0   165.3   134.0   175.7   51.11   202.8   208.6   214.5   177.9   159.7   166.7   168.3   147.9   142.8   211.8   167.8   141.7   115.0   120.5   153.8   116.6   135.6   117.1   150.1   139.7   124.0   78.37   92.11   126.6   118.0   91.39   105.8   162.9   158.7   204.4   207.0   198.7   230.1   220.9   150.1   145.0   184.7   148.6   
   9.00e3  19.70   24.04   30.81   62.93   74.76   95.78   63.17   52.04   58.99   58.78   107.1   131.3   122.5   117.1   128.1   100.8   30.34   71.92   90.86   91.53   140.7   128.6   137.2   106.3   101.4   111.3   101.7   105.0   100.4   94.60   101.5   130.7   151.0   132.3   45.42   66.43   166.2   166.3   168.8   131.9   196.2   184.7   166.6   118.3   103.0   157.0   155.1   144.2   119.3   198.4   175.4   142.1   186.3   54.21   215.1   221.2   227.5   188.7   169.4   176.8   178.5   156.8   151.4   224.7   177.9   150.3   122.0   127.8   163.1   123.7   143.9   124.2   159.2   148.2   131.5   83.12   97.70   134.2   125.1   96.94   112.2   172.8   168.3   216.8   219.5   210.8   244.0   234.4   159.2   153.8   195.9   157.6   
   10.0e3  20.77   25.35   32.47   66.34   78.80   101.0   66.59   54.85   62.18   61.96   112.9   138.4   129.1   123.4   135.0   106.2   31.98   75.81   95.78   96.48   148.3   135.5   144.6   112.1   106.9   117.4   107.2   110.7   105.8   99.71   107.0   137.8   159.2   139.4   47.87   70.03   175.2   175.3   177.9   139.1   206.8   194.7   175.6   124.7   108.6   165.5   163.5   152.0   125.8   209.1   184.8   149.8   196.4   57.14   226.7   233.2   239.8   198.9   178.6   186.4   188.2   165.3   159.6   236.8   187.6   158.4   128.6   134.7   172.0   130.4   151.6   131.0   167.8   156.2   138.6   87.61   103.0   141.5   131.9   102.2   118.3   182.2   177.4   228.6   231.4   222.2   257.2   247.0   167.8   162.1   206.5   166.2   
   11.0e3  21.78   26.58   34.06   69.58   82.65   105.9   69.84   57.53   65.21   64.98   118.4   145.1   135.4   129.5   141.6   111.4   33.54   79.51   100.5   101.2   155.5   142.2   151.7   117.6   112.1   123.1   112.4   116.1   111.0   104.6   112.2   144.5   167.0   146.2   50.21   73.44   183.8   183.9   186.6   145.9   216.9   204.2   184.2   130.8   113.9   173.6   171.5   159.4   131.9   219.3   193.9   157.1   206.0   59.93   237.8   244.6   251.6   208.6   187.3   195.5   197.4   173.4   167.4   248.4   196.7   166.2   134.9   141.3   180.3   136.8   159.0   137.3   176.0   163.8   145.4   91.89   108.0   148.4   138.4   107.2   124.1   191.1   186.0   239.7   242.7   233.0   269.8   259.1   176.0   170.0   216.5   174.3   
   12.0e3  22.75   27.76   35.57   72.67   86.32   110.6   72.95   60.09   68.11   67.87   123.7   151.6   141.5   135.2   147.9   116.4   35.03   83.04   104.9   105.7   162.4   148.5   158.4   122.8   117.1   128.6   117.4   121.2   115.9   109.2   117.2   151.0   174.4   152.7   52.44   76.71   192.0   192.1   194.9   152.3   226.6   213.2   192.3   136.6   119.0   181.3   179.1   166.5   137.8   229.1   202.5   164.1   215.2   62.59   248.4   255.4   262.7   217.9   195.6   204.2   206.2   181.1   174.9   259.4   205.5   173.6   140.9   147.6   188.4   142.9   166.1   143.5   183.9   171.1   151.8   95.98   112.8   155.0   144.5   111.9   129.6   199.5   194.3   250.4   253.5   243.4   281.8   270.6   183.8   177.6   226.2   182.0   
   13.0e3  23.68   28.90   37.03   75.64   89.85   115.1   75.93   62.54   70.90   70.64   128.7   157.8   147.2   140.7   153.9   121.1   36.46   86.43   109.2   110.0   169.1   154.5   164.9   127.8   121.9   133.8   122.2   126.2   120.6   113.7   122.0   157.1   181.5   159.0   54.58   79.84   199.8   199.9   202.9   158.6   235.8   221.9   200.2   142.1   123.8   188.7   186.4   173.3   143.4   238.4   210.7   170.8   224.0   65.15   258.5   265.9   273.5   226.8   203.6   212.5   214.6   188.5   182.0   270.0   213.9   180.7   146.6   153.6   196.1   148.7   172.9   149.3   191.4   178.1   158.0   99.90   117.4   161.3   150.4   116.5   134.9   207.7   202.3   260.6   263.9   253.3   293.3   281.7   191.3   184.8   235.4   189.5   
   14.0e3  24.57   29.99   38.42   78.49   93.24   119.5   78.79   64.90   73.57   73.31   133.6   163.7   152.8   146.0   159.7   125.7   37.84   89.70   113.3   114.2   175.5   160.4   171.1   132.6   126.5   138.9   126.8   130.9   125.2   118.0   126.6   163.1   188.4   165.0   56.65   82.86   207.3   207.5   210.5   164.6   244.7   230.3   207.8   147.5   128.5   195.8   193.5   179.8   148.8   247.4   218.7   177.2   232.4   67.61   268.3   275.9   283.8   235.3   211.3   220.5   222.7   195.6   188.9   280.2   221.9   187.5   152.1   159.4   203.5   154.3   179.4   154.9   198.6   184.8   164.0   103.7   121.9   167.4   156.1   120.9   140.0   215.5   209.9   270.4   273.8   262.9   304.4   292.3   198.5   191.8   244.3   196.6   
   15.0e3  25.44   31.04   39.77   81.25   96.51   123.6   81.56   67.18   76.15   75.88   138.3   169.5   158.2   151.2   165.3   130.1   39.17   92.84   117.3   118.2   181.6   166.0   177.1   137.3   130.9   143.7   131.2   135.5   129.6   122.1   131.0   168.8   195.0   170.8   58.63   85.76   214.6   214.7   217.9   170.3   253.3   238.4   215.0   152.7   133.0   202.7   200.3   186.2   154.0   256.1   226.4   183.5   240.6   69.98   277.7   285.6   293.8   243.6   218.7   228.3   230.5   202.5   195.5   290.0   229.7   194.1   157.5   165.0   210.6   159.7   185.7   160.4   205.6   191.3   169.7   107.3   126.1   173.3   161.6   125.1   144.9   223.1   217.3   279.9   283.4   272.1   315.1   302.5   205.5   198.5   252.9   203.5   
   16.0e3  26.27   32.06   41.08   83.91   99.68   127.7   84.23   69.38   78.65   78.37   142.8   175.0   163.3   156.1   170.8   134.4   40.45   95.89   121.1   122.0   187.6   171.4   182.9   141.8   135.2   148.5   135.5   140.0   133.8   126.1   135.3   174.3   201.4   176.4   60.56   88.58   221.7   221.8   225.0   175.9   261.6   246.2   222.1   157.7   137.4   209.3   206.8   192.3   159.1   264.5   233.8   189.5   248.5   72.28   286.8   294.9   303.4   251.6   225.9   235.8   238.0   209.1   201.9   299.6   237.3   200.4   162.7   170.4   217.5   165.0   191.8   165.6   212.3   197.6   175.3   110.8   130.3   179.0   166.9   129.2   149.7   230.4   224.4   289.1   292.7   281.0   325.4   312.5   212.2   205.0   261.2   210.2   
   17.0e3  27.08   33.05   42.34   86.49   102.7   131.6   86.83   71.52   81.07   80.78   147.2   180.4   168.4   160.9   176.0   138.5   41.70   98.84   124.9   125.8   193.3   176.7   188.6   146.1   139.4   153.0   139.7   144.3   138.0   130.0   139.5   179.7   207.6   181.8   62.42   91.30   228.5   228.6   232.0   181.3   269.7   253.8   228.9   162.6   141.6   215.8   213.2   198.2   164.0   272.7   241.0   195.3   256.1   74.50   295.6   304.0   312.7   259.3   232.8   243.0   245.4   215.6   208.1   308.8   244.6   206.6   167.7   175.7   224.2   170.0   197.7   170.7   218.8   203.7   180.7   114.2   134.3   184.5   172.0   133.2   154.3   237.5   231.3   298.0   301.7   289.7   335.4   322.1   218.8   211.3   269.2   216.6   
   18.0e3  27.86   34.00   43.57   89.00   105.7   135.4   89.34   73.59   83.42   83.13   151.5   185.7   173.3   165.6   181.1   142.5   42.91   101.7   128.5   129.4   198.9   181.8   194.0   150.4   143.4   157.5   143.8   148.5   142.0   133.8   143.5   184.9   213.6   187.1   64.23   93.95   235.1   235.2   238.7   186.6   277.5   261.2   235.6   167.3   145.7   222.0   219.4   203.9   168.7   280.6   248.0   201.0   263.5   76.66   304.2   312.8   321.8   266.8   239.6   250.1   252.5   221.8   214.2   317.7   251.7   212.6   172.5   180.8   230.7   175.0   203.5   175.7   225.2   209.6   185.9   117.5   138.2   189.8   177.0   137.1   158.7   244.4   238.0   306.7   310.5   298.1   345.1   331.4   225.1   217.5   277.0   222.9   
   20.0e3  29.37   35.84   45.93   93.82   111.4   142.8   94.18   77.57   87.94   87.62   159.7   195.7   182.6   174.6   190.9   150.2   45.23   107.2   135.4   136.4   209.7   191.7   204.5   158.5   151.2   166.0   151.5   156.5   149.6   141.0   151.3   194.9   225.2   197.2   67.70   99.03   247.8   248.0   251.6   196.7   292.5   275.3   248.3   176.3   153.6   234.0   231.3   215.0   177.9   295.7   261.4   211.8   277.8   80.81   320.7   329.8   339.2   281.3   252.5   263.6   266.1   233.8   225.7   334.9   265.3   224.1   181.8   190.5   243.2   184.4   214.5   185.2   237.4   220.9   196.0   123.9   145.6   200.1   186.6   144.5   167.3   257.6   250.9   323.2   327.3   314.2   363.8   349.3   237.3   229.2   292.0   235.0   
   22.5e3  31.15   38.02   48.71   99.51   118.2   151.4   99.89   82.28   93.27   92.94   169.4   207.6   193.7   185.1   202.5   159.3   47.97   113.7   143.7   144.7   222.4   203.3   216.9   168.1   160.4   176.1   160.7   166.0   158.7   149.6   160.5   206.7   238.8   209.1   71.81   105.0   262.9   263.0   266.9   208.6   310.2   292.0   263.4   187.0   162.9   248.2   245.3   228.0   188.6   313.7   277.3   224.7   294.6   85.71   340.1   349.8   359.8   298.3   267.8   279.6   282.3   248.0   239.4   355.2   281.4   237.7   192.9   202.1   257.9   195.6   227.5   196.4   251.8   234.3   207.9   131.4   154.5   212.2   197.9   153.3   177.5   273.2   266.1   342.9   347.1   333.2   385.9   370.5   251.7   243.1   309.7   249.2   
   25.0e3  32.84   40.07   51.35   104.9   124.6   159.6   105.3   86.73   98.32   97.96   178.5   218.8   204.2   195.2   213.5   167.9   50.56   119.9   151.4   152.5   234.5   214.3   228.7   177.2   169.0   185.6   169.4   175.0   167.3   157.7   169.2   217.9   251.7   220.5   75.70   110.7   277.1   277.2   281.3   219.9   327.0   307.8   277.6   197.1   171.7   261.7   258.6   240.3   198.9   330.6   292.3   236.9   310.6   90.35   358.5   368.7   379.2   314.5   282.3   294.7   297.6   261.4   252.4   374.4   296.6   250.5   203.3   213.0   271.9   206.2   239.8   207.1   265.4   247.0   219.1   138.5   162.8   223.7   208.6   161.6   187.1   288.0   280.5   361.4   365.9   351.3   406.7   390.6   265.3   256.3   326.4   262.7   
   27.5e3  34.44   42.03   53.85   110.0   130.7   167.4   110.4   90.96   103.1   102.7   187.2   229.5   214.1   204.7   223.9   176.1   53.03   125.7   158.8   160.0   245.9   224.8   239.8   185.9   177.3   194.6   177.7   183.5   175.5   165.4   177.4   228.5   264.0   231.2   79.39   116.1   290.6   290.8   295.0   230.6   343.0   322.8   291.2   206.7   180.1   274.4   271.2   252.1   208.6   346.8   306.5   248.4   325.7   94.76   376.0   386.7   397.7   329.8   296.1   309.1   312.1   274.2   264.7   392.7   311.1   262.8   213.2   223.4   285.2   216.3   251.5   217.2   278.3   259.0   229.8   145.3   170.8   234.6   218.8   169.4   196.2   302.1   294.2   379.0   383.8   368.4   426.6   409.6   278.2   268.8   342.4   275.5   
   30.0e3  35.97   43.90   56.25   114.9   136.5   174.9   115.3   95.01   107.7   107.3   195.6   239.7   223.7   213.8   233.8   184.0   55.39   131.3   165.9   167.1   256.8   234.8   250.5   194.1   185.2   203.3   185.6   191.7   183.3   172.7   185.3   238.7   275.8   241.5   82.92   121.3   303.5   303.7   308.2   240.9   358.2   337.1   304.1   215.9   188.1   286.6   283.2   263.3   217.8   362.2   320.1   259.5   340.2   98.97   392.7   403.9   415.4   344.5   309.3   322.8   326.0   286.4   276.5   410.2   324.9   274.4   222.7   233.4   297.8   225.9   262.7   226.8   290.7   270.6   240.1   151.8   178.4   245.1   228.5   177.0   204.9   315.5   307.2   395.9   400.8   384.8   445.5   427.9   290.6   280.7   357.6   287.8   
   32.5e3  37.44   45.69   58.54   119.6   142.1   182.0   120.1   98.89   112.1   111.7   203.5   249.5   232.8   222.5   243.4   191.5   57.65   136.7   172.7   173.9   267.3   244.4   260.7   202.1   192.7   211.6   193.2   199.5   190.8   179.8   192.9   248.5   287.0   251.4   86.31   126.2   315.9   316.1   320.7   250.7   372.8   350.9   316.5   224.8   195.8   298.3   294.8   274.0   226.7   377.0   333.2   270.1   354.1   103.0   408.8   420.4   432.4   358.5   321.9   336.0   339.3   298.0   287.8   426.9   338.2   285.6   231.8   242.9   310.0   235.1   273.4   236.1   302.6   281.6   249.9   157.9   185.7   255.1   237.8   184.2   213.3   328.4   319.8   412.1   417.2   400.5   463.7   445.3   302.5   292.2   372.2   299.5   
   35.0e3  38.85   47.42   60.75   124.1   147.4   188.9   124.6   102.6   116.3   115.9   211.2   258.9   241.6   230.9   252.6   198.7   59.83   141.8   179.2   180.5   277.4   253.6   270.5   209.7   200.0   219.6   200.5   207.0   198.0   186.5   200.1   257.8   297.8   260.9   89.57   131.0   327.8   328.0   332.9   260.2   386.9   364.2   328.5   233.2   203.2   309.6   305.9   284.4   235.3   391.2   345.8   280.3   367.5   106.9   424.2   436.2   448.7   372.1   334.1   348.7   352.1   309.3   298.6   443.0   350.9   296.4   240.6   252.1   321.7   244.0   283.7   245.0   314.0   292.2   259.3   163.9   192.7   264.7   246.8   191.2   221.4   340.8   331.9   427.6   433.0   415.6   481.2   462.1   313.9   303.2   386.3   310.9   
   37.5e3  40.22   49.08   62.89   128.5   152.6   195.5   129.0   106.2   120.4   120.0   218.6   268.0   250.1   239.0   261.4   205.7   61.93   146.8   185.5   186.8   287.1   262.5   280.0   217.1   207.0   227.3   207.5   214.3   204.9   193.1   207.2   266.9   308.3   270.0   92.71   135.6   339.3   339.5   344.5   269.3   400.5   376.9   340.0   241.4   210.3   320.5   316.7   294.3   243.5   405.0   357.9   290.1   380.4   110.7   439.1   451.5   464.5   385.1   345.8   360.9   364.4   320.2   309.1   458.6   363.2   306.8   249.0   260.9   333.0   252.5   293.7   253.6   325.0   302.5   268.4   169.7   199.4   274.0   255.5   197.9   229.1   352.8   343.5   442.6   448.2   430.2   498.1   478.4   324.9   313.9   399.8   321.8   
   40.0e3  41.54   50.69   64.95   132.7   157.6   201.9   133.2   109.7   124.4   123.9   225.8   276.8   258.3   246.9   270.0   212.4   63.96   151.6   191.6   193.0   296.6   271.1   289.2   224.2   213.8   234.7   214.3   221.3   211.6   199.4   214.0   275.6   318.4   278.9   95.75   140.1   350.5   350.7   355.8   278.1   413.6   389.3   351.2   249.3   217.2   331.0   327.0   304.0   251.5   418.2   369.7   299.6   392.8   114.3   453.5   466.3   479.7   397.8   357.1   372.8   376.4   330.7   319.2   473.6   375.1   316.9   257.2   269.5   343.9   260.8   303.3   261.9   335.7   312.4   277.2   175.2   206.0   283.0   263.8   204.4   236.6   364.3   354.8   457.1   462.9   444.3   514.5   494.1   335.6   324.2   412.9   332.3   
   45.0e3  44.06   53.76   68.89   140.7   167.2   214.2   141.3   116.4   131.9   131.4   239.5   293.6   273.9   261.8   286.4   225.3   67.84   160.8   203.2   204.7   314.6   287.5   306.8   237.8   226.8   249.0   227.3   234.7   224.5   211.5   226.9   292.4   337.7   295.8   101.6   148.5   371.7   371.9   377.4   295.0   438.7   412.9   372.5   264.5   230.4   351.1   346.9   322.4   266.8   443.6   392.1   317.8   416.7   121.2   481.0   494.6   508.8   421.9   378.8   395.4   399.2   350.7   338.6   502.4   397.9   336.1   272.8   285.8   364.8   276.6   321.7   277.8   356.1   331.4   294.0   185.9   218.5   300.1   279.8   216.8   251.0   386.4   376.3   484.9   490.9   471.3   545.7   524.0   355.9   343.8   438.0   352.5   
   50.0e3  46.44   56.67   72.61   148.3   176.2   225.7   148.9   122.7   139.0   138.5   252.5   309.4   288.8   276.0   301.9   237.5   71.51   169.5   214.2   215.7   331.6   303.1   323.4   250.6   239.0   262.4   239.6   247.4   236.6   223.0   239.2   308.2   356.0   311.8   107.1   156.6   391.8   392.1   397.8   311.0   462.5   435.3   392.6   278.8   242.9   370.0   365.6   339.9   281.2   467.6   413.3   335.0   439.2   127.8   507.0   521.4   536.3   444.7   399.3   416.8   420.8   369.7   356.9   529.5   419.4   354.3   287.5   301.3   384.5   291.6   339.1   292.8   375.3   349.3   309.9   195.9   230.3   316.4   295.0   228.5   264.6   407.3   396.7   511.1   517.5   496.8   575.2   552.4   375.2   362.4   461.7   371.5   
   55.0e3  48.71   59.44   76.16   155.6   184.8   236.8   156.2   128.6   145.8   145.3   264.8   324.5   302.8   289.5   316.6   249.1   75.00   177.8   224.6   226.3   347.8   317.9   339.1   262.9   250.7   275.3   251.3   259.5   248.2   233.8   250.9   323.2   373.4   327.0   112.3   164.2   411.0   411.2   417.3   326.2   485.0   456.5   411.8   292.4   254.7   388.1   383.5   356.5   294.9   490.4   433.5   351.3   460.7   134.0   531.8   546.8   562.5   466.4   418.8   437.1   441.4   387.7   374.3   555.4   439.9   371.6   301.6   316.0   403.3   305.8   355.6   307.1   393.6   366.3   325.0   205.5   241.5   331.8   309.4   239.6   277.5   427.2   416.0   536.0   542.8   521.0   603.3   579.3   393.5   380.1   484.2   389.7   
   60.0e3  50.87   62.08   79.55   162.5   193.0   247.3   163.1   134.4   152.3   151.8   276.6   339.0   316.3   302.3   330.7   260.2   78.34   185.7   234.6   236.3   363.2   332.0   354.2   274.6   261.9   287.5   262.5   271.0   259.2   244.2   262.1   337.6   390.0   341.5   117.3   171.5   429.2   429.5   435.8   340.7   506.6   476.8   430.1   305.4   266.0   405.4   400.5   372.3   308.1   512.2   452.8   366.9   481.1   140.0   555.4   571.2   587.5   487.2   437.4   456.6   461.0   405.0   391.0   580.1   459.5   388.1   315.0   330.0   421.2   319.4   371.5   320.8   411.1   382.6   339.5   214.6   252.3   346.6   323.1   250.3   289.8   446.2   434.5   559.9   566.9   544.2   630.1   605.1   411.0   397.0   505.7   407.0   
   65.0e3  52.95   64.62   82.79   169.1   200.9   257.4   169.8   139.9   158.5   158.0   287.9   352.8   329.2   314.7   344.2   270.8   81.54   193.3   244.2   246.0   378.0   345.6   368.7   285.8   272.5   299.2   273.2   282.1   269.8   254.2   272.8   351.4   405.9   355.5   122.1   178.5   446.8   447.0   453.6   354.6   527.3   496.3   447.7   317.9   276.9   421.9   416.9   387.5   320.6   533.2   471.2   381.9   500.8   145.7   578.1   594.5   611.5   507.0   455.2   475.2   479.8   421.5   407.0   603.8   478.2   404.0   327.8   343.5   438.4   332.5   386.6   333.9   427.9   398.3   353.3   223.4   262.6   360.7   336.3   260.5   301.7   464.4   452.3   582.7   590.0   566.4   655.8   629.8   427.8   413.2   526.4   423.6   
   70.0e3  54.95   67.06   85.92   175.5   208.5   267.1   176.2   145.1   164.5   163.9   298.7   366.1   341.7   326.6   357.2   281.0   84.61   200.6   253.4   255.3   392.3   358.6   382.6   296.6   282.8   310.5   283.5   292.8   280.0   263.8   283.1   364.6   421.2   368.9   126.7   185.3   463.6   463.9   470.7   368.0   547.2   515.0   464.6   329.9   287.4   437.8   432.6   402.1   332.7   553.3   489.0   396.3   519.7   151.2   599.9   616.9   634.6   526.2   472.4   493.1   497.9   437.4   422.3   626.6   496.3   419.2   340.2   356.5   454.9   345.0   401.2   346.5   444.1   413.3   366.7   231.8   272.5   374.3   349.0   270.3   313.0   482.0   469.3   604.7   612.3   587.8   680.6   653.6   443.9   428.8   546.2   439.6   
   80.0e3  58.74   71.69   91.85   187.6   222.9   285.5   188.4   155.2   175.9   175.2   319.3   391.4   365.2   349.1   381.9   300.4   90.46   214.4   270.9   272.9   419.4   383.4   409.0   317.0   302.4   332.0   303.1   313.0   299.3   282.0   302.6   389.8   450.3   394.4   135.4   198.1   495.6   495.9   503.2   393.4   585.0   550.6   496.6   352.6   307.2   468.1   462.5   429.9   355.7   591.5   522.8   423.7   555.6   161.6   641.3   659.5   678.4   562.5   505.0   527.2   532.3   467.6   451.5   669.8   530.5   448.2   363.7   381.1   486.4   368.9   428.9   370.4   474.7   441.8   392.0   247.8   291.3   400.2   373.1   289.0   334.7   515.2   501.7   646.5   654.6   628.3   727.6   698.7   474.6   458.4   584.0   470.0   
   90.0e3  62.31   76.04   97.42   199.0   236.4   302.9   199.8   164.6   186.5   185.9   338.7   415.1   387.4   370.3   405.0   318.6   95.94   227.4   287.3   289.4   444.8   406.6   433.8   336.3   320.7   352.1   321.5   332.0   317.4   299.1   321.0   413.4   477.6   418.3   143.6   210.1   525.7   526.0   533.7   417.2   620.5   584.0   526.8   374.0   325.8   496.5   490.6   456.0   377.3   627.4   554.5   449.4   589.3   171.4   680.2   699.5   719.5   596.6   535.7   559.2   564.6   496.0   478.9   710.5   562.7   475.3   385.8   404.2   515.9   391.2   454.9   392.9   503.5   468.6   415.8   262.8   309.0   424.5   395.7   306.5   355.0   546.5   532.2   685.7   694.3   666.5   771.7   741.1   503.4   486.3   619.4   498.5   
   100.e3  65.68   80.15   102.7   209.8   249.2   319.3   210.6   173.5   196.6   195.9   357.0   437.6   408.4   390.3   426.9   335.9   101.1   239.7   302.9   305.1   468.9   428.6   457.3   354.4   338.1   371.1   338.9   349.9   334.6   315.3   338.3   435.8   503.5   440.9   151.4   221.4   554.1   554.4   562.6   439.8   654.0   615.5   555.2   394.2   343.5   523.3   517.1   480.7   397.7   661.3   584.5   473.7   621.2   180.7   717.0   737.4   758.5   628.9   564.7   589.4   595.1   522.8   504.8   748.9   593.2   501.1   406.6   426.1   543.8   412.4   479.5   414.1   530.8   494.0   438.3   277.1   325.7   447.4   417.2   323.1   374.2   576.0   561.0   722.8   731.9   702.5   813.5   781.2   530.6   512.6   652.9   525.4   
   110.e3  68.89   84.06   107.7   220.0   261.4   334.8   220.9   181.9   206.2   205.5   374.5   459.0   428.3   409.4   447.8   352.3   106.1   251.4   317.7   320.0   491.8   449.5   479.6   371.7   354.6   389.3   355.4   367.0   351.0   330.7   354.8   457.1   528.0   462.4   158.8   232.2   581.2   581.5   590.1   461.3   685.9   645.6   582.3   413.5   360.2   548.9   542.3   504.1   417.1   693.6   613.0   496.8   651.5   189.5   752.0   773.3   795.5   659.6   592.2   618.2   624.2   548.3   529.4   785.4   622.1   525.5   426.5   446.9   570.3   432.5   502.9   434.3   556.7   518.1   459.7   290.6   341.6   469.3   437.5   338.9   392.4   604.2   588.3   758.1   767.6   736.8   853.2   819.3   556.5   537.6   684.8   551.1   
   120.e3  71.95   87.80   112.5   229.8   273.0   349.7   230.7   190.0   215.4   214.6   391.1   479.4   447.3   427.6   467.7   367.9   110.8   262.6   331.8   334.2   513.7   469.5   500.9   388.3   370.3   406.6   371.2   383.3   366.6   345.4   370.6   477.4   551.5   483.0   165.9   242.6   607.0   607.4   616.3   481.8   716.4   674.3   608.2   431.9   376.2   573.3   566.5   526.5   435.7   724.4   640.3   518.9   680.5   197.9   785.5   807.7   830.9   688.9   618.5   645.7   651.9   572.7   552.9   820.4   649.8   548.9   445.4   466.7   595.7   451.8   525.3   453.6   581.4   541.1   480.1   303.5   356.8   490.1   457.0   354.0   409.9   631.0   614.5   791.8   801.7   769.6   891.1   855.7   581.2   561.5   715.2   575.6   
   130.e3  74.89   91.38   117.1   239.2   284.1   364.0   240.1   197.8   224.2   223.4   407.1   498.9   465.6   445.0   486.8   383.0   115.3   273.3   345.3   347.9   534.6   488.7   521.4   404.1   385.4   423.2   386.4   399.0   381.5   359.5   385.7   496.9   574.0   502.7   172.6   252.5   631.8   632.2   641.5   501.4   745.7   701.8   633.1   449.5   391.6   596.7   589.6   548.0   453.5   754.0   666.4   540.1   708.2   206.0   817.5   840.7   864.8   717.1   643.8   672.0   678.5   596.1   575.5   853.9   676.3   571.3   463.6   485.8   620.0   470.2   546.8   472.2   605.2   563.2   499.7   315.9   371.3   510.1   475.6   368.4   426.6   656.8   639.6   824.1   834.5   801.0   927.5   890.7   605.0   584.4   744.4   599.1   
   140.e3  77.71   94.83   121.5   248.2   294.9   377.7   249.2   205.3   232.7   231.8   422.5   517.8   483.2   461.8   505.1   397.4   119.7   283.6   358.4   361.0   554.8   507.1   541.1   419.4   400.0   439.1   401.0   414.0   395.9   373.1   400.3   515.7   595.7   521.7   179.1   262.0   655.7   656.0   665.7   520.4   773.8   728.3   657.0   466.5   406.4   619.2   611.8   568.7   470.6   782.5   691.6   560.5   735.0   213.8   848.4   872.5   897.4   744.1   668.1   697.4   704.2   618.6   597.2   886.1   701.8   592.9   481.1   504.1   643.4   488.0   567.4   490.0   628.0   584.5   518.6   327.8   385.3   529.4   493.6   382.3   442.7   681.6   663.7   855.2   866.0   831.2   962.5   924.3   627.8   606.5   772.5   621.7   
   150.e3  80.44   98.16   125.8   256.9   305.2   391.0   257.9   212.5   240.8   240.0   437.3   535.9   500.1   478.0   522.9   411.4   123.9   293.6   370.9   373.7   574.3   524.9   560.1   434.1   414.0   454.6   415.0   428.6   409.8   386.2   414.3   533.8   616.6   540.0   185.4   271.2   678.7   679.1   689.1   538.6   801.0   753.9   680.0   482.9   420.7   640.9   633.3   588.7   487.1   809.9   715.9   580.2   760.8   221.3   878.2   903.1   928.9   770.3   691.6   721.9   728.9   640.3   618.2   917.2   726.5   613.7   498.0   521.8   666.0   505.1   587.3   507.2   650.1   605.0   536.8   339.3   398.9   548.0   510.9   395.7   458.3   705.5   687.0   885.2   896.4   860.4   996.3   956.7   649.8   627.7   799.6   643.5   
   160.e3  83.08   101.4   129.9   265.4   315.2   403.8   266.4   219.4   248.7   247.8   451.6   553.5   516.5   493.7   540.0   424.9   127.9   303.2   383.1   385.9   593.1   542.2   578.4   448.3   427.6   469.5   428.6   442.6   423.3   398.9   427.9   551.3   636.8   557.7   191.5   280.1   700.9   701.3   711.7   556.3   827.3   778.6   702.3   498.7   434.4   662.0   654.1   608.0   503.1   836.5   739.4   599.2   785.7   228.6   907.0   932.7   959.4   795.5   714.2   745.6   752.8   661.3   638.5   947.3   750.3   633.8   514.3   538.9   687.8   521.6   606.6   523.8   671.4   624.8   554.4   350.5   411.9   566.0   527.7   408.7   473.3   728.7   709.6   914.3   925.8   888.6   1.029e3 988.1   671.2   648.3   825.8   664.6   
   170.e3  85.64   104.5   133.9   273.5   324.9   416.3   274.6   226.2   256.4   255.5   465.5   570.6   532.4   508.9   556.6   437.9   131.9   312.6   394.9   397.8   611.4   558.8   596.2   462.1   440.8   483.9   441.8   456.2   436.3   411.1   441.1   568.2   656.4   574.9   197.4   288.7   722.5   722.9   733.6   573.4   852.7   802.6   724.0   514.0   447.8   682.3   674.2   626.7   518.5   862.2   762.1   617.6   809.9   235.6   934.9   961.4   988.9   820.0   736.2   768.5   775.9   681.7   658.1   976.4   773.4   653.3   530.2   555.5   709.0   537.7   625.2   539.9   692.0   644.1   571.4   361.2   424.6   583.4   543.9   421.3   487.9   751.1   731.4   942.4   954.3   916.0   1.061e3 1.019e3 691.8   668.3   851.3   685.1   
   180.e3  90.87   110.6   139.4   293.4   359.0   439.5   292.5   241.4   268.4   274.5   494.2   608.2   574.4   548.0   590.1   465.4   157.6   337.9   419.6   424.2   651.3   604.7   633.9   499.3   462.3   509.3   467.7   487.2   461.3   441.2   471.3   606.9   697.4   610.3   205.2   313.4   769.7   770.0   777.6   607.2   900.9   852.1   769.9   549.7   483.1   728.9   722.4   666.6   572.5   900.3   809.3   660.9   861.9   255.8   998.8   1.024e3 1.058e3 874.4   782.3   817.0   825.2   731.5   701.7   1.029e3 824.7   692.9   566.1   589.3   756.1   581.7   657.6   571.0   732.1   685.2   614.6   384.1   457.8   627.4   578.5   449.9   520.9   808.3   779.2   1.007e3 1.024e3 975.1   1.132e3 1.090e3 741.5   714.9   913.8   728.9   
   200.e3  103.7   125.3   149.7   342.1   449.1   489.9   334.1   278.3   293.7   322.0   561.7   697.8   686.0   649.8   664.7   531.9   225.3   399.7   479.1   489.7   747.2   725.7   721.0   595.1   507.7   561.8   529.4   564.3   512.1   517.0   546.2   706.8   795.1   693.9   218.6   379.6   882.6   882.9   880.1   686.4   1.011e3 967.9   881.3   639.6   578.2   842.5   844.1   763.2   714.6   975.6   921.1   769.1   985.1   310.2   1.156e3 1.168e3 1.228e3 1.006e3 905.5   933.0   942.3   859.5   807.7   1.141e3 949.8   781.1   654.9   668.7   871.4   700.9   724.3   642.5   820.5   784.3   727.4   439.6   546.6   741.0   666.7   522.0   603.7   954.6   895.8   1.164e3 1.204e3 1.119e3 1.308e3 1.268e3 872.1   835.7   1.074e3 833.3   
   225.e3  111.8   138.0   159.1   377.0   509.1   526.0   363.7   306.3   315.5   356.4   614.5   763.0   776.6   728.8   715.4   586.7   256.9   439.1   527.2   543.6   820.3   819.8   783.9   666.4   546.2   596.8   582.7   625.6   540.6   574.5   604.7   793.5   872.8   759.4   229.2   431.6   968.6   969.1   960.3   752.5   1.098e3 1.057e3 971.3   712.4   656.7   928.5   939.5   841.2   808.0   1.041e3 1.009e3 854.1   1.078e3 354.1   1.277e3 1.268e3 1.361e3 1.105e3 1.004e3 1.024e3 1.033e3 961.5   890.8   1.224e3 1.048e3 842.5   726.0   732.9   961.8   801.1   772.3   701.7   884.9   863.5   818.3   485.6   621.3   831.4   744.3   582.2   672.4   1.066e3 989.7   1.283e3 1.354e3 1.235e3 1.443e3 1.403e3 985.3   939.9   1.199e3 913.7   
   250.e3  115.5   147.2   168.0   396.3   537.1   548.8   381.2   323.7   332.5   375.5   649.9   801.8   834.8   776.5   746.4   626.3   258.5   457.5   561.0   582.4   867.2   877.9   821.6   707.5   578.1   619.5   624.1   665.9   558.3   609.7   642.8   856.4   926.0   803.7   238.7   464.0   1.024e3 1.025e3 1.015e3 802.6   1.161e3 1.116e3 1.034e3 762.5   706.5   982.8   1.001e3 895.3   850.9   1.096e3 1.069e3 909.9   1.138e3 383.5   1.355e3 1.331e3 1.447e3 1.168e3 1.072e3 1.086e3 1.094e3 1.028e3 946.4   1.280e3 1.112e3 878.9   774.3   779.8   1.022e3 870.7   805.7   747.1   926.8   918.3   877.8   519.8   673.8   890.7   801.2   625.7   722.0   1.135e3 1.055e3 1.358e3 1.459e3 1.317e3 1.528e3 1.488e3 1.068e3 1.017e3 1.280e3 966.5   
   275.e3  117.2   154.2   177.1   408.3   550.9   566.5   393.8   336.4   347.2   386.8   677.4   828.4   875.3   807.9   774.2   659.2   249.7   467.7   588.7   614.6   902.3   918.0   848.5   734.1   608.9   645.2   660.6   696.0   580.6   634.2   671.2   905.8   968.2   838.5   248.9   486.7   1.065e3 1.067e3 1.058e3 847.0   1.213e3 1.162e3 1.084e3 802.1   737.8   1.023e3 1.045e3 938.5   871.9   1.148e3 1.116e3 951.9   1.183e3 406.8   1.412e3 1.385e3 1.511e3 1.216e3 1.125e3 1.134e3 1.141e3 1.076e3 989.7   1.328e3 1.160e3 905.8   812.3   820.5   1.069e3 924.8   835.5   787.9   960.8   962.3   921.5   549.5   715.1   935.2   846.5   661.9   763.1   1.182e3 1.109e3 1.412e3 1.541e3 1.385e3 1.592e3 1.548e3 1.137e3 1.080e3 1.339e3 1.007e3 
   300.e3  118.3   160.0   186.6   417.4   559.8   582.7   404.9   347.1   360.6   394.7   702.0   850.2   906.7   832.0   805.1   689.9   240.0   476.3   614.0   644.7   932.8   950.3   871.8   754.8   640.4   678.8   695.5   721.5   607.5   654.4   695.7   947.5   1.006e3 869.7   260.1   505.1   1.101e3 1.105e3 1.096e3 890.1   1.262e3 1.203e3 1.129e3 837.4   756.3   1.057e3 1.082e3 977.3   885.9   1.201e3 1.159e3 988.4   1.223e3 428.1   1.463e3 1.439e3 1.566e3 1.257e3 1.172e3 1.178e3 1.184e3 1.116e3 1.028e3 1.375e3 1.202e3 930.7   846.2   860.0   1.110e3 972.1   866.2   828.1   993.3   1.003e3 957.9   578.3   751.6   973.6   885.6   695.5   801.2   1.219e3 1.159e3 1.459e3 1.613e3 1.448e3 1.646e3 1.598e3 1.198e3 1.138e3 1.389e3 1.043e3 
   325.e3  119.4   165.1   196.3   425.8   568.3   599.2   416.2   357.4   373.3   401.3   725.8   871.0   933.9   853.8   840.3   720.6   233.3   486.2   639.2   674.9   962.5   979.9   894.8   773.9   673.5   718.2   730.4   745.7   636.1   673.5   719.2   984.7   1.044e3 900.3   272.4   522.2   1.137e3 1.142e3 1.134e3 934.3   1.310e3 1.244e3 1.173e3 871.9   767.0   1.092e3 1.117e3 1.015e3 900.2   1.254e3 1.201e3 1.024e3 1.263e3 449.9   1.512e3 1.495e3 1.618e3 1.297e3 1.219e3 1.221e3 1.227e3 1.153e3 1.067e3 1.423e3 1.241e3 956.9   879.4   900.7   1.150e3 1.017e3 899.7   869.7   1.027e3 1.042e3 991.8   607.8   786.6   1.010e3 921.8   729.1   839.3   1.254e3 1.210e3 1.503e3 1.682e3 1.511e3 1.698e3 1.646e3 1.258e3 1.194e3 1.435e3 1.079e3 
   350.e3  120.8   169.9   206.0   434.7   578.3   616.7   428.3   368.0   385.6   407.8   750.3   892.5   959.5   875.7   879.0   752.3   231.0   498.6   665.3   706.2   993.2   1.010e3 919.4   793.9   708.5   760.4   766.3   770.0   665.2   693.3   743.2   1.020e3 1.082e3 931.8   285.8   539.5   1.173e3 1.181e3 1.172e3 980.7   1.360e3 1.286e3 1.218e3 907.2   776.0   1.127e3 1.153e3 1.054e3 917.8   1.308e3 1.245e3 1.060e3 1.304e3 473.2   1.563e3 1.555e3 1.672e3 1.339e3 1.266e3 1.264e3 1.271e3 1.190e3 1.106e3 1.474e3 1.279e3 986.0   913.5   943.6   1.191e3 1.062e3 936.7   913.3   1.064e3 1.083e3 1.026e3 638.8   821.9   1.048e3 956.9   763.7   878.7   1.289e3 1.262e3 1.550e3 1.751e3 1.577e3 1.752e3 1.695e3 1.319e3 1.252e3 1.483e3 1.117e3 
   375.e3  122.6   174.5   215.7   444.4   590.6   635.5   441.7   379.4   397.7   414.7   775.8   915.5   984.9   898.9   920.4   785.6   233.2   514.0   692.6   739.2   1.026e3 1.041e3 946.0   815.7   745.2   803.9   803.3   795.2   694.8   714.4   768.3   1.054e3 1.122e3 964.8   300.1   557.8   1.212e3 1.222e3 1.213e3 1.029e3 1.412e3 1.330e3 1.264e3 944.1   790.1   1.166e3 1.190e3 1.094e3 940.1   1.363e3 1.291e3 1.098e3 1.348e3 498.6   1.617e3 1.617e3 1.728e3 1.384e3 1.316e3 1.310e3 1.319e3 1.229e3 1.148e3 1.528e3 1.319e3 1.018e3 949.2   989.3   1.234e3 1.109e3 977.1   959.3   1.104e3 1.126e3 1.061e3 671.8   858.4   1.088e3 992.1   800.0   919.9   1.326e3 1.318e3 1.599e3 1.822e3 1.646e3 1.809e3 1.747e3 1.381e3 1.311e3 1.532e3 1.156e3 
   400.e3  124.7   179.1   225.2   455.3   605.3   655.6   456.2   391.5   409.8   422.3   802.5   940.3   1.011e3 923.6   963.9   820.5   239.8   532.3   721.3   774.0   1.060e3 1.075e3 975.0   839.8   783.6   848.2   841.6   821.7   725.0   737.2   794.7   1.088e3 1.164e3 999.6   315.2   577.2   1.254e3 1.266e3 1.255e3 1.081e3 1.466e3 1.377e3 1.313e3 982.9   813.9   1.207e3 1.229e3 1.135e3 967.1   1.419e3 1.339e3 1.139e3 1.395e3 526.2   1.675e3 1.683e3 1.788e3 1.432e3 1.369e3 1.359e3 1.369e3 1.269e3 1.191e3 1.585e3 1.359e3 1.054e3 986.7   1.038e3 1.280e3 1.158e3 1.021e3 1.007e3 1.147e3 1.171e3 1.098e3 706.8   896.4   1.130e3 1.028e3 838.1   963.3   1.365e3 1.376e3 1.652e3 1.895e3 1.719e3 1.869e3 1.802e3 1.445e3 1.372e3 1.584e3 1.198e3 
   450.e3  130.2   188.3   243.6   479.9   641.0   698.8   488.2   418.0   433.6   439.5   859.3   994.4   1.065e3 977.7   1.055e3 895.3   263.9   576.9   782.8   848.5   1.134e3 1.148e3 1.039e3 895.1   864.6   938.4   921.6   878.4   788.0   787.6   851.6   1.160e3 1.253e3 1.074e3 347.6   619.8   1.343e3 1.361e3 1.346e3 1.190e3 1.580e3 1.477e3 1.416e3 1.066e3 890.8   1.297e3 1.313e3 1.224e3 1.034e3 1.534e3 1.443e3 1.226e3 1.496e3 587.8   1.800e3 1.821e3 1.917e3 1.536e3 1.480e3 1.462e3 1.477e3 1.355e3 1.286e3 1.705e3 1.442e3 1.134e3 1.067e3 1.141e3 1.377e3 1.261e3 1.117e3 1.110e3 1.241e3 1.268e3 1.177e3 782.1   977.0   1.220e3 1.102e3 919.3   1.056e3 1.449e3 1.502e3 1.766e3 2.049e3 1.874e3 2.000e3 1.922e3 1.581e3 1.501e3 1.696e3 1.289e3 
   500.e3  136.9   197.6   261.5   507.9   682.9   744.7   523.0   447.0   457.0   458.9   919.3   1.053e3 1.121e3 1.036e3 1.150e3 975.1   299.7   630.4   848.5   928.3   1.213e3 1.228e3 1.109e3 958.5   949.7   1.030e3 1.005e3 939.2   853.7   843.4   912.5   1.239e3 1.347e3 1.153e3 382.0   666.7   1.439e3 1.464e3 1.442e3 1.306e3 1.699e3 1.584e3 1.525e3 1.155e3 990.8   1.396e3 1.403e3 1.317e3 1.115e3 1.649e3 1.553e3 1.321e3 1.605e3 657.1   1.936e3 1.968e3 2.056e3 1.649e3 1.600e3 1.572e3 1.594e3 1.446e3 1.387e3 1.830e3 1.530e3 1.223e3 1.152e3 1.252e3 1.480e3 1.370e3 1.221e3 1.218e3 1.342e3 1.370e3 1.263e3 863.4   1.063e3 1.318e3 1.179e3 1.006e3 1.154e3 1.540e3 1.637e3 1.890e3 2.212e3 2.041e3 2.140e3 2.051e3 1.725e3 1.637e3 1.818e3 1.387e3 
   550.e3  144.4   207.0   280.2   538.0   728.4   791.6   559.5   477.5   479.6   479.7   980.9   1.115e3 1.178e3 1.097e3 1.247e3 1.058e3 343.9   690.6   916.9   1.012e3 1.295e3 1.312e3 1.184e3 1.028e3 1.037e3 1.121e3 1.089e3 1.003e3 921.2   903.2   976.0   1.325e3 1.445e3 1.234e3 417.7   716.6   1.538e3 1.572e3 1.541e3 1.425e3 1.821e3 1.695e3 1.637e3 1.247e3 1.098e3 1.500e3 1.498e3 1.413e3 1.206e3 1.762e3 1.668e3 1.420e3 1.719e3 732.5   2.079e3 2.120e3 2.200e3 1.768e3 1.723e3 1.687e3 1.716e3 1.542e3 1.493e3 1.957e3 1.624e3 1.318e3 1.241e3 1.367e3 1.587e3 1.483e3 1.331e3 1.330e3 1.448e3 1.476e3 1.353e3 948.9   1.152e3 1.421e3 1.259e3 1.096e3 1.257e3 1.636e3 1.778e3 2.021e3 2.380e3 2.214e3 2.286e3 2.186e3 1.873e3 1.778e3 1.945e3 1.489e3 
   600.e3  152.4   216.2   300.7   569.5   775.6   838.2   596.5   508.9   501.3   501.3   1.043e3 1.177e3 1.235e3 1.159e3 1.344e3 1.144e3 394.1   755.5   986.8   1.097e3 1.378e3 1.399e3 1.261e3 1.103e3 1.124e3 1.211e3 1.174e3 1.068e3 989.4   965.4   1.041e3 1.416e3 1.544e3 1.317e3 454.1   768.6   1.640e3 1.682e3 1.640e3 1.547e3 1.942e3 1.807e3 1.751e3 1.341e3 1.207e3 1.608e3 1.595e3 1.510e3 1.304e3 1.872e3 1.785e3 1.523e3 1.834e3 812.7   2.226e3 2.274e3 2.348e3 1.891e3 1.849e3 1.803e3 1.841e3 1.639e3 1.601e3 2.081e3 1.722e3 1.417e3 1.331e3 1.484e3 1.696e3 1.598e3 1.443e3 1.443e3 1.556e3 1.583e3 1.446e3 1.037e3 1.242e3 1.527e3 1.339e3 1.188e3 1.361e3 1.733e3 1.922e3 2.154e3 2.550e3 2.390e3 2.435e3 2.324e3 2.025e3 1.921e3 2.075e3 1.593e3 
   650.e3  160.7   225.4   323.0   601.5   822.8   883.6   633.3   540.7   521.8   523.3   1.104e3 1.239e3 1.291e3 1.221e3 1.439e3 1.230e3 448.2   823.8   1.057e3 1.183e3 1.461e3 1.487e3 1.338e3 1.181e3 1.211e3 1.300e3 1.257e3 1.133e3 1.057e3 1.029e3 1.105e3 1.508e3 1.642e3 1.399e3 490.7   821.7   1.741e3 1.793e3 1.739e3 1.668e3 2.062e3 1.919e3 1.864e3 1.436e3 1.315e3 1.717e3 1.693e3 1.607e3 1.405e3 1.977e3 1.901e3 1.626e3 1.950e3 896.3   2.373e3 2.427e3 2.496e3 2.014e3 1.975e3 1.920e3 1.967e3 1.737e3 1.709e3 2.202e3 1.824e3 1.517e3 1.421e3 1.602e3 1.803e3 1.713e3 1.557e3 1.555e3 1.664e3 1.690e3 1.540e3 1.126e3 1.334e3 1.634e3 1.420e3 1.280e3 1.466e3 1.830e3 2.066e3 2.287e3 2.718e3 2.566e3 2.584e3 2.462e3 2.176e3 2.064e3 2.206e3 1.698e3 
   700.e3  169.2   234.3   346.7   633.6   868.8   927.1   669.2   572.4   541.3   545.3   1.164e3 1.300e3 1.346e3 1.281e3 1.532e3 1.316e3 504.8   894.1   1.127e3 1.268e3 1.542e3 1.574e3 1.415e3 1.261e3 1.297e3 1.385e3 1.338e3 1.198e3 1.124e3 1.093e3 1.169e3 1.599e3 1.739e3 1.480e3 527.1   875.1   1.842e3 1.903e3 1.837e3 1.788e3 2.179e3 2.029e3 1.975e3 1.530e3 1.420e3 1.826e3 1.791e3 1.701e3 1.507e3 2.077e3 2.017e3 1.730e3 2.064e3 982.2   2.521e3 2.580e3 2.642e3 2.137e3 2.100e3 2.035e3 2.093e3 1.834e3 1.817e3 2.317e3 1.930e3 1.618e3 1.510e3 1.719e3 1.909e3 1.827e3 1.670e3 1.666e3 1.770e3 1.795e3 1.635e3 1.216e3 1.424e3 1.741e3 1.501e3 1.371e3 1.570e3 1.925e3 2.210e3 2.419e3 2.884e3 2.741e3 2.731e3 2.599e3 2.327e3 2.206e3 2.337e3 1.802e3 
   800.e3  185.8   251.8   395.8   696.6   954.8   1.007e3 737.0   634.6   577.4   588.5   1.279e3 1.416e3 1.450e3 1.399e3 1.710e3 1.485e3 620.5   1.038e3 1.264e3 1.435e3 1.698e3 1.744e3 1.564e3 1.424e3 1.461e3 1.547e3 1.493e3 1.326e3 1.254e3 1.220e3 1.292e3 1.774e3 1.925e3 1.635e3 598.9   981.6   2.035e3 2.116e3 2.024e3 2.021e3 2.402e3 2.241e3 2.189e3 1.714e3 1.623e3 2.039e3 1.980e3 1.884e3 1.711e3 2.262e3 2.242e3 1.934e3 2.283e3 1.158e3 2.807e3 2.875e3 2.926e3 2.378e3 2.343e3 2.259e3 2.338e3 2.023e3 2.026e3 2.533e3 2.149e3 1.817e3 1.683e3 1.946e3 2.112e3 2.048e3 1.891e3 1.880e3 1.975e3 1.998e3 1.821e3 1.394e3 1.600e3 1.950e3 1.660e3 1.549e3 1.773e3 2.110e3 2.490e3 2.675e3 3.203e3 3.079e3 3.014e3 2.863e3 2.621e3 2.482e3 2.592e3 2.005e3 
   900.e3  201.8   268.6   444.4   756.6   1.031e3 1.077e3 798.5   694.2   610.6   630.1   1.385e3 1.523e3 1.547e3 1.510e3 1.875e3 1.649e3 735.1   1.181e3 1.396e3 1.594e3 1.843e3 1.905e3 1.706e3 1.588e3 1.614e3 1.696e3 1.637e3 1.449e3 1.376e3 1.344e3 1.407e3 1.935e3 2.099e3 1.782e3 668.5   1.086e3 2.216e3 2.320e3 2.199e3 2.240e3 2.608e3 2.439e3 2.390e3 1.889e3 1.814e3 2.241e3 2.161e3 2.054e3 1.906e3 2.428e3 2.454e3 2.131e3 2.489e3 1.334e3 3.080e3 3.154e3 3.194e3 2.608e3 2.572e3 2.473e3 2.572e3 2.203e3 2.226e3 2.726e3 2.369e3 2.009e3 1.847e3 2.161e3 2.301e3 2.257e3 2.101e3 2.082e3 2.166e3 2.187e3 2.002e3 1.567e3 1.768e3 2.149e3 1.814e3 1.719e3 1.966e3 2.284e3 2.757e3 2.916e3 3.501e3 3.399e3 3.279e3 3.111e3 2.902e3 2.745e3 2.835e3 2.199e3 
   1.00e6  216.6   285.0   490.6   813.0   1.097e3 1.137e3 853.4   751.0   641.8   670.1   1.483e3 1.620e3 1.635e3 1.614e3 2.028e3 1.806e3 845.1   1.321e3 1.522e3 1.744e3 1.977e3 2.056e3 1.840e3 1.751e3 1.755e3 1.832e3 1.770e3 1.567e3 1.491e3 1.463e3 1.515e3 2.082e3 2.262e3 1.918e3 735.8   1.186e3 2.386e3 2.511e3 2.363e3 2.444e3 2.797e3 2.623e3 2.578e3 2.054e3 1.994e3 2.431e3 2.331e3 2.213e3 2.090e3 2.577e3 2.654e3 2.319e3 2.680e3 1.509e3 3.335e3 3.417e3 3.443e3 2.826e3 2.788e3 2.675e3 2.793e3 2.373e3 2.413e3 2.901e3 2.585e3 2.191e3 2.000e3 2.362e3 2.476e3 2.452e3 2.298e3 2.270e3 2.342e3 2.363e3 2.175e3 1.733e3 1.926e3 2.338e3 1.962e3 1.878e3 2.147e3 2.446e3 3.008e3 3.141e3 3.776e3 3.697e3 3.525e3 3.343e3 3.167e3 2.992e3 3.064e3 2.381e3 
   1.10e6  230.4   301.0   534.2   865.7   1.155e3 1.189e3 902.2   804.8   672.0   708.4   1.574e3 1.709e3 1.718e3 1.713e3 2.168e3 1.955e3 948.9   1.456e3 1.641e3 1.884e3 2.101e3 2.196e3 1.965e3 1.909e3 1.886e3 1.957e3 1.891e3 1.678e3 1.597e3 1.576e3 1.615e3 2.215e3 2.412e3 2.045e3 801.1   1.283e3 2.543e3 2.691e3 2.516e3 2.633e3 2.971e3 2.794e3 2.753e3 2.210e3 2.163e3 2.608e3 2.491e3 2.361e3 2.260e3 2.712e3 2.842e3 2.498e3 2.857e3 1.680e3 3.574e3 3.663e3 3.676e3 3.032e3 2.990e3 2.866e3 3.002e3 2.534e3 2.590e3 3.058e3 2.793e3 2.363e3 2.144e3 2.550e3 2.637e3 2.634e3 2.481e3 2.446e3 2.505e3 2.526e3 2.340e3 1.892e3 2.074e3 2.515e3 2.106e3 2.027e3 2.317e3 2.598e3 3.243e3 3.350e3 4.030e3 3.975e3 3.753e3 3.560e3 3.418e3 3.225e3 3.280e3 2.554e3 
   1.20e6  242.9   316.7   575.2   914.9   1.205e3 1.234e3 945.5   856.0   701.7   745.3   1.657e3 1.790e3 1.795e3 1.807e3 2.298e3 2.098e3 1.046e3 1.585e3 1.755e3 2.016e3 2.215e3 2.326e3 2.082e3 2.063e3 2.006e3 2.071e3 2.004e3 1.785e3 1.697e3 1.684e3 1.709e3 2.338e3 2.553e3 2.163e3 864.7   1.377e3 2.690e3 2.861e3 2.659e3 2.810e3 3.132e3 2.953e3 2.917e3 2.357e3 2.323e3 2.771e3 2.642e3 2.499e3 2.418e3 2.837e3 3.019e3 2.670e3 3.021e3 1.846e3 3.798e3 3.893e3 3.894e3 3.227e3 3.180e3 3.047e3 3.200e3 2.686e3 2.756e3 3.200e3 2.993e3 2.526e3 2.279e3 2.725e3 2.787e3 2.804e3 2.653e3 2.611e3 2.655e3 2.677e3 2.498e3 2.044e3 2.213e3 2.681e3 2.245e3 2.167e3 2.476e3 2.740e3 3.463e3 3.546e3 4.265e3 4.233e3 3.963e3 3.762e3 3.655e3 3.443e3 3.483e3 2.718e3 
   1.30e6  254.5   332.2   613.8   960.8   1.250e3 1.275e3 984.1   904.7   731.5   781.1   1.736e3 1.865e3 1.868e3 1.897e3 2.419e3 2.236e3 1.136e3 1.709e3 1.864e3 2.140e3 2.322e3 2.448e3 2.192e3 2.213e3 2.118e3 2.177e3 2.108e3 1.888e3 1.790e3 1.788e3 1.796e3 2.450e3 2.684e3 2.275e3 927.0   1.468e3 2.828e3 3.021e3 2.794e3 2.974e3 3.281e3 3.103e3 3.071e3 2.496e3 2.474e3 2.922e3 2.784e3 2.629e3 2.563e3 2.955e3 3.187e3 2.834e3 3.175e3 2.008e3 4.007e3 4.111e3 4.097e3 3.412e3 3.360e3 3.220e3 3.387e3 2.831e3 2.914e3 3.331e3 3.185e3 2.680e3 2.406e3 2.889e3 2.926e3 2.964e3 2.812e3 2.765e3 2.794e3 2.818e3 2.648e3 2.189e3 2.344e3 2.838e3 2.381e3 2.299e3 2.625e3 2.875e3 3.670e3 3.729e3 4.482e3 4.474e3 4.160e3 3.952e3 3.879e3 3.650e3 3.676e3 2.874e3 
   1.40e6  265.0   347.4   650.3   1.004e3 1.291e3 1.312e3 1.019e3 951.5   761.7   816.0   1.810e3 1.935e3 1.938e3 1.984e3 2.532e3 2.367e3 1.220e3 1.826e3 1.968e3 2.257e3 2.422e3 2.563e3 2.297e3 2.357e3 2.222e3 2.275e3 2.205e3 1.986e3 1.878e3 1.887e3 1.879e3 2.554e3 2.807e3 2.380e3 988.4   1.557e3 2.959e3 3.174e3 2.923e3 3.129e3 3.421e3 3.243e3 3.217e3 2.629e3 2.618e3 3.062e3 2.920e3 2.752e3 2.698e3 3.067e3 3.346e3 2.991e3 3.320e3 2.165e3 4.203e3 4.316e3 4.290e3 3.590e3 3.531e3 3.385e3 3.565e3 2.970e3 3.063e3 3.451e3 3.369e3 2.826e3 2.528e3 3.043e3 3.056e3 3.115e3 2.962e3 2.911e3 2.923e3 2.951e3 2.792e3 2.328e3 2.468e3 2.987e3 2.512e3 2.423e3 2.767e3 3.003e3 3.865e3 3.902e3 4.685e3 4.700e3 4.344e3 4.132e3 4.092e3 3.845e3 3.859e3 3.024e3 
   1.50e6  274.7   362.3   685.1   1.045e3 1.328e3 1.347e3 1.050e3 996.5   792.3   850.1   1.880e3 1.999e3 2.005e3 2.067e3 2.638e3 2.495e3 1.298e3 1.937e3 2.069e3 2.368e3 2.517e3 2.670e3 2.397e3 2.497e3 2.319e3 2.368e3 2.296e3 2.081e3 1.962e3 1.982e3 1.958e3 2.652e3 2.924e3 2.480e3 1.049e3 1.644e3 3.083e3 3.319e3 3.046e3 3.274e3 3.551e3 3.377e3 3.356e3 2.757e3 2.755e3 3.191e3 3.049e3 2.869e3 2.824e3 3.174e3 3.499e3 3.143e3 3.457e3 2.319e3 4.390e3 4.512e3 4.472e3 3.760e3 3.695e3 3.544e3 3.735e3 3.105e3 3.205e3 3.563e3 3.547e3 2.966e3 2.644e3 3.188e3 3.179e3 3.259e3 3.103e3 3.050e3 3.044e3 3.077e3 2.930e3 2.462e3 2.586e3 3.128e3 2.640e3 2.541e3 2.901e3 3.127e3 4.050e3 4.066e3 4.874e3 4.914e3 4.518e3 4.304e3 4.296e3 4.032e3 4.034e3 3.169e3 
   1.60e6  283.7   376.9   718.5   1.083e3 1.363e3 1.380e3 1.079e3 1.040e3 823.7   883.7   1.946e3 2.061e3 2.070e3 2.149e3 2.738e3 2.618e3 1.371e3 2.041e3 2.167e3 2.473e3 2.607e3 2.773e3 2.492e3 2.633e3 2.410e3 2.455e3 2.382e3 2.174e3 2.042e3 2.074e3 2.033e3 2.744e3 3.036e3 2.577e3 1.110e3 1.730e3 3.202e3 3.460e3 3.165e3 3.412e3 3.675e3 3.505e3 3.490e3 2.879e3 2.887e3 3.310e3 3.172e3 2.982e3 2.941e3 3.279e3 3.646e3 3.291e3 3.587e3 2.469e3 4.567e3 4.700e3 4.646e3 3.925e3 3.852e3 3.698e3 3.899e3 3.234e3 3.342e3 3.668e3 3.719e3 3.100e3 2.756e3 3.326e3 3.297e3 3.396e3 3.237e3 3.183e3 3.159e3 3.197e3 3.063e3 2.592e3 2.698e3 3.263e3 2.766e3 2.654e3 3.030e3 3.247e3 4.226e3 4.223e3 5.053e3 5.116e3 4.684e3 4.469e3 4.491e3 4.211e3 4.203e3 3.310e3 
   1.70e6  292.0   391.3   750.6   1.120e3 1.395e3 1.413e3 1.106e3 1.082e3 855.8   916.8   2.011e3 2.119e3 2.133e3 2.228e3 2.834e3 2.738e3 1.438e3 2.138e3 2.263e3 2.574e3 2.693e3 2.871e3 2.584e3 2.764e3 2.496e3 2.539e3 2.464e3 2.263e3 2.119e3 2.162e3 2.105e3 2.832e3 3.143e3 2.670e3 1.171e3 1.814e3 3.317e3 3.596e3 3.280e3 3.544e3 3.792e3 3.629e3 3.619e3 2.998e3 3.014e3 3.421e3 3.292e3 3.091e3 3.052e3 3.383e3 3.788e3 3.434e3 3.713e3 2.615e3 4.736e3 4.881e3 4.813e3 4.085e3 4.004e3 3.847e3 4.057e3 3.361e3 3.473e3 3.767e3 3.886e3 3.229e3 2.865e3 3.458e3 3.410e3 3.528e3 3.364e3 3.311e3 3.269e3 3.312e3 3.192e3 2.717e3 2.806e3 3.393e3 2.890e3 2.763e3 3.153e3 3.364e3 4.395e3 4.375e3 5.222e3 5.310e3 4.842e3 4.629e3 4.681e3 4.384e3 4.366e3 3.448e3 
   1.80e6  299.8   405.5   781.8   1.155e3 1.426e3 1.445e3 1.131e3 1.124e3 888.6   949.7   2.073e3 2.175e3 2.195e3 2.307e3 2.926e3 2.855e3 1.501e3 2.230e3 2.357e3 2.671e3 2.777e3 2.965e3 2.673e3 2.891e3 2.578e3 2.619e3 2.542e3 2.351e3 2.193e3 2.249e3 2.175e3 2.917e3 3.246e3 2.760e3 1.232e3 1.899e3 3.429e3 3.728e3 3.393e3 3.671e3 3.905e3 3.749e3 3.745e3 3.114e3 3.138e3 3.525e3 3.408e3 3.197e3 3.157e3 3.485e3 3.925e3 3.575e3 3.835e3 2.760e3 4.900e3 5.056e3 4.974e3 4.241e3 4.152e3 3.992e3 4.210e3 3.485e3 3.600e3 3.863e3 4.049e3 3.354e3 2.971e3 3.584e3 3.518e3 3.656e3 3.486e3 3.435e3 3.374e3 3.423e3 3.317e3 2.840e3 2.910e3 3.518e3 3.012e3 2.868e3 3.272e3 3.479e3 4.558e3 4.521e3 5.383e3 5.496e3 4.995e3 4.784e3 4.864e3 4.551e3 4.524e3 3.584e3 
   2.00e6  314.2   433.1   841.8   1.222e3 1.484e3 1.508e3 1.177e3 1.205e3 956.7   1.015e3 2.194e3 2.281e3 2.317e3 2.460e3 3.101e3 3.083e3 1.615e3 2.394e3 2.540e3 2.856e3 2.938e3 3.145e3 2.846e3 3.135e3 2.731e3 2.773e3 2.688e3 2.521e3 2.337e3 2.416e3 2.310e3 3.079e3 3.443e3 2.935e3 1.357e3 2.067e3 3.646e3 3.984e3 3.613e3 3.914e3 4.117e3 3.980e3 3.988e3 3.339e3 3.376e3 3.716e3 3.632e3 3.402e3 3.353e3 3.690e3 4.192e3 3.847e3 4.070e3 3.043e3 5.213e3 5.392e3 5.284e3 4.547e3 4.439e3 4.271e3 4.506e3 3.728e3 3.843e3 4.046e3 4.366e3 3.596e3 3.177e3 3.825e3 3.728e3 3.903e3 3.717e3 3.676e3 3.575e3 3.637e3 3.557e3 3.077e3 3.108e3 3.758e3 3.251e3 3.071e3 3.502e3 3.705e3 4.868e3 4.803e3 5.687e3 5.850e3 5.289e3 5.087e3 5.218e3 4.874e3 4.832e3 3.852e3 
   2.25e6  330.4   466.7   913.8   1.301e3 1.553e3 1.588e3 1.231e3 1.304e3 1.046e3 1.097e3 2.340e3 2.407e3 2.468e3 2.649e3 3.308e3 3.358e3 1.739e3 2.568e3 2.763e3 3.076e3 3.132e3 3.359e3 3.054e3 3.422e3 2.909e3 2.957e3 2.859e3 2.726e3 2.509e3 2.617e3 2.474e3 3.273e3 3.677e3 3.146e3 1.518e3 2.279e3 3.910e3 4.295e3 3.882e3 4.202e3 4.365e3 4.261e3 4.282e3 3.612e3 3.661e3 3.931e3 3.902e3 3.652e3 3.579e3 3.949e3 4.513e3 4.177e3 4.354e3 3.391e3 5.586e3 5.797e3 5.655e3 4.920e3 4.787e3 4.605e3 4.861e3 4.026e3 4.131e3 4.264e3 4.750e3 3.887e3 3.428e3 4.110e3 3.981e3 4.200e3 3.988e3 3.966e3 3.815e3 3.894e3 3.844e3 3.363e3 3.344e3 4.045e3 3.546e3 3.314e3 3.777e3 3.985e3 5.237e3 5.143e3 6.040e3 6.269e3 5.641e3 5.456e3 5.644e3 5.263e3 5.204e3 4.185e3 
   2.50e6  345.5   500.2   983.9   1.376e3 1.621e3 1.669e3 1.284e3 1.402e3 1.140e3 1.179e3 2.483e3 2.530e3 2.618e3 2.835e3 3.506e3 3.627e3 1.850e3 2.714e3 2.985e3 3.287e3 3.322e3 3.567e3 3.258e3 3.695e3 3.079e3 3.136e3 3.021e3 2.926e3 2.678e3 2.812e3 2.635e3 3.463e3 3.903e3 3.353e3 1.687e3 2.497e3 4.170e3 4.601e3 4.149e3 4.481e3 4.603e3 4.537e3 4.572e3 3.881e3 3.938e3 4.133e3 4.166e3 3.898e3 3.792e3 4.214e3 4.825e3 4.499e3 4.633e3 3.737e3 5.949e3 6.190e3 6.016e3 5.289e3 5.129e3 4.926e3 5.207e3 4.323e3 4.407e3 4.480e3 5.127e3 4.171e3 3.678e3 4.384e3 4.229e3 4.493e3 4.247e3 4.252e3 4.049e3 4.147e3 4.121e3 3.642e3 3.572e3 4.324e3 3.838e3 3.551e3 4.045e3 4.268e3 5.592e3 5.477e3 6.373e3 6.672e3 5.985e3 5.823e3 6.060e3 5.643e3 5.571e3 4.521e3 
   2.75e6  360.1   534.2   1.053e3 1.450e3 1.690e3 1.753e3 1.336e3 1.500e3 1.238e3 1.262e3 2.625e3 2.652e3 2.768e3 3.021e3 3.698e3 3.892e3 1.958e3 2.844e3 3.207e3 3.493e3 3.510e3 3.772e3 3.462e3 3.955e3 3.244e3 3.314e3 3.178e3 3.122e3 2.845e3 3.004e3 2.795e3 3.652e3 4.125e3 3.560e3 1.864e3 2.721e3 4.431e3 4.906e3 4.418e3 4.756e3 4.838e3 4.813e3 4.860e3 4.149e3 4.211e3 4.330e3 4.427e3 4.145e3 3.999e3 4.486e3 5.132e3 4.817e3 4.913e3 4.085e3 6.307e3 6.578e3 6.372e3 5.660e3 5.468e3 5.235e3 5.548e3 4.621e3 4.674e3 4.697e3 5.500e3 4.452e3 3.928e3 4.651e3 4.476e3 4.784e3 4.500e3 4.536e3 4.281e3 4.398e3 4.392e3 3.917e3 3.794e3 4.599e3 4.131e3 3.787e3 4.311e3 4.555e3 5.938e3 5.809e3 6.694e3 7.067e3 6.326e3 6.192e3 6.471e3 6.020e3 5.937e3 4.864e3 
   3.00e6  374.5   569.3   1.121e3 1.522e3 1.759e3 1.838e3 1.390e3 1.600e3 1.340e3 1.348e3 2.767e3 2.774e3 2.919e3 3.208e3 3.887e3 4.154e3 2.069e3 2.967e3 3.430e3 3.696e3 3.700e3 3.977e3 3.667e3 4.205e3 3.409e3 3.492e3 3.333e3 3.315e3 3.013e3 3.194e3 2.956e3 3.842e3 4.344e3 3.767e3 2.051e3 2.954e3 4.694e3 5.211e3 4.689e3 5.030e3 5.073e3 5.090e3 5.149e3 4.417e3 4.482e3 4.527e3 4.689e3 4.393e3 4.202e3 4.767e3 5.436e3 5.131e3 5.195e3 4.438e3 6.663e3 6.964e3 6.727e3 6.035e3 5.808e3 5.536e3 5.887e3 4.923e3 4.935e3 4.917e3 5.872e3 4.734e3 4.180e3 4.916e3 4.725e3 5.077e3 4.748e3 4.821e3 4.515e3 4.650e3 4.660e3 4.190e3 4.014e3 4.872e3 4.425e3 4.023e3 4.577e3 4.849e3 6.279e3 6.143e3 7.007e3 7.457e3 6.668e3 6.566e3 6.882e3 6.397e3 6.304e3 5.216e3 
   3.25e6  389.1   605.9   1.189e3 1.593e3 1.830e3 1.925e3 1.446e3 1.700e3 1.445e3 1.434e3 2.909e3 2.896e3 3.072e3 3.394e3 4.074e3 4.413e3 2.188e3 3.091e3 3.654e3 3.899e3 3.891e3 4.183e3 3.873e3 4.448e3 3.575e3 3.672e3 3.488e3 3.507e3 3.181e3 3.382e3 3.120e3 4.033e3 4.562e3 3.975e3 2.247e3 3.194e3 4.960e3 5.518e3 4.965e3 5.305e3 5.314e3 5.370e3 5.440e3 4.688e3 4.753e3 4.730e3 4.951e3 4.643e3 4.406e3 5.056e3 5.738e3 5.443e3 5.481e3 4.796e3 7.020e3 7.350e3 7.082e3 6.414e3 6.148e3 5.828e3 6.226e3 5.229e3 5.192e3 5.143e3 6.244e3 5.018e3 4.436e3 5.179e3 4.977e3 5.374e3 4.996e3 5.109e3 4.751e3 4.905e3 4.927e3 4.461e3 4.234e3 5.146e3 4.721e3 4.261e3 4.844e3 5.150e3 6.617e3 6.479e3 7.316e3 7.845e3 7.014e3 6.948e3 7.294e3 6.776e3 6.676e3 5.578e3 
   3.50e6  404.1   644.1   1.257e3 1.665e3 1.903e3 2.013e3 1.504e3 1.802e3 1.553e3 1.523e3 3.052e3 3.020e3 3.225e3 3.581e3 4.259e3 4.671e3 2.319e3 3.223e3 3.881e3 4.101e3 4.084e3 4.391e3 4.082e3 4.686e3 3.743e3 3.853e3 3.645e3 3.697e3 3.352e3 3.570e3 3.285e3 4.227e3 4.779e3 4.184e3 2.452e3 3.444e3 5.231e3 5.828e3 5.244e3 5.582e3 5.561e3 5.653e3 5.733e3 4.962e3 5.024e3 4.939e3 5.215e3 4.897e3 4.610e3 5.352e3 6.038e3 5.753e3 5.771e3 5.162e3 7.379e3 7.736e3 7.438e3 6.798e3 6.491e3 6.114e3 6.566e3 5.541e3 5.447e3 5.374e3 6.616e3 5.305e3 4.695e3 5.443e3 5.231e3 5.673e3 5.243e3 5.401e3 4.992e3 5.163e3 5.194e3 4.732e3 4.455e3 5.421e3 5.019e3 4.502e3 5.114e3 5.457e3 6.954e3 6.819e3 7.622e3 8.233e3 7.362e3 7.336e3 7.708e3 7.158e3 7.051e3 5.951e3 
   3.75e6  419.5   683.8   1.325e3 1.736e3 1.978e3 2.103e3 1.564e3 1.906e3 1.664e3 1.614e3 3.195e3 3.145e3 3.379e3 3.767e3 4.443e3 4.927e3 2.463e3 3.366e3 4.109e3 4.303e3 4.279e3 4.601e3 4.294e3 4.919e3 3.914e3 4.036e3 3.805e3 3.886e3 3.523e3 3.758e3 3.453e3 4.423e3 4.996e3 4.395e3 2.665e3 3.701e3 5.505e3 6.139e3 5.527e3 5.862e3 5.816e3 5.940e3 6.028e3 5.238e3 5.295e3 5.155e3 5.481e3 5.153e3 4.818e3 5.654e3 6.337e3 6.062e3 6.066e3 5.534e3 7.739e3 8.123e3 7.795e3 7.187e3 6.835e3 6.396e3 6.908e3 5.857e3 5.700e3 5.611e3 6.989e3 5.595e3 4.957e3 5.708e3 5.489e3 5.977e3 5.491e3 5.695e3 5.236e3 5.425e3 5.462e3 5.002e3 4.677e3 5.697e3 5.320e3 4.746e3 5.388e3 5.772e3 7.290e3 7.163e3 7.927e3 8.622e3 7.715e3 7.732e3 8.125e3 7.543e3 7.432e3 6.334e3 
   4.00e6  435.4   724.9   1.393e3 1.807e3 2.054e3 2.195e3 1.626e3 2.011e3 1.777e3 1.706e3 3.339e3 3.270e3 3.534e3 3.953e3 4.625e3 5.180e3 2.621e3 3.521e3 4.339e3 4.505e3 4.476e3 4.813e3 4.508e3 5.149e3 4.088e3 4.220e3 3.969e3 4.075e3 3.697e3 3.945e3 3.623e3 4.621e3 5.212e3 4.608e3 2.888e3 3.966e3 5.783e3 6.453e3 5.814e3 6.144e3 6.079e3 6.230e3 6.325e3 5.516e3 5.567e3 5.377e3 5.748e3 5.413e3 5.029e3 5.962e3 6.633e3 6.370e3 6.365e3 5.914e3 8.100e3 8.510e3 8.153e3 7.581e3 7.180e3 6.673e3 7.251e3 6.178e3 5.954e3 5.853e3 7.361e3 5.888e3 5.223e3 5.973e3 5.750e3 6.285e3 5.739e3 5.992e3 5.484e3 5.690e3 5.732e3 5.272e3 4.901e3 5.976e3 5.623e3 4.993e3 5.664e3 6.093e3 7.625e3 7.510e3 8.232e3 9.010e3 8.072e3 8.135e3 8.546e3 7.931e3 7.817e3 6.727e3 
   4.50e6  469.1   810.5   1.526e3 1.948e3 2.211e3 2.380e3 1.758e3 2.225e3 2.007e3 1.897e3 3.626e3 3.524e3 3.843e3 4.323e3 4.984e3 5.677e3 2.979e3 3.867e3 4.803e3 4.909e3 4.874e3 5.244e3 4.942e3 5.601e3 4.444e3 4.594e3 4.308e3 4.449e3 4.048e3 4.316e3 3.970e3 5.022e3 5.644e3 5.036e3 3.355e3 4.517e3 6.348e3 7.084e3 6.395e3 6.717e3 6.631e3 6.816e3 6.923e3 6.078e3 6.111e3 5.842e3 6.288e3 5.938e3 5.464e3 6.590e3 7.221e3 6.982e3 6.974e3 6.692e3 8.824e3 9.285e3 8.872e3 8.379e3 7.871e3 7.222e3 7.939e3 6.831e3 6.462e3 6.353e3 8.106e3 6.484e3 5.762e3 6.508e3 6.278e3 6.910e3 6.239e3 6.594e3 5.993e3 6.229e3 6.278e3 5.808e3 5.356e3 6.538e3 6.235e3 5.497e3 6.225e3 6.750e3 8.292e3 8.215e3 8.845e3 9.788e3 8.795e3 8.960e3 9.393e3 8.715e3 8.598e3 7.540e3 
   5.00e6  505.5   899.3   1.658e3 2.088e3 2.373e3 2.567e3 1.899e3 2.442e3 2.243e3 2.094e3 3.911e3 3.780e3 4.149e3 4.686e3 5.334e3 6.161e3 3.384e3 4.254e3 5.268e3 5.312e3 5.275e3 5.679e3 5.382e3 6.045e3 4.809e3 4.971e3 4.660e3 4.821e3 4.404e3 4.683e3 4.323e3 5.428e3 6.072e3 5.465e3 3.850e3 5.091e3 6.922e3 7.717e3 6.984e3 7.298e3 7.210e3 7.410e3 7.522e3 6.644e3 6.654e3 6.327e3 6.831e3 6.470e3 5.918e3 7.229e3 7.800e3 7.588e3 7.594e3 7.493e3 9.548e3 10.06e3 9.590e3 9.185e3 8.561e3 7.768e3 8.628e3 7.497e3 6.975e3 6.869e3 8.843e3 7.091e3 6.307e3 7.045e3 6.814e3 7.545e3 6.742e3 7.204e3 6.514e3 6.777e3 6.831e3 6.341e3 5.820e3 7.106e3 6.852e3 6.011e3 6.796e3 7.424e3 8.954e3 8.927e3 9.462e3 10.56e3 9.528e3 9.805e3 10.25e3 9.506e3 9.390e3 8.385e3 
   5.50e6  544.6   990.1   1.786e3 2.225e3 2.536e3 2.755e3 2.047e3 2.662e3 2.481e3 2.298e3 4.193e3 4.035e3 4.451e3 5.040e3 5.675e3 6.628e3 3.829e3 4.672e3 5.731e3 5.711e3 5.676e3 6.118e3 5.825e3 6.482e3 5.180e3 5.351e3 5.024e3 5.190e3 4.761e3 5.044e3 4.680e3 5.835e3 6.496e3 5.893e3 4.365e3 5.683e3 7.500e3 8.347e3 7.577e3 7.884e3 7.810e3 8.005e3 8.120e3 7.211e3 7.194e3 6.826e3 7.375e3 7.004e3 6.389e3 7.873e3 8.368e3 8.188e3 8.220e3 8.310e3 10.26e3 10.82e3 10.30e3 9.992e3 9.244e3 8.315e3 9.314e3 8.168e3 7.495e3 7.398e3 9.571e3 7.705e3 6.855e3 7.584e3 7.354e3 8.186e3 7.246e3 7.816e3 7.045e3 7.330e3 7.390e3 6.868e3 6.291e3 7.676e3 7.470e3 6.533e3 7.373e3 8.108e3 9.609e3 9.644e3 10.08e3 11.33e3 10.27e3 10.66e3 11.10e3 10.30e3 10.19e3 9.255e3 
   6.00e6  586.3   1.081e3 1.911e3 2.361e3 2.700e3 2.941e3 2.203e3 2.883e3 2.719e3 2.506e3 4.470e3 4.289e3 4.746e3 5.384e3 6.004e3 7.075e3 4.302e3 5.112e3 6.189e3 6.106e3 6.076e3 6.557e3 6.269e3 6.911e3 5.553e3 5.729e3 5.396e3 5.556e3 5.119e3 5.398e3 5.040e3 6.241e3 6.913e3 6.318e3 4.896e3 6.287e3 8.080e3 8.969e3 8.168e3 8.472e3 8.424e3 8.600e3 8.711e3 7.776e3 7.727e3 7.333e3 7.917e3 7.537e3 6.876e3 8.517e3 8.925e3 8.780e3 8.846e3 9.137e3 10.97e3 11.57e3 11.01e3 10.79e3 9.917e3 8.866e3 9.993e3 8.843e3 8.020e3 7.936e3 10.28e3 8.324e3 7.402e3 8.121e3 7.893e3 8.827e3 7.749e3 8.428e3 7.583e3 7.886e3 7.951e3 7.389e3 6.767e3 8.246e3 8.087e3 7.061e3 7.954e3 8.799e3 10.25e3 10.36e3 10.71e3 12.09e3 11.01e3 11.53e3 11.95e3 11.09e3 10.99e3 10.14e3 
   6.50e6  630.6   1.173e3 2.031e3 2.493e3 2.863e3 3.125e3 2.364e3 3.104e3 2.957e3 2.717e3 4.740e3 4.541e3 5.033e3 5.715e3 6.321e3 7.502e3 4.796e3 5.567e3 6.640e3 6.493e3 6.472e3 6.994e3 6.710e3 7.332e3 5.927e3 6.105e3 5.772e3 5.918e3 5.476e3 5.744e3 5.400e3 6.645e3 7.322e3 6.736e3 5.438e3 6.898e3 8.657e3 9.580e3 8.756e3 9.060e3 9.045e3 9.191e3 9.294e3 8.334e3 8.252e3 7.845e3 8.454e3 8.068e3 7.375e3 9.155e3 9.469e3 9.363e3 9.468e3 9.966e3 11.66e3 12.31e3 11.70e3 11.58e3 10.58e3 9.420e3 10.66e3 9.516e3 8.549e3 8.479e3 10.98e3 8.944e3 7.945e3 8.656e3 8.430e3 9.465e3 8.250e3 9.035e3 8.126e3 8.442e3 8.513e3 7.902e3 7.247e3 8.814e3 8.699e3 7.592e3 8.536e3 9.490e3 10.89e3 11.07e3 11.33e3 12.83e3 11.74e3 12.40e3 12.79e3 11.87e3 11.78e3 11.04e3 
   7.00e6  677.1   1.263e3 2.146e3 2.621e3 3.024e3 3.305e3 2.529e3 3.324e3 3.193e3 2.932e3 5.003e3 4.788e3 5.311e3 6.033e3 6.625e3 7.908e3 5.303e3 6.030e3 7.080e3 6.873e3 6.862e3 7.428e3 7.146e3 7.744e3 6.299e3 6.476e3 6.149e3 6.275e3 5.830e3 6.083e3 5.760e3 7.044e3 7.722e3 7.148e3 5.986e3 7.510e3 9.229e3 10.18e3 9.336e3 9.645e3 9.669e3 9.774e3 9.865e3 8.884e3 8.767e3 8.357e3 8.985e3 8.592e3 7.883e3 9.786e3 10.00e3 9.937e3 10.08e3 10.79e3 12.34e3 13.02e3 12.37e3 12.36e3 11.22e3 9.976e3 11.32e3 10.18e3 9.080e3 9.024e3 11.65e3 9.563e3 8.481e3 9.187e3 8.963e3 10.10e3 8.748e3 9.636e3 8.669e3 8.996e3 9.073e3 8.409e3 7.729e3 9.378e3 9.305e3 8.125e3 9.118e3 10.18e3 11.51e3 11.78e3 11.95e3 13.56e3 12.47e3 13.28e3 13.61e3 12.65e3 12.57e3 11.95e3 
   8.00e6  776.2   1.437e3 2.362e3 2.867e3 3.338e3 3.653e3 2.871e3 3.757e3 3.653e3 3.364e3 5.508e3 5.268e3 5.836e3 6.627e3 7.194e3 8.657e3 6.328e3 6.958e3 7.926e3 7.604e3 7.620e3 8.276e3 7.998e3 8.538e3 7.029e3 7.203e3 6.901e3 6.974e3 6.525e3 6.738e3 6.472e3 7.824e3 8.492e3 7.943e3 7.083e3 8.726e3 10.35e3 11.33e3 10.47e3 10.80e3 10.91e3 10.91e3 10.97e3 9.953e3 9.763e3 9.373e3 10.02e3 9.617e3 8.916e3 11.01e3 11.02e3 11.05e3 11.27e3 12.41e3 13.64e3 14.40e3 13.67e3 13.83e3 12.46e3 11.08e3 12.58e3 11.50e3 10.14e3 10.11e3 12.93e3 10.79e3 9.526e3 10.23e3 10.01e3 11.33e3 9.730e3 10.81e3 9.754e3 10.09e3 10.18e3 9.401e3 8.690e3 10.49e3 10.49e3 9.189e3 10.27e3 11.54e3 12.72e3 13.16e3 13.17e3 14.96e3 13.91e3 15.00e3 15.22e3 14.15e3 14.11e3 13.76e3 
   9.00e6  881.2   1.603e3 2.557e3 3.097e3 3.634e3 3.982e3 3.222e3 4.176e3 4.095e3 3.796e3 5.981e3 5.727e3 6.321e3 7.167e3 7.713e3 9.324e3 7.336e3 7.868e3 8.720e3 8.295e3 8.344e3 9.094e3 8.813e3 9.288e3 7.736e3 7.903e3 7.636e3 7.649e3 7.200e3 7.364e3 7.169e3 8.575e3 9.219e3 8.700e3 8.163e3 9.908e3 11.42e3 12.40e3 11.55e3 11.92e3 12.11e3 12.01e3 12.01e3 10.97e3 10.71e3 10.37e3 11.02e3 10.60e3 9.952e3 12.18e3 11.99e3 12.12e3 12.40e3 13.96e3 14.85e3 15.68e3 14.90e3 15.20e3 13.63e3 12.18e3 13.78e3 12.77e3 11.19e3 11.19e3 14.13e3 11.98e3 10.53e3 11.24e3 11.02e3 12.51e3 10.69e3 11.94e3 10.82e3 11.15e3 11.26e3 10.36e3 9.641e3 11.57e3 11.63e3 10.24e3 11.40e3 12.85e3 13.87e3 14.48e3 14.36e3 16.29e3 15.29e3 16.68e3 16.75e3 15.59e3 15.58e3 15.53e3 
   10.0e6  989.9   1.757e3 2.732e3 3.312e3 3.913e3 4.290e3 3.575e3 4.577e3 4.515e3 4.222e3 6.423e3 6.162e3 6.765e3 7.654e3 8.185e3 9.916e3 8.301e3 8.743e3 9.458e3 8.946e3 9.032e3 9.875e3 9.587e3 9.994e3 8.414e3 8.572e3 8.348e3 8.298e3 7.850e3 7.964e3 7.847e3 9.294e3 9.905e3 9.415e3 9.209e3 11.04e3 12.45e3 13.40e3 12.58e3 13.00e3 13.26e3 13.05e3 12.99e3 11.94e3 11.60e3 11.33e3 11.98e3 11.55e3 10.97e3 13.29e3 12.90e3 13.14e3 13.44e3 15.43e3 15.99e3 16.88e3 16.05e3 16.46e3 14.73e3 13.24e3 14.91e3 13.99e3 12.22e3 12.24e3 15.23e3 13.13e3 11.49e3 12.22e3 11.99e3 13.64e3 11.62e3 13.02e3 11.87e3 12.18e3 12.31e3 11.30e3 10.57e3 12.61e3 12.72e3 11.28e3 12.50e3 14.12e3 14.96e3 15.75e3 15.51e3 17.53e3 16.63e3 18.30e3 18.19e3 16.96e3 16.99e3 17.26e3 
   11.0e6  1.100e3 1.900e3 2.890e3 3.511e3 4.172e3 4.578e3 3.925e3 4.957e3 4.912e3 4.639e3 6.836e3 6.574e3 7.173e3 8.093e3 8.615e3 10.44e3 9.209e3 9.573e3 10.14e3 9.556e3 9.683e3 10.62e3 10.31e3 10.66e3 9.060e3 9.212e3 9.030e3 8.919e3 8.475e3 8.540e3 8.503e3 9.980e3 10.55e3 10.09e3 10.21e3 12.11e3 13.42e3 14.33e3 13.55e3 14.04e3 14.35e3 14.03e3 13.90e3 12.85e3 12.45e3 12.25e3 12.89e3 12.45e3 11.97e3 14.33e3 13.77e3 14.12e3 14.40e3 16.79e3 17.05e3 18.00e3 17.13e3 17.59e3 15.76e3 14.27e3 15.96e3 15.15e3 13.21e3 13.27e3 16.25e3 14.23e3 12.40e3 13.16e3 12.92e3 14.69e3 12.52e3 14.05e3 12.88e3 13.17e3 13.33e3 12.21e3 11.49e3 13.61e3 13.77e3 12.29e3 13.56e3 15.33e3 16.00e3 16.95e3 16.61e3 18.70e3 17.90e3 19.86e3 19.55e3 18.26e3 18.32e3 18.90e3 
   12.0e6  1.210e3 2.032e3 3.032e3 3.697e3 4.411e3 4.847e3 4.269e3 5.317e3 5.285e3 5.043e3 7.222e3 6.964e3 7.547e3 8.490e3 9.007e3 10.91e3 10.05e3 10.35e3 10.78e3 10.13e3 10.30e3 11.32e3 11.00e3 11.28e3 9.676e3 9.821e3 9.681e3 9.514e3 9.074e3 9.094e3 9.137e3 10.63e3 11.16e3 10.73e3 11.16e3 13.12e3 14.34e3 15.19e3 14.46e3 15.03e3 15.38e3 14.97e3 14.76e3 13.70e3 13.24e3 13.14e3 13.76e3 13.30e3 12.93e3 15.31e3 14.59e3 15.04e3 15.28e3 18.04e3 18.04e3 19.04e3 18.14e3 18.61e3 16.74e3 15.25e3 16.96e3 16.26e3 14.17e3 14.26e3 17.19e3 15.28e3 13.27e3 14.07e3 13.81e3 15.68e3 13.40e3 15.02e3 13.86e3 14.12e3 14.31e3 13.09e3 12.37e3 14.58e3 14.76e3 13.27e3 14.59e3 16.48e3 16.99e3 18.09e3 17.65e3 19.80e3 19.12e3 21.34e3 20.82e3 19.49e3 19.58e3 20.46e3 
   13.0e6  1.318e3 2.154e3 3.159e3 3.870e3 4.633e3 5.096e3 4.604e3 5.654e3 5.636e3 5.433e3 7.583e3 7.333e3 7.890e3 8.848e3 9.367e3 11.33e3 10.83e3 11.08e3 11.36e3 10.66e3 10.88e3 11.99e3 11.64e3 11.86e3 10.26e3 10.40e3 10.30e3 10.08e3 9.648e3 9.629e3 9.749e3 11.26e3 11.73e3 11.33e3 12.06e3 14.06e3 15.20e3 15.98e3 15.32e3 15.97e3 16.34e3 15.85e3 15.56e3 14.51e3 14.00e3 13.98e3 14.59e3 14.12e3 13.86e3 16.23e3 15.37e3 15.92e3 16.08e3 19.20e3 18.96e3 20.01e3 19.09e3 19.53e3 17.65e3 16.20e3 17.89e3 17.32e3 15.10e3 15.22e3 18.07e3 16.27e3 14.10e3 14.94e3 14.67e3 16.60e3 14.25e3 15.95e3 14.80e3 15.04e3 15.26e3 13.95e3 13.24e3 15.50e3 15.71e3 14.23e3 15.57e3 17.58e3 17.94e3 19.17e3 18.65e3 20.83e3 20.28e3 22.75e3 22.02e3 20.64e3 20.76e3 21.94e3 
   14.0e6  1.422e3 2.266e3 3.275e3 4.031e3 4.837e3 5.328e3 4.927e3 5.971e3 5.965e3 5.808e3 7.921e3 7.681e3 8.206e3 9.175e3 9.699e3 11.71e3 11.55e3 11.77e3 11.90e3 11.17e3 11.43e3 12.61e3 12.23e3 12.41e3 10.82e3 10.95e3 10.89e3 10.63e3 10.20e3 10.15e3 10.34e3 11.85e3 12.27e3 11.89e3 12.91e3 14.94e3 16.01e3 16.71e3 16.12e3 16.86e3 17.24e3 16.69e3 16.31e3 15.27e3 14.71e3 14.79e3 15.38e3 14.89e3 14.74e3 17.09e3 16.11e3 16.75e3 16.80e3 20.26e3 19.83e3 20.92e3 19.98e3 20.35e3 18.52e3 17.10e3 18.76e3 18.33e3 16.00e3 16.15e3 18.89e3 17.21e3 14.89e3 15.78e3 15.49e3 17.46e3 15.07e3 16.83e3 15.71e3 15.92e3 16.17e3 14.78e3 14.07e3 16.39e3 16.62e3 15.16e3 16.52e3 18.62e3 18.84e3 20.18e3 19.59e3 21.81e3 21.38e3 24.09e3 23.14e3 21.74e3 21.88e3 23.32e3 
   15.0e6  1.523e3 2.369e3 3.380e3 4.181e3 5.025e3 5.545e3 5.237e3 6.266e3 6.274e3 6.167e3 8.237e3 8.012e3 8.498e3 9.472e3 10.01e3 12.05e3 12.20e3 12.40e3 12.40e3 11.64e3 11.95e3 13.21e3 12.79e3 12.92e3 11.34e3 11.48e3 11.45e3 11.15e3 10.73e3 10.65e3 10.91e3 12.42e3 12.78e3 12.43e3 13.71e3 15.76e3 16.77e3 17.39e3 16.88e3 17.71e3 18.09e3 17.48e3 17.02e3 15.99e3 15.38e3 15.57e3 16.14e3 15.63e3 15.59e3 17.90e3 16.81e3 17.54e3 17.46e3 21.24e3 20.64e3 21.76e3 20.81e3 21.09e3 19.34e3 17.95e3 19.58e3 19.29e3 16.86e3 17.05e3 19.65e3 18.10e3 15.65e3 16.60e3 16.27e3 18.25e3 15.87e3 17.66e3 16.58e3 16.76e3 17.06e3 15.59e3 14.89e3 17.24e3 17.48e3 16.07e3 17.44e3 19.60e3 19.71e3 21.15e3 20.49e3 22.73e3 22.44e3 25.35e3 24.20e3 22.77e3 22.93e3 24.61e3 
   16.0e6  1.620e3 2.465e3 3.476e3 4.322e3 5.199e3 5.747e3 5.532e3 6.542e3 6.565e3 6.509e3 8.535e3 8.325e3 8.768e3 9.745e3 10.29e3 12.36e3 12.80e3 12.99e3 12.87e3 12.09e3 12.44e3 13.77e3 13.31e3 13.41e3 11.85e3 11.99e3 11.98e3 11.65e3 11.23e3 11.13e3 11.45e3 12.96e3 13.26e3 12.94e3 14.46e3 16.52e3 17.49e3 18.02e3 17.59e3 18.52e3 18.88e3 18.22e3 17.68e3 16.66e3 16.03e3 16.31e3 16.86e3 16.33e3 16.39e3 18.67e3 17.48e3 18.30e3 18.07e3 22.15e3 21.40e3 22.56e3 21.60e3 21.75e3 20.12e3 18.77e3 20.36e3 20.21e3 17.68e3 17.91e3 20.37e3 18.93e3 16.39e3 17.38e3 17.02e3 19.00e3 16.64e3 18.46e3 17.41e3 17.57e3 17.91e3 16.38e3 15.67e3 18.06e3 18.31e3 16.94e3 18.32e3 20.54e3 20.53e3 22.06e3 21.35e3 23.60e3 23.44e3 26.55e3 25.19e3 23.75e3 23.93e3 25.81e3 
   17.0e6  1.712e3 2.554e3 3.564e3 4.455e3 5.359e3 5.935e3 5.813e3 6.799e3 6.837e3 6.836e3 8.815e3 8.623e3 9.021e3 9.997e3 10.56e3 12.64e3 13.35e3 13.54e3 13.30e3 12.51e3 12.91e3 14.30e3 13.80e3 13.87e3 12.33e3 12.47e3 12.49e3 12.13e3 11.72e3 11.60e3 11.98e3 13.48e3 13.72e3 13.43e3 15.17e3 17.24e3 18.16e3 18.60e3 18.26e3 19.28e3 19.63e3 18.93e3 18.31e3 17.31e3 16.64e3 17.02e3 17.55e3 17.00e3 17.15e3 19.39e3 18.13e3 19.02e3 18.63e3 22.99e3 22.12e3 23.31e3 22.35e3 22.35e3 20.87e3 19.55e3 21.09e3 21.08e3 18.48e3 18.75e3 21.04e3 19.72e3 17.09e3 18.14e3 17.75e3 19.69e3 17.40e3 19.22e3 18.21e3 18.35e3 18.73e3 17.15e3 16.44e3 18.84e3 19.09e3 17.79e3 19.16e3 21.43e3 21.33e3 22.92e3 22.16e3 24.43e3 24.40e3 27.67e3 26.13e3 24.68e3 24.87e3 26.94e3 
   18.0e6  1.799e3 2.637e3 3.645e3 4.579e3 5.508e3 6.112e3 6.079e3 7.038e3 7.095e3 7.148e3 9.080e3 8.907e3 9.257e3 10.23e3 10.81e3 12.91e3 13.85e3 14.06e3 13.71e3 12.92e3 13.35e3 14.80e3 14.25e3 14.30e3 12.78e3 12.93e3 12.97e3 12.59e3 12.19e3 12.06e3 12.49e3 13.98e3 14.17e3 13.89e3 15.85e3 17.90e3 18.80e3 19.14e3 18.89e3 20.01e3 20.33e3 19.60e3 18.90e3 17.91e3 17.22e3 17.70e3 18.21e3 17.64e3 17.88e3 20.07e3 18.74e3 19.71e3 19.15e3 23.78e3 22.80e3 24.02e3 23.06e3 22.90e3 21.58e3 20.29e3 21.79e3 21.92e3 19.24e3 19.55e3 21.69e3 20.46e3 17.78e3 18.88e3 18.45e3 20.34e3 18.13e3 19.94e3 18.98e3 19.11e3 19.52e3 17.89e3 17.18e3 19.59e3 19.85e3 18.62e3 19.98e3 22.28e3 22.10e3 23.73e3 22.94e3 25.22e3 25.31e3 28.73e3 27.02e3 25.56e3 25.76e3 27.98e3 
   20.0e6  1.960e3 2.787e3 3.790e3 4.808e3 5.774e3 6.434e3 6.567e3 7.468e3 7.567e3 7.726e3 9.568e3 9.436e3 9.689e3 10.65e3 11.27e3 13.38e3 14.74e3 14.98e3 14.44e3 13.66e3 14.18e3 15.72e3 15.08e3 15.12e3 13.64e3 13.80e3 13.87e3 13.46e3 13.07e3 12.93e3 13.46e3 14.92e3 14.99e3 14.77e3 17.09e3 19.10e3 19.96e3 20.13e3 20.04e3 21.35e3 21.60e3 20.85e3 20.00e3 19.05e3 18.32e3 18.98e3 19.46e3 18.85e3 19.22e3 21.34e3 19.90e3 21.01e3 20.10e3 25.23e3 24.07e3 25.34e3 24.37e3 23.88e3 22.91e3 21.69e3 23.09e3 23.49e3 20.70e3 21.08e3 22.88e3 21.83e3 19.08e3 20.28e3 19.78e3 21.52e3 19.53e3 21.30e3 20.42e3 20.53e3 21.04e3 19.33e3 18.61e3 21.01e3 21.28e3 20.18e3 21.51e3 23.87e3 23.56e3 25.25e3 24.40e3 26.70e3 27.02e3 30.68e3 28.67e3 27.21e3 27.42e3 29.87e3 
   22.5e6  2.139e3 2.951e3 3.948e3 5.063e3 6.058e3 6.786e3 7.102e3 7.930e3 8.092e3 8.374e3 10.11e3 10.04e3 10.17e3 11.11e3 11.79e3 13.89e3 15.66e3 15.98e3 15.25e3 14.50e3 15.12e3 16.75e3 15.99e3 16.03e3 14.62e3 14.80e3 14.89e3 14.47e3 14.10e3 13.97e3 14.59e3 16.01e3 15.94e3 15.77e3 18.49e3 20.40e3 21.24e3 21.21e3 21.32e3 22.83e3 23.01e3 22.26e3 21.24e3 20.33e3 19.58e3 20.45e3 20.90e3 20.24e3 20.73e3 22.76e3 21.23e3 22.49e3 21.19e3 26.85e3 25.50e3 26.82e3 25.87e3 24.94e3 24.44e3 23.27e3 24.57e3 25.30e3 22.38e3 22.86e3 24.23e3 23.36e3 20.61e3 21.93e3 21.32e3 22.82e3 21.20e3 22.86e3 22.08e3 22.19e3 22.82e3 21.03e3 20.30e3 22.65e3 22.93e3 22.01e3 23.28e3 25.67e3 25.26e3 26.94e3 26.08e3 28.40e3 28.97e3 32.82e3 30.53e3 29.09e3 29.29e3 31.91e3 
   25.0e6  2.297e3 3.096e3 4.086e3 5.289e3 6.301e3 7.095e3 7.565e3 8.323e3 8.559e3 8.948e3 10.60e3 10.58e3 10.60e3 11.52e3 12.27e3 14.35e3 16.42e3 16.82e3 15.96e3 15.26e3 15.97e3 17.66e3 16.79e3 16.86e3 15.51e3 15.72e3 15.81e3 15.40e3 15.05e3 14.94e3 15.64e3 17.01e3 16.82e3 16.69e3 19.74e3 21.52e3 22.36e3 22.16e3 22.45e3 24.14e3 24.24e3 23.52e3 22.35e3 21.48e3 20.74e3 21.80e3 22.22e3 21.51e3 22.07e3 24.04e3 22.46e3 23.84e3 22.22e3 28.32e3 26.80e3 28.16e3 27.22e3 25.89e3 25.85e3 24.71e3 25.91e3 26.94e3 23.93e3 24.51e3 25.48e3 24.75e3 22.06e3 23.48e3 22.77e3 23.97e3 22.77e3 24.30e3 23.60e3 23.72e3 24.48e3 22.64e3 21.88e3 24.15e3 24.46e3 23.71e3 24.89e3 27.31e3 26.85e3 28.46e3 27.63e3 29.96e3 30.73e3 34.69e3 32.21e3 30.81e3 30.99e3 33.67e3 
   27.5e6  2.436e3 3.226e3 4.210e3 5.492e3 6.512e3 7.369e3 7.971e3 8.662e3 8.980e3 9.459e3 11.04e3 11.07e3 10.99e3 11.89e3 12.70e3 14.76e3 17.07e3 17.55e3 16.59e3 15.96e3 16.74e3 18.48e3 17.50e3 17.63e3 16.33e3 16.58e3 16.65e3 16.27e3 15.94e3 15.86e3 16.61e3 17.94e3 17.64e3 17.54e3 20.87e3 22.50e3 23.36e3 23.00e3 23.46e3 25.30e3 25.35e3 24.66e3 23.37e3 22.55e3 21.82e3 23.05e3 23.45e3 22.69e3 23.28e3 25.21e3 23.61e3 25.09e3 23.23e3 29.68e3 28.00e3 29.38e3 28.48e3 26.76e3 27.15e3 26.04e3 27.15e3 28.46e3 25.38e3 26.04e3 26.63e3 26.03e3 23.43e3 24.95e3 24.12e3 25.01e3 24.26e3 25.63e3 25.01e3 25.15e3 26.04e3 24.16e3 23.37e3 25.54e3 25.88e3 25.28e3 26.38e3 28.81e3 28.34e3 29.83e3 29.08e3 31.42e3 32.35e3 36.32e3 33.74e3 32.39e3 32.55e3 35.21e3 
   30.0e6  2.561e3 3.343e3 4.324e3 5.676e3 6.698e3 7.614e3 8.329e3 8.959e3 9.364e3 9.918e3 11.44e3 11.53e3 11.35e3 12.24e3 13.11e3 15.14e3 17.62e3 18.19e3 17.17e3 16.60e3 17.45e3 19.21e3 18.15e3 18.33e3 17.08e3 17.37e3 17.42e3 17.08e3 16.76e3 16.73e3 17.52e3 18.81e3 18.41e3 18.35e3 21.91e3 23.36e3 24.24e3 23.76e3 24.37e3 26.33e3 26.34e3 25.71e3 24.31e3 23.53e3 22.83e3 24.20e3 24.59e3 23.79e3 24.38e3 26.29e3 24.69e3 26.26e3 24.23e3 30.95e3 29.11e3 30.52e3 29.64e3 27.60e3 28.38e3 27.27e3 28.31e3 29.88e3 26.74e3 27.48e3 27.72e3 27.23e3 24.73e3 26.34e3 25.40e3 25.97e3 25.67e3 26.87e3 26.33e3 26.50e3 27.51e3 25.61e3 24.79e3 26.83e3 27.22e3 26.75e3 27.76e3 30.20e3 29.76e3 31.08e3 30.45e3 32.79e3 33.83e3 37.77e3 35.17e3 33.86e3 34.00e3 36.60e3 
   32.5e6  2.673e3 3.452e3 4.428e3 5.845e3 6.865e3 7.836e3 8.649e3 9.223e3 9.719e3 10.33e3 11.81e3 11.95e3 11.68e3 12.56e3 13.49e3 15.50e3 18.10e3 18.74e3 17.70e3 17.20e3 18.11e3 19.87e3 18.74e3 18.99e3 17.79e3 18.11e3 18.14e3 17.85e3 17.54e3 17.56e3 18.38e3 19.63e3 19.14e3 19.11e3 22.88e3 24.13e3 25.05e3 24.45e3 25.20e3 27.25e3 27.25e3 26.67e3 25.19e3 24.45e3 23.78e3 25.28e3 25.66e3 24.83e3 25.39e3 27.30e3 25.71e3 27.35e3 25.23e3 32.14e3 30.15e3 31.58e3 30.73e3 28.41e3 29.53e3 28.42e3 29.40e3 31.20e3 28.02e3 28.83e3 28.76e3 28.38e3 25.98e3 27.67e3 26.62e3 26.88e3 27.02e3 28.05e3 27.57e3 27.77e3 28.91e3 27.00e3 26.14e3 28.05e3 28.49e3 28.12e3 29.05e3 31.50e3 31.10e3 32.22e3 31.75e3 34.09e3 35.21e3 39.07e3 36.50e3 35.24e3 35.36e3 37.86e3 
   35.0e6  2.775e3 3.552e3 4.527e3 6.000e3 7.016e3 8.039e3 8.939e3 9.461e3 10.05e3 10.71e3 12.15e3 12.34e3 12.00e3 12.87e3 13.86e3 15.83e3 18.51e3 19.22e3 18.19e3 17.76e3 18.73e3 20.47e3 19.28e3 19.61e3 18.45e3 18.81e3 18.82e3 18.57e3 18.28e3 18.34e3 19.19e3 20.40e3 19.83e3 19.83e3 23.77e3 24.83e3 25.77e3 25.09e3 25.97e3 28.08e3 28.08e3 27.55e3 26.01e3 25.31e3 24.68e3 26.30e3 26.67e3 25.81e3 26.33e3 28.25e3 26.68e3 28.38e3 26.22e3 33.27e3 31.14e3 32.58e3 31.76e3 29.20e3 30.62e3 29.51e3 30.43e3 32.44e3 29.23e3 30.10e3 29.75e3 29.48e3 27.18e3 28.94e3 27.79e3 27.76e3 28.31e3 29.17e3 28.75e3 28.97e3 30.23e3 28.32e3 27.43e3 29.20e3 29.70e3 29.41e3 30.25e3 32.73e3 32.39e3 33.29e3 33.00e3 35.33e3 36.49e3 40.24e3 37.75e3 36.55e3 36.63e3 39.03e3 
   37.5e6  2.867e3 3.646e3 4.619e3 6.143e3 7.155e3 8.225e3 9.204e3 9.677e3 10.36e3 11.05e3 12.46e3 12.70e3 12.31e3 13.16e3 14.21e3 16.15e3 18.88e3 19.64e3 18.65e3 18.29e3 19.30e3 21.03e3 19.79e3 20.20e3 19.07e3 19.48e3 19.45e3 19.26e3 18.98e3 19.09e3 19.95e3 21.14e3 20.49e3 20.52e3 24.61e3 25.47e3 26.44e3 25.69e3 26.67e3 28.83e3 28.85e3 28.38e3 26.79e3 26.13e3 25.54e3 27.25e3 27.62e3 26.74e3 27.20e3 29.15e3 27.60e3 29.35e3 27.21e3 34.34e3 32.07e3 33.53e3 32.73e3 29.98e3 31.66e3 30.53e3 31.41e3 33.61e3 30.38e3 31.31e3 30.70e3 30.55e3 28.34e3 30.16e3 28.90e3 28.60e3 29.55e3 30.24e3 29.88e3 30.12e3 31.50e3 29.58e3 28.66e3 30.29e3 30.85e3 30.62e3 31.39e3 33.89e3 33.62e3 34.29e3 34.19e3 36.52e3 37.68e3 41.30e3 38.94e3 37.79e3 37.85e3 40.13e3 
   40.0e6  2.951e3 3.734e3 4.707e3 6.277e3 7.283e3 8.398e3 9.447e3 9.875e3 10.65e3 11.36e3 12.76e3 13.04e3 12.60e3 13.44e3 14.55e3 16.46e3 19.21e3 20.02e3 19.08e3 18.79e3 19.84e3 21.54e3 20.27e3 20.75e3 19.66e3 20.10e3 20.04e3 19.91e3 19.64e3 19.81e3 20.68e3 21.83e3 21.13e3 21.19e3 25.39e3 26.05e3 27.06e3 26.26e3 27.33e3 29.52e3 29.57e3 29.15e3 27.53e3 26.90e3 26.36e3 28.15e3 28.53e3 27.63e3 28.02e3 30.00e3 28.48e3 30.27e3 28.19e3 35.35e3 32.96e3 34.42e3 33.66e3 30.75e3 32.66e3 31.50e3 32.35e3 34.71e3 31.47e3 32.45e3 31.62e3 31.59e3 29.45e3 31.33e3 29.97e3 29.41e3 30.73e3 31.26e3 30.96e3 31.21e3 32.71e3 30.80e3 29.84e3 31.34e3 31.96e3 31.76e3 32.46e3 34.99e3 34.80e3 35.22e3 35.34e3 37.67e3 38.81e3 42.28e3 40.07e3 38.98e3 39.01e3 41.18e3 
   45.0e6  3.096e3 3.894e3 4.871e3 6.517e3 7.514e3 8.708e3 9.881e3 10.23e3 11.18e3 11.91e3 13.29e3 13.66e3 13.15e3 13.97e3 15.18e3 17.04e3 19.76e3 20.66e3 19.88e3 19.71e3 20.83e3 22.44e3 21.15e3 21.78e3 20.75e3 21.26e3 21.14e3 21.13e3 20.88e3 21.14e3 22.02e3 23.13e3 22.33e3 22.44e3 26.81e3 27.08e3 28.16e3 27.30e3 28.53e3 30.72e3 30.88e3 30.56e3 28.90e3 28.34e3 27.90e3 29.81e3 30.20e3 29.28e3 29.52e3 31.59e3 30.15e3 31.99e3 30.11e3 37.22e3 34.62e3 36.09e3 35.40e3 32.25e3 34.52e3 33.30e3 34.11e3 36.76e3 33.52e3 34.56e3 33.37e3 33.59e3 31.56e3 33.55e3 31.98e3 31.00e3 32.95e3 33.19e3 32.99e3 33.25e3 34.98e3 33.08e3 32.07e3 33.31e3 34.04e3 33.87e3 34.44e3 37.05e3 37.03e3 36.95e3 37.50e3 39.84e3 40.88e3 44.03e3 42.18e3 41.20e3 41.18e3 43.14e3 
   50.0e6  3.214e3 4.037e3 5.021e3 6.728e3 7.719e3 8.980e3 10.25e3 10.54e3 11.65e3 12.39e3 13.76e3 14.21e3 13.66e3 14.48e3 15.77e3 17.59e3 20.20e3 21.17e3 20.59e3 20.55e3 21.70e3 23.23e3 21.95e3 22.71e3 21.73e3 22.30e3 22.13e3 22.24e3 22.01e3 22.37e3 23.23e3 24.31e3 23.45e3 23.60e3 28.05e3 27.97e3 29.14e3 28.26e3 29.60e3 31.75e3 32.03e3 31.81e3 30.15e3 29.66e3 29.31e3 31.31e3 31.71e3 30.81e3 30.89e3 33.05e3 31.69e3 33.56e3 31.94e3 38.88e3 36.15e3 37.62e3 36.99e3 33.71e3 36.23e3 34.96e3 35.74e3 38.60e3 35.40e3 36.48e3 35.01e3 35.48e3 33.53e3 35.59e3 33.86e3 32.53e3 34.99e3 35.00e3 34.88e3 35.12e3 37.06e3 35.19e3 34.12e3 35.14e3 35.98e3 35.77e3 36.25e3 38.94e3 39.10e3 38.52e3 39.51e3 41.86e3 42.74e3 45.58e3 44.12e3 43.25e3 43.18e3 44.97e3 
   55.0e6  3.308e3 4.165e3 5.158e3 6.915e3 7.905e3 9.221e3 10.58e3 10.81e3 12.07e3 12.80e3 14.18e3 14.70e3 14.15e3 14.96e3 16.33e3 18.09e3 20.56e3 21.58e3 21.25e3 21.31e3 22.48e3 23.91e3 22.69e3 23.55e3 22.63e3 23.25e3 23.04e3 23.26e3 23.05e3 23.48e3 24.34e3 25.40e3 24.50e3 24.69e3 29.15e3 28.76e3 30.01e3 29.14e3 30.56e3 32.65e3 33.07e3 32.92e3 31.31e3 30.87e3 30.61e3 32.67e3 33.10e3 32.21e3 32.15e3 34.40e3 33.12e3 34.99e3 33.67e3 40.37e3 37.56e3 39.02e3 38.47e3 35.11e3 37.82e3 36.48e3 37.25e3 40.29e3 37.13e3 38.23e3 36.56e3 37.27e3 35.37e3 37.50e3 35.60e3 34.01e3 36.88e3 36.69e3 36.65e3 36.85e3 38.98e3 37.14e3 36.03e3 36.87e3 37.79e3 37.51e3 37.92e3 40.71e3 41.02e3 39.98e3 41.38e3 43.76e3 44.44e3 46.99e3 45.92e3 45.15e3 45.04e3 46.69e3 
   60.0e6  3.383e3 4.279e3 5.284e3 7.080e3 8.073e3 9.437e3 10.86e3 11.06e3 12.45e3 13.16e3 14.55e3 15.13e3 14.60e3 15.41e3 16.85e3 18.57e3 20.85e3 21.92e3 21.85e3 22.00e3 23.19e3 24.51e3 23.36e3 24.33e3 23.45e3 24.12e3 23.87e3 24.20e3 24.00e3 24.51e3 25.35e3 26.40e3 25.48e3 25.71e3 30.12e3 29.45e3 30.80e3 29.96e3 31.45e3 33.45e3 34.00e3 33.93e3 32.37e3 31.99e3 31.82e3 33.91e3 34.36e3 33.51e3 33.32e3 35.66e3 34.46e3 36.32e3 35.28e3 41.70e3 38.86e3 40.30e3 39.83e3 36.45e3 39.29e3 37.88e3 38.66e3 41.82e3 38.73e3 39.84e3 38.03e3 38.96e3 37.09e3 39.27e3 37.23e3 35.45e3 38.63e3 38.28e3 38.30e3 38.46e3 40.76e3 38.95e3 37.80e3 38.50e3 39.47e3 39.12e3 39.48e3 42.36e3 42.80e3 41.35e3 43.12e3 45.54e3 46.01e3 48.29e3 47.60e3 46.93e3 46.78e3 48.31e3 
   65.0e6  3.440e3 4.381e3 5.400e3 7.227e3 8.227e3 9.630e3 11.10e3 11.28e3 12.79e3 13.48e3 14.89e3 15.52e3 15.03e3 15.84e3 17.33e3 19.01e3 21.10e3 22.20e3 22.40e3 22.64e3 23.82e3 25.05e3 23.98e3 25.03e3 24.19e3 24.90e3 24.63e3 25.06e3 24.88e3 25.44e3 26.28e3 27.31e3 26.39e3 26.67e3 30.99e3 30.08e3 31.53e3 30.73e3 32.26e3 34.17e3 34.84e3 34.83e3 33.36e3 33.03e3 32.93e3 35.03e3 35.52e3 34.72e3 34.41e3 36.83e3 35.70e3 37.53e3 36.78e3 42.89e3 40.06e3 41.49e3 41.10e3 37.73e3 40.65e3 39.18e3 39.98e3 43.22e3 40.21e3 41.32e3 39.41e3 40.54e3 38.69e3 40.91e3 38.75e3 36.85e3 40.25e3 39.79e3 39.85e3 39.95e3 42.40e3 40.63e3 39.45e3 40.04e3 41.05e3 40.61e3 40.94e3 43.90e3 44.47e3 42.64e3 44.74e3 47.21e3 47.46e3 49.51e3 49.15e3 48.58e3 48.40e3 49.86e3 
   70.0e6  3.483e3 4.472e3 5.506e3 7.357e3 8.369e3 9.805e3 11.32e3 11.48e3 13.10e3 13.76e3 15.19e3 15.87e3 15.43e3 16.25e3 17.79e3 19.42e3 21.31e3 22.43e3 22.91e3 23.22e3 24.38e3 25.52e3 24.56e3 25.68e3 24.88e3 25.62e3 25.33e3 25.85e3 25.69e3 26.30e3 27.13e3 28.16e3 27.26e3 27.57e3 31.76e3 30.64e3 32.20e3 31.46e3 33.02e3 34.82e3 35.60e3 35.66e3 34.28e3 33.99e3 33.97e3 36.06e3 36.57e3 35.85e3 35.43e3 37.93e3 36.87e3 38.66e3 38.16e3 43.94e3 41.17e3 42.58e3 42.28e3 38.95e3 41.92e3 40.38e3 41.20e3 44.51e3 41.58e3 42.67e3 40.72e3 42.01e3 40.20e3 42.44e3 40.18e3 38.19e3 41.75e3 41.21e3 41.30e3 41.34e3 43.91e3 42.19e3 40.99e3 41.51e3 42.52e3 42.01e3 42.32e3 45.36e3 46.02e3 43.87e3 46.26e3 48.79e3 48.81e3 50.66e3 50.61e3 50.13e3 49.91e3 51.32e3 
   80.0e6  3.533e3 4.624e3 5.693e3 7.578e3 8.618e3 10.10e3 11.66e3 11.83e3 13.63e3 14.23e3 15.69e3 16.46e3 16.17e3 17.01e3 18.61e3 20.18e3 21.66e3 22.79e3 23.80e3 24.25e3 25.34e3 26.33e3 25.58e3 26.81e3 26.09e3 26.87e3 26.56e3 27.24e3 27.13e3 27.81e3 28.62e3 29.66e3 28.83e3 29.21e3 33.08e3 31.62e3 33.42e3 32.82e3 34.39e3 35.98e3 36.92e3 37.08e3 35.92e3 35.71e3 35.81e3 37.87e3 38.44e3 37.87e3 37.30e3 39.90e3 38.98e3 40.66e3 40.61e3 45.70e3 43.17e3 44.53e3 44.39e3 41.20e3 44.20e3 42.54e3 43.42e3 46.76e3 44.04e3 45.08e3 43.12e3 44.66e3 42.92e3 45.19e3 42.76e3 40.74e3 44.43e3 43.83e3 43.94e3 43.85e3 46.62e3 44.98e3 43.76e3 44.21e3 45.20e3 44.56e3 44.88e3 48.02e3 48.81e3 46.18e3 49.02e3 51.67e3 51.27e3 52.83e3 53.24e3 52.93e3 52.66e3 54.01e3 
   90.0e6  3.547e3 4.743e3 5.849e3 7.753e3 8.827e3 10.35e3 11.92e3 12.12e3 14.07e3 14.59e3 16.10e3 16.93e3 16.83e3 17.69e3 19.33e3 20.83e3 21.93e3 23.04e3 24.57e3 25.11e3 26.12e3 26.98e3 26.46e3 27.76e3 27.10e3 27.91e3 27.61e3 28.42e3 28.37e3 29.08e3 29.88e3 30.94e3 30.21e3 30.66e3 34.17e3 32.44e3 34.51e3 34.06e3 35.61e3 36.99e3 38.00e3 38.27e3 37.34e3 37.20e3 37.39e3 39.38e3 40.01e3 39.64e3 38.97e3 41.62e3 40.83e3 42.37e3 42.67e3 47.07e3 44.88e3 46.18e3 46.23e3 43.20e3 46.16e3 44.39e3 45.36e3 48.67e3 46.16e3 47.13e3 45.27e3 46.94e3 45.29e3 47.56e3 45.03e3 43.10e3 46.77e3 46.19e3 46.25e3 46.04e3 48.94e3 47.38e3 46.18e3 46.64e3 47.55e3 46.85e3 47.21e3 50.39e3 51.23e3 48.34e3 51.49e3 54.22e3 53.47e3 54.83e3 55.53e3 55.38e3 55.08e3 56.43e3 
   100.e6  3.536e3 4.835e3 5.978e3 7.891e3 9.001e3 10.55e3 12.11e3 12.38e3 14.44e3 14.88e3 16.41e3 17.30e3 17.41e3 18.30e3 19.96e3 21.39e3 22.16e3 23.24e3 25.22e3 25.84e3 26.74e3 27.52e3 27.21e3 28.54e3 27.96e3 28.77e3 28.51e3 29.41e3 29.44e3 30.14e3 30.96e3 32.03e3 31.44e3 31.95e3 35.09e3 33.15e3 35.49e3 35.22e3 36.71e3 37.88e3 38.90e3 39.25e3 38.57e3 38.49e3 38.74e3 40.65e3 41.33e3 41.17e3 40.46e3 43.11e3 42.46e3 43.83e3 44.39e3 48.14e3 46.35e3 47.59e3 47.83e3 44.98e3 47.86e3 45.98e3 47.05e3 50.28e3 47.98e3 48.88e3 47.18e3 48.87e3 47.36e3 49.60e3 47.01e3 45.25e3 48.81e3 48.31e3 48.28e3 47.97e3 50.93e3 49.46e3 48.29e3 48.80e3 49.61e3 48.93e3 49.34e3 52.51e3 53.33e3 50.36e3 53.69e3 56.48e3 55.46e3 56.69e3 57.54e3 57.53e3 57.20e3 58.60e3 
   110.e6  3.507e3 4.904e3 6.083e3 8.000e3 9.144e3 10.71e3 12.24e3 12.59e3 14.73e3 15.11e3 16.66e3 17.59e3 17.92e3 18.84e3 20.51e3 21.88e3 22.36e3 23.39e3 25.77e3 26.45e3 27.23e3 27.96e3 27.85e3 29.19e3 28.68e3 29.48e3 29.26e3 30.25e3 30.35e3 31.02e3 31.87e3 32.97e3 32.52e3 33.09e3 35.88e3 33.77e3 36.38e3 36.29e3 37.70e3 38.69e3 39.63e3 40.07e3 39.63e3 39.60e3 39.90e3 41.72e3 42.45e3 42.51e3 41.78e3 44.40e3 43.88e3 45.08e3 45.82e3 48.97e3 47.62e3 48.79e3 49.22e3 46.55e3 49.33e3 47.35e3 48.53e3 51.65e3 49.55e3 50.39e3 48.88e3 50.51e3 49.17e3 51.36e3 48.75e3 47.22e3 50.61e3 50.23e3 50.06e3 49.66e3 52.63e3 51.26e3 50.13e3 50.73e3 51.42e3 50.84e3 51.30e3 54.39e3 55.16e3 52.27e3 55.68e3 58.50e3 57.28e3 58.42e3 59.29e3 59.41e3 59.07e3 60.53e3 
   120.e6  3.466e3 4.953e3 6.169e3 8.084e3 9.259e3 10.85e3 12.34e3 12.77e3 14.98e3 15.28e3 16.85e3 17.82e3 18.37e3 19.33e3 20.99e3 22.30e3 22.53e3 23.51e3 26.24e3 26.96e3 27.63e3 28.33e3 28.39e3 29.72e3 29.28e3 30.07e3 29.90e3 30.95e3 31.13e3 31.75e3 32.64e3 33.76e3 33.47e3 34.10e3 36.58e3 34.32e3 37.20e3 37.29e3 38.62e3 39.43e3 40.22e3 40.74e3 40.54e3 40.56e3 40.89e3 42.62e3 43.39e3 43.67e3 42.96e3 45.52e3 45.12e3 46.14e3 47.01e3 49.60e3 48.70e3 49.81e3 50.42e3 47.93e3 50.59e3 48.53e3 49.81e3 52.80e3 50.90e3 51.67e3 50.38e3 51.89e3 50.73e3 52.87e3 50.27e3 49.02e3 52.20e3 51.96e3 51.61e3 51.16e3 54.08e3 52.81e3 51.74e3 52.45e3 53.01e3 52.58e3 53.11e3 56.07e3 56.74e3 54.08e3 57.47e3 60.28e3 58.95e3 60.04e3 60.82e3 61.06e3 60.71e3 62.25e3 
   130.e6  3.418e3 4.987e3 6.237e3 8.148e3 9.349e3 10.95e3 12.40e3 12.93e3 15.17e3 15.41e3 16.98e3 17.99e3 18.77e3 19.75e3 21.40e3 22.66e3 22.69e3 23.61e3 26.64e3 27.38e3 27.94e3 28.64e3 28.85e3 30.16e3 29.79e3 30.55e3 30.44e3 31.54e3 31.80e3 32.36e3 33.29e3 34.44e3 34.31e3 35.00e3 37.20e3 34.82e3 37.96e3 38.23e3 39.45e3 40.10e3 40.70e3 41.30e3 41.33e3 41.39e3 41.74e3 43.38e3 44.17e3 44.69e3 44.01e3 46.48e3 46.21e3 47.05e3 47.99e3 50.08e3 49.63e3 50.66e3 51.47e3 49.14e3 51.67e3 49.53e3 50.93e3 53.78e3 52.05e3 52.78e3 51.72e3 53.03e3 52.10e3 54.16e3 51.60e3 50.64e3 53.64e3 53.52e3 52.96e3 52.49e3 55.31e3 54.16e3 53.14e3 53.96e3 54.41e3 54.19e3 54.77e3 57.57e3 58.11e3 55.78e3 59.10e3 61.87e3 60.50e3 61.54e3 62.16e3 62.51e3 62.16e3 63.79e3 
   140.e6  3.364e3 5.007e3 6.291e3 8.196e3 9.417e3 11.03e3 12.43e3 13.06e3 15.32e3 15.51e3 17.08e3 18.12e3 19.12e3 20.13e3 21.75e3 22.96e3 22.82e3 23.70e3 26.96e3 27.73e3 28.19e3 28.89e3 29.23e3 30.51e3 30.21e3 30.94e3 30.89e3 32.02e3 32.37e3 32.86e3 33.85e3 35.02e3 35.05e3 35.80e3 37.76e3 35.27e3 38.65e3 39.12e3 40.23e3 40.71e3 41.09e3 41.76e3 42.01e3 42.10e3 42.46e3 44.01e3 44.82e3 45.57e3 44.93e3 47.29e3 47.15e3 47.82e3 48.79e3 50.43e3 50.42e3 51.39e3 52.37e3 50.21e3 52.59e3 50.38e3 51.90e3 54.61e3 53.04e3 53.72e3 52.91e3 53.98e3 53.27e3 55.26e3 52.77e3 52.11e3 54.93e3 54.94e3 54.13e3 53.66e3 56.36e3 55.32e3 54.37e3 55.30e3 55.64e3 55.67e3 56.31e3 58.90e3 59.30e3 57.39e3 60.58e3 63.29e3 61.93e3 62.92e3 63.32e3 63.78e3 63.43e3 65.16e3 
   150.e6  3.308e3 5.017e3 6.331e3 8.229e3 9.465e3 11.09e3 12.44e3 13.18e3 15.43e3 15.57e3 17.14e3 18.20e3 19.42e3 20.46e3 22.05e3 23.22e3 22.94e3 23.78e3 27.24e3 28.02e3 28.38e3 29.11e3 29.54e3 30.78e3 30.55e3 31.26e3 31.26e3 32.42e3 32.86e3 33.26e3 34.31e3 35.50e3 35.70e3 36.50e3 38.27e3 35.68e3 39.29e3 39.95e3 40.94e3 41.28e3 41.39e3 42.13e3 42.59e3 42.70e3 43.06e3 44.53e3 45.37e3 46.33e3 45.74e3 47.99e3 47.98e3 48.47e3 49.44e3 50.68e3 51.09e3 51.99e3 53.16e3 51.15e3 53.38e3 51.10e3 52.73e3 55.31e3 53.88e3 54.52e3 53.96e3 54.76e3 54.29e3 56.20e3 53.79e3 53.44e3 56.11e3 56.23e3 55.15e3 54.70e3 57.24e3 56.32e3 55.43e3 56.47e3 56.73e3 57.03e3 57.73e3 60.08e3 60.33e3 58.91e3 61.92e3 64.55e3 63.26e3 64.20e3 64.34e3 64.89e3 64.54e3 66.38e3 
   160.e6  3.250e3 5.018e3 6.361e3 8.250e3 9.497e3 11.13e3 12.44e3 13.27e3 15.52e3 15.62e3 17.16e3 18.26e3 19.68e3 20.75e3 22.31e3 23.43e3 23.04e3 23.85e3 27.46e3 28.25e3 28.54e3 29.28e3 29.80e3 30.99e3 30.82e3 31.50e3 31.56e3 32.74e3 33.27e3 33.58e3 34.70e3 35.91e3 36.27e3 37.12e3 38.74e3 36.07e3 39.89e3 40.74e3 41.60e3 41.79e3 41.62e3 42.43e3 43.08e3 43.22e3 43.57e3 44.96e3 45.81e3 46.99e3 46.44e3 48.57e3 48.69e3 49.01e3 49.96e3 50.86e3 51.66e3 52.50e3 53.83e3 51.96e3 54.04e3 51.70e3 53.45e3 55.90e3 54.60e3 55.21e3 54.89e3 55.38e3 55.16e3 56.99e3 54.67e3 54.63e3 57.20e3 57.40e3 56.04e3 55.62e3 57.98e3 57.19e3 56.35e3 57.50e3 57.69e3 58.29e3 59.04e3 61.13e3 61.21e3 60.34e3 63.14e3 65.68e3 64.50e3 65.38e3 65.22e3 65.86e3 65.52e3 67.47e3 
   170.e6  3.192e3 5.011e3 6.381e3 8.262e3 9.512e3 11.16e3 12.42e3 13.35e3 15.57e3 15.64e3 17.17e3 18.29e3 19.90e3 21.00e3 22.53e3 23.61e3 23.13e3 23.91e3 27.64e3 28.44e3 28.66e3 29.43e3 30.00e3 31.15e3 31.04e3 31.69e3 31.81e3 33.00e3 33.61e3 33.83e3 35.02e3 36.26e3 36.77e3 37.67e3 39.19e3 36.42e3 40.43e3 41.48e3 42.21e3 42.27e3 41.79e3 42.67e3 43.50e3 43.66e3 44.00e3 45.32e3 46.17e3 47.56e3 47.05e3 49.06e3 49.31e3 49.46e3 50.37e3 50.97e3 52.14e3 52.91e3 54.42e3 52.68e3 54.60e3 52.21e3 54.07e3 56.40e3 55.20e3 55.79e3 55.71e3 55.89e3 55.91e3 57.66e3 55.44e3 55.71e3 58.20e3 58.47e3 56.79e3 56.44e3 58.59e3 57.94e3 57.16e3 58.39e3 58.53e3 59.45e3 60.24e3 62.05e3 61.97e3 61.69e3 64.24e3 66.69e3 65.66e3 66.47e3 65.98e3 66.70e3 66.38e3 68.43e3 
   180.e6  3.167e3 5.029e3 6.394e3 8.268e3 9.556e3 11.21e3 12.47e3 13.45e3 15.64e3 15.70e3 17.24e3 18.37e3 20.10e3 21.23e3 22.70e3 23.76e3 23.38e3 24.04e3 27.82e3 28.62e3 28.84e3 29.63e3 30.29e3 31.35e3 31.30e3 31.92e3 32.12e3 33.32e3 33.95e3 34.15e3 35.41e3 36.57e3 37.21e3 38.13e3 39.41e3 36.76e3 40.94e3 42.07e3 42.78e3 42.71e3 42.11e3 43.02e3 44.00e3 44.15e3 44.52e3 45.79e3 46.60e3 48.17e3 47.73e3 49.63e3 49.96e3 49.99e3 50.73e3 51.08e3 52.67e3 53.43e3 55.10e3 53.41e3 55.23e3 52.86e3 54.77e3 56.93e3 55.88e3 56.49e3 56.47e3 56.48e3 56.69e3 58.40e3 56.28e3 56.69e3 59.08e3 59.49e3 57.61e3 57.34e3 59.36e3 58.71e3 58.05e3 59.32e3 59.39e3 60.50e3 61.27e3 63.03e3 62.81e3 62.85e3 65.13e3 67.48e3 66.69e3 67.45e3 66.87e3 67.68e3 67.34e3 69.41e3 
   200.e6  3.188e3 5.077e3 6.339e3 8.197e3 9.616e3 11.26e3 12.61e3 13.63e3 15.67e3 15.79e3 17.38e3 18.48e3 20.30e3 21.46e3 22.78e3 23.83e3 24.11e3 24.25e3 27.96e3 28.73e3 29.11e3 29.93e3 30.79e3 31.62e3 31.66e3 32.22e3 32.65e3 33.91e3 34.36e3 34.76e3 36.12e3 36.87e3 37.73e3 38.62e3 39.08e3 37.14e3 41.54e3 42.58e3 43.50e3 43.21e3 42.83e3 43.73e3 44.91e3 44.95e3 45.48e3 46.72e3 47.29e3 49.15e3 48.94e3 50.63e3 51.02e3 50.94e3 50.97e3 50.99e3 53.54e3 54.34e3 56.32e3 54.62e3 56.42e3 54.18e3 56.03e3 57.77e3 57.09e3 57.88e3 57.50e3 57.61e3 57.99e3 59.73e3 57.84e3 58.16e3 60.15e3 61.05e3 59.09e3 59.03e3 60.98e3 60.02e3 59.76e3 60.98e3 60.82e3 61.98e3 62.53e3 64.76e3 64.30e3 64.32e3 65.91e3 68.10e3 68.00e3 68.70e3 68.53e3 69.55e3 69.12e3 71.04e3 
   225.e6  3.103e3 5.019e3 6.222e3 8.042e3 9.572e3 11.20e3 12.57e3 13.66e3 15.54e3 15.68e3 17.33e3 18.40e3 20.32e3 21.51e3 22.65e3 23.71e3 24.41e3 24.29e3 27.85e3 28.60e3 29.09e3 30.03e3 30.97e3 31.58e3 31.76e3 32.26e3 32.89e3 34.19e3 34.55e3 35.10e3 36.46e3 36.94e3 37.98e3 38.85e3 38.86e3 37.32e3 41.82e3 42.81e3 43.88e3 43.38e3 43.19e3 44.14e3 45.43e3 45.39e3 46.03e3 47.26e3 47.67e3 49.75e3 49.77e3 51.22e3 51.70e3 51.46e3 51.11e3 50.74e3 54.03e3 54.84e3 57.06e3 55.49e3 57.11e3 55.01e3 56.81e3 58.15e3 57.87e3 58.77e3 58.19e3 58.36e3 58.87e3 60.56e3 58.95e3 59.28e3 60.80e3 62.26e3 60.29e3 60.34e3 62.12e3 61.01e3 61.10e3 62.15e3 61.88e3 63.11e3 63.53e3 66.07e3 65.34e3 65.52e3 66.96e3 68.79e3 69.14e3 69.71e3 69.84e3 70.95e3 70.47e3 72.28e3 
   250.e6  2.968e3 4.927e3 6.138e3 7.917e3 9.517e3 11.14e3 12.47e3 13.64e3 15.41e3 15.56e3 17.24e3 18.31e3 20.34e3 21.55e3 22.55e3 23.61e3 24.37e3 24.32e3 27.75e3 28.51e3 29.03e3 30.13e3 31.02e3 31.48e3 31.82e3 32.26e3 33.00e3 34.33e3 34.70e3 35.33e3 36.61e3 37.01e3 38.16e3 39.02e3 39.07e3 37.51e3 41.99e3 42.98e3 44.12e3 43.48e3 43.38e3 44.41e3 45.73e3 45.64e3 46.32e3 47.56e3 47.95e3 50.12e3 50.31e3 51.56e3 52.17e3 51.74e3 51.44e3 50.75e3 54.36e3 55.17e3 57.49e3 56.13e3 57.49e3 55.48e3 57.27e3 58.32e3 58.34e3 59.29e3 58.72e3 58.89e3 59.43e3 61.02e3 59.66e3 60.09e3 61.20e3 63.14e3 61.22e3 61.24e3 62.82e3 61.76e3 62.05e3 62.88e3 62.63e3 63.92e3 64.36e3 67.00e3 66.05e3 66.49e3 68.41e3 69.80e3 70.20e3 70.61e3 70.87e3 71.91e3 71.44e3 73.23e3 
   275.e6  2.853e3 4.832e3 6.048e3 7.786e3 9.428e3 11.05e3 12.36e3 13.59e3 15.24e3 15.40e3 17.09e3 18.18e3 20.29e3 21.51e3 22.37e3 23.44e3 24.26e3 24.32e3 27.57e3 28.33e3 28.88e3 30.14e3 30.94e3 31.28e3 31.76e3 32.16e3 32.97e3 34.33e3 34.71e3 35.41e3 36.62e3 36.95e3 38.17e3 39.04e3 39.23e3 37.64e3 42.00e3 42.97e3 44.16e3 43.44e3 43.43e3 44.51e3 45.82e3 45.71e3 46.41e3 47.66e3 48.03e3 50.28e3 50.57e3 51.67e3 52.40e3 51.82e3 51.60e3 50.70e3 54.48e3 55.29e3 57.69e3 56.50e3 57.61e3 55.70e3 57.47e3 58.30e3 58.55e3 59.56e3 58.97e3 59.19e3 59.71e3 61.20e3 60.07e3 60.57e3 61.36e3 63.67e3 61.84e3 61.84e3 63.21e3 62.24e3 62.69e3 63.29e3 63.12e3 64.44e3 64.88e3 67.55e3 66.48e3 67.12e3 69.52e3 70.50e3 70.93e3 71.18e3 71.54e3 72.51e3 72.07e3 73.86e3 
   300.e6  2.754e3 4.737e3 5.954e3 7.653e3 9.314e3 10.93e3 12.24e3 13.52e3 15.05e3 15.24e3 16.91e3 18.02e3 20.17e3 21.39e3 22.15e3 23.22e3 24.11e3 24.27e3 27.32e3 28.10e3 28.66e3 30.08e3 30.76e3 31.02e3 31.62e3 31.99e3 32.85e3 34.24e3 34.61e3 35.38e3 36.52e3 36.80e3 38.07e3 38.93e3 39.34e3 37.71e3 41.88e3 42.84e3 44.03e3 43.30e3 43.35e3 44.48e3 45.77e3 45.63e3 46.37e3 47.63e3 47.98e3 50.26e3 50.60e3 51.61e3 52.44e3 51.75e3 51.64e3 50.61e3 54.44e3 55.25e3 57.71e3 56.68e3 57.55e3 55.74e3 57.47e3 58.15e3 58.57e3 59.62e3 59.02e3 59.32e3 59.77e3 61.18e3 60.26e3 60.79e3 61.36e3 63.94e3 62.21e3 62.21e3 63.37e3 62.51e3 63.08e3 63.46e3 63.40e3 64.73e3 65.18e3 67.82e3 66.71e3 67.49e3 70.34e3 70.97e3 71.38e3 71.48e3 71.94e3 72.84e3 72.44e3 74.23e3 
   325.e6  2.668e3 4.642e3 5.859e3 7.520e3 9.183e3 10.80e3 12.11e3 13.43e3 14.84e3 15.07e3 16.71e3 17.83e3 20.00e3 21.23e3 21.89e3 22.95e3 23.92e3 24.18e3 27.02e3 27.84e3 28.39e3 29.96e3 30.51e3 30.70e3 31.42e3 31.77e3 32.66e3 34.07e3 34.43e3 35.26e3 36.33e3 36.59e3 37.87e3 38.73e3 39.41e3 37.74e3 41.66e3 42.61e3 43.79e3 43.09e3 43.20e3 44.35e3 45.60e3 45.45e3 46.22e3 47.48e3 47.82e3 50.11e3 50.46e3 51.42e3 52.34e3 51.56e3 51.59e3 50.49e3 54.29e3 55.10e3 57.59e3 56.71e3 57.35e3 55.63e3 57.33e3 57.91e3 58.44e3 59.53e3 58.93e3 59.31e3 59.67e3 61.00e3 60.28e3 60.82e3 61.24e3 63.99e3 62.38e3 62.40e3 63.34e3 62.63e3 63.27e3 63.46e3 63.53e3 64.85e3 65.31e3 67.87e3 66.78e3 67.64e3 70.92e3 71.25e3 71.63e3 71.57e3 72.12e3 72.97e3 72.59e3 74.41e3 
   350.e6  2.593e3 4.550e3 5.764e3 7.387e3 9.043e3 10.66e3 11.98e3 13.33e3 14.61e3 14.89e3 16.49e3 17.64e3 19.81e3 21.03e3 21.61e3 22.67e3 23.70e3 24.05e3 26.70e3 27.54e3 28.09e3 29.80e3 30.21e3 30.36e3 31.16e3 31.51e3 32.42e3 33.84e3 34.18e3 35.08e3 36.08e3 36.32e3 37.60e3 38.47e3 39.45e3 37.72e3 41.38e3 42.31e3 43.45e3 42.83e3 42.98e3 44.14e3 45.34e3 45.18e3 45.99e3 47.25e3 47.57e3 49.86e3 50.19e3 51.12e3 52.13e3 51.28e3 51.48e3 50.35e3 54.05e3 54.87e3 57.37e3 56.62e3 57.05e3 55.42e3 57.08e3 57.60e3 58.21e3 59.32e3 58.72e3 59.20e3 59.45e3 60.72e3 60.17e3 60.70e3 61.03e3 63.89e3 62.38e3 62.44e3 63.17e3 62.63e3 63.31e3 63.33e3 63.54e3 64.83e3 65.30e3 67.74e3 66.73e3 67.64e3 71.31e3 71.38e3 71.70e3 71.51e3 72.13e3 72.92e3 72.59e3 74.43e3 
   375.e6  2.527e3 4.460e3 5.670e3 7.257e3 8.896e3 10.51e3 11.85e3 13.21e3 14.39e3 14.72e3 16.26e3 17.43e3 19.58e3 20.80e3 21.32e3 22.37e3 23.45e3 23.89e3 26.35e3 27.23e3 27.77e3 29.60e3 29.87e3 29.99e3 30.88e3 31.23e3 32.15e3 33.57e3 33.89e3 34.84e3 35.79e3 36.03e3 37.27e3 38.15e3 39.45e3 37.66e3 41.05e3 41.96e3 43.06e3 42.54e3 42.72e3 43.87e3 45.01e3 44.86e3 45.70e3 46.96e3 47.27e3 49.54e3 49.81e3 50.76e3 51.82e3 50.94e3 51.32e3 50.18e3 53.74e3 54.57e3 57.06e3 56.43e3 56.67e3 55.14e3 56.75e3 57.24e3 57.89e3 59.02e3 58.43e3 59.02e3 59.14e3 60.36e3 59.96e3 60.46e3 60.77e3 63.65e3 62.25e3 62.36e3 62.89e3 62.54e3 63.23e3 63.10e3 63.45e3 64.72e3 65.19e3 67.47e3 66.59e3 67.50e3 71.53e3 71.40e3 71.64e3 71.31e3 72.01e3 72.75e3 72.46e3 74.32e3 
   400.e6  2.468e3 4.373e3 5.579e3 7.129e3 8.747e3 10.35e3 11.71e3 13.09e3 14.16e3 14.55e3 16.02e3 17.22e3 19.34e3 20.55e3 21.02e3 22.06e3 23.19e3 23.71e3 25.99e3 26.91e3 27.43e3 29.36e3 29.51e3 29.62e3 30.57e3 30.93e3 31.84e3 33.28e3 33.57e3 34.56e3 35.45e3 35.71e3 36.92e3 37.79e3 39.41e3 37.57e3 40.68e3 41.57e3 42.61e3 42.23e3 42.42e3 43.55e3 44.64e3 44.50e3 45.38e3 46.61e3 46.92e3 49.15e3 49.36e3 50.34e3 51.46e3 50.56e3 51.13e3 50.00e3 53.39e3 54.23e3 56.70e3 56.18e3 56.24e3 54.79e3 56.36e3 56.85e3 57.52e3 58.65e3 58.08e3 58.78e3 58.76e3 59.94e3 59.68e3 60.14e3 60.47e3 63.33e3 62.01e3 62.19e3 62.53e3 62.37e3 63.06e3 62.80e3 63.30e3 64.52e3 65.00e3 67.10e3 66.37e3 67.26e3 71.61e3 71.33e3 71.46e3 71.02e3 71.79e3 72.48e3 72.24e3 74.11e3 
   450.e6  2.368e3 4.207e3 5.402e3 6.883e3 8.449e3 10.03e3 11.42e3 12.82e3 13.72e3 14.21e3 15.55e3 16.80e3 18.83e3 20.03e3 20.40e3 21.42e3 22.63e3 23.26e3 25.25e3 26.25e3 26.74e3 28.83e3 28.75e3 28.86e3 29.91e3 30.32e3 31.19e3 32.63e3 32.86e3 33.93e3 34.71e3 35.02e3 36.12e3 36.99e3 39.24e3 37.30e3 39.87e3 40.73e3 41.63e3 41.55e3 41.75e3 42.84e3 43.78e3 43.70e3 44.64e3 45.82e3 46.13e3 48.26e3 48.31e3 49.41e3 50.58e3 49.70e3 50.66e3 49.58e3 52.60e3 53.45e3 55.85e3 55.52e3 55.27e3 54.00e3 55.47e3 56.02e3 56.66e3 57.77e3 57.27e3 58.17e3 57.89e3 59.02e3 58.96e3 59.30e3 59.78e3 62.48e3 61.30e3 61.65e3 61.66e3 61.89e3 62.50e3 62.05e3 62.83e3 63.97e3 64.45e3 66.16e3 65.78e3 66.55e3 71.45e3 70.97e3 70.86e3 70.23e3 71.12e3 71.73e3 71.57e3 73.46e3 
   500.e6  2.283e3 4.051e3 5.236e3 6.651e3 8.162e3 9.712e3 11.13e3 12.54e3 13.30e3 13.88e3 15.08e3 16.38e3 18.31e3 19.47e3 19.80e3 20.79e3 22.05e3 22.75e3 24.51e3 25.60e3 26.04e3 28.23e3 27.97e3 28.11e3 29.22e3 29.69e3 30.51e3 31.95e3 32.11e3 33.23e3 33.92e3 34.31e3 35.28e3 36.15e3 38.96e3 36.95e3 39.01e3 39.85e3 40.59e3 40.85e3 41.04e3 42.05e3 42.85e3 42.84e3 43.84e3 44.94e3 45.28e3 47.27e3 47.16e3 48.41e3 49.58e3 48.78e3 50.13e3 49.12e3 51.73e3 52.60e3 54.91e3 54.72e3 54.24e3 53.13e3 54.50e3 55.14e3 55.71e3 56.78e3 56.37e3 57.46e3 56.92e3 58.03e3 58.11e3 58.31e3 59.03e3 61.46e3 60.37e3 60.93e3 60.65e3 61.27e3 61.76e3 61.19e3 62.22e3 63.27e3 63.76e3 65.04e3 65.06e3 65.66e3 70.95e3 70.40e3 70.02e3 69.26e3 70.24e3 70.79e3 70.71e3 72.59e3 
   550.e6  2.209e3 3.906e3 5.080e3 6.433e3 7.892e3 9.402e3 10.84e3 12.25e3 12.90e3 13.57e3 14.62e3 15.97e3 17.78e3 18.92e3 19.21e3 20.18e3 21.49e3 22.19e3 23.78e3 24.96e3 25.36e3 27.59e3 27.20e3 27.39e3 28.54e3 29.07e3 29.82e3 31.25e3 31.35e3 32.51e3 33.11e3 33.60e3 34.42e3 35.28e3 38.58e3 36.52e3 38.15e3 38.96e3 39.55e3 40.15e3 40.30e3 41.22e3 41.88e3 41.97e3 43.02e3 44.02e3 44.41e3 46.24e3 45.99e3 47.40e3 48.53e3 47.84e3 49.56e3 48.60e3 50.84e3 51.73e3 53.91e3 53.85e3 53.19e3 52.24e3 53.50e3 54.25e3 54.74e3 55.73e3 55.44e3 56.69e3 55.92e3 57.03e3 57.20e3 57.26e3 58.26e3 60.37e3 59.30e3 60.08e3 59.58e3 60.56e3 60.91e3 60.28e3 61.52e3 62.48e3 62.97e3 63.84e3 64.26e3 64.66e3 70.22e3 69.69e3 69.04e3 68.18e3 69.24e3 69.75e3 69.74e3 71.59e3 
   600.e6  2.142e3 3.769e3 4.933e3 6.229e3 7.641e3 9.104e3 10.55e3 11.96e3 12.53e3 13.26e3 14.18e3 15.57e3 17.27e3 18.38e3 18.64e3 19.59e3 20.93e3 21.61e3 23.09e3 24.34e3 24.71e3 26.93e3 26.45e3 26.71e3 27.86e3 28.46e3 29.14e3 30.56e3 30.59e3 31.78e3 32.29e3 32.89e3 33.57e3 34.42e3 38.12e3 36.04e3 37.30e3 38.08e3 38.52e3 39.44e3 39.56e3 40.39e3 40.91e3 41.11e3 42.20e3 43.07e3 43.53e3 45.20e3 44.84e3 46.40e3 47.46e3 46.91e3 48.95e3 48.04e3 49.94e3 50.85e3 52.90e3 52.93e3 52.15e3 51.34e3 52.50e3 53.37e3 53.77e3 54.66e3 54.50e3 55.88e3 54.91e3 56.04e3 56.26e3 56.18e3 57.47e3 59.25e3 58.16e3 59.17e3 58.50e3 59.80e3 60.00e3 59.36e3 60.76e3 61.65e3 62.14e3 62.63e3 63.40e3 63.60e3 69.32e3 68.88e3 67.96e3 67.06e3 68.17e3 68.65e3 68.70e3 70.51e3 
   650.e6  2.080e3 3.641e3 4.795e3 6.038e3 7.408e3 8.822e3 10.27e3 11.67e3 12.18e3 12.97e3 13.77e3 15.19e3 16.77e3 17.86e3 18.11e3 19.03e3 20.40e3 21.04e3 22.42e3 23.75e3 24.09e3 26.27e3 25.74e3 26.06e3 27.21e3 27.87e3 28.49e3 29.88e3 29.86e3 31.05e3 31.49e3 32.21e3 32.74e3 33.58e3 37.58e3 35.52e3 36.48e3 37.24e3 37.52e3 38.73e3 38.83e3 39.57e3 39.96e3 40.27e3 41.38e3 42.13e3 42.67e3 44.18e3 43.74e3 45.43e3 46.40e3 46.00e3 48.32e3 47.44e3 49.05e3 49.97e3 51.89e3 52.00e3 51.15e3 50.46e3 51.52e3 52.49e3 52.81e3 53.60e3 53.57e3 55.05e3 53.93e3 55.08e3 55.32e3 55.12e3 56.67e3 58.14e3 56.99e3 58.23e3 57.43e3 59.01e3 59.06e3 58.45e3 59.97e3 60.79e3 61.28e3 61.43e3 62.53e3 62.53e3 68.30e3 68.00e3 66.84e3 65.93e3 67.08e3 67.53e3 67.63e3 69.38e3 
   700.e6  2.020e3 3.519e3 4.665e3 5.860e3 7.193e3 8.555e3 9.988e3 11.38e3 11.86e3 12.70e3 13.38e3 14.83e3 16.29e3 17.36e3 17.60e3 18.51e3 19.90e3 20.47e3 21.79e3 23.19e3 23.49e3 25.62e3 25.07e3 25.45e3 26.58e3 27.30e3 27.86e3 29.22e3 29.15e3 30.35e3 30.71e3 31.55e3 31.93e3 32.77e3 36.99e3 34.98e3 35.68e3 36.43e3 36.57e3 38.04e3 38.11e3 38.76e3 39.03e3 39.46e3 40.59e3 41.21e3 41.83e3 43.18e3 42.70e3 44.50e3 45.35e3 45.13e3 47.66e3 46.81e3 48.17e3 49.10e3 50.90e3 51.06e3 50.17e3 49.60e3 50.56e3 51.63e3 51.88e3 52.57e3 52.66e3 54.21e3 52.98e3 54.15e3 54.39e3 54.08e3 55.87e3 57.05e3 55.81e3 57.27e3 56.39e3 58.20e3 58.11e3 57.55e3 59.15e3 59.91e3 60.41e3 60.27e3 61.64e3 61.46e3 67.20e3 67.07e3 65.69e3 64.80e3 65.97e3 66.41e3 66.54e3 68.22e3 
   800.e6  1.907e3 3.296e3 4.426e3 5.537e3 6.809e3 8.069e3 9.453e3 10.82e3 11.26e3 12.16e3 12.66e3 14.14e3 15.41e3 16.43e3 16.67e3 17.53e3 18.98e3 19.39e3 20.63e3 22.13e3 22.40e3 24.34e3 23.84e3 24.34e3 25.41e3 26.22e3 26.68e3 27.96e3 27.82e3 29.00e3 29.23e3 30.31e3 30.43e3 31.24e3 35.69e3 33.84e3 34.20e3 34.91e3 34.82e3 36.68e3 36.72e3 37.22e3 37.28e3 37.95e3 39.07e3 39.42e3 40.24e3 41.27e3 40.82e3 42.77e3 43.37e3 43.47e3 46.30e3 45.47e3 46.48e3 47.42e3 48.99e3 49.22e3 48.35e3 47.97e3 48.76e3 49.96e3 50.10e3 50.60e3 50.93e3 52.54e3 51.18e3 52.37e3 52.58e3 52.13e3 54.27e3 54.98e3 53.52e3 55.36e3 54.43e3 56.55e3 56.25e3 55.81e3 57.48e3 58.17e3 58.66e3 58.11e3 59.87e3 59.40e3 64.87e3 65.10e3 63.40e3 62.61e3 63.79e3 64.22e3 64.39e3 65.92e3 
   900.e6  1.799e3 3.095e3 4.209e3 5.254e3 6.477e3 7.643e3 8.953e3 10.29e3 10.72e3 11.66e3 12.02e3 13.51e3 14.62e3 15.59e3 15.84e3 16.67e3 18.16e3 18.43e3 19.60e3 21.16e3 21.41e3 23.14e3 22.76e3 23.34e3 24.33e3 25.20e3 25.59e3 26.78e3 26.62e3 27.74e3 27.88e3 29.16e3 29.05e3 29.85e3 34.28e3 32.69e3 32.84e3 33.53e3 33.25e3 35.37e3 35.40e3 35.79e3 35.68e3 36.56e3 37.65e3 37.74e3 38.75e3 39.53e3 39.21e3 41.19e3 41.54e3 41.94e3 44.88e3 44.06e3 44.88e3 45.82e3 47.18e3 47.45e3 46.68e3 46.45e3 47.10e3 48.35e3 48.45e3 48.79e3 49.29e3 50.90e3 49.52e3 50.70e3 50.87e3 50.36e3 52.67e3 53.07e3 51.36e3 53.51e3 52.64e3 54.89e3 54.46e3 54.15e3 55.80e3 56.45e3 56.93e3 56.16e3 58.11e3 57.46e3 62.49e3 63.05e3 61.18e3 60.56e3 61.69e3 62.13e3 62.30e3 63.69e3 
   1.00e9  1.696e3 2.913e3 4.011e3 5.004e3 6.185e3 7.269e3 8.490e3 9.787e3 10.23e3 11.18e3 11.45e3 12.93e3 13.91e3 14.84e3 15.10e3 15.89e3 17.43e3 17.59e3 18.68e3 20.27e3 20.52e3 22.04e3 21.80e3 22.46e3 23.35e3 24.25e3 24.59e3 25.68e3 25.53e3 26.59e3 26.64e3 28.10e3 27.82e3 28.60e3 32.85e3 31.55e3 31.61e3 32.28e3 31.85e3 34.10e3 34.15e3 34.47e3 34.22e3 35.30e3 36.31e3 36.18e3 37.38e3 37.93e3 37.83e3 39.75e3 39.88e3 40.53e3 43.43e3 42.62e3 43.37e3 44.29e3 45.49e3 45.76e3 45.15e3 45.02e3 45.57e3 46.81e3 46.90e3 47.14e3 47.75e3 49.29e3 47.99e3 49.14e3 49.25e3 48.76e3 51.08e3 51.31e3 49.38e3 51.76e3 51.01e3 53.26e3 52.76e3 52.58e3 54.14e3 54.77e3 55.24e3 54.42e3 56.40e3 55.66e3 60.13e3 60.99e3 59.08e3 58.64e3 59.70e3 60.15e3 60.30e3 61.57e3 
   1.10e9  1.598e3 2.747e3 3.829e3 4.781e3 5.923e3 6.940e3 8.065e3 9.319e3 9.777e3 10.73e3 10.94e3 12.39e3 13.28e3 14.17e3 14.43e3 15.20e3 16.78e3 16.88e3 17.86e3 19.45e3 19.71e3 21.03e3 20.95e3 21.65e3 22.46e3 23.35e3 23.67e3 24.65e3 24.55e3 25.54e3 25.51e3 27.11e3 26.70e3 27.46e3 31.42e3 30.46e3 30.48e3 31.15e3 30.61e3 32.88e3 32.98e3 33.25e3 32.90e3 34.13e3 35.06e3 34.74e3 36.11e3 36.48e3 36.62e3 38.42e3 38.36e3 39.23e3 41.95e3 41.17e3 41.95e3 42.83e3 43.91e3 44.17e3 43.74e3 43.69e3 44.15e3 45.33e3 45.45e3 45.62e3 46.29e3 47.72e3 46.57e3 47.64e3 47.73e3 47.31e3 49.50e3 49.69e3 47.59e3 50.11e3 49.53e3 51.65e3 51.15e3 51.07e3 52.51e3 53.14e3 53.60e3 52.85e3 54.73e3 54.00e3 57.85e3 58.93e3 57.10e3 56.86e3 57.83e3 58.29e3 58.39e3 59.56e3 
   1.20e9  1.504e3 2.596e3 3.660e3 4.581e3 5.684e3 6.648e3 7.676e3 8.884e3 9.351e3 10.29e3 10.48e3 11.89e3 12.71e3 13.56e3 13.83e3 14.57e3 16.18e3 16.27e3 17.13e3 18.70e3 18.97e3 20.11e3 20.19e3 20.91e3 21.63e3 22.51e3 22.82e3 23.70e3 23.66e3 24.57e3 24.50e3 26.19e3 25.69e3 26.42e3 30.03e3 29.41e3 29.44e3 30.10e3 29.50e3 31.71e3 31.87e3 32.13e3 31.69e3 33.06e3 33.89e3 33.41e3 34.92e3 35.16e3 35.56e3 37.19e3 36.98e3 38.02e3 40.48e3 39.75e3 40.59e3 41.43e3 42.42e3 42.67e3 42.42e3 42.42e3 42.82e3 43.91e3 44.08e3 44.23e3 44.90e3 46.21e3 45.24e3 46.22e3 46.28e3 45.98e3 47.95e3 48.19e3 45.96e3 48.56e3 48.16e3 50.09e3 49.64e3 49.62e3 50.92e3 51.55e3 52.01e3 51.44e3 53.11e3 52.46e3 55.67e3 56.90e3 55.25e3 55.20e3 56.07e3 56.53e3 56.58e3 57.68e3 
   1.30e9  1.416e3 2.459e3 3.503e3 4.401e3 5.463e3 6.388e3 7.322e3 8.480e3 8.952e3 9.882e3 10.06e3 11.42e3 12.19e3 13.01e3 13.29e3 14.00e3 15.64e3 15.76e3 16.47e3 17.99e3 18.29e3 19.27e3 19.50e3 20.23e3 20.87e3 21.71e3 22.02e3 22.80e3 22.84e3 23.68e3 23.57e3 25.33e3 24.77e3 25.49e3 28.70e3 28.41e3 28.48e3 29.14e3 28.50e3 30.59e3 30.82e3 31.09e3 30.60e3 32.05e3 32.79e3 32.19e3 33.81e3 33.96e3 34.60e3 36.04e3 35.72e3 36.89e3 39.03e3 38.37e3 39.31e3 40.10e3 41.03e3 41.26e3 41.18e3 41.22e3 41.57e3 42.55e3 42.78e3 42.95e3 43.57e3 44.75e3 43.98e3 44.85e3 44.91e3 44.76e3 46.43e3 46.79e3 44.49e3 47.10e3 46.90e3 48.57e3 48.20e3 48.22e3 49.39e3 50.02e3 50.47e3 50.13e3 51.55e3 51.02e3 53.62e3 54.93e3 53.51e3 53.64e3 54.41e3 54.88e3 54.86e3 55.92e3 
   1.40e9  1.335e3 2.333e3 3.357e3 4.237e3 5.257e3 6.153e3 7.001e3 8.107e3 8.578e3 9.491e3 9.686e3 10.99e3 11.72e3 12.51e3 12.80e3 13.48e3 15.13e3 15.32e3 15.87e3 17.33e3 17.66e3 18.51e3 18.86e3 19.60e3 20.16e3 20.95e3 21.28e3 21.97e3 22.10e3 22.86e3 22.73e3 24.52e3 23.93e3 24.63e3 27.45e3 27.47e3 27.58e3 28.24e3 27.60e3 29.52e3 29.82e3 30.12e3 29.60e3 31.11e3 31.74e3 31.07e3 32.77e3 32.86e3 33.72e3 34.95e3 34.57e3 35.82e3 37.61e3 37.05e3 38.09e3 38.83e3 39.72e3 39.92e3 40.01e3 40.06e3 40.39e3 41.25e3 41.53e3 41.76e3 42.30e3 43.35e3 42.79e3 43.53e3 43.60e3 43.61e3 44.96e3 45.47e3 43.16e3 45.72e3 45.71e3 47.10e3 46.84e3 46.87e3 47.92e3 48.55e3 48.98e3 48.92e3 50.03e3 49.68e3 51.70e3 53.03e3 51.89e3 52.17e3 52.84e3 53.31e3 53.23e3 54.26e3 
   1.50e9  1.260e3 2.220e3 3.221e3 4.087e3 5.063e3 5.939e3 6.710e3 7.762e3 8.226e3 9.120e3 9.341e3 10.58e3 11.29e3 12.06e3 12.35e3 13.01e3 14.65e3 14.93e3 15.32e3 16.72e3 17.07e3 17.82e3 18.28e3 19.00e3 19.49e3 20.23e3 20.58e3 21.18e3 21.40e3 22.10e3 21.97e3 23.76e3 23.17e3 23.85e3 26.28e3 26.59e3 26.74e3 27.39e3 26.77e3 28.50e3 28.87e3 29.21e3 28.68e3 30.22e3 30.76e3 30.03e3 31.79e3 31.85e3 32.89e3 33.92e3 33.52e3 34.80e3 36.23e3 35.79e3 36.92e3 37.61e3 38.49e3 38.66e3 38.90e3 38.95e3 39.27e3 40.00e3 40.35e3 40.64e3 41.08e3 42.00e3 41.64e3 42.26e3 42.35e3 42.53e3 43.53e3 44.22e3 41.95e3 44.43e3 44.59e3 45.68e3 45.55e3 45.56e3 46.50e3 47.12e3 47.55e3 47.77e3 48.57e3 48.41e3 49.90e3 51.20e3 50.38e3 50.78e3 51.35e3 51.83e3 51.68e3 52.70e3 
   1.60e9  1.191e3 2.117e3 3.094e3 3.948e3 4.879e3 5.743e3 6.446e3 7.444e3 7.897e3 8.770e3 9.025e3 10.20e3 10.89e3 11.63e3 11.93e3 12.58e3 14.19e3 14.59e3 14.83e3 16.14e3 16.51e3 17.19e3 17.73e3 18.43e3 18.87e3 19.55e3 19.92e3 20.45e3 20.76e3 21.39e3 21.27e3 23.04e3 22.46e3 23.13e3 25.19e3 25.75e3 25.95e3 26.60e3 26.01e3 27.53e3 27.97e3 28.35e3 27.84e3 29.37e3 29.82e3 29.08e3 30.86e3 30.92e3 32.10e3 32.94e3 32.54e3 33.83e3 34.91e3 34.60e3 35.81e3 36.45e3 37.32e3 37.47e3 37.84e3 37.88e3 38.20e3 38.80e3 39.21e3 39.58e3 39.90e3 40.71e3 40.54e3 41.04e3 41.15e3 41.50e3 42.16e3 43.03e3 40.84e3 43.20e3 43.52e3 44.32e3 44.31e3 44.29e3 45.15e3 45.75e3 46.17e3 46.68e3 47.17e3 47.20e3 48.23e3 49.46e3 48.95e3 49.46e3 49.94e3 50.41e3 50.21e3 51.24e3 
   1.70e9  1.129e3 2.023e3 2.975e3 3.819e3 4.705e3 5.560e3 6.207e3 7.151e3 7.592e3 8.441e3 8.734e3 9.844e3 10.52e3 11.24e3 11.55e3 12.18e3 13.76e3 14.27e3 14.37e3 15.60e3 15.99e3 16.61e3 17.21e3 17.89e3 18.28e3 18.91e3 19.29e3 19.76e3 20.15e3 20.73e3 20.63e3 22.35e3 21.82e3 22.47e3 24.20e3 24.96e3 25.20e3 25.84e3 25.30e3 26.61e3 27.12e3 27.54e3 27.06e3 28.56e3 28.93e3 28.21e3 29.98e3 30.06e3 31.33e3 32.01e3 31.63e3 32.91e3 33.66e3 33.48e3 34.76e3 35.35e3 36.22e3 36.34e3 36.82e3 36.85e3 37.17e3 37.66e3 38.11e3 38.57e3 38.77e3 39.48e3 39.48e3 39.86e3 40.01e3 40.50e3 40.86e3 41.89e3 39.83e3 42.04e3 42.48e3 43.02e3 43.13e3 43.07e3 43.86e3 44.44e3 44.85e3 45.61e3 45.82e3 46.04e3 46.67e3 47.82e3 47.60e3 48.20e3 48.60e3 49.06e3 48.82e3 49.85e3 
   1.80e9  1.074e3 1.939e3 2.865e3 3.698e3 4.540e3 5.388e3 5.991e3 6.883e3 7.309e3 8.133e3 8.466e3 9.511e3 10.18e3 10.88e3 11.20e3 11.81e3 13.34e3 13.97e3 13.95e3 15.10e3 15.50e3 16.07e3 16.72e3 17.36e3 17.73e3 18.30e3 18.70e3 19.12e3 19.58e3 20.11e3 20.05e3 21.69e3 21.22e3 21.85e3 23.29e3 24.21e3 24.48e3 25.12e3 24.65e3 25.75e3 26.31e3 26.78e3 26.33e3 27.79e3 28.08e3 27.40e3 29.13e3 29.26e3 30.57e3 31.11e3 30.79e3 32.02e3 32.48e3 32.44e3 33.75e3 34.29e3 35.17e3 35.28e3 35.83e3 35.85e3 36.17e3 36.57e3 37.06e3 37.60e3 37.69e3 38.31e3 38.45e3 38.73e3 38.91e3 39.53e3 39.62e3 40.78e3 38.88e3 40.92e3 41.47e3 41.78e3 41.99e3 41.89e3 42.63e3 43.19e3 43.59e3 44.57e3 44.53e3 44.92e3 45.23e3 46.28e3 46.33e3 46.98e3 47.32e3 47.77e3 47.50e3 48.53e3 
   2.00e9  982.0   1.796e3 2.668e3 3.474e3 4.234e3 5.070e3 5.619e3 6.410e3 6.815e3 7.579e3 7.991e3 8.907e3 9.560e3 10.22e3 10.58e3 11.16e3 12.55e3 13.36e3 13.20e3 14.17e3 14.59e3 15.11e3 15.80e3 16.37e3 16.70e3 17.18e3 17.60e3 17.95e3 18.51e3 18.97e3 19.02e3 20.46e3 20.14e3 20.75e3 21.72e3 22.83e3 23.14e3 23.75e3 23.44e3 24.17e3 24.80e3 25.34e3 25.03e3 26.31e3 26.51e3 25.98e3 27.55e3 27.82e3 29.06e3 29.41e3 29.25e3 30.33e3 30.36e3 30.61e3 31.87e3 32.35e3 33.23e3 33.32e3 33.96e3 33.94e3 34.29e3 34.55e3 35.07e3 35.74e3 35.64e3 36.15e3 36.48e3 36.61e3 36.84e3 37.65e3 37.35e3 38.69e3 37.17e3 38.83e3 39.49e3 39.47e3 39.85e3 39.67e3 40.35e3 40.85e3 41.23e3 42.51e3 42.13e3 42.77e3 42.68e3 43.51e3 43.97e3 44.67e3 44.91e3 45.34e3 45.04e3 46.08e3 
