# SRIM-2013 Electronic stopping power table for Z1=47
# Converted from a table provided by H.Hofsaess
# units of energy:         eV
# units of stopping power: eV A^2
#      \Z2 1       2       3       4       5       6       7       8       9       10      11      12      13      14      15      16      17      18      19      20      21      22      23      24      25      26      27      28      29      30      31      32      33      34      35      36      37      38      39      40      41      42      43      44      45      46      47      48      49      50      51      52      53      54      55      56      57      58      59      60      61      62      63      64      65      66      67      68      69      70      71      72      73      74      75      76      77      78      79      80      81      82      83      84      85      86      87      88      89      90      91      92      
# energy\  H       He      Li      Be      B       C       N       O       F       Ne      Na      Mg      Al      Si      P       S       Cl      Ar      K       Ca      Sc      Ti      V       Cr      Mn      Fe      Co      Ni      Cu      Zn      Ga      Ge      As      Se      Br      Kr      Rb      Sr      Y       Zr      Nb      Mo      Tc      Ru      Rh      Pd      Ag      Cd      In      Sn      Sb      Te      I       Xe      Cs      Ba      La      Ce      Pr      Nd      Pm      Sm      Eu      Gd      Tb      Dy      Ho      Er      Tm      Yb      Lu      Hf      Ta      W       Re      Os      Ir      Pt      Au      Hg      Tl      Pb      Bi      Po      At      Rn      Fr      Ra      Ac      Th      Pa      U       
   0.00    0.0     0.0     0.0     0.0     0.0     0.0     0.0     0.0     0.0     0.0     0.0     0.0     0.0     0.0     0.0     0.0     0.0     0.0     0.0     0.0     0.0     0.0     0.0     0.0     0.0     0.0     0.0     0.0     0.0     0.0     0.0     0.0     0.0     0.0     0.0     0.0     0.0     0.0     0.0     0.0     0.0     0.0     0.0     0.0     0.0     0.0     0.0     0.0     0.0     0.0     0.0     0.0     0.0     0.0     0.0     0.0     0.0     0.0     0.0     0.0     0.0     0.0     0.0     0.0     0.0     0.0     0.0     0.0     0.0     0.0     0.0     0.0     0.0     0.0     0.0     0.0     0.0     0.0     0.0     0.0     0.0     0.0     0.0     0.0     0.0     0.0     0.0     0.0     0.0     0.0     0.0     0.0     
   10.0    1.048   1.271   1.628   3.326   3.951   5.062   3.339   2.750   3.117   3.106   5.661   6.938   6.474   6.188   6.769   5.325   1.603   3.801   4.802   4.837   7.435   6.796   7.250   5.620   5.360   5.885   5.373   5.548   5.305   4.999   5.364   6.910   7.982   6.991   2.400   3.511   8.786   8.791   8.920   6.973   10.37   9.803   8.803   6.251   5.446   8.297   8.236   7.621   6.306   10.48   9.267   7.511   9.848   2.865   11.37   11.69   12.03   9.971   9.008   9.345   9.436   8.289   8.003   11.87   9.404   7.944   6.447   6.755   8.621   6.538   7.603   6.566   8.415   7.832   6.949   4.393   5.163   7.094   6.614   5.123   5.932   9.133   8.894   11.46   11.60   11.14   12.90   12.39   8.412   8.126   10.35   8.331   
   11.0    1.099   1.333   1.708   3.488   4.144   5.309   3.502   2.884   3.270   3.258   5.937   7.277   6.790   6.490   7.099   5.585   1.682   3.986   5.036   5.073   7.797   7.127   7.604   5.894   5.621   6.172   5.635   5.819   5.564   5.243   5.626   7.247   8.372   7.332   2.517   3.682   9.215   9.220   9.356   7.313   10.88   10.28   9.233   6.556   5.711   8.702   8.637   7.993   6.613   11.00   9.720   7.877   10.33   3.005   11.92   12.26   12.61   10.46   9.447   9.801   9.896   8.694   8.394   12.45   9.863   8.332   6.762   7.085   9.042   6.858   7.974   6.886   8.826   8.214   7.288   4.607   5.415   7.440   6.937   5.373   6.222   9.579   9.328   12.02   12.17   11.68   13.53   12.99   8.823   8.523   10.86   8.737   
   12.0    1.148   1.392   1.784   3.643   4.328   5.545   3.657   3.013   3.415   3.403   6.201   7.600   7.092   6.779   7.415   5.834   1.756   4.164   5.260   5.299   8.144   7.444   7.942   6.156   5.871   6.446   5.885   6.077   5.812   5.477   5.876   7.569   8.744   7.658   2.629   3.846   9.624   9.630   9.772   7.638   11.36   10.74   9.644   6.847   5.965   9.089   9.022   8.348   6.907   11.49   10.15   8.227   10.79   3.138   12.45   12.81   13.17   10.92   9.867   10.24   10.34   9.080   8.767   13.01   10.30   8.702   7.062   7.400   9.444   7.163   8.329   7.192   9.219   8.580   7.612   4.812   5.656   7.771   7.245   5.612   6.499   10.00   9.743   12.55   12.71   12.20   14.13   13.57   9.215   8.902   11.34   9.126   
   13.0    1.195   1.449   1.856   3.792   4.505   5.771   3.807   3.136   3.554   3.542   6.454   7.911   7.382   7.056   7.718   6.072   1.828   4.334   5.475   5.515   8.477   7.748   8.267   6.407   6.111   6.709   6.126   6.326   6.049   5.700   6.116   7.878   9.101   7.971   2.737   4.003   10.02   10.02   10.17   7.950   11.82   11.18   10.04   7.127   6.209   9.460   9.390   8.689   7.190   11.95   10.57   8.563   11.23   3.266   12.96   13.33   13.71   11.37   10.27   10.66   10.76   9.451   9.125   13.54   10.72   9.058   7.351   7.702   9.830   7.455   8.669   7.486   9.595   8.930   7.923   5.009   5.887   8.088   7.541   5.841   6.764   10.41   10.14   13.07   13.23   12.70   14.71   14.12   9.592   9.266   11.80   9.499   
   14.0    1.240   1.504   1.926   3.935   4.675   5.989   3.950   3.254   3.689   3.676   6.698   8.209   7.661   7.322   8.009   6.301   1.897   4.497   5.682   5.723   8.797   8.041   8.579   6.649   6.342   6.963   6.357   6.564   6.277   5.915   6.347   8.176   9.445   8.272   2.840   4.154   10.40   10.40   10.55   8.250   12.27   11.60   10.42   7.396   6.443   9.817   9.744   9.017   7.461   12.41   10.97   8.887   11.65   3.390   13.45   13.83   14.23   11.80   10.66   11.06   11.16   9.808   9.469   14.05   11.13   9.400   7.628   7.993   10.20   7.736   8.996   7.769   9.957   9.267   8.222   5.198   6.109   8.394   7.826   6.062   7.019   10.81   10.52   13.56   13.73   13.18   15.26   14.65   9.954   9.615   12.25   9.857   
   15.0    1.283   1.556   1.994   4.074   4.839   6.199   4.089   3.368   3.818   3.805   6.933   8.497   7.930   7.579   8.290   6.522   1.964   4.655   5.881   5.924   9.105   8.323   8.880   6.883   6.564   7.207   6.580   6.795   6.498   6.123   6.569   8.463   9.776   8.562   2.940   4.300   10.76   10.77   10.93   8.540   12.70   12.01   10.78   7.656   6.669   10.16   10.09   9.333   7.723   12.84   11.35   9.199   12.06   3.509   13.92   14.32   14.73   12.21   11.03   11.45   11.56   10.15   9.802   14.54   11.52   9.730   7.896   8.273   10.56   8.008   9.312   8.041   10.31   9.592   8.511   5.380   6.324   8.688   8.100   6.274   7.266   11.19   10.89   14.04   14.21   13.64   15.80   15.17   10.30   9.953   12.68   10.20   
   16.0    1.325   1.607   2.060   4.207   4.998   6.403   4.223   3.479   3.943   3.929   7.161   8.776   8.190   7.828   8.562   6.736   2.028   4.808   6.074   6.119   9.404   8.596   9.171   7.108   6.780   7.443   6.796   7.018   6.711   6.324   6.785   8.740   10.10   8.843   3.036   4.441   11.11   11.12   11.28   8.820   13.12   12.40   11.14   7.907   6.888   10.50   10.42   9.640   7.976   13.26   11.72   9.500   12.46   3.624   14.38   14.79   15.21   12.61   11.39   11.82   11.94   10.48   10.12   15.02   11.90   10.05   8.155   8.545   10.91   8.271   9.617   8.305   10.64   9.907   8.790   5.556   6.531   8.973   8.366   6.480   7.504   11.55   11.25   14.50   14.68   14.09   16.31   15.67   10.64   10.28   13.09   10.54   
   17.0    1.366   1.657   2.123   4.337   5.151   6.600   4.353   3.586   4.065   4.050   7.381   9.046   8.442   8.069   8.826   6.943   2.091   4.956   6.261   6.307   9.693   8.861   9.453   7.327   6.988   7.672   7.005   7.234   6.917   6.518   6.994   9.009   10.41   9.115   3.130   4.578   11.46   11.46   11.63   9.091   13.52   12.78   11.48   8.150   7.100   10.82   10.74   9.936   8.222   13.67   12.08   9.793   12.84   3.735   14.82   15.24   15.68   13.00   11.74   12.18   12.30   10.81   10.43   15.48   12.26   10.36   8.406   8.808   11.24   8.525   9.913   8.561   10.97   10.21   9.060   5.728   6.732   9.249   8.623   6.680   7.735   11.91   11.60   14.94   15.13   14.52   16.82   16.15   10.97   10.60   13.50   10.86   
   18.0    1.406   1.705   2.184   4.462   5.301   6.791   4.479   3.690   4.182   4.168   7.595   9.308   8.686   8.303   9.081   7.145   2.151   5.099   6.443   6.490   9.974   9.117   9.728   7.540   7.191   7.895   7.208   7.443   7.118   6.707   7.196   9.270   10.71   9.379   3.220   4.710   11.79   11.79   11.97   9.355   13.91   13.15   11.81   8.386   7.306   11.13   11.05   10.22   8.460   14.07   12.43   10.08   13.21   3.844   15.25   15.68   16.13   13.38   12.09   12.54   12.66   11.12   10.74   15.93   12.62   10.66   8.650   9.063   11.57   8.772   10.20   8.809   11.29   10.51   9.323   5.894   6.927   9.517   8.873   6.873   7.959   12.25   11.93   15.38   15.57   14.94   17.30   16.62   11.29   10.90   13.89   11.18   
   20.0    1.482   1.797   2.303   4.704   5.588   7.158   4.722   3.889   4.409   4.393   8.006   9.812   9.156   8.752   9.573   7.531   2.267   5.375   6.791   6.841   10.51   9.611   10.25   7.948   7.580   8.322   7.598   7.846   7.503   7.070   7.586   9.772   11.29   9.886   3.394   4.965   12.42   12.43   12.62   9.861   14.66   13.86   12.45   8.840   7.701   11.73   11.65   10.78   8.917   14.83   13.11   10.62   13.93   4.052   16.08   16.53   17.01   14.10   12.74   13.22   13.34   11.72   11.32   16.79   13.30   11.23   9.117   9.553   12.19   9.247   10.75   9.285   11.90   11.08   9.827   6.212   7.302   10.03   9.353   7.245   8.390   12.92   12.58   16.21   16.41   15.75   18.24   17.52   11.90   11.49   14.64   11.78   
   22.0    1.572   1.906   2.442   4.989   5.926   7.593   5.008   4.125   4.676   4.660   8.491   10.41   9.712   9.283   10.15   7.988   2.405   5.701   7.203   7.256   11.15   10.19   10.88   8.430   8.040   8.827   8.059   8.322   7.958   7.499   8.046   10.36   11.97   10.49   3.600   5.266   13.18   13.19   13.38   10.46   15.55   14.71   13.21   9.376   8.168   12.45   12.35   11.43   9.458   15.73   13.90   11.27   14.77   4.297   17.05   17.54   18.04   14.96   13.51   14.02   14.15   12.43   12.00   17.81   14.11   11.92   9.671   10.13   12.93   9.808   11.40   9.849   12.62   11.75   10.42   6.589   7.745   10.64   9.921   7.685   8.899   13.70   13.34   17.19   17.40   16.71   19.35   18.58   12.62   12.19   15.53   12.50   
   25.0    1.657   2.009   2.574   5.259   6.247   8.003   5.279   4.348   4.929   4.912   8.951   10.97   10.24   9.785   10.70   8.420   2.535   6.010   7.593   7.648   11.75   10.74   11.46   8.886   8.475   9.304   8.495   8.772   8.389   7.905   8.481   10.93   12.62   11.05   3.795   5.551   13.89   13.90   14.10   11.03   16.40   15.50   13.92   9.883   8.610   13.12   13.02   12.05   9.970   16.58   14.65   11.88   15.57   4.530   17.97   18.48   19.01   15.77   14.24   14.78   14.92   13.11   12.65   18.77   14.87   12.56   10.19   10.68   13.63   10.34   12.02   10.38   13.31   12.38   10.99   6.946   8.164   11.22   10.46   8.100   9.380   14.44   14.06   18.12   18.35   17.61   20.39   19.58   13.30   12.85   16.37   13.17   
   27.0    1.737   2.107   2.700   5.516   6.552   8.394   5.537   4.561   5.170   5.151   9.388   11.51   10.74   10.26   11.22   8.831   2.659   6.303   7.963   8.022   12.33   11.27   12.02   9.319   8.888   9.758   8.910   9.200   8.798   8.291   8.895   11.46   13.24   11.59   3.980   5.822   14.57   14.58   14.79   11.56   17.20   16.26   14.60   10.37   9.030   13.76   13.66   12.64   10.46   17.39   15.37   12.45   16.33   4.751   18.85   19.39   19.94   16.54   14.94   15.50   15.65   13.75   13.27   19.69   15.60   13.17   10.69   11.20   14.30   10.84   12.61   10.89   13.96   12.99   11.52   7.285   8.563   11.76   10.97   8.496   9.838   15.15   14.75   19.00   19.24   18.47   21.39   20.54   13.95   13.48   17.17   13.82   
   30.0    1.815   2.201   2.820   5.761   6.843   8.767   5.783   4.763   5.400   5.380   9.805   12.02   11.21   10.72   11.72   9.224   2.777   6.583   8.317   8.378   12.88   11.77   12.56   9.734   9.283   10.19   9.306   9.609   9.189   8.659   9.291   11.97   13.83   12.11   4.157   6.081   15.22   15.23   15.45   12.08   17.96   16.98   15.25   10.83   9.432   14.37   14.26   13.20   10.92   18.16   16.05   13.01   17.06   4.962   19.69   20.25   20.83   17.27   15.60   16.19   16.34   14.36   13.86   20.57   16.29   13.76   11.17   11.70   14.93   11.32   13.17   11.37   14.58   13.57   12.04   7.609   8.943   12.29   11.46   8.873   10.28   15.82   15.40   19.85   20.10   19.29   22.34   21.45   14.57   14.08   17.93   14.43   
   32.0    1.889   2.291   2.935   5.996   7.123   9.125   6.019   4.958   5.620   5.600   10.21   12.51   11.67   11.16   12.20   9.600   2.890   6.852   8.657   8.720   13.40   12.25   13.07   10.13   9.663   10.61   9.686   10.00   9.564   9.013   9.670   12.46   14.39   12.60   4.327   6.329   15.84   15.85   16.08   12.57   18.69   17.67   15.87   11.27   9.817   14.96   14.85   13.74   11.37   18.90   16.71   13.54   17.75   5.165   20.49   21.08   21.68   17.98   16.24   16.85   17.01   14.94   14.43   21.41   16.95   14.32   11.62   12.18   15.54   11.79   13.71   11.84   15.17   14.12   12.53   7.919   9.308   12.79   11.92   9.236   10.69   16.47   16.03   20.66   20.92   20.08   23.25   22.33   15.17   14.65   18.66   15.02   
   35.0    1.960   2.377   3.046   6.222   7.392   9.470   6.246   5.145   5.832   5.812   10.59   12.98   12.11   11.58   12.66   9.963   3.000   7.111   8.984   9.050   13.91   12.71   13.56   10.51   10.03   11.01   10.05   10.38   9.925   9.353   10.04   12.93   14.93   13.08   4.490   6.568   16.44   16.45   16.69   13.04   19.40   18.34   16.47   11.69   10.19   15.52   15.41   14.26   11.80   19.62   17.34   14.05   18.42   5.360   21.27   21.87   22.50   18.65   16.85   17.48   17.65   15.51   14.97   22.21   17.59   14.86   12.06   12.64   16.13   12.23   14.22   12.28   15.74   14.65   13.00   8.218   9.660   13.27   12.37   9.584   11.10   17.09   16.64   21.44   21.71   20.84   24.13   23.17   15.74   15.20   19.37   15.59   
   37.0    2.029   2.461   3.153   6.441   7.651   9.802   6.465   5.326   6.037   6.016   10.96   13.44   12.54   11.98   13.11   10.31   3.105   7.360   9.299   9.367   14.40   13.16   14.04   10.88   10.38   11.40   10.40   10.74   10.27   9.681   10.39   13.38   15.46   13.54   4.648   6.799   17.01   17.02   17.27   13.50   20.08   18.98   17.05   12.10   10.55   16.07   15.95   14.76   12.21   20.30   17.95   14.54   19.07   5.548   22.01   22.64   23.29   19.31   17.44   18.10   18.27   16.05   15.50   22.99   18.21   15.38   12.48   13.08   16.70   12.66   14.72   12.71   16.30   15.17   13.46   8.507   9.999   13.74   12.81   9.921   11.49   17.69   17.22   22.19   22.47   21.57   24.98   23.98   16.29   15.74   20.05   16.13   
   40.0    2.095   2.541   3.256   6.652   7.902   10.12   6.677   5.500   6.235   6.213   11.32   13.88   12.95   12.38   13.54   10.65   3.207   7.602   9.604   9.674   14.87   13.59   14.50   11.24   10.72   11.77   10.75   11.10   10.61   9.999   10.73   13.82   15.96   13.98   4.800   7.022   17.57   17.58   17.84   13.95   20.74   19.61   17.61   12.50   10.89   16.59   16.47   15.24   12.61   20.97   18.53   15.02   19.70   5.730   22.74   23.38   24.05   19.94   18.02   18.69   18.87   16.58   16.01   23.75   18.81   15.89   12.89   13.51   17.24   13.08   15.21   13.13   16.83   15.66   13.90   8.786   10.33   14.19   13.23   10.25   11.86   18.27   17.79   22.92   23.21   22.28   25.79   24.77   16.82   16.25   20.70   16.66   
   45.0    2.222   2.696   3.454   7.056   8.381   10.74   7.082   5.834   6.613   6.590   12.01   14.72   13.73   13.13   14.36   11.30   3.401   8.063   10.19   10.26   15.77   14.42   15.38   11.92   11.37   12.48   11.40   11.77   11.25   10.61   11.38   14.66   16.93   14.83   5.092   7.448   18.64   18.65   18.92   14.79   22.00   20.80   18.67   13.26   11.55   17.60   17.47   16.17   13.38   22.24   19.66   15.93   20.89   6.077   24.12   24.80   25.51   21.15   19.11   19.82   20.02   17.58   16.98   25.19   19.95   16.85   13.68   14.33   18.29   13.87   16.13   13.93   17.85   16.61   14.74   9.319   10.95   15.05   14.03   10.87   12.58   19.37   18.87   24.31   24.61   23.63   27.36   26.27   17.85   17.24   21.96   17.67   
   50.0    2.343   2.841   3.641   7.437   8.835   11.32   7.466   6.149   6.971   6.946   12.66   15.51   14.48   13.84   15.14   11.91   3.585   8.499   10.74   10.82   16.62   15.20   16.21   12.57   11.98   13.16   12.01   12.41   11.86   11.18   11.99   15.45   17.85   15.63   5.367   7.851   19.65   19.66   19.95   15.59   23.19   21.92   19.68   13.98   12.18   18.55   18.42   17.04   14.10   23.44   20.72   16.79   22.02   6.406   25.42   26.14   26.89   22.30   20.14   20.90   21.10   18.54   17.90   26.55   21.03   17.76   14.42   15.11   19.28   14.62   17.00   14.68   18.82   17.51   15.54   9.823   11.55   15.86   14.79   11.46   13.27   20.42   19.89   25.63   25.94   24.91   28.84   27.69   18.81   18.17   23.15   18.63   
   55.0    2.457   2.980   3.818   7.800   9.266   11.87   7.830   6.450   7.311   7.285   13.28   16.27   15.18   14.51   15.87   12.49   3.760   8.914   11.26   11.34   17.44   15.94   17.00   13.18   12.57   13.80   12.60   13.01   12.44   11.72   12.58   16.20   18.72   16.39   5.629   8.234   20.60   20.62   20.92   16.35   24.32   22.99   20.65   14.66   12.77   19.46   19.31   17.87   14.79   24.59   21.73   17.61   23.09   6.719   26.66   27.42   28.20   23.38   21.12   21.92   22.13   19.44   18.77   27.85   22.06   18.63   15.12   15.84   20.22   15.33   17.83   15.40   19.74   18.37   16.30   10.30   12.11   16.64   15.51   12.01   13.91   21.42   20.86   26.88   27.21   26.12   30.25   29.05   19.73   19.06   24.28   19.54   
   60.0    2.566   3.113   3.988   8.147   9.678   12.40   8.178   6.736   7.636   7.609   13.87   16.99   15.86   15.16   16.58   13.04   3.927   9.310   11.76   11.85   18.21   16.65   17.76   13.77   13.13   14.41   13.16   13.59   13.00   12.25   13.14   16.93   19.55   17.12   5.879   8.600   21.52   21.53   21.85   17.08   25.40   24.01   21.56   15.31   13.34   20.32   20.17   18.67   15.45   25.68   22.70   18.40   24.12   7.017   27.85   28.64   29.46   24.42   22.06   22.89   23.11   20.30   19.60   29.08   23.04   19.46   15.79   16.55   21.12   16.02   18.62   16.08   20.61   19.18   17.02   10.76   12.65   17.38   16.20   12.55   14.53   22.37   21.79   28.07   28.42   27.28   31.59   30.34   20.61   19.91   25.36   20.41   
   65.0    2.671   3.240   4.151   8.480   10.07   12.90   8.512   7.011   7.948   7.920   14.43   17.69   16.51   15.78   17.26   13.58   4.088   9.690   12.24   12.33   18.95   17.33   18.49   14.33   13.66   15.00   13.70   14.14   13.53   12.75   13.68   17.62   20.35   17.82   6.119   8.951   22.40   22.41   22.74   17.78   26.44   24.99   22.44   15.94   13.88   21.15   21.00   19.43   16.08   26.73   23.63   19.15   25.11   7.304   28.98   29.81   30.66   25.42   22.97   23.83   24.06   21.13   20.40   30.27   23.98   20.25   16.44   17.22   21.98   16.67   19.38   16.74   21.46   19.97   17.72   11.20   13.16   18.09   16.86   13.06   15.12   23.29   22.68   29.22   29.58   28.40   32.88   31.58   21.45   20.72   26.39   21.24   
   70.0    2.772   3.362   4.308   8.800   10.45   13.39   8.833   7.276   8.248   8.219   14.98   18.36   17.13   16.37   17.91   14.09   4.242   10.06   12.70   12.80   19.67   17.98   19.18   14.87   14.18   15.57   14.21   14.68   14.04   13.23   14.19   18.28   21.12   18.50   6.350   9.289   23.24   23.26   23.60   18.45   27.43   25.94   23.29   16.54   14.41   21.95   21.79   20.16   16.68   27.74   24.52   19.87   26.05   7.580   30.08   30.93   31.82   26.38   23.83   24.72   24.96   21.93   21.17   31.41   24.88   21.02   17.06   17.87   22.81   17.30   20.12   17.37   22.26   20.72   18.38   11.62   13.66   18.77   17.50   13.55   15.70   24.16   23.53   30.32   30.70   29.47   34.12   32.77   22.26   21.50   27.39   22.04   
   80.0    2.963   3.594   4.605   9.407   11.18   14.32   9.443   7.779   8.817   8.786   16.01   19.62   18.31   17.50   19.15   15.06   4.535   10.75   13.58   13.68   21.03   19.22   20.51   15.90   15.16   16.64   15.20   15.69   15.01   14.14   15.17   19.54   22.58   19.77   6.789   9.930   24.85   24.86   25.23   19.72   29.33   27.73   24.90   17.68   15.40   23.47   23.29   21.55   17.83   29.66   26.21   21.24   27.85   8.103   32.15   33.07   34.01   28.20   25.48   26.43   26.69   23.45   22.64   33.58   26.60   22.47   18.23   19.11   24.38   18.49   21.50   18.57   23.80   22.15   19.65   12.42   14.60   20.06   18.71   14.49   16.78   25.83   25.16   32.41   32.82   31.50   36.48   35.03   23.79   22.99   29.28   23.56   
   90.0    3.143   3.812   4.885   9.978   11.85   15.19   10.02   8.250   9.352   9.319   16.98   20.81   19.42   18.57   20.31   15.98   4.810   11.40   14.41   14.51   22.30   20.39   21.75   16.86   16.08   17.65   16.12   16.64   15.92   15.00   16.09   20.73   23.95   20.97   7.201   10.53   26.36   26.37   26.76   20.92   31.11   29.41   26.41   18.75   16.34   24.89   24.71   22.86   18.92   31.45   27.80   22.53   29.54   8.595   34.11   35.07   36.08   29.91   27.02   28.04   28.31   24.87   24.01   35.62   28.21   23.83   19.34   20.27   25.86   19.62   22.81   19.70   25.25   23.50   20.85   13.18   15.49   21.28   19.84   15.37   17.80   27.40   26.68   34.38   34.81   33.41   38.69   37.16   25.24   24.38   31.05   24.99   
   100.    3.313   4.018   5.149   10.52   12.49   16.01   10.56   8.697   9.858   9.823   17.90   21.94   20.47   19.57   21.40   16.84   5.070   12.02   15.19   15.30   23.51   21.49   22.93   17.77   16.95   18.61   16.99   17.54   16.78   15.81   16.96   21.85   25.24   22.11   7.590   11.10   27.78   27.80   28.21   22.05   32.79   31.00   27.84   19.77   17.22   26.24   26.04   24.10   19.94   33.16   29.31   23.75   31.14   9.059   35.95   36.97   38.03   31.53   28.48   29.55   29.84   26.21   25.31   37.55   29.74   25.12   20.39   21.36   27.26   20.68   24.04   20.76   26.61   24.77   21.97   13.89   16.33   22.43   20.91   16.20   18.76   28.88   28.12   36.24   36.69   35.22   40.78   39.17   26.60   25.70   32.73   26.34   
   110.    3.475   4.215   5.400   11.03   13.10   16.79   11.07   9.121   10.34   10.30   18.78   23.01   21.47   20.52   22.45   17.66   5.318   12.61   15.93   16.04   24.66   22.54   24.05   18.64   17.78   19.52   17.82   18.40   17.60   16.58   17.79   22.92   26.47   23.19   7.961   11.64   29.14   29.16   29.59   23.13   34.39   32.51   29.20   20.73   18.06   27.52   27.31   25.28   20.91   34.77   30.74   24.91   32.66   9.502   37.70   38.77   39.88   33.07   29.88   30.99   31.29   27.49   26.54   39.38   31.19   26.35   21.38   22.40   28.59   21.69   25.22   21.78   27.91   25.98   23.05   14.57   17.13   23.53   21.94   16.99   19.68   30.29   29.50   38.01   38.48   36.94   42.78   41.08   27.90   26.95   34.33   27.63   
   120.    3.629   4.402   5.640   11.52   13.69   17.53   11.57   9.527   10.80   10.76   19.61   24.03   22.43   21.44   23.45   18.45   5.554   13.17   16.63   16.76   25.75   23.54   25.12   19.47   18.57   20.38   18.61   19.22   18.38   17.32   18.58   23.94   27.65   24.22   8.315   12.16   30.43   30.45   30.90   24.15   35.92   33.96   30.50   21.65   18.86   28.74   28.53   26.40   21.84   36.32   32.10   26.02   34.11   9.924   39.38   40.50   41.66   34.54   31.20   32.37   32.69   28.71   27.72   41.13   32.58   27.52   22.33   23.40   29.87   22.65   26.34   22.74   29.15   27.13   24.07   15.22   17.89   24.57   22.91   17.75   20.55   31.64   30.81   39.70   40.19   38.58   44.68   42.90   29.14   28.15   35.86   28.86   
   130.    3.777   4.582   5.870   11.99   14.25   18.25   12.04   9.916   11.24   11.20   20.41   25.02   23.34   22.31   24.41   19.20   5.781   13.70   17.31   17.44   26.81   24.50   26.14   20.26   19.33   21.22   19.37   20.00   19.13   18.03   19.34   24.91   28.78   25.21   8.654   12.66   31.68   31.70   32.16   25.14   37.39   35.35   31.74   22.54   19.63   29.92   29.69   27.48   22.74   37.80   33.41   27.08   35.51   10.33   40.99   42.15   43.36   35.95   32.48   33.69   34.02   29.89   28.85   42.81   33.91   28.64   23.25   24.36   31.08   23.57   27.41   23.67   30.34   28.24   25.05   15.84   18.62   25.58   23.85   18.47   21.39   32.93   32.07   41.32   41.83   40.16   46.50   44.66   30.33   29.30   37.32   30.04   
   140.    3.920   4.755   6.092   12.44   14.78   18.94   12.49   10.29   11.66   11.62   21.18   25.96   24.23   23.15   25.33   19.93   5.999   14.22   17.97   18.10   27.82   25.43   27.13   21.03   20.05   22.02   20.10   20.76   19.85   18.71   20.07   25.85   29.87   26.16   8.981   13.14   32.87   32.89   33.38   26.09   38.80   36.68   32.94   23.39   20.38   31.05   30.81   28.51   23.59   39.23   34.68   28.10   36.85   10.72   42.54   43.74   44.99   37.31   33.70   34.97   35.30   31.02   29.94   44.43   35.19   29.72   24.12   25.28   32.26   24.46   28.45   24.57   31.49   29.30   26.00   16.44   19.32   26.54   24.75   19.17   22.20   34.17   33.28   42.88   43.41   41.68   48.26   46.34   31.48   30.41   38.73   31.17   
   150.    4.058   4.922   6.306   12.88   15.30   19.60   12.93   10.65   12.07   12.03   21.92   26.87   25.08   23.97   26.22   20.62   6.210   14.72   18.60   18.73   28.79   26.32   28.08   21.77   20.76   22.79   20.81   21.49   20.55   19.36   20.77   26.76   30.91   27.07   9.296   13.60   34.03   34.05   34.55   27.01   40.16   37.97   34.10   24.21   21.09   32.13   31.90   29.51   24.42   40.61   35.89   29.09   38.14   11.10   44.03   45.28   46.57   38.62   34.89   36.19   36.54   32.10   31.00   45.99   36.42   30.77   24.97   26.16   33.39   25.32   29.45   25.43   32.59   30.33   26.91   17.01   20.00   27.47   25.62   19.84   22.98   35.37   34.45   44.38   44.94   43.14   49.95   47.97   32.58   31.47   40.09   32.27   
   160.    4.191   5.083   6.513   13.30   15.80   20.25   13.35   11.00   12.47   12.43   22.64   27.75   25.90   24.75   27.08   21.30   6.413   15.20   19.21   19.35   29.74   27.18   29.00   22.48   21.44   23.54   21.49   22.19   21.22   20.00   21.46   27.64   31.93   27.96   9.601   14.04   35.14   35.16   35.68   27.89   41.48   39.21   35.21   25.00   21.78   33.19   32.94   30.48   25.22   41.94   37.07   30.04   39.39   11.46   45.47   46.76   48.10   39.89   36.03   37.38   37.74   33.16   32.01   47.49   37.62   31.78   25.79   27.02   34.49   26.15   30.41   26.26   33.66   31.33   27.80   17.57   20.65   28.38   26.46   20.49   23.73   36.53   35.58   45.84   46.41   44.55   51.59   49.54   33.65   32.51   41.41   33.32   
   170.    4.320   5.239   6.713   13.71   16.29   20.87   13.77   11.34   12.85   12.81   23.34   28.61   26.69   25.52   27.91   21.96   6.611   15.67   19.80   19.94   30.65   28.02   29.89   23.17   22.10   24.26   22.15   22.87   21.87   20.61   22.12   28.49   32.91   28.82   9.896   14.48   36.22   36.25   36.78   28.75   42.75   40.42   36.30   25.77   22.45   34.21   33.96   31.42   26.00   43.23   38.21   30.97   40.60   11.81   46.87   48.20   49.58   41.11   37.14   38.53   38.90   34.18   33.00   48.96   38.78   32.75   26.58   27.85   35.55   26.96   31.35   27.07   34.70   32.29   28.65   18.11   21.29   29.25   27.27   21.12   24.46   37.66   36.67   47.25   47.84   45.92   53.18   51.07   34.69   33.51   42.68   34.35   
   180.    4.445   5.391   6.908   14.11   16.76   21.47   14.16   11.67   13.23   13.18   24.02   29.44   27.47   26.26   28.72   22.59   6.802   16.13   20.37   20.52   31.54   28.83   30.76   23.84   22.74   24.97   22.79   23.54   22.51   21.21   22.76   29.32   33.87   29.66   10.18   14.90   37.27   37.30   37.85   29.58   43.99   41.59   37.35   26.52   23.10   35.20   34.94   32.33   26.75   44.48   39.32   31.86   41.78   12.15   48.23   49.60   51.02   42.30   38.22   39.65   40.03   35.17   33.95   50.38   39.90   33.70   27.35   28.66   36.58   27.74   32.26   27.86   35.70   33.23   29.48   18.64   21.91   30.10   28.06   21.74   25.17   38.75   37.73   48.62   49.23   47.26   54.72   52.55   35.69   34.48   43.92   35.34   
   200.    4.685   5.683   7.281   14.87   17.67   22.64   14.93   12.30   13.94   13.89   25.32   31.03   28.95   27.68   30.27   23.82   7.170   17.00   21.48   21.63   33.25   30.39   32.43   25.13   23.97   26.32   24.03   24.81   23.73   22.36   23.99   30.90   35.70   31.26   10.73   15.70   39.29   39.31   39.89   31.18   46.37   43.84   39.37   27.95   24.35   37.11   36.83   34.08   28.20   46.89   41.44   33.59   44.04   12.81   50.84   52.28   53.78   44.59   40.28   41.79   42.20   37.07   35.79   53.10   42.06   35.53   28.83   30.21   38.56   29.24   34.00   29.36   37.63   35.03   31.08   19.65   23.09   31.72   29.58   22.91   26.53   40.84   39.77   51.25   51.89   49.81   57.68   55.39   37.62   36.34   46.29   37.26   
   225.    4.970   6.028   7.723   15.78   18.74   24.01   15.84   13.04   14.79   14.74   26.85   32.91   30.71   29.35   32.11   25.26   7.605   18.03   22.78   22.94   35.26   32.23   34.39   26.66   25.42   27.91   25.48   26.32   25.17   23.71   25.44   32.78   37.86   33.16   11.39   16.65   41.67   41.70   42.31   33.08   49.19   46.50   41.76   29.65   25.83   39.36   39.06   36.15   29.91   49.73   43.96   35.63   46.71   13.59   53.92   55.45   57.04   47.30   42.73   44.33   44.76   39.32   37.96   56.32   44.61   37.68   30.58   32.04   40.89   31.01   36.06   31.14   39.92   37.15   32.96   20.84   24.49   33.65   31.37   24.30   28.14   43.32   42.19   54.36   55.04   52.83   61.18   58.75   39.90   38.55   49.10   39.52   
   250.    5.238   6.354   8.141   16.63   19.75   25.31   16.69   13.75   15.59   15.53   28.30   34.69   32.37   30.94   33.84   26.63   8.017   19.00   24.01   24.19   37.17   33.98   36.25   28.10   26.80   29.42   26.86   27.74   26.53   25.00   26.82   34.55   39.91   34.95   12.00   17.55   43.93   43.95   44.60   34.86   51.85   49.02   44.02   31.25   27.23   41.49   41.18   38.10   31.53   52.42   46.34   37.55   49.24   14.32   56.84   58.45   60.13   49.86   45.04   46.73   47.18   41.45   40.01   59.37   47.02   39.72   32.24   33.78   43.11   32.69   38.02   32.83   42.08   39.16   34.74   21.96   25.82   35.47   33.07   25.62   29.66   45.67   44.47   57.30   58.01   55.69   64.49   61.93   42.06   40.63   51.76   41.65   
   275.    5.494   6.664   8.538   17.44   20.72   26.54   17.51   14.42   16.35   16.29   29.69   36.38   33.95   32.45   35.50   27.93   8.408   19.93   25.18   25.37   38.99   35.64   38.02   29.47   28.11   30.86   28.17   29.09   27.82   26.22   28.13   36.24   41.86   36.66   12.59   18.41   46.07   46.10   46.78   36.57   54.38   51.41   46.17   32.78   28.56   43.51   43.19   39.96   33.07   54.98   48.60   39.39   51.64   15.02   59.62   61.31   63.06   52.29   47.24   49.01   49.48   43.47   41.97   62.27   49.32   41.66   33.81   35.42   45.21   34.29   39.87   34.43   44.13   41.07   36.44   23.04   27.08   37.20   34.68   26.87   31.11   47.89   46.64   60.10   60.85   58.41   67.63   64.95   44.12   42.62   54.28   43.69   
   300.    5.738   6.960   8.918   18.22   21.64   27.72   18.29   15.06   17.07   17.01   31.01   38.00   35.46   33.90   37.07   29.17   8.782   20.82   26.30   26.49   40.72   37.22   39.71   30.78   29.36   32.23   29.43   30.39   29.06   27.38   29.38   37.85   43.72   38.29   13.15   19.23   48.12   48.15   48.86   38.19   56.79   53.70   48.22   34.24   29.83   45.45   45.11   41.74   34.54   57.43   50.76   41.14   53.94   15.69   62.27   64.03   65.87   54.61   49.34   51.19   51.68   45.40   43.83   65.03   51.51   43.51   35.31   37.00   47.22   35.81   41.64   35.96   46.09   42.90   38.06   24.06   28.28   38.85   36.23   28.06   32.49   50.02   48.71   62.77   63.55   61.01   70.64   67.84   46.08   44.51   56.70   45.63   
   325.    5.973   7.244   9.282   18.96   22.52   28.86   19.03   15.68   17.77   17.71   32.27   39.55   36.91   35.28   38.59   30.36   9.140   21.67   27.38   27.58   42.38   38.74   41.33   32.04   30.56   33.55   30.63   31.63   30.25   28.50   30.58   39.39   45.51   39.85   13.68   20.02   50.09   50.11   50.85   39.75   59.11   55.89   50.19   35.63   31.04   47.30   46.95   43.44   35.95   59.77   52.83   42.82   56.14   16.33   64.81   66.65   68.56   56.85   51.35   53.28   53.79   47.26   45.62   67.69   53.61   45.29   36.75   38.51   49.15   37.27   43.34   37.43   47.97   44.65   39.61   25.04   29.44   40.44   37.70   29.21   33.82   52.07   50.70   65.33   66.15   63.50   73.53   70.61   47.96   46.33   59.01   47.49   
   350.    6.198   7.518   9.632   19.68   23.37   29.95   19.75   16.27   18.44   18.38   33.49   41.05   38.30   36.61   40.05   31.50   9.486   22.49   28.41   28.62   43.98   40.20   42.89   33.25   31.71   34.81   31.79   32.82   31.39   29.58   31.73   40.88   47.22   41.36   14.20   20.77   51.98   52.01   52.77   41.25   61.35   58.00   52.08   36.98   32.22   49.09   48.72   45.08   37.30   62.03   54.83   44.43   58.26   16.95   67.26   69.16   71.14   58.99   53.29   55.29   55.82   49.04   47.35   70.24   55.64   47.00   38.14   39.96   51.00   38.68   44.98   38.84   49.79   46.33   41.11   25.99   30.55   41.97   39.13   30.31   35.10   54.03   52.62   67.80   68.64   65.90   76.30   73.27   49.77   48.08   61.24   49.29   
   375.    6.416   7.782   9.971   20.37   24.19   31.00   20.45   16.84   19.09   19.02   34.67   42.49   39.65   37.90   41.45   32.61   9.818   23.27   29.41   29.62   45.53   41.61   44.40   34.41   32.82   36.04   32.90   33.97   32.49   30.61   32.85   42.31   48.88   42.81   14.70   21.50   53.80   53.83   54.63   42.70   63.50   60.03   53.91   38.28   33.35   50.81   50.43   46.67   38.61   64.21   56.75   45.99   60.30   17.54   69.62   71.59   73.64   61.06   55.16   57.23   57.78   50.76   49.01   72.71   57.59   48.65   39.48   41.37   52.79   40.04   46.56   40.21   51.53   47.96   42.55   26.90   31.62   43.44   40.50   31.37   36.33   55.93   54.46   70.18   71.05   68.21   78.98   75.84   51.52   49.76   63.39   51.02   
   400.    6.626   8.037   10.30   21.04   24.99   32.01   21.12   17.39   19.72   19.65   35.80   43.88   40.95   39.14   42.81   33.68   10.14   24.04   30.37   30.59   47.02   42.98   45.86   35.54   33.90   37.22   33.98   35.09   33.55   31.62   33.92   43.70   50.48   44.21   15.18   22.20   55.57   55.60   56.42   44.10   65.58   62.00   55.68   39.53   34.44   52.48   52.09   48.20   39.88   66.31   58.61   47.50   62.28   18.12   71.90   73.94   76.06   63.06   56.97   59.10   59.68   52.42   50.61   75.09   59.48   50.24   40.77   42.72   54.53   41.35   48.09   41.53   53.22   49.53   43.95   27.78   32.66   44.87   41.83   32.40   37.52   57.76   56.25   72.48   73.38   70.44   81.57   78.33   53.21   51.40   65.47   52.69   
   450.    7.028   8.524   10.92   22.31   26.50   33.95   22.40   18.45   20.91   20.84   37.97   46.54   43.43   41.51   45.41   35.72   10.76   25.50   32.21   32.45   49.87   45.59   48.64   37.70   35.95   39.47   36.04   37.22   35.59   33.54   35.98   46.35   53.55   46.90   16.10   23.55   58.94   58.97   59.84   46.78   69.56   65.76   59.05   41.93   36.53   55.66   55.25   51.12   42.30   70.33   62.17   50.38   66.06   19.22   76.26   78.42   80.67   66.89   60.43   62.69   63.30   55.61   53.69   79.65   63.09   53.29   43.25   45.32   57.83   43.86   51.00   44.04   56.45   52.54   46.61   29.47   34.64   47.59   44.37   34.37   39.80   61.27   59.66   76.88   77.83   74.72   86.52   83.08   56.43   54.51   69.44   55.88   
   500.    7.408   8.985   11.51   23.52   27.94   35.79   23.61   19.45   22.04   21.97   40.03   49.06   45.78   43.76   47.86   37.66   11.34   26.88   33.96   34.20   52.57   48.05   51.27   39.74   37.90   41.61   37.99   39.23   37.51   35.35   37.93   48.86   56.44   49.43   16.97   24.83   62.12   62.16   63.08   49.31   73.32   69.32   62.25   44.20   38.51   58.67   58.23   53.89   44.59   74.14   65.53   53.11   69.63   20.26   80.39   82.67   85.03   70.51   63.69   66.08   66.72   58.61   56.59   83.96   66.50   56.17   45.59   47.77   60.96   46.23   53.76   46.43   59.51   55.38   49.14   31.06   36.51   50.16   46.77   36.23   41.95   64.58   62.89   81.03   82.04   78.76   91.20   87.58   59.49   57.46   73.20   58.91   
   550.    7.770   9.424   12.07   24.67   29.30   37.54   24.76   20.40   23.12   23.04   41.98   51.45   48.02   45.89   50.20   39.49   11.89   28.19   35.61   35.87   55.14   50.40   53.77   41.68   39.75   43.64   39.84   41.14   39.35   37.08   39.78   51.24   59.20   51.84   17.80   26.04   65.16   65.19   66.15   51.71   76.90   72.70   65.29   46.36   40.39   61.53   61.08   56.52   46.76   77.76   68.73   55.70   73.03   21.25   84.31   86.70   89.18   73.95   66.80   69.30   69.98   61.47   59.35   88.06   69.75   58.92   47.81   50.10   63.94   48.49   56.39   48.69   62.41   58.08   51.53   32.58   38.29   52.61   49.05   37.99   44.00   67.73   65.96   84.99   86.05   82.60   95.65   91.85   62.39   60.27   76.77   61.78   
   600.    8.115   9.843   12.61   25.76   30.60   39.21   25.86   21.30   24.15   24.06   43.85   53.74   50.15   47.93   52.43   41.25   12.42   29.44   37.20   37.47   57.59   52.64   56.16   43.53   41.52   45.58   41.62   42.97   41.10   38.72   41.55   53.52   61.83   54.15   18.59   27.20   68.05   68.09   69.10   54.01   80.32   75.94   68.19   48.42   42.18   64.27   63.79   59.03   48.84   81.21   71.78   58.18   76.28   22.19   88.06   90.56   93.15   77.24   69.77   72.39   73.09   64.21   61.99   91.97   72.85   61.54   49.94   52.33   66.78   50.65   58.89   50.86   65.18   60.67   53.83   34.03   40.00   54.95   51.23   39.68   45.95   70.75   68.89   88.77   89.88   86.28   99.90   95.94   65.16   62.95   80.18   64.53   
   650.    8.447   10.25   13.13   26.82   31.85   40.81   26.92   22.17   25.13   25.04   45.64   55.94   52.20   49.89   54.57   42.93   12.93   30.64   38.71   39.00   59.94   54.79   58.46   45.31   43.21   47.44   43.32   44.73   42.77   40.31   43.25   55.71   64.35   56.36   19.35   28.31   70.83   70.87   71.92   56.22   83.60   79.04   70.98   50.40   43.90   66.89   66.40   61.44   50.84   84.53   74.72   60.55   79.39   23.10   91.65   94.25   96.95   80.39   72.62   75.34   76.07   66.83   64.52   95.73   75.82   64.05   51.98   54.46   69.51   52.71   61.30   52.93   67.85   63.14   56.02   35.42   41.63   57.19   53.32   41.30   47.83   73.63   71.70   92.39   93.55   89.80   104.0   99.85   67.82   65.52   83.46   67.17   
   700.    8.765   10.63   13.62   27.83   33.06   42.35   27.93   23.01   26.08   25.99   47.36   58.05   54.17   51.78   56.63   44.55   13.41   31.80   40.18   40.47   62.20   56.86   60.66   47.02   44.84   49.23   44.95   46.42   44.39   41.83   44.88   57.81   66.78   58.49   20.08   29.37   73.51   73.55   74.63   58.34   86.76   82.02   73.65   52.30   45.56   69.42   68.90   63.76   52.76   87.72   77.54   62.84   82.39   23.97   95.11   97.81   100.6   83.43   75.36   78.19   78.94   69.35   66.96   99.34   78.68   66.47   53.94   56.52   72.13   54.70   63.61   54.93   70.41   65.53   58.14   36.75   43.20   59.35   55.34   42.86   49.63   76.41   74.41   95.88   97.08   93.19   107.9   103.6   70.38   67.99   86.61   69.70   
   800.    9.371   11.37   14.56   29.75   35.34   45.27   29.86   24.60   27.88   27.78   50.63   62.06   57.91   55.35   60.54   47.63   14.34   34.00   42.95   43.27   66.50   60.78   64.85   50.26   47.94   52.63   48.05   49.62   47.45   44.72   47.98   61.80   71.39   62.53   21.47   31.40   78.58   78.63   79.79   62.37   92.75   87.68   78.74   55.91   48.71   74.21   73.66   68.16   56.40   93.78   82.89   67.18   88.08   25.62   101.7   104.6   107.6   89.19   80.57   83.58   84.39   74.14   71.58   106.2   84.12   71.06   57.66   60.42   77.11   58.48   68.00   58.73   75.27   70.05   62.15   39.29   46.18   63.45   59.16   45.82   53.06   81.69   79.55   102.5   103.8   99.62   115.4   110.8   75.24   72.69   92.59   74.51   
   900.    9.939   12.06   15.45   31.55   37.48   48.02   31.67   26.09   29.57   29.47   53.70   65.82   61.42   58.71   64.21   50.52   15.21   36.06   45.56   45.89   70.53   64.47   68.78   53.31   50.85   55.83   50.97   52.63   50.33   47.43   50.89   65.55   75.73   66.32   22.77   33.31   83.35   83.40   84.63   66.15   98.37   93.00   83.52   59.30   51.66   78.71   78.13   72.30   59.82   99.47   87.92   71.25   93.42   27.18   107.8   110.9   114.1   94.60   85.45   88.66   89.51   78.64   75.92   112.6   89.22   75.37   61.16   64.09   81.79   62.03   72.13   62.29   79.83   74.30   65.92   41.67   48.98   67.30   62.74   48.60   56.28   86.65   84.37   108.7   110.1   105.7   122.4   117.5   79.81   77.09   98.20   79.03   
   1.00e3  10.48   12.71   16.28   33.26   39.51   50.62   33.39   27.50   31.17   31.06   56.61   69.38   64.74   61.88   67.69   53.25   16.03   38.01   48.02   48.37   74.35   67.96   72.50   56.20   53.60   58.85   53.73   55.48   53.05   49.99   53.64   69.10   79.82   69.91   24.00   35.11   87.86   87.91   89.20   69.73   103.7   98.03   88.03   62.51   54.46   82.97   82.36   76.21   63.06   104.8   92.67   75.11   98.48   28.65   113.7   116.9   120.3   99.71   90.08   93.45   94.36   82.89   80.03   118.7   94.04   79.44   64.47   67.55   86.21   65.38   76.03   65.66   84.15   78.32   69.49   43.93   51.63   70.94   66.14   51.23   59.32   91.33   88.94   114.6   116.0   111.4   129.0   123.9   84.12   81.26   103.5   83.31   
   1.10e3  10.99   13.33   17.08   34.88   41.44   53.09   35.02   28.84   32.70   32.58   59.37   72.77   67.90   64.90   70.99   55.85   16.82   39.86   50.36   50.73   77.97   71.27   76.04   58.94   56.21   61.72   56.35   58.19   55.64   52.43   56.26   72.47   83.72   73.32   25.17   36.82   92.15   92.20   93.56   73.13   108.8   102.8   92.33   65.56   57.11   87.02   86.37   79.93   66.13   110.0   97.20   78.77   103.3   30.05   119.2   122.6   126.1   104.6   94.47   98.01   98.96   86.94   83.94   124.5   98.63   83.32   67.62   70.85   90.42   68.58   79.74   68.86   88.26   82.14   72.88   46.07   54.15   74.40   69.37   53.73   62.22   95.79   93.28   120.2   121.7   116.8   135.3   129.9   88.23   85.23   108.6   87.37   
   1.20e3  11.48   13.92   17.84   36.43   43.28   55.45   36.57   30.13   34.15   34.03   62.01   76.00   70.92   67.79   74.15   58.34   17.56   41.64   52.60   52.99   81.44   74.44   79.42   61.56   58.71   64.46   58.85   60.77   58.12   54.77   58.76   75.69   87.44   76.58   26.29   38.46   96.24   96.30   97.72   76.38   113.6   107.4   96.44   68.47   59.65   90.89   90.22   83.48   69.07   114.9   101.5   82.27   107.9   31.38   124.5   128.1   131.7   109.2   98.67   102.4   103.4   90.80   87.67   130.1   103.0   87.02   70.62   74.00   94.44   71.63   83.29   71.92   92.19   85.80   76.12   48.12   56.56   77.71   72.45   56.12   64.99   100.0   97.43   125.5   127.1   122.0   141.3   135.7   92.15   89.02   113.4   91.26   
   1.30e3  11.95   14.49   18.56   37.92   45.05   57.71   38.07   31.36   35.54   35.42   64.54   79.11   73.82   70.56   77.18   60.72   18.28   43.34   54.75   55.15   84.77   77.48   82.67   64.07   61.11   67.09   61.26   63.26   60.49   57.00   61.16   78.78   91.01   79.71   27.37   40.03   100.2   100.2   101.7   79.50   118.2   111.8   100.4   71.27   62.09   94.60   93.90   86.89   71.90   119.5   105.7   85.63   112.3   32.66   129.6   133.3   137.1   113.7   102.7   106.6   107.6   94.51   91.25   135.4   107.2   90.58   73.51   77.02   98.30   74.55   86.69   74.86   95.95   89.30   79.23   50.09   58.87   80.88   75.41   58.41   67.64   104.1   101.4   130.7   132.3   127.0   147.1   141.2   95.92   92.66   118.0   94.99   
   1.40e3  12.40   15.04   19.26   39.35   46.75   59.89   39.50   32.54   36.89   36.76   66.98   82.09   76.61   73.22   80.09   63.01   18.97   44.97   56.82   57.23   87.97   80.41   85.79   66.49   63.42   69.63   63.57   65.64   62.77   59.15   63.47   81.76   94.45   82.72   28.40   41.54   104.0   104.0   105.5   82.50   122.7   116.0   104.2   73.96   64.43   98.17   97.44   90.17   74.61   124.1   109.7   88.87   116.5   33.90   134.5   138.3   142.3   118.0   106.6   110.6   111.6   98.08   94.69   140.5   111.3   94.00   76.28   79.93   102.0   77.36   89.96   77.69   99.57   92.67   82.22   51.98   61.09   83.94   78.26   60.62   70.19   108.1   105.2   135.6   137.3   131.8   152.6   146.5   99.54   96.15   122.5   98.57   
   1.50e3  12.83   15.56   19.94   40.74   48.39   61.99   40.89   33.68   38.18   38.05   69.33   84.97   79.30   75.79   82.90   65.22   19.64   46.55   58.81   59.24   91.05   83.23   88.80   68.83   65.64   72.07   65.80   67.95   64.98   61.23   65.69   84.63   97.76   85.62   29.40   43.00   107.6   107.7   109.3   85.40   127.0   120.1   107.8   76.56   66.69   101.6   100.9   93.33   77.23   128.4   113.5   91.99   120.6   35.09   139.2   143.2   147.3   122.1   110.3   114.5   115.6   101.5   98.02   145.4   115.2   97.30   78.96   82.73   105.6   80.08   93.12   80.41   103.1   95.92   85.11   53.80   63.24   86.88   81.00   62.74   72.66   111.9   108.9   140.4   142.1   136.4   158.0   151.7   103.0   99.53   126.8   102.0   
   1.60e3  13.25   16.07   20.60   42.07   49.98   64.03   42.23   34.79   39.43   39.29   71.61   87.76   81.90   78.28   85.62   67.36   20.28   48.08   60.74   61.19   94.04   85.96   91.71   71.08   67.80   74.43   67.96   70.18   67.11   63.24   67.85   87.40   101.0   88.43   30.36   44.41   111.1   111.2   112.8   88.20   131.2   124.0   111.4   79.07   68.88   105.0   104.2   96.40   79.76   132.6   117.2   95.00   124.6   36.24   143.8   147.9   152.1   126.1   113.9   118.2   119.4   104.8   101.2   150.2   119.0   100.5   81.55   85.45   109.1   82.71   96.17   83.05   106.4   99.07   87.90   55.56   65.31   89.73   83.66   64.80   75.04   115.5   112.5   145.0   146.8   140.9   163.1   156.7   106.4   102.8   130.9   105.4   
   1.70e3  13.66   16.57   21.23   43.37   51.51   66.00   43.53   35.86   40.65   40.50   73.81   90.46   84.42   80.69   88.26   69.43   20.91   49.56   62.61   63.07   96.93   88.61   94.53   73.27   69.88   76.72   70.05   72.34   69.17   65.18   69.94   90.09   104.1   91.15   31.30   45.78   114.6   114.6   116.3   90.91   135.2   127.8   114.8   81.50   71.00   108.2   107.4   99.36   82.22   136.7   120.8   97.93   128.4   37.35   148.2   152.4   156.8   130.0   117.4   121.8   123.0   108.1   104.3   154.8   122.6   103.6   84.06   88.08   112.4   85.25   99.13   85.61   109.7   102.1   90.60   57.28   67.32   92.49   86.23   66.80   77.35   119.1   116.0   149.4   151.3   145.2   168.2   161.5   109.7   106.0   135.0   108.6   
   1.80e3  14.06   17.05   21.84   44.62   53.01   67.91   44.79   36.90   41.83   41.68   75.95   93.08   86.86   83.03   90.81   71.45   21.51   50.99   64.43   64.90   99.74   91.17   97.28   75.40   71.91   78.95   72.08   74.43   71.18   67.07   71.96   92.70   107.1   93.79   32.20   47.10   117.9   117.9   119.7   93.55   139.1   131.5   118.1   83.86   73.06   111.3   110.5   102.2   84.60   140.7   124.3   100.8   132.1   38.44   152.5   156.8   161.3   133.8   120.9   125.4   126.6   111.2   107.4   159.3   126.2   106.6   86.50   90.63   115.7   87.72   102.0   88.09   112.9   105.1   93.23   58.94   69.27   95.17   88.73   68.73   79.59   122.5   119.3   153.8   155.7   149.4   173.0   166.2   112.9   109.0   138.9   111.8   
   2.00e3  14.82   17.97   23.03   47.04   55.88   71.58   47.22   38.89   44.09   43.93   80.06   98.12   91.56   87.52   95.73   75.31   22.67   53.75   67.91   68.41   105.1   96.11   102.5   79.48   75.80   83.22   75.98   78.46   75.03   70.70   75.86   97.72   112.9   98.86   33.94   49.65   124.2   124.3   126.2   98.61   146.6   138.6   124.5   88.40   77.01   117.3   116.5   107.8   89.17   148.3   131.1   106.2   139.3   40.52   160.8   165.3   170.1   141.0   127.4   132.2   133.4   117.2   113.2   167.9   133.0   112.3   91.17   95.53   121.9   92.47   107.5   92.85   119.0   110.8   98.27   62.12   73.02   100.3   93.53   72.45   83.90   129.2   125.8   162.1   164.1   157.5   182.4   175.2   119.0   114.9   146.4   117.8   
   2.25e3  15.72   19.06   24.42   49.89   59.26   75.93   50.08   41.25   46.76   46.60   84.91   104.1   97.12   92.83   101.5   79.88   24.05   57.01   72.03   72.56   111.5   101.9   108.8   84.30   80.40   88.27   80.59   83.22   79.58   74.99   80.46   103.6   119.7   104.9   36.00   52.66   131.8   131.9   133.8   104.6   155.5   147.1   132.1   93.76   81.68   124.5   123.5   114.3   94.58   157.3   139.0   112.7   147.7   42.97   170.5   175.4   180.4   149.6   135.1   140.2   141.5   124.3   120.0   178.1   141.1   119.2   96.71   101.3   129.3   98.08   114.0   98.49   126.2   117.5   104.2   65.89   77.45   106.4   99.21   76.85   88.99   137.0   133.4   171.9   174.0   167.1   193.5   185.8   126.2   121.9   155.3   125.0   
   2.50e3  16.57   20.09   25.74   52.59   62.47   80.03   52.79   43.48   49.29   49.12   89.51   109.7   102.4   97.85   107.0   84.20   25.35   60.10   75.93   76.48   117.5   107.4   114.6   88.86   84.75   93.04   84.95   87.72   83.89   79.05   84.81   109.3   126.2   110.5   37.95   55.51   138.9   139.0   141.0   110.3   164.0   155.0   139.2   98.83   86.10   131.2   130.2   120.5   99.70   165.8   146.5   118.8   155.7   45.30   179.7   184.8   190.1   157.7   142.4   147.8   149.2   131.1   126.5   187.7   148.7   125.6   101.9   106.8   136.3   103.4   120.2   103.8   133.1   123.8   109.9   69.46   81.64   112.2   104.6   81.00   93.80   144.4   140.6   181.2   183.5   176.1   203.9   195.8   133.0   128.5   163.7   131.7   
   2.75e3  17.37   21.07   27.00   55.16   65.52   83.94   55.37   45.61   51.70   51.51   93.88   115.1   107.4   102.6   112.2   88.31   26.59   63.03   79.63   80.22   123.3   112.7   120.2   93.19   88.88   97.58   89.10   92.00   87.98   82.91   88.95   114.6   132.4   115.9   39.80   58.22   145.7   145.8   147.9   115.6   172.0   162.6   146.0   103.7   90.30   137.6   136.6   126.4   104.6   173.9   153.7   124.5   163.3   47.51   188.5   193.9   199.4   165.4   149.4   155.0   156.5   137.5   132.7   196.9   156.0   131.7   106.9   112.0   143.0   108.4   126.1   108.9   139.6   129.9   115.2   72.85   85.63   117.6   109.7   84.96   98.38   151.5   147.5   190.0   192.4   184.7   213.9   205.4   139.5   134.8   171.7   138.2   
   3.00e3  18.15   22.01   28.20   57.61   68.43   87.67   57.83   47.63   54.00   53.80   98.05   120.2   112.1   107.2   117.2   92.24   27.77   65.83   83.17   83.78   128.8   117.7   125.6   97.34   92.83   101.9   93.06   96.09   91.89   86.59   92.91   119.7   138.3   121.1   41.57   60.81   152.2   152.3   154.5   120.8   179.6   169.8   152.5   108.3   94.32   143.7   142.6   132.0   109.2   181.6   160.5   130.1   170.6   49.62   196.9   202.5   208.3   172.7   156.0   161.9   163.4   143.6   138.6   205.7   162.9   137.6   111.7   117.0   149.3   113.2   131.7   113.7   145.8   135.7   120.4   76.09   89.43   122.9   114.6   88.73   102.8   158.2   154.0   198.5   201.0   192.9   223.4   214.5   145.7   140.8   179.3   144.3   
   3.25e3  18.89   22.91   29.35   59.96   71.23   91.25   60.19   49.58   56.20   56.00   102.1   125.1   116.7   111.6   122.0   96.00   28.90   68.52   86.57   87.20   134.0   122.5   130.7   101.3   96.63   106.1   96.86   100.0   95.64   90.13   96.70   124.6   143.9   126.0   43.27   63.29   158.4   158.5   160.8   125.7   186.9   176.7   158.7   112.7   98.17   149.6   148.5   137.4   113.7   189.0   167.1   135.4   177.5   51.65   204.9   210.8   216.8   179.8   162.4   168.5   170.1   149.4   144.3   214.1   169.5   143.2   116.2   121.8   155.4   117.9   137.1   118.4   151.7   141.2   125.3   79.19   93.08   127.9   119.2   92.36   106.9   164.7   160.3   206.6   209.2   200.8   232.5   223.3   151.7   146.5   186.6   150.2   
   3.50e3  19.60   23.77   30.46   62.22   73.92   94.70   62.46   51.45   58.32   58.12   105.9   129.8   121.1   115.8   126.6   99.63   30.00   71.11   89.84   90.50   139.1   127.1   135.6   105.1   100.3   110.1   100.5   103.8   99.25   93.53   100.4   129.3   149.3   130.8   44.90   65.68   164.4   164.5   166.9   130.4   194.0   183.4   164.7   116.9   101.9   155.2   154.1   142.6   118.0   196.2   173.4   140.5   184.2   53.60   212.7   218.7   225.0   186.5   168.5   174.8   176.5   155.1   149.7   222.1   175.9   148.6   120.6   126.4   161.3   122.3   142.2   122.8   157.4   146.5   130.0   82.18   96.60   132.7   123.7   95.84   111.0   170.9   166.4   214.4   217.1   208.4   241.3   231.7   157.4   152.0   193.7   155.9   
   3.75e3  20.29   24.61   31.53   64.41   76.51   98.02   64.65   53.26   60.37   60.16   109.6   134.4   125.4   119.8   131.1   103.1   31.05   73.60   92.99   93.67   144.0   131.6   140.4   108.8   103.8   114.0   104.0   107.4   102.7   96.81   103.9   133.8   154.6   135.4   46.48   67.99   170.1   170.2   172.7   135.0   200.8   189.8   170.5   121.0   105.5   160.7   159.5   147.6   122.1   203.0   179.5   145.4   190.7   55.48   220.1   226.4   232.9   193.1   174.4   181.0   182.7   160.5   155.0   229.9   182.1   153.8   124.8   130.8   167.0   126.6   147.2   127.1   163.0   151.7   134.6   85.07   99.99   137.4   128.1   99.21   114.9   176.9   172.2   221.9   224.7   215.7   249.8   239.8   162.9   157.4   200.5   161.3   
   4.00e3  20.95   25.41   32.56   66.52   79.02   101.2   66.77   55.00   62.35   62.13   113.2   138.8   129.5   123.8   135.4   106.5   32.07   76.02   96.04   96.74   148.7   135.9   145.0   112.4   107.2   117.7   107.5   111.0   106.1   99.99   107.3   138.2   159.6   139.8   48.01   70.22   175.7   175.8   178.4   139.5   207.4   196.1   176.1   125.0   108.9   165.9   164.7   152.4   126.1   209.7   185.3   150.2   197.0   57.30   227.4   233.8   240.5   199.4   180.2   186.9   188.7   165.8   160.1   237.5   188.1   158.9   128.9   135.1   172.4   130.8   152.1   131.3   168.3   156.6   139.0   87.86   103.3   141.9   132.3   102.5   118.6   182.7   177.9   229.2   232.1   222.8   257.9   247.7   168.2   162.5   207.0   166.6   
   4.50e3  22.22   26.96   34.54   70.56   83.81   107.4   70.82   58.34   66.13   65.90   120.1   147.2   137.3   131.3   143.6   113.0   34.01   80.63   101.9   102.6   157.7   144.2   153.8   119.2   113.7   124.8   114.0   117.7   112.5   106.1   113.8   146.6   169.3   148.3   50.92   74.48   186.4   186.5   189.2   147.9   220.0   208.0   186.7   132.6   115.5   176.0   174.7   161.7   133.8   222.4   196.6   159.3   208.9   60.77   241.2   248.0   255.1   211.5   191.1   198.2   200.2   175.8   169.8   251.9   199.5   168.5   136.8   143.3   182.9   138.7   161.3   139.3   178.5   166.1   147.4   93.19   109.5   150.5   140.3   108.7   125.8   193.7   188.7   243.1   246.1   236.3   273.6   262.7   178.5   172.4   219.6   176.7   
   5.00e3  23.43   28.41   36.41   74.37   88.35   113.2   74.66   61.50   69.71   69.46   126.6   155.1   144.8   138.4   151.4   119.1   35.85   84.99   107.4   108.2   166.2   152.0   162.1   125.7   119.8   131.6   120.1   124.1   118.6   111.8   119.9   154.5   178.5   156.3   53.67   78.51   196.5   196.6   199.5   155.9   231.9   219.2   196.8   139.8   121.8   185.5   184.2   170.4   141.0   234.4   207.2   167.9   220.2   64.06   254.2   261.4   268.9   223.0   201.4   209.0   211.0   185.4   179.0   265.5   210.3   177.6   144.2   151.1   192.8   146.2   170.0   146.8   188.2   175.1   155.4   98.23   115.5   158.6   147.9   114.6   132.7   204.2   198.9   256.3   259.5   249.1   288.4   276.9   188.1   181.7   231.5   186.3   
   5.50e3  24.57   29.80   38.18   78.00   92.66   118.7   78.30   64.50   73.11   72.85   132.8   162.7   151.8   145.1   158.7   124.9   37.60   89.14   112.6   113.4   174.4   159.4   170.0   131.8   125.7   138.0   126.0   130.1   124.4   117.2   125.8   162.0   187.2   163.9   56.29   82.34   206.0   206.2   209.2   163.5   243.2   229.9   206.5   146.6   127.7   194.6   193.1   178.7   147.9   245.9   217.3   176.1   231.0   67.19   266.6   274.2   282.0   233.8   211.2   219.2   221.3   194.4   187.7   278.5   220.6   186.3   151.2   158.4   202.2   153.3   178.3   154.0   197.4   183.7   163.0   103.0   121.1   166.4   155.1   120.1   139.1   214.2   208.6   268.8   272.1   261.2   302.5   290.5   197.3   190.6   242.8   195.4   
   6.00e3  25.66   31.13   39.88   81.47   96.78   124.0   81.78   67.36   76.36   76.09   138.7   169.9   158.6   151.6   165.8   130.4   39.27   93.10   117.6   118.5   182.1   166.5   177.6   137.7   131.3   144.1   131.6   135.9   130.0   122.5   131.4   169.3   195.5   171.2   58.79   86.00   215.2   215.3   218.5   170.8   254.0   240.1   215.6   153.1   133.4   203.2   201.7   186.7   154.5   256.8   227.0   184.0   241.2   70.17   278.5   286.4   294.6   244.2   220.6   228.9   231.1   203.0   196.0   290.8   230.4   194.6   157.9   165.5   211.2   160.2   186.2   160.8   206.1   191.8   170.2   107.6   126.5   173.8   162.0   125.5   145.3   223.7   217.9   280.7   284.2   272.8   315.9   303.4   206.1   199.1   253.6   204.1   
   6.50e3  26.71   32.40   41.51   84.80   100.7   129.0   85.12   70.12   79.48   79.20   144.3   176.9   165.1   157.8   172.6   135.8   40.88   96.90   122.4   123.3   189.5   173.3   184.9   143.3   136.6   150.0   137.0   141.4   135.3   127.5   136.8   176.2   203.5   178.2   61.19   89.51   224.0   224.1   227.4   177.8   264.4   249.9   224.4   159.4   138.8   211.5   210.0   194.3   160.8   267.3   236.3   191.5   251.1   73.04   289.8   298.1   306.6   254.2   229.7   238.3   240.6   211.3   204.0   302.7   239.8   202.5   164.4   172.2   219.8   166.7   193.8   167.4   214.6   199.7   177.2   112.0   131.6   180.9   168.6   130.6   151.2   232.9   226.8   292.2   295.8   284.0   328.8   315.8   214.5   207.2   263.9   212.4   
   7.00e3  27.72   33.62   43.08   88.00   104.5   133.9   88.33   72.76   82.48   82.19   149.8   183.6   171.3   163.7   179.1   140.9   42.42   100.6   127.0   128.0   196.7   179.8   191.8   148.7   141.8   155.7   142.1   146.8   140.4   132.3   141.9   182.8   211.2   185.0   63.51   92.89   232.4   232.6   236.0   184.5   274.3   259.4   232.9   165.4   144.1   219.5   217.9   201.6   166.8   277.4   245.2   198.7   260.5   75.80   300.8   309.3   318.2   263.8   238.3   247.2   249.6   219.3   211.7   314.1   248.8   210.2   170.6   178.7   228.1   173.0   201.2   173.7   222.6   207.2   183.8   116.2   136.6   187.7   175.0   135.5   157.0   241.6   235.3   303.2   307.0   294.7   341.2   327.7   222.6   215.0   273.9   220.4   
   8.00e3  29.63   35.94   46.05   94.07   111.8   143.2   94.43   77.79   88.18   87.86   160.1   196.2   183.1   175.0   191.5   150.6   45.35   107.5   135.8   136.8   210.3   192.2   205.1   159.0   151.6   166.4   152.0   156.9   150.1   141.4   151.7   195.4   225.8   197.7   67.89   99.30   248.5   248.6   252.3   197.2   293.3   277.3   249.0   176.8   154.0   234.7   232.9   215.5   178.3   296.6   262.1   212.4   278.5   81.03   321.5   330.7   340.1   282.0   254.8   264.3   266.9   234.5   226.4   335.8   266.0   224.7   182.3   191.1   243.8   184.9   215.0   185.7   238.0   221.5   196.5   124.2   146.0   200.6   187.1   144.9   167.8   258.3   251.6   324.1   328.2   315.0   364.8   350.3   237.9   229.9   292.8   235.6   
   9.00e3  31.43   38.12   48.85   99.78   118.5   151.9   100.2   82.51   93.52   93.19   169.8   208.1   194.2   185.7   203.1   159.8   48.10   114.0   144.1   145.1   223.0   203.9   217.5   168.6   160.8   176.5   161.2   166.4   159.2   150.0   160.9   207.3   239.5   209.7   72.01   105.3   263.6   263.7   267.6   209.2   311.1   294.1   264.1   187.5   163.4   248.9   247.1   228.6   189.2   314.5   278.0   225.3   295.4   85.95   341.1   350.7   360.8   299.1   270.2   280.4   283.1   248.7   240.1   356.2   282.1   238.3   193.4   202.7   258.6   196.2   228.1   197.0   252.5   235.0   208.5   131.8   154.9   212.8   198.4   153.7   178.0   274.0   266.8   343.8   348.1   334.1   386.9   371.6   252.4   243.8   310.5   249.9   
   10.0e3  33.13   40.18   51.49   105.2   124.9   160.1   105.6   86.97   98.58   98.23   179.0   219.4   204.7   195.7   214.0   168.4   50.70   120.2   151.9   153.0   235.1   214.9   229.3   177.7   169.5   186.1   169.9   175.4   167.8   158.1   169.6   218.5   252.4   221.1   75.90   111.0   277.8   278.0   282.1   220.5   327.9   310.0   278.4   197.7   172.2   262.4   260.4   241.0   199.4   331.6   293.1   237.5   311.4   90.59   359.5   369.7   380.3   315.3   284.8   295.5   298.4   262.1   253.1   375.5   297.4   251.2   203.9   213.6   272.6   206.8   240.4   207.6   266.1   247.7   219.7   138.9   163.3   224.3   209.1   162.0   187.6   288.8   281.2   362.4   366.9   352.2   407.8   391.7   266.0   257.0   327.3   263.4   
   11.0e3  34.75   42.15   54.00   110.3   131.0   167.9   110.7   91.21   103.4   103.0   187.8   230.1   214.7   205.2   224.5   176.6   53.18   126.1   159.3   160.4   246.6   225.4   240.5   186.4   177.8   195.2   178.2   184.0   176.0   165.8   177.9   229.2   264.7   231.9   79.61   116.4   291.4   291.6   295.9   231.3   343.9   325.1   292.0   207.3   180.6   275.2   273.1   252.8   209.1   347.7   307.4   249.1   326.6   95.02   377.0   387.7   398.8   330.7   298.8   309.9   312.9   274.9   265.4   393.8   311.9   263.5   213.8   224.0   285.9   216.9   252.2   217.8   279.1   259.8   230.5   145.7   171.3   235.3   219.4   169.9   196.8   302.9   295.0   380.1   384.8   369.4   427.8   410.8   279.0   269.5   343.3   276.3   
   12.0e3  36.29   44.02   56.40   115.2   136.9   175.3   115.7   95.27   108.0   107.6   196.1   240.3   224.3   214.4   234.5   184.5   55.54   131.7   166.3   167.6   257.5   235.4   251.2   194.7   185.7   203.8   186.1   192.2   183.8   173.2   185.8   239.4   276.5   242.2   83.15   121.6   304.3   304.5   309.0   241.5   359.2   339.6   305.0   216.5   188.6   287.4   285.3   264.0   218.4   363.2   321.0   260.2   341.1   99.24   393.8   405.0   416.6   345.4   312.0   323.7   326.9   287.1   277.2   411.3   325.8   275.2   223.3   234.0   298.7   226.5   263.4   227.4   291.5   271.3   240.7   152.2   178.9   245.7   229.1   177.5   205.5   316.4   308.1   397.0   401.9   385.8   446.8   429.0   291.4   281.5   358.6   288.6   
   13.0e3  37.78   45.82   58.70   119.9   142.5   182.5   120.4   99.16   112.4   112.0   204.1   250.2   233.4   223.1   244.1   192.0   57.81   137.0   173.1   174.4   268.1   245.0   261.4   202.6   193.3   212.2   193.7   200.0   191.3   180.3   193.4   249.1   287.8   252.1   86.54   126.6   316.8   317.0   321.6   251.4   373.9   353.5   317.4   225.4   196.3   299.2   296.9   274.8   227.4   378.0   334.1   270.8   355.1   103.3   409.9   421.5   433.6   359.5   324.8   336.9   340.2   298.9   288.5   428.1   339.1   286.4   232.5   243.6   310.8   235.7   274.1   236.7   303.4   282.4   250.5   158.4   186.2   255.8   238.5   184.7   213.9   329.3   320.7   413.2   418.4   401.6   465.0   446.6   303.3   293.0   373.2   300.4   
   14.0e3  39.20   47.55   60.92   124.4   147.8   189.4   124.9   102.9   116.6   116.2   211.8   259.6   242.3   231.5   253.3   199.3   59.99   142.2   179.7   181.0   278.2   254.3   271.3   210.3   200.5   220.2   201.0   207.6   198.5   187.1   200.7   258.5   298.7   261.6   89.81   131.4   328.7   328.9   333.8   260.9   388.0   366.8   329.4   233.9   203.8   310.5   308.1   285.1   235.9   392.3   346.8   281.0   368.5   107.2   425.4   437.4   449.9   373.1   337.0   349.7   353.0   310.2   299.4   444.3   351.9   297.2   241.2   252.8   322.6   244.6   284.5   245.7   314.9   293.0   260.0   164.4   193.2   265.4   247.5   191.7   222.0   341.7   332.8   428.8   434.1   416.8   482.6   463.4   314.8   304.1   387.3   311.7   
   15.0e3  40.58   49.22   63.06   128.8   153.0   196.0   129.3   106.5   120.7   120.3   219.2   268.7   250.8   239.7   262.2   206.2   62.10   147.2   186.0   187.3   287.9   263.2   280.8   217.7   207.6   227.9   208.1   214.9   205.5   193.6   207.7   267.6   309.1   270.7   92.96   136.0   340.3   340.5   345.5   270.1   401.6   379.7   341.0   242.1   210.9   321.3   319.0   295.1   244.2   406.1   358.9   290.9   381.4   111.0   440.3   452.8   465.7   386.2   348.9   361.9   365.4   321.0   310.0   459.9   364.2   307.7   249.7   261.6   333.9   253.2   294.5   254.3   325.9   303.3   269.1   170.1   200.0   274.7   256.2   198.4   229.8   353.7   344.5   443.8   449.4   431.4   499.5   479.7   325.8   314.7   400.9   322.7   
   16.0e3  41.91   50.83   65.13   133.0   158.0   202.5   133.6   110.0   124.7   124.3   226.4   277.5   259.0   247.5   270.8   213.0   64.14   152.0   192.1   193.5   297.4   271.8   290.0   224.8   214.4   235.4   214.9   221.9   212.2   200.0   214.6   276.4   319.3   279.6   96.01   140.4   351.4   351.6   356.8   278.9   414.8   392.1   352.1   250.0   217.8   331.9   329.4   304.8   252.2   419.4   370.7   300.4   393.9   114.6   454.7   467.6   481.0   398.9   360.3   373.8   377.4   331.6   320.1   474.9   376.2   317.8   257.9   270.2   344.9   261.5   304.1   262.6   336.6   313.3   278.0   175.7   206.5   283.8   264.6   204.9   237.3   365.3   355.8   458.4   464.1   445.5   515.9   495.4   336.5   325.1   414.1   333.2   
   17.0e3  43.20   52.39   67.13   137.1   162.9   208.7   137.7   113.4   128.5   128.1   233.4   286.1   266.9   255.2   279.1   219.6   66.11   156.7   198.0   199.4   306.5   280.2   298.9   231.7   221.0   242.6   221.5   228.7   218.7   206.1   221.2   284.9   329.1   288.2   98.97   144.8   362.2   362.5   367.8   287.5   427.5   404.2   363.0   257.7   224.5   342.1   339.6   314.2   260.0   432.3   382.1   309.7   406.0   118.1   468.7   482.0   495.8   411.1   371.4   385.3   389.0   341.8   330.0   489.6   387.8   327.5   265.8   278.5   355.5   269.6   313.5   270.7   347.0   322.9   286.5   181.1   212.9   292.5   272.7   211.2   244.6   376.6   366.7   472.5   478.4   459.2   531.8   510.7   346.9   335.1   426.8   343.5   
   18.0e3  44.45   53.91   69.08   141.1   167.6   214.7   141.7   116.7   132.3   131.8   240.2   294.4   274.7   262.6   287.2   225.9   68.03   161.3   203.7   205.2   315.4   288.3   307.6   238.4   227.4   249.7   227.9   235.4   225.1   212.1   227.6   293.2   338.7   296.6   101.8   149.0   372.7   373.0   378.5   295.8   439.9   415.9   373.5   265.2   231.0   352.0   349.4   323.3   267.5   444.8   393.2   318.6   417.8   121.5   482.3   496.0   510.2   423.0   382.2   396.5   400.3   351.7   339.5   503.8   399.0   337.0   273.5   286.6   365.8   277.4   322.6   278.6   357.0   332.3   294.8   186.4   219.1   301.0   280.6   217.4   251.7   387.5   377.3   486.2   492.3   472.6   547.2   525.5   356.9   344.8   439.2   353.4   
   20.0e3  46.85   56.83   72.81   148.7   176.7   226.4   149.3   123.0   139.4   138.9   253.2   310.3   289.5   276.8   302.7   238.2   71.71   170.0   214.8   216.3   332.5   303.9   324.3   251.3   239.7   263.2   240.3   248.1   237.3   223.6   239.9   309.0   357.0   312.6   107.3   157.0   392.9   393.1   398.9   311.8   463.7   438.4   393.7   279.5   243.5   371.1   368.3   340.8   282.0   468.9   414.4   335.9   440.4   128.1   508.4   522.8   537.8   445.9   402.8   417.9   422.0   370.7   357.9   531.0   420.6   355.3   288.3   302.1   385.6   292.4   340.0   293.6   376.3   350.3   310.8   196.5   230.9   317.2   295.8   229.1   265.3   408.4   397.7   512.5   518.9   498.1   576.8   553.9   376.2   363.4   462.9   372.6   
   22.5e3  49.70   60.28   77.23   157.8   187.4   240.1   158.4   130.5   147.9   147.4   268.5   329.1   307.1   293.5   321.1   252.6   76.06   180.3   227.8   229.4   352.6   322.3   343.9   266.6   254.2   279.1   254.8   263.2   251.7   237.1   254.4   327.8   378.6   331.6   113.9   166.5   416.7   417.0   423.1   330.8   491.9   465.0   417.6   296.5   258.3   393.6   390.6   361.5   299.1   497.3   439.6   356.3   467.1   135.9   539.2   554.5   570.4   473.0   427.3   443.3   447.6   393.2   379.6   563.2   446.1   376.8   305.8   320.4   408.9   310.1   360.6   311.4   399.2   371.5   329.6   208.4   244.9   336.5   313.7   243.0   281.4   433.2   421.9   543.6   550.4   528.3   611.8   587.5   399.0   385.5   491.0   395.2   
   25.0e3  52.39   63.54   81.41   166.3   197.5   253.1   166.9   137.5   155.9   155.3   283.0   346.9   323.7   309.4   338.4   266.3   80.17   190.0   240.1   241.9   371.7   339.8   362.5   281.0   268.0   294.2   268.6   277.4   265.3   250.0   268.2   345.5   399.1   349.5   120.0   175.5   439.3   439.5   446.0   348.6   518.5   490.2   440.2   312.5   272.3   414.9   411.8   381.0   315.3   524.2   463.4   375.5   492.4   143.2   568.4   584.5   601.3   498.6   450.4   467.3   471.8   414.5   400.1   593.7   470.2   397.2   322.4   337.8   431.1   326.9   380.2   328.3   420.8   391.6   347.4   219.6   258.2   354.7   330.7   256.2   296.6   456.7   444.7   573.0   580.2   556.9   644.9   619.3   420.6   406.3   517.6   416.5   
   27.5e3  54.94   66.64   85.38   174.4   207.2   265.4   175.1   144.2   163.5   162.9   296.9   363.8   339.5   324.5   355.0   279.3   84.08   199.3   251.8   253.7   389.9   356.4   380.2   294.7   281.1   308.6   281.7   290.9   278.2   262.2   281.3   362.4   418.6   366.6   125.9   184.1   460.7   461.0   467.8   365.7   543.8   514.1   461.7   327.8   285.6   435.1   431.9   399.6   330.7   549.8   486.0   393.9   516.4   150.2   596.2   613.1   630.6   522.9   472.4   490.1   494.8   434.7   419.7   622.7   493.2   416.6   338.1   354.2   452.1   342.9   398.7   344.3   441.3   410.7   364.4   230.4   270.8   372.0   346.8   268.7   311.1   478.9   466.4   601.0   608.5   584.1   676.3   649.5   441.2   426.2   542.8   436.9   
   30.0e3  57.39   69.60   89.18   182.2   216.4   277.2   182.9   150.6   170.8   170.1   310.1   380.0   354.6   339.0   370.7   291.7   87.82   208.2   263.0   264.9   407.2   372.2   397.1   307.8   293.6   322.3   294.3   303.9   290.6   273.8   293.8   378.5   437.2   382.9   131.5   192.3   481.2   481.5   488.6   381.9   567.9   537.0   482.2   342.4   298.3   454.5   451.1   417.4   345.4   574.3   507.6   411.4   539.4   156.9   622.7   640.3   658.7   546.1   493.4   511.9   516.8   454.0   438.3   650.3   515.1   435.1   353.1   370.0   472.2   358.1   416.4   359.6   460.9   429.0   380.6   240.6   282.8   388.5   362.3   280.6   324.9   500.2   487.1   627.7   635.5   610.1   706.4   678.4   460.8   445.1   567.0   456.3   
   32.5e3  59.73   72.44   92.82   189.6   225.2   288.6   190.3   156.8   177.7   177.1   322.7   395.5   369.1   352.8   385.9   303.6   91.41   216.7   273.8   275.8   423.8   387.4   413.3   320.4   305.6   335.5   306.3   316.3   302.5   285.0   305.8   393.9   455.1   398.5   136.8   200.2   500.9   501.1   508.5   397.5   591.1   558.9   501.9   356.3   310.4   473.0   469.5   434.4   359.5   597.7   528.3   428.2   561.4   163.3   648.1   666.5   685.6   568.5   513.5   532.8   537.9   472.6   456.2   676.9   536.1   452.9   367.5   385.1   491.5   372.7   433.4   374.3   479.7   446.5   396.1   250.4   294.4   404.4   377.0   292.1   338.2   520.7   507.0   653.3   661.5   635.0   735.3   706.1   479.6   463.3   590.1   474.9   
   35.0e3  61.98   75.18   96.32   196.8   233.7   299.5   197.5   162.7   184.4   183.8   334.9   410.5   383.0   366.1   400.5   315.0   94.86   224.9   284.1   286.2   439.8   402.0   428.9   332.5   317.1   348.1   317.9   328.2   313.9   295.8   317.3   408.8   472.2   413.6   142.0   207.7   519.8   520.1   527.7   412.5   613.5   580.0   520.8   369.8   322.2   490.9   487.2   450.8   373.0   620.3   548.3   444.3   582.6   169.5   672.6   691.6   711.4   589.9   532.9   552.9   558.2   490.4   473.5   702.4   556.4   470.0   381.4   399.6   510.0   386.8   449.8   388.4   497.9   463.3   411.1   259.9   305.5   419.7   391.3   303.1   351.0   540.3   526.2   678.0   686.5   659.0   763.0   732.7   497.7   480.8   612.4   492.9   
   37.5e3  64.16   77.82   99.71   203.7   241.9   310.0   204.5   168.4   190.9   190.2   346.7   424.9   396.5   379.0   414.5   326.1   98.19   232.7   294.1   296.2   455.3   416.1   444.0   344.1   328.2   360.4   329.0   339.7   324.9   306.1   328.5   423.1   488.8   428.1   147.0   215.0   538.0   538.3   546.3   427.0   635.0   600.3   539.1   382.8   333.5   508.1   504.3   466.7   386.1   642.1   567.5   459.9   603.1   175.4   696.2   715.9   736.4   610.6   551.6   572.3   577.8   507.6   490.1   727.1   575.9   486.5   394.8   413.7   527.9   400.4   465.6   402.1   515.3   479.6   425.5   269.0   316.2   434.4   405.0   313.7   363.3   559.3   544.6   701.8   710.6   682.1   789.8   758.4   515.2   497.6   633.9   510.2   
   40.0e3  66.26   80.37   103.0   210.4   249.9   320.1   211.2   173.9   197.2   196.5   358.0   438.8   409.5   391.4   428.1   336.8   101.4   240.4   303.7   305.9   470.2   429.8   458.6   355.4   339.0   372.2   339.8   350.9   335.5   316.2   339.2   437.0   504.8   442.1   151.8   222.0   555.7   556.0   564.2   441.0   655.8   620.0   556.8   395.3   344.4   524.8   520.9   482.0   398.8   663.1   586.1   475.0   622.8   181.2   719.0   739.4   760.6   630.6   569.7   591.0   596.8   524.2   506.1   750.9   594.8   502.4   407.7   427.2   545.3   413.5   480.9   415.3   532.2   495.3   439.5   277.8   326.6   448.7   418.3   324.0   375.2   577.6   562.5   724.8   733.9   704.4   815.7   783.3   532.1   514.0   654.7   526.9   
   45.0e3  70.28   85.24   109.2   223.1   265.0   339.5   224.0   184.5   209.1   208.4   379.7   465.4   434.3   415.1   454.1   357.2   107.6   255.0   322.1   324.5   498.7   455.9   486.4   377.0   359.5   394.7   360.4   372.2   355.9   335.4   359.8   463.5   535.5   469.0   161.0   235.5   589.4   589.7   598.4   467.8   695.6   657.6   590.5   419.3   365.3   556.6   552.5   511.2   423.0   703.3   621.7   503.8   660.6   192.2   762.6   784.2   806.7   668.9   604.3   626.9   633.0   556.1   536.9   796.5   630.9   532.9   432.5   453.2   578.3   438.6   510.0   440.4   564.5   525.4   466.1   294.7   346.4   475.9   443.7   343.7   398.0   612.7   596.6   768.8   778.4   747.2   865.2   830.8   564.3   545.1   694.4   558.8   
   50.0e3  74.09   89.85   115.1   235.2   279.4   357.9   236.1   194.5   220.4   219.7   400.3   490.6   457.8   437.6   478.6   376.6   113.4   268.8   339.6   342.0   525.7   480.5   512.7   397.4   379.0   416.1   379.9   392.3   375.1   353.5   379.3   488.6   564.4   494.3   169.7   248.3   621.2   621.6   630.8   493.1   733.2   693.2   622.5   442.0   385.1   586.7   582.3   538.9   445.9   741.4   655.3   531.1   696.4   202.6   803.9   826.7   850.3   705.1   636.9   660.8   667.2   586.1   565.9   839.6   665.0   561.7   455.9   477.7   609.6   462.3   537.6   464.3   595.1   553.8   491.4   310.6   365.1   501.6   467.7   362.3   419.5   645.8   628.9   810.3   820.5   787.6   912.0   875.8   594.9   574.6   732.0   589.1   
   55.0e3  77.70   94.24   120.7   246.7   293.0   375.4   247.6   204.0   231.2   230.4   419.8   514.5   480.2   458.9   502.0   394.9   118.9   281.9   356.1   358.7   551.4   504.0   537.7   416.8   397.5   436.4   398.4   411.4   393.5   370.8   397.8   512.4   592.0   518.4   178.0   260.4   651.6   651.9   661.5   517.1   769.0   727.0   652.9   463.6   403.9   615.3   610.8   565.2   467.6   777.6   687.3   557.0   730.4   212.5   843.1   867.0   891.8   739.5   668.0   693.0   699.8   614.7   593.5   880.6   697.5   589.2   478.1   501.0   639.4   484.9   563.9   486.9   624.1   580.8   515.3   325.8   382.9   526.1   490.5   379.9   440.0   677.3   659.6   849.9   860.5   826.0   956.5   918.5   623.9   602.7   767.7   617.8   
   60.0e3  81.16   98.43   126.1   257.6   306.0   392.1   258.6   213.0   241.5   240.6   438.5   537.4   501.5   479.3   524.3   412.5   124.2   294.4   372.0   374.7   575.9   526.4   561.6   435.3   415.2   455.8   416.2   429.7   411.0   387.2   415.5   535.2   618.3   541.5   185.9   272.0   680.5   680.9   691.0   540.1   803.2   759.4   681.9   484.2   421.8   642.7   637.9   590.3   488.4   812.1   717.8   581.8   762.8   221.9   880.6   905.6   931.5   772.4   697.7   723.9   730.9   642.1   619.9   919.7   728.5   615.4   499.4   523.3   667.8   506.5   588.9   508.6   651.8   606.7   538.3   340.3   400.0   549.5   512.3   396.8   459.5   707.5   688.9   887.7   898.8   862.8   999.0   959.4   651.6   629.5   801.8   645.3   
   65.0e3  84.47   102.5   131.3   268.2   318.5   408.1   269.2   221.7   251.3   250.4   456.4   559.4   522.0   498.9   545.7   429.3   129.3   306.4   387.1   390.0   599.4   547.9   584.6   453.1   432.1   474.4   433.2   447.3   427.7   403.1   432.5   557.1   643.5   563.6   193.5   283.1   708.3   708.7   719.2   562.2   836.0   790.4   709.8   504.0   439.0   668.9   664.0   614.4   508.4   845.3   747.2   605.5   794.0   231.0   916.5   942.5   969.5   803.9   726.2   753.4   760.7   668.3   645.2   957.3   758.2   640.5   519.8   544.6   695.1   527.1   613.0   529.3   678.5   631.4   560.2   354.2   416.3   571.9   533.2   413.0   478.3   736.3   717.0   923.9   935.5   898.0   1.040e3 998.5   678.2   655.2   834.6   671.7   
   70.0e3  87.66   106.3   136.2   278.3   330.6   423.5   279.4   230.1   260.8   259.9   473.6   580.5   541.7   517.8   566.3   445.5   134.2   318.0   401.8   404.7   622.0   568.6   606.6   470.2   448.4   492.3   449.5   464.2   443.9   418.3   448.8   578.1   667.8   584.9   200.8   293.7   735.1   735.5   746.3   583.4   867.6   820.2   736.5   523.0   455.6   694.2   689.0   637.6   527.6   877.2   775.4   628.4   824.0   239.7   951.1   978.1   1.006e3 834.3   753.6   781.9   789.4   693.5   669.6   993.4   786.8   664.7   539.4   565.2   721.3   547.0   636.1   549.3   704.1   655.3   581.4   367.5   432.0   593.5   553.4   428.6   496.3   764.1   744.1   958.8   970.8   931.9   1.079e3 1.036e3 703.8   679.9   866.1   697.0   
   80.0e3  93.71   113.7   145.6   297.5   353.4   452.7   298.6   246.0   278.8   277.8   506.3   620.6   579.1   553.5   605.4   476.3   143.4   340.0   429.5   432.7   665.0   607.8   648.5   502.6   479.4   526.3   480.5   496.2   474.5   447.2   479.8   618.0   713.9   625.3   214.7   314.0   785.8   786.3   797.9   623.7   927.5   876.8   787.4   559.1   487.1   742.1   736.6   681.6   564.0   937.8   828.9   671.8   880.9   256.2   1.017e3 1.046e3 1.076e3 891.9   805.7   835.8   843.9   741.4   715.8   1.062e3 841.2   710.6   576.6   604.2   771.1   584.8   680.0   587.3   752.7   700.5   621.5   392.9   461.8   634.5   591.6   458.2   530.6   816.9   795.5   1.025e3 1.038e3 996.2   1.154e3 1.108e3 752.4   726.9   925.9   745.1   
   90.0e3  99.40   120.6   154.5   315.5   374.8   480.2   316.8   260.9   295.8   294.7   537.0   658.2   614.2   587.1   642.1   505.2   152.1   360.6   455.6   458.9   705.3   644.7   687.8   533.1   508.5   558.3   509.7   526.3   503.3   474.3   508.9   655.5   757.3   663.2   227.7   333.1   833.5   834.0   846.3   661.5   983.7   930.0   835.2   593.0   516.6   787.1   781.3   723.0   598.2   994.7   879.2   712.5   934.3   271.8   1.078e3 1.109e3 1.141e3 946.0   854.5   886.6   895.1   786.4   759.2   1.126e3 892.2   753.7   611.6   640.9   817.9   620.3   721.3   622.9   798.3   743.0   659.2   416.7   489.8   673.0   627.4   486.0   562.8   866.5   843.7   1.087e3 1.101e3 1.057e3 1.224e3 1.175e3 798.1   770.9   982.0   790.3   
   100.e3  104.8   127.1   162.8   332.6   395.1   506.2   333.9   275.0   311.8   310.6   566.1   693.8   647.4   618.8   676.9   532.5   160.3   380.1   480.2   483.7   743.5   679.6   725.0   562.0   536.0   588.5   537.3   554.8   530.5   499.9   536.4   691.0   798.2   699.1   240.0   351.1   878.6   879.1   892.0   697.3   1.037e3 980.3   880.3   625.1   544.6   829.7   823.6   762.1   630.6   1.048e3 926.7   751.1   984.8   286.5   1.137e3 1.169e3 1.203e3 997.1   900.8   934.5   943.6   828.9   800.3   1.187e3 940.4   794.4   644.7   675.5   862.1   653.8   760.3   656.6   841.5   783.2   694.9   439.3   516.3   709.4   661.4   512.3   593.2   913.3   889.4   1.146e3 1.160e3 1.114e3 1.290e3 1.239e3 841.2   812.6   1.035e3 833.1   
   110.e3  109.9   133.3   170.8   348.8   414.4   530.9   350.2   288.5   327.0   325.8   593.7   727.7   679.0   649.0   709.9   558.5   168.2   398.6   503.6   507.3   779.7   712.7   760.4   589.4   562.1   617.2   563.5   581.9   556.4   524.3   562.6   724.7   837.2   733.2   251.8   368.2   921.5   922.0   935.6   731.3   1.088e3 1.028e3 923.3   655.6   571.1   870.2   863.7   799.3   661.3   1.100e3 972.0   787.7   1.033e3 300.5   1.192e3 1.226e3 1.261e3 1.046e3 944.7   980.1   989.6   869.4   839.4   1.245e3 986.3   833.2   676.2   708.5   904.2   685.8   797.4   688.6   882.6   821.4   728.8   460.7   541.5   744.0   693.7   537.3   622.2   957.9   932.8   1.202e3 1.217e3 1.168e3 1.353e3 1.299e3 882.3   852.3   1.086e3 873.7   
   120.e3  114.8   139.2   178.4   364.3   432.8   554.5   365.8   301.3   341.5   340.3   620.1   760.0   709.2   677.9   741.5   583.4   175.7   416.4   526.0   529.9   814.4   744.4   794.2   615.6   587.1   644.6   588.5   607.7   581.2   547.7   587.6   756.9   874.4   765.8   263.0   384.6   962.4   963.0   977.2   763.8   1.136e3 1.074e3 964.4   684.7   596.5   908.9   902.2   834.8   690.7   1.149e3 1.015e3 822.7   1.079e3 313.8   1.245e3 1.281e3 1.317e3 1.092e3 986.7   1.024e3 1.034e3 908.0   876.7   1.301e3 1.030e3 870.2   706.2   740.0   944.4   716.3   832.9   719.2   921.9   858.0   761.2   481.2   565.6   777.1   724.5   561.2   649.9   1.000e3 974.3   1.255e3 1.271e3 1.220e3 1.413e3 1.357e3 921.5   890.2   1.134e3 912.6   
   130.e3  119.5   144.9   185.6   379.2   450.5   577.1   380.7   313.6   355.5   354.2   645.4   791.1   738.2   705.6   771.8   607.2   182.8   433.4   547.5   551.5   847.7   774.8   826.7   640.7   611.1   670.9   612.6   632.6   604.9   570.0   611.6   787.8   910.1   797.1   273.7   400.3   1.002e3 1.002e3 1.017e3 795.0   1.182e3 1.118e3 1.004e3 712.7   620.9   946.0   939.0   868.9   719.0   1.195e3 1.057e3 856.3   1.123e3 326.6   1.296e3 1.333e3 1.371e3 1.137e3 1.027e3 1.066e3 1.076e3 945.1   912.5   1.354e3 1.072e3 905.8   735.1   770.2   983.0   745.5   866.9   748.6   959.5   893.0   792.3   500.9   588.7   808.8   754.1   584.1   676.4   1.041e3 1.014e3 1.307e3 1.323e3 1.270e3 1.471e3 1.412e3 959.2   926.6   1.180e3 949.9   
   140.e3  124.0   150.4   192.6   393.5   467.5   598.9   395.1   325.4   368.9   367.6   669.8   820.9   766.1   732.2   800.9   630.1   189.7   449.7   568.2   572.3   879.7   804.1   857.9   664.9   634.2   696.3   635.7   656.4   627.7   591.5   634.7   817.6   944.5   827.2   284.0   415.4   1.040e3 1.040e3 1.055e3 825.0   1.227e3 1.160e3 1.042e3 739.6   644.3   981.7   974.4   901.7   746.1   1.241e3 1.097e3 888.7   1.165e3 339.0   1.345e3 1.383e3 1.423e3 1.180e3 1.066e3 1.106e3 1.116e3 980.8   946.9   1.405e3 1.113e3 940.0   762.8   799.3   1.020e3 773.6   899.6   776.9   995.7   926.7   822.2   519.8   610.9   839.4   782.6   606.2   701.9   1.081e3 1.052e3 1.356e3 1.373e3 1.318e3 1.526e3 1.465e3 995.4   961.5   1.225e3 985.7   
   150.e3  128.3   155.6   199.4   407.4   483.9   619.9   408.9   336.9   381.8   380.5   693.3   849.7   793.0   757.9   829.0   652.2   196.4   465.5   588.1   592.4   910.5   832.3   888.0   688.3   656.4   720.7   658.0   679.5   649.8   612.3   656.9   846.3   977.6   856.2   294.0   430.0   1.076e3 1.077e3 1.093e3 854.0   1.270e3 1.201e3 1.078e3 765.6   666.9   1.016e3 1.009e3 933.3   772.3   1.284e3 1.135e3 919.9   1.206e3 350.9   1.392e3 1.432e3 1.473e3 1.221e3 1.103e3 1.145e3 1.156e3 1.015e3 980.2   1.454e3 1.152e3 973.0   789.6   827.3   1.056e3 800.8   931.2   804.1   1.031e3 959.2   851.1   538.0   632.4   868.8   810.0   627.4   726.6   1.119e3 1.089e3 1.404e3 1.421e3 1.364e3 1.580e3 1.517e3 1.030e3 995.3   1.268e3 1.020e3 
   160.e3  132.5   160.7   206.0   420.7   499.8   640.3   422.4   347.9   394.4   392.9   716.1   877.6   819.0   782.8   856.2   673.6   202.8   480.8   607.4   611.9   940.4   859.6   917.1   710.8   678.0   744.3   679.6   701.8   671.1   632.4   678.5   874.0   1.010e3 884.3   303.6   444.1   1.111e3 1.112e3 1.128e3 882.0   1.312e3 1.240e3 1.114e3 790.7   688.8   1.050e3 1.042e3 964.0   797.6   1.326e3 1.172e3 950.0   1.246e3 362.4   1.438e3 1.479e3 1.521e3 1.261e3 1.139e3 1.182e3 1.194e3 1.048e3 1.012e3 1.502e3 1.190e3 1.005e3 815.5   854.5   1.091e3 827.1   961.7   830.5   1.064e3 990.7   879.0   555.6   653.1   897.3   836.6   648.0   750.4   1.155e3 1.125e3 1.450e3 1.468e3 1.409e3 1.631e3 1.567e3 1.064e3 1.028e3 1.309e3 1.054e3 
   170.e3  136.6   165.7   212.3   433.7   515.1   660.0   435.4   358.6   406.5   405.0   738.1   904.6   844.2   806.9   882.6   694.3   209.1   495.6   626.1   630.7   969.3   886.1   945.3   732.7   698.8   767.2   700.5   723.4   691.7   651.8   699.4   900.9   1.041e3 911.5   313.0   457.8   1.146e3 1.146e3 1.163e3 909.1   1.352e3 1.278e3 1.148e3 815.0   710.0   1.082e3 1.074e3 993.6   822.2   1.367e3 1.208e3 979.3   1.284e3 373.5   1.482e3 1.524e3 1.568e3 1.300e3 1.174e3 1.218e3 1.230e3 1.081e3 1.043e3 1.548e3 1.226e3 1.036e3 840.6   880.8   1.124e3 852.5   991.3   856.1   1.097e3 1.021e3 906.0   572.8   673.2   924.9   862.3   668.0   773.5   1.191e3 1.160e3 1.494e3 1.513e3 1.452e3 1.682e3 1.615e3 1.097e3 1.060e3 1.350e3 1.086e3 
   180.e3  140.6   170.5   218.4   446.2   530.1   679.1   448.0   369.0   418.3   416.8   759.5   930.8   868.6   830.3   908.1   714.5   215.1   509.9   644.3   649.0   997.4   911.7   972.8   754.0   719.1   789.5   720.8   744.3   711.8   670.7   719.6   927.0   1.071e3 937.9   322.1   471.0   1.179e3 1.179e3 1.197e3 935.5   1.391e3 1.315e3 1.181e3 838.6   730.6   1.113e3 1.105e3 1.022e3 846.0   1.407e3 1.243e3 1.008e3 1.321e3 384.4   1.525e3 1.568e3 1.613e3 1.338e3 1.209e3 1.254e3 1.266e3 1.112e3 1.074e3 1.593e3 1.262e3 1.066e3 865.0   906.3   1.157e3 877.2   1.020e3 880.9   1.129e3 1.051e3 932.3   589.4   692.7   951.7   887.3   687.3   795.9   1.225e3 1.193e3 1.538e3 1.557e3 1.494e3 1.730e3 1.662e3 1.129e3 1.090e3 1.389e3 1.118e3 
   200.e3  148.2   179.7   230.3   470.4   558.8   715.8   472.2   389.0   440.9   439.3   800.6   981.2   915.6   875.2   957.3   753.1   226.8   537.5   679.1   684.1   1.051e3 961.1   1.025e3 794.8   758.0   832.2   759.8   784.6   750.3   707.0   758.6   977.2   1.129e3 988.6   339.5   496.5   1.242e3 1.243e3 1.262e3 986.1   1.466e3 1.386e3 1.245e3 884.0   770.1   1.173e3 1.165e3 1.078e3 891.7   1.483e3 1.311e3 1.062e3 1.393e3 405.2   1.608e3 1.653e3 1.701e3 1.410e3 1.274e3 1.322e3 1.334e3 1.172e3 1.132e3 1.679e3 1.330e3 1.123e3 911.7   955.3   1.219e3 924.7   1.075e3 928.5   1.190e3 1.108e3 982.7   621.2   730.2   1.003e3 935.3   724.5   839.0   1.292e3 1.258e3 1.621e3 1.641e3 1.575e3 1.824e3 1.752e3 1.190e3 1.149e3 1.464e3 1.178e3 
   225.e3  153.2   184.9   231.1   493.9   612.9   733.9   490.6   405.4   446.4   462.5   827.7   1.021e3 970.1   924.7   987.5   780.0   278.1   570.9   703.2   712.2   1.093e3 1.023e3 1.062e3 843.7   769.5   849.0   782.4   818.6   770.5   743.1   792.1   1.020e3 1.168e3 1.022e3 339.9   530.9   1.291e3 1.292e3 1.301e3 1.016e3 1.505e3 1.426e3 1.291e3 924.3   816.2   1.225e3 1.219e3 1.118e3 977.1   1.495e3 1.356e3 1.111e3 1.445e3 433.4   1.678e3 1.718e3 1.778e3 1.468e3 1.323e3 1.369e3 1.383e3 1.232e3 1.178e3 1.716e3 1.384e3 1.160e3 950.9   986.6   1.269e3 983.9   1.096e3 954.4   1.224e3 1.149e3 1.037e3 643.9   773.0   1.058e3 970.4   756.0   875.0   1.363e3 1.307e3 1.692e3 1.724e3 1.636e3 1.902e3 1.834e3 1.248e3 1.202e3 1.539e3 1.222e3 
   250.e3  154.1   185.9   220.8   508.4   671.3   724.6   495.4   413.3   434.0   478.8   833.0   1.035e3 1.023e3 967.9   983.8   789.6   339.0   594.1   710.9   727.6   1.109e3 1.082e3 1.069e3 886.6   750.4   829.8   785.3   838.7   756.2   768.9   811.6   1.052e3 1.180e3 1.029e3 321.8   566.6   1.310e3 1.310e3 1.305e3 1.018e3 1.497e3 1.437e3 1.308e3 951.1   862.6   1.251e3 1.260e3 1.133e3 1.068e3 1.440e3 1.366e3 1.143e3 1.461e3 463.3   1.717e3 1.732e3 1.826e3 1.493e3 1.354e3 1.384e3 1.398e3 1.279e3 1.199e3 1.686e3 1.410e3 1.156e3 973.2   991.7   1.294e3 1.046e3 1.070e3 952.0   1.214e3 1.164e3 1.084e3 652.6   815.2   1.103e3 991.2   776.2   897.4   1.421e3 1.330e3 1.729e3 1.793e3 1.661e3 1.943e3 1.885e3 1.299e3 1.244e3 1.598e3 1.236e3 
   275.e3  155.9   191.6   221.2   523.6   706.5   731.4   505.4   425.3   438.4   495.0   853.4   1.060e3 1.077e3 1.011e3 994.6   814.4   357.2   610.2   731.9   754.4   1.139e3 1.137e3 1.089e3 924.9   758.9   830.3   808.8   868.3   752.4   797.5   839.4   1.101e3 1.212e3 1.055e3 318.9   598.4   1.345e3 1.346e3 1.334e3 1.045e3 1.526e3 1.473e3 1.348e3 988.6   910.5   1.289e3 1.309e3 1.168e3 1.122e3 1.447e3 1.401e3 1.185e3 1.498e3 490.8   1.773e3 1.763e3 1.890e3 1.535e3 1.403e3 1.422e3 1.435e3 1.334e3 1.237e3 1.701e3 1.455e3 1.171e3 1.008e3 1.018e3 1.335e3 1.110e3 1.074e3 974.4   1.230e3 1.199e3 1.135e3 674.0   861.3   1.153e3 1.033e3 807.7   933.0   1.480e3 1.374e3 1.782e3 1.878e3 1.715e3 2.003e3 1.949e3 1.366e3 1.303e3 1.664e3 1.269e3 
   300.e3  158.3   199.6   227.9   539.6   731.4   747.8   519.1   440.0   451.8   511.1   882.8   1.091e3 1.131e3 1.054e3 1.017e3 848.7   357.0   624.3   760.9   788.7   1.178e3 1.190e3 1.119e3 961.2   784.3   844.3   844.7   903.5   761.4   828.1   872.4   1.158e3 1.257e3 1.092e3 324.9   628.5   1.391e3 1.393e3 1.379e3 1.088e3 1.577e3 1.523e3 1.402e3 1.033e3 957.1   1.335e3 1.364e3 1.214e3 1.159e3 1.488e3 1.451e3 1.234e3 1.547e3 518.4   1.839e3 1.811e3 1.964e3 1.588e3 1.462e3 1.474e3 1.485e3 1.393e3 1.284e3 1.743e3 1.510e3 1.198e3 1.050e3 1.057e3 1.387e3 1.176e3 1.097e3 1.013e3 1.262e3 1.246e3 1.189e3 703.9   910.3   1.207e3 1.084e3 846.6   977.2   1.540e3 1.431e3 1.845e3 1.974e3 1.786e3 2.076e3 2.021e3 1.443e3 1.374e3 1.736e3 1.313e3 
   325.e3  161.0   208.4   238.4   555.9   751.9   770.1   535.3   456.2   469.7   526.8   917.3   1.126e3 1.183e3 1.096e3 1.049e3 888.8   350.0   638.8   794.8   827.8   1.223e3 1.242e3 1.154e3 996.7   820.1   872.0   888.3   941.6   785.3   859.9   908.4   1.220e3 1.309e3 1.135e3 336.5   657.8   1.444e3 1.446e3 1.432e3 1.140e3 1.641e3 1.581e3 1.464e3 1.082e3 1.000e3 1.386e3 1.422e3 1.268e3 1.190e3 1.550e3 1.510e3 1.287e3 1.604e3 546.8   1.913e3 1.876e3 2.045e3 1.648e3 1.529e3 1.535e3 1.545e3 1.455e3 1.338e3 1.801e3 1.571e3 1.232e3 1.097e3 1.106e3 1.445e3 1.243e3 1.133e3 1.061e3 1.304e3 1.300e3 1.245e3 739.4   961.3   1.263e3 1.140e3 890.5   1.027e3 1.602e3 1.497e3 1.915e3 2.076e3 1.868e3 2.156e3 2.099e3 1.526e3 1.451e3 1.812e3 1.364e3 
   350.e3  164.0   217.5   251.0   572.5   770.7   795.8   553.2   473.2   489.7   542.1   954.6   1.163e3 1.234e3 1.136e3 1.091e3 932.3   341.8   654.6   831.5   870.0   1.270e3 1.293e3 1.192e3 1.032e3 862.4   913.0   936.3   981.0   820.5   892.4   946.0   1.282e3 1.366e3 1.182e3 351.6   686.4   1.500e3 1.504e3 1.490e3 1.200e3 1.712e3 1.645e3 1.530e3 1.133e3 1.037e3 1.440e3 1.480e3 1.325e3 1.220e3 1.623e3 1.574e3 1.342e3 1.665e3 576.5   1.990e3 1.953e3 2.129e3 1.711e3 1.600e3 1.600e3 1.609e3 1.517e3 1.396e3 1.870e3 1.635e3 1.272e3 1.147e3 1.161e3 1.507e3 1.311e3 1.177e3 1.116e3 1.352e3 1.359e3 1.300e3 778.7   1.013e3 1.320e3 1.198e3 937.6   1.081e3 1.663e3 1.568e3 1.988e3 2.181e3 1.958e3 2.241e3 2.179e3 1.612e3 1.532e3 1.888e3 1.419e3 
   375.e3  167.1   226.3   264.8   589.0   789.1   823.4   572.1   490.6   510.3   556.6   993.1   1.201e3 1.282e3 1.175e3 1.141e3 977.8   335.3   672.0   869.8   914.1   1.319e3 1.344e3 1.231e3 1.066e3 908.8   964.1   986.7   1.021e3 861.4   925.0   984.2   1.342e3 1.424e3 1.231e3 368.8   714.6   1.558e3 1.563e3 1.551e3 1.263e3 1.787e3 1.711e3 1.598e3 1.186e3 1.067e3 1.495e3 1.539e3 1.384e3 1.249e3 1.702e3 1.640e3 1.399e3 1.730e3 607.4   2.069e3 2.037e3 2.215e3 1.777e3 1.673e3 1.667e3 1.676e3 1.579e3 1.456e3 1.945e3 1.700e3 1.315e3 1.198e3 1.219e3 1.571e3 1.378e3 1.226e3 1.175e3 1.405e3 1.420e3 1.356e3 820.5   1.066e3 1.378e3 1.255e3 986.4   1.136e3 1.724e3 1.643e3 2.062e3 2.286e3 2.052e3 2.327e3 2.260e3 1.700e3 1.615e3 1.965e3 1.476e3 
   400.e3  170.3   234.7   279.0   605.3   807.8   851.7   591.5   508.0   530.6   570.4   1.032e3 1.238e3 1.327e3 1.214e3 1.194e3 1.024e3 331.7   691.1   908.6   959.2   1.368e3 1.393e3 1.272e3 1.100e3 957.3   1.021e3 1.038e3 1.060e3 904.1   957.4   1.022e3 1.400e3 1.483e3 1.280e3 387.2   742.3   1.616e3 1.624e3 1.611e3 1.328e3 1.863e3 1.777e3 1.667e3 1.239e3 1.090e3 1.552e3 1.596e3 1.443e3 1.280e3 1.782e3 1.707e3 1.455e3 1.795e3 639.4   2.149e3 2.125e3 2.300e3 1.844e3 1.746e3 1.735e3 1.744e3 1.639e3 1.516e3 2.022e3 1.764e3 1.360e3 1.250e3 1.280e3 1.634e3 1.446e3 1.279e3 1.236e3 1.460e3 1.481e3 1.410e3 863.8   1.118e3 1.436e3 1.310e3 1.036e3 1.193e3 1.783e3 1.719e3 2.137e3 2.391e3 2.148e3 2.414e3 2.340e3 1.788e3 1.698e3 2.040e3 1.534e3 
   450.e3  176.7   249.7   306.5   636.8   846.5   908.0   630.8   542.0   568.2   595.5   1.107e3 1.310e3 1.409e3 1.286e3 1.307e3 1.117e3 335.1   733.9   985.8   1.050e3 1.464e3 1.487e3 1.352e3 1.167e3 1.057e3 1.138e3 1.141e3 1.135e3 987.8   1.021e3 1.096e3 1.504e3 1.599e3 1.376e3 425.7   795.9   1.730e3 1.743e3 1.731e3 1.461e3 2.012e3 1.908e3 1.801e3 1.344e3 1.133e3 1.663e3 1.707e3 1.558e3 1.346e3 1.939e3 1.840e3 1.566e3 1.923e3 706.3   2.307e3 2.302e3 2.467e3 1.975e3 1.890e3 1.868e3 1.879e3 1.755e3 1.635e3 2.178e3 1.884e3 1.453e3 1.352e3 1.404e3 1.760e3 1.577e3 1.389e3 1.361e3 1.573e3 1.604e3 1.514e3 952.6   1.220e3 1.550e3 1.415e3 1.136e3 1.307e3 1.896e3 1.873e3 2.284e3 2.593e3 2.340e3 2.583e3 2.496e3 1.961e3 1.862e3 2.187e3 1.649e3 
   500.e3  183.1   262.3   331.1   666.5   886.5   961.3   669.2   574.2   600.5   617.4   1.178e3 1.377e3 1.480e3 1.353e3 1.419e3 1.207e3 352.1   781.7   1.060e3 1.139e3 1.555e3 1.576e3 1.429e3 1.231e3 1.154e3 1.250e3 1.239e3 1.205e3 1.066e3 1.081e3 1.166e3 1.595e3 1.709e3 1.467e3 464.3   847.1   1.839e3 1.859e3 1.842e3 1.591e3 2.153e3 2.031e3 1.928e3 1.444e3 1.195e3 1.771e3 1.811e3 1.667e3 1.418e3 2.085e3 1.966e3 1.672e3 2.046e3 776.0   2.458e3 2.472e3 2.624e3 2.101e3 2.027e3 1.995e3 2.010e3 1.861e3 1.750e3 2.327e3 1.992e3 1.547e3 1.449e3 1.527e3 1.879e3 1.702e3 1.502e3 1.484e3 1.685e3 1.721e3 1.611e3 1.041e3 1.318e3 1.659e3 1.509e3 1.234e3 1.418e3 2.000e3 2.024e3 2.423e3 2.784e3 2.527e3 2.742e3 2.643e3 2.127e3 2.018e3 2.324e3 1.759e3 
   550.e3  189.3   272.5   351.9   694.2   926.9   1.010e3 705.5   604.3   627.3   636.4   1.242e3 1.438e3 1.540e3 1.414e3 1.523e3 1.292e3 380.3   832.9   1.130e3 1.225e3 1.639e3 1.659e3 1.502e3 1.294e3 1.247e3 1.354e3 1.330e3 1.270e3 1.138e3 1.138e3 1.231e3 1.677e3 1.810e3 1.552e3 501.5   895.6   1.940e3 1.967e3 1.945e3 1.717e3 2.283e3 2.145e3 2.046e3 1.539e3 1.285e3 1.874e3 1.906e3 1.768e3 1.494e3 2.216e3 2.084e3 1.772e3 2.162e3 847.2   2.601e3 2.631e3 2.770e3 2.220e3 2.155e3 2.113e3 2.134e3 1.958e3 1.858e3 2.464e3 2.086e3 1.638e3 1.541e3 1.646e3 1.989e3 1.820e3 1.612e3 1.601e3 1.792e3 1.831e3 1.701e3 1.128e3 1.411e3 1.763e3 1.593e3 1.327e3 1.524e3 2.096e3 2.168e3 2.553e3 2.960e3 2.706e3 2.890e3 2.778e3 2.282e3 2.166e3 2.452e3 1.862e3 
   600.e3  195.3   280.9   369.6   720.0   966.4   1.054e3 739.4   632.1   649.0   652.8   1.300e3 1.493e3 1.591e3 1.469e3 1.620e3 1.373e3 416.7   886.3   1.196e3 1.306e3 1.715e3 1.736e3 1.570e3 1.355e3 1.335e3 1.448e3 1.415e3 1.328e3 1.204e3 1.192e3 1.290e3 1.753e3 1.903e3 1.629e3 536.8   941.4   2.034e3 2.068e3 2.038e3 1.835e3 2.400e3 2.250e3 2.153e3 1.628e3 1.387e3 1.970e3 1.994e3 1.860e3 1.573e3 2.330e3 2.193e3 1.865e3 2.268e3 919.1   2.734e3 2.777e3 2.905e3 2.330e3 2.275e3 2.221e3 2.249e3 2.046e3 1.958e3 2.587e3 2.169e3 1.725e3 1.626e3 1.760e3 2.091e3 1.930e3 1.717e3 1.712e3 1.893e3 1.933e3 1.785e3 1.212e3 1.497e3 1.860e3 1.668e3 1.415e3 1.624e3 2.182e3 2.304e3 2.673e3 3.122e3 2.874e3 3.026e3 2.902e3 2.428e3 2.305e3 2.569e3 1.958e3 
   650.e3  201.0   287.7   385.5   743.8   1.004e3 1.093e3 770.5   657.9   666.2   667.1   1.352e3 1.542e3 1.635e3 1.517e3 1.708e3 1.449e3 458.9   940.8   1.257e3 1.382e3 1.785e3 1.807e3 1.632e3 1.414e3 1.416e3 1.533e3 1.492e3 1.382e3 1.264e3 1.243e3 1.344e3 1.825e3 1.988e3 1.699e3 569.9   984.6   2.119e3 2.161e3 2.123e3 1.946e3 2.506e3 2.345e3 2.251e3 1.710e3 1.490e3 2.061e3 2.074e3 1.944e3 1.653e3 2.428e3 2.293e3 1.952e3 2.366e3 990.8   2.858e3 2.911e3 3.029e3 2.433e3 2.385e3 2.320e3 2.357e3 2.126e3 2.051e3 2.696e3 2.243e3 1.809e3 1.704e3 1.866e3 2.184e3 2.032e3 1.818e3 1.816e3 1.987e3 2.027e3 1.862e3 1.292e3 1.577e3 1.951e3 1.735e3 1.497e3 1.718e3 2.260e3 2.432e3 2.783e3 3.270e3 3.031e3 3.150e3 3.015e3 2.563e3 2.433e3 2.678e3 2.047e3 
   700.e3  206.4   293.3   400.8   765.9   1.039e3 1.127e3 798.9   681.6   679.8   679.6   1.399e3 1.586e3 1.671e3 1.561e3 1.788e3 1.519e3 504.5   995.4   1.314e3 1.454e3 1.847e3 1.873e3 1.689e3 1.471e3 1.490e3 1.609e3 1.562e3 1.431e3 1.319e3 1.291e3 1.393e3 1.893e3 2.065e3 1.763e3 600.9   1.025e3 2.196e3 2.247e3 2.199e3 2.049e3 2.600e3 2.431e3 2.341e3 1.786e3 1.587e3 2.146e3 2.147e3 2.020e3 1.731e3 2.513e3 2.385e3 2.032e3 2.455e3 1.062e3 2.973e3 3.034e3 3.143e3 2.528e3 2.486e3 2.411e3 2.456e3 2.199e3 2.137e3 2.792e3 2.313e3 1.887e3 1.776e3 1.966e3 2.268e3 2.126e3 1.913e3 1.911e3 2.074e3 2.113e3 1.934e3 1.368e3 1.652e3 2.035e3 1.796e3 1.575e3 1.805e3 2.330e3 2.552e3 2.885e3 3.405e3 3.176e3 3.263e3 3.118e3 2.689e3 2.552e3 2.777e3 2.129e3 
   800.e3  216.4   301.7   432.4   805.4   1.102e3 1.183e3 847.9   723.9   698.7   700.7   1.479e3 1.659e3 1.729e3 1.634e3 1.927e3 1.647e3 600.0   1.103e3 1.415e3 1.583e3 1.956e3 1.990e3 1.791e3 1.581e3 1.622e3 1.740e3 1.683e3 1.517e3 1.416e3 1.378e3 1.479e3 2.019e3 2.198e3 1.873e3 656.9   1.100e3 2.332e3 2.400e3 2.329e3 2.234e3 2.761e3 2.580e3 2.495e3 1.923e3 1.760e3 2.298e3 2.276e3 2.151e3 1.881e3 2.647e3 2.546e3 2.178e3 2.610e3 1.200e3 3.178e3 3.250e3 3.342e3 2.697e3 2.664e3 2.570e3 2.634e3 2.326e3 2.289e3 2.948e3 2.442e3 2.031e3 1.903e3 2.145e3 2.414e3 2.294e3 2.084e3 2.082e3 2.228e3 2.263e3 2.062e3 1.508e3 1.785e3 2.188e3 1.902e3 1.713e3 1.963e3 2.450e3 2.766e3 3.062e3 3.640e3 3.436e3 3.460e3 3.296e3 2.914e3 2.764e3 2.954e3 2.274e3 
   900.e3  225.2   308.1   464.8   839.3   1.152e3 1.224e3 887.4   760.3   710.2   717.9   1.542e3 1.717e3 1.772e3 1.694e3 2.041e3 1.759e3 694.4   1.206e3 1.503e3 1.696e3 2.044e3 2.091e3 1.878e3 1.684e3 1.733e3 1.846e3 1.783e3 1.591e3 1.497e3 1.455e3 1.551e3 2.125e3 2.309e3 1.964e3 706.0   1.167e3 2.444e3 2.531e3 2.436e3 2.392e3 2.890e3 2.702e3 2.624e3 2.040e3 1.906e3 2.431e3 2.385e3 2.260e3 2.018e3 2.745e3 2.682e3 2.304e3 2.740e3 1.331e3 3.354e3 3.433e3 3.510e3 2.843e3 2.815e3 2.705e3 2.787e3 2.432e3 2.419e3 3.066e3 2.566e3 2.159e3 2.010e3 2.300e3 2.535e3 2.437e3 2.235e3 2.227e3 2.357e3 2.388e3 2.175e3 1.634e3 1.901e3 2.321e3 1.992e3 1.833e3 2.099e3 2.549e3 2.952e3 3.211e3 3.835e3 3.658e3 3.624e3 3.445e3 3.108e3 2.946e3 3.105e3 2.397e3 
   1.00e6  233.0   313.3   495.9   868.8   1.190e3 1.254e3 919.1   792.2   717.7   732.6   1.595e3 1.764e3 1.805e3 1.743e3 2.136e3 1.858e3 783.3   1.302e3 1.581e3 1.795e3 2.118e3 2.177e3 1.952e3 1.782e3 1.826e3 1.933e3 1.865e3 1.655e3 1.567e3 1.525e3 1.612e3 2.214e3 2.402e3 2.041e3 749.7   1.227e3 2.539e3 2.643e3 2.525e3 2.528e3 2.996e3 2.805e3 2.733e3 2.142e3 2.032e3 2.547e3 2.480e3 2.351e3 2.141e3 2.818e3 2.799e3 2.417e3 2.850e3 1.455e3 3.506e3 3.591e3 3.652e3 2.970e3 2.945e3 2.821e3 2.921e3 2.524e3 2.531e3 3.156e3 2.685e3 2.272e3 2.102e3 2.435e3 2.636e3 2.560e3 2.366e3 2.352e3 2.467e3 2.495e3 2.275e3 1.747e3 2.001e3 2.437e3 2.071e3 1.938e3 2.218e3 2.631e3 3.114e3 3.338e3 3.999e3 3.850e3 3.761e3 3.571e3 3.278e3 3.104e3 3.236e3 2.504e3 
   1.10e6  239.8   318.0   524.4   894.7   1.220e3 1.275e3 944.5   820.6   723.2   745.8   1.638e3 1.802e3 1.831e3 1.786e3 2.217e3 1.947e3 865.0   1.392e3 1.649e3 1.882e3 2.180e3 2.252e3 2.017e3 1.875e3 1.907e3 2.005e3 1.935e3 1.713e3 1.627e3 1.588e3 1.664e3 2.288e3 2.482e3 2.106e3 789.2   1.282e3 2.621e3 2.742e3 2.601e3 2.645e3 3.084e3 2.892e3 2.826e3 2.231e3 2.142e3 2.648e3 2.562e3 2.429e3 2.251e3 2.873e3 2.901e3 2.517e3 2.943e3 1.572e3 3.640e3 3.728e3 3.775e3 3.082e3 3.058e3 2.923e3 3.039e3 2.604e3 2.630e3 3.226e3 2.799e3 2.373e3 2.182e3 2.552e3 2.721e3 2.666e3 2.481e3 2.459e3 2.560e3 2.585e3 2.366e3 1.850e3 2.089e3 2.539e3 2.144e3 2.030e3 2.322e3 2.701e3 3.257e3 3.447e3 4.139e3 4.016e3 3.878e3 3.679e3 3.427e3 3.243e3 3.351e3 2.598e3 
   1.20e6  245.7   322.5   550.3   917.6   1.242e3 1.289e3 964.7   846.2   728.1   758.0   1.676e3 1.833e3 1.853e3 1.824e3 2.286e3 2.029e3 939.2   1.477e3 1.712e3 1.960e3 2.233e3 2.318e3 2.075e3 1.964e3 1.976e3 2.066e3 1.995e3 1.765e3 1.679e3 1.646e3 1.709e3 2.350e3 2.551e3 2.164e3 825.7   1.333e3 2.692e3 2.829e3 2.667e3 2.749e3 3.159e3 2.968e3 2.907e3 2.312e3 2.239e3 2.738e3 2.636e3 2.496e3 2.348e3 2.917e3 2.991e3 2.609e3 3.024e3 1.682e3 3.758e3 3.849e3 3.883e3 3.183e3 3.158e3 3.014e3 3.145e3 2.676e3 2.718e3 3.282e3 2.906e3 2.464e3 2.253e3 2.656e3 2.794e3 2.760e3 2.583e3 2.554e3 2.640e3 2.664e3 2.448e3 1.943e3 2.167e3 2.631e3 2.211e3 2.111e3 2.414e3 2.763e3 3.383e3 3.543e3 4.259e3 4.161e3 3.979e3 3.774e3 3.562e3 3.366e3 3.453e3 2.683e3 
   1.30e6  250.9   327.2   573.6   938.2   1.258e3 1.299e3 981.1   869.8   733.3   769.9   1.708e3 1.860e3 1.872e3 1.859e3 2.346e3 2.104e3 1.006e3 1.555e3 1.769e3 2.030e3 2.279e3 2.377e3 2.127e3 2.048e3 2.037e3 2.119e3 2.047e3 1.814e3 1.726e3 1.699e3 1.750e3 2.402e3 2.613e3 2.215e3 859.9   1.381e3 2.755e3 2.909e3 2.727e3 2.840e3 3.224e3 3.035e3 2.980e3 2.384e3 2.326e3 2.818e3 2.703e3 2.557e3 2.434e3 2.954e3 3.073e3 2.694e3 3.095e3 1.786e3 3.864e3 3.958e3 3.980e3 3.275e3 3.249e3 3.098e3 3.241e3 2.742e3 2.798e3 3.329e3 3.008e3 2.547e3 2.317e3 2.748e3 2.858e3 2.844e3 2.674e3 2.638e3 2.710e3 2.733e3 2.525e3 2.029e3 2.237e3 2.714e3 2.274e3 2.184e3 2.497e3 2.818e3 3.496e3 3.628e3 4.364e3 4.291e3 4.068e3 3.858e3 3.683e3 3.477e3 3.546e3 2.760e3 
   1.40e6  255.6   332.1   594.9   957.0   1.271e3 1.305e3 994.4   891.8   739.2   781.6   1.737e3 1.883e3 1.891e3 1.892e3 2.400e3 2.174e3 1.067e3 1.628e3 1.822e3 2.093e3 2.320e3 2.430e3 2.174e3 2.129e3 2.091e3 2.165e3 2.093e3 1.860e3 1.769e3 1.750e3 1.786e3 2.448e3 2.668e3 2.261e3 892.7   1.427e3 2.812e3 2.982e3 2.781e3 2.922e3 3.282e3 3.096e3 3.046e3 2.451e3 2.407e3 2.890e3 2.765e3 2.612e3 2.511e3 2.987e3 3.148e3 2.773e3 3.159e3 1.885e3 3.960e3 4.058e3 4.068e3 3.361e3 3.332e3 3.176e3 3.330e3 2.804e3 2.871e3 3.368e3 3.104e3 2.624e3 2.375e3 2.832e3 2.916e3 2.920e3 2.756e3 2.715e3 2.772e3 2.796e3 2.597e3 2.110e3 2.302e3 2.790e3 2.336e3 2.251e3 2.572e3 2.869e3 3.599e3 3.706e3 4.458e3 4.407e3 4.148e3 3.935e3 3.795e3 3.579e3 3.632e3 2.831e3 
   1.50e6  259.7   337.2   614.5   974.4   1.281e3 1.310e3 1.005e3 912.7   746.1   793.4   1.764e3 1.904e3 1.908e3 1.925e3 2.449e3 2.241e3 1.122e3 1.697e3 1.873e3 2.152e3 2.359e3 2.479e3 2.219e3 2.206e3 2.139e3 2.206e3 2.135e3 1.904e3 1.809e3 1.798e3 1.820e3 2.489e3 2.719e3 2.304e3 924.4   1.471e3 2.866e3 3.050e3 2.832e3 2.997e3 3.334e3 3.153e3 3.108e3 2.514e3 2.481e3 2.954e3 2.823e3 2.662e3 2.580e3 3.017e3 3.219e3 2.849e3 3.218e3 1.980e3 4.048e3 4.151e3 4.149e3 3.441e3 3.409e3 3.249e3 3.413e3 2.863e3 2.939e3 3.403e3 3.195e3 2.695e3 2.430e3 2.908e3 2.968e3 2.990e3 2.830e3 2.785e3 2.829e3 2.853e3 2.665e3 2.185e3 2.361e3 2.860e3 2.396e3 2.312e3 2.642e3 2.918e3 3.694e3 3.777e3 4.543e3 4.514e3 4.221e3 4.007e3 3.900e3 3.674e3 3.713e3 2.899e3 
   1.60e6  263.4   342.5   632.8   990.7   1.289e3 1.314e3 1.015e3 932.9   754.3   805.4   1.790e3 1.923e3 1.926e3 1.956e3 2.494e3 2.305e3 1.172e3 1.762e3 1.922e3 2.207e3 2.394e3 2.524e3 2.261e3 2.281e3 2.184e3 2.244e3 2.174e3 1.946e3 1.846e3 1.843e3 1.852e3 2.526e3 2.767e3 2.345e3 955.7   1.514e3 2.916e3 3.115e3 2.881e3 3.067e3 3.383e3 3.207e3 3.166e3 2.574e3 2.551e3 3.013e3 2.879e3 2.711e3 2.643e3 3.047e3 3.286e3 2.922e3 3.274e3 2.070e3 4.131e3 4.238e3 4.225e3 3.519e3 3.483e3 3.320e3 3.492e3 2.919e3 3.004e3 3.434e3 3.283e3 2.763e3 2.481e3 2.979e3 3.017e3 3.056e3 2.900e3 2.851e3 2.880e3 2.906e3 2.730e3 2.257e3 2.417e3 2.926e3 2.455e3 2.370e3 2.707e3 2.964e3 3.784e3 3.845e3 4.622e3 4.613e3 4.289e3 4.075e3 3.999e3 3.763e3 3.790e3 2.964e3 
   1.70e6  266.8   348.0   650.2   1.006e3 1.297e3 1.319e3 1.023e3 952.5   763.7   817.8   1.814e3 1.942e3 1.945e3 1.988e3 2.537e3 2.367e3 1.217e3 1.823e3 1.969e3 2.258e3 2.428e3 2.568e3 2.301e3 2.354e3 2.225e3 2.280e3 2.210e3 1.988e3 1.881e3 1.888e3 1.883e3 2.561e3 2.813e3 2.385e3 986.8   1.556e3 2.965e3 3.178e3 2.929e3 3.132e3 3.430e3 3.258e3 3.223e3 2.631e3 2.618e3 3.067e3 2.932e3 2.757e3 2.701e3 3.077e3 3.351e3 2.992e3 3.327e3 2.158e3 4.210e3 4.322e3 4.298e3 3.593e3 3.554e3 3.389e3 3.568e3 2.975e3 3.066e3 3.464e3 3.369e3 2.828e3 2.531e3 3.045e3 3.063e3 3.119e3 2.965e3 2.913e3 2.929e3 2.957e3 2.794e3 2.326e3 2.471e3 2.990e3 2.513e3 2.425e3 2.769e3 3.010e3 3.868e3 3.910e3 4.695e3 4.706e3 4.355e3 4.141e3 4.094e3 3.848e3 3.864e3 3.027e3 
   1.80e6  269.9   353.8   666.8   1.021e3 1.304e3 1.323e3 1.030e3 971.8   774.4   830.6   1.839e3 1.960e3 1.964e3 2.020e3 2.578e3 2.427e3 1.259e3 1.880e3 2.015e3 2.308e3 2.462e3 2.609e3 2.340e3 2.425e3 2.264e3 2.315e3 2.244e3 2.029e3 1.915e3 1.931e3 1.913e3 2.595e3 2.858e3 2.423e3 1.018e3 1.598e3 3.012e3 3.239e3 2.976e3 3.194e3 3.475e3 3.309e3 3.278e3 2.687e3 2.682e3 3.118e3 2.985e3 2.803e3 2.755e3 3.109e3 3.414e3 3.062e3 3.378e3 2.243e3 4.286e3 4.404e3 4.369e3 3.667e3 3.623e3 3.457e3 3.642e3 3.030e3 3.127e3 3.493e3 3.452e3 2.890e3 2.580e3 3.109e3 3.108e3 3.179e3 3.027e3 2.974e3 2.975e3 3.006e3 2.855e3 2.393e3 2.522e3 3.051e3 2.571e3 2.477e3 2.828e3 3.056e3 3.949e3 3.973e3 4.765e3 4.796e3 4.418e3 4.206e3 4.186e3 3.931e3 3.937e3 3.090e3 
   2.00e6  275.8   365.9   698.5   1.050e3 1.318e3 1.335e3 1.044e3 1.010e3 799.5   857.5   1.887e3 1.995e3 2.005e3 2.085e3 2.656e3 2.546e3 1.335e3 1.986e3 2.107e3 2.402e3 2.527e3 2.690e3 2.418e3 2.563e3 2.338e3 2.381e3 2.310e3 2.111e3 1.982e3 2.015e3 1.972e3 2.660e3 2.945e3 2.500e3 1.082e3 1.683e3 3.107e3 3.359e3 3.071e3 3.313e3 3.562e3 3.409e3 3.386e3 2.797e3 2.807e3 3.210e3 3.088e3 2.893e3 2.855e3 3.178e3 3.539e3 3.199e3 3.480e3 2.409e3 4.432e3 4.562e3 4.507e3 3.812e3 3.760e3 3.591e3 3.787e3 3.140e3 3.245e3 3.551e3 3.616e3 3.011e3 2.676e3 3.230e3 3.197e3 3.297e3 3.143e3 3.091e3 3.064e3 3.101e3 2.976e3 2.522e3 2.620e3 3.168e3 2.689e3 2.578e3 2.943e3 3.150e3 4.104e3 4.097e3 4.899e3 4.966e3 4.542e3 4.335e3 4.364e3 4.090e3 4.080e3 3.216e3 
   2.25e6  282.6   381.8   737.1   1.086e3 1.338e3 1.356e3 1.061e3 1.059e3 837.5   894.3   1.950e3 2.042e3 2.064e3 2.171e3 2.753e3 2.693e3 1.416e3 2.102e3 2.222e3 2.516e3 2.611e3 2.789e3 2.516e3 2.729e3 2.425e3 2.463e3 2.390e3 2.215e3 2.065e3 2.120e3 2.047e3 2.742e3 3.053e3 2.597e3 1.165e3 1.793e3 3.227e3 3.511e3 3.193e3 3.457e3 3.670e3 3.537e3 3.525e3 2.934e3 2.958e3 3.314e3 3.219e3 3.009e3 2.971e3 3.277e3 3.696e3 3.370e3 3.608e3 2.611e3 4.612e3 4.760e3 4.681e3 3.996e3 3.933e3 3.760e3 3.966e3 3.282e3 3.390e3 3.627e3 3.818e3 3.161e3 2.798e3 3.375e3 3.309e3 3.442e3 3.282e3 3.236e3 3.174e3 3.221e3 3.126e3 2.680e3 2.740e3 3.313e3 2.840e3 2.702e3 3.082e3 3.274e3 4.292e3 4.254e3 5.062e3 5.173e3 4.698e3 4.502e3 4.583e3 4.288e3 4.260e3 3.378e3 
   2.50e6  289.4   398.6   775.7   1.123e3 1.361e3 1.384e3 1.080e3 1.110e3 882.1   934.6   2.017e3 2.094e3 2.130e3 2.264e3 2.851e3 2.842e3 1.487e3 2.204e3 2.341e3 2.629e3 2.701e3 2.892e3 2.618e3 2.891e3 2.510e3 2.549e3 2.471e3 2.322e3 2.150e3 2.225e3 2.125e3 2.829e3 3.166e3 2.699e3 1.255e3 1.908e3 3.354e3 3.668e3 3.324e3 3.601e3 3.782e3 3.673e3 3.669e3 3.075e3 3.110e3 3.413e3 3.355e3 3.130e3 3.083e3 3.393e3 3.858e3 3.545e3 3.743e3 2.814e3 4.795e3 4.962e3 4.860e3 4.187e3 4.112e3 3.932e3 4.148e3 3.433e3 3.537e3 3.713e3 4.024e3 3.312e3 2.925e3 3.520e3 3.428e3 3.592e3 3.420e3 3.384e3 3.287e3 3.345e3 3.276e3 2.838e3 2.861e3 3.459e3 2.997e3 2.827e3 3.224e3 3.409e3 4.481e3 4.418e3 5.226e3 5.382e3 4.862e3 4.680e3 4.806e3 4.488e3 4.448e3 3.549e3 
   2.75e6  296.4   416.5   815.2   1.162e3 1.389e3 1.419e3 1.101e3 1.163e3 932.6   978.4   2.089e3 2.151e3 2.204e3 2.364e3 2.954e3 2.995e3 1.552e3 2.293e3 2.465e3 2.745e3 2.797e3 2.999e3 2.726e3 3.052e3 2.598e3 2.641e3 2.554e3 2.432e3 2.240e3 2.334e3 2.208e3 2.924e3 3.283e3 2.808e3 1.352e3 2.031e3 3.490e3 3.833e3 3.465e3 3.751e3 3.899e3 3.819e3 3.822e3 3.223e3 3.266e3 3.513e3 3.497e3 3.260e3 3.196e3 3.525e3 4.027e3 3.726e3 3.887e3 3.020e3 4.987e3 5.174e3 5.049e3 4.389e3 4.300e3 4.110e3 4.338e3 3.592e3 3.687e3 3.811e3 4.237e3 3.468e3 3.059e3 3.669e3 3.554e3 3.749e3 3.560e3 3.539e3 3.407e3 3.477e3 3.430e3 2.999e3 2.985e3 3.610e3 3.162e3 2.957e3 3.370e3 3.557e3 4.674e3 4.592e3 5.395e3 5.597e3 5.037e3 4.870e3 5.036e3 4.696e3 4.644e3 3.732e3 
   3.00e6  304.0   435.5   856.0   1.202e3 1.421e3 1.460e3 1.125e3 1.220e3 988.5   1.026e3 2.167e3 2.214e3 2.285e3 2.470e3 3.061e3 3.153e3 1.615e3 2.373e3 2.595e3 2.865e3 2.900e3 3.113e3 2.841e3 3.213e3 2.690e3 2.738e3 2.640e3 2.547e3 2.335e3 2.447e3 2.298e3 3.025e3 3.407e3 2.924e3 1.456e3 2.163e3 3.636e3 4.007e3 3.615e3 3.907e3 4.025e3 3.974e3 3.985e3 3.377e3 3.427e3 3.616e3 3.648e3 3.398e3 3.312e3 3.672e3 4.204e3 3.914e3 4.042e3 3.233e3 5.189e3 5.395e3 5.249e3 4.603e3 4.498e3 4.293e3 4.535e3 3.762e3 3.843e3 3.920e3 4.457e3 3.631e3 3.202e3 3.822e3 3.691e3 3.914e3 3.705e3 3.702e3 3.534e3 3.617e3 3.589e3 3.164e3 3.113e3 3.768e3 3.335e3 3.093e3 3.523e3 3.717e3 4.874e3 4.777e3 5.572e3 5.821e3 5.225e3 5.076e3 5.275e3 4.914e3 4.853e3 3.929e3 
   3.25e6  312.1   456.0   898.3   1.245e3 1.458e3 1.507e3 1.153e3 1.280e3 1.049e3 1.077e3 2.251e3 2.283e3 2.373e3 2.582e3 3.174e3 3.317e3 1.678e3 2.449e3 2.731e3 2.989e3 3.011e3 3.234e3 2.962e3 3.374e3 2.786e3 2.842e3 2.731e3 2.667e3 2.435e3 2.564e3 2.393e3 3.135e3 3.538e3 3.047e3 1.568e3 2.303e3 3.791e3 4.191e3 3.777e3 4.071e3 4.159e3 4.141e3 4.158e3 3.541e3 3.594e3 3.727e3 3.807e3 3.545e3 3.433e3 3.834e3 4.390e3 4.109e3 4.207e3 3.454e3 5.402e3 5.628e3 5.460e3 4.828e3 4.707e3 4.480e3 4.741e3 3.943e3 4.003e3 4.041e3 4.687e3 3.802e3 3.353e3 3.983e3 3.836e3 4.090e3 3.855e3 3.874e3 3.671e3 3.766e3 3.754e3 3.335e3 3.247e3 3.934e3 3.515e3 3.236e3 3.684e3 3.889e3 5.083e3 4.974e3 5.757e3 6.056e3 5.425e3 5.296e3 5.526e3 5.142e3 5.073e3 4.139e3 
   3.50e6  320.9   478.0   942.2   1.290e3 1.499e3 1.559e3 1.185e3 1.343e3 1.115e3 1.130e3 2.339e3 2.357e3 2.467e3 2.700e3 3.293e3 3.486e3 1.746e3 2.525e3 2.874e3 3.118e3 3.129e3 3.362e3 3.091e3 3.537e3 2.888e3 2.953e3 2.827e3 2.790e3 2.540e3 2.686e3 2.494e3 3.252e3 3.675e3 3.177e3 1.688e3 2.452e3 3.956e3 4.385e3 3.948e3 4.244e3 4.303e3 4.317e3 4.340e3 3.712e3 3.767e3 3.847e3 3.975e3 3.702e3 3.560e3 4.010e3 4.583e3 4.311e3 4.384e3 3.683e3 5.626e3 5.873e3 5.683e3 5.067e3 4.927e3 4.673e3 4.957e3 4.135e3 4.169e3 4.175e3 4.926e3 3.982e3 3.513e3 4.150e3 3.992e3 4.275e3 4.012e3 4.056e3 3.816e3 3.924e3 3.925e3 3.511e3 3.386e3 4.107e3 3.704e3 3.385e3 3.853e3 4.075e3 5.299e3 5.184e3 5.951e3 6.301e3 5.638e3 5.531e3 5.787e3 5.382e3 5.306e3 4.363e3 
   3.75e6  330.4   501.7   987.7   1.337e3 1.543e3 1.615e3 1.220e3 1.410e3 1.184e3 1.188e3 2.433e3 2.436e3 2.567e3 2.824e3 3.416e3 3.660e3 1.821e3 2.604e3 3.023e3 3.252e3 3.254e3 3.497e3 3.227e3 3.702e3 2.996e3 3.071e3 2.928e3 2.918e3 2.651e3 2.812e3 2.601e3 3.377e3 3.819e3 3.314e3 1.817e3 2.611e3 4.131e3 4.588e3 4.129e3 4.425e3 4.457e3 4.504e3 4.531e3 3.891e3 3.948e3 3.976e3 4.150e3 3.866e3 3.693e3 4.198e3 4.784e3 4.519e3 4.571e3 3.923e3 5.861e3 6.128e3 5.916e3 5.317e3 5.157e3 4.869e3 5.182e3 4.337e3 4.340e3 4.319e3 5.174e3 4.169e3 3.682e3 4.324e3 4.156e3 4.470e3 4.176e3 4.246e3 3.970e3 4.091e3 4.102e3 3.693e3 3.532e3 4.288e3 3.902e3 3.543e3 4.029e3 4.271e3 5.524e3 5.404e3 6.154e3 6.558e3 5.864e3 5.780e3 6.061e3 5.633e3 5.551e3 4.601e3 
   4.00e6  340.6   527.1   1.035e3 1.386e3 1.592e3 1.674e3 1.258e3 1.479e3 1.257e3 1.248e3 2.530e3 2.520e3 2.672e3 2.952e3 3.544e3 3.839e3 1.903e3 2.689e3 3.179e3 3.392e3 3.385e3 3.639e3 3.369e3 3.869e3 3.110e3 3.194e3 3.034e3 3.050e3 2.767e3 2.942e3 2.714e3 3.509e3 3.968e3 3.457e3 1.954e3 2.779e3 4.315e3 4.800e3 4.319e3 4.615e3 4.622e3 4.700e3 4.732e3 4.078e3 4.134e3 4.114e3 4.333e3 4.039e3 3.832e3 4.398e3 4.991e3 4.735e3 4.767e3 4.172e3 6.107e3 6.393e3 6.160e3 5.579e3 5.396e3 5.070e3 5.416e3 4.549e3 4.517e3 4.474e3 5.431e3 4.365e3 3.858e3 4.505e3 4.329e3 4.674e3 4.346e3 4.445e3 4.133e3 4.267e3 4.286e3 3.881e3 3.683e3 4.476e3 4.106e3 3.707e3 4.214e3 4.479e3 5.756e3 5.636e3 6.364e3 6.825e3 6.101e3 6.043e3 6.345e3 5.894e3 5.807e3 4.852e3 
   4.50e6  363.0   582.7   1.133e3 1.489e3 1.699e3 1.803e3 1.343e3 1.627e3 1.413e3 1.376e3 2.738e3 2.700e3 2.894e3 3.222e3 3.812e3 4.210e3 2.098e3 2.886e3 3.506e3 3.684e3 3.665e3 3.941e3 3.672e3 4.211e3 3.354e3 3.457e3 3.263e3 3.325e3 3.014e3 3.213e3 2.954e3 3.790e3 4.283e3 3.761e3 2.252e3 3.140e3 4.707e3 5.248e3 4.723e3 5.016e3 4.984e3 5.117e3 5.156e3 4.474e3 4.525e3 4.421e3 4.721e3 4.406e3 4.130e3 4.827e3 5.424e3 5.182e3 5.189e3 4.700e3 6.626e3 6.952e3 6.676e3 6.135e3 5.899e3 5.482e3 5.908e3 5.000e3 4.885e3 4.811e3 5.968e3 4.780e3 4.233e3 4.887e3 4.699e3 5.109e3 4.704e3 4.866e3 4.482e3 4.642e3 4.672e3 4.271e3 4.003e3 4.874e3 4.537e3 4.056e3 4.605e3 4.926e3 6.243e3 6.129e3 6.808e3 7.386e3 6.607e3 6.607e3 6.944e3 6.446e3 6.351e3 5.393e3 
   5.00e6  388.2   644.2   1.235e3 1.599e3 1.817e3 1.943e3 1.439e3 1.785e3 1.581e3 1.515e3 2.957e3 2.893e3 3.130e3 3.504e3 4.092e3 4.593e3 2.333e3 3.121e3 3.852e3 3.991e3 3.965e3 4.264e3 3.996e3 4.561e3 3.620e3 3.738e3 3.514e3 3.611e3 3.277e3 3.497e3 3.212e3 4.092e3 4.614e3 4.084e3 2.579e3 3.533e3 5.128e3 5.723e3 5.157e3 5.445e3 5.385e3 5.563e3 5.607e3 4.894e3 4.937e3 4.761e3 5.133e3 4.799e3 4.453e3 5.291e3 5.877e3 5.648e3 5.642e3 5.265e3 7.176e3 7.541e3 7.222e3 6.729e3 6.431e3 5.907e3 6.428e3 5.484e3 5.272e3 5.182e3 6.531e3 5.223e3 4.634e3 5.292e3 5.095e3 5.574e3 5.083e3 5.315e3 4.860e3 5.044e3 5.082e3 4.678e3 4.343e3 5.297e3 4.993e3 4.429e3 5.023e3 5.409e3 6.754e3 6.657e3 7.280e3 7.980e3 7.151e3 7.216e3 7.579e3 7.034e3 6.933e3 5.981e3 
   5.50e6  416.0   710.6   1.340e3 1.712e3 1.944e3 2.091e3 1.545e3 1.952e3 1.759e3 1.664e3 3.186e3 3.097e3 3.376e3 3.796e3 4.380e3 4.985e3 2.609e3 3.394e3 4.215e3 4.312e3 4.281e3 4.605e3 4.339e3 4.920e3 3.903e3 4.035e3 3.784e3 3.907e3 3.554e3 3.790e3 3.485e3 4.412e3 4.959e3 4.422e3 2.935e3 3.956e3 5.573e3 6.219e3 5.614e3 5.898e3 5.823e3 6.032e3 6.079e3 5.335e3 5.365e3 5.131e3 5.565e3 5.213e3 4.799e3 5.783e3 6.343e3 6.130e3 6.123e3 5.864e3 7.751e3 8.155e3 7.793e3 7.353e3 6.984e3 6.346e3 6.971e3 5.995e3 5.677e3 5.581e3 7.115e3 5.691e3 5.057e3 5.716e3 5.513e3 6.066e3 5.481e3 5.788e3 5.262e3 5.469e3 5.512e3 5.098e3 4.703e3 5.741e3 5.470e3 4.825e3 5.465e3 5.922e3 7.284e3 7.213e3 7.775e3 8.598e3 7.725e3 7.864e3 8.245e3 7.650e3 7.547e3 6.611e3 
   6.00e6  446.4   781.0   1.448e3 1.829e3 2.077e3 2.245e3 1.659e3 2.126e3 1.945e3 1.821e3 3.421e3 3.310e3 3.628e3 4.094e3 4.674e3 5.382e3 2.920e3 3.700e3 4.589e3 4.642e3 4.609e3 4.961e3 4.695e3 5.286e3 4.202e3 4.344e3 4.072e3 4.212e3 3.843e3 4.090e3 3.771e3 4.744e3 5.314e3 4.773e3 3.317e3 4.405e3 6.037e3 6.733e3 6.089e3 6.370e3 6.291e3 6.521e3 6.567e3 5.792e3 5.806e3 5.526e3 6.012e3 5.644e3 5.169e3 6.296e3 6.820e3 6.624e3 6.625e3 6.494e3 8.344e3 8.787e3 8.382e3 8.001e3 7.554e3 6.798e3 7.532e3 6.528e3 6.098e3 6.003e3 7.714e3 6.180e3 5.496e3 6.156e3 5.950e3 6.579e3 5.893e3 6.280e3 5.685e3 5.914e3 5.961e3 5.530e3 5.080e3 6.203e3 5.965e3 5.239e3 5.925e3 6.461e3 7.829e3 7.793e3 8.291e3 9.236e3 8.323e3 8.544e3 8.936e3 8.291e3 8.187e3 7.278e3 
   6.50e6  479.2   854.5   1.556e3 1.947e3 2.216e3 2.404e3 1.782e3 2.307e3 2.137e3 1.986e3 3.661e3 3.529e3 3.885e3 4.394e3 4.971e3 5.779e3 3.264e3 4.034e3 4.972e3 4.980e3 4.947e3 5.329e3 5.064e3 5.658e3 4.512e3 4.663e3 4.374e3 4.523e3 4.141e3 4.394e3 4.068e3 5.087e3 5.676e3 5.132e3 3.720e3 4.875e3 6.517e3 7.259e3 6.580e3 6.859e3 6.785e3 7.024e3 7.068e3 6.262e3 6.257e3 5.941e3 6.472e3 6.088e3 5.558e3 6.827e3 7.303e3 7.128e3 7.145e3 7.150e3 8.950e3 9.431e3 8.985e3 8.669e3 8.135e3 7.262e3 8.107e3 7.081e3 6.535e3 6.444e3 8.322e3 6.687e3 5.949e3 6.608e3 6.401e3 7.109e3 6.318e3 6.788e3 6.126e3 6.374e3 6.425e3 5.969e3 5.471e3 6.678e3 6.474e3 5.669e3 6.403e3 7.021e3 8.385e3 8.391e3 8.823e3 9.888e3 8.942e3 9.251e3 9.645e3 8.950e3 8.848e3 7.978e3 
   7.00e6  514.5   930.2   1.665e3 2.068e3 2.359e3 2.565e3 1.912e3 2.493e3 2.334e3 2.157e3 3.903e3 3.752e3 4.144e3 4.696e3 5.267e3 6.174e3 3.635e3 4.391e3 5.362e3 5.322e3 5.292e3 5.706e3 5.441e3 6.034e3 4.831e3 4.988e3 4.689e3 4.839e3 4.446e3 4.702e3 4.373e3 5.438e3 6.042e3 5.497e3 4.143e3 5.365e3 7.009e3 7.793e3 7.083e3 7.360e3 7.300e3 7.538e3 7.577e3 6.742e3 6.716e3 6.371e3 6.942e3 6.543e3 5.966e3 7.370e3 7.791e3 7.638e3 7.678e3 7.827e3 9.564e3 10.08e3 9.597e3 9.349e3 8.722e3 7.739e3 8.691e3 7.648e3 6.985e3 6.901e3 8.936e3 7.208e3 6.412e3 7.071e3 6.862e3 7.652e3 6.752e3 7.307e3 6.581e3 6.847e3 6.902e3 6.415e3 5.875e3 7.165e3 6.994e3 6.112e3 6.894e3 7.598e3 8.948e3 9.003e3 9.370e3 10.55e3 9.576e3 9.980e3 10.37e3 9.623e3 9.525e3 8.706e3 
   8.00e6  591.6   1.086e3 1.881e3 2.309e3 2.652e3 2.894e3 2.189e3 2.875e3 2.739e3 2.517e3 4.390e3 4.206e3 4.662e3 5.293e3 5.855e3 6.949e3 4.442e3 5.156e3 6.149e3 6.014e3 5.994e3 6.478e3 6.214e3 6.791e3 5.490e3 5.654e3 5.346e3 5.481e3 5.072e3 5.320e3 5.002e3 6.155e3 6.782e3 6.239e3 5.036e3 6.388e3 8.018e3 8.873e3 8.109e3 8.391e3 8.378e3 8.588e3 8.608e3 7.719e3 7.643e3 7.266e3 7.899e3 7.472e3 6.830e3 8.480e3 8.770e3 8.672e3 8.769e3 9.230e3 10.80e3 11.40e3 10.83e3 10.73e3 9.906e3 8.725e3 9.874e3 8.813e3 7.918e3 7.853e3 10.17e3 8.284e3 7.358e3 8.018e3 7.808e3 8.767e3 7.641e3 8.368e3 7.526e3 7.819e3 7.884e3 7.319e3 6.712e3 8.163e3 8.057e3 7.032e3 7.906e3 8.789e3 10.09e3 10.26e3 10.49e3 11.88e3 10.88e3 11.49e3 11.84e3 11.00e3 10.91e3 10.23e3 
   9.00e6  676.9   1.244e3 2.091e3 2.548e3 2.948e3 3.224e3 2.487e3 3.266e3 3.151e3 2.894e3 4.874e3 4.663e3 5.171e3 5.875e3 6.426e3 7.694e3 5.306e3 5.965e3 6.937e3 6.706e3 6.703e3 7.263e3 6.999e3 7.547e3 6.162e3 6.329e3 6.026e3 6.131e3 5.709e3 5.938e3 5.647e3 6.881e3 7.520e3 6.985e3 5.973e3 7.448e3 9.044e3 9.952e3 9.149e3 9.445e3 9.493e3 9.651e3 9.642e3 8.705e3 8.573e3 8.189e3 8.868e3 8.415e3 7.743e3 9.603e3 9.745e3 9.712e3 9.873e3 10.67e3 12.04e3 12.70e3 12.07e3 12.11e3 11.09e3 9.743e3 11.06e3 10.00e3 8.884e3 8.839e3 11.38e3 9.388e3 8.316e3 8.981e3 8.771e3 9.899e3 8.548e3 9.445e3 8.503e3 8.815e3 8.892e3 8.232e3 7.579e3 9.181e3 9.135e3 7.983e3 8.947e3 10.01e3 11.23e3 11.53e3 11.64e3 13.22e3 12.20e3 13.04e3 13.33e3 12.39e3 12.32e3 11.81e3 
   10.0e6  769.1   1.401e3 2.293e3 2.783e3 3.243e3 3.550e3 2.800e3 3.660e3 3.563e3 3.284e3 5.350e3 5.117e3 5.667e3 6.435e3 6.976e3 8.401e3 6.201e3 6.795e3 7.713e3 7.390e3 7.409e3 8.051e3 7.783e3 8.294e3 6.839e3 7.005e3 6.719e3 6.782e3 6.351e3 6.550e3 6.302e3 7.608e3 8.248e3 7.724e3 6.935e3 8.526e3 10.07e3 11.01e3 10.19e3 10.51e3 10.62e3 10.71e3 10.66e3 9.686e3 9.495e3 9.125e3 9.837e3 9.360e3 8.689e3 10.72e3 10.71e3 10.75e3 10.97e3 12.11e3 13.25e3 13.99e3 13.29e3 13.46e3 12.25e3 10.78e3 12.24e3 11.20e3 9.869e3 9.846e3 12.57e3 10.51e3 9.274e3 9.950e3 9.737e3 11.03e3 9.463e3 10.52e3 9.499e3 9.820e3 9.911e3 9.149e3 8.463e3 10.21e3 10.22e3 8.954e3 10.00e3 11.24e3 12.36e3 12.80e3 12.80e3 14.54e3 13.53e3 14.61e3 14.81e3 13.77e3 13.73e3 13.43e3 
   11.0e6  866.9   1.555e3 2.485e3 3.011e3 3.532e3 3.869e3 3.125e3 4.053e3 3.973e3 3.681e3 5.813e3 5.566e3 6.145e3 6.968e3 7.503e3 9.068e3 7.103e3 7.629e3 8.469e3 8.060e3 8.106e3 8.832e3 8.558e3 9.026e3 7.513e3 7.676e3 7.413e3 7.430e3 6.991e3 7.154e3 6.959e3 8.330e3 8.961e3 8.451e3 7.906e3 9.605e3 11.09e3 12.05e3 11.22e3 11.57e3 11.75e3 11.76e3 11.67e3 10.65e3 10.40e3 10.06e3 10.80e3 10.30e3 9.656e3 11.83e3 11.65e3 11.77e3 12.04e3 13.55e3 14.44e3 15.24e3 14.48e3 14.77e3 13.38e3 11.83e3 13.39e3 12.39e3 10.86e3 10.86e3 13.72e3 11.63e3 10.22e3 10.92e3 10.70e3 12.15e3 10.38e3 11.59e3 10.50e3 10.83e3 10.93e3 10.06e3 9.358e3 11.23e3 11.29e3 9.937e3 11.06e3 12.47e3 13.47e3 14.06e3 13.96e3 15.83e3 14.85e3 16.19e3 16.26e3 15.14e3 15.13e3 15.06e3 
   12.0e6  969.0   1.705e3 2.667e3 3.233e3 3.813e3 4.180e3 3.457e3 4.441e3 4.375e3 4.082e3 6.263e3 6.005e3 6.602e3 7.474e3 8.004e3 9.693e3 7.996e3 8.456e3 9.201e3 8.713e3 8.790e3 9.602e3 9.319e3 9.740e3 8.178e3 8.337e3 8.104e3 8.070e3 7.625e3 7.751e3 7.615e3 9.041e3 9.656e3 9.163e3 8.875e3 10.67e3 12.09e3 13.05e3 12.22e3 12.63e3 12.87e3 12.79e3 12.64e3 11.60e3 11.29e3 11.00e3 11.74e3 11.22e3 10.63e3 12.91e3 12.57e3 12.78e3 13.08e3 14.94e3 15.58e3 16.45e3 15.64e3 16.02e3 14.49e3 12.87e3 14.51e3 13.57e3 11.86e3 11.88e3 14.84e3 12.74e3 11.16e3 11.88e3 11.65e3 13.25e3 11.29e3 12.65e3 11.51e3 11.83e3 11.95e3 10.98e3 10.26e3 12.25e3 12.35e3 10.93e3 12.12e3 13.69e3 14.57e3 15.31e3 15.10e3 17.08e3 16.16e3 17.75e3 17.69e3 16.49e3 16.50e3 16.69e3 
   13.0e6  1.074e3 1.849e3 2.839e3 3.446e3 4.084e3 4.481e3 3.794e3 4.821e3 4.768e3 4.483e3 6.697e3 6.433e3 7.039e3 7.952e3 8.480e3 10.28e3 8.869e3 9.268e3 9.906e3 9.347e3 9.457e3 10.36e3 10.06e3 10.43e3 8.831e3 8.987e3 8.785e3 8.700e3 8.251e3 8.338e3 8.266e3 9.739e3 10.33e3 9.856e3 9.833e3 11.72e3 13.08e3 14.01e3 13.21e3 13.67e3 13.96e3 13.80e3 13.59e3 12.53e3 12.15e3 11.92e3 12.67e3 12.13e3 11.60e3 13.96e3 13.48e3 13.77e3 14.07e3 16.30e3 16.69e3 17.62e3 16.76e3 17.21e3 15.57e3 13.90e3 15.60e3 14.73e3 12.85e3 12.90e3 15.90e3 13.83e3 12.07e3 12.83e3 12.59e3 14.32e3 12.20e3 13.68e3 12.51e3 12.81e3 12.96e3 11.88e3 11.15e3 13.25e3 13.39e3 11.91e3 13.17e3 14.89e3 15.64e3 16.53e3 16.23e3 18.30e3 17.45e3 19.30e3 19.07e3 17.80e3 17.85e3 18.29e3 
   14.0e6  1.180e3 1.988e3 3.001e3 3.651e3 4.345e3 4.770e3 4.132e3 5.191e3 5.150e3 4.883e3 7.117e3 6.851e3 7.456e3 8.403e3 8.933e3 10.83e3 9.713e3 10.06e3 10.58e3 9.960e3 10.11e3 11.09e3 10.78e3 11.10e3 9.471e3 9.623e3 9.453e3 9.319e3 8.867e3 8.916e3 8.909e3 10.42e3 10.99e3 10.53e3 10.77e3 12.73e3 14.03e3 14.94e3 14.16e3 14.69e3 15.02e3 14.78e3 14.50e3 13.42e3 12.99e3 12.82e3 13.58e3 13.01e3 12.57e3 14.98e3 14.35e3 14.74e3 15.02e3 17.59e3 17.76e3 18.75e3 17.85e3 18.33e3 16.61e3 14.92e3 16.65e3 15.87e3 13.83e3 13.90e3 16.93e3 14.91e3 12.97e3 13.76e3 13.51e3 15.35e3 13.10e3 14.69e3 13.50e3 13.79e3 13.96e3 12.78e3 12.04e3 14.24e3 14.42e3 12.90e3 14.21e3 16.07e3 16.69e3 17.71e3 17.33e3 19.48e3 18.71e3 20.81e3 20.42e3 19.08e3 19.16e3 19.87e3 
   15.0e6  1.288e3 2.120e3 3.153e3 3.847e3 4.594e3 5.048e3 4.469e3 5.550e3 5.520e3 5.278e3 7.521e3 7.256e3 7.852e3 8.829e3 9.363e3 11.34e3 10.52e3 10.82e3 11.23e3 10.55e3 10.74e3 11.81e3 11.47e3 11.75e3 10.09e3 10.24e3 10.11e3 9.925e3 9.471e3 9.485e3 9.544e3 11.09e3 11.62e3 11.18e3 11.69e3 13.72e3 14.96e3 15.82e3 15.08e3 15.68e3 16.05e3 15.74e3 15.38e3 14.29e3 13.81e3 13.71e3 14.47e3 13.88e3 13.52e3 15.97e3 15.20e3 15.68e3 15.92e3 18.84e3 18.79e3 19.83e3 18.90e3 19.38e3 17.62e3 15.92e3 17.67e3 16.98e3 14.80e3 14.90e3 17.91e3 15.96e3 13.85e3 14.68e3 14.41e3 16.35e3 13.98e3 15.68e3 14.48e3 14.75e3 14.95e3 13.67e3 12.93e3 15.21e3 15.41e3 13.88e3 15.24e3 17.21e3 17.71e3 18.87e3 18.40e3 20.63e3 19.95e3 22.29e3 21.71e3 20.33e3 20.43e3 21.40e3 
   16.0e6  1.394e3 2.246e3 3.296e3 4.036e3 4.832e3 5.316e3 4.802e3 5.898e3 5.878e3 5.667e3 7.909e3 7.648e3 8.229e3 9.230e3 9.771e3 11.82e3 11.30e3 11.56e3 11.85e3 11.12e3 11.35e3 12.50e3 12.14e3 12.37e3 10.70e3 10.85e3 10.74e3 10.52e3 10.06e3 10.04e3 10.17e3 11.74e3 12.23e3 11.81e3 12.58e3 14.67e3 15.85e3 16.67e3 15.98e3 16.66e3 17.04e3 16.66e3 16.23e3 15.13e3 14.60e3 14.58e3 15.34e3 14.72e3 14.46e3 16.93e3 16.03e3 16.60e3 16.77e3 20.02e3 19.78e3 20.87e3 19.91e3 20.37e3 18.59e3 16.89e3 18.66e3 18.07e3 15.75e3 15.88e3 18.85e3 16.97e3 14.70e3 15.59e3 15.30e3 17.31e3 14.86e3 16.63e3 15.44e3 15.69e3 15.92e3 14.55e3 13.80e3 16.17e3 16.39e3 14.84e3 16.24e3 18.33e3 18.71e3 19.99e3 19.45e3 21.73e3 21.15e3 23.73e3 22.97e3 21.53e3 21.65e3 22.88e3 
   17.0e6  1.499e3 2.367e3 3.430e3 4.218e3 5.059e3 5.572e3 5.130e3 6.232e3 6.224e3 6.048e3 8.283e3 8.029e3 8.588e3 9.608e3 10.16e3 12.27e3 12.03e3 12.27e3 12.44e3 11.67e3 11.94e3 13.17e3 12.78e3 12.97e3 11.29e3 11.44e3 11.36e3 11.10e3 10.64e3 10.59e3 10.78e3 12.38e3 12.82e3 12.43e3 13.44e3 15.58e3 16.72e3 17.47e3 16.84e3 17.60e3 18.00e3 17.56e3 17.05e3 15.95e3 15.37e3 15.43e3 16.18e3 15.54e3 15.37e3 17.85e3 16.84e3 17.49e3 17.57e3 21.15e3 20.73e3 21.87e3 20.88e3 21.29e3 19.54e3 17.84e3 19.60e3 19.12e3 16.69e3 16.84e3 19.75e3 17.96e3 15.54e3 16.47e3 16.16e3 18.23e3 15.72e3 17.57e3 16.38e3 16.60e3 16.87e3 15.42e3 14.67e3 17.10e3 17.34e3 15.80e3 17.23e3 19.42e3 19.68e3 21.08e3 20.47e3 22.80e3 22.32e3 25.13e3 24.18e3 22.70e3 22.84e3 24.31e3 
   18.0e6  1.603e3 2.481e3 3.557e3 4.391e3 5.275e3 5.817e3 5.451e3 6.553e3 6.556e3 6.422e3 8.643e3 8.397e3 8.930e3 9.966e3 10.53e3 12.69e3 12.73e3 12.95e3 13.00e3 12.21e3 12.51e3 13.82e3 13.39e3 13.55e3 11.87e3 12.01e3 11.97e3 11.66e3 11.21e3 11.13e3 11.38e3 12.99e3 13.40e3 13.02e3 14.27e3 16.45e3 17.55e3 18.24e3 17.67e3 18.52e3 18.92e3 18.43e3 17.84e3 16.73e3 16.11e3 16.26e3 17.01e3 16.34e3 16.26e3 18.73e3 17.62e3 18.36e3 18.33e3 22.22e3 21.65e3 22.83e3 21.82e3 22.16e3 20.45e3 18.77e3 20.52e3 20.15e3 17.60e3 17.79e3 20.61e3 18.91e3 16.36e3 17.34e3 17.01e3 19.12e3 16.57e3 18.47e3 17.30e3 17.50e3 17.80e3 16.27e3 15.52e3 18.01e3 18.26e3 16.74e3 18.20e3 20.48e3 20.63e3 22.13e3 21.46e3 23.83e3 23.46e3 26.49e3 25.34e3 23.83e3 23.99e3 25.69e3 
   20.0e6  1.802e3 2.694e3 3.789e3 4.718e3 5.675e3 6.276e3 6.068e3 7.156e3 7.185e3 7.139e3 9.321e3 9.098e3 9.567e3 10.62e3 11.22e3 13.46e3 14.01e3 14.22e3 14.06e3 13.21e3 13.60e3 15.06e3 14.55e3 14.65e3 12.96e3 13.11e3 13.12e3 12.75e3 12.30e3 12.18e3 12.55e3 14.18e3 14.49e3 14.15e3 15.86e3 18.09e3 19.13e3 19.67e3 19.23e3 20.27e3 20.66e3 20.07e3 19.33e3 18.22e3 17.52e3 17.86e3 18.59e3 17.87e3 17.96e3 20.42e3 19.11e3 20.02e3 19.72e3 24.22e3 23.38e3 24.64e3 23.60e3 23.72e3 22.19e3 20.54e3 22.25e3 22.13e3 19.37e3 19.63e3 22.25e3 20.72e3 17.94e3 19.03e3 18.64e3 20.77e3 18.23e3 20.20e3 19.08e3 19.24e3 19.62e3 17.95e3 17.18e3 19.77e3 20.04e3 18.58e3 20.07e3 22.49e3 22.46e3 24.12e3 23.34e3 25.78e3 25.65e3 29.06e3 27.54e3 25.98e3 26.17e3 28.27e3 
   22.5e6  2.035e3 2.934e3 4.046e3 5.090e3 6.121e3 6.796e3 6.786e3 7.836e3 7.904e3 7.979e3 10.10e3 9.912e3 10.28e3 11.36e3 12.00e3 14.32e3 15.43e3 15.66e3 15.24e3 14.37e3 14.87e3 16.48e3 15.86e3 15.91e3 14.24e3 14.41e3 14.45e3 14.03e3 13.59e3 13.44e3 13.94e3 15.58e3 15.76e3 15.47e3 17.69e3 19.95e3 20.93e3 21.29e3 21.03e3 22.29e3 22.63e3 21.98e3 21.04e3 19.95e3 19.18e3 19.73e3 20.44e3 19.66e3 19.94e3 22.35e3 20.86e3 21.96e3 21.28e3 26.47e3 25.36e3 26.72e3 25.65e3 25.43e3 24.23e3 22.61e3 24.25e3 24.44e3 21.46e3 21.81e3 24.12e3 22.79e3 19.82e3 21.05e3 20.57e3 22.64e3 20.22e3 22.22e3 21.17e3 21.31e3 21.78e3 19.97e3 19.19e3 21.84e3 22.13e3 20.79e3 22.29e3 24.84e3 24.62e3 26.43e3 25.55e3 28.06e3 28.20e3 32.02e3 30.08e3 28.47e3 28.69e3 31.18e3 
   25.0e6  2.247e3 3.148e3 4.272e3 5.427e3 6.514e3 7.263e3 7.439e3 8.440e3 8.558e3 8.754e3 10.80e3 10.66e3 10.93e3 12.01e3 12.71e3 15.07e3 16.66e3 16.94e3 16.31e3 15.43e3 16.03e3 17.77e3 17.04e3 17.08e3 15.43e3 15.61e3 15.69e3 15.23e3 14.80e3 14.64e3 15.25e3 16.88e3 16.94e3 16.69e3 19.36e3 21.60e3 22.56e3 22.72e3 22.65e3 24.14e3 24.42e3 23.73e3 22.60e3 21.53e3 20.72e3 21.49e3 22.17e3 21.33e3 21.76e3 24.12e3 22.49e3 23.76e3 22.69e3 28.51e3 27.19e3 28.61e3 27.54e3 26.93e3 26.11e3 24.54e3 26.10e3 26.59e3 23.44e3 23.89e3 25.84e3 24.69e3 21.60e3 22.97e3 22.39e3 24.31e3 22.13e3 24.10e3 23.13e3 23.25e3 23.84e3 21.91e3 21.10e3 23.79e3 24.09e3 22.89e3 24.36e3 27.02e3 26.65e3 28.55e3 27.59e3 30.17e3 30.57e3 34.70e3 32.41e3 30.78e3 31.00e3 33.78e3 
   27.5e6  2.442e3 3.341e3 4.474e3 5.733e3 6.862e3 7.684e3 8.030e3 8.976e3 9.155e3 9.466e3 11.45e3 11.36e3 11.52e3 12.59e3 13.36e3 15.74e3 17.72e3 18.08e3 17.26e3 16.41e3 17.11e3 18.95e3 18.10e3 18.15e3 16.53e3 16.74e3 16.84e3 16.36e3 15.94e3 15.79e3 16.49e3 18.11e3 18.04e3 17.84e3 20.90e3 23.08e3 24.04e3 24.02e3 24.13e3 25.83e3 26.04e3 25.34e3 24.04e3 23.00e3 22.15e3 23.13e3 23.79e3 22.89e3 23.44e3 25.75e3 24.02e3 25.44e3 23.99e3 30.38e3 28.86e3 30.36e3 29.28e3 28.26e3 27.87e3 26.32e3 27.80e3 28.60e3 25.30e3 25.84e3 27.43e3 26.43e3 23.30e3 24.79e3 24.11e3 25.83e3 23.96e3 25.86e3 24.97e3 25.08e3 25.79e3 23.77e3 22.93e3 25.61e3 25.93e3 24.87e3 26.31e3 29.03e3 28.57e3 30.48e3 29.51e3 32.13e3 32.77e3 37.13e3 34.55e3 32.91e3 33.14e3 36.11e3 
   30.0e6  2.618e3 3.516e3 4.655e3 6.012e3 7.171e3 8.064e3 8.563e3 9.453e3 9.701e3 10.12e3 12.04e3 12.00e3 12.05e3 13.12e3 13.96e3 16.35e3 18.66e3 19.09e3 18.13e3 17.32e3 18.10e3 20.03e3 19.06e3 19.14e3 17.56e3 17.80e3 17.90e3 17.43e3 17.02e3 16.88e3 17.66e3 19.26e3 19.07e3 18.91e3 22.32e3 24.41e3 25.38e3 25.19e3 25.47e3 27.37e3 27.50e3 26.82e3 25.36e3 24.35e3 23.50e3 24.66e3 25.31e3 24.35e3 24.98e3 27.26e3 25.45e3 27.00e3 25.23e3 32.12e3 30.42e3 31.97e3 30.89e3 29.47e3 29.52e3 27.98e3 29.39e3 30.49e3 27.05e3 27.69e3 28.91e3 28.04e3 24.93e3 26.53e3 25.74e3 27.21e3 25.71e3 27.51e3 26.69e3 26.82e3 27.64e3 25.55e3 24.68e3 27.32e3 27.66e3 26.75e3 28.14e3 30.91e3 30.39e3 32.27e3 31.30e3 33.97e3 34.81e3 39.33e3 36.52e3 34.90e3 35.12e3 38.19e3 
   32.5e6  2.780e3 3.676e3 4.821e3 6.268e3 7.448e3 8.410e3 9.044e3 9.879e3 10.20e3 10.72e3 12.58e3 12.59e3 12.55e3 13.61e3 14.51e3 16.91e3 19.48e3 20.00e3 18.93e3 18.16e3 19.03e3 21.02e3 19.94e3 20.06e3 18.52e3 18.80e3 18.89e3 18.43e3 18.04e3 17.93e3 18.77e3 20.34e3 20.04e3 19.91e3 23.64e3 25.61e3 26.60e3 26.25e3 26.71e3 28.76e3 28.85e3 28.18e3 26.59e3 25.62e3 24.76e3 26.10e3 26.74e3 25.72e3 26.40e3 28.65e3 26.80e3 28.47e3 26.43e3 33.74e3 31.87e3 33.46e3 32.40e3 30.60e3 31.06e3 29.54e3 30.87e3 32.25e3 28.71e3 29.43e3 30.30e3 29.54e3 26.48e3 28.19e3 27.29e3 28.48e3 27.38e3 29.05e3 28.30e3 28.45e3 29.41e3 27.25e3 26.35e3 28.92e3 29.30e3 28.53e3 29.85e3 32.66e3 32.12e3 33.91e3 33.00e3 35.70e3 36.71e3 41.32e3 38.36e3 36.77e3 36.97e3 40.07e3 
   35.0e6  2.928e3 3.824e3 4.973e3 6.503e3 7.698e3 8.725e3 9.480e3 10.26e3 10.67e3 11.27e3 13.08e3 13.15e3 13.00e3 14.06e3 15.03e3 17.43e3 20.21e3 20.81e3 19.66e3 18.94e3 19.89e3 21.93e3 20.75e3 20.92e3 19.42e3 19.73e3 19.81e3 19.38e3 19.00e3 18.92e3 19.82e3 21.36e3 20.96e3 20.87e3 24.87e3 26.69e3 27.71e3 27.23e3 27.84e3 30.04e3 30.08e3 29.45e3 27.74e3 26.80e3 25.96e3 27.46e3 28.09e3 27.02e3 27.71e3 29.96e3 28.08e3 29.86e3 27.59e3 35.26e3 33.23e3 34.86e3 33.81e3 31.66e3 32.52e3 30.99e3 32.26e3 33.91e3 30.28e3 31.09e3 31.62e3 30.96e3 27.97e3 29.78e3 28.77e3 29.67e3 28.99e3 30.52e3 29.83e3 30.01e3 31.09e3 28.89e3 27.95e3 30.43e3 30.85e3 30.21e3 31.46e3 34.30e3 33.76e3 35.43e3 34.61e3 37.34e3 38.48e3 43.12e3 40.08e3 38.52e3 38.70e3 41.79e3 
   37.5e6  3.063e3 3.960e3 5.114e3 6.720e3 7.924e3 9.014e3 9.878e3 10.61e3 11.10e3 11.77e3 13.55e3 13.67e3 13.43e3 14.48e3 15.52e3 17.90e3 20.85e3 21.54e3 20.33e3 19.68e3 20.69e3 22.76e3 21.50e3 21.73e3 20.27e3 20.62e3 20.67e3 20.28e3 19.91e3 19.88e3 20.82e3 22.33e3 21.83e3 21.77e3 26.01e3 27.68e3 28.72e3 28.12e3 28.88e3 31.20e3 31.22e3 30.63e3 28.82e3 27.91e3 27.09e3 28.74e3 29.35e3 28.24e3 28.93e3 31.18e3 29.29e3 31.16e3 28.74e3 36.70e3 34.50e3 36.17e3 35.14e3 32.67e3 33.90e3 32.36e3 33.57e3 35.47e3 31.76e3 32.65e3 32.87e3 32.31e3 29.39e3 31.31e3 30.18e3 30.78e3 30.52e3 31.90e3 31.28e3 31.48e3 32.70e3 30.46e3 29.49e3 31.86e3 32.33e3 31.80e3 32.97e3 35.85e3 35.33e3 36.84e3 36.14e3 38.89e3 40.14e3 44.77e3 41.70e3 40.17e3 40.33e3 43.37e3 
   40.0e6  3.188e3 4.088e3 5.244e3 6.921e3 8.130e3 9.279e3 10.24e3 10.92e3 11.51e3 12.23e3 13.98e3 14.15e3 13.84e3 14.87e3 15.98e3 18.35e3 21.43e3 22.19e3 20.96e3 20.37e3 21.45e3 23.53e3 22.19e3 22.49e3 21.07e3 21.45e3 21.49e3 21.13e3 20.77e3 20.79e3 21.76e3 23.24e3 22.66e3 22.63e3 27.09e3 28.58e3 29.66e3 28.95e3 29.84e3 32.27e3 32.27e3 31.73e3 29.83e3 28.95e3 28.16e3 29.94e3 30.55e3 29.40e3 30.07e3 32.33e3 30.44e3 32.39e3 29.87e3 38.06e3 35.71e3 37.40e3 36.39e3 33.64e3 35.21e3 33.66e3 34.82e3 36.94e3 33.18e3 34.14e3 34.05e3 33.60e3 30.77e3 32.77e3 31.53e3 31.84e3 32.00e3 33.22e3 32.65e3 32.88e3 34.23e3 31.97e3 30.96e3 33.22e3 33.74e3 33.30e3 34.40e3 37.31e3 36.83e3 38.16e3 37.60e3 40.37e3 41.69e3 46.27e3 43.22e3 41.73e3 41.87e3 44.83e3 
   45.0e6  3.409e3 4.318e3 5.482e3 7.282e3 8.493e3 9.752e3 10.89e3 11.47e3 12.25e3 13.06e3 14.76e3 15.03e3 14.58e3 15.60e3 16.83e3 19.17e3 22.42e3 23.30e3 22.10e3 21.63e3 22.82e3 24.90e3 23.44e3 23.89e3 22.53e3 22.99e3 22.97e3 22.72e3 22.38e3 22.49e3 23.51e3 24.94e3 24.21e3 24.23e3 29.05e3 30.17e3 31.32e3 30.45e3 31.58e3 34.14e3 34.16e3 33.72e3 31.68e3 30.88e3 30.16e3 32.16e3 32.77e3 31.56e3 32.13e3 34.45e3 32.59e3 34.66e3 32.09e3 40.58e3 37.93e3 39.66e3 38.70e3 35.50e3 37.64e3 36.04e3 37.12e3 39.66e3 35.81e3 36.89e3 36.28e3 36.05e3 33.37e3 35.52e3 34.05e3 33.81e3 34.78e3 35.67e3 35.22e3 35.50e3 37.10e3 34.80e3 33.72e3 35.73e3 36.37e3 36.07e3 37.02e3 40.00e3 39.65e3 40.55e3 40.34e3 43.14e3 44.52e3 48.91e3 46.03e3 44.63e3 44.71e3 47.49e3 
   50.0e6  3.597e3 4.521e3 5.693e3 7.596e3 8.805e3 10.16e3 11.44e3 11.95e3 12.90e3 13.77e3 15.44e3 15.80e3 15.26e3 16.26e3 17.61e3 19.91e3 23.22e3 24.21e3 23.10e3 22.76e3 24.04e3 26.08e3 24.55e3 25.15e3 23.84e3 24.38e3 24.30e3 24.17e3 23.84e3 24.06e3 25.10e3 26.49e3 25.63e3 25.70e3 30.79e3 31.53e3 32.75e3 31.78e3 33.10e3 35.73e3 35.81e3 35.47e3 33.36e3 32.61e3 31.98e3 34.16e3 34.78e3 33.52e3 33.97e3 36.36e3 34.55e3 36.72e3 34.23e3 42.86e3 39.95e3 41.71e3 40.80e3 37.25e3 39.86e3 38.21e3 39.22e3 42.11e3 38.21e3 39.39e3 38.34e3 38.34e3 35.78e3 38.07e3 36.39e3 35.66e3 37.34e3 37.94e3 37.58e3 37.89e3 39.74e3 37.43e3 36.28e3 38.04e3 38.80e3 38.57e3 39.39e3 42.44e3 42.25e3 42.68e3 42.88e3 45.69e3 47.05e3 51.18e3 48.57e3 47.27e3 47.30e3 49.88e3 
   55.0e6  3.756e3 4.702e3 5.884e3 7.871e3 9.078e3 10.52e3 11.93e3 12.36e3 13.49e3 14.38e3 16.05e3 16.49e3 15.88e3 16.87e3 18.33e3 20.59e3 23.88e3 24.96e3 24.00e3 23.79e3 25.14e3 27.10e3 25.54e3 26.28e3 25.04e3 25.65e3 25.51e3 25.49e3 25.18e3 25.49e3 26.55e3 27.90e3 26.94e3 27.06e3 32.34e3 32.71e3 34.01e3 32.97e3 34.44e3 37.10e3 37.28e3 37.03e3 34.88e3 34.20e3 33.65e3 35.96e3 36.60e3 35.32e3 35.63e3 38.11e3 36.37e3 38.60e3 36.30e3 44.91e3 41.79e3 43.56e3 42.72e3 38.92e3 41.90e3 40.18e3 41.16e3 44.34e3 40.42e3 41.68e3 40.26e3 40.51e3 38.04e3 40.44e3 38.56e3 37.40e3 39.71e3 40.03e3 39.78e3 40.09e3 42.17e3 39.87e3 38.65e3 40.17e3 41.05e3 40.84e3 41.54e3 44.69e3 44.66e3 44.60e3 45.23e3 48.05e3 49.33e3 53.17e3 50.90e3 49.70e3 49.68e3 52.07e3 
   60.0e6  3.890e3 4.864e3 6.057e3 8.115e3 9.321e3 10.83e3 12.35e3 12.72e3 14.02e3 14.92e3 16.59e3 17.11e3 16.45e3 17.44e3 18.99e3 21.21e3 24.42e3 25.58e3 24.82e3 24.72e3 26.12e3 28.00e3 26.44e3 27.32e3 26.12e3 26.80e3 26.61e3 26.70e3 26.41e3 26.82e3 27.88e3 29.20e3 28.17e3 28.34e3 33.73e3 33.74e3 35.13e3 34.06e3 35.65e3 38.29e3 38.59e3 38.43e3 36.27e3 35.65e3 35.20e3 37.61e3 38.27e3 36.98e3 37.14e3 39.73e3 38.05e3 40.32e3 38.27e3 46.77e3 43.48e3 45.26e3 44.48e3 40.52e3 43.78e3 41.99e3 42.95e3 46.37e3 42.46e3 43.77e3 42.06e3 42.55e3 40.16e3 42.65e3 40.59e3 39.07e3 41.92e3 41.99e3 41.82e3 42.12e3 44.42e3 42.14e3 40.86e3 42.16e3 43.15e3 42.91e3 43.52e3 46.76e3 46.90e3 46.35e3 47.42e3 50.27e3 51.39e3 54.94e3 53.04e3 51.95e3 51.88e3 54.10e3 
   65.0e6  4.001e3 5.010e3 6.216e3 8.333e3 9.539e3 11.12e3 12.73e3 13.04e3 14.49e3 15.39e3 17.07e3 17.67e3 16.99e3 17.98e3 19.61e3 21.79e3 24.88e3 26.10e3 25.56e3 25.57e3 27.00e3 28.80e3 27.27e3 28.27e3 27.12e3 27.85e3 27.61e3 27.82e3 27.55e3 28.04e3 29.09e3 30.39e3 29.31e3 29.52e3 34.97e3 34.65e3 36.13e3 35.05e3 36.75e3 39.34e3 39.77e3 39.69e3 37.56e3 37.00e3 36.64e3 39.12e3 39.79e3 38.53e3 38.53e3 41.23e3 39.62e3 41.91e3 40.13e3 48.44e3 45.04e3 46.83e3 46.12e3 42.06e3 45.53e3 43.67e3 44.62e3 48.23e3 44.35e3 45.69e3 43.75e3 44.49e3 42.14e3 44.71e3 42.48e3 40.67e3 43.97e3 43.83e3 43.74e3 44.01e3 46.51e3 44.25e3 42.92e3 44.03e3 45.11e3 44.82e3 45.35e3 48.69e3 48.99e3 47.97e3 49.46e3 52.34e3 53.29e3 56.54e3 55.03e3 54.04e3 53.93e3 56.00e3 
   70.0e6  4.093e3 5.143e3 6.361e3 8.527e3 9.738e3 11.37e3 13.06e3 13.33e3 14.93e3 15.81e3 17.50e3 18.17e3 17.49e3 18.49e3 20.19e3 22.33e3 25.26e3 26.53e3 26.24e3 26.36e3 27.80e3 29.50e3 28.04e3 29.14e3 28.03e3 28.82e3 28.54e3 28.86e3 28.60e3 29.17e3 30.22e3 31.50e3 30.39e3 30.64e3 36.08e3 35.47e3 37.04e3 35.98e3 37.76e3 40.27e3 40.84e3 40.84e3 38.75e3 38.24e3 37.97e3 40.50e3 41.20e3 39.96e3 39.83e3 42.62e3 41.09e3 43.38e3 41.89e3 49.96e3 46.50e3 48.27e3 47.64e3 43.52e3 47.16e3 45.22e3 46.17e3 49.94e3 46.11e3 47.47e3 45.35e3 46.32e3 44.01e3 46.64e3 44.26e3 42.22e3 45.88e3 45.57e3 45.54e3 45.78e3 48.46e3 46.23e3 44.85e3 45.81e3 46.95e3 46.58e3 47.06e3 50.51e3 50.95e3 49.49e3 51.37e3 54.29e3 55.03e3 58.02e3 56.89e3 56.00e3 55.84e3 57.80e3 
   80.0e6  4.228e3 5.370e3 6.620e3 8.860e3 10.09e3 11.81e3 13.61e3 13.82e3 15.68e3 16.52e3 18.25e3 19.03e3 18.42e3 19.42e3 21.25e3 23.31e3 25.87e3 27.21e3 27.46e3 27.75e3 29.20e3 30.71e3 29.40e3 30.69e3 29.66e3 30.53e3 30.19e3 30.72e3 30.50e3 31.19e3 32.21e3 33.48e3 32.36e3 32.69e3 37.99e3 36.87e3 38.66e3 37.67e3 39.55e3 41.89e3 42.71e3 42.84e3 40.90e3 40.49e3 40.37e3 42.95e3 43.71e3 42.57e3 42.18e3 45.16e3 43.77e3 46.01e3 45.09e3 52.58e3 49.11e3 50.86e3 50.38e3 46.26e3 50.10e3 48.03e3 49.01e3 52.99e3 49.29e3 50.65e3 48.31e3 49.69e3 47.43e3 50.16e3 47.51e3 45.17e3 49.34e3 48.77e3 48.85e3 48.97e3 51.97e3 49.81e3 48.36e3 49.09e3 50.32e3 49.78e3 50.19e3 53.82e3 54.51e3 52.27e3 54.84e3 57.88e3 58.18e3 60.69e3 60.26e3 59.55e3 59.33e3 61.12e3 
   90.0e6  4.311e3 5.558e3 6.842e3 9.132e3 10.38e3 12.17e3 14.05e3 14.25e3 16.31e3 17.10e3 18.87e3 19.74e3 19.26e3 20.27e3 22.19e3 24.17e3 26.33e3 27.71e3 28.51e3 28.95e3 30.36e3 31.69e3 30.59e3 32.02e3 31.06e3 31.99e3 31.62e3 32.32e3 32.15e3 32.93e3 33.94e3 35.21e3 34.12e3 34.53e3 39.57e3 38.05e3 40.06e3 39.20e3 41.12e3 43.25e3 44.29e3 44.52e3 42.78e3 42.46e3 42.48e3 45.05e3 45.86e3 44.86e3 44.28e3 47.40e3 46.15e3 48.31e3 47.88e3 54.72e3 51.40e3 53.11e3 52.80e3 48.76e3 52.69e3 50.49e3 51.52e3 55.60e3 52.08e3 53.41e3 50.99e3 52.69e3 50.48e3 53.26e3 50.41e3 47.93e3 52.38e3 51.68e3 51.81e3 51.80e3 55.05e3 52.96e3 51.48e3 52.08e3 53.32e3 52.63e3 53.02e3 56.80e3 57.67e3 54.82e3 57.94e3 61.10e3 60.95e3 63.11e3 63.24e3 62.71e3 62.43e3 64.13e3 
   100.e6  4.356e3 5.712e3 7.033e3 9.357e3 10.64e3 12.48e3 14.40e3 14.61e3 16.85e3 17.57e3 19.39e3 20.34e3 20.01e3 21.05e3 23.03e3 24.94e3 26.70e3 28.09e3 29.43e3 29.99e3 31.33e3 32.52e3 31.63e3 33.16e3 32.28e3 33.25e3 32.87e3 33.72e3 33.60e3 34.44e3 35.44e3 36.72e3 35.71e3 36.18e3 40.90e3 39.05e3 41.32e3 40.60e3 42.53e3 44.45e3 45.62e3 45.96e3 44.45e3 44.20e3 44.33e3 46.86e3 47.73e3 46.90e3 46.18e3 49.39e3 48.28e3 50.33e3 50.32e3 56.48e3 53.41e3 55.08e3 54.94e3 51.03e3 54.99e3 52.66e3 53.76e3 57.88e3 54.55e3 55.82e3 53.43e3 55.35e3 53.21e3 56.01e3 53.00e3 50.52e3 55.07e3 54.33e3 54.46e3 54.32e3 57.76e3 55.75e3 54.26e3 54.81e3 56.01e3 55.21e3 55.61e3 59.49e3 60.47e3 57.19e3 60.74e3 64.01e3 63.46e3 65.34e3 65.90e3 65.54e3 65.21e3 66.87e3 
   110.e6  4.373e3 5.839e3 7.199e3 9.545e3 10.87e3 12.74e3 14.67e3 14.92e3 17.32e3 17.96e3 19.82e3 20.83e3 20.69e3 21.76e3 23.78e3 25.63e3 27.02e3 28.39e3 30.23e3 30.89e3 32.14e3 33.22e3 32.55e3 34.15e3 33.34e3 34.33e3 33.96e3 34.95e3 34.89e3 35.75e3 36.75e3 38.05e3 37.14e3 37.69e3 42.04e3 39.93e3 42.46e3 41.90e3 43.81e3 45.52e3 46.77e3 47.20e3 45.93e3 45.75e3 45.97e3 48.44e3 49.36e3 48.73e3 47.92e3 51.18e3 50.20e3 52.10e3 52.45e3 57.93e3 55.20e3 56.81e3 56.86e3 53.10e3 57.02e3 54.58e3 55.77e3 59.86e3 56.74e3 57.95e3 55.64e3 57.69e3 55.65e3 58.45e3 55.34e3 52.95e3 57.48e3 56.76e3 56.85e3 56.59e3 60.16e3 58.23e3 56.75e3 57.31e3 58.44e3 57.58e3 58.01e3 61.94e3 62.98e3 59.42e3 63.28e3 66.65e3 65.74e3 67.43e3 68.28e3 68.08e3 67.72e3 69.39e3 
   120.e6  4.368e3 5.943e3 7.342e3 9.702e3 11.06e3 12.97e3 14.89e3 15.20e3 17.72e3 18.29e3 20.17e3 21.25e3 21.32e3 22.41e3 24.46e3 26.24e3 27.29e3 28.63e3 30.94e3 31.68e3 32.83e3 33.82e3 33.37e3 35.01e3 34.26e3 35.27e3 34.93e3 36.02e3 36.03e3 36.89e3 37.90e3 39.22e3 38.44e3 39.06e3 43.05e3 40.71e3 43.52e3 43.12e3 44.98e3 46.50e3 47.76e3 48.28e3 47.25e3 47.13e3 47.43e3 49.81e3 50.78e3 50.37e3 49.50e3 52.78e3 51.93e3 53.68e3 54.30e3 59.13e3 56.79e3 58.34e3 58.57e3 54.99e3 58.83e3 56.30e3 57.58e3 61.60e3 58.69e3 59.83e3 57.67e3 59.77e3 57.85e3 60.63e3 57.44e3 55.21e3 59.65e3 59.00e3 59.00e3 58.64e3 62.28e3 60.45e3 58.99e3 59.60e3 60.63e3 59.78e3 60.26e3 64.19e3 65.22e3 61.55e3 65.62e3 69.05e3 67.86e3 69.42e3 70.43e3 70.38e3 69.98e3 71.69e3 
   130.e6  4.349e3 6.027e3 7.466e3 9.834e3 11.23e3 13.16e3 15.07e3 15.45e3 18.06e3 18.56e3 20.47e3 21.60e3 21.89e3 23.01e3 25.07e3 26.79e3 27.54e3 28.84e3 31.57e3 32.38e3 33.41e3 34.34e3 34.09e3 35.75e3 35.08e3 36.08e3 35.78e3 36.96e3 37.04e3 37.89e3 38.92e3 40.27e3 39.63e3 40.31e3 43.94e3 41.42e3 44.50e3 44.28e3 46.08e3 47.40e3 48.61e3 49.21e3 48.43e3 48.37e3 48.72e3 51.02e3 52.03e3 51.85e3 50.95e3 54.21e3 53.49e3 55.07e3 55.91e3 60.12e3 58.20e3 59.69e3 60.11e3 56.71e3 60.45e3 57.82e3 59.22e3 63.13e3 60.43e3 61.50e3 59.52e3 61.59e3 59.83e3 62.57e3 59.35e3 57.33e3 61.61e3 61.07e3 60.95e3 60.50e3 64.17e3 62.43e3 61.01e3 61.70e3 62.61e3 61.83e3 62.37e3 66.24e3 67.23e3 63.59e3 67.78e3 71.25e3 69.84e3 71.30e3 72.37e3 72.45e3 72.04e3 73.80e3 
   140.e6  4.318e3 6.096e3 7.573e3 9.945e3 11.38e3 13.33e3 15.20e3 15.68e3 18.36e3 18.79e3 20.72e3 21.89e3 22.40e3 23.56e3 25.62e3 27.29e3 27.76e3 29.01e3 32.13e3 32.99e3 33.91e3 34.80e3 34.74e3 36.40e3 35.80e3 36.79e3 36.53e3 37.79e3 37.95e3 38.76e3 39.82e3 41.19e3 40.71e3 41.45e3 44.75e3 42.07e3 45.43e3 45.39e3 47.11e3 48.25e3 49.35e3 50.03e3 49.50e3 49.49e3 49.87e3 52.09e3 53.13e3 53.18e3 52.29e3 55.50e3 54.91e3 56.32e3 57.31e3 60.94e3 59.47e3 60.89e3 61.50e3 58.28e3 61.90e3 59.19e3 60.69e3 64.49e3 61.99e3 62.99e3 61.22e3 63.20e3 61.62e3 64.30e3 61.08e3 59.31e3 63.41e3 63.00e3 62.71e3 62.20e3 65.85e3 64.20e3 62.83e3 63.62e3 64.41e3 63.76e3 64.36e3 68.14e3 69.04e3 65.55e3 69.78e3 73.27e3 71.69e3 73.08e3 74.13e3 74.34e3 73.91e3 75.75e3 
   150.e6  4.279e3 6.150e3 7.665e3 10.04e3 11.50e3 13.47e3 15.31e3 15.88e3 18.61e3 18.97e3 20.92e3 22.13e3 22.88e3 24.06e3 26.12e3 27.73e3 27.97e3 29.17e3 32.63e3 33.52e3 34.33e3 35.20e3 35.31e3 36.96e3 36.43e3 37.40e3 37.20e3 38.52e3 38.76e3 39.52e3 40.62e3 42.02e3 41.69e3 42.49e3 45.50e3 42.67e3 46.30e3 46.45e3 48.07e3 49.04e3 49.98e3 50.74e3 50.45e3 50.49e3 50.90e3 53.03e3 54.10e3 54.39e3 53.51e3 56.66e3 56.20e3 57.43e3 58.53e3 61.61e3 60.60e3 61.95e3 62.76e3 59.71e3 63.20e3 60.40e3 62.02e3 65.70e3 63.38e3 64.33e3 62.78e3 64.61e3 63.23e3 65.85e3 62.64e3 61.15e3 65.06e3 64.78e3 64.30e3 63.75e3 67.34e3 65.80e3 64.48e3 65.39e3 66.05e3 65.57e3 66.23e3 69.88e3 70.68e3 67.44e3 71.64e3 75.12e3 73.45e3 74.78e3 75.73e3 76.05e3 75.61e3 77.54e3 
   160.e6  4.234e3 6.192e3 7.744e3 10.12e3 11.61e3 13.60e3 15.39e3 16.06e3 18.83e3 19.13e3 21.09e3 22.34e3 23.31e3 24.52e3 26.57e3 28.13e3 28.17e3 29.32e3 33.07e3 34.00e3 34.69e3 35.56e3 35.82e3 37.44e3 36.98e3 37.93e3 37.79e3 39.16e3 39.48e3 40.18e3 41.33e3 42.76e3 42.60e3 43.46e3 46.18e3 43.23e3 47.13e3 47.47e3 48.98e3 49.79e3 50.54e3 51.37e3 51.32e3 51.39e3 51.82e3 53.86e3 54.96e3 55.48e3 54.64e3 57.70e3 57.37e3 58.42e3 59.59e3 62.18e3 61.61e3 62.90e3 63.90e3 61.01e3 64.36e3 61.49e3 63.23e3 66.77e3 64.63e3 65.52e3 64.22e3 65.84e3 64.68e3 67.24e3 64.07e3 62.87e3 66.59e3 66.45e3 65.75e3 65.17e3 68.68e3 67.24e3 65.98e3 67.00e3 67.55e3 67.28e3 68.00e3 71.48e3 72.15e3 69.25e3 73.38e3 76.82e3 75.11e3 76.40e3 77.17e3 77.61e3 77.17e3 79.20e3 
   170.e6  4.186e3 6.224e3 7.812e3 10.18e3 11.70e3 13.70e3 15.46e3 16.22e3 19.02e3 19.26e3 21.22e3 22.50e3 23.70e3 24.95e3 26.97e3 28.49e3 28.35e3 29.46e3 33.46e3 34.41e3 35.00e3 35.88e3 36.27e3 37.86e3 37.47e3 38.40e3 38.31e3 39.72e3 40.13e3 40.75e3 41.97e3 43.42e3 43.42e3 44.34e3 46.83e3 43.76e3 47.91e3 48.44e3 49.85e3 50.49e3 51.02e3 51.92e3 52.10e3 52.20e3 52.64e3 54.59e3 55.71e3 56.47e3 55.67e3 58.64e3 58.43e3 59.30e3 60.51e3 62.65e3 62.53e3 63.75e3 64.93e3 62.21e3 65.40e3 62.47e3 64.33e3 67.73e3 65.75e3 66.60e3 65.53e3 66.93e3 65.99e3 68.48e3 65.37e3 64.47e3 68.02e3 68.00e3 67.06e3 66.47e3 69.86e3 68.54e3 67.34e3 68.47e3 68.92e3 68.89e3 69.68e3 72.95e3 73.48e3 71.00e3 75.00e3 78.39e3 76.69e3 77.94e3 78.49e3 79.04e3 78.59e3 80.73e3 
   180.e6  4.136e3 6.247e3 7.870e3 10.24e3 11.77e3 13.79e3 15.50e3 16.36e3 19.18e3 19.37e3 21.33e3 22.64e3 24.05e3 25.34e3 27.34e3 28.81e3 28.53e3 29.59e3 33.81e3 34.78e3 35.27e3 36.17e3 36.66e3 38.23e3 37.90e3 38.80e3 38.78e3 40.21e3 40.72e3 41.26e3 42.54e3 44.01e3 44.18e3 45.15e3 47.44e3 44.26e3 48.66e3 49.38e3 50.67e3 51.16e3 51.43e3 52.40e3 52.80e3 52.93e3 53.37e3 55.24e3 56.38e3 57.38e3 56.61e3 59.47e3 59.40e3 60.09e3 61.31e3 63.03e3 63.34e3 64.50e3 65.87e3 63.29e3 66.33e3 63.34e3 65.32e3 68.59e3 66.75e3 67.56e3 66.75e3 67.87e3 67.18e3 69.59e3 66.55e3 65.97e3 69.36e3 69.45e3 68.25e3 67.67e3 70.92e3 69.71e3 68.57e3 69.82e3 70.18e3 70.42e3 71.26e3 74.31e3 74.69e3 72.68e3 76.52e3 79.84e3 78.19e3 79.39e3 79.69e3 80.34e3 79.90e3 82.14e3 
   200.e6  4.032e3 6.272e3 7.960e3 10.32e3 11.88e3 13.93e3 15.55e3 16.61e3 19.42e3 19.53e3 21.46e3 22.84e3 24.67e3 26.02e3 27.96e3 29.35e3 28.84e3 29.84e3 34.39e3 35.39e3 35.72e3 36.66e3 37.32e3 38.80e3 38.61e3 39.45e3 39.54e3 41.02e3 41.71e3 42.07e3 43.49e3 45.01e3 45.51e3 46.58e3 48.58e3 45.20e3 50.04e3 51.16e3 52.20e3 52.40e3 52.09e3 53.19e3 54.00e3 54.18e3 54.62e3 56.33e3 57.48e3 58.94e3 58.26e3 60.89e3 61.08e3 61.42e3 62.60e3 63.62e3 64.74e3 65.77e3 67.49e3 65.20e3 67.91e3 64.81e3 67.03e3 70.05e3 68.46e3 69.21e3 68.89e3 69.41e3 69.21e3 71.47e3 68.60e3 68.65e3 71.83e3 72.10e3 70.30e3 69.80e3 72.69e3 71.74e3 70.72e3 72.17e3 72.39e3 73.24e3 74.19e3 76.72e3 76.78e3 75.86e3 79.29e3 82.44e3 81.01e3 82.09e3 81.78e3 82.61e3 82.19e3 84.66e3 
   225.e6  3.990e3 6.332e3 8.031e3 10.38e3 12.03e3 14.10e3 15.70e3 16.95e3 19.68e3 19.75e3 21.70e3 23.11e3 25.31e3 26.73e3 28.56e3 29.89e3 29.51e3 30.25e3 35.00e3 36.00e3 36.31e3 37.30e3 38.17e3 39.46e3 39.41e3 40.18e3 40.47e3 42.00e3 42.76e3 43.05e3 44.64e3 46.03e3 46.88e3 48.03e3 49.49e3 46.27e3 51.57e3 52.98e3 53.91e3 53.78e3 53.07e3 54.33e3 55.48e3 55.64e3 56.14e3 57.72e3 58.82e3 60.73e3 60.22e3 62.57e3 63.00e3 63.02e3 63.82e3 64.20e3 66.37e3 67.33e3 69.48e3 67.36e3 69.87e3 66.68e3 69.07e3 71.72e3 70.46e3 71.26e3 71.17e3 71.20e3 71.49e3 73.65e3 71.02e3 71.53e3 74.45e3 75.06e3 72.68e3 72.37e3 74.91e3 74.04e3 73.27e3 74.86e3 74.91e3 76.31e3 77.24e3 79.54e3 79.22e3 79.26e3 82.02e3 84.95e3 84.07e3 85.01e3 84.35e3 85.40e3 84.97e3 87.54e3 
   250.e6  4.027e3 6.409e3 7.979e3 10.32e3 12.13e3 14.21e3 15.92e3 17.22e3 19.76e3 19.92e3 21.94e3 23.32e3 25.62e3 27.09e3 28.73e3 30.06e3 30.55e3 30.62e3 35.27e3 36.23e3 36.74e3 37.79e3 38.91e3 39.92e3 39.98e3 40.67e3 41.27e3 42.87e3 43.40e3 43.94e3 45.67e3 46.55e3 47.66e3 48.78e3 49.21e3 46.91e3 52.49e3 53.78e3 54.97e3 54.57e3 54.14e3 55.34e3 56.80e3 56.83e3 57.53e3 59.09e3 59.80e3 62.16e3 61.93e3 64.03e3 64.52e3 64.41e3 64.30e3 64.28e3 67.67e3 68.68e3 71.24e3 69.11e3 71.51e3 68.56e3 70.88e3 73.01e3 72.22e3 73.24e3 72.69e3 72.85e3 73.37e3 75.56e3 73.23e3 73.61e3 76.05e3 77.28e3 74.80e3 74.76e3 77.20e3 75.94e3 75.68e3 77.21e3 76.97e3 78.44e3 79.08e3 81.98e3 81.37e3 81.38e3 83.23e3 85.97e3 85.99e3 86.85e3 86.72e3 88.06e3 87.49e3 89.89e3 
   275.e6  3.929e3 6.375e3 7.900e3 10.21e3 12.15e3 14.22e3 15.95e3 17.32e3 19.72e3 19.91e3 21.99e3 23.35e3 25.78e3 27.28e3 28.74e3 30.08e3 30.96e3 30.81e3 35.34e3 36.29e3 36.91e3 38.09e3 39.28e3 40.07e3 40.28e3 40.91e3 41.71e3 43.36e3 43.82e3 44.50e3 46.24e3 46.85e3 48.16e3 49.26e3 49.28e3 47.33e3 53.03e3 54.28e3 55.64e3 55.02e3 54.76e3 56.03e3 57.60e3 57.55e3 58.36e3 59.92e3 60.51e3 63.07e3 63.08e3 64.93e3 65.53e3 65.24e3 64.80e3 64.37e3 68.50e3 69.54e3 72.33e3 70.33e3 72.52e3 69.74e3 72.02e3 73.75e3 73.35e3 74.50e3 73.77e3 73.98e3 74.62e3 76.77e3 74.71e3 75.12e3 77.08e3 78.89e3 76.40e3 76.45e3 78.73e3 77.32e3 77.41e3 78.77e3 78.42e3 79.97e3 80.50e3 83.73e3 82.81e3 83.02e3 84.81e3 87.17e3 87.60e3 88.34e3 88.50e3 89.90e3 89.30e3 91.60e3 
   300.e6  3.807e3 6.312e3 7.854e3 10.13e3 12.16e3 14.23e3 15.93e3 17.40e3 19.70e3 19.88e3 22.01e3 23.38e3 25.94e3 27.48e3 28.79e3 30.14e3 31.09e3 31.00e3 35.43e3 36.39e3 37.05e3 38.39e3 39.55e3 40.18e3 40.57e3 41.14e3 42.05e3 43.74e3 44.22e3 44.99e3 46.65e3 47.18e3 48.61e3 49.72e3 49.75e3 47.77e3 53.51e3 54.76e3 56.20e3 55.42e3 55.27e3 56.61e3 58.23e3 58.13e3 58.98e3 60.56e3 61.12e3 63.81e3 64.01e3 65.66e3 66.39e3 65.91e3 65.50e3 64.71e3 69.23e3 70.26e3 73.19e3 71.39e3 73.29e3 70.62e3 72.90e3 74.32e3 74.26e3 75.46e3 74.73e3 74.94e3 75.63e3 77.69e3 75.87e3 76.39e3 77.93e3 80.26e3 77.80e3 77.82e3 79.91e3 78.54e3 78.85e3 79.98e3 79.65e3 81.28e3 81.82e3 85.17e3 84.01e3 84.50e3 86.80e3 88.70e3 89.20e3 89.78e3 90.07e3 91.41e3 90.82e3 93.10e3 
   325.e6  3.701e3 6.245e3 7.800e3 10.05e3 12.13e3 14.21e3 15.90e3 17.44e3 19.63e3 19.82e3 21.99e3 23.37e3 26.03e3 27.59e3 28.77e3 30.14e3 31.16e3 31.17e3 35.44e3 36.41e3 37.10e3 38.62e3 39.70e3 40.21e3 40.75e3 41.27e3 42.28e3 44.01e3 44.49e3 45.35e3 46.94e3 47.39e3 48.92e3 50.03e3 50.18e3 48.17e3 53.83e3 55.08e3 56.58e3 55.70e3 55.64e3 57.04e3 58.68e3 58.55e3 59.44e3 61.03e3 61.56e3 64.36e3 64.69e3 66.18e3 67.04e3 66.38e3 66.05e3 65.00e3 69.76e3 70.80e3 73.84e3 72.22e3 73.84e3 71.28e3 73.55e3 74.73e3 74.94e3 76.19e3 75.45e3 75.70e3 76.38e3 78.35e3 76.77e3 77.38e3 78.56e3 81.33e3 78.93e3 78.94e3 80.81e3 79.51e3 80.01e3 80.90e3 80.63e3 82.31e3 82.87e3 86.29e3 84.97e3 85.69e3 88.49e3 89.97e3 90.51e3 90.93e3 91.33e3 92.61e3 92.04e3 94.32e3 
   350.e6  3.607e3 6.175e3 7.742e3 9.961e3 12.09e3 14.17e3 15.86e3 17.47e3 19.54e3 19.76e3 21.93e3 23.33e3 26.07e3 27.64e3 28.70e3 30.08e3 31.18e3 31.29e3 35.38e3 36.38e3 37.08e3 38.79e3 39.76e3 40.16e3 40.84e3 41.33e3 42.41e3 44.17e3 44.66e3 45.59e3 47.12e3 47.51e3 49.11e3 50.23e3 50.57e3 48.51e3 54.03e3 55.28e3 56.81e3 55.87e3 55.89e3 57.34e3 58.99e3 58.83e3 59.75e3 61.37e3 61.87e3 64.75e3 65.16e3 66.52e3 67.51e3 66.71e3 66.47e3 65.24e3 70.14e3 71.19e3 74.31e3 72.86e3 74.21e3 71.76e3 74.02e3 75.00e3 75.42e3 76.74e3 75.97e3 76.30e3 76.93e3 78.81e3 77.46e3 78.12e3 79.02e3 82.14e3 79.83e3 79.83e3 81.49e3 80.29e3 80.94e3 81.60e3 81.43e3 83.14e3 83.71e3 87.14e3 85.73e3 86.63e3 89.93e3 91.02e3 91.57e3 91.82e3 92.33e3 93.55e3 93.01e3 95.30e3 
   375.e6  3.526e3 6.105e3 7.680e3 9.869e3 12.02e3 14.12e3 15.81e3 17.47e3 19.42e3 19.67e3 21.84e3 23.27e3 26.05e3 27.64e3 28.60e3 29.97e3 31.15e3 31.38e3 35.27e3 36.30e3 37.01e3 38.89e3 39.74e3 40.06e3 40.86e3 41.33e3 42.46e3 44.26e3 44.74e3 45.75e3 47.21e3 47.56e3 49.20e3 50.33e3 50.91e3 48.80e3 54.13e3 55.37e3 56.91e3 55.97e3 56.06e3 57.54e3 59.18e3 59.00e3 59.96e3 61.59e3 62.06e3 65.00e3 65.45e3 66.73e3 67.83e3 66.91e3 66.80e3 65.45e3 70.40e3 71.45e3 74.64e3 73.35e3 74.43e3 72.09e3 74.33e3 75.17e3 75.75e3 77.12e3 76.34e3 76.75e3 77.31e3 79.11e3 77.98e3 78.67e3 79.36e3 82.74e3 80.54e3 80.54e3 81.98e3 80.92e3 81.67e3 82.12e3 82.07e3 83.78e3 84.37e3 87.77e3 86.33e3 87.36e3 91.15e3 91.89e3 92.43e3 92.51e3 93.12e3 94.28e3 93.77e3 96.09e3 
   400.e6  3.453e3 6.034e3 7.615e3 9.774e3 11.94e3 14.04e3 15.74e3 17.45e3 19.28e3 19.58e3 21.72e3 23.18e3 26.00e3 27.59e3 28.46e3 29.84e3 31.09e3 31.43e3 35.12e3 36.18e3 36.90e3 38.94e3 39.65e3 39.91e3 40.83e3 41.29e3 42.46e3 44.28e3 44.75e3 45.83e3 47.22e3 47.55e3 49.22e3 50.34e3 51.22e3 49.05e3 54.15e3 55.38e3 56.91e3 56.00e3 56.15e3 57.65e3 59.27e3 59.07e3 60.07e3 61.72e3 62.16e3 65.13e3 65.59e3 66.83e3 68.03e3 67.01e3 67.06e3 65.63e3 70.56e3 71.62e3 74.85e3 73.70e3 74.54e3 72.30e3 74.51e3 75.26e3 75.96e3 77.37e3 76.59e3 77.09e3 77.55e3 79.28e3 78.35e3 79.05e3 79.59e3 83.17e3 81.07e3 81.10e3 82.32e3 81.40e3 82.24e3 82.48e3 82.57e3 84.29e3 84.88e3 88.21e3 86.80e3 87.92e3 92.17e3 92.60e3 93.10e3 93.03e3 93.73e3 94.83e3 94.35e3 96.71e3 
   450.e6  3.332e3 5.893e3 7.482e3 9.581e3 11.74e3 13.86e3 15.60e3 17.38e3 18.98e3 19.39e3 21.44e3 22.96e3 25.79e3 27.40e3 28.11e3 29.48e3 30.88e3 31.42e3 34.73e3 35.87e3 36.58e3 38.92e3 39.34e3 39.52e3 40.64e3 41.10e3 42.30e3 44.17e3 44.60e3 45.81e3 47.08e3 47.40e3 49.05e3 50.19e3 51.73e3 49.42e3 54.00e3 55.21e3 56.67e3 55.93e3 56.15e3 57.66e3 59.20e3 59.00e3 60.08e3 61.74e3 62.13e3 65.13e3 65.52e3 66.75e3 68.12e3 66.98e3 67.39e3 65.89e3 70.64e3 71.72e3 74.99e3 74.11e3 74.47e3 72.46e3 74.59e3 75.25e3 76.08e3 77.56e3 76.78e3 77.50e3 77.72e3 79.34e3 78.75e3 79.42e3 79.83e3 83.61e3 81.71e3 81.83e3 82.62e3 82.07e3 82.98e3 82.87e3 83.26e3 84.94e3 85.56e3 88.63e3 87.40e3 88.60e3 93.71e3 93.64e3 94.00e3 93.63e3 94.51e3 95.51e3 95.11e3 97.53e3 
   500.e6  3.234e3 5.755e3 7.348e3 9.386e3 11.52e3 13.64e3 15.43e3 17.27e3 18.65e3 19.18e3 21.11e3 22.70e3 25.50e3 27.10e3 27.69e3 29.06e3 30.57e3 31.28e3 34.25e3 35.48e3 36.16e3 38.75e3 38.90e3 39.05e3 40.32e3 40.81e3 42.01e3 43.91e3 44.29e3 45.61e3 46.77e3 47.11e3 48.69e3 49.85e3 52.10e3 49.65e3 53.66e3 54.84e3 56.20e3 55.73e3 55.99e3 57.46e3 58.89e3 58.73e3 59.89e3 61.52e3 61.90e3 64.86e3 65.11e3 66.43e3 67.91e3 66.72e3 67.54e3 66.05e3 70.48e3 71.59e3 74.85e3 74.20e3 74.15e3 72.34e3 74.40e3 75.05e3 75.93e3 77.43e3 76.69e3 77.64e3 77.58e3 79.13e3 78.81e3 79.40e3 79.86e3 83.62e3 81.91e3 82.18e3 82.57e3 82.42e3 83.31e3 82.93e3 83.64e3 85.25e3 85.88e3 88.60e3 87.69e3 88.84e3 94.70e3 94.28e3 94.43e3 93.81e3 94.85e3 95.75e3 95.43e3 97.92e3 
   550.e6  3.153e3 5.621e3 7.214e3 9.194e3 11.29e3 13.40e3 15.25e3 17.11e3 18.32e3 18.96e3 20.76e3 22.42e3 25.15e3 26.74e3 27.25e3 28.60e3 30.21e3 31.04e3 33.71e3 35.04e3 35.69e3 38.47e3 38.38e3 38.53e3 39.92e3 40.46e3 41.63e3 43.55e3 43.86e3 45.28e3 46.33e3 46.73e3 48.22e3 49.37e3 52.32e3 49.75e3 53.21e3 54.36e3 55.57e3 55.44e3 55.70e3 57.12e3 58.43e3 58.31e3 59.56e3 61.14e3 61.51e3 64.40e3 64.48e3 65.93e3 67.49e3 66.31e3 67.57e3 66.12e3 70.17e3 71.31e3 74.52e3 74.06e3 73.66e3 72.05e3 74.01e3 74.73e3 75.59e3 77.08e3 76.40e3 77.59e3 77.23e3 78.74e3 78.64e3 79.11e3 79.73e3 83.35e3 81.77e3 82.23e3 82.26e3 82.53e3 83.35e3 82.77e3 83.79e3 85.31e3 85.96e3 88.26e3 87.73e3 88.77e3 95.25e3 94.62e3 94.50e3 93.68e3 94.85e3 95.68e3 95.45e3 97.97e3 
   600.e6  3.082e3 5.490e3 7.084e3 9.005e3 11.05e3 13.15e3 15.04e3 16.93e3 17.99e3 18.74e3 20.40e3 22.13e3 24.76e3 26.33e3 26.78e3 28.12e3 29.80e3 30.72e3 33.15e3 34.58e3 35.20e3 38.11e3 37.81e3 37.99e3 39.46e3 40.07e3 41.19e3 43.13e3 43.37e3 44.86e3 45.81e3 46.30e3 47.65e3 48.81e3 52.41e3 49.73e3 52.67e3 53.80e3 54.85e3 55.09e3 55.34e3 56.67e3 57.84e3 57.81e3 59.13e3 60.64e3 61.03e3 63.80e3 63.71e3 65.33e3 66.91e3 65.80e3 67.49e3 66.10e3 69.75e3 70.91e3 74.04e3 73.74e3 73.06e3 71.63e3 73.50e3 74.32e3 75.12e3 76.57e3 75.99e3 77.39e3 76.75e3 78.24e3 78.31e3 78.63e3 79.51e3 82.87e3 81.38e3 82.06e3 81.77e3 82.48e3 83.18e3 82.45e3 83.75e3 85.18e3 85.84e3 87.70e3 87.60e3 88.47e3 95.46e3 94.72e3 94.31e3 93.32e3 94.61e3 95.37e3 95.23e3 97.77e3 
   650.e6  3.018e3 5.364e3 6.957e3 8.821e3 10.82e3 12.89e3 14.82e3 16.73e3 17.67e3 18.52e3 20.03e3 21.82e3 24.34e3 25.90e3 26.31e3 27.63e3 29.38e3 30.33e3 32.57e3 34.11e3 34.68e3 37.68e3 37.21e3 37.45e3 38.97e3 39.66e3 40.71e3 42.66e3 42.82e3 44.37e3 45.23e3 45.83e3 47.03e3 48.20e3 52.39e3 49.62e3 52.08e3 53.18e3 54.07e3 54.68e3 54.91e3 56.14e3 57.18e3 57.24e3 58.63e3 60.04e3 60.48e3 63.11e3 62.85e3 64.66e3 66.22e3 65.22e3 67.33e3 66.00e3 69.25e3 70.44e3 73.46e3 73.30e3 72.38e3 71.14e3 72.90e3 73.85e3 74.56e3 75.95e3 75.48e3 77.08e3 76.17e3 77.68e3 77.85e3 78.02e3 79.20e3 82.25e3 80.80e3 81.72e3 81.17e3 82.28e3 82.84e3 82.02e3 83.58e3 84.92e3 85.59e3 87.01e3 87.33e3 88.00e3 95.38e3 94.63e3 93.91e3 92.80e3 94.19e3 94.90e3 94.84e3 97.37e3 
   700.e6  2.959e3 5.241e3 6.833e3 8.643e3 10.60e3 12.63e3 14.60e3 16.51e3 17.35e3 18.29e3 19.66e3 21.51e3 23.92e3 25.46e3 25.83e3 27.14e3 28.94e3 29.89e3 31.99e3 33.63e3 34.16e3 37.19e3 36.61e3 36.90e3 38.47e3 39.23e3 40.21e3 42.15e3 42.25e3 43.84e3 44.61e3 45.33e3 46.38e3 47.55e3 52.25e3 49.43e3 51.46e3 52.54e3 53.26e3 54.24e3 54.43e3 55.57e3 56.47e3 56.64e3 58.09e3 59.39e3 59.88e3 62.36e3 61.96e3 63.95e3 65.46e3 64.59e3 67.10e3 65.82e3 68.69e3 69.90e3 72.81e3 72.77e3 71.67e3 70.59e3 72.25e3 73.33e3 73.95e3 75.25e3 74.92e3 76.69e3 75.54e3 77.06e3 77.31e3 77.33e3 78.83e3 81.54e3 80.09e3 81.26e3 80.48e3 81.99e3 82.38e3 81.52e3 83.29e3 84.56e3 85.23e3 86.21e3 86.96e3 87.41e3 95.07e3 94.38e3 93.36e3 92.16e3 93.64e3 94.31e3 94.32e3 96.83e3 
   800.e6  2.849e3 5.007e3 6.595e3 8.304e3 10.19e3 12.13e3 14.12e3 16.05e3 16.75e3 17.84e3 18.94e3 20.89e3 23.06e3 24.56e3 24.90e3 26.18e3 28.06e3 28.93e3 30.84e3 32.67e3 33.13e3 36.13e3 35.41e3 35.84e3 37.42e3 38.33e3 39.18e3 41.10e3 41.06e3 42.71e3 43.31e3 44.30e3 45.02e3 46.19e3 51.69e3 48.85e3 50.17e3 51.21e3 51.61e3 53.27e3 53.40e3 54.33e3 54.96e3 55.39e3 56.92e3 57.95e3 58.59e3 60.76e3 60.15e3 62.48e3 63.81e3 63.27e3 66.45e3 65.24e3 67.45e3 68.72e3 71.37e3 71.51e3 70.18e3 69.39e3 70.85e3 72.19e3 72.63e3 73.72e3 73.68e3 75.71e3 74.17e3 75.75e3 76.08e3 75.81e3 77.94e3 79.96e3 78.38e3 80.08e3 78.98e3 81.15e3 81.22e3 80.38e3 82.47e3 83.60e3 84.28e3 84.49e3 86.00e3 86.00e3 93.93e3 93.52e3 91.92e3 90.67e3 92.25e3 92.88e3 93.01e3 95.41e3 
   900.e6  2.743e3 4.786e3 6.370e3 7.990e3 9.812e3 11.66e3 13.63e3 15.55e3 16.19e3 17.39e3 18.25e3 20.28e3 22.23e3 23.68e3 24.02e3 25.26e3 27.21e3 27.94e3 29.74e3 31.72e3 32.13e3 35.00e3 34.26e3 34.83e3 36.38e3 37.43e3 38.15e3 40.01e3 39.88e3 41.53e3 41.98e3 43.26e3 43.66e3 44.82e3 50.81e3 48.08e3 48.88e3 49.90e3 49.99e3 52.22e3 52.30e3 53.03e3 53.42e3 54.12e3 55.69e3 56.42e3 57.27e3 59.10e3 58.43e3 61.01e3 62.09e3 61.92e3 65.60e3 64.42e3 66.14e3 67.44e3 69.83e3 70.09e3 68.67e3 68.14e3 69.40e3 70.95e3 71.24e3 72.12e3 72.35e3 74.55e3 72.76e3 74.39e3 74.72e3 74.22e3 76.88e3 78.29e3 76.49e3 78.68e3 77.42e3 80.09e3 79.87e3 79.14e3 81.41e3 82.43e3 83.11e3 82.72e3 84.81e3 84.43e3 92.32e3 92.28e3 90.21e3 89.00e3 90.64e3 91.25e3 91.45e3 93.72e3 
   1.00e9  2.637e3 4.577e3 6.156e3 7.699e3 9.470e3 11.22e3 13.14e3 15.05e3 15.67e3 16.94e3 17.61e3 19.68e3 21.43e3 22.84e3 23.18e3 24.39e3 26.41e3 26.97e3 28.69e3 30.80e3 31.17e3 33.86e3 33.18e3 33.88e3 35.37e3 36.52e3 37.14e3 38.92e3 38.73e3 40.36e3 40.67e3 42.22e3 42.34e3 43.48e3 49.71e3 47.17e3 47.62e3 48.61e3 48.45e3 51.12e3 51.16e3 51.73e3 51.90e3 52.87e3 54.43e3 54.87e3 55.93e3 57.46e3 56.85e3 59.58e3 60.38e3 60.57e3 64.56e3 63.40e3 64.78e3 66.10e3 68.25e3 68.58e3 67.18e3 66.87e3 67.96e3 69.64e3 69.83e3 70.51e3 70.99e3 73.26e3 71.34e3 73.01e3 73.29e3 72.65e3 75.68e3 76.61e3 74.53e3 77.16e3 75.86e3 78.86e3 78.41e3 77.82e3 80.16e3 81.12e3 81.80e3 80.98e3 83.49e3 82.79e3 90.39e3 90.77e3 88.35e3 87.27e3 88.91e3 89.52e3 89.76e3 91.88e3 
   1.10e9  2.531e3 4.380e3 5.951e3 7.430e3 9.157e3 10.81e3 12.66e3 14.55e3 15.16e3 16.48e3 17.00e3 19.10e3 20.68e3 22.05e3 22.40e3 23.57e3 25.66e3 26.06e3 27.72e3 29.91e3 30.26e3 32.72e3 32.17e3 32.99e3 34.39e3 35.61e3 36.16e3 37.84e3 37.62e3 39.21e3 39.41e3 41.20e3 41.07e3 42.20e3 48.45e3 46.18e3 46.41e3 47.38e3 47.00e3 49.97e3 50.01e3 50.45e3 50.43e3 51.65e3 53.19e3 53.34e3 54.62e3 55.86e3 55.40e3 58.19e3 58.71e3 59.25e3 63.39e3 62.23e3 63.40e3 64.72e3 66.66e3 67.03e3 65.73e3 65.60e3 66.54e3 68.29e3 68.43e3 68.93e3 69.62e3 71.89e3 69.95e3 71.61e3 71.85e3 71.14e3 74.38e3 74.96e3 72.58e3 75.59e3 74.35e3 77.52e3 76.91e3 76.48e3 78.80e3 79.72e3 80.40e3 79.32e3 82.07e3 81.15e3 88.29e3 89.06e3 86.43e3 85.53e3 87.13e3 87.75e3 88.00e3 89.97e3 
   1.20e9  2.425e3 4.193e3 5.756e3 7.180e3 8.869e3 10.43e3 12.20e3 14.05e3 14.68e3 16.02e3 16.43e3 18.53e3 19.97e3 21.30e3 21.66e3 22.80e3 24.96e3 25.23e3 26.80e3 29.05e3 29.40e3 31.63e3 31.24e3 32.14e3 33.45e3 34.72e3 35.22e3 36.79e3 36.58e3 38.11e3 38.20e3 40.20e3 39.87e3 40.98e3 47.09e3 45.14e3 45.24e3 46.21e3 45.64e3 48.80e3 48.86e3 49.20e3 49.02e3 50.48e3 51.95e3 51.83e3 53.34e3 54.33e3 54.10e3 56.85e3 57.12e3 57.96e3 62.10e3 60.94e3 62.03e3 63.33e3 65.09e3 65.48e3 64.33e3 64.33e3 65.15e3 66.91e3 67.04e3 67.40e3 68.24e3 70.45e3 68.58e3 70.22e3 70.40e3 69.69e3 72.99e3 73.36e3 70.70e3 74.00e3 72.89e3 76.09e3 75.40e3 75.10e3 77.35e3 78.25e3 78.93e3 77.75e3 80.57e3 79.54e3 86.09e3 87.21e3 84.50e3 83.81e3 85.34e3 85.97e3 86.20e3 88.04e3 
   1.30e9  2.321e3 4.016e3 5.568e3 6.948e3 8.600e3 10.09e3 11.75e3 13.57e3 14.21e3 15.57e3 15.90e3 17.99e3 19.31e3 20.60e3 20.97e3 22.08e3 24.31e3 24.48e3 25.95e3 28.23e3 28.58e3 30.58e3 30.37e3 31.34e3 32.55e3 33.83e3 34.30e3 35.76e3 35.59e3 37.04e3 37.05e3 39.24e3 38.73e3 39.82e3 45.67e3 44.08e3 44.13e3 45.08e3 44.38e3 47.62e3 47.72e3 48.00e3 47.69e3 49.36e3 50.74e3 50.38e3 52.09e3 52.87e3 52.92e3 55.56e3 55.59e3 56.71e3 60.71e3 59.58e3 60.66e3 61.93e3 63.54e3 63.93e3 62.97e3 63.08e3 63.79e3 65.52e3 65.66e3 65.94e3 66.86e3 68.98e3 67.24e3 68.82e3 68.95e3 68.30e3 71.53e3 71.80e3 68.91e3 72.42e3 71.49e3 74.61e3 73.88e3 73.71e3 75.84e3 76.74e3 77.41e3 76.27e3 79.03e3 77.97e3 83.85e3 85.26e3 82.59e3 82.12e3 83.56e3 84.21e3 84.39e3 86.12e3 
   1.40e9  2.218e3 3.849e3 5.388e3 6.733e3 8.346e3 9.772e3 11.33e3 13.10e3 13.76e3 15.12e3 15.41e3 17.46e3 18.69e3 19.95e3 20.33e3 21.41e3 23.69e3 23.82e3 25.16e3 27.43e3 27.81e3 29.59e3 29.57e3 30.58e3 31.69e3 32.97e3 33.42e3 34.76e3 34.65e3 36.03e3 35.96e3 38.30e3 37.66e3 38.73e3 44.22e3 43.02e3 43.06e3 44.01e3 43.21e3 46.43e3 46.60e3 46.84e3 46.42e3 48.27e3 49.55e3 48.99e3 50.88e3 51.49e3 51.83e3 54.32e3 54.15e3 55.49e3 59.26e3 58.17e3 59.30e3 60.54e3 62.04e3 62.41e3 61.65e3 61.84e3 62.47e3 64.12e3 64.31e3 64.54e3 65.50e3 67.49e3 65.93e3 67.42e3 67.53e3 66.98e3 70.02e3 70.30e3 67.21e3 70.87e3 70.14e3 73.09e3 72.39e3 72.31e3 74.30e3 75.20e3 75.86e3 74.87e3 77.46e3 76.45e3 81.62e3 83.25e3 80.72e3 80.47e3 81.81e3 82.47e3 82.59e3 84.23e3 
   1.50e9  2.119e3 3.692e3 5.215e3 6.532e3 8.106e3 9.479e3 10.93e3 12.65e3 13.33e3 14.68e3 14.94e3 16.95e3 18.11e3 19.34e3 19.73e3 20.77e3 23.10e3 23.23e3 24.42e3 26.67e3 27.07e3 28.65e3 28.81e3 29.86e3 30.87e3 32.12e3 32.57e3 33.80e3 33.77e3 35.06e3 34.94e3 37.39e3 36.65e3 37.70e3 42.79e3 41.98e3 42.03e3 42.98e3 42.11e3 45.26e3 45.50e3 45.73e3 45.23e3 47.22e3 48.39e3 47.66e3 49.71e3 50.18e3 50.82e3 53.11e3 52.78e3 54.31e3 57.77e3 56.74e3 57.97e3 59.16e3 60.57e3 60.92e3 60.36e3 60.62e3 61.18e3 62.72e3 62.97e3 63.20e3 64.14e3 65.99e3 64.65e3 66.03e3 66.12e3 65.72e3 68.48e3 68.85e3 65.62e3 69.36e3 68.85e3 71.55e3 70.92e3 70.91e3 72.75e3 73.65e3 74.31e3 73.54e3 75.88e3 74.97e3 79.43e3 81.22e3 78.90e3 78.87e3 80.10e3 80.77e3 80.81e3 82.39e3 
   1.60e9  2.023e3 3.544e3 5.050e3 6.344e3 7.875e3 9.208e3 10.56e3 12.22e3 12.90e3 14.25e3 14.51e3 16.46e3 17.57e3 18.76e3 19.16e3 20.18e3 22.54e3 22.71e3 23.74e3 25.93e3 26.36e3 27.78e3 28.10e3 29.16e3 30.08e3 31.29e3 31.75e3 32.87e3 32.93e3 34.14e3 33.98e3 36.51e3 35.70e3 36.74e3 41.38e3 40.96e3 41.05e3 42.00e3 41.09e3 44.09e3 44.42e3 44.66e3 44.11e3 46.20e3 47.26e3 46.40e3 48.58e3 48.95e3 49.87e3 51.94e3 51.49e3 53.17e3 56.26e3 55.31e3 56.66e3 57.80e3 59.14e3 59.47e3 59.11e3 59.41e3 59.93e3 61.33e3 61.66e3 61.91e3 62.80e3 64.50e3 63.40e3 64.65e3 64.73e3 64.51e3 66.93e3 67.44e3 64.13e3 67.89e3 67.60e3 70.01e3 69.48e3 69.51e3 71.20e3 72.10e3 72.75e3 72.26e3 74.30e3 73.54e3 77.29e3 79.18e3 77.14e3 77.31e3 78.42e3 79.10e3 79.07e3 80.60e3 
   1.70e9  1.932e3 3.406e3 4.891e3 6.168e3 7.654e3 8.956e3 10.20e3 11.82e3 12.50e3 13.82e3 14.10e3 16.00e3 17.06e3 18.22e3 18.63e3 19.63e3 22.00e3 22.25e3 23.09e3 25.23e3 25.69e3 26.96e3 27.43e3 28.49e3 29.32e3 30.48e3 30.95e3 31.97e3 32.14e3 33.26e3 33.08e3 35.66e3 34.81e3 35.83e3 40.01e3 39.96e3 40.11e3 41.05e3 40.13e3 42.95e3 43.37e3 43.64e3 43.04e3 45.22e3 46.16e3 45.20e3 47.48e3 47.78e3 48.97e3 50.81e3 50.28e3 52.05e3 54.74e3 53.90e3 55.38e3 56.46e3 57.76e3 58.06e3 57.89e3 58.21e3 58.70e3 59.97e3 60.37e3 60.68e3 61.48e3 63.03e3 62.16e3 63.27e3 63.37e3 63.34e3 65.38e3 66.07e3 62.73e3 66.46e3 66.39e3 68.48e3 68.07e3 68.11e3 69.66e3 70.57e3 71.20e3 71.03e3 72.72e3 72.16e3 75.23e3 77.16e3 75.44e3 75.80e3 76.79e3 77.48e3 77.37e3 78.87e3 
   1.80e9  1.846e3 3.277e3 4.739e3 6.002e3 7.441e3 8.719e3 9.877e3 11.43e3 12.11e3 13.41e3 13.72e3 15.55e3 16.58e3 17.71e3 18.13e3 19.10e3 21.48e3 21.84e3 22.49e3 24.56e3 25.04e3 26.19e3 26.79e3 27.85e3 28.60e3 29.70e3 30.19e3 31.11e3 31.38e3 32.42e3 32.23e3 34.84e3 33.97e3 34.97e3 38.70e3 39.00e3 39.20e3 40.14e3 39.23e3 41.84e3 42.34e3 42.65e3 42.04e3 44.27e3 45.09e3 44.07e3 46.42e3 46.68e3 48.10e3 49.71e3 49.13e3 50.97e3 53.24e3 52.53e3 54.12e3 55.15e3 56.43e3 56.69e3 56.70e3 57.04e3 57.50e3 58.62e3 59.10e3 59.49e3 60.18e3 61.58e3 60.95e3 61.92e3 62.03e3 62.20e3 63.85e3 64.74e3 61.42e3 65.07e3 65.21e3 66.96e3 66.69e3 66.72e3 68.14e3 69.05e3 69.67e3 69.84e3 71.16e3 70.82e3 73.26e3 75.17e3 73.80e3 74.33e3 75.21e3 75.89e3 75.71e3 77.20e3 
   2.00e9  1.692e3 3.045e3 4.457e3 5.697e3 7.036e3 8.288e3 9.290e3 10.72e3 11.38e3 12.64e3 13.02e3 14.71e3 15.71e3 16.78e3 17.22e3 18.15e3 20.49e3 21.11e3 21.40e3 23.29e3 23.84e3 24.79e3 25.61e3 26.61e3 27.24e3 28.21e3 28.75e3 29.50e3 29.98e3 30.88e3 30.71e3 33.26e3 32.44e3 33.41e3 36.29e3 37.17e3 37.48e3 38.42e3 37.58e3 39.71e3 40.39e3 40.80e3 40.21e3 42.44e3 43.06e3 41.99e3 44.40e3 44.67e3 46.42e3 47.59e3 47.01e3 48.89e3 50.33e3 49.92e3 51.72e3 52.63e3 53.90e3 54.10e3 54.40e3 54.74e3 55.20e3 56.04e3 56.64e3 57.22e3 57.65e3 58.78e3 58.59e3 59.28e3 59.45e3 60.01e3 60.87e3 62.19e3 59.05e3 62.43e3 62.93e3 64.01e3 64.04e3 64.00e3 65.22e3 66.09e3 66.70e3 67.52e3 68.13e3 68.25e3 69.59e3 71.37e3 70.72e3 71.50e3 72.17e3 72.85e3 72.55e3 74.04e3 
