# SRIM-2013 Electronic stopping power table for Z1=46
# Converted from a table provided by H.Hofsaess
# units of energy:         eV
# units of stopping power: eV A^2
#      \Z2 1       2       3       4       5       6       7       8       9       10      11      12      13      14      15      16      17      18      19      20      21      22      23      24      25      26      27      28      29      30      31      32      33      34      35      36      37      38      39      40      41      42      43      44      45      46      47      48      49      50      51      52      53      54      55      56      57      58      59      60      61      62      63      64      65      66      67      68      69      70      71      72      73      74      75      76      77      78      79      80      81      82      83      84      85      86      87      88      89      90      91      92      
# energy\  H       He      Li      Be      B       C       N       O       F       Ne      Na      Mg      Al      Si      P       S       Cl      Ar      K       Ca      Sc      Ti      V       Cr      Mn      Fe      Co      Ni      Cu      Zn      Ga      Ge      As      Se      Br      Kr      Rb      Sr      Y       Zr      Nb      Mo      Tc      Ru      Rh      Pd      Ag      Cd      In      Sn      Sb      Te      I       Xe      Cs      Ba      La      Ce      Pr      Nd      Pm      Sm      Eu      Gd      Tb      Dy      Ho      Er      Tm      Yb      Lu      Hf      Ta      W       Re      Os      Ir      Pt      Au      Hg      Tl      Pb      Bi      Po      At      Rn      Fr      Ra      Ac      Th      Pa      U       
   0.00    0.0     0.0     0.0     0.0     0.0     0.0     0.0     0.0     0.0     0.0     0.0     0.0     0.0     0.0     0.0     0.0     0.0     0.0     0.0     0.0     0.0     0.0     0.0     0.0     0.0     0.0     0.0     0.0     0.0     0.0     0.0     0.0     0.0     0.0     0.0     0.0     0.0     0.0     0.0     0.0     0.0     0.0     0.0     0.0     0.0     0.0     0.0     0.0     0.0     0.0     0.0     0.0     0.0     0.0     0.0     0.0     0.0     0.0     0.0     0.0     0.0     0.0     0.0     0.0     0.0     0.0     0.0     0.0     0.0     0.0     0.0     0.0     0.0     0.0     0.0     0.0     0.0     0.0     0.0     0.0     0.0     0.0     0.0     0.0     0.0     0.0     0.0     0.0     0.0     0.0     0.0     0.0     
   10.0    0.665   0.808   1.035   2.115   2.513   3.219   2.123   1.749   1.983   1.976   3.600   4.412   4.118   3.936   4.305   3.387   1.020   2.417   3.054   3.076   4.728   4.322   4.611   3.574   3.409   3.742   3.417   3.528   3.374   3.179   3.411   4.394   5.076   4.446   1.526   2.233   5.587   5.591   5.673   4.435   6.595   6.207   5.599   3.975   3.463   5.277   5.214   4.847   4.010   6.668   5.894   4.777   6.263   1.822   7.230   7.435   7.648   6.341   5.716   5.943   6.001   5.272   5.090   7.551   5.981   5.052   4.100   4.296   5.483   4.158   4.835   4.176   5.352   4.981   4.419   2.794   3.284   4.512   4.206   3.258   3.773   5.808   5.656   7.288   7.379   7.084   8.202   7.877   5.350   5.168   6.583   5.298   
   11.0    0.697   0.848   1.086   2.218   2.635   3.376   2.227   1.834   2.079   2.072   3.776   4.628   4.319   4.128   4.515   3.552   1.069   2.535   3.203   3.226   4.959   4.533   4.836   3.748   3.575   3.925   3.584   3.701   3.539   3.335   3.578   4.609   5.324   4.663   1.601   2.342   5.860   5.863   5.950   4.651   6.916   6.510   5.872   4.169   3.632   5.534   5.469   5.083   4.206   6.993   6.181   5.010   6.568   1.911   7.583   7.798   8.021   6.651   5.995   6.233   6.294   5.529   5.338   7.920   6.273   5.299   4.300   4.506   5.751   4.361   5.071   4.379   5.613   5.224   4.635   2.930   3.444   4.732   4.412   3.417   3.957   6.092   5.932   7.644   7.739   7.429   8.603   8.261   5.611   5.420   6.905   5.557   
   12.0    0.728   0.885   1.134   2.317   2.753   3.526   2.326   1.916   2.172   2.164   3.944   4.834   4.511   4.311   4.716   3.710   1.117   2.648   3.345   3.370   5.179   4.734   5.051   3.915   3.734   4.100   3.743   3.865   3.696   3.483   3.737   4.814   5.561   4.870   1.672   2.446   6.121   6.124   6.214   4.858   7.224   6.799   6.133   4.355   3.794   5.780   5.712   5.309   4.393   7.304   6.456   5.232   6.861   1.996   7.920   8.145   8.378   6.947   6.262   6.510   6.573   5.775   5.575   8.272   6.552   5.534   4.491   4.706   6.006   4.555   5.297   4.574   5.863   5.456   4.841   3.060   3.597   4.942   4.608   3.569   4.133   6.363   6.196   7.984   8.083   7.760   8.985   8.628   5.861   5.661   7.212   5.804   
   13.0    0.758   0.921   1.181   2.412   2.865   3.670   2.421   1.994   2.260   2.253   4.105   5.031   4.695   4.487   4.908   3.861   1.163   2.756   3.482   3.508   5.391   4.928   5.257   4.075   3.886   4.267   3.896   4.023   3.847   3.625   3.889   5.010   5.788   5.069   1.740   2.546   6.371   6.374   6.468   5.056   7.519   7.077   6.383   4.533   3.949   6.016   5.945   5.526   4.572   7.603   6.720   5.446   7.141   2.077   8.243   8.477   8.720   7.230   6.518   6.776   6.842   6.011   5.803   8.610   6.819   5.760   4.675   4.898   6.251   4.741   5.513   4.761   6.102   5.679   5.039   3.185   3.744   5.144   4.796   3.715   4.302   6.623   6.449   8.310   8.413   8.077   9.352   8.981   6.100   5.893   7.506   6.041   
   14.0    0.787   0.956   1.225   2.503   2.973   3.809   2.512   2.069   2.346   2.338   4.260   5.221   4.872   4.657   5.093   4.007   1.206   2.860   3.613   3.640   5.594   5.114   5.456   4.229   4.033   4.428   4.043   4.175   3.992   3.762   4.036   5.200   6.006   5.260   1.806   2.642   6.611   6.615   6.712   5.247   7.803   7.344   6.624   4.704   4.098   6.244   6.169   5.735   4.745   7.890   6.974   5.652   7.410   2.156   8.555   8.797   9.049   7.503   6.764   7.032   7.100   6.237   6.022   8.935   7.077   5.978   4.851   5.083   6.487   4.920   5.721   4.941   6.332   5.893   5.229   3.306   3.885   5.338   4.977   3.855   4.464   6.873   6.693   8.623   8.731   8.381   9.705   9.320   6.330   6.115   7.789   6.269   
   15.0    0.814   0.990   1.268   2.591   3.077   3.943   2.600   2.142   2.428   2.420   4.409   5.404   5.043   4.820   5.272   4.148   1.249   2.960   3.740   3.768   5.791   5.293   5.647   4.377   4.175   4.583   4.185   4.321   4.132   3.894   4.178   5.382   6.217   5.445   1.870   2.735   6.843   6.847   6.948   5.431   8.077   7.602   6.857   4.869   4.242   6.463   6.386   5.936   4.911   8.167   7.218   5.850   7.670   2.231   8.855   9.106   9.367   7.767   7.001   7.279   7.349   6.456   6.233   9.248   7.325   6.188   5.022   5.262   6.715   5.093   5.922   5.114   6.555   6.100   5.412   3.422   4.022   5.525   5.152   3.990   4.621   7.114   6.927   8.926   9.037   8.676   10.05   9.647   6.552   6.330   8.063   6.489   
   16.0    0.841   1.022   1.310   2.676   3.178   4.072   2.686   2.212   2.508   2.499   4.554   5.581   5.208   4.978   5.445   4.284   1.290   3.058   3.863   3.891   5.981   5.467   5.833   4.521   4.312   4.734   4.322   4.463   4.268   4.022   4.315   5.559   6.421   5.624   1.931   2.824   7.068   7.072   7.176   5.609   8.342   7.851   7.082   5.028   4.381   6.675   6.595   6.130   5.073   8.434   7.455   6.042   7.922   2.305   9.145   9.405   9.674   8.021   7.231   7.518   7.590   6.668   6.438   9.552   7.565   6.391   5.186   5.434   6.935   5.260   6.116   5.282   6.770   6.300   5.590   3.534   4.154   5.707   5.320   4.121   4.772   7.347   7.155   9.219   9.334   8.960   10.38   9.963   6.767   6.537   8.327   6.702   
   17.0    0.867   1.054   1.350   2.758   3.276   4.197   2.768   2.280   2.585   2.576   4.694   5.753   5.369   5.131   5.613   4.416   1.329   3.152   3.982   4.011   6.165   5.635   6.012   4.660   4.444   4.879   4.455   4.600   4.399   4.145   4.448   5.730   6.619   5.797   1.990   2.911   7.285   7.289   7.397   5.782   8.598   8.093   7.300   5.183   4.515   6.880   6.798   6.319   5.229   8.694   7.684   6.228   8.166   2.376   9.427   9.694   9.971   8.268   7.453   7.749   7.824   6.873   6.636   9.846   7.798   6.587   5.346   5.601   7.149   5.422   6.305   5.444   6.978   6.494   5.762   3.643   4.282   5.882   5.484   4.248   4.919   7.573   7.375   9.503   9.621   9.236   10.69   10.27   6.976   6.738   8.583   6.908   
   18.0    0.892   1.084   1.389   2.838   3.371   4.319   2.849   2.347   2.660   2.651   4.830   5.920   5.524   5.280   5.775   4.544   1.368   3.243   4.097   4.127   6.343   5.798   6.186   4.795   4.573   5.021   4.584   4.734   4.527   4.266   4.577   5.896   6.811   5.965   2.048   2.996   7.496   7.501   7.611   5.950   8.847   8.327   7.511   5.333   4.646   7.079   6.995   6.502   5.380   8.946   7.907   6.408   8.402   2.444   9.700   9.975   10.26   8.508   7.669   7.974   8.051   7.073   6.828   10.13   8.024   6.778   5.501   5.764   7.356   5.579   6.487   5.602   7.180   6.683   5.929   3.748   4.406   6.053   5.643   4.371   5.062   7.793   7.589   9.778   9.900   9.504   11.00   10.57   7.178   6.934   8.832   7.108   
   20.0    0.940   1.143   1.464   2.991   3.553   4.552   3.003   2.473   2.804   2.794   5.091   6.240   5.823   5.566   6.088   4.790   1.442   3.418   4.319   4.351   6.687   6.112   6.521   5.054   4.821   5.293   4.832   4.990   4.772   4.496   4.824   6.215   7.179   6.287   2.159   3.158   7.902   7.906   8.023   6.271   9.326   8.778   7.918   5.622   4.898   7.462   7.374   6.854   5.671   9.430   8.335   6.755   8.857   2.577   10.22   10.51   10.82   8.968   8.084   8.405   8.486   7.455   7.198   10.68   8.458   7.145   5.798   6.076   7.754   5.881   6.838   5.905   7.569   7.044   6.250   3.951   4.644   6.380   5.948   4.608   5.336   8.214   7.999   10.31   10.44   10.02   11.60   11.14   7.566   7.309   9.310   7.493   
   22.0    0.997   1.212   1.553   3.173   3.769   4.829   3.185   2.623   2.974   2.963   5.400   6.619   6.176   5.903   6.457   5.080   1.530   3.626   4.581   4.614   7.092   6.483   6.917   5.361   5.113   5.614   5.125   5.292   5.061   4.769   5.117   6.592   7.615   6.669   2.290   3.349   8.381   8.386   8.510   6.652   9.892   9.310   8.398   5.963   5.195   7.915   7.821   7.270   6.015   10.00   8.841   7.165   9.394   2.733   10.84   11.15   11.47   9.512   8.574   8.915   9.001   7.907   7.634   11.33   8.971   7.578   6.150   6.444   8.224   6.237   7.253   6.263   8.028   7.471   6.629   4.191   4.926   6.767   6.309   4.887   5.659   8.713   8.484   10.93   11.07   10.63   12.30   11.82   8.025   7.752   9.875   7.947   
   25.0    1.051   1.278   1.637   3.344   3.973   5.090   3.357   2.765   3.135   3.124   5.692   6.977   6.510   6.223   6.806   5.355   1.612   3.822   4.829   4.864   7.476   6.833   7.291   5.651   5.390   5.917   5.403   5.579   5.335   5.027   5.394   6.948   8.027   7.030   2.414   3.530   8.835   8.840   8.970   7.012   10.43   9.814   8.852   6.285   5.476   8.343   8.244   7.663   6.341   10.54   9.319   7.552   9.902   2.881   11.43   11.76   12.09   10.03   9.038   9.397   9.488   8.335   8.047   11.94   9.457   7.988   6.483   6.793   8.669   6.575   7.645   6.602   8.462   7.875   6.987   4.417   5.192   7.133   6.651   5.151   5.965   9.184   8.943   11.52   11.67   11.20   12.97   12.45   8.459   8.172   10.41   8.377   
   27.0    1.103   1.340   1.717   3.508   4.167   5.338   3.521   2.900   3.288   3.276   5.970   7.317   6.828   6.526   7.139   5.616   1.691   4.008   5.064   5.101   7.841   7.167   7.647   5.927   5.653   6.206   5.666   5.851   5.595   5.272   5.657   7.287   8.418   7.373   2.531   3.703   9.266   9.271   9.408   7.354   10.94   10.29   9.284   6.592   5.743   8.750   8.647   8.037   6.650   11.06   9.774   7.921   10.39   3.021   11.99   12.33   12.68   10.52   9.479   9.856   9.951   8.742   8.440   12.52   9.918   8.378   6.799   7.124   9.092   6.896   8.019   6.924   8.875   8.260   7.328   4.633   5.446   7.481   6.975   5.403   6.256   9.632   9.380   12.09   12.24   11.75   13.60   13.06   8.872   8.570   10.92   8.786   
   30.0    1.152   1.400   1.793   3.664   4.352   5.576   3.678   3.029   3.434   3.422   6.236   7.642   7.132   6.817   7.456   5.866   1.766   4.187   5.290   5.328   8.189   7.486   7.987   6.190   5.904   6.482   5.918   6.111   5.844   5.507   5.909   7.611   8.793   7.700   2.644   3.867   9.678   9.683   9.826   7.681   11.42   10.75   9.697   6.885   5.998   9.140   9.031   8.394   6.946   11.55   10.21   8.273   10.85   3.156   12.52   12.88   13.25   10.98   9.901   10.29   10.39   9.131   8.815   13.08   10.36   8.751   7.102   7.441   9.497   7.202   8.375   7.232   9.270   8.627   7.654   4.839   5.688   7.814   7.285   5.643   6.535   10.06   9.797   12.62   12.78   12.27   14.21   13.64   9.267   8.952   11.40   9.177   
   32.0    1.199   1.457   1.867   3.813   4.530   5.803   3.828   3.153   3.574   3.562   6.490   7.955   7.423   7.095   7.761   6.105   1.838   4.358   5.506   5.546   8.524   7.791   8.313   6.443   6.145   6.747   6.160   6.361   6.083   5.732   6.150   7.922   9.152   8.015   2.752   4.025   10.07   10.08   10.23   7.994   11.89   11.19   10.09   7.167   6.243   9.513   9.400   8.737   7.229   12.02   10.63   8.611   11.29   3.285   13.03   13.40   13.79   11.43   10.31   10.71   10.82   9.504   9.175   13.61   10.78   9.108   7.392   7.745   9.884   7.496   8.717   7.528   9.648   8.979   7.967   5.036   5.920   8.133   7.583   5.874   6.801   10.47   10.20   13.14   13.30   12.77   14.79   14.20   9.645   9.317   11.87   9.551   
   35.0    1.244   1.512   1.937   3.957   4.701   6.022   3.972   3.272   3.709   3.696   6.735   8.255   7.703   7.363   8.054   6.336   1.908   4.522   5.713   5.755   8.845   8.085   8.627   6.686   6.377   7.001   6.392   6.601   6.312   5.948   6.382   8.221   9.497   8.317   2.856   4.177   10.45   10.46   10.61   8.296   12.34   11.61   10.47   7.437   6.479   9.872   9.755   9.067   7.502   12.47   11.03   8.936   11.72   3.409   13.53   13.91   14.31   11.86   10.69   11.12   11.23   9.862   9.522   14.13   11.19   9.452   7.671   8.037   10.26   7.779   9.046   7.812   10.01   9.318   8.268   5.226   6.143   8.440   7.869   6.095   7.058   10.87   10.58   13.63   13.80   13.25   15.35   14.74   10.01   9.669   12.32   9.912   
   37.0    1.287   1.565   2.005   4.096   4.866   6.234   4.112   3.387   3.839   3.826   6.972   8.545   7.974   7.621   8.336   6.558   1.975   4.681   5.914   5.957   9.156   8.369   8.929   6.921   6.601   7.247   6.617   6.833   6.534   6.157   6.606   8.510   9.830   8.609   2.956   4.324   10.82   10.83   10.99   8.587   12.77   12.02   10.84   7.698   6.706   10.22   10.10   9.385   7.766   12.91   11.41   9.250   12.13   3.528   14.00   14.40   14.81   12.28   11.07   11.51   11.62   10.21   9.856   14.62   11.58   9.784   7.940   8.319   10.62   8.052   9.364   8.086   10.36   9.645   8.558   5.410   6.359   8.736   8.145   6.309   7.306   11.25   10.95   14.11   14.29   13.72   15.88   15.25   10.36   10.01   12.75   10.26   
   40.0    1.330   1.616   2.071   4.230   5.025   6.438   4.247   3.498   3.965   3.951   7.200   8.825   8.235   7.871   8.610   6.773   2.039   4.834   6.108   6.153   9.456   8.644   9.222   7.148   6.817   7.485   6.834   7.057   6.748   6.359   6.823   8.789   10.15   8.892   3.053   4.466   11.17   11.18   11.35   8.869   13.19   12.41   11.20   7.951   6.926   10.55   10.43   9.693   8.020   13.34   11.79   9.553   12.53   3.644   14.46   14.87   15.30   12.68   11.43   11.89   12.00   10.54   10.18   15.10   11.96   10.10   8.200   8.592   10.97   8.317   9.671   8.351   10.70   9.962   8.838   5.587   6.568   9.023   8.412   6.516   7.546   11.62   11.31   14.58   14.76   14.17   16.40   15.75   10.70   10.34   13.17   10.60   
   45.0    1.410   1.714   2.197   4.487   5.330   6.829   4.504   3.710   4.206   4.191   7.637   9.360   8.735   8.349   9.132   7.184   2.163   5.128   6.478   6.526   10.03   9.168   9.782   7.582   7.231   7.939   7.248   7.485   7.157   6.745   7.236   9.322   10.77   9.431   3.238   4.737   11.85   11.86   12.03   9.407   13.99   13.17   11.88   8.433   7.347   11.19   11.06   10.28   8.507   14.14   12.50   10.13   13.29   3.865   15.34   15.77   16.22   13.45   12.13   12.61   12.73   11.18   10.80   16.02   12.69   10.72   8.698   9.113   11.63   8.821   10.26   8.858   11.35   10.57   9.375   5.926   6.966   9.570   8.923   6.911   8.003   12.32   12.00   15.46   15.65   15.03   17.40   16.71   11.35   10.96   13.97   11.24   
   50.0    1.487   1.807   2.315   4.730   5.619   7.198   4.748   3.911   4.433   4.418   8.050   9.866   9.207   8.800   9.626   7.573   2.280   5.405   6.829   6.879   10.57   9.664   10.31   7.992   7.622   8.368   7.640   7.890   7.545   7.109   7.628   9.826   11.35   9.941   3.413   4.993   12.49   12.50   12.69   9.916   14.75   13.88   12.52   8.889   7.744   11.80   11.66   10.84   8.967   14.91   13.18   10.68   14.00   4.074   16.17   16.62   17.10   14.18   12.78   13.29   13.42   11.79   11.38   16.89   13.37   11.30   9.168   9.606   12.26   9.298   10.81   9.337   11.97   11.14   9.882   6.247   7.343   10.09   9.405   7.285   8.436   12.99   12.65   16.30   16.50   15.84   18.34   17.61   11.96   11.56   14.72   11.85   
   55.0    1.559   1.895   2.428   4.961   5.893   7.549   4.980   4.102   4.650   4.633   8.443   10.35   9.656   9.230   10.10   7.943   2.391   5.669   7.162   7.215   11.09   10.14   10.81   8.382   7.994   8.777   8.013   8.275   7.913   7.456   8.000   10.31   11.91   10.43   3.580   5.236   13.10   13.11   13.30   10.40   15.47   14.56   13.13   9.323   8.122   12.38   12.23   11.37   9.405   15.64   13.82   11.20   14.69   4.273   16.96   17.44   17.94   14.87   13.41   13.94   14.07   12.36   11.94   17.71   14.03   11.85   9.616   10.08   12.86   9.752   11.34   9.793   12.55   11.68   10.36   6.552   7.701   10.58   9.864   7.641   8.848   13.62   13.27   17.09   17.31   16.61   19.24   18.47   12.55   12.12   15.44   12.43   
   60.0    1.629   1.980   2.536   5.181   6.155   7.885   5.201   4.284   4.856   4.839   8.819   10.81   10.09   9.640   10.54   8.296   2.498   5.921   7.481   7.535   11.58   10.59   11.29   8.754   8.350   9.167   8.370   8.643   8.265   7.788   8.356   10.76   12.43   10.89   3.739   5.469   13.69   13.69   13.90   10.86   16.15   15.20   13.71   9.737   8.483   12.93   12.77   11.87   9.823   16.33   14.44   11.70   15.34   4.463   17.71   18.21   18.73   15.53   14.00   14.56   14.70   12.91   12.47   18.50   14.65   12.38   10.04   10.52   13.43   10.19   11.84   10.23   13.11   12.20   10.82   6.843   8.044   11.05   10.30   7.981   9.241   14.23   13.85   17.85   18.07   17.35   20.09   19.29   13.10   12.66   16.13   12.98   
   65.0    1.695   2.060   2.640   5.393   6.406   8.207   5.413   4.459   5.055   5.037   9.179   11.25   10.50   10.03   10.98   8.634   2.600   6.163   7.786   7.843   12.05   11.02   11.76   9.112   8.690   9.541   8.711   8.995   8.602   8.106   8.697   11.20   12.94   11.33   3.892   5.693   14.25   14.25   14.46   11.31   16.81   15.82   14.27   10.14   8.829   13.45   13.29   12.36   10.22   17.00   15.03   12.18   15.97   4.645   18.43   18.96   19.50   16.17   14.57   15.15   15.30   13.44   12.98   19.25   15.25   12.88   10.45   10.95   13.98   10.60   12.33   10.65   13.64   12.70   11.27   7.123   8.372   11.50   10.72   8.306   9.619   14.81   14.42   18.58   18.81   18.06   20.91   20.08   13.64   13.18   16.78   13.51   
   70.0    1.759   2.138   2.740   5.596   6.648   8.517   5.618   4.627   5.245   5.227   9.525   11.67   10.89   10.41   11.39   8.960   2.698   6.395   8.080   8.139   12.51   11.43   12.20   9.456   9.018   9.901   9.040   9.335   8.927   8.412   9.025   11.63   13.43   11.76   4.039   5.907   14.78   14.79   15.01   11.73   17.45   16.42   14.81   10.52   9.163   13.96   13.80   12.82   10.61   17.64   15.59   12.64   16.57   4.820   19.13   19.67   20.23   16.78   15.12   15.72   15.88   13.95   13.47   19.98   15.82   13.37   10.85   11.37   14.51   11.00   12.79   11.05   14.16   13.18   11.69   7.391   8.688   11.94   11.13   8.620   9.982   15.37   14.96   19.28   19.52   18.74   21.70   20.84   14.15   13.67   17.42   14.02   
   80.0    1.880   2.286   2.929   5.983   7.107   9.105   6.006   4.947   5.608   5.588   10.18   12.48   11.65   11.13   12.18   9.579   2.884   6.837   8.638   8.701   13.37   12.22   13.04   10.11   9.641   10.59   9.664   9.980   9.543   8.993   9.649   12.43   14.36   12.57   4.318   6.315   15.80   15.81   16.05   12.54   18.65   17.56   15.84   11.24   9.795   14.92   14.75   13.71   11.34   18.86   16.67   13.51   17.71   5.153   20.45   21.03   21.63   17.94   16.17   16.81   16.97   14.91   14.40   21.36   16.92   14.29   11.60   12.15   15.51   11.76   13.68   11.81   15.14   14.09   12.50   7.902   9.288   12.76   11.90   9.215   10.67   16.43   16.00   20.61   20.87   20.04   23.20   22.28   15.13   14.62   18.62   14.99   
   90.0    1.995   2.424   3.106   6.346   7.538   9.657   6.370   5.247   5.948   5.927   10.80   13.24   12.35   11.81   12.91   10.16   3.059   7.252   9.162   9.229   14.18   12.97   13.83   10.72   10.23   11.23   10.25   10.58   10.12   9.538   10.23   13.18   15.23   13.34   4.579   6.698   16.76   16.77   17.02   13.30   19.78   18.62   16.80   11.93   10.39   15.83   15.64   14.54   12.03   20.00   17.68   14.33   18.79   5.466   21.69   22.30   22.94   19.02   17.15   17.83   18.00   15.81   15.27   22.65   17.94   15.16   12.30   12.89   16.45   12.47   14.51   12.53   16.06   14.94   13.26   8.381   9.851   13.53   12.62   9.774   11.32   17.43   16.97   21.86   22.14   21.25   24.61   23.63   16.05   15.50   19.75   15.89   
   100.    2.102   2.556   3.274   6.689   7.946   10.18   6.714   5.531   6.269   6.247   11.38   13.95   13.02   12.45   13.61   10.71   3.224   7.644   9.657   9.728   14.95   13.67   14.58   11.30   10.78   11.83   10.81   11.16   10.67   10.05   10.79   13.90   16.05   14.06   4.827   7.061   17.67   17.68   17.94   14.02   20.85   19.63   17.70   12.57   10.95   16.69   16.49   15.33   12.68   21.09   18.64   15.10   19.80   5.762   22.86   23.51   24.18   20.05   18.08   18.79   18.98   16.67   16.09   23.88   18.91   15.98   12.97   13.59   17.34   13.15   15.29   13.20   16.92   15.75   13.97   8.834   10.38   14.27   13.30   10.30   11.93   18.37   17.89   23.05   23.33   22.40   25.94   24.91   16.92   16.34   20.82   16.75   
   110.    2.205   2.680   3.434   7.015   8.334   10.68   7.042   5.801   6.576   6.552   11.94   14.63   13.66   13.05   14.28   11.23   3.382   8.017   10.13   10.20   15.68   14.33   15.29   11.85   11.31   12.41   11.33   11.70   11.19   10.54   11.31   14.57   16.84   14.75   5.063   7.405   18.53   18.54   18.82   14.71   21.87   20.59   18.57   13.18   11.49   17.50   17.29   16.07   13.30   22.12   19.55   15.84   20.77   6.043   23.98   24.66   25.36   21.03   18.96   19.71   19.90   17.48   16.88   25.04   19.84   16.76   13.60   14.25   18.18   13.79   16.04   13.85   17.75   16.52   14.66   9.266   10.89   14.96   13.95   10.81   12.51   19.26   18.76   24.17   24.47   23.49   27.20   26.12   17.74   17.14   21.83   17.57   
   120.    2.303   2.800   3.587   7.327   8.704   11.15   7.355   6.059   6.868   6.844   12.47   15.28   14.26   13.63   14.91   11.73   3.532   8.373   10.58   10.66   16.38   14.97   15.97   12.38   11.81   12.96   11.84   12.22   11.69   11.01   11.82   15.22   17.59   15.40   5.288   7.735   19.36   19.37   19.65   15.36   22.84   21.50   19.39   13.77   12.00   18.28   18.06   16.79   13.89   23.10   20.42   16.55   21.69   6.311   25.05   25.76   26.49   21.97   19.80   20.59   20.79   18.26   17.63   26.16   20.72   17.50   14.20   14.88   18.99   14.40   16.75   14.46   18.54   17.25   15.31   9.678   11.38   15.63   14.57   11.29   13.07   20.12   19.59   25.25   25.56   24.54   28.41   27.29   18.53   17.90   22.80   18.35   
   130.    2.397   2.914   3.733   7.627   9.060   11.61   7.656   6.306   7.148   7.123   12.98   15.91   14.85   14.19   15.52   12.21   3.676   8.715   11.01   11.09   17.05   15.58   16.63   12.89   12.29   13.49   12.32   12.72   12.17   11.46   12.30   15.84   18.30   16.03   5.504   8.051   20.15   20.16   20.45   15.99   23.78   22.38   20.19   14.33   12.49   19.03   18.80   17.47   14.46   24.04   21.25   17.22   22.58   6.569   26.07   26.81   27.57   22.86   20.61   21.43   21.64   19.01   18.35   27.23   21.56   18.22   14.78   15.49   19.77   14.99   17.43   15.06   19.30   17.96   15.93   10.07   11.84   16.27   15.17   11.75   13.60   20.94   20.39   26.28   26.61   25.54   29.57   28.40   19.29   18.63   23.74   19.10   
   140.    2.488   3.024   3.874   7.915   9.402   12.04   7.945   6.544   7.418   7.392   13.47   16.51   15.41   14.73   16.11   12.67   3.815   9.044   11.43   11.51   17.69   16.17   17.25   13.37   12.75   14.00   12.78   13.20   12.62   11.90   12.76   16.44   18.99   16.63   5.712   8.354   20.91   20.92   21.23   16.59   24.67   23.22   20.95   14.87   12.96   19.74   19.51   18.13   15.00   24.95   22.05   17.87   23.43   6.817   27.05   27.82   28.62   23.73   21.39   22.24   22.45   19.72   19.04   28.25   22.38   18.90   15.34   16.07   20.52   15.56   18.09   15.62   20.02   18.64   16.54   10.45   12.29   16.88   15.74   12.19   14.12   21.73   21.16   27.27   27.61   26.50   30.69   29.47   20.02   19.34   24.63   19.82   
   150.    2.575   3.130   4.010   8.192   9.732   12.47   8.223   6.774   7.679   7.651   13.94   17.09   15.95   15.24   16.67   13.12   3.949   9.362   11.83   11.91   18.31   16.74   17.86   13.84   13.20   14.49   13.23   13.67   13.07   12.31   13.21   17.02   19.66   17.22   5.912   8.648   21.64   21.65   21.97   17.17   25.54   24.04   21.68   15.40   13.41   20.44   20.19   18.77   15.53   25.83   22.83   18.50   24.26   7.056   28.00   28.80   29.62   24.56   22.14   23.02   23.24   20.42   19.71   29.25   23.16   19.57   15.88   16.64   21.24   16.10   18.73   16.17   20.73   19.29   17.12   10.82   12.72   17.47   16.29   12.62   14.61   22.50   21.91   28.23   28.58   27.43   31.77   30.51   20.72   20.02   25.50   20.52   
   160.    2.659   3.233   4.142   8.461   10.05   12.88   8.493   6.996   7.930   7.902   14.40   17.65   16.47   15.74   17.22   13.55   4.079   9.669   12.22   12.31   18.91   17.29   18.44   14.30   13.63   14.97   13.67   14.11   13.50   12.72   13.65   17.58   20.31   17.78   6.106   8.931   22.35   22.36   22.69   17.74   26.38   24.83   22.39   15.90   13.85   21.11   20.86   19.39   16.04   26.67   23.57   19.11   25.05   7.288   28.92   29.74   30.59   25.37   22.87   23.77   24.00   21.09   20.36   30.20   23.92   20.21   16.40   17.18   21.93   16.63   19.34   16.70   21.41   19.92   17.68   11.17   13.14   18.05   16.82   13.03   15.09   23.23   22.62   29.15   29.52   28.33   32.81   31.51   21.40   20.67   26.33   21.19   
   170.    2.741   3.332   4.269   8.721   10.36   13.27   8.755   7.211   8.174   8.146   14.84   18.19   16.98   16.23   17.75   13.96   4.204   9.966   12.59   12.68   19.49   17.82   19.01   14.74   14.05   15.43   14.09   14.55   13.91   13.11   14.07   18.12   20.93   18.33   6.294   9.206   23.04   23.05   23.39   18.28   27.19   25.59   23.08   16.39   14.28   21.76   21.50   19.98   16.53   27.49   24.30   19.69   25.82   7.512   29.81   30.65   31.53   26.15   23.57   24.50   24.74   21.74   20.98   31.13   24.66   20.83   16.91   17.71   22.61   17.14   19.94   17.22   22.07   20.54   18.22   11.52   13.54   18.60   17.34   13.43   15.56   23.95   23.32   30.05   30.42   29.21   33.82   32.48   22.06   21.31   27.14   21.84   
   180.    2.821   3.429   4.393   8.974   10.66   13.66   9.008   7.420   8.411   8.382   15.27   18.72   17.47   16.70   18.26   14.37   4.326   10.26   12.96   13.05   20.06   18.34   19.56   15.16   14.46   15.88   14.50   14.97   14.31   13.49   14.47   18.64   21.54   18.86   6.476   9.473   23.71   23.72   24.07   18.81   27.98   26.33   23.75   16.87   14.69   22.39   22.12   20.56   17.01   28.29   25.00   20.27   26.57   7.730   30.67   31.54   32.45   26.90   24.25   25.21   25.46   22.37   21.59   32.04   25.37   21.43   17.40   18.23   23.26   17.64   20.51   17.72   22.71   21.13   18.75   11.85   13.93   19.14   17.85   13.82   16.01   24.64   24.00   30.92   31.31   30.05   34.80   33.42   22.70   21.93   27.93   22.48   
   200.    2.973   3.614   4.631   9.460   11.24   14.40   9.496   7.822   8.866   8.835   16.10   19.73   18.41   17.60   19.25   15.15   4.560   10.81   13.66   13.76   21.14   19.33   20.62   15.98   15.24   16.74   15.28   15.78   15.09   14.22   15.26   19.65   22.70   19.88   6.827   9.985   24.99   25.00   25.37   19.83   29.49   27.76   25.04   17.78   15.49   23.60   23.32   21.67   17.93   29.82   26.36   21.36   28.01   8.148   32.33   33.25   34.20   28.36   25.56   26.58   26.84   23.58   22.76   33.77   26.75   22.59   18.34   19.21   24.52   18.60   21.62   18.67   23.93   22.28   19.76   12.49   14.69   20.18   18.81   14.57   16.87   25.98   25.30   32.59   33.00   31.68   36.68   35.23   23.93   23.11   29.44   23.69   
   225.    3.154   3.833   4.912   10.03   11.92   15.27   10.07   8.296   9.404   9.371   17.08   20.93   19.53   18.67   20.42   16.06   4.837   11.47   14.49   14.59   22.43   20.50   21.87   16.95   16.17   17.75   16.21   16.74   16.00   15.08   16.18   20.84   24.08   21.09   7.241   10.59   26.50   26.52   26.91   21.03   31.28   29.44   26.56   18.86   16.43   25.03   24.73   22.99   19.02   31.63   27.96   22.66   29.71   8.642   34.29   35.27   36.28   30.08   27.11   28.19   28.46   25.01   24.14   35.82   28.37   23.96   19.45   20.38   26.01   19.72   22.94   19.81   25.39   23.63   20.96   13.25   15.58   21.40   19.95   15.45   17.90   27.55   26.83   34.57   35.00   33.60   38.91   37.36   25.38   24.51   31.23   25.13   
   250.    3.324   4.041   5.177   10.58   12.56   16.10   10.62   8.745   9.913   9.878   18.00   22.06   20.59   19.68   21.52   16.93   5.098   12.09   15.27   15.38   23.64   21.61   23.06   17.87   17.04   18.71   17.08   17.64   16.87   15.90   17.06   21.97   25.38   22.23   7.632   11.16   27.94   27.95   28.37   22.17   32.97   31.03   27.99   19.88   17.32   26.38   26.07   24.23   20.05   33.34   29.47   23.88   31.31   9.110   36.15   37.17   38.24   31.71   28.58   29.72   30.00   26.36   25.45   37.76   29.90   25.26   20.50   21.48   27.41   20.79   24.18   20.88   26.76   24.90   22.10   13.97   16.42   22.56   21.03   16.29   18.86   29.04   28.28   36.44   36.90   35.42   41.01   39.38   26.75   25.84   32.92   26.49   
   275.    3.487   4.238   5.430   11.09   13.18   16.88   11.13   9.172   10.40   10.36   18.88   23.14   21.59   20.64   22.57   17.76   5.347   12.68   16.01   16.13   24.79   22.66   24.18   18.74   17.88   19.63   17.92   18.50   17.69   16.67   17.89   23.04   26.62   23.31   8.005   11.71   29.30   29.32   29.75   23.25   34.58   32.55   29.36   20.85   18.16   27.67   27.34   25.42   21.03   34.97   30.91   25.05   32.84   9.554   37.91   38.99   40.11   33.25   29.98   31.17   31.47   27.64   26.69   39.60   31.36   26.49   21.50   22.53   28.75   21.81   25.36   21.90   28.07   26.12   23.17   14.65   17.22   23.66   22.06   17.09   19.78   30.46   29.66   38.22   38.70   37.15   43.01   41.31   28.06   27.10   34.52   27.78   
   300.    3.642   4.426   5.672   11.59   13.76   17.63   11.63   9.580   10.86   10.82   19.72   24.17   22.55   21.56   23.58   18.55   5.585   13.24   16.73   16.85   25.90   23.67   25.26   19.58   18.67   20.50   18.71   19.33   18.48   17.41   18.68   24.07   27.80   24.35   8.361   12.23   30.60   30.62   31.07   24.29   36.12   34.00   30.67   21.77   18.97   28.90   28.56   26.55   21.96   36.52   32.28   26.16   34.30   9.979   39.60   40.72   41.89   34.73   31.31   32.55   32.87   28.87   27.88   41.36   32.76   27.67   22.46   23.53   30.03   22.78   26.48   22.87   29.31   27.28   24.21   15.30   17.99   24.71   23.04   17.85   20.66   31.81   30.98   39.92   40.42   38.80   44.93   43.14   29.30   28.31   36.06   29.02   
   325.    3.790   4.607   5.903   12.06   14.32   18.35   12.10   9.971   11.30   11.26   20.52   25.15   23.47   22.44   24.54   19.31   5.813   13.78   17.41   17.54   26.95   24.64   26.29   20.37   19.43   21.33   19.48   20.11   19.24   18.13   19.45   25.05   28.94   25.35   8.702   12.73   31.85   31.87   32.34   25.28   37.59   35.38   31.92   22.66   19.74   30.08   29.72   27.63   22.86   38.01   33.60   27.23   35.70   10.39   41.22   42.39   43.60   36.15   32.59   33.88   34.21   30.05   29.02   43.05   34.10   28.80   23.37   24.49   31.26   23.71   27.57   23.80   30.51   28.40   25.19   15.93   18.72   25.72   23.98   18.57   21.51   33.11   32.25   41.55   42.07   40.38   46.76   44.90   30.50   29.46   37.53   30.20   
   350.    3.933   4.781   6.126   12.51   14.87   19.04   12.56   10.35   11.73   11.69   21.30   26.10   24.36   23.28   25.47   20.04   6.032   14.30   18.07   18.20   27.97   25.57   27.28   21.14   20.17   22.14   20.21   20.87   19.96   18.81   20.18   26.00   30.03   26.30   9.031   13.21   33.06   33.07   33.56   26.23   39.01   36.72   33.12   23.52   20.49   31.22   30.85   28.67   23.72   39.45   34.87   28.26   37.05   10.78   42.77   43.99   45.24   37.52   33.82   35.16   35.50   31.19   30.11   44.67   35.38   29.89   24.26   25.42   32.44   24.60   28.61   24.70   31.66   29.47   26.14   16.53   19.43   26.69   24.88   19.28   22.32   34.36   33.46   43.12   43.66   41.91   48.53   46.60   31.65   30.58   38.95   31.34   
   375.    4.071   4.949   6.341   12.95   15.39   19.71   13.00   10.71   12.14   12.10   22.05   27.02   25.21   24.10   26.36   20.74   6.244   14.80   18.70   18.84   28.95   26.47   28.24   21.89   20.87   22.92   20.92   21.61   20.66   19.47   20.89   26.91   31.09   27.23   9.348   13.67   34.22   34.24   34.74   27.16   40.38   38.01   34.28   24.34   21.21   32.31   31.93   29.68   24.56   40.83   36.09   29.25   38.35   11.16   44.27   45.53   46.83   38.83   35.00   36.39   36.75   32.28   31.17   46.24   36.63   30.94   25.11   26.31   33.58   25.46   29.61   25.57   32.77   30.50   27.06   17.11   20.11   27.63   25.76   19.95   23.10   35.57   34.64   44.63   45.19   43.38   50.23   48.23   32.76   31.65   40.31   32.44   
   400.    4.205   5.111   6.549   13.38   15.89   20.36   13.43   11.06   12.54   12.49   22.77   27.91   26.04   24.89   27.23   21.42   6.449   15.29   19.31   19.46   29.90   27.33   29.16   22.60   21.56   23.67   21.61   22.32   21.34   20.11   21.57   27.79   32.11   28.12   9.654   14.12   35.34   35.36   35.88   28.05   41.71   39.25   35.41   25.14   21.90   33.37   32.98   30.65   25.36   42.17   37.28   30.21   39.61   11.52   45.73   47.02   48.37   40.11   36.15   37.59   37.95   33.34   32.19   47.76   37.83   31.95   25.93   27.17   34.68   26.30   30.58   26.41   33.85   31.50   27.95   17.67   20.77   28.53   26.60   20.61   23.86   36.74   35.77   46.09   46.67   44.80   51.88   49.82   33.84   32.69   41.64   33.51   
   450.    4.460   5.421   6.946   14.19   16.86   21.59   14.24   11.73   13.30   13.25   24.15   29.60   27.62   26.40   28.88   22.72   6.840   16.21   20.49   20.64   31.72   28.99   30.93   23.97   22.87   25.10   22.92   23.67   22.63   21.33   22.88   29.48   34.05   29.82   10.24   14.98   37.48   37.50   38.06   29.75   44.24   41.64   37.56   26.67   23.23   35.40   34.98   32.51   26.90   44.73   39.54   32.04   42.01   12.22   48.50   49.87   51.30   42.54   38.35   39.87   40.25   35.36   34.14   50.66   40.12   33.89   27.50   28.82   36.78   27.89   32.44   28.01   35.90   33.41   29.65   18.74   22.03   30.26   28.22   21.86   25.31   38.96   37.94   48.89   49.50   47.52   55.02   52.84   35.89   34.67   44.16   35.54   
   500.    4.701   5.714   7.322   14.96   17.77   22.76   15.01   12.37   14.02   13.97   25.46   31.20   29.12   27.83   30.44   23.95   7.210   17.09   21.59   21.75   33.43   30.56   32.61   25.27   24.10   26.46   24.16   24.95   23.86   22.48   24.12   31.07   35.90   31.44   10.79   15.79   39.51   39.53   40.11   31.36   46.63   43.89   39.59   28.11   24.49   37.31   36.87   34.27   28.36   47.15   41.67   33.78   44.28   12.88   51.12   52.57   54.08   44.84   40.42   42.02   42.43   37.28   35.99   53.40   42.29   35.72   28.99   30.38   38.77   29.40   34.19   29.53   37.84   35.22   31.25   19.75   23.22   31.90   29.74   23.04   26.68   41.07   40.00   51.53   52.18   50.09   58.00   55.70   37.83   36.54   46.55   37.46   
   550.    4.931   5.993   7.679   15.69   18.63   23.87   15.75   12.97   14.70   14.65   26.70   32.72   30.54   29.19   31.93   25.12   7.562   17.93   22.65   22.81   35.06   32.05   34.20   26.51   25.28   27.75   25.34   26.17   25.02   23.58   25.30   32.59   37.65   32.97   11.32   16.56   41.44   41.46   42.07   32.89   48.91   46.03   41.52   29.48   25.68   39.13   38.67   35.94   29.74   49.45   43.71   35.42   46.45   13.51   53.62   55.14   56.72   47.03   42.39   44.08   44.50   39.10   37.75   56.00   44.36   37.47   30.41   31.86   40.66   30.84   35.86   30.97   39.69   36.94   32.77   20.72   24.35   33.46   31.19   24.16   27.98   43.08   41.95   54.05   54.72   52.53   60.83   58.42   39.68   38.33   48.82   39.29   
   600.    5.150   6.260   8.021   16.38   19.46   24.93   16.45   13.55   15.36   15.30   27.89   34.18   31.89   30.49   33.34   26.23   7.898   18.72   23.66   23.83   36.62   33.48   35.72   27.68   26.40   28.99   26.47   27.33   26.14   24.63   26.42   34.04   39.32   34.44   11.82   17.30   43.28   43.30   43.94   34.35   51.08   48.08   43.37   30.79   26.83   40.87   40.39   37.54   31.06   51.65   45.65   37.00   48.51   14.11   56.00   57.59   59.24   49.12   44.28   46.04   46.48   40.83   39.42   58.49   46.33   39.13   31.76   33.28   42.47   32.21   37.45   32.34   41.46   38.58   34.23   21.64   25.44   34.95   32.58   25.24   29.22   44.99   43.81   56.45   57.16   54.87   63.53   61.01   41.44   40.03   50.99   41.04   
   650.    5.360   6.515   8.348   17.05   20.26   25.95   17.12   14.10   15.98   15.93   29.03   35.57   33.20   31.73   34.71   27.30   8.221   19.49   24.62   24.80   38.12   34.84   37.18   28.81   27.48   30.17   27.55   28.45   27.20   25.63   27.50   35.43   40.93   35.84   12.31   18.00   45.05   45.07   45.74   35.75   53.17   50.04   45.14   32.05   27.92   42.54   42.04   39.07   32.33   53.76   47.52   38.51   50.49   14.69   58.29   59.94   61.66   51.13   46.09   47.92   48.38   42.50   41.03   60.88   48.22   40.73   33.06   34.64   44.20   33.52   38.98   33.66   43.15   40.16   35.63   22.52   26.47   36.37   33.91   26.27   30.42   46.83   45.60   58.76   59.49   57.11   66.13   63.50   43.13   41.67   53.08   42.72   
   700.    5.563   6.761   8.663   17.70   21.02   26.93   17.76   14.63   16.59   16.53   30.12   36.92   34.45   32.93   36.02   28.34   8.531   20.22   25.55   25.74   39.56   36.16   38.58   29.90   28.52   31.31   28.59   29.52   28.23   26.60   28.54   36.77   42.47   37.20   12.77   18.68   46.75   46.77   47.46   37.10   55.17   51.93   46.84   33.26   28.98   44.15   43.62   40.55   33.55   55.79   49.31   39.96   52.40   15.24   60.49   62.20   63.99   53.06   47.83   49.72   50.21   44.11   42.58   63.18   50.04   42.27   34.30   35.94   45.87   34.79   40.46   34.94   44.78   41.67   36.97   23.37   27.47   37.75   35.19   27.26   31.57   48.60   47.32   60.98   61.74   59.27   68.63   65.90   44.76   43.24   55.08   44.33   
   800.    5.947   7.228   9.262   18.92   22.47   28.79   18.99   15.64   17.73   17.67   32.20   39.47   36.83   35.20   38.50   30.29   9.120   21.62   27.32   27.52   42.29   38.66   41.24   31.97   30.49   33.47   30.56   31.56   30.18   28.44   30.51   39.30   45.40   39.77   13.65   19.97   49.98   50.00   50.74   39.66   58.98   55.51   50.08   35.56   30.98   47.20   46.64   43.35   35.87   59.64   52.71   42.72   56.02   16.30   64.67   66.50   68.40   56.72   51.13   53.16   53.67   47.15   45.52   67.54   53.49   45.19   36.67   38.43   49.04   37.19   43.25   37.35   47.87   44.55   39.53   24.99   29.37   40.35   37.62   29.14   33.74   51.95   50.59   65.19   66.00   63.36   73.36   70.45   47.85   46.23   58.88   47.39   
   900.    6.307   7.667   9.823   20.07   23.84   30.54   20.14   16.59   18.81   18.74   34.15   41.86   39.06   37.34   40.84   32.13   9.674   22.93   28.97   29.18   44.85   41.00   43.74   33.91   32.34   35.50   32.42   33.47   32.01   30.16   32.36   41.69   48.16   42.18   14.48   21.18   53.01   53.04   53.82   42.07   62.56   58.88   53.11   37.71   32.85   50.06   49.46   45.98   38.04   63.26   55.91   45.31   59.41   17.28   68.59   70.53   72.55   60.16   54.23   56.38   56.93   50.01   48.28   71.64   56.74   47.93   38.90   40.76   52.02   39.45   45.87   39.61   50.77   47.25   41.92   26.50   31.15   42.80   39.90   30.91   35.79   55.10   53.66   69.14   70.00   67.20   77.81   74.72   50.76   49.03   62.45   50.26   
   1.00e3  6.649   8.081   10.35   21.15   25.13   32.19   21.23   17.49   19.83   19.76   36.00   44.12   41.18   39.36   43.05   33.87   10.20   24.17   30.54   30.76   47.28   43.22   46.11   35.74   34.09   37.42   34.17   35.28   33.74   31.79   34.11   43.94   50.76   44.46   15.26   22.33   55.87   55.91   56.73   44.35   65.95   62.07   55.99   39.75   34.63   52.77   52.14   48.47   40.10   66.68   58.94   47.77   62.63   18.22   72.30   74.35   76.48   63.41   57.16   59.43   60.01   52.72   50.90   75.51   59.81   50.52   41.00   42.96   54.83   41.58   48.35   41.76   53.52   49.81   44.19   27.94   32.84   45.12   42.06   32.58   37.73   58.08   56.56   72.88   73.79   70.84   82.02   78.77   53.50   51.68   65.83   52.98   
   1.10e3  6.973   8.476   10.86   22.18   26.35   33.76   22.27   18.34   20.79   20.72   37.76   46.28   43.19   41.28   45.15   35.52   10.69   25.35   32.03   32.26   49.59   45.33   48.36   37.48   35.75   39.25   35.84   37.01   35.39   33.35   35.78   46.09   53.24   46.63   16.01   23.42   58.60   58.63   59.50   46.51   69.16   65.10   58.72   41.69   36.32   55.34   54.69   50.83   42.06   69.93   61.81   50.10   65.69   19.11   75.83   77.98   80.21   66.51   59.95   62.33   62.94   55.29   53.38   79.20   62.73   52.99   43.00   45.06   57.51   43.61   50.71   43.79   56.13   52.24   46.35   29.30   34.44   47.32   44.12   34.17   39.57   60.92   59.32   76.44   77.39   74.29   86.03   82.61   56.11   54.20   69.05   55.57   
   1.20e3  7.283   8.853   11.34   23.17   27.53   35.26   23.26   19.16   21.72   21.64   39.44   48.34   45.11   43.11   47.16   37.10   11.17   26.48   33.45   33.70   51.79   47.34   50.51   39.15   37.34   41.00   37.43   38.65   36.96   34.83   37.37   48.14   55.61   48.70   16.72   24.46   61.21   61.24   62.14   48.58   72.24   67.99   61.33   43.55   37.94   57.80   57.12   53.09   43.93   73.04   64.56   52.32   68.61   19.96   79.20   81.45   83.78   69.47   62.62   65.10   65.73   57.75   55.75   82.72   65.52   55.34   44.91   47.06   60.06   45.55   52.97   45.74   58.63   54.56   48.41   30.60   35.97   49.42   46.08   35.69   41.33   63.63   61.96   79.84   80.83   77.60   89.85   86.28   58.61   56.61   72.12   58.04   
   1.30e3  7.581   9.214   11.81   24.12   28.65   36.70   24.21   19.94   22.61   22.53   41.05   50.31   46.95   44.87   49.08   38.61   11.63   27.56   34.82   35.08   53.91   49.28   52.57   40.75   38.86   42.67   38.96   40.23   38.47   36.25   38.89   50.10   57.88   50.69   17.40   25.46   63.71   63.74   64.68   50.56   75.19   70.77   63.83   45.33   39.49   60.16   59.45   55.26   45.72   76.03   67.20   54.46   71.41   20.77   82.43   84.77   87.20   72.30   65.18   67.76   68.42   60.11   58.03   86.10   68.19   57.60   46.75   48.98   62.51   47.41   55.13   47.61   61.02   56.79   50.39   31.85   37.44   51.44   47.96   37.15   43.02   66.23   64.49   83.10   84.13   80.77   93.52   89.81   61.00   58.93   75.06   60.41   
   1.40e3  7.867   9.562   12.25   25.03   29.73   38.09   25.12   20.69   23.46   23.38   42.60   52.21   48.72   46.57   50.93   40.07   12.07   28.60   36.13   36.40   55.94   51.14   54.56   42.29   40.33   44.28   40.43   41.75   39.92   37.62   40.36   52.00   60.06   52.60   18.06   26.42   66.11   66.15   67.12   52.47   78.03   73.44   66.24   47.04   40.98   62.44   61.69   57.35   47.45   78.90   69.74   56.52   74.10   21.56   85.55   87.97   90.49   75.03   67.64   70.32   71.00   62.37   60.22   89.35   70.77   59.78   48.51   50.83   64.87   49.20   57.21   49.41   63.32   58.93   52.29   33.06   38.85   53.38   49.77   38.55   44.64   68.73   66.93   86.23   87.31   83.81   97.05   93.20   63.30   61.15   77.89   62.69   
   1.50e3  8.143   9.898   12.68   25.91   30.77   39.43   26.01   21.42   24.28   24.20   44.09   54.04   50.43   48.20   52.72   41.48   12.49   29.60   37.40   37.68   57.91   52.93   56.47   43.77   41.75   45.83   41.85   43.21   41.32   38.94   41.78   53.82   62.17   54.45   18.70   27.35   68.43   68.47   69.48   54.31   80.77   76.02   68.57   48.69   42.42   64.63   63.86   59.36   49.11   81.67   72.18   58.50   76.70   22.31   88.55   91.06   93.67   77.67   70.01   72.79   73.49   64.56   62.33   92.48   73.25   61.88   50.22   52.62   67.15   50.93   59.22   51.14   65.55   61.00   54.12   34.22   40.22   55.25   51.52   39.90   46.21   71.14   69.27   89.26   90.38   86.76   100.5   96.47   65.52   63.30   80.63   64.89   
   1.60e3  8.410   10.22   13.10   26.76   31.78   40.72   26.86   22.12   25.08   24.99   45.54   55.81   52.08   49.78   54.45   42.84   12.90   30.58   38.63   38.91   59.81   54.67   58.33   45.21   43.12   47.34   43.22   44.63   42.68   40.22   43.15   55.59   64.21   56.24   19.31   28.24   70.68   70.72   71.76   56.09   83.42   78.51   70.82   50.28   43.81   66.75   65.95   61.30   50.73   84.34   74.55   60.42   79.22   23.05   91.45   94.05   96.74   80.21   72.31   75.18   75.90   66.68   64.38   95.52   75.65   63.91   51.86   54.34   69.35   52.60   61.16   52.82   67.70   63.00   55.90   35.34   41.54   57.07   53.20   41.21   47.72   73.47   71.55   92.19   93.34   89.60   103.8   99.63   67.67   65.37   83.27   67.02   
   1.70e3  8.669   10.54   13.50   27.58   32.76   41.97   27.68   22.80   25.85   25.76   46.94   57.53   53.69   51.31   56.13   44.16   13.30   31.52   39.82   40.11   61.65   56.35   60.12   46.60   44.44   48.79   44.55   46.00   43.99   41.45   44.48   57.30   66.19   57.97   19.90   29.11   72.85   72.89   73.97   57.82   85.98   80.93   73.00   51.83   45.15   68.80   67.98   63.19   52.29   86.94   76.84   62.28   81.66   23.76   94.27   96.94   99.71   82.68   74.53   77.49   78.24   68.73   66.36   98.46   77.98   65.87   53.46   56.01   71.49   54.22   63.05   54.44   69.78   64.94   57.62   36.43   42.82   58.82   54.84   42.48   49.19   75.73   73.75   95.03   96.21   92.36   106.9   102.7   69.76   67.38   85.83   69.08   
   1.80e3  8.920   10.84   13.89   28.38   33.71   43.19   28.49   23.47   26.60   26.51   48.30   59.20   55.24   52.80   57.75   45.44   13.68   32.43   40.97   41.27   63.43   57.98   61.86   47.95   45.73   50.21   45.84   47.34   45.27   42.66   45.77   58.96   68.11   59.65   20.48   29.96   74.96   75.01   76.11   59.50   88.47   83.27   75.11   53.33   46.46   70.79   69.95   65.02   53.80   89.46   79.07   64.08   84.02   24.44   97.00   99.75   102.6   85.08   76.69   79.74   80.51   70.73   68.28   101.3   80.24   67.78   55.01   57.64   73.56   55.79   64.87   56.02   71.80   66.83   59.29   37.48   44.06   60.53   56.43   43.71   50.62   77.93   75.89   97.78   99.00   95.04   110.0   105.7   71.78   69.34   88.32   71.08   
   2.00e3  9.403   11.43   14.64   29.91   35.53   45.52   30.03   24.73   28.04   27.94   50.91   62.40   58.23   55.66   60.88   47.90   14.42   34.18   43.19   43.51   66.87   61.12   65.21   50.54   48.21   52.93   48.32   49.90   47.72   44.96   48.24   62.15   71.79   62.87   21.59   31.58   79.02   79.06   80.23   62.71   93.26   87.78   79.18   56.22   48.98   74.62   73.74   68.54   56.71   94.30   83.35   67.55   88.57   25.77   102.2   105.1   108.2   89.68   80.84   84.05   84.86   74.55   71.98   106.8   84.58   71.45   57.98   60.76   77.54   58.81   68.38   59.05   75.69   70.44   62.50   39.51   46.44   63.80   59.48   46.08   53.36   82.14   79.99   103.1   104.4   100.2   116.0   111.4   75.66   73.09   93.10   74.93   
   2.25e3  9.973   12.12   15.53   31.73   37.69   48.29   31.85   26.24   29.74   29.63   54.00   66.19   61.76   59.03   64.57   50.80   15.30   36.26   45.81   46.14   70.92   64.83   69.17   53.61   51.13   56.14   51.25   52.92   50.61   47.69   51.17   65.92   76.15   66.69   22.90   33.49   83.81   83.86   85.10   66.52   98.92   93.10   83.98   59.63   51.95   79.15   78.21   72.70   60.15   100.0   88.41   71.65   93.94   27.33   108.4   111.5   114.7   95.12   85.74   89.15   90.01   79.07   76.34   113.3   89.71   75.78   61.50   64.44   82.24   62.37   72.53   62.63   80.28   74.71   66.29   41.91   49.26   67.67   63.09   48.87   56.59   87.13   84.84   109.3   110.7   106.3   123.0   118.2   80.25   77.52   98.75   79.47   
   2.50e3  10.51   12.78   16.37   33.44   39.73   50.90   33.57   27.65   31.35   31.24   56.92   69.77   65.10   62.23   68.06   53.55   16.12   38.22   48.29   48.64   74.76   68.33   72.91   56.51   53.90   59.17   54.03   55.79   53.35   50.27   53.94   69.48   80.27   70.30   24.14   35.30   88.35   88.40   89.70   70.12   104.3   98.14   88.52   62.85   54.76   83.43   82.44   76.63   63.41   105.4   93.19   75.52   99.02   28.81   114.3   117.6   120.9   100.3   90.38   93.97   94.88   83.35   80.47   119.4   94.57   79.88   64.83   67.93   86.69   65.75   76.45   66.02   84.62   78.75   69.87   44.17   51.92   71.33   66.51   51.51   59.65   91.84   89.43   115.2   116.7   112.0   129.7   124.5   84.59   81.72   104.1   83.77   
   2.75e3  11.03   13.40   17.17   35.08   41.67   53.38   35.21   29.00   32.88   32.76   59.70   73.17   68.28   65.26   71.39   56.16   16.91   40.08   50.64   51.01   78.41   71.67   76.47   59.27   56.53   62.06   56.66   58.51   55.95   52.72   56.57   72.87   84.18   73.73   25.31   37.03   92.66   92.71   94.08   73.54   109.4   102.9   92.84   65.92   57.43   87.50   86.47   80.37   66.50   110.6   97.74   79.21   103.9   30.21   119.9   123.3   126.8   105.2   94.79   98.56   99.51   87.42   84.40   125.2   99.18   83.78   67.99   71.24   90.92   68.96   80.19   69.24   88.75   82.60   73.28   46.33   54.46   74.81   69.75   54.03   62.56   96.32   93.80   120.9   122.4   117.5   136.0   130.6   88.72   85.70   109.2   87.86   
   3.00e3  11.52   14.00   17.93   36.64   43.52   55.76   36.78   30.29   34.34   34.22   62.36   76.42   71.32   68.17   74.56   58.66   17.66   41.87   52.90   53.28   81.89   74.86   79.87   61.90   59.04   64.82   59.18   61.11   58.44   55.07   59.09   76.11   87.93   77.00   26.44   38.67   96.78   96.83   98.26   76.81   114.2   107.5   96.97   68.85   59.98   91.40   90.31   83.94   69.46   115.5   102.1   82.73   108.5   31.56   125.2   128.8   132.5   109.8   99.01   102.9   103.9   91.31   88.15   130.8   103.6   87.51   71.02   74.41   94.97   72.02   83.75   72.32   92.70   86.27   76.54   48.39   56.88   78.14   72.85   56.43   65.35   100.6   97.97   126.2   127.8   122.7   142.1   136.4   92.67   89.52   114.0   91.77   
   3.25e3  11.99   14.57   18.67   38.13   45.30   58.03   38.28   31.53   35.74   35.62   64.90   79.55   74.23   70.95   77.61   61.05   18.38   43.58   55.06   55.46   85.24   77.91   83.13   64.43   61.45   67.47   61.60   63.61   60.83   57.32   61.50   79.22   91.52   80.15   27.52   40.25   100.7   100.8   102.3   79.94   118.9   111.9   100.9   71.67   62.43   95.13   94.00   87.37   72.29   120.2   106.3   86.11   112.9   32.85   130.3   134.0   137.9   114.3   103.1   107.1   108.2   95.04   91.75   136.1   107.8   91.08   73.92   77.45   98.84   74.96   87.17   75.28   96.48   89.79   79.67   50.36   59.20   81.33   75.83   58.74   68.01   104.7   102.0   131.4   133.0   127.7   147.9   142.0   96.45   93.17   118.7   95.51   
   3.50e3  12.44   15.12   19.37   39.57   47.01   60.22   39.72   32.72   37.09   36.96   67.35   82.55   77.03   73.63   80.54   63.36   19.08   45.22   57.13   57.55   88.45   80.85   86.27   66.86   63.77   70.01   63.92   66.01   63.12   59.48   63.82   82.21   94.97   83.17   28.56   41.77   104.5   104.6   106.1   82.96   123.4   116.1   104.7   74.37   64.79   98.72   97.55   90.67   75.02   124.7   110.3   89.36   117.2   34.09   135.3   139.1   143.1   118.6   106.9   111.2   112.3   98.62   95.22   141.3   111.9   94.52   76.71   80.37   102.6   77.79   90.46   78.12   100.1   93.18   82.68   52.26   61.43   84.40   78.69   60.95   70.58   108.7   105.8   136.3   138.1   132.5   153.5   147.4   100.1   96.69   123.2   99.12   
   3.75e3  12.87   15.65   20.05   40.96   48.66   62.34   41.12   33.87   38.39   38.26   69.72   85.45   79.74   76.21   83.36   65.58   19.75   46.81   59.14   59.57   91.56   83.69   89.29   69.21   66.01   72.47   66.17   68.33   65.34   61.57   66.06   85.10   98.30   86.09   29.56   43.24   108.2   108.3   109.9   85.87   127.7   120.2   108.4   76.98   67.06   102.2   101.0   93.85   77.66   129.1   114.1   92.50   121.3   35.28   140.0   144.0   148.1   122.8   110.7   115.1   116.2   102.1   98.56   146.2   115.8   97.84   79.40   83.19   106.2   80.52   93.64   80.86   103.6   96.45   85.58   54.10   63.59   87.36   81.45   63.09   73.06   112.5   109.5   141.1   142.9   137.2   158.8   152.5   103.6   100.1   127.5   102.6   
   4.00e3  13.30   16.16   20.71   42.30   50.25   64.38   42.47   34.98   39.65   39.51   72.00   88.25   82.35   78.71   86.10   67.73   20.39   48.34   61.08   61.53   94.56   86.44   92.22   71.48   68.17   74.85   68.34   70.57   67.48   63.59   68.23   87.89   101.5   88.92   30.53   44.66   111.7   111.8   113.5   88.69   131.9   124.1   112.0   79.51   69.26   105.5   104.3   96.93   80.20   133.4   117.9   95.53   125.3   36.44   144.6   148.7   153.0   126.8   114.3   118.9   120.0   105.4   101.8   151.0   119.6   101.0   82.00   85.92   109.7   83.17   96.71   83.51   107.0   99.62   88.38   55.87   65.68   90.23   84.12   65.16   75.46   116.2   113.1   145.8   147.6   141.7   164.0   157.5   107.0   103.4   131.7   106.0   
   4.50e3  14.10   17.14   21.97   44.87   53.30   68.29   45.04   37.10   42.06   41.91   76.37   93.60   87.35   83.49   91.32   71.84   21.63   51.28   64.78   65.26   100.3   91.68   97.82   75.82   72.31   79.39   72.48   74.85   71.57   67.45   72.36   93.22   107.7   94.31   32.38   47.37   118.5   118.6   120.3   94.07   139.9   131.7   118.8   84.33   73.47   111.9   110.6   102.8   85.07   141.4   125.0   101.3   132.9   38.65   153.4   157.7   162.2   134.5   121.3   126.1   127.3   111.8   108.0   160.2   126.9   107.2   86.98   91.13   116.3   88.21   102.6   88.58   113.5   105.7   93.75   59.26   69.66   95.70   89.23   69.11   80.03   123.2   120.0   154.6   156.5   150.3   174.0   167.1   113.5   109.6   139.7   112.4   
   5.00e3  14.87   18.07   23.15   47.30   56.19   71.98   47.48   39.11   44.33   44.18   80.50   98.66   92.07   88.00   96.26   75.73   22.80   54.05   68.29   68.79   105.7   96.64   103.1   79.92   76.22   83.68   76.40   78.90   75.45   71.09   76.28   98.26   113.5   99.41   34.13   49.93   124.9   125.0   126.9   99.16   147.5   138.8   125.2   88.89   77.44   118.0   116.6   108.4   89.67   149.1   131.8   106.8   140.0   40.74   161.7   166.2   171.0   141.8   127.8   132.9   134.2   117.9   113.8   168.9   133.7   113.0   91.68   96.06   122.6   92.98   108.1   93.37   119.7   111.4   98.82   62.47   73.43   100.9   94.05   72.85   84.36   129.9   126.5   163.0   165.0   158.4   183.4   176.1   119.6   115.6   147.2   118.5   
   5.50e3  15.59   18.95   24.28   49.61   58.93   75.49   49.80   41.02   46.50   46.33   84.43   103.5   96.56   92.30   101.0   79.43   23.91   56.69   71.62   72.15   110.9   101.4   108.1   83.82   79.94   87.77   80.13   82.75   79.13   74.56   80.00   103.1   119.1   104.3   35.80   52.36   131.0   131.1   133.0   104.0   154.7   145.6   131.3   93.23   81.22   123.8   122.3   113.7   94.05   156.4   138.2   112.0   146.9   42.73   169.6   174.4   179.4   148.7   134.1   139.4   140.7   123.6   119.4   177.1   140.3   118.5   96.16   100.8   128.6   97.52   113.4   97.93   125.5   116.8   103.6   65.52   77.01   105.8   98.64   76.41   88.48   136.2   132.7   170.9   173.1   166.1   192.4   184.7   125.5   121.2   154.4   124.3   
   6.00e3  16.29   19.80   25.36   51.81   61.55   78.85   52.01   42.84   48.56   48.39   88.19   108.1   100.9   96.40   105.4   82.96   24.98   59.21   74.81   75.35   115.8   105.9   112.9   87.54   83.50   91.67   83.70   86.43   82.65   77.88   83.56   107.6   124.3   108.9   37.39   54.69   136.9   136.9   139.0   108.6   161.5   152.0   137.1   97.37   84.83   129.3   127.7   118.7   98.23   163.3   144.4   117.0   153.4   44.63   177.1   182.1   187.3   155.3   140.0   145.6   147.0   129.1   124.7   185.0   146.5   123.8   100.4   105.2   134.3   101.9   118.4   102.3   131.1   122.0   108.2   68.43   80.44   110.5   103.0   79.81   92.41   142.3   138.5   178.5   180.8   173.5   200.9   192.9   131.0   126.6   161.3   129.8   
   6.50e3  16.95   20.60   26.40   53.93   64.06   82.07   54.13   44.59   50.55   50.37   91.79   112.5   105.0   100.3   109.8   86.34   26.00   61.63   77.86   78.43   120.5   110.2   117.6   91.12   86.90   95.41   87.11   89.95   86.02   81.06   86.97   112.0   129.4   113.3   38.92   56.93   142.5   142.5   144.6   113.1   168.1   158.2   142.7   101.4   88.29   134.5   132.9   123.6   102.2   170.0   150.3   121.8   159.7   46.45   184.3   189.6   195.0   161.7   145.7   151.5   153.0   134.4   129.8   192.5   152.5   128.8   104.5   109.5   139.8   106.0   123.3   106.5   136.4   127.0   112.7   71.23   83.72   115.0   107.2   83.06   96.19   148.1   144.2   185.8   188.1   180.6   209.1   200.8   136.4   131.8   167.8   135.1   
   7.00e3  17.59   21.38   27.40   55.96   66.48   85.17   56.18   46.27   52.46   52.27   95.25   116.7   108.9   104.1   113.9   89.60   26.98   63.95   80.80   81.39   125.1   114.3   122.0   94.56   90.18   99.01   90.40   93.35   89.27   84.12   90.25   116.3   134.3   117.6   40.39   59.07   147.8   147.9   150.1   117.3   174.5   164.2   148.1   105.2   91.63   139.6   138.0   128.2   106.1   176.4   155.9   126.4   165.7   48.20   191.3   196.7   202.3   167.8   151.2   157.2   158.8   139.5   134.7   199.8   158.2   133.7   108.5   113.7   145.1   110.0   127.9   110.5   141.6   131.8   116.9   73.91   86.88   119.4   111.3   86.20   99.82   153.7   149.6   192.8   195.2   187.4   217.0   208.4   141.5   136.7   174.2   140.2   
   8.00e3  18.81   22.86   29.29   59.83   71.07   91.05   60.06   49.47   56.08   55.88   101.8   124.8   116.5   111.3   121.8   95.79   28.84   68.37   86.38   87.01   133.7   122.2   130.4   101.1   96.41   105.9   96.64   99.80   95.43   89.93   96.49   124.3   143.6   125.7   43.18   63.15   158.0   158.1   160.5   125.4   186.5   175.6   158.4   112.4   97.95   149.2   147.5   137.1   113.4   188.6   166.7   135.1   177.1   51.53   204.5   210.3   216.3   179.4   161.7   168.1   169.7   149.1   144.0   213.6   169.2   142.9   116.0   121.5   155.1   117.6   136.8   118.1   151.4   140.9   125.0   79.02   92.88   127.6   119.0   92.15   106.7   164.3   160.0   206.1   208.7   200.4   232.0   222.8   151.3   146.2   186.2   149.9   
   9.00e3  19.95   24.24   31.06   63.46   75.38   96.57   63.70   52.47   59.48   59.27   108.0   132.4   123.5   118.1   129.1   101.6   30.59   72.52   91.62   92.29   141.8   129.7   138.3   107.2   102.3   112.3   102.5   105.8   101.2   95.38   102.3   131.8   152.3   133.4   45.79   66.98   167.6   167.7   170.2   133.0   197.8   186.2   168.0   119.3   103.9   158.3   156.4   145.4   120.3   200.0   176.8   143.3   187.9   54.66   216.9   223.0   229.4   190.2   171.5   178.3   180.0   158.1   152.7   226.5   179.4   151.6   123.0   128.9   164.5   124.7   145.1   125.3   160.6   149.4   132.6   83.81   98.51   135.3   126.2   97.74   113.2   174.3   169.7   218.6   221.4   212.5   246.1   236.3   160.5   155.0   197.5   158.9   
   10.0e3  21.02   25.56   32.74   66.89   79.46   101.8   67.15   55.31   62.70   62.47   113.8   139.5   130.2   124.5   136.1   107.1   32.25   76.44   96.57   97.28   149.5   136.7   145.8   113.0   107.8   118.3   108.1   111.6   106.7   100.5   107.9   139.0   160.5   140.6   48.27   70.61   176.7   176.8   179.4   140.2   208.5   196.3   177.0   125.7   109.5   166.9   164.9   153.3   126.8   210.9   186.4   151.0   198.1   57.62   228.6   235.1   241.8   200.5   180.8   187.9   189.8   166.7   160.9   238.8   189.1   159.8   129.7   135.9   173.4   131.5   152.9   132.0   169.2   157.5   139.7   88.34   103.8   142.7   133.0   103.0   119.3   183.7   178.9   230.5   233.4   224.0   259.4   249.1   169.2   163.4   208.2   167.5   
   11.0e3  22.05   26.80   34.34   70.15   83.34   106.8   70.42   58.01   65.76   65.52   119.4   146.3   136.6   130.5   142.8   112.3   33.82   80.17   101.3   102.0   156.8   143.3   152.9   118.5   113.1   124.1   113.3   117.0   111.9   105.4   113.1   145.7   168.4   147.5   50.63   74.05   185.3   185.4   188.2   147.1   218.7   205.9   185.7   131.8   114.9   175.0   172.9   160.7   133.0   221.2   195.5   158.4   207.7   60.43   239.8   246.6   253.6   210.3   189.6   197.1   199.0   174.8   168.8   250.4   198.4   167.6   136.0   142.5   181.8   137.9   160.4   138.5   177.5   165.2   146.6   92.66   108.9   149.6   139.5   108.1   125.1   192.6   187.6   241.7   244.7   234.9   272.0   261.2   177.4   171.4   218.3   175.7   
   12.0e3  23.03   28.00   35.87   73.27   87.04   111.5   73.55   60.59   68.68   68.44   124.7   152.8   142.6   136.3   149.1   117.3   35.32   83.73   105.8   106.6   163.8   149.7   159.7   123.8   118.1   129.6   118.4   122.2   116.9   110.1   118.2   152.2   175.9   154.0   52.88   77.35   193.6   193.7   196.5   153.6   228.4   215.0   193.9   137.7   120.0   182.8   180.6   167.9   138.9   231.0   204.2   165.5   217.0   63.11   250.5   257.6   264.9   219.7   198.0   205.9   207.9   182.6   176.3   261.6   207.2   175.0   142.0   148.8   189.9   144.0   167.5   144.6   185.4   172.5   153.1   96.78   113.8   156.3   145.7   112.9   130.7   201.2   195.9   252.5   255.6   245.4   284.1   272.9   185.3   179.0   228.0   183.5   
   13.0e3  23.97   29.14   37.33   76.27   90.60   116.1   76.56   63.06   71.48   71.23   129.8   159.1   148.5   141.9   155.2   122.1   36.77   87.15   110.1   110.9   170.5   155.8   166.3   128.9   122.9   134.9   123.2   127.2   121.7   114.6   123.0   158.4   183.0   160.3   55.04   80.51   201.5   201.6   204.5   159.9   237.8   223.8   201.9   143.3   124.9   190.3   188.0   174.7   144.6   240.4   212.5   172.2   225.8   65.69   260.7   268.1   275.7   228.6   206.1   214.3   216.4   190.1   183.5   272.3   215.6   182.2   147.8   154.9   197.7   149.9   174.3   150.6   193.0   179.6   159.3   100.7   118.4   162.7   151.7   117.5   136.0   209.4   203.9   262.8   266.1   255.4   295.7   284.0   192.9   186.3   237.4   191.0   
   14.0e3  24.88   30.24   38.74   79.15   94.02   120.4   79.45   65.44   74.18   73.92   134.7   165.1   154.1   147.3   161.1   126.7   38.15   90.44   114.3   115.1   176.9   161.7   172.5   133.7   127.5   140.0   127.8   132.0   126.2   119.0   127.6   164.4   189.9   166.3   57.12   83.54   209.1   209.2   212.3   165.9   246.7   232.2   209.5   148.7   129.6   197.4   195.1   181.3   150.0   249.5   220.5   178.7   234.3   68.17   270.5   278.2   286.2   237.3   213.9   222.4   224.5   197.2   190.4   282.5   223.8   189.0   153.4   160.7   205.2   155.6   180.9   156.2   200.2   186.4   165.4   104.5   122.9   168.8   157.4   121.9   141.2   217.3   211.6   272.7   276.1   265.0   306.9   294.7   200.2   193.4   246.3   198.2   
   15.0e3  25.75   31.30   40.10   81.92   97.32   124.7   82.24   67.74   76.79   76.51   139.4   170.9   159.5   152.4   166.7   131.2   39.49   93.62   118.3   119.1   183.1   167.4   178.6   138.4   132.0   144.9   132.3   136.7   130.7   123.1   132.1   170.2   196.6   172.2   59.12   86.48   216.4   216.5   219.7   171.7   255.4   240.4   216.8   154.0   134.1   204.4   201.9   187.7   155.3   258.3   228.3   185.0   242.6   70.56   280.0   288.0   296.2   245.6   221.4   230.2   232.4   204.2   197.1   292.5   231.6   195.7   158.8   166.4   212.4   161.0   187.3   161.7   207.3   192.9   171.2   108.2   127.2   174.7   162.9   126.2   146.1   225.0   219.1   282.3   285.8   274.3   317.7   305.1   207.2   200.2   255.0   205.2   
   16.0e3  26.59   32.33   41.42   84.61   100.5   128.8   84.93   69.96   79.31   79.02   144.0   176.5   164.7   157.4   172.2   135.5   40.79   96.69   122.2   123.1   189.1   172.9   184.4   143.0   136.3   149.7   136.7   141.1   135.0   127.2   136.5   175.8   203.1   177.8   61.06   89.31   223.5   223.6   226.9   177.4   263.8   248.3   223.9   159.0   138.5   211.1   208.6   193.9   160.4   266.7   235.7   191.1   250.5   72.88   289.2   297.4   305.9   253.7   228.7   237.7   240.0   210.9   203.6   302.0   239.2   202.1   164.0   171.8   219.3   166.3   193.4   167.0   214.1   199.2   176.8   111.7   131.4   180.5   168.2   130.3   150.9   232.3   226.2   291.5   295.2   283.3   328.1   315.1   214.0   206.7   263.3   211.9   
   17.0e3  27.41   33.32   42.69   87.21   103.6   132.7   87.55   72.11   81.75   81.46   148.4   181.9   169.8   162.3   177.5   139.6   42.04   99.66   125.9   126.8   194.9   178.2   190.1   147.4   140.5   154.3   140.9   145.5   139.1   131.1   140.7   181.2   209.3   183.3   62.94   92.06   230.4   230.5   233.9   182.8   271.9   255.9   230.8   163.9   142.8   217.6   215.0   199.8   165.3   274.9   243.0   196.9   258.2   75.12   298.1   306.5   315.3   261.5   235.7   245.0   247.4   217.4   209.8   311.3   246.6   208.3   169.1   177.1   226.1   171.4   199.4   172.2   220.7   205.4   182.2   115.2   135.4   186.0   173.4   134.3   155.6   239.5   233.2   300.5   304.3   292.1   338.2   324.8   220.6   213.1   271.4   218.4   
   18.0e3  28.21   34.29   43.93   89.74   106.6   136.6   90.09   74.21   84.12   83.82   152.7   187.2   174.7   167.0   182.6   143.7   43.26   102.6   129.6   130.5   200.6   183.4   195.6   151.6   144.6   158.8   145.0   149.7   143.1   134.9   144.7   186.4   215.4   188.6   64.76   94.73   237.1   237.2   240.7   188.1   279.8   263.3   237.5   168.7   146.9   223.9   221.2   205.6   170.1   282.9   250.0   202.7   265.7   77.30   306.7   315.4   324.5   269.0   242.5   252.1   254.6   223.7   215.9   320.4   253.7   214.3   174.0   182.3   232.6   176.4   205.1   177.2   227.1   211.3   187.5   118.5   139.3   191.4   178.5   138.2   160.1   246.4   240.0   309.2   313.1   300.5   348.0   334.2   227.0   219.3   279.3   224.8   
   20.0e3  29.73   36.14   46.31   94.60   112.4   144.0   94.96   78.22   88.67   88.35   161.0   197.3   184.1   176.0   192.5   151.5   45.60   108.1   136.6   137.6   211.4   193.3   206.2   159.8   152.4   167.4   152.8   157.8   150.9   142.2   152.6   196.5   227.0   198.8   68.27   99.85   249.9   250.0   253.7   198.3   294.9   277.6   250.4   177.8   154.9   236.0   233.2   216.7   179.3   298.2   263.6   213.6   280.1   81.48   323.3   332.5   342.0   283.6   255.6   265.8   268.4   235.8   227.6   337.7   267.5   225.9   183.4   192.1   245.2   186.0   216.2   186.7   239.3   222.8   197.6   124.9   146.9   201.8   188.1   145.7   168.7   259.8   253.0   325.9   330.0   316.8   366.8   352.3   239.3   231.1   294.4   236.9   
   22.5e3  31.54   38.33   49.12   100.3   119.2   152.7   100.7   82.96   94.05   93.71   170.8   209.3   195.3   186.7   204.2   160.6   48.37   114.7   144.9   145.9   224.3   205.0   218.7   169.5   161.7   177.5   162.1   167.4   160.0   150.8   161.8   208.4   240.8   210.9   72.41   105.9   265.0   265.2   269.1   210.3   312.8   294.4   265.6   188.6   164.3   250.3   247.3   229.9   190.2   316.3   279.6   226.6   297.1   86.42   342.9   352.7   362.8   300.8   271.1   281.9   284.6   250.1   241.4   358.2   283.7   239.6   194.5   203.8   260.1   197.2   229.4   198.1   253.9   236.3   209.6   132.5   155.8   214.0   199.5   154.5   179.0   275.5   268.3   345.7   350.0   336.0   389.1   373.6   253.8   245.1   312.3   251.3   
   25.0e3  33.24   40.41   51.77   105.8   125.6   161.0   106.2   87.45   99.13   98.78   180.0   220.6   205.9   196.8   215.2   169.3   50.99   120.9   152.7   153.8   236.4   216.1   230.6   178.7   170.4   187.1   170.8   176.4   168.7   159.0   170.6   219.7   253.8   222.3   76.33   111.6   279.4   279.5   283.7   221.7   329.7   310.3   279.9   198.8   173.2   263.8   260.7   242.3   200.5   333.4   294.7   238.8   313.2   91.10   361.5   371.7   382.4   317.1   285.8   297.2   300.0   263.6   254.5   377.6   299.0   252.6   205.0   214.8   274.1   207.9   241.8   208.8   267.6   249.0   221.0   139.7   164.2   225.6   210.3   162.9   188.6   290.4   282.8   364.4   369.0   354.2   410.1   393.8   267.5   258.4   329.2   264.9   
   27.5e3  34.87   42.38   54.30   110.9   131.8   168.8   111.4   91.72   104.0   103.6   188.8   231.4   215.9   206.4   225.7   177.6   53.47   126.8   160.1   161.3   247.9   226.6   241.8   187.4   178.8   196.3   179.2   185.0   176.9   166.7   178.9   230.4   266.2   233.1   80.05   117.1   293.0   293.2   297.5   232.5   345.8   325.5   293.6   208.5   181.6   276.7   273.4   254.2   210.3   349.7   309.1   250.5   328.4   95.54   379.1   389.9   401.1   332.5   299.8   311.7   314.7   276.4   266.9   396.0   313.6   264.9   215.0   225.3   287.5   218.1   253.6   219.0   280.7   261.2   231.7   146.5   172.2   236.6   220.6   170.9   197.8   304.6   296.6   382.2   387.0   371.5   430.1   413.1   280.6   271.0   345.2   277.8   
   30.0e3  36.42   44.26   56.72   115.9   137.6   176.3   116.3   95.80   108.6   108.2   197.2   241.7   225.5   215.6   235.8   185.5   55.85   132.4   167.3   168.5   259.0   236.7   252.6   195.8   186.7   205.0   187.1   193.3   184.8   174.1   186.8   240.7   278.0   243.5   83.61   122.3   306.0   306.2   310.7   242.9   361.2   340.0   306.7   217.7   189.7   289.0   285.6   265.5   219.6   365.2   322.8   261.6   343.0   99.79   396.0   407.2   418.9   347.3   313.1   325.5   328.7   288.7   278.8   413.6   327.6   276.7   224.6   235.3   300.3   227.8   264.8   228.7   293.1   272.8   242.1   153.0   179.9   247.1   230.4   178.5   206.6   318.1   309.8   399.2   404.2   388.0   449.3   431.4   293.0   283.1   360.6   290.2   
   32.5e3  37.90   46.07   59.03   120.6   143.2   183.5   121.1   99.71   113.0   112.6   205.2   251.5   234.7   224.4   245.4   193.1   58.13   137.8   174.1   175.4   269.5   246.4   262.9   203.7   194.3   213.3   194.8   201.1   192.4   181.3   194.5   250.5   289.4   253.5   87.03   127.3   318.5   318.7   323.4   252.8   375.9   353.8   319.2   226.6   197.4   300.8   297.2   276.3   228.6   380.1   336.0   272.3   357.0   103.9   412.2   423.9   436.0   361.5   325.9   338.8   342.1   300.5   290.2   430.5   341.0   288.0   233.7   244.9   312.6   237.1   275.7   238.0   305.1   284.0   251.9   159.3   187.2   257.2   239.8   185.7   215.1   331.1   322.5   415.5   420.7   403.8   467.6   449.0   305.0   294.6   375.3   302.0   
   35.0e3  39.33   47.81   61.26   125.1   148.7   190.4   125.6   103.5   117.3   116.9   213.0   261.0   243.6   232.8   254.7   200.4   60.33   143.0   180.7   182.0   279.7   255.7   272.8   211.4   201.7   221.4   202.1   208.7   199.6   188.1   201.8   260.0   300.3   263.0   90.31   132.1   330.6   330.7   335.6   262.3   390.1   367.2   331.2   235.2   204.9   312.2   308.5   286.7   237.2   394.5   348.7   282.6   370.5   107.8   427.7   439.9   452.4   375.2   338.2   351.6   355.0   311.9   301.1   446.7   353.8   298.9   242.6   254.2   324.4   246.0   286.1   247.0   316.6   294.7   261.4   165.3   194.3   266.9   248.8   192.8   223.2   343.6   334.6   431.2   436.6   419.1   485.3   466.0   316.5   305.8   389.5   313.4   
   37.5e3  40.72   49.49   63.41   129.5   153.9   197.1   130.0   107.1   121.4   121.0   220.5   270.2   252.1   241.0   263.6   207.4   62.44   148.0   187.0   188.4   289.5   264.7   282.4   218.9   208.7   229.2   209.2   216.1   206.6   194.7   208.9   269.1   310.9   272.3   93.48   136.7   342.2   342.4   347.4   271.6   403.8   380.1   342.8   243.4   212.1   323.1   319.3   296.8   245.6   408.3   360.9   292.5   383.5   111.6   442.7   455.3   468.3   388.3   350.0   363.9   367.5   322.8   311.7   462.4   366.3   309.4   251.1   263.1   335.8   254.6   296.1   255.7   327.7   305.0   270.6   171.1   201.1   276.3   257.6   199.5   231.0   355.7   346.4   446.3   451.9   433.8   502.3   482.3   327.6   316.5   403.1   324.4   
   40.0e3  42.05   51.11   65.49   133.8   158.9   203.6   134.3   110.6   125.4   124.9   227.7   279.1   260.4   248.9   272.3   214.2   64.49   152.9   193.1   194.6   299.0   273.3   291.6   226.0   215.6   236.7   216.1   223.2   213.4   201.1   215.7   277.9   321.1   281.2   96.55   141.2   353.4   353.6   358.8   280.5   417.1   392.5   354.1   251.4   219.0   333.7   329.8   306.5   253.6   421.7   372.8   302.1   396.1   115.2   457.3   470.2   483.7   401.1   361.5   375.9   379.5   333.4   321.9   477.6   378.3   319.5   259.3   271.7   346.8   263.0   305.8   264.1   338.5   315.0   279.5   176.7   207.7   285.3   266.0   206.1   238.6   367.4   357.7   460.9   466.7   448.0   518.8   498.2   338.4   326.9   416.4   335.1   
   45.0e3  44.60   54.21   69.46   141.9   168.6   215.9   142.4   117.3   133.0   132.5   241.5   296.0   276.2   264.0   288.8   227.2   68.41   162.1   204.9   206.4   317.2   289.9   309.3   239.7   228.7   251.0   229.2   236.7   226.3   213.3   228.8   294.8   340.5   298.2   102.4   149.8   374.8   375.0   380.6   297.5   442.4   416.4   375.6   266.7   232.3   354.0   349.8   325.1   269.0   447.3   395.4   320.4   420.1   122.2   485.0   498.7   513.0   425.4   383.5   398.7   402.5   353.6   341.4   506.6   401.2   338.9   275.0   288.2   367.8   278.9   324.4   280.1   359.0   334.1   296.5   187.4   220.3   302.6   282.2   218.6   253.1   389.6   379.4   488.9   495.0   475.2   550.2   528.4   358.9   346.7   441.6   355.4   
   50.0e3  47.01   57.14   73.22   149.6   177.7   227.6   150.1   123.7   140.2   139.7   254.6   312.0   291.2   278.3   304.4   239.5   72.11   170.9   215.9   217.5   334.3   305.6   326.1   252.7   241.0   264.6   241.6   249.5   238.6   224.8   241.2   310.7   359.0   314.4   107.9   157.9   395.1   395.3   401.1   313.6   466.3   438.9   395.9   281.1   244.9   373.1   368.7   342.7   283.6   471.5   416.7   337.8   442.9   128.8   511.2   525.7   540.8   448.4   404.2   420.2   424.3   372.8   359.9   534.0   422.9   357.2   289.9   303.8   387.7   294.0   341.9   295.3   378.4   352.2   312.5   197.5   232.2   319.0   297.4   230.4   266.8   410.7   400.0   515.3   521.8   500.9   580.0   557.0   378.3   365.4   465.5   374.6   
   55.0e3  49.31   59.93   76.79   156.9   186.3   238.7   157.5   129.7   147.0   146.5   267.0   327.2   305.4   291.9   319.3   251.2   75.63   179.3   226.5   228.1   350.6   320.5   342.0   265.1   252.8   277.5   253.4   261.7   250.2   235.8   253.0   325.9   376.5   329.7   113.2   165.6   414.4   414.6   420.7   328.9   489.1   460.3   415.2   294.8   256.8   391.3   386.7   359.4   297.4   494.5   437.1   354.2   464.5   135.1   536.2   551.4   567.2   470.3   423.9   440.8   445.0   391.0   377.5   560.0   443.6   374.7   304.1   318.6   406.6   308.4   358.6   309.7   396.9   369.4   327.7   207.2   243.5   334.6   311.9   241.6   279.8   430.8   419.5   540.5   547.3   525.3   608.3   584.2   396.8   383.3   488.2   392.9   
   60.0e3  51.50   62.60   80.21   163.8   194.6   249.3   164.5   135.5   153.6   153.0   278.9   341.8   318.9   304.9   333.4   262.3   78.99   187.2   236.6   238.3   366.2   334.8   357.2   276.8   264.0   289.9   264.7   273.3   261.4   246.3   264.2   340.4   393.2   344.4   118.2   173.0   432.8   433.0   439.4   343.5   510.8   480.8   433.7   307.9   268.3   408.7   403.9   375.4   310.6   516.5   456.5   370.0   485.1   141.1   560.0   575.9   592.4   491.2   442.8   460.4   464.8   408.3   394.2   584.9   463.3   391.3   317.6   332.8   424.7   322.1   374.5   323.4   414.6   385.8   342.3   216.4   254.4   349.5   325.8   252.4   292.2   449.9   438.1   564.5   571.6   548.7   635.3   610.1   414.4   400.3   509.9   410.4   
   65.0e3  53.61   65.15   83.48   170.5   202.6   259.5   171.2   141.0   159.9   159.3   290.3   355.7   332.0   317.3   347.1   273.0   82.21   194.9   246.2   248.0   381.2   348.4   371.8   288.1   274.8   301.7   275.5   284.5   272.0   256.3   275.0   354.3   409.3   358.4   123.1   180.0   450.5   450.7   457.4   357.5   531.7   500.4   451.4   320.5   279.2   425.4   420.4   390.7   323.3   537.6   475.2   385.1   505.0   146.9   582.9   599.4   616.6   511.3   460.9   479.2   483.8   425.0   410.3   608.8   482.2   407.3   330.6   346.4   442.0   335.2   389.8   336.6   431.5   401.6   356.3   225.2   264.7   363.7   339.1   262.7   304.2   468.3   456.0   587.6   595.0   571.1   661.3   635.0   431.3   416.7   530.8   427.2   
   70.0e3  55.63   67.61   86.63   177.0   210.2   269.3   177.7   146.3   165.9   165.3   301.2   369.2   344.5   329.3   360.2   283.4   85.32   202.2   255.5   257.4   395.6   361.6   385.8   299.0   285.2   313.1   285.9   295.2   282.3   266.0   285.4   367.7   424.7   372.0   127.7   186.8   467.5   467.7   474.6   371.0   551.7   519.3   468.4   332.6   289.8   441.5   436.2   405.5   335.5   557.9   493.1   399.6   524.0   152.4   604.9   622.0   639.9   530.6   478.3   497.2   502.1   441.1   425.8   631.8   500.4   422.7   343.0   359.4   458.7   347.9   404.6   349.4   447.8   416.7   369.7   233.7   274.7   377.5   351.9   272.6   315.7   486.0   473.2   609.8   617.4   592.7   686.3   659.0   447.6   432.4   550.8   443.3   
   80.0e3  59.47   72.28   92.62   189.2   224.7   287.9   189.9   156.4   177.3   176.7   322.0   394.7   368.3   352.0   385.0   302.9   91.21   216.2   273.2   275.2   422.9   386.6   412.4   319.7   304.9   334.7   305.6   315.6   301.8   284.4   305.1   393.0   454.0   397.7   136.5   199.7   499.8   500.0   507.4   396.6   589.8   555.1   500.8   355.6   309.8   472.0   466.4   433.5   358.7   596.4   527.1   427.2   560.2   163.0   646.7   665.0   684.0   567.2   511.3   531.6   536.7   471.5   455.2   675.4   534.9   451.9   366.7   384.3   490.4   371.9   432.5   373.5   478.7   445.5   395.3   249.9   293.7   403.5   376.2   291.4   337.4   519.5   505.9   651.9   660.0   633.6   733.6   704.5   478.5   462.3   588.8   473.9   
   90.0e3  63.08   76.67   98.23   200.7   238.4   305.4   201.4   165.9   188.1   187.4   341.5   418.6   390.6   373.4   408.4   321.3   96.74   229.3   289.7   291.8   448.5   410.0   437.4   339.1   323.4   355.0   324.2   334.7   320.1   301.6   323.6   416.9   481.6   421.8   144.8   211.8   530.1   530.4   538.2   420.7   625.6   588.8   531.1   377.1   328.5   500.6   494.6   459.8   380.4   632.6   559.1   453.1   594.2   172.8   685.9   705.3   725.5   601.6   542.3   563.8   569.3   500.1   482.8   716.4   567.4   479.3   389.0   407.6   520.2   394.5   458.7   396.1   507.7   472.5   419.2   265.0   311.5   428.0   399.0   309.1   357.9   551.0   536.6   691.4   700.1   672.0   778.1   747.2   507.6   490.3   624.5   502.6   
   100.e3  66.49   80.81   103.5   211.5   251.3   321.9   212.3   174.9   198.3   197.6   360.0   441.2   411.8   393.6   430.5   338.7   102.0   241.7   305.4   307.6   472.8   432.2   461.1   357.4   340.9   374.2   341.7   352.8   337.4   317.9   341.1   439.4   507.6   444.6   152.7   223.3   558.7   559.1   567.3   443.5   659.5   620.7   559.9   397.5   346.3   527.7   521.4   484.7   401.0   666.8   589.4   477.7   626.3   182.2   723.0   743.5   764.8   634.1   571.6   594.3   600.1   527.2   509.0   755.1   598.1   505.2   410.0   429.6   548.3   415.8   483.5   417.6   535.2   498.1   441.9   279.4   328.4   451.2   420.6   325.8   377.3   580.8   565.6   728.8   738.0   708.4   820.2   787.7   535.0   516.8   658.3   529.8   
   110.e3  69.74   84.76   108.6   221.8   263.5   337.6   222.7   183.5   208.0   207.2   377.6   462.8   431.9   412.8   451.5   355.2   107.0   253.5   320.3   322.6   495.9   453.3   483.6   374.8   357.5   392.5   358.4   370.1   353.9   333.5   357.8   460.9   532.4   466.3   160.1   234.2   586.0   586.3   595.0   465.1   691.6   651.0   587.2   416.9   363.2   553.4   546.9   508.3   420.6   699.3   618.1   501.0   656.9   191.1   758.3   779.8   802.1   665.1   599.5   623.3   629.4   552.9   533.8   792.0   627.3   529.9   430.0   450.6   575.1   436.1   507.1   437.9   561.3   522.4   463.5   293.0   344.4   473.2   441.2   341.7   395.7   609.2   593.2   764.4   774.0   742.9   860.3   826.1   561.1   542.0   690.5   555.7   
   120.e3  72.84   88.53   113.4   231.7   275.3   352.6   232.6   191.6   217.2   216.4   394.4   483.4   451.1   431.1   471.6   371.0   111.7   264.8   334.5   337.0   517.9   473.4   505.1   391.5   373.4   410.0   374.3   386.5   369.6   348.3   373.7   481.4   556.1   487.0   167.2   244.6   612.1   612.4   621.4   485.8   722.4   679.9   613.3   435.5   379.4   578.0   571.2   530.9   439.3   730.4   645.6   523.2   686.1   199.6   792.0   814.5   837.8   694.7   626.2   651.0   657.3   577.5   557.5   827.2   655.2   553.4   449.1   470.6   600.6   455.5   529.7   457.4   586.3   545.6   484.1   306.0   359.7   494.2   460.8   356.9   413.3   636.3   619.6   798.4   808.4   776.0   898.5   862.8   586.1   566.1   721.2   580.4   
   130.e3  75.81   92.14   118.1   241.2   286.5   367.0   242.1   199.4   226.1   225.3   410.5   503.1   469.5   448.7   490.8   386.1   116.3   275.6   348.2   350.8   539.1   492.8   525.7   407.5   388.6   426.7   389.6   402.3   384.7   362.5   388.9   501.0   578.8   506.9   174.1   254.6   637.1   637.4   646.8   505.6   751.9   707.7   638.3   453.3   394.9   601.6   594.5   552.6   457.2   760.3   672.0   544.6   714.1   207.7   824.3   847.7   872.0   723.0   651.8   677.6   684.2   601.1   580.3   861.0   681.9   576.0   467.5   489.8   625.1   474.1   551.3   476.1   610.2   567.9   503.9   318.5   374.4   514.4   479.6   371.5   430.2   662.3   644.9   831.0   841.4   807.7   935.2   898.1   610.0   589.3   750.6   604.1   
   140.e3  78.67   95.62   122.5   250.3   297.3   380.9   251.3   207.0   234.6   233.8   426.0   522.1   487.2   465.7   509.3   400.7   120.7   286.0   361.3   364.0   559.4   511.4   545.6   422.9   403.3   442.8   404.3   417.5   399.2   376.2   403.6   520.0   600.6   526.0   180.6   264.2   661.1   661.5   671.2   524.7   780.3   734.4   662.4   470.4   409.8   624.4   616.9   573.5   474.5   789.0   697.4   565.2   741.1   215.6   855.5   879.7   904.9   750.3   676.4   703.2   710.0   623.7   602.2   893.5   707.7   597.8   485.1   508.3   648.7   492.0   572.1   494.1   633.2   589.3   522.9   330.6   388.5   533.8   497.7   385.5   446.4   687.3   669.3   862.3   873.2   838.1   970.5   932.0   633.0   611.5   778.9   626.9   
   150.e3  81.44   98.98   126.8   259.1   307.7   394.3   260.1   214.2   242.8   242.0   440.9   540.4   504.3   482.0   527.2   414.8   124.9   296.0   374.0   376.8   579.1   529.3   564.7   437.7   417.5   458.3   418.5   432.1   413.2   389.4   417.8   538.2   621.7   544.5   187.0   273.5   684.3   684.7   694.8   543.1   807.7   760.2   685.7   486.9   424.2   646.3   638.6   593.6   491.1   816.7   721.8   585.0   767.1   223.1   885.5   910.6   936.7   776.7   700.1   727.9   734.9   645.6   623.3   924.8   732.5   618.8   502.2   526.2   671.5   509.3   592.2   511.4   655.5   610.0   541.2   342.2   402.2   552.5   515.2   399.0   462.1   711.4   692.7   892.6   903.8   867.6   1.005e3 964.7   655.2   633.0   806.3   648.9   
   160.e3  84.11   102.2   131.0   267.6   317.8   407.2   268.6   221.3   250.8   249.9   455.4   558.1   520.8   497.8   544.5   428.4   129.0   305.8   386.3   389.1   598.1   546.7   583.3   452.1   431.2   473.4   432.2   446.3   426.8   402.2   431.5   555.9   642.1   562.4   193.1   282.4   706.8   707.2   717.6   560.9   834.2   785.1   708.2   502.8   438.1   667.5   659.5   613.0   507.3   843.4   745.5   604.2   792.3   230.5   914.5   940.5   967.4   802.1   723.1   751.8   759.0   666.8   643.8   955.2   756.5   639.1   518.6   543.4   693.5   526.0   611.6   528.2   677.0   630.0   559.0   353.4   415.4   570.7   532.0   412.1   477.2   734.7   715.5   921.9   933.5   896.0   1.038e3 996.3   676.7   653.7   832.7   670.2   
   170.e3  86.70   105.4   135.0   275.8   327.6   419.7   276.9   228.1   258.5   257.6   469.4   575.3   536.9   513.1   561.3   441.6   133.0   315.2   398.2   401.1   616.5   563.5   601.2   466.0   444.4   487.9   445.5   460.0   439.9   414.5   444.8   573.0   661.9   579.7   199.0   291.1   728.5   728.9   739.7   578.2   859.8   809.3   730.0   518.3   451.5   688.0   679.8   631.9   522.9   869.4   768.4   622.8   816.7   237.6   942.7   969.4   997.1   826.8   745.3   774.9   782.4   687.3   663.6   984.6   779.8   658.7   534.6   560.1   714.9   542.2   630.5   544.4   697.8   649.4   576.2   364.3   428.2   588.2   548.4   424.8   491.9   757.3   737.5   950.3   962.2   923.6   1.069e3 1.027e3 697.6   673.8   858.3   690.8   
   180.e3  89.21   108.4   138.9   283.8   337.1   431.9   284.9   234.7   266.0   265.1   483.0   592.0   552.4   528.0   577.5   454.4   136.8   324.3   409.7   412.7   634.3   579.8   618.6   479.5   457.3   502.1   458.4   473.4   452.7   426.6   457.7   589.6   681.1   596.5   204.8   299.6   749.6   750.1   761.1   595.0   884.7   832.7   751.1   533.3   464.6   707.9   699.5   650.2   538.0   894.6   790.7   640.8   840.3   244.4   970.0   997.5   1.026e3 850.8   766.9   797.4   805.1   707.3   682.8   1.013e3 802.4   677.8   550.1   576.4   735.6   557.9   648.7   560.2   718.0   668.3   592.9   374.8   440.6   605.3   564.3   437.1   506.2   779.3   758.9   977.8   990.1   950.4   1.100e3 1.057e3 717.8   693.4   883.2   710.8   
   200.e3  94.04   114.3   146.4   299.1   355.3   455.2   300.3   247.4   280.4   279.4   509.1   624.0   582.3   556.6   608.8   479.0   144.2   341.8   431.9   435.1   668.7   611.2   652.1   505.4   482.1   529.3   483.2   499.0   477.2   449.6   482.4   621.5   717.9   628.7   215.9   315.8   790.2   790.6   802.3   627.1   932.6   877.8   791.8   562.2   489.8   746.2   737.4   685.4   567.1   943.0   833.5   675.5   885.8   257.7   1.022e3 1.051e3 1.082e3 896.8   808.4   840.5   848.6   745.5   719.8   1.068e3 845.8   714.5   579.8   607.6   775.4   588.1   683.8   590.5   756.9   704.4   625.0   395.1   464.4   638.0   594.8   460.8   533.6   821.4   799.9   1.031e3 1.044e3 1.002e3 1.160e3 1.114e3 756.6   730.9   931.0   749.3   
   225.e3  100.6   120.8   149.9   324.3   407.1   478.7   321.2   265.7   290.2   304.0   541.3   668.6   639.0   608.6   645.2   510.4   189.4   375.9   460.1   466.7   715.7   674.3   694.9   555.8   500.6   552.9   511.2   536.8   502.5   488.2   519.5   669.1   764.5   668.5   220.2   350.5   845.7   846.0   850.5   663.6   982.4   933.2   845.0   606.5   537.7   803.0   798.3   731.6   648.8   970.6   886.8   729.4   946.1   286.2   1.101e3 1.125e3 1.167e3 961.6   868.9   896.2   905.3   809.8   771.7   1.118e3 907.1   757.6   623.5   645.0   831.9   648.9   713.5   623.1   798.7   752.0   681.9   421.4   509.1   695.7   635.5   495.8   573.8   896.7   856.4   1.109e3 1.133e3 1.071e3 1.247e3 1.203e3 820.3   789.3   1.012e3 800.0   
   250.e3  105.7   127.6   150.7   349.2   463.3   495.9   339.7   283.7   296.8   329.1   571.3   710.3   705.0   666.3   673.6   542.0   234.8   408.2   487.9   499.9   761.1   745.7   732.6   610.3   513.3   567.1   538.8   576.3   516.6   528.7   557.6   723.6   809.4   705.9   219.4   390.8   898.9   899.1   894.4   698.0   1.025e3 984.2   898.1   653.8   594.6   859.2   863.2   777.7   736.7   983.7   937.2   785.9   1.003e3 319.6   1.179e3 1.187e3 1.254e3 1.025e3 930.2   950.0   959.2   880.2   823.5   1.154e3 968.5   792.0   668.7   680.2   888.7   721.9   731.3   652.6   831.4   799.0   746.0   448.0   561.9   759.4   681.4   533.6   616.9   977.7   913.5   1.187e3 1.234e3 1.141e3 1.334e3 1.295e3 894.5   856.1   1.099e3 848.3   
   275.e3  109.3   134.8   155.2   367.9   497.1   513.0   354.8   299.0   307.8   347.9   599.7   744.6   759.0   711.9   697.5   572.9   250.4   428.3   514.7   531.0   800.7   801.1   764.7   650.8   532.9   581.7   569.1   610.9   526.6   561.0   590.5   775.6   852.0   741.3   223.3   421.8   945.5   945.9   937.2   734.7   1.072e3 1.032e3 948.4   695.9   641.9   906.4   917.6   821.3   789.0   1.015e3 985.0   834.1   1.052e3 346.2   1.247e3 1.237e3 1.329e3 1.079e3 985.8   999.9   1.008e3 939.3   869.8   1.193e3 1.023e3 821.6   709.0   715.5   939.1   783.4   753.0   685.0   863.1   843.1   799.5   474.3   607.5   812.3   727.3   568.8   656.9   1.041e3 966.4   1.253e3 1.323e3 1.206e3 1.408e3 1.370e3 963.2   918.7   1.172e3 891.8   
   300.e3  112.1   142.1   162.1   383.2   519.5   530.9   368.6   312.8   321.2   363.1   627.8   775.2   805.4   749.9   721.9   604.3   251.7   442.9   541.6   561.8   837.8   847.3   794.5   683.5   558.1   599.3   601.8   642.9   540.2   588.9   620.7   825.6   894.2   776.3   230.8   447.7   989.2   990.1   980.2   774.4   1.121e3 1.078e3 997.9   735.7   681.7   949.4   966.2   864.3   823.2   1.058e3 1.032e3 878.4   1.099e3 369.6   1.308e3 1.287e3 1.397e3 1.129e3 1.039e3 1.049e3 1.056e3 992.0   913.8   1.238e3 1.074e3 850.2   747.3   752.6   986.9   838.8   779.2   720.9   896.1   886.5   846.9   501.4   649.2   859.4   772.5   603.3   696.2   1.096e3 1.019e3 1.312e3 1.407e3 1.271e3 1.476e3 1.437e3 1.029e3 979.7   1.236e3 933.6   
   325.e3  114.6   149.1   170.8   396.8   536.3   549.9   382.2   326.0   336.0   376.0   655.9   804.2   846.7   783.1   749.9   636.4   247.5   455.5   568.8   592.9   874.1   888.5   823.8   712.1   587.4   623.6   636.6   673.5   561.5   614.6   649.7   873.7   936.6   811.6   240.7   470.7   1.032e3 1.034e3 1.024e3 816.9   1.174e3 1.125e3 1.048e3 774.7   715.0   990.8   1.012e3 907.2   849.0   1.109e3 1.080e3 920.8   1.146e3 392.0   1.368e3 1.341e3 1.462e3 1.178e3 1.092e3 1.098e3 1.105e3 1.041e3 957.4   1.287e3 1.123e3 879.7   785.1   792.0   1.034e3 891.0   809.6   760.0   931.4   930.3   890.8   529.8   689.1   903.9   816.7   638.1   735.8   1.145e3 1.071e3 1.369e3 1.487e3 1.338e3 1.542e3 1.500e3 1.094e3 1.040e3 1.296e3 975.2   
   350.e3  116.9   156.0   180.4   409.5   550.8   569.8   396.1   339.0   351.2   387.7   684.3   832.6   884.6   813.7   782.8   669.4   242.1   468.0   596.7   624.9   910.3   927.1   853.1   738.6   619.7   656.1   672.9   703.3   589.1   639.3   678.2   920.1   979.6   847.4   252.4   492.2   1.075e3 1.078e3 1.068e3 861.8   1.228e3 1.173e3 1.098e3 813.5   742.1   1.032e3 1.056e3 950.6   871.6   1.165e3 1.129e3 962.7   1.193e3 414.3   1.427e3 1.400e3 1.526e3 1.226e3 1.145e3 1.147e3 1.153e3 1.088e3 1.001e3 1.340e3 1.172e3 910.6   822.9   833.6   1.081e3 941.6   843.7   801.7   969.0   974.8   932.7   559.6   728.1   947.2   859.8   673.6   776.3   1.191e3 1.126e3 1.424e3 1.566e3 1.406e3 1.606e3 1.561e3 1.159e3 1.101e3 1.354e3 1.017e3 
   375.e3  119.3   162.5   190.7   421.9   564.8   590.6   410.3   352.0   366.5   398.5   713.0   860.7   920.0   842.9   820.1   703.2   238.1   481.3   625.2   657.7   946.7   964.4   883.0   764.3   654.3   694.8   710.3   732.8   619.8   663.6   706.6   964.5   1.023e3 883.7   265.3   513.1   1.118e3 1.122e3 1.113e3 908.8   1.284e3 1.222e3 1.148e3 852.6   763.5   1.073e3 1.099e3 994.3   894.0   1.224e3 1.178e3 1.005e3 1.241e3 437.3   1.486e3 1.464e3 1.590e3 1.276e3 1.199e3 1.197e3 1.203e3 1.134e3 1.046e3 1.396e3 1.220e3 943.2   861.0   877.3   1.128e3 991.7   880.9   845.7   1.009e3 1.020e3 973.6   590.7   766.8   990.2   901.9   709.9   817.6   1.236e3 1.181e3 1.480e3 1.644e3 1.475e3 1.670e3 1.621e3 1.224e3 1.162e3 1.411e3 1.060e3 
   400.e3  121.8   168.7   201.2   434.2   579.1   611.9   425.0   365.0   381.5   408.9   741.9   888.8   953.6   871.4   860.5   737.8   236.3   496.0   654.1   691.3   983.4   1.001e3 913.5   789.8   690.5   737.2   748.6   762.0   651.5   687.8   735.0   1.007e3 1.067e3 920.3   279.1   533.7   1.162e3 1.167e3 1.159e3 957.5   1.340e3 1.271e3 1.200e3 892.1   780.9   1.115e3 1.142e3 1.038e3 917.5   1.284e3 1.228e3 1.047e3 1.290e3 461.2   1.545e3 1.530e3 1.654e3 1.325e3 1.253e3 1.248e3 1.254e3 1.179e3 1.091e3 1.455e3 1.268e3 977.3   899.6   922.7   1.176e3 1.042e3 920.6   891.3   1.050e3 1.066e3 1.014e3 623.0   805.6   1.033e3 943.0   746.9   859.8   1.281e3 1.238e3 1.536e3 1.721e3 1.547e3 1.735e3 1.682e3 1.289e3 1.224e3 1.467e3 1.103e3 
   450.e3  127.1   180.1   221.9   459.0   610.1   655.5   455.5   391.3   410.2   428.8   799.7   945.1   1.017e3 927.8   946.7   808.4   241.1   529.9   713.1   760.4   1.057e3 1.074e3 976.0   841.7   765.9   825.6   826.2   819.9   715.0   736.8   792.0   1.086e3 1.156e3 994.3   308.5   575.0   1.250e3 1.260e3 1.250e3 1.058e3 1.455e3 1.371e3 1.302e3 972.2   816.1   1.201e3 1.227e3 1.127e3 970.4   1.403e3 1.330e3 1.132e3 1.389e3 512.2   1.667e3 1.665e3 1.782e3 1.427e3 1.363e3 1.350e3 1.359e3 1.267e3 1.182e3 1.574e3 1.360e3 1.050e3 977.6   1.017e3 1.272e3 1.141e3 1.006e3 986.1   1.137e3 1.160e3 1.094e3 690.5   883.4   1.121e3 1.022e3 822.8   946.3   1.368e3 1.356e3 1.649e3 1.876e3 1.694e3 1.865e3 1.802e3 1.420e3 1.348e3 1.579e3 1.191e3 
   500.e3  132.7   190.5   241.3   484.2   644.3   699.4   487.0   417.8   436.6   447.9   857.1   1.001e3 1.075e3 983.6   1.035e3 880.3   256.7   569.5   772.9   831.3   1.132e3 1.147e3 1.040e3 895.5   843.1   913.7   904.0   877.2   777.3   786.7   848.9   1.161e3 1.244e3 1.068e3 339.1   616.7   1.339e3 1.353e3 1.341e3 1.162e3 1.569e3 1.471e3 1.405e3 1.053e3 871.1   1.290e3 1.311e3 1.215e3 1.032e3 1.520e3 1.432e3 1.218e3 1.490e3 567.5   1.790e3 1.802e3 1.910e3 1.529e3 1.474e3 1.453e3 1.464e3 1.354e3 1.275e3 1.695e3 1.448e3 1.126e3 1.056e3 1.115e3 1.368e3 1.242e3 1.096e3 1.084e3 1.228e3 1.254e3 1.173e3 760.8   961.5   1.209e3 1.098e3 900.4   1.035e3 1.455e3 1.476e3 1.763e3 2.029e3 1.844e3 1.996e3 1.922e3 1.552e3 1.473e3 1.692e3 1.281e3 
   550.e3  138.7   200.0   259.0   509.7   681.0   742.6   518.9   444.3   460.6   466.5   913.3   1.056e3 1.130e3 1.039e3 1.123e3 952.6   281.3   613.9   832.7   903.1   1.205e3 1.220e3 1.104e3 951.3   920.5   999.1   980.7   933.6   838.2   837.1   905.2   1.233e3 1.332e3 1.142e3 370.1   659.0   1.427e3 1.447e3 1.431e3 1.267e3 1.680e3 1.570e3 1.506e3 1.134e3 948.8   1.379e3 1.395e3 1.301e3 1.100e3 1.631e3 1.534e3 1.304e3 1.590e3 626.4   1.914e3 1.937e3 2.038e3 1.633e3 1.584e3 1.555e3 1.571e3 1.440e3 1.368e3 1.813e3 1.532e3 1.206e3 1.135e3 1.215e3 1.464e3 1.341e3 1.188e3 1.182e3 1.320e3 1.348e3 1.251e3 832.9   1.040e3 1.298e3 1.171e3 978.5   1.124e3 1.540e3 1.598e3 1.877e3 2.180e3 1.995e3 2.125e3 2.042e3 1.683e3 1.597e3 1.803e3 1.370e3 
   600.e3  145.0   208.6   275.3   535.3   719.2   784.5   550.6   470.6   482.1   484.5   967.9   1.110e3 1.182e3 1.092e3 1.209e3 1.025e3 313.0   661.9   892.0   974.9   1.277e3 1.292e3 1.168e3 1.009e3 997.0   1.081e3 1.056e3 988.9   897.6   887.8   960.6   1.305e3 1.418e3 1.213e3 401.0   701.4   1.514e3 1.541e3 1.518e3 1.371e3 1.788e3 1.667e3 1.604e3 1.214e3 1.038e3 1.468e3 1.478e3 1.386e3 1.173e3 1.735e3 1.634e3 1.390e3 1.689e3 688.3   2.037e3 2.070e3 2.164e3 1.736e3 1.693e3 1.655e3 1.677e3 1.523e3 1.459e3 1.927e3 1.613e3 1.286e3 1.212e3 1.314e3 1.558e3 1.440e3 1.282e3 1.279e3 1.411e3 1.441e3 1.329e3 905.8   1.117e3 1.386e3 1.242e3 1.056e3 1.212e3 1.623e3 1.720e3 1.990e3 2.327e3 2.145e3 2.253e3 2.160e3 1.812e3 1.720e3 1.913e3 1.459e3 
   650.e3  151.3   216.5   291.1   560.8   757.8   824.6   581.7   496.6   501.5   502.0   1.021e3 1.163e3 1.231e3 1.144e3 1.292e3 1.096e3 350.1   712.8   950.5   1.046e3 1.347e3 1.364e3 1.232e3 1.068e3 1.072e3 1.160e3 1.128e3 1.043e3 955.4   938.5   1.015e3 1.378e3 1.501e3 1.283e3 431.6   743.9   1.600e3 1.632e3 1.602e3 1.473e3 1.892e3 1.762e3 1.701e3 1.293e3 1.131e3 1.557e3 1.558e3 1.468e3 1.250e3 1.833e3 1.732e3 1.474e3 1.786e3 752.5   2.159e3 2.200e3 2.287e3 1.837e3 1.799e3 1.752e3 1.781e3 1.604e3 1.550e3 2.035e3 1.692e3 1.367e3 1.288e3 1.413e3 1.649e3 1.537e3 1.376e3 1.375e3 1.502e3 1.532e3 1.406e3 978.9   1.193e3 1.474e3 1.310e3 1.133e3 1.300e3 1.704e3 1.840e3 2.101e3 2.471e3 2.293e3 2.378e3 2.275e3 1.939e3 1.841e3 2.022e3 1.546e3 
   700.e3  157.8   223.9   307.3   586.0   796.1   862.7   612.0   522.1   519.1   519.0   1.071e3 1.213e3 1.277e3 1.194e3 1.372e3 1.166e3 390.9   765.6   1.008e3 1.116e3 1.415e3 1.435e3 1.294e3 1.128e3 1.145e3 1.235e3 1.198e3 1.096e3 1.012e3 989.0   1.067e3 1.451e3 1.582e3 1.350e3 461.7   786.2   1.682e3 1.722e3 1.684e3 1.574e3 1.992e3 1.854e3 1.794e3 1.370e3 1.222e3 1.645e3 1.637e3 1.548e3 1.329e3 1.924e3 1.828e3 1.558e3 1.881e3 818.4   2.279e3 2.326e3 2.408e3 1.937e3 1.903e3 1.847e3 1.883e3 1.684e3 1.638e3 2.138e3 1.770e3 1.448e3 1.362e3 1.510e3 1.738e3 1.631e3 1.469e3 1.468e3 1.591e3 1.620e3 1.482e3 1.052e3 1.268e3 1.561e3 1.375e3 1.209e3 1.386e3 1.783e3 1.959e3 2.209e3 2.610e3 2.438e3 2.499e3 2.387e3 2.064e3 1.959e3 2.128e3 1.632e3 
   800.e3  170.6   237.4   342.2   635.3   869.4   932.7   669.3   571.5   549.6   551.6   1.167e3 1.308e3 1.361e3 1.288e3 1.523e3 1.303e3 479.2   874.7   1.119e3 1.253e3 1.543e3 1.572e3 1.414e3 1.250e3 1.283e3 1.376e3 1.330e3 1.198e3 1.119e3 1.088e3 1.168e3 1.594e3 1.736e3 1.479e3 520.1   869.5   1.841e3 1.896e3 1.838e3 1.768e3 2.179e3 2.029e3 1.971e3 1.520e3 1.395e3 1.816e3 1.790e3 1.699e3 1.489e3 2.087e3 2.011e3 1.721e3 2.061e3 953.4   2.510e3 2.568e3 2.639e3 2.130e3 2.103e3 2.030e3 2.082e3 1.835e3 1.808e3 2.325e3 1.928e3 1.606e3 1.504e3 1.698e3 1.906e3 1.814e3 1.650e3 1.648e3 1.760e3 1.788e3 1.629e3 1.195e3 1.412e3 1.730e3 1.501e3 1.356e3 1.553e3 1.932e3 2.188e3 2.417e3 2.875e3 2.717e3 2.731e3 2.601e3 2.305e3 2.186e3 2.332e3 1.796e3 
   900.e3  183.1   249.9   379.4   682.5   936.4   994.3   721.8   618.8   575.7   582.6   1.254e3 1.395e3 1.438e3 1.376e3 1.662e3 1.434e3 571.2   985.7   1.225e3 1.383e3 1.663e3 1.701e3 1.528e3 1.373e3 1.412e3 1.503e3 1.452e3 1.294e3 1.219e3 1.185e3 1.262e3 1.730e3 1.879e3 1.598e3 576.0   950.7   1.989e3 2.060e3 1.981e3 1.950e3 2.351e3 2.191e3 2.136e3 1.662e3 1.556e3 1.980e3 1.934e3 1.839e3 1.646e3 2.230e3 2.183e3 1.877e3 2.230e3 1.090e3 2.731e3 2.796e3 2.856e3 2.314e3 2.291e3 2.202e3 2.270e3 1.978e3 1.970e3 2.491e3 2.089e3 1.759e3 1.637e3 1.876e3 2.063e3 1.985e3 1.823e3 1.816e3 1.920e3 1.945e3 1.771e3 1.334e3 1.549e3 1.891e3 1.620e3 1.495e3 1.712e3 2.072e3 2.407e3 2.613e3 3.122e3 2.981e3 2.948e3 2.802e3 2.533e3 2.401e3 2.527e3 1.952e3 
   1.00e6  195.1   261.7   416.8   727.5   996.2   1.048e3 769.5   663.9   599.0   612.3   1.335e3 1.475e3 1.508e3 1.459e3 1.791e3 1.560e3 662.8   1.096e3 1.326e3 1.507e3 1.773e3 1.824e3 1.635e3 1.497e3 1.532e3 1.620e3 1.564e3 1.387e3 1.313e3 1.279e3 1.350e3 1.855e3 2.013e3 1.709e3 629.7   1.030e3 2.127e3 2.216e3 2.114e3 2.122e3 2.509e3 2.342e3 2.290e3 1.796e3 1.707e3 2.136e3 2.071e3 1.969e3 1.798e3 2.356e3 2.346e3 2.027e3 2.387e3 1.227e3 2.939e3 3.010e3 3.060e3 2.490e3 2.468e3 2.364e3 2.449e3 2.114e3 2.122e3 2.640e3 2.252e3 1.906e3 1.763e3 2.044e3 2.208e3 2.147e3 1.986e3 1.974e3 2.068e3 2.091e3 1.908e3 1.469e3 1.679e3 2.044e3 1.736e3 1.627e3 1.862e3 2.202e3 2.614e3 2.796e3 3.351e3 3.230e3 3.150e3 2.990e3 2.751e3 2.605e3 2.711e3 2.099e3 
   1.10e6  206.4   273.2   453.2   770.3   1.049e3 1.095e3 812.8   707.1   620.8   641.1   1.410e3 1.549e3 1.573e3 1.537e3 1.910e3 1.681e3 751.8   1.205e3 1.423e3 1.625e3 1.876e3 1.940e3 1.738e3 1.620e3 1.644e3 1.728e3 1.668e3 1.476e3 1.402e3 1.369e3 1.433e3 1.970e3 2.138e3 1.814e3 681.6   1.106e3 2.257e3 2.363e3 2.239e3 2.283e3 2.655e3 2.484e3 2.434e3 1.924e3 1.850e3 2.283e3 2.201e3 2.092e3 1.943e3 2.470e3 2.500e3 2.171e3 2.534e3 1.363e3 3.137e3 3.213e3 3.252e3 2.657e3 2.635e3 2.519e3 2.620e3 2.243e3 2.267e3 2.774e3 2.414e3 2.047e3 1.881e3 2.203e3 2.343e3 2.299e3 2.141e3 2.122e3 2.206e3 2.228e3 2.040e3 1.599e3 1.802e3 2.190e3 1.847e3 1.752e3 2.004e3 2.325e3 2.810e3 2.969e3 3.565e3 3.463e3 3.339e3 3.168e3 2.957e3 2.797e3 2.887e3 2.240e3 
   1.20e6  217.2   284.7   488.1   811.1   1.096e3 1.137e3 852.1   748.7   641.8   669.2   1.480e3 1.618e3 1.634e3 1.612e3 2.022e3 1.798e3 837.1   1.312e3 1.516e3 1.736e3 1.973e3 2.050e3 1.835e3 1.741e3 1.749e3 1.827e3 1.765e3 1.562e3 1.486e3 1.457e3 1.511e3 2.077e3 2.256e3 1.913e3 732.1   1.181e3 2.380e3 2.503e3 2.358e3 2.434e3 2.791e3 2.617e3 2.571e3 2.046e3 1.985e3 2.423e3 2.325e3 2.207e3 2.080e3 2.574e3 2.646e3 2.310e3 2.673e3 1.497e3 3.325e3 3.406e3 3.434e3 2.817e3 2.794e3 2.667e3 2.783e3 2.367e3 2.405e3 2.897e3 2.574e3 2.182e3 1.994e3 2.353e3 2.470e3 2.443e3 2.288e3 2.262e3 2.335e3 2.356e3 2.167e3 1.724e3 1.919e3 2.329e3 1.956e3 1.870e3 2.138e3 2.441e3 2.996e3 3.133e3 3.766e3 3.684e3 3.517e3 3.336e3 3.154e3 2.981e3 3.055e3 2.374e3 
   1.30e6  227.4   296.1   521.4   850.0   1.138e3 1.173e3 887.9   788.8   662.8   696.9   1.547e3 1.683e3 1.693e3 1.684e3 2.127e3 1.911e3 918.5   1.416e3 1.606e3 1.843e3 2.064e3 2.154e3 1.928e3 1.862e3 1.847e3 1.920e3 1.856e3 1.645e3 1.566e3 1.542e3 1.585e3 2.176e3 2.368e3 2.007e3 781.6   1.254e3 2.496e3 2.638e3 2.470e3 2.577e3 2.920e3 2.744e3 2.701e3 2.164e3 2.113e3 2.556e3 2.444e3 2.317e3 2.210e3 2.672e3 2.786e3 2.445e3 2.805e3 1.629e3 3.504e3 3.590e3 3.607e3 2.971e3 2.946e3 2.809e3 2.940e3 2.486e3 2.538e3 3.011e3 2.731e3 2.312e3 2.101e3 2.495e3 2.590e3 2.580e3 2.427e3 2.394e3 2.457e3 2.478e3 2.291e3 1.845e3 2.030e3 2.462e3 2.063e3 1.983e3 2.267e3 2.552e3 3.173e3 3.288e3 3.955e3 3.893e3 3.685e3 3.495e3 3.344e3 3.156e3 3.216e3 2.503e3 
   1.40e6  237.0   307.7   553.2   887.4   1.176e3 1.207e3 920.8   827.7   684.1   724.2   1.610e3 1.744e3 1.750e3 1.754e3 2.226e3 2.021e3 995.8   1.517e3 1.693e3 1.945e3 2.151e3 2.254e3 2.017e3 1.981e3 1.940e3 2.008e3 1.942e3 1.726e3 1.642e3 1.625e3 1.657e3 2.269e3 2.474e3 2.097e3 830.5   1.326e3 2.608e3 2.767e3 2.579e3 2.714e3 3.042e3 2.864e3 2.826e3 2.276e3 2.237e3 2.682e3 2.558e3 2.422e3 2.332e3 2.765e3 2.922e3 2.576e3 2.930e3 1.759e3 3.675e3 3.766e3 3.773e3 3.120e3 3.092e3 2.947e3 3.091e3 2.601e3 2.665e3 3.118e3 2.884e3 2.437e3 2.204e3 2.630e3 2.703e3 2.711e3 2.560e3 2.521e3 2.572e3 2.593e3 2.412e3 1.963e3 2.138e3 2.590e3 2.169e3 2.091e3 2.389e3 2.660e3 3.343e3 3.437e3 4.135e3 4.091e3 3.845e3 3.649e3 3.526e3 3.324e3 3.371e3 2.628e3 
   1.50e6  246.0   319.4   583.9   923.2   1.211e3 1.238e3 951.2   865.7   706.0   751.4   1.671e3 1.801e3 1.805e3 1.823e3 2.321e3 2.129e3 1.069e3 1.615e3 1.778e3 2.043e3 2.234e3 2.350e3 2.103e3 2.098e3 2.029e3 2.091e3 2.024e3 1.806e3 1.715e3 1.706e3 1.725e3 2.357e3 2.577e3 2.184e3 879.0   1.397e3 2.716e3 2.893e3 2.684e3 2.844e3 3.158e3 2.981e3 2.946e3 2.386e3 2.356e3 2.801e3 2.669e3 2.523e3 2.449e3 2.854e3 3.052e3 2.704e3 3.050e3 1.887e3 3.839e3 3.937e3 3.932e3 3.264e3 3.234e3 3.082e3 3.238e3 2.714e3 2.788e3 3.219e3 3.034e3 2.558e3 2.304e3 2.760e3 2.812e3 2.837e3 2.686e3 2.643e3 2.681e3 2.704e3 2.529e3 2.077e3 2.241e3 2.714e3 2.273e3 2.195e3 2.507e3 2.764e3 3.506e3 3.580e3 4.305e3 4.282e3 3.999e3 3.796e3 3.702e3 3.486e3 3.521e3 2.750e3 
   1.60e6  254.6   331.1   613.4   957.8   1.244e3 1.267e3 979.4   902.9   728.6   778.5   1.730e3 1.857e3 1.860e3 1.891e3 2.412e3 2.234e3 1.139e3 1.711e3 1.862e3 2.137e3 2.314e3 2.441e3 2.187e3 2.214e3 2.113e3 2.170e3 2.102e3 1.884e3 1.786e3 1.785e3 1.791e3 2.441e3 2.676e3 2.268e3 927.4   1.468e3 2.820e3 3.015e3 2.786e3 2.969e3 3.270e3 3.093e3 3.063e3 2.492e3 2.472e3 2.915e3 2.777e3 2.622e3 2.559e3 2.942e3 3.180e3 2.830e3 3.165e3 2.013e3 3.997e3 4.101e3 4.086e3 3.406e3 3.371e3 3.213e3 3.381e3 2.824e3 2.908e3 3.315e3 3.182e3 2.676e3 2.401e3 2.884e3 2.916e3 2.958e3 2.808e3 2.760e3 2.786e3 2.811e3 2.644e3 2.189e3 2.340e3 2.833e3 2.377e3 2.295e3 2.621e3 2.866e3 3.663e3 3.718e3 4.469e3 4.465e3 4.146e3 3.940e3 3.873e3 3.644e3 3.667e3 2.869e3 
   1.70e6  262.8   343.0   642.1   991.3   1.275e3 1.295e3 1.006e3 939.5   752.1   805.7   1.787e3 1.910e3 1.913e3 1.959e3 2.500e3 2.337e3 1.205e3 1.803e3 1.944e3 2.229e3 2.392e3 2.530e3 2.268e3 2.328e3 2.194e3 2.247e3 2.177e3 1.961e3 1.854e3 1.863e3 1.855e3 2.522e3 2.772e3 2.350e3 975.9   1.537e3 2.921e3 3.134e3 2.886e3 3.089e3 3.378e3 3.202e3 3.176e3 2.596e3 2.585e3 3.023e3 2.883e3 2.717e3 2.664e3 3.028e3 3.304e3 2.954e3 3.278e3 2.138e3 4.151e3 4.262e3 4.236e3 3.545e3 3.505e3 3.343e3 3.520e3 2.933e3 3.024e3 3.407e3 3.326e3 2.790e3 2.496e3 3.004e3 3.018e3 3.076e3 2.925e3 2.874e3 2.886e3 2.914e3 2.757e3 2.299e3 2.437e3 2.949e3 2.480e3 2.392e3 2.732e3 2.966e3 3.816e3 3.853e3 4.626e3 4.641e3 4.290e3 4.080e3 4.040e3 3.797e3 3.810e3 2.986e3 
   1.80e6  270.6   354.9   670.1   1.024e3 1.304e3 1.323e3 1.031e3 975.5   776.4   832.9   1.843e3 1.962e3 1.967e3 2.025e3 2.585e3 2.440e3 1.268e3 1.892e3 2.025e3 2.317e3 2.467e3 2.617e3 2.348e3 2.440e3 2.272e3 2.321e3 2.250e3 2.037e3 1.922e3 1.939e3 1.918e3 2.600e3 2.866e3 2.430e3 1.025e3 1.607e3 3.021e3 3.251e3 2.985e3 3.206e3 3.482e3 3.310e3 3.288e3 2.698e3 2.695e3 3.127e3 2.986e3 2.811e3 2.765e3 3.114e3 3.426e3 3.076e3 3.388e3 2.262e3 4.300e3 4.419e3 4.382e3 3.681e3 3.637e3 3.470e3 3.656e3 3.040e3 3.138e3 3.496e3 3.469e3 2.903e3 2.589e3 3.121e3 3.116e3 3.191e3 3.038e3 2.986e3 2.983e3 3.015e3 2.868e3 2.407e3 2.532e3 3.062e3 2.583e3 2.487e3 2.840e3 3.064e3 3.964e3 3.984e3 4.777e3 4.812e3 4.429e3 4.218e3 4.204e3 3.947e3 3.951e3 3.102e3 
   2.00e6  285.1   378.8   724.4   1.087e3 1.361e3 1.378e3 1.078e3 1.047e3 828.0   887.9   1.952e3 2.062e3 2.073e3 2.158e3 2.749e3 2.641e3 1.385e3 2.061e3 2.184e3 2.489e3 2.614e3 2.784e3 2.503e3 2.660e3 2.420e3 2.463e3 2.390e3 2.188e3 2.052e3 2.089e3 2.041e3 2.750e3 3.047e3 2.587e3 1.124e3 1.747e3 3.215e3 3.479e3 3.178e3 3.431e3 3.683e3 3.518e3 3.506e3 2.898e3 2.910e3 3.320e3 3.188e3 2.995e3 2.956e3 3.286e3 3.666e3 3.316e3 3.601e3 2.506e3 4.588e3 4.725e3 4.665e3 3.950e3 3.894e3 3.720e3 3.923e3 3.252e3 3.361e3 3.668e3 3.749e3 3.121e3 2.772e3 3.345e3 3.308e3 3.414e3 3.256e3 3.202e3 3.171e3 3.210e3 3.085e3 2.618e3 2.714e3 3.282e3 2.789e3 2.672e3 3.049e3 3.260e3 4.251e3 4.240e3 5.068e3 5.142e3 4.699e3 4.487e3 4.523e3 4.238e3 4.226e3 3.333e3 
   2.25e6  301.9   408.8   790.1   1.162e3 1.428e3 1.447e3 1.132e3 1.134e3 897.5   957.6   2.085e3 2.182e3 2.206e3 2.325e3 2.945e3 2.888e3 1.518e3 2.253e3 2.382e3 2.695e3 2.793e3 2.984e3 2.693e3 2.928e3 2.594e3 2.635e3 2.556e3 2.373e3 2.210e3 2.271e3 2.190e3 2.932e3 3.266e3 2.779e3 1.253e3 1.924e3 3.453e3 3.760e3 3.418e3 3.700e3 3.923e3 3.774e3 3.773e3 3.143e3 3.170e3 3.543e3 3.434e3 3.220e3 3.179e3 3.505e3 3.958e3 3.612e3 3.860e3 2.808e3 4.936e3 5.096e3 5.008e3 4.281e3 4.210e3 4.027e3 4.248e3 3.515e3 3.630e3 3.874e3 4.093e3 3.386e3 2.996e3 3.614e3 3.540e3 3.686e3 3.514e3 3.466e3 3.395e3 3.447e3 3.349e3 2.875e3 2.934e3 3.548e3 3.045e3 2.894e3 3.301e3 3.504e3 4.596e3 4.552e3 5.412e3 5.537e3 5.025e3 4.818e3 4.911e3 4.593e3 4.562e3 3.620e3 
   2.50e6  317.6   438.7   854.4   1.234e3 1.493e3 1.519e3 1.184e3 1.222e3 972.2   1.029e3 2.217e3 2.299e3 2.341e3 2.491e3 3.134e3 3.132e3 1.637e3 2.425e3 2.579e3 2.894e3 2.968e3 3.179e3 2.880e3 3.187e3 2.759e3 2.802e3 2.715e3 2.556e3 2.365e3 2.451e3 2.337e3 3.109e3 3.480e3 2.969e3 1.387e3 2.105e3 3.689e3 4.037e3 3.657e3 3.962e3 4.154e3 4.025e3 4.036e3 3.386e3 3.425e3 3.749e3 3.677e3 3.443e3 3.389e3 3.730e3 4.246e3 3.905e3 4.115e3 3.109e3 5.274e3 5.460e3 5.344e3 4.610e3 4.522e3 4.328e3 4.566e3 3.778e3 3.891e3 4.076e3 4.434e3 3.646e3 3.219e3 3.873e3 3.768e3 3.952e3 3.762e3 3.725e3 3.613e3 3.679e3 3.607e3 3.129e3 3.148e3 3.806e3 3.303e3 3.112e3 3.548e3 3.751e3 4.930e3 4.858e3 5.742e3 5.919e3 5.344e3 5.147e3 5.291e3 4.940e3 4.894e3 3.909e3 
   2.75e6  332.5   468.6   917.9   1.305e3 1.557e3 1.593e3 1.234e3 1.310e3 1.051e3 1.101e3 2.348e3 2.414e3 2.476e3 2.659e3 3.319e3 3.374e3 1.745e3 2.577e3 2.776e3 3.088e3 3.143e3 3.371e3 3.066e3 3.438e3 2.919e3 2.967e3 2.868e3 2.738e3 2.519e3 2.628e3 2.483e3 3.284e3 3.690e3 3.158e3 1.528e3 2.292e3 3.925e3 4.313e3 3.897e3 4.218e3 4.379e3 4.277e3 4.299e3 3.627e3 3.677e3 3.943e3 3.917e3 3.666e3 3.591e3 3.964e3 4.531e3 4.196e3 4.370e3 3.411e3 5.607e3 5.819e3 5.676e3 4.941e3 4.833e3 4.624e3 4.881e3 4.043e3 4.147e3 4.277e3 4.772e3 3.903e3 3.443e3 4.126e3 3.995e3 4.217e3 4.003e3 3.983e3 3.828e3 3.909e3 3.860e3 3.379e3 3.358e3 4.062e3 3.563e3 3.328e3 3.792e3 4.001e3 5.258e3 5.163e3 6.059e3 6.292e3 5.661e3 5.477e3 5.668e3 5.285e3 5.225e3 4.204e3 
   3.00e6  346.9   498.9   981.0   1.375e3 1.622e3 1.669e3 1.284e3 1.398e3 1.135e3 1.175e3 2.479e3 2.529e3 2.614e3 2.828e3 3.501e3 3.615e3 1.847e3 2.713e3 2.975e3 3.280e3 3.317e3 3.561e3 3.252e3 3.683e3 3.076e3 3.132e3 3.018e3 2.918e3 2.672e3 2.804e3 2.630e3 3.459e3 3.898e3 3.347e3 1.675e3 2.484e3 4.162e3 4.590e3 4.140e3 4.472e3 4.600e3 4.529e3 4.562e3 3.870e3 3.927e3 4.132e3 4.157e3 3.890e3 3.788e3 4.204e3 4.814e3 4.485e3 4.625e3 3.716e3 5.938e3 6.177e3 6.006e3 5.274e3 5.144e3 4.915e3 5.194e3 4.310e3 4.398e3 4.478e3 5.110e3 4.160e3 3.668e3 4.375e3 4.222e3 4.482e3 4.240e3 4.241e3 4.043e3 4.139e3 4.111e3 3.629e3 3.564e3 4.314e3 3.824e3 3.543e3 4.035e3 4.257e3 5.580e3 5.467e3 6.369e3 6.661e3 5.976e3 5.810e3 6.043e3 5.628e3 5.558e3 4.505e3 
   3.25e6  361.0   529.7   1.044e3 1.443e3 1.687e3 1.746e3 1.335e3 1.487e3 1.222e3 1.251e3 2.611e3 2.644e3 2.753e3 2.998e3 3.681e3 3.855e3 1.947e3 2.837e3 3.175e3 3.469e3 3.492e3 3.751e3 3.438e3 3.921e3 3.230e3 3.297e3 3.165e3 3.097e3 2.826e3 2.979e3 2.777e3 3.635e3 4.104e3 3.536e3 1.830e3 2.683e3 4.400e3 4.868e3 4.385e3 4.725e3 4.820e3 4.782e3 4.826e3 4.113e3 4.175e3 4.318e3 4.397e3 4.116e3 3.981e3 4.452e3 5.096e3 4.774e3 4.882e3 4.025e3 6.268e3 6.533e3 6.335e3 5.610e3 5.457e3 5.200e3 5.506e3 4.581e3 4.645e3 4.682e3 5.448e3 4.416e3 3.895e3 4.622e3 4.451e3 4.749e3 4.473e3 4.500e3 4.258e3 4.370e3 4.359e3 3.878e3 3.769e3 4.566e3 4.088e3 3.758e3 4.278e3 4.518e3 5.899e3 5.773e3 6.671e3 7.026e3 6.292e3 6.148e3 6.418e3 5.972e3 5.891e3 4.813e3 
   3.50e6  375.0   561.3   1.106e3 1.511e3 1.753e3 1.826e3 1.386e3 1.577e3 1.312e3 1.328e3 2.742e3 2.759e3 2.893e3 3.169e3 3.858e3 4.094e3 2.048e3 2.955e3 3.377e3 3.657e3 3.667e3 3.941e3 3.626e3 4.152e3 3.384e3 3.462e3 3.311e3 3.275e3 2.980e3 3.153e3 2.926e3 3.811e3 4.308e3 3.727e3 1.993e3 2.888e3 4.642e3 5.147e3 4.633e3 4.978e3 5.040e3 5.037e3 5.091e3 4.358e3 4.423e3 4.504e3 4.637e3 4.343e3 4.171e3 4.707e3 5.377e3 5.062e3 5.141e3 4.338e3 6.598e3 6.889e3 6.663e3 5.950e3 5.770e3 5.480e3 5.817e3 4.855e3 4.889e3 4.888e3 5.786e3 4.674e3 4.125e3 4.867e3 4.680e3 5.017e3 4.704e3 4.760e3 4.474e3 4.602e3 4.606e3 4.126e3 3.972e3 4.818e3 4.354e3 3.973e3 4.521e3 4.784e3 6.215e3 6.080e3 6.969e3 7.388e3 6.609e3 6.490e3 6.794e3 6.317e3 6.227e3 5.128e3 
   3.75e6  389.0   593.9   1.169e3 1.579e3 1.820e3 1.906e3 1.438e3 1.668e3 1.405e3 1.406e3 2.874e3 2.874e3 3.033e3 3.340e3 4.034e3 4.332e3 2.153e3 3.071e3 3.580e3 3.845e3 3.844e3 4.132e3 3.815e3 4.379e3 3.538e3 3.628e3 3.456e3 3.452e3 3.135e3 3.327e3 3.075e3 3.989e3 4.511e3 3.918e3 2.162e3 3.100e3 4.885e3 5.427e3 4.883e3 5.231e3 5.262e3 5.294e3 5.358e3 4.604e3 4.671e3 4.692e3 4.878e3 4.572e3 4.361e3 4.967e3 5.656e3 5.348e3 5.403e3 4.656e3 6.927e3 7.245e3 6.991e3 6.293e3 6.084e3 5.754e3 6.129e3 5.133e3 5.129e3 5.098e3 6.125e3 4.933e3 4.357e3 5.111e3 4.912e3 5.287e3 4.934e3 5.023e3 4.691e3 4.836e3 4.851e3 4.373e3 4.175e3 5.069e3 4.621e3 4.191e3 4.766e3 5.055e3 6.529e3 6.388e3 7.261e3 7.749e3 6.928e3 6.836e3 7.170e3 6.663e3 6.566e3 5.451e3 
   4.00e6  403.1   627.6   1.231e3 1.645e3 1.888e3 1.988e3 1.491e3 1.760e3 1.500e3 1.485e3 3.006e3 2.990e3 3.175e3 3.511e3 4.207e3 4.568e3 2.264e3 3.190e3 3.785e3 4.031e3 4.021e3 4.323e3 4.006e3 4.601e3 3.693e3 3.794e3 3.601e3 3.627e3 3.290e3 3.499e3 3.226e3 4.167e3 4.713e3 4.110e3 2.338e3 3.317e3 5.131e3 5.709e3 5.136e3 5.485e3 5.488e3 5.552e3 5.626e3 4.852e3 4.918e3 4.883e3 5.120e3 4.803e3 4.550e3 5.233e3 5.933e3 5.632e3 5.667e3 4.979e3 7.257e3 7.599e3 7.319e3 6.640e3 6.400e3 6.023e3 6.440e3 5.413e3 5.366e3 5.310e3 6.464e3 5.193e3 4.591e3 5.354e3 5.144e3 5.559e3 5.163e3 5.287e3 4.911e3 5.072e3 5.096e3 4.620e3 4.378e3 5.321e3 4.890e3 4.409e3 5.011e3 5.331e3 6.840e3 6.699e3 7.550e3 8.108e3 7.248e3 7.187e3 7.547e3 7.010e3 6.907e3 5.781e3 
   4.50e6  431.8   697.9   1.354e3 1.777e3 2.026e3 2.153e3 1.602e3 1.947e3 1.696e3 1.648e3 3.269e3 3.220e3 3.457e3 3.851e3 4.549e3 5.035e3 2.513e3 3.445e3 4.196e3 4.401e3 4.378e3 4.707e3 4.390e3 5.031e3 4.005e3 4.129e3 3.895e3 3.974e3 3.602e3 3.842e3 3.531e3 4.526e3 5.113e3 4.495e3 2.709e3 3.769e3 5.627e3 6.275e3 5.648e3 5.994e3 5.951e3 6.074e3 6.163e3 5.351e3 5.411e3 5.276e3 5.604e3 5.268e3 4.931e3 5.776e3 6.481e3 6.196e3 6.202e3 5.639e3 7.916e3 8.307e3 7.974e3 7.341e3 7.030e3 6.545e3 7.062e3 5.983e3 5.833e3 5.743e3 7.140e3 5.717e3 5.064e3 5.838e3 5.614e3 6.109e3 5.618e3 5.820e3 5.355e3 5.547e3 5.585e3 5.110e3 4.783e3 5.825e3 5.432e3 4.850e3 5.507e3 5.895e3 7.457e3 7.325e3 8.120e3 8.821e3 7.892e3 7.902e3 8.304e3 7.709e3 7.595e3 6.462e3 
   5.00e6  461.6   771.7   1.476e3 1.907e3 2.167e3 2.320e3 1.717e3 2.136e3 1.897e3 1.814e3 3.531e3 3.451e3 3.738e3 4.188e3 4.881e3 5.491e3 2.799e3 3.729e3 4.610e3 4.768e3 4.735e3 5.093e3 4.777e3 5.447e3 4.322e3 4.464e3 4.195e3 4.315e3 3.917e3 4.179e3 3.839e3 4.887e3 5.507e3 4.880e3 3.104e3 4.242e3 6.130e3 6.841e3 6.166e3 6.507e3 6.432e3 6.598e3 6.700e3 5.853e3 5.902e3 5.684e3 6.089e3 5.737e3 5.316e3 6.331e3 7.019e3 6.752e3 6.744e3 6.316e3 8.571e3 9.009e3 8.625e3 8.050e3 7.658e3 7.050e3 7.682e3 6.561e3 6.294e3 6.186e3 7.811e3 6.247e3 5.543e3 6.321e3 6.087e3 6.665e3 6.070e3 6.356e3 5.807e3 6.027e3 6.073e3 5.595e3 5.190e3 6.330e3 5.976e3 5.297e3 6.006e3 6.473e3 8.065e3 7.955e3 8.681e3 9.528e3 8.541e3 8.630e3 9.062e3 8.410e3 8.290e3 7.167e3 
   5.50e6  492.7   848.2   1.596e3 2.034e3 2.309e3 2.487e3 1.837e3 2.327e3 2.102e3 1.985e3 3.788e3 3.681e3 4.015e3 4.518e3 5.204e3 5.934e3 3.121e3 4.044e3 5.023e3 5.130e3 5.093e3 5.480e3 5.166e3 5.852e3 4.643e3 4.800e3 4.501e3 4.650e3 4.231e3 4.511e3 4.150e3 5.247e3 5.895e3 5.263e3 3.519e3 4.731e3 6.636e3 7.406e3 6.686e3 7.021e3 6.930e3 7.125e3 7.236e3 6.355e3 6.388e3 6.105e3 6.572e3 6.208e3 5.709e3 6.892e3 7.545e3 7.298e3 7.290e3 7.008e3 9.221e3 9.704e3 9.270e3 8.763e3 8.281e3 7.544e3 8.298e3 7.145e3 6.751e3 6.638e3 8.475e3 6.780e3 6.025e3 6.800e3 6.562e3 7.225e3 6.519e3 6.895e3 6.263e3 6.511e3 6.562e3 6.073e3 5.598e3 6.834e3 6.522e3 5.747e3 6.508e3 7.060e3 8.664e3 8.586e3 9.236e3 10.23e3 9.191e3 9.369e3 9.820e3 9.111e3 8.989e3 7.892e3 
   6.00e6  525.4   926.3   1.712e3 2.159e3 2.453e3 2.653e3 1.962e3 2.518e3 2.308e3 2.158e3 4.042e3 3.908e3 4.287e3 4.840e3 5.517e3 6.363e3 3.475e3 4.384e3 5.434e3 5.487e3 5.448e3 5.866e3 5.555e3 6.246e3 4.967e3 5.135e3 4.814e3 4.979e3 4.546e3 4.836e3 4.462e3 5.607e3 6.277e3 5.644e3 3.950e3 5.234e3 7.144e3 7.966e3 7.207e3 7.535e3 7.442e3 7.650e3 7.767e3 6.856e3 6.869e3 6.534e3 7.053e3 6.678e3 6.111e3 7.456e3 8.060e3 7.835e3 7.839e3 7.711e3 9.863e3 10.39e3 9.907e3 9.474e3 8.896e3 8.029e3 8.908e3 7.731e3 7.207e3 7.096e3 9.127e3 7.316e3 6.507e3 7.277e3 7.036e3 7.786e3 6.965e3 7.433e3 6.725e3 6.996e3 7.052e3 6.544e3 6.009e3 7.336e3 7.066e3 6.201e3 7.013e3 7.654e3 9.252e3 9.217e3 9.786e3 10.91e3 9.841e3 10.12e3 10.57e3 9.811e3 9.689e3 8.635e3 
   6.50e6  559.7   1.005e3 1.825e3 2.281e3 2.597e3 2.818e3 2.091e3 2.711e3 2.516e3 2.335e3 4.290e3 4.133e3 4.554e3 5.153e3 5.819e3 6.776e3 3.856e3 4.745e3 5.840e3 5.839e3 5.801e3 6.250e3 5.943e3 6.632e3 5.292e3 5.468e3 5.131e3 5.304e3 4.859e3 5.154e3 4.774e3 5.965e3 6.650e3 6.020e3 4.396e3 5.748e3 7.650e3 8.518e3 7.726e3 8.048e3 7.965e3 8.172e3 8.292e3 7.353e3 7.343e3 6.969e3 7.530e3 7.146e3 6.522e3 8.019e3 8.561e3 8.362e3 8.386e3 8.421e3 10.49e3 11.06e3 10.53e3 10.18e3 9.501e3 8.510e3 9.511e3 8.318e3 7.662e3 7.558e3 9.767e3 7.853e3 6.986e3 7.750e3 7.509e3 8.346e3 7.407e3 7.969e3 7.189e3 7.480e3 7.540e3 7.007e3 6.420e3 7.836e3 7.607e3 6.657e3 7.517e3 8.251e3 9.829e3 9.845e3 10.33e3 11.59e3 10.49e3 10.87e3 11.32e3 10.51e3 10.39e3 9.390e3 
   7.00e6  595.6   1.085e3 1.935e3 2.399e3 2.739e3 2.980e3 2.223e3 2.903e3 2.723e3 2.514e3 4.533e3 4.355e3 4.813e3 5.455e3 6.110e3 7.172e3 4.257e3 5.120e3 6.240e3 6.184e3 6.150e3 6.633e3 6.329e3 7.008e3 5.616e3 5.798e3 5.452e3 5.623e3 5.171e3 5.464e3 5.087e3 6.319e3 7.016e3 6.390e3 4.851e3 6.268e3 8.154e3 9.062e3 8.240e3 8.559e3 8.495e3 8.690e3 8.808e3 7.844e3 7.809e3 7.408e3 8.002e3 7.610e3 6.940e3 8.579e3 9.049e3 8.880e3 8.931e3 9.135e3 11.11e3 11.72e3 11.15e3 10.88e3 10.09e3 8.989e3 10.10e3 8.904e3 8.117e3 8.023e3 10.39e3 8.389e3 7.462e3 8.218e3 7.979e3 8.904e3 7.846e3 8.501e3 7.655e3 7.963e3 8.028e3 7.462e3 6.833e3 8.332e3 8.143e3 7.114e3 8.021e3 8.850e3 10.39e3 10.47e3 10.88e3 12.25e3 11.13e3 11.62e3 12.06e3 11.19e3 11.08e3 10.16e3 
   8.00e6  672.1   1.241e3 2.143e3 2.628e3 3.021e3 3.297e3 2.499e3 3.283e3 3.132e3 2.878e3 5.000e3 4.789e3 5.309e3 6.029e3 6.659e3 7.913e3 5.102e3 5.900e3 7.017e3 6.853e3 6.832e3 7.386e3 7.089e3 7.735e3 6.259e3 6.445e3 6.098e3 6.247e3 5.785e3 6.063e3 5.707e3 7.015e3 7.722e3 7.113e3 5.780e3 7.317e3 9.148e3 10.12e3 9.253e3 9.571e3 9.563e3 9.708e3 9.814e3 8.807e3 8.715e3 8.288e3 8.929e3 8.524e3 7.796e3 9.680e3 9.989e3 9.886e3 10.00e3 10.56e3 12.31e3 12.99e3 12.34e3 12.24e3 11.24e3 9.942e3 11.26e3 10.06e3 9.027e3 8.956e3 11.59e3 9.456e3 8.398e3 9.140e3 8.904e3 10.00e3 8.709e3 9.549e3 8.587e3 8.920e3 8.995e3 8.348e3 7.659e3 9.310e3 9.198e3 8.028e3 9.024e3 10.04e3 11.49e3 11.70e3 11.95e3 13.54e3 12.40e3 13.12e3 13.51e3 12.54e3 12.45e3 11.70e3 
   9.00e6  754.4   1.394e3 2.335e3 2.843e3 3.293e3 3.601e3 2.785e3 3.657e3 3.532e3 3.245e3 5.442e3 5.206e3 5.773e3 6.559e3 7.165e3 8.586e3 5.974e3 6.692e3 7.759e3 7.492e3 7.491e3 8.120e3 7.828e3 8.428e3 6.890e3 7.074e3 6.742e3 6.852e3 6.385e3 6.634e3 6.319e3 7.690e3 8.395e3 7.806e3 6.719e3 8.363e3 10.12e3 11.12e3 10.24e3 10.56e3 10.63e3 10.70e3 10.78e3 9.737e3 9.584e3 9.161e3 9.828e3 9.412e3 8.669e3 10.75e3 10.88e3 10.86e3 11.04e3 11.97e3 13.45e3 14.19e3 13.48e3 13.54e3 12.33e3 10.89e3 12.36e3 11.20e3 9.933e3 9.887e3 12.72e3 10.51e3 9.305e3 10.04e3 9.807e3 11.07e3 9.554e3 10.57e3 9.515e3 9.860e3 9.947e3 9.206e3 8.480e3 10.27e3 10.22e3 8.937e3 10.01e3 11.21e3 12.54e3 12.89e3 13.00e3 14.76e3 13.64e3 14.60e3 14.91e3 13.85e3 13.78e3 13.25e3 
   10.0e6  841.5   1.540e3 2.512e3 3.047e3 3.554e3 3.891e3 3.079e3 4.021e3 3.918e3 3.613e3 5.860e3 5.606e3 6.206e3 7.046e3 7.631e3 9.195e3 6.846e3 7.479e3 8.462e3 8.100e3 8.124e3 8.831e3 8.541e3 9.088e3 7.504e3 7.683e3 7.376e3 7.438e3 6.970e3 7.180e3 6.919e3 8.343e3 9.035e3 8.470e3 7.651e3 9.390e3 11.05e3 12.08e3 11.18e3 11.53e3 11.67e3 11.65e3 11.69e3 10.63e3 10.41e3 10.02e3 10.70e3 10.27e3 9.549e3 11.77e3 11.73e3 11.79e3 12.03e3 13.33e3 14.52e3 15.33e3 14.56e3 14.77e3 13.36e3 11.83e3 13.42e3 12.30e3 10.83e3 10.81e3 13.78e3 11.54e3 10.18e3 10.91e3 10.68e3 12.11e3 10.38e3 11.55e3 10.43e3 10.78e3 10.88e3 10.04e3 9.294e3 11.20e3 11.22e3 9.838e3 10.98e3 12.35e3 13.54e3 14.05e3 14.03e3 15.93e3 14.84e3 16.05e3 16.25e3 15.11e3 15.07e3 14.78e3 
   11.0e6  932.2   1.679e3 2.673e3 3.239e3 3.802e3 4.166e3 3.376e3 4.373e3 4.290e3 3.979e3 6.256e3 5.990e3 6.610e3 7.494e3 8.062e3 9.747e3 7.699e3 8.248e3 9.127e3 8.679e3 8.732e3 9.518e3 9.225e3 9.716e3 8.098e3 8.271e3 7.996e3 8.005e3 7.537e3 7.705e3 7.507e3 8.974e3 9.643e3 9.104e3 8.565e3 10.39e3 11.96e3 12.98e3 12.09e3 12.48e3 12.68e3 12.57e3 12.57e3 11.48e3 11.21e3 10.85e3 11.54e3 11.10e3 10.43e3 12.75e3 12.54e3 12.69e3 12.98e3 14.63e3 15.54e3 16.41e3 15.59e3 15.91e3 14.34e3 12.75e3 14.42e3 13.37e3 11.72e3 11.72e3 14.78e3 12.55e3 11.02e3 11.77e3 11.53e3 13.10e3 11.19e3 12.50e3 11.33e3 11.67e3 11.79e3 10.85e3 10.10e3 12.11e3 12.18e3 10.73e3 11.94e3 13.46e3 14.51e3 15.16e3 15.03e3 17.04e3 16.01e3 17.47e3 17.53e3 16.32e3 16.31e3 16.28e3 
   12.0e6  1.025e3 1.810e3 2.822e3 3.420e3 4.037e3 4.427e3 3.675e3 4.713e3 4.646e3 4.341e3 6.629e3 6.358e3 6.985e3 7.905e3 8.459e3 10.25e3 8.520e3 8.990e3 9.752e3 9.228e3 9.314e3 10.18e3 9.880e3 10.31e3 8.671e3 8.837e3 8.598e3 8.554e3 8.088e3 8.212e3 8.081e3 9.582e3 10.22e3 9.709e3 9.454e3 11.35e3 12.83e3 13.82e3 12.96e3 13.39e3 13.65e3 13.45e3 13.39e3 12.30e3 11.96e3 11.67e3 12.34e3 11.90e3 11.29e3 13.69e3 13.31e3 13.55e3 13.86e3 15.87e3 16.50e3 17.42e3 16.56e3 16.97e3 15.28e3 13.65e3 15.37e3 14.40e3 12.58e3 12.61e3 15.71e3 13.52e3 11.83e3 12.59e3 12.36e3 14.05e3 11.97e3 13.42e3 12.22e3 12.55e3 12.68e3 11.64e3 10.89e3 12.99e3 13.11e3 11.60e3 12.87e3 14.54e3 15.43e3 16.23e3 16.00e3 18.09e3 17.14e3 18.84e3 18.75e3 17.48e3 17.50e3 17.74e3 
   13.0e6  1.120e3 1.933e3 2.958e3 3.591e3 4.259e3 4.673e3 3.973e3 5.039e3 4.987e3 4.696e3 6.983e3 6.710e3 7.336e3 8.283e3 8.828e3 10.70e3 9.302e3 9.703e3 10.34e3 9.751e3 9.871e3 10.81e3 10.50e3 10.88e3 9.224e3 9.383e3 9.181e3 9.085e3 8.621e3 8.704e3 8.641e3 10.17e3 10.77e3 10.29e3 10.31e3 12.27e3 13.66e3 14.62e3 13.79e3 14.28e3 14.59e3 14.29e3 14.18e3 13.08e3 12.69e3 12.46e3 13.12e3 12.67e3 12.14e3 14.58e3 14.06e3 14.38e3 14.69e3 17.04e3 17.41e3 18.38e3 17.48e3 17.95e3 16.17e3 14.52e3 16.28e3 15.40e3 13.43e3 13.48e3 16.59e3 14.46e3 12.61e3 13.40e3 13.15e3 14.96e3 12.74e3 14.29e3 13.08e3 13.39e3 13.55e3 12.42e3 11.66e3 13.85e3 14.00e3 12.47e3 13.77e3 15.57e3 16.32e3 17.26e3 16.93e3 19.09e3 18.23e3 20.18e3 19.91e3 18.59e3 18.65e3 19.15e3 
   14.0e6  1.214e3 2.048e3 3.083e3 3.752e3 4.469e3 4.907e3 4.269e3 5.351e3 5.312e3 5.044e3 7.319e3 7.048e3 7.663e3 8.632e3 9.172e3 11.11e3 10.04e3 10.38e3 10.89e3 10.25e3 10.40e3 11.42e3 11.10e3 11.42e3 9.757e3 9.910e3 9.745e3 9.598e3 9.138e3 9.181e3 9.187e3 10.73e3 11.30e3 10.84e3 11.14e3 13.15e3 14.45e3 15.37e3 14.59e3 15.13e3 15.48e3 15.10e3 14.92e3 13.83e3 13.38e3 13.22e3 13.88e3 13.41e3 12.97e3 15.44e3 14.77e3 15.18e3 15.46e3 18.14e3 18.27e3 19.28e3 18.36e3 18.86e3 17.01e3 15.37e3 17.14e3 16.36e3 14.26e3 14.34e3 17.41e3 15.37e3 13.36e3 14.18e3 13.92e3 15.82e3 13.50e3 15.14e3 13.93e3 14.21e3 14.40e3 13.18e3 12.43e3 14.68e3 14.86e3 13.31e3 14.66e3 16.57e3 17.18e3 18.25e3 17.84e3 20.04e3 19.28e3 21.46e3 21.02e3 19.66e3 19.74e3 20.51e3 
   15.0e6  1.308e3 2.157e3 3.198e3 3.905e3 4.666e3 5.129e3 4.559e3 5.650e3 5.622e3 5.384e3 7.638e3 7.372e3 7.969e3 8.955e3 9.493e3 11.49e3 10.74e3 11.03e3 11.41e3 10.72e3 10.92e3 12.01e3 11.66e3 11.93e3 10.27e3 10.42e3 10.29e3 10.10e3 9.640e3 9.646e3 9.719e3 11.28e3 11.80e3 11.37e3 11.93e3 13.98e3 15.22e3 16.08e3 15.34e3 15.96e3 16.33e3 15.88e3 15.63e3 14.54e3 14.04e3 13.96e3 14.60e3 14.12e3 13.78e3 16.25e3 15.45e3 15.95e3 16.18e3 19.18e3 19.09e3 20.14e3 19.20e3 19.68e3 17.82e3 16.20e3 17.96e3 17.29e3 15.07e3 15.17e3 18.19e3 16.25e3 14.09e3 14.94e3 14.67e3 16.63e3 14.23e3 15.95e3 14.75e3 15.01e3 15.22e3 13.92e3 13.17e3 15.49e3 15.69e3 14.14e3 15.52e3 17.53e3 18.01e3 19.19e3 18.71e3 20.96e3 20.29e3 22.70e3 22.08e3 20.67e3 20.78e3 21.81e3 
   16.0e6  1.400e3 2.259e3 3.305e3 4.051e3 4.852e3 5.339e3 4.844e3 5.934e3 5.918e3 5.715e3 7.942e3 7.684e3 8.257e3 9.255e3 9.795e3 11.84e3 11.39e3 11.64e3 11.91e3 11.17e3 11.41e3 12.57e3 12.20e3 12.42e3 10.76e3 10.91e3 10.81e3 10.58e3 10.13e3 10.10e3 10.24e3 11.81e3 12.28e3 11.87e3 12.69e3 14.78e3 15.94e3 16.74e3 16.07e3 16.76e3 17.15e3 16.63e3 16.31e3 15.22e3 14.68e3 14.68e3 15.31e3 14.81e3 14.56e3 17.02e3 16.11e3 16.69e3 16.84e3 20.15e3 19.87e3 20.96e3 20.00e3 20.45e3 18.60e3 17.00e3 18.75e3 18.19e3 15.86e3 15.99e3 18.93e3 17.08e3 14.79e3 15.68e3 15.39e3 17.41e3 14.95e3 16.73e3 15.55e3 15.79e3 16.03e3 14.65e3 13.91e3 16.27e3 16.49e3 14.96e3 16.36e3 18.46e3 18.81e3 20.10e3 19.55e3 21.83e3 21.28e3 23.89e3 23.09e3 21.65e3 21.78e3 23.05e3 
   17.0e6  1.490e3 2.355e3 3.404e3 4.189e3 5.027e3 5.538e3 5.121e3 6.205e3 6.200e3 6.036e3 8.232e3 7.983e3 8.528e3 9.535e3 10.08e3 12.17e3 12.00e3 12.23e3 12.37e3 11.61e3 11.88e3 13.11e3 12.71e3 12.89e3 11.24e3 11.38e3 11.32e3 11.04e3 10.60e3 10.54e3 10.74e3 12.32e3 12.75e3 12.36e3 13.41e3 15.53e3 16.64e3 17.37e3 16.76e3 17.53e3 17.92e3 17.34e3 16.96e3 15.87e3 15.29e3 15.37e3 15.99e3 15.47e3 15.32e3 17.76e3 16.74e3 17.41e3 17.46e3 21.05e3 20.61e3 21.74e3 20.76e3 21.15e3 19.35e3 17.77e3 19.50e3 19.05e3 16.62e3 16.79e3 19.63e3 17.89e3 15.48e3 16.40e3 16.09e3 18.14e3 15.66e3 17.49e3 16.33e3 16.54e3 16.81e3 15.36e3 14.63e3 17.03e3 17.27e3 15.76e3 17.17e3 19.35e3 19.58e3 20.98e3 20.36e3 22.66e3 22.22e3 25.04e3 24.05e3 22.59e3 22.74e3 24.23e3 
   18.0e6  1.578e3 2.445e3 3.496e3 4.321e3 5.192e3 5.727e3 5.390e3 6.463e3 6.469e3 6.348e3 8.509e3 8.272e3 8.784e3 9.797e3 10.35e3 12.47e3 12.57e3 12.78e3 12.81e3 12.02e3 12.33e3 13.63e3 13.20e3 13.35e3 11.70e3 11.84e3 11.81e3 11.50e3 11.06e3 10.98e3 11.24e3 12.81e3 13.19e3 12.83e3 14.11e3 16.24e3 17.31e3 17.96e3 17.42e3 18.27e3 18.66e3 18.03e3 17.57e3 16.50e3 15.88e3 16.05e3 16.64e3 16.12e3 16.06e3 18.47e3 17.36e3 18.10e3 18.04e3 21.91e3 21.32e3 22.48e3 21.49e3 21.80e3 20.07e3 18.51e3 20.21e3 19.89e3 17.37e3 17.56e3 20.30e3 18.66e3 16.14e3 17.11e3 16.78e3 18.84e3 16.36e3 18.22e3 17.08e3 17.28e3 17.58e3 16.07e3 15.33e3 17.77e3 18.02e3 16.54e3 17.97e3 20.21e3 20.33e3 21.82e3 21.15e3 23.47e3 23.14e3 26.14e3 24.97e3 23.49e3 23.66e3 25.36e3 
   20.0e6  1.745e3 2.612e3 3.664e3 4.568e3 5.495e3 6.079e3 5.901e3 6.942e3 6.973e3 6.942e3 9.029e3 8.819e3 9.259e3 10.28e3 10.85e3 13.01e3 13.61e3 13.81e3 13.62e3 12.80e3 13.19e3 14.60e3 14.10e3 14.19e3 12.58e3 12.72e3 12.73e3 12.37e3 11.94e3 11.83e3 12.19e3 13.76e3 14.04e3 13.72e3 15.42e3 17.57e3 18.55e3 19.06e3 18.65e3 19.67e3 20.04e3 19.33e3 18.73e3 17.68e3 17.00e3 17.34e3 17.90e3 17.34e3 17.45e3 19.80e3 18.53e3 19.42e3 19.10e3 23.49e3 22.65e3 23.87e3 22.87e3 22.96e3 21.43e3 19.94e3 21.57e3 21.48e3 18.81e3 19.07e3 21.55e3 20.11e3 17.42e3 18.48e3 18.09e3 20.13e3 17.70e3 19.60e3 18.53e3 18.69e3 19.06e3 17.44e3 16.70e3 19.19e3 19.46e3 18.07e3 19.50e3 21.84e3 21.78e3 23.40e3 22.64e3 24.99e3 24.89e3 28.21e3 26.71e3 25.20e3 25.39e3 27.45e3 
   22.5e6  1.938e3 2.797e3 3.849e3 4.849e3 5.830e3 6.476e3 6.489e3 7.476e3 7.546e3 7.631e3 9.623e3 9.454e3 9.793e3 10.81e3 11.42e3 13.62e3 14.72e3 14.95e3 14.53e3 13.70e3 14.18e3 15.72e3 15.12e3 15.17e3 13.60e3 13.75e3 13.80e3 13.39e3 12.98e3 12.84e3 13.32e3 14.87e3 15.03e3 14.76e3 16.91e3 19.04e3 19.97e3 20.28e3 20.06e3 21.28e3 21.60e3 20.83e3 20.06e3 19.03e3 18.30e3 18.85e3 19.38e3 18.77e3 19.06e3 21.33e3 19.90e3 20.96e3 20.27e3 25.25e3 24.18e3 25.47e3 24.46e3 24.21e3 23.02e3 21.59e3 23.13e3 23.34e3 20.51e3 20.85e3 22.99e3 21.76e3 18.93e3 20.11e3 19.65e3 21.59e3 19.33e3 21.22e3 20.23e3 20.36e3 20.82e3 19.09e3 18.35e3 20.87e3 21.14e3 19.89e3 21.30e3 23.73e3 23.49e3 25.22e3 24.38e3 26.76e3 26.92e3 30.57e3 28.70e3 27.17e3 27.38e3 29.77e3 
   25.0e6  2.114e3 2.963e3 4.013e3 5.105e3 6.125e3 6.834e3 7.021e3 7.947e3 8.065e3 8.263e3 10.17e3 10.04e3 10.28e3 11.28e3 11.95e3 14.15e3 15.69e3 15.96e3 15.34e3 14.53e3 15.10e3 16.74e3 16.04e3 16.07e3 14.54e3 14.72e3 14.79e3 14.36e3 13.96e3 13.81e3 14.39e3 15.91e3 15.95e3 15.73e3 18.27e3 20.35e3 21.25e3 21.38e3 21.33e3 22.75e3 23.00e3 22.21e3 21.28e3 20.29e3 19.52e3 20.27e3 20.76e3 20.11e3 20.53e3 22.73e3 21.19e3 22.39e3 21.34e3 26.85e3 25.59e3 26.93e3 25.92e3 25.30e3 24.51e3 23.13e3 24.58e3 25.08e3 22.11e3 22.54e3 24.32e3 23.27e3 20.38e3 21.67e3 21.12e3 22.89e3 20.89e3 22.72e3 21.83e3 21.94e3 22.50e3 20.68e3 19.93e3 22.44e3 22.72e3 21.62e3 22.99e3 25.48e3 25.12e3 26.89e3 26.00e3 28.41e3 28.82e3 32.71e3 30.52e3 29.00e3 29.21e3 31.84e3 
   27.5e6  2.273e3 3.113e3 4.162e3 5.340e3 6.388e3 7.158e3 7.500e3 8.367e3 8.541e3 8.845e3 10.67e3 10.59e3 10.72e3 11.72e3 12.44e3 14.64e3 16.52e3 16.86e3 16.08e3 15.30e3 15.95e3 17.68e3 16.87e3 16.92e3 15.43e3 15.63e3 15.72e3 15.28e3 14.89e3 14.75e3 15.41e3 16.90e3 16.83e3 16.64e3 19.52e3 21.53e3 22.42e3 22.37e3 22.50e3 24.10e3 24.28e3 23.49e3 22.41e3 21.45e3 20.67e3 21.60e3 22.07e3 21.37e3 21.89e3 24.02e3 22.41e3 23.74e3 22.35e3 28.33e3 26.91e3 28.29e3 27.29e3 26.30e3 25.91e3 24.57e3 25.93e3 26.71e3 23.63e3 24.15e3 25.57e3 24.66e3 21.77e3 23.16e3 22.52e3 24.07e3 22.40e3 24.14e3 23.32e3 23.43e3 24.10e3 22.22e3 21.45e3 23.92e3 24.22e3 23.26e3 24.59e3 27.11e3 26.67e3 28.44e3 27.53e3 29.97e3 30.58e3 34.64e3 32.22e3 30.71e3 30.92e3 33.68e3 
   30.0e6  2.419e3 3.252e3 4.298e3 5.558e3 6.625e3 7.455e3 7.934e3 8.743e3 8.982e3 9.380e3 11.13e3 11.10e3 11.14e3 12.12e3 12.89e3 15.10e3 17.25e3 17.67e3 16.77e3 16.02e3 16.76e3 18.54e3 17.63e3 17.71e3 16.27e3 16.49e3 16.58e3 16.15e3 15.78e3 15.66e3 16.38e3 17.84e3 17.66e3 17.51e3 20.69e3 22.59e3 23.48e3 23.28e3 23.57e3 25.33e3 25.45e3 24.68e3 23.47e3 22.55e3 21.76e3 22.86e3 23.31e3 22.56e3 23.15e3 25.23e3 23.57e3 25.01e3 23.34e3 29.73e3 28.14e3 29.57e3 28.58e3 27.22e3 27.24e3 25.92e3 27.20e3 28.25e3 25.08e3 25.68e3 26.75e3 25.96e3 23.11e3 24.61e3 23.86e3 25.17e3 23.85e3 25.48e3 24.74e3 24.86e3 25.64e3 23.71e3 22.91e3 25.32e3 25.64e3 24.83e3 26.09e3 28.64e3 28.15e3 29.87e3 28.99e3 31.44e3 32.24e3 36.41e3 33.80e3 32.32e3 32.52e3 35.34e3 
   32.5e6  2.554e3 3.380e3 4.426e3 5.761e3 6.841e3 7.729e3 8.329e3 9.082e3 9.392e3 9.874e3 11.57e3 11.59e3 11.53e3 12.50e3 13.33e3 15.52e3 17.90e3 18.39e3 17.40e3 16.71e3 17.51e3 19.34e3 18.34e3 18.45e3 17.06e3 17.31e3 17.39e3 16.98e3 16.62e3 16.53e3 17.31e3 18.73e3 18.45e3 18.33e3 21.78e3 23.56e3 24.46e3 24.12e3 24.57e3 26.47e3 26.54e3 25.80e3 24.47e3 23.58e3 22.80e3 24.05e3 24.48e3 23.69e3 24.32e3 26.37e3 24.68e3 26.22e3 24.31e3 31.05e3 29.32e3 30.78e3 29.81e3 28.10e3 28.51e3 27.20e3 28.41e3 29.71e3 26.46e3 27.14e3 27.88e3 27.20e3 24.41e3 26.00e3 25.16e3 26.19e3 25.26e3 26.76e3 26.09e3 26.23e3 27.12e3 25.15e3 24.32e3 26.65e3 27.00e3 26.32e3 27.52e3 30.09e3 29.59e3 31.21e3 30.39e3 32.86e3 33.80e3 38.02e3 35.30e3 33.85e3 34.03e3 36.86e3 
   35.0e6  2.677e3 3.501e3 4.546e3 5.951e3 7.039e3 7.984e3 8.690e3 9.391e3 9.778e3 10.33e3 11.98e3 12.05e3 11.90e3 12.85e3 13.75e3 15.93e3 18.49e3 19.05e3 17.99e3 17.35e3 18.22e3 20.08e3 19.00e3 19.16e3 17.81e3 18.10e3 18.16e3 17.78e3 17.43e3 17.37e3 18.20e3 19.59e3 19.21e3 19.13e3 22.81e3 24.44e3 25.37e3 24.91e3 25.49e3 27.52e3 27.55e3 26.85e3 25.41e3 24.56e3 23.80e3 25.19e3 25.61e3 24.78e3 25.41e3 27.45e3 25.74e3 27.37e3 25.29e3 32.31e3 30.43e3 31.92e3 30.97e3 28.96e3 29.72e3 28.42e3 29.56e3 31.10e3 27.79e3 28.54e3 28.97e3 28.38e3 25.68e3 27.35e3 26.40e3 27.17e3 26.62e3 27.99e3 27.38e3 27.54e3 28.55e3 26.54e3 25.68e3 27.92e3 28.31e3 27.75e3 28.87e3 31.46e3 30.97e3 32.46e3 31.73e3 34.22e3 35.28e3 39.50e3 36.73e3 35.31e3 35.47e3 38.27e3 
   37.5e6  2.793e3 3.614e3 4.660e3 6.130e3 7.222e3 8.221e3 9.024e3 9.676e3 10.14e3 10.76e3 12.36e3 12.48e3 12.25e3 13.20e3 14.15e3 16.31e3 19.01e3 19.65e3 18.55e3 17.97e3 18.90e3 20.78e3 19.62e3 19.84e3 18.52e3 18.85e3 18.89e3 18.54e3 18.21e3 18.19e3 19.05e3 20.41e3 19.95e3 19.89e3 23.78e3 25.26e3 26.22e3 25.65e3 26.36e3 28.49e3 28.50e3 27.84e3 26.31e3 25.49e3 24.76e3 26.28e3 26.68e3 25.82e3 26.44e3 28.48e3 26.77e3 28.48e3 26.26e3 33.53e3 31.50e3 33.02e3 32.09e3 29.80e3 30.89e3 29.58e3 30.67e3 32.43e3 29.06e3 29.88e3 30.02e3 29.53e3 26.90e3 28.65e3 27.61e3 28.10e3 27.95e3 29.16e3 28.61e3 28.80e3 29.93e3 27.89e3 27.01e3 29.14e3 29.57e3 29.11e3 30.16e3 32.77e3 32.31e3 33.65e3 33.03e3 35.53e3 36.68e3 40.87e3 38.08e3 36.71e3 36.85e3 39.59e3 
   40.0e6  2.900e3 3.722e3 4.769e3 6.299e3 7.393e3 8.444e3 9.334e3 9.939e3 10.49e3 11.15e3 12.73e3 12.89e3 12.59e3 13.53e3 14.54e3 16.69e3 19.49e3 20.19e3 19.08e3 18.56e3 19.55e3 21.43e3 20.20e3 20.49e3 19.21e3 19.56e3 19.59e3 19.28e3 18.96e3 18.98e3 19.87e3 21.20e3 20.66e3 20.63e3 24.71e3 26.02e3 27.01e3 26.35e3 27.18e3 29.39e3 29.39e3 28.77e3 27.18e3 26.39e3 25.68e3 27.31e3 27.72e3 26.82e3 27.42e3 29.47e3 27.76e3 29.53e3 27.24e3 34.69e3 32.53e3 34.07e3 33.16e3 30.62e3 32.02e3 30.69e3 31.73e3 33.70e3 30.28e3 31.17e3 31.03e3 30.65e3 28.10e3 29.92e3 28.78e3 29.00e3 29.23e3 30.30e3 29.80e3 30.02e3 31.26e3 29.21e3 28.29e3 30.31e3 30.79e3 30.41e3 31.39e3 34.03e3 33.61e3 34.77e3 34.30e3 36.80e3 38.01e3 42.13e3 39.39e3 38.05e3 38.17e3 40.83e3 
   45.0e6  3.093e3 3.922e3 4.974e3 6.611e3 7.705e3 8.853e3 9.896e3 10.42e3 11.13e3 11.87e3 13.41e3 13.66e3 13.24e3 14.16e3 15.29e3 17.39e3 20.34e3 21.15e3 20.07e3 19.66e3 20.75e3 22.62e3 21.29e3 21.71e3 20.49e3 20.92e3 20.89e3 20.68e3 20.38e3 20.49e3 21.42e3 22.70e3 22.02e3 22.04e3 26.43e3 27.40e3 28.45e3 27.65e3 28.69e3 31.01e3 31.03e3 30.51e3 28.80e3 28.08e3 27.44e3 29.27e3 29.67e3 28.72e3 29.23e3 31.32e3 29.65e3 31.53e3 29.21e3 36.91e3 34.48e3 36.05e3 35.19e3 32.25e3 34.16e3 32.79e3 33.76e3 36.09e3 32.61e3 33.60e3 32.99e3 32.81e3 30.40e3 32.36e3 31.02e3 30.74e3 31.69e3 32.47e3 32.07e3 32.33e3 33.80e3 31.73e3 30.74e3 32.53e3 33.12e3 32.86e3 33.70e3 36.40e3 36.09e3 36.86e3 36.72e3 39.24e3 40.49e3 44.43e3 41.85e3 40.60e3 40.67e3 43.16e3 
   50.0e6  3.262e3 4.105e3 5.165e3 6.894e3 7.985e3 9.220e3 10.40e3 10.84e3 11.72e3 12.51e3 14.02e3 14.36e3 13.85e3 14.76e3 15.99e3 18.06e3 21.05e3 21.96e3 20.97e3 20.68e3 21.85e3 23.68e3 22.29e3 22.85e3 21.68e3 22.18e3 22.10e3 21.99e3 21.70e3 21.90e3 22.85e3 24.10e3 23.30e3 23.38e3 28.00e3 28.62e3 29.74e3 28.85e3 30.06e3 32.44e3 32.52e3 32.09e3 30.31e3 29.65e3 29.09e3 31.07e3 31.48e3 30.50e3 30.88e3 33.06e3 31.43e3 33.39e3 31.17e3 38.96e3 36.30e3 37.89e3 37.08e3 33.84e3 36.17e3 34.75e3 35.66e3 38.31e3 34.78e3 35.86e3 34.86e3 34.89e3 32.60e3 34.67e3 33.13e3 32.41e3 34.02e3 34.52e3 34.21e3 34.49e3 36.19e3 34.11e3 33.06e3 34.61e3 35.32e3 35.11e3 35.84e3 38.61e3 38.45e3 38.78e3 39.02e3 41.55e3 42.78e3 46.47e3 44.15e3 42.99e3 43.01e3 45.32e3 
   55.0e6  3.409e3 4.274e3 5.343e3 7.151e3 8.241e3 9.553e3 10.84e3 11.22e3 12.27e3 13.08e3 14.58e3 15.00e3 14.43e3 15.33e3 16.66e3 18.70e3 21.67e3 22.66e3 21.81e3 21.64e3 22.86e3 24.63e3 23.22e3 23.91e3 22.79e3 23.35e3 23.21e3 23.21e3 22.94e3 23.23e3 24.19e3 25.40e3 24.53e3 24.64e3 29.43e3 29.71e3 30.90e3 29.96e3 31.31e3 33.71e3 33.89e3 33.54e3 31.73e3 31.12e3 30.64e3 32.75e3 33.17e3 32.17e3 32.42e3 34.68e3 33.11e3 35.13e3 33.09e3 40.86e3 38.01e3 39.62e3 38.86e3 35.41e3 38.06e3 36.58e3 37.46e3 40.37e3 36.83e3 37.97e3 36.64e3 36.90e3 34.69e3 36.87e3 35.14e3 34.04e3 36.21e3 36.46e3 36.24e3 36.53e3 38.44e3 36.36e3 35.25e3 36.59e3 37.41e3 37.21e3 37.83e3 40.69e3 40.68e3 40.56e3 41.20e3 43.75e3 44.88e3 48.32e3 46.31e3 45.25e3 45.22e3 47.35e3 
   60.0e6  3.536e3 4.429e3 5.511e3 7.385e3 8.477e3 9.858e3 11.25e3 11.57e3 12.77e3 13.59e3 15.10e3 15.59e3 14.99e3 15.88e3 17.30e3 19.30e3 22.20e3 23.26e3 22.59e3 22.53e3 23.80e3 25.49e3 24.08e3 24.89e3 23.82e3 24.44e3 24.26e3 24.36e3 24.10e3 24.48e3 25.44e3 26.63e3 25.69e3 25.85e3 30.74e3 30.70e3 31.98e3 31.00e3 32.47e3 34.85e3 35.14e3 34.88e3 33.06e3 32.50e3 32.11e3 34.30e3 34.74e3 33.74e3 33.86e3 36.22e3 34.71e3 36.77e3 34.95e3 42.62e3 39.63e3 41.24e3 40.55e3 36.94e3 39.85e3 38.30e3 39.16e3 42.29e3 38.76e3 39.94e3 38.36e3 38.84e3 36.68e3 38.95e3 37.06e3 35.63e3 38.29e3 38.32e3 38.18e3 38.45e3 40.56e3 38.50e3 37.33e3 38.48e3 39.39e3 39.16e3 39.70e3 42.66e3 42.80e3 42.23e3 43.27e3 45.85e3 46.85e3 50.02e3 48.36e3 47.38e3 47.31e3 49.30e3 
   65.0e6  3.646e3 4.573e3 5.669e3 7.600e3 8.697e3 10.14e3 11.62e3 11.89e3 13.23e3 14.05e3 15.57e3 16.13e3 15.51e3 16.41e3 17.91e3 19.88e3 22.66e3 23.78e3 23.33e3 23.36e3 24.66e3 26.27e3 24.90e3 25.82e3 24.78e3 25.46e3 25.23e3 25.44e3 25.20e3 25.66e3 26.61e3 27.79e3 26.80e3 27.00e3 31.94e3 31.61e3 32.97e3 31.99e3 33.55e3 35.88e3 36.30e3 36.11e3 34.31e3 33.81e3 33.49e3 35.76e3 36.22e3 35.23e3 35.21e3 37.67e3 36.23e3 38.30e3 36.74e3 44.25e3 41.15e3 42.77e3 42.14e3 38.44e3 41.54e3 39.92e3 40.78e3 44.09e3 40.58e3 41.79e3 40.00e3 40.71e3 38.59e3 40.93e3 38.88e3 37.20e3 40.25e3 40.09e3 40.03e3 40.27e3 42.57e3 40.52e3 39.30e3 40.29e3 41.28e3 41.00e3 41.47e3 44.53e3 44.82e3 43.82e3 45.24e3 47.86e3 48.69e3 51.60e3 50.29e3 49.41e3 49.30e3 51.16e3 
   70.0e6  3.738e3 4.705e3 5.818e3 7.798e3 8.902e3 10.40e3 11.95e3 12.18e3 13.67e3 14.47e3 16.01e3 16.63e3 16.02e3 16.92e3 18.49e3 20.43e3 23.07e3 24.24e3 24.02e3 24.14e3 25.46e3 26.99e3 25.66e3 26.69e3 25.68e3 26.41e3 26.15e3 26.46e3 26.23e3 26.76e3 27.71e3 28.87e3 27.86e3 28.10e3 33.04e3 32.44e3 33.89e3 32.93e3 34.56e3 36.83e3 37.38e3 37.26e3 35.50e3 35.04e3 34.81e3 37.12e3 37.61e3 36.64e3 36.49e3 39.06e3 37.67e3 39.75e3 38.45e3 45.75e3 42.59e3 44.21e3 43.64e3 39.89e3 43.15e3 41.45e3 42.32e3 45.77e3 42.30e3 43.53e3 41.58e3 42.50e3 40.40e3 42.81e3 40.61e3 38.72e3 42.11e3 41.80e3 41.79e3 41.99e3 44.46e3 42.44e3 41.17e3 42.02e3 43.08e3 42.73e3 43.15e3 46.31e3 46.74e3 45.33e3 47.11e3 49.78e3 50.42e3 53.09e3 52.13e3 51.33e3 51.18e3 52.95e3 
   80.0e6  3.882e3 4.942e3 6.090e3 8.148e3 9.274e3 10.86e3 12.52e3 12.71e3 14.44e3 15.21e3 16.79e3 17.52e3 16.97e3 17.89e3 19.57e3 21.45e3 23.76e3 24.99e3 25.27e3 25.56e3 26.88e3 28.25e3 27.07e3 28.26e3 27.33e3 28.13e3 27.82e3 28.32e3 28.12e3 28.77e3 29.70e3 30.87e3 29.84e3 30.15e3 34.98e3 33.91e3 35.57e3 34.68e3 36.41e3 38.53e3 39.31e3 39.32e3 37.68e3 37.31e3 37.22e3 39.58e3 40.13e3 39.25e3 38.87e3 41.62e3 40.36e3 42.41e3 41.61e3 48.41e3 45.24e3 46.85e3 46.43e3 42.65e3 46.11e3 44.27e3 45.17e3 48.83e3 45.47e3 46.71e3 44.55e3 45.85e3 43.79e3 46.29e3 43.84e3 41.68e3 45.53e3 45.00e3 45.08e3 45.18e3 47.95e3 45.98e3 44.65e3 45.30e3 46.43e3 45.92e3 46.29e3 49.63e3 50.29e3 48.16e3 50.58e3 53.37e3 53.60e3 55.87e3 55.53e3 54.91e3 54.70e3 56.32e3 
   90.0e6  3.980e3 5.143e3 6.331e3 8.447e3 9.605e3 11.26e3 13.00e3 13.18e3 15.11e3 15.82e3 17.46e3 18.27e3 17.84e3 18.78e3 20.56e3 22.37e3 24.32e3 25.60e3 26.39e3 26.82e3 28.10e3 29.32e3 28.33e3 29.65e3 28.78e3 29.64e3 29.30e3 29.97e3 29.81e3 30.54e3 31.47e3 32.64e3 31.64e3 32.03e3 36.64e3 35.20e3 37.08e3 36.30e3 38.08e3 40.02e3 40.99e3 41.11e3 39.64e3 39.35e3 39.39e3 41.75e3 42.36e3 41.60e3 41.05e3 43.93e3 42.80e3 44.78e3 44.44e3 50.67e3 47.63e3 49.20e3 48.93e3 45.22e3 48.78e3 46.81e3 47.77e3 51.54e3 48.31e3 49.53e3 47.30e3 48.89e3 46.87e3 49.43e3 46.78e3 44.49e3 48.61e3 47.96e3 48.08e3 48.06e3 51.08e3 49.16e3 47.79e3 48.33e3 49.48e3 48.83e3 49.18e3 52.68e3 53.50e3 50.81e3 53.75e3 56.67e3 56.49e3 58.44e3 58.62e3 58.16e3 57.89e3 59.45e3 
   100.e6  4.043e3 5.314e3 6.544e3 8.702e3 9.898e3 11.61e3 13.39e3 13.59e3 15.69e3 16.35e3 18.03e3 18.92e3 18.64e3 19.61e3 21.45e3 23.22e3 24.80e3 26.09e3 27.39e3 27.93e3 29.16e3 30.25e3 29.45e3 30.88e3 30.07e3 30.97e3 30.62e3 31.43e3 31.33e3 32.11e3 33.03e3 34.22e3 33.30e3 33.75e3 38.08e3 36.33e3 38.46e3 37.81e3 39.60e3 41.35e3 42.46e3 42.68e3 41.41e3 41.19e3 41.33e3 43.66e3 44.33e3 43.73e3 43.05e3 46.04e3 45.02e3 46.90e3 46.95e3 52.57e3 49.76e3 51.30e3 51.20e3 47.59e3 51.18e3 49.08e3 50.12e3 53.93e3 50.87e3 52.04e3 49.83e3 51.63e3 49.66e3 52.26e3 49.45e3 47.16e3 51.39e3 50.69e3 50.81e3 50.67e3 53.88e3 52.03e3 50.64e3 51.15e3 52.26e3 51.51e3 51.88e3 55.48e3 56.40e3 53.32e3 56.65e3 59.70e3 59.14e3 60.86e3 61.42e3 61.11e3 60.80e3 62.34e3 
   110.e6  4.077e3 5.459e3 6.732e3 8.921e3 10.16e3 11.91e3 13.71e3 13.95e3 16.20e3 16.79e3 18.52e3 19.48e3 19.38e3 20.38e3 22.27e3 23.98e3 25.22e3 26.50e3 28.29e3 28.91e3 30.06e3 31.05e3 30.47e3 31.96e3 31.21e3 32.14e3 31.80e3 32.74e3 32.69e3 33.50e3 34.42e3 35.64e3 34.81e3 35.33e3 39.34e3 37.34e3 39.73e3 39.23e3 41.01e3 42.57e3 43.74e3 44.05e3 43.00e3 42.85e3 43.07e3 45.35e3 46.08e3 45.67e3 44.90e3 47.94e3 47.05e3 48.80e3 49.16e3 54.18e3 51.69e3 53.18e3 53.25e3 49.78e3 53.35e3 51.13e3 52.26e3 56.06e3 53.18e3 54.29e3 52.16e3 54.09e3 52.20e3 54.81e3 51.89e3 49.68e3 53.90e3 53.24e3 53.31e3 53.05e3 56.39e3 54.61e3 53.23e3 53.75e3 54.79e3 54.00e3 54.40e3 58.07e3 59.03e3 55.70e3 59.33e3 62.48e3 61.59e3 63.14e3 63.97e3 63.80e3 63.45e3 65.01e3 
   120.e6  4.091e3 5.581e3 6.897e3 9.110e3 10.39e3 12.18e3 13.98e3 14.28e3 16.65e3 17.18e3 18.94e3 19.96e3 20.06e3 21.09e3 23.01e3 24.67e3 25.60e3 26.85e3 29.09e3 29.79e3 30.85e3 31.76e3 31.37e3 32.91e3 32.23e3 33.17e3 32.86e3 33.89e3 33.91e3 34.72e3 35.67e3 36.91e3 36.20e3 36.78e3 40.47e3 38.25e3 40.92e3 40.58e3 42.31e3 43.70e3 44.87e3 45.27e3 44.45e3 44.35e3 44.63e3 46.86e3 47.63e3 47.42e3 46.60e3 49.67e3 48.89e3 50.50e3 51.12e3 55.55e3 53.42e3 54.86e3 55.11e3 51.79e3 55.30e3 52.98e3 54.20e3 57.95e3 55.25e3 56.31e3 54.31e3 56.28e3 54.51e3 57.10e3 54.11e3 52.05e3 56.19e3 55.60e3 55.58e3 55.23e3 58.64e3 56.94e3 55.58e3 56.16e3 57.11e3 56.32e3 56.78e3 60.45e3 61.41e3 57.98e3 61.81e3 65.03e3 63.88e3 65.32e3 66.28e3 66.25e3 65.88e3 67.49e3 
   130.e6  4.089e3 5.683e3 7.043e3 9.272e3 10.59e3 12.41e3 14.20e3 14.58e3 17.04e3 17.50e3 19.30e3 20.37e3 20.68e3 21.74e3 23.68e3 25.29e3 25.94e3 27.16e3 29.80e3 30.57e3 31.52e3 32.38e3 32.19e3 33.75e3 33.13e3 34.07e3 33.79e3 34.92e3 35.01e3 35.80e3 36.77e3 38.05e3 37.47e3 38.12e3 41.48e3 39.08e3 42.03e3 41.85e3 43.53e3 44.74e3 45.86e3 46.34e3 45.75e3 45.70e3 46.04e3 48.19e3 49.02e3 49.01e3 48.17e3 51.23e3 50.57e3 52.03e3 52.84e3 56.70e3 54.98e3 56.36e3 56.80e3 53.63e3 57.06e3 54.64e3 55.97e3 59.63e3 57.12e3 58.12e3 56.29e3 58.23e3 56.60e3 59.17e3 56.14e3 54.28e3 58.28e3 57.79e3 57.65e3 57.21e3 60.67e3 59.04e3 57.71e3 58.38e3 59.22e3 58.50e3 59.02e3 62.65e3 63.57e3 60.16e3 64.11e3 67.38e3 66.02e3 67.38e3 68.39e3 68.49e3 68.10e3 69.77e3 
   140.e6  4.075e3 5.768e3 7.170e3 9.411e3 10.77e3 12.62e3 14.38e3 14.84e3 17.39e3 17.78e3 19.61e3 20.72e3 21.25e3 22.34e3 24.29e3 25.86e3 26.26e3 27.43e3 30.44e3 31.26e3 32.11e3 32.94e3 32.92e3 34.48e3 33.93e3 34.86e3 34.63e3 35.83e3 36.00e3 36.75e3 37.76e3 39.07e3 38.63e3 39.34e3 42.41e3 39.85e3 43.07e3 43.07e3 44.67e3 45.71e3 46.73e3 47.30e3 46.93e3 46.93e3 47.30e3 49.38e3 50.25e3 50.46e3 49.62e3 52.64e3 52.11e3 53.40e3 54.36e3 57.69e3 56.38e3 57.71e3 58.33e3 55.31e3 58.65e3 56.13e3 57.57e3 61.14e3 58.81e3 59.75e3 58.12e3 59.96e3 58.50e3 61.03e3 57.98e3 56.36e3 60.20e3 59.83e3 59.53e3 59.04e3 62.48e3 60.94e3 59.66e3 60.42e3 61.15e3 60.55e3 61.13e3 64.68e3 65.52e3 62.26e3 66.25e3 69.55e3 68.04e3 69.34e3 70.32e3 70.53e3 70.13e3 71.88e3 
   150.e6  4.051e3 5.838e3 7.281e3 9.532e3 10.92e3 12.79e3 14.53e3 15.08e3 17.69e3 18.02e3 19.87e3 21.02e3 21.77e3 22.90e3 24.85e3 26.37e3 26.55e3 27.68e3 31.02e3 31.87e3 32.62e3 33.44e3 33.57e3 35.13e3 34.64e3 35.56e3 35.38e3 36.64e3 36.89e3 37.59e3 38.65e3 39.98e3 39.70e3 40.47e3 43.26e3 40.56e3 44.05e3 44.23e3 45.75e3 46.63e3 47.49e3 48.14e3 48.00e3 48.04e3 48.43e3 50.43e3 51.34e3 51.77e3 50.95e3 53.92e3 53.50e3 54.63e3 55.69e3 58.52e3 57.65e3 58.92e3 59.72e3 56.86e3 60.08e3 57.48e3 59.03e3 62.49e3 60.33e3 61.22e3 59.80e3 61.49e3 60.22e3 62.70e3 59.67e3 58.31e3 61.98e3 61.74e3 61.24e3 60.71e3 64.10e3 62.66e3 61.42e3 62.30e3 62.91e3 62.49e3 63.13e3 66.55e3 67.29e3 64.28e3 68.25e3 71.54e3 69.95e3 71.21e3 72.07e3 72.40e3 71.98e3 73.83e3 
   160.e6  4.020e3 5.895e3 7.379e3 9.635e3 11.06e3 12.95e3 14.65e3 15.30e3 17.95e3 18.22e3 20.08e3 21.28e3 22.24e3 23.41e3 25.35e3 26.83e3 26.83e3 27.91e3 31.53e3 32.42e3 33.06e3 33.88e3 34.15e3 35.70e3 35.27e3 36.17e3 36.05e3 37.36e3 37.69e3 38.33e3 39.44e3 40.80e3 40.68e3 41.51e3 44.05e3 41.22e3 44.98e3 45.34e3 46.76e3 47.49e3 48.16e3 48.88e3 48.97e3 49.04e3 49.45e3 51.37e3 52.31e3 52.97e3 52.18e3 55.07e3 54.78e3 55.74e3 56.86e3 59.23e3 58.79e3 60.00e3 60.98e3 58.27e3 61.37e3 58.68e3 60.36e3 63.70e3 61.70e3 62.54e3 61.35e3 62.85e3 61.79e3 64.21e3 61.20e3 60.13e3 63.63e3 63.52e3 62.81e3 62.25e3 65.56e3 64.22e3 63.03e3 64.03e3 64.53e3 64.32e3 65.02e3 68.28e3 68.90e3 66.22e3 70.12e3 73.38e3 71.75e3 72.97e3 73.67e3 74.11e3 73.69e3 75.64e3 
   170.e6  3.985e3 5.941e3 7.463e3 9.723e3 11.17e3 13.09e3 14.75e3 15.50e3 18.18e3 18.40e3 20.26e3 21.49e3 22.68e3 23.88e3 25.80e3 27.24e3 27.08e3 28.12e3 31.99e3 32.90e3 33.44e3 34.28e3 34.67e3 36.19e3 35.83e3 36.71e3 36.64e3 37.99e3 38.41e3 38.98e3 40.15e3 41.54e3 41.58e3 42.47e3 44.79e3 41.84e3 45.86e3 46.41e3 47.72e3 48.30e3 48.75e3 49.55e3 49.84e3 49.94e3 50.37e3 52.21e3 53.18e3 54.06e3 53.30e3 56.11e3 55.94e3 56.73e3 57.89e3 59.83e3 59.81e3 60.97e3 62.13e3 59.57e3 62.53e3 59.77e3 61.57e3 64.79e3 62.93e3 63.73e3 62.77e3 64.04e3 63.20e3 65.56e3 62.60e3 61.82e3 65.17e3 65.18e3 64.22e3 63.66e3 66.87e3 65.63e3 64.50e3 65.61e3 66.02e3 66.04e3 66.80e3 69.88e3 70.35e3 68.09e3 71.87e3 75.09e3 73.47e3 74.65e3 75.13e3 75.67e3 75.25e3 77.30e3 
   180.e6  3.946e3 5.977e3 7.536e3 9.799e3 11.27e3 13.20e3 14.83e3 15.68e3 18.37e3 18.54e3 20.41e3 21.68e3 23.08e3 24.31e3 26.22e3 27.61e3 27.31e3 28.32e3 32.40e3 33.33e3 33.78e3 34.64e3 35.14e3 36.62e3 36.33e3 37.18e3 37.17e3 38.55e3 39.06e3 39.55e3 40.79e3 42.21e3 42.41e3 43.35e3 45.49e3 42.43e3 46.69e3 47.43e3 48.63e3 49.07e3 49.26e3 50.13e3 50.63e3 50.76e3 51.19e3 52.96e3 53.95e3 55.06e3 54.33e3 57.04e3 57.00e3 57.62e3 58.79e3 60.34e3 60.74e3 61.83e3 63.18e3 60.76e3 63.57e3 60.74e3 62.67e3 65.76e3 64.04e3 64.81e3 64.08e3 65.09e3 64.49e3 66.78e3 63.88e3 63.40e3 66.62e3 66.73e3 65.52e3 64.97e3 68.03e3 66.91e3 65.83e3 67.05e3 67.38e3 67.68e3 68.49e3 71.35e3 71.68e3 69.88e3 73.50e3 76.66e3 75.10e3 76.24e3 76.46e3 77.10e3 76.68e3 78.85e3 
   200.e6  3.863e3 6.025e3 7.653e3 9.917e3 11.42e3 13.39e3 14.93e3 15.98e3 18.68e3 18.77e3 20.62e3 21.96e3 23.76e3 25.07e3 26.93e3 28.25e3 27.73e3 28.68e3 33.09e3 34.05e3 34.35e3 35.26e3 35.92e3 37.32e3 37.16e3 37.96e3 38.06e3 39.48e3 40.17e3 40.48e3 41.87e3 43.34e3 43.86e3 44.91e3 46.79e3 43.53e3 48.22e3 49.36e3 50.32e3 50.47e3 50.09e3 51.11e3 51.99e3 52.17e3 52.59e3 54.22e3 55.24e3 56.78e3 56.14e3 58.63e3 58.85e3 59.14e3 60.26e3 61.16e3 62.33e3 63.30e3 65.01e3 62.83e3 65.35e3 62.40e3 64.57e3 67.44e3 65.93e3 66.65e3 66.41e3 66.83e3 66.70e3 68.85e3 66.12e3 66.24e3 69.28e3 69.56e3 67.75e3 67.29e3 70.01e3 69.13e3 68.16e3 69.59e3 69.78e3 70.69e3 71.61e3 73.96e3 73.97e3 73.25e3 76.48e3 79.48e3 78.14e3 79.16e3 78.78e3 79.60e3 79.20e3 81.60e3 
   225.e6  3.853e3 6.121e3 7.747e3 10.02e3 11.62e3 13.63e3 15.18e3 16.39e3 19.01e3 19.09e3 20.97e3 22.33e3 24.47e3 25.85e3 27.59e3 28.88e3 28.60e3 29.24e3 33.82e3 34.78e3 35.10e3 36.06e3 36.93e3 38.15e3 38.11e3 38.85e3 39.16e3 40.64e3 41.35e3 41.66e3 43.21e3 44.49e3 45.34e3 46.45e3 47.73e3 44.73e3 49.89e3 51.24e3 52.16e3 52.00e3 51.35e3 52.45e3 53.70e3 53.85e3 54.35e3 55.88e3 56.78e3 58.79e3 58.33e3 60.57e3 60.99e3 60.99e3 61.66e3 61.97e3 64.22e3 65.15e3 67.27e3 65.22e3 67.57e3 64.58e3 66.89e3 69.37e3 68.22e3 69.02e3 68.88e3 68.92e3 69.23e3 71.32e3 68.81e3 69.29e3 72.05e3 72.71e3 70.40e3 70.13e3 72.57e3 71.68e3 71.01e3 72.53e3 72.55e3 73.91e3 74.77e3 77.06e3 76.72e3 76.76e3 79.32e3 82.12e3 81.38e3 82.27e3 81.70e3 82.75e3 82.31e3 84.77e3 
   250.e6  3.899e3 6.205e3 7.703e3 9.965e3 11.74e3 13.75e3 15.42e3 16.68e3 19.11e3 19.28e3 21.24e3 22.56e3 24.80e3 26.23e3 27.78e3 29.07e3 29.68e3 29.65e3 34.12e3 35.05e3 35.57e3 36.60e3 37.70e3 38.64e3 38.71e3 39.38e3 40.00e3 41.55e3 42.04e3 42.59e3 44.29e3 45.06e3 46.18e3 47.25e3 47.53e3 45.44e3 50.86e3 52.09e3 53.28e3 52.86e3 52.48e3 53.58e3 55.08e3 55.09e3 55.80e3 57.31e3 57.90e3 60.28e3 60.09e3 62.09e3 62.57e3 62.45e3 62.22e3 62.15e3 65.59e3 66.58e3 69.11e3 67.04e3 69.31e3 66.54e3 68.77e3 70.76e3 70.05e3 71.07e3 70.47e3 70.65e3 71.18e3 73.31e3 71.10e3 71.44e3 73.73e3 75.00e3 72.60e3 72.60e3 74.95e3 73.67e3 73.49e3 74.96e3 74.69e3 76.12e3 76.69e3 79.58e3 78.95e3 78.96e3 80.61e3 83.23e3 83.38e3 84.20e3 84.16e3 85.49e3 84.92e3 87.22e3 
   275.e6  3.800e3 6.176e3 7.659e3 9.897e3 11.79e3 13.80e3 15.47e3 16.82e3 19.13e3 19.31e3 21.34e3 22.66e3 25.04e3 26.51e3 27.90e3 29.20e3 30.06e3 29.92e3 34.31e3 35.23e3 35.84e3 37.00e3 38.16e3 38.90e3 39.13e3 39.74e3 40.53e3 42.13e3 42.58e3 43.26e3 44.93e3 45.51e3 46.80e3 47.87e3 47.88e3 45.99e3 51.54e3 52.75e3 54.08e3 53.45e3 53.22e3 54.39e3 55.99e3 55.94e3 56.73e3 58.24e3 58.74e3 61.31e3 61.36e3 63.12e3 63.72e3 63.41e3 62.99e3 62.51e3 66.59e3 67.59e3 70.32e3 68.41e3 70.46e3 67.81e3 70.03e3 71.65e3 71.32e3 72.44e3 71.73e3 71.94e3 72.57e3 74.64e3 72.68e3 73.09e3 74.93e3 76.77e3 74.35e3 74.40e3 76.58e3 75.22e3 75.34e3 76.63e3 76.29e3 77.81e3 78.32e3 81.47e3 80.54e3 80.79e3 82.60e3 84.82e3 85.25e3 85.94e3 86.12e3 87.48e3 86.89e3 89.12e3 
   300.e6  3.690e3 6.126e3 7.628e3 9.840e3 11.82e3 13.83e3 15.48e3 16.92e3 19.14e3 19.32e3 21.40e3 22.73e3 25.24e3 26.74e3 27.99e3 29.31e3 30.24e3 30.17e3 34.45e3 35.39e3 36.03e3 37.37e3 38.48e3 39.08e3 39.48e3 40.03e3 40.93e3 42.58e3 43.04e3 43.81e3 45.41e3 45.91e3 47.32e3 48.40e3 48.44e3 46.52e3 52.08e3 53.30e3 54.72e3 53.94e3 53.80e3 55.07e3 56.70e3 56.60e3 57.43e3 58.97e3 59.45e3 62.14e3 62.36e3 63.93e3 64.66e3 64.17e3 63.78e3 62.97e3 67.40e3 68.41e3 71.28e3 69.55e3 71.34e3 68.78e3 71.00e3 72.34e3 72.33e3 73.50e3 72.78e3 73.00e3 73.67e3 75.66e3 73.93e3 74.45e3 75.88e3 78.22e3 75.84e3 75.86e3 77.85e3 76.53e3 76.87e3 77.92e3 77.61e3 79.20e3 79.74e3 83.01e3 81.85e3 82.37e3 84.68e3 86.46e3 86.96e3 87.49e3 87.79e3 89.09e3 88.51e3 90.73e3 
   325.e6  3.592e3 6.069e3 7.586e3 9.772e3 11.81e3 13.84e3 15.48e3 16.99e3 19.10e3 19.29e3 21.40e3 22.76e3 25.36e3 26.88e3 28.01e3 29.34e3 30.35e3 30.37e3 34.50e3 35.46e3 36.13e3 37.64e3 38.68e3 39.15e3 39.70e3 40.21e3 41.20e3 42.89e3 43.36e3 44.21e3 45.75e3 46.17e3 47.68e3 48.76e3 48.93e3 46.97e3 52.46e3 53.68e3 55.15e3 54.27e3 54.23e3 55.57e3 57.21e3 57.08e3 57.94e3 59.50e3 59.97e3 62.75e3 63.09e3 64.51e3 65.37e3 64.71e3 64.40e3 63.34e3 68.01e3 69.02e3 72.00e3 70.45e3 71.97e3 69.51e3 71.72e3 72.83e3 73.07e3 74.30e3 73.57e3 73.84e3 74.49e3 76.39e3 74.90e3 75.50e3 76.59e3 79.36e3 77.03e3 77.04e3 78.83e3 77.58e3 78.09e3 78.92e3 78.67e3 80.32e3 80.86e3 84.20e3 82.89e3 83.63e3 86.44e3 87.81e3 88.34e3 88.72e3 89.13e3 90.37e3 89.81e3 92.04e3 
   350.e6  3.506e3 6.008e3 7.537e3 9.695e3 11.77e3 13.81e3 15.45e3 17.03e3 19.03e3 19.25e3 21.36e3 22.74e3 25.42e3 26.96e3 27.97e3 29.31e3 30.39e3 30.53e3 34.48e3 35.46e3 36.15e3 37.84e3 38.77e3 39.14e3 39.83e3 40.30e3 41.36e3 43.09e3 43.56e3 44.49e3 45.96e3 46.34e3 47.91e3 49.00e3 49.37e3 47.35e3 52.71e3 53.92e3 55.42e3 54.50e3 54.53e3 55.92e3 57.56e3 57.40e3 58.31e3 59.88e3 60.34e3 63.18e3 63.60e3 64.91e3 65.89e3 65.09e3 64.88e3 63.65e3 68.45e3 69.47e3 72.52e3 71.14e3 72.40e3 70.04e3 72.23e3 73.17e3 73.61e3 74.90e3 74.15e3 74.48e3 75.09e3 76.91e3 75.63e3 76.29e3 77.12e3 80.22e3 77.98e3 77.98e3 79.56e3 78.41e3 79.06e3 79.67e3 79.52e3 81.19e3 81.75e3 85.10e3 83.71e3 84.62e3 87.93e3 88.92e3 89.46e3 89.67e3 90.19e3 91.37e3 90.84e3 93.08e3 
   375.e6  3.430e3 5.944e3 7.482e3 9.612e3 11.71e3 13.76e3 15.41e3 17.05e3 18.92e3 19.18e3 21.29e3 22.69e3 25.42e3 26.97e3 27.88e3 29.23e3 30.39e3 30.63e3 34.40e3 35.40e3 36.10e3 37.97e3 38.77e3 39.06e3 39.88e3 40.33e3 41.44e3 43.20e3 43.67e3 44.67e3 46.08e3 46.42e3 48.03e3 49.12e3 49.75e3 47.68e3 52.84e3 54.05e3 55.55e3 54.63e3 54.73e3 56.16e3 57.78e3 57.60e3 58.54e3 60.14e3 60.57e3 63.47e3 63.91e3 65.15e3 66.25e3 65.33e3 65.25e3 63.91e3 68.74e3 69.77e3 72.89e3 71.66e3 72.66e3 70.41e3 72.58e3 73.39e3 73.98e3 75.32e3 74.56e3 74.98e3 75.51e3 77.25e3 76.18e3 76.87e3 77.50e3 80.85e3 78.72e3 78.73e3 80.09e3 79.07e3 79.83e3 80.22e3 80.20e3 81.88e3 82.45e3 85.76e3 84.35e3 85.38e3 89.18e3 89.83e3 90.35e3 90.40e3 91.02e3 92.14e3 91.64e3 93.92e3 
   400.e6  3.363e3 5.878e3 7.423e3 9.525e3 11.64e3 13.70e3 15.36e3 17.04e3 18.80e3 19.11e3 21.18e3 22.62e3 25.37e3 26.93e3 27.76e3 29.10e3 30.35e3 30.70e3 34.26e3 35.30e3 36.01e3 38.04e3 38.70e3 38.94e3 39.86e3 40.31e3 41.45e3 43.24e3 43.69e3 44.77e3 46.11e3 46.43e3 48.06e3 49.16e3 50.09e3 47.95e3 52.88e3 54.08e3 55.57e3 54.69e3 54.84e3 56.30e3 57.88e3 57.69e3 58.68e3 60.29e3 60.71e3 63.62e3 64.07e3 65.27e3 66.46e3 65.45e3 65.53e3 64.12e3 68.93e3 69.96e3 73.13e3 72.04e3 72.80e3 70.64e3 72.79e3 73.51e3 74.21e3 75.60e3 74.83e3 75.34e3 75.77e3 77.45e3 76.58e3 77.27e3 77.77e3 81.30e3 79.27e3 79.30e3 80.45e3 79.59e3 80.42e3 80.61e3 80.73e3 82.40e3 82.99e3 86.21e3 84.85e3 85.96e3 90.21e3 90.57e3 91.04e3 90.94e3 91.65e3 92.71e3 92.25e3 94.56e3 
   450.e6  3.248e3 5.743e3 7.297e3 9.341e3 11.45e3 13.52e3 15.23e3 16.98e3 18.51e3 18.93e3 20.92e3 22.41e3 25.18e3 26.75e3 27.42e3 28.77e3 30.15e3 30.70e3 33.89e3 35.01e3 35.70e3 38.03e3 38.41e3 38.57e3 39.69e3 40.14e3 41.32e3 43.14e3 43.56e3 44.76e3 45.99e3 46.30e3 47.91e3 49.02e3 50.62e3 48.34e3 52.75e3 53.93e3 55.34e3 54.65e3 54.87e3 56.36e3 57.84e3 57.65e3 58.72e3 60.33e3 60.73e3 63.64e3 64.01e3 65.22e3 66.57e3 65.45e3 65.89e3 64.43e3 69.04e3 70.09e3 73.30e3 72.46e3 72.78e3 70.82e3 72.90e3 73.53e3 74.36e3 75.81e3 75.05e3 75.78e3 75.96e3 77.53e3 76.99e3 77.65e3 78.04e3 81.74e3 79.92e3 80.05e3 80.77e3 80.28e3 81.17e3 81.03e3 81.45e3 83.08e3 83.68e3 86.65e3 85.48e3 86.65e3 91.75e3 91.63e3 91.95e3 91.56e3 92.44e3 93.40e3 93.02e3 95.40e3 
   500.e6  3.155e3 5.609e3 7.166e3 9.152e3 11.23e3 13.30e3 15.07e3 16.86e3 18.19e3 18.72e3 20.60e3 22.16e3 24.89e3 26.45e3 27.02e3 28.36e3 29.85e3 30.56e3 33.42e3 34.63e3 35.30e3 37.86e3 37.97e3 38.11e3 39.37e3 39.86e3 41.03e3 42.89e3 43.25e3 44.56e3 45.68e3 46.02e3 47.56e3 48.68e3 50.98e3 48.57e3 52.42e3 53.57e3 54.87e3 54.46e3 54.71e3 56.17e3 57.53e3 57.37e3 58.53e3 60.11e3 60.51e3 63.37e3 63.59e3 64.89e3 66.36e3 65.20e3 66.05e3 64.60e3 68.89e3 69.97e3 73.16e3 72.54e3 72.47e3 70.70e3 72.70e3 73.35e3 74.21e3 75.67e3 74.96e3 75.92e3 75.82e3 77.33e3 77.05e3 77.62e3 78.07e3 81.74e3 80.09e3 80.37e3 80.70e3 80.62e3 81.49e3 81.08e3 81.82e3 83.38e3 84.00e3 86.60e3 85.76e3 86.88e3 92.70e3 92.25e3 92.36e3 91.73e3 92.76e3 93.63e3 93.33e3 95.77e3 
   550.e6  3.075e3 5.476e3 7.035e3 8.962e3 11.00e3 13.06e3 14.88e3 16.71e3 17.86e3 18.51e3 20.25e3 21.88e3 24.53e3 26.09e3 26.57e3 27.90e3 29.48e3 30.31e3 32.88e3 34.20e3 34.83e3 37.57e3 37.45e3 37.60e3 38.97e3 39.51e3 40.64e3 42.53e3 42.82e3 44.22e3 45.23e3 45.64e3 47.07e3 48.20e3 51.18e3 48.65e3 51.95e3 53.08e3 54.24e3 54.16e3 54.42e3 55.83e3 57.05e3 56.95e3 58.18e3 59.72e3 60.13e3 62.89e3 62.94e3 64.39e3 65.91e3 64.77e3 66.06e3 64.66e3 68.56e3 69.67e3 72.80e3 72.38e3 71.97e3 70.39e3 72.30e3 73.02e3 73.85e3 75.30e3 74.66e3 75.85e3 75.45e3 76.93e3 76.86e3 77.30e3 77.94e3 81.44e3 79.92e3 80.39e3 80.37e3 80.71e3 81.49e3 80.89e3 81.93e3 83.41e3 84.04e3 86.23e3 85.78e3 86.77e3 93.19e3 92.55e3 92.39e3 91.56e3 92.73e3 93.52e3 93.31e3 95.78e3 
   600.e6  3.006e3 5.347e3 6.905e3 8.774e3 10.77e3 12.81e3 14.67e3 16.52e3 17.53e3 18.29e3 19.88e3 21.58e3 24.14e3 25.67e3 26.10e3 27.42e3 29.07e3 29.97e3 32.32e3 33.73e3 34.33e3 37.19e3 36.87e3 37.05e3 38.50e3 39.11e3 40.19e3 42.09e3 42.31e3 43.78e3 44.70e3 45.19e3 46.49e3 47.63e3 51.25e3 48.61e3 51.40e3 52.50e3 53.50e3 53.79e3 54.03e3 55.37e3 56.45e3 56.43e3 57.73e3 59.19e3 59.64e3 62.27e3 62.15e3 63.76e3 65.31e3 64.24e3 65.96e3 64.61e3 68.11e3 69.25e3 72.30e3 72.03e3 71.35e3 69.95e3 71.76e3 72.59e3 73.35e3 74.76e3 74.21e3 75.62e3 74.94e3 76.41e3 76.49e3 76.78e3 77.69e3 80.92e3 79.48e3 80.18e3 79.85e3 80.61e3 81.27e3 80.54e3 81.86e3 83.24e3 83.89e3 85.64e3 85.60e3 86.42e3 93.33e3 92.60e3 92.15e3 91.16e3 92.44e3 93.18e3 93.05e3 95.53e3 
   650.e6  2.942e3 5.220e3 6.776e3 8.589e3 10.54e3 12.55e3 14.45e3 16.31e3 17.21e3 18.06e3 19.51e3 21.27e3 23.72e3 25.24e3 25.62e3 26.92e3 28.63e3 29.56e3 31.73e3 33.25e3 33.80e3 36.74e3 36.26e3 36.50e3 38.00e3 38.68e3 39.70e3 41.60e3 41.75e3 43.27e3 44.10e3 44.70e3 45.85e3 46.99e3 51.18e3 48.47e3 50.79e3 51.86e3 52.70e3 53.36e3 53.58e3 54.83e3 55.76e3 55.84e3 57.21e3 58.57e3 59.07e3 61.55e3 61.27e3 63.07e3 64.59e3 63.63e3 65.76e3 64.47e3 67.58e3 68.75e3 71.68e3 71.55e3 70.65e3 69.43e3 71.13e3 72.09e3 72.76e3 74.10e3 73.67e3 75.27e3 74.33e3 75.81e3 75.99e3 76.13e3 77.34e3 80.26e3 78.85e3 79.79e3 79.21e3 80.37e3 80.88e3 80.07e3 81.64e3 82.94e3 83.59e3 84.90e3 85.29e3 85.90e3 93.17e3 92.45e3 91.69e3 90.59e3 91.96e3 92.65e3 92.61e3 95.07e3 
   700.e6  2.883e3 5.097e3 6.651e3 8.410e3 10.32e3 12.29e3 14.21e3 16.09e3 16.89e3 17.83e3 19.13e3 20.96e3 23.28e3 24.78e3 25.14e3 26.42e3 28.18e3 29.11e3 31.14e3 32.76e3 33.27e3 36.24e3 35.64e3 35.94e3 37.48e3 38.23e3 39.18e3 41.08e3 41.16e3 42.72e3 43.46e3 44.19e3 45.18e3 46.32e3 51.00e3 48.24e3 50.14e3 51.20e3 51.87e3 52.89e3 53.08e3 54.24e3 55.02e3 55.21e3 56.64e3 57.88e3 58.45e3 60.77e3 60.35e3 62.33e3 63.79e3 62.97e3 65.49e3 64.25e3 66.98e3 68.18e3 70.99e3 70.97e3 69.91e3 68.84e3 70.44e3 71.53e3 72.12e3 73.37e3 73.07e3 74.83e3 73.66e3 75.15e3 75.41e3 75.40e3 76.93e3 79.51e3 78.08e3 79.28e3 78.48e3 80.02e3 80.37e3 79.53e3 81.30e3 82.52e3 83.18e3 84.06e3 84.87e3 85.26e3 92.78e3 92.13e3 91.07e3 89.90e3 91.35e3 92.00e3 92.03e3 94.46e3 
   800.e6  2.772e3 4.861e3 6.410e3 8.068e3 9.898e3 11.79e3 13.72e3 15.61e3 16.29e3 17.36e3 18.40e3 20.32e3 22.41e3 23.87e3 24.20e3 25.44e3 27.28e3 28.12e3 29.97e3 31.77e3 32.21e3 35.14e3 34.42e3 34.86e3 36.40e3 37.31e3 38.12e3 39.98e3 39.94e3 41.55e3 42.12e3 43.11e3 43.78e3 44.92e3 50.35e3 47.59e3 48.81e3 49.83e3 50.18e3 51.87e3 51.98e3 52.96e3 53.46e3 53.90e3 55.40e3 56.38e3 57.12e3 59.10e3 58.50e3 60.81e3 62.08e3 61.59e3 64.75e3 63.58e3 65.68e3 66.92e3 69.47e3 69.63e3 68.36e3 67.57e3 68.97e3 70.31e3 70.71e3 71.76e3 71.75e3 73.75e3 72.22e3 73.77e3 74.09e3 73.79e3 75.94e3 77.84e3 76.28e3 77.99e3 76.90e3 79.08e3 79.11e3 78.30e3 80.37e3 81.45e3 82.11e3 82.25e3 83.79e3 83.75e3 91.50e3 91.13e3 89.51e3 88.29e3 89.84e3 90.45e3 90.59e3 92.92e3 
   900.e6  2.664e3 4.638e3 6.181e3 7.750e3 9.518e3 11.31e3 13.22e3 15.10e3 15.72e3 16.89e3 17.71e3 19.69e3 21.56e3 22.98e3 23.30e3 24.50e3 26.42e3 27.11e3 28.85e3 30.80e3 31.19e3 33.97e3 33.25e3 33.83e3 35.33e3 36.36e3 37.06e3 38.86e3 38.72e3 40.33e3 40.75e3 42.02e3 42.39e3 43.51e3 49.39e3 46.75e3 47.48e3 48.46e3 48.52e3 50.76e3 50.82e3 51.62e3 51.87e3 52.58e3 54.11e3 54.80e3 55.75e3 57.39e3 56.74e3 59.28e3 60.30e3 60.17e3 63.80e3 62.66e3 64.29e3 65.56e3 67.86e3 68.12e3 66.79e3 66.25e3 67.46e3 68.98e3 69.25e3 70.08e3 70.34e3 72.49e3 70.73e3 72.32e3 72.64e3 72.14e3 74.78e3 76.09e3 74.30e3 76.49e3 75.25e3 77.90e3 77.66e3 76.96e3 79.19e3 80.17e3 80.84e3 80.39e3 82.50e3 82.08e3 89.74e3 89.75e3 87.69e3 86.52e3 88.12e3 88.71e3 88.92e3 91.11e3 
   1.00e9  2.557e3 4.428e3 5.963e3 7.455e3 9.173e3 10.86e3 12.73e3 14.58e3 15.18e3 16.42e3 17.05e3 19.07e3 20.75e3 22.12e3 22.45e3 23.62e3 25.60e3 26.12e3 27.79e3 29.85e3 30.21e3 32.80e3 32.15e3 32.85e3 34.29e3 35.42e3 36.02e3 37.73e3 37.54e3 39.13e3 39.41e3 40.95e3 41.03e3 42.14e3 48.22e3 45.78e3 46.18e3 47.14e3 46.95e3 49.60e3 49.64e3 50.28e3 50.31e3 51.29e3 52.81e3 53.20e3 54.38e3 55.70e3 55.12e3 57.79e3 58.54e3 58.77e3 62.69e3 61.55e3 62.86e3 64.14e3 66.21e3 66.54e3 65.24e3 64.91e3 65.95e3 67.60e3 67.78e3 68.40e3 68.91e3 71.12e3 69.24e3 70.87e3 71.14e3 70.50e3 73.49e3 74.34e3 72.27e3 74.88e3 73.63e3 76.58e3 76.11e3 75.56e3 77.84e3 78.76e3 79.43e3 78.58e3 81.07e3 80.36e3 87.70e3 88.12e3 85.73e3 84.70e3 86.29e3 86.89e3 87.12e3 89.17e3 
   1.10e9  2.449e3 4.229e3 5.755e3 7.183e3 8.857e3 10.45e3 12.24e3 14.07e3 14.67e3 15.95e3 16.44e3 18.48e3 19.99e3 21.32e3 21.66e3 22.79e3 24.84e3 25.20e3 26.80e3 28.94e3 29.29e3 31.64e3 31.13e3 31.94e3 33.29e3 34.48e3 35.01e3 36.63e3 36.41e3 37.95e3 38.12e3 39.90e3 39.74e3 40.83e3 46.90e3 44.73e3 44.93e3 45.88e3 45.47e3 48.40e3 48.44e3 48.97e3 48.80e3 50.03e3 51.51e3 51.62e3 53.03e3 54.07e3 53.65e3 56.36e3 56.83e3 57.39e3 61.43e3 60.30e3 61.43e3 62.70e3 64.56e3 64.93e3 63.75e3 63.57e3 64.47e3 66.18e3 66.31e3 66.77e3 67.46e3 69.66e3 67.79e3 69.40e3 69.62e3 68.93e3 72.10e3 72.62e3 70.27e3 73.24e3 72.05e3 75.14e3 74.54e3 74.13e3 76.38e3 77.27e3 77.93e3 76.86e3 79.55e3 78.64e3 85.50e3 86.30e3 83.73e3 82.88e3 84.43e3 85.03e3 85.27e3 87.17e3 
   1.20e9  2.343e3 4.041e3 5.557e3 6.932e3 8.566e3 10.07e3 11.77e3 13.56e3 14.17e3 15.48e3 15.87e3 17.90e3 19.28e3 20.57e3 20.92e3 22.02e3 24.13e3 24.37e3 25.88e3 28.07e3 28.41e3 30.53e3 30.19e3 31.07e3 32.33e3 33.56e3 34.04e3 35.55e3 35.35e3 36.82e3 36.89e3 38.87e3 38.52e3 39.59e3 45.49e3 43.65e3 43.74e3 44.67e3 44.10e3 47.19e3 47.25e3 47.70e3 47.37e3 48.83e3 50.24e3 50.09e3 51.71e3 52.51e3 52.32e3 54.98e3 55.20e3 56.06e3 60.07e3 58.95e3 60.00e3 61.26e3 62.94e3 63.32e3 62.30e3 62.26e3 63.03e3 64.74e3 64.86e3 65.20e3 66.03e3 68.16e3 66.36e3 67.94e3 68.11e3 67.43e3 70.63e3 70.96e3 68.35e3 71.59e3 70.53e3 73.64e3 72.95e3 72.69e3 74.85e3 75.73e3 76.38e3 75.24e3 77.98e3 76.97e3 83.22e3 84.36e3 81.73e3 81.09e3 82.57e3 83.18e3 83.39e3 85.16e3 
   1.30e9  2.238e3 3.864e3 5.368e3 6.699e3 8.294e3 9.727e3 11.32e3 13.07e3 13.70e3 15.02e3 15.33e3 17.35e3 18.61e3 19.86e3 20.22e3 21.29e3 23.46e3 23.62e3 25.03e3 27.23e3 27.58e3 29.48e3 29.31e3 30.26e3 31.41e3 32.66e3 33.11e3 34.50e3 34.34e3 35.74e3 35.73e3 37.89e3 37.36e3 38.42e3 44.03e3 42.56e3 42.60e3 43.53e3 42.83e3 45.97e3 46.08e3 46.47e3 46.02e3 47.67e3 48.99e3 48.61e3 50.44e3 51.03e3 51.12e3 53.66e3 53.65e3 54.78e3 58.62e3 57.53e3 58.58e3 59.81e3 61.35e3 61.73e3 60.90e3 60.96e3 61.63e3 63.29e3 63.44e3 63.70e3 64.60e3 66.63e3 64.98e3 66.49e3 66.62e3 66.00e3 69.10e3 69.37e3 66.52e3 69.96e3 69.08e3 72.09e3 71.39e3 71.24e3 73.28e3 74.15e3 74.80e3 73.71e3 76.37e3 75.34e3 80.92e3 82.33e3 79.76e3 79.35e3 80.73e3 81.36e3 81.52e3 83.18e3 
   1.40e9  2.136e3 3.698e3 5.186e3 6.483e3 8.039e3 9.409e3 10.90e3 12.61e3 13.25e3 14.56e3 14.83e3 16.82e3 17.99e3 19.21e3 19.58e3 20.61e3 22.83e3 22.95e3 24.23e3 26.43e3 26.79e3 28.48e3 28.50e3 29.49e3 30.54e3 31.77e3 32.21e3 33.49e3 33.40e3 34.71e3 34.64e3 36.93e3 36.28e3 37.32e3 42.57e3 41.48e3 41.51e3 42.43e3 41.64e3 44.76e3 44.93e3 45.30e3 44.74e3 46.56e3 47.78e3 47.20e3 49.21e3 49.63e3 50.01e3 52.39e3 52.19e3 53.53e3 57.13e3 56.08e3 57.19e3 58.38e3 59.81e3 60.17e3 59.55e3 59.68e3 60.27e3 61.85e3 62.04e3 62.26e3 63.19e3 65.10e3 63.63e3 65.05e3 65.15e3 64.65e3 67.54e3 67.82e3 64.80e3 68.37e3 67.70e3 70.51e3 69.85e3 69.79e3 71.68e3 72.56e3 73.20e3 72.27e3 74.74e3 73.77e3 78.65e3 80.27e3 77.84e3 77.65e3 78.93e3 79.57e3 79.67e3 81.24e3 
   1.50e9  2.037e3 3.542e3 5.013e3 6.282e3 7.797e3 9.117e3 10.50e3 12.16e3 12.81e3 14.12e3 14.37e3 16.30e3 17.41e3 18.59e3 18.97e3 19.98e3 22.24e3 22.37e3 23.49e3 25.66e3 26.05e3 27.55e3 27.73e3 28.75e3 29.71e3 30.91e3 31.35e3 32.52e3 32.50e3 33.74e3 33.61e3 36.01e3 35.27e3 36.29e3 41.12e3 40.42e3 40.47e3 41.39e3 40.54e3 43.56e3 43.81e3 44.18e3 43.54e3 45.49e3 46.60e3 45.86e3 48.03e3 48.31e3 48.99e3 51.16e3 50.81e3 52.33e3 55.60e3 54.62e3 55.83e3 56.97e3 58.32e3 58.66e3 58.23e3 58.42e3 58.95e3 60.41e3 60.67e3 60.89e3 61.80e3 63.56e3 62.31e3 63.62e3 63.70e3 63.35e3 65.96e3 66.34e3 63.19e3 66.82e3 66.37e3 68.93e3 68.34e3 68.34e3 70.09e3 70.96e3 71.59e3 70.90e3 73.11e3 72.26e3 76.43e3 78.18e3 75.99e3 76.01e3 77.17e3 77.82e3 77.85e3 79.36e3 
   1.60e9  1.942e3 3.396e3 4.847e3 6.095e3 7.565e3 8.846e3 10.13e3 11.73e3 12.39e3 13.68e3 13.94e3 15.82e3 16.87e3 18.02e3 18.41e3 19.39e3 21.67e3 21.85e3 22.81e3 24.92e3 25.34e3 26.67e3 27.02e3 28.05e3 28.91e3 30.08e3 30.52e3 31.58e3 31.66e3 32.81e3 32.65e3 35.12e3 34.32e3 35.32e3 39.71e3 39.38e3 39.48e3 40.40e3 39.51e3 42.38e3 42.71e3 43.10e3 42.41e3 44.45e3 45.45e3 44.59e3 46.88e3 47.07e3 48.02e3 49.97e3 49.52e3 51.16e3 54.06e3 53.17e3 54.50e3 55.59e3 56.88e3 57.19e3 56.96e3 57.18e3 57.67e3 59.00e3 59.33e3 59.58e3 60.43e3 62.04e3 61.02e3 62.20e3 62.28e3 62.11e3 64.37e3 64.90e3 61.69e3 65.32e3 65.09e3 67.35e3 66.86e3 66.90e3 68.50e3 69.38e3 70.00e3 69.59e3 71.49e3 70.80e3 74.28e3 76.11e3 74.20e3 74.42e3 75.46e3 76.12e3 76.08e3 77.55e3 
   1.70e9  1.853e3 3.259e3 4.689e3 5.919e3 7.344e3 8.595e3 9.779e3 11.32e3 11.98e3 13.26e3 13.53e3 15.35e3 16.37e3 17.48e3 17.88e3 18.83e3 21.13e3 21.39e3 22.17e3 24.21e3 24.66e3 25.86e3 26.35e3 27.37e3 28.15e3 29.26e3 29.72e3 30.69e3 30.86e3 31.93e3 31.75e3 34.25e3 33.43e3 34.41e3 38.34e3 38.38e3 38.53e3 39.44e3 38.55e3 41.23e3 41.65e3 42.07e3 41.34e3 43.46e3 44.34e3 43.39e3 45.78e3 45.90e3 47.10e3 48.82e3 48.30e3 50.03e3 52.53e3 51.75e3 53.20e3 54.23e3 55.49e3 55.76e3 55.72e3 55.96e3 56.42e3 57.61e3 58.02e3 58.33e3 59.09e3 60.55e3 59.76e3 60.81e3 60.90e3 60.92e3 62.80e3 63.51e3 60.28e3 63.87e3 63.85e3 65.79e3 65.43e3 65.47e3 66.93e3 67.81e3 68.42e3 68.34e3 69.89e3 69.39e3 72.21e3 74.07e3 72.49e3 72.88e3 73.81e3 74.47e3 74.35e3 75.79e3 
   1.80e9  1.768e3 3.133e3 4.538e3 5.754e3 7.130e3 8.360e3 9.456e3 10.94e3 11.59e3 12.85e3 13.15e3 14.90e3 15.89e3 16.98e3 17.38e3 18.31e3 20.61e3 20.98e3 21.57e3 23.54e3 24.02e3 25.09e3 25.71e3 26.72e3 27.43e3 28.48e3 28.96e3 29.83e3 30.11e3 31.10e3 30.91e3 33.42e3 32.59e3 33.55e3 37.05e3 37.41e3 37.62e3 38.53e3 37.65e3 40.11e3 40.62e3 41.08e3 40.34e3 42.49e3 43.27e3 42.26e3 44.71e3 44.80e3 46.22e3 47.71e3 47.14e3 48.93e3 51.02e3 50.37e3 51.94e3 52.91e3 54.14e3 54.39e3 54.52e3 54.76e3 55.21e3 56.26e3 56.73e3 57.13e3 57.77e3 59.08e3 58.53e3 59.43e3 59.55e3 59.76e3 61.25e3 62.17e3 58.97e3 62.47e3 62.65e3 64.26e3 64.03e3 64.06e3 65.40e3 66.27e3 66.87e3 67.11e3 68.31e3 68.03e3 70.24e3 72.07e3 70.84e3 71.38e3 72.20e3 72.87e3 72.68e3 74.11e3 
   2.00e9  1.617e3 2.906e3 4.259e3 5.451e3 6.727e3 7.931e3 8.879e3 10.24e3 10.87e3 12.08e3 12.46e3 14.07e3 15.02e3 16.06e3 16.48e3 17.37e3 19.61e3 20.25e3 20.49e3 22.28e3 22.81e3 23.72e3 24.52e3 25.48e3 26.07e3 26.99e3 27.51e3 28.22e3 28.70e3 29.55e3 29.40e3 31.85e3 31.07e3 31.99e3 34.66e3 35.58e3 35.89e3 36.79e3 36.00e3 37.99e3 38.66e3 39.22e3 38.52e3 40.66e3 41.23e3 40.20e3 42.69e3 42.78e3 44.51e3 45.58e3 45.03e3 46.83e3 48.12e3 47.77e3 49.52e3 50.38e3 51.60e3 51.80e3 52.20e3 52.44e3 52.88e3 53.65e3 54.25e3 54.84e3 55.21e3 56.28e3 56.15e3 56.77e3 56.95e3 57.54e3 58.26e3 59.58e3 56.60e3 59.81e3 60.34e3 61.29e3 61.36e3 61.31e3 62.46e3 63.29e3 63.87e3 64.76e3 65.25e3 65.42e3 66.59e3 68.27e3 67.75e3 68.53e3 69.15e3 69.80e3 69.49e3 70.93e3 
