# SRIM-2013 Electronic stopping power table for Z1=62
# Converted from a table provided by H.Hofsaess
# units of energy:         eV
# units of stopping power: eV A^2
#      \Z2 1       2       3       4       5       6       7       8       9       10      11      12      13      14      15      16      17      18      19      20      21      22      23      24      25      26      27      28      29      30      31      32      33      34      35      36      37      38      39      40      41      42      43      44      45      46      47      48      49      50      51      52      53      54      55      56      57      58      59      60      61      62      63      64      65      66      67      68      69      70      71      72      73      74      75      76      77      78      79      80      81      82      83      84      85      86      87      88      89      90      91      92      
# energy\  H       He      Li      Be      B       C       N       O       F       Ne      Na      Mg      Al      Si      P       S       Cl      Ar      K       Ca      Sc      Ti      V       Cr      Mn      Fe      Co      Ni      Cu      Zn      Ga      Ge      As      Se      Br      Kr      Rb      Sr      Y       Zr      Nb      Mo      Tc      Ru      Rh      Pd      Ag      Cd      In      Sn      Sb      Te      I       Xe      Cs      Ba      La      Ce      Pr      Nd      Pm      Sm      Eu      Gd      Tb      Dy      Ho      Er      Tm      Yb      Lu      Hf      Ta      W       Re      Os      Ir      Pt      Au      Hg      Tl      Pb      Bi      Po      At      Rn      Fr      Ra      Ac      Th      Pa      U       
   0.00    0.0     0.0     0.0     0.0     0.0     0.0     0.0     0.0     0.0     0.0     0.0     0.0     0.0     0.0     0.0     0.0     0.0     0.0     0.0     0.0     0.0     0.0     0.0     0.0     0.0     0.0     0.0     0.0     0.0     0.0     0.0     0.0     0.0     0.0     0.0     0.0     0.0     0.0     0.0     0.0     0.0     0.0     0.0     0.0     0.0     0.0     0.0     0.0     0.0     0.0     0.0     0.0     0.0     0.0     0.0     0.0     0.0     0.0     0.0     0.0     0.0     0.0     0.0     0.0     0.0     0.0     0.0     0.0     0.0     0.0     0.0     0.0     0.0     0.0     0.0     0.0     0.0     0.0     0.0     0.0     0.0     0.0     0.0     0.0     0.0     0.0     0.0     0.0     0.0     0.0     0.0     0.0     
   10.0    0.581   0.711   0.911   1.861   2.211   2.832   1.868   1.539   1.744   1.738   3.167   3.882   3.623   3.463   3.787   2.980   0.897   2.127   2.687   2.707   4.160   3.802   4.057   3.144   2.999   3.293   3.006   3.104   2.969   2.797   3.001   3.866   4.466   3.912   1.343   1.964   4.916   4.919   4.991   3.902   5.802   5.461   4.926   3.498   3.047   4.643   4.587   4.264   3.528   5.867   5.185   4.202   5.510   1.603   6.361   6.541   6.729   5.579   4.992   5.229   5.280   4.638   4.478   6.644   5.262   4.445   3.607   3.780   4.824   3.659   4.254   3.674   4.709   4.382   3.888   2.458   2.889   3.969   3.701   2.867   3.319   5.110   4.976   6.412   6.492   6.232   7.217   6.930   4.707   4.547   5.792   4.661   
   11.0    0.609   0.746   0.956   1.952   2.319   2.970   1.959   1.614   1.829   1.823   3.322   4.072   3.800   3.632   3.972   3.125   0.941   2.230   2.818   2.839   4.363   3.988   4.255   3.298   3.145   3.453   3.153   3.256   3.113   2.934   3.148   4.055   4.684   4.102   1.409   2.060   5.156   5.159   5.235   4.092   6.085   5.727   5.166   3.668   3.196   4.869   4.811   4.472   3.700   6.153   5.439   4.408   5.779   1.681   6.672   6.861   7.057   5.852   5.235   5.484   5.537   4.864   4.697   6.968   5.519   4.662   3.783   3.964   5.059   3.837   4.462   3.853   4.939   4.596   4.078   2.578   3.030   4.163   3.881   3.006   3.481   5.360   5.219   6.725   6.809   6.537   7.569   7.268   4.937   4.769   6.075   4.889   
   12.0    0.636   0.779   0.998   2.039   2.422   3.103   2.046   1.686   1.911   1.904   3.470   4.253   3.968   3.793   4.149   3.264   0.983   2.330   2.943   2.965   4.557   4.165   4.444   3.445   3.285   3.607   3.293   3.401   3.252   3.064   3.288   4.235   4.893   4.285   1.471   2.152   5.385   5.388   5.468   4.274   6.356   5.982   5.396   3.831   3.338   5.086   5.025   4.671   3.865   6.427   5.680   4.604   6.036   1.756   6.968   7.166   7.371   6.112   5.468   5.728   5.783   5.081   4.905   7.278   5.764   4.869   3.952   4.141   5.284   4.008   4.660   4.024   5.158   4.801   4.259   2.693   3.165   4.348   4.054   3.140   3.636   5.598   5.451   7.024   7.112   6.827   7.905   7.592   5.156   4.981   6.345   5.106   
   13.0    0.662   0.811   1.039   2.122   2.521   3.229   2.130   1.755   1.989   1.982   3.611   4.426   4.131   3.948   4.318   3.397   1.023   2.425   3.064   3.086   4.743   4.335   4.626   3.585   3.419   3.754   3.428   3.539   3.385   3.189   3.422   4.408   5.092   4.460   1.531   2.240   5.605   5.608   5.691   4.448   6.615   6.226   5.616   3.988   3.474   5.293   5.230   4.862   4.023   6.689   5.912   4.792   6.283   1.828   7.253   7.458   7.672   6.361   5.691   5.962   6.020   5.288   5.106   7.575   6.000   5.068   4.113   4.310   5.500   4.171   4.851   4.189   5.369   4.997   4.433   2.802   3.294   4.526   4.219   3.268   3.785   5.827   5.674   7.311   7.402   7.106   8.228   7.902   5.367   5.184   6.604   5.315   
   14.0    0.687   0.841   1.078   2.202   2.616   3.351   2.210   1.821   2.064   2.057   3.748   4.593   4.286   4.097   4.481   3.526   1.062   2.516   3.179   3.203   4.922   4.499   4.800   3.721   3.548   3.896   3.557   3.673   3.512   3.310   3.551   4.575   5.285   4.628   1.589   2.324   5.817   5.820   5.906   4.616   6.865   6.461   5.828   4.138   3.605   5.493   5.428   5.045   4.175   6.942   6.135   4.972   6.520   1.897   7.526   7.740   7.961   6.602   5.906   6.187   6.247   5.488   5.298   7.861   6.226   5.260   4.268   4.472   5.708   4.329   5.034   4.347   5.571   5.185   4.601   2.908   3.418   4.697   4.379   3.392   3.928   6.047   5.888   7.587   7.682   7.374   8.539   8.200   5.570   5.380   6.853   5.515   
   15.0    0.711   0.871   1.116   2.279   2.708   3.469   2.288   1.885   2.136   2.129   3.879   4.755   4.437   4.241   4.639   3.649   1.099   2.605   3.291   3.315   5.095   4.657   4.969   3.851   3.673   4.033   3.682   3.802   3.636   3.426   3.676   4.735   5.470   4.791   1.645   2.406   6.021   6.024   6.113   4.778   7.106   6.688   6.033   4.284   3.732   5.686   5.618   5.222   4.321   7.185   6.351   5.147   6.749   1.963   7.791   8.012   8.241   6.833   6.114   6.404   6.466   5.680   5.484   8.137   6.445   5.444   4.418   4.629   5.908   4.481   5.210   4.499   5.767   5.367   4.762   3.010   3.538   4.861   4.532   3.511   4.065   6.259   6.095   7.853   7.951   7.633   8.838   8.488   5.765   5.569   7.094   5.709   
   16.0    0.734   0.899   1.152   2.354   2.796   3.582   2.363   1.946   2.206   2.199   4.007   4.911   4.582   4.380   4.791   3.769   1.135   2.690   3.399   3.424   5.262   4.810   5.132   3.977   3.793   4.165   3.803   3.927   3.755   3.538   3.796   4.890   5.650   4.948   1.699   2.485   6.218   6.222   6.313   4.935   7.339   6.907   6.231   4.424   3.854   5.872   5.803   5.394   4.463   7.421   6.559   5.316   6.970   2.028   8.046   8.274   8.511   7.057   6.314   6.614   6.678   5.867   5.664   8.404   6.656   5.623   4.563   4.781   6.102   4.628   5.381   4.647   5.956   5.543   4.918   3.109   3.655   5.021   4.681   3.626   4.199   6.464   6.295   8.111   8.212   7.883   9.128   8.766   5.954   5.752   7.326   5.896   
   17.0    0.757   0.927   1.188   2.427   2.882   3.693   2.436   2.006   2.274   2.266   4.130   5.062   4.723   4.515   4.938   3.885   1.170   2.773   3.503   3.529   5.424   4.958   5.290   4.100   3.910   4.293   3.920   4.048   3.871   3.647   3.913   5.041   5.823   5.100   1.751   2.561   6.410   6.413   6.508   5.087   7.565   7.120   6.423   4.560   3.973   6.053   5.981   5.560   4.600   7.649   6.761   5.479   7.184   2.090   8.294   8.529   8.773   7.275   6.508   6.818   6.884   6.047   5.839   8.662   6.861   5.796   4.703   4.928   6.290   4.770   5.547   4.790   6.139   5.714   5.070   3.205   3.767   5.175   4.825   3.737   4.328   6.663   6.489   8.361   8.465   8.126   9.409   9.036   6.137   5.929   7.552   6.078   
   18.0    0.779   0.954   1.222   2.497   2.966   3.800   2.506   2.065   2.340   2.332   4.250   5.208   4.860   4.646   5.081   3.998   1.204   2.853   3.605   3.631   5.581   5.102   5.443   4.219   4.024   4.418   4.033   4.165   3.983   3.753   4.027   5.187   5.992   5.248   1.802   2.636   6.595   6.599   6.696   5.235   7.784   7.326   6.609   4.692   4.088   6.229   6.155   5.721   4.734   7.871   6.957   5.638   7.393   2.151   8.534   8.776   9.027   7.485   6.697   7.015   7.083   6.223   6.008   8.913   7.060   5.964   4.840   5.071   6.472   4.908   5.708   4.929   6.317   5.879   5.216   3.298   3.876   5.325   4.965   3.846   4.453   6.856   6.677   8.603   8.710   8.362   9.682   9.298   6.315   6.101   7.771   6.254   
   20.0    0.821   1.006   1.288   2.632   3.126   4.005   2.642   2.176   2.467   2.458   4.480   5.490   5.123   4.897   5.356   4.214   1.269   3.008   3.800   3.828   5.883   5.377   5.737   4.447   4.241   4.656   4.251   4.390   4.198   3.956   4.245   5.468   6.316   5.532   1.899   2.778   6.952   6.956   7.059   5.518   8.205   7.723   6.966   4.946   4.309   6.566   6.488   6.030   4.990   8.297   7.333   5.943   7.793   2.267   8.996   9.251   9.516   7.890   7.059   7.395   7.466   6.559   6.333   9.396   7.442   6.286   5.102   5.345   6.822   5.174   6.016   5.195   6.659   6.198   5.499   3.476   4.086   5.613   5.234   4.054   4.694   7.227   7.038   9.068   9.181   8.814   10.21   9.801   6.657   6.431   8.191   6.592   
   22.0    0.871   1.067   1.367   2.792   3.316   4.248   2.802   2.308   2.616   2.607   4.751   5.823   5.434   5.194   5.681   4.470   1.346   3.190   4.030   4.060   6.240   5.704   6.085   4.717   4.499   4.939   4.509   4.656   4.453   4.196   4.502   5.799   6.699   5.867   2.015   2.947   7.374   7.378   7.487   5.852   8.703   8.191   7.389   5.246   4.571   6.964   6.881   6.396   5.292   8.800   7.778   6.304   8.265   2.404   9.542   9.812   10.09   8.369   7.488   7.843   7.919   6.957   6.717   9.966   7.893   6.668   5.411   5.670   7.236   5.488   6.381   5.511   7.063   6.573   5.832   3.687   4.334   5.954   5.551   4.300   4.979   7.666   7.465   9.618   9.738   9.348   10.82   10.40   7.061   6.821   8.688   6.992   
   25.0    0.918   1.124   1.440   2.943   3.495   4.478   2.954   2.433   2.758   2.748   5.008   6.138   5.728   5.475   5.988   4.711   1.418   3.363   4.248   4.280   6.577   6.012   6.415   4.972   4.742   5.206   4.753   4.908   4.694   4.423   4.746   6.113   7.062   6.185   2.123   3.106   7.773   7.777   7.892   6.169   9.174   8.634   7.788   5.530   4.818   7.341   7.253   6.742   5.579   9.276   8.199   6.645   8.712   2.535   10.06   10.34   10.64   8.822   7.893   8.268   8.348   7.333   7.080   10.50   8.320   7.028   5.704   5.976   7.627   5.785   6.727   5.809   7.445   6.929   6.148   3.886   4.568   6.276   5.851   4.532   5.248   8.080   7.869   10.14   10.27   9.854   11.41   10.96   7.443   7.190   9.158   7.370   
   27.0    0.963   1.179   1.511   3.086   3.666   4.697   3.098   2.552   2.893   2.882   5.253   6.438   6.008   5.742   6.281   4.941   1.488   3.527   4.456   4.488   6.898   6.306   6.728   5.214   4.973   5.460   4.985   5.148   4.923   4.639   4.977   6.411   7.407   6.487   2.227   3.258   8.152   8.157   8.277   6.470   9.622   9.056   8.169   5.800   5.053   7.699   7.607   7.071   5.851   9.729   8.599   6.969   9.138   2.658   10.55   10.85   11.16   9.252   8.278   8.671   8.755   7.691   7.426   11.02   8.726   7.371   5.982   6.268   8.000   6.067   7.055   6.092   7.809   7.267   6.448   4.076   4.791   6.582   6.137   4.754   5.505   8.475   8.253   10.63   10.77   10.34   11.97   11.49   7.806   7.540   9.605   7.730   
   30.0    1.006   1.232   1.578   3.223   3.829   4.906   3.236   2.665   3.021   3.011   5.486   6.724   6.275   5.997   6.560   5.161   1.554   3.684   4.654   4.688   7.205   6.586   7.027   5.446   5.194   5.703   5.207   5.377   5.142   4.845   5.198   6.697   7.736   6.775   2.326   3.403   8.515   8.520   8.645   6.758   10.05   9.458   8.532   6.058   5.278   8.041   7.946   7.386   6.111   10.16   8.981   7.279   9.544   2.776   11.02   11.33   11.65   9.664   8.646   9.057   9.145   8.033   7.756   11.51   9.114   7.699   6.248   6.547   8.355   6.337   7.369   6.363   8.156   7.590   6.734   4.257   5.004   6.875   6.410   4.965   5.749   8.851   8.620   11.11   11.24   10.79   12.50   12.00   8.153   7.876   10.03   8.074   
   32.0    1.047   1.282   1.642   3.355   3.985   5.106   3.368   2.774   3.145   3.134   5.710   6.999   6.531   6.242   6.828   5.372   1.617   3.834   4.844   4.879   7.499   6.855   7.314   5.669   5.407   5.936   5.420   5.596   5.352   5.043   5.411   6.970   8.052   7.052   2.421   3.542   8.862   8.867   8.998   7.034   10.46   9.845   8.880   6.305   5.493   8.370   8.270   7.687   6.361   10.58   9.348   7.576   9.934   2.890   11.47   11.79   12.13   10.06   8.999   9.427   9.518   8.361   8.073   11.98   9.486   8.014   6.503   6.814   8.697   6.595   7.669   6.623   8.489   7.900   7.009   4.431   5.208   7.156   6.672   5.168   5.984   9.213   8.971   11.56   11.70   11.24   13.01   12.49   8.486   8.197   10.44   8.404   
   35.0    1.086   1.330   1.704   3.482   4.136   5.299   3.495   2.879   3.263   3.252   5.926   7.263   6.777   6.478   7.086   5.575   1.678   3.979   5.027   5.064   7.782   7.114   7.590   5.883   5.611   6.160   5.624   5.808   5.554   5.233   5.615   7.233   8.356   7.318   2.513   3.675   9.197   9.202   9.338   7.299   10.85   10.22   9.215   6.543   5.700   8.685   8.582   7.977   6.601   10.98   9.701   7.862   10.31   2.999   11.90   12.24   12.59   10.44   9.339   9.782   9.877   8.677   8.377   12.43   9.845   8.316   6.749   7.071   9.025   6.844   7.959   6.873   8.809   8.199   7.274   4.598   5.405   7.426   6.923   5.363   6.210   9.561   9.310   12.00   12.15   11.66   13.50   12.97   8.806   8.507   10.84   8.721   
   37.0    1.124   1.377   1.764   3.604   4.281   5.485   3.618   2.980   3.378   3.366   6.134   7.518   7.015   6.705   7.334   5.770   1.737   4.118   5.203   5.241   8.056   7.363   7.856   6.089   5.808   6.376   5.822   6.011   5.749   5.417   5.812   7.487   8.649   7.575   2.601   3.804   9.520   9.525   9.666   7.555   11.24   10.57   9.539   6.773   5.900   8.990   8.884   8.257   6.832   11.36   10.04   8.138   10.67   3.104   12.32   12.67   13.03   10.80   9.666   10.13   10.22   8.982   8.671   12.87   10.19   8.608   6.986   7.320   9.342   7.085   8.238   7.114   9.118   8.486   7.529   4.760   5.595   7.687   7.166   5.551   6.428   9.896   9.637   12.42   12.57   12.07   13.97   13.42   9.115   8.805   11.22   9.027   
   40.0    1.161   1.422   1.822   3.722   4.421   5.664   3.736   3.078   3.489   3.476   6.335   7.764   7.245   6.925   7.575   5.959   1.794   4.253   5.374   5.413   8.320   7.605   8.114   6.289   5.998   6.585   6.012   6.209   5.937   5.595   6.003   7.733   8.933   7.823   2.686   3.929   9.832   9.837   9.983   7.803   11.60   10.92   9.852   6.995   6.094   9.285   9.175   8.528   7.056   11.73   10.37   8.405   11.02   3.206   12.72   13.08   13.46   11.16   9.983   10.46   10.56   9.276   8.956   13.29   10.52   8.890   7.215   7.560   9.648   7.317   8.508   7.348   9.417   8.765   7.776   4.916   5.778   7.939   7.401   5.733   6.639   10.22   9.953   12.82   12.98   12.46   14.43   13.86   9.414   9.094   11.58   9.323   
   45.0    1.232   1.508   1.933   3.948   4.690   6.008   3.963   3.264   3.700   3.687   6.719   8.235   7.685   7.345   8.034   6.321   1.903   4.511   5.700   5.742   8.824   8.066   8.606   6.670   6.362   6.985   6.377   6.585   6.297   5.934   6.367   8.202   9.475   8.298   2.849   4.167   10.43   10.43   10.59   8.276   12.31   11.58   10.45   7.419   6.464   9.848   9.731   9.046   7.485   12.45   11.00   8.915   11.69   3.400   13.49   13.88   14.27   11.84   10.59   11.09   11.20   9.839   9.499   14.09   11.16   9.429   7.652   8.018   10.23   7.761   9.025   7.793   9.989   9.296   8.248   5.214   6.129   8.420   7.850   6.081   7.041   10.84   10.56   13.60   13.77   13.22   15.31   14.70   9.985   9.646   12.29   9.888   
   50.0    1.298   1.590   2.037   4.161   4.943   6.333   4.177   3.441   3.900   3.887   7.083   8.681   8.101   7.743   8.469   6.663   2.006   4.755   6.008   6.052   9.302   8.503   9.072   7.031   6.706   7.363   6.722   6.941   6.638   6.255   6.711   8.645   9.987   8.747   3.003   4.393   10.99   11.00   11.16   8.724   12.97   12.21   11.01   7.821   6.813   10.38   10.26   9.535   7.889   13.12   11.59   9.397   12.32   3.584   14.22   14.63   15.05   12.48   11.16   11.69   11.81   10.37   10.01   14.86   11.77   9.940   8.066   8.452   10.79   8.181   9.513   8.215   10.53   9.799   8.694   5.496   6.460   8.876   8.275   6.410   7.422   11.43   11.13   14.34   14.52   13.94   16.14   15.50   10.53   10.17   12.95   10.42   
   55.0    1.362   1.668   2.137   4.365   5.185   6.642   4.381   3.609   4.091   4.076   7.428   9.104   8.496   8.121   8.882   6.988   2.104   4.988   6.301   6.348   9.756   8.918   9.514   7.374   7.033   7.722   7.050   7.280   6.962   6.560   7.039   9.067   10.47   9.173   3.150   4.607   11.53   11.54   11.71   9.150   13.61   12.81   11.55   8.202   7.146   10.89   10.76   10.00   8.274   13.76   12.16   9.856   12.92   3.759   14.92   15.34   15.78   13.08   11.71   12.26   12.38   10.88   10.50   15.58   12.34   10.42   8.460   8.864   11.31   8.580   9.977   8.616   11.04   10.28   9.118   5.764   6.776   9.309   8.679   6.723   7.785   11.98   11.67   15.04   15.23   14.62   16.92   16.25   11.04   10.66   13.58   10.93   
   60.0    1.422   1.742   2.232   4.559   5.415   6.937   4.576   3.769   4.273   4.258   7.759   9.509   8.874   8.482   9.277   7.299   2.198   5.209   6.582   6.630   10.19   9.314   9.937   7.702   7.346   8.065   7.364   7.604   7.271   6.852   7.352   9.470   10.94   9.581   3.290   4.812   12.04   12.05   12.23   9.557   14.21   13.38   12.07   8.567   7.464   11.37   11.24   10.44   8.642   14.37   12.70   10.29   13.50   3.927   15.58   16.02   16.48   13.67   12.23   12.81   12.93   11.36   10.97   16.27   12.89   10.89   8.836   9.259   11.82   8.962   10.42   8.999   11.53   10.73   9.524   6.021   7.077   9.723   9.065   7.022   8.131   12.52   12.19   15.71   15.90   15.27   17.68   16.98   11.53   11.14   14.19   11.42   
   65.0    1.480   1.813   2.323   4.745   5.636   7.221   4.763   3.923   4.447   4.431   8.076   9.898   9.236   8.828   9.656   7.597   2.287   5.422   6.850   6.901   10.61   9.694   10.34   8.017   7.646   8.395   7.664   7.914   7.568   7.132   7.652   9.857   11.39   9.973   3.424   5.008   12.53   12.54   12.73   9.947   14.79   13.92   12.56   8.917   7.768   11.84   11.70   10.87   8.995   14.96   13.22   10.71   14.05   4.087   16.22   16.68   17.15   14.22   12.73   13.33   13.46   11.82   11.42   16.94   13.42   11.33   9.197   9.637   12.30   9.327   10.85   9.366   12.00   11.17   9.913   6.267   7.366   10.12   9.435   7.308   8.463   13.03   12.69   16.35   16.55   15.89   18.40   17.67   12.00   11.59   14.77   11.88   
   70.0    1.536   1.881   2.410   4.924   5.849   7.493   4.943   4.071   4.615   4.599   8.380   10.27   9.585   9.161   10.02   7.884   2.374   5.627   7.109   7.161   11.01   10.06   10.73   8.319   7.935   8.711   7.954   8.213   7.854   7.401   7.941   10.23   11.82   10.35   3.553   5.198   13.01   13.01   13.21   10.32   15.35   14.45   13.03   9.254   8.062   12.28   12.14   11.28   9.335   15.52   13.72   11.12   14.58   4.241   16.83   17.31   17.80   14.76   13.21   13.83   13.97   12.27   11.85   17.58   13.92   11.76   9.544   10.00   12.76   9.680   11.26   9.720   12.46   11.59   10.29   6.503   7.644   10.50   9.791   7.584   8.782   13.52   13.17   16.97   17.18   16.49   19.09   18.34   12.45   12.03   15.32   12.33   
   80.0    1.642   2.011   2.577   5.264   6.253   8.011   5.284   4.352   4.934   4.916   8.959   10.98   10.25   9.794   10.71   8.428   2.537   6.015   7.600   7.655   11.77   10.75   11.47   8.894   8.483   9.313   8.503   8.780   8.396   7.912   8.489   10.94   12.63   11.06   3.799   5.556   13.90   13.91   14.12   11.04   16.41   15.45   13.93   9.893   8.618   13.13   12.98   12.06   9.979   16.59   14.67   11.89   15.59   4.534   17.99   18.50   19.03   15.78   14.12   14.79   14.93   13.12   12.67   18.79   14.88   12.57   10.20   10.69   13.64   10.35   12.03   10.39   13.32   12.40   11.00   6.952   8.172   11.23   10.47   8.108   9.389   14.45   14.08   18.14   18.36   17.63   20.41   19.60   13.31   12.86   16.38   13.18   
   90.0    1.742   2.133   2.733   5.583   6.632   8.497   5.604   4.616   5.233   5.214   9.502   11.65   10.87   10.39   11.36   8.939   2.691   6.380   8.061   8.120   12.48   11.41   12.17   9.433   8.997   9.878   9.019   9.313   8.906   8.392   9.004   11.60   13.40   11.73   4.029   5.893   14.75   14.76   14.97   11.70   17.41   16.38   14.78   10.49   9.141   13.93   13.76   12.79   10.58   17.60   15.56   12.61   16.53   4.809   19.08   19.62   20.19   16.74   14.98   15.69   15.84   13.91   13.43   19.93   15.79   13.34   10.82   11.34   14.47   10.98   12.76   11.02   14.13   13.15   11.66   7.374   8.667   11.91   11.10   8.600   9.958   15.33   14.93   19.24   19.48   18.70   21.65   20.79   14.12   13.64   17.38   13.98   
   100.    1.836   2.248   2.881   5.885   6.991   8.956   5.908   4.866   5.516   5.497   10.02   12.28   11.46   10.95   11.98   9.423   2.837   6.725   8.497   8.559   13.15   12.02   12.83   9.944   9.484   10.41   9.507   9.817   9.387   8.846   9.491   12.23   14.12   12.37   4.247   6.212   15.55   15.55   15.78   12.34   18.35   17.27   15.58   11.06   9.635   14.68   14.51   13.48   11.16   18.55   16.40   13.29   17.42   5.069   20.12   20.69   21.28   17.64   15.79   16.54   16.70   14.67   14.16   21.01   16.64   14.06   11.41   11.95   15.25   11.57   13.45   11.62   14.89   13.86   12.30   7.773   9.136   12.55   11.70   9.065   10.50   16.16   15.74   20.28   20.53   19.71   22.82   21.91   14.89   14.38   18.32   14.74   
   110.    1.926   2.358   3.022   6.172   7.332   9.393   6.196   5.104   5.785   5.765   10.51   12.88   12.02   11.48   12.56   9.883   2.975   7.053   8.911   8.977   13.80   12.61   13.46   10.43   9.947   10.92   9.971   10.30   9.846   9.278   9.954   12.82   14.81   12.97   4.454   6.515   16.30   16.31   16.55   12.94   19.24   18.11   16.34   11.60   10.11   15.40   15.21   14.14   11.70   19.46   17.20   13.94   18.28   5.317   21.10   21.70   22.32   18.50   16.56   17.34   17.51   15.38   14.85   22.03   17.45   14.74   11.96   12.54   16.00   12.13   14.11   12.18   15.62   14.53   12.90   8.152   9.582   13.16   12.27   9.507   11.01   16.95   16.51   21.27   21.53   20.67   23.93   22.98   15.61   15.08   19.21   15.46   
   120.    2.011   2.463   3.156   6.447   7.658   9.811   6.471   5.331   6.043   6.021   10.97   13.45   12.55   11.99   13.12   10.32   3.108   7.367   9.308   9.376   14.41   13.17   14.05   10.89   10.39   11.41   10.41   10.75   10.28   9.690   10.40   13.39   15.47   13.55   4.652   6.805   17.03   17.04   17.29   13.52   20.10   18.92   17.06   12.12   10.56   16.08   15.89   14.77   12.22   20.32   17.96   14.56   19.09   5.553   22.04   22.66   23.31   19.33   17.29   18.11   18.29   16.07   15.51   23.01   18.23   15.40   12.50   13.09   16.71   12.67   14.74   12.73   16.31   15.18   13.47   8.515   10.01   13.75   12.82   9.930   11.50   17.70   17.24   22.21   22.49   21.59   25.00   24.01   16.31   15.75   20.06   16.15   
   130.    2.093   2.564   3.285   6.710   7.971   10.21   6.736   5.548   6.289   6.267   11.42   14.00   13.06   12.48   13.66   10.74   3.235   7.668   9.688   9.759   15.00   13.71   14.63   11.34   10.81   11.87   10.84   11.19   10.70   10.09   10.82   13.94   16.10   14.10   4.842   7.083   17.72   17.73   18.00   14.07   20.92   19.69   17.76   12.61   10.99   16.74   16.54   15.37   12.72   21.15   18.70   15.15   19.87   5.780   22.94   23.59   24.26   20.12   18.00   18.85   19.04   16.72   16.15   23.95   18.97   16.03   13.01   13.63   17.39   13.19   15.34   13.25   16.98   15.80   14.02   8.862   10.42   14.31   13.34   10.34   11.97   18.43   17.94   23.12   23.41   22.47   26.02   24.99   16.97   16.39   20.88   16.81   
   140.    2.172   2.660   3.409   6.963   8.272   10.60   6.990   5.758   6.527   6.504   11.85   14.53   13.55   12.96   14.17   11.15   3.357   7.957   10.05   10.13   15.56   14.23   15.18   11.77   11.22   12.32   11.25   11.62   11.11   10.47   11.23   14.47   16.71   14.64   5.025   7.350   18.39   18.40   18.68   14.60   21.71   20.43   18.43   13.09   11.40   17.37   17.16   15.95   13.20   21.95   19.40   15.72   20.62   5.998   23.80   24.48   25.18   20.88   18.68   19.56   19.75   17.35   16.75   24.86   19.69   16.63   13.50   14.14   18.05   13.69   15.92   13.75   17.62   16.40   14.55   9.197   10.81   14.85   13.85   10.73   12.42   19.12   18.62   23.99   24.29   23.32   27.00   25.93   17.61   17.01   21.67   17.44   
   150.    2.249   2.754   3.528   7.208   8.562   10.97   7.235   5.960   6.756   6.732   12.27   15.04   14.03   13.41   14.67   11.54   3.475   8.237   10.41   10.48   16.11   14.73   15.71   12.18   11.62   12.75   11.64   12.02   11.50   10.83   11.62   14.97   17.30   15.15   5.201   7.608   19.04   19.05   19.33   15.11   22.47   21.15   19.08   13.55   11.80   17.98   17.77   16.51   13.66   22.72   20.08   16.28   21.34   6.208   24.64   25.33   26.06   21.61   19.33   20.25   20.45   17.96   17.34   25.73   20.38   17.22   13.97   14.64   18.68   14.17   16.48   14.23   18.24   16.97   15.06   9.520   11.19   15.37   14.33   11.10   12.86   19.79   19.27   24.83   25.14   24.14   27.95   26.84   18.23   17.61   22.43   18.05   
   160.    2.322   2.844   3.644   7.444   8.843   11.33   7.472   6.155   6.977   6.953   12.67   15.53   14.49   13.85   15.15   11.92   3.589   8.507   10.75   10.83   16.64   15.21   16.23   12.58   12.00   13.17   12.02   12.42   11.87   11.19   12.01   15.47   17.87   15.65   5.372   7.858   19.66   19.67   19.97   15.61   23.21   21.84   19.70   13.99   12.19   18.57   18.35   17.06   14.11   23.47   20.74   16.81   22.04   6.412   25.44   26.17   26.91   22.32   19.97   20.92   21.12   18.55   17.91   26.57   21.05   17.78   14.43   15.12   19.30   14.63   17.02   14.70   18.83   17.53   15.55   9.832   11.56   15.88   14.80   11.47   13.28   20.44   19.91   25.65   25.97   24.93   28.87   27.72   18.83   18.19   23.17   18.65   
   170.    2.394   2.932   3.756   7.673   9.115   11.68   7.702   6.345   7.192   7.167   13.06   16.01   14.94   14.28   15.62   12.29   3.699   8.769   11.08   11.16   17.15   15.68   16.73   12.96   12.37   13.58   12.40   12.80   12.24   11.53   12.37   15.94   18.42   16.13   5.537   8.100   20.27   20.28   20.58   16.09   23.92   22.52   20.31   14.42   12.56   19.14   18.91   17.58   14.55   24.19   21.38   17.33   22.72   6.609   26.23   26.97   27.74   23.00   20.58   21.56   21.77   19.12   18.46   27.39   21.70   18.33   14.87   15.58   19.89   15.08   17.54   15.15   19.41   18.07   16.03   10.13   11.91   16.37   15.26   11.82   13.69   21.07   20.52   26.44   26.77   25.70   29.75   28.57   19.41   18.75   23.88   19.22   
   180.    2.463   3.017   3.865   7.896   9.379   12.02   7.926   6.529   7.401   7.374   13.44   16.47   15.37   14.69   16.07   12.64   3.806   9.023   11.40   11.48   17.65   16.13   17.21   13.34   12.72   13.97   12.75   13.17   12.59   11.87   12.73   16.40   18.95   16.60   5.698   8.335   20.86   20.87   21.18   16.55   24.62   23.17   20.90   14.84   12.93   19.70   19.46   18.09   14.97   24.89   22.00   17.83   23.38   6.801   26.99   27.75   28.55   23.67   21.18   22.18   22.40   19.68   19.00   28.19   22.33   18.86   15.30   16.04   20.47   15.52   18.05   15.59   19.98   18.59   16.50   10.43   12.26   16.84   15.70   12.16   14.08   21.68   21.11   27.20   27.54   26.44   30.62   29.40   19.97   19.29   24.57   19.78   
   200.    2.596   3.180   4.074   8.323   9.887   12.67   8.354   6.882   7.801   7.773   14.17   17.36   16.20   15.49   16.94   13.33   4.012   9.511   12.02   12.10   18.60   17.01   18.14   14.06   13.41   14.73   13.44   13.88   13.28   12.51   13.42   17.29   19.97   17.49   6.006   8.785   21.98   22.00   22.32   17.45   25.95   24.42   22.03   15.64   13.63   20.76   20.52   19.07   15.78   26.24   23.19   18.79   24.64   7.169   28.45   29.25   30.09   24.95   22.32   23.38   23.61   20.74   20.03   29.71   23.53   19.88   16.13   16.90   21.57   16.36   19.03   16.43   21.06   19.60   17.39   10.99   12.92   17.75   16.55   12.82   14.84   22.85   22.26   28.68   29.03   27.87   32.27   30.99   21.05   20.34   25.90   20.85   
   225.    2.754   3.373   4.321   8.828   10.49   13.43   8.861   7.299   8.274   8.245   15.02   18.41   17.18   16.42   17.97   14.13   4.255   10.09   12.75   12.84   19.73   18.04   19.24   14.92   14.23   15.62   14.26   14.72   14.08   13.27   14.24   18.34   21.19   18.55   6.371   9.318   23.32   23.33   23.68   18.51   27.52   25.90   23.37   16.59   14.45   22.02   21.76   20.23   16.74   27.83   24.60   19.93   26.14   7.604   30.17   31.03   31.92   26.47   23.68   24.80   25.04   22.00   21.24   31.51   24.96   21.08   17.11   17.93   22.88   17.35   20.18   17.43   22.34   20.79   18.44   11.66   13.70   18.83   17.55   13.60   15.75   24.24   23.61   30.42   30.80   29.56   34.23   32.87   22.33   21.57   27.47   22.11   
   250.    2.903   3.555   4.555   9.305   11.05   14.16   9.341   7.694   8.722   8.691   15.84   19.41   18.11   17.31   18.94   14.90   4.486   10.63   13.43   13.53   20.80   19.01   20.28   15.72   15.00   16.46   15.03   15.52   14.84   13.99   15.01   19.33   22.33   19.56   6.715   9.822   24.58   24.59   24.96   19.51   29.01   27.30   24.63   17.49   15.24   23.21   22.94   21.32   17.64   29.33   25.93   21.01   27.55   8.015   31.81   32.71   33.64   27.90   24.96   26.14   26.40   23.19   22.39   33.22   26.31   22.23   18.04   18.90   24.12   18.29   21.27   18.37   23.54   21.91   19.44   12.29   14.45   19.85   18.50   14.33   16.60   25.55   24.88   32.06   32.46   31.16   36.08   34.65   23.54   22.74   28.96   23.31   
   275.    3.045   3.729   4.777   9.759   11.59   14.85   9.797   8.070   9.147   9.115   16.61   20.36   19.00   18.16   19.86   15.63   4.705   11.15   14.09   14.19   21.81   19.94   21.27   16.49   15.73   17.27   15.76   16.28   15.57   14.67   15.74   20.27   23.42   20.51   7.043   10.30   25.78   25.79   26.17   20.46   30.43   28.64   25.83   18.34   15.98   24.35   24.06   22.36   18.50   30.76   27.19   22.04   28.90   8.406   33.36   34.30   35.29   29.26   26.18   27.42   27.69   24.32   23.48   34.84   27.59   23.31   18.92   19.82   25.30   19.19   22.31   19.27   24.69   22.98   20.39   12.89   15.15   20.82   19.41   15.03   17.41   26.80   26.10   33.63   34.05   32.68   37.84   36.34   24.68   23.85   30.37   24.44   
   300.    3.180   3.894   4.990   10.19   12.11   15.51   10.23   8.428   9.554   9.520   17.35   21.26   19.84   18.97   20.74   16.32   4.914   11.65   14.72   14.82   22.78   20.83   22.22   17.22   16.43   18.03   16.47   17.00   16.26   15.32   16.44   21.18   24.46   21.42   7.356   10.76   26.93   26.94   27.34   21.37   31.78   29.91   26.98   19.16   16.69   25.43   25.13   23.36   19.32   32.13   28.40   23.02   30.18   8.780   34.84   35.83   36.85   30.56   27.34   28.64   28.92   25.40   24.53   36.39   28.82   24.35   19.76   20.70   26.42   20.04   23.30   20.12   25.79   24.00   21.30   13.46   15.82   21.74   20.27   15.70   18.18   27.99   27.26   35.12   35.56   34.14   39.53   37.96   25.78   24.91   31.72   25.53   
   325.    3.310   4.053   5.194   10.61   12.60   16.15   10.65   8.773   9.944   9.909   18.06   22.13   20.65   19.74   21.59   16.99   5.114   12.12   15.32   15.43   23.72   21.68   23.13   17.93   17.10   18.77   17.14   17.70   16.92   15.95   17.11   22.04   25.46   22.30   7.656   11.20   28.03   28.04   28.45   22.24   33.08   31.13   28.08   19.94   17.37   26.47   26.15   24.31   20.11   33.45   29.56   23.96   31.41   9.138   36.26   37.29   38.36   31.81   28.46   29.81   30.10   26.44   25.53   37.88   30.00   25.34   20.57   21.55   27.50   20.86   24.25   20.94   26.84   24.98   22.17   14.01   16.47   22.63   21.10   16.34   18.92   29.13   28.37   36.56   37.01   35.53   41.14   39.51   26.83   25.92   33.02   26.57   
   350.    3.435   4.206   5.390   11.01   13.08   16.76   11.05   9.104   10.32   10.28   18.74   22.97   21.43   20.49   22.41   17.63   5.308   12.58   15.90   16.01   24.61   22.50   24.00   18.60   17.74   19.48   17.79   18.37   17.56   16.55   17.76   22.87   26.42   23.14   7.945   11.62   29.08   29.10   29.53   23.08   34.33   32.31   29.14   20.69   18.03   27.47   27.14   25.23   20.87   34.71   30.68   24.86   32.60   9.483   37.63   38.70   39.81   33.01   29.53   30.93   31.23   27.44   26.49   39.30   31.13   26.30   21.34   22.36   28.54   21.64   25.17   21.73   27.86   25.93   23.00   14.54   17.09   23.48   21.89   16.96   19.64   30.23   29.44   37.94   38.41   36.87   42.69   41.00   27.85   26.90   34.27   27.58   
   375.    3.555   4.354   5.579   11.40   13.54   17.34   11.44   9.423   10.68   10.64   19.40   23.77   22.18   21.20   23.19   18.25   5.494   13.02   16.45   16.57   25.47   23.29   24.84   19.26   18.37   20.16   18.41   19.01   18.18   17.13   18.38   23.68   27.35   23.95   8.224   12.03   30.10   30.12   30.57   23.89   35.53   33.44   30.16   21.42   18.66   28.43   28.09   26.11   21.61   35.93   31.75   25.73   33.74   9.816   38.95   40.06   41.20   34.17   30.57   32.02   32.33   28.40   27.42   40.68   32.22   27.22   22.09   23.15   29.54   22.40   26.05   22.50   28.83   26.84   23.81   15.05   17.69   24.31   22.66   17.55   20.33   31.29   30.47   39.27   39.76   38.17   44.19   42.44   28.83   27.85   35.47   28.55   
   400.    3.672   4.497   5.762   11.77   13.98   17.91   11.82   9.732   11.03   10.99   20.03   24.55   22.91   21.90   23.95   18.85   5.674   13.45   16.99   17.12   26.31   24.05   25.66   19.89   18.97   20.82   19.01   19.63   18.77   17.69   18.98   24.45   28.25   24.74   8.494   12.42   31.09   31.11   31.57   24.68   36.70   34.54   31.15   22.12   19.27   29.36   29.01   26.97   22.31   37.10   32.80   26.58   34.85   10.14   40.23   41.37   42.56   35.29   31.57   33.07   33.39   29.33   28.32   42.02   33.28   28.11   22.81   23.91   30.51   23.14   26.91   23.23   29.78   27.72   24.59   15.55   18.27   25.10   23.41   18.13   20.99   32.32   31.47   40.55   41.06   39.42   45.64   43.83   29.77   28.76   36.63   29.48   
   450.    3.895   4.770   6.111   12.48   14.83   19.00   12.53   10.32   11.70   11.66   21.25   26.04   24.30   23.23   25.41   19.99   6.018   14.27   18.02   18.16   27.91   25.51   27.21   21.09   20.12   22.09   20.17   20.82   19.91   18.77   20.13   25.94   29.96   26.24   9.009   13.18   32.98   33.00   33.48   26.17   38.92   36.63   33.04   23.46   20.44   31.14   30.77   28.60   23.67   39.35   34.78   28.19   36.96   10.75   42.67   43.88   45.14   37.43   33.49   35.08   35.42   31.11   30.04   44.57   35.30   29.82   24.20   25.36   32.36   24.54   28.54   24.64   31.59   29.40   26.08   16.49   19.38   26.63   24.83   19.23   22.27   34.28   33.38   43.01   43.55   41.81   48.41   46.49   31.58   30.50   38.85   31.27   
   500.    4.105   5.028   6.442   13.16   15.63   20.03   13.21   10.88   12.33   12.29   22.40   27.45   25.62   24.48   26.78   21.07   6.344   15.04   19.00   19.14   29.41   26.89   28.69   22.23   21.21   23.28   21.26   21.95   20.99   19.78   21.22   27.34   31.58   27.66   9.497   13.89   34.76   34.78   35.29   27.59   41.03   38.61   34.83   24.73   21.55   32.83   32.44   30.15   24.95   41.48   36.67   29.72   38.96   11.33   44.98   46.25   47.58   39.45   35.30   36.97   37.33   32.80   31.66   46.98   37.21   31.43   25.51   26.73   34.11   25.87   30.08   25.98   33.30   30.99   27.49   17.38   20.43   28.07   26.17   20.27   23.47   36.14   35.19   45.34   45.91   44.07   51.03   49.00   33.28   32.15   40.96   32.96   
   550.    4.306   5.273   6.756   13.80   16.40   21.00   13.85   11.41   12.94   12.89   23.49   28.79   26.87   25.68   28.09   22.10   6.653   15.77   19.93   20.07   30.85   28.20   30.09   23.32   22.24   24.42   22.29   23.02   22.02   20.75   22.26   28.67   33.12   29.01   9.960   14.57   36.46   36.48   37.02   28.93   43.03   40.50   36.53   25.94   22.60   34.43   34.02   31.62   26.17   43.51   38.46   31.17   40.86   11.89   47.17   48.51   49.90   41.38   37.02   38.78   39.15   34.40   33.21   49.27   39.03   32.97   26.75   28.03   35.78   27.13   31.55   27.25   34.92   32.50   28.84   18.23   21.43   29.44   27.45   21.26   24.62   37.90   36.91   47.55   48.15   46.22   53.52   51.39   34.91   33.72   42.95   34.57   
   600.    4.497   5.508   7.057   14.42   17.12   21.94   14.47   11.92   13.51   13.46   24.54   30.07   28.06   26.82   29.34   23.08   6.949   16.47   20.81   20.97   32.22   29.45   31.42   24.36   23.23   25.50   23.29   24.05   22.99   21.67   23.25   29.95   34.60   30.30   10.40   15.22   38.08   38.10   38.66   30.22   44.94   42.30   38.16   27.09   23.60   35.96   35.53   33.03   27.33   45.44   40.17   32.55   42.68   12.42   49.27   50.67   52.12   43.22   38.67   40.50   40.90   35.93   34.69   51.46   40.76   34.43   27.94   29.28   37.37   28.34   32.95   28.46   36.47   33.95   30.12   19.04   22.38   30.75   28.67   22.20   25.71   39.58   38.55   49.67   50.29   48.28   55.90   53.68   36.46   35.22   44.86   36.11   
   650.    4.681   5.732   7.345   15.00   17.82   22.83   15.06   12.41   14.06   14.01   25.54   31.30   29.21   27.92   30.54   24.02   7.233   17.15   21.66   21.82   33.54   30.66   32.71   25.35   24.18   26.55   24.24   25.03   23.93   22.55   24.20   31.17   36.01   31.54   10.83   15.84   39.63   39.66   40.24   31.46   46.78   44.03   39.71   28.20   24.57   37.43   36.99   34.38   28.45   47.30   41.81   33.88   44.42   12.92   51.28   52.74   54.25   44.98   40.24   42.16   42.57   37.39   36.10   53.56   42.42   35.84   29.08   30.47   38.89   29.50   34.30   29.62   37.96   35.33   31.35   19.82   23.29   32.00   29.84   23.11   26.76   41.20   40.12   51.70   52.34   50.25   58.18   55.87   37.95   36.66   46.70   37.58   
   700.    4.858   5.949   7.622   15.57   18.50   23.70   15.63   12.87   14.59   14.54   26.50   32.48   30.31   28.97   31.69   24.93   7.506   17.79   22.48   22.65   34.80   31.81   33.94   26.31   25.09   27.55   25.15   25.97   24.84   23.40   25.11   32.35   37.37   32.73   11.24   16.44   41.13   41.15   41.76   32.64   48.54   45.69   41.21   29.26   25.49   38.84   38.38   35.68   29.52   49.08   43.38   35.16   46.10   13.41   53.22   54.73   56.30   46.68   41.76   43.75   44.17   38.80   37.47   55.59   44.03   37.19   30.18   31.62   40.36   30.61   35.59   30.74   39.40   36.66   32.53   20.56   24.17   33.21   30.96   23.98   27.77   42.76   41.64   53.65   54.32   52.14   60.38   57.98   39.38   38.04   48.46   39.00   
   800.    5.193   6.360   8.149   16.65   19.77   25.33   16.71   13.76   15.60   15.55   28.33   34.72   32.40   30.97   33.88   26.65   8.024   19.02   24.03   24.21   37.21   34.01   36.29   28.12   26.82   29.45   26.89   27.77   26.55   25.02   26.84   34.58   39.95   34.99   12.01   17.57   43.97   43.99   44.64   34.90   51.89   48.84   44.06   31.28   27.25   41.52   41.03   38.14   31.56   52.47   46.38   37.59   49.28   14.34   56.89   58.51   60.18   49.90   44.65   46.77   47.22   41.48   40.05   59.42   47.07   39.76   32.27   33.81   43.15   32.72   38.05   32.86   42.12   39.20   34.78   21.98   25.84   35.50   33.10   25.64   29.69   45.71   44.51   57.35   58.07   55.74   64.55   61.98   42.10   40.67   51.81   41.69   
   900.    5.508   6.745   8.643   17.66   20.97   26.87   17.72   14.60   16.55   16.49   30.05   36.83   34.37   32.85   35.93   28.27   8.511   20.18   25.49   25.68   39.46   36.07   38.49   29.83   28.45   31.24   28.52   29.45   28.16   26.54   28.47   36.68   42.37   37.11   12.74   18.64   46.64   46.66   47.35   37.01   55.04   51.81   46.73   33.18   28.91   44.04   43.52   40.45   33.47   55.66   49.19   39.87   52.27   15.21   60.35   62.06   63.83   52.93   47.36   49.61   50.09   44.00   42.48   63.03   49.92   42.17   34.22   35.86   45.76   34.71   40.36   34.85   44.67   41.57   36.89   23.32   27.41   37.66   35.11   27.19   31.49   48.48   47.21   60.83   61.59   59.12   68.46   65.74   44.66   43.14   54.95   44.22   
   1.00e3  5.806   7.110   9.110   18.61   22.11   28.32   18.68   15.39   17.44   17.38   31.67   38.82   36.23   34.63   37.87   29.80   8.971   21.27   26.87   27.07   41.60   38.02   40.57   31.44   29.99   32.93   30.06   31.04   29.69   27.97   30.01   38.66   44.66   39.12   13.43   19.64   49.16   49.19   49.91   39.02   58.02   54.61   49.26   34.98   30.47   46.43   45.87   42.64   35.28   58.67   51.85   42.02   55.10   16.03   63.61   65.41   67.29   55.79   49.92   52.29   52.80   46.38   44.78   66.44   52.62   44.45   36.07   37.80   48.24   36.59   42.54   36.74   47.09   43.82   38.88   24.58   28.89   39.69   37.01   28.67   33.19   51.10   49.76   64.12   64.92   62.32   72.17   69.30   47.07   45.47   57.92   46.61   
   1.10e3  6.089   7.457   9.555   19.52   23.19   29.70   19.59   16.14   18.29   18.23   33.22   40.72   38.00   36.32   39.72   31.25   9.409   22.30   28.18   28.39   43.63   39.88   42.55   32.98   31.45   34.53   31.53   32.56   31.13   29.34   31.48   40.55   46.84   41.02   14.09   20.60   51.56   51.59   52.35   40.92   60.85   57.27   51.66   36.68   31.96   48.69   48.11   44.72   37.00   61.53   54.39   44.08   57.79   16.81   66.72   68.61   70.57   58.52   52.35   54.84   55.37   48.64   46.97   69.68   55.19   46.62   37.83   39.64   50.59   38.37   44.62   38.53   49.39   45.96   40.78   25.78   30.30   41.63   38.81   30.06   34.81   53.60   52.19   67.25   68.09   65.37   75.69   72.68   49.37   47.69   60.75   48.89   
   1.20e3  6.360   7.789   9.980   20.39   24.22   31.03   20.46   16.86   19.11   19.04   34.70   42.53   39.68   37.93   41.49   32.64   9.828   23.30   29.43   29.65   45.57   41.65   44.44   34.45   32.85   36.07   32.93   34.01   32.52   30.64   32.88   42.35   48.93   42.85   14.71   21.52   53.85   53.88   54.68   42.74   63.56   59.82   53.96   38.31   33.38   50.86   50.25   46.71   38.65   64.27   56.80   46.04   60.36   17.56   69.68   71.66   73.71   61.12   54.68   57.28   57.83   50.81   49.05   72.78   57.64   48.69   39.52   41.41   52.84   40.08   46.60   40.24   51.58   48.01   42.59   26.93   31.65   43.48   40.54   31.40   36.36   55.98   54.51   70.24   71.12   68.27   79.05   75.92   51.56   49.81   63.45   51.06   
   1.30e3  6.620   8.107   10.39   21.22   25.21   32.29   21.30   17.55   19.89   19.82   36.11   44.26   41.31   39.48   43.18   33.97   10.23   24.25   30.64   30.86   47.43   43.35   46.26   35.85   34.19   37.54   34.28   35.39   33.85   31.89   34.22   44.08   50.92   44.60   15.31   22.40   56.05   56.08   56.91   44.48   66.15   62.26   56.16   39.88   34.74   52.93   52.30   48.62   40.23   66.89   59.12   47.92   62.83   18.28   72.53   74.58   76.72   63.61   56.91   59.62   60.20   52.88   51.06   75.75   60.00   50.68   41.13   43.10   55.00   41.71   48.51   41.89   53.69   49.97   44.33   28.02   32.94   45.26   42.19   32.68   37.85   58.27   56.74   73.11   74.02   71.06   82.28   79.02   53.67   51.84   66.04   53.15   
   1.40e3  6.870   8.413   10.78   22.02   26.16   33.51   22.10   18.21   20.64   20.57   37.48   45.93   42.86   40.97   44.81   35.26   10.62   25.16   31.79   32.03   49.22   44.99   48.00   37.21   35.48   38.96   35.57   36.73   35.12   33.10   35.51   45.75   52.85   46.28   15.89   23.24   58.17   58.20   59.06   46.16   68.65   64.61   58.28   41.38   36.05   54.93   54.28   50.45   41.75   69.42   61.35   49.72   65.20   18.97   75.26   77.40   79.61   66.02   59.06   61.87   62.47   54.88   52.98   78.61   62.26   52.60   42.68   44.72   57.08   43.29   50.34   43.47   55.71   51.85   46.01   29.08   34.18   46.97   43.79   33.92   39.28   60.47   58.88   75.87   76.82   73.74   85.39   82.00   55.70   53.80   68.53   55.15   
   1.50e3  7.111   8.708   11.16   22.79   27.08   34.69   22.88   18.85   21.36   21.29   38.79   47.55   44.37   42.41   46.39   36.49   10.99   26.05   32.91   33.15   50.95   46.57   49.69   38.51   36.73   40.33   36.82   38.02   36.36   34.26   36.76   47.35   54.70   47.91   16.45   24.06   60.21   60.24   61.13   47.78   71.06   66.88   60.33   42.84   37.32   56.86   56.18   52.22   43.21   71.85   63.51   51.47   67.49   19.63   77.91   80.12   82.41   68.33   61.14   64.04   64.66   56.80   54.84   81.37   64.45   54.44   44.18   46.29   59.08   44.81   52.10   44.99   57.67   53.67   47.62   30.10   35.38   48.61   45.32   35.11   40.65   62.59   60.95   78.53   79.51   76.33   88.38   84.88   57.65   55.69   70.94   57.09   
   1.60e3  7.344   8.994   11.52   23.54   27.96   35.82   23.63   19.46   22.06   21.99   40.07   49.11   45.82   43.80   47.91   37.69   11.35   26.90   33.99   34.24   52.62   48.10   51.32   39.77   37.93   41.65   38.03   39.27   37.55   35.38   37.96   48.90   56.50   49.48   16.99   24.85   62.18   62.22   63.13   49.35   73.39   69.07   62.31   44.24   38.54   58.72   58.03   53.94   44.63   74.21   65.59   53.16   69.70   20.28   80.46   82.74   85.11   70.57   63.14   66.14   66.78   58.67   56.64   84.04   66.56   56.23   45.63   47.81   61.02   46.28   53.81   46.47   59.56   55.43   49.18   31.09   36.55   50.21   46.81   36.26   41.99   64.64   62.95   81.11   82.12   78.83   91.28   87.66   59.54   57.52   73.26   58.96   
   1.70e3  7.570   9.271   11.88   24.27   28.82   36.93   24.36   20.06   22.74   22.66   41.30   50.62   47.23   45.15   49.38   38.85   11.70   27.73   35.03   35.29   54.24   49.58   52.90   41.00   39.10   42.93   39.20   40.48   38.71   36.47   39.13   50.41   58.23   51.00   17.51   25.61   64.10   64.13   65.08   50.87   75.65   71.20   64.23   45.60   39.73   60.53   59.81   55.60   46.00   76.49   67.61   54.79   71.84   20.90   82.94   85.29   87.73   72.75   65.08   68.18   68.84   60.47   58.39   86.62   68.61   57.96   47.03   49.28   62.90   47.70   55.47   47.90   61.39   57.14   50.70   32.05   37.67   51.75   48.25   37.37   43.28   66.63   64.89   83.61   84.65   81.26   94.09   90.36   61.37   59.29   75.52   60.78   
   1.80e3  7.789   9.539   12.22   24.97   29.66   38.00   25.06   20.65   23.40   23.32   42.50   52.08   48.60   46.46   50.81   39.98   12.04   28.53   36.05   36.31   55.81   51.02   54.43   42.19   40.24   44.18   40.33   41.65   39.83   37.53   40.27   51.87   59.92   52.48   18.02   26.36   65.95   65.99   66.96   52.35   77.84   73.26   66.09   46.92   40.88   62.29   61.55   57.21   47.34   78.71   69.57   56.38   73.93   21.51   85.34   87.76   90.27   74.85   66.97   70.15   70.83   62.23   60.08   89.13   70.60   59.64   48.40   50.71   64.72   49.08   57.08   49.29   63.17   58.79   52.16   32.98   38.76   53.25   49.65   38.46   44.53   68.56   66.77   86.03   87.10   83.62   96.82   92.98   63.15   61.01   77.71   62.54   
   2.00e3  8.211   10.06   12.88   26.32   31.26   40.05   26.42   21.76   24.67   24.58   44.80   54.90   51.23   48.97   53.56   42.14   12.69   30.08   38.00   38.28   58.83   53.77   57.37   44.47   42.41   46.56   42.51   43.90   41.98   39.56   42.45   54.68   63.16   55.32   18.99   27.78   69.52   69.56   70.59   55.18   82.05   77.23   69.66   49.46   43.09   65.66   64.88   60.30   49.90   82.97   73.33   59.43   77.93   22.67   89.96   92.51   95.16   78.90   70.59   73.95   74.66   65.59   63.33   93.96   74.42   62.86   51.02   53.45   68.22   51.74   60.16   51.95   66.59   61.98   54.99   34.76   40.86   56.13   52.34   40.54   46.94   72.27   70.38   90.68   91.81   88.14   102.1   98.01   66.57   64.31   81.91   65.92   
   2.25e3  8.709   10.67   13.67   27.92   33.16   42.48   28.02   23.08   26.17   26.07   47.51   58.23   54.34   51.94   56.81   44.70   13.46   31.90   40.30   40.60   62.40   57.04   60.85   47.17   44.99   49.39   45.09   46.56   44.53   41.96   45.02   57.99   66.99   58.67   20.15   29.47   73.74   73.78   74.87   58.52   87.03   81.91   73.89   52.46   45.71   69.64   68.81   63.96   52.92   88.00   77.78   63.04   82.65   24.04   95.42   98.12   100.9   83.69   74.88   78.43   79.19   69.57   67.17   99.66   78.93   66.68   54.11   56.70   72.36   54.88   63.81   55.11   70.63   65.73   58.32   36.87   43.34   59.54   55.51   43.00   49.79   76.66   74.65   96.18   97.38   93.48   108.2   104.0   70.61   68.21   86.88   69.92   
   2.50e3  9.180   11.24   14.40   29.43   34.95   44.78   29.54   24.33   27.58   27.48   50.08   61.38   57.28   54.75   59.88   47.11   14.19   33.63   42.48   42.80   65.77   60.12   64.15   49.72   47.42   52.06   47.53   49.08   46.94   44.23   47.46   61.13   70.62   61.85   21.24   31.06   77.73   77.77   78.92   61.69   91.74   86.34   77.88   55.30   48.18   73.41   72.53   67.42   55.79   92.76   81.99   66.45   87.12   25.35   100.6   103.4   106.4   88.22   78.93   82.68   83.48   73.33   70.80   105.0   83.20   70.28   57.04   59.76   76.27   57.85   67.27   58.09   74.45   69.29   61.48   38.86   45.68   62.76   58.51   45.32   52.48   80.80   78.69   101.4   102.7   98.54   114.1   109.6   74.43   71.90   91.58   73.70   
   2.75e3  9.628   11.79   15.11   30.86   36.66   46.97   30.98   25.52   28.93   28.82   52.53   64.38   60.08   57.42   62.81   49.41   14.88   35.27   44.56   44.88   68.98   63.06   67.28   52.14   49.73   54.60   49.85   51.48   49.23   46.39   49.77   64.11   74.07   64.87   22.27   32.58   81.52   81.57   82.77   64.70   96.22   90.56   81.69   58.00   50.53   76.99   76.07   70.71   58.51   97.29   85.99   69.69   91.38   26.58   105.5   108.5   111.6   92.52   82.78   86.71   87.55   76.91   74.26   110.2   87.26   73.71   59.82   62.68   80.00   60.67   70.55   60.92   78.09   72.67   64.48   40.76   47.91   65.82   61.37   47.54   55.05   84.75   82.53   106.3   107.7   103.4   119.7   114.9   78.06   75.40   96.05   77.30   
   3.00e3  10.06   12.32   15.78   32.23   38.29   49.06   32.36   26.65   30.21   30.11   54.86   67.24   62.75   59.97   65.60   51.61   15.54   36.84   46.54   46.88   72.05   65.86   70.27   54.46   51.94   57.03   52.07   53.77   51.42   48.45   51.98   66.97   77.36   67.75   23.26   34.03   85.15   85.20   86.45   67.58   100.5   94.58   85.32   60.58   52.78   80.41   79.46   73.86   61.11   101.6   89.81   72.79   95.44   27.76   110.2   113.3   116.5   96.64   86.46   90.57   91.45   80.33   77.56   115.1   91.14   76.99   62.48   65.47   83.55   63.37   73.69   63.63   81.56   75.90   67.34   42.57   50.04   68.75   64.10   49.65   57.49   88.51   86.20   111.1   112.4   107.9   125.0   120.0   81.53   78.76   100.3   80.74   
   3.25e3  10.47   12.82   16.42   33.55   39.85   51.06   33.68   27.74   31.45   31.34   57.10   69.99   65.31   62.42   68.28   53.72   16.17   38.34   48.44   48.79   74.99   68.55   73.14   56.69   54.07   59.36   54.20   55.96   53.52   50.43   54.11   69.70   80.52   70.52   24.21   35.42   88.62   88.67   89.98   70.34   104.6   98.45   88.80   63.05   54.93   83.70   82.70   76.87   63.61   105.8   93.48   75.76   99.34   28.90   114.7   117.9   121.3   100.6   89.99   94.27   95.18   83.61   80.73   119.8   94.86   80.14   65.03   68.14   86.97   65.95   76.69   66.23   84.89   79.00   70.09   44.31   52.08   71.56   66.72   51.68   59.84   92.13   89.71   115.6   117.0   112.4   130.1   124.9   84.86   81.97   104.4   84.04   
   3.50e3  10.86   13.30   17.04   34.82   41.36   52.99   34.95   28.79   32.63   32.52   59.26   72.63   67.77   64.78   70.86   55.75   16.78   39.79   50.27   50.64   77.82   71.14   75.90   58.83   56.11   61.60   56.24   58.08   55.54   52.33   56.15   72.33   83.56   73.18   25.13   36.75   91.97   92.02   93.38   72.99   108.5   102.2   92.15   65.43   57.00   86.85   85.82   79.77   66.01   109.8   97.01   78.62   103.1   29.99   119.0   122.4   125.9   104.4   93.39   97.82   98.77   86.77   83.77   124.3   98.45   83.16   67.49   70.71   90.25   68.44   79.59   68.73   88.09   81.99   72.74   45.98   54.05   74.26   69.23   53.63   62.10   95.61   93.10   120.0   121.5   116.6   135.0   129.7   88.06   85.07   108.4   87.21   
   3.75e3  11.24   13.77   17.64   36.04   42.81   54.85   36.18   29.80   33.78   33.66   61.34   75.18   70.15   67.05   73.34   57.70   17.37   41.18   52.03   52.41   80.56   73.63   78.56   60.89   58.08   63.76   58.22   60.11   57.49   54.17   58.12   74.87   86.49   75.75   26.01   38.04   95.20   95.25   96.66   75.55   112.4   105.7   95.39   67.73   59.00   89.90   88.84   82.57   68.32   113.6   100.4   81.38   106.7   31.04   123.2   126.7   130.3   108.0   96.66   101.3   102.2   89.82   86.71   128.7   101.9   86.08   69.86   73.20   93.42   70.85   82.38   71.14   91.18   84.86   75.29   47.60   55.95   76.87   71.66   55.51   64.28   98.96   96.37   124.2   125.7   120.7   139.7   134.2   91.15   88.05   112.2   90.27   
   4.00e3  11.61   14.22   18.22   37.22   44.21   56.64   37.36   30.78   34.89   34.76   63.35   77.64   72.45   69.25   75.75   59.59   17.94   42.53   53.74   54.13   83.20   76.05   81.14   62.89   59.98   65.85   60.12   62.09   59.37   55.95   60.03   77.33   89.33   78.23   26.86   39.29   98.32   98.37   99.83   78.03   116.0   109.2   98.52   69.95   60.94   92.85   91.75   85.28   70.56   117.3   103.7   84.05   110.2   32.06   127.2   130.8   134.6   111.6   99.83   104.6   105.6   92.76   89.56   132.9   105.2   88.90   72.15   75.60   96.48   73.17   85.08   73.48   94.17   87.65   77.76   49.16   57.78   79.39   74.01   57.33   66.39   102.2   99.53   128.2   129.8   124.6   144.3   138.6   94.14   90.94   115.8   93.23   
   4.50e3  12.32   15.08   19.33   39.48   46.90   60.08   39.63   32.64   37.00   36.87   67.19   82.35   76.85   73.45   80.34   63.21   19.03   45.11   57.00   57.42   88.24   80.66   86.06   66.70   63.62   69.85   63.77   65.85   62.97   59.34   63.67   82.02   94.75   82.98   28.49   41.67   104.3   104.3   105.9   82.76   123.1   115.8   104.5   74.19   64.64   98.48   97.31   90.46   74.85   124.5   110.0   89.15   116.9   34.00   134.9   138.8   142.7   118.4   105.9   110.9   112.0   98.39   94.99   140.9   111.6   94.29   76.52   80.18   102.3   77.61   90.25   77.93   99.89   92.96   82.48   52.14   61.29   84.20   78.50   60.81   70.41   108.4   105.6   136.0   137.7   132.2   153.1   147.0   99.85   96.46   122.9   98.88   
   5.00e3  12.98   15.90   20.37   41.61   49.43   63.33   41.77   34.41   39.00   38.87   70.83   86.81   81.01   77.43   84.69   66.63   20.06   47.55   60.08   60.52   93.02   85.03   90.72   70.31   67.06   73.63   67.22   69.41   66.38   62.55   67.11   86.45   99.87   87.47   30.03   43.93   109.9   110.0   111.6   87.24   129.7   122.1   110.1   78.21   68.13   103.8   102.6   95.35   78.89   131.2   115.9   93.97   123.2   35.84   142.2   146.3   150.5   124.8   111.6   116.9   118.1   103.7   100.1   148.6   117.7   99.40   80.66   84.52   107.9   81.81   95.13   82.15   105.3   97.99   86.94   54.96   64.60   88.76   82.75   64.10   74.22   114.3   111.3   143.4   145.2   139.4   161.4   155.0   105.3   101.7   129.5   104.2   
   5.50e3  13.62   16.68   21.37   43.65   51.85   66.42   43.81   36.09   40.91   40.76   74.28   91.04   84.96   81.21   88.82   69.88   21.04   49.88   63.01   63.48   97.56   89.18   95.14   73.74   70.33   77.22   70.50   72.80   69.62   65.60   70.39   90.67   104.7   91.73   31.50   46.07   115.3   115.4   117.1   91.50   136.1   128.1   115.5   82.02   71.46   108.9   107.6   100.0   82.74   137.6   121.6   98.56   129.2   37.59   149.2   153.4   157.8   130.8   117.1   122.6   123.8   108.8   105.0   155.8   123.4   104.2   84.60   88.64   113.1   85.80   99.77   86.16   110.4   102.8   91.18   57.64   67.76   93.09   86.79   67.23   77.85   119.8   116.7   150.4   152.3   146.2   169.2   162.5   110.4   106.6   135.8   109.3   
   6.00e3  14.22   17.42   22.32   45.59   54.15   69.37   45.76   37.69   42.73   42.58   77.59   95.09   88.74   84.82   92.77   72.99   21.98   52.09   65.82   66.30   101.9   93.14   99.37   77.02   73.46   80.65   73.64   76.04   72.71   68.52   73.52   94.70   109.4   95.81   32.90   48.12   120.4   120.5   122.3   95.57   142.1   133.8   120.7   85.67   74.64   113.7   112.4   104.4   86.42   143.7   127.0   102.9   135.0   39.27   155.8   160.2   164.8   136.7   122.3   128.1   129.3   113.6   109.7   162.7   128.9   108.9   88.36   92.59   118.2   89.62   104.2   89.99   115.3   107.3   95.24   60.21   70.77   97.23   90.65   70.22   81.31   125.2   121.9   157.1   159.0   152.7   176.8   169.8   115.3   111.4   141.9   114.2   
   6.50e3  14.80   18.13   23.23   47.45   56.36   72.21   47.63   39.23   44.47   44.31   80.76   98.98   92.36   88.28   96.56   75.97   22.87   54.22   68.50   69.01   106.1   96.94   103.4   80.17   76.46   83.95   76.64   79.14   75.68   71.32   76.52   98.57   113.9   99.73   34.24   50.08   125.3   125.4   127.3   99.47   147.9   139.2   125.6   89.17   77.68   118.4   117.0   108.7   89.95   149.6   132.2   107.1   140.5   40.87   162.2   166.8   171.5   142.2   127.3   133.3   134.6   118.2   114.2   169.4   134.2   113.3   91.97   96.37   123.0   93.27   108.5   93.66   120.0   111.7   99.13   62.67   73.66   101.2   94.35   73.08   84.63   130.3   126.9   163.5   165.5   158.9   184.0   176.7   120.0   115.9   147.7   118.8   
   7.00e3  15.36   18.81   24.10   49.24   58.49   74.93   49.43   40.71   46.15   45.99   83.80   102.7   95.85   91.61   100.2   78.84   23.74   56.27   71.09   71.61   110.1   100.6   107.3   83.19   79.35   87.11   79.54   82.13   78.54   74.01   79.41   102.3   118.2   103.5   35.53   51.98   130.1   130.1   132.1   103.2   153.5   144.5   130.3   92.54   80.62   122.8   121.4   112.8   93.35   155.2   137.2   111.2   145.8   42.41   168.3   173.1   178.0   147.6   132.1   138.3   139.7   122.7   118.5   175.8   139.2   117.6   95.44   100.0   127.6   96.80   112.6   97.20   124.6   115.9   102.9   65.03   76.44   105.0   97.91   75.84   87.82   135.2   131.7   169.7   171.8   164.9   190.9   183.4   124.5   120.3   153.2   123.3   
   8.00e3  16.42   20.11   25.77   52.64   62.53   80.11   52.84   43.52   49.34   49.16   89.59   109.8   102.5   97.94   107.1   84.28   25.38   60.15   76.00   76.55   117.7   107.5   114.7   88.94   84.83   93.13   85.03   87.80   83.96   79.12   84.89   109.4   126.3   110.6   37.99   55.56   139.0   139.1   141.2   110.4   164.1   154.5   139.3   98.93   86.18   131.3   129.8   120.6   99.79   165.9   146.7   118.9   155.9   45.34   179.9   185.0   190.3   157.8   141.2   147.9   149.3   131.2   126.7   187.9   148.8   125.7   102.0   106.9   136.4   103.5   120.3   103.9   133.2   124.0   110.0   69.52   81.72   112.3   104.7   81.08   93.89   144.5   140.8   181.4   183.6   176.3   204.1   196.0   133.1   128.6   163.8   131.8   
   9.00e3  17.42   21.33   27.33   55.83   66.32   84.97   56.04   46.16   52.33   52.14   95.02   116.5   108.7   103.9   113.6   89.39   26.91   63.80   80.61   81.20   124.8   114.1   121.7   94.33   89.97   98.78   90.19   93.13   89.06   83.92   90.04   116.0   134.0   117.3   40.29   58.93   147.5   147.6   149.7   117.0   174.1   163.8   147.8   104.9   91.41   139.3   137.6   127.9   105.8   176.0   155.6   126.1   165.3   48.09   190.8   196.2   201.9   167.4   149.8   156.9   158.4   139.1   134.3   199.3   157.9   133.4   108.2   113.4   144.7   109.8   127.6   110.2   141.3   131.5   116.6   73.74   86.67   119.1   111.0   86.00   99.58   153.3   149.3   192.4   194.8   187.0   216.5   207.9   141.2   136.4   173.8   139.8   
   10.0e3  18.36   22.48   28.81   58.85   69.91   89.56   59.08   48.66   55.16   54.97   100.2   122.8   114.6   109.5   119.8   94.23   28.37   67.25   84.97   85.59   131.5   120.2   128.3   99.44   94.84   104.1   95.07   98.17   93.87   88.46   94.91   122.3   141.2   123.7   42.47   62.12   155.5   155.5   157.8   123.4   183.5   172.7   155.8   110.6   96.35   146.8   145.1   134.8   111.6   185.5   164.0   132.9   174.2   50.69   201.2   206.9   212.8   176.4   157.9   165.4   167.0   146.7   141.6   210.1   166.4   140.6   114.1   119.5   152.5   115.7   134.5   116.2   148.9   138.6   123.0   77.73   91.36   125.5   117.0   90.65   105.0   161.6   157.4   202.8   205.3   197.1   228.2   219.1   148.9   143.8   183.2   147.4   
   11.0e3  19.26   23.58   30.22   61.72   73.32   93.93   61.96   51.04   57.85   57.65   105.1   128.8   120.2   114.8   125.6   98.83   29.76   70.53   89.11   89.77   138.0   126.1   134.6   104.3   99.47   109.2   99.71   103.0   98.46   92.78   99.54   128.2   148.1   129.7   44.54   65.15   163.0   163.1   165.5   129.4   192.4   181.1   163.4   116.0   101.1   154.0   152.1   141.4   117.0   194.6   172.0   139.4   182.8   53.17   211.0   217.0   223.2   185.0   165.6   173.4   175.1   153.8   148.5   220.3   174.5   147.4   119.6   125.4   160.0   121.3   141.1   121.8   156.2   145.3   129.0   81.52   95.82   131.6   122.7   95.07   110.1   169.5   165.1   212.7   215.3   206.7   239.3   229.8   156.1   150.8   192.1   154.6   
   12.0e3  20.11   24.63   31.56   64.47   76.58   98.11   64.71   53.31   60.43   60.21   109.7   134.5   125.5   119.9   131.2   103.2   31.08   73.67   93.08   93.76   144.1   131.7   140.5   108.9   103.9   114.1   104.1   107.5   102.8   96.90   104.0   133.9   154.7   135.5   46.52   68.05   170.3   170.4   172.9   135.2   201.0   189.2   170.6   121.2   105.6   160.8   158.9   147.7   122.2   203.2   179.6   145.6   190.9   55.53   220.4   226.6   233.1   193.3   172.9   181.1   182.9   160.7   155.1   230.1   182.3   154.0   125.0   130.9   167.1   126.7   147.4   127.3   163.1   151.8   134.7   85.15   100.1   137.5   128.2   99.30   115.0   177.0   172.4   222.1   224.9   215.9   250.0   240.1   163.1   157.5   200.6   161.5   
   13.0e3  20.93   25.64   32.85   67.10   79.71   102.1   67.36   55.48   62.89   62.67   114.2   140.0   130.6   124.8   136.6   107.4   32.35   76.68   96.88   97.59   150.0   137.1   146.3   113.4   108.1   118.7   108.4   111.9   107.0   100.9   108.2   139.4   161.0   141.0   48.42   70.83   177.2   177.3   180.0   140.7   209.2   196.9   177.6   126.1   109.9   167.4   165.4   153.7   127.2   211.5   187.0   151.5   198.7   57.80   229.4   235.9   242.6   201.2   180.0   188.5   190.4   167.2   161.5   239.5   189.7   160.3   130.1   136.3   173.9   131.9   153.4   132.5   169.8   158.0   140.2   88.62   104.2   143.1   133.4   103.4   119.7   184.3   179.4   231.2   234.1   224.7   260.2   249.9   169.7   163.9   208.8   168.1   
   14.0e3  21.72   26.60   34.09   69.63   82.72   106.0   69.90   57.58   65.27   65.04   118.5   145.3   135.5   129.6   141.7   111.5   33.57   79.57   100.5   101.3   155.6   142.3   151.8   117.7   112.2   123.2   112.5   116.2   111.1   104.7   112.3   144.7   167.1   146.4   50.25   73.50   183.9   184.0   186.8   146.0   217.1   204.3   184.3   130.9   114.0   173.7   171.6   159.5   132.0   219.5   194.0   157.2   206.2   59.98   238.0   244.8   251.8   208.8   186.8   195.6   197.5   173.5   167.5   248.6   196.9   166.3   135.0   141.4   180.5   136.9   159.2   137.5   176.2   164.0   145.5   91.97   108.1   148.5   138.5   107.3   124.2   191.2   186.2   239.9   242.9   233.2   270.0   259.3   176.1   170.1   216.7   174.4   
   15.0e3  22.49   27.54   35.28   72.08   85.62   109.7   72.35   59.60   67.56   67.32   122.7   150.4   140.3   134.1   146.7   115.4   34.75   82.37   104.1   104.8   161.1   147.3   157.1   121.8   116.2   127.5   116.4   120.2   115.0   108.3   116.2   149.7   173.0   151.5   52.02   76.08   190.4   190.5   193.3   151.1   224.7   211.5   190.8   135.5   118.0   179.8   177.7   165.1   136.6   227.2   200.8   162.8   213.4   62.08   246.4   253.3   260.6   216.1   193.3   202.5   204.5   179.6   173.4   257.3   203.8   172.2   139.7   146.4   186.8   141.7   164.8   142.3   182.4   169.7   150.6   95.20   111.9   153.7   143.3   111.0   128.6   197.9   192.7   248.3   251.4   241.4   279.5   268.4   182.3   176.1   224.3   180.5   
   16.0e3  23.22   28.44   36.44   74.44   88.43   113.3   74.73   61.55   69.77   69.53   126.7   155.3   144.9   138.5   151.5   119.2   35.89   85.07   107.5   108.3   166.4   152.1   162.3   125.8   120.0   131.7   120.2   124.2   118.7   111.9   120.1   154.7   178.7   156.5   53.72   78.58   196.6   196.7   199.7   156.1   232.1   218.4   197.0   139.9   121.9   185.7   183.5   170.6   141.1   234.7   207.4   168.1   220.4   64.12   254.4   261.7   269.1   223.2   199.7   209.2   211.2   185.5   179.1   265.7   210.5   177.8   144.3   151.2   193.0   146.3   170.2   147.0   188.3   175.3   155.5   98.32   115.6   158.8   148.0   114.7   132.8   204.4   199.1   256.5   259.7   249.3   288.7   277.2   188.3   181.9   231.7   186.5   
   17.0e3  23.94   29.32   37.56   76.73   91.15   116.8   77.03   63.45   71.92   71.67   130.6   160.1   149.4   142.8   156.2   122.9   36.99   87.69   110.8   111.6   171.5   156.8   167.3   129.6   123.7   135.8   124.0   128.0   122.4   115.3   123.7   159.4   184.2   161.3   55.38   81.00   202.7   202.8   205.8   160.9   239.2   225.2   203.1   144.2   125.6   191.4   189.1   175.8   145.5   241.9   213.8   173.3   227.2   66.09   262.3   269.7   277.4   230.0   205.8   215.6   217.7   191.2   184.6   273.9   217.0   183.3   148.7   155.8   198.9   150.8   175.4   151.5   194.1   180.7   160.3   101.3   119.1   163.7   152.6   118.2   136.9   210.7   205.2   264.4   267.7   257.0   297.5   285.7   194.1   187.5   238.8   192.2   
   18.0e3  24.63   30.17   38.65   78.96   93.79   120.2   79.26   65.29   74.01   73.74   134.4   164.7   153.7   146.9   160.7   126.4   38.06   90.23   114.0   114.8   176.5   161.3   172.1   133.4   127.2   139.7   127.5   131.7   125.9   118.7   127.3   164.0   189.5   166.0   56.98   83.35   208.6   208.7   211.8   165.5   246.2   231.7   209.0   148.4   129.3   197.0   194.6   180.9   149.7   248.9   220.0   178.3   233.8   68.01   269.9   277.5   285.5   236.7   211.8   221.8   224.0   196.8   190.0   281.9   223.3   188.6   153.0   160.4   204.7   155.2   180.5   155.9   199.8   185.9   165.0   104.3   122.6   168.4   157.0   121.6   140.8   216.8   211.1   272.0   275.4   264.4   306.2   294.0   199.7   192.9   245.7   197.8   
   20.0e3  25.97   31.80   40.74   83.23   98.87   126.7   83.55   68.82   78.01   77.73   141.7   173.6   162.0   154.9   169.4   133.3   40.12   95.11   120.2   121.0   186.0   170.1   181.4   140.6   134.1   147.3   134.4   138.8   132.8   125.1   134.2   172.9   199.7   174.9   60.06   87.85   219.8   220.0   223.2   174.5   259.5   244.2   220.3   156.4   136.3   207.6   205.2   190.7   157.8   262.4   231.9   187.9   246.4   71.69   284.5   292.5   300.9   249.5   223.2   233.8   236.1   207.4   200.3   297.1   235.3   198.8   161.3   169.0   215.7   163.6   190.3   164.3   210.6   196.0   173.9   109.9   129.2   177.5   165.5   128.2   148.4   228.5   222.6   286.8   290.3   278.7   322.7   309.9   210.5   203.4   259.0   208.5   
   22.5e3  27.54   33.73   43.21   88.28   104.9   134.3   88.62   72.99   82.74   82.45   150.2   184.1   171.8   164.2   179.7   141.3   42.56   100.9   127.5   128.4   197.3   180.4   192.4   149.2   142.3   156.2   142.6   147.2   140.8   132.7   142.4   183.4   211.9   185.5   63.71   93.18   233.2   233.3   236.8   185.1   275.2   259.0   233.7   165.9   144.5   220.2   217.6   202.3   167.4   278.3   246.0   199.3   261.4   76.04   301.7   310.3   319.2   264.7   236.8   248.0   250.4   220.0   212.4   315.1   249.6   210.8   171.1   179.3   228.8   173.5   201.8   174.3   223.4   207.9   184.4   116.6   137.0   188.3   175.5   136.0   157.5   242.4   236.1   304.2   308.0   295.6   342.3   328.7   223.3   215.7   274.7   221.1   
   25.0e3  29.03   35.55   45.55   93.05   110.5   141.6   93.41   76.94   87.22   86.91   158.4   194.1   181.1   173.1   189.4   149.0   44.86   106.3   134.3   135.3   208.0   190.1   202.8   157.2   150.0   164.6   150.3   155.2   148.4   139.9   150.1   193.3   223.3   195.6   67.15   98.22   245.8   245.9   249.6   195.1   290.1   273.0   246.3   174.9   152.4   232.1   229.4   213.2   176.4   293.3   259.3   210.1   275.5   80.15   318.1   327.1   336.4   279.0   249.6   261.4   264.0   231.9   223.9   332.2   263.1   222.3   180.4   189.0   241.2   182.9   212.7   183.7   235.4   219.1   194.4   122.9   144.5   198.5   185.0   143.3   166.0   255.5   248.8   320.6   324.6   311.6   360.8   346.5   235.4   227.4   289.6   233.1   
   27.5e3  30.45   37.29   47.77   97.59   115.9   148.5   97.97   80.70   91.48   91.15   166.1   203.6   190.0   181.6   198.6   156.3   47.05   111.5   140.9   141.9   218.1   199.4   212.7   164.9   157.3   172.7   157.6   162.8   155.7   146.7   157.4   202.7   234.2   205.1   70.43   103.0   257.8   257.9   261.7   204.6   304.3   286.4   258.3   183.4   159.8   243.5   240.6   223.6   185.0   307.6   271.9   220.4   289.0   84.06   333.6   343.0   352.9   292.6   261.8   274.2   276.9   243.2   234.8   348.4   275.9   233.1   189.2   198.2   253.0   191.9   223.1   192.7   246.9   229.8   203.9   128.9   151.5   208.2   194.1   150.3   174.1   268.0   261.0   336.3   340.5   326.8   378.4   363.4   246.8   238.5   303.7   244.4   
   30.0e3  31.80   38.94   49.90   101.9   121.1   155.1   102.3   84.29   95.54   95.20   173.5   212.6   198.4   189.7   207.4   163.2   49.14   116.5   147.2   148.2   227.8   208.3   222.2   172.2   164.3   180.3   164.7   170.0   162.6   153.2   164.4   211.8   244.6   214.2   73.56   107.6   269.3   269.4   273.4   213.7   317.8   299.1   269.8   191.6   166.9   254.3   251.3   233.6   193.2   321.3   284.0   230.2   301.8   87.80   348.4   358.3   368.5   305.6   273.4   286.4   289.2   254.0   245.3   363.9   288.2   243.5   197.6   207.0   264.2   200.4   233.0   201.2   257.9   240.0   213.0   134.6   158.2   217.4   202.7   157.0   181.8   279.9   272.6   351.2   355.6   341.4   395.3   379.6   257.8   249.1   317.2   255.3   
   32.5e3  33.10   40.53   51.94   106.1   126.0   161.5   106.5   87.73   99.45   99.09   180.6   221.3   206.5   197.4   215.9   169.9   51.15   121.2   153.2   154.3   237.2   216.8   231.3   179.3   171.0   187.7   171.4   177.0   169.2   159.5   171.1   220.4   254.6   223.0   76.57   112.0   280.3   280.4   284.5   222.4   330.8   311.3   280.8   199.4   173.7   264.7   261.5   243.1   201.1   334.5   295.6   239.6   314.1   91.38   362.6   372.9   383.6   318.1   284.6   298.1   301.0   264.4   255.3   378.8   300.0   253.4   205.7   215.5   275.0   208.6   242.5   209.4   268.4   249.8   221.7   140.1   164.7   226.3   211.0   163.4   189.2   291.3   283.7   365.6   370.1   355.3   411.4   395.1   268.3   259.2   330.2   265.7   
   35.0e3  34.35   42.06   53.90   110.1   130.8   167.6   110.5   91.04   103.2   102.8   187.4   229.7   214.3   204.9   224.1   176.3   53.08   125.8   159.0   160.1   246.1   225.0   240.0   186.0   177.4   194.8   177.9   183.7   175.6   165.5   177.6   228.7   264.2   231.4   79.46   116.2   290.8   291.0   295.3   230.8   343.3   323.1   291.4   206.9   180.3   274.7   271.4   252.3   208.7   347.1   306.8   248.6   326.0   94.83   376.3   387.0   398.1   330.1   295.3   309.3   312.3   274.4   264.9   393.0   311.3   263.0   213.4   223.6   285.4   216.4   251.7   217.3   278.6   259.3   230.0   145.4   170.9   234.8   218.9   169.6   196.4   302.3   294.4   379.4   384.1   368.7   426.9   410.0   278.5   269.0   342.7   275.8   
   37.5e3  35.55   43.54   55.79   114.0   135.4   173.4   114.4   94.24   106.8   106.4   194.0   237.7   221.8   212.0   231.9   182.5   54.94   130.2   164.5   165.7   254.7   232.9   248.4   192.6   183.7   201.6   184.1   190.1   181.8   171.3   183.8   236.8   273.5   239.5   82.25   120.3   301.0   301.2   305.7   238.9   355.3   334.4   301.6   214.2   186.6   284.3   280.9   261.1   216.1   359.3   317.5   257.3   337.4   98.16   389.5   400.6   412.0   341.7   305.7   320.2   323.3   284.0   274.2   406.8   322.2   272.2   220.9   231.5   295.4   224.0   260.5   225.0   288.3   268.4   238.1   150.5   176.9   243.1   226.6   175.5   203.3   312.9   304.7   392.7   397.6   381.7   441.9   424.4   288.3   278.5   354.7   285.5   
   40.0e3  36.72   44.97   57.62   117.7   139.8   179.1   118.2   97.33   110.3   109.9   200.3   245.5   229.1   219.0   239.5   188.5   56.74   134.5   169.9   171.2   263.1   240.5   256.6   198.9   189.7   208.2   190.1   196.3   187.7   176.9   189.8   244.5   282.5   247.4   84.94   124.2   310.9   311.1   315.7   246.8   367.0   345.4   311.5   221.2   192.7   293.6   290.1   269.7   223.1   371.0   328.0   265.8   348.5   101.4   402.3   413.7   425.6   352.9   315.7   330.7   333.9   293.3   283.2   420.2   332.8   281.1   228.1   239.1   305.1   231.4   269.1   232.3   297.8   277.2   245.9   155.5   182.7   251.0   234.1   181.3   209.9   323.2   314.7   405.5   410.6   394.2   456.4   438.3   297.7   287.6   366.3   294.8   
   45.0e3  38.95   47.70   61.11   124.8   148.3   190.0   125.3   103.2   117.0   116.6   212.5   260.4   243.0   232.3   254.1   199.9   60.18   142.7   180.2   181.6   279.1   255.1   272.1   210.9   201.2   220.9   201.7   208.2   199.1   187.7   201.3   259.4   299.6   262.4   90.10   131.8   329.8   330.0   334.8   261.7   389.2   366.3   330.4   234.6   204.4   311.4   307.7   286.0   236.7   393.5   347.8   281.9   369.6   107.5   426.7   438.8   451.4   374.3   334.9   350.8   354.2   311.1   300.4   445.7   353.0   298.2   242.0   253.6   323.6   245.4   285.4   246.4   315.9   294.0   260.8   164.9   193.8   266.3   248.3   192.3   222.7   342.8   333.8   430.1   435.5   418.1   484.1   464.9   315.8   305.0   388.5   312.7   
   50.0e3  41.06   50.28   64.42   131.6   156.3   200.3   132.1   108.8   123.3   122.9   224.0   274.5   256.2   244.8   267.8   210.7   63.44   150.4   190.0   191.4   294.1   268.9   286.9   222.3   212.1   232.8   212.6   219.5   209.9   197.8   212.2   273.4   315.8   276.6   94.97   138.9   347.6   347.8   352.9   275.9   410.3   386.1   348.3   247.3   215.5   328.3   324.4   301.5   249.5   414.8   366.7   297.2   389.6   113.3   449.8   462.5   475.8   394.5   353.0   369.7   373.3   328.0   316.6   469.8   372.1   314.3   255.1   267.3   341.1   258.7   300.8   259.8   333.0   309.9   274.9   173.8   204.3   280.7   261.7   202.7   234.7   361.4   351.9   453.4   459.1   440.7   510.3   490.0   332.8   321.5   409.6   329.6   
   55.0e3  43.06   52.73   67.56   138.0   164.0   210.0   138.5   114.1   129.4   128.9   234.9   287.9   268.7   256.8   280.9   221.0   66.54   157.7   199.3   200.7   308.5   282.0   300.9   233.2   222.4   244.2   222.9   230.2   220.2   207.5   222.6   286.7   331.2   290.1   99.61   145.7   364.6   364.8   370.2   289.3   430.3   405.0   365.3   259.4   226.0   344.3   340.2   316.2   261.7   435.1   384.6   311.7   408.7   118.9   471.7   485.1   499.0   413.8   370.2   387.8   391.5   344.0   332.1   492.7   390.3   329.7   267.5   280.3   357.8   271.3   315.5   272.5   349.2   325.0   288.4   182.3   214.3   294.4   274.5   212.6   246.2   379.0   369.1   475.5   481.5   462.2   535.2   513.9   349.1   337.2   429.5   345.7   
   60.0e3  44.97   55.08   70.57   144.2   171.2   219.4   144.7   119.2   135.1   134.6   245.4   300.7   280.6   268.2   293.4   230.8   69.49   164.7   208.1   209.7   322.2   294.5   314.2   243.6   232.3   255.0   232.9   240.5   229.9   216.7   232.5   299.5   346.0   303.0   104.0   152.2   380.8   381.0   386.6   302.2   449.4   423.0   381.6   270.9   236.0   359.6   355.3   330.3   273.3   454.4   401.7   325.5   426.8   124.2   492.7   506.7   521.2   432.2   386.7   405.0   409.0   359.3   346.9   514.6   407.6   344.3   279.4   292.8   373.7   283.4   329.5   284.6   364.7   339.5   301.2   190.4   223.8   307.5   286.7   222.0   257.1   395.8   385.5   496.7   502.9   482.8   559.0   536.8   364.6   352.2   448.6   361.1   
   65.0e3  46.81   57.32   73.45   150.0   178.2   228.3   150.6   124.1   140.6   140.1   255.4   313.0   292.1   279.2   305.4   240.2   72.33   171.5   216.6   218.2   335.4   306.6   327.1   253.5   241.8   265.5   242.4   250.3   239.3   225.5   242.0   311.7   360.1   315.4   108.3   158.4   396.3   396.6   402.4   314.6   467.8   440.3   397.1   282.0   245.7   374.3   369.9   343.8   284.5   473.0   418.1   338.8   444.3   129.2   512.8   527.4   542.5   449.8   402.4   421.6   425.7   373.9   361.0   535.6   424.2   358.4   290.8   304.7   388.9   295.0   343.0   296.2   379.6   353.3   313.5   198.2   232.9   320.0   298.4   231.1   267.6   412.0   401.2   517.0   523.4   502.5   581.8   558.7   379.5   366.6   467.0   375.8   
   70.0e3  48.58   59.49   76.22   155.7   185.0   237.0   156.3   128.8   145.9   145.4   265.0   324.8   303.1   289.7   316.9   249.3   75.06   177.9   224.8   226.5   348.0   318.1   339.4   263.1   250.9   275.5   251.5   259.7   248.4   234.0   251.1   323.5   373.7   327.3   112.4   164.4   411.3   411.5   417.6   326.4   485.4   456.9   412.1   292.6   254.9   388.4   383.8   356.8   295.2   490.8   433.8   351.6   461.0   134.1   532.2   547.3   563.0   466.8   417.6   437.5   441.7   388.0   374.7   555.9   440.3   371.9   301.8   316.2   403.6   306.1   355.9   307.4   394.0   366.6   325.3   205.6   241.7   332.1   309.6   239.8   277.7   427.6   416.4   536.5   543.2   521.4   603.8   579.8   393.8   380.4   484.6   390.0   
   80.0e3  51.93   63.60   81.49   166.5   197.7   253.3   167.1   137.6   156.0   155.5   283.3   347.2   324.0   309.7   338.8   266.5   80.25   190.2   240.3   242.1   372.1   340.1   362.9   281.2   268.2   294.5   268.9   277.7   265.5   250.2   268.4   345.8   399.5   349.9   120.1   175.7   439.7   439.9   446.4   349.0   518.9   488.4   440.6   312.8   272.5   415.2   410.3   381.4   315.6   524.7   463.8   375.9   492.9   143.4   568.9   585.1   601.8   499.0   446.5   467.7   472.2   414.8   400.5   594.2   470.7   397.6   322.7   338.1   431.5   327.2   380.5   328.6   421.2   392.0   347.8   219.8   258.4   355.0   331.0   256.4   296.9   457.1   445.1   573.5   580.7   557.4   645.5   619.8   421.0   406.7   518.1   416.9   
   90.0e3  55.08   67.45   86.43   176.6   209.7   268.7   177.2   146.0   165.5   164.9   300.5   368.3   343.7   328.5   359.3   282.7   85.11   201.8   254.9   256.8   394.6   360.7   384.9   298.3   284.5   312.4   285.2   294.5   281.6   265.4   284.7   366.8   423.7   371.1   127.4   186.4   466.4   466.6   473.5   370.1   550.4   518.1   467.3   331.8   289.1   440.4   435.2   404.5   334.7   556.6   491.9   398.7   522.8   152.1   603.5   620.6   638.3   529.3   473.6   496.1   500.9   440.0   424.8   630.3   499.2   421.7   342.2   358.6   457.6   347.1   403.6   348.5   446.7   415.7   368.9   233.2   274.1   376.6   351.1   271.9   314.9   484.8   472.1   608.3   615.9   591.2   684.6   657.4   446.6   431.4   549.5   442.2   
   100.e3  58.06   71.10   91.10   186.1   221.1   283.2   186.8   153.9   174.4   173.8   316.7   388.2   362.3   346.3   378.7   298.0   89.72   212.7   268.7   270.7   416.0   380.2   405.7   314.4   299.9   329.3   300.6   310.4   296.9   279.7   300.1   386.6   446.6   391.2   134.3   196.4   491.6   491.9   499.1   390.2   580.2   546.1   492.6   349.8   304.7   464.3   458.7   426.4   352.8   586.7   518.5   420.2   551.0   160.3   636.1   654.1   672.9   557.9   499.2   522.9   528.0   463.8   447.8   664.4   526.2   444.5   360.7   378.0   482.4   365.9   425.4   367.4   470.9   438.2   388.8   245.8   288.9   396.9   370.1   286.7   331.9   511.0   497.6   641.2   649.3   623.2   721.7   693.0   470.7   454.7   579.2   466.1   
   110.e3  60.90   74.57   95.55   195.2   231.9   297.0   195.9   161.4   183.0   182.3   332.2   407.2   380.0   363.2   397.2   312.5   94.10   223.0   281.8   283.9   436.3   398.8   425.5   329.8   314.5   345.3   315.3   325.6   311.3   293.4   314.8   405.5   468.4   410.2   140.9   206.0   515.6   515.9   523.5   409.2   608.5   572.7   516.6   366.8   319.6   486.9   481.1   447.2   370.0   615.3   543.9   440.8   577.9   168.1   667.2   686.1   705.7   585.2   523.5   548.4   553.7   486.4   469.7   696.8   551.9   466.2   378.3   396.4   505.9   383.7   446.2   385.3   493.9   459.6   407.8   257.8   303.0   416.3   388.1   300.6   348.1   536.0   521.9   672.5   681.0   653.7   756.9   726.8   493.7   476.9   607.5   488.9   
   120.e3  63.60   77.89   99.80   203.9   242.2   310.3   204.7   168.6   191.1   190.4   347.0   425.3   396.8   379.3   414.9   326.4   98.28   233.0   294.3   296.5   455.7   416.5   444.4   344.5   328.5   360.7   329.3   340.1   325.2   306.4   328.8   423.5   489.3   428.5   147.1   215.2   538.5   538.8   546.8   427.4   635.6   598.2   539.6   383.1   333.8   508.6   502.5   467.1   386.5   642.7   568.0   460.4   603.6   175.6   696.8   716.6   737.1   611.2   546.8   572.8   578.3   508.1   490.5   727.8   576.4   486.9   395.2   414.1   528.4   400.8   466.0   402.4   515.8   480.1   425.9   269.3   316.5   434.8   405.4   314.0   363.6   559.8   545.1   702.4   711.2   682.7   790.5   759.2   515.6   498.1   634.5   510.6   
   130.e3  66.20   81.07   103.9   212.2   252.1   322.9   213.0   175.5   198.9   198.2   361.1   442.6   413.1   394.8   431.8   339.7   102.3   242.5   306.4   308.6   474.3   433.5   462.6   358.5   341.9   375.4   342.8   353.9   338.5   318.9   342.2   440.8   509.2   446.0   153.1   224.0   560.5   560.8   569.1   444.8   661.5   622.6   561.6   398.8   347.4   529.3   523.0   486.2   402.3   668.9   591.2   479.2   628.3   182.8   725.3   745.8   767.2   636.1   569.1   596.2   602.0   528.8   510.6   757.5   600.0   506.8   411.3   431.0   550.0   417.1   485.1   418.9   536.9   499.7   443.3   280.2   329.4   452.6   421.9   326.8   378.5   582.7   567.4   731.1   740.3   710.6   822.8   790.2   536.7   518.4   660.4   531.5   
   140.e3  68.70   84.13   107.8   220.2   261.6   335.1   221.1   182.1   206.4   205.7   374.8   459.3   428.6   409.7   448.1   352.6   106.2   251.6   317.9   320.3   492.2   449.9   480.0   372.1   354.8   389.6   355.7   367.3   351.2   331.0   355.1   457.5   528.5   462.8   158.9   232.4   581.7   582.0   590.6   461.6   686.5   646.1   582.8   413.8   360.5   549.3   542.8   504.5   417.5   694.2   613.5   497.2   652.0   189.7   752.6   774.0   796.1   660.2   590.6   618.7   624.7   548.8   529.8   786.1   622.6   526.0   426.8   447.2   570.8   432.9   503.4   434.7   557.1   518.5   460.1   290.8   341.8   469.7   437.9   339.2   392.8   604.7   588.8   758.7   768.2   737.4   853.9   820.0   557.0   538.0   685.3   551.5   
   150.e3  71.11   87.08   111.6   227.9   270.8   346.9   228.8   188.5   213.7   212.9   387.9   475.5   443.7   424.1   463.9   364.9   109.9   260.5   329.1   331.5   509.5   465.7   496.9   385.1   367.3   403.3   368.2   380.2   363.6   342.6   367.6   473.5   547.0   479.1   164.5   240.6   602.1   602.4   611.3   477.8   710.6   668.8   603.3   428.4   373.2   568.6   561.8   522.2   432.1   718.5   635.1   514.7   674.9   196.3   779.1   801.2   824.1   683.3   611.4   640.4   646.6   568.0   548.4   813.7   644.5   544.4   441.8   462.9   590.8   448.1   521.0   449.9   576.7   536.7   476.2   301.0   353.8   486.1   453.2   351.1   406.5   625.9   609.5   785.3   795.2   763.3   883.8   848.8   576.5   556.9   709.4   570.9   
   160.e3  73.44   89.94   115.2   235.4   279.6   358.2   236.3   194.7   220.7   219.9   400.7   491.1   458.2   438.0   479.1   376.9   113.5   269.0   339.9   342.4   526.2   481.0   513.2   397.7   379.3   416.5   380.3   392.7   375.5   353.8   379.6   489.0   565.0   494.8   169.9   248.5   621.8   622.2   631.3   493.5   733.9   690.7   623.1   442.4   385.4   587.2   580.3   539.4   446.3   742.1   655.9   531.6   697.0   202.8   804.6   827.4   851.1   705.7   631.4   661.4   667.8   586.7   566.4   840.4   665.6   562.3   456.3   478.1   610.2   462.8   538.1   464.7   595.6   554.3   491.8   310.9   365.5   502.1   468.1   362.6   419.9   646.4   629.5   811.1   821.3   788.3   912.8   876.6   595.4   575.2   732.6   589.6   
   170.e3  75.70   92.71   118.8   242.7   288.2   369.3   243.6   200.7   227.5   226.6   413.0   506.2   472.3   451.5   493.8   388.5   117.0   277.3   350.3   352.9   542.4   495.8   529.0   410.0   391.0   429.3   392.0   404.8   387.1   364.7   391.3   504.1   582.3   510.0   175.1   256.1   641.0   641.3   650.8   508.7   756.5   712.0   642.3   456.0   397.3   605.3   598.1   556.0   460.0   764.9   676.1   547.9   718.5   209.0   829.4   852.9   877.3   727.5   650.8   681.8   688.4   604.7   583.9   866.2   686.1   579.6   470.3   492.8   629.0   477.0   554.7   479.0   613.9   571.4   507.0   320.5   376.7   517.5   482.5   373.7   432.8   666.3   648.9   836.1   846.6   812.6   940.9   903.6   613.7   592.9   755.2   607.8   
   180.e3  77.90   95.39   122.2   249.7   296.6   380.0   250.7   206.5   234.0   233.2   425.0   520.8   486.0   464.6   508.1   399.8   120.4   285.3   360.5   363.1   558.1   510.2   544.3   421.9   402.4   441.8   403.3   416.5   398.3   375.3   402.7   518.7   599.2   524.8   180.2   263.6   659.5   659.9   669.6   523.5   778.4   732.6   660.9   469.2   408.8   622.9   615.5   572.1   473.4   787.1   695.7   563.8   739.3   215.1   853.4   877.6   902.7   748.5   669.7   701.5   708.3   622.3   600.8   891.3   706.0   596.4   484.0   507.1   647.2   490.8   570.8   492.9   631.7   587.9   521.6   329.8   387.6   532.5   496.5   384.6   445.3   685.6   667.7   860.3   871.1   836.2   968.2   929.8   631.5   610.1   777.1   625.4   
   200.e3  82.11   100.6   128.8   263.2   312.6   400.5   264.2   217.6   246.7   245.8   448.0   549.0   512.3   489.7   535.6   421.4   126.9   300.8   380.0   382.8   588.3   537.7   573.7   444.7   424.1   465.6   425.1   439.0   419.8   395.6   424.5   546.8   631.6   553.2   189.9   277.8   695.2   695.6   705.9   551.8   820.5   772.3   696.6   494.6   430.9   656.6   648.8   603.0   499.0   829.7   733.3   594.3   779.3   226.7   899.6   925.1   951.6   789.0   705.9   739.5   746.6   655.9   633.3   939.6   744.2   628.6   510.2   534.5   682.2   517.4   601.6   519.5   665.9   619.8   549.9   347.6   408.6   561.3   523.4   405.4   469.4   722.7   703.8   906.8   918.2   881.4   1.021e3 980.1   665.7   643.1   819.1   659.2   
   225.e3  87.10   106.7   136.7   279.2   331.6   424.8   280.2   230.8   261.7   260.7   475.1   582.3   543.4   519.4   568.1   447.0   134.6   319.0   403.0   406.0   624.0   570.4   608.5   471.7   449.9   493.9   450.9   465.6   445.3   419.6   450.2   579.9   669.9   586.7   201.5   294.7   737.4   737.8   748.7   585.2   870.3   819.1   738.9   524.6   457.1   696.4   688.1   639.6   529.2   880.0   777.8   630.4   826.6   240.4   954.2   981.2   1.009e3 836.9   748.8   784.3   791.9   695.7   671.7   996.6   789.3   666.8   541.1   567.0   723.6   548.8   638.1   551.1   706.3   657.3   583.2   368.7   433.4   595.4   555.1   430.0   497.9   766.6   746.5   961.8   973.9   934.8   1.082e3 1.040e3 706.1   682.1   868.8   699.2   
   250.e3  91.81   112.4   144.0   294.3   349.5   447.8   295.4   243.3   275.8   274.8   500.8   613.8   572.8   547.5   598.8   471.1   141.9   336.3   424.8   428.0   657.7   601.2   641.5   497.2   474.2   520.6   475.3   490.8   469.4   442.3   474.6   611.3   706.2   618.5   212.4   310.6   777.3   777.7   789.2   616.9   917.4   863.4   778.8   553.0   481.8   734.1   725.3   674.2   557.9   927.6   819.9   664.5   871.3   253.5   1.006e3 1.034e3 1.064e3 882.2   789.3   826.8   834.8   733.3   708.0   1.050e3 832.0   702.8   570.4   597.6   762.7   578.5   672.7   580.9   744.5   692.9   614.8   388.6   456.8   627.6   585.1   453.2   524.8   808.0   786.9   1.014e3 1.027e3 985.4   1.141e3 1.096e3 744.3   719.0   915.8   737.0   
   275.e3  96.29   117.9   151.1   308.6   366.6   469.7   309.8   255.2   289.3   288.2   525.3   643.8   600.8   574.2   628.1   494.1   148.8   352.7   445.6   448.8   689.8   630.6   672.8   521.4   497.3   546.0   498.5   514.8   492.3   463.9   497.7   641.1   740.7   648.7   222.7   325.8   815.2   815.7   827.7   647.0   962.2   905.6   816.9   580.0   505.3   769.9   760.7   707.1   585.1   972.9   859.9   696.9   913.9   265.8   1.055e3 1.085e3 1.116e3 925.2   827.8   867.1   875.5   769.1   742.6   1.102e3 872.6   737.1   598.2   626.8   800.0   606.7   705.5   609.2   780.9   726.7   644.8   407.6   479.1   658.2   613.7   475.4   550.5   847.5   825.3   1.063e3 1.077e3 1.034e3 1.197e3 1.149e3 780.6   754.0   960.5   773.0   
   300.e3  100.6   123.2   157.8   322.3   382.9   490.6   323.6   266.6   302.2   301.1   548.6   672.4   627.5   599.7   656.0   516.1   155.4   368.4   465.4   468.8   720.5   658.6   702.7   544.6   519.4   570.3   520.7   537.7   514.2   484.5   519.8   669.7   773.6   677.5   232.6   340.3   851.5   852.0   864.5   675.8   1.005e3 945.8   853.2   605.8   527.8   804.1   794.6   738.6   611.1   1.016e3 898.1   727.9   954.5   277.6   1.102e3 1.133e3 1.165e3 966.4   864.6   905.7   914.5   803.3   775.6   1.151e3 911.4   769.9   624.8   654.7   835.5   633.7   736.9   636.3   815.6   759.0   673.4   425.7   500.4   687.5   641.0   496.5   574.9   885.1   862.0   1.111e3 1.125e3 1.079e3 1.250e3 1.200e3 815.3   787.6   1.003e3 807.4   
   325.e3  104.6   126.5   155.1   341.8   436.0   499.6   337.0   279.3   301.5   320.8   567.2   702.2   676.9   643.7   674.9   535.5   209.2   397.6   482.6   490.7   751.6   715.1   728.5   588.6   520.6   575.8   535.1   564.9   524.2   515.1   546.7   704.7   801.6   700.6   227.5   372.5   888.0   888.2   890.4   694.5   1.026e3 977.8   886.7   638.7   569.8   844.6   841.7   767.8   694.5   1.006e3 929.5   768.3   992.7   304.2   1.158e3 1.180e3 1.228e3 1.010e3 904.9   940.1   949.6   854.7   810.9   1.166e3 953.3   792.7   655.9   675.6   874.4   688.6   742.7   651.5   834.5   789.2   720.8   442.2   539.2   735.2   667.8   521.8   603.8   947.7   899.7   1.167e3 1.196e3 1.125e3 1.312e3 1.268e3 865.8   832.1   1.068e3 839.4   
   350.e3  108.4   131.5   155.9   359.8   475.9   512.3   350.4   292.5   306.7   339.0   589.3   732.5   724.9   685.6   695.6   558.7   240.6   420.6   503.1   515.0   784.7   766.8   756.0   627.9   530.4   586.3   555.6   593.7   534.3   544.4   574.5   744.8   834.6   728.1   227.2   401.6   926.9   927.1   922.8   720.0   1.058e3 1.015e3 925.8   673.3   611.2   885.6   888.9   801.7   756.9   1.017e3 966.6   809.4   1.034e3 328.3   1.215e3 1.225e3 1.292e3 1.056e3 949.1   979.5   989.1   906.0   848.8   1.192e3 998.2   817.7   688.9   701.5   915.9   741.7   756.1   673.4   858.6   823.7   767.5   461.8   577.7   781.5   701.7   549.5   635.3   1.006e3 941.5   1.224e3 1.270e3 1.176e3 1.375e3 1.334e3 920.2   881.0   1.131e3 874.8   
   375.e3  111.8   137.5   159.5   376.3   506.2   527.4   363.8   305.6   315.8   355.5   613.4   762.5   770.2   724.5   717.3   584.4   257.0   439.1   525.5   540.8   818.7   813.7   784.2   662.9   546.5   599.9   580.3   622.9   544.5   572.1   602.4   787.4   870.6   758.1   230.6   427.8   966.8   967.1   959.1   750.3   1.097e3 1.056e3 967.9   708.5   650.7   926.0   935.0   838.3   803.9   1.043e3 1.007e3 850.2   1.077e3 350.5   1.273e3 1.269e3 1.356e3 1.103e3 995.0   1.022e3 1.031e3 955.8   887.9   1.226e3 1.044e3 844.2   722.8   731.0   958.6   792.4   775.2   700.2   886.3   860.7   812.4   483.5   615.2   825.9   739.3   578.5   668.4   1.061e3 985.8   1.280e3 1.344e3 1.230e3 1.438e3 1.399e3 976.3   932.2   1.193e3 911.9   
   400.e3  115.0   143.9   164.9   391.4   530.0   544.1   376.9   318.4   327.2   370.4   638.6   791.7   812.6   760.3   739.7   611.5   264.2   454.6   549.0   567.4   852.7   856.7   812.4   694.4   567.0   615.6   607.8   651.9   556.3   598.3   629.8   830.7   908.0   789.4   236.5   451.7   1.007e3 1.007e3 997.6   783.8   1.141e3 1.098e3 1.012e3 743.7   687.6   965.7   979.5   876.1   840.7   1.078e3 1.049e3 890.3   1.120e3 371.3   1.329e3 1.314e3 1.418e3 1.149e3 1.042e3 1.065e3 1.074e3 1.004e3 927.4   1.266e3 1.090e3 871.5   756.9   762.8   1.001e3 841.1   798.2   730.3   916.3   899.1   855.3   506.5   651.7   868.5   778.3   608.3   702.4   1.112e3 1.031e3 1.335e3 1.417e3 1.287e3 1.501e3 1.461e3 1.033e3 984.4   1.251e3 949.7   
   450.e3  120.5   156.6   179.0   418.2   565.8   579.3   402.6   343.0   353.0   396.3   689.5   847.1   889.1   823.7   789.0   667.6   264.5   480.8   597.1   621.7   919.3   933.6   867.7   749.4   616.0   655.4   666.9   707.6   590.3   646.4   682.7   915.7   983.9   853.0   252.9   494.2   1.085e3 1.087e3 1.076e3 856.4   1.233e3 1.183e3 1.100e3 812.8   751.5   1.042e3 1.063e3 952.6   895.9   1.165e3 1.135e3 967.3   1.206e3 410.5   1.438e3 1.410e3 1.537e3 1.239e3 1.134e3 1.153e3 1.161e3 1.093e3 1.006e3 1.354e3 1.181e3 926.9   824.2   830.8   1.086e3 932.9   851.9   796.8   980.2   976.8   935.1   555.2   721.6   948.8   856.1   668.7   771.2   1.204e3 1.124e3 1.439e3 1.559e3 1.403e3 1.621e3 1.578e3 1.145e3 1.089e3 1.361e3 1.025e3 
   500.e3  125.3   168.4   195.3   441.5   593.3   614.9   427.3   365.9   379.4   417.8   739.0   898.0   955.2   878.1   845.9   723.8   259.0   504.3   645.0   675.9   982.8   1.001e3 920.4   796.9   670.6   710.0   728.2   759.6   637.0   690.0   732.4   994.8   1.058e3 915.2   272.9   531.7   1.160e3 1.164e3 1.154e3 932.4   1.327e3 1.267e3 1.186e3 879.4   800.2   1.114e3 1.140e3 1.027e3 938.9   1.260e3 1.219e3 1.040e3 1.288e3 448.3   1.540e3 1.513e3 1.648e3 1.324e3 1.225e3 1.239e3 1.246e3 1.175e3 1.082e3 1.447e3 1.266e3 982.4   889.3   901.6   1.168e3 1.019e3 911.3   867.4   1.046e3 1.053e3 1.008e3 605.5   787.7   1.023e3 929.7   728.7   839.7   1.286e3 1.217e3 1.537e3 1.693e3 1.520e3 1.734e3 1.685e3 1.254e3 1.191e3 1.462e3 1.099e3 
   550.e3  129.5   179.0   211.9   462.3   617.5   649.6   451.2   387.4   404.3   436.0   786.2   944.9   1.012e3 926.0   908.4   779.0   255.2   527.6   691.5   729.4   1.043e3 1.062e3 970.4   839.5   727.3   774.5   789.0   807.8   687.4   730.1   779.0   1.066e3 1.130e3 974.9   294.3   565.7   1.232e3 1.237e3 1.228e3 1.009e3 1.418e3 1.347e3 1.269e3 943.2   833.9   1.183e3 1.211e3 1.099e3 977.8   1.356e3 1.300e3 1.108e3 1.368e3 485.8   1.638e3 1.618e3 1.753e3 1.405e3 1.311e3 1.321e3 1.328e3 1.249e3 1.155e3 1.541e3 1.345e3 1.037e3 951.6   973.2   1.245e3 1.099e3 973.5   939.3   1.113e3 1.128e3 1.074e3 656.3   850.2   1.094e3 997.4   787.7   907.0   1.360e3 1.308e3 1.629e3 1.819e3 1.634e3 1.840e3 1.784e3 1.359e3 1.290e3 1.555e3 1.169e3 
   600.e3  133.4   188.1   228.1   481.4   640.4   682.8   474.3   407.5   426.9   451.6   830.7   988.3   1.062e3 969.6   973.0   832.8   255.8   552.1   736.5   781.8   1.100e3 1.118e3 1.018e3 879.0   784.2   841.6   848.2   852.5   736.3   767.6   822.8   1.129e3 1.198e3 1.032e3 316.3   597.3   1.299e3 1.308e3 1.298e3 1.086e3 1.506e3 1.423e3 1.348e3 1.004e3 859.4   1.248e3 1.276e3 1.166e3 1.016e3 1.448e3 1.378e3 1.174e3 1.444e3 523.8   1.731e3 1.721e3 1.851e3 1.483e3 1.394e3 1.400e3 1.408e3 1.318e3 1.224e3 1.632e3 1.417e3 1.092e3 1.011e3 1.045e3 1.319e3 1.176e3 1.037e3 1.011e3 1.178e3 1.199e3 1.136e3 707.1   909.9   1.160e3 1.059e3 845.4   972.7   1.428e3 1.397e3 1.716e3 1.938e3 1.745e3 1.940e3 1.877e3 1.460e3 1.385e3 1.642e3 1.236e3 
   650.e3  137.1   196.1   243.0   499.2   663.3   714.6   496.7   426.6   447.2   465.4   872.7   1.029e3 1.107e3 1.010e3 1.037e3 885.0   261.8   578.1   779.9   833.1   1.153e3 1.171e3 1.064e3 916.8   840.4   907.2   905.4   894.4   782.6   803.3   864.2   1.185e3 1.262e3 1.086e3 338.4   627.4   1.364e3 1.375e3 1.365e3 1.161e3 1.589e3 1.496e3 1.423e3 1.063e3 887.5   1.311e3 1.338e3 1.231e3 1.056e3 1.535e3 1.452e3 1.236e3 1.516e3 562.5   1.819e3 1.821e3 1.944e3 1.557e3 1.474e3 1.475e3 1.484e3 1.382e3 1.292e3 1.719e3 1.482e3 1.145e3 1.068e3 1.115e3 1.389e3 1.249e3 1.101e3 1.082e3 1.243e3 1.268e3 1.193e3 757.7   967.0   1.224e3 1.116e3 901.7   1.037e3 1.490e3 1.484e3 1.798e3 2.051e3 1.854e3 2.034e3 1.964e3 1.556e3 1.477e3 1.723e3 1.301e3 
   700.e3  140.8   203.1   256.6   516.1   686.6   744.8   518.5   444.9   465.2   477.9   912.4   1.067e3 1.146e3 1.048e3 1.100e3 935.7   272.9   605.8   821.9   883.3   1.205e3 1.221e3 1.107e3 953.7   895.4   969.9   960.5   933.9   826.4   837.6   903.6   1.236e3 1.324e3 1.137e3 360.1   656.4   1.425e3 1.440e3 1.428e3 1.234e3 1.669e3 1.566e3 1.494e3 1.120e3 926.4   1.372e3 1.396e3 1.292e3 1.098e3 1.616e3 1.524e3 1.296e3 1.586e3 602.1   1.905e3 1.916e3 2.033e3 1.628e3 1.551e3 1.546e3 1.558e3 1.442e3 1.356e3 1.803e3 1.543e3 1.199e3 1.123e3 1.185e3 1.456e3 1.320e3 1.164e3 1.151e3 1.306e3 1.334e3 1.248e3 807.8   1.022e3 1.286e3 1.169e3 956.6   1.099e3 1.550e3 1.569e3 1.877e3 2.158e3 1.960e3 2.125e3 2.047e3 1.649e3 1.565e3 1.801e3 1.363e3 
   800.e3  148.1   214.8   280.0   548.6   734.2   801.0   560.4   479.6   495.4   500.2   986.2   1.137e3 1.215e3 1.118e3 1.219e3 1.034e3 308.0   666.2   902.3   981.0   1.301e3 1.317e3 1.191e3 1.027e3 1.001e3 1.087e3 1.064e3 1.008e3 908.2   903.9   977.8   1.330e3 1.440e3 1.234e3 402.6   712.4   1.542e3 1.565e3 1.545e3 1.377e3 1.817e3 1.696e3 1.629e3 1.228e3 1.035e3 1.491e3 1.506e3 1.407e3 1.189e3 1.764e3 1.659e3 1.410e3 1.718e3 684.2   2.069e3 2.097e3 2.202e3 1.765e3 1.697e3 1.681e3 1.700e3 1.553e3 1.480e3 1.959e3 1.651e3 1.304e3 1.228e3 1.321e3 1.583e3 1.454e3 1.291e3 1.285e3 1.429e3 1.460e3 1.352e3 907.0   1.127e3 1.405e3 1.265e3 1.063e3 1.220e3 1.659e3 1.734e3 2.027e3 2.359e3 2.164e3 2.295e3 2.203e3 1.827e3 1.734e3 1.948e3 1.482e3 
   900.e3  155.6   224.6   300.4   580.1   782.7   852.4   600.5   512.8   519.9   520.8   1.054e3 1.203e3 1.276e3 1.183e3 1.330e3 1.128e3 355.8   732.0   979.1   1.076e3 1.391e3 1.409e3 1.272e3 1.102e3 1.102e3 1.193e3 1.161e3 1.077e3 984.5   968.6   1.048e3 1.422e3 1.549e3 1.324e3 443.5   767.1   1.651e3 1.684e3 1.654e3 1.514e3 1.953e3 1.819e3 1.754e3 1.332e3 1.158e3 1.606e3 1.609e3 1.515e3 1.287e3 1.893e3 1.787e3 1.520e3 1.844e3 769.9   2.227e3 2.267e3 2.361e3 1.896e3 1.835e3 1.808e3 1.836e3 1.658e3 1.598e3 2.101e3 1.749e3 1.409e3 1.327e3 1.452e3 1.702e3 1.582e3 1.415e3 1.413e3 1.548e3 1.579e3 1.451e3 1.005e3 1.228e3 1.519e3 1.353e3 1.166e3 1.337e3 1.762e3 1.894e3 2.169e3 2.548e3 2.360e3 2.455e3 2.350e3 1.996e3 1.894e3 2.087e3 1.595e3 
   1.00e6  163.3   233.2   321.1   611.3   831.0   900.0   638.9   545.1   540.6   540.5   1.118e3 1.265e3 1.330e3 1.245e3 1.434e3 1.220e3 411.8   801.9   1.054e3 1.168e3 1.477e3 1.498e3 1.351e3 1.178e3 1.198e3 1.292e3 1.253e3 1.144e3 1.057e3 1.033e3 1.114e3 1.515e3 1.652e3 1.410e3 483.2   821.4   1.757e3 1.799e3 1.758e3 1.647e3 2.080e3 1.936e3 1.873e3 1.432e3 1.280e3 1.719e3 1.709e3 1.616e3 1.390e3 2.008e3 1.909e3 1.628e3 1.964e3 858.7   2.380e3 2.430e3 2.514e3 2.023e3 1.968e3 1.930e3 1.968e3 1.757e3 1.712e3 2.231e3 1.847e3 1.513e3 1.423e3 1.580e3 1.815e3 1.706e3 1.537e3 1.536e3 1.662e3 1.692e3 1.547e3 1.101e3 1.326e3 1.631e3 1.435e3 1.265e3 1.450e3 1.860e3 2.049e3 2.307e3 2.727e3 2.549e3 2.609e3 2.491e3 2.159e3 2.048e3 2.222e3 1.704e3 
   1.10e6  171.2   241.3   343.9   642.5   878.2   944.3   675.9   576.9   558.8   560.1   1.179e3 1.325e3 1.382e3 1.304e3 1.534e3 1.310e3 472.7   875.0   1.126e3 1.259e3 1.559e3 1.586e3 1.428e3 1.258e3 1.290e3 1.385e3 1.339e3 1.209e3 1.127e3 1.097e3 1.179e3 1.608e3 1.752e3 1.493e3 522.1   875.8   1.858e3 1.912e3 1.857e3 1.776e3 2.201e3 2.048e3 1.988e3 1.530e3 1.397e3 1.830e3 1.807e3 1.714e3 1.495e3 2.112e3 2.028e3 1.734e3 2.080e3 950.2   2.531e3 2.588e3 2.663e3 2.148e3 2.097e3 2.048e3 2.097e3 1.854e3 1.823e3 2.351e3 1.947e3 1.617e3 1.515e3 1.705e3 1.924e3 1.825e3 1.657e3 1.655e3 1.773e3 1.802e3 1.643e3 1.197e3 1.421e3 1.742e3 1.516e3 1.362e3 1.561e3 1.955e3 2.200e3 2.441e3 2.899e3 2.734e3 2.758e3 2.628e3 2.318e3 2.198e3 2.354e3 1.811e3 
   1.20e6  179.3   249.2   368.5   673.7   923.7   985.9   711.5   608.5   575.7   579.9   1.238e3 1.382e3 1.432e3 1.362e3 1.629e3 1.399e3 536.2   950.3   1.198e3 1.348e3 1.639e3 1.673e3 1.504e3 1.340e3 1.379e3 1.473e3 1.423e3 1.274e3 1.195e3 1.162e3 1.243e3 1.700e3 1.849e3 1.573e3 560.3   930.4   1.958e3 2.023e3 1.953e3 1.901e3 2.317e3 2.158e3 2.100e3 1.627e3 1.509e3 1.941e3 1.904e3 1.809e3 1.602e3 2.209e3 2.145e3 1.839e3 2.194e3 1.044e3 2.680e3 2.743e3 2.809e3 2.272e3 2.223e3 2.163e3 2.225e3 1.950e3 1.932e3 2.464e3 2.052e3 1.720e3 1.606e3 1.827e3 2.030e3 1.942e3 1.775e3 1.771e3 1.882e3 1.909e3 1.738e3 1.293e3 1.514e3 1.851e3 1.596e3 1.458e3 1.669e3 2.047e3 2.349e3 2.572e3 3.067e3 2.914e3 2.904e3 2.763e3 2.474e3 2.345e3 2.484e3 1.916e3 
   1.30e6  187.4   257.1   394.4   705.0   967.2   1.025e3 745.8   640.0   591.7   599.9   1.295e3 1.439e3 1.480e3 1.420e3 1.721e3 1.488e3 601.0   1.027e3 1.270e3 1.436e3 1.718e3 1.760e3 1.580e3 1.425e3 1.465e3 1.557e3 1.503e3 1.339e3 1.262e3 1.227e3 1.305e3 1.789e3 1.943e3 1.652e3 598.2   985.3   2.056e3 2.132e3 2.047e3 2.024e3 2.429e3 2.265e3 2.209e3 1.722e3 1.618e3 2.050e3 2.000e3 1.902e3 1.709e3 2.300e3 2.259e3 1.944e3 2.306e3 1.139e3 2.827e3 2.894e3 2.953e3 2.395e3 2.347e3 2.278e3 2.351e3 2.045e3 2.039e3 2.571e3 2.163e3 1.823e3 1.695e3 1.947e3 2.133e3 2.057e3 1.892e3 1.884e3 1.988e3 2.013e3 1.833e3 1.388e3 1.606e3 1.959e3 1.675e3 1.551e3 1.776e3 2.139e3 2.496e3 2.701e3 3.230e3 3.091e3 3.047e3 2.895e3 2.627e3 2.490e3 2.614e3 2.020e3 
   1.40e6  195.7   265.3   420.7   736.2   1.009e3 1.062e3 778.9   671.5   607.6   620.4   1.351e3 1.494e3 1.528e3 1.477e3 1.811e3 1.576e3 666.0   1.105e3 1.340e3 1.522e3 1.795e3 1.845e3 1.655e3 1.512e3 1.549e3 1.639e3 1.581e3 1.403e3 1.328e3 1.293e3 1.366e3 1.877e3 2.036e3 1.730e3 635.9   1.041e3 2.152e3 2.241e3 2.140e3 2.144e3 2.539e3 2.370e3 2.316e3 1.816e3 1.724e3 2.159e3 2.095e3 1.992e3 1.816e3 2.387e3 2.373e3 2.049e3 2.415e3 1.236e3 2.973e3 3.044e3 3.096e3 2.518e3 2.470e3 2.391e3 2.476e3 2.139e3 2.146e3 2.674e3 2.277e3 1.926e3 1.782e3 2.065e3 2.234e3 2.170e3 2.007e3 1.994e3 2.091e3 2.115e3 1.929e3 1.482e3 1.697e3 2.066e3 1.756e3 1.644e3 1.881e3 2.229e3 2.641e3 2.829e3 3.390e3 3.264e3 3.187e3 3.026e3 2.779e3 2.632e3 2.743e3 2.123e3 
   1.50e6  203.9   273.6   447.2   767.5   1.048e3 1.097e3 810.8   703.0   623.5   641.4   1.406e3 1.549e3 1.576e3 1.534e3 1.899e3 1.664e3 730.7   1.184e3 1.411e3 1.608e3 1.870e3 1.930e3 1.729e3 1.601e3 1.631e3 1.718e3 1.658e3 1.468e3 1.393e3 1.359e3 1.427e3 1.961e3 2.128e3 1.806e3 673.6   1.096e3 2.247e3 2.348e3 2.231e3 2.261e3 2.646e3 2.474e3 2.422e3 1.909e3 1.828e3 2.267e3 2.190e3 2.082e3 1.922e3 2.471e3 2.485e3 2.154e3 2.523e3 1.334e3 3.117e3 3.192e3 3.236e3 2.639e3 2.591e3 2.504e3 2.601e3 2.233e3 2.252e3 2.773e3 2.394e3 2.029e3 1.869e3 2.181e3 2.333e3 2.282e3 2.120e3 2.103e3 2.192e3 2.215e3 2.025e3 1.577e3 1.786e3 2.173e3 1.837e3 1.735e3 1.985e3 2.319e3 2.784e3 2.955e3 3.547e3 3.435e3 3.326e3 3.156e3 2.930e3 2.773e3 2.871e3 2.225e3 
   1.60e6  212.1   282.2   473.5   798.7   1.085e3 1.130e3 841.7   734.5   639.6   662.7   1.461e3 1.602e3 1.624e3 1.591e3 1.984e3 1.752e3 794.6   1.264e3 1.481e3 1.693e3 1.945e3 2.014e3 1.803e3 1.691e3 1.711e3 1.794e3 1.732e3 1.533e3 1.457e3 1.425e3 1.487e3 2.044e3 2.218e3 1.882e3 711.4   1.152e3 2.341e3 2.455e3 2.322e3 2.377e3 2.751e3 2.576e3 2.527e3 2.002e3 1.930e3 2.374e3 2.284e3 2.171e3 2.026e3 2.553e3 2.597e3 2.259e3 2.630e3 1.433e3 3.260e3 3.339e3 3.375e3 2.761e3 2.710e3 2.616e3 2.725e3 2.327e3 2.357e3 2.869e3 2.513e3 2.131e3 1.955e3 2.295e3 2.431e3 2.391e3 2.231e3 2.209e3 2.292e3 2.313e3 2.121e3 1.671e3 1.875e3 2.278e3 1.919e3 1.825e3 2.087e3 2.408e3 2.926e3 3.081e3 3.701e3 3.603e3 3.463e3 3.285e3 3.080e3 2.912e3 2.998e3 2.327e3 
   1.70e6  220.2   291.1   499.6   829.7   1.121e3 1.162e3 871.5   765.9   656.2   684.4   1.514e3 1.655e3 1.671e3 1.648e3 2.069e3 1.840e3 857.6   1.343e3 1.551e3 1.777e3 2.018e3 2.097e3 1.877e3 1.782e3 1.790e3 1.869e3 1.805e3 1.598e3 1.520e3 1.491e3 1.546e3 2.125e3 2.308e3 1.957e3 749.4   1.209e3 2.434e3 2.561e3 2.412e3 2.491e3 2.855e3 2.677e3 2.630e3 2.094e3 2.031e3 2.479e3 2.378e3 2.258e3 2.129e3 2.633e3 2.707e3 2.364e3 2.735e3 1.533e3 3.402e3 3.485e3 3.513e3 2.882e3 2.829e3 2.728e3 2.848e3 2.421e3 2.461e3 2.963e3 2.634e3 2.233e3 2.040e3 2.407e3 2.527e3 2.500e3 2.341e3 2.314e3 2.389e3 2.410e3 2.218e3 1.765e3 1.963e3 2.383e3 2.001e3 1.914e3 2.188e3 2.497e3 3.066e3 3.205e3 3.853e3 3.769e3 3.598e3 3.412e3 3.228e3 3.050e3 3.125e3 2.429e3 
   1.80e6  228.2   300.3   525.3   860.5   1.155e3 1.193e3 900.3   797.4   673.3   706.5   1.567e3 1.707e3 1.719e3 1.706e3 2.151e3 1.927e3 919.5   1.423e3 1.621e3 1.860e3 2.091e3 2.180e3 1.950e3 1.875e3 1.867e3 1.943e3 1.877e3 1.663e3 1.583e3 1.557e3 1.605e3 2.203e3 2.396e3 2.031e3 787.5   1.265e3 2.527e3 2.667e3 2.501e3 2.603e3 2.957e3 2.777e3 2.733e3 2.185e3 2.131e3 2.583e3 2.472e3 2.345e3 2.230e3 2.712e3 2.817e3 2.469e3 2.838e3 1.633e3 3.542e3 3.629e3 3.650e3 3.002e3 2.947e3 2.840e3 2.970e3 2.515e3 2.565e3 3.055e3 2.756e3 2.334e3 2.124e3 2.518e3 2.622e3 2.607e3 2.450e3 2.418e3 2.485e3 2.506e3 2.314e3 1.858e3 2.051e3 2.487e3 2.085e3 2.001e3 2.288e3 2.585e3 3.204e3 3.327e3 4.002e3 3.933e3 3.731e3 3.539e3 3.375e3 3.187e3 3.251e3 2.530e3 
   2.00e6  243.8   319.3   575.8   921.4   1.219e3 1.250e3 955.1   860.2   709.3   751.6   1.671e3 1.809e3 1.815e3 1.821e3 2.313e3 2.103e3 1.039e3 1.581e3 1.761e3 2.022e3 2.233e3 2.341e3 2.095e3 2.062e3 2.017e3 2.085e3 2.017e3 1.794e3 1.706e3 1.690e3 1.720e3 2.356e3 2.570e3 2.178e3 864.6   1.380e3 2.708e3 2.876e3 2.678e3 2.821e3 3.157e3 2.974e3 2.935e3 2.366e3 2.327e3 2.786e3 2.658e3 2.516e3 2.426e3 2.867e3 3.036e3 2.679e3 3.042e3 1.835e3 3.818e3 3.914e3 3.919e3 3.242e3 3.180e3 3.063e3 3.213e3 2.702e3 2.770e3 3.234e3 3.000e3 2.534e3 2.291e3 2.735e3 2.807e3 2.818e3 2.662e3 2.621e3 2.672e3 2.694e3 2.507e3 2.044e3 2.222e3 2.693e3 2.255e3 2.174e3 2.485e3 2.761e3 3.476e3 3.569e3 4.294e3 4.253e3 3.993e3 3.789e3 3.666e3 3.456e3 3.502e3 2.731e3 
   2.25e6  262.4   344.3   637.2   995.8   1.294e3 1.319e3 1.019e3 938.3   757.7   809.5   1.799e3 1.931e3 1.934e3 1.966e3 2.507e3 2.320e3 1.182e3 1.776e3 1.934e3 2.220e3 2.406e3 2.538e3 2.273e3 2.298e3 2.196e3 2.256e3 2.185e3 1.958e3 1.856e3 1.855e3 1.862e3 2.538e3 2.782e3 2.358e3 962.9   1.524e3 2.931e3 3.133e3 2.896e3 3.085e3 3.400e3 3.216e3 3.184e3 2.590e3 2.568e3 3.030e3 2.887e3 2.725e3 2.659e3 3.060e3 3.305e3 2.940e3 3.291e3 2.089e3 4.155e3 4.263e3 4.248e3 3.539e3 3.466e3 3.340e3 3.513e3 2.936e3 3.022e3 3.448e3 3.305e3 2.780e3 2.496e3 2.997e3 3.032e3 3.074e3 2.918e3 2.868e3 2.896e3 2.922e3 2.747e3 2.273e3 2.432e3 2.944e3 2.470e3 2.385e3 2.724e3 2.979e3 3.807e3 3.866e3 4.646e3 4.640e3 4.311e3 4.096e3 4.024e3 3.786e3 3.812e3 2.981e3 
   2.50e6  280.1   369.9   696.8   1.068e3 1.364e3 1.385e3 1.078e3 1.016e3 809.8   868.5   1.923e3 2.050e3 2.054e3 2.112e3 2.695e3 2.537e3 1.316e3 1.964e3 2.106e3 2.412e3 2.574e3 2.728e3 2.447e3 2.534e3 2.368e3 2.420e3 2.347e3 2.121e3 2.002e3 2.018e3 2.000e3 2.714e3 2.988e3 2.534e3 1.063e3 1.670e3 3.150e3 3.386e3 3.112e3 3.339e3 3.634e3 3.451e3 3.427e3 2.809e3 2.803e3 3.260e3 3.112e3 2.931e3 2.880e3 3.252e3 3.570e3 3.200e3 3.533e3 2.342e3 4.481e3 4.604e3 4.568e3 3.833e3 3.748e3 3.614e3 3.807e3 3.168e3 3.269e3 3.654e3 3.608e3 3.021e3 2.697e3 3.250e3 3.251e3 3.324e3 3.164e3 3.109e3 3.111e3 3.143e3 2.985e3 2.500e3 2.636e3 3.189e3 2.688e3 2.589e3 2.956e3 3.196e3 4.128e3 4.155e3 4.983e3 5.014e3 4.620e3 4.398e3 4.375e3 4.109e3 4.116e3 3.230e3 
   2.75e6  296.6   396.0   754.9   1.138e3 1.431e3 1.450e3 1.133e3 1.093e3 865.3   928.3   2.045e3 2.164e3 2.174e3 2.257e3 2.877e3 2.751e3 1.441e3 2.144e3 2.277e3 2.598e3 2.738e3 2.913e3 2.618e3 2.766e3 2.531e3 2.579e3 2.502e3 2.284e3 2.145e3 2.179e3 2.135e3 2.882e3 3.189e3 2.707e3 1.167e3 1.818e3 3.364e3 3.635e3 3.325e3 3.585e3 3.860e3 3.682e3 3.666e3 3.025e3 3.034e3 3.477e3 3.333e3 3.133e3 3.090e3 3.445e3 3.830e3 3.458e3 3.769e3 2.595e3 4.798e3 4.938e3 4.880e3 4.123e3 4.024e3 3.885e3 4.096e3 3.398e3 3.511e3 3.852e3 3.907e3 3.257e3 2.895e3 3.494e3 3.463e3 3.567e3 3.401e3 3.344e3 3.319e3 3.358e3 3.219e3 2.724e3 2.835e3 3.428e3 2.906e3 2.789e3 3.183e3 3.411e3 4.440e3 4.437e3 5.308e3 5.375e3 4.920e3 4.695e3 4.719e3 4.424e3 4.415e3 3.478e3 
   3.00e6  312.2   422.0   811.7   1.205e3 1.495e3 1.514e3 1.185e3 1.169e3 923.8   988.7   2.164e3 2.275e3 2.293e3 2.402e3 3.052e3 2.962e3 1.557e3 2.314e3 2.447e3 2.778e3 2.898e3 3.091e3 2.785e3 2.995e3 2.688e3 2.732e3 2.652e3 2.444e3 2.284e3 2.337e3 2.267e3 3.046e3 3.384e3 2.876e3 1.272e3 1.966e3 3.574e3 3.879e3 3.535e3 3.822e3 4.078e3 3.908e3 3.901e3 3.238e3 3.259e3 3.680e3 3.549e3 3.331e3 3.289e3 3.638e3 4.086e3 3.712e3 3.999e3 2.846e3 5.105e3 5.263e3 5.185e3 4.410e3 4.296e3 4.152e3 4.379e3 3.626e3 3.747e3 4.043e3 4.203e3 3.487e3 3.091e3 3.730e3 3.670e3 3.805e3 3.629e3 3.573e3 3.519e3 3.568e3 3.448e3 2.943e3 3.028e3 3.660e3 3.125e3 2.983e3 3.403e3 3.625e3 4.742e3 4.712e3 5.618e3 5.724e3 5.212e3 4.986e3 5.056e3 4.733e3 4.709e3 3.725e3 
   3.25e6  326.9   447.9   867.2   1.270e3 1.556e3 1.578e3 1.234e3 1.244e3 984.8   1.049e3 2.280e3 2.381e3 2.411e3 2.546e3 3.221e3 3.171e3 1.666e3 2.472e3 2.615e3 2.953e3 3.054e3 3.265e3 2.948e3 3.218e3 2.837e3 2.881e3 2.795e3 2.602e3 2.420e3 2.492e3 2.396e3 3.204e3 3.574e3 3.042e3 1.381e3 2.116e3 3.780e3 4.120e3 3.742e3 4.053e3 4.287e3 4.129e3 4.131e3 3.447e3 3.479e3 3.871e3 3.761e3 3.526e3 3.479e3 3.833e3 4.336e3 3.964e3 4.224e3 3.097e3 5.403e3 5.582e3 5.481e3 4.694e3 4.563e3 4.414e3 4.656e3 3.853e3 3.976e3 4.227e3 4.494e3 3.713e3 3.284e3 3.959e3 3.872e3 4.038e3 3.849e3 3.799e3 3.713e3 3.772e3 3.672e3 3.160e3 3.215e3 3.887e3 3.344e3 3.173e3 3.619e3 3.837e3 5.036e3 4.982e3 5.917e3 6.062e3 5.495e3 5.273e3 5.385e3 5.035e3 4.998e3 3.971e3 
   3.50e6  340.7   473.4   921.5   1.333e3 1.615e3 1.642e3 1.281e3 1.318e3 1.048e3 1.110e3 2.394e3 2.485e3 2.528e3 2.689e3 3.385e3 3.376e3 1.766e3 2.617e3 2.781e3 3.123e3 3.206e3 3.433e3 3.109e3 3.435e3 2.980e3 3.026e3 2.933e3 2.757e3 2.553e3 2.643e3 2.523e3 3.358e3 3.758e3 3.205e3 1.492e3 2.268e3 3.983e3 4.356e3 3.947e3 4.276e3 4.489e3 4.346e3 4.357e3 3.653e3 3.695e3 4.051e3 3.969e3 3.717e3 3.660e3 4.028e3 4.582e3 4.211e3 4.444e3 3.346e3 5.694e3 5.893e3 5.770e3 4.974e3 4.826e3 4.670e3 4.927e3 4.077e3 4.200e3 4.406e3 4.781e3 3.933e3 3.474e3 4.180e3 4.069e3 4.266e3 4.061e3 4.019e3 3.902e3 3.972e3 3.891e3 3.372e3 3.398e3 4.108e3 3.561e3 3.358e3 3.829e3 4.049e3 5.321e3 5.245e3 6.203e3 6.390e3 5.772e3 5.556e3 5.708e3 5.330e3 5.282e3 4.216e3 
   3.75e6  353.7   498.6   974.7   1.394e3 1.672e3 1.706e3 1.325e3 1.392e3 1.113e3 1.171e3 2.506e3 2.585e3 2.644e3 2.830e3 3.543e3 3.579e3 1.859e3 2.749e3 2.945e3 3.287e3 3.355e3 3.597e3 3.266e3 3.646e3 3.118e3 3.168e3 3.065e3 2.910e3 2.683e3 2.792e3 2.647e3 3.509e3 3.938e3 3.365e3 1.606e3 2.421e3 4.182e3 4.589e3 4.150e3 4.494e3 4.683e3 4.560e3 4.579e3 3.855e3 3.906e3 4.221e3 4.172e3 3.906e3 3.834e3 4.225e3 4.823e3 4.455e3 4.660e3 3.594e3 5.977e3 6.197e3 6.053e3 5.251e3 5.085e3 4.920e3 5.192e3 4.299e3 4.417e3 4.581e3 5.063e3 4.150e3 3.661e3 4.395e3 4.263e3 4.489e3 4.266e3 4.236e3 4.086e3 4.167e3 4.105e3 3.581e3 3.575e3 4.324e3 3.777e3 3.540e3 4.034e3 4.259e3 5.599e3 5.504e3 6.478e3 6.708e3 6.042e3 5.836e3 6.025e3 5.620e3 5.561e3 4.461e3 
   4.00e6  366.2   523.5   1.027e3 1.453e3 1.727e3 1.770e3 1.369e3 1.464e3 1.180e3 1.231e3 2.616e3 2.683e3 2.759e3 2.970e3 3.697e3 3.778e3 1.947e3 2.870e3 3.108e3 3.447e3 3.501e3 3.757e3 3.421e3 3.850e3 3.250e3 3.306e3 3.193e3 3.060e3 2.811e3 2.938e3 2.769e3 3.656e3 4.112e3 3.523e3 1.723e3 2.575e3 4.379e3 4.818e3 4.350e3 4.706e3 4.871e3 4.769e3 4.798e3 4.055e3 4.112e3 4.383e3 4.372e3 4.091e3 4.000e3 4.422e3 5.059e3 4.694e3 4.872e3 3.840e3 6.254e3 6.495e3 6.329e3 5.525e3 5.339e3 5.164e3 5.452e3 4.519e3 4.628e3 4.752e3 5.342e3 4.362e3 3.847e3 4.604e3 4.452e3 4.709e3 4.465e3 4.450e3 4.266e3 4.359e3 4.314e3 3.787e3 3.748e3 4.534e3 3.991e3 3.718e3 4.236e3 4.469e3 5.868e3 5.757e3 6.742e3 7.017e3 6.307e3 6.111e3 6.336e3 5.905e3 5.836e3 4.706e3 
   4.50e6  389.4   572.8   1.128e3 1.566e3 1.834e3 1.896e3 1.452e3 1.608e3 1.317e3 1.352e3 2.829e3 2.871e3 2.983e3 3.244e3 3.991e3 4.165e3 2.110e3 3.081e3 3.429e3 3.756e3 3.785e3 4.066e3 3.723e3 4.238e3 3.503e3 3.573e3 3.434e3 3.350e3 3.060e3 3.221e3 3.008e3 3.942e3 4.448e3 3.829e3 1.965e3 2.889e3 4.764e3 5.266e3 4.745e3 5.117e3 5.230e3 5.179e3 5.224e3 4.447e3 4.514e3 4.689e3 4.760e3 4.455e3 4.317e3 4.818e3 5.516e3 5.160e3 5.288e3 4.331e3 6.790e3 7.073e3 6.863e3 6.065e3 5.837e3 5.630e3 5.957e3 4.953e3 5.032e3 5.084e3 5.886e3 4.777e3 4.212e3 5.005e3 4.822e3 5.139e3 4.846e3 4.867e3 4.614e3 4.733e3 4.716e3 4.187e3 4.080e3 4.943e3 4.414e3 4.065e3 4.628e3 4.886e3 6.387e3 6.252e3 7.241e3 7.612e3 6.820e3 6.655e3 6.941e3 6.460e3 6.374e3 5.197e3 
   5.00e6  411.2   622.2   1.226e3 1.672e3 1.938e3 2.020e3 1.532e3 1.748e3 1.457e3 1.472e3 3.035e3 3.051e3 3.202e3 3.511e3 4.269e3 4.539e3 2.267e3 3.266e3 3.744e3 4.050e3 4.059e3 4.363e3 4.016e3 4.601e3 3.744e3 3.832e3 3.662e3 3.628e3 3.300e3 3.494e3 3.240e3 4.218e3 4.768e3 4.127e3 2.217e3 3.209e3 5.141e3 5.702e3 5.133e3 5.512e3 5.575e3 5.578e3 5.639e3 4.830e3 4.902e3 4.980e3 5.136e3 4.810e3 4.616e3 5.215e3 5.955e3 5.610e3 5.693e3 4.820e3 7.305e3 7.630e3 7.377e3 6.595e3 6.321e3 6.068e3 6.444e3 5.381e3 5.412e3 5.406e3 6.415e3 5.179e3 4.571e3 5.389e3 5.181e3 5.558e3 5.208e3 5.275e3 4.952e3 5.096e3 5.102e3 4.575e3 4.399e3 5.336e3 4.829e3 4.402e3 5.009e3 5.302e3 6.882e3 6.732e3 7.707e3 8.179e3 7.316e3 7.189e3 7.528e3 6.999e3 6.899e3 5.689e3 
   5.50e6  431.9   672.3   1.321e3 1.773e3 2.038e3 2.141e3 1.610e3 1.887e3 1.600e3 1.591e3 3.235e3 3.224e3 3.415e3 3.770e3 4.533e3 4.899e3 2.430e3 3.442e3 4.054e3 4.333e3 4.327e3 4.651e3 4.303e3 4.942e3 3.977e3 4.083e3 3.881e3 3.895e3 3.535e3 3.756e3 3.467e3 4.486e3 5.074e3 4.417e3 2.480e3 3.534e3 5.511e3 6.128e3 5.514e3 5.895e3 5.912e3 5.968e3 6.044e3 5.205e3 5.277e3 5.265e3 5.501e3 5.158e3 4.901e3 5.613e3 6.376e3 6.043e3 6.090e3 5.308e3 7.804e3 8.167e3 7.873e3 7.118e3 6.792e3 6.480e3 6.916e3 5.804e3 5.773e3 5.723e3 6.929e3 5.572e3 4.924e3 5.757e3 5.532e3 5.968e3 5.555e3 5.674e3 5.282e3 5.451e3 5.473e3 4.950e3 4.705e3 5.717e3 5.236e3 4.732e3 5.380e3 5.716e3 7.355e3 7.200e3 8.145e3 8.723e3 7.798e3 7.716e3 8.099e3 7.525e3 7.414e3 6.184e3 
   6.00e6  452.2   723.3   1.412e3 1.870e3 2.138e3 2.261e3 1.689e3 2.024e3 1.744e3 1.710e3 3.428e3 3.392e3 3.622e3 4.021e3 4.784e3 5.246e3 2.604e3 3.621e3 4.358e3 4.606e3 4.587e3 4.932e3 4.585e3 5.263e3 4.204e3 4.327e3 4.094e3 4.152e3 3.764e3 4.010e3 3.690e3 4.748e3 5.368e3 4.700e3 2.752e3 3.866e3 5.875e3 6.545e3 5.890e3 6.269e3 6.246e3 6.350e3 6.438e3 5.572e3 5.642e3 5.547e3 5.857e3 5.500e3 5.178e3 6.010e3 6.782e3 6.461e3 6.482e3 5.796e3 8.288e3 8.689e3 8.354e3 7.635e3 7.251e3 6.868e3 7.375e3 6.223e3 6.118e3 6.036e3 7.430e3 5.958e3 5.272e3 6.114e3 5.876e3 6.372e3 5.889e3 6.065e3 5.607e3 5.799e3 5.834e3 5.314e3 5.003e3 6.088e3 5.636e3 5.056e3 5.744e3 6.129e3 7.811e3 7.659e3 8.562e3 9.248e3 8.269e3 8.239e3 8.657e3 8.039e3 7.920e3 6.682e3 
   6.50e6  472.3   775.5   1.501e3 1.963e3 2.236e3 2.380e3 1.768e3 2.160e3 1.889e3 1.829e3 3.616e3 3.556e3 3.824e3 4.266e3 5.025e3 5.581e3 2.794e3 3.809e3 4.658e3 4.871e3 4.843e3 5.208e3 4.862e3 5.568e3 4.428e3 4.567e3 4.305e3 4.400e3 3.990e3 4.256e3 3.910e3 5.005e3 5.652e3 4.976e3 3.033e3 4.204e3 6.235e3 6.953e3 6.261e3 6.636e3 6.581e3 6.725e3 6.825e3 5.934e3 5.997e3 5.831e3 6.205e3 5.836e3 5.450e3 6.407e3 7.173e3 6.866e3 6.868e3 6.284e3 8.759e3 9.196e3 8.822e3 8.145e3 7.700e3 7.236e3 7.822e3 6.638e3 6.450e3 6.347e3 7.918e3 6.338e3 5.617e3 6.460e3 6.213e3 6.770e3 6.214e3 6.451e3 5.927e3 6.142e3 6.185e3 5.668e3 5.295e3 6.451e3 6.031e3 5.376e3 6.102e3 6.541e3 8.251e3 8.110e3 8.961e3 9.757e3 8.732e3 8.759e3 9.204e3 8.543e3 8.418e3 7.185e3 
   7.00e6  492.5   828.5   1.587e3 2.053e3 2.333e3 2.496e3 1.848e3 2.295e3 2.035e3 1.949e3 3.799e3 3.716e3 4.021e3 4.503e3 5.255e3 5.903e3 3.002e3 4.010e3 4.953e3 5.128e3 5.094e3 5.479e3 5.136e3 5.860e3 4.651e3 4.803e3 4.514e3 4.640e3 4.211e3 4.494e3 4.128e3 5.258e3 5.927e3 5.248e3 3.322e3 4.547e3 6.590e3 7.355e3 6.628e3 6.997e3 6.919e3 7.096e3 7.205e3 6.290e3 6.345e3 6.116e3 6.547e3 6.168e3 5.720e3 6.802e3 7.550e3 7.259e3 7.251e3 6.774e3 9.220e3 9.690e3 9.279e3 8.650e3 8.139e3 7.588e3 8.260e3 7.049e3 6.772e3 6.657e3 8.395e3 6.714e3 5.957e3 6.799e3 6.547e3 7.165e3 6.531e3 6.832e3 6.245e3 6.481e3 6.530e3 6.013e3 5.581e3 6.807e3 6.420e3 5.693e3 6.456e3 6.954e3 8.677e3 8.554e3 9.348e3 10.25e3 9.187e3 9.276e3 9.741e3 9.040e3 8.911e3 7.692e3 
   8.00e6  534.2   936.6   1.752e3 2.225e3 2.527e3 2.725e3 2.013e3 2.562e3 2.326e3 2.188e3 4.152e3 4.027e3 4.401e3 4.958e3 5.692e3 6.515e3 3.467e3 4.452e3 5.530e3 5.627e3 5.586e3 6.011e3 5.676e3 6.414e3 5.092e3 5.265e3 4.935e3 5.102e3 4.647e3 4.952e3 4.559e3 5.753e3 6.456e3 5.777e3 3.922e3 5.247e3 7.293e3 8.138e3 7.352e3 7.708e3 7.609e3 7.824e3 7.945e3 6.990e3 7.019e3 6.695e3 7.216e3 6.821e3 6.262e3 7.587e3 8.272e3 8.014e3 8.009e3 7.758e3 10.11e3 10.65e3 10.16e3 9.645e3 8.992e3 8.260e3 9.112e3 7.866e3 7.399e3 7.277e3 9.317e3 7.457e3 6.629e3 7.459e3 7.202e3 7.943e3 7.147e3 7.582e3 6.877e3 7.151e3 7.208e3 6.678e3 6.146e3 7.504e3 7.183e3 6.321e3 7.155e3 7.777e3 9.497e3 9.428e3 10.10e3 11.21e3 10.08e3 10.31e3 10.79e3 10.01e3 9.884e3 8.720e3 
   9.00e6  578.5   1.046e3 1.908e3 2.390e3 2.719e3 2.948e3 2.185e3 2.827e3 2.615e3 2.432e3 4.490e3 4.329e3 4.765e3 5.388e3 6.100e3 7.086e3 3.988e3 4.939e3 6.092e3 6.106e3 6.066e3 6.534e3 6.207e3 6.940e3 5.532e3 5.717e3 5.363e3 5.546e3 5.076e3 5.388e3 4.986e3 6.238e3 6.963e3 6.292e3 4.545e3 5.963e3 7.987e3 8.898e3 8.064e3 8.408e3 8.316e3 8.538e3 8.664e3 7.674e3 7.670e3 7.283e3 7.868e3 7.462e3 6.814e3 8.364e3 8.957e3 8.739e3 8.758e3 8.749e3 10.97e3 11.56e3 11.02e3 10.62e3 9.814e3 8.908e3 9.938e3 8.675e3 8.014e3 7.901e3 10.20e3 8.194e3 7.290e3 8.103e3 7.847e3 8.712e3 7.747e3 8.318e3 7.509e3 7.813e3 7.876e3 7.316e3 6.707e3 8.187e3 7.932e3 6.946e3 7.847e3 8.601e3 10.28e3 10.29e3 10.83e3 12.13e3 10.96e3 11.34e3 11.82e3 10.97e3 10.84e3 9.765e3 
   10.0e6  625.9   1.156e3 2.057e3 2.548e3 2.910e3 3.167e3 2.365e3 3.090e3 2.903e3 2.679e3 4.816e3 4.625e3 5.113e3 5.797e3 6.485e3 7.621e3 4.553e3 5.458e3 6.640e3 6.572e3 6.537e3 7.051e3 6.732e3 7.445e3 5.971e3 6.163e3 5.797e3 5.977e3 5.499e3 5.808e3 5.411e3 6.716e3 7.452e3 6.794e3 5.186e3 6.690e3 8.674e3 9.637e3 8.767e3 9.102e3 9.038e3 9.241e3 9.365e3 8.345e3 8.304e3 7.878e3 8.509e3 8.094e3 7.382e3 9.131e3 9.614e3 9.440e3 9.499e3 9.742e3 11.81e3 12.45e3 11.85e3 11.58e3 10.61e3 9.550e3 10.74e3 9.477e3 8.627e3 8.530e3 11.05e3 8.927e3 7.941e3 8.736e3 8.484e3 9.473e3 8.339e3 9.045e3 8.142e3 8.470e3 8.538e3 7.936e3 7.268e3 8.860e3 8.667e3 7.571e3 8.535e3 9.422e3 11.04e3 11.13e3 11.55e3 13.02e3 11.83e3 12.36e3 12.83e3 11.91e3 11.79e3 10.83e3 
   11.0e6  676.8   1.264e3 2.198e3 2.700e3 3.099e3 3.381e3 2.553e3 3.352e3 3.187e3 2.930e3 5.131e3 4.916e3 5.448e3 6.186e3 6.851e3 8.122e3 5.147e3 5.998e3 7.173e3 7.025e3 7.000e3 7.563e3 7.251e3 7.936e3 6.408e3 6.602e3 6.237e3 6.401e3 5.918e3 6.214e3 5.835e3 7.188e3 7.927e3 7.285e3 5.840e3 7.423e3 9.354e3 10.36e3 9.460e3 9.792e3 9.769e3 9.935e3 10.05e3 9.005e3 8.922e3 8.478e3 9.140e3 8.719e3 7.966e3 9.887e3 10.25e3 10.13e3 10.23e3 10.74e3 12.62e3 13.31e3 12.66e3 12.51e3 11.38e3 10.19e3 11.53e3 10.27e3 9.244e3 9.165e3 11.87e3 9.659e3 8.582e3 9.361e3 9.114e3 10.23e3 8.924e3 9.762e3 8.779e3 9.123e3 9.199e3 8.541e3 7.831e3 9.527e3 9.393e3 8.198e3 9.221e3 10.24e3 11.78e3 11.97e3 12.27e3 13.89e3 12.70e3 13.39e3 13.82e3 12.83e3 12.73e3 11.90e3 
   12.0e6  731.0   1.372e3 2.332e3 2.849e3 3.287e3 3.591e3 2.748e3 3.612e3 3.468e3 3.185e3 5.437e3 5.203e3 5.771e3 6.556e3 7.200e3 8.594e3 5.759e3 6.550e3 7.693e3 7.468e3 7.456e3 8.071e3 7.764e3 8.415e3 6.844e3 7.037e3 6.681e3 6.819e3 6.334e3 6.610e3 6.258e3 7.654e3 8.391e3 7.767e3 6.501e3 8.158e3 10.03e3 11.06e3 10.14e3 10.48e3 10.51e3 10.62e3 10.72e3 9.653e3 9.526e3 9.080e3 9.763e3 9.335e3 8.565e3 10.63e3 10.87e3 10.80e3 10.95e3 11.72e3 13.41e3 14.15e3 13.44e3 13.42e3 12.13e3 10.84e3 12.30e3 11.06e3 9.866e3 9.805e3 12.66e3 10.39e3 9.214e3 9.982e3 9.739e3 10.97e3 9.506e3 10.47e3 9.419e3 9.774e3 9.858e3 9.137e3 8.398e3 10.19e3 10.11e3 8.827e3 9.906e3 11.06e3 12.51e3 12.80e3 12.99e3 14.73e3 13.55e3 14.42e3 14.79e3 13.74e3 13.66e3 12.98e3 
   13.0e6  788.6   1.477e3 2.460e3 2.993e3 3.471e3 3.797e3 2.950e3 3.870e3 3.746e3 3.443e3 5.735e3 5.485e3 6.082e3 6.909e3 7.534e3 9.039e3 6.379e3 7.107e3 8.199e3 7.901e3 7.905e3 8.574e3 8.271e3 8.884e3 7.277e3 7.467e3 7.127e3 7.232e3 6.747e3 6.998e3 6.681e3 8.116e3 8.845e3 8.239e3 7.165e3 8.891e3 10.69e3 11.74e3 10.82e3 11.16e3 11.24e3 11.30e3 11.37e3 10.29e3 10.12e3 9.683e3 10.38e3 9.945e3 9.176e3 11.36e3 11.47e3 11.46e3 11.67e3 12.70e3 14.18e3 14.97e3 14.21e3 14.31e3 12.86e3 11.49e3 13.05e3 11.85e3 10.49e3 10.45e3 13.42e3 11.12e3 9.838e3 10.60e3 10.36e3 11.71e3 10.09e3 11.17e3 10.06e3 10.42e3 10.52e3 9.726e3 8.967e3 10.85e3 10.82e3 9.460e3 10.59e3 11.87e3 13.22e3 13.62e3 13.70e3 15.56e3 14.40e3 15.45e3 15.75e3 14.64e3 14.57e3 14.07e3 
   14.0e6  849.1   1.580e3 2.583e3 3.134e3 3.653e3 3.999e3 3.158e3 4.127e3 4.019e3 3.704e3 6.026e3 5.764e3 6.383e3 7.247e3 7.854e3 9.460e3 7.002e3 7.665e3 8.692e3 8.326e3 8.348e3 9.072e3 8.771e3 9.343e3 7.707e3 7.893e3 7.573e3 7.642e3 7.157e3 7.379e3 7.103e3 8.573e3 9.290e3 8.703e3 7.829e3 9.620e3 11.35e3 12.41e3 11.48e3 11.84e3 11.98e3 11.97e3 12.02e3 10.92e3 10.70e3 10.29e3 10.99e3 10.55e3 9.797e3 12.09e3 12.06e3 12.11e3 12.36e3 13.66e3 14.93e3 15.76e3 14.97e3 15.17e3 13.58e3 12.15e3 13.79e3 12.62e3 11.12e3 11.10e3 14.16e3 11.84e3 10.45e3 11.21e3 10.97e3 12.43e3 10.66e3 11.86e3 10.71e3 11.07e3 11.17e3 10.31e3 9.540e3 11.50e3 11.52e3 10.10e3 11.27e3 12.68e3 13.92e3 14.43e3 14.42e3 16.37e3 15.25e3 16.47e3 16.69e3 15.52e3 15.48e3 15.15e3 
   15.0e6  912.1   1.680e3 2.700e3 3.272e3 3.831e3 4.197e3 3.370e3 4.380e3 4.287e3 3.966e3 6.309e3 6.039e3 6.673e3 7.570e3 8.163e3 9.859e3 7.619e3 8.219e3 9.171e3 8.741e3 8.784e3 9.565e3 9.264e3 9.794e3 8.133e3 8.315e3 8.018e3 8.049e3 7.565e3 7.755e3 7.525e3 9.025e3 9.726e3 9.158e3 8.489e3 10.34e3 12.00e3 13.06e3 12.14e3 12.52e3 12.70e3 12.62e3 12.64e3 11.53e3 11.27e3 10.88e3 11.59e3 11.14e3 10.42e3 12.79e3 12.64e3 12.76e3 13.04e3 14.61e3 15.66e3 16.53e3 15.70e3 16.00e3 14.28e3 12.81e3 14.51e3 13.39e3 11.76e3 11.75e3 14.88e3 12.57e3 11.06e3 11.82e3 11.58e3 13.15e3 11.24e3 12.54e3 11.35e3 11.71e3 11.83e3 10.89e3 10.11e3 12.15e3 12.21e3 10.73e3 11.96e3 13.47e3 14.61e3 15.23e3 15.14e3 17.17e3 16.08e3 17.49e3 17.61e3 16.39e3 16.37e3 16.23e3 
   16.0e6  977.4   1.778e3 2.812e3 3.406e3 4.006e3 4.390e3 3.586e3 4.631e3 4.551e3 4.230e3 6.587e3 6.310e3 6.954e3 7.880e3 8.461e3 10.24e3 8.228e3 8.768e3 9.637e3 9.148e3 9.214e3 10.05e3 9.748e3 10.24e3 8.555e3 8.732e3 8.460e3 8.451e3 7.969e3 8.128e3 7.945e3 9.472e3 10.15e3 9.606e3 9.144e3 11.05e3 12.64e3 13.69e3 12.78e3 13.19e3 13.42e3 13.27e3 13.26e3 12.14e3 11.83e3 11.48e3 12.19e3 11.73e3 11.06e3 13.49e3 13.21e3 13.39e3 13.70e3 15.53e3 16.37e3 17.29e3 16.43e3 16.79e3 14.97e3 13.46e3 15.21e3 14.15e3 12.39e3 12.40e3 15.58e3 13.28e3 11.66e3 12.43e3 12.19e3 13.85e3 11.82e3 13.22e3 12.00e3 12.35e3 12.48e3 11.47e3 10.69e3 12.80e3 12.89e3 11.37e3 12.64e3 14.26e3 15.29e3 16.02e3 15.85e3 17.95e3 16.91e3 18.50e3 18.51e3 17.25e3 17.25e3 17.31e3 
   17.0e6  1.044e3 1.873e3 2.918e3 3.537e3 4.177e3 4.580e3 3.805e3 4.878e3 4.809e3 4.494e3 6.858e3 6.578e3 7.226e3 8.176e3 8.748e3 10.60e3 8.824e3 9.307e3 10.09e3 9.547e3 9.637e3 10.53e3 10.22e3 10.67e3 8.973e3 9.144e3 8.898e3 8.851e3 8.370e3 8.497e3 8.363e3 9.914e3 10.57e3 10.05e3 9.791e3 11.75e3 13.27e3 14.30e3 13.41e3 13.86e3 14.13e3 13.91e3 13.86e3 12.73e3 12.38e3 12.07e3 12.77e3 12.31e3 11.69e3 14.17e3 13.77e3 14.02e3 14.34e3 16.43e3 17.07e3 18.02e3 17.13e3 17.56e3 15.64e3 14.12e3 15.91e3 14.91e3 13.02e3 13.05e3 16.25e3 13.99e3 12.25e3 13.03e3 12.79e3 14.54e3 12.39e3 13.88e3 12.65e3 12.98e3 13.13e3 12.05e3 11.27e3 13.44e3 13.56e3 12.01e3 13.32e3 15.05e3 15.97e3 16.79e3 16.55e3 18.71e3 17.73e3 19.50e3 19.40e3 18.09e3 18.11e3 18.37e3 
   18.0e6  1.113e3 1.965e3 3.021e3 3.666e3 4.343e3 4.764e3 4.026e3 5.121e3 5.063e3 4.758e3 7.123e3 6.841e3 7.489e3 8.461e3 9.026e3 10.94e3 9.405e3 9.838e3 10.53e3 9.938e3 10.05e3 11.01e3 10.69e3 11.09e3 9.385e3 9.551e3 9.333e3 9.247e3 8.767e3 8.863e3 8.780e3 10.35e3 10.99e3 10.48e3 10.43e3 12.43e3 13.89e3 14.90e3 14.03e3 14.52e3 14.83e3 14.55e3 14.44e3 13.31e3 12.92e3 12.66e3 13.36e3 12.89e3 12.32e3 14.83e3 14.33e3 14.64e3 14.96e3 17.30e3 17.75e3 18.74e3 17.82e3 18.30e3 16.30e3 14.77e3 16.58e3 15.65e3 13.65e3 13.70e3 16.91e3 14.70e3 12.83e3 13.63e3 13.38e3 15.22e3 12.96e3 14.54e3 13.29e3 13.61e3 13.77e3 12.62e3 11.84e3 14.08e3 14.23e3 12.65e3 13.99e3 15.82e3 16.63e3 17.56e3 17.25e3 19.46e3 18.55e3 20.50e3 20.27e3 18.92e3 18.97e3 19.42e3 
   20.0e6  1.252e3 2.140e3 3.213e3 3.913e3 4.663e3 5.121e3 4.470e3 5.594e3 5.555e3 5.282e3 7.636e3 7.356e3 7.991e3 8.998e3 9.557e3 11.58e3 10.52e3 10.86e3 11.37e3 10.70e3 10.86e3 11.93e3 11.59e3 11.92e3 10.19e3 10.35e3 10.19e3 10.03e3 9.550e3 9.589e3 9.605e3 11.21e3 11.79e3 11.32e3 11.67e3 13.76e3 15.10e3 16.04e3 15.24e3 15.82e3 16.18e3 15.78e3 15.58e3 14.44e3 13.97e3 13.82e3 14.50e3 14.01e3 13.57e3 16.13e3 15.41e3 15.86e3 16.14e3 18.97e3 19.07e3 20.12e3 19.16e3 19.68e3 17.58e3 16.06e3 17.90e3 17.10e3 14.91e3 14.99e3 18.17e3 16.07e3 13.97e3 14.81e3 14.55e3 16.52e3 14.10e3 15.82e3 14.56e3 14.86e3 15.05e3 13.77e3 13.00e3 15.34e3 15.53e3 13.93e3 15.33e3 17.33e3 17.93e3 19.06e3 18.63e3 20.92e3 20.14e3 22.44e3 21.96e3 20.53e3 20.62e3 21.46e3 
   22.5e6  1.427e3 2.344e3 3.433e3 4.207e3 5.038e3 5.543e3 5.021e3 6.157e3 6.139e3 5.925e3 8.246e3 7.977e3 8.576e3 9.615e3 10.18e3 12.31e3 11.81e3 12.08e3 12.36e3 11.60e3 11.84e3 13.05e3 12.66e3 12.90e3 11.17e3 11.32e3 11.22e3 10.98e3 10.51e3 10.48e3 10.62e3 12.25e3 12.75e3 12.33e3 13.15e3 15.32e3 16.55e3 17.38e3 16.67e3 17.39e3 17.79e3 17.25e3 16.93e3 15.79e3 15.23e3 15.23e3 15.88e3 15.37e3 15.10e3 17.66e3 16.72e3 17.32e3 17.49e3 20.90e3 20.63e3 21.76e3 20.76e3 21.23e3 19.11e3 17.64e3 19.46e3 18.87e3 16.45e3 16.58e3 19.65e3 17.72e3 15.35e3 16.27e3 15.97e3 18.07e3 15.52e3 17.36e3 16.13e3 16.38e3 16.62e3 15.20e3 14.42e3 16.88e3 17.11e3 15.51e3 16.97e3 19.15e3 19.52e3 20.86e3 20.29e3 22.66e3 22.08e3 24.78e3 23.96e3 22.47e3 22.60e3 23.91e3 
   25.0e6  1.599e3 2.532e3 3.633e3 4.484e3 5.386e3 5.938e3 5.559e3 6.687e3 6.690e3 6.549e3 8.824e3 8.572e3 9.119e3 10.18e3 10.75e3 12.96e3 12.99e3 13.21e3 13.27e3 12.46e3 12.77e3 14.11e3 13.67e3 13.83e3 12.11e3 12.26e3 12.21e3 11.90e3 11.43e3 11.36e3 11.61e3 13.26e3 13.68e3 13.29e3 14.56e3 16.79e3 17.91e3 18.62e3 18.03e3 18.90e3 19.31e3 18.67e3 18.21e3 17.08e3 16.44e3 16.59e3 17.22e3 16.68e3 16.58e3 19.12e3 17.98e3 18.74e3 18.71e3 22.68e3 22.10e3 23.31e3 22.28e3 22.63e3 20.58e3 19.15e3 20.94e3 20.56e3 17.96e3 18.15e3 21.05e3 19.30e3 16.69e3 17.70e3 17.35e3 19.51e3 16.91e3 18.85e3 17.65e3 17.86e3 18.16e3 16.60e3 15.83e3 18.38e3 18.64e3 17.08e3 18.57e3 20.89e3 21.06e3 22.58e3 21.90e3 24.32e3 23.95e3 27.02e3 25.86e3 24.32e3 24.48e3 26.20e3 
   27.5e6  1.766e3 2.706e3 3.815e3 4.745e3 5.707e3 6.309e3 6.076e3 7.183e3 7.208e3 7.150e3 9.370e3 9.140e3 9.626e3 10.70e3 11.30e3 13.56e3 14.06e3 14.27e3 14.13e3 13.27e3 13.66e3 15.12e3 14.61e3 14.72e3 13.01e3 13.16e3 13.16e3 12.79e3 12.33e3 12.22e3 12.58e3 14.23e3 14.56e3 14.21e3 15.88e3 18.15e3 19.21e3 19.78e3 19.31e3 20.34e3 20.74e3 20.01e3 19.42e3 18.30e3 17.60e3 17.91e3 18.51e3 17.93e3 18.00e3 20.50e3 19.20e3 20.09e3 19.83e3 24.32e3 23.50e3 24.77e3 23.72e3 23.88e3 21.98e3 20.61e3 22.35e3 22.19e3 19.42e3 19.67e3 22.36e3 20.79e3 17.99e3 19.09e3 18.70e3 20.86e3 18.28e3 20.27e3 19.12e3 19.30e3 19.66e3 17.99e3 17.21e3 19.83e3 20.10e3 18.61e3 20.12e3 22.56e3 22.55e3 24.22e3 23.44e3 25.91e3 25.74e3 29.15e3 27.66e3 26.08e3 26.27e3 28.35e3 
   30.0e6  1.925e3 2.868e3 3.983e3 4.991e3 6.004e3 6.656e3 6.569e3 7.644e3 7.697e3 7.724e3 9.886e3 9.684e3 10.10e3 11.18e3 11.81e3 14.12e3 15.03e3 15.25e3 14.92e3 14.05e3 14.51e3 16.07e3 15.49e3 15.56e3 13.87e3 14.03e3 14.06e3 13.65e3 13.21e3 13.07e3 13.52e3 15.17e3 15.41e3 15.09e3 17.14e3 19.41e3 20.42e3 20.85e3 20.52e3 21.71e3 22.07e3 21.29e3 20.56e3 19.46e3 18.71e3 19.18e3 19.76e3 19.14e3 19.35e3 21.80e3 20.36e3 21.40e3 20.87e3 25.84e3 24.82e3 26.15e3 25.08e3 25.01e3 23.33e3 22.01e3 23.69e3 23.75e3 20.84e3 21.15e3 23.61e3 22.19e3 19.26e3 20.45e3 20.00e3 22.12e3 19.62e3 21.63e3 20.54e3 20.69e3 21.13e3 19.35e3 18.57e3 21.23e3 21.51e3 20.11e3 21.62e3 24.15e3 23.99e3 25.77e3 24.92e3 27.42e3 27.46e3 31.16e3 29.37e3 27.75e3 27.97e3 30.34e3 
   32.5e6  2.076e3 3.018e3 4.138e3 5.224e3 6.279e3 6.981e3 7.033e3 8.072e3 8.156e3 8.271e3 10.37e3 10.20e3 10.54e3 11.62e3 12.29e3 14.63e3 15.91e3 16.16e3 15.66e3 14.78e3 15.31e3 16.98e3 16.32e3 16.37e3 14.70e3 14.87e3 14.93e3 14.48e3 14.05e3 13.89e3 14.43e3 16.07e3 16.22e3 15.94e3 18.32e3 20.58e3 21.56e3 21.86e3 21.66e3 23.00e3 23.33e3 22.50e3 21.64e3 20.56e3 19.77e3 20.40e3 20.95e3 20.30e3 20.63e3 23.04e3 21.49e3 22.65e3 21.84e3 27.26e3 26.08e3 27.46e3 26.38e3 26.04e3 24.62e3 23.35e3 24.97e3 25.26e3 22.21e3 22.59e3 24.79e3 23.52e3 20.49e3 21.77e3 21.26e3 23.29e3 20.94e3 22.94e3 21.91e3 22.04e3 22.55e3 20.69e3 19.90e3 22.58e3 22.87e3 21.57e3 23.07e3 25.67e3 25.39e3 27.25e3 26.33e3 28.88e3 29.11e3 33.05e3 30.98e3 29.36e3 29.58e3 32.19e3 
   35.0e6  2.219e3 3.158e3 4.283e3 5.443e3 6.533e3 7.285e3 7.469e3 8.468e3 8.589e3 8.790e3 10.84e3 10.70e3 10.96e3 12.04e3 12.75e3 15.11e3 16.71e3 17.00e3 16.36e3 15.48e3 16.08e3 17.83e3 17.09e3 17.13e3 15.49e3 15.67e3 15.75e3 15.29e3 14.86e3 14.70e3 15.31e3 16.94e3 17.00e3 16.75e3 19.44e3 21.68e3 22.64e3 22.79e3 22.73e3 24.23e3 24.50e3 23.66e3 22.67e3 21.61e3 20.79e3 21.57e3 22.10e3 21.41e3 21.85e3 24.21e3 22.57e3 23.84e3 22.76e3 28.61e3 27.27e3 28.70e3 27.63e3 27.00e3 25.86e3 24.63e3 26.18e3 26.70e3 23.53e3 23.98e3 25.92e3 24.78e3 21.69e3 23.06e3 22.48e3 24.39e3 22.22e3 24.19e3 23.22e3 23.34e3 23.93e3 22.00e3 21.19e3 23.88e3 24.18e3 22.98e3 24.46e3 27.12e3 26.75e3 28.65e3 27.69e3 30.27e3 30.68e3 34.83e3 32.52e3 30.88e3 31.11e3 33.91e3 
   37.5e6  2.353e3 3.290e3 4.418e3 5.651e3 6.768e3 7.571e3 7.878e3 8.835e3 8.998e3 9.282e3 11.28e3 11.17e3 11.36e3 12.43e3 13.18e3 15.56e3 17.44e3 17.78e3 17.01e3 16.15e3 16.82e3 18.64e3 17.82e3 17.86e3 16.24e3 16.45e3 16.54e3 16.06e3 15.64e3 15.49e3 16.17e3 17.78e3 17.75e3 17.53e3 20.50e3 22.69e3 23.65e3 23.67e3 23.74e3 25.39e3 25.61e3 24.76e3 23.65e3 22.61e3 21.77e3 22.70e3 23.21e3 22.48e3 23.00e3 25.32e3 23.61e3 24.99e3 23.64e3 29.89e3 28.42e3 29.89e3 28.81e3 27.89e3 27.06e3 25.85e3 27.35e3 28.08e3 24.81e3 25.33e3 27.00e3 25.97e3 22.86e3 24.31e3 23.66e3 25.43e3 23.48e3 25.40e3 24.49e3 24.60e3 25.28e3 23.28e3 22.46e3 25.13e3 25.45e3 24.36e3 25.81e3 28.51e3 28.06e3 29.97e3 29.00e3 31.61e3 32.19e3 36.50e3 33.98e3 32.35e3 32.58e3 35.50e3 
   40.0e6  2.480e3 3.413e3 4.545e3 5.847e3 6.987e3 7.840e3 8.259e3 9.175e3 9.385e3 9.747e3 11.69e3 11.62e3 11.73e3 12.80e3 13.60e3 15.98e3 18.11e3 18.51e3 17.62e3 16.79e3 17.52e3 19.41e3 18.50e3 18.56e3 16.97e3 17.19e3 17.29e3 16.81e3 16.40e3 16.26e3 16.99e3 18.59e3 18.47e3 18.29e3 21.51e3 23.64e3 24.60e3 24.50e3 24.69e3 26.48e3 26.65e3 25.81e3 24.59e3 23.57e3 22.72e3 23.78e3 24.28e3 23.51e3 24.10e3 26.38e3 24.62e3 26.10e3 24.50e3 31.11e3 29.51e3 31.02e3 29.95e3 28.74e3 28.20e3 27.02e3 28.46e3 29.41e3 26.05e3 26.63e3 28.04e3 27.10e3 24.00e3 25.53e3 24.81e3 26.40e3 24.71e3 26.56e3 25.70e3 25.82e3 26.58e3 24.53e3 23.69e3 26.34e3 26.67e3 25.69e3 27.10e3 29.83e3 29.34e3 31.23e3 30.26e3 32.90e3 33.63e3 38.06e3 35.37e3 33.75e3 33.97e3 36.98e3 
   45.0e6  2.712e3 3.641e3 4.779e3 6.210e3 7.381e3 8.331e3 8.951e3 9.785e3 10.10e3 10.60e3 12.46e3 12.47e3 12.43e3 13.49e3 14.38e3 16.76e3 19.30e3 19.81e3 18.75e3 17.98e3 18.84e3 20.82e3 19.75e3 19.86e3 18.33e3 18.60e3 18.69e3 18.24e3 17.84e3 17.73e3 18.57e3 20.13e3 19.84e3 19.71e3 23.39e3 25.36e3 26.34e3 26.01e3 26.45e3 28.48e3 28.56e3 27.75e3 26.33e3 25.36e3 24.51e3 25.83e3 26.30e3 25.46e3 26.13e3 28.37e3 26.53e3 28.18e3 26.17e3 33.40e3 31.56e3 33.14e3 32.08e3 30.32e3 30.38e3 29.23e3 30.56e3 31.91e3 28.40e3 29.11e3 30.01e3 29.24e3 26.19e3 27.89e3 27.00e3 28.21e3 27.08e3 28.75e3 28.00e3 28.15e3 29.09e3 26.95e3 26.06e3 28.62e3 28.99e3 28.21e3 29.53e3 32.32e3 31.78e3 33.57e3 32.66e3 35.34e3 36.33e3 40.91e3 37.98e3 36.39e3 36.60e3 39.68e3 
   50.0e6  2.919e3 3.847e3 4.990e3 6.537e3 7.727e3 8.770e3 9.559e3 10.32e3 10.75e3 11.37e3 13.16e3 13.24e3 13.07e3 14.11e3 15.10e3 17.48e3 20.31e3 20.93e3 19.77e3 19.08e3 20.04e3 22.08e3 20.88e3 21.07e3 19.59e3 19.91e3 19.98e3 19.57e3 19.19e3 19.13e3 20.04e3 21.56e3 21.13e3 21.04e3 25.11e3 26.87e3 27.89e3 27.36e3 28.02e3 30.26e3 30.28e3 29.52e3 27.94e3 27.01e3 26.18e3 27.73e3 28.18e3 27.27e3 27.96e3 30.19e3 28.32e3 30.12e3 27.81e3 35.54e3 33.46e3 35.09e3 34.05e3 31.80e3 32.41e3 31.27e3 32.51e3 34.23e3 30.60e3 31.43e3 31.85e3 31.23e3 28.28e3 30.12e3 29.07e3 29.86e3 29.33e3 30.80e3 30.14e3 30.33e3 31.45e3 29.25e3 28.31e3 30.74e3 31.17e3 30.57e3 31.79e3 34.62e3 34.09e3 35.70e3 34.91e3 37.64e3 38.81e3 43.42e3 40.39e3 38.84e3 39.02e3 42.07e3 
   55.0e6  3.104e3 4.035e3 5.183e3 6.835e3 8.035e3 9.164e3 10.10e3 10.79e3 11.35e3 12.06e3 13.80e3 13.96e3 13.66e3 14.69e3 15.78e3 18.14e3 21.17e3 21.91e3 20.70e3 20.09e3 21.15e3 23.22e3 21.90e3 22.19e3 20.76e3 21.14e3 21.18e3 20.82e3 20.46e3 20.46e3 21.42e3 22.90e3 22.34e3 22.30e3 26.69e3 28.21e3 29.27e3 28.59e3 29.45e3 31.84e3 31.84e3 31.14e3 29.42e3 28.55e3 27.75e3 29.49e3 29.94e3 28.97e3 29.64e3 31.88e3 30.00e3 31.92e3 29.44e3 37.53e3 35.23e3 36.90e3 35.89e3 33.22e3 34.32e3 33.17e3 34.33e3 36.39e3 32.67e3 33.61e3 33.58e3 33.11e3 30.28e3 32.25e3 31.04e3 31.41e3 31.48e3 32.73e3 32.15e3 32.38e3 33.68e3 31.44e3 30.45e3 32.72e3 33.22e3 32.77e3 33.88e3 36.76e3 36.28e3 37.64e3 37.05e3 39.80e3 41.10e3 45.66e3 42.62e3 41.13e3 41.27e3 44.24e3 
   60.0e6  3.272e3 4.207e3 5.362e3 7.107e3 8.311e3 9.522e3 10.59e3 11.21e3 11.90e3 12.68e3 14.39e3 14.61e3 14.22e3 15.24e3 16.42e3 18.76e3 21.93e3 22.76e3 21.55e3 21.03e3 22.18e3 24.25e3 22.84e3 23.23e3 21.85e3 22.28e3 22.28e3 21.99e3 21.65e3 21.72e3 22.72e3 24.16e3 23.48e3 23.49e3 28.15e3 29.41e3 30.53e3 29.72e3 30.75e3 33.26e3 33.26e3 32.63e3 30.81e3 29.98e3 29.23e3 31.14e3 31.58e3 30.57e3 31.18e3 33.46e3 31.59e3 33.61e3 31.05e3 39.41e3 36.88e3 38.59e3 37.61e3 34.59e3 36.11e3 34.94e3 36.04e3 38.42e3 34.61e3 35.65e3 35.23e3 34.92e3 32.19e3 34.27e3 32.90e3 32.87e3 33.53e3 34.54e3 34.05e3 34.31e3 35.80e3 33.53e3 32.48e3 34.58e3 35.17e3 34.83e3 35.83e3 38.76e3 38.36e3 39.43e3 39.08e3 41.85e3 43.21e3 47.66e3 44.71e3 43.29e3 43.39e3 46.23e3 
   65.0e6  3.423e3 4.367e3 5.529e3 7.356e3 8.562e3 9.848e3 11.03e3 11.59e3 12.41e3 13.24e3 14.93e3 15.22e3 14.74e3 15.75e3 17.02e3 19.33e3 22.60e3 23.52e3 22.34e3 21.92e3 23.13e3 25.19e3 23.71e3 24.21e3 22.87e3 23.36e3 23.32e3 23.10e3 22.77e3 22.92e3 23.94e3 25.35e3 24.57e3 24.61e3 29.51e3 30.50e3 31.67e3 30.77e3 31.95e3 34.53e3 34.57e3 34.01e3 32.11e3 31.32e3 30.63e3 32.69e3 33.13e3 32.08e3 32.61e3 34.94e3 33.10e3 35.20e3 32.65e3 41.17e3 38.44e3 40.18e3 39.23e3 35.92e3 37.81e3 36.61e3 37.66e3 40.31e3 36.45e3 37.57e3 36.81e3 36.65e3 34.02e3 36.21e3 34.68e3 34.28e3 35.48e3 36.27e3 35.85e3 36.14e3 37.82e3 35.53e3 34.42e3 36.34e3 37.02e3 36.75e3 37.65e3 40.64e3 40.34e3 41.09e3 41.01e3 43.80e3 45.18e3 49.47e3 46.67e3 45.32e3 45.38e3 48.09e3 
   70.0e6  3.560e3 4.516e3 5.685e3 7.586e3 8.792e3 10.15e3 11.43e3 11.93e3 12.89e3 13.75e3 15.43e3 15.79e3 15.24e3 16.24e3 17.59e3 19.88e3 23.18e3 24.18e3 23.07e3 22.74e3 24.02e3 26.05e3 24.52e3 25.12e3 23.83e3 24.37e3 24.29e3 24.16e3 23.83e3 24.05e3 25.10e3 26.48e3 25.61e3 25.69e3 30.77e3 31.49e3 32.72e3 31.74e3 33.06e3 35.69e3 35.78e3 35.29e3 33.33e3 32.59e3 31.96e3 34.14e3 34.59e3 33.51e3 33.95e3 36.34e3 34.53e3 36.70e3 34.23e3 42.83e3 39.91e3 41.67e3 40.77e3 37.22e3 39.42e3 38.18e3 39.20e3 42.09e3 38.20e3 39.38e3 38.31e3 38.33e3 35.78e3 38.06e3 36.38e3 35.63e3 37.34e3 37.92e3 37.57e3 37.88e3 39.73e3 37.43e3 36.28e3 38.02e3 38.79e3 38.56e3 39.37e3 42.42e3 42.23e3 42.64e3 42.86e3 45.66e3 47.02e3 51.13e3 48.53e3 47.24e3 47.27e3 49.84e3 
   80.0e6  3.795e3 4.785e3 5.973e3 7.997e3 9.204e3 10.68e3 12.15e3 12.54e3 13.76e3 14.66e3 16.32e3 16.81e3 16.17e3 17.16e3 18.67e3 20.91e3 24.17e3 25.29e3 24.42e3 24.26e3 25.64e3 27.57e3 26.00e3 26.81e3 25.59e3 26.23e3 26.06e3 26.10e3 25.80e3 26.16e3 27.22e3 28.55e3 27.56e3 27.70e3 33.05e3 33.24e3 34.58e3 33.53e3 35.06e3 37.71e3 37.95e3 37.60e3 35.59e3 34.93e3 34.43e3 36.80e3 37.27e3 36.16e3 36.39e3 38.93e3 37.21e3 39.47e3 37.28e3 45.85e3 42.64e3 44.43e3 43.61e3 39.73e3 42.42e3 41.09e3 42.06e3 45.36e3 41.45e3 42.73e3 41.16e3 41.53e3 39.10e3 41.54e3 39.58e3 38.24e3 40.82e3 41.01e3 40.80e3 41.11e3 43.30e3 41.01e3 39.75e3 41.17e3 42.10e3 41.88e3 42.54e3 45.73e3 45.78e3 45.49e3 46.33e3 49.17e3 50.38e3 54.08e3 51.98e3 50.83e3 50.79e3 53.10e3 
   90.0e6  3.984e3 5.023e3 6.233e3 8.355e3 9.568e3 11.15e3 12.76e3 13.07e3 14.52e3 15.43e3 17.11e3 17.71e3 17.03e3 18.02e3 19.66e3 21.85e3 24.96e3 26.19e3 25.62e3 25.63e3 27.06e3 28.87e3 27.34e3 28.33e3 27.17e3 27.90e3 27.66e3 27.86e3 27.59e3 28.08e3 29.13e3 30.44e3 29.36e3 29.57e3 35.03e3 34.74e3 36.22e3 35.14e3 36.84e3 39.44e3 39.87e3 39.64e3 37.63e3 37.06e3 36.69e3 39.18e3 39.69e3 38.59e3 38.60e3 41.30e3 39.68e3 41.98e3 40.17e3 48.54e3 45.13e3 46.92e3 46.20e3 42.13e3 45.16e3 43.74e3 44.69e3 48.31e3 44.41e3 45.75e3 43.82e3 44.54e3 42.18e3 44.75e3 42.53e3 40.74e3 44.01e3 43.89e3 43.79e3 44.07e3 46.56e3 44.29e3 42.95e3 44.09e3 45.17e3 44.87e3 45.41e3 48.77e3 49.05e3 48.07e3 49.53e3 52.42e3 53.39e3 56.69e3 55.13e3 54.13e3 54.02e3 56.11e3 
   100.e6  4.136e3 5.234e3 6.470e3 8.671e3 9.895e3 11.56e3 13.29e3 13.55e3 15.21e3 16.10e3 17.81e3 18.50e3 17.83e3 18.83e3 20.58e3 22.72e3 25.62e3 26.92e3 26.72e3 26.87e3 28.33e3 30.01e3 28.55e3 29.71e3 28.60e3 29.41e3 29.12e3 29.48e3 29.22e3 29.82e3 30.87e3 32.16e3 31.04e3 31.31e3 36.78e3 36.07e3 37.69e3 36.63e3 38.45e3 40.96e3 41.58e3 41.46e3 39.52e3 39.02e3 38.77e3 41.34e3 41.89e3 40.82e3 40.64e3 43.49e3 41.97e3 44.28e3 42.87e3 50.93e3 47.42e3 49.21e3 48.59e3 44.43e3 47.70e3 46.17e3 47.13e3 50.98e3 47.14e3 48.51e3 46.32e3 47.38e3 45.06e3 47.73e3 45.27e3 43.15e3 46.95e3 46.58e3 46.58e3 46.80e3 49.57e3 47.33e3 45.92e3 46.84e3 48.02e3 47.61e3 48.08e3 51.59e3 52.09e3 50.46e3 52.49e3 55.46e3 56.13e3 59.06e3 58.05e3 57.18e3 57.01e3 58.95e3 
   110.e6  4.256e3 5.423e3 6.687e3 8.952e3 10.19e3 11.93e3 13.75e3 13.97e3 15.82e3 16.69e3 18.44e3 19.21e3 18.59e3 19.60e3 21.44e3 23.53e3 26.18e3 27.53e3 27.72e3 28.00e3 29.47e3 31.02e3 29.68e3 30.97e3 29.91e3 30.79e3 30.45e3 30.96e3 30.73e3 31.43e3 32.46e3 33.75e3 32.61e3 32.94e3 38.33e3 37.25e3 39.04e3 38.03e3 39.93e3 42.32e3 43.13e3 43.11e3 41.26e3 40.83e3 40.70e3 43.30e3 43.90e3 42.90e3 42.53e3 45.53e3 44.11e3 46.39e3 45.39e3 53.06e3 49.53e3 51.32e3 50.81e3 46.62e3 50.05e3 48.42e3 49.41e3 53.42e3 49.66e3 51.04e3 48.69e3 50.04e3 47.75e3 50.50e3 47.84e3 45.50e3 49.67e3 49.13e3 49.20e3 49.33e3 52.34e3 50.14e3 48.68e3 49.44e3 50.68e3 50.16e3 50.57e3 54.24e3 54.91e3 52.72e3 55.26e3 58.32e3 58.67e3 61.27e3 60.76e3 60.03e3 59.81e3 61.63e3 
   120.e6  4.349e3 5.594e3 6.888e3 9.204e3 10.47e3 12.27e3 14.16e3 14.36e3 16.39e3 17.21e3 19.00e3 19.85e3 19.30e3 20.33e3 22.25e3 24.30e3 26.66e3 28.06e3 28.65e3 29.05e3 30.50e3 31.93e3 30.72e3 32.12e3 31.12e3 32.05e3 31.68e3 32.33e3 32.13e3 32.90e3 33.93e3 35.22e3 34.09e3 34.48e3 39.73e3 38.33e3 40.29e3 39.35e3 41.30e3 43.56e3 44.53e3 44.60e3 42.88e3 42.51e3 42.48e3 45.11e3 45.75e3 44.84e3 44.32e3 47.44e3 46.12e3 48.35e3 47.73e3 54.96e3 51.50e3 53.27e3 52.88e3 48.72e3 52.24e3 50.51e3 51.54e3 55.67e3 52.01e3 53.37e3 50.93e3 52.54e3 50.27e3 53.08e3 50.25e3 47.77e3 52.21e3 51.54e3 51.66e3 51.70e3 54.92e3 52.76e3 51.26e3 51.91e3 53.18e3 52.54e3 52.93e3 56.73e3 57.56e3 54.87e3 57.85e3 61.02e3 61.05e3 63.38e3 63.30e3 62.70e3 62.43e3 64.19e3 
   130.e6  4.421e3 5.747e3 7.074e3 9.432e3 10.73e3 12.57e3 14.51e3 14.72e3 16.90e3 17.68e3 19.51e3 20.43e3 19.98e3 21.03e3 23.02e3 25.02e3 27.10e3 28.52e3 29.52e3 30.01e3 31.43e3 32.75e3 31.69e3 33.19e3 32.24e3 33.20e3 32.82e3 33.59e3 33.43e3 34.26e3 35.28e3 36.58e3 35.49e3 35.93e3 40.99e3 39.32e3 41.46e3 40.62e3 42.60e3 44.71e3 45.82e3 45.98e3 44.39e3 44.09e3 44.15e3 46.77e3 47.46e3 46.65e3 46.01e3 49.23e3 48.00e3 50.18e3 49.89e3 56.67e3 53.34e3 55.08e3 54.82e3 50.72e3 54.30e3 52.46e3 53.54e3 57.74e3 54.20e3 55.54e3 53.06e3 54.88e3 52.64e3 55.50e3 52.52e3 49.97e3 54.58e3 53.84e3 53.97e3 53.93e3 57.32e3 55.21e3 53.69e3 54.27e3 55.54e3 54.79e3 55.19e3 59.10e3 60.03e3 56.95e3 60.31e3 63.58e3 63.29e3 65.39e3 65.69e3 65.21e3 64.90e3 66.62e3 
   140.e6  4.476e3 5.886e3 7.247e3 9.640e3 10.96e3 12.86e3 14.83e3 15.05e3 17.37e3 18.11e3 19.97e3 20.96e3 20.63e3 21.70e3 23.74e3 25.70e3 27.50e3 28.93e3 30.33e3 30.91e3 32.28e3 33.50e3 32.60e3 34.18e3 33.27e3 34.27e3 33.88e3 34.77e3 34.65e3 35.51e3 36.53e3 37.86e3 36.82e3 37.31e3 42.15e3 40.24e3 42.58e3 41.84e3 43.83e3 45.80e3 47.01e3 47.24e3 45.82e3 45.57e3 45.71e3 48.31e3 49.04e3 48.36e3 47.62e3 50.92e3 49.79e3 51.88e3 51.90e3 58.21e3 55.06e3 56.77e3 56.64e3 52.62e3 56.22e3 54.29e3 55.43e3 59.66e3 56.25e3 57.55e3 55.09e3 57.08e3 54.88e3 57.76e3 54.66e3 52.11e3 56.80e3 56.03e3 56.17e3 56.02e3 59.57e3 57.50e3 55.96e3 56.53e3 57.77e3 56.94e3 57.35e3 61.34e3 62.36e3 58.96e3 62.63e3 66.00e3 65.42e3 67.35e3 67.94e3 67.58e3 67.24e3 68.95e3 
   150.e6  4.515e3 6.011e3 7.408e3 9.830e3 11.19e3 13.12e3 15.12e3 15.36e3 17.81e3 18.49e3 20.40e3 21.44e3 21.24e3 22.34e3 24.42e3 26.35e3 27.87e3 29.30e3 31.08e3 31.74e3 33.06e3 34.20e3 33.46e3 35.09e3 34.24e3 35.26e3 34.88e3 35.86e3 35.78e3 36.68e3 37.70e3 39.04e3 38.08e3 38.63e3 43.22e3 41.10e3 43.65e3 43.03e3 45.01e3 46.83e3 48.11e3 48.42e3 47.16e3 46.96e3 47.17e3 49.73e3 50.52e3 49.98e3 49.15e3 52.52e3 51.47e3 53.48e3 53.75e3 59.59e3 56.68e3 58.36e3 58.36e3 54.44e3 58.03e3 56.01e3 57.22e3 61.45e3 58.18e3 59.44e3 57.03e3 59.13e3 56.99e3 59.89e3 56.69e3 54.18e3 58.89e3 58.13e3 58.24e3 58.00e3 61.66e3 59.65e3 58.11e3 58.68e3 59.87e3 59.00e3 59.43e3 63.49e3 64.55e3 60.93e3 64.85e3 68.31e3 67.46e3 69.25e3 70.07e3 69.82e3 69.45e3 71.17e3 
   160.e6  4.543e3 6.125e3 7.558e3 10.01e3 11.40e3 13.36e3 15.37e3 15.66e3 18.21e3 18.84e3 20.79e3 21.87e3 21.83e3 22.95e3 25.07e3 26.96e3 28.23e3 29.64e3 31.80e3 32.52e3 33.77e3 34.84e3 34.26e3 35.94e3 35.14e3 36.17e3 35.81e3 36.88e3 36.85e3 37.76e3 38.80e3 40.16e3 39.28e3 39.88e3 44.23e3 41.91e3 44.68e3 44.18e3 46.14e3 47.82e3 49.13e3 49.51e3 48.42e3 48.27e3 48.54e3 51.06e3 51.89e3 51.50e3 50.62e3 54.03e3 53.07e3 54.97e3 55.48e3 60.85e3 58.20e3 59.84e3 59.99e3 56.17e3 59.74e3 57.62e3 58.91e3 63.12e3 59.99e3 61.21e3 58.88e3 61.04e3 58.98e3 61.88e3 58.60e3 56.19e3 60.86e3 60.15e3 60.20e3 59.88e3 63.63e3 61.68e3 60.14e3 60.74e3 61.87e3 60.98e3 61.45e3 65.54e3 66.62e3 62.85e3 66.98e3 70.51e3 69.42e3 71.11e3 72.09e3 71.95e3 71.56e3 73.31e3 
   170.e6  4.561e3 6.228e3 7.698e3 10.17e3 11.59e3 13.59e3 15.60e3 15.94e3 18.59e3 19.17e3 21.14e3 22.28e3 22.39e3 23.54e3 25.69e3 27.54e3 28.57e3 29.96e3 32.47e3 33.25e3 34.43e3 35.45e3 35.02e3 36.74e3 35.98e3 37.02e3 36.68e3 37.84e3 37.86e3 38.76e3 39.82e3 41.21e3 40.42e3 41.07e3 45.17e3 42.69e3 45.67e3 45.30e3 47.23e3 48.77e3 50.08e3 50.53e3 49.62e3 49.51e3 49.83e3 52.31e3 53.18e3 52.94e3 52.03e3 55.45e3 54.59e3 56.38e3 57.08e3 62.00e3 59.64e3 61.24e3 61.53e3 57.82e3 61.35e3 59.15e3 60.51e3 64.69e3 61.69e3 62.87e3 60.65e3 62.84e3 60.87e3 63.76e3 60.42e3 58.13e3 62.74e3 62.08e3 62.06e3 61.67e3 65.48e3 63.58e3 62.06e3 62.72e3 63.77e3 62.89e3 63.41e3 67.50e3 68.57e3 64.74e3 69.02e3 72.61e3 71.32e3 72.92e3 74.00e3 73.97e3 73.56e3 75.35e3 
   180.e6  4.571e3 6.322e3 7.829e3 10.32e3 11.78e3 13.80e3 15.81e3 16.20e3 18.94e3 19.47e3 21.47e3 22.65e3 22.93e3 24.11e3 26.27e3 28.09e3 28.89e3 30.26e3 33.10e3 33.94e3 35.04e3 36.01e3 35.74e3 37.48e3 36.77e3 37.81e3 37.50e3 38.73e3 38.81e3 39.70e3 40.78e3 42.19e3 41.51e3 42.21e3 46.06e3 43.43e3 46.64e3 46.40e3 48.29e3 49.69e3 50.97e3 51.48e3 50.75e3 50.69e3 51.05e3 53.47e3 54.38e3 54.31e3 53.38e3 56.80e3 56.03e3 57.71e3 58.56e3 63.04e3 60.99e3 62.56e3 62.99e3 59.40e3 62.87e3 60.58e3 62.04e3 66.16e3 63.30e3 64.43e3 62.34e3 64.52e3 62.65e3 65.53e3 62.15e3 60.01e3 64.52e3 63.95e3 63.83e3 63.37e3 67.22e3 65.38e3 63.88e3 64.60e3 65.57e3 64.74e3 65.30e3 69.38e3 70.42e3 66.59e3 70.98e3 74.62e3 73.15e3 74.69e3 75.82e3 75.90e3 75.46e3 77.31e3 
   200.e6  4.571e3 6.485e3 8.065e3 10.58e3 12.11e3 14.19e3 16.16e3 16.70e3 19.57e3 19.99e3 22.05e3 23.30e3 23.93e3 25.17e3 27.35e3 29.11e3 29.52e3 30.82e3 34.26e3 35.18e3 36.12e3 37.05e3 37.05e3 38.81e3 38.20e3 39.24e3 38.99e3 40.35e3 40.55e3 41.39e3 42.53e3 44.00e3 43.54e3 44.35e3 47.73e3 44.83e3 48.50e3 48.53e3 50.31e3 51.45e3 52.57e3 53.22e3 52.85e3 52.85e3 53.28e3 55.59e3 56.58e3 56.85e3 55.91e3 59.30e3 58.71e3 60.14e3 61.23e3 64.88e3 63.49e3 64.97e3 65.69e3 62.34e3 65.68e3 63.22e3 64.86e3 68.84e3 66.26e3 67.30e3 65.51e3 67.55e3 65.95e3 68.78e3 65.36e3 63.58e3 67.86e3 67.47e3 67.10e3 66.54e3 70.39e3 68.69e3 67.25e3 68.13e3 68.92e3 68.28e3 68.94e3 72.91e3 73.83e3 70.21e3 74.69e3 78.39e3 76.68e3 78.13e3 79.21e3 79.48e3 79.01e3 81.00e3 
   225.e6  4.547e3 6.649e3 8.320e3 10.87e3 12.47e3 14.60e3 16.53e3 17.25e3 20.24e3 20.55e3 22.65e3 23.99e3 25.07e3 26.38e3 28.57e3 30.24e3 30.26e3 31.48e3 35.55e3 36.54e3 37.28e3 38.20e3 38.50e3 40.24e3 39.76e3 40.78e3 40.63e3 42.10e3 42.47e3 43.20e3 44.45e3 45.99e3 45.83e3 46.77e3 49.66e3 46.47e3 50.69e3 51.08e3 52.69e3 53.53e3 54.30e3 55.12e3 55.19e3 55.27e3 55.73e3 57.91e3 58.97e3 59.69e3 58.79e3 62.06e3 61.72e3 62.82e3 64.08e3 66.79e3 66.26e3 67.63e3 68.72e3 65.66e3 68.78e3 66.14e3 68.02e3 71.80e3 69.52e3 70.48e3 69.11e3 70.82e3 69.61e3 72.35e3 68.95e3 67.71e3 71.67e3 71.54e3 70.76e3 70.13e3 73.88e3 72.35e3 71.01e3 72.12e3 72.70e3 72.44e3 73.22e3 76.93e3 77.63e3 74.58e3 78.99e3 82.67e3 80.83e3 82.21e3 83.02e3 83.50e3 83.03e3 85.22e3 
   250.e6  4.506e3 6.779e3 8.537e3 11.11e3 12.77e3 14.96e3 16.82e3 17.75e3 20.80e3 21.02e3 23.14e3 24.56e3 26.08e3 27.47e3 29.64e3 31.25e3 30.95e3 32.10e3 36.67e3 37.72e3 38.26e3 39.23e3 39.76e3 41.46e3 41.11e3 42.08e3 42.05e3 43.61e3 44.15e3 44.74e3 46.13e3 47.73e3 47.89e3 48.95e3 51.44e3 48.01e3 52.76e3 53.53e3 54.94e3 55.48e3 55.79e3 56.76e3 57.25e3 57.39e3 57.88e3 59.91e3 61.03e3 62.21e3 61.38e3 64.49e3 64.40e3 65.16e3 66.49e3 68.39e3 68.69e3 69.95e3 71.42e3 68.62e3 71.51e3 68.68e3 70.82e3 74.38e3 72.38e3 73.26e3 72.36e3 73.60e3 72.83e3 75.45e3 72.14e3 71.49e3 75.18e3 75.28e3 73.99e3 73.36e3 76.90e3 75.58e3 74.34e3 75.68e3 76.08e3 76.32e3 77.23e3 80.56e3 80.98e3 78.77e3 82.94e3 86.56e3 84.76e3 86.07e3 86.41e3 87.10e3 86.63e3 89.05e3 
   275.e6  4.456e3 6.880e3 8.723e3 11.31e3 13.02e3 15.27e3 17.06e3 18.20e3 21.28e3 21.41e3 23.53e3 25.04e3 26.99e3 28.46e3 30.60e3 32.13e3 31.60e3 32.70e3 37.66e3 38.75e3 39.13e3 40.16e3 40.86e3 42.50e3 42.27e3 43.20e3 43.29e3 44.90e3 45.63e3 46.05e3 47.59e3 49.26e3 49.75e3 50.91e3 53.14e3 49.46e3 54.71e3 55.88e3 57.06e3 57.32e3 57.07e3 58.19e3 59.09e3 59.28e3 59.76e3 61.66e3 62.83e3 64.46e3 63.70e3 66.62e3 66.79e3 67.22e3 68.52e3 69.74e3 70.85e3 72.00e3 73.83e3 71.28e3 73.90e3 70.91e3 73.32e3 76.67e3 74.88e3 75.72e3 75.29e3 75.96e3 75.66e3 78.17e3 74.99e3 74.95e3 78.46e3 78.74e3 76.86e3 76.29e3 79.52e3 78.44e3 77.30e3 78.87e3 79.13e3 79.97e3 80.99e3 83.85e3 83.96e3 82.78e3 86.61e3 90.09e3 88.48e3 89.69e3 89.45e3 90.33e3 89.87e3 92.54e3 
   300.e6  4.401e3 6.959e3 8.881e3 11.49e3 13.23e3 15.52e3 17.25e3 18.60e3 21.68e3 21.75e3 23.86e3 25.44e3 27.79e3 29.34e3 31.45e3 32.92e3 32.20e3 33.28e3 38.52e3 39.64e3 39.91e3 40.99e3 41.82e3 43.39e3 43.28e3 44.16e3 44.36e3 46.02e3 46.93e3 47.17e3 48.88e3 50.61e3 51.42e3 52.70e3 54.76e3 50.86e3 56.55e3 58.14e3 59.06e3 59.06e3 58.18e3 59.44e3 60.72e3 60.95e3 61.42e3 63.20e3 64.39e3 66.46e3 65.77e3 68.49e3 68.92e3 69.02e3 70.25e3 70.90e3 72.76e3 73.80e3 76.00e3 73.66e3 76.02e3 72.87e3 75.54e3 78.70e3 77.09e3 77.89e3 77.95e3 77.97e3 78.17e3 80.56e3 77.54e3 78.10e3 81.55e3 81.95e3 79.41e3 78.96e3 81.81e3 80.99e3 79.94e3 81.72e3 81.89e3 83.38e3 84.51e3 86.82e3 86.61e3 86.62e3 90.00e3 93.33e3 92.02e3 93.09e3 92.18e3 93.23e3 92.80e3 95.73e3 
   325.e6  4.471e3 7.132e3 8.993e3 11.63e3 13.53e3 15.86e3 17.69e3 19.11e3 22.11e3 22.22e3 24.43e3 26.00e3 28.51e3 30.12e3 32.11e3 33.60e3 33.47e3 34.06e3 39.37e3 40.48e3 40.89e3 42.02e3 43.09e3 44.44e3 44.42e3 45.26e3 45.69e3 47.43e3 48.20e3 48.61e3 50.45e3 51.82e3 52.87e3 54.15e3 55.40e3 52.12e3 58.19e3 59.73e3 60.87e3 60.61e3 59.91e3 61.19e3 62.71e3 62.84e3 63.47e3 65.24e3 66.23e3 68.64e3 68.18e3 70.72e3 71.22e3 71.19e3 71.77e3 72.03e3 74.92e3 76.01e3 78.57e3 76.19e3 78.48e3 75.47e3 78.13e3 80.90e3 79.67e3 80.65e3 80.38e3 80.46e3 80.87e3 83.31e3 80.46e3 80.99e3 84.08e3 85.00e3 82.29e3 82.03e3 84.84e3 83.73e3 83.05e3 84.82e3 84.76e3 86.37e3 87.31e3 90.10e3 89.63e3 89.68e3 92.47e3 95.67e3 95.00e3 96.03e3 95.48e3 96.75e3 96.22e3 99.03e3 
   350.e6  4.543e3 7.248e3 9.015e3 11.66e3 13.72e3 16.06e3 18.01e3 19.48e3 22.34e3 22.52e3 24.81e3 26.36e3 28.97e3 30.64e3 32.47e3 33.98e3 34.59e3 34.63e3 39.88e3 40.96e3 41.55e3 42.74e3 44.01e3 45.14e3 45.21e3 46.00e3 46.69e3 48.49e3 49.09e3 49.70e3 51.67e3 52.64e3 53.91e3 55.17e3 55.60e3 53.05e3 59.37e3 60.83e3 62.19e3 61.72e3 61.25e3 62.53e3 64.27e3 64.29e3 65.10e3 66.86e3 67.59e3 70.33e3 70.08e3 72.44e3 73.00e3 72.87e3 72.71e3 72.66e3 76.56e3 77.70e3 80.61e3 78.20e3 80.53e3 77.59e3 80.21e3 82.59e3 81.72e3 82.89e3 82.24e3 82.43e3 83.02e3 85.51e3 82.89e3 83.31e3 86.04e3 87.46e3 84.65e3 84.63e3 87.38e3 85.93e3 85.66e3 87.39e3 87.10e3 88.77e3 89.48e3 92.79e3 92.08e3 92.09e3 94.13e3 97.21e3 97.29e3 98.26e3 98.14e3 99.67e3 99.02e3 101.7e3 
   375.e6  4.546e3 7.290e3 9.025e3 11.67e3 13.85e3 16.21e3 18.20e3 19.74e3 22.50e3 22.72e3 25.08e3 26.63e3 29.35e3 31.06e3 32.77e3 34.29e3 35.29e3 35.09e3 40.28e3 41.36e3 42.06e3 43.36e3 44.72e3 45.67e3 45.86e3 46.60e3 47.47e3 49.34e3 49.86e3 50.62e3 52.62e3 53.35e3 54.80e3 56.05e3 56.09e3 53.87e3 60.35e3 61.78e3 63.30e3 62.64e3 62.32e3 63.66e3 65.52e3 65.47e3 66.39e3 68.16e3 68.76e3 71.72e3 71.67e3 73.85e3 74.50e3 74.22e3 73.71e3 73.34e3 77.93e3 79.11e3 82.26e3 79.92e3 82.15e3 79.29e3 81.89e3 83.96e3 83.40e3 84.69e3 83.86e3 84.10e3 84.82e3 87.30e3 84.89e3 85.31e3 87.67e3 89.58e3 86.74e3 86.81e3 89.46e3 87.85e3 87.89e3 89.50e3 89.10e3 90.84e3 91.44e3 95.08e3 94.12e3 94.26e3 96.17e3 98.99e3 99.46e3 100.3e3 100.5e3 102.1e3 101.4e3 104.1e3 
   400.e6  4.478e3 7.303e3 9.069e3 11.71e3 13.99e3 16.37e3 18.35e3 19.98e3 22.69e3 22.90e3 25.33e3 26.90e3 29.77e3 31.52e3 33.12e3 34.67e3 35.72e3 35.57e3 40.74e3 41.83e3 42.57e3 44.02e3 45.38e3 46.20e3 46.54e3 47.23e3 48.21e3 50.14e3 50.67e3 51.51e3 53.47e3 54.12e3 55.71e3 56.97e3 56.98e3 54.73e3 61.32e3 62.77e3 64.38e3 63.57e3 63.33e3 64.76e3 66.67e3 66.59e3 67.54e3 69.35e3 69.94e3 73.03e3 73.15e3 75.17e3 75.93e3 75.49e3 75.00e3 74.29e3 79.28e3 80.47e3 83.76e3 81.57e3 83.61e3 80.79e3 83.42e3 85.23e3 84.97e3 86.31e3 85.47e3 85.71e3 86.48e3 88.91e3 86.68e3 87.21e3 89.22e3 91.60e3 88.75e3 88.79e3 91.31e3 89.71e3 89.94e3 91.38e3 90.98e3 92.81e3 93.43e3 97.21e3 96.02e3 96.42e3 98.76e3 101.2e3 101.8e3 102.5e3 102.8e3 104.4e3 103.7e3 106.3e3 
   450.e6  4.363e3 7.313e3 9.132e3 11.77e3 14.20e3 16.63e3 18.61e3 20.40e3 22.98e3 23.20e3 25.73e3 27.35e3 30.45e3 32.27e3 33.67e3 35.26e3 36.45e3 36.45e3 41.46e3 42.60e3 43.40e3 45.17e3 46.44e3 47.04e3 47.66e3 48.28e3 49.44e3 51.46e3 52.03e3 53.02e3 54.89e3 55.43e3 57.21e3 58.51e3 58.66e3 56.31e3 62.95e3 64.42e3 66.17e3 65.14e3 65.06e3 66.64e3 68.62e3 68.47e3 69.50e3 71.36e3 71.94e3 75.25e3 75.62e3 77.38e3 78.37e3 77.62e3 77.22e3 76.02e3 81.57e3 82.78e3 86.33e3 84.41e3 86.08e3 83.33e3 86.00e3 87.40e3 87.61e3 89.08e3 88.20e3 88.50e3 89.30e3 91.61e3 89.74e3 90.44e3 91.85e3 95.05e3 92.24e3 92.25e3 94.47e3 92.94e3 93.50e3 94.57e3 94.25e3 96.21e3 96.86e3 100.9e3 99.32e3 100.1e3 103.4e3 105.1e3 105.8e3 106.3e3 106.7e3 108.2e3 107.6e3 110.2e3 
   500.e6  4.270e3 7.305e3 9.169e3 11.79e3 14.33e3 16.81e3 18.81e3 20.75e3 23.16e3 23.43e3 26.01e3 27.68e3 30.96e3 32.83e3 34.05e3 35.68e3 37.02e3 37.20e3 41.98e3 43.17e3 44.02e3 46.11e3 47.22e3 47.66e3 48.52e3 49.09e3 50.40e3 52.50e3 53.08e3 54.22e3 56.00e3 56.45e3 58.38e3 59.70e3 60.20e3 57.73e3 64.22e3 65.70e3 67.53e3 66.40e3 66.46e3 68.16e3 70.15e3 69.95e3 71.06e3 72.99e3 73.53e3 77.01e3 77.52e3 79.11e3 80.32e3 79.32e3 79.09e3 77.57e3 83.42e3 84.67e3 88.40e3 86.75e3 88.03e3 85.38e3 88.05e3 89.16e3 89.73e3 91.31e3 90.40e3 90.81e3 91.54e3 93.74e3 92.23e3 93.03e3 94.00e3 97.83e3 95.12e3 95.12e3 97.00e3 95.63e3 96.45e3 97.14e3 96.99e3 99.02e3 99.71e3 103.8e3 102.1e3 103.2e3 107.3e3 108.5e3 109.1e3 109.4e3 110.0e3 111.4e3 110.8e3 113.5e3 
   550.e6  4.195e3 7.284e3 9.186e3 11.79e3 14.40e3 16.93e3 18.97e3 21.02e3 23.25e3 23.61e3 26.18e3 27.93e3 31.32e3 33.24e3 34.30e3 35.96e3 37.45e3 37.83e3 42.33e3 43.60e3 44.46e3 46.88e3 47.77e3 48.09e3 49.18e3 49.73e3 51.13e3 53.31e3 53.88e3 55.17e3 56.86e3 57.26e3 59.26e3 60.62e3 61.60e3 58.99e3 65.21e3 66.69e3 68.53e3 67.43e3 67.59e3 69.38e3 71.35e3 71.11e3 72.31e3 74.29e3 74.81e3 78.40e3 78.95e3 80.45e3 81.87e3 80.67e3 80.68e3 78.98e3 84.92e3 86.20e3 90.08e3 88.66e3 89.56e3 87.01e3 89.68e3 90.60e3 91.42e3 93.11e3 92.16e3 92.74e3 93.33e3 95.43e3 94.25e3 95.10e3 95.78e3 100.0e3 97.49e3 97.52e3 99.04e3 97.90e3 98.89e3 99.23e3 99.30e3 101.4e3 102.1e3 106.1e3 104.4e3 105.7e3 110.7e3 111.3e3 111.9e3 111.9e3 112.7e3 114.1e3 113.5e3 116.3e3 
   600.e6  4.135e3 7.254e3 9.188e3 11.78e3 14.42e3 16.99e3 19.10e3 21.24e3 23.29e3 23.74e3 26.29e3 28.11e3 31.57e3 33.52e3 34.45e3 36.14e3 37.77e3 38.34e3 42.56e3 43.90e3 44.77e3 47.50e3 48.15e3 48.39e3 49.67e3 50.22e3 51.68e3 53.94e3 54.49e3 55.91e3 57.51e3 57.90e3 59.93e3 61.31e3 62.87e3 60.11e3 65.96e3 67.44e3 69.26e3 68.27e3 68.51e3 70.35e3 72.27e3 72.02e3 73.30e3 75.32e3 75.82e3 79.47e3 79.99e3 81.48e3 83.08e3 81.74e3 82.05e3 80.24e3 86.14e3 87.45e3 91.43e3 90.24e3 90.77e3 88.33e3 90.98e3 91.80e3 92.77e3 94.55e3 93.59e3 94.36e3 94.75e3 96.77e3 95.90e3 96.75e3 97.28e3 101.8e3 99.42e3 99.51e3 100.7e3 99.82e3 100.9e3 100.9e3 101.3e3 103.3e3 104.1e3 108.0e3 106.4e3 107.8e3 113.6e3 113.8e3 114.3e3 114.0e3 115.0e3 116.2e3 115.7e3 118.6e3 
   650.e6  4.086e3 7.216e3 9.179e3 11.74e3 14.40e3 17.01e3 19.19e3 21.41e3 23.29e3 23.84e3 26.33e3 28.24e3 31.72e3 33.70e3 34.52e3 36.22e3 37.99e3 38.73e3 42.67e3 44.11e3 44.98e3 47.98e3 48.39e3 48.58e3 50.03e3 50.61e3 52.10e3 54.41e3 54.93e3 56.47e3 57.99e3 58.39e3 60.40e3 61.82e3 64.01e3 61.09e3 66.52e3 68.00e3 69.76e3 68.96e3 69.25e3 71.11e3 72.96e3 72.72e3 74.09e3 76.12e3 76.62e3 80.30e3 80.73e3 82.27e3 84.01e3 82.58e3 83.24e3 81.39e3 87.13e3 88.47e3 92.52e3 91.52e3 91.72e3 89.39e3 92.00e3 92.80e3 93.86e3 95.69e3 94.74e3 95.72e3 95.88e3 97.85e3 97.24e3 98.05e3 98.55e3 103.2e3 101.0e3 101.2e3 102.0e3 101.5e3 102.6e3 102.3e3 102.9e3 105.0e3 105.8e3 109.4e3 108.0e3 109.5e3 116.1e3 115.9e3 116.2e3 115.7e3 116.8e3 118.0e3 117.5e3 120.6e3 
   700.e6  4.046e3 7.173e3 9.160e3 11.70e3 14.36e3 17.00e3 19.25e3 21.53e3 23.25e3 23.92e3 26.32e3 28.31e3 31.80e3 33.79e3 34.53e3 36.24e3 38.13e3 39.02e3 42.70e3 44.24e3 45.09e3 48.34e3 48.51e3 48.69e3 50.28e3 50.90e3 52.39e3 54.76e3 55.23e3 56.89e3 58.33e3 58.76e3 60.73e3 62.17e3 65.02e3 61.95e3 66.93e3 68.40e3 70.08e3 69.52e3 69.84e3 71.71e3 73.46e3 73.25e3 74.71e3 76.74e3 77.25e3 80.90e3 81.21e3 82.85e3 84.71e3 83.23e3 84.27e3 82.42e3 87.93e3 89.31e3 93.38e3 92.57e3 92.45e3 90.24e3 92.81e3 93.62e3 94.72e3 96.59e3 95.67e3 96.87e3 96.78e3 98.70e3 98.33e3 99.06e3 99.63e3 104.3e3 102.2e3 102.5e3 103.0e3 102.8e3 104.0e3 103.5e3 104.4e3 106.4e3 107.2e3 110.5e3 109.4e3 110.9e3 118.2e3 117.7e3 117.8e3 117.0e3 118.3e3 119.5e3 119.1e3 122.2e3 
   800.e6  3.982e3 7.074e3 9.102e3 11.59e3 14.22e3 16.90e3 19.28e3 21.67e3 23.11e3 24.00e3 26.20e3 28.36e3 31.77e3 33.79e3 34.39e3 36.11e3 38.21e3 39.32e3 42.57e3 44.32e3 45.13e3 48.75e3 48.50e3 48.71e3 50.54e3 51.26e3 52.72e3 55.18e3 55.53e3 57.38e3 58.66e3 59.22e3 61.03e3 62.51e3 66.67e3 63.32e3 67.40e3 68.85e3 70.30e3 70.36e3 70.68e3 72.49e3 74.02e3 73.92e3 75.56e3 77.53e3 78.07e3 81.62e3 81.61e3 83.56e3 85.56e3 84.10e3 85.96e3 84.16e3 89.07e3 90.53e3 94.57e3 94.09e3 93.42e3 91.46e3 93.90e3 94.88e3 95.93e3 97.81e3 97.01e3 98.65e3 98.02e3 99.93e3 99.91e3 100.4e3 101.4e3 105.8e3 103.9e3 104.6e3 104.4e3 105.0e3 106.0e3 105.2e3 106.6e3 108.5e3 109.4e3 112.0e3 111.6e3 112.8e3 121.4e3 120.5e3 120.2e3 119.0e3 120.6e3 121.6e3 121.4e3 124.6e3 
   900.e6  3.930e3 6.962e3 9.025e3 11.45e3 14.05e3 16.72e3 19.23e3 21.70e3 22.92e3 24.01e3 25.98e3 28.30e3 31.58e3 33.60e3 34.13e3 35.85e3 38.10e3 39.33e3 42.25e3 44.24e3 44.98e3 48.85e3 48.27e3 48.56e3 50.54e3 51.41e3 52.78e3 55.30e3 55.53e3 57.53e3 58.65e3 59.42e3 60.99e3 62.50e3 67.86e3 64.29e3 67.52e3 68.96e3 70.13e3 70.87e3 71.17e3 72.86e3 74.14e3 74.21e3 76.00e3 77.84e3 78.48e3 81.83e3 81.51e3 83.83e3 85.85e3 84.54e3 87.23e3 85.50e3 89.75e3 91.29e3 95.22e3 95.00e3 93.91e3 92.20e3 94.50e3 95.71e3 96.64e3 98.44e3 97.83e3 99.88e3 98.73e3 100.7e3 100.9e3 101.1e3 102.6e3 106.6e3 104.7e3 105.9e3 105.2e3 106.6e3 107.3e3 106.3e3 108.3e3 110.0e3 110.9e3 112.8e3 113.2e3 114.0e3 123.6e3 122.6e3 121.7e3 120.3e3 122.1e3 123.0e3 122.9e3 126.2e3 
   1.00e9  3.882e3 6.841e3 8.934e3 11.29e3 13.85e3 16.51e3 19.10e3 21.62e3 22.69e3 23.97e3 25.70e3 28.16e3 31.27e3 33.29e3 33.77e3 35.49e3 37.87e3 39.11e3 41.82e3 44.02e3 44.71e3 48.70e3 47.88e3 48.30e3 50.37e3 51.41e3 52.67e3 55.22e3 55.32e3 57.43e3 58.40e3 59.41e3 60.71e3 62.25e3 68.65e3 64.93e3 67.41e3 68.82e3 69.69e3 71.15e3 71.39e3 72.94e3 73.95e3 74.24e3 76.17e3 77.82e3 78.60e3 81.69e3 81.10e3 83.81e3 85.76e3 84.69e3 88.15e3 86.49e3 90.10e3 91.71e3 95.48e3 95.47e3 94.08e3 92.60e3 94.74e3 96.23e3 97.00e3 98.67e3 98.30e3 100.7e3 99.08e3 101.1e3 101.5e3 101.4e3 103.5e3 106.9e3 105.0e3 106.7e3 105.6e3 107.7e3 108.1e3 107.0e3 109.4e3 111.1e3 111.9e3 113.0e3 114.2e3 114.7e3 124.9e3 124.0e3 122.5e3 120.9e3 122.9e3 123.8e3 123.8e3 127.1e3 
   1.10e9  3.833e3 6.714e3 8.833e3 11.13e3 13.65e3 16.26e3 18.91e3 21.48e3 22.44e3 23.87e3 25.37e3 27.96e3 30.89e3 32.90e3 33.36e3 35.07e3 37.56e3 38.75e3 41.31e3 43.72e3 44.35e3 48.37e3 47.41e3 47.97e3 50.08e3 51.28e3 52.43e3 54.99e3 54.96e3 57.15e3 57.98e3 59.26e3 60.27e3 61.82e3 69.06e3 65.28e3 67.13e3 68.52e3 69.10e3 71.22e3 71.40e3 72.79e3 73.55e3 74.08e3 76.11e3 77.53e3 78.49e3 81.30e3 80.52e3 83.58e3 85.38e3 84.61e3 88.77e3 87.15e3 90.18e3 91.87e3 95.44e3 95.61e3 94.01e3 92.76e3 94.74e3 96.49e3 97.10e3 98.59e3 98.49e3 101.2e3 99.16e3 101.3e3 101.7e3 101.4e3 104.1e3 106.9e3 104.8e3 107.0e3 105.6e3 108.4e3 108.6e3 107.4e3 110.2e3 111.7e3 112.6e3 113.0e3 114.9e3 115.0e3 125.5e3 124.9e3 122.9e3 121.2e3 123.3e3 124.1e3 124.3e3 127.5e3 
   1.20e9  3.780e3 6.582e3 8.724e3 10.96e3 13.45e3 16.00e3 18.68e3 21.28e3 22.17e3 23.74e3 25.02e3 27.72e3 30.47e3 32.46e3 32.91e3 34.61e3 37.21e3 38.28e3 40.75e3 43.36e3 43.93e3 47.90e3 46.89e3 47.59e3 49.71e3 51.05e3 52.10e3 54.64e3 54.51e3 56.75e3 57.43e3 59.00e3 59.72e3 61.28e3 69.16e3 65.40e3 66.73e3 68.11e3 68.39e3 71.13e3 71.25e3 72.48e3 72.99e3 73.79e3 75.90e3 77.05e3 78.22e3 80.74e3 79.85e3 83.22e3 84.81e3 84.38e3 89.12e3 87.52e3 90.07e3 91.81e3 95.18e3 95.48e3 93.78e3 92.74e3 94.55e3 96.54e3 97.00e3 98.30e3 98.47e3 101.4e3 99.06e3 101.2e3 101.7e3 101.1e3 104.5e3 106.7e3 104.4e3 107.1e3 105.4e3 108.8e3 108.7e3 107.6e3 110.6e3 112.0e3 112.9e3 112.7e3 115.3e3 114.9e3 125.7e3 125.4e3 122.8e3 121.2e3 123.4e3 124.2e3 124.4e3 127.6e3 
   1.30e9  3.722e3 6.448e3 8.610e3 10.79e3 13.25e3 15.73e3 18.41e3 21.04e3 21.90e3 23.57e3 24.65e3 27.45e3 30.02e3 31.99e3 32.45e3 34.13e3 36.83e3 37.75e3 40.17e3 42.94e3 43.48e3 47.33e3 46.33e3 47.18e3 49.28e3 50.75e3 51.70e3 54.20e3 53.99e3 56.25e3 56.80e3 58.66e3 59.09e3 60.66e3 69.00e3 65.33e3 66.25e3 67.62e3 67.63e3 70.90e3 70.98e3 72.05e3 72.33e3 73.41e3 75.56e3 76.43e3 77.83e3 80.05e3 79.14e3 82.75e3 84.11e3 84.03e3 89.23e3 87.63e3 89.80e3 91.59e3 94.75e3 95.14e3 93.42e3 92.58e3 94.22e3 96.41e3 96.75e3 97.85e3 98.29e3 101.3e3 98.82e3 101.1e3 101.5e3 100.7e3 104.6e3 106.3e3 103.7e3 106.9e3 105.1e3 108.9e3 108.5e3 107.6e3 110.7e3 112.1e3 113.0e3 112.3e3 115.4e3 114.7e3 125.4e3 125.5e3 122.5e3 120.9e3 123.1e3 124.0e3 124.3e3 127.3e3 
   1.40e9  3.659e3 6.311e3 8.491e3 10.62e3 13.06e3 15.47e3 18.13e3 20.76e3 21.61e3 23.37e3 24.28e3 27.15e3 29.55e3 31.51e3 31.97e3 33.64e3 36.44e3 37.20e3 39.57e3 42.49e3 43.00e3 46.70e3 45.77e3 46.75e3 48.80e3 50.39e3 51.25e3 53.70e3 53.43e3 55.68e3 56.11e3 58.25e3 58.41e3 59.99e3 68.60e3 65.10e3 65.71e3 67.08e3 66.83e3 70.54e3 70.60e3 71.54e3 71.60e3 72.95e3 75.12e3 75.71e3 77.35e3 79.27e3 78.43e3 82.21e3 83.30e3 83.58e3 89.12e3 87.51e3 89.40e3 91.22e3 94.18e3 94.64e3 92.97e3 92.29e3 93.79e3 96.12e3 96.38e3 97.30e3 97.98e3 101.1e3 98.46e3 100.8e3 101.2e3 100.3e3 104.5e3 105.7e3 102.8e3 106.5e3 104.7e3 108.9e3 108.2e3 107.4e3 110.7e3 112.0e3 112.9e3 111.8e3 115.2e3 114.3e3 124.7e3 125.3e3 121.9e3 120.5e3 122.7e3 123.6e3 123.9e3 126.8e3 
   1.50e9  3.591e3 6.173e3 8.368e3 10.45e3 12.87e3 15.21e3 17.82e3 20.46e3 21.31e3 23.14e3 23.91e3 26.83e3 29.08e3 31.01e3 31.49e3 33.14e3 36.04e3 36.64e3 38.97e3 42.01e3 42.51e3 46.02e3 45.20e3 46.30e3 48.29e3 49.97e3 50.76e3 53.14e3 52.84e3 55.07e3 55.38e3 57.80e3 57.70e3 59.28e3 68.02e3 64.75e3 65.13e3 66.49e3 66.02e3 70.09e3 70.14e3 70.96e3 70.82e3 72.45e3 74.60e3 74.90e3 76.80e3 78.44e3 77.74e3 81.62e3 82.44e3 83.07e3 88.82e3 87.20e3 88.89e3 90.73e3 93.50e3 94.02e3 92.44e3 91.92e3 93.28e3 95.71e3 95.91e3 96.66e3 97.56e3 100.7e3 98.02e3 100.4e3 100.7e3 99.72e3 104.2e3 105.1e3 101.9e3 106.0e3 104.2e3 108.6e3 107.8e3 107.1e3 110.4e3 111.7e3 112.6e3 111.2e3 115.0e3 113.7e3 123.9e3 124.8e3 121.2e3 119.9e3 122.1e3 123.0e3 123.3e3 126.1e3 
   1.60e9  3.518e3 6.036e3 8.242e3 10.28e3 12.69e3 14.95e3 17.50e3 20.14e3 21.01e3 22.88e3 23.53e3 26.49e3 28.61e3 30.52e3 31.01e3 32.64e3 35.64e3 36.10e3 38.38e3 41.51e3 42.00e3 45.31e3 44.64e3 45.85e3 47.76e3 49.51e3 50.25e3 52.54e3 52.23e3 54.43e3 54.63e3 57.30e3 56.98e3 58.55e3 67.28e3 64.29e3 64.51e3 65.88e3 65.21e3 69.54e3 69.60e3 70.33e3 70.01e3 71.90e3 74.01e3 74.04e3 76.18e3 77.57e3 77.07e3 80.98e3 81.54e3 82.50e3 88.35e3 86.72e3 88.30e3 90.14e3 92.75e3 93.29e3 91.86e3 91.46e3 92.69e3 95.18e3 95.36e3 95.97e3 97.04e3 100.2e3 97.51e3 99.84e3 100.1e3 99.12e3 103.7e3 104.4e3 100.9e3 105.3e3 103.6e3 108.1e3 107.2e3 106.7e3 109.9e3 111.2e3 112.2e3 110.6e3 114.5e3 113.1e3 122.8e3 124.1e3 120.3e3 119.2e3 121.4e3 122.3e3 122.6e3 125.3e3 
   1.70e9  3.442e3 5.899e3 8.114e3 10.12e3 12.51e3 14.71e3 17.18e3 19.80e3 20.70e3 22.61e3 23.16e3 26.14e3 28.15e3 30.03e3 30.54e3 32.14e3 35.24e3 35.58e3 37.79e3 40.99e3 41.49e3 44.58e3 44.08e3 45.38e3 47.21e3 49.01e3 49.71e3 51.91e3 51.62e3 53.77e3 53.87e3 56.78e3 56.24e3 57.82e3 66.42e3 63.76e3 63.88e3 65.24e3 64.40e3 68.92e3 69.01e3 69.66e3 69.18e3 71.31e3 73.38e3 73.14e3 75.53e3 76.68e3 76.42e3 80.31e3 80.61e3 81.89e3 87.73e3 86.10e3 87.63e3 89.47e3 91.92e3 92.48e3 91.23e3 90.94e3 92.06e3 94.56e3 94.74e3 95.23e3 96.44e3 99.56e3 96.93e3 99.24e3 99.49e3 98.49e3 103.2e3 103.7e3 99.81e3 104.6e3 103.0e3 107.6e3 106.6e3 106.2e3 109.3e3 110.6e3 111.6e3 109.9e3 113.9e3 112.4e3 121.5e3 123.2e3 119.4e3 118.4e3 120.6e3 121.5e3 121.8e3 124.4e3 
   1.80e9  3.363e3 5.763e3 7.984e3 9.963e3 12.33e3 14.47e3 16.86e3 19.46e3 20.38e3 22.32e3 22.80e3 25.78e3 27.69e3 29.54e3 30.07e3 31.66e3 34.84e3 35.09e3 37.21e3 40.46e3 40.97e3 43.85e3 43.53e3 44.91e3 46.65e3 48.48e3 49.15e3 51.26e3 51.00e3 53.09e3 53.11e3 56.22e3 55.51e3 57.08e3 65.47e3 63.16e3 63.23e3 64.60e3 63.61e3 68.23e3 68.38e3 68.97e3 68.34e3 70.71e3 72.70e3 72.22e3 74.84e3 75.78e3 75.80e3 79.60e3 79.67e3 81.23e3 86.98e3 85.36e3 86.90e3 88.73e3 91.05e3 91.60e3 90.55e3 90.35e3 91.38e3 93.85e3 94.06e3 94.46e3 95.77e3 98.81e3 96.31e3 98.57e3 98.77e3 97.83e3 102.5e3 102.9e3 98.75e3 103.7e3 102.4e3 106.9e3 105.8e3 105.6e3 108.6e3 109.9e3 110.9e3 109.2e3 113.2e3 111.7e3 120.2e3 122.2e3 118.3e3 117.6e3 119.7e3 120.6e3 120.9e3 123.4e3 
   2.00e9  3.201e3 5.498e3 7.722e3 9.657e3 11.98e3 14.01e3 16.22e3 18.76e3 19.73e3 21.69e3 22.09e3 25.05e3 26.79e3 28.60e3 29.16e3 30.70e3 34.04e3 34.22e3 36.09e3 39.37e3 39.93e3 42.41e3 42.47e3 43.96e3 45.52e3 47.36e3 48.01e3 49.90e3 49.78e3 51.73e3 51.60e3 55.06e3 54.07e3 55.62e3 63.38e3 61.84e3 61.89e3 63.27e3 62.07e3 66.72e3 66.99e3 67.54e3 66.68e3 69.43e3 71.24e3 70.34e3 73.38e3 73.97e3 74.61e3 78.13e3 77.79e3 79.84e3 85.16e3 83.60e3 85.29e3 87.06e3 89.18e3 89.71e3 89.11e3 89.03e3 89.90e3 92.24e3 92.54e3 92.87e3 94.26e3 97.08e3 94.93e3 97.03e3 97.17e3 96.46e3 100.7e3 101.2e3 96.61e3 102.0e3 101.0e3 105.2e3 104.2e3 104.1e3 106.9e3 108.2e3 109.2e3 107.9e3 111.5e3 110.1e3 117.2e3 119.7e3 116.1e3 115.8e3 117.7e3 118.7e3 118.8e3 121.2e3 
