# SRIM-2013 Electronic stopping power table for Z1=91
# Converted from a table provided by H.Hofsaess
# units of energy:         eV
# units of stopping power: eV A^2
#      \Z2 1       2       3       4       5       6       7       8       9       10      11      12      13      14      15      16      17      18      19      20      21      22      23      24      25      26      27      28      29      30      31      32      33      34      35      36      37      38      39      40      41      42      43      44      45      46      47      48      49      50      51      52      53      54      55      56      57      58      59      60      61      62      63      64      65      66      67      68      69      70      71      72      73      74      75      76      77      78      79      80      81      82      83      84      85      86      87      88      89      90      91      92      
# energy\  H       He      Li      Be      B       C       N       O       F       Ne      Na      Mg      Al      Si      P       S       Cl      Ar      K       Ca      Sc      Ti      V       Cr      Mn      Fe      Co      Ni      Cu      Zn      Ga      Ge      As      Se      Br      Kr      Rb      Sr      Y       Zr      Nb      Mo      Tc      Ru      Rh      Pd      Ag      Cd      In      Sn      Sb      Te      I       Xe      Cs      Ba      La      Ce      Pr      Nd      Pm      Sm      Eu      Gd      Tb      Dy      Ho      Er      Tm      Yb      Lu      Hf      Ta      W       Re      Os      Ir      Pt      Au      Hg      Tl      Pb      Bi      Po      At      Rn      Fr      Ra      Ac      Th      Pa      U       
   0.00    0.0     0.0     0.0     0.0     0.0     0.0     0.0     0.0     0.0     0.0     0.0     0.0     0.0     0.0     0.0     0.0     0.0     0.0     0.0     0.0     0.0     0.0     0.0     0.0     0.0     0.0     0.0     0.0     0.0     0.0     0.0     0.0     0.0     0.0     0.0     0.0     0.0     0.0     0.0     0.0     0.0     0.0     0.0     0.0     0.0     0.0     0.0     0.0     0.0     0.0     0.0     0.0     0.0     0.0     0.0     0.0     0.0     0.0     0.0     0.0     0.0     0.0     0.0     0.0     0.0     0.0     0.0     0.0     0.0     0.0     0.0     0.0     0.0     0.0     0.0     0.0     0.0     0.0     0.0     0.0     0.0     0.0     0.0     0.0     0.0     0.0     0.0     0.0     0.0     0.0     0.0     0.0     
   10.0    1.607   1.958   2.508   5.124   6.087   7.798   5.144   4.237   4.803   4.786   8.721   10.69   9.975   9.534   10.43   8.204   2.470   5.855   7.398   7.452   11.45   10.47   11.17   8.658   8.257   9.066   8.277   8.547   8.173   7.702   8.264   10.65   12.30   10.77   3.698   5.409   13.54   13.54   13.74   10.74   15.97   15.04   13.56   9.630   8.389   12.78   12.63   11.74   9.714   16.15   14.28   11.57   15.17   4.414   17.51   18.01   18.53   15.36   13.81   14.40   14.54   12.77   12.33   18.29   14.49   12.24   9.932   10.41   13.28   10.07   11.71   10.12   12.96   12.07   10.71   6.768   7.955   10.93   10.19   7.893   9.139   14.07   13.70   17.66   17.88   17.16   19.87   19.08   12.96   12.52   15.95   12.83   
   11.0    1.685   2.053   2.631   5.374   6.384   8.179   5.395   4.444   5.037   5.019   9.147   11.21   10.46   9.999   10.94   8.605   2.591   6.141   7.759   7.816   12.01   10.98   11.72   9.080   8.660   9.508   8.681   8.964   8.572   8.078   8.667   11.16   12.90   11.30   3.878   5.673   14.20   14.20   14.41   11.27   16.75   15.77   14.22   10.10   8.799   13.41   13.25   12.31   10.19   16.94   14.97   12.14   15.91   4.629   18.37   18.89   19.43   16.11   14.49   15.10   15.25   13.39   12.93   19.19   15.20   12.84   10.42   10.92   13.93   10.56   12.29   10.61   13.60   12.65   11.23   7.098   8.343   11.46   10.69   8.278   9.585   14.76   14.37   18.52   18.75   18.00   20.84   20.01   13.59   13.13   16.73   13.46   
   12.0    1.760   2.145   2.748   5.613   6.668   8.542   5.635   4.641   5.261   5.243   9.554   11.71   10.93   10.44   11.42   8.987   2.706   6.414   8.104   8.164   12.55   11.47   12.24   9.484   9.045   9.931   9.067   9.363   8.954   8.437   9.052   11.66   13.47   11.80   4.051   5.925   14.83   14.84   15.05   11.77   17.50   16.47   14.86   10.55   9.190   14.00   13.84   12.86   10.64   17.69   15.64   12.68   16.62   4.835   19.19   19.73   20.29   16.83   15.13   15.77   15.92   13.99   13.51   20.04   15.87   13.41   10.88   11.40   14.55   11.03   12.83   11.08   14.20   13.22   11.73   7.413   8.714   11.97   11.16   8.646   10.01   15.41   15.01   19.34   19.58   18.80   21.77   20.90   14.20   13.71   17.47   14.06   
   13.0    1.832   2.232   2.860   5.842   6.940   8.891   5.865   4.831   5.476   5.457   9.944   12.19   11.37   10.87   11.89   9.354   2.816   6.676   8.435   8.497   13.06   11.94   12.74   9.871   9.415   10.34   9.437   9.745   9.319   8.782   9.422   12.14   14.02   12.28   4.216   6.167   15.43   15.44   15.67   12.25   18.21   17.14   15.46   10.98   9.565   14.57   14.40   13.39   11.08   18.42   16.28   13.19   17.30   5.032   19.97   20.54   21.12   17.52   15.75   16.42   16.57   14.56   14.06   20.86   16.52   13.95   11.32   11.87   15.14   11.49   13.36   11.53   14.78   13.76   12.21   7.716   9.070   12.46   11.62   8.999   10.42   16.04   15.62   20.13   20.38   19.57   22.65   21.76   14.78   14.27   18.18   14.63   
   14.0    1.901   2.316   2.968   6.063   7.202   9.227   6.086   5.013   5.683   5.663   10.32   12.65   11.80   11.28   12.34   9.707   2.923   6.928   8.753   8.818   13.55   12.39   13.22   10.24   9.770   10.73   9.794   10.11   9.671   9.113   9.778   12.60   14.55   12.74   4.375   6.400   16.02   16.02   16.26   12.71   18.90   17.79   16.05   11.39   9.927   15.12   14.94   13.89   11.49   19.11   16.89   13.69   17.95   5.222   20.72   21.31   21.92   18.18   16.34   17.03   17.20   15.11   14.59   21.64   17.14   14.48   11.75   12.31   15.72   11.92   13.86   11.97   15.34   14.28   12.67   8.007   9.412   12.93   12.06   9.339   10.81   16.65   16.21   20.89   21.15   20.30   23.51   22.58   15.33   14.81   18.87   15.19   
   15.0    1.968   2.398   3.072   6.276   7.455   9.551   6.300   5.189   5.882   5.861   10.68   13.09   12.22   11.68   12.77   10.05   3.025   7.171   9.061   9.127   14.03   12.82   13.68   10.60   10.11   11.10   10.14   10.47   10.01   9.433   10.12   13.04   15.06   13.19   4.529   6.625   16.58   16.59   16.83   13.16   19.57   18.41   16.61   11.79   10.27   15.66   15.47   14.38   11.90   19.78   17.49   14.17   18.58   5.406   21.45   22.06   22.69   18.81   16.92   17.63   17.80   15.64   15.10   22.40   17.74   14.99   12.16   12.75   16.27   12.34   14.35   12.39   15.88   14.78   13.11   8.289   9.743   13.39   12.48   9.666   11.19   17.23   16.78   21.62   21.89   21.02   24.34   23.37   15.87   15.33   19.53   15.72   
   16.0    2.032   2.476   3.173   6.482   7.699   9.864   6.506   5.359   6.075   6.054   11.03   13.52   12.62   12.06   13.19   10.38   3.124   7.407   9.358   9.426   14.49   13.24   14.13   10.95   10.44   11.47   10.47   10.81   10.34   9.742   10.45   13.47   15.56   13.62   4.677   6.842   17.12   17.13   17.38   13.59   20.21   19.02   17.16   12.18   10.61   16.17   15.98   14.85   12.29   20.43   18.06   14.64   19.19   5.583   22.15   22.78   23.43   19.43   17.47   18.21   18.39   16.15   15.60   23.14   18.33   15.48   12.56   13.16   16.80   12.74   14.82   12.79   16.40   15.26   13.54   8.560   10.06   13.82   12.89   9.983   11.56   17.80   17.33   22.33   22.61   21.71   25.13   24.14   16.39   15.84   20.17   16.23   
   17.0    2.095   2.553   3.271   6.681   7.936   10.17   6.706   5.524   6.262   6.240   11.37   13.94   13.01   12.43   13.60   10.70   3.221   7.635   9.646   9.717   14.93   13.65   14.56   11.29   10.77   11.82   10.79   11.14   10.66   10.04   10.77   13.88   16.03   14.04   4.821   7.052   17.65   17.66   17.92   14.01   20.83   19.60   17.68   12.56   10.94   16.67   16.47   15.31   12.67   21.06   18.62   15.09   19.78   5.755   22.84   23.48   24.16   20.03   18.01   18.77   18.95   16.65   16.08   23.85   18.89   15.96   12.95   13.57   17.32   13.13   15.27   13.19   16.90   15.73   13.96   8.824   10.37   14.25   13.29   10.29   11.92   18.35   17.87   23.02   23.31   22.37   25.91   24.88   16.90   16.32   20.79   16.73   
   18.0    2.156   2.627   3.365   6.875   8.166   10.46   6.901   5.684   6.444   6.421   11.70   14.34   13.38   12.79   13.99   11.01   3.314   7.856   9.925   9.998   15.37   14.05   14.99   11.62   11.08   12.16   11.11   11.47   10.97   10.33   11.09   14.28   16.50   14.45   4.961   7.257   18.16   18.17   18.44   14.41   21.43   20.17   18.20   12.92   11.26   17.15   16.95   15.75   13.03   21.67   19.15   15.52   20.35   5.921   23.50   24.16   24.86   20.61   18.53   19.32   19.50   17.13   16.54   24.54   19.44   16.42   13.33   13.96   17.82   13.51   15.72   13.57   17.39   16.19   14.36   9.080   10.67   14.66   13.67   10.59   12.26   18.88   18.38   23.69   23.98   23.02   26.66   25.60   17.39   16.80   21.40   17.22   
   20.0    2.272   2.769   3.547   7.247   8.608   11.03   7.274   5.992   6.792   6.768   12.33   15.12   14.11   13.48   14.75   11.60   3.493   8.281   10.46   10.54   16.20   14.81   15.80   12.24   11.68   12.82   11.71   12.09   11.56   10.89   11.69   15.05   17.39   15.23   5.229   7.649   19.14   19.15   19.44   15.19   22.59   21.26   19.18   13.62   11.86   18.08   17.86   16.60   13.74   22.84   20.19   16.36   21.46   6.242   24.77   25.47   26.20   21.72   19.54   20.36   20.56   18.06   17.44   25.87   20.49   17.31   14.05   14.72   18.78   14.25   16.57   14.30   18.33   17.06   15.14   9.571   11.25   15.46   14.41   11.16   12.93   19.90   19.38   24.97   25.28   24.27   28.10   26.98   18.33   17.71   22.55   18.15   
   22.0    2.410   2.937   3.763   7.686   9.130   11.70   7.715   6.355   7.204   7.179   13.08   16.03   14.96   14.30   15.64   12.31   3.705   8.783   11.10   11.18   17.18   15.70   16.76   12.99   12.39   13.60   12.42   12.82   12.26   11.55   12.40   15.97   18.45   16.15   5.547   8.113   20.30   20.31   20.61   16.11   23.96   22.55   20.34   14.44   12.58   19.17   18.95   17.61   14.57   24.23   21.42   17.36   22.76   6.620   26.27   27.02   27.79   23.04   20.72   21.60   21.80   19.16   18.49   27.44   21.73   18.36   14.90   15.61   19.92   15.11   17.57   15.17   19.45   18.10   16.06   10.15   11.93   16.39   15.28   11.84   13.71   21.11   20.55   26.48   26.81   25.74   29.80   28.62   19.44   18.78   23.92   19.25   
   25.0    2.540   3.095   3.966   8.102   9.624   12.33   8.133   6.699   7.594   7.567   13.79   16.90   15.77   15.07   16.49   12.97   3.906   9.258   11.70   11.78   18.11   16.55   17.66   13.69   13.06   14.33   13.09   13.51   12.92   12.18   13.07   16.83   19.44   17.03   5.847   8.552   21.40   21.41   21.73   16.99   25.26   23.77   21.44   15.23   13.26   20.21   19.97   18.56   15.36   25.54   22.57   18.30   23.99   6.979   27.69   28.48   29.29   24.29   21.84   22.76   22.98   20.19   19.49   28.92   22.91   19.35   15.70   16.46   21.00   15.93   18.52   15.99   20.50   19.08   16.93   10.70   12.58   17.28   16.11   12.48   14.45   22.25   21.66   27.92   28.26   27.13   31.42   30.17   20.49   19.80   25.22   20.29   
   27.0    2.664   3.246   4.160   8.497   10.09   12.93   8.530   7.026   7.964   7.936   14.46   17.73   16.54   15.81   17.29   13.61   4.096   9.710   12.27   12.36   18.99   17.36   18.52   14.36   13.69   15.03   13.73   14.17   13.55   12.77   13.70   17.65   20.39   17.86   6.132   8.970   22.45   22.46   22.79   17.81   26.49   24.93   22.49   15.97   13.91   21.20   20.95   19.47   16.11   26.79   23.68   19.19   25.16   7.319   29.04   29.87   30.72   25.47   22.91   23.87   24.11   21.18   20.45   30.33   24.03   20.30   16.47   17.26   22.03   16.70   19.42   16.77   21.50   20.01   17.75   11.22   13.19   18.12   16.90   13.09   15.16   23.33   22.72   29.28   29.64   28.46   32.95   31.64   21.49   20.76   26.45   21.28   
   30.0    2.783   3.391   4.345   8.875   10.54   13.51   8.909   7.338   8.319   8.289   15.11   18.51   17.28   16.51   18.06   14.21   4.278   10.14   12.81   12.91   19.84   18.13   19.35   15.00   14.30   15.70   14.34   14.80   14.16   13.34   14.31   18.44   21.30   18.65   6.405   9.369   23.44   23.46   23.80   18.61   27.67   26.04   23.49   16.68   14.53   22.14   21.88   20.34   16.83   27.98   24.73   20.04   26.28   7.645   30.34   31.20   32.09   26.61   23.93   24.94   25.18   22.12   21.36   31.68   25.09   21.20   17.20   18.03   23.01   17.45   20.29   17.52   22.46   20.90   18.54   11.72   13.78   18.93   17.65   13.67   15.83   24.37   23.73   30.58   30.96   29.72   34.42   33.05   22.45   21.68   27.62   22.23   
   32.0    2.896   3.529   4.522   9.238   10.97   14.06   9.273   7.638   8.658   8.628   15.72   19.27   17.98   17.19   18.80   14.79   4.453   10.56   13.34   13.43   20.65   18.87   20.14   15.61   14.89   16.34   14.92   15.41   14.73   13.89   14.90   19.19   22.17   19.42   6.666   9.751   24.40   24.42   24.77   19.37   28.80   27.11   24.45   17.36   15.12   23.04   22.77   21.17   17.51   29.12   25.74   20.86   27.35   7.957   31.57   32.47   33.40   27.69   24.90   25.95   26.21   23.02   22.23   32.98   26.12   22.06   17.91   18.76   23.94   18.16   21.12   18.24   23.37   21.75   19.30   12.20   14.34   19.70   18.37   14.23   16.48   25.37   24.70   31.83   32.23   30.94   35.82   34.40   23.36   22.57   28.75   23.14   
   35.0    3.006   3.663   4.693   9.586   11.39   14.59   9.623   7.926   8.985   8.953   16.32   20.00   18.66   17.84   19.51   15.35   4.621   10.95   13.84   13.94   21.43   19.59   20.90   16.20   15.45   16.96   15.49   15.99   15.29   14.41   15.46   19.92   23.01   20.15   6.918   10.12   25.32   25.34   25.71   20.10   29.89   28.13   25.37   18.02   15.70   23.91   23.63   21.96   18.17   30.22   26.71   21.65   28.38   8.257   32.77   33.70   34.66   28.74   25.84   26.93   27.20   23.89   23.07   34.22   27.11   22.90   18.58   19.47   24.85   18.85   21.91   18.92   24.25   22.57   20.03   12.66   14.88   20.45   19.06   14.77   17.10   26.32   25.63   33.03   33.44   32.10   37.17   35.70   24.25   23.42   29.84   24.01   
   37.0    3.111   3.791   4.857   9.923   11.79   15.10   9.961   8.205   9.300   9.268   16.89   20.70   19.32   18.46   20.19   15.89   4.783   11.34   14.33   14.43   22.18   20.27   21.63   16.77   15.99   17.56   16.03   16.55   15.83   14.91   16.00   20.61   23.81   20.86   7.161   10.47   26.21   26.23   26.61   20.80   30.94   29.12   26.26   18.65   16.25   24.75   24.46   22.74   18.81   31.28   27.65   22.41   29.38   8.547   33.92   34.88   35.88   29.75   26.75   27.88   28.15   24.73   23.88   35.42   28.06   23.70   19.23   20.15   25.72   19.51   22.68   19.59   25.11   23.37   20.73   13.11   15.40   21.16   19.73   15.28   17.70   27.25   26.53   34.19   34.62   33.23   38.48   36.95   25.10   24.24   30.88   24.85   
   40.0    3.213   3.915   5.017   10.25   12.17   15.60   10.29   8.474   9.605   9.572   17.44   21.38   19.95   19.07   20.86   16.41   4.940   11.71   14.80   14.90   22.91   20.94   22.34   17.32   16.51   18.13   16.55   17.09   16.35   15.40   16.53   21.29   24.59   21.54   7.396   10.82   27.07   27.09   27.49   21.48   31.95   30.07   27.13   19.26   16.78   25.57   25.26   23.48   19.43   32.31   28.55   23.14   30.34   8.827   35.03   36.02   37.05   30.72   27.63   28.79   29.07   25.54   24.66   36.58   28.98   24.48   19.86   20.81   26.56   20.15   23.43   20.23   25.93   24.13   21.41   13.54   15.91   21.86   20.38   15.79   18.28   28.14   27.40   35.31   35.75   34.32   39.74   38.16   25.92   25.04   31.90   25.67   
   45.0    3.408   4.153   5.321   10.87   12.91   16.54   10.91   8.988   10.19   10.15   18.50   22.67   21.16   20.22   22.12   17.40   5.240   12.42   15.69   15.81   24.30   22.21   23.70   18.37   17.52   19.23   17.56   18.13   17.34   16.34   17.53   22.58   26.09   22.85   7.844   11.47   28.71   28.73   29.15   22.79   33.89   31.89   28.77   20.43   17.80   27.12   26.79   24.91   20.61   34.27   30.29   24.55   32.18   9.363   37.15   38.21   39.30   32.59   29.30   30.54   30.84   27.09   26.15   38.80   30.73   25.96   21.07   22.08   28.18   21.37   24.85   21.46   27.50   25.60   22.71   14.36   16.87   23.18   21.61   16.74   19.39   29.85   29.07   37.45   37.92   36.40   42.15   40.48   27.49   26.56   33.83   27.23   
   50.0    3.593   4.378   5.609   11.46   13.61   17.44   11.50   9.474   10.74   10.70   19.50   23.90   22.30   21.32   23.32   18.35   5.523   13.09   16.54   16.66   25.61   23.41   24.98   19.36   18.46   20.27   18.51   19.11   18.28   17.22   18.48   23.80   27.50   24.08   8.269   12.09   30.27   30.28   30.73   24.02   35.72   33.62   30.33   21.53   18.76   28.58   28.24   26.25   21.72   36.12   31.92   25.87   33.92   9.869   39.16   40.27   41.43   34.35   30.89   32.19   32.50   28.56   27.57   40.90   32.40   27.37   22.21   23.27   29.70   22.52   26.19   22.62   28.99   26.98   23.94   15.13   17.79   24.44   22.78   17.65   20.44   31.46   30.64   39.48   39.97   38.37   44.43   42.67   28.98   27.99   35.66   28.70   
   55.0    3.768   4.591   5.883   12.02   14.28   18.29   12.06   9.936   11.26   11.22   20.45   25.07   23.39   22.36   24.46   19.24   5.793   13.73   17.35   17.48   26.86   24.55   26.20   20.30   19.37   21.26   19.41   20.04   19.17   18.06   19.38   24.97   28.84   25.26   8.672   12.69   31.74   31.76   32.23   25.19   37.46   35.26   31.81   22.58   19.68   29.98   29.62   27.53   22.78   37.88   33.48   27.14   35.58   10.35   41.07   42.24   43.45   36.03   32.40   33.76   34.09   29.95   28.91   42.90   33.98   28.70   23.29   24.41   31.15   23.62   27.47   23.72   30.40   28.30   25.11   15.87   18.66   25.63   23.90   18.51   21.43   33.00   32.13   41.41   41.92   40.24   46.60   44.75   30.39   29.36   37.40   30.10   
   60.0    3.936   4.795   6.144   12.55   14.91   19.10   12.60   10.38   11.76   11.72   21.36   26.18   24.43   23.35   25.54   20.10   6.051   14.34   18.12   18.25   28.06   25.64   27.36   21.21   20.23   22.21   20.27   20.94   20.02   18.87   20.24   26.08   30.12   26.38   9.058   13.25   33.15   33.17   33.66   26.31   39.13   36.83   33.22   23.59   20.55   31.31   30.94   28.76   23.80   39.57   34.97   28.34   37.16   10.81   42.90   44.12   45.38   37.63   33.84   35.27   35.61   31.28   30.20   44.81   35.49   29.98   24.33   25.49   32.53   24.67   28.69   24.78   31.76   29.56   26.22   16.58   19.49   26.77   24.96   19.33   22.39   34.47   33.56   43.25   43.79   42.03   48.67   46.74   31.75   30.67   39.06   31.44   
   65.0    4.096   4.991   6.395   13.06   15.52   19.88   13.11   10.80   12.24   12.20   22.23   27.25   25.43   24.31   26.59   20.92   6.298   14.93   18.86   19.00   29.20   26.69   28.48   22.07   21.05   23.11   21.10   21.79   20.84   19.64   21.07   27.14   31.35   27.46   9.428   13.79   34.51   34.53   35.04   27.39   40.73   38.33   34.58   24.55   21.39   32.59   32.20   29.93   24.77   41.18   36.40   29.50   38.68   11.25   44.65   45.92   47.23   39.17   35.22   36.71   37.06   32.56   31.43   46.64   36.94   31.20   25.32   26.53   33.86   25.68   29.86   25.79   33.05   30.76   27.29   17.25   20.28   27.86   25.98   20.12   23.30   35.87   34.93   45.01   45.57   43.75   50.66   48.65   33.04   31.92   40.66   32.72   
   70.0    4.251   5.180   6.637   13.56   16.10   20.63   13.61   11.21   12.71   12.66   23.07   28.28   26.39   25.22   27.59   21.71   6.535   15.49   19.57   19.72   30.30   27.70   29.55   22.91   21.85   23.99   21.90   22.61   21.63   20.38   21.86   28.16   32.54   28.49   9.783   14.31   35.81   35.83   36.36   28.42   42.27   39.78   35.88   25.48   22.20   33.82   33.42   31.06   25.70   42.74   37.77   30.61   40.14   11.68   46.34   47.65   49.02   40.64   36.55   38.09   38.46   33.79   32.62   48.40   38.33   32.38   26.28   27.53   35.14   26.65   30.99   26.76   34.30   31.92   28.32   17.91   21.05   28.92   26.96   20.88   24.18   37.23   36.25   46.71   47.29   45.40   52.57   50.48   34.29   33.12   42.19   33.96   
   80.0    4.544   5.537   7.095   14.49   17.22   22.06   14.55   11.98   13.58   13.54   24.67   30.23   28.21   26.97   29.50   23.20   6.987   16.56   20.92   21.08   32.40   29.61   31.59   24.49   23.36   25.64   23.41   24.18   23.12   21.78   23.37   30.11   34.78   30.46   10.46   15.30   38.28   38.31   38.87   30.38   45.18   42.53   38.36   27.24   23.73   36.15   35.73   33.21   27.48   45.69   40.38   32.73   42.91   12.48   49.54   50.94   52.40   43.45   39.07   40.72   41.12   36.12   34.87   51.74   40.98   34.62   28.09   29.44   37.57   28.49   33.13   28.61   36.67   34.13   30.28   19.14   22.50   30.91   28.82   22.32   25.85   39.80   38.76   49.94   50.56   48.54   56.20   53.97   36.66   35.41   45.11   36.30   
   90.0    4.820   5.873   7.525   15.37   18.26   23.39   15.43   12.71   14.41   14.36   26.16   32.07   29.92   28.60   31.28   24.61   7.410   17.57   22.19   22.36   34.36   31.41   33.51   25.97   24.77   27.20   24.83   25.64   24.52   23.11   24.79   31.94   36.89   32.31   11.09   16.23   40.61   40.63   41.23   32.23   47.92   45.11   40.69   28.89   25.17   38.35   37.89   35.22   29.14   48.46   42.83   34.71   45.51   13.24   52.54   54.03   55.58   46.09   41.44   43.19   43.61   38.31   36.99   54.88   43.47   36.72   29.80   31.22   39.85   30.22   35.14   30.35   38.89   36.20   32.12   20.30   23.86   32.79   30.57   23.68   27.42   42.21   41.11   52.97   53.63   51.48   59.61   57.24   38.88   37.56   47.84   38.50   
   100.    5.081   6.191   7.932   16.20   19.25   24.66   16.27   13.40   15.19   15.13   27.58   33.80   31.54   30.15   32.98   25.94   7.811   18.52   23.39   23.57   36.22   33.11   35.32   27.38   26.11   28.67   26.17   27.03   25.85   24.36   26.13   33.66   38.89   34.06   11.69   17.10   42.80   42.83   43.46   33.97   50.52   47.55   42.89   30.45   26.53   40.42   39.94   37.13   30.72   51.08   45.15   36.59   47.98   13.96   55.38   56.96   58.59   48.58   43.68   45.53   45.97   40.38   38.99   57.85   45.82   38.70   31.41   32.91   42.00   31.85   37.04   31.99   41.00   38.16   33.85   21.40   25.16   34.56   32.22   24.96   28.90   44.50   43.33   55.83   56.53   54.26   62.83   60.34   40.98   39.59   50.43   40.59   
   110.    5.329   6.493   8.319   16.99   20.19   25.86   17.06   14.05   15.93   15.87   28.92   35.45   33.08   31.62   34.59   27.21   8.192   19.42   24.54   24.72   37.99   34.72   37.05   28.71   27.39   30.07   27.45   28.35   27.11   25.54   27.41   35.31   40.79   35.72   12.26   17.94   44.89   44.92   45.58   35.63   52.98   49.87   44.98   31.94   27.82   42.40   41.89   38.94   32.22   53.57   47.35   38.38   50.32   14.64   58.09   59.73   61.45   50.95   45.82   47.75   48.21   42.35   40.89   60.67   48.05   40.59   32.94   34.52   44.05   33.41   38.85   33.55   43.00   40.02   35.51   22.45   26.38   36.25   33.79   26.18   30.31   46.67   45.44   58.56   59.29   56.91   65.90   63.28   42.98   41.52   52.89   42.57   
   120.    5.566   6.782   8.689   17.75   21.09   27.01   17.82   14.68   16.64   16.58   30.21   37.03   34.55   33.03   36.12   28.42   8.557   20.28   25.63   25.82   39.68   36.27   38.69   29.99   28.60   31.40   28.67   29.61   28.31   26.68   28.63   36.88   42.60   37.31   12.81   18.74   46.89   46.91   47.61   37.21   55.34   52.08   46.98   33.36   29.06   44.28   43.75   40.67   33.65   55.96   49.46   40.08   52.56   15.29   60.67   62.39   64.18   53.21   47.85   49.87   50.36   44.24   42.71   63.37   50.19   42.40   34.41   36.05   46.01   34.89   40.58   35.04   44.91   41.80   37.08   23.44   27.56   37.86   35.30   27.34   31.66   48.74   47.47   61.16   61.92   59.44   68.83   66.10   44.90   43.37   55.24   44.46   
   130.    5.793   7.059   9.044   18.48   21.95   28.12   18.55   15.28   17.32   17.26   31.44   38.54   35.96   34.37   37.60   29.58   8.906   21.11   26.67   26.87   41.30   37.75   40.27   31.22   29.77   32.69   29.84   30.82   29.47   27.77   29.80   38.38   44.34   38.83   13.33   19.50   48.80   48.83   49.55   38.73   57.60   54.21   48.90   34.72   30.25   46.09   45.54   42.33   35.03   58.24   51.48   41.72   54.70   15.91   63.15   64.94   66.80   55.39   49.81   51.91   52.41   46.04   44.45   65.95   52.24   44.13   35.81   37.52   47.89   36.32   42.23   36.47   46.75   43.50   38.60   24.40   28.68   39.40   36.74   28.46   32.95   50.73   49.40   63.66   64.45   61.87   71.64   68.80   46.73   45.14   57.50   46.28   
   140.    6.012   7.325   9.386   19.17   22.78   29.18   19.25   15.85   17.97   17.91   32.63   39.99   37.32   35.67   39.02   30.70   9.242   21.91   27.68   27.88   42.86   39.17   41.79   32.39   30.90   33.92   30.97   31.98   30.58   28.82   30.92   39.83   46.01   40.30   13.84   20.24   50.64   50.67   51.42   40.19   59.77   56.26   50.75   36.03   31.39   47.83   47.26   43.93   36.35   60.44   53.42   43.29   56.77   16.51   65.53   67.39   69.32   57.48   51.69   53.87   54.39   47.78   46.13   68.44   54.21   45.79   37.16   38.94   49.70   37.69   43.83   37.85   48.51   45.15   40.06   25.32   29.76   40.89   38.13   29.53   34.20   52.65   51.27   66.06   66.88   64.21   74.35   71.39   48.49   46.84   59.67   48.02   
   150.    6.223   7.582   9.715   19.85   23.57   30.20   19.92   16.41   18.60   18.54   33.78   41.40   38.63   36.92   40.39   31.77   9.567   22.68   28.65   28.86   44.36   40.55   43.26   33.53   31.98   35.11   32.06   33.10   31.66   29.83   32.01   41.23   47.63   41.71   14.32   20.95   52.42   52.45   53.23   41.61   61.87   58.23   52.53   37.30   32.49   49.51   48.92   45.47   37.62   62.56   55.30   44.81   58.76   17.09   67.83   69.76   71.75   59.50   53.50   55.76   56.30   49.46   47.75   70.85   56.11   47.40   38.47   40.31   51.44   39.01   45.37   39.18   50.21   46.73   41.46   26.21   30.81   42.33   39.46   30.57   35.40   54.50   53.07   68.38   69.23   66.46   76.95   73.90   50.20   48.49   61.76   49.71   
   160.    6.427   7.831   10.03   20.50   24.35   31.19   20.57   16.95   19.21   19.14   34.88   42.76   39.90   38.14   41.71   32.82   9.880   23.42   29.59   29.81   45.81   41.88   44.68   34.63   33.03   36.26   33.11   34.19   32.69   30.81   33.05   42.58   49.19   43.08   14.79   21.64   54.14   54.17   54.97   42.97   63.90   60.14   54.25   38.52   33.56   51.13   50.52   46.96   38.86   64.61   57.11   46.28   60.69   17.65   70.06   72.04   74.11   61.45   55.26   57.59   58.15   51.08   49.32   73.17   57.95   48.96   39.73   41.63   53.13   40.29   46.85   40.46   51.86   48.26   42.82   27.07   31.82   43.72   40.76   31.57   36.56   56.28   54.81   70.62   71.50   68.64   79.48   76.32   51.84   50.08   63.79   51.34   
   170.    6.625   8.072   10.34   21.13   25.10   32.15   21.21   17.47   19.80   19.73   35.96   44.07   41.13   39.31   43.00   33.83   10.18   24.14   30.50   30.73   47.22   43.17   46.06   35.70   34.05   37.38   34.13   35.24   33.70   31.76   34.07   43.89   50.70   44.41   15.25   22.30   55.81   55.84   56.66   44.29   65.87   61.99   55.92   39.71   34.59   52.70   52.08   48.41   40.05   66.60   58.87   47.71   62.55   18.20   72.21   74.26   76.39   63.34   56.96   59.36   59.94   52.65   50.84   75.42   59.74   50.46   40.95   42.91   54.76   41.53   48.30   41.71   53.45   49.75   44.14   27.90   32.80   45.06   42.01   32.54   37.68   58.01   56.49   72.79   73.70   70.75   81.92   78.67   53.44   51.62   65.75   52.92   
   180.    6.817   8.306   10.64   21.74   25.82   33.08   21.82   17.98   20.38   20.30   37.00   45.35   42.32   40.45   44.24   34.81   10.48   24.84   31.39   31.62   48.59   44.42   47.39   36.73   35.03   38.46   35.12   36.26   34.68   32.68   35.06   45.16   52.17   45.69   15.69   22.95   57.43   57.46   58.31   45.58   67.78   63.79   57.54   40.86   35.59   54.23   53.59   49.81   41.21   68.53   60.57   49.09   64.37   18.73   74.31   76.41   78.60   65.17   58.61   61.08   61.67   54.18   52.31   77.61   61.47   51.93   42.14   44.15   56.35   42.74   49.70   42.91   55.00   51.19   45.42   28.71   33.75   46.37   43.23   33.49   38.78   59.70   58.13   74.90   75.84   72.80   84.30   80.95   54.99   53.12   67.66   54.45   
   200.    7.185   8.755   11.22   22.92   27.22   34.87   23.00   18.95   21.48   21.40   39.00   47.80   44.61   42.64   46.64   36.69   11.05   26.19   33.08   33.33   51.22   46.82   49.95   38.72   36.93   40.54   37.02   38.22   36.55   34.44   36.96   47.61   55.00   48.16   16.54   24.19   60.53   60.57   61.46   48.04   71.44   67.24   60.65   43.07   37.52   57.17   56.49   52.51   43.44   72.24   63.85   51.75   67.85   19.74   78.33   80.55   82.85   68.70   61.78   64.39   65.01   57.11   55.14   81.81   64.79   54.73   44.42   46.54   59.40   45.05   52.38   45.24   57.98   53.96   47.88   30.27   35.57   48.88   45.57   35.30   40.87   62.93   61.28   78.96   79.94   76.74   88.86   85.33   57.96   55.99   71.32   57.40   
   225.    7.621   9.286   11.90   24.31   28.87   36.99   24.40   20.10   22.78   22.70   41.37   50.70   47.31   45.22   49.47   38.92   11.72   27.78   35.09   35.35   54.33   49.66   52.98   41.07   39.17   43.00   39.26   40.54   38.77   36.53   39.20   50.49   58.33   51.09   17.54   25.66   64.20   64.24   65.19   50.96   75.78   71.32   64.33   45.68   39.79   60.63   59.91   55.69   46.08   76.62   67.72   54.89   71.96   20.94   83.08   85.43   87.88   72.87   65.53   68.29   68.95   60.57   58.48   86.77   68.73   58.05   47.11   49.37   63.00   47.78   55.56   47.98   61.50   57.23   50.78   32.10   37.73   51.84   48.33   37.44   43.35   66.74   64.99   83.75   84.79   81.40   94.25   90.51   61.48   59.39   75.65   60.88   
   250.    8.033   9.789   12.54   25.62   30.43   38.99   25.72   21.18   24.01   23.93   43.61   53.44   49.87   47.67   52.14   41.02   12.35   29.28   36.99   37.26   57.27   52.35   55.85   43.29   41.29   45.33   41.39   42.74   40.87   38.51   41.32   53.23   61.49   53.85   18.49   27.04   67.68   67.72   68.71   53.71   79.87   75.18   67.81   48.15   41.95   63.91   63.15   58.70   48.57   80.76   71.39   57.85   75.86   22.07   87.57   90.05   92.63   76.81   69.07   71.99   72.68   63.85   61.65   91.46   72.44   61.19   49.66   52.04   66.41   50.37   58.57   50.58   64.82   60.33   53.53   33.84   39.77   54.64   50.95   39.46   45.70   70.35   68.51   88.28   89.38   85.80   99.35   95.40   64.80   62.60   79.74   64.17   
   275.    8.426   10.27   13.15   26.87   31.92   40.89   26.97   22.22   25.19   25.10   45.73   56.05   52.31   50.00   54.69   43.02   12.95   30.71   38.80   39.08   60.06   54.90   58.58   45.40   43.30   47.54   43.41   44.82   42.86   40.39   43.34   55.82   64.49   56.48   19.39   28.36   70.98   71.02   72.07   56.33   83.77   78.85   71.12   50.50   43.99   67.03   66.24   61.57   50.94   84.71   74.87   60.68   79.56   23.15   91.85   94.45   97.15   80.56   72.44   75.50   76.23   66.97   64.66   95.93   75.98   64.18   52.09   54.58   69.65   52.82   61.43   53.04   67.99   63.27   56.14   35.49   41.72   57.31   53.43   41.39   47.93   73.79   71.85   92.58   93.74   89.99   104.2   100.1   67.96   65.65   83.63   67.30   
   300.    8.800   10.72   13.74   28.07   33.34   42.71   28.17   23.21   26.31   26.21   47.77   58.55   54.63   52.22   57.12   44.94   13.53   32.07   40.52   40.82   62.73   57.34   61.18   47.42   45.23   49.65   45.34   46.81   44.77   42.19   45.26   58.31   67.36   58.99   20.25   29.63   74.14   74.18   75.27   58.84   87.50   82.35   74.29   52.75   45.95   70.01   69.18   64.31   53.21   88.47   78.20   63.38   83.10   24.17   95.93   98.65   101.5   84.14   75.66   78.86   79.62   69.95   67.53   100.2   79.36   67.04   54.40   57.00   72.75   55.17   64.16   55.40   71.01   66.09   58.64   37.07   43.57   59.86   55.81   43.23   50.06   77.07   75.05   96.70   97.91   93.99   108.8   104.5   70.99   68.57   87.35   70.30   
   325.    9.160   11.16   14.30   29.21   34.70   44.46   29.32   24.15   27.38   27.28   49.72   60.94   56.86   54.35   59.45   46.77   14.08   33.38   42.17   42.48   65.30   59.69   63.68   49.36   47.07   51.68   47.19   48.73   46.60   43.91   47.11   60.69   70.11   61.40   21.08   30.84   77.16   77.21   78.35   61.24   91.07   85.72   77.32   54.90   47.83   72.87   72.01   66.93   55.38   92.09   81.39   65.96   86.49   25.16   99.85   102.7   105.6   87.58   78.75   82.08   82.87   72.80   70.29   104.3   82.60   69.77   56.62   59.33   75.72   57.43   66.78   57.67   73.91   68.79   61.03   38.58   45.35   62.30   58.09   44.99   52.10   80.22   78.11   100.6   101.9   97.83   113.3   108.8   73.89   71.37   90.91   73.17   
   350.    9.505   11.58   14.84   30.31   36.01   46.13   30.43   25.07   28.41   28.31   51.60   63.24   59.01   56.40   61.69   48.54   14.61   34.64   43.77   44.09   67.76   61.94   66.08   51.22   48.85   53.63   48.97   50.57   48.36   45.57   48.89   62.98   72.75   63.72   21.88   32.00   80.08   80.12   81.30   63.55   94.51   88.95   80.24   56.97   49.63   75.62   74.72   69.46   57.47   95.56   84.47   68.45   89.76   26.11   103.6   106.6   109.6   90.88   81.72   85.17   86.00   75.55   72.94   108.2   85.72   72.41   58.76   61.57   78.58   59.59   69.30   59.84   76.70   71.38   63.33   40.04   47.06   64.66   60.28   46.69   54.07   83.24   81.06   104.4   105.8   101.5   117.6   112.9   76.67   74.07   94.35   75.93   
   375.    9.839   11.99   15.36   31.38   37.27   47.75   31.50   25.95   29.41   29.31   53.41   65.46   61.08   58.38   63.86   50.24   15.13   35.86   45.30   45.64   70.14   64.11   68.40   53.02   50.57   55.52   50.69   52.34   50.05   47.17   50.60   65.19   75.31   65.95   22.64   33.12   82.89   82.93   84.16   65.78   97.83   92.07   83.05   58.97   51.37   78.28   77.35   71.90   59.49   98.92   87.43   70.86   92.91   27.03   107.3   110.3   113.5   94.07   84.59   88.16   89.02   78.20   75.50   112.0   88.72   74.95   60.82   63.73   81.34   61.69   71.73   61.94   79.39   73.89   65.56   41.44   48.71   66.93   62.40   48.33   55.97   86.16   83.91   108.1   109.5   105.1   121.7   116.8   79.37   76.67   97.66   78.60   
   400.    10.16   12.38   15.86   32.41   38.50   49.32   32.53   26.80   30.38   30.27   55.16   67.60   63.08   60.30   65.95   51.89   15.62   37.03   46.79   47.13   72.44   66.21   70.65   54.76   52.22   57.34   52.35   54.06   51.69   48.71   52.26   67.33   77.78   68.11   23.39   34.21   85.61   85.65   86.92   67.94   101.0   95.09   85.78   60.91   53.06   80.84   79.88   74.25   61.44   102.2   90.30   73.18   95.95   27.91   110.8   113.9   117.2   97.16   87.37   91.06   91.94   80.77   77.98   115.7   91.63   77.41   62.82   65.82   84.00   63.71   74.08   63.97   82.00   76.31   67.71   42.80   50.31   69.12   64.44   49.92   57.80   88.99   86.66   111.7   113.1   108.5   125.7   120.7   81.97   79.18   100.9   81.17   
   450.    10.78   13.13   16.83   34.37   40.83   52.31   34.50   28.42   32.22   32.10   58.50   71.70   66.91   63.95   69.95   55.04   16.57   39.28   49.63   49.99   76.83   70.23   74.93   58.08   55.39   60.81   55.53   57.34   54.83   51.67   55.43   71.41   82.49   72.25   24.81   36.28   90.80   90.85   92.19   72.06   107.2   100.9   90.98   64.60   56.28   85.75   84.73   78.76   65.17   108.4   95.77   77.62   101.8   29.61   117.5   120.8   124.3   103.1   92.67   96.58   97.51   85.67   82.71   122.7   97.19   82.10   66.63   69.81   89.10   67.57   78.58   67.85   86.97   80.94   71.81   45.40   53.36   73.31   68.35   52.94   61.31   94.39   91.92   118.4   119.9   115.1   133.3   128.0   86.94   83.98   107.0   86.10   
   500.    11.36   13.84   17.74   36.23   43.04   55.14   36.37   29.96   33.96   33.84   61.67   75.58   70.53   67.41   73.74   58.01   17.47   41.40   52.31   52.70   80.99   74.03   78.98   61.22   58.39   64.10   58.53   60.44   57.80   54.46   58.43   75.27   86.96   76.15   26.15   38.25   95.71   95.76   97.18   75.96   113.0   106.3   95.90   68.09   59.32   90.39   89.31   83.02   68.69   114.2   101.0   81.82   107.3   31.21   123.8   127.4   131.0   108.6   97.68   101.8   102.8   90.30   87.18   129.3   102.4   86.54   70.23   73.59   93.92   71.23   82.83   71.52   91.67   85.32   75.70   47.85   56.25   77.28   72.05   55.81   64.63   99.49   96.89   124.8   126.4   121.3   140.5   134.9   91.64   88.53   112.8   90.75   
   550.    11.92   14.52   18.60   38.00   45.14   57.83   38.15   31.42   35.62   35.49   64.68   79.27   73.97   70.70   77.34   60.84   18.32   43.43   54.86   55.27   84.94   77.64   82.84   64.21   61.24   67.23   61.39   63.39   60.62   57.12   61.29   78.95   91.20   79.87   27.42   40.11   100.4   100.4   101.9   79.67   118.5   111.5   100.6   71.42   62.22   94.80   93.67   87.07   72.04   119.8   105.9   85.81   112.5   32.73   129.9   133.6   137.4   113.9   102.4   106.8   107.8   94.71   91.44   135.7   107.4   90.77   73.66   77.18   98.50   74.70   86.87   75.02   96.15   89.48   79.39   50.19   58.99   81.05   75.57   58.53   67.78   104.4   101.6   130.9   132.6   127.3   147.4   141.5   96.12   92.85   118.3   95.18   
   600.    12.45   15.16   19.43   39.69   47.15   60.40   39.84   32.82   37.20   37.07   67.55   82.80   77.26   73.85   80.78   63.55   19.13   45.36   57.30   57.72   88.72   81.10   86.52   67.06   63.96   70.22   64.11   66.21   63.31   59.66   64.01   82.46   95.26   83.42   28.64   41.90   104.8   104.9   106.5   83.21   123.7   116.5   105.1   74.59   64.98   99.01   97.84   90.94   75.25   125.1   110.6   89.63   117.5   34.19   135.7   139.5   143.5   119.0   107.0   111.5   112.6   98.92   95.50   141.7   112.2   94.80   76.94   80.61   102.9   78.03   90.73   78.35   100.4   93.46   82.92   52.42   61.62   84.66   78.93   61.14   70.79   109.0   106.1   136.8   138.5   132.9   153.9   147.8   100.4   96.98   123.5   99.42   
   650.    12.95   15.78   20.22   41.31   49.07   62.87   41.47   34.16   38.72   38.58   70.31   86.18   80.42   76.86   84.07   66.14   19.91   47.21   59.64   60.08   92.34   84.41   90.06   69.80   66.57   73.09   66.73   68.91   65.90   62.10   66.62   85.82   99.14   86.83   29.81   43.61   109.1   109.2   110.8   86.61   128.8   121.2   109.3   77.64   67.64   103.1   101.8   94.66   78.32   130.2   115.1   93.29   122.3   35.58   141.2   145.2   149.4   123.9   111.4   116.1   117.2   103.0   99.40   147.5   116.8   98.67   80.08   83.91   107.1   81.21   94.44   81.55   104.5   97.28   86.31   54.56   64.13   88.11   82.15   63.63   73.68   113.4   110.5   142.3   144.1   138.3   160.2   153.8   104.5   100.9   128.6   103.5   
   700.    13.44   16.38   20.99   42.87   50.93   65.24   43.03   35.45   40.18   40.04   72.97   89.43   83.45   79.77   87.25   68.64   20.67   48.99   61.90   62.35   95.83   87.59   93.46   72.44   69.09   75.85   69.25   71.51   68.38   64.44   69.14   89.06   102.9   90.11   30.94   45.25   113.2   113.3   115.0   89.88   133.7   125.8   113.5   80.57   70.19   106.9   105.7   98.23   81.28   135.1   119.5   96.81   126.9   36.93   146.5   150.7   155.0   128.5   115.6   120.5   121.6   106.8   103.2   153.0   121.2   102.4   83.10   87.07   111.1   84.28   98.00   84.63   108.5   101.0   89.57   56.62   66.55   91.44   85.25   66.03   76.47   117.7   114.6   147.7   149.6   143.6   166.2   159.6   108.4   104.7   133.4   107.4   
   800.    14.37   17.51   22.44   45.83   54.44   69.75   46.01   37.90   42.96   42.81   78.00   95.60   89.22   85.27   93.27   73.38   22.09   52.37   66.17   66.65   102.4   93.64   99.91   77.44   73.86   81.09   74.03   76.45   73.11   68.89   73.91   95.21   110.0   96.33   33.07   48.38   121.1   121.1   122.9   96.08   142.9   134.5   121.3   86.13   75.04   114.3   113.0   105.0   86.89   144.5   127.7   103.5   135.7   39.48   156.7   161.1   165.7   137.4   123.6   128.8   130.0   114.2   110.3   163.6   129.6   109.5   88.84   93.08   118.8   90.10   104.8   90.47   116.0   107.9   95.75   60.53   71.15   97.75   91.14   70.59   81.75   125.9   122.6   157.9   159.9   153.5   177.7   170.7   115.9   112.0   142.6   114.8   
   900.    15.24   18.57   23.80   48.61   57.75   73.98   48.80   40.19   45.56   45.40   82.74   101.4   94.63   90.45   98.93   77.83   23.43   55.55   70.18   70.70   108.7   99.32   106.0   82.14   78.34   86.00   78.52   81.09   77.54   73.07   78.40   101.0   116.7   102.2   35.08   51.31   128.4   128.5   130.4   101.9   151.6   142.6   128.7   91.36   79.59   121.3   119.8   111.4   92.16   153.2   135.4   109.8   143.9   41.87   166.2   170.9   175.8   145.7   131.1   136.6   137.9   121.1   117.0   173.5   137.5   116.1   94.23   98.73   126.0   95.56   111.1   95.96   123.0   114.5   101.6   64.20   75.47   103.7   96.66   74.88   86.70   133.5   130.0   167.5   169.6   162.8   188.5   181.0   123.0   118.8   151.3   121.8   
   1.00e3  16.07   19.58   25.08   51.24   60.87   77.98   51.44   42.37   48.03   47.86   87.21   106.9   99.75   95.34   104.3   82.04   24.70   58.55   73.98   74.52   114.5   104.7   111.7   86.58   82.57   90.66   82.77   85.47   81.73   77.02   82.64   106.5   123.0   107.7   36.98   54.09   135.4   135.4   137.4   107.4   159.7   150.4   135.6   96.30   83.89   127.8   126.3   117.4   97.14   161.5   142.8   115.7   151.7   44.14   175.1   180.1   185.3   153.6   138.1   144.0   145.4   127.7   123.3   182.9   144.9   122.4   99.32   104.1   132.8   100.7   117.1   101.2   129.6   120.7   107.1   67.68   79.55   109.3   101.9   78.93   91.39   140.7   137.0   176.6   178.8   171.6   198.7   190.8   129.6   125.2   159.5   128.3   
   1.10e3  16.85   20.53   26.31   53.74   63.84   81.79   53.95   44.44   50.37   50.19   91.47   112.1   104.6   99.99   109.4   86.05   25.91   61.41   77.59   78.16   120.1   109.8   117.2   90.80   86.60   95.08   86.81   89.64   85.72   80.78   86.67   111.6   129.0   113.0   38.78   56.73   142.0   142.0   144.1   112.7   167.5   157.7   142.2   101.0   87.99   134.1   132.5   123.1   101.9   169.4   149.7   121.4   159.1   46.29   183.7   188.9   194.3   161.1   144.9   151.0   152.5   133.9   129.3   191.9   152.0   128.4   104.2   109.2   139.3   105.6   122.9   106.1   136.0   126.5   112.3   70.98   83.43   114.6   106.9   82.78   95.85   147.6   143.7   185.2   187.5   180.0   208.4   200.1   135.9   131.3   167.3   134.6   
   1.20e3  17.60   21.45   27.48   56.13   66.68   85.42   56.35   46.41   52.61   52.43   95.54   117.1   109.3   104.4   114.2   89.87   27.06   64.14   81.04   81.64   125.5   114.7   122.4   94.84   90.45   99.31   90.67   93.63   89.54   84.37   90.52   116.6   134.7   118.0   40.51   59.25   148.3   148.4   150.5   117.7   175.0   164.7   148.6   105.5   91.90   140.0   138.4   128.6   106.4   176.9   156.4   126.8   166.2   48.35   191.9   197.3   202.9   168.3   151.3   157.7   159.2   139.9   135.1   200.4   158.7   134.1   108.8   114.0   145.5   110.3   128.3   110.8   142.0   132.2   117.3   74.13   87.14   119.7   111.6   86.46   100.1   154.1   150.1   193.4   195.8   188.0   217.7   209.0   142.0   137.1   174.7   140.6   
   1.30e3  18.32   22.32   28.60   58.42   69.40   88.91   58.65   48.31   54.76   54.57   99.44   121.9   113.7   108.7   118.9   93.54   28.16   66.76   84.35   84.97   130.6   119.4   127.4   98.71   94.15   103.4   94.37   97.45   93.19   87.82   94.22   121.4   140.2   122.8   42.16   61.67   154.3   154.4   156.7   122.5   182.1   171.4   154.6   109.8   95.65   145.7   144.0   133.9   110.8   184.2   162.8   131.9   173.0   50.32   199.7   205.4   211.2   175.2   157.5   164.2   165.7   145.6   140.6   208.6   165.2   139.5   113.2   118.7   151.4   114.9   133.6   115.3   147.8   137.6   122.1   77.16   90.70   124.6   116.2   89.99   104.2   160.4   156.2   201.3   203.8   195.7   226.5   217.6   147.8   142.7   181.8   146.3   
   1.40e3  19.01   23.16   29.68   60.63   72.02   92.27   60.86   50.13   56.83   56.63   103.2   126.5   118.0   112.8   123.4   97.07   29.23   69.28   87.53   88.18   135.5   123.9   132.2   102.4   97.70   107.3   97.94   101.1   96.71   91.13   97.78   126.0   145.5   127.4   43.75   64.00   160.2   160.2   162.6   127.1   189.0   177.9   160.5   113.9   99.27   151.2   149.4   138.9   114.9   191.1   168.9   136.9   179.5   52.22   207.2   213.1   219.2   181.8   163.4   170.3   172.0   151.1   145.9   216.4   171.4   144.8   117.5   123.1   157.2   119.2   138.6   119.7   153.4   142.8   126.7   80.07   94.12   129.3   120.6   93.39   108.1   166.5   162.1   208.9   211.5   203.0   235.1   225.8   153.3   148.1   188.7   151.9   
   1.50e3  19.68   23.98   30.72   62.76   74.55   95.51   63.00   51.89   58.82   58.61   106.8   130.9   122.2   116.8   127.7   100.5   30.25   71.71   90.61   91.27   140.3   128.2   136.8   106.0   101.1   111.0   101.4   104.7   100.1   94.33   101.2   130.4   150.6   131.9   45.29   66.25   165.8   165.9   168.3   131.6   195.7   184.1   166.1   117.9   102.7   156.6   154.7   143.8   119.0   197.8   174.9   141.7   185.8   54.06   214.5   220.6   226.9   188.1   169.2   176.3   178.0   156.4   151.0   224.0   177.4   149.9   121.6   127.5   162.7   123.4   143.5   123.9   158.8   147.8   131.1   82.89   97.43   133.9   124.8   96.66   111.9   172.3   167.8   216.2   218.9   210.2   243.4   233.7   158.7   153.3   195.3   157.2   
   1.60e3  20.32   24.76   31.73   64.82   76.99   98.64   65.06   53.59   60.75   60.54   110.3   135.2   126.2   120.6   131.9   103.8   31.24   74.07   93.58   94.26   144.9   132.4   141.3   109.5   104.4   114.7   104.7   108.1   103.4   97.42   104.5   134.7   155.6   136.2   46.77   68.42   171.2   171.3   173.8   135.9   202.1   190.2   171.6   121.8   106.1   161.7   159.8   148.5   122.9   204.3   180.6   146.4   191.9   55.83   221.5   227.8   234.3   194.3   174.7   182.1   183.9   161.5   156.0   231.4   183.3   154.8   125.6   131.6   168.0   127.4   148.2   127.9   164.0   152.6   135.4   85.60   100.6   138.2   128.9   99.83   115.6   178.0   173.3   223.3   226.1   217.1   251.3   241.4   163.9   158.4   201.7   162.3   
   1.70e3  20.95   25.53   32.71   66.81   79.36   101.7   67.06   55.24   62.62   62.40   113.7   139.4   130.1   124.3   136.0   107.0   32.21   76.35   96.46   97.17   149.3   136.5   145.6   112.9   107.7   118.2   107.9   111.4   106.6   100.4   107.7   138.8   160.3   140.4   48.21   70.52   176.5   176.6   179.2   140.1   208.3   196.0   176.8   125.6   109.4   166.7   164.7   153.1   126.7   210.6   186.2   150.9   197.8   57.55   228.4   234.8   241.6   200.3   180.1   187.7   189.5   166.5   160.8   238.5   188.9   159.6   129.5   135.7   173.2   131.3   152.7   131.9   169.0   157.3   139.6   88.24   103.7   142.5   132.9   102.9   119.2   183.5   178.7   230.2   233.1   223.7   259.1   248.8   169.0   163.2   207.9   167.3   
   1.80e3  21.56   26.27   33.65   68.75   81.66   104.6   69.01   56.84   64.44   64.21   117.0   143.4   133.8   127.9   139.9   110.1   33.14   78.56   99.25   99.98   153.7   140.5   149.9   116.2   110.8   121.6   111.1   114.7   109.7   103.3   110.9   142.8   165.0   144.5   49.61   72.57   181.6   181.7   184.4   144.1   214.3   201.7   182.0   129.2   112.6   171.5   169.5   157.5   130.3   216.7   191.5   155.2   203.5   59.21   235.0   241.6   248.6   206.1   185.3   193.2   195.0   171.3   165.4   245.4   194.4   164.2   133.3   139.6   178.2   135.1   157.2   135.7   173.9   161.9   143.6   90.80   106.7   146.6   136.7   105.9   122.6   188.8   183.8   236.9   239.8   230.2   266.6   256.0   173.9   168.0   214.0   172.2   
   2.00e3  22.72   27.69   35.47   72.47   86.08   110.3   72.74   59.92   67.92   67.68   123.3   151.2   141.1   134.8   147.5   116.0   34.93   82.81   104.6   105.4   162.0   148.1   158.0   122.4   116.8   128.2   117.1   120.9   115.6   108.9   116.9   150.5   173.9   152.3   52.30   76.49   191.4   191.5   194.4   151.9   225.9   212.6   191.8   136.2   118.6   180.8   178.6   166.0   137.4   228.4   201.9   163.6   214.6   62.42   247.7   254.7   262.0   217.2   195.4   203.6   205.6   180.6   174.4   258.7   204.9   173.1   140.5   147.2   187.8   142.5   165.7   143.0   183.3   170.6   151.4   95.71   112.5   154.6   144.1   111.6   129.3   199.0   193.8   249.7   252.8   242.7   281.0   269.8   183.3   177.1   225.5   181.5   
   2.25e3  24.10   29.37   37.63   76.86   91.30   117.0   77.15   63.55   72.04   71.79   130.8   160.3   149.6   143.0   156.4   123.1   37.05   87.83   111.0   111.8   171.8   157.0   167.6   129.9   123.9   136.0   124.2   128.2   122.6   115.5   124.0   159.7   184.5   161.5   55.47   81.13   203.0   203.1   206.1   161.1   239.6   225.5   203.4   144.4   125.8   191.7   189.5   176.1   145.7   242.3   214.2   173.6   227.6   66.20   262.7   270.2   277.9   230.4   207.2   216.0   218.0   191.6   184.9   274.4   217.3   183.6   149.0   156.1   199.2   151.1   175.7   151.7   194.5   181.0   160.6   101.5   119.3   163.9   152.8   118.4   137.1   211.1   205.5   264.8   268.1   257.4   298.0   286.2   194.4   187.8   239.2   192.5   
   2.50e3  25.40   30.95   39.66   81.02   96.24   123.3   81.33   66.99   75.94   75.67   137.9   169.0   157.7   150.7   164.9   129.7   39.06   92.58   117.0   117.8   181.1   165.5   176.6   136.9   130.6   143.3   130.9   135.1   129.2   121.8   130.7   168.3   194.4   170.3   58.47   85.52   214.0   214.1   217.3   169.9   252.6   237.7   214.4   152.3   132.6   202.1   199.7   185.6   153.6   255.4   225.7   183.0   239.9   69.79   276.9   284.8   292.9   242.9   218.4   227.6   229.8   201.9   194.9   289.2   229.1   193.5   157.0   164.6   210.0   159.3   185.2   159.9   205.0   190.8   169.3   107.0   125.8   172.8   161.1   124.8   144.5   222.5   216.6   279.2   282.6   271.3   314.2   301.7   204.9   198.0   252.2   202.9   
   2.75e3  26.64   32.46   41.60   84.97   100.9   129.3   85.30   70.26   79.64   79.36   144.6   177.3   165.4   158.1   172.9   136.1   40.96   97.10   122.7   123.6   189.9   173.6   185.2   143.6   136.9   150.3   137.3   141.7   135.5   127.7   137.0   176.5   203.9   178.6   61.32   89.70   224.5   224.6   227.9   178.1   264.9   249.3   224.9   159.7   139.1   212.0   209.5   194.7   161.1   267.9   236.8   191.9   251.6   73.19   290.4   298.7   307.2   254.7   229.1   238.7   241.1   211.8   204.5   303.3   240.3   203.0   164.7   172.6   220.3   167.0   194.2   167.7   215.0   200.1   177.5   112.2   131.9   181.2   169.0   130.9   151.6   233.3   227.2   292.8   296.4   284.6   329.5   316.4   214.9   207.6   264.5   212.8   
   3.00e3  27.83   33.91   43.45   88.75   105.4   135.1   89.09   73.38   83.19   82.89   151.1   185.1   172.8   165.1   180.6   142.1   42.78   101.4   128.1   129.1   198.4   181.3   193.5   150.0   143.0   157.0   143.4   148.0   141.6   133.4   143.1   184.4   213.0   186.5   64.05   93.69   234.4   234.6   238.0   186.1   276.7   260.4   234.9   166.8   145.3   221.4   218.8   203.4   168.3   279.8   247.3   200.4   262.8   76.45   303.4   312.0   320.9   266.1   239.3   249.4   251.8   221.2   213.6   316.8   250.9   212.0   172.0   180.3   230.1   174.5   202.9   175.2   224.6   209.0   185.4   117.2   137.8   189.3   176.5   136.7   158.3   243.7   237.3   305.8   309.6   297.2   344.2   330.5   224.5   216.8   276.2   222.3   
   3.25e3  28.97   35.29   45.22   92.38   109.7   140.6   92.73   76.38   86.58   86.28   157.2   192.7   179.8   171.9   188.0   147.9   44.53   105.6   133.4   134.3   206.5   188.7   201.4   156.1   148.9   163.4   149.2   154.1   147.3   138.9   149.0   191.9   221.7   194.2   66.66   97.51   244.0   244.2   247.7   193.7   288.0   271.1   244.5   173.6   151.2   230.4   227.7   211.7   175.1   291.2   257.4   208.6   273.5   79.57   315.7   324.7   334.0   276.9   249.0   259.5   262.1   230.2   222.3   329.8   261.2   220.6   179.1   187.6   239.4   181.6   211.2   182.4   233.7   217.5   193.0   122.0   143.4   197.0   183.7   142.3   164.8   253.7   247.0   318.3   322.3   309.4   358.2   344.0   233.6   225.7   287.5   231.4   
   3.50e3  30.06   36.63   46.93   95.86   113.9   145.9   96.23   79.26   89.85   89.53   163.2   200.0   186.6   178.4   195.1   153.5   46.21   109.5   138.4   139.4   214.3   195.9   209.0   162.0   154.5   169.6   154.9   159.9   152.9   144.1   154.6   199.2   230.1   201.5   69.18   101.2   253.2   253.4   257.1   201.0   298.9   281.3   253.7   180.2   157.0   239.1   236.3   219.6   181.7   302.2   267.1   216.5   283.8   82.57   327.7   337.0   346.6   287.4   258.4   269.3   272.0   238.9   230.7   342.2   271.1   229.0   185.8   194.7   248.5   188.5   219.1   189.2   242.5   225.7   200.3   126.6   148.8   204.5   190.6   147.7   171.0   263.2   256.3   330.3   334.4   321.0   371.7   357.0   242.5   234.2   298.4   240.1   
   3.75e3  31.11   37.91   48.57   99.23   117.9   151.0   99.61   82.05   93.01   92.68   168.9   207.0   193.2   184.6   201.9   158.9   47.83   113.4   143.3   144.3   221.8   202.7   216.3   167.7   159.9   175.6   160.3   165.5   158.3   149.1   160.0   206.1   238.1   208.6   71.61   104.7   262.1   262.3   266.1   208.0   309.4   291.2   262.6   186.5   162.5   247.5   244.6   227.4   188.1   312.8   276.5   224.1   293.8   85.47   339.2   348.8   358.8   297.5   267.5   278.8   281.5   247.3   238.8   354.2   280.6   237.0   192.3   201.5   257.2   195.1   226.8   195.9   251.1   233.7   207.3   131.1   154.0   211.6   197.3   152.8   177.0   272.5   265.3   341.9   346.2   332.3   384.8   369.5   251.0   242.4   308.8   248.5   
   4.00e3  32.13   39.15   50.17   102.5   121.7   156.0   102.9   84.74   96.06   95.72   174.4   213.8   199.5   190.7   208.6   164.1   49.40   117.1   148.0   149.0   229.1   209.4   223.4   173.2   165.1   181.3   165.5   170.9   163.5   154.0   165.3   212.9   245.9   215.4   73.96   108.2   270.7   270.9   274.9   214.8   319.5   300.7   271.3   192.6   167.8   255.7   252.6   234.8   194.3   323.1   285.5   231.4   303.4   88.27   350.3   360.2   370.5   307.2   276.3   287.9   290.7   255.4   246.6   365.8   289.8   244.8   198.6   208.1   265.6   201.5   234.3   202.3   259.3   241.3   214.1   135.4   159.1   218.6   203.8   157.9   182.8   281.4   274.0   353.1   357.5   343.2   397.4   381.6   259.2   250.4   319.0   256.7   
   4.50e3  34.08   41.53   53.21   108.7   129.1   165.4   109.1   89.88   101.9   101.5   185.0   226.7   211.6   202.2   221.2   174.0   52.40   124.2   156.9   158.1   243.0   222.1   237.0   183.7   175.2   192.3   175.6   181.3   173.4   163.4   175.3   225.8   260.9   228.5   78.44   114.7   287.1   287.3   291.5   227.9   338.9   318.9   287.7   204.3   178.0   271.2   267.9   249.1   206.1   342.7   302.9   245.5   321.8   93.63   371.5   382.1   393.0   325.9   293.0   305.4   308.4   270.9   261.5   388.0   307.3   259.6   210.7   220.8   281.8   213.7   248.5   214.6   275.0   256.0   227.1   143.6   168.7   231.8   216.1   167.4   193.9   298.5   290.7   374.5   379.2   364.0   421.5   404.8   274.9   265.6   338.3   272.3   
   5.00e3  35.93   43.78   56.09   114.6   136.1   174.4   115.0   94.74   107.4   107.0   195.0   239.0   223.0   213.2   233.2   183.5   55.23   130.9   165.4   166.6   256.1   234.1   249.8   193.6   184.6   202.7   185.1   191.1   182.8   172.2   184.8   238.0   275.0   240.8   82.69   120.9   302.7   302.8   307.3   240.2   357.2   336.2   303.3   215.3   187.6   285.8   282.4   262.5   217.2   361.2   319.2   258.7   339.2   98.69   391.6   402.7   414.3   343.5   308.9   321.9   325.0   285.6   275.7   409.0   324.0   273.7   222.1   232.7   297.0   225.2   261.9   226.2   289.9   269.8   239.4   151.3   177.9   244.4   227.8   176.5   204.4   314.6   306.4   394.8   399.7   383.7   444.3   426.7   289.8   279.9   356.6   287.0   
   5.50e3  37.68   45.91   58.83   120.2   142.8   182.9   120.6   99.36   112.6   112.2   204.5   250.7   233.9   223.6   244.6   192.4   57.93   137.3   173.5   174.8   268.6   245.5   262.0   203.0   193.7   212.6   194.1   200.4   191.7   180.6   193.8   249.7   288.4   252.6   86.72   126.9   317.4   317.6   322.3   251.9   374.6   352.6   318.1   225.8   196.8   299.8   296.2   275.3   227.8   378.8   334.8   271.4   355.8   103.5   410.7   422.4   434.5   360.3   324.0   337.6   340.9   299.5   289.1   429.0   339.8   287.0   232.9   244.1   311.5   236.2   274.7   237.2   304.0   283.0   251.1   158.7   186.6   256.3   239.0   185.1   214.3   330.0   321.3   414.1   419.2   402.4   466.0   447.5   303.9   293.6   374.0   301.0   
   6.00e3  39.36   47.95   61.44   125.5   149.1   191.0   126.0   103.8   117.6   117.2   213.6   261.8   244.3   233.5   255.4   201.0   60.51   143.4   181.2   182.5   280.6   256.4   273.6   212.1   202.3   222.1   202.7   209.4   200.2   188.7   202.4   260.8   301.2   263.8   90.58   132.5   331.5   331.7   336.6   263.1   391.3   368.3   332.2   235.9   205.5   313.1   309.4   287.6   238.0   395.7   349.7   283.4   371.6   108.1   429.0   441.2   453.8   376.3   338.4   352.7   356.1   312.8   302.0   448.1   354.9   299.8   243.3   254.9   325.3   246.7   286.9   247.8   317.6   295.6   262.2   165.8   194.9   267.7   249.6   193.3   223.9   344.7   335.6   432.5   437.9   420.3   486.7   467.4   317.5   306.7   390.6   314.4   
   6.50e3  40.96   49.91   63.95   130.6   155.2   198.8   131.1   108.0   122.4   122.0   222.3   272.5   254.3   243.1   265.9   209.2   62.98   149.3   188.6   190.0   292.0   266.9   284.8   220.7   210.5   231.1   211.0   217.9   208.4   196.4   210.7   271.4   313.5   274.6   94.28   137.9   345.1   345.3   350.4   273.9   407.3   383.3   345.8   245.5   213.9   325.9   322.0   299.3   247.7   411.8   364.0   295.0   386.8   112.5   446.5   459.2   472.3   391.7   352.2   367.1   370.6   325.6   314.3   466.4   369.4   312.0   253.2   265.3   338.6   256.8   298.6   257.9   330.5   307.6   272.9   172.5   202.8   278.6   259.8   201.2   233.0   358.7   349.3   450.1   455.7   437.5   506.6   486.5   330.4   319.2   406.6   327.2   
   7.00e3  42.51   51.80   66.37   135.6   161.0   206.3   136.1   112.1   127.1   126.6   230.7   282.8   263.9   252.2   275.9   217.1   65.35   154.9   195.7   197.2   303.0   277.0   295.5   229.1   218.5   239.9   219.0   226.1   216.3   203.8   218.6   281.6   325.4   284.9   97.84   143.1   358.1   358.3   363.6   284.2   422.7   397.8   358.8   254.8   222.0   338.2   334.2   310.6   257.0   427.4   377.7   306.1   401.4   116.8   463.4   476.5   490.2   406.4   365.5   380.9   384.6   337.9   326.2   484.0   383.3   323.8   262.8   275.3   351.4   266.5   309.9   267.6   343.0   319.2   283.2   179.1   210.5   289.2   269.6   208.8   241.8   372.3   362.5   467.1   472.9   454.0   525.7   504.8   342.9   331.2   421.9   339.6   
   8.00e3  45.44   55.37   70.95   144.9   172.2   220.6   145.5   119.8   135.8   135.4   246.7   302.3   282.1   269.7   295.0   232.0   69.87   165.6   209.2   210.8   324.0   296.1   315.9   244.9   233.6   256.4   234.1   241.8   231.2   217.8   233.7   301.1   347.8   304.6   104.6   153.0   382.8   383.1   388.7   303.8   451.8   425.3   383.6   272.4   237.3   361.5   357.3   332.1   274.8   456.9   403.8   327.3   429.1   124.8   495.4   509.4   524.0   434.5   390.7   407.2   411.2   361.2   348.7   517.4   409.8   346.2   280.9   294.4   375.7   284.9   331.3   286.1   366.7   341.3   302.8   191.4   225.0   309.1   288.2   223.2   258.5   398.0   387.6   499.4   505.6   485.4   562.0   539.7   366.6   354.1   451.1   363.0   
   9.00e3  48.20   58.73   75.25   153.7   182.6   233.9   154.3   127.1   144.1   143.6   261.6   320.7   299.2   286.0   312.8   246.1   74.10   175.7   221.9   223.6   343.6   314.1   335.1   259.7   247.7   272.0   248.3   256.4   245.2   231.1   247.9   319.4   368.9   323.1   110.9   162.3   406.1   406.3   412.3   322.3   479.2   451.1   406.9   288.9   251.7   383.5   378.9   352.2   291.4   484.6   428.3   347.1   455.1   132.4   525.4   540.3   555.8   460.9   414.4   431.9   436.1   383.1   369.9   548.8   434.7   367.2   298.0   312.2   398.5   302.2   351.4   303.5   388.9   362.0   321.2   203.0   238.6   327.9   305.7   236.8   274.2   422.1   411.1   529.7   536.3   514.8   596.1   572.4   388.8   375.6   478.4   385.0   
   10.0e3  50.81   61.91   79.32   162.0   192.5   246.6   162.7   134.0   151.9   151.3   275.8   338.0   315.4   301.5   329.8   259.4   78.11   185.2   233.9   235.7   362.2   331.1   353.2   273.8   261.1   286.7   261.7   270.3   258.5   243.6   261.3   336.6   388.9   340.6   116.9   171.0   428.0   428.3   434.6   339.7   505.2   475.5   428.9   304.5   265.3   404.2   399.4   371.3   307.2   510.8   451.5   365.9   479.8   139.6   553.8   569.6   585.9   485.8   436.8   455.3   459.7   403.8   389.9   578.5   458.2   387.0   314.1   329.1   420.0   318.5   370.4   319.9   410.0   381.6   338.5   214.0   251.6   345.6   322.2   249.6   289.0   445.0   433.3   558.3   565.3   542.6   628.3   603.4   409.8   395.9   504.3   405.9   
   11.0e3  53.29   64.93   83.19   169.9   201.9   258.6   170.6   140.5   159.3   158.7   289.2   354.5   330.8   316.2   345.9   272.1   81.93   194.2   245.4   247.2   379.9   347.2   370.5   287.1   273.9   300.7   274.5   283.5   271.1   255.4   274.1   353.1   407.9   357.2   122.6   179.4   448.9   449.2   455.8   356.3   529.8   498.7   449.8   319.4   278.2   424.0   418.9   389.4   322.2   535.7   473.5   383.8   503.2   146.4   580.9   597.3   614.5   509.5   458.2   477.5   482.1   423.5   408.9   606.7   480.5   405.9   329.4   345.2   440.5   334.1   388.5   335.5   430.0   400.2   355.1   224.5   263.8   362.5   337.9   261.8   303.1   466.7   454.4   585.6   592.9   569.1   659.0   632.8   429.8   415.2   528.9   425.7   
   12.0e3  55.66   67.82   86.89   177.5   210.9   270.1   178.2   146.8   166.4   165.8   302.1   370.3   345.5   330.3   361.2   284.2   85.57   202.8   256.3   258.2   396.8   362.7   386.9   299.9   286.0   314.0   286.7   296.1   283.1   266.8   286.3   368.8   426.0   373.1   128.1   187.4   468.9   469.1   476.1   372.1   553.4   520.8   469.8   333.6   290.6   442.8   437.5   406.7   336.5   559.6   494.6   400.8   525.6   152.9   606.7   623.9   641.8   532.1   478.5   498.7   503.6   442.4   427.1   633.7   501.9   424.0   344.1   360.5   460.1   348.9   405.8   350.4   449.1   418.0   370.8   234.4   275.6   378.6   353.0   273.4   316.6   487.4   474.7   611.6   619.2   594.4   688.3   661.0   449.0   433.7   552.4   444.6   
   13.0e3  57.93   70.59   90.44   184.8   219.5   281.2   185.5   152.8   173.2   172.6   314.4   385.4   359.6   343.7   376.0   295.8   89.06   211.1   266.7   268.7   413.0   377.5   402.7   312.2   297.7   326.9   298.4   308.2   294.7   277.7   298.0   383.8   443.4   388.3   133.3   195.0   488.0   488.3   495.5   387.3   576.0   542.1   489.0   347.2   302.5   460.9   455.4   423.3   350.3   582.4   514.8   417.2   547.0   159.1   631.5   649.4   668.0   553.9   498.1   519.1   524.1   460.4   444.5   659.5   522.4   441.3   358.1   375.2   478.9   363.2   422.3   364.7   467.5   435.0   386.0   244.0   286.8   394.0   367.4   284.6   329.5   507.3   494.0   636.6   644.5   618.7   716.4   688.0   467.3   451.4   575.0   462.8   
   14.0e3  60.12   73.25   93.86   191.7   227.8   291.8   192.5   158.5   179.7   179.1   326.3   399.9   373.2   356.7   390.2   307.0   92.42   219.1   276.8   278.8   428.6   391.7   417.9   323.9   309.0   339.2   309.7   319.8   305.8   288.2   309.2   398.3   460.1   403.0   138.4   202.4   506.4   506.7   514.2   401.9   597.7   562.6   507.5   360.3   313.9   478.3   472.6   439.3   363.5   604.4   534.2   432.9   567.7   165.1   655.3   673.9   693.2   574.8   516.9   538.7   543.9   477.8   461.3   684.4   542.1   457.9   371.6   389.4   497.0   376.9   438.3   378.5   485.1   451.5   400.6   253.2   297.6   408.9   381.3   295.3   342.0   526.5   512.7   660.6   668.8   642.1   743.5   713.9   484.9   468.4   596.7   480.2   
   15.0e3  62.23   75.82   97.15   198.5   235.7   302.0   199.2   164.1   186.0   185.4   337.8   414.0   386.3   369.2   403.9   317.7   95.67   226.8   286.5   288.6   443.6   405.5   432.6   335.3   319.8   351.1   320.6   331.0   316.6   298.3   320.1   412.3   476.3   417.1   143.2   209.5   524.2   524.5   532.3   416.1   618.7   582.3   525.3   373.0   324.9   495.1   489.2   454.7   376.2   625.6   553.0   448.1   587.6   170.9   678.3   697.6   717.5   595.0   535.0   557.6   563.0   494.6   477.5   708.5   561.1   474.0   384.7   403.1   514.4   390.1   453.7   391.8   502.1   467.3   414.6   262.1   308.1   423.3   394.6   305.7   354.0   545.0   530.7   683.8   692.3   664.6   769.5   739.0   502.0   484.9   617.6   497.1   
   16.0e3  64.27   78.31   100.3   205.0   243.5   311.9   205.7   169.5   192.1   191.4   348.8   427.6   399.0   381.4   417.1   328.2   98.81   234.2   295.9   298.1   458.1   418.8   446.8   346.3   330.3   362.6   331.1   341.9   326.9   308.1   330.5   425.8   491.9   430.8   147.9   216.4   541.4   541.7   549.7   429.7   639.0   601.4   542.5   385.2   335.6   511.3   505.2   469.6   388.6   646.1   571.1   462.8   606.9   176.5   700.6   720.4   741.1   614.5   552.6   575.9   581.5   510.8   493.2   731.7   579.5   489.6   397.3   416.3   531.3   402.9   468.5   404.6   518.6   482.6   428.2   270.7   318.2   437.2   407.6   315.7   365.6   562.8   548.1   706.2   715.0   686.4   794.8   763.2   518.4   500.8   637.9   513.4   
   17.0e3  66.25   80.72   103.4   211.3   251.0   321.5   212.1   174.7   198.0   197.3   359.6   440.7   411.3   393.1   430.0   338.3   101.8   241.4   305.0   307.3   472.2   431.7   460.6   357.0   340.5   373.8   341.3   352.4   337.0   317.6   340.7   438.9   507.0   444.1   152.5   223.0   558.1   558.4   566.6   442.9   658.7   619.9   559.2   397.1   345.9   527.0   520.8   484.1   400.5   666.0   588.7   477.1   625.5   182.0   722.1   742.6   763.9   633.4   569.6   593.6   599.4   526.5   508.4   754.2   597.4   504.6   409.5   429.1   547.6   415.3   483.0   417.1   534.5   497.5   441.4   279.0   328.0   450.6   420.1   325.4   376.8   580.1   564.9   727.9   737.0   707.5   819.2   786.7   534.4   516.2   657.5   529.2   
   18.0e3  68.17   83.06   106.4   217.4   258.2   330.8   218.2   179.8   203.8   203.0   370.0   453.5   423.2   404.5   442.4   348.1   104.8   248.4   313.9   316.2   485.9   444.2   473.9   367.3   350.3   384.6   351.2   362.6   346.8   326.8   350.6   451.6   521.7   456.9   156.9   229.5   574.3   574.6   583.1   455.8   677.8   637.9   575.4   408.6   355.9   542.3   535.9   498.1   412.1   685.3   605.7   490.9   643.7   187.3   743.1   764.1   786.0   651.7   586.1   610.8   616.7   541.8   523.1   776.1   614.7   519.3   421.4   441.5   563.5   427.4   497.0   429.1   550.0   511.9   454.2   287.1   337.5   463.7   432.3   334.9   387.8   597.0   581.3   749.0   758.4   728.0   843.0   809.5   549.9   531.2   676.6   544.5   
   20.0e3  71.85   87.55   112.2   229.2   272.2   348.7   230.0   189.5   214.8   214.0   390.0   478.0   446.1   426.4   466.4   366.9   110.5   261.9   330.8   333.3   512.2   468.2   499.5   387.2   369.3   405.4   370.2   382.2   365.5   344.4   369.6   476.1   550.0   481.6   165.4   241.9   605.3   605.7   614.6   480.4   714.4   672.4   606.5   430.7   375.2   571.7   564.9   525.1   434.4   722.4   638.5   517.5   678.5   197.4   783.3   805.5   828.5   687.0   617.8   643.9   650.1   571.1   551.4   818.1   647.9   547.3   444.2   465.4   594.0   450.5   523.8   452.4   579.8   539.6   478.8   302.7   355.7   488.8   455.7   353.0   408.7   629.3   612.8   789.6   799.4   767.4   888.6   853.3   579.6   559.9   713.2   574.0   
   22.5e3  76.21   92.86   119.0   243.1   288.7   369.9   244.0   201.0   227.8   227.0   413.7   507.0   473.1   452.2   494.7   389.2   117.2   277.8   350.9   353.5   543.3   496.6   529.8   410.7   391.7   430.0   392.6   405.4   387.7   365.3   392.0   504.9   583.3   510.9   175.4   256.6   642.0   642.4   651.9   509.6   757.8   713.2   643.3   456.8   397.9   606.3   599.1   556.9   460.8   766.2   677.2   548.9   719.7   209.4   830.8   854.3   878.8   728.7   655.3   682.9   689.5   605.7   584.8   867.7   687.3   580.5   471.1   493.7   630.0   477.8   555.6   479.8   615.0   572.3   507.8   321.0   377.3   518.4   483.3   374.4   433.5   667.4   649.9   837.5   847.9   814.0   942.5   905.1   614.8   593.9   756.5   608.8   
   25.0e3  80.34   97.89   125.4   256.2   304.3   389.9   257.2   211.8   240.1   239.3   436.1   534.4   498.7   476.7   521.4   410.2   123.5   292.8   369.9   372.6   572.7   523.5   558.5   432.9   412.9   453.3   413.9   427.4   408.7   385.1   413.2   532.3   614.9   538.5   184.9   270.4   676.8   677.2   687.1   537.1   798.7   751.8   678.1   481.5   419.5   639.1   631.5   587.0   485.7   807.6   713.9   578.5   758.6   220.7   875.7   900.5   926.3   768.1   690.7   719.9   726.8   638.5   616.5   914.6   724.4   611.9   496.6   520.4   664.1   503.7   585.7   505.8   648.2   603.3   535.3   338.4   397.7   546.4   509.5   394.6   457.0   703.5   685.1   882.8   893.8   858.0   993.5   954.0   648.0   626.0   797.4   641.7   
   27.5e3  84.26   102.7   131.5   268.7   319.2   408.9   269.7   222.2   251.9   251.0   457.3   560.5   523.1   500.0   546.9   430.2   129.5   307.1   388.0   390.8   600.6   549.0   585.8   454.0   433.0   475.4   434.1   448.2   428.6   403.9   433.4   558.2   644.9   564.8   193.9   283.6   709.8   710.2   720.7   563.3   837.7   788.5   711.2   505.0   439.9   670.3   662.4   615.7   509.4   847.1   748.7   606.8   795.6   231.5   918.5   944.5   971.5   805.6   724.4   755.0   762.3   669.7   646.6   959.3   759.8   641.8   520.9   545.8   696.5   528.2   614.3   530.4   679.9   632.7   561.4   354.9   417.2   573.1   534.3   413.9   479.3   737.9   718.5   925.8   937.4   899.9   1.042e3 1.001e3 679.6   656.5   836.3   673.0   
   30.0e3  88.00   107.2   137.4   280.7   333.4   427.1   281.7   232.1   263.1   262.1   477.7   585.5   546.3   522.2   571.2   449.4   135.3   320.7   405.2   408.2   627.3   573.4   611.8   474.2   452.3   496.5   453.4   468.1   447.7   421.9   452.6   583.1   673.6   589.9   202.5   296.3   741.4   741.8   752.7   588.4   875.0   823.5   742.9   527.5   459.5   700.1   691.8   643.1   532.1   884.7   782.0   633.8   831.0   241.7   959.3   986.5   1.015e3 841.4   756.6   788.6   796.2   699.5   675.3   1.002e3 793.6   670.4   544.0   570.0   727.5   551.7   641.6   554.0   710.1   660.9   586.4   370.7   435.7   598.6   558.1   432.3   500.6   770.7   750.5   967.0   979.1   939.9   1.088e3 1.045e3 709.9   685.7   873.5   703.0   
   32.5e3  91.60   111.6   143.0   292.1   347.0   444.6   293.2   241.5   273.8   272.8   497.2   609.4   568.6   543.5   594.5   467.7   140.8   333.8   421.7   424.8   653.0   596.9   636.8   493.6   470.7   516.8   471.9   487.3   466.0   439.1   471.1   606.9   701.1   614.0   210.8   308.4   771.6   772.1   783.5   612.4   910.7   857.2   773.2   549.0   478.3   728.7   720.1   669.3   553.8   920.9   813.9   659.6   864.9   251.6   998.5   1.027e3 1.056e3 875.8   787.5   820.8   828.7   728.0   702.9   1.043e3 826.0   697.7   566.2   593.3   757.2   574.3   667.8   576.7   739.1   687.9   610.3   385.8   453.5   623.0   580.9   449.9   521.0   802.2   781.1   1.006e3 1.019e3 978.3   1.133e3 1.088e3 738.9   713.7   909.1   731.7   
   35.0e3  95.06   115.8   148.4   303.1   360.1   461.3   304.3   250.7   284.1   283.1   516.0   632.4   590.1   564.0   616.9   485.4   146.1   346.4   437.7   440.9   677.6   619.4   660.8   512.2   488.5   536.3   489.7   505.7   483.6   455.7   488.9   629.8   727.5   637.2   218.8   320.0   800.8   801.2   813.0   635.5   945.1   889.5   802.4   569.7   496.3   756.2   747.2   694.6   574.7   955.6   844.7   684.5   897.6   261.1   1.036e3 1.066e3 1.096e3 908.8   817.2   851.7   860.0   755.5   729.4   1.082e3 857.2   724.1   587.6   615.7   785.8   595.9   693.0   598.4   767.0   713.8   633.3   400.4   470.6   646.6   602.8   466.9   540.7   832.4   810.6   1.044e3 1.058e3 1.015e3 1.176e3 1.129e3 766.7   740.7   943.5   759.3   
   37.5e3  98.39   119.9   153.6   313.8   372.7   477.5   315.0   259.5   294.1   293.1   534.1   654.6   610.8   583.8   638.6   502.4   151.3   358.6   453.0   456.4   701.4   641.1   684.0   530.2   505.7   555.2   506.9   523.4   500.5   471.7   506.0   651.9   753.1   659.5   226.4   331.2   828.9   829.3   841.6   657.8   978.3   920.7   830.5   589.7   513.7   782.8   773.5   719.0   594.9   989.2   874.3   708.6   929.1   270.3   1.073e3 1.103e3 1.135e3 940.7   845.9   881.6   890.2   782.0   755.0   1.120e3 887.2   749.5   608.2   637.3   813.4   616.9   717.3   619.4   793.9   738.9   655.6   414.4   487.1   669.3   624.0   483.3   559.7   861.6   839.1   1.081e3 1.095e3 1.051e3 1.217e3 1.168e3 793.7   766.7   976.6   786.0   
   40.0e3  101.6   123.8   158.6   324.1   385.0   493.2   325.3   268.0   303.8   302.7   551.6   676.0   630.8   603.0   659.5   518.9   156.2   370.3   467.9   471.3   724.4   662.1   706.5   547.6   522.2   573.4   523.5   540.6   516.9   487.1   522.6   673.3   777.8   681.1   233.9   342.1   856.1   856.5   869.2   679.4   1.010e3 950.9   857.8   609.1   530.6   808.4   798.8   742.5   614.4   1.022e3 903.0   731.8   959.5   279.1   1.108e3 1.139e3 1.172e3 971.6   873.7   910.6   919.4   807.7   779.8   1.157e3 916.3   774.1   628.2   658.2   840.0   637.1   740.8   639.7   820.0   763.1   677.1   428.0   503.1   691.2   644.4   499.2   578.0   889.9   866.6   1.117e3 1.131e3 1.085e3 1.257e3 1.207e3 819.7   791.8   1.009e3 811.7   
   45.0e3  107.8   131.3   168.3   343.7   408.3   523.1   345.1   284.2   322.2   321.0   585.0   717.0   669.1   639.5   699.5   550.4   165.7   392.8   496.3   499.9   768.3   702.3   749.3   580.8   553.9   608.1   555.3   573.4   548.3   516.7   554.3   714.1   824.9   722.5   248.1   362.8   908.0   908.5   921.9   720.6   1.072e3 1.009e3 909.8   646.0   562.8   857.5   847.3   787.6   651.7   1.084e3 957.7   776.2   1.018e3 296.1   1.175e3 1.208e3 1.243e3 1.031e3 926.7   965.8   975.1   856.7   827.1   1.227e3 971.9   821.0   666.3   698.1   891.0   675.7   785.8   678.5   869.7   809.4   718.1   454.0   533.6   733.1   683.5   529.4   613.1   943.9   919.2   1.184e3 1.199e3 1.151e3 1.333e3 1.280e3 869.4   839.8   1.070e3 861.0   
   50.0e3  113.6   138.4   177.4   362.3   430.4   551.4   363.7   299.6   339.6   338.4   616.7   755.8   705.3   674.1   737.4   580.1   174.7   414.0   523.1   527.0   809.9   740.3   789.8   612.2   583.9   641.0   585.3   604.4   578.0   544.6   584.3   752.7   869.6   761.5   261.5   382.5   957.1   957.6   971.8   759.6   1.130e3 1.063e3 959.0   680.9   593.2   903.9   893.1   830.2   686.9   1.142e3 1.010e3 818.2   1.073e3 312.1   1.238e3 1.274e3 1.310e3 1.086e3 976.8   1.018e3 1.028e3 903.0   871.8   1.293e3 1.024e3 865.4   702.3   735.9   939.2   712.3   828.3   715.2   916.7   853.2   757.0   478.5   562.5   772.8   720.5   558.1   646.3   994.9   968.9   1.248e3 1.264e3 1.213e3 1.405e3 1.349e3 916.4   885.3   1.128e3 907.5   
   55.0e3  119.2   145.2   186.0   380.0   451.4   578.3   381.5   314.2   356.2   354.9   646.8   792.7   739.7   707.0   773.4   608.4   183.2   434.3   548.6   552.7   849.4   776.4   828.4   642.1   612.4   672.3   613.9   633.9   606.2   571.2   612.9   789.5   912.0   798.7   274.2   401.1   1.004e3 1.004e3 1.019e3 796.7   1.185e3 1.115e3 1.006e3 714.2   622.2   948.0   936.7   870.7   720.4   1.198e3 1.059e3 858.1   1.125e3 327.3   1.299e3 1.336e3 1.374e3 1.139e3 1.024e3 1.068e3 1.078e3 947.1   914.4   1.357e3 1.074e3 907.7   736.6   771.8   985.0   747.0   868.7   750.2   961.5   894.8   793.9   501.9   589.9   810.5   755.7   585.3   677.8   1.044e3 1.016e3 1.309e3 1.326e3 1.273e3 1.474e3 1.415e3 961.2   928.5   1.183e3 951.8   
   60.0e3  124.5   151.6   194.3   396.9   471.5   604.0   398.4   328.2   372.0   370.7   675.5   828.0   772.6   738.5   807.8   635.5   191.3   453.6   573.0   577.2   887.2   811.0   865.2   670.6   639.6   702.2   641.1   662.1   633.1   596.6   640.1   824.6   952.6   834.2   286.4   419.0   1.048e3 1.049e3 1.065e3 832.1   1.237e3 1.165e3 1.051e3 745.9   649.8   990.1   978.4   909.4   752.5   1.251e3 1.106e3 896.3   1.175e3 341.9   1.357e3 1.395e3 1.435e3 1.190e3 1.070e3 1.115e3 1.126e3 989.2   955.0   1.417e3 1.122e3 948.0   769.4   806.1   1.029e3 780.3   907.3   783.5   1.004e3 934.6   829.2   524.2   616.2   846.6   789.3   611.4   707.9   1.090e3 1.061e3 1.368e3 1.385e3 1.329e3 1.539e3 1.478e3 1.004e3 969.8   1.235e3 994.2   
   65.0e3  129.5   157.8   202.2   413.1   490.7   628.7   414.7   341.6   387.2   385.8   703.1   861.8   804.2   768.6   840.7   661.4   199.2   472.1   596.4   600.8   923.4   844.1   900.6   698.0   665.7   730.9   667.3   689.1   659.0   621.0   666.2   858.2   991.4   868.3   298.1   436.1   1.091e3 1.092e3 1.108e3 866.1   1.288e3 1.212e3 1.093e3 776.4   676.4   1.031e3 1.018e3 946.6   783.2   1.302e3 1.151e3 932.9   1.223e3 355.8   1.412e3 1.452e3 1.494e3 1.239e3 1.114e3 1.161e3 1.172e3 1.030e3 994.0   1.475e3 1.168e3 986.7   800.8   839.1   1.071e3 812.1   944.4   815.5   1.045e3 972.8   863.1   545.6   641.3   881.1   821.5   636.3   736.8   1.134e3 1.105e3 1.423e3 1.441e3 1.383e3 1.602e3 1.538e3 1.045e3 1.009e3 1.286e3 1.035e3 
   70.0e3  134.4   163.8   209.9   428.7   509.3   652.4   430.4   354.5   401.8   400.4   729.7   894.3   834.5   797.7   872.5   686.4   206.7   489.9   619.0   623.5   958.3   875.9   934.6   724.4   690.9   758.5   692.5   715.1   683.8   644.4   691.4   890.6   1.029e3 901.1   309.4   452.5   1.132e3 1.133e3 1.150e3 898.8   1.337e3 1.258e3 1.135e3 805.7   701.9   1.069e3 1.057e3 982.3   812.8   1.351e3 1.195e3 968.1   1.269e3 369.3   1.465e3 1.507e3 1.550e3 1.285e3 1.156e3 1.205e3 1.216e3 1.068e3 1.032e3 1.530e3 1.212e3 1.024e3 831.0   870.7   1.111e3 842.8   980.0   846.3   1.085e3 1.010e3 895.7   566.2   665.5   914.4   852.5   660.3   764.7   1.177e3 1.146e3 1.477e3 1.496e3 1.436e3 1.662e3 1.596e3 1.084e3 1.047e3 1.334e3 1.074e3 
   80.0e3  143.7   175.1   224.4   458.3   544.4   697.5   460.1   379.0   429.6   428.1   780.0   956.0   892.2   852.7   932.7   733.8   220.9   523.7   661.7   666.5   1.024e3 936.4   999.1   774.4   738.6   810.9   740.3   764.5   731.1   688.9   739.1   952.1   1.100e3 963.3   330.8   483.8   1.211e3 1.211e3 1.229e3 960.8   1.429e3 1.345e3 1.213e3 861.3   750.4   1.143e3 1.130e3 1.050e3 868.9   1.445e3 1.277e3 1.035e3 1.357e3 394.8   1.567e3 1.611e3 1.657e3 1.374e3 1.236e3 1.288e3 1.300e3 1.142e3 1.103e3 1.636e3 1.296e3 1.095e3 888.4   930.8   1.188e3 901.0   1.048e3 904.7   1.160e3 1.079e3 957.5   605.3   711.5   977.5   911.4   705.9   817.5   1.259e3 1.226e3 1.579e3 1.599e3 1.535e3 1.777e3 1.707e3 1.159e3 1.120e3 1.426e3 1.148e3 
   90.0e3  152.4   185.7   238.0   486.1   577.5   739.8   488.0   402.0   455.6   454.0   827.4   1.014e3 946.3   904.5   989.3   778.3   234.3   555.5   701.8   707.0   1.087e3 993.2   1.060e3 821.4   783.4   860.0   785.2   810.9   775.4   730.7   784.0   1.010e3 1.167e3 1.022e3 350.8   513.1   1.284e3 1.285e3 1.304e3 1.019e3 1.516e3 1.426e3 1.287e3 913.6   795.9   1.213e3 1.198e3 1.114e3 921.6   1.532e3 1.354e3 1.098e3 1.439e3 418.7   1.662e3 1.709e3 1.758e3 1.457e3 1.311e3 1.366e3 1.379e3 1.211e3 1.170e3 1.735e3 1.375e3 1.161e3 942.3   987.3   1.260e3 955.6   1.111e3 959.6   1.230e3 1.145e3 1.016e3 642.0   754.7   1.037e3 966.6   748.8   867.0   1.335e3 1.300e3 1.675e3 1.696e3 1.628e3 1.885e3 1.810e3 1.230e3 1.188e3 1.513e3 1.218e3 
   100.e3  160.7   195.8   250.8   512.4   608.7   779.8   514.4   423.7   480.3   478.6   872.1   1.069e3 997.5   953.4   1.043e3 820.4   247.0   585.5   739.8   745.2   1.145e3 1.047e3 1.117e3 865.8   825.7   906.6   827.7   854.7   817.3   770.2   826.4   1.065e3 1.230e3 1.077e3 369.8   540.9   1.354e3 1.354e3 1.374e3 1.074e3 1.597e3 1.504e3 1.356e3 963.0   838.9   1.278e3 1.263e3 1.174e3 971.4   1.615e3 1.428e3 1.157e3 1.517e3 441.4   1.751e3 1.801e3 1.853e3 1.536e3 1.381e3 1.440e3 1.454e3 1.277e3 1.233e3 1.829e3 1.449e3 1.224e3 993.2   1.041e3 1.328e3 1.007e3 1.171e3 1.012e3 1.296e3 1.207e3 1.071e3 676.8   795.5   1.093e3 1.019e3 789.3   913.9   1.407e3 1.370e3 1.766e3 1.788e3 1.716e3 1.987e3 1.908e3 1.296e3 1.252e3 1.595e3 1.283e3 
   110.e3  168.5   205.3   263.1   537.4   638.4   817.9   539.5   444.4   503.7   501.9   914.7   1.121e3 1.046e3 999.9   1.094e3 860.5   259.1   614.1   775.9   781.6   1.201e3 1.098e3 1.172e3 908.0   866.0   950.8   868.1   896.4   857.2   807.8   866.7   1.116e3 1.290e3 1.130e3 387.8   567.3   1.420e3 1.420e3 1.441e3 1.127e3 1.675e3 1.577e3 1.422e3 1.010e3 879.9   1.341e3 1.325e3 1.231e3 1.019e3 1.694e3 1.497e3 1.214e3 1.591e3 462.9   1.837e3 1.889e3 1.943e3 1.611e3 1.449e3 1.510e3 1.525e3 1.339e3 1.293e3 1.919e3 1.520e3 1.284e3 1.042e3 1.092e3 1.393e3 1.056e3 1.229e3 1.061e3 1.360e3 1.265e3 1.123e3 709.8   834.3   1.146e3 1.069e3 827.8   958.5   1.476e3 1.437e3 1.852e3 1.875e3 1.800e3 2.084e3 2.001e3 1.359e3 1.313e3 1.673e3 1.346e3 
   120.e3  176.0   214.5   274.8   561.3   666.8   854.2   563.5   464.1   526.1   524.3   955.4   1.171e3 1.093e3 1.044e3 1.142e3 898.7   270.6   641.4   810.4   816.4   1.255e3 1.147e3 1.224e3 948.4   904.5   993.1   906.7   936.3   895.4   843.7   905.2   1.166e3 1.347e3 1.180e3 405.1   592.5   1.483e3 1.484e3 1.505e3 1.177e3 1.750e3 1.647e3 1.486e3 1.055e3 919.0   1.400e3 1.384e3 1.286e3 1.064e3 1.769e3 1.564e3 1.268e3 1.662e3 483.5   1.919e3 1.973e3 2.029e3 1.683e3 1.513e3 1.577e3 1.592e3 1.399e3 1.351e3 2.004e3 1.587e3 1.341e3 1.088e3 1.140e3 1.455e3 1.103e3 1.283e3 1.108e3 1.420e3 1.322e3 1.173e3 741.3   871.4   1.197e3 1.116e3 864.6   1.001e3 1.541e3 1.501e3 1.934e3 1.958e3 1.880e3 2.177e3 2.090e3 1.420e3 1.371e3 1.747e3 1.406e3 
   130.e3  183.2   223.2   286.0   584.2   694.0   889.1   586.5   483.1   547.6   545.7   994.4   1.219e3 1.137e3 1.087e3 1.189e3 935.4   281.7   667.6   843.5   849.7   1.306e3 1.194e3 1.274e3 987.1   941.5   1.034e3 943.7   974.5   931.9   878.2   942.2   1.214e3 1.402e3 1.228e3 421.6   616.7   1.543e3 1.544e3 1.567e3 1.225e3 1.821e3 1.714e3 1.546e3 1.098e3 956.5   1.457e3 1.440e3 1.339e3 1.108e3 1.842e3 1.628e3 1.319e3 1.730e3 503.2   1.997e3 2.054e3 2.112e3 1.752e3 1.575e3 1.642e3 1.657e3 1.456e3 1.406e3 2.086e3 1.652e3 1.395e3 1.132e3 1.187e3 1.514e3 1.149e3 1.336e3 1.153e3 1.478e3 1.376e3 1.221e3 771.6   907.0   1.246e3 1.162e3 899.9   1.042e3 1.604e3 1.562e3 2.013e3 2.038e3 1.957e3 2.265e3 2.176e3 1.478e3 1.427e3 1.818e3 1.463e3 
   140.e3  190.1   231.6   296.8   606.3   720.2   922.7   608.6   501.3   568.3   566.3   1.032e3 1.265e3 1.180e3 1.128e3 1.234e3 970.7   292.3   692.8   875.3   881.8   1.355e3 1.239e3 1.322e3 1.024e3 977.0   1.073e3 979.4   1.011e3 967.1   911.3   977.8   1.260e3 1.455e3 1.274e3 437.6   640.0   1.602e3 1.602e3 1.626e3 1.271e3 1.890e3 1.779e3 1.605e3 1.139e3 992.7   1.512e3 1.494e3 1.389e3 1.149e3 1.911e3 1.689e3 1.369e3 1.795e3 522.2   2.072e3 2.131e3 2.192e3 1.818e3 1.634e3 1.703e3 1.720e3 1.511e3 1.459e3 2.164e3 1.714e3 1.448e3 1.175e3 1.231e3 1.572e3 1.192e3 1.386e3 1.197e3 1.534e3 1.428e3 1.267e3 800.7   941.2   1.293e3 1.206e3 933.9   1.081e3 1.665e3 1.621e3 2.089e3 2.115e3 2.030e3 2.351e3 2.258e3 1.533e3 1.481e3 1.887e3 1.519e3 
   150.e3  196.8   239.8   307.2   627.6   745.5   955.1   630.0   518.9   588.2   586.1   1.068e3 1.309e3 1.222e3 1.168e3 1.277e3 1.005e3 302.5   717.1   906.1   912.7   1.403e3 1.282e3 1.368e3 1.060e3 1.011e3 1.110e3 1.014e3 1.047e3 1.001e3 943.3   1.012e3 1.304e3 1.506e3 1.319e3 452.9   662.5   1.658e3 1.659e3 1.683e3 1.316e3 1.957e3 1.841e3 1.661e3 1.179e3 1.027e3 1.566e3 1.547e3 1.438e3 1.190e3 1.978e3 1.749e3 1.417e3 1.858e3 540.6   2.145e3 2.206e3 2.269e3 1.881e3 1.692e3 1.763e3 1.780e3 1.564e3 1.510e3 2.240e3 1.774e3 1.499e3 1.216e3 1.275e3 1.627e3 1.234e3 1.435e3 1.239e3 1.588e3 1.478e3 1.311e3 828.9   974.3   1.339e3 1.248e3 966.6   1.119e3 1.723e3 1.678e3 2.162e3 2.189e3 2.102e3 2.434e3 2.337e3 1.587e3 1.533e3 1.953e3 1.572e3 
   160.e3  203.2   247.6   317.3   648.2   769.9   986.4   650.7   536.0   607.5   605.4   1.103e3 1.352e3 1.262e3 1.206e3 1.319e3 1.038e3 312.5   740.7   935.8   942.6   1.449e3 1.324e3 1.413e3 1.095e3 1.044e3 1.147e3 1.047e3 1.081e3 1.034e3 974.2   1.045e3 1.347e3 1.556e3 1.362e3 467.8   684.2   1.712e3 1.713e3 1.738e3 1.359e3 2.021e3 1.902e3 1.716e3 1.218e3 1.061e3 1.617e3 1.598e3 1.485e3 1.229e3 2.043e3 1.806e3 1.464e3 1.919e3 558.3   2.215e3 2.278e3 2.343e3 1.943e3 1.747e3 1.821e3 1.839e3 1.615e3 1.560e3 2.314e3 1.833e3 1.548e3 1.256e3 1.316e3 1.680e3 1.274e3 1.482e3 1.279e3 1.640e3 1.526e3 1.354e3 856.0   1.006e3 1.382e3 1.289e3 998.3   1.156e3 1.780e3 1.733e3 2.233e3 2.261e3 2.171e3 2.513e3 2.414e3 1.639e3 1.584e3 2.017e3 1.623e3 
   170.e3  209.5   255.3   327.1   668.1   793.6   1.017e3 670.7   552.5   626.2   624.0   1.137e3 1.394e3 1.301e3 1.243e3 1.360e3 1.070e3 322.1   763.5   964.6   971.7   1.493e3 1.365e3 1.456e3 1.129e3 1.077e3 1.182e3 1.079e3 1.114e3 1.066e3 1.004e3 1.077e3 1.388e3 1.603e3 1.404e3 482.2   705.2   1.765e3 1.766e3 1.792e3 1.401e3 2.083e3 1.960e3 1.768e3 1.256e3 1.094e3 1.667e3 1.647e3 1.531e3 1.267e3 2.106e3 1.862e3 1.509e3 1.978e3 575.5   2.284e3 2.348e3 2.416e3 2.003e3 1.801e3 1.877e3 1.895e3 1.665e3 1.608e3 2.385e3 1.889e3 1.596e3 1.295e3 1.357e3 1.732e3 1.313e3 1.527e3 1.319e3 1.690e3 1.573e3 1.396e3 882.4   1.037e3 1.425e3 1.329e3 1.029e3 1.192e3 1.835e3 1.787e3 2.302e3 2.331e3 2.237e3 2.591e3 2.488e3 1.690e3 1.632e3 2.079e3 1.673e3 
   180.e3  215.6   262.7   336.5   687.5   816.6   1.046e3 690.1   568.5   644.4   642.1   1.170e3 1.434e3 1.338e3 1.279e3 1.399e3 1.101e3 331.4   785.6   992.5   999.8   1.537e3 1.405e3 1.499e3 1.162e3 1.108e3 1.216e3 1.111e3 1.147e3 1.097e3 1.033e3 1.109e3 1.428e3 1.650e3 1.445e3 496.1   725.7   1.816e3 1.817e3 1.844e3 1.441e3 2.143e3 2.017e3 1.820e3 1.292e3 1.126e3 1.715e3 1.695e3 1.575e3 1.303e3 2.167e3 1.915e3 1.552e3 2.036e3 592.1   2.350e3 2.416e3 2.486e3 2.061e3 1.853e3 1.932e3 1.950e3 1.713e3 1.654e3 2.454e3 1.944e3 1.642e3 1.333e3 1.396e3 1.782e3 1.351e3 1.572e3 1.357e3 1.739e3 1.619e3 1.436e3 908.0   1.067e3 1.466e3 1.367e3 1.059e3 1.226e3 1.888e3 1.838e3 2.369e3 2.398e3 2.302e3 2.666e3 2.560e3 1.739e3 1.680e3 2.140e3 1.722e3 
   200.e3  227.2   276.9   354.7   724.7   860.8   1.103e3 727.5   599.2   679.3   676.8   1.233e3 1.512e3 1.411e3 1.348e3 1.475e3 1.160e3 349.4   828.1   1.046e3 1.054e3 1.620e3 1.481e3 1.580e3 1.224e3 1.168e3 1.282e3 1.171e3 1.209e3 1.156e3 1.089e3 1.169e3 1.505e3 1.739e3 1.523e3 523.0   764.9   1.914e3 1.915e3 1.944e3 1.519e3 2.259e3 2.126e3 1.918e3 1.362e3 1.186e3 1.808e3 1.786e3 1.660e3 1.374e3 2.284e3 2.019e3 1.636e3 2.146e3 624.2   2.477e3 2.547e3 2.620e3 2.172e3 1.954e3 2.036e3 2.056e3 1.806e3 1.744e3 2.587e3 2.049e3 1.731e3 1.405e3 1.472e3 1.878e3 1.425e3 1.657e3 1.430e3 1.833e3 1.706e3 1.514e3 957.1   1.125e3 1.546e3 1.441e3 1.116e3 1.293e3 1.990e3 1.938e3 2.497e3 2.528e3 2.427e3 2.810e3 2.698e3 1.833e3 1.771e3 2.255e3 1.815e3 
   225.e3  241.0   293.7   376.3   768.6   913.0   1.170e3 771.6   635.6   720.5   717.9   1.308e3 1.603e3 1.496e3 1.430e3 1.564e3 1.231e3 370.5   878.3   1.110e3 1.118e3 1.718e3 1.570e3 1.676e3 1.299e3 1.239e3 1.360e3 1.242e3 1.282e3 1.226e3 1.155e3 1.240e3 1.597e3 1.845e3 1.615e3 554.7   811.3   2.030e3 2.031e3 2.061e3 1.611e3 2.396e3 2.255e3 2.034e3 1.444e3 1.258e3 1.917e3 1.895e3 1.761e3 1.457e3 2.423e3 2.142e3 1.736e3 2.276e3 662.0   2.627e3 2.702e3 2.779e3 2.304e3 2.072e3 2.160e3 2.180e3 1.916e3 1.849e3 2.744e3 2.173e3 1.836e3 1.490e3 1.561e3 1.992e3 1.511e3 1.757e3 1.517e3 1.945e3 1.810e3 1.606e3 1.015e3 1.193e3 1.639e3 1.528e3 1.184e3 1.371e3 2.111e3 2.055e3 2.648e3 2.682e3 2.574e3 2.980e3 2.862e3 1.944e3 1.878e3 2.392e3 1.925e3 
   250.e3  254.1   309.5   396.6   810.2   962.4   1.233e3 813.3   670.0   759.4   756.7   1.379e3 1.690e3 1.577e3 1.507e3 1.649e3 1.297e3 390.6   925.8   1.170e3 1.178e3 1.811e3 1.655e3 1.766e3 1.369e3 1.306e3 1.433e3 1.309e3 1.351e3 1.292e3 1.218e3 1.307e3 1.683e3 1.944e3 1.703e3 584.7   855.2   2.140e3 2.141e3 2.173e3 1.699e3 2.526e3 2.377e3 2.144e3 1.523e3 1.326e3 2.021e3 1.997e3 1.856e3 1.536e3 2.554e3 2.257e3 1.830e3 2.399e3 697.9   2.769e3 2.848e3 2.929e3 2.429e3 2.184e3 2.276e3 2.298e3 2.019e3 1.949e3 2.892e3 2.291e3 1.935e3 1.570e3 1.646e3 2.100e3 1.593e3 1.852e3 1.599e3 2.050e3 1.908e3 1.693e3 1.070e3 1.258e3 1.728e3 1.611e3 1.248e3 1.445e3 2.225e3 2.166e3 2.792e3 2.827e3 2.713e3 3.142e3 3.017e3 2.049e3 1.980e3 2.522e3 2.029e3 
   275.e3  266.5   324.6   416.0   849.7   1.009e3 1.293e3 853.0   702.7   796.5   793.6   1.446e3 1.773e3 1.654e3 1.581e3 1.729e3 1.361e3 409.7   971.0   1.227e3 1.236e3 1.899e3 1.736e3 1.852e3 1.436e3 1.369e3 1.503e3 1.373e3 1.417e3 1.355e3 1.277e3 1.370e3 1.765e3 2.039e3 1.786e3 613.3   897.0   2.245e3 2.246e3 2.279e3 1.781e3 2.649e3 2.493e3 2.249e3 1.597e3 1.391e3 2.120e3 2.095e3 1.947e3 1.611e3 2.679e3 2.368e3 1.919e3 2.516e3 731.9   2.904e3 2.987e3 3.072e3 2.547e3 2.291e3 2.387e3 2.411e3 2.118e3 2.045e3 3.033e3 2.403e3 2.030e3 1.647e3 1.726e3 2.203e3 1.670e3 1.942e3 1.677e3 2.150e3 2.001e3 1.775e3 1.122e3 1.319e3 1.812e3 1.690e3 1.309e3 1.516e3 2.333e3 2.272e3 2.928e3 2.965e3 2.846e3 3.295e3 3.164e3 2.149e3 2.076e3 2.645e3 2.128e3 
   300.e3  278.3   339.1   434.5   887.5   1.054e3 1.351e3 891.0   733.9   831.9   828.9   1.511e3 1.851e3 1.728e3 1.651e3 1.806e3 1.421e3 427.9   1.014e3 1.281e3 1.291e3 1.984e3 1.813e3 1.935e3 1.500e3 1.430e3 1.570e3 1.434e3 1.480e3 1.416e3 1.334e3 1.431e3 1.844e3 2.130e3 1.865e3 640.5   936.9   2.344e3 2.346e3 2.380e3 1.861e3 2.767e3 2.604e3 2.349e3 1.668e3 1.453e3 2.214e3 2.188e3 2.034e3 1.683e3 2.798e3 2.473e3 2.004e3 2.628e3 764.5   3.034e3 3.120e3 3.209e3 2.661e3 2.393e3 2.494e3 2.518e3 2.212e3 2.136e3 3.168e3 2.509e3 2.120e3 1.720e3 1.803e3 2.301e3 1.745e3 2.029e3 1.752e3 2.246e3 2.090e3 1.854e3 1.172e3 1.378e3 1.893e3 1.765e3 1.367e3 1.583e3 2.437e3 2.373e3 3.058e3 3.096e3 2.972e3 3.442e3 3.305e3 2.245e3 2.168e3 2.762e3 2.223e3 
   325.e3  289.7   352.9   452.2   923.8   1.097e3 1.406e3 927.4   763.9   865.9   862.8   1.572e3 1.927e3 1.798e3 1.719e3 1.880e3 1.479e3 445.3   1.056e3 1.334e3 1.343e3 2.065e3 1.887e3 2.014e3 1.561e3 1.489e3 1.634e3 1.492e3 1.541e3 1.473e3 1.389e3 1.490e3 1.919e3 2.217e3 1.942e3 666.7   975.1   2.440e3 2.442e3 2.477e3 1.937e3 2.880e3 2.711e3 2.445e3 1.736e3 1.512e3 2.304e3 2.277e3 2.117e3 1.751e3 2.912e3 2.574e3 2.086e3 2.735e3 795.7   3.157e3 3.247e3 3.340e3 2.769e3 2.490e3 2.595e3 2.621e3 2.302e3 2.223e3 3.298e3 2.612e3 2.206e3 1.791e3 1.876e3 2.394e3 1.816e3 2.112e3 1.824e3 2.337e3 2.175e3 1.930e3 1.220e3 1.434e3 1.970e3 1.837e3 1.423e3 1.648e3 2.537e3 2.470e3 3.183e3 3.223e3 3.094e3 3.582e3 3.440e3 2.336e3 2.257e3 2.875e3 2.314e3 
   350.e3  300.6   366.3   469.3   958.6   1.139e3 1.459e3 962.4   792.7   898.6   895.3   1.632e3 2.000e3 1.866e3 1.784e3 1.951e3 1.535e3 462.2   1.095e3 1.384e3 1.394e3 2.143e3 1.959e3 2.090e3 1.620e3 1.545e3 1.696e3 1.549e3 1.599e3 1.529e3 1.441e3 1.546e3 1.992e3 2.301e3 2.015e3 691.9   1.012e3 2.532e3 2.534e3 2.571e3 2.010e3 2.989e3 2.813e3 2.537e3 1.802e3 1.570e3 2.391e3 2.363e3 2.196e3 1.817e3 3.022e3 2.671e3 2.165e3 2.839e3 825.7   3.277e3 3.370e3 3.466e3 2.874e3 2.584e3 2.693e3 2.720e3 2.389e3 2.307e3 3.422e3 2.711e3 2.290e3 1.858e3 1.947e3 2.485e3 1.885e3 2.191e3 1.892e3 2.425e3 2.257e3 2.003e3 1.266e3 1.488e3 2.045e3 1.906e3 1.477e3 1.710e3 2.632e3 2.563e3 3.303e3 3.345e3 3.210e3 3.717e3 3.570e3 2.425e3 2.342e3 2.984e3 2.401e3 
   375.e3  311.2   379.1   485.7   992.3   1.179e3 1.510e3 996.2   820.5   930.1   926.8   1.689e3 2.070e3 1.932e3 1.846e3 2.019e3 1.589e3 478.4   1.134e3 1.433e3 1.443e3 2.218e3 2.027e3 2.163e3 1.677e3 1.599e3 1.756e3 1.603e3 1.655e3 1.583e3 1.491e3 1.600e3 2.061e3 2.381e3 2.086e3 716.2   1.047e3 2.621e3 2.623e3 2.661e3 2.080e3 3.094e3 2.912e3 2.626e3 1.865e3 1.625e3 2.475e3 2.446e3 2.274e3 1.881e3 3.128e3 2.765e3 2.241e3 2.938e3 854.7   3.392e3 3.488e3 3.588e3 2.975e3 2.675e3 2.788e3 2.815e3 2.473e3 2.388e3 3.542e3 2.806e3 2.370e3 1.923e3 2.015e3 2.572e3 1.951e3 2.268e3 1.959e3 2.511e3 2.337e3 2.073e3 1.311e3 1.540e3 2.116e3 1.973e3 1.528e3 1.770e3 2.725e3 2.653e3 3.419e3 3.462e3 3.323e3 3.848e3 3.695e3 2.510e3 2.424e3 3.088e3 2.485e3 
   400.e3  321.4   391.5   501.7   1.025e3 1.217e3 1.560e3 1.029e3 847.5   960.7   957.2   1.744e3 2.138e3 1.995e3 1.907e3 2.086e3 1.641e3 494.1   1.171e3 1.480e3 1.490e3 2.291e3 2.094e3 2.234e3 1.732e3 1.651e3 1.813e3 1.655e3 1.709e3 1.635e3 1.540e3 1.653e3 2.129e3 2.459e3 2.154e3 739.6   1.082e3 2.707e3 2.709e3 2.749e3 2.148e3 3.195e3 3.007e3 2.713e3 1.926e3 1.678e3 2.557e3 2.526e3 2.348e3 1.943e3 3.231e3 2.855e3 2.314e3 3.035e3 882.7   3.503e3 3.602e3 3.705e3 3.072e3 2.763e3 2.879e3 2.907e3 2.554e3 2.466e3 3.658e3 2.898e3 2.448e3 1.986e3 2.081e3 2.656e3 2.015e3 2.343e3 2.023e3 2.593e3 2.413e3 2.141e3 1.354e3 1.591e3 2.186e3 2.038e3 1.579e3 1.828e3 2.814e3 2.740e3 3.531e3 3.575e3 3.432e3 3.974e3 3.816e3 2.592e3 2.504e3 3.190e3 2.567e3 
   450.e3  340.9   415.3   532.1   1.087e3 1.291e3 1.654e3 1.091e3 898.9   1.019e3 1.015e3 1.850e3 2.267e3 2.116e3 2.022e3 2.212e3 1.740e3 524.1   1.242e3 1.569e3 1.581e3 2.430e3 2.221e3 2.370e3 1.837e3 1.752e3 1.923e3 1.756e3 1.813e3 1.734e3 1.634e3 1.753e3 2.258e3 2.609e3 2.285e3 784.5   1.147e3 2.871e3 2.873e3 2.915e3 2.279e3 3.389e3 3.189e3 2.877e3 2.043e3 1.780e3 2.712e3 2.679e3 2.491e3 2.061e3 3.427e3 3.029e3 2.455e3 3.219e3 936.3   3.715e3 3.821e3 3.930e3 3.259e3 2.930e3 3.054e3 3.084e3 2.709e3 2.615e3 3.880e3 3.073e3 2.596e3 2.107e3 2.208e3 2.818e3 2.137e3 2.485e3 2.146e3 2.750e3 2.560e3 2.271e3 1.436e3 1.687e3 2.318e3 2.161e3 1.674e3 1.939e3 2.985e3 2.907e3 3.745e3 3.792e3 3.640e3 4.215e3 4.048e3 2.749e3 2.656e3 3.383e3 2.723e3 
   500.e3  374.1   450.0   551.2   1.217e3 1.553e3 1.777e3 1.199e3 993.9   1.072e3 1.142e3 2.018e3 2.498e3 2.410e3 2.291e3 2.401e3 1.905e3 746.4   1.415e3 1.717e3 1.746e3 2.674e3 2.546e3 2.592e3 2.095e3 1.851e3 2.048e3 1.903e3 2.010e3 1.864e3 1.833e3 1.945e3 2.508e3 2.852e3 2.492e3 808.6   1.326e3 3.159e3 3.160e3 3.167e3 2.470e3 3.651e3 3.479e3 3.155e3 2.273e3 2.028e3 3.005e3 2.995e3 2.732e3 2.474e3 3.578e3 3.307e3 2.734e3 3.532e3 1.083e3 4.120e3 4.197e3 4.371e3 3.595e3 3.240e3 3.345e3 3.379e3 3.042e3 2.885e3 4.146e3 3.392e3 2.820e3 2.334e3 2.403e3 3.111e3 2.452e3 2.641e3 2.317e3 2.968e3 2.808e3 2.566e3 1.573e3 1.919e3 2.617e3 2.376e3 1.857e3 2.148e3 3.373e3 3.201e3 4.152e3 4.256e3 4.001e3 4.667e3 4.511e3 3.082e3 2.961e3 3.800e3 2.986e3 
   550.e3  399.8   484.6   569.8   1.327e3 1.768e3 1.878e3 1.289e3 1.078e3 1.124e3 1.251e3 2.169e3 2.696e3 2.687e3 2.537e3 2.552e3 2.059e3 898.1   1.551e3 1.853e3 1.901e3 2.890e3 2.842e3 2.779e3 2.324e3 1.944e3 2.145e3 2.046e3 2.191e3 1.953e3 2.011e3 2.120e3 2.755e3 3.073e3 2.679e3 828.3   1.491e3 3.414e3 3.415e3 3.394e3 2.650e3 3.889e3 3.735e3 3.412e3 2.487e3 2.268e3 3.265e3 3.284e3 2.955e3 2.810e3 3.721e3 3.558e3 2.989e3 3.806e3 1.219e3 4.483e3 4.502e3 4.769e3 3.892e3 3.526e3 3.607e3 3.642e3 3.350e3 3.129e3 4.369e3 3.680e3 3.001e3 2.542e3 2.582e3 3.377e3 2.755e3 2.767e3 2.476e3 3.151e3 3.035e3 2.841e3 1.702e3 2.143e3 2.892e3 2.592e3 2.030e3 2.346e3 3.721e3 3.471e3 4.512e3 4.699e3 4.334e3 5.070e3 4.923e3 3.408e3 3.260e3 4.183e3 3.221e3 
   600.e3  416.1   514.8   592.1   1.404e3 1.899e3 1.957e3 1.354e3 1.141e3 1.175e3 1.328e3 2.289e3 2.842e3 2.901e3 2.719e3 2.661e3 2.188e3 954.6   1.634e3 1.965e3 2.028e3 3.057e3 3.061e3 2.918e3 2.486e3 2.034e3 2.218e3 2.173e3 2.333e3 2.007e3 2.142e3 2.255e3 2.964e3 3.253e3 2.830e3 851.7   1.612e3 3.609e3 3.611e3 3.577e3 2.806e3 4.091e3 3.938e3 3.621e3 2.658e3 2.453e3 3.461e3 3.505e3 3.136e3 3.013e3 3.873e3 3.760e3 3.186e3 4.017e3 1.323e3 4.760e3 4.721e3 5.076e3 4.118e3 3.754e3 3.818e3 3.850e3 3.588e3 3.321e3 4.552e3 3.905e3 3.134e3 2.708e3 2.732e3 3.586e3 2.995e3 2.872e3 2.615e3 3.293e3 3.219e3 3.055e3 1.811e3 2.322e3 3.103e3 2.779e3 2.173e3 2.510e3 3.978e3 3.691e3 4.783e3 5.057e3 4.607e3 5.377e3 5.232e3 3.682e3 3.511e3 4.475e3 3.405e3 
   650.e3  426.2   540.5   617.0   1.459e3 1.977e3 2.021e3 1.403e3 1.190e3 1.223e3 1.382e3 2.389e3 2.951e3 3.064e3 2.854e3 2.748e3 2.299e3 959.2   1.686e3 2.061e3 2.137e3 3.189e3 3.224e3 3.024e3 2.601e3 2.124e3 2.281e3 2.290e3 2.446e3 2.056e3 2.241e3 2.362e3 3.141e3 3.403e3 2.954e3 878.4   1.703e3 3.765e3 3.768e3 3.730e3 2.946e3 4.267e3 4.104e3 3.797e3 2.799e3 2.594e3 3.613e3 3.677e3 3.289e3 3.134e3 4.028e3 3.928e3 3.342e3 4.185e3 1.406e3 4.978e3 4.898e3 5.317e3 4.296e3 3.943e3 3.991e3 4.020e3 3.775e3 3.478e3 4.712e3 4.087e3 3.237e3 2.844e3 2.864e3 3.756e3 3.191e3 2.966e3 2.743e3 3.411e3 3.373e3 3.222e3 1.908e3 2.470e3 3.270e3 2.939e3 2.295e3 2.649e3 4.170e3 3.876e3 4.993e3 5.353e3 4.837e3 5.618e3 5.470e3 3.915e3 3.727e3 4.703e3 3.553e3 
   700.e3  432.4   562.1   643.1   1.498e3 2.025e3 2.075e3 1.442e3 1.230e3 1.266e3 1.419e3 2.473e3 3.035e3 3.191e3 2.953e3 2.828e3 2.397e3 939.2   1.720e3 2.144e3 2.233e3 3.296e3 3.350e3 3.108e3 2.686e3 2.212e3 2.351e3 2.397e3 2.539e3 2.117e3 2.318e3 2.449e3 3.290e3 3.530e3 3.060e3 907.4   1.774e3 3.891e3 3.898e3 3.860e3 3.077e3 4.424e3 4.243e3 3.948e3 2.919e3 2.696e3 3.736e3 3.814e3 3.419e3 3.206e3 4.181e3 4.071e3 3.471e3 4.323e3 1.476e3 5.156e3 5.056e3 5.513e3 4.441e3 4.102e3 4.138e3 4.164e3 3.924e3 3.609e3 4.855e3 4.235e3 3.320e3 2.958e3 2.984e3 3.897e3 3.354e3 3.053e3 2.862e3 3.513e3 3.506e3 3.357e3 1.995e3 2.594e3 3.406e3 3.076e3 2.403e3 2.771e3 4.317e3 4.037e3 5.161e3 5.601e3 5.039e3 5.813e3 5.657e3 4.119e3 3.916e3 4.885e3 3.677e3 
   800.e3  438.2   594.4   694.9   1.548e3 2.074e3 2.163e3 1.503e3 1.289e3 1.340e3 1.463e3 2.608e3 3.155e3 3.368e3 3.088e3 2.994e3 2.567e3 883.2   1.766e3 2.283e3 2.399e3 3.465e3 3.529e3 3.235e3 2.801e3 2.385e3 2.529e3 2.590e3 2.681e3 2.261e3 2.430e3 2.585e3 3.523e3 3.740e3 3.232e3 968.0   1.877e3 4.091e3 4.105e3 4.072e3 3.314e3 4.691e3 4.469e3 4.197e3 3.114e3 2.803e3 3.928e3 4.021e3 3.633e3 3.283e3 4.467e3 4.307e3 3.673e3 4.543e3 1.594e3 5.435e3 5.349e3 5.816e3 4.668e3 4.366e3 4.378e3 4.400e3 4.147e3 3.823e3 5.108e3 4.465e3 3.455e3 3.146e3 3.200e3 4.124e3 3.618e3 3.220e3 3.083e3 3.690e3 3.727e3 3.560e3 2.153e3 2.797e3 3.619e3 3.294e3 2.589e3 2.982e3 4.528e3 4.313e3 5.417e3 6.002e3 5.386e3 6.113e3 5.936e3 4.462e3 4.237e3 5.160e3 3.877e3 
   900.e3  440.5   616.0   741.8   1.580e3 2.103e3 2.235e3 1.552e3 1.333e3 1.396e3 1.484e3 2.715e3 3.239e3 3.480e3 3.177e3 3.167e3 2.713e3 846.5   1.808e3 2.402e3 2.545e3 3.596e3 3.658e3 3.333e3 2.880e3 2.548e3 2.729e3 2.759e3 2.787e3 2.398e3 2.512e3 2.690e3 3.689e3 3.911e3 3.370e3 1.029e3 1.953e3 4.248e3 4.273e3 4.242e3 3.530e3 4.916e3 4.652e3 4.399e3 3.276e3 2.828e3 4.080e3 4.174e3 3.808e3 3.336e3 4.718e3 4.500e3 3.833e3 4.719e3 1.702e3 5.656e3 5.615e3 6.051e3 4.848e3 4.582e3 4.572e3 4.596e3 4.310e3 3.998e3 5.329e3 4.635e3 3.571e3 3.300e3 3.399e3 4.307e3 3.831e3 3.380e3 3.287e3 3.848e3 3.913e3 3.711e3 2.298e3 2.964e3 3.788e3 3.458e3 2.751e3 3.166e3 4.675e3 4.553e3 5.613e3 6.321e3 5.687e3 6.344e3 6.143e3 4.750e3 4.509e3 5.367e3 4.039e3 
   1.00e6  442.3   630.4   781.6   1.605e3 2.132e3 2.297e3 1.597e3 1.372e3 1.438e3 1.496e3 2.806e3 3.307e3 3.557e3 3.247e3 3.336e3 2.846e3 841.6   1.859e3 2.508e3 2.679e3 3.708e3 3.764e3 3.419e3 2.947e3 2.703e3 2.918e3 2.912e3 2.876e3 2.517e3 2.583e3 2.779e3 3.810e3 4.059e3 3.490e3 1.088e3 2.017e3 4.384e3 4.422e3 4.387e3 3.733e3 5.111e3 4.810e3 4.575e3 3.418e3 2.853e3 4.216e3 4.301e3 3.958e3 3.396e3 4.936e3 4.670e3 3.973e3 4.874e3 1.809e3 5.850e3 5.855e3 6.251e3 5.005e3 4.774e3 4.741e3 4.772e3 4.443e3 4.153e3 5.528e3 4.766e3 3.683e3 3.436e3 3.587e3 4.466e3 4.018e3 3.540e3 3.479e3 3.996e3 4.077e3 3.837e3 2.437e3 3.110e3 3.937e3 3.589e3 2.900e3 3.334e3 4.792e3 4.773e3 5.782e3 6.595e3 5.962e3 6.541e3 6.315e3 5.005e3 4.750e3 5.540e3 4.183e3 
   1.10e6  444.9   640.6   814.0   1.628e3 2.167e3 2.355e3 1.640e3 1.407e3 1.469e3 1.504e3 2.887e3 3.367e3 3.616e3 3.309e3 3.496e3 2.971e3 866.3   1.920e3 2.607e3 2.808e3 3.811e3 3.862e3 3.501e3 3.014e3 2.850e3 3.089e3 3.053e3 2.954e3 2.623e3 2.649e3 2.860e3 3.908e3 4.194e3 3.600e3 1.146e3 2.078e3 4.510e3 4.561e3 4.519e3 3.927e3 5.287e3 4.956e3 4.735e3 3.552e3 2.939e3 4.345e3 4.416e3 4.095e3 3.473e3 5.125e3 4.827e3 4.104e3 5.019e3 1.920e3 6.032e3 6.077e3 6.435e3 5.153e3 4.952e3 4.897e3 4.937e3 4.560e3 4.298e3 5.711e3 4.874e3 3.796e3 3.562e3 3.768e3 4.612e3 4.190e3 3.699e3 3.661e3 4.141e3 4.230e3 3.951e3 2.572e3 3.245e3 4.076e3 3.700e3 3.041e3 3.494e3 4.895e3 4.984e3 5.938e3 6.842e3 6.223e3 6.721e3 6.473e3 5.240e3 4.974e3 5.698e3 4.317e3 
   1.20e6  448.7   648.2   840.4   1.653e3 2.209e3 2.409e3 1.684e3 1.441e3 1.493e3 1.512e3 2.963e3 3.425e3 3.665e3 3.368e3 3.647e3 3.093e3 914.6   1.993e3 2.703e3 2.933e3 3.909e3 3.957e3 3.582e3 3.086e3 2.990e3 3.245e3 3.185e3 3.029e3 2.721e3 2.716e3 2.937e3 3.999e3 4.323e3 3.704e3 1.202e3 2.138e3 4.631e3 4.697e3 4.642e3 4.114e3 5.452e3 5.095e3 4.886e3 3.680e3 3.083e3 4.474e3 4.526e3 4.223e3 3.568e3 5.292e3 4.978e3 4.231e3 5.159e3 2.036e3 6.210e3 6.287e3 6.612e3 5.298e3 5.122e3 5.045e3 5.098e3 4.670e3 4.438e3 5.882e3 4.969e3 3.912e3 3.682e3 3.946e3 4.751e3 4.354e3 3.860e3 3.838e3 4.284e3 4.377e3 4.060e3 2.706e3 3.375e3 4.212e3 3.800e3 3.178e3 3.649e3 4.994e3 5.190e3 6.091e3 7.074e3 6.476e3 6.895e3 6.624e3 5.464e3 5.187e3 5.850e3 4.447e3 
   1.30e6  453.8   654.6   863.5   1.680e3 2.256e3 2.461e3 1.727e3 1.476e3 1.513e3 1.520e3 3.036e3 3.483e3 3.710e3 3.426e3 3.791e3 3.213e3 980.6   2.075e3 2.797e3 3.057e3 4.005e3 4.054e3 3.665e3 3.164e3 3.126e3 3.390e3 3.310e3 3.102e3 2.815e3 2.785e3 3.013e3 4.093e3 4.447e3 3.805e3 1.257e3 2.200e3 4.750e3 4.832e3 4.761e3 4.298e3 5.608e3 5.230e3 5.032e3 3.807e3 3.254e3 4.605e3 4.635e3 4.347e3 3.678e3 5.443e3 5.125e3 4.358e3 5.299e3 2.157e3 6.389e3 6.492e3 6.787e3 5.444e3 5.289e3 5.190e3 5.258e3 4.778e3 4.577e3 6.043e3 5.060e3 4.034e3 3.801e3 4.121e3 4.886e3 4.515e3 4.021e3 4.010e3 4.427e3 4.520e3 4.169e3 2.840e3 3.502e3 4.348e3 3.895e3 3.312e3 3.802e3 5.092e3 5.393e3 6.243e3 7.299e3 6.725e3 7.067e3 6.775e3 5.682e3 5.393e3 6.002e3 4.576e3 
   1.40e6  460.1   660.4   886.2   1.709e3 2.308e3 2.512e3 1.771e3 1.512e3 1.530e3 1.531e3 3.108e3 3.543e3 3.753e3 3.486e3 3.929e3 3.332e3 1.059e3 2.166e3 2.891e3 3.180e3 4.101e3 4.154e3 3.750e3 3.250e3 3.258e3 3.527e3 3.431e3 3.176e3 2.907e3 2.857e3 3.090e3 4.194e3 4.570e3 3.905e3 1.312e3 2.264e3 4.870e3 4.969e3 4.879e3 4.478e3 5.760e3 5.365e3 5.176e3 3.933e3 3.432e3 4.739e3 4.745e3 4.469e3 3.801e3 5.581e3 5.272e3 4.487e3 5.438e3 2.283e3 6.571e3 6.693e3 6.963e3 5.592e3 5.455e3 5.334e3 5.419e3 4.886e3 4.716e3 6.196e3 5.154e3 4.159e3 3.918e3 4.295e3 5.020e3 4.674e3 4.183e3 4.178e3 4.570e3 4.661e3 4.280e3 2.974e3 3.628e3 4.486e3 3.988e3 3.446e3 3.953e3 5.191e3 5.596e3 6.397e3 7.519e3 6.972e3 7.240e3 6.928e3 5.897e3 5.597e3 6.155e3 4.706e3 
   1.50e6  467.4   666.2   910.8   1.740e3 2.362e3 2.562e3 1.815e3 1.549e3 1.544e3 1.544e3 3.179e3 3.603e3 3.797e3 3.546e3 4.063e3 3.452e3 1.147e3 2.262e3 2.986e3 3.303e3 4.198e3 4.256e3 3.838e3 3.342e3 3.387e3 3.657e3 3.549e3 3.251e3 2.997e3 2.933e3 3.166e3 4.302e3 4.692e3 4.005e3 1.366e3 2.330e3 4.991e3 5.106e3 4.996e3 4.657e3 5.909e3 5.500e3 5.318e3 4.059e3 3.607e3 4.876e3 4.858e3 4.590e3 3.933e3 5.709e3 5.419e3 4.618e3 5.578e3 2.413e3 6.755e3 6.893e3 7.141e3 5.743e3 5.620e3 5.478e3 5.582e3 4.996e3 4.855e3 6.343e3 5.254e3 4.288e3 4.036e3 4.467e3 5.154e3 4.831e3 4.346e3 4.344e3 4.713e3 4.800e3 4.393e3 3.108e3 3.754e3 4.625e3 4.080e3 3.578e3 4.103e3 5.293e3 5.798e3 6.554e3 7.737e3 7.218e3 7.415e3 7.083e3 6.110e3 5.798e3 6.311e3 4.837e3 
   1.60e6  475.7   672.3   938.6   1.774e3 2.418e3 2.611e3 1.860e3 1.587e3 1.558e3 1.559e3 3.250e3 3.665e3 3.842e3 3.608e3 4.194e3 3.572e3 1.241e3 2.364e3 3.080e3 3.427e3 4.295e3 4.361e3 3.929e3 3.441e3 3.513e3 3.782e3 3.663e3 3.328e3 3.087e3 3.011e3 3.244e3 4.415e3 4.814e3 4.105e3 1.419e3 2.398e3 5.112e3 5.246e3 5.113e3 4.833e3 6.055e3 5.635e3 5.460e3 4.186e3 3.777e3 5.016e3 4.973e3 4.710e3 4.072e3 5.831e3 5.566e3 4.751e3 5.719e3 2.547e3 6.942e3 7.093e3 7.321e3 5.897e3 5.785e3 5.623e3 5.745e3 5.109e3 4.995e3 6.485e3 5.364e3 4.421e3 4.153e3 4.639e3 5.287e3 4.989e3 4.510e3 4.507e3 4.856e3 4.940e3 4.510e3 3.243e3 3.879e3 4.766e3 4.174e3 3.710e3 4.253e3 5.397e3 6.001e3 6.713e3 7.953e3 7.463e3 7.592e3 7.242e3 6.322e3 5.999e3 6.470e3 4.969e3 
   1.70e6  484.6   678.7   969.6   1.809e3 2.474e3 2.659e3 1.904e3 1.625e3 1.572e3 1.576e3 3.321e3 3.729e3 3.888e3 3.672e3 4.323e3 3.693e3 1.338e3 2.470e3 3.175e3 3.550e3 4.392e3 4.469e3 4.022e3 3.546e3 3.637e3 3.903e3 3.775e3 3.406e3 3.177e3 3.092e3 3.322e3 4.531e3 4.936e3 4.205e3 1.473e3 2.468e3 5.235e3 5.387e3 5.230e3 5.008e3 6.200e3 5.770e3 5.602e3 4.314e3 3.943e3 5.158e3 5.091e3 4.829e3 4.217e3 5.947e3 5.714e3 4.887e3 5.861e3 2.684e3 7.132e3 7.294e3 7.503e3 6.053e3 5.951e3 5.769e3 5.911e3 5.223e3 5.136e3 6.622e3 5.484e3 4.557e3 4.270e3 4.809e3 5.421e3 5.145e3 4.673e3 4.668e3 4.998e3 5.078e3 4.629e3 3.379e3 4.005e3 4.909e3 4.270e3 3.842e3 4.402e3 5.504e3 6.204e3 6.875e3 8.169e3 7.707e3 7.770e3 7.403e3 6.534e3 6.198e3 6.632e3 5.103e3 
   1.80e6  494.1   685.7   1.003e3 1.846e3 2.530e3 2.705e3 1.948e3 1.665e3 1.585e3 1.594e3 3.392e3 3.793e3 3.936e3 3.737e3 4.449e3 3.814e3 1.438e3 2.579e3 3.271e3 3.672e3 4.490e3 4.578e3 4.116e3 3.656e3 3.758e3 4.021e3 3.886e3 3.487e3 3.266e3 3.175e3 3.401e3 4.648e3 5.057e3 4.305e3 1.526e3 2.540e3 5.359e3 5.529e3 5.347e3 5.181e3 6.343e3 5.906e3 5.743e3 4.441e3 4.103e3 5.302e3 5.210e3 4.949e3 4.364e3 6.059e3 5.863e3 5.024e3 6.003e3 2.824e3 7.324e3 7.494e3 7.686e3 6.212e3 6.117e3 5.916e3 6.078e3 5.339e3 5.278e3 6.755e3 5.614e3 4.695e3 4.388e3 4.978e3 5.554e3 5.302e3 4.837e3 4.827e3 5.141e3 5.216e3 4.751e3 3.515e3 4.130e3 5.053e3 4.368e3 3.973e3 4.550e3 5.612e3 6.407e3 7.038e3 8.384e3 7.950e3 7.950e3 7.566e3 6.746e3 6.397e3 6.796e3 5.238e3 
   2.00e6  514.2   701.2   1.076e3 1.923e3 2.638e3 2.795e3 2.034e3 1.746e3 1.613e3 1.636e3 3.533e3 3.924e3 4.036e3 3.872e3 4.695e3 4.058e3 1.641e3 2.803e3 3.463e3 3.917e3 4.685e3 4.800e3 4.308e3 3.887e3 3.996e3 4.248e3 4.101e3 3.651e3 3.444e3 3.348e3 3.559e3 4.881e3 5.300e3 4.506e3 1.632e3 2.688e3 5.607e3 5.816e3 5.583e3 5.521e3 6.626e3 6.177e3 6.025e3 4.697e3 4.414e3 5.593e3 5.454e3 5.187e3 4.664e3 6.273e3 6.163e3 5.304e3 6.289e3 3.109e3 7.711e3 7.895e3 8.056e3 6.534e3 6.448e3 6.213e3 6.414e3 5.577e3 5.563e3 7.012e3 5.899e3 4.974e3 4.623e3 5.313e3 5.818e3 5.612e3 5.161e3 5.139e3 5.422e3 5.490e3 5.001e3 3.787e3 4.381e3 5.344e3 4.570e3 4.232e3 4.845e3 5.833e3 6.810e3 7.368e3 8.810e3 8.431e3 8.311e3 7.897e3 7.168e3 6.792e3 7.130e3 5.510e3 
   2.25e6  540.5   723.4   1.170e3 2.022e3 2.764e3 2.900e3 2.137e3 1.849e3 1.651e3 1.694e3 3.707e3 4.089e3 4.168e3 4.046e3 4.992e3 4.364e3 1.892e3 3.091e3 3.704e3 4.218e3 4.928e3 5.079e3 4.552e3 4.194e3 4.282e3 4.517e3 4.359e3 3.862e3 3.662e3 3.569e3 3.756e3 5.163e3 5.601e3 4.756e3 1.765e3 2.878e3 5.917e3 6.175e3 5.878e3 5.934e3 6.972e3 6.514e3 6.374e3 5.015e3 4.788e3 5.958e3 5.764e3 5.481e3 5.038e3 6.526e3 6.536e3 5.658e3 6.642e3 3.473e3 8.195e3 8.394e3 8.518e3 6.940e3 6.859e3 6.586e3 6.835e3 5.880e3 5.919e3 7.318e3 6.287e3 5.326e3 4.914e3 5.721e3 6.144e3 5.994e3 5.560e3 5.518e3 5.765e3 5.826e3 5.322e3 4.126e3 4.690e3 5.707e3 4.833e3 4.551e3 5.208e3 6.114e3 7.307e3 7.781e3 9.333e3 9.021e3 8.760e3 8.314e3 7.690e3 7.279e3 7.552e3 5.851e3 
   2.50e6  566.9   748.3   1.264e3 2.122e3 2.879e3 2.995e3 2.234e3 1.954e3 1.693e3 1.758e3 3.879e3 4.251e3 4.303e3 4.224e3 5.278e3 4.669e3 2.135e3 3.379e3 3.944e3 4.511e3 5.165e3 5.355e3 4.794e3 4.511e3 4.555e3 4.772e3 4.607e3 4.076e3 3.876e3 3.793e3 3.951e3 5.432e3 5.896e3 5.002e3 1.897e3 3.070e3 6.222e3 6.531e3 6.169e3 6.331e3 7.308e3 6.845e3 6.717e3 5.329e3 5.147e3 6.317e3 6.073e3 5.769e3 5.401e3 6.769e3 6.906e3 6.014e3 6.989e3 3.840e3 8.673e3 8.884e3 8.973e3 7.345e3 7.263e3 6.959e3 7.252e3 6.185e3 6.271e3 7.611e3 6.694e3 5.676e3 5.200e3 6.115e3 6.460e3 6.365e3 5.946e3 5.884e3 6.096e3 6.152e3 5.646e3 4.460e3 4.994e3 6.065e3 5.103e3 4.861e3 5.560e3 6.395e3 7.792e3 8.188e3 9.840e3 9.593e3 9.201e3 8.727e3 8.203e3 7.755e3 7.973e3 6.191e3 
   2.75e6  592.7   775.3   1.354e3 2.221e3 2.982e3 3.081e3 2.324e3 2.057e3 1.739e3 1.824e3 4.045e3 4.408e3 4.440e3 4.403e3 5.550e3 4.969e3 2.365e3 3.664e3 4.180e3 4.795e3 5.396e3 5.624e3 5.032e3 4.832e3 4.815e3 5.013e3 4.843e3 4.290e3 4.083e3 4.016e3 4.141e3 5.686e3 6.183e3 5.241e3 2.030e3 3.263e3 6.520e3 6.879e3 6.454e3 6.712e3 7.633e3 7.167e3 7.051e3 5.636e3 5.493e3 6.664e3 6.378e3 6.050e3 5.749e3 7.002e3 7.268e3 6.367e3 7.324e3 4.204e3 9.137e3 9.362e3 9.417e3 7.745e3 7.658e3 7.326e3 7.662e3 6.489e3 6.615e3 7.889e3 7.105e3 6.019e3 5.479e3 6.493e3 6.765e3 6.724e3 6.317e3 6.235e3 6.412e3 6.466e3 5.968e3 4.788e3 5.288e3 6.415e3 5.378e3 5.161e3 5.900e3 6.673e3 8.262e3 8.586e3 10.33e3 10.14e3 9.629e3 9.132e3 8.703e3 8.218e3 8.388e3 6.526e3 
   3.00e6  617.2   803.8   1.440e3 2.317e3 3.076e3 3.159e3 2.407e3 2.159e3 1.789e3 1.892e3 4.205e3 4.558e3 4.576e3 4.581e3 5.810e3 5.264e3 2.583e3 3.943e3 4.412e3 5.067e3 5.617e3 5.882e3 5.263e3 5.154e3 5.061e3 5.240e3 5.067e3 4.503e3 4.283e3 4.236e3 4.324e3 5.926e3 6.459e3 5.474e3 2.161e3 3.454e3 6.808e3 7.218e3 6.732e3 7.074e3 7.943e3 7.478e3 7.374e3 5.935e3 5.826e3 6.995e3 6.675e3 6.322e3 6.078e3 7.229e3 7.621e3 6.714e3 7.647e3 4.565e3 9.585e3 9.824e3 9.846e3 8.136e3 8.040e3 7.687e3 8.060e3 6.788e3 6.950e3 8.152e3 7.514e3 6.351e3 5.750e3 6.855e3 7.058e3 7.069e3 6.671e3 6.572e3 6.711e3 6.767e3 6.286e3 5.108e3 5.572e3 6.753e3 5.655e3 5.449e3 6.227e3 6.946e3 8.713e3 8.970e3 10.79e3 10.67e3 10.04e3 9.525e3 9.188e3 8.665e3 8.793e3 6.853e3 
   3.25e6  640.3   833.3   1.523e3 2.409e3 3.161e3 3.231e3 2.482e3 2.258e3 1.842e3 1.961e3 4.360e3 4.701e3 4.711e3 4.757e3 6.056e3 5.551e3 2.787e3 4.212e3 4.638e3 5.328e3 5.829e3 6.130e3 5.487e3 5.471e3 5.292e3 5.455e3 5.279e3 4.711e3 4.474e3 4.450e3 4.500e3 6.150e3 6.723e3 5.697e3 2.292e3 3.644e3 7.085e3 7.546e3 7.002e3 7.418e3 8.240e3 7.776e3 7.685e3 6.223e3 6.146e3 7.308e3 6.964e3 6.583e3 6.387e3 7.448e3 7.963e3 7.053e3 7.957e3 4.919e3 10.01e3 10.27e3 10.26e3 8.516e3 8.409e3 8.039e3 8.446e3 7.080e3 7.273e3 8.400e3 7.914e3 6.673e3 6.011e3 7.198e3 7.337e3 7.400e3 7.007e3 6.893e3 6.995e3 7.055e3 6.597e3 5.417e3 5.845e3 7.079e3 5.930e3 5.725e3 6.540e3 7.211e3 9.145e3 9.340e3 11.23e3 11.17e3 10.43e3 9.905e3 9.656e3 9.094e3 9.185e3 7.173e3 
   3.50e6  661.8   863.1   1.601e3 2.497e3 3.238e3 3.298e3 2.551e3 2.355e3 1.898e3 2.029e3 4.507e3 4.836e3 4.843e3 4.930e3 6.288e3 5.831e3 2.977e3 4.469e3 4.857e3 5.576e3 6.030e3 6.365e3 5.701e3 5.781e3 5.510e3 5.657e3 5.479e3 4.915e3 4.657e3 4.658e3 4.669e3 6.362e3 6.976e3 5.912e3 2.422e3 3.831e3 7.351e3 7.862e3 7.262e3 7.743e3 8.520e3 8.062e3 7.985e3 6.501e3 6.452e3 7.600e3 7.242e3 6.834e3 6.675e3 7.662e3 8.292e3 7.384e3 8.251e3 5.264e3 10.42e3 10.70e3 10.65e3 8.883e3 8.764e3 8.381e3 8.818e3 7.365e3 7.583e3 8.633e3 8.304e3 6.981e3 6.262e3 7.524e3 7.602e3 7.715e3 7.325e3 7.200e3 7.262e3 7.328e3 6.898e3 5.717e3 6.105e3 7.390e3 6.202e3 5.987e3 6.839e3 7.469e3 9.556e3 9.693e3 11.65e3 11.64e3 10.81e3 10.27e3 10.11e3 9.506e3 9.563e3 7.483e3 
   3.75e6  681.6   892.9   1.676e3 2.580e3 3.309e3 3.361e3 2.612e3 2.448e3 1.957e3 2.097e3 4.648e3 4.963e3 4.972e3 5.099e3 6.508e3 6.101e3 3.153e3 4.713e3 5.070e3 5.811e3 6.222e3 6.587e3 5.906e3 6.083e3 5.713e3 5.847e3 5.668e3 5.112e3 4.831e3 4.859e3 4.830e3 6.560e3 7.216e3 6.118e3 2.551e3 4.014e3 7.605e3 8.165e3 7.513e3 8.050e3 8.785e3 8.335e3 8.271e3 6.768e3 6.745e3 7.871e3 7.508e3 7.075e3 6.943e3 7.870e3 8.609e3 7.704e3 8.532e3 5.601e3 10.81e3 11.10e3 11.03e3 9.238e3 9.105e3 8.711e3 9.175e3 7.640e3 7.881e3 8.851e3 8.680e3 7.276e3 6.503e3 7.832e3 7.853e3 8.015e3 7.625e3 7.492e3 7.513e3 7.587e3 7.189e3 6.005e3 6.353e3 7.686e3 6.470e3 6.238e3 7.123e3 7.718e3 9.947e3 10.03e3 12.04e3 12.09e3 11.16e3 10.62e3 10.54e3 9.899e3 9.927e3 7.784e3 
   4.00e6  699.8   922.4   1.747e3 2.658e3 3.374e3 3.420e3 2.668e3 2.539e3 2.017e3 2.164e3 4.782e3 5.083e3 5.098e3 5.263e3 6.714e3 6.362e3 3.316e3 4.943e3 5.275e3 6.033e3 6.403e3 6.798e3 6.102e3 6.374e3 5.903e3 6.025e3 5.844e3 5.303e3 4.996e3 5.051e3 4.983e3 6.746e3 7.443e3 6.314e3 2.680e3 4.194e3 7.848e3 8.455e3 7.754e3 8.340e3 9.035e3 8.596e3 8.545e3 7.024e3 7.025e3 8.121e3 7.763e3 7.305e3 7.192e3 8.072e3 8.912e3 8.013e3 8.798e3 5.929e3 11.18e3 11.49e3 11.38e3 9.580e3 9.431e3 9.029e3 9.516e3 7.907e3 8.165e3 9.054e3 9.043e3 7.558e3 6.735e3 8.122e3 8.091e3 8.300e3 7.906e3 7.770e3 7.749e3 7.833e3 7.468e3 6.283e3 6.588e3 7.968e3 6.731e3 6.475e3 7.392e3 7.959e3 10.32e3 10.35e3 12.40e3 12.51e3 11.50e3 10.96e3 10.95e3 10.27e3 10.27e3 8.076e3 
   4.50e6  731.5   979.3   1.879e3 2.802e3 3.488e3 3.532e3 2.764e3 2.709e3 2.142e3 2.294e3 5.030e3 5.298e3 5.335e3 5.576e3 7.091e3 6.854e3 3.602e3 5.354e3 5.665e3 6.442e3 6.738e3 7.182e3 6.465e3 6.921e3 6.244e3 6.351e3 6.164e3 5.664e3 5.302e3 5.413e3 5.266e3 7.084e3 7.862e3 6.679e3 2.933e3 4.544e3 8.300e3 8.998e3 8.207e3 8.870e3 9.486e3 9.079e3 9.055e3 7.504e3 7.546e3 8.558e3 8.238e3 7.734e3 7.637e3 8.462e3 9.478e3 8.597e3 9.290e3 6.554e3 11.85e3 12.21e3 12.04e3 10.22e3 10.04e3 9.627e3 10.15e3 8.411e3 8.691e3 9.421e3 9.728e3 8.082e3 7.169e3 8.653e3 8.530e3 8.828e3 8.419e3 8.286e3 8.178e3 8.286e3 7.990e3 6.804e3 7.022e3 8.490e3 7.234e3 6.915e3 7.891e3 8.417e3 11.00e3 10.94e3 13.06e3 13.29e3 12.11e3 11.58e3 11.72e3 10.97e3 10.93e3 8.631e3 
   5.00e6  757.4   1.032e3 1.999e3 2.927e3 3.584e3 3.636e3 2.843e3 2.867e3 2.270e3 2.418e3 5.254e3 5.487e3 5.556e3 5.867e3 7.422e3 7.308e3 3.839e3 5.697e3 6.026e3 6.806e3 7.037e3 7.523e3 6.794e3 7.418e3 6.537e3 6.640e3 6.441e3 5.997e3 5.577e3 5.742e3 5.522e3 7.383e3 8.235e3 7.010e3 3.184e3 4.879e3 8.711e3 9.494e3 8.624e3 9.339e3 9.878e3 9.515e3 9.519e3 7.943e3 8.018e3 8.920e3 8.667e3 8.124e3 8.017e3 8.831e3 9.993e3 9.135e3 9.732e3 7.139e3 12.45e3 12.86e3 12.63e3 10.82e3 10.60e3 10.17e3 10.73e3 8.879e3 9.164e3 9.739e3 10.36e3 8.556e3 7.567e3 9.123e3 8.922e3 9.305e3 8.869e3 8.754e3 8.557e3 8.692e3 8.463e3 7.283e3 7.410e3 8.958e3 7.707e3 7.312e3 8.339e3 8.842e3 11.61e3 11.48e3 13.63e3 13.97e3 12.66e3 12.15e3 12.41e3 11.60e3 11.52e3 9.151e3 
   5.50e6  778.6   1.081e3 2.107e3 3.037e3 3.666e3 3.732e3 2.907e3 3.012e3 2.399e3 2.535e3 5.455e3 5.650e3 5.758e3 6.137e3 7.713e3 7.725e3 4.032e3 5.972e3 6.360e3 7.128e3 7.304e3 7.824e3 7.092e3 7.864e3 6.790e3 6.895e3 6.679e3 6.300e3 5.825e3 6.041e3 5.753e3 7.647e3 8.566e3 7.310e3 3.431e3 5.200e3 9.083e3 9.946e3 9.006e3 9.756e3 10.22e3 9.910e3 9.940e3 8.345e3 8.445e3 9.217e3 9.055e3 8.479e3 8.342e3 9.183e3 10.46e3 9.628e3 10.13e3 7.688e3 12.99e3 13.45e3 13.16e3 11.36e3 11.10e3 10.66e3 11.25e3 9.311e3 9.585e3 10.02e3 10.93e3 8.986e3 7.932e3 9.539e3 9.274e3 9.736e3 9.264e3 9.178e3 8.892e3 9.057e3 8.889e3 7.720e3 7.755e3 9.377e3 8.149e3 7.669e3 8.743e3 9.239e3 12.15e3 11.96e3 14.12e3 14.57e3 13.15e3 12.67e3 13.04e3 12.17e3 12.06e3 9.640e3 
   6.00e6  795.7   1.125e3 2.205e3 3.133e3 3.735e3 3.821e3 2.960e3 3.145e3 2.527e3 2.645e3 5.636e3 5.793e3 5.944e3 6.386e3 7.967e3 8.105e3 4.190e3 6.185e3 6.670e3 7.415e3 7.543e3 8.092e3 7.361e3 8.261e3 7.007e3 7.123e3 6.884e3 6.575e3 6.049e3 6.312e3 5.961e3 7.882e3 8.858e3 7.582e3 3.675e3 5.509e3 9.423e3 10.36e3 9.358e3 10.13e3 10.51e3 10.27e3 10.32e3 8.713e3 8.832e3 9.461e3 9.406e3 8.803e3 8.621e3 9.516e3 10.88e3 10.08e3 10.49e3 8.203e3 13.46e3 13.97e3 13.63e3 11.87e3 11.57e3 11.10e3 11.72e3 9.710e3 9.958e3 10.26e3 11.46e3 9.374e3 8.268e3 9.906e3 9.590e3 10.13e3 9.611e3 9.565e3 9.190e3 9.384e3 9.271e3 8.120e3 8.062e3 9.753e3 8.560e3 7.992e3 9.107e3 9.609e3 12.62e3 12.39e3 14.54e3 15.11e3 13.59e3 13.15e3 13.61e3 12.69e3 12.55e3 10.10e3 
   6.50e6  809.7   1.167e3 2.294e3 3.216e3 3.795e3 3.904e3 3.005e3 3.269e3 2.653e3 2.749e3 5.799e3 5.918e3 6.114e3 6.615e3 8.190e3 8.453e3 4.321e3 6.346e3 6.956e3 7.670e3 7.759e3 8.330e3 7.605e3 8.612e3 7.195e3 7.326e3 7.060e3 6.824e3 6.251e3 6.557e3 6.151e3 8.092e3 9.117e3 7.828e3 3.916e3 5.807e3 9.733e3 10.73e3 9.682e3 10.46e3 10.76e3 10.59e3 10.67e3 9.050e3 9.182e3 9.666e3 9.723e3 9.098e3 8.861e3 9.833e3 11.26e3 10.49e3 10.82e3 8.686e3 13.89e3 14.45e3 14.05e3 12.33e3 11.99e3 11.49e3 12.15e3 10.08e3 10.29e3 10.48e3 11.95e3 9.728e3 8.578e3 10.23e3 9.876e3 10.48e3 9.917e3 9.917e3 9.457e3 9.681e3 9.614e3 8.485e3 8.336e3 10.09e3 8.942e3 8.285e3 9.437e3 9.956e3 13.05e3 12.79e3 14.90e3 15.58e3 13.98e3 13.59e3 14.13e3 13.16e3 13.00e3 10.53e3 
   7.00e6  821.2   1.205e3 2.375e3 3.289e3 3.847e3 3.980e3 3.044e3 3.384e3 2.777e3 2.846e3 5.946e3 6.027e3 6.269e3 6.824e3 8.385e3 8.770e3 4.434e3 6.466e3 7.222e3 7.898e3 7.953e3 8.544e3 7.828e3 8.921e3 7.359e3 7.509e3 7.212e3 7.048e3 6.434e3 6.779e3 6.323e3 8.281e3 9.347e3 8.052e3 4.154e3 6.095e3 10.02e3 11.08e3 9.981e3 10.76e3 10.98e3 10.89e3 10.99e3 9.360e3 9.501e3 9.841e3 10.01e3 9.369e3 9.069e3 10.13e3 11.60e3 10.86e3 11.12e3 9.142e3 14.27e3 14.87e3 14.43e3 12.76e3 12.38e3 11.84e3 12.53e3 10.42e3 10.58e3 10.67e3 12.39e3 10.05e3 8.864e3 10.52e3 10.14e3 10.81e3 10.19e3 10.24e3 9.697e3 9.950e3 9.922e3 8.819e3 8.580e3 10.40e3 9.297e3 8.552e3 9.737e3 10.28e3 13.43e3 13.14e3 15.20e3 16.00e3 14.33e3 14.00e3 14.61e3 13.59e3 13.41e3 10.95e3 
   8.00e6  839.0   1.278e3 2.516e3 3.408e3 3.935e3 4.115e3 3.110e3 3.590e3 3.013e3 3.024e3 6.199e3 6.209e3 6.541e3 7.193e3 8.706e3 9.321e3 4.638e3 6.638e3 7.699e3 8.286e3 8.290e3 8.911e3 8.221e3 9.431e3 7.635e3 7.824e3 7.462e3 7.435e3 6.755e3 7.163e3 6.627e3 8.606e3 9.732e3 8.444e3 4.621e3 6.644e3 10.52e3 11.69e3 10.52e3 11.27e3 11.36e3 11.41e3 11.54e3 9.911e3 10.06e3 10.13e3 10.51e3 9.849e3 9.412e3 10.69e3 12.19e3 11.51e3 11.64e3 9.983e3 14.93e3 15.61e3 15.07e3 13.54e3 13.05e3 12.41e3 13.20e3 11.05e3 11.06e3 11.01e3 13.18e3 10.62e3 9.378e3 11.02e3 10.59e3 11.39e3 10.64e3 10.81e3 10.12e3 10.42e3 10.45e3 9.405e3 8.998e3 10.92e3 9.935e3 9.024e3 10.26e3 10.88e3 14.07e3 13.77e3 15.69e3 16.71e3 14.94e3 14.72e3 15.44e3 14.35e3 14.14e3 11.71e3 
   9.00e6  852.8   1.346e3 2.634e3 3.501e3 4.008e3 4.232e3 3.166e3 3.772e3 3.235e3 3.185e3 6.409e3 6.355e3 6.771e3 7.505e3 8.955e3 9.781e3 4.850e3 6.781e3 8.116e3 8.604e3 8.575e3 9.219e3 8.559e3 9.828e3 7.865e3 8.089e3 7.664e3 7.751e3 7.028e3 7.483e3 6.890e3 8.879e3 10.04e3 8.776e3 5.079e3 7.165e3 10.96e3 12.21e3 10.99e3 11.71e3 11.69e3 11.86e3 12.02e3 10.39e3 10.52e3 10.39e3 10.94e3 10.26e3 9.689e3 11.20e3 12.67e3 12.05e3 12.10e3 10.75e3 15.49e3 16.23e3 15.61e3 14.23e3 13.63e3 12.84e3 13.76e3 11.60e3 11.44e3 11.30e3 13.85e3 11.11e3 9.829e3 11.42e3 10.98e3 11.89e3 11.01e3 11.31e3 10.48e3 10.83e3 10.89e3 9.901e3 9.345e3 11.37e3 10.49e3 9.432e3 10.72e3 11.42e3 14.60e3 14.30e3 16.04e3 17.29e3 15.46e3 15.37e3 16.15e3 15.00e3 14.77e3 12.42e3 
   10.0e6  865.1   1.413e3 2.734e3 3.575e3 4.072e3 4.334e3 3.220e3 3.935e3 3.443e3 3.333e3 6.586e3 6.476e3 6.966e3 7.771e3 9.152e3 10.17e3 5.092e3 6.938e3 8.486e3 8.873e3 8.822e3 9.486e3 8.857e3 10.14e3 8.066e3 8.319e3 7.841e3 8.015e3 7.268e3 7.753e3 7.123e3 9.117e3 10.29e3 9.065e3 5.529e3 7.662e3 11.36e3 12.67e3 11.41e3 12.09e3 11.99e3 12.25e3 12.43e3 10.81e3 10.93e3 10.62e3 11.30e3 10.63e3 9.928e3 11.67e3 13.07e3 12.51e3 12.51e3 11.45e3 15.96e3 16.75e3 16.07e3 14.84e3 14.14e3 13.18e3 14.25e3 12.09e3 11.75e3 11.56e3 14.43e3 11.55e3 10.23e3 11.77e3 11.32e3 12.33e3 11.32e3 11.75e3 10.80e3 11.19e3 11.27e3 10.33e3 9.645e3 11.75e3 10.99e3 9.794e3 11.12e3 11.92e3 15.03e3 14.77e3 16.32e3 17.77e3 15.91e3 15.96e3 16.77e3 15.56e3 15.34e3 13.09e3 
   11.0e6  877.6   1.478e3 2.821e3 3.638e3 4.132e3 4.427e3 3.275e3 4.086e3 3.638e3 3.473e3 6.740e3 6.583e3 7.137e3 8.001e3 9.311e3 10.49e3 5.369e3 7.127e3 8.820e3 9.106e3 9.043e3 9.726e3 9.129e3 10.40e3 8.253e3 8.525e3 8.007e3 8.242e3 7.484e3 7.986e3 7.336e3 9.329e3 10.51e3 9.322e3 5.971e3 8.141e3 11.72e3 13.08e3 11.79e3 12.43e3 12.28e3 12.61e3 12.80e3 11.19e3 11.28e3 10.85e3 11.63e3 10.97e3 10.15e3 12.11e3 13.40e3 12.90e3 12.89e3 12.11e3 16.37e3 17.21e3 16.47e3 15.40e3 14.58e3 13.46e3 14.68e3 12.55e3 12.01e3 11.81e3 14.94e3 11.94e3 10.60e3 12.07e3 11.63e3 12.74e3 11.59e3 12.15e3 11.09e3 11.52e3 11.61e3 10.70e3 9.914e3 12.09e3 11.44e3 10.13e3 11.48e3 12.38e3 15.40e3 15.20e3 16.55e3 18.19e3 16.31e3 16.50e3 17.32e3 16.08e3 15.85e3 13.73e3 
   12.0e6  891.4   1.542e3 2.898e3 3.692e3 4.192e3 4.514e3 3.335e3 4.227e3 3.822e3 3.607e3 6.878e3 6.680e3 7.290e3 8.204e3 9.445e3 10.78e3 5.679e3 7.347e3 9.127e3 9.315e3 9.247e3 9.950e3 9.383e3 10.62e3 8.431e3 8.716e3 8.172e3 8.443e3 7.685e3 8.192e3 7.537e3 9.527e3 10.70e3 9.558e3 6.407e3 8.607e3 12.05e3 13.45e3 12.15e3 12.75e3 12.59e3 12.94e3 13.14e3 11.55e3 11.60e3 11.08e3 11.94e3 11.28e3 10.37e3 12.52e3 13.70e3 13.25e3 13.24e3 12.75e3 16.74e3 17.62e3 16.83e3 15.92e3 14.98e3 13.69e3 15.07e3 12.98e3 12.26e3 12.05e3 15.39e3 12.32e3 10.95e3 12.35e3 11.92e3 13.12e3 11.84e3 12.52e3 11.37e3 11.82e3 11.92e3 11.03e3 10.17e3 12.41e3 11.85e3 10.44e3 11.82e3 12.83e3 15.73e3 15.59e3 16.76e3 18.57e3 16.69e3 17.02e3 17.84e3 16.55e3 16.33e3 14.35e3 
   13.0e6  907.2   1.604e3 2.967e3 3.742e3 4.251e3 4.597e3 3.399e3 4.363e3 3.998e3 3.739e3 7.005e3 6.774e3 7.430e3 8.387e3 9.563e3 11.03e3 6.016e3 7.594e3 9.414e3 9.509e3 9.441e3 10.16e3 9.625e3 10.82e3 8.607e3 8.899e3 8.341e3 8.629e3 7.877e3 8.380e3 7.731e3 9.717e3 10.88e3 9.779e3 6.838e3 9.064e3 12.38e3 13.80e3 12.49e3 13.06e3 12.89e3 13.25e3 13.46e3 11.88e3 11.90e3 11.32e3 12.22e3 11.57e3 10.59e3 12.92e3 13.97e3 13.58e3 13.58e3 13.35e3 17.09e3 18.00e3 17.17e3 16.41e3 15.35e3 13.92e3 15.44e3 13.39e3 12.49e3 12.30e3 15.81e3 12.67e3 11.27e3 12.61e3 12.19e3 13.49e3 12.07e3 12.88e3 11.65e3 12.12e3 12.22e3 11.34e3 10.41e3 12.71e3 12.24e3 10.74e3 12.15e3 13.26e3 16.03e3 15.97e3 16.96e3 18.91e3 17.05e3 17.52e3 18.32e3 17.00e3 16.79e3 14.95e3 
   14.0e6  925.4   1.666e3 3.030e3 3.789e3 4.313e3 4.679e3 3.470e3 4.495e3 4.167e3 3.870e3 7.125e3 6.867e3 7.562e3 8.555e3 9.670e3 11.25e3 6.374e3 7.863e3 9.686e3 9.694e3 9.631e3 10.38e3 9.862e3 11.01e3 8.784e3 9.077e3 8.517e3 8.805e3 8.064e3 8.556e3 7.922e3 9.903e3 11.05e3 9.992e3 7.266e3 9.513e3 12.69e3 14.14e3 12.82e3 13.36e3 13.22e3 13.56e3 13.76e3 12.20e3 12.19e3 11.57e3 12.50e3 11.86e3 10.82e3 13.30e3 14.22e3 13.88e3 13.92e3 13.95e3 17.42e3 18.36e3 17.49e3 16.89e3 15.71e3 14.13e3 15.79e3 13.80e3 12.72e3 12.55e3 16.21e3 13.03e3 11.59e3 12.87e3 12.46e3 13.85e3 12.30e3 13.22e3 11.93e3 12.41e3 12.51e3 11.63e3 10.65e3 13.00e3 12.61e3 11.04e3 12.47e3 13.68e3 16.32e3 16.34e3 17.17e3 19.25e3 17.41e3 18.02e3 18.79e3 17.43e3 17.23e3 15.56e3 
   15.0e6  946.2   1.726e3 3.090e3 3.836e3 4.377e3 4.760e3 3.547e3 4.626e3 4.332e3 4.003e3 7.242e3 6.961e3 7.689e3 8.713e3 9.773e3 11.46e3 6.748e3 8.149e3 9.949e3 9.875e3 9.819e3 10.59e3 10.10e3 11.20e3 8.965e3 9.256e3 8.700e3 8.979e3 8.250e3 8.725e3 8.114e3 10.09e3 11.21e3 10.20e3 7.691e3 9.958e3 13.01e3 14.46e3 13.14e3 13.66e3 13.55e3 13.87e3 14.06e3 12.51e3 12.46e3 11.82e3 12.77e3 12.14e3 11.07e3 13.68e3 14.46e3 14.17e3 14.25e3 14.53e3 17.75e3 18.71e3 17.81e3 17.35e3 16.05e3 14.36e3 16.13e3 14.19e3 12.96e3 12.81e3 16.58e3 13.38e3 11.90e3 13.12e3 12.73e3 14.20e3 12.53e3 13.56e3 12.21e3 12.70e3 12.81e3 11.90e3 10.90e3 13.30e3 12.98e3 11.34e3 12.79e3 14.10e3 16.60e3 16.71e3 17.39e3 19.57e3 17.77e3 18.52e3 19.24e3 17.86e3 17.68e3 16.16e3 
   16.0e6  969.8   1.786e3 3.147e3 3.884e3 4.445e3 4.843e3 3.632e3 4.757e3 4.493e3 4.138e3 7.359e3 7.060e3 7.814e3 8.865e3 9.875e3 11.65e3 7.133e3 8.448e3 10.21e3 10.06e3 10.01e3 10.80e3 10.33e3 11.38e3 9.151e3 9.438e3 8.893e3 9.153e3 8.438e3 8.891e3 8.309e3 10.28e3 11.38e3 10.41e3 8.115e3 10.40e3 13.32e3 14.78e3 13.47e3 13.96e3 13.89e3 14.17e3 14.35e3 12.82e3 12.73e3 12.09e3 13.05e3 12.43e3 11.34e3 14.05e3 14.69e3 14.47e3 14.58e3 15.10e3 18.07e3 19.06e3 18.12e3 17.80e3 16.38e3 14.60e3 16.47e3 14.59e3 13.21e3 13.08e3 16.95e3 13.73e3 12.21e3 13.38e3 13.01e3 14.56e3 12.76e3 13.90e3 12.50e3 13.00e3 13.11e3 12.18e3 11.16e3 13.59e3 13.34e3 11.65e3 13.12e3 14.52e3 16.89e3 17.08e3 17.62e3 19.90e3 18.13e3 19.03e3 19.70e3 18.28e3 18.12e3 16.76e3 
   17.0e6  996.1   1.846e3 3.203e3 3.934e3 4.516e3 4.928e3 3.724e3 4.890e3 4.653e3 4.277e3 7.477e3 7.163e3 7.939e3 9.014e3 9.978e3 11.84e3 7.528e3 8.758e3 10.46e3 10.24e3 10.20e3 11.03e3 10.57e3 11.56e3 9.343e3 9.624e3 9.096e3 9.331e3 8.630e3 9.058e3 8.509e3 10.48e3 11.55e3 10.62e3 8.539e3 10.84e3 13.64e3 15.10e3 13.80e3 14.28e3 14.25e3 14.49e3 14.65e3 13.13e3 13.01e3 12.36e3 13.33e3 12.71e3 11.62e3 14.42e3 14.94e3 14.76e3 14.92e3 15.68e3 18.39e3 19.41e3 18.45e3 18.25e3 16.72e3 14.86e3 16.81e3 14.99e3 13.48e3 13.36e3 17.30e3 14.09e3 12.52e3 13.65e3 13.29e3 14.91e3 13.01e3 14.24e3 12.80e3 13.30e3 13.41e3 12.45e3 11.42e3 13.89e3 13.70e3 11.96e3 13.45e3 14.94e3 17.17e3 17.45e3 17.87e3 20.24e3 18.51e3 19.54e3 20.15e3 18.71e3 18.56e3 17.37e3 
   18.0e6  1.025e3 1.905e3 3.258e3 3.986e3 4.591e3 5.015e3 3.822e3 5.024e3 4.812e3 4.419e3 7.598e3 7.273e3 8.066e3 9.162e3 10.08e3 12.02e3 7.928e3 9.076e3 10.72e3 10.43e3 10.40e3 11.26e3 10.82e3 11.76e3 9.542e3 9.817e3 9.308e3 9.514e3 8.827e3 9.227e3 8.715e3 10.68e3 11.73e3 10.83e3 8.963e3 11.29e3 13.97e3 15.42e3 14.13e3 14.60e3 14.62e3 14.80e3 14.95e3 13.45e3 13.28e3 12.65e3 13.61e3 13.01e3 11.92e3 14.80e3 15.18e3 15.06e3 15.27e3 16.25e3 18.72e3 19.76e3 18.77e3 18.70e3 17.05e3 15.13e3 17.15e3 15.39e3 13.76e3 13.66e3 17.66e3 14.46e3 12.83e3 13.92e3 13.58e3 15.28e3 13.26e3 14.58e3 13.12e3 13.62e3 13.73e3 12.73e3 11.69e3 14.20e3 14.07e3 12.28e3 13.79e3 15.37e3 17.47e3 17.84e3 18.15e3 20.58e3 18.90e3 20.06e3 20.61e3 19.14e3 19.02e3 17.99e3 
   20.0e6  1.091e3 2.023e3 3.369e3 4.098e3 4.753e3 5.199e3 4.040e3 5.301e3 5.130e3 4.716e3 7.852e3 7.511e3 8.327e3 9.460e3 10.31e3 12.38e3 8.742e3 9.736e3 11.23e3 10.82e3 10.82e3 11.74e3 11.33e3 12.16e3 9.965e3 10.23e3 9.760e3 9.903e3 9.240e3 9.582e3 9.150e3 11.11e3 12.11e3 11.28e3 9.818e3 12.18e3 14.64e3 16.08e3 14.81e3 15.29e3 15.40e3 15.47e3 15.57e3 14.09e3 13.86e3 13.26e3 14.21e3 13.62e3 12.57e3 15.56e3 15.70e3 15.69e3 15.97e3 17.40e3 19.41e3 20.49e3 19.46e3 19.60e3 17.75e3 15.74e3 17.87e3 16.23e3 14.37e3 14.31e3 18.38e3 15.23e3 13.47e3 14.51e3 14.18e3 16.03e3 13.81e3 15.30e3 13.78e3 14.27e3 14.40e3 13.32e3 12.28e3 14.85e3 14.81e3 12.96e3 14.50e3 16.26e3 18.10e3 18.65e3 18.76e3 21.31e3 19.72e3 21.16e3 21.56e3 20.04e3 19.96e3 19.27e3 
   22.5e6  1.187e3 2.172e3 3.511e3 4.256e3 4.976e3 5.449e3 4.349e3 5.665e3 5.535e3 5.114e3 8.199e3 7.846e3 8.676e3 9.846e3 10.64e3 12.83e3 9.772e3 10.59e3 11.89e3 11.35e3 11.40e3 12.40e3 12.00e3 12.72e3 10.54e3 10.78e3 10.38e3 10.44e3 9.798e3 10.06e3 9.738e3 11.70e3 12.64e3 11.88e3 10.90e3 13.32e3 15.54e3 16.94e3 15.72e3 16.22e3 16.43e3 16.36e3 16.40e3 14.94e3 14.61e3 14.09e3 15.02e3 14.44e3 13.47e3 16.56e3 16.42e3 16.54e3 16.90e3 18.85e3 20.34e3 21.47e3 20.39e3 20.74e3 18.67e3 16.60e3 18.82e3 17.33e3 15.22e3 15.21e3 19.32e3 16.25e3 14.32e3 15.32e3 15.01e3 17.03e3 14.57e3 16.24e3 14.69e3 15.16e3 15.31e3 14.11e3 13.09e3 15.74e3 15.80e3 13.87e3 15.47e3 17.42e3 18.97e3 19.73e3 19.65e3 22.30e3 20.84e3 22.62e3 22.82e3 21.24e3 21.20e3 20.93e3 
   25.0e6  1.296e3 2.323e3 3.659e3 4.433e3 5.220e3 5.721e3 4.695e3 6.051e3 5.952e3 5.540e3 8.579e3 8.221e3 9.052e3 10.25e3 11.00e3 13.31e3 10.81e3 11.48e3 12.57e3 11.92e3 12.02e3 13.11e3 12.72e3 13.33e3 11.17e3 11.39e3 11.05e3 11.02e3 10.40e3 10.60e3 10.38e3 12.35e3 13.23e3 12.53e3 12.00e3 14.48e3 16.50e3 17.85e3 16.68e3 17.23e3 17.54e3 17.32e3 17.28e3 15.84e3 15.43e3 15.00e3 15.90e3 15.31e3 14.46e3 17.61e3 17.21e3 17.47e3 17.87e3 20.32e3 21.33e3 22.52e3 21.40e3 21.90e3 19.66e3 17.57e3 19.84e3 18.49e3 16.18e3 16.20e3 20.30e3 17.36e3 15.22e3 16.22e3 15.91e3 18.08e3 15.42e3 17.26e3 15.68e3 16.13e3 16.30e3 14.98e3 13.97e3 16.71e3 16.84e3 14.87e3 16.51e3 18.65e3 19.93e3 20.90e3 20.66e3 23.39e3 22.07e3 24.18e3 24.16e3 22.51e3 22.52e3 22.66e3 
   27.5e6  1.417e3 2.477e3 3.814e3 4.627e3 5.481e3 6.012e3 5.072e3 6.456e3 6.382e3 5.994e3 8.990e3 8.633e3 9.454e3 10.68e3 11.40e3 13.82e3 11.84e3 12.40e3 13.28e3 12.54e3 12.68e3 13.88e3 13.48e3 14.00e3 11.84e3 12.05e3 11.77e3 11.66e3 11.06e3 11.18e3 11.07e3 13.06e3 13.87e3 13.22e3 13.13e3 15.67e3 17.52e3 18.80e3 17.70e3 18.31e3 18.70e3 18.35e3 18.22e3 16.79e3 16.30e3 15.97e3 16.85e3 16.25e3 15.53e3 18.71e3 18.08e3 18.47e3 18.88e3 21.81e3 22.40e3 23.65e3 22.49e3 23.09e3 20.71e3 18.63e3 20.92e3 19.73e3 17.22e3 17.27e3 21.34e3 18.53e3 16.18e3 17.19e3 16.87e3 19.19e3 16.35e3 18.33e3 16.75e3 17.17e3 17.37e3 15.92e3 14.93e3 17.76e3 17.94e3 15.95e3 17.64e3 19.94e3 20.98e3 22.15e3 21.76e3 24.56e3 23.39e3 25.84e3 25.57e3 23.86e3 23.92e3 24.47e3 
   30.0e6  1.547e3 2.634e3 3.976e3 4.837e3 5.757e3 6.320e3 5.476e3 6.879e3 6.825e3 6.471e3 9.430e3 9.077e3 9.879e3 11.13e3 11.83e3 14.34e3 12.87e3 13.33e3 14.02e3 13.20e3 13.39e3 14.70e3 14.28e3 14.71e3 12.55e3 12.75e3 12.53e3 12.35e3 11.75e3 11.81e3 11.81e3 13.81e3 14.56e3 13.95e3 14.28e3 16.87e3 18.59e3 19.79e3 18.76e3 19.46e3 19.90e3 19.43e3 19.21e3 17.79e3 17.22e3 16.99e3 17.85e3 17.25e3 16.66e3 19.85e3 19.02e3 19.53e3 19.90e3 23.32e3 23.53e3 24.84e3 23.65e3 24.29e3 21.83e3 19.77e3 22.07e3 21.03e3 18.33e3 18.42e3 22.43e3 19.76e3 17.19e3 18.23e3 17.90e3 20.35e3 17.36e3 19.47e3 17.89e3 18.27e3 18.50e3 16.94e3 15.96e3 18.87e3 19.10e3 17.09e3 18.83e3 21.29e3 22.11e3 23.47e3 22.96e3 25.82e3 24.80e3 27.58e3 27.05e3 25.29e3 25.38e3 26.33e3 
   32.5e6  1.683e3 2.793e3 4.142e3 5.058e3 6.043e3 6.642e3 5.901e3 7.315e3 7.278e3 6.968e3 9.892e3 9.547e3 10.32e3 11.60e3 12.30e3 14.89e3 13.90e3 14.28e3 14.78e3 13.89e3 14.13e3 15.55e3 15.10e3 15.45e3 13.30e3 13.49e3 13.32e3 13.07e3 12.48e3 12.49e3 12.58e3 14.60e3 15.28e3 14.72e3 15.44e3 18.10e3 19.70e3 20.82e3 19.87e3 20.66e3 21.15e3 20.56e3 20.25e3 18.82e3 18.18e3 18.07e3 18.91e3 18.29e3 17.84e3 21.04e3 20.01e3 20.65e3 20.95e3 24.83e3 24.72e3 26.09e3 24.86e3 25.49e3 23.01e3 20.97e3 23.26e3 22.38e3 19.51e3 19.64e3 23.56e3 21.03e3 18.24e3 19.34e3 18.99e3 21.54e3 18.43e3 20.65e3 19.09e3 19.44e3 19.71e3 18.02e3 17.05e3 20.05e3 20.32e3 18.31e3 20.09e3 22.69e3 23.32e3 24.85e3 24.23e3 27.14e3 26.28e3 29.39e3 28.59e3 26.77e3 26.91e3 28.23e3 
   35.0e6  1.825e3 2.953e3 4.313e3 5.289e3 6.337e3 6.974e3 6.342e3 7.760e3 7.740e3 7.482e3 10.37e3 10.04e3 10.78e3 12.08e3 12.78e3 15.45e3 14.91e3 15.24e3 15.55e3 14.60e3 14.91e3 16.43e3 15.95e3 16.23e3 14.07e3 14.26e3 14.14e3 13.83e3 13.24e3 13.20e3 13.39e3 15.43e3 16.05e3 15.52e3 16.61e3 19.33e3 20.84e3 21.87e3 21.00e3 21.91e3 22.42e3 21.73e3 21.31e3 19.89e3 19.18e3 19.20e3 20.01e3 19.36e3 19.06e3 22.25e3 21.05e3 21.82e3 22.00e3 26.34e3 25.95e3 27.38e3 26.12e3 26.70e3 24.23e3 22.22e3 24.50e3 23.78e3 20.74e3 20.92e3 24.72e3 22.34e3 19.34e3 20.51e3 20.13e3 22.75e3 19.56e3 21.88e3 20.34e3 20.65e3 20.96e3 19.16e3 18.20e3 21.28e3 21.57e3 19.58e3 21.40e3 24.14e3 24.58e3 26.28e3 25.55e3 28.52e3 27.82e3 31.25e3 30.18e3 28.30e3 28.47e3 30.16e3 
   37.5e6  1.971e3 3.113e3 4.486e3 5.528e3 6.636e3 7.313e3 6.795e3 8.211e3 8.208e3 8.009e3 10.87e3 10.55e3 11.25e3 12.57e3 13.28e3 16.03e3 15.90e3 16.20e3 16.34e3 15.33e3 15.70e3 17.34e3 16.81e3 17.03e3 14.87e3 15.06e3 14.98e3 14.61e3 14.03e3 13.95e3 14.23e3 16.29e3 16.84e3 16.34e3 17.80e3 20.57e3 22.01e3 22.93e3 22.16e3 23.19e3 23.71e3 22.93e3 22.40e3 20.99e3 20.21e3 20.35e3 21.15e3 20.47e3 20.31e3 23.49e3 22.12e3 23.02e3 23.05e3 27.85e3 27.21e3 28.70e3 27.42e3 27.90e3 25.49e3 23.51e3 25.76e3 25.22e3 22.02e3 22.24e3 25.92e3 23.68e3 20.48e3 21.71e3 21.30e3 23.99e3 20.74e3 23.14e3 21.63e3 21.90e3 22.26e3 20.35e3 19.38e3 22.55e3 22.86e3 20.90e3 22.75e3 25.62e3 25.89e3 27.74e3 26.92e3 29.94e3 29.40e3 33.15e3 31.80e3 29.88e3 30.08e3 32.11e3 
   40.0e6  2.119e3 3.274e3 4.661e3 5.771e3 6.937e3 7.657e3 7.256e3 8.665e3 8.679e3 8.544e3 11.37e3 11.07e3 11.73e3 13.06e3 13.80e3 16.61e3 16.89e3 17.16e3 17.13e3 16.08e3 16.51e3 18.26e3 17.67e3 17.85e3 15.69e3 15.88e3 15.84e3 15.42e3 14.84e3 14.72e3 15.10e3 17.17e3 17.65e3 17.18e3 18.99e3 21.81e3 23.19e3 24.01e3 23.33e3 24.50e3 25.01e3 24.16e3 23.51e3 22.10e3 21.26e3 21.54e3 22.31e3 21.61e3 21.58e3 24.75e3 23.23e3 24.25e3 24.11e3 29.36e3 28.50e3 30.05e3 28.75e3 29.09e3 26.78e3 24.83e3 27.05e3 26.69e3 23.33e3 23.60e3 27.14e3 25.03e3 21.65e3 22.96e3 22.51e3 25.23e3 21.96e3 24.43e3 22.95e3 23.19e3 23.60e3 21.58e3 20.61e3 23.85e3 24.18e3 22.26e3 24.14e3 27.12e3 27.24e3 29.23e3 28.32e3 31.39e3 31.03e3 35.07e3 33.44e3 31.48e3 31.70e3 34.06e3 
   45.0e6  2.418e3 3.594e3 5.011e3 6.267e3 7.539e3 8.350e3 8.187e3 9.569e3 9.625e3 9.628e3 12.40e3 12.13e3 12.69e3 14.06e3 14.85e3 17.78e3 18.79e3 19.06e3 18.71e3 17.61e3 18.17e3 20.12e3 19.41e3 19.51e3 17.35e3 17.55e3 17.58e3 17.07e3 16.50e3 16.33e3 16.87e3 18.98e3 19.31e3 18.90e3 21.37e3 24.26e3 25.57e3 26.17e3 25.69e3 27.15e3 27.62e3 26.65e3 25.77e3 24.36e3 23.42e3 23.96e3 24.70e3 23.93e3 24.15e3 27.29e3 25.51e3 26.77e3 26.20e3 32.36e3 31.12e3 32.80e3 31.44e3 31.44e3 29.42e3 27.52e3 29.68e3 29.68e3 26.02e3 26.40e3 29.61e3 27.76e3 24.06e3 25.54e3 24.99e3 27.71e3 24.49e3 27.05e3 25.64e3 25.84e3 26.37e3 24.15e3 23.15e3 26.52e3 26.88e3 25.06e3 26.98e3 30.18e3 30.02e3 32.26e3 31.19e3 34.37e3 34.34e3 38.95e3 36.78e3 34.73e3 35.00e3 37.92e3 
   50.0e6  2.715e3 3.908e3 5.358e3 6.764e3 8.130e3 9.040e3 9.110e3 10.45e3 10.56e3 10.71e3 13.43e3 13.21e3 13.65e3 15.05e3 15.91e3 18.94e3 20.60e3 20.93e3 20.28e3 19.15e3 19.83e3 21.99e3 21.13e3 21.19e3 19.03e3 19.26e3 19.33e3 18.76e3 18.19e3 18.00e3 18.69e3 20.82e3 21.00e3 20.64e3 23.73e3 26.66e3 27.93e3 28.30e3 28.05e3 29.79e3 30.21e3 29.15e3 28.03e3 26.63e3 25.60e3 26.42e3 27.14e3 26.29e3 26.73e3 29.83e3 27.83e3 29.33e3 28.28e3 35.31e3 33.77e3 35.56e3 34.17e3 33.72e3 32.10e3 30.24e3 32.33e3 32.71e3 28.76e3 29.26e3 32.10e3 30.46e3 26.54e3 28.20e3 27.53e3 30.16e3 27.12e3 29.71e3 28.38e3 28.55e3 29.21e3 26.80e3 25.77e3 29.25e3 29.63e3 27.94e3 29.88e3 33.25e3 32.88e3 35.29e3 34.10e3 37.40e3 37.70e3 42.81e3 40.12e3 38.02e3 38.31e3 41.69e3 
   55.0e6  3.005e3 4.214e3 5.697e3 7.255e3 8.703e3 9.715e3 10.01e3 11.31e3 11.48e3 11.78e3 14.46e3 14.29e3 14.60e3 16.02e3 16.97e3 20.09e3 22.32e3 22.72e3 21.81e3 20.67e3 21.49e3 23.83e3 22.82e3 22.87e3 20.71e3 20.96e3 21.07e3 20.46e3 19.90e3 19.69e3 20.52e3 22.67e3 22.70e3 22.39e3 26.05e3 28.98e3 30.24e3 30.39e3 30.36e3 32.40e3 32.74e3 31.62e3 30.27e3 28.88e3 27.79e3 28.88e3 29.57e3 28.64e3 29.26e3 32.35e3 30.16e3 31.88e3 30.34e3 38.21e3 36.40e3 38.30e3 36.88e3 35.93e3 34.79e3 32.95e3 34.97e3 35.74e3 31.53e3 32.15e3 34.59e3 33.13e3 29.05e3 30.89e3 30.09e3 32.56e3 29.79e3 32.37e3 31.12e3 31.27e3 32.08e3 29.51e3 28.44e3 31.97e3 32.38e3 30.84e3 32.78e3 36.30e3 35.77e3 38.28e3 37.02e3 40.42e3 41.04e3 46.57e3 43.44e3 41.29e3 41.59e3 45.33e3 
   60.0e6  3.286e3 4.511e3 6.026e3 7.735e3 9.252e3 10.37e3 10.88e3 12.12e3 12.38e3 12.83e3 15.46e3 15.35e3 15.53e3 16.96e3 18.01e3 21.20e3 23.94e3 24.43e3 23.30e3 22.17e3 23.12e3 25.62e3 24.44e3 24.51e3 22.37e3 22.66e3 22.78e3 22.15e3 21.59e3 21.39e3 22.35e3 24.50e3 24.38e3 24.12e3 28.31e3 31.20e3 32.48e3 32.41e3 32.60e3 34.93e3 35.19e3 34.05e3 32.47e3 31.09e3 29.96e3 31.32e3 31.99e3 30.98e3 31.74e3 34.82e3 32.48e3 34.41e3 32.39e3 41.06e3 38.99e3 40.99e3 39.55e3 38.08e3 37.45e3 35.62e3 37.57e3 38.73e3 34.27e3 35.03e3 37.05e3 35.74e3 31.57e3 33.59e3 32.66e3 34.88e3 32.48e3 35.00e3 33.82e3 33.98e3 34.96e3 32.23e3 31.11e3 34.68e3 35.11e3 33.74e3 35.65e3 39.30e3 38.66e3 41.21e3 39.91e3 43.43e3 44.33e3 50.21e3 46.69e3 44.51e3 44.82e3 48.81e3 
   65.0e6  3.556e3 4.797e3 6.343e3 8.200e3 9.776e3 11.00e3 11.70e3 12.90e3 13.25e3 13.83e3 16.43e3 16.38e3 16.43e3 17.88e3 19.03e3 22.28e3 25.45e3 26.06e3 24.74e3 23.64e3 24.72e3 27.35e3 26.01e3 26.12e3 23.99e3 24.33e3 24.46e3 23.82e3 23.27e3 23.09e3 24.16e3 26.31e3 26.04e3 25.82e3 30.51e3 33.32e3 34.64e3 34.35e3 34.77e3 37.37e3 37.55e3 36.41e3 34.62e3 33.26e3 32.09e3 33.71e3 34.37e3 33.27e3 34.14e3 37.22e3 34.76e3 36.89e3 34.43e3 43.85e3 41.52e3 43.62e3 42.17e3 40.17e3 40.07e3 38.23e3 40.12e3 41.67e3 36.99e3 37.87e3 39.46e3 38.30e3 34.09e3 36.29e3 35.20e3 37.13e3 35.17e3 37.59e3 36.49e3 36.67e3 37.81e3 34.96e3 33.78e3 37.34e3 37.81e3 36.61e3 38.48e3 42.24e3 41.53e3 44.06e3 42.76e3 46.38e3 47.55e3 53.70e3 49.87e3 47.68e3 47.97e3 52.14e3 
   70.0e6  3.814e3 5.073e3 6.648e3 8.647e3 10.27e3 11.60e3 12.49e3 13.63e3 14.09e3 14.80e3 17.36e3 17.38e3 17.31e3 18.77e3 20.02e3 23.32e3 26.87e3 27.60e3 26.12e3 25.06e3 26.26e3 29.02e3 27.52e3 27.69e3 25.58e3 25.96e3 26.08e3 25.45e3 24.91e3 24.77e3 25.94e3 28.08e3 27.67e3 27.49e3 32.65e3 35.34e3 36.70e3 36.21e3 36.86e3 39.70e3 39.81e3 38.69e3 36.70e3 35.36e3 34.19e3 36.05e3 36.70e3 35.52e3 36.46e3 39.55e3 37.00e3 39.31e3 36.47e3 46.57e3 43.98e3 46.18e3 44.71e3 42.20e3 42.64e3 40.78e3 42.61e3 44.54e3 39.65e3 40.66e3 41.83e3 40.78e3 36.58e3 38.95e3 37.70e3 39.31e3 37.84e3 40.12e3 39.09e3 39.30e3 40.63e3 37.66e3 36.42e3 39.94e3 40.47e3 39.43e3 41.24e3 45.10e3 44.35e3 46.81e3 45.56e3 49.28e3 50.68e3 57.03e3 52.95e3 50.76e3 51.04e3 55.30e3 
   80.0e6  4.296e3 5.590e3 7.220e3 9.487e3 11.19e3 12.72e3 13.94e3 14.97e3 15.67e3 16.60e3 19.12e3 19.29e3 18.96e3 20.44e3 21.91e3 25.28e3 29.44e3 30.40e3 28.70e3 27.77e3 29.20e3 32.12e3 30.34e3 30.67e3 28.60e3 29.08e3 29.17e3 28.61e3 28.08e3 28.03e3 29.36e3 31.50e3 30.81e3 30.71e3 36.70e3 39.07e3 40.54e3 39.70e3 40.76e3 44.04e3 44.05e3 43.01e3 40.67e3 39.38e3 38.21e3 40.54e3 41.18e3 39.84e3 40.82e3 44.00e3 41.32e3 43.96e3 40.55e3 51.79e3 48.69e3 51.04e3 49.58e3 46.12e3 47.57e3 45.66e3 47.37e3 50.03e3 44.80e3 46.05e3 46.38e3 45.59e3 41.46e3 44.15e3 42.57e3 43.44e3 43.04e3 45.00e3 44.12e3 44.40e3 46.11e3 42.95e3 41.58e3 44.95e3 45.60e3 44.85e3 46.51e3 50.57e3 49.84e3 51.99e3 50.98e3 54.88e3 56.63e3 63.18e3 58.84e3 56.67e3 56.90e3 61.21e3 
   90.0e6  4.731e3 6.064e3 7.745e3 10.25e3 12.01e3 13.74e3 15.24e3 16.17e3 17.13e3 18.24e3 20.74e3 21.04e3 20.50e3 21.99e3 23.67e3 27.09e3 31.67e3 32.85e3 31.07e3 30.28e3 31.92e3 34.94e3 32.92e3 33.44e3 31.42e3 32.02e3 32.04e3 31.59e3 31.08e3 31.15e3 32.60e3 34.71e3 33.77e3 33.76e3 40.45e3 42.40e3 44.00e3 42.88e3 44.31e3 47.92e3 47.92e3 46.98e3 44.35e3 43.12e3 42.01e3 44.73e3 45.38e3 43.91e3 44.83e3 48.14e3 45.41e3 48.31e3 44.60e3 56.69e3 53.10e3 55.57e3 54.13e3 49.86e3 52.22e3 50.22e3 51.85e3 55.18e3 49.67e3 51.14e3 50.69e3 50.17e3 46.15e3 49.14e3 47.21e3 47.33e3 48.04e3 49.62e3 48.87e3 49.23e3 51.33e3 48.03e3 46.52e3 49.66e3 50.48e3 49.94e3 51.44e3 55.69e3 55.07e3 56.76e3 56.14e3 60.17e3 62.14e3 68.68e3 64.33e3 62.23e3 62.39e3 66.59e3 
   100.e6  5.121e3 6.497e3 8.224e3 10.94e3 12.74e3 14.65e3 16.41e3 17.23e3 18.47e3 19.70e3 22.20e3 22.65e3 21.93e3 23.43e3 25.32e3 28.76e3 33.61e3 34.98e3 33.23e3 32.61e3 34.42e3 37.47e3 35.27e3 36.01e3 34.03e3 34.75e3 34.69e3 34.38e3 33.89e3 34.10e3 35.63e3 37.72e3 36.56e3 36.62e3 43.91e3 45.38e3 47.11e3 45.77e3 47.54e3 51.38e3 51.43e3 50.60e3 47.77e3 46.60e3 45.58e3 48.64e3 49.30e3 47.73e3 48.52e3 51.98e3 49.25e3 52.37e3 48.59e3 61.25e3 57.19e3 59.77e3 58.37e3 53.44e3 56.58e3 54.47e3 56.04e3 59.98e3 54.25e3 55.91e3 54.76e3 54.54e3 50.63e3 53.89e3 51.61e3 51.00e3 52.80e3 53.97e3 53.35e3 53.78e3 56.27e3 52.87e3 51.23e3 54.08e3 55.09e3 54.69e3 56.03e3 60.47e3 60.03e3 61.13e3 61.03e3 65.17e3 67.22e3 73.60e3 69.44e3 67.43e3 67.52e3 71.54e3 
   110.e6  5.468e3 6.892e3 8.664e3 11.57e3 13.39e3 15.47e3 17.46e3 18.19e3 19.70e3 21.02e3 23.54e3 24.12e3 23.26e3 24.77e3 26.85e3 30.30e3 35.29e3 36.83e3 35.21e3 34.75e3 36.71e3 39.75e3 37.43e3 38.39e3 36.45e3 37.29e3 37.15e3 36.99e3 36.51e3 36.87e3 38.46e3 40.53e3 39.19e3 39.32e3 47.08e3 48.04e3 49.92e3 48.42e3 50.47e3 54.46e3 54.61e3 53.92e3 50.93e3 49.84e3 48.92e3 52.26e3 52.94e3 51.30e3 51.91e3 55.56e3 52.85e3 56.15e3 52.47e3 65.48e3 61.00e3 63.66e3 62.32e3 56.85e3 60.66e3 58.43e3 59.95e3 64.43e3 58.54e3 60.35e3 58.60e3 58.71e3 54.90e3 58.39e3 55.78e3 54.48e3 57.29e3 58.07e3 57.58e3 58.05e3 60.93e3 57.46e3 55.69e3 58.24e3 59.44e3 59.11e3 60.29e3 64.93e3 64.70e3 65.15e3 65.64e3 69.87e3 71.90e3 78.01e3 74.20e3 72.29e3 72.31e3 76.12e3 
   120.e6  5.774e3 7.253e3 9.066e3 12.13e3 13.98e3 16.21e3 18.41e3 19.04e3 20.83e3 22.20e3 24.75e3 25.46e3 24.50e3 26.02e3 28.28e3 31.73e3 36.75e3 38.43e3 37.02e3 36.73e3 38.81e3 41.80e3 39.41e3 40.59e3 38.69e3 39.65e3 39.42e3 39.42e3 38.96e3 39.47e3 41.09e3 43.15e3 41.65e3 41.86e3 49.98e3 50.42e3 52.45e3 50.84e3 53.14e3 57.20e3 57.51e3 56.94e3 53.86e3 52.84e3 52.04e3 55.61e3 56.33e3 54.63e3 55.05e3 58.89e3 56.23e3 59.66e3 56.22e3 69.38e3 64.54e3 67.26e3 65.99e3 60.12e3 64.47e3 62.12e3 63.61e3 68.56e3 62.56e3 64.50e3 62.23e3 62.69e3 58.94e3 62.64e3 59.71e3 57.81e3 61.53e3 61.94e3 61.57e3 62.05e3 65.30e3 61.79e3 59.90e3 62.16e3 63.54e3 63.21e3 64.25e3 69.10e3 69.11e3 68.86e3 69.97e3 74.30e3 76.21e3 82.00e3 78.63e3 76.84e3 76.79e3 80.39e3 
   130.e6  6.042e3 7.582e3 9.436e3 12.64e3 14.52e3 16.88e3 19.26e3 19.81e3 21.86e3 23.26e3 25.85e3 26.68e3 25.65e3 27.19e3 29.62e3 33.05e3 38.01e3 39.82e3 38.68e3 38.56e3 40.73e3 43.64e3 41.23e3 42.61e3 40.77e3 41.83e3 41.52e3 41.69e3 41.25e3 41.90e3 43.54e3 45.58e3 43.97e3 44.24e3 52.63e3 52.57e3 54.74e3 53.08e3 55.58e3 59.66e3 60.16e3 59.71e3 56.59e3 55.63e3 54.96e3 58.71e3 59.47e3 57.75e3 57.95e3 62.00e3 59.41e3 62.93e3 59.81e3 72.96e3 67.83e3 70.60e3 69.40e3 63.23e3 68.03e3 65.55e3 67.03e3 72.38e3 66.33e3 68.36e3 65.65e3 66.48e3 62.77e3 66.65e3 63.41e3 60.99e3 65.52e3 65.58e3 65.34e3 65.80e3 69.41e3 65.87e3 63.87e3 65.85e3 67.41e3 67.02e3 67.95e3 73.01e3 73.25e3 72.30e3 74.05e3 78.48e3 80.19e3 85.63e3 82.77e3 81.09e3 80.98e3 84.39e3 
   140.e6  6.275e3 7.883e3 9.777e3 13.11e3 15.00e3 17.48e3 20.03e3 20.51e3 22.81e3 24.22e3 26.85e3 27.80e3 26.74e3 28.29e3 30.86e3 34.27e3 39.11e3 41.03e3 40.21e3 40.25e3 42.49e3 45.30e3 42.91e3 44.49e3 42.69e3 43.85e3 43.47e3 43.81e3 43.38e3 44.16e3 45.82e3 47.85e3 46.15e3 46.49e3 55.04e3 54.50e3 56.84e3 55.15e3 57.83e3 61.88e3 62.58e3 62.24e3 59.12e3 58.24e3 57.68e3 61.59e3 62.38e3 60.67e3 60.65e3 64.90e3 62.39e3 65.98e3 63.22e3 76.25e3 70.90e3 73.70e3 72.59e3 66.21e3 71.37e3 68.75e3 70.24e3 75.93e3 69.85e3 71.96e3 68.88e3 70.08e3 66.40e3 70.43e3 66.91e3 64.05e3 69.26e3 69.03e3 68.89e3 69.32e3 73.26e3 69.72e3 67.62e3 69.35e3 71.05e3 70.58e3 71.41e3 76.67e3 77.16e3 75.50e3 77.89e3 82.41e3 83.88e3 88.96e3 86.63e3 85.09e3 84.90e3 88.14e3 
   150.e6  6.475e3 8.157e3 10.09e3 13.53e3 15.45e3 18.03e3 20.72e3 21.14e3 23.68e3 25.08e3 27.77e3 28.82e3 27.75e3 29.32e3 32.03e3 35.42e3 40.07e3 42.09e3 41.63e3 41.81e3 44.11e3 46.80e3 44.47e3 46.23e3 44.47e3 45.72e3 45.27e3 45.79e3 45.38e3 46.28e3 47.93e3 49.97e3 48.21e3 48.61e3 57.23e3 56.26e3 58.76e3 57.08e3 59.90e3 63.88e3 64.79e3 64.56e3 61.48e3 60.67e3 60.24e3 64.25e3 65.09e3 63.40e3 63.18e3 67.62e3 65.19e3 68.81e3 66.46e3 79.26e3 73.76e3 76.58e3 75.57e3 69.04e3 74.49e3 71.74e3 73.25e3 79.23e3 73.16e3 75.31e3 71.95e3 73.49e3 69.83e3 74.00e3 70.22e3 66.99e3 72.79e3 72.29e3 72.26e3 72.62e3 76.88e3 73.34e3 71.15e3 72.67e3 74.49e3 73.90e3 74.66e3 80.12e3 80.83e3 78.50e3 81.49e3 86.13e3 87.30e3 92.04e3 90.25e3 88.83e3 88.59e3 91.69e3 
   160.e6  6.647e3 8.408e3 10.38e3 13.91e3 15.85e3 18.54e3 21.34e3 21.71e3 24.47e3 25.87e3 28.60e3 29.75e3 28.71e3 30.30e3 33.13e3 36.48e3 40.91e3 43.01e3 42.94e3 43.27e3 45.59e3 48.16e3 45.92e3 47.84e3 46.13e3 47.45e3 46.96e3 47.63e3 47.24e3 48.26e3 49.91e3 51.95e3 50.15e3 50.62e3 59.24e3 57.86e3 60.53e3 58.88e3 61.81e3 65.71e3 66.82e3 66.70e3 63.68e3 62.94e3 62.63e3 66.72e3 67.61e3 65.97e3 65.55e3 70.17e3 67.83e3 71.46e3 69.51e3 82.01e3 76.43e3 79.26e3 78.36e3 71.74e3 77.43e3 74.55e3 76.08e3 82.29e3 76.26e3 78.44e3 74.85e3 76.73e3 73.08e3 77.36e3 73.34e3 69.81e3 76.10e3 75.39e3 75.44e3 75.73e3 80.28e3 76.75e3 74.49e3 75.83e3 77.74e3 77.03e3 77.72e3 83.38e3 84.29e3 81.33e3 84.89e3 89.64e3 90.50e3 94.91e3 93.64e3 92.36e3 92.06e3 95.04e3 
   170.e6  6.792e3 8.638e3 10.65e3 14.25e3 16.23e3 18.99e3 21.90e3 22.24e3 25.21e3 26.58e3 29.36e3 30.60e3 29.61e3 31.22e3 34.16e3 37.48e3 41.66e3 43.82e3 44.16e3 44.61e3 46.94e3 49.40e3 47.27e3 49.34e3 47.67e3 49.06e3 48.52e3 49.35e3 48.99e3 50.10e3 51.75e3 53.80e3 51.98e3 52.51e3 61.07e3 59.32e3 62.17e3 60.58e3 63.60e3 67.38e3 68.69e3 68.67e3 65.74e3 65.07e3 64.87e3 69.02e3 69.96e3 68.38e3 67.78e3 72.56e3 70.32e3 73.94e3 72.39e3 84.53e3 78.93e3 81.76e3 80.97e3 74.32e3 80.18e3 77.17e3 78.75e3 85.14e3 79.17e3 81.36e3 77.61e3 79.80e3 76.15e3 80.53e3 76.29e3 72.54e3 79.22e3 78.33e3 78.45e3 78.66e3 83.46e3 79.97e3 77.64e3 78.83e3 80.81e3 79.96e3 80.62e3 86.46e3 87.55e3 84.01e3 88.09e3 92.97e3 93.50e3 97.60e3 96.83e3 95.68e3 95.33e3 98.22e3 
   180.e6  6.915e3 8.847e3 10.90e3 14.57e3 16.58e3 19.42e3 22.40e3 22.73e3 25.89e3 27.22e3 30.06e3 31.38e3 30.47e3 32.10e3 35.13e3 38.42e3 42.32e3 44.53e3 45.29e3 45.87e3 48.19e3 50.53e3 48.53e3 50.73e3 49.10e3 50.56e3 49.99e3 50.96e3 50.63e3 51.82e3 53.47e3 55.53e3 53.72e3 54.31e3 62.75e3 60.66e3 63.70e3 62.18e3 65.27e3 68.93e3 70.41e3 70.49e3 67.67e3 67.06e3 66.97e3 71.15e3 72.15e3 70.66e3 69.89e3 74.82e3 72.67e3 76.26e3 75.10e3 86.83e3 81.27e3 84.10e3 83.43e3 76.77e3 82.77e3 79.64e3 81.26e3 87.80e3 81.92e3 84.10e3 80.23e3 82.70e3 79.06e3 83.53e3 79.08e3 75.17e3 82.15e3 81.13e3 81.30e3 81.42e3 86.46e3 83.00e3 80.62e3 81.70e3 83.72e3 82.74e3 83.38e3 89.38e3 90.63e3 86.56e3 91.12e3 96.13e3 96.32e3 100.1e3 99.84e3 98.82e3 98.41e3 101.2e3 
   200.e6  7.101e3 9.215e3 11.34e3 15.12e3 17.20e3 20.16e3 23.27e3 23.60e3 27.10e3 28.35e3 31.28e3 32.76e3 32.04e3 33.72e3 36.91e3 40.12e3 43.45e3 45.72e3 47.33e3 48.13e3 50.40e3 52.51e3 50.82e3 53.22e3 51.70e3 53.25e3 52.64e3 53.88e3 53.62e3 54.94e3 56.58e3 58.67e3 56.92e3 57.63e3 65.73e3 63.04e3 66.49e3 65.14e3 68.32e3 71.69e3 73.48e3 73.73e3 71.19e3 70.71e3 70.81e3 75.01e3 76.11e3 74.83e3 73.79e3 78.96e3 76.99e3 80.47e3 80.02e3 90.87e3 85.54e3 88.33e3 87.92e3 81.34e3 87.50e3 84.14e3 85.87e3 92.60e3 86.93e3 89.07e3 85.10e3 88.03e3 84.44e3 89.02e3 84.24e3 80.16e3 87.54e3 86.35e3 86.57e3 86.49e3 91.94e3 88.56e3 86.11e3 87.05e3 89.08e3 87.88e3 88.51e3 94.78e3 96.29e3 91.33e3 96.72e3 102.0e3 101.5e3 104.9e3 105.3e3 104.6e3 104.1e3 106.8e3 
   225.e6  7.246e3 9.593e3 11.82e3 15.70e3 17.86e3 20.94e3 24.14e3 24.52e3 28.38e3 29.51e3 32.55e3 34.19e3 33.80e3 35.54e3 38.87e3 41.99e3 44.59e3 46.89e3 49.54e3 50.56e3 52.71e3 54.58e3 53.30e3 55.90e3 54.49e3 56.12e3 55.51e3 57.04e3 56.88e3 58.30e3 59.95e3 62.09e3 60.50e3 61.35e3 68.88e3 65.58e3 69.56e3 68.49e3 71.69e3 74.69e3 76.72e3 77.17e3 75.05e3 74.70e3 75.00e3 79.15e3 80.38e3 79.43e3 78.14e3 83.52e3 81.79e3 85.07e3 85.37e3 95.02e3 90.20e3 92.92e3 92.85e3 86.48e3 92.70e3 89.07e3 90.97e3 97.78e3 92.44e3 94.49e3 90.58e3 93.90e3 90.42e3 95.08e3 89.98e3 85.92e3 93.49e3 92.26e3 92.45e3 92.12e3 97.95e3 94.68e3 92.21e3 93.11e3 95.06e3 93.67e3 94.36e3 100.8e3 102.5e3 96.82e3 103.0e3 108.5e3 107.3e3 110.2e3 111.4e3 111.0e3 110.4e3 113.2e3 
   250.e6  7.320e3 9.896e3 12.22e3 16.16e3 18.42e3 21.59e3 24.82e3 25.31e3 29.45e3 30.45e3 33.59e3 35.36e3 35.36e3 37.17e3 40.59e3 43.61e3 45.54e3 47.81e3 51.43e3 52.63e3 54.61e3 56.30e3 55.44e3 58.16e3 56.88e3 58.55e3 57.97e3 59.74e3 59.71e3 61.17e3 62.85e3 65.05e3 63.67e3 64.66e3 71.54e3 67.74e3 72.29e3 71.54e3 74.68e3 77.32e3 79.44e3 80.08e3 78.40e3 78.18e3 78.64e3 82.68e3 84.02e3 83.46e3 82.03e3 87.52e3 86.02e3 89.04e3 89.93e3 98.37e3 94.23e3 96.86e3 97.15e3 91.07e3 97.22e3 93.35e3 95.45e3 102.2e3 97.23e3 99.17e3 95.47e3 98.97e3 95.69e3 100.4e3 95.05e3 91.22e3 98.71e3 97.58e3 97.64e3 97.09e3 103.2e3 100.0e3 97.57e3 98.56e3 100.3e3 98.91e3 99.68e3 106.3e3 108.0e3 101.9e3 108.6e3 114.3e3 112.5e3 115.1e3 116.8e3 116.6e3 116.0e3 118.8e3 
   275.e6  7.342e3 10.14e3 12.55e3 16.55e3 18.89e3 22.14e3 25.36e3 25.99e3 30.36e3 31.22e3 34.44e3 36.32e3 36.75e3 38.63e3 42.10e3 45.03e3 46.36e3 48.56e3 53.07e3 54.41e3 56.18e3 57.75e3 57.29e3 60.08e3 58.93e3 60.62e3 60.10e3 62.07e3 62.18e3 63.62e3 65.35e3 67.61e3 66.50e3 67.62e3 73.85e3 69.64e3 74.76e3 74.35e3 77.40e3 79.67e3 81.73e3 82.55e3 81.34e3 81.23e3 81.80e3 85.71e3 87.16e3 87.02e3 85.52e3 91.03e3 89.78e3 92.49e3 93.84e3 101.1e3 97.75e3 100.3e3 100.9e3 95.16e3 101.2e3 97.09e3 99.41e3 106.0e3 101.4e3 103.3e3 99.87e3 103.4e3 100.4e3 105.0e3 99.56e3 96.10e3 103.4e3 102.4e3 102.2e3 101.5e3 107.7e3 104.7e3 102.3e3 103.5e3 105.0e3 103.7e3 104.6e3 111.1e3 112.8e3 106.7e3 113.7e3 119.5e3 117.2e3 119.7e3 121.5e3 121.6e3 120.9e3 123.9e3 
   300.e6  7.328e3 10.34e3 12.84e3 16.86e3 19.29e3 22.60e3 25.78e3 26.58e3 31.13e3 31.86e3 35.13e3 37.12e3 37.99e3 39.95e3 43.45e3 46.28e3 47.08e3 49.20e3 54.49e3 55.94e3 57.50e3 59.00e3 58.91e3 61.72e3 60.71e3 62.38e3 61.96e3 64.08e3 64.36e3 65.73e3 67.53e3 69.86e3 69.04e3 70.29e3 75.89e3 71.34e3 77.04e3 76.98e3 79.88e3 81.82e3 83.68e3 84.67e3 83.94e3 83.92e3 84.58e3 88.33e3 89.88e3 90.19e3 88.68e3 94.13e3 93.12e3 95.51e3 97.19e3 103.3e3 100.8e3 103.3e3 104.3e3 98.84e3 104.7e3 100.4e3 102.9e3 109.4e3 105.1e3 106.8e3 103.8e3 107.2e3 104.5e3 109.1e3 103.6e3 100.6e3 107.5e3 106.8e3 106.4e3 105.5e3 111.7e3 108.9e3 106.6e3 107.9e3 109.2e3 108.1e3 109.1e3 115.6e3 117.1e3 111.2e3 118.3e3 124.3e3 121.6e3 123.9e3 125.7e3 126.1e3 125.3e3 128.5e3 
   325.e6  7.288e3 10.49e3 13.09e3 17.13e3 19.63e3 23.00e3 26.12e3 27.11e3 31.79e3 32.38e3 35.70e3 37.78e3 39.11e3 41.14e3 44.64e3 47.38e3 47.73e3 49.76e3 55.74e3 57.27e3 58.62e3 60.09e3 60.32e3 63.13e3 62.25e3 63.90e3 63.58e3 65.83e3 66.27e3 67.55e3 69.44e3 71.84e3 71.33e3 72.71e3 77.74e3 72.88e3 79.15e3 79.46e3 82.19e3 83.79e3 85.35e3 86.51e3 86.24e3 86.31e3 87.02e3 90.62e3 92.25e3 93.02e3 91.54e3 96.88e3 96.12e3 98.17e3 100.1e3 105.2e3 103.6e3 105.9e3 107.3e3 102.2e3 107.8e3 103.3e3 106.1e3 112.3e3 108.4e3 110.0e3 107.4e3 110.5e3 108.2e3 112.6e3 107.2e3 104.7e3 111.3e3 110.9e3 110.0e3 109.1e3 115.2e3 112.6e3 110.3e3 111.9e3 113.0e3 112.3e3 113.4e3 119.6e3 120.9e3 115.5e3 122.6e3 128.5e3 125.7e3 127.9e3 129.5e3 130.1e3 129.3e3 132.6e3 
   350.e6  7.231e3 10.62e3 13.30e3 17.36e3 19.92e3 23.33e3 26.39e3 27.58e3 32.35e3 32.83e3 36.17e3 38.33e3 40.12e3 42.23e3 45.71e3 48.36e3 48.32e3 50.26e3 56.84e3 58.44e3 59.57e3 61.05e3 61.57e3 64.34e3 63.60e3 65.20e3 65.00e3 67.36e3 67.97e3 69.12e3 71.13e3 73.59e3 73.40e3 74.90e3 79.43e3 74.30e3 81.12e3 81.82e3 84.35e3 85.63e3 86.79e3 88.11e3 88.30e3 88.44e3 89.19e3 92.62e3 94.32e3 95.56e3 94.13e3 99.32e3 98.83e3 100.5e3 102.5e3 106.7e3 106.0e3 108.2e3 110.0e3 105.1e3 110.5e3 105.8e3 108.9e3 114.9e3 111.3e3 112.8e3 110.7e3 113.4e3 111.5e3 115.8e3 110.4e3 108.6e3 114.8e3 114.7e3 113.3e3 112.3e3 118.3e3 115.9e3 113.7e3 115.6e3 116.4e3 116.1e3 117.4e3 123.2e3 124.3e3 119.6e3 126.6e3 132.4e3 129.5e3 131.7e3 132.9e3 133.7e3 132.9e3 136.5e3 
   375.e6  7.162e3 10.72e3 13.48e3 17.55e3 20.17e3 23.62e3 26.60e3 28.00e3 32.83e3 33.20e3 36.56e3 38.79e3 41.04e3 43.21e3 46.67e3 49.24e3 48.87e3 50.73e3 57.81e3 59.46e3 60.39e3 61.90e3 62.67e3 65.39e3 64.78e3 66.34e3 66.25e3 68.69e3 69.48e3 70.48e3 72.62e3 75.14e3 75.28e3 76.91e3 81.00e3 75.64e3 82.98e3 84.07e3 86.38e3 87.35e3 88.03e3 89.51e3 90.14e3 90.34e3 91.11e3 94.39e3 96.14e3 97.84e3 96.50e3 101.5e3 101.3e3 102.6e3 104.7e3 108.0e3 108.2e3 110.2e3 112.4e3 107.9e3 112.9e3 108.1e3 111.4e3 117.1e3 113.9e3 115.3e3 113.7e3 115.8e3 114.4e3 118.7e3 113.4e3 112.1e3 118.1e3 118.1e3 116.3e3 115.3e3 121.0e3 118.8e3 116.8e3 118.9e3 119.6e3 119.7e3 121.1e3 126.6e3 127.3e3 123.5e3 130.2e3 136.0e3 133.1e3 135.2e3 135.9e3 137.0e3 136.2e3 140.0e3 
   400.e6  7.086e3 10.79e3 13.63e3 17.71e3 20.37e3 23.87e3 26.77e3 28.37e3 33.23e3 33.51e3 36.87e3 39.18e3 41.86e3 44.12e3 47.53e3 50.02e3 49.38e3 51.17e3 58.67e3 60.36e3 61.11e3 62.67e3 63.64e3 66.29e3 65.81e3 67.32e3 67.35e3 69.85e3 70.84e3 71.66e3 73.95e3 76.52e3 77.00e3 78.74e3 82.49e3 76.89e3 84.74e3 86.22e3 88.30e3 88.97e3 89.11e3 90.74e3 91.80e3 92.05e3 92.82e3 95.95e3 97.75e3 99.91e3 98.64e3 103.4e3 103.5e3 104.5e3 106.6e3 109.1e3 110.1e3 112.0e3 114.6e3 110.3e3 115.1e3 110.1e3 113.7e3 119.2e3 116.2e3 117.5e3 116.4e3 118.0e3 117.1e3 121.2e3 116.0e3 115.4e3 121.1e3 121.4e3 119.0e3 118.0e3 123.4e3 121.5e3 119.6e3 121.9e3 122.4e3 123.1e3 124.7e3 129.6e3 130.1e3 127.2e3 133.6e3 139.3e3 136.5e3 138.5e3 138.7e3 139.9e3 139.2e3 143.2e3 
   450.e6  6.924e3 10.89e3 13.88e3 17.96e3 20.68e3 24.27e3 27.00e3 29.03e3 33.87e3 34.00e3 37.32e3 39.77e3 43.30e3 45.69e3 49.01e3 51.35e3 50.30e3 52.00e3 60.11e3 61.86e3 62.32e3 64.00e3 65.26e3 67.75e3 67.53e3 68.94e3 69.19e3 71.78e3 73.13e3 73.59e3 76.19e3 78.88e3 80.01e3 81.97e3 85.26e3 79.24e3 87.99e3 90.29e3 91.86e3 91.97e3 90.88e3 92.80e3 94.64e3 94.99e3 95.73e3 98.57e3 100.4e3 103.5e3 102.4e3 106.7e3 107.3e3 107.6e3 109.6e3 110.8e3 113.4e3 115.1e3 118.4e3 114.6e3 118.8e3 113.6e3 117.7e3 122.7e3 120.1e3 121.4e3 121.2e3 121.6e3 121.7e3 125.5e3 120.7e3 121.3e3 126.7e3 127.3e3 123.6e3 122.8e3 127.5e3 126.1e3 124.4e3 127.1e3 127.4e3 129.4e3 131.2e3 135.0e3 134.9e3 134.3e3 139.8e3 145.1e3 142.9e3 144.7e3 143.6e3 145.1e3 144.4e3 148.9e3 
   500.e6  6.991e3 11.12e3 14.02e3 18.13e3 21.11e3 24.74e3 27.59e3 29.81e3 34.48e3 34.65e3 38.10e3 40.56e3 44.47e3 46.99e3 50.07e3 52.40e3 52.22e3 53.12e3 61.40e3 63.12e3 63.78e3 65.54e3 67.22e3 69.31e3 69.29e3 70.59e3 71.27e3 73.98e3 75.18e3 75.83e3 78.69e3 80.82e3 82.47e3 84.46e3 86.39e3 81.29e3 90.76e3 93.16e3 94.94e3 94.53e3 93.45e3 95.45e3 97.82e3 98.03e3 99.01e3 101.8e3 103.3e3 107.1e3 106.4e3 110.3e3 111.1e3 111.0e3 111.9e3 112.3e3 116.9e3 118.6e3 122.6e3 118.8e3 122.9e3 117.7e3 121.9e3 126.2e3 124.3e3 125.8e3 125.4e3 125.5e3 126.2e3 130.0e3 125.5e3 126.3e3 131.2e3 132.6e3 128.4e3 128.0e3 132.4e3 130.6e3 129.6e3 132.3e3 132.2e3 134.7e3 136.2e3 140.6e3 139.8e3 139.9e3 144.2e3 149.2e3 148.2e3 149.8e3 148.9e3 150.9e3 150.1e3 154.5e3 
   550.e6  7.078e3 11.26e3 13.94e3 18.04e3 21.29e3 24.94e3 28.01e3 30.31e3 34.64e3 34.98e3 38.55e3 40.94e3 45.02e3 47.62e3 50.39e3 52.72e3 54.08e3 53.85e3 61.91e3 63.58e3 64.58e3 66.46e3 68.51e3 70.15e3 70.30e3 71.50e3 72.69e3 75.53e3 76.35e3 77.41e3 80.53e3 81.80e3 83.89e3 85.81e3 86.09e3 82.54e3 92.40e3 94.61e3 96.83e3 96.01e3 95.39e3 97.38e3 100.2e3 100.1e3 101.5e3 104.2e3 105.2e3 109.6e3 109.3e3 112.9e3 113.8e3 113.5e3 112.9e3 112.7e3 119.2e3 121.0e3 125.7e3 122.0e3 125.9e3 121.1e3 125.1e3 128.6e3 127.4e3 129.3e3 128.1e3 128.5e3 129.5e3 133.4e3 129.4e3 130.0e3 134.1e3 136.5e3 132.1e3 132.2e3 136.4e3 134.0e3 133.8e3 136.5e3 135.9e3 138.5e3 139.5e3 144.9e3 143.6e3 143.6e3 146.4e3 151.1e3 151.6e3 153.1e3 153.1e3 155.6e3 154.6e3 158.7e3 
   600.e6  6.917e3 11.24e3 13.94e3 18.01e3 21.46e3 25.12e3 28.17e3 30.63e3 34.83e3 35.16e3 38.86e3 41.27e3 45.60e3 48.28e3 50.80e3 53.17e3 54.75e3 54.50e3 62.47e3 64.15e3 65.26e3 67.40e3 69.50e3 70.84e3 71.27e3 72.37e3 73.82e3 76.75e3 77.56e3 78.81e3 81.85e3 82.90e3 85.26e3 87.20e3 87.22e3 83.77e3 93.87e3 96.08e3 98.52e3 97.36e3 96.94e3 99.09e3 102.0e3 101.9e3 103.3e3 106.1e3 107.0e3 111.7e3 111.8e3 115.0e3 116.1e3 115.5e3 114.7e3 113.8e3 121.3e3 123.1e3 128.1e3 124.7e3 128.3e3 123.5e3 127.6e3 130.5e3 129.9e3 132.0e3 130.7e3 131.1e3 132.2e3 136.0e3 132.4e3 133.2e3 136.5e3 139.9e3 135.5e3 135.6e3 139.6e3 137.1e3 137.3e3 139.6e3 139.0e3 141.8e3 142.7e3 148.5e3 146.8e3 147.2e3 150.6e3 154.6e3 155.4e3 156.6e3 157.0e3 159.4e3 158.3e3 162.4e3 
   650.e6  6.757e3 11.19e3 13.94e3 17.98e3 21.59e3 25.27e3 28.29e3 30.92e3 34.97e3 35.29e3 39.10e3 41.53e3 46.11e3 48.84e3 51.14e3 53.55e3 55.24e3 55.12e3 62.94e3 64.65e3 65.83e3 68.26e3 70.30e3 71.39e3 72.11e3 73.12e3 74.76e3 77.78e3 78.62e3 80.01e3 82.95e3 83.86e3 86.44e3 88.40e3 88.48e3 84.96e3 95.14e3 97.36e3 99.95e3 98.52e3 98.28e3 100.6e3 103.6e3 103.4e3 104.9e3 107.7e3 108.6e3 113.5e3 113.9e3 116.8e3 118.1e3 117.2e3 116.5e3 115.0e3 123.1e3 125.0e3 130.2e3 127.0e3 130.2e3 125.6e3 129.7e3 132.1e3 132.1e3 134.2e3 132.9e3 133.3e3 134.5e3 138.2e3 135.0e3 136.0e3 138.6e3 142.9e3 138.5e3 138.5e3 142.2e3 139.8e3 140.4e3 142.3e3 141.7e3 144.7e3 145.6e3 151.6e3 149.5e3 150.4e3 154.6e3 157.9e3 158.8e3 159.8e3 160.3e3 162.7e3 161.7e3 165.7e3 
   700.e6  6.617e3 11.14e3 13.92e3 17.94e3 21.67e3 25.38e3 28.39e3 31.16e3 35.05e3 35.40e3 39.27e3 41.74e3 46.51e3 49.29e3 51.38e3 53.82e3 55.65e3 55.68e3 63.29e3 65.03e3 66.26e3 69.01e3 70.92e3 71.81e3 72.79e3 73.73e3 75.53e3 78.63e3 79.49e3 81.03e3 83.86e3 84.66e3 87.41e3 89.39e3 89.68e3 86.07e3 96.18e3 98.41e3 101.1e3 99.50e3 99.41e3 101.8e3 104.9e3 104.6e3 106.2e3 109.1e3 109.9e3 115.0e3 115.6e3 118.2e3 119.8e3 118.6e3 118.0e3 116.1e3 124.7e3 126.5e3 131.9e3 129.1e3 131.8e3 127.4e3 131.4e3 133.5e3 133.9e3 136.2e3 134.8e3 135.3e3 136.5e3 140.0e3 137.2e3 138.3e3 140.4e3 145.4e3 141.1e3 141.1e3 144.4e3 142.1e3 143.0e3 144.6e3 144.1e3 147.1e3 148.1e3 154.3e3 151.9e3 153.2e3 158.3e3 160.8e3 161.8e3 162.5e3 163.3e3 165.6e3 164.5e3 168.6e3 
   800.e6  6.393e3 11.03e3 13.87e3 17.83e3 21.71e3 25.50e3 28.54e3 31.54e3 35.08e3 35.53e3 39.44e3 42.02e3 47.05e3 49.91e3 51.65e3 54.13e3 56.25e3 56.65e3 63.71e3 65.55e3 66.84e3 70.21e3 71.76e3 72.34e3 73.79e3 74.63e3 76.67e3 79.91e3 80.77e3 82.60e3 85.23e3 85.88e3 88.84e3 90.87e3 91.90e3 88.08e3 97.74e3 99.98e3 102.8e3 101.0e3 101.2e3 103.8e3 106.8e3 106.5e3 108.2e3 111.2e3 112.0e3 117.3e3 118.2e3 120.5e3 122.5e3 120.8e3 120.6e3 118.2e3 127.1e3 129.0e3 134.7e3 132.4e3 134.3e3 130.1e3 134.2e3 135.7e3 136.8e3 139.2e3 137.8e3 138.5e3 139.6e3 142.8e3 140.8e3 142.0e3 143.3e3 149.4e3 145.4e3 145.4e3 148.0e3 146.0e3 147.4e3 148.2e3 148.1e3 151.2e3 152.3e3 158.4e3 155.8e3 157.7e3 164.5e3 165.8e3 166.8e3 167.0e3 168.1e3 170.2e3 169.2e3 173.4e3 
   900.e6  6.225e3 10.91e3 13.80e3 17.70e3 21.65e3 25.50e3 28.64e3 31.82e3 34.98e3 35.61e3 39.45e3 42.16e3 47.33e3 50.25e3 51.70e3 54.22e3 56.62e3 57.39e3 63.84e3 65.83e3 67.14e3 71.10e3 72.19e3 72.58e3 74.42e3 75.25e3 77.42e3 80.78e3 81.61e3 83.69e3 86.14e3 86.72e3 89.76e3 91.83e3 93.91e3 89.83e3 98.78e3 101.0e3 103.8e3 102.2e3 102.5e3 105.3e3 108.2e3 107.8e3 109.7e3 112.7e3 113.5e3 119.0e3 119.8e3 122.0e3 124.3e3 122.4e3 122.7e3 120.0e3 128.9e3 130.9e3 136.8e3 134.9e3 136.1e3 132.2e3 136.1e3 137.4e3 138.8e3 141.4e3 140.0e3 141.1e3 141.8e3 144.8e3 143.4e3 144.7e3 145.5e3 152.2e3 148.6e3 148.7e3 150.6e3 149.2e3 150.8e3 150.9e3 151.3e3 154.4e3 155.5e3 161.4e3 159.0e3 161.1e3 169.5e3 169.9e3 170.7e3 170.4e3 171.8e3 173.7e3 172.9e3 177.3e3 
   1.00e9  6.099e3 10.79e3 13.72e3 17.56e3 21.53e3 25.44e3 28.69e3 32.01e3 34.82e3 35.65e3 39.36e3 42.21e3 47.43e3 50.38e3 51.61e3 54.15e3 56.80e3 57.91e3 63.79e3 65.95e3 67.24e3 71.73e3 72.34e3 72.63e3 74.80e3 75.66e3 77.89e3 81.35e3 82.12e3 84.43e3 86.71e3 87.29e3 90.31e3 92.42e3 95.71e3 91.36e3 99.46e3 101.7e3 104.3e3 103.1e3 103.5e3 106.3e3 109.1e3 108.7e3 110.8e3 113.8e3 114.6e3 120.1e3 120.7e3 123.0e3 125.6e3 123.5e3 124.5e3 121.7e3 130.3e3 132.3e3 138.3e3 136.9e3 137.3e3 133.7e3 137.6e3 138.7e3 140.3e3 143.1e3 141.7e3 143.1e3 143.4e3 146.3e3 145.4e3 146.6e3 147.4e3 154.3e3 151.0e3 151.3e3 152.5e3 151.7e3 153.4e3 153.0e3 153.9e3 157.0e3 158.1e3 163.6e3 161.5e3 163.7e3 173.6e3 173.3e3 173.8e3 173.0e3 174.7e3 176.5e3 175.8e3 180.3e3 
   1.10e9  6.003e3 10.66e3 13.64e3 17.41e3 21.36e3 25.31e3 28.69e3 32.13e3 34.62e3 35.66e3 39.20e3 42.20e3 47.39e3 50.36e3 51.42e3 53.97e3 56.84e3 58.24e3 63.61e3 65.95e3 67.21e3 72.15e3 72.30e3 72.56e3 75.00e3 75.94e3 78.16e3 81.72e3 82.39e3 84.91e3 87.02e3 87.68e3 90.59e3 92.74e3 97.30e3 92.66e3 99.87e3 102.1e3 104.5e3 103.8e3 104.3e3 107.1e3 109.6e3 109.3e3 111.6e3 114.6e3 115.3e3 120.8e3 121.1e3 123.7e3 126.5e3 124.3e3 126.0e3 123.2e3 131.3e3 133.4e3 139.5e3 138.3e3 138.1e3 134.8e3 138.6e3 139.8e3 141.5e3 144.3e3 142.9e3 144.8e3 144.5e3 147.4e3 146.9e3 148.0e3 148.9e3 155.9e3 152.7e3 153.3e3 153.9e3 153.8e3 155.5e3 154.6e3 156.1e3 159.1e3 160.3e3 165.1e3 163.6e3 165.7e3 177.0e3 176.1e3 176.2e3 174.9e3 176.9e3 178.6e3 178.0e3 182.7e3 
   1.20e9  5.927e3 10.54e3 13.55e3 17.25e3 21.18e3 25.16e3 28.66e3 32.19e3 34.40e3 35.65e3 38.99e3 42.15e3 47.25e3 50.24e3 51.17e3 53.73e3 56.79e3 58.39e3 63.33e3 65.88e3 67.09e3 72.38e3 72.12e3 72.42e3 75.07e3 76.11e3 78.29e3 81.93e3 82.49e3 85.19e3 87.14e3 87.93e3 90.67e3 92.86e3 98.68e3 93.78e3 100.1e3 102.3e3 104.5e3 104.4e3 104.9e3 107.6e3 109.9e3 109.7e3 112.1e3 115.1e3 115.9e3 121.2e3 121.3e3 124.1e3 127.0e3 124.8e3 127.3e3 124.6e3 132.1e3 134.3e3 140.3e3 139.5e3 138.7e3 135.7e3 139.3e3 140.7e3 142.3e3 145.1e3 143.9e3 146.2e3 145.4e3 148.2e3 148.1e3 149.0e3 150.2e3 156.9e3 154.0e3 155.0e3 154.9e3 155.6e3 157.1e3 155.9e3 157.9e3 160.8e3 162.0e3 166.2e3 165.3e3 167.2e3 179.7e3 178.4e3 178.1e3 176.5e3 178.7e3 180.3e3 179.9e3 184.6e3 
   1.30e9  5.866e3 10.42e3 13.46e3 17.10e3 20.99e3 24.97e3 28.59e3 32.20e3 34.18e3 35.64e3 38.75e3 42.06e3 47.04e3 50.04e3 50.88e3 53.44e3 56.65e3 58.41e3 62.99e3 65.75e3 66.90e3 72.47e3 71.86e3 72.22e3 75.04e3 76.22e3 78.32e3 82.02e3 82.46e3 85.32e3 87.11e3 88.07e3 90.60e3 92.82e3 99.84e3 94.71e3 100.2e3 102.3e3 104.3e3 104.8e3 105.3e3 107.9e3 110.0e3 110.0e3 112.5e3 115.3e3 116.2e3 121.4e3 121.1e3 124.3e3 127.3e3 125.2e3 128.5e3 125.9e3 132.7e3 134.9e3 140.9e3 140.4e3 139.1e3 136.3e3 139.8e3 141.4e3 142.9e3 145.7e3 144.6e3 147.3e3 146.0e3 148.9e3 149.0e3 149.6e3 151.4e3 157.7e3 154.9e3 156.2e3 155.6e3 157.1e3 158.4e3 156.9e3 159.5e3 162.2e3 163.5e3 166.9e3 166.8e3 168.4e3 181.8e3 180.4e3 179.5e3 177.6e3 180.1e3 181.6e3 181.3e3 186.1e3 
   1.40e9  5.814e3 10.30e3 13.37e3 16.95e3 20.80e3 24.77e3 28.50e3 32.17e3 33.95e3 35.61e3 38.49e3 41.95e3 46.79e3 49.79e3 50.56e3 53.11e3 56.47e3 58.30e3 62.60e3 65.57e3 66.67e3 72.44e3 71.53e3 71.98e3 74.93e3 76.26e3 78.27e3 82.02e3 82.33e3 85.32e3 86.96e3 88.13e3 90.42e3 92.67e3 100.8e3 95.48e3 100.1e3 102.3e3 103.9e3 105.2e3 105.6e3 108.1e3 109.9e3 110.1e3 112.8e3 115.5e3 116.4e3 121.4e3 120.8e3 124.3e3 127.3e3 125.4e3 129.5e3 127.0e3 133.2e3 135.5e3 141.3e3 141.0e3 139.4e3 136.8e3 140.2e3 142.1e3 143.4e3 146.1e3 145.2e3 148.3e3 146.5e3 149.4e3 149.8e3 150.1e3 152.4e3 158.2e3 155.4e3 157.2e3 156.1e3 158.3e3 159.4e3 157.8e3 160.8e3 163.4e3 164.7e3 167.3e3 168.0e3 169.3e3 183.5e3 182.1e3 180.7e3 178.5e3 181.2e3 182.6e3 182.5e3 187.3e3 
   1.50e9  5.767e3 10.19e3 13.28e3 16.80e3 20.61e3 24.56e3 28.37e3 32.10e3 33.73e3 35.56e3 38.21e3 41.82e3 46.49e3 49.49e3 50.21e3 52.76e3 56.25e3 58.10e3 62.18e3 65.37e3 66.41e3 72.30e3 71.16e3 71.73e3 74.78e3 76.25e3 78.17e3 81.94e3 82.13e3 85.23e3 86.72e3 88.13e3 90.16e3 92.42e3 101.6e3 96.10e3 100.0e3 102.1e3 103.5e3 105.4e3 105.8e3 108.2e3 109.8e3 110.1e3 112.9e3 115.4e3 116.5e3 121.2e3 120.4e3 124.3e3 127.3e3 125.6e3 130.4e3 128.0e3 133.5e3 135.9e3 141.5e3 141.5e3 139.5e3 137.2e3 140.4e3 142.6e3 143.8e3 146.3e3 145.6e3 149.1e3 146.8e3 149.8e3 150.3e3 150.3e3 153.3e3 158.5e3 155.7e3 158.0e3 156.5e3 159.4e3 160.2e3 158.5e3 161.9e3 164.4e3 165.7e3 167.6e3 169.1e3 169.9e3 184.8e3 183.5e3 181.5e3 179.2e3 182.0e3 183.3e3 183.4e3 188.2e3 
   1.60e9  5.722e3 10.07e3 13.19e3 16.65e3 20.43e3 24.34e3 28.23e3 32.01e3 33.51e3 35.51e3 37.93e3 41.67e3 46.18e3 49.16e3 49.86e3 52.40e3 56.01e3 57.83e3 61.74e3 65.14e3 66.12e3 72.08e3 70.77e3 71.47e3 74.58e3 76.21e3 78.02e3 81.81e3 81.87e3 85.06e3 86.41e3 88.07e3 89.83e3 92.12e3 102.2e3 96.59e3 99.86e3 102.0e3 103.1e3 105.6e3 106.0e3 108.2e3 109.5e3 110.1e3 113.0e3 115.3e3 116.6e3 121.0e3 120.0e3 124.2e3 127.0e3 125.6e3 131.2e3 128.8e3 133.8e3 136.2e3 141.7e3 141.8e3 139.6e3 137.5e3 140.6e3 143.0e3 144.0e3 146.4e3 146.0e3 149.7e3 147.1e3 150.1e3 150.7e3 150.5e3 154.0e3 158.7e3 155.8e3 158.6e3 156.7e3 160.3e3 160.8e3 159.1e3 162.9e3 165.2e3 166.6e3 167.7e3 169.9e3 170.4e3 185.8e3 184.6e3 182.1e3 179.7e3 182.7e3 183.9e3 184.1e3 188.9e3 
   1.70e9  5.679e3 9.958e3 13.11e3 16.51e3 20.25e3 24.12e3 28.06e3 31.88e3 33.30e3 35.44e3 37.64e3 41.51e3 45.84e3 48.82e3 49.50e3 52.03e3 55.75e3 57.50e3 61.30e3 64.90e3 65.82e3 71.79e3 70.36e3 71.20e3 74.34e3 76.13e3 77.83e3 81.63e3 81.58e3 84.84e3 86.05e3 87.98e3 89.45e3 91.76e3 102.6e3 96.97e3 99.65e3 101.7e3 102.5e3 105.8e3 106.0e3 108.1e3 109.2e3 110.0e3 113.0e3 115.1e3 116.5e3 120.7e3 119.5e3 124.1e3 126.7e3 125.6e3 131.9e3 129.5e3 133.9e3 136.4e3 141.7e3 142.0e3 139.6e3 137.8e3 140.7e3 143.3e3 144.2e3 146.4e3 146.3e3 150.3e3 147.3e3 150.4e3 151.0e3 150.5e3 154.7e3 158.8e3 155.7e3 159.0e3 156.8e3 161.1e3 161.2e3 159.6e3 163.7e3 165.9e3 167.3e3 167.8e3 170.7e3 170.7e3 186.5e3 185.6e3 182.5e3 180.0e3 183.1e3 184.4e3 184.6e3 189.4e3 
   1.80e9  5.634e3 9.844e3 13.02e3 16.37e3 20.09e3 23.90e3 27.88e3 31.74e3 33.09e3 35.36e3 37.35e3 41.33e3 45.49e3 48.46e3 49.14e3 51.66e3 55.49e3 57.13e3 60.84e3 64.63e3 65.51e3 71.45e3 69.95e3 70.93e3 74.09e3 76.02e3 77.62e3 81.41e3 81.26e3 84.57e3 85.65e3 87.86e3 89.04e3 91.37e3 102.9e3 97.23e3 99.41e3 101.5e3 102.0e3 105.8e3 106.0e3 107.9e3 108.8e3 109.9e3 113.0e3 114.8e3 116.5e3 120.3e3 119.0e3 123.9e3 126.4e3 125.6e3 132.4e3 130.0e3 134.0e3 136.6e3 141.7e3 142.1e3 139.5e3 137.9e3 140.7e3 143.6e3 144.3e3 146.3e3 146.5e3 150.7e3 147.4e3 150.6e3 151.2e3 150.5e3 155.2e3 158.8e3 155.4e3 159.2e3 156.9e3 161.7e3 161.6e3 160.0e3 164.3e3 166.5e3 167.9e3 167.7e3 171.3e3 171.0e3 186.9e3 186.3e3 182.7e3 180.2e3 183.4e3 184.7e3 185.0e3 189.7e3 
   2.00e9  5.541e3 9.618e3 12.85e3 16.10e3 19.77e3 23.47e3 27.47e3 31.39e3 32.67e3 35.17e3 36.78e3 40.96e3 44.79e3 47.73e3 48.41e3 50.92e3 54.96e3 56.33e3 59.93e3 64.07e3 64.88e3 70.62e3 69.13e3 70.40e3 73.53e3 75.73e3 77.14e3 80.88e3 80.56e3 83.93e3 84.75e3 87.53e3 88.16e3 90.51e3 103.0e3 97.49e3 98.85e3 100.9e3 100.9e3 105.8e3 105.9e3 107.5e3 107.9e3 109.5e3 112.8e3 114.0e3 116.1e3 119.4e3 118.1e3 123.5e3 125.5e3 125.4e3 133.2e3 130.8e3 134.0e3 136.7e3 141.4e3 142.0e3 139.3e3 138.1e3 140.6e3 143.9e3 144.4e3 146.0e3 146.7e3 151.2e3 147.5e3 150.8e3 151.5e3 150.3e3 156.1e3 158.6e3 154.7e3 159.5e3 156.9e3 162.6e3 162.0e3 160.6e3 165.3e3 167.3e3 168.7e3 167.5e3 172.2e3 171.1e3 187.1e3 187.3e3 182.8e3 180.4e3 183.8e3 185.0e3 185.4e3 190.0e3 
