# SRIM-2013 Electronic stopping power table for Z1=82
# Converted from a table provided by H.Hofsaess
# units of energy:         eV
# units of stopping power: eV A^2
#      \Z2 1       2       3       4       5       6       7       8       9       10      11      12      13      14      15      16      17      18      19      20      21      22      23      24      25      26      27      28      29      30      31      32      33      34      35      36      37      38      39      40      41      42      43      44      45      46      47      48      49      50      51      52      53      54      55      56      57      58      59      60      61      62      63      64      65      66      67      68      69      70      71      72      73      74      75      76      77      78      79      80      81      82      83      84      85      86      87      88      89      90      91      92      
# energy\  H       He      Li      Be      B       C       N       O       F       Ne      Na      Mg      Al      Si      P       S       Cl      Ar      K       Ca      Sc      Ti      V       Cr      Mn      Fe      Co      Ni      Cu      Zn      Ga      Ge      As      Se      Br      Kr      Rb      Sr      Y       Zr      Nb      Mo      Tc      Ru      Rh      Pd      Ag      Cd      In      Sn      Sb      Te      I       Xe      Cs      Ba      La      Ce      Pr      Nd      Pm      Sm      Eu      Gd      Tb      Dy      Ho      Er      Tm      Yb      Lu      Hf      Ta      W       Re      Os      Ir      Pt      Au      Hg      Tl      Pb      Bi      Po      At      Rn      Fr      Ra      Ac      Th      Pa      U       
   0.00    0.0     0.0     0.0     0.0     0.0     0.0     0.0     0.0     0.0     0.0     0.0     0.0     0.0     0.0     0.0     0.0     0.0     0.0     0.0     0.0     0.0     0.0     0.0     0.0     0.0     0.0     0.0     0.0     0.0     0.0     0.0     0.0     0.0     0.0     0.0     0.0     0.0     0.0     0.0     0.0     0.0     0.0     0.0     0.0     0.0     0.0     0.0     0.0     0.0     0.0     0.0     0.0     0.0     0.0     0.0     0.0     0.0     0.0     0.0     0.0     0.0     0.0     0.0     0.0     0.0     0.0     0.0     0.0     0.0     0.0     0.0     0.0     0.0     0.0     0.0     0.0     0.0     0.0     0.0     0.0     0.0     0.0     0.0     0.0     0.0     0.0     0.0     0.0     0.0     0.0     0.0     0.0     
   10.0    1.546   1.887   2.418   4.939   5.867   7.503   4.958   4.084   4.630   4.613   8.407   10.30   9.615   9.190   10.05   7.908   2.381   5.644   7.131   7.184   11.04   10.09   10.77   8.346   7.960   8.739   7.979   8.239   7.879   7.424   7.966   10.26   11.85   10.38   3.564   5.214   13.05   13.05   13.25   10.36   15.40   14.49   13.07   9.283   8.087   12.32   12.18   11.32   9.364   15.57   13.76   11.15   14.62   4.254   16.88   17.36   17.86   14.81   13.29   13.88   14.01   12.31   11.88   17.63   13.97   11.80   9.574   10.03   12.80   9.710   11.29   9.750   12.50   11.63   10.32   6.524   7.668   10.53   9.822   7.608   8.810   13.54   13.21   17.02   17.23   16.54   19.15   18.39   12.49   12.07   15.37   12.37   
   11.0    1.621   1.979   2.536   5.180   6.154   7.869   5.200   4.283   4.855   4.838   8.817   10.81   10.08   9.639   10.54   8.294   2.497   5.920   7.479   7.534   11.58   10.58   11.29   8.753   8.348   9.165   8.368   8.641   8.263   7.787   8.355   10.76   12.43   10.89   3.738   5.468   13.68   13.69   13.89   10.86   16.15   15.20   13.71   9.736   8.482   12.92   12.77   11.87   9.821   16.33   14.43   11.70   15.34   4.462   17.71   18.21   18.73   15.53   13.94   14.56   14.70   12.91   12.46   18.49   14.65   12.37   10.04   10.52   13.43   10.18   11.84   10.23   13.11   12.20   10.82   6.842   8.042   11.05   10.30   7.979   9.240   14.20   13.85   17.85   18.07   17.35   20.09   19.29   13.10   12.66   16.12   12.98   
   12.0    1.693   2.067   2.649   5.411   6.427   8.219   5.431   4.474   5.071   5.053   9.209   11.29   10.53   10.07   11.01   8.663   2.608   6.183   7.812   7.869   12.09   11.06   11.79   9.142   8.719   9.573   8.740   9.025   8.631   8.133   8.726   11.24   12.99   11.37   3.905   5.712   14.29   14.30   14.51   11.34   16.87   15.88   14.32   10.17   8.859   13.50   13.34   12.40   10.26   17.06   15.08   12.22   16.02   4.661   18.49   19.02   19.56   16.22   14.56   15.20   15.35   13.48   13.02   19.32   15.30   12.92   10.49   10.99   14.03   10.64   12.37   10.68   13.69   12.74   11.30   7.146   8.400   11.54   10.76   8.334   9.651   14.83   14.47   18.64   18.88   18.12   20.98   20.15   13.69   13.22   16.84   13.55   
   13.0    1.763   2.152   2.757   5.632   6.690   8.554   5.653   4.657   5.278   5.260   9.585   11.75   10.96   10.48   11.46   9.017   2.715   6.436   8.131   8.190   12.59   11.51   12.28   9.515   9.075   9.964   9.097   9.394   8.983   8.465   9.082   11.70   13.52   11.84   4.064   5.945   14.88   14.88   15.10   11.81   17.56   16.52   14.91   10.58   9.221   14.05   13.88   12.90   10.68   17.75   15.69   12.72   16.67   4.851   19.25   19.79   20.36   16.88   15.15   15.82   15.98   14.04   13.55   20.10   15.92   13.45   10.92   11.44   14.60   11.07   12.87   11.12   14.25   13.26   11.77   7.438   8.743   12.01   11.20   8.674   10.04   15.44   15.06   19.40   19.65   18.86   21.84   20.97   14.24   13.76   17.53   14.11   
   14.0    1.829   2.233   2.861   5.844   6.942   8.877   5.867   4.832   5.478   5.458   9.947   12.19   11.38   10.87   11.89   9.357   2.817   6.678   8.438   8.500   13.06   11.94   12.74   9.875   9.418   10.34   9.441   9.749   9.322   8.785   9.425   12.14   14.03   12.28   4.218   6.169   15.44   15.45   15.67   12.25   18.22   17.15   15.47   10.98   9.569   14.58   14.41   13.39   11.08   18.42   16.28   13.20   17.30   5.034   19.98   20.54   21.13   17.52   15.73   16.42   16.58   14.57   14.06   20.86   16.52   13.96   11.33   11.87   15.15   11.49   13.36   11.54   14.79   13.76   12.21   7.719   9.073   12.46   11.62   9.002   10.42   16.02   15.63   20.14   20.39   19.57   22.66   21.76   14.78   14.28   18.19   14.64   
   15.0    1.893   2.311   2.961   6.049   7.186   9.189   6.072   5.002   5.670   5.650   10.30   12.62   11.78   11.26   12.31   9.686   2.916   6.913   8.734   8.798   13.52   12.36   13.19   10.22   9.748   10.70   9.772   10.09   9.649   9.093   9.756   12.57   14.52   12.71   4.366   6.386   15.98   15.99   16.22   12.68   18.86   17.75   16.01   11.37   9.904   15.09   14.91   13.86   11.47   19.07   16.86   13.66   17.91   5.211   20.68   21.26   21.87   18.14   16.28   17.00   17.16   15.08   14.56   21.60   17.10   14.45   11.73   12.29   15.68   11.89   13.83   11.94   15.31   14.24   12.64   7.990   9.391   12.90   12.03   9.318   10.79   16.58   16.18   20.84   21.10   20.26   23.46   22.53   15.30   14.78   18.83   15.15   
   16.0    1.955   2.387   3.058   6.248   7.422   9.490   6.272   5.166   5.856   5.835   10.63   13.03   12.16   11.62   12.71   10.00   3.012   7.140   9.020   9.087   13.97   12.77   13.62   10.56   10.07   11.05   10.09   10.42   9.966   9.391   10.08   12.98   14.99   13.13   4.509   6.595   16.50   16.51   16.76   13.10   19.48   18.33   16.54   11.74   10.23   15.59   15.40   14.32   11.84   19.70   17.41   14.11   18.50   5.381   21.35   21.96   22.59   18.73   16.81   17.55   17.72   15.57   15.03   22.30   17.67   14.92   12.11   12.69   16.19   12.28   14.28   12.33   15.81   14.71   13.05   8.252   9.699   13.33   12.42   9.623   11.14   17.12   16.71   21.53   21.80   20.92   24.23   23.27   15.80   15.27   19.44   15.65   
   17.0    2.016   2.460   3.153   6.440   7.650   9.782   6.465   5.325   6.036   6.015   10.96   13.43   12.54   11.98   13.11   10.31   3.104   7.359   9.298   9.366   14.40   13.16   14.04   10.88   10.38   11.39   10.40   10.74   10.27   9.680   10.39   13.38   15.46   13.54   4.647   6.798   17.01   17.02   17.27   13.50   20.08   18.90   17.05   12.10   10.54   16.07   15.87   14.76   12.21   20.30   17.94   14.54   19.07   5.547   22.01   22.64   23.28   19.31   17.33   18.09   18.27   16.05   15.50   22.99   18.21   15.38   12.48   13.08   16.69   12.66   14.72   12.71   16.29   15.16   13.45   8.506   9.998   13.74   12.81   9.920   11.49   17.65   17.22   22.19   22.47   21.57   24.97   23.98   16.29   15.74   20.04   16.13   
   18.0    2.074   2.532   3.244   6.627   7.872   10.07   6.652   5.479   6.211   6.189   11.28   13.82   12.90   12.33   13.49   10.61   3.195   7.573   9.568   9.638   14.81   13.54   14.45   11.20   10.68   11.72   10.70   11.05   10.57   9.961   10.69   13.77   15.90   13.93   4.782   6.995   17.50   17.51   17.77   13.89   20.66   19.44   17.54   12.45   10.85   16.53   16.33   15.18   12.56   20.89   18.46   14.96   19.62   5.708   22.65   23.29   23.96   19.87   17.83   18.62   18.80   16.52   15.95   23.66   18.74   15.83   12.85   13.46   17.18   13.03   15.15   13.08   16.77   15.60   13.84   8.752   10.29   14.13   13.18   10.21   11.82   18.16   17.72   22.83   23.12   22.19   25.70   24.68   16.76   16.19   20.62   16.60   
   20.0    2.186   2.669   3.419   6.985   8.298   10.61   7.012   5.776   6.547   6.524   11.89   14.57   13.60   13.00   14.22   11.18   3.367   7.982   10.09   10.16   15.61   14.27   15.23   11.80   11.26   12.36   11.28   11.65   11.14   10.50   11.27   14.51   16.76   14.68   5.041   7.374   18.45   18.46   18.73   14.64   21.78   20.50   18.49   13.13   11.44   17.43   17.22   16.00   13.24   22.02   19.46   15.77   20.68   6.017   23.88   24.55   25.26   20.94   18.80   19.63   19.82   17.41   16.81   24.94   19.75   16.68   13.54   14.19   18.11   13.73   15.97   13.79   17.67   16.45   14.59   9.226   10.84   14.90   13.89   10.76   12.46   19.15   18.68   24.07   24.37   23.39   27.09   26.01   17.67   17.07   21.74   17.50   
   22.0    2.319   2.831   3.627   7.409   8.801   11.25   7.437   6.126   6.944   6.920   12.61   15.46   14.42   13.79   15.08   11.86   3.572   8.466   10.70   10.78   16.56   15.14   16.15   12.52   11.94   13.11   11.97   12.36   11.82   11.14   11.95   15.39   17.78   15.57   5.347   7.821   19.57   19.58   19.87   15.53   23.10   21.74   19.61   13.92   12.13   18.48   18.26   16.98   14.05   23.36   20.64   16.73   21.94   6.382   25.32   26.04   26.79   22.21   19.94   20.82   21.02   18.46   17.83   26.45   20.95   17.70   14.36   15.05   19.20   14.56   16.94   14.63   18.75   17.45   15.48   9.785   11.50   15.80   14.73   11.41   13.21   20.31   19.81   25.53   25.85   24.81   28.73   27.59   18.74   18.10   23.06   18.56   
   25.0    2.444   2.984   3.823   7.810   9.277   11.86   7.839   6.457   7.320   7.294   13.29   16.29   15.20   14.53   15.89   12.50   3.765   8.924   11.28   11.36   17.46   15.96   17.02   13.20   12.59   13.82   12.62   13.03   12.46   11.74   12.59   16.22   18.74   16.41   5.636   8.244   20.63   20.64   20.95   16.37   24.35   22.92   20.67   14.68   12.79   19.48   19.25   17.89   14.81   24.62   21.76   17.64   23.12   6.727   26.69   27.45   28.24   23.41   21.02   21.94   22.16   19.46   18.79   27.88   22.08   18.65   15.14   15.86   20.24   15.35   17.85   15.42   19.76   18.39   16.32   10.31   12.12   16.66   15.53   12.03   13.93   21.40   20.88   26.91   27.24   26.15   30.28   29.08   19.75   19.08   24.31   19.56   
   27.0    2.564   3.129   4.010   8.191   9.730   12.44   8.222   6.773   7.677   7.650   13.94   17.09   15.94   15.24   16.67   13.11   3.949   9.360   11.83   11.91   18.31   16.74   17.86   13.84   13.20   14.49   13.23   13.66   13.07   12.31   13.21   17.02   19.66   17.22   5.911   8.646   21.64   21.65   21.97   17.17   25.54   24.03   21.68   15.39   13.41   20.43   20.19   18.77   15.53   25.82   22.82   18.50   24.25   7.055   28.00   28.79   29.61   24.56   22.04   23.01   23.24   20.41   19.71   29.24   23.16   19.56   15.88   16.64   21.23   16.10   18.72   16.17   20.72   19.29   17.11   10.82   12.72   17.47   16.29   12.62   14.61   22.45   21.90   28.22   28.57   27.43   31.76   30.50   20.72   20.01   25.49   20.52   
   30.0    2.678   3.269   4.188   8.555   10.16   12.99   8.588   7.074   8.019   7.990   14.56   17.85   16.65   15.92   17.41   13.70   4.124   9.776   12.35   12.44   19.12   17.48   18.65   14.45   13.79   15.14   13.82   14.27   13.65   12.86   13.80   17.77   20.53   17.98   6.174   9.031   22.60   22.61   22.94   17.94   26.67   25.10   22.64   16.08   14.01   21.34   21.09   19.60   16.22   26.97   23.84   19.32   25.33   7.369   29.24   30.07   30.93   25.65   23.02   24.04   24.27   21.32   20.58   30.54   24.19   20.43   16.58   17.38   22.18   16.82   19.56   16.89   21.65   20.15   17.87   11.30   13.28   18.25   17.01   13.18   15.26   23.45   22.88   29.48   29.84   28.65   33.17   31.86   21.64   20.90   26.63   21.43   
   32.0    2.787   3.402   4.359   8.904   10.58   13.53   8.938   7.363   8.346   8.317   15.16   18.57   17.33   16.57   18.12   14.26   4.292   10.18   12.86   12.95   19.90   18.19   19.41   15.05   14.35   15.75   14.38   14.85   14.20   13.38   14.36   18.50   21.37   18.72   6.426   9.399   23.52   23.53   23.88   18.67   27.76   26.13   23.57   16.73   14.58   22.21   21.95   20.40   16.88   28.07   24.81   20.11   26.36   7.670   30.44   31.30   32.19   26.70   23.96   25.02   25.26   22.19   21.43   31.79   25.18   21.27   17.26   18.09   23.08   17.50   20.36   17.58   22.53   20.97   18.60   11.76   13.82   18.99   17.71   13.72   15.88   24.41   23.81   30.68   31.06   29.82   34.53   33.16   22.52   21.76   27.71   22.30   
   35.0    2.892   3.530   4.524   9.241   10.98   14.04   9.276   7.641   8.661   8.630   15.73   19.28   17.99   17.19   18.81   14.80   4.455   10.56   13.34   13.44   20.66   18.88   20.14   15.61   14.89   16.35   14.93   15.41   14.74   13.89   14.90   19.20   22.18   19.42   6.668   9.754   24.41   24.42   24.78   19.37   28.81   27.11   24.46   17.37   15.13   23.05   22.78   21.17   17.52   29.13   25.75   20.87   27.36   7.959   31.58   32.48   33.41   27.70   24.87   25.96   26.21   23.03   22.23   32.99   26.13   22.07   17.91   18.77   23.95   18.17   21.12   18.24   23.38   21.76   19.31   12.20   14.35   19.71   18.38   14.23   16.48   25.33   24.71   31.84   32.24   30.95   35.83   34.41   23.37   22.58   28.76   23.15   
   37.0    2.994   3.654   4.682   9.565   11.36   14.53   9.601   7.909   8.965   8.933   16.28   19.95   18.62   17.80   19.47   15.31   4.611   10.93   13.81   13.91   21.38   19.54   20.85   16.16   15.41   16.92   15.45   15.95   15.26   14.38   15.43   19.87   22.96   20.10   6.903   10.10   25.27   25.28   25.65   20.05   29.82   28.07   25.32   17.98   15.66   23.86   23.58   21.92   18.13   30.15   26.65   21.60   28.32   8.239   32.69   33.62   34.58   28.68   25.74   26.87   27.13   23.84   23.01   34.15   27.05   22.85   18.54   19.43   24.79   18.80   21.86   18.88   24.20   22.52   19.98   12.63   14.85   20.40   19.02   14.73   17.06   26.22   25.58   32.96   33.37   32.03   37.09   35.62   24.19   23.37   29.77   23.96   
   40.0    3.092   3.774   4.836   9.879   11.73   15.01   9.916   8.168   9.259   9.226   16.81   20.61   19.23   18.38   20.10   15.82   4.762   11.29   14.26   14.37   22.08   20.18   21.53   16.69   15.92   17.48   15.96   16.48   15.76   14.85   15.93   20.52   23.71   20.76   7.129   10.43   26.09   26.11   26.49   20.71   30.80   28.99   26.15   18.57   16.17   24.64   24.35   22.63   18.73   31.14   27.52   22.31   29.25   8.509   33.77   34.72   35.72   29.62   26.58   27.76   28.02   24.62   23.77   35.27   27.93   23.60   19.15   20.06   25.61   19.42   22.58   19.50   24.99   23.26   20.64   13.05   15.34   21.07   19.64   15.22   17.62   27.08   26.42   34.04   34.46   33.08   38.31   36.79   24.99   24.14   30.74   24.74   
   45.0    3.279   4.003   5.129   10.48   12.45   15.92   10.52   8.664   9.821   9.786   17.83   21.86   20.40   19.50   21.32   16.78   5.051   11.97   15.13   15.24   23.42   21.41   22.84   17.70   16.88   18.54   16.93   17.48   16.71   15.75   16.90   21.77   25.15   22.02   7.561   11.06   27.68   27.69   28.10   21.97   32.67   30.74   27.73   19.69   17.15   26.14   25.83   24.01   19.86   33.03   29.19   23.66   31.02   9.025   35.81   36.83   37.88   31.41   28.20   29.44   29.72   26.11   25.21   37.40   29.63   25.03   20.31   21.28   27.16   20.60   23.95   20.68   26.51   24.67   21.89   13.84   16.27   22.35   20.84   16.14   18.69   28.72   28.02   36.10   36.55   35.09   40.63   39.02   26.50   25.60   32.61   26.24   
   50.0    3.457   4.220   5.407   11.04   13.12   16.78   11.09   9.132   10.35   10.32   18.80   23.04   21.50   20.55   22.48   17.68   5.324   12.62   15.95   16.06   24.69   22.57   24.08   18.66   17.80   19.54   17.84   18.42   17.62   16.60   17.81   22.95   26.51   23.21   7.970   11.66   29.17   29.19   29.62   23.15   34.43   32.41   29.23   20.76   18.08   27.55   27.22   25.31   20.94   34.82   30.77   24.94   32.70   9.513   37.75   38.82   39.93   33.11   29.72   31.03   31.33   27.53   26.58   39.43   31.23   26.38   21.41   22.43   28.63   21.71   25.25   21.80   27.94   26.01   23.07   14.59   17.15   23.56   21.96   17.01   19.70   30.27   29.53   38.05   38.53   36.99   42.83   41.13   27.94   26.99   34.37   27.66   
   55.0    3.626   4.426   5.671   11.58   13.76   17.60   11.63   9.578   10.86   10.82   19.72   24.16   22.55   21.55   23.57   18.55   5.584   13.24   16.72   16.85   25.89   23.67   25.25   19.57   18.67   20.49   18.71   19.32   18.48   17.41   18.68   24.06   27.80   24.35   8.359   12.23   30.60   30.62   31.07   24.28   36.11   33.99   30.66   21.77   18.97   28.90   28.55   26.54   21.96   36.52   32.28   26.16   34.30   9.978   39.59   40.72   41.88   34.73   31.17   32.55   32.86   28.87   27.87   41.35   32.75   27.67   22.45   23.53   30.03   22.77   26.48   22.87   29.31   27.28   24.20   15.30   17.98   24.71   23.03   17.84   20.66   31.75   30.98   39.91   40.41   38.79   44.92   43.14   29.30   28.30   36.05   29.01   
   60.0    3.787   4.622   5.923   12.10   14.37   18.38   12.14   10.00   11.34   11.30   20.59   25.24   23.55   22.51   24.62   19.37   5.832   13.83   17.47   17.60   27.04   24.72   26.37   20.44   19.50   21.41   19.54   20.18   19.30   18.19   19.51   25.14   29.04   25.43   8.731   12.77   31.96   31.98   32.45   25.36   37.72   35.50   32.02   22.74   19.81   30.18   29.82   27.72   22.94   38.14   33.71   27.32   35.82   10.42   41.35   42.53   43.74   36.27   32.56   33.99   34.32   30.15   29.11   43.19   34.21   28.90   23.45   24.57   31.36   23.78   27.66   23.88   30.61   28.49   25.28   15.98   18.78   25.80   24.06   18.64   21.58   33.16   32.35   41.69   42.21   40.52   46.92   45.05   30.60   29.56   37.65   30.30   
   65.0    3.941   4.811   6.165   12.59   14.96   19.13   12.64   10.41   11.80   11.76   21.43   26.27   24.51   23.43   25.63   20.16   6.070   14.39   18.18   18.31   28.15   25.73   27.45   21.28   20.29   22.28   20.34   21.01   20.09   18.93   20.31   26.16   30.22   26.47   9.088   13.29   33.26   33.28   33.77   26.40   39.26   36.95   33.33   23.67   20.62   31.41   31.04   28.85   23.87   39.70   35.09   28.44   37.28   10.85   43.04   44.26   45.53   37.75   33.89   35.38   35.72   31.38   30.30   44.96   35.61   30.08   24.41   25.58   32.64   24.76   28.79   24.86   31.86   29.65   26.31   16.63   19.55   26.86   25.04   19.40   22.46   34.51   33.67   43.39   43.93   42.17   48.83   46.89   31.85   30.77   39.19   31.54   
   70.0    4.090   4.993   6.397   13.07   15.52   19.85   13.12   10.81   12.25   12.21   22.24   27.26   25.44   24.31   26.60   20.92   6.300   14.93   18.87   19.01   29.21   26.70   28.49   22.08   21.06   23.12   21.11   21.80   20.85   19.64   21.08   27.15   31.36   27.47   9.431   13.79   34.52   34.54   35.05   27.40   40.74   38.35   34.59   24.56   21.40   32.60   32.21   29.94   24.78   41.20   36.41   29.51   38.69   11.26   44.67   45.93   47.25   39.18   35.17   36.72   37.07   32.57   31.44   46.65   36.95   31.21   25.33   26.54   33.87   25.69   29.87   25.80   33.06   30.77   27.30   17.26   20.29   27.87   25.99   20.13   23.31   35.82   34.94   45.03   45.59   43.76   50.67   48.66   33.05   31.93   40.67   32.73   
   80.0    4.373   5.338   6.839   13.97   16.60   21.22   14.02   11.55   13.09   13.05   23.78   29.14   27.19   25.99   28.43   22.37   6.735   15.96   20.17   20.32   31.23   28.54   30.45   23.60   22.51   24.72   22.57   23.30   22.28   21.00   22.53   29.02   33.53   29.36   10.08   14.75   36.90   36.92   37.47   29.29   43.55   40.99   36.98   26.26   22.87   34.85   34.44   32.01   26.49   44.04   38.93   31.55   41.36   12.03   47.75   49.11   50.51   41.88   37.59   39.25   39.63   34.82   33.62   49.87   39.50   33.37   27.08   28.37   36.21   27.46   31.94   27.58   35.35   32.90   29.19   18.45   21.69   29.80   27.78   21.52   24.92   38.29   37.36   48.14   48.74   46.78   54.17   52.02   35.34   34.13   43.48   34.99   
   90.0    4.638   5.661   7.254   14.82   17.60   22.51   14.87   12.25   13.89   13.84   25.22   30.91   28.84   27.57   30.16   23.72   7.143   16.93   21.39   21.55   33.12   30.28   32.30   25.04   23.88   26.22   23.94   24.72   23.64   22.27   23.90   30.78   35.56   31.14   10.69   15.64   39.14   39.16   39.74   31.07   46.20   43.48   39.22   27.85   24.26   36.97   36.53   33.95   28.09   46.71   41.29   33.46   43.87   12.76   50.65   52.08   53.58   44.42   39.87   41.63   42.04   36.93   35.65   52.90   41.90   35.39   28.72   30.10   38.41   29.13   33.87   29.25   37.49   34.89   30.96   19.57   23.00   31.60   29.47   22.82   26.43   40.61   39.62   51.06   51.69   49.62   57.46   55.18   37.48   36.20   46.12   37.12   
   100.    4.889   5.968   7.646   15.62   18.55   23.73   15.68   12.91   14.64   14.59   26.58   32.58   30.40   29.06   31.79   25.01   7.530   17.85   22.55   22.72   34.91   31.91   34.05   26.39   25.17   27.63   25.23   26.05   24.91   23.48   25.19   32.45   37.49   32.83   11.27   16.49   41.26   41.28   41.89   32.75   48.70   45.83   41.34   29.35   25.57   38.96   38.50   35.79   29.61   49.24   43.52   35.27   46.25   13.45   53.39   54.90   56.47   46.83   42.03   43.89   44.31   38.93   37.58   55.76   44.16   37.31   30.28   31.72   40.49   30.71   35.71   30.83   39.52   36.78   32.63   20.63   24.25   33.31   31.06   24.06   27.86   42.81   41.77   53.82   54.49   52.31   60.57   58.16   39.51   38.16   48.61   39.12   
   110.    5.127   6.259   8.019   16.38   19.46   24.88   16.44   13.55   15.35   15.30   27.88   34.17   31.89   30.48   33.34   26.23   7.897   18.72   23.65   23.83   36.62   33.47   35.71   27.68   26.40   28.98   26.46   27.33   26.13   24.62   26.42   34.03   39.32   34.43   11.82   17.29   43.27   43.30   43.94   34.34   51.07   48.07   43.36   30.79   26.82   40.87   40.38   37.53   31.06   51.64   45.64   36.99   48.50   14.11   55.99   57.58   59.23   49.11   44.08   46.03   46.47   40.83   39.42   58.48   46.32   39.13   31.75   33.27   42.46   32.20   37.45   32.34   41.45   38.58   34.23   21.64   25.43   34.94   32.58   25.23   29.22   44.90   43.81   56.44   57.15   54.86   63.52   61.00   41.43   40.03   50.98   41.03   
   120.    5.355   6.537   8.376   17.11   20.33   25.99   17.18   14.15   16.04   15.98   29.12   35.69   33.31   31.84   34.82   27.40   8.248   19.55   24.70   24.88   38.25   34.96   37.30   28.91   27.57   30.27   27.64   28.54   27.29   25.72   27.59   35.55   41.06   35.96   12.35   18.06   45.20   45.22   45.89   35.87   53.34   50.21   45.29   32.16   28.01   42.68   42.18   39.20   32.44   53.94   47.67   38.64   50.66   14.74   58.48   60.14   61.86   51.30   46.04   48.07   48.54   42.64   41.17   61.08   48.38   40.87   33.17   34.75   44.35   33.64   39.11   33.78   43.29   40.29   35.75   22.60   26.56   36.49   34.02   26.35   30.52   46.90   45.75   58.95   59.69   57.30   66.35   63.71   43.28   41.81   53.25   42.86   
   130.    5.574   6.804   8.718   17.81   21.16   27.05   17.88   14.73   16.69   16.63   30.31   37.15   34.67   33.14   36.24   28.51   8.585   20.35   25.71   25.90   39.81   36.39   38.82   30.09   28.70   31.51   28.77   29.71   28.41   26.77   28.72   37.00   42.74   37.43   12.85   18.80   47.04   47.07   47.76   37.34   55.52   52.26   47.14   33.47   29.16   44.43   43.90   40.80   33.76   56.14   49.62   40.22   52.73   15.34   60.87   62.60   64.39   53.39   47.92   50.04   50.52   44.38   42.85   63.58   50.36   42.54   34.52   36.17   46.16   35.01   40.71   35.16   45.06   41.94   37.21   23.52   27.65   37.98   35.41   27.43   31.76   48.81   47.62   61.36   62.13   59.64   69.06   66.32   45.04   43.51   55.43   44.61   
   140.    5.784   7.061   9.047   18.48   21.95   28.07   18.55   15.28   17.32   17.26   31.46   38.55   35.98   34.39   37.61   29.59   8.909   21.12   26.68   26.88   41.31   37.76   40.29   31.23   29.78   32.70   29.85   30.83   29.48   27.78   29.81   38.39   44.35   38.84   13.34   19.51   48.82   48.85   49.57   38.74   57.62   54.23   48.92   34.73   30.26   46.10   45.56   42.34   35.04   58.26   51.49   41.73   54.72   15.92   63.17   64.96   66.82   55.41   49.73   51.93   52.43   46.06   44.47   65.98   52.26   44.14   35.82   37.54   47.90   36.33   42.25   36.48   46.76   43.52   38.61   24.41   28.69   39.42   36.75   28.47   32.96   50.65   49.42   63.68   64.47   61.89   71.66   68.82   46.74   45.16   57.52   46.29   
   150.    5.987   7.309   9.365   19.13   22.72   29.06   19.20   15.82   17.93   17.87   32.56   39.90   37.24   35.59   38.93   30.63   9.222   21.86   27.62   27.82   42.76   39.09   41.70   32.32   30.83   33.85   30.90   31.91   30.51   28.75   30.85   39.74   45.91   40.21   13.81   20.19   50.53   50.56   51.31   40.10   59.64   56.13   50.63   35.95   31.32   47.72   47.15   43.83   36.27   60.30   53.30   43.20   56.64   16.48   65.39   67.24   69.17   57.35   51.48   53.75   54.27   47.68   46.03   68.29   54.09   45.69   37.08   38.85   49.59   37.61   43.73   37.76   48.40   45.05   39.97   25.27   29.70   40.80   38.04   29.47   34.12   52.43   51.15   65.91   66.73   64.06   74.18   71.24   48.38   46.74   59.54   47.92   
   160.    6.184   7.548   9.672   19.76   23.47   30.01   19.83   16.34   18.52   18.45   33.63   41.21   38.46   36.76   40.21   31.63   9.524   22.58   28.52   28.73   44.16   40.37   43.07   33.38   31.84   34.96   31.91   32.96   31.51   29.70   31.86   41.05   47.42   41.53   14.26   20.86   52.19   52.22   52.99   41.42   61.60   57.97   52.29   37.13   32.35   49.29   48.70   45.27   37.46   62.28   55.05   44.61   58.50   17.02   67.53   69.45   71.43   59.23   53.17   55.51   56.05   49.24   47.54   70.53   55.86   47.19   38.30   40.13   51.21   38.84   45.16   39.00   49.99   46.52   41.28   26.09   30.67   42.14   39.29   30.43   35.24   54.15   52.83   68.07   68.92   66.16   76.61   73.57   49.97   48.27   61.49   49.49   
   170.    6.374   7.781   9.969   20.37   24.19   30.93   20.44   16.84   19.09   19.02   34.66   42.48   39.64   37.89   41.45   32.61   9.817   23.27   29.40   29.62   45.52   41.61   44.39   34.41   32.82   36.03   32.90   33.97   32.48   30.61   32.84   42.31   48.87   42.80   14.70   21.50   53.80   53.83   54.62   42.69   63.49   59.76   53.90   38.27   33.34   50.80   50.20   46.66   38.61   64.20   56.74   45.99   60.30   17.54   69.61   71.58   73.63   61.05   54.80   57.22   57.77   50.75   49.00   72.70   57.58   48.64   39.48   41.36   52.79   40.04   46.55   40.20   51.53   47.96   42.55   26.90   31.62   43.44   40.50   31.37   36.32   55.82   54.46   70.17   71.04   68.20   78.97   75.84   51.51   49.76   63.38   51.01   
   180.    6.559   8.006   10.26   20.96   24.89   31.83   21.04   17.33   19.64   19.57   35.67   43.71   40.79   38.99   42.65   33.55   10.10   23.95   30.26   30.48   46.84   42.82   45.68   35.41   33.77   37.08   33.85   34.96   33.43   31.50   33.80   43.54   50.29   44.05   15.12   22.12   55.36   55.39   56.20   43.93   65.33   61.49   55.47   39.38   34.31   52.28   51.66   48.01   39.73   66.06   58.39   47.32   62.05   18.05   71.63   73.66   75.77   62.82   56.39   58.88   59.45   52.23   50.42   74.81   59.25   50.05   40.62   42.56   54.32   41.20   47.90   41.37   53.02   49.35   43.78   27.68   32.53   44.70   41.67   32.28   37.38   57.44   56.04   72.20   73.10   70.18   81.26   78.03   53.00   51.20   65.22   52.49   
   200.    6.914   8.439   10.81   22.09   26.24   33.55   22.17   18.26   20.70   20.63   37.60   46.08   43.00   41.10   44.95   35.37   10.65   25.24   31.89   32.13   49.38   45.13   48.15   37.32   35.60   39.08   35.68   36.85   35.23   33.20   35.62   45.89   53.01   46.43   15.94   23.32   58.35   58.38   59.24   46.31   68.87   64.82   58.47   41.51   36.17   55.10   54.45   50.61   41.88   69.63   61.55   49.88   65.40   19.03   75.50   77.64   79.86   66.22   59.44   62.06   62.67   55.05   53.15   78.86   62.46   52.76   42.82   44.86   57.26   43.42   50.49   43.60   55.89   52.01   46.15   29.17   34.29   47.11   43.93   34.02   39.40   60.54   59.07   76.11   77.06   73.97   85.66   82.26   55.87   53.97   68.75   55.33   
   225.    7.333   8.951   11.47   23.43   27.83   35.59   23.52   19.37   21.96   21.88   39.88   48.87   45.61   43.59   47.68   37.51   11.29   26.77   33.83   34.07   52.37   47.87   51.07   39.59   37.76   41.45   37.85   39.08   37.37   35.22   37.78   48.67   56.23   49.24   16.91   24.73   61.89   61.92   62.84   49.12   73.04   68.75   62.01   44.03   38.36   58.45   57.75   53.68   44.42   73.86   65.28   52.91   69.37   20.18   80.08   82.35   84.71   70.24   63.05   65.83   66.47   58.39   56.37   83.64   66.25   55.96   45.41   47.59   60.73   46.06   53.56   46.25   59.28   55.17   48.95   30.94   36.37   49.97   46.59   36.09   41.79   64.21   62.65   80.73   81.73   78.46   90.85   87.25   59.26   57.24   72.92   58.68   
   250.    7.730   9.436   12.09   24.70   29.34   37.51   24.79   20.42   23.15   23.07   42.03   51.52   48.07   45.95   50.26   39.54   11.91   28.22   35.66   35.92   55.20   50.46   53.84   41.73   39.80   43.69   39.89   41.19   39.39   37.12   39.83   51.31   59.27   51.91   17.82   26.07   65.24   65.27   66.24   51.78   76.99   72.47   65.37   46.41   40.43   61.61   60.88   56.59   46.82   77.85   68.81   55.77   73.12   21.27   84.41   86.81   89.29   74.04   66.46   69.39   70.06   61.55   59.42   88.16   69.83   58.99   47.87   50.16   64.02   48.55   56.46   48.75   62.49   58.15   51.60   32.62   38.34   52.67   49.11   38.04   44.05   67.69   66.04   85.09   86.15   82.70   95.77   91.96   62.46   60.34   76.86   61.86   
   275.    8.107   9.896   12.68   25.90   30.77   39.34   26.00   21.42   24.28   24.19   44.09   54.03   50.42   48.19   52.71   41.47   12.49   29.60   37.40   37.67   57.90   52.92   56.46   43.76   41.74   45.83   41.84   43.21   41.32   38.93   41.77   53.81   62.16   54.44   18.69   27.34   68.42   68.46   69.47   54.30   80.75   76.00   68.56   48.68   42.41   64.62   63.85   59.35   49.11   81.65   72.17   58.49   76.69   22.31   88.53   91.04   93.65   77.65   69.70   72.78   73.48   64.55   62.32   92.47   73.24   61.87   50.21   52.61   67.14   50.92   59.21   51.13   65.54   60.99   54.12   34.21   40.21   55.25   51.51   39.90   46.20   70.99   69.26   89.25   90.36   86.74   100.4   96.45   65.51   63.29   80.61   64.88   
   300.    8.467   10.34   13.24   27.05   32.14   41.09   27.16   22.37   25.36   25.27   46.05   56.43   52.66   50.34   55.06   43.32   13.04   30.92   39.06   39.35   60.47   55.28   58.97   45.71   43.60   47.86   43.70   45.13   43.15   40.66   43.63   56.20   64.93   56.86   19.52   28.56   71.46   71.50   72.56   56.72   84.34   79.38   71.61   50.84   44.29   67.49   66.69   61.99   51.29   85.28   75.38   61.09   80.10   23.30   92.47   95.09   97.81   81.11   72.80   76.01   76.75   67.42   65.10   96.58   76.50   64.62   52.44   54.95   70.13   53.18   61.84   53.40   68.45   63.71   56.52   35.73   42.00   57.70   53.80   41.67   48.25   74.15   72.34   93.21   94.38   90.60   104.9   100.7   68.43   66.10   84.20   67.76   
   325.    8.813   10.76   13.78   28.16   33.45   42.77   28.27   23.28   26.39   26.30   47.93   58.74   54.81   52.39   57.31   45.08   13.57   32.18   40.65   40.95   62.94   57.53   61.38   47.58   45.38   49.82   45.49   46.97   44.92   42.33   45.41   58.50   67.58   59.18   20.32   29.72   74.38   74.42   75.52   59.03   87.79   82.62   74.53   52.92   46.10   70.24   69.41   64.52   53.38   88.77   78.46   63.59   83.37   24.25   96.25   98.97   101.8   84.42   75.77   79.12   79.88   70.18   67.75   100.5   79.62   67.26   54.58   57.19   72.99   55.36   64.37   55.59   71.25   66.31   58.83   37.19   43.71   60.06   55.99   43.37   50.22   77.18   75.30   97.02   98.23   94.30   109.2   104.9   71.22   68.80   87.64   70.53   
   350.    9.146   11.16   14.30   29.22   34.71   44.39   29.33   24.16   27.39   27.29   49.73   60.96   56.88   54.37   59.47   46.79   14.09   33.39   42.19   42.50   65.32   59.70   63.70   49.37   47.09   51.70   47.20   48.74   46.61   43.92   47.13   60.71   70.13   61.42   21.09   30.85   77.19   77.23   78.37   61.26   91.10   85.74   77.34   54.92   47.84   72.90   72.03   66.95   55.40   92.12   81.42   65.99   86.52   25.17   99.88   102.7   105.7   87.60   78.63   82.10   82.90   72.83   70.31   104.3   82.62   69.80   56.64   59.35   75.74   57.44   66.80   57.68   73.93   68.81   61.05   38.59   45.36   62.32   58.11   45.01   52.12   80.09   78.14   100.7   101.9   97.86   113.3   108.8   73.91   71.40   90.94   73.19   
   375.    9.467   11.56   14.81   30.25   35.93   45.94   30.36   25.01   28.35   28.25   51.48   63.10   58.88   56.28   61.56   48.43   14.58   34.56   43.67   43.99   67.61   61.80   65.94   51.11   48.74   53.51   48.86   50.45   48.25   45.46   48.78   62.84   72.59   63.57   21.83   31.93   79.90   79.94   81.12   63.41   94.30   88.75   80.06   56.84   49.52   75.45   74.56   69.30   57.34   95.35   84.28   68.30   89.56   26.05   103.4   106.3   109.4   90.68   81.39   84.98   85.81   75.38   72.78   108.0   85.52   72.24   58.63   61.43   78.40   59.46   69.14   59.71   76.53   71.22   63.19   39.95   46.96   64.51   60.15   46.59   53.95   82.90   80.88   104.2   105.5   101.3   117.3   112.6   76.50   73.90   94.14   75.76   
   400.    9.777   11.94   15.29   31.24   37.11   47.45   31.36   25.83   29.28   29.18   53.17   65.16   60.81   58.12   63.57   50.02   15.06   35.70   45.10   45.43   69.83   63.83   68.10   52.78   50.34   55.27   50.46   52.11   49.83   46.96   50.38   64.90   74.97   65.66   22.54   32.98   82.52   82.56   83.78   65.49   97.39   91.66   82.68   58.71   51.15   77.93   77.00   71.58   59.22   98.48   87.04   70.54   92.49   26.91   106.8   109.8   112.9   93.65   84.06   87.77   88.62   77.85   75.17   111.5   88.33   74.61   60.55   63.45   80.97   61.41   71.41   61.67   79.04   73.56   65.27   41.26   48.50   66.63   62.12   48.12   55.72   85.62   83.53   107.6   109.0   104.6   121.1   116.3   79.01   76.33   97.22   78.25   
   450.    10.37   12.66   16.22   33.13   39.36   50.33   33.26   27.40   31.06   30.95   56.39   69.12   64.50   61.65   67.43   53.05   15.97   37.86   47.84   48.19   74.06   67.70   72.23   55.98   53.39   58.62   53.52   55.27   52.85   49.80   53.44   68.84   79.52   69.64   23.91   34.98   87.52   87.57   88.86   69.46   103.3   97.22   87.70   62.27   54.25   82.66   81.67   75.92   62.82   104.4   92.32   74.82   98.10   28.54   113.3   116.5   119.8   99.33   89.16   93.10   94.00   82.58   79.73   118.3   93.69   79.14   64.23   67.30   85.89   65.14   75.74   65.41   83.83   78.02   69.22   43.76   51.44   70.67   65.89   51.04   59.10   90.81   88.60   114.2   115.6   111.0   128.5   123.4   83.81   80.96   103.1   82.99   
   500.    10.93   13.34   17.10   34.93   41.49   53.05   35.06   28.88   32.74   32.62   59.44   72.86   67.99   64.98   71.08   55.92   16.84   39.91   50.43   50.80   78.07   71.36   76.14   59.01   56.28   61.79   56.42   58.26   55.71   52.50   56.33   72.56   83.82   73.41   25.20   36.87   92.26   92.31   93.67   73.22   108.9   102.5   92.44   65.64   57.18   87.13   86.09   80.02   66.21   110.1   97.31   78.87   103.4   30.08   119.4   122.8   126.3   104.7   93.99   98.13   99.08   87.04   84.04   124.7   98.75   83.42   67.70   70.94   90.53   68.66   79.84   68.95   88.37   82.24   72.97   46.13   54.22   74.49   69.45   53.80   62.29   95.73   93.39   120.3   121.8   117.0   135.4   130.1   88.34   85.34   108.7   87.48   
   550.    11.46   14.00   17.93   36.63   43.51   55.64   36.77   30.29   34.33   34.21   62.35   76.41   71.31   68.16   74.55   58.65   17.66   41.86   52.89   53.27   81.88   74.84   79.85   61.89   59.03   64.81   59.17   61.10   58.43   55.06   59.08   76.10   87.91   76.99   26.43   38.67   96.76   96.82   98.24   76.79   114.2   107.5   96.96   68.84   59.97   91.38   90.29   83.93   69.45   115.5   102.1   82.72   108.5   31.55   125.2   128.8   132.4   109.8   98.57   102.9   103.9   91.29   88.14   130.8   103.6   87.49   71.00   74.40   94.95   72.01   83.74   72.31   92.68   86.26   76.53   48.38   56.87   78.13   72.84   56.42   65.34   100.4   97.95   126.2   127.8   122.7   142.0   136.4   92.65   89.50   114.0   91.75   
   600.    11.97   14.62   18.73   38.26   45.45   58.11   38.41   31.64   35.86   35.73   65.12   79.81   74.48   71.19   77.86   61.26   18.44   43.72   55.24   55.64   85.52   78.17   83.40   64.64   61.65   67.69   61.80   63.82   61.03   57.51   61.70   79.48   91.82   80.42   27.61   40.39   101.1   101.1   102.6   80.21   119.3   112.3   101.3   71.90   62.64   95.44   94.31   87.66   72.53   120.6   106.6   86.40   113.3   32.95   130.8   134.5   138.3   114.7   103.0   107.5   108.5   95.35   92.06   136.6   108.2   91.38   74.16   77.71   99.17   75.21   87.46   75.53   96.80   90.09   79.93   50.53   59.40   81.60   76.08   58.93   68.24   104.9   102.3   131.8   133.5   128.1   148.4   142.5   96.77   93.48   119.1   95.83   
   650.    12.46   15.21   19.49   39.82   47.30   60.49   39.97   32.93   37.32   37.19   67.78   83.07   77.52   74.09   81.04   63.76   19.20   45.51   57.49   57.92   89.01   81.36   86.81   67.28   64.17   70.45   64.33   66.42   63.52   59.86   64.22   82.73   95.57   83.70   28.74   42.04   105.2   105.2   106.8   83.48   124.1   116.8   105.4   74.84   65.20   99.34   98.16   91.24   75.50   125.5   111.0   89.92   117.9   34.30   136.1   140.0   144.0   119.4   107.2   111.9   113.0   99.24   95.82   142.2   112.6   95.11   77.19   80.88   103.2   78.28   91.03   78.61   100.8   93.77   83.20   52.59   61.82   84.93   79.19   61.34   71.03   109.1   106.5   137.2   138.9   133.4   154.4   148.3   100.7   97.30   123.9   99.74   
   700.    12.93   15.79   20.23   41.33   49.09   62.77   41.48   34.17   38.73   38.60   70.34   86.20   80.44   76.89   84.10   66.17   19.92   47.22   59.66   60.10   92.37   84.44   90.09   69.82   66.59   73.11   66.75   68.93   65.92   62.12   66.65   85.85   99.18   86.86   29.82   43.62   109.2   109.2   110.8   86.64   128.8   121.3   109.4   77.66   67.66   103.1   101.9   94.69   78.35   130.3   115.1   93.32   122.4   35.60   141.2   145.3   149.4   123.9   111.2   116.1   117.2   103.0   99.43   147.5   116.8   98.71   80.10   83.93   107.1   81.24   94.47   81.58   104.6   97.31   86.34   54.58   64.15   88.14   82.18   63.65   73.71   113.3   110.5   142.4   144.2   138.4   160.2   153.9   104.5   101.0   128.6   103.5   
   800.    13.83   16.88   21.63   44.18   52.48   67.11   44.35   36.53   41.41   41.26   75.19   92.16   86.00   82.20   89.91   70.73   21.30   50.48   63.78   64.25   98.75   90.27   96.31   74.65   71.19   78.16   71.36   73.69   70.47   66.40   71.25   91.78   106.0   92.86   31.88   46.63   116.7   116.8   118.5   92.62   137.7   129.6   116.9   83.03   72.33   110.2   108.9   101.2   83.76   139.3   123.1   99.76   130.8   38.05   151.0   155.3   159.7   132.4   118.9   124.1   125.3   110.1   106.3   157.7   124.9   105.5   85.63   89.73   114.5   86.85   101.0   87.21   111.8   104.0   92.30   58.35   68.58   94.23   87.85   68.05   78.80   121.1   118.1   152.2   154.1   147.9   171.3   164.5   111.7   107.9   137.5   110.7   
   900.    14.67   17.90   22.94   46.86   55.66   71.18   47.04   38.75   43.92   43.76   79.75   97.75   91.21   87.18   95.36   75.03   22.59   53.55   67.65   68.15   104.7   95.74   102.1   79.17   75.51   82.90   75.69   78.16   74.74   70.43   75.57   97.35   112.5   98.49   33.82   49.46   123.8   123.8   125.7   98.24   146.1   137.5   124.0   88.06   76.72   116.9   115.5   107.4   88.84   147.7   130.6   105.8   138.7   40.36   160.2   164.7   169.4   140.5   126.1   131.7   132.9   116.8   112.7   167.3   132.5   111.9   90.83   95.17   121.5   92.12   107.1   92.50   118.6   110.3   97.90   61.89   72.74   99.94   93.18   72.18   83.58   128.4   125.3   161.5   163.5   156.9   181.7   174.5   118.5   114.5   145.8   117.4   
   1.00e3  15.46   18.87   24.18   49.39   58.67   75.03   49.58   40.84   46.30   46.13   84.07   103.0   96.15   91.90   100.5   79.08   23.81   56.44   71.31   71.84   110.4   100.9   107.7   83.46   79.60   87.39   79.79   82.39   78.79   74.24   79.66   102.6   118.5   103.8   35.64   52.14   130.5   130.5   132.5   103.6   154.0   144.9   130.7   92.83   80.87   123.2   121.8   113.2   93.64   155.7   137.6   111.5   146.2   42.54   168.8   173.6   178.6   148.1   132.9   138.8   140.1   123.1   118.8   176.3   139.7   118.0   95.74   100.3   128.0   97.10   112.9   97.50   125.0   116.3   103.2   65.24   76.68   105.3   98.22   76.08   88.10   135.4   132.1   170.2   172.3   165.4   191.5   183.9   124.9   120.7   153.7   123.7   
   1.10e3  16.21   19.79   25.36   51.80   61.54   78.69   52.00   42.83   48.56   48.38   88.17   108.1   100.8   96.39   105.4   82.94   24.97   59.20   74.79   75.34   115.8   105.8   112.9   87.53   83.48   91.65   83.68   86.41   82.63   77.87   83.55   107.6   124.3   108.9   37.38   54.68   136.8   136.9   138.9   108.6   161.5   152.0   137.1   97.36   84.82   129.2   127.7   118.7   98.21   163.3   144.3   117.0   153.4   44.62   177.1   182.1   187.3   155.3   139.4   145.6   147.0   129.1   124.6   184.9   146.5   123.7   100.4   105.2   134.3   101.8   118.4   102.3   131.1   122.0   108.2   68.42   80.42   110.5   103.0   79.79   92.40   142.0   138.5   178.5   180.7   173.5   200.9   192.9   131.0   126.6   161.2   129.8   
   1.20e3  16.93   20.67   26.49   54.11   64.27   82.19   54.31   44.74   50.71   50.53   92.09   112.9   105.3   100.7   110.1   86.63   26.08   61.83   78.12   78.69   120.9   110.6   117.9   91.42   87.19   95.73   87.40   90.25   86.31   81.33   87.26   112.4   129.9   113.7   39.05   57.12   142.9   143.0   145.1   113.4   168.7   158.8   143.2   101.7   88.59   135.0   133.4   124.0   102.6   170.6   150.8   122.2   160.2   46.61   184.9   190.2   195.6   162.2   145.6   152.0   153.5   134.8   130.2   193.2   153.0   129.2   104.9   109.9   140.3   106.4   123.7   106.8   136.9   127.4   113.0   71.46   84.00   115.4   107.6   83.34   96.51   148.3   144.7   186.4   188.8   181.2   209.8   201.5   136.9   132.2   168.4   135.5   
   1.30e3  17.63   21.52   27.57   56.32   66.90   85.54   56.53   46.57   52.79   52.60   95.85   117.5   109.6   104.8   114.6   90.17   27.15   64.36   81.31   81.90   125.9   115.1   122.8   95.15   90.75   99.64   90.97   93.94   89.83   84.65   90.82   117.0   135.2   118.4   40.64   59.45   148.8   148.8   151.0   118.1   175.6   165.2   149.1   105.8   92.21   140.5   138.8   129.0   106.8   177.5   156.9   127.2   166.7   48.51   192.5   197.9   203.6   168.8   151.5   158.2   159.8   140.4   135.5   201.0   159.2   134.5   109.2   114.4   146.0   110.7   128.7   111.2   142.5   132.6   117.7   74.38   87.43   120.1   112.0   86.74   100.4   154.4   150.6   194.0   196.5   188.6   218.4   209.7   142.4   137.6   175.3   141.1   
   1.40e3  18.29   22.33   28.61   58.44   69.42   88.77   58.67   48.32   54.78   54.58   99.47   121.9   113.8   108.7   118.9   93.57   28.17   66.78   84.38   85.00   130.6   119.4   127.4   98.75   94.18   103.4   94.41   97.49   93.22   87.85   94.25   121.4   140.3   122.8   42.18   61.69   154.4   154.5   156.7   122.5   182.2   171.5   154.7   109.8   95.69   145.8   144.1   133.9   110.8   184.2   162.8   132.0   173.0   50.34   199.8   205.4   211.3   175.2   157.3   164.2   165.8   145.7   140.6   208.6   165.2   139.6   113.3   118.7   151.5   114.9   133.6   115.4   147.9   137.6   122.1   77.19   90.73   124.6   116.2   90.02   104.2   160.2   156.3   201.4   203.9   195.7   226.6   217.6   147.8   142.8   181.9   146.4   
   1.50e3  18.93   23.11   29.61   60.49   71.86   91.89   60.72   50.02   56.70   56.50   103.0   126.2   117.8   112.6   123.1   96.86   29.16   69.13   87.34   87.98   135.2   123.6   131.9   102.2   97.48   107.0   97.72   100.9   96.49   90.93   97.56   125.7   145.2   127.1   43.66   63.86   159.8   159.9   162.2   126.8   188.6   177.5   160.1   113.7   99.04   150.9   149.1   138.6   114.7   190.7   168.6   136.6   179.1   52.11   206.8   212.6   218.7   181.4   162.8   170.0   171.6   150.8   145.6   216.0   171.0   144.5   117.3   122.9   156.8   118.9   138.3   119.4   153.1   142.4   126.4   79.90   93.91   129.0   120.3   93.18   107.9   165.8   161.8   208.4   211.0   202.6   234.6   225.3   153.0   147.8   188.3   151.5   
   1.60e3  19.55   23.87   30.58   62.48   74.22   94.90   62.72   51.66   58.56   58.35   106.3   130.3   121.6   116.2   127.1   100.0   30.12   71.40   90.20   90.87   139.7   127.7   136.2   105.6   100.7   110.5   100.9   104.2   99.66   93.91   100.8   129.8   149.9   131.3   45.09   65.95   165.0   165.1   167.6   131.0   194.8   183.3   165.4   117.4   102.3   155.9   154.0   143.2   118.4   197.0   174.1   141.1   185.0   53.81   213.5   219.6   225.9   187.3   168.1   175.5   177.2   155.7   150.3   223.0   176.7   149.2   121.1   126.9   161.9   122.8   142.8   123.3   158.1   147.1   130.5   82.52   96.99   133.3   124.2   96.23   111.4   171.2   167.1   215.3   218.0   209.2   242.3   232.7   158.0   152.7   194.4   156.5   
   1.70e3  20.16   24.60   31.53   64.40   76.50   97.82   64.65   53.25   60.36   60.15   109.6   134.3   125.4   119.8   131.1   103.1   31.05   73.59   92.98   93.66   144.0   131.6   140.4   108.8   103.8   113.9   104.0   107.4   102.7   96.80   103.9   133.8   154.6   135.4   46.48   67.98   170.1   170.2   172.7   135.0   200.8   189.0   170.5   121.0   105.4   160.7   158.7   147.6   122.1   203.0   179.4   145.4   190.7   55.47   220.1   226.4   232.8   193.1   173.3   180.9   182.7   160.5   155.0   229.9   182.1   153.8   124.8   130.8   166.9   126.6   147.2   127.1   162.9   151.6   134.5   85.06   99.98   137.4   128.1   99.20   114.9   176.5   172.2   221.9   224.7   215.7   249.7   239.8   162.9   157.4   200.4   161.3   
   1.80e3  20.74   25.32   32.44   66.27   78.72   100.7   66.52   54.79   62.11   61.89   112.8   138.2   129.0   123.3   134.9   106.1   31.95   75.73   95.68   96.38   148.1   135.4   144.5   112.0   106.8   117.2   107.0   110.5   105.7   99.61   106.9   137.7   159.0   139.3   47.82   69.95   175.0   175.1   177.7   138.9   206.6   194.4   175.4   124.5   108.5   165.3   163.3   151.8   125.6   208.9   184.6   149.6   196.2   57.08   226.5   232.9   239.6   198.7   178.3   186.2   188.0   165.2   159.5   236.6   187.4   158.3   128.5   134.6   171.8   130.3   151.5   130.8   167.7   156.0   138.4   87.52   102.9   141.3   131.8   102.1   118.2   181.6   177.2   228.3   231.2   221.9   257.0   246.8   167.6   161.9   206.2   166.0   
   2.00e3  21.86   26.69   34.19   69.85   82.98   106.1   70.12   57.76   65.47   65.24   118.9   145.7   136.0   130.0   142.2   111.8   33.67   79.82   100.9   101.6   156.1   142.7   152.3   118.0   112.6   123.6   112.8   116.5   111.4   105.0   112.7   145.1   167.6   146.8   50.41   73.74   184.5   184.6   187.3   146.4   217.8   205.0   184.9   131.3   114.4   174.3   172.2   160.0   132.4   220.2   194.6   157.7   206.8   60.17   238.8   245.5   252.6   209.4   188.0   196.3   198.2   174.1   168.1   249.4   197.5   166.8   135.4   141.9   181.1   137.3   159.7   137.9   176.7   164.5   145.9   92.26   108.4   149.0   138.9   107.6   124.6   191.5   186.8   240.7   243.7   233.9   270.9   260.1   176.7   170.7   217.4   175.0   
   2.25e3  23.19   28.31   36.27   74.09   88.01   112.5   74.37   61.26   69.44   69.20   126.1   154.6   144.2   137.9   150.8   118.6   35.72   84.66   107.0   107.8   165.6   151.4   161.5   125.2   119.4   131.1   119.7   123.6   118.2   111.4   119.5   153.9   177.8   155.7   53.47   78.21   195.7   195.8   198.7   155.3   231.0   217.4   196.1   139.2   121.3   184.8   182.6   169.8   140.5   233.6   206.4   167.3   219.4   63.82   253.2   260.4   267.9   222.1   199.4   208.2   210.2   184.6   178.3   264.5   209.5   177.0   143.6   150.5   192.0   145.6   169.4   146.3   187.5   174.5   154.8   97.85   115.0   158.0   147.3   114.1   132.1   203.1   198.1   255.3   258.5   248.1   287.3   275.9   187.4   181.0   230.6   185.6   
   2.50e3  24.44   29.84   38.23   78.10   92.77   118.6   78.39   64.58   73.20   72.94   132.9   162.9   152.0   145.3   158.9   125.0   37.65   89.24   112.8   113.6   174.6   159.6   170.2   132.0   125.9   138.2   126.2   130.3   124.6   117.4   125.9   162.2   187.4   164.1   56.36   82.44   206.3   206.4   209.5   163.7   243.5   229.2   206.7   146.8   127.9   194.8   192.5   178.9   148.1   246.2   217.6   176.4   231.2   67.27   266.9   274.5   282.4   234.1   210.2   219.4   221.6   194.6   187.9   278.8   220.8   186.5   151.4   158.6   202.4   153.5   178.5   154.2   197.6   183.9   163.2   103.1   121.2   166.6   155.3   120.3   139.3   214.0   208.8   269.1   272.4   261.5   302.8   290.8   197.5   190.8   243.1   195.6   
   2.75e3  25.64   31.29   40.10   81.91   97.30   124.4   82.22   67.73   76.77   76.50   139.4   170.9   159.4   152.4   166.7   131.1   39.49   93.60   118.3   119.1   183.1   167.4   178.6   138.4   132.0   144.9   132.3   136.6   130.7   123.1   132.1   170.2   196.6   172.2   59.11   86.46   216.4   216.5   219.7   171.7   255.4   240.3   216.8   153.9   134.1   204.3   201.9   187.7   155.3   258.2   228.2   185.0   242.5   70.55   280.0   287.9   296.1   245.6   220.4   230.1   232.4   204.1   197.1   292.4   231.6   195.6   158.8   166.4   212.3   161.0   187.2   161.7   207.2   192.9   171.1   108.2   127.2   174.7   162.9   126.2   146.1   224.5   219.0   282.2   285.7   274.3   317.6   305.0   207.2   200.1   254.9   205.2   
   3.00e3  26.78   32.69   41.88   85.55   101.6   129.9   85.88   70.74   80.19   79.90   145.6   178.5   166.5   159.2   174.1   137.0   41.24   97.76   123.5   124.4   191.2   174.8   186.5   144.5   137.9   151.4   138.2   142.7   136.5   128.6   138.0   177.7   205.3   179.8   61.74   90.31   226.0   226.1   229.4   179.4   266.7   251.0   226.4   160.8   140.1   213.4   210.9   196.0   162.2   269.7   238.4   193.2   253.3   73.69   292.4   300.7   309.3   256.5   230.2   240.4   242.7   213.2   205.8   305.4   241.9   204.3   165.8   173.8   221.8   168.2   195.6   168.9   216.5   201.5   178.7   113.0   132.8   182.5   170.1   131.8   152.6   234.5   228.8   294.8   298.4   286.5   331.7   318.6   216.4   209.0   266.3   214.3   
   3.25e3  27.87   34.02   43.59   89.04   105.8   135.3   89.38   73.63   83.46   83.17   151.6   185.7   173.3   165.7   181.2   142.6   42.93   101.8   128.6   129.5   199.0   181.9   194.1   150.5   143.5   157.5   143.8   148.5   142.0   133.8   143.6   185.0   213.7   187.2   64.26   93.99   235.2   235.3   238.8   186.7   277.6   261.3   235.7   167.3   145.8   222.1   219.5   204.0   168.8   280.7   248.1   201.1   263.6   76.70   304.4   313.0   321.9   267.0   239.6   250.2   252.6   221.9   214.3   317.9   251.8   212.7   172.6   180.9   230.8   175.0   203.6   175.8   225.3   209.7   186.0   117.6   138.2   189.9   177.1   137.2   158.8   244.1   238.1   306.8   310.6   298.2   345.3   331.6   225.2   217.6   277.1   223.0   
   3.50e3  28.92   35.30   45.24   92.41   109.8   140.4   92.76   76.41   86.61   86.30   157.3   192.8   179.9   171.9   188.1   148.0   44.55   105.6   133.4   134.4   206.6   188.8   201.4   156.1   148.9   163.5   149.3   154.1   147.4   138.9   149.0   192.0   221.8   194.2   66.69   97.54   244.1   244.2   247.8   193.7   288.1   271.1   244.6   173.7   151.3   230.5   227.8   211.7   175.2   291.3   257.5   208.7   273.6   79.59   315.8   324.8   334.1   277.0   248.7   259.6   262.1   230.3   222.3   329.9   261.3   220.7   179.1   187.7   239.5   181.7   211.2   182.4   233.8   217.6   193.1   122.0   143.5   197.1   183.8   142.3   164.8   253.3   247.1   318.4   322.4   309.5   358.3   344.1   233.7   225.8   287.6   231.5   
   3.75e3  29.94   36.54   46.82   95.65   113.6   145.3   96.01   79.09   89.65   89.33   162.8   199.5   186.2   178.0   194.7   153.1   46.11   109.3   138.1   139.1   213.8   195.4   208.5   161.6   154.1   169.2   154.5   159.5   152.6   143.8   154.3   198.7   229.6   201.0   69.03   101.0   252.7   252.8   256.5   200.5   298.2   280.7   253.2   179.8   156.6   238.6   235.8   219.2   181.3   301.5   266.5   216.0   283.2   82.39   326.9   336.2   345.8   286.8   257.4   268.7   271.3   238.4   230.1   341.5   270.5   228.5   185.4   194.3   247.9   188.0   218.6   188.8   242.0   225.2   199.8   126.3   148.5   204.0   190.2   147.3   170.6   262.2   255.8   329.6   333.7   320.3   370.9   356.2   241.9   233.7   297.7   239.6   
   4.00e3  30.92   37.74   48.36   98.79   117.3   150.1   99.16   81.68   92.59   92.26   168.1   206.1   192.3   183.8   201.0   158.2   47.62   112.9   142.6   143.7   220.8   201.8   215.3   166.9   159.2   174.8   159.6   164.8   157.6   148.5   159.3   205.2   237.1   207.6   71.29   104.3   260.9   261.1   264.9   207.1   308.0   289.9   261.5   185.7   161.7   246.4   243.5   226.3   187.3   311.4   275.2   223.1   292.5   85.09   337.7   347.2   357.2   296.2   265.8   277.6   280.2   246.2   237.7   352.7   279.3   236.0   191.5   200.6   256.1   194.2   225.8   195.0   249.9   232.6   206.4   130.5   153.4   210.7   196.4   152.2   176.2   270.8   264.2   340.4   344.6   330.8   383.1   367.9   249.9   241.4   307.4   247.4   
   4.50e3  32.79   40.03   51.29   104.8   124.5   159.2   105.2   86.64   98.21   97.86   178.3   218.6   204.0   195.0   213.2   167.8   50.51   119.7   151.3   152.4   234.2   214.1   228.4   177.0   168.8   185.4   169.3   174.8   167.1   157.5   169.0   217.7   251.5   220.2   75.61   110.6   276.8   276.9   281.0   219.7   326.7   307.4   277.3   196.9   171.5   261.4   258.3   240.1   198.6   330.3   291.9   236.6   310.2   90.25   358.1   368.3   378.8   314.1   282.0   294.4   297.2   261.1   252.1   374.0   296.3   250.3   203.1   212.8   271.6   206.0   239.5   206.8   265.1   246.7   218.9   138.4   162.7   223.5   208.4   161.4   186.9   287.2   280.2   361.0   365.5   350.9   406.3   390.2   265.0   256.0   326.1   262.4   
   5.00e3  34.57   42.20   54.07   110.4   131.2   167.8   110.9   91.32   103.5   103.2   188.0   230.4   215.0   205.5   224.8   176.8   53.24   126.2   159.5   160.6   246.9   225.7   240.8   186.6   178.0   195.4   178.4   184.2   176.2   166.0   178.1   229.5   265.1   232.1   79.70   116.6   291.7   291.9   296.2   231.5   344.3   324.1   292.3   207.6   180.8   275.5   272.2   253.1   209.4   348.2   307.7   249.4   327.0   95.13   377.5   388.2   399.3   331.1   297.2   310.3   313.3   275.3   265.8   394.3   312.3   263.8   214.1   224.3   286.3   217.1   252.5   218.0   279.4   260.1   230.7   145.9   171.5   235.6   219.6   170.1   197.0   302.7   295.3   380.5   385.3   369.9   428.3   411.3   279.4   269.9   343.7   276.6   
   5.50e3  36.26   44.26   56.71   115.8   137.6   176.0   116.3   95.78   108.6   108.2   197.2   241.6   225.5   215.5   235.7   185.5   55.84   132.4   167.2   168.5   258.9   236.7   252.5   195.7   186.7   204.9   187.1   193.2   184.8   174.1   186.8   240.6   278.0   243.5   83.59   122.3   306.0   306.2   310.7   242.8   361.1   339.9   306.6   217.7   189.7   289.0   285.5   265.4   219.6   365.2   322.8   261.6   343.0   99.78   395.9   407.2   418.8   347.3   311.7   325.5   328.6   288.7   278.7   413.5   327.5   276.7   224.5   235.3   300.3   227.7   264.8   228.7   293.1   272.8   242.0   153.0   179.8   247.1   230.3   178.4   206.6   317.5   309.8   399.1   404.1   387.9   449.2   431.4   293.0   283.0   360.5   290.1   
   6.00e3  37.87   46.22   59.23   121.0   143.7   183.8   121.4   100.0   113.4   113.0   205.9   252.4   235.5   225.1   246.2   193.7   58.32   138.3   174.7   176.0   270.4   247.2   263.7   204.4   195.0   214.1   195.4   201.8   193.0   181.9   195.1   251.4   290.4   254.3   87.31   127.7   319.6   319.8   324.5   253.6   377.2   355.0   320.2   227.4   198.1   301.8   298.2   277.2   229.4   381.4   337.1   273.2   358.2   104.2   413.5   425.3   437.4   362.7   325.6   339.9   343.2   301.5   291.1   431.9   342.1   289.0   234.5   245.7   313.6   237.8   276.6   238.8   306.1   284.9   252.8   159.8   187.8   258.0   240.6   186.4   215.8   331.6   323.5   416.9   422.1   405.2   469.2   450.5   306.0   295.6   376.5   303.0   
   6.50e3  39.41   48.11   61.65   125.9   149.6   191.3   126.4   104.1   118.0   117.6   214.3   262.7   245.1   234.3   256.3   201.6   60.71   143.9   181.8   183.1   281.5   257.3   274.5   212.8   202.9   222.8   203.4   210.1   200.9   189.3   203.1   261.6   302.2   264.7   90.88   132.9   332.6   332.8   337.7   264.0   392.6   369.5   333.3   236.7   206.2   314.1   310.4   288.5   238.7   397.0   350.9   284.4   372.9   108.5   430.4   442.6   455.3   377.5   338.9   353.8   357.2   313.8   303.0   449.6   356.1   300.8   244.1   255.8   326.4   247.6   287.9   248.6   318.6   296.5   263.1   166.3   195.5   268.6   250.4   194.0   224.6   345.1   336.7   433.9   439.3   421.7   488.3   468.9   318.5   307.7   391.9   315.4   
   7.00e3  40.90   49.93   63.97   130.7   155.2   198.5   131.2   108.1   122.5   122.1   222.4   272.6   254.4   243.1   266.0   209.2   63.00   149.3   188.7   190.1   292.1   267.0   284.9   220.8   210.6   231.2   211.1   218.0   208.5   196.4   210.8   271.5   313.6   274.7   94.31   137.9   345.2   345.4   350.5   274.0   407.4   383.5   345.9   245.6   214.0   326.0   322.1   299.4   247.8   412.0   364.1   295.1   386.9   112.6   446.7   459.3   472.5   391.8   351.7   367.2   370.7   325.7   314.4   466.5   369.5   312.1   253.3   265.4   338.7   256.9   298.7   258.0   330.6   307.7   273.0   172.6   202.9   278.7   259.9   201.3   233.1   358.2   349.4   450.3   455.9   437.6   506.7   486.6   330.5   319.3   406.7   327.3   
   8.00e3  43.73   53.38   68.39   139.7   166.0   212.2   140.2   115.5   130.9   130.5   237.8   291.4   271.9   259.9   284.3   223.7   67.35   159.6   201.7   203.2   312.3   285.4   304.5   236.0   225.1   247.2   225.7   233.0   222.8   210.0   225.3   290.2   335.3   293.6   100.8   147.5   369.0   369.2   374.7   292.9   435.5   409.9   369.8   262.6   228.7   348.5   344.4   320.1   264.9   440.4   389.3   315.5   413.6   120.3   477.5   491.1   505.1   418.8   375.9   392.5   396.3   348.2   336.2   498.7   395.0   333.7   270.8   283.7   362.1   274.6   319.4   275.8   353.5   329.0   291.9   184.5   216.9   298.0   277.8   215.2   249.2   382.9   373.6   481.4   487.4   467.8   541.7   520.2   353.4   341.3   434.8   349.9   
   9.00e3  46.38   56.61   72.54   148.2   176.0   225.1   148.7   122.5   138.9   138.4   252.2   309.1   288.4   275.7   301.6   237.2   71.43   169.3   213.9   215.5   331.2   302.8   323.0   250.4   238.8   262.2   239.4   247.2   236.4   222.7   239.0   307.8   355.6   311.4   106.9   156.4   391.4   391.6   397.4   310.7   462.0   434.8   392.2   278.5   242.6   369.7   365.3   339.5   280.9   467.1   412.9   334.6   438.7   127.6   506.5   520.8   535.8   444.2   398.7   416.3   420.4   369.3   356.5   529.0   419.0   353.9   287.2   301.0   384.1   291.3   338.7   292.5   374.9   348.9   309.6   195.7   230.0   316.0   294.7   228.2   264.3   406.1   396.2   510.6   516.9   496.2   574.6   551.8   374.8   362.0   461.2   371.2   
   10.0e3  48.89   59.68   76.46   156.2   185.5   237.3   156.8   129.2   146.4   145.9   265.8   325.8   304.0   290.6   317.9   250.1   75.30   178.5   225.5   227.2   349.1   319.1   340.5   263.9   251.7   276.3   252.3   260.5   249.1   234.8   251.9   324.5   374.9   328.3   112.7   164.9   412.6   412.8   418.9   327.5   487.0   458.3   413.4   293.5   255.7   389.6   385.0   357.9   296.1   492.4   435.2   352.7   462.5   134.5   533.9   549.0   564.7   468.3   420.3   438.9   443.1   389.3   375.8   557.6   441.6   373.1   302.8   317.2   404.9   307.1   357.1   308.3   395.2   367.8   326.3   206.3   242.5   333.1   310.6   240.6   278.6   428.1   417.7   538.2   544.9   523.1   605.7   581.6   395.1   381.6   486.1   391.2   
   11.0e3  51.27   62.59   80.19   163.8   194.6   248.8   164.4   135.5   153.5   153.0   278.8   341.7   318.9   304.8   333.4   262.3   78.97   187.2   236.5   238.3   366.2   334.7   357.1   276.8   264.0   289.8   264.6   273.3   261.3   246.2   264.2   340.3   393.2   344.3   118.2   172.9   432.7   433.0   439.4   343.4   510.7   480.7   433.6   307.9   268.2   408.7   403.8   375.3   310.6   516.4   456.4   369.9   485.0   141.1   559.9   575.8   592.3   491.1   440.8   460.3   464.7   408.3   394.2   584.8   463.2   391.3   317.5   332.7   424.6   322.0   374.5   323.4   414.5   385.8   342.3   216.4   254.3   349.4   325.8   252.3   292.2   449.0   438.1   564.4   571.5   548.6   635.2   610.0   414.3   400.3   509.8   410.3   
   12.0e3  53.55   65.37   83.76   171.1   203.3   259.9   171.8   141.5   160.4   159.8   291.2   356.9   333.1   318.4   348.2   274.0   82.48   195.5   247.0   248.8   382.5   349.6   373.0   289.1   275.7   302.7   276.4   285.4   272.9   257.2   275.9   355.5   410.6   359.6   123.5   180.6   452.0   452.2   458.9   358.7   533.4   502.1   452.9   321.6   280.1   426.8   421.8   392.0   324.4   539.4   476.7   386.4   506.6   147.4   584.8   601.4   618.6   513.0   460.4   480.7   485.4   426.4   411.7   610.8   483.8   408.7   331.7   347.5   443.5   336.4   391.1   337.8   432.9   402.9   357.5   226.0   265.6   364.9   340.2   263.5   305.2   469.0   457.5   589.5   596.9   573.0   663.5   637.1   432.8   418.1   532.5   428.6   
   13.0e3  55.74   68.04   87.18   178.1   211.6   270.5   178.8   147.3   166.9   166.3   303.1   371.5   346.7   331.4   362.4   285.1   85.85   203.5   257.1   259.0   398.1   363.9   388.2   300.9   287.0   315.1   287.7   297.1   284.1   267.7   287.2   370.0   427.4   374.3   128.5   188.0   470.4   470.7   477.6   373.4   555.2   522.6   471.4   334.7   291.6   444.3   439.0   408.0   337.6   561.4   496.2   402.2   527.3   153.4   608.7   626.0   643.9   533.9   479.2   500.4   505.2   443.8   428.5   635.8   503.6   425.4   345.2   361.7   461.6   350.1   407.1   351.6   450.6   419.4   372.1   235.2   276.5   379.8   354.1   274.3   317.6   488.1   476.2   613.6   621.3   596.4   690.6   663.2   450.4   435.1   554.3   446.1   
   14.0e3  57.84   70.61   90.47   184.8   219.5   280.7   185.5   152.8   173.2   172.6   314.6   385.5   359.8   343.9   376.1   295.9   89.09   211.2   266.8   268.8   413.1   377.6   402.9   312.3   297.8   327.0   298.5   308.3   294.8   277.8   298.1   383.9   443.5   388.4   133.4   195.1   488.2   488.5   495.7   387.4   576.2   542.3   489.2   347.3   302.6   461.0   455.6   423.4   350.4   582.6   514.9   417.3   547.2   159.2   631.7   649.6   668.2   554.1   497.3   519.3   524.3   460.6   444.7   659.8   522.6   441.4   358.2   375.4   479.0   363.3   422.5   364.8   467.6   435.2   386.1   244.1   286.9   394.2   367.5   284.7   329.6   506.5   494.2   636.8   644.7   618.9   716.6   688.2   467.4   451.6   575.2   462.9   
   15.0e3  59.87   73.09   93.65   191.3   227.2   290.6   192.0   158.2   179.3   178.7   325.6   399.0   372.4   355.9   389.3   306.3   92.22   218.6   276.2   278.2   427.6   390.9   417.0   323.2   308.3   338.5   309.0   319.1   305.1   287.5   308.5   397.4   459.1   402.1   138.1   201.9   505.3   505.6   513.1   401.0   596.4   561.3   506.3   359.5   313.2   477.2   471.5   438.3   362.7   603.0   533.0   432.0   566.4   164.8   653.9   672.4   691.7   573.5   514.8   537.5   542.7   476.8   460.3   682.9   540.9   456.9   370.8   388.5   495.9   376.1   437.3   377.6   484.0   450.5   399.7   252.7   297.0   408.0   380.4   294.7   341.2   524.3   511.5   659.1   667.4   640.6   741.8   712.4   483.8   467.4   595.4   479.2   
   16.0e3  61.84   75.48   96.72   197.6   234.7   300.1   198.3   163.4   185.2   184.5   336.3   412.1   384.6   367.6   402.1   316.3   95.24   225.8   285.2   287.3   441.6   403.7   430.7   333.8   318.4   349.6   319.1   329.6   315.1   297.0   318.6   410.5   474.2   415.3   142.6   208.6   521.9   522.2   529.9   414.2   616.0   579.7   522.9   371.3   323.5   492.9   487.0   452.7   374.6   622.8   550.5   446.1   585.0   170.2   675.3   694.5   714.3   592.3   531.7   555.1   560.5   492.4   475.4   705.3   558.6   471.9   383.0   401.3   512.1   388.4   451.6   390.0   499.9   465.2   412.8   260.9   306.7   421.4   392.9   304.3   352.4   541.5   528.3   680.7   689.2   661.6   766.1   735.7   499.7   482.7   614.9   494.9   
   17.0e3  63.74   77.81   99.69   203.7   241.9   309.3   204.4   168.4   190.9   190.2   346.6   424.8   396.4   378.9   414.5   326.1   98.17   232.7   294.0   296.2   455.2   416.1   443.9   344.1   328.2   360.3   329.0   339.7   324.8   306.1   328.4   423.1   488.7   428.0   147.0   215.0   538.0   538.3   546.2   426.9   634.9   597.6   539.0   382.7   333.4   508.0   502.0   466.6   386.1   642.0   567.4   459.9   603.0   175.4   696.1   715.8   736.3   610.5   548.0   572.2   577.7   507.5   490.0   727.0   575.8   486.4   394.8   413.6   527.9   400.4   465.5   402.0   515.3   479.6   425.5   269.0   316.2   434.4   405.0   313.7   363.2   558.2   544.6   701.7   710.5   682.0   789.7   758.4   515.1   497.6   633.8   510.1   
   18.0e3  65.59   80.06   102.6   209.6   248.9   318.3   210.4   173.3   196.4   195.7   356.7   437.1   407.9   389.9   426.5   335.5   101.0   239.5   302.6   304.8   468.4   428.2   456.8   354.1   337.7   370.8   338.5   349.6   334.3   315.0   338.0   435.4   502.9   440.5   151.2   221.2   553.6   553.9   562.0   439.3   653.3   614.9   554.7   393.8   343.1   522.8   516.6   480.1   397.3   660.6   583.9   473.2   620.5   180.5   716.3   736.6   757.7   628.2   563.9   588.8   594.5   522.3   504.2   748.1   592.5   500.5   406.2   425.6   543.2   412.0   479.0   413.7   530.2   493.5   437.8   276.8   325.3   447.0   416.7   322.8   373.8   574.4   560.4   722.0   731.1   701.8   812.6   780.3   530.0   512.0   652.2   524.9   
   20.0e3  69.14   84.39   108.1   220.9   262.4   335.5   221.7   182.6   207.0   206.3   376.0   460.8   430.0   411.0   449.5   353.7   106.5   252.4   318.9   321.3   493.8   451.3   481.5   373.2   356.0   390.8   356.8   368.5   352.3   332.0   356.2   458.9   530.1   464.3   159.4   233.2   583.5   583.8   592.4   463.1   688.7   648.2   584.7   415.1   361.7   551.0   544.5   506.1   418.8   696.3   615.5   498.8   654.0   190.3   755.0   776.4   798.6   662.2   594.4   620.6   626.7   550.5   531.5   788.6   624.6   527.6   428.2   448.6   572.6   434.2   504.9   436.0   558.9   520.1   461.5   291.7   342.9   471.1   439.3   340.2   394.0   605.4   590.7   761.1   770.6   739.7   856.6   822.6   558.7   539.7   687.5   553.3   
   22.5e3  73.33   89.51   114.7   234.3   278.3   355.9   235.2   193.7   219.6   218.8   398.8   488.7   456.1   435.9   476.8   375.1   112.9   267.7   338.3   340.7   523.7   478.7   510.7   395.9   377.6   414.5   378.5   390.8   373.7   352.2   377.8   486.7   562.3   492.4   169.1   247.3   618.9   619.2   628.4   491.2   730.4   687.5   620.1   440.3   383.6   584.5   577.5   536.8   444.2   738.6   652.8   529.1   693.7   201.8   800.8   823.5   847.1   702.4   630.5   658.3   664.7   583.9   563.7   836.4   662.5   559.6   454.1   475.9   607.3   460.6   535.6   462.5   592.8   551.7   489.5   309.4   363.7   499.7   465.9   360.9   417.9   642.1   626.5   807.3   817.3   784.6   908.5   872.5   592.6   572.4   729.2   586.8   
   25.0e3  77.30   94.36   120.9   247.0   293.4   375.1   247.9   204.2   231.5   230.7   420.3   515.2   480.7   459.5   502.6   395.4   119.1   282.2   356.6   359.2   552.0   504.6   538.4   417.3   398.0   436.9   398.9   411.9   393.9   371.2   398.3   513.1   592.7   519.1   178.2   260.7   652.4   652.7   662.4   517.8   769.9   724.7   653.7   464.1   404.3   616.1   608.8   565.9   468.2   778.5   688.1   557.7   731.2   212.7   844.1   868.1   892.9   740.4   664.6   693.9   700.6   615.5   594.2   881.6   698.3   589.9   478.7   501.6   640.2   485.5   564.6   487.5   624.9   581.5   516.0   326.2   383.4   526.7   491.1   380.4   440.5   676.9   660.4   850.9   861.6   827.0   957.7   919.6   624.6   603.4   768.6   618.6   
   27.5e3  81.07   98.96   126.8   259.0   307.7   393.4   260.0   214.2   242.8   241.9   440.9   540.3   504.2   481.9   527.1   414.7   124.9   296.0   374.0   376.7   579.0   529.2   564.6   437.6   417.4   458.3   418.4   432.1   413.2   389.3   417.7   538.1   621.6   544.4   186.9   273.4   684.2   684.6   694.7   543.0   807.5   760.0   685.6   486.8   424.1   646.2   638.5   593.5   491.1   816.5   721.7   584.9   766.9   223.1   885.3   910.4   936.5   776.5   697.0   727.8   734.8   645.5   623.2   924.7   732.4   618.7   502.1   526.1   671.4   509.2   592.1   511.3   655.4   609.9   541.2   342.1   402.1   552.5   515.1   399.0   462.0   709.9   692.6   892.5   903.6   867.4   1.004e3 964.5   655.1   632.9   806.1   648.8   
   30.0e3  84.68   103.4   132.4   270.5   321.4   410.9   271.6   223.7   253.6   252.7   460.5   564.3   526.6   503.4   550.6   433.2   130.4   309.2   390.6   393.5   604.7   552.8   589.7   457.1   436.0   478.6   437.0   451.3   431.5   406.6   436.3   562.0   649.3   568.6   195.2   285.6   714.6   715.0   725.6   567.2   843.4   793.8   716.1   508.4   442.9   674.9   666.9   619.9   512.9   852.8   753.8   610.9   801.0   233.0   924.7   950.9   978.1   811.1   728.0   760.1   767.5   674.2   651.0   965.8   765.0   646.2   524.4   549.5   701.3   531.8   618.4   534.0   684.5   637.1   565.2   357.3   420.0   577.0   538.0   416.7   482.5   741.5   723.4   932.1   943.8   906.0   1.049e3 1.007e3 684.3   661.0   842.0   677.6   
   32.5e3  88.13   107.6   137.8   281.6   334.5   427.7   282.7   232.8   263.9   263.0   479.3   587.4   548.1   523.9   573.1   450.8   135.7   321.8   406.5   409.5   629.4   575.3   613.8   475.8   453.8   498.2   454.9   469.7   449.2   423.3   454.1   585.0   675.8   591.8   203.2   297.2   743.8   744.2   755.2   590.3   877.9   826.2   745.3   529.2   461.0   702.4   694.1   645.2   533.8   887.7   784.6   635.9   833.7   242.5   962.5   989.7   1.018e3 844.2   757.7   791.2   798.8   701.8   677.5   1.005e3 796.2   672.6   545.8   571.9   729.9   553.6   643.7   555.9   712.5   663.1   588.3   371.9   437.1   600.6   559.9   433.7   502.2   771.8   753.0   970.2   982.3   943.0   1.092e3 1.049e3 712.2   688.0   876.4   705.3   
   35.0e3  91.46   111.6   143.0   292.2   347.1   443.9   293.3   241.6   273.9   272.9   497.3   609.6   568.8   543.7   594.7   467.9   140.9   333.9   421.9   425.0   653.2   597.0   637.0   493.7   470.9   517.0   472.0   487.4   466.1   439.2   471.3   607.1   701.3   614.2   210.9   308.5   771.9   772.3   783.7   612.6   911.0   857.4   773.4   549.2   478.4   729.0   720.3   669.5   554.0   921.2   814.2   659.9   865.2   251.7   998.8   1.027e3 1.057e3 876.0   786.3   821.0   829.0   728.3   703.1   1.043e3 826.2   698.0   566.4   593.5   757.4   574.4   668.0   576.8   739.3   688.1   610.5   385.9   453.6   623.2   581.1   450.1   521.2   800.9   781.4   1.007e3 1.019e3 978.6   1.133e3 1.088e3 739.1   714.0   909.4   731.9   
   37.5e3  94.67   115.6   148.1   302.5   359.3   459.4   303.6   250.1   283.5   282.5   514.8   631.0   588.8   562.8   615.6   484.3   145.8   345.6   436.7   439.9   676.1   618.0   659.4   511.1   487.4   535.1   488.6   504.5   482.5   454.6   487.8   628.4   725.9   635.7   218.3   319.3   799.0   799.4   811.2   634.1   943.0   887.5   800.6   568.4   495.2   754.5   745.6   693.0   573.4   953.5   842.8   683.0   895.6   260.5   1.034e3 1.063e3 1.094e3 906.8   813.9   849.8   858.1   753.8   727.8   1.080e3 855.2   722.4   586.3   614.3   784.0   594.6   691.4   597.1   765.3   712.2   631.9   399.5   469.6   645.1   601.5   465.9   539.5   829.0   808.8   1.042e3 1.055e3 1.013e3 1.173e3 1.126e3 765.0   739.0   941.4   757.6   
   40.0e3  97.78   119.4   152.9   312.4   371.1   474.5   313.6   258.3   292.8   291.8   531.7   651.6   608.1   581.2   635.7   500.2   150.6   357.0   451.0   454.3   698.3   638.3   681.0   527.8   503.4   552.7   504.6   521.1   498.3   469.6   503.8   649.0   749.7   656.6   225.4   329.8   825.2   825.6   837.8   654.9   973.9   916.6   826.8   587.1   511.5   779.3   770.0   715.8   592.2   984.8   870.4   705.4   924.9   269.1   1.068e3 1.098e3 1.129e3 936.5   840.6   877.7   886.2   778.5   751.7   1.115e3 883.3   746.1   605.5   634.5   809.7   614.1   714.1   616.7   790.4   735.6   652.7   412.6   485.0   666.3   621.2   481.2   557.2   856.2   835.3   1.076e3 1.090e3 1.046e3 1.211e3 1.163e3 790.1   763.3   972.2   782.5   
   45.0e3  103.7   126.6   162.2   331.3   393.6   503.3   332.6   274.0   310.6   309.5   563.9   691.2   645.0   616.5   674.3   530.5   159.7   378.6   478.4   481.9   740.6   677.0   722.3   559.8   533.9   586.2   535.2   552.7   528.5   498.0   534.4   688.4   795.2   696.4   239.1   349.8   875.2   875.7   888.6   694.6   1.033e3 972.2   877.0   622.7   542.5   826.6   816.7   759.2   628.2   1.044e3 923.2   748.2   981.1   285.4   1.133e3 1.165e3 1.198e3 993.3   891.6   931.0   940.0   825.8   797.3   1.183e3 936.9   791.4   642.3   673.0   858.9   651.4   757.4   654.1   838.3   780.2   692.2   437.6   514.4   706.7   658.9   510.4   591.0   908.1   886.0   1.142e3 1.156e3 1.110e3 1.285e3 1.234e3 838.1   809.6   1.031e3 829.9   
   50.0e3  109.3   133.4   171.0   349.3   414.9   530.5   350.6   288.8   327.4   326.2   594.4   728.6   679.9   649.8   710.8   559.2   168.4   399.1   504.3   508.0   780.7   713.6   761.4   590.1   562.8   617.9   564.2   582.6   557.1   525.0   563.3   725.6   838.2   734.1   252.1   368.7   922.6   923.1   936.7   732.2   1.089e3 1.025e3 924.4   656.4   571.8   871.3   860.9   800.2   662.1   1.101e3 973.1   788.7   1.034e3 300.8   1.194e3 1.228e3 1.263e3 1.047e3 939.9   981.3   990.8   870.4   840.4   1.247e3 987.5   834.2   677.0   709.4   905.3   686.6   798.4   689.5   883.7   822.4   729.7   461.3   542.2   744.9   694.5   538.0   622.9   957.3   933.9   1.203e3 1.218e3 1.170e3 1.354e3 1.301e3 883.4   853.4   1.087e3 874.8   
   55.0e3  114.7   140.0   179.3   366.3   435.1   556.4   367.7   302.9   343.3   342.1   623.5   764.1   713.1   681.6   745.5   586.5   176.6   418.6   528.9   532.7   818.8   748.4   798.5   618.9   590.3   648.1   591.7   611.0   584.3   550.6   590.8   761.0   879.1   769.9   264.4   386.7   967.6   968.2   982.4   767.9   1.142e3 1.075e3 969.6   688.4   599.7   913.8   902.9   839.3   694.5   1.155e3 1.021e3 827.2   1.085e3 315.5   1.252e3 1.288e3 1.324e3 1.098e3 985.7   1.029e3 1.039e3 912.9   881.4   1.308e3 1.036e3 874.9   710.0   744.0   949.5   720.1   837.4   723.1   926.8   862.6   765.3   483.8   568.7   781.3   728.4   564.2   653.4   1.004e3 979.5   1.262e3 1.278e3 1.227e3 1.420e3 1.364e3 926.5   895.0   1.140e3 917.5   
   60.0e3  119.8   146.2   187.3   382.6   454.5   581.1   384.1   316.4   358.6   357.3   651.2   798.1   744.8   711.9   778.6   612.6   184.4   437.2   552.4   556.4   855.2   781.7   834.0   646.4   616.5   676.9   618.0   638.2   610.3   575.1   617.0   794.8   918.2   804.2   276.1   403.9   1.011e3 1.011e3 1.026e3 802.1   1.193e3 1.123e3 1.013e3 719.0   626.4   954.4   943.1   876.6   725.3   1.206e3 1.066e3 864.0   1.133e3 329.5   1.308e3 1.345e3 1.383e3 1.147e3 1.030e3 1.075e3 1.085e3 953.5   920.6   1.366e3 1.082e3 913.8   741.6   777.1   991.7   752.1   874.6   755.3   968.0   900.9   799.3   505.3   594.0   816.0   760.8   589.3   682.4   1.049e3 1.023e3 1.318e3 1.335e3 1.281e3 1.484e3 1.425e3 967.7   934.8   1.191e3 958.3   
   65.0e3  124.6   152.1   194.9   398.2   473.0   604.9   399.8   329.3   373.3   371.9   677.8   830.7   775.2   740.9   810.4   637.6   192.0   455.1   574.9   579.2   890.1   813.6   868.1   672.8   641.7   704.5   643.3   664.2   635.2   598.6   642.2   827.3   955.7   837.0   287.4   420.4   1.052e3 1.052e3 1.068e3 834.8   1.241e3 1.168e3 1.054e3 748.4   652.0   993.4   981.6   912.4   755.0   1.255e3 1.110e3 899.2   1.179e3 343.0   1.361e3 1.400e3 1.440e3 1.194e3 1.072e3 1.119e3 1.130e3 992.4   958.2   1.422e3 1.126e3 951.1   771.9   808.8   1.032e3 782.8   910.3   786.1   1.008e3 937.7   832.0   525.9   618.2   849.3   791.9   613.4   710.3   1.091e3 1.065e3 1.372e3 1.389e3 1.334e3 1.544e3 1.483e3 1.007e3 973.0   1.239e3 997.4   
   70.0e3  129.3   157.9   202.3   413.3   490.9   627.7   414.8   341.7   387.4   386.0   703.4   862.0   804.4   768.9   841.0   661.7   199.2   472.2   596.6   601.0   923.7   844.4   900.9   698.2   665.9   731.1   667.5   689.3   659.2   621.2   666.5   858.5   991.8   868.6   298.2   436.2   1.092e3 1.092e3 1.108e3 866.4   1.288e3 1.213e3 1.094e3 776.6   676.6   1.031e3 1.019e3 946.9   783.5   1.303e3 1.151e3 933.2   1.224e3 356.0   1.412e3 1.453e3 1.494e3 1.239e3 1.112e3 1.161e3 1.172e3 1.030e3 994.3   1.475e3 1.168e3 987.1   801.0   839.3   1.071e3 812.4   944.7   815.8   1.046e3 973.1   863.4   545.8   641.5   881.4   821.8   636.5   737.1   1.133e3 1.105e3 1.424e3 1.442e3 1.384e3 1.602e3 1.539e3 1.045e3 1.010e3 1.286e3 1.035e3 
   80.0e3  138.3   168.8   216.3   441.8   524.8   671.1   443.5   365.3   414.1   412.6   751.9   921.6   860.0   822.0   899.1   707.3   213.0   504.8   637.8   642.5   987.5   902.7   963.1   746.5   711.9   781.6   713.6   736.9   704.7   664.0   712.5   917.8   1.060e3 928.6   318.8   466.3   1.167e3 1.168e3 1.185e3 926.2   1.377e3 1.296e3 1.169e3 830.3   723.3   1.102e3 1.089e3 1.012e3 837.6   1.393e3 1.231e3 997.6   1.308e3 380.5   1.510e3 1.553e3 1.597e3 1.324e3 1.189e3 1.241e3 1.253e3 1.101e3 1.063e3 1.577e3 1.249e3 1.055e3 856.3   897.3   1.145e3 868.5   1.010e3 872.1   1.118e3 1.040e3 923.0   583.5   685.8   942.3   878.5   680.5   788.0   1.211e3 1.181e3 1.522e3 1.541e3 1.479e3 1.713e3 1.645e3 1.117e3 1.079e3 1.375e3 1.107e3 
   90.0e3  146.7   179.0   229.4   468.6   556.6   711.8   470.4   387.5   439.2   437.6   797.5   977.5   912.1   871.8   953.6   750.3   225.9   535.5   676.5   681.5   1.047e3 957.4   1.021e3 791.7   755.1   829.0   756.9   781.6   747.4   704.3   755.7   973.5   1.125e3 984.9   338.2   494.6   1.238e3 1.238e3 1.257e3 982.4   1.461e3 1.375e3 1.240e3 880.6   767.2   1.169e3 1.155e3 1.074e3 888.4   1.477e3 1.306e3 1.058e3 1.387e3 403.6   1.602e3 1.647e3 1.694e3 1.405e3 1.261e3 1.317e3 1.329e3 1.168e3 1.127e3 1.673e3 1.325e3 1.119e3 908.3   951.7   1.215e3 921.2   1.071e3 925.0   1.186e3 1.103e3 979.0   618.9   727.4   999.4   931.8   721.8   835.8   1.284e3 1.253e3 1.615e3 1.635e3 1.569e3 1.817e3 1.745e3 1.185e3 1.145e3 1.458e3 1.174e3 
   100.e3  154.6   188.7   241.8   493.9   586.7   750.3   495.8   408.4   463.0   461.3   840.7   1.030e3 961.5   919.0   1.005e3 790.8   238.1   564.4   713.1   718.4   1.104e3 1.009e3 1.077e3 834.6   796.0   873.9   797.9   823.9   787.9   742.4   796.6   1.026e3 1.185e3 1.038e3 356.5   521.4   1.305e3 1.305e3 1.325e3 1.036e3 1.540e3 1.449e3 1.307e3 928.3   808.7   1.232e3 1.218e3 1.132e3 936.4   1.557e3 1.376e3 1.115e3 1.463e3 425.4   1.688e3 1.736e3 1.786e3 1.481e3 1.329e3 1.388e3 1.401e3 1.231e3 1.188e3 1.763e3 1.397e3 1.180e3 957.4   1.003e3 1.280e3 971.0   1.129e3 975.0   1.250e3 1.163e3 1.032e3 652.4   766.8   1.053e3 982.2   760.8   881.0   1.354e3 1.321e3 1.702e3 1.723e3 1.654e3 1.915e3 1.839e3 1.249e3 1.207e3 1.537e3 1.237e3 
   110.e3  162.1   197.9   253.6   518.0   615.4   786.9   520.0   428.4   485.6   483.8   881.7   1.081e3 1.008e3 963.9   1.054e3 829.4   249.7   592.0   747.9   753.4   1.158e3 1.058e3 1.129e3 875.3   834.8   916.5   836.8   864.1   826.3   778.7   835.5   1.076e3 1.243e3 1.089e3 373.9   546.8   1.368e3 1.369e3 1.389e3 1.086e3 1.615e3 1.520e3 1.371e3 973.6   848.2   1.292e3 1.277e3 1.187e3 982.1   1.633e3 1.443e3 1.170e3 1.534e3 446.2   1.771e3 1.821e3 1.873e3 1.553e3 1.394e3 1.456e3 1.470e3 1.291e3 1.246e3 1.849e3 1.465e3 1.237e3 1.004e3 1.052e3 1.343e3 1.018e3 1.184e3 1.023e3 1.311e3 1.220e3 1.082e3 684.2   804.2   1.105e3 1.030e3 797.9   924.0   1.420e3 1.385e3 1.785e3 1.807e3 1.735e3 2.009e3 1.929e3 1.310e3 1.266e3 1.612e3 1.298e3 
   120.e3  169.4   206.7   264.9   541.1   642.7   821.9   543.2   447.4   507.2   505.3   920.9   1.129e3 1.053e3 1.007e3 1.101e3 866.3   260.8   618.3   781.2   786.9   1.209e3 1.106e3 1.179e3 914.2   871.9   957.3   874.0   902.5   863.1   813.3   872.6   1.124e3 1.299e3 1.137e3 390.5   571.2   1.429e3 1.430e3 1.451e3 1.134e3 1.687e3 1.588e3 1.432e3 1.017e3 885.9   1.350e3 1.334e3 1.240e3 1.026e3 1.706e3 1.508e3 1.222e3 1.602e3 466.1   1.849e3 1.902e3 1.956e3 1.622e3 1.456e3 1.520e3 1.535e3 1.348e3 1.302e3 1.932e3 1.530e3 1.292e3 1.049e3 1.099e3 1.403e3 1.064e3 1.237e3 1.068e3 1.369e3 1.274e3 1.130e3 714.6   840.0   1.154e3 1.076e3 833.4   965.1   1.483e3 1.447e3 1.864e3 1.888e3 1.812e3 2.098e3 2.015e3 1.369e3 1.322e3 1.684e3 1.355e3 
   130.e3  176.3   215.2   275.7   563.2   669.0   855.4   565.3   465.7   527.9   526.0   958.5   1.175e3 1.096e3 1.048e3 1.146e3 901.7   271.5   643.6   813.1   819.0   1.259e3 1.151e3 1.228e3 951.5   907.5   996.4   909.7   939.4   898.3   846.5   908.2   1.170e3 1.352e3 1.184e3 406.4   594.5   1.488e3 1.488e3 1.510e3 1.181e3 1.756e3 1.652e3 1.491e3 1.058e3 922.1   1.405e3 1.388e3 1.290e3 1.068e3 1.775e3 1.569e3 1.272e3 1.668e3 485.1   1.925e3 1.979e3 2.036e3 1.688e3 1.515e3 1.582e3 1.598e3 1.404e3 1.355e3 2.010e3 1.592e3 1.345e3 1.092e3 1.144e3 1.460e3 1.107e3 1.287e3 1.112e3 1.425e3 1.326e3 1.177e3 743.8   874.3   1.201e3 1.120e3 867.4   1.004e3 1.544e3 1.506e3 1.940e3 1.965e3 1.886e3 2.184e3 2.097e3 1.424e3 1.376e3 1.753e3 1.411e3 
   140.e3  182.9   223.3   286.1   584.4   694.2   887.7   586.7   483.3   547.8   545.8   994.7   1.219e3 1.138e3 1.087e3 1.189e3 935.7   281.7   667.8   843.8   850.0   1.306e3 1.194e3 1.274e3 987.5   941.8   1.034e3 944.1   974.9   932.2   878.5   942.5   1.214e3 1.403e3 1.228e3 421.8   616.9   1.544e3 1.545e3 1.567e3 1.225e3 1.822e3 1.715e3 1.547e3 1.098e3 956.9   1.458e3 1.441e3 1.339e3 1.108e3 1.842e3 1.628e3 1.320e3 1.730e3 503.4   1.998e3 2.054e3 2.113e3 1.752e3 1.573e3 1.642e3 1.658e3 1.457e3 1.406e3 2.086e3 1.652e3 1.396e3 1.133e3 1.187e3 1.515e3 1.149e3 1.336e3 1.154e3 1.479e3 1.376e3 1.221e3 771.9   907.3   1.246e3 1.162e3 900.2   1.042e3 1.602e3 1.563e3 2.014e3 2.039e3 1.957e3 2.266e3 2.176e3 1.478e3 1.428e3 1.819e3 1.464e3 
   150.e3  189.3   231.1   296.1   604.9   718.6   918.9   607.3   500.2   567.0   565.0   1.030e3 1.262e3 1.178e3 1.126e3 1.231e3 968.6   291.6   691.3   873.4   879.8   1.352e3 1.236e3 1.319e3 1.022e3 974.8   1.070e3 977.2   1.009e3 964.9   909.3   975.6   1.257e3 1.452e3 1.271e3 436.6   638.6   1.598e3 1.599e3 1.622e3 1.268e3 1.886e3 1.775e3 1.601e3 1.137e3 990.4   1.509e3 1.491e3 1.386e3 1.147e3 1.907e3 1.686e3 1.366e3 1.791e3 521.1   2.068e3 2.126e3 2.187e3 1.814e3 1.628e3 1.700e3 1.716e3 1.508e3 1.456e3 2.160e3 1.710e3 1.445e3 1.173e3 1.229e3 1.568e3 1.189e3 1.383e3 1.194e3 1.531e3 1.424e3 1.264e3 799.0   939.1   1.290e3 1.203e3 931.8   1.079e3 1.658e3 1.618e3 2.084e3 2.110e3 2.026e3 2.346e3 2.253e3 1.530e3 1.478e3 1.883e3 1.515e3 
   160.e3  195.6   238.7   305.8   624.8   742.2   949.0   627.2   516.6   585.6   583.5   1.063e3 1.303e3 1.216e3 1.162e3 1.271e3 1.000e3 301.2   714.0   902.0   908.7   1.397e3 1.277e3 1.362e3 1.056e3 1.007e3 1.105e3 1.009e3 1.042e3 996.6   939.1   1.008e3 1.298e3 1.499e3 1.313e3 450.9   659.5   1.650e3 1.651e3 1.676e3 1.310e3 1.948e3 1.833e3 1.654e3 1.174e3 1.023e3 1.559e3 1.540e3 1.432e3 1.184e3 1.970e3 1.741e3 1.411e3 1.850e3 538.1   2.135e3 2.196e3 2.259e3 1.873e3 1.681e3 1.755e3 1.772e3 1.557e3 1.503e3 2.230e3 1.767e3 1.492e3 1.211e3 1.269e3 1.619e3 1.228e3 1.428e3 1.233e3 1.581e3 1.471e3 1.305e3 825.2   969.9   1.333e3 1.242e3 962.3   1.114e3 1.712e3 1.671e3 2.153e3 2.180e3 2.092e3 2.423e3 2.327e3 1.580e3 1.527e3 1.944e3 1.565e3 
   170.e3  201.6   246.0   315.3   644.0   765.0   978.2   646.5   532.5   603.7   601.5   1.096e3 1.343e3 1.254e3 1.198e3 1.311e3 1.031e3 310.5   735.9   929.8   936.6   1.440e3 1.316e3 1.404e3 1.088e3 1.038e3 1.139e3 1.040e3 1.074e3 1.027e3 968.0   1.039e3 1.338e3 1.546e3 1.354e3 464.8   679.8   1.701e3 1.702e3 1.727e3 1.350e3 2.008e3 1.890e3 1.705e3 1.210e3 1.054e3 1.607e3 1.587e3 1.476e3 1.221e3 2.030e3 1.794e3 1.454e3 1.907e3 554.7   2.201e3 2.264e3 2.328e3 1.931e3 1.733e3 1.809e3 1.827e3 1.605e3 1.550e3 2.299e3 1.821e3 1.538e3 1.248e3 1.308e3 1.669e3 1.266e3 1.472e3 1.271e3 1.629e3 1.516e3 1.345e3 850.6   999.8   1.374e3 1.281e3 992.0   1.149e3 1.765e3 1.722e3 2.219e3 2.247e3 2.157e3 2.497e3 2.398e3 1.629e3 1.574e3 2.004e3 1.613e3 
   180.e3  207.4   253.2   324.4   662.7   787.2   1.007e3 665.2   548.0   621.2   618.9   1.128e3 1.382e3 1.290e3 1.233e3 1.349e3 1.061e3 319.5   757.3   956.8   963.8   1.481e3 1.354e3 1.445e3 1.120e3 1.068e3 1.172e3 1.070e3 1.105e3 1.057e3 996.1   1.069e3 1.377e3 1.590e3 1.393e3 478.3   699.5   1.750e3 1.751e3 1.777e3 1.389e3 2.066e3 1.944e3 1.754e3 1.245e3 1.085e3 1.653e3 1.633e3 1.518e3 1.256e3 2.089e3 1.846e3 1.496e3 1.962e3 570.8   2.265e3 2.329e3 2.396e3 1.987e3 1.783e3 1.862e3 1.880e3 1.652e3 1.595e3 2.366e3 1.874e3 1.583e3 1.285e3 1.346e3 1.718e3 1.303e3 1.515e3 1.308e3 1.677e3 1.560e3 1.384e3 875.2   1.029e3 1.413e3 1.318e3 1.021e3 1.182e3 1.816e3 1.772e3 2.283e3 2.312e3 2.219e3 2.570e3 2.468e3 1.676e3 1.619e3 2.062e3 1.660e3 
   200.e3  218.6   266.9   341.9   698.5   829.8   1.061e3 701.2   577.6   654.8   652.4   1.189e3 1.457e3 1.360e3 1.300e3 1.422e3 1.118e3 336.8   798.2   1.009e3 1.016e3 1.561e3 1.427e3 1.523e3 1.180e3 1.126e3 1.236e3 1.128e3 1.165e3 1.114e3 1.050e3 1.127e3 1.451e3 1.676e3 1.468e3 504.1   737.4   1.845e3 1.846e3 1.873e3 1.464e3 2.178e3 2.050e3 1.849e3 1.313e3 1.144e3 1.743e3 1.722e3 1.600e3 1.324e3 2.202e3 1.946e3 1.577e3 2.068e3 601.7   2.388e3 2.455e3 2.526e3 2.094e3 1.880e3 1.963e3 1.982e3 1.741e3 1.681e3 2.494e3 1.975e3 1.668e3 1.354e3 1.419e3 1.811e3 1.373e3 1.597e3 1.379e3 1.767e3 1.645e3 1.459e3 922.6   1.084e3 1.490e3 1.389e3 1.076e3 1.246e3 1.915e3 1.868e3 2.407e3 2.437e3 2.339e3 2.709e3 2.601e3 1.767e3 1.707e3 2.174e3 1.750e3 
   225.e3  231.9   283.1   362.7   740.9   880.1   1.125e3 743.8   612.7   694.5   692.0   1.261e3 1.546e3 1.442e3 1.379e3 1.508e3 1.186e3 357.2   846.6   1.070e3 1.078e3 1.656e3 1.514e3 1.615e3 1.252e3 1.194e3 1.311e3 1.197e3 1.236e3 1.182e3 1.114e3 1.195e3 1.539e3 1.778e3 1.557e3 534.7   782.1   1.957e3 1.958e3 1.987e3 1.553e3 2.310e3 2.174e3 1.961e3 1.392e3 1.213e3 1.848e3 1.826e3 1.698e3 1.405e3 2.336e3 2.064e3 1.673e3 2.194e3 638.2   2.532e3 2.604e3 2.679e3 2.221e3 1.994e3 2.082e3 2.102e3 1.846e3 1.783e3 2.645e3 2.095e3 1.770e3 1.436e3 1.505e3 1.920e3 1.456e3 1.694e3 1.463e3 1.875e3 1.745e3 1.548e3 978.5   1.150e3 1.580e3 1.473e3 1.141e3 1.321e3 2.031e3 1.981e3 2.553e3 2.585e3 2.481e3 2.873e3 2.759e3 1.874e3 1.810e3 2.306e3 1.856e3 
   250.e3  244.5   298.4   382.3   781.0   927.7   1.186e3 784.0   645.8   732.1   729.4   1.329e3 1.629e3 1.520e3 1.453e3 1.589e3 1.250e3 376.5   892.4   1.128e3 1.136e3 1.746e3 1.596e3 1.702e3 1.320e3 1.259e3 1.382e3 1.262e3 1.303e3 1.246e3 1.174e3 1.259e3 1.622e3 1.874e3 1.641e3 563.6   824.4   2.063e3 2.064e3 2.095e3 1.637e3 2.435e3 2.292e3 2.067e3 1.468e3 1.279e3 1.948e3 1.925e3 1.789e3 1.481e3 2.462e3 2.176e3 1.764e3 2.313e3 672.7   2.669e3 2.745e3 2.824e3 2.341e3 2.102e3 2.194e3 2.216e3 1.946e3 1.879e3 2.788e3 2.208e3 1.865e3 1.514e3 1.586e3 2.024e3 1.535e3 1.785e3 1.542e3 1.976e3 1.839e3 1.632e3 1.031e3 1.212e3 1.666e3 1.553e3 1.203e3 1.393e3 2.140e3 2.088e3 2.691e3 2.725e3 2.615e3 3.028e3 2.908e3 1.975e3 1.908e3 2.431e3 1.956e3 
   275.e3  256.4   312.9   401.0   819.1   973.0   1.244e3 822.3   677.3   767.8   765.0   1.394e3 1.709e3 1.594e3 1.524e3 1.667e3 1.311e3 394.9   936.0   1.183e3 1.191e3 1.831e3 1.674e3 1.786e3 1.384e3 1.320e3 1.449e3 1.323e3 1.366e3 1.307e3 1.231e3 1.321e3 1.702e3 1.966e3 1.722e3 591.2   864.6   2.164e3 2.165e3 2.197e3 1.717e3 2.554e3 2.403e3 2.168e3 1.539e3 1.341e3 2.043e3 2.019e3 1.877e3 1.553e3 2.582e3 2.282e3 1.850e3 2.425e3 705.5   2.800e3 2.879e3 2.961e3 2.456e3 2.204e3 2.301e3 2.324e3 2.041e3 1.971e3 2.924e3 2.316e3 1.956e3 1.588e3 1.664e3 2.123e3 1.610e3 1.872e3 1.617e3 2.072e3 1.929e3 1.711e3 1.082e3 1.272e3 1.747e3 1.629e3 1.262e3 1.461e3 2.245e3 2.190e3 2.822e3 2.858e3 2.743e3 3.176e3 3.050e3 2.072e3 2.001e3 2.549e3 2.052e3 
   300.e3  267.8   326.9   418.8   855.5   1.016e3 1.299e3 858.9   707.5   801.9   799.0   1.456e3 1.785e3 1.665e3 1.592e3 1.741e3 1.370e3 412.4   977.6   1.235e3 1.244e3 1.912e3 1.748e3 1.865e3 1.445e3 1.379e3 1.514e3 1.382e3 1.427e3 1.365e3 1.286e3 1.380e3 1.777e3 2.053e3 1.798e3 617.4   903.1   2.260e3 2.261e3 2.294e3 1.794e3 2.667e3 2.510e3 2.264e3 1.608e3 1.401e3 2.134e3 2.109e3 1.960e3 1.622e3 2.697e3 2.384e3 1.932e3 2.533e3 736.9   2.924e3 3.007e3 3.093e3 2.565e3 2.302e3 2.404e3 2.427e3 2.132e3 2.058e3 3.054e3 2.419e3 2.043e3 1.658e3 1.738e3 2.218e3 1.682e3 1.956e3 1.689e3 2.165e3 2.015e3 1.787e3 1.130e3 1.328e3 1.825e3 1.701e3 1.318e3 1.526e3 2.345e3 2.288e3 2.948e3 2.985e3 2.865e3 3.317e3 3.186e3 2.164e3 2.090e3 2.663e3 2.143e3 
   325.e3  278.7   340.2   435.9   890.4   1.058e3 1.353e3 893.9   736.3   834.7   831.7   1.516e3 1.857e3 1.733e3 1.657e3 1.812e3 1.426e3 429.3   1.018e3 1.286e3 1.295e3 1.990e3 1.819e3 1.941e3 1.505e3 1.435e3 1.575e3 1.438e3 1.485e3 1.420e3 1.338e3 1.436e3 1.850e3 2.137e3 1.872e3 642.7   939.9   2.352e3 2.353e3 2.388e3 1.867e3 2.776e3 2.613e3 2.357e3 1.673e3 1.458e3 2.221e3 2.195e3 2.040e3 1.688e3 2.807e3 2.481e3 2.011e3 2.637e3 767.0   3.044e3 3.130e3 3.219e3 2.670e3 2.396e3 2.502e3 2.526e3 2.219e3 2.143e3 3.179e3 2.518e3 2.127e3 1.726e3 1.809e3 2.308e3 1.750e3 2.036e3 1.758e3 2.253e3 2.097e3 1.860e3 1.176e3 1.382e3 1.899e3 1.771e3 1.372e3 1.588e3 2.441e3 2.381e3 3.068e3 3.107e3 2.982e3 3.453e3 3.316e3 2.252e3 2.176e3 2.771e3 2.230e3 
   350.e3  289.2   353.0   452.4   924.1   1.098e3 1.404e3 927.7   764.1   866.2   863.0   1.573e3 1.928e3 1.799e3 1.719e3 1.881e3 1.480e3 445.5   1.056e3 1.334e3 1.344e3 2.066e3 1.888e3 2.014e3 1.561e3 1.489e3 1.635e3 1.493e3 1.541e3 1.474e3 1.389e3 1.490e3 1.920e3 2.218e3 1.942e3 666.9   975.4   2.441e3 2.442e3 2.478e3 1.937e3 2.881e3 2.711e3 2.446e3 1.737e3 1.513e3 2.305e3 2.278e3 2.117e3 1.752e3 2.913e3 2.575e3 2.087e3 2.736e3 795.9   3.158e3 3.248e3 3.341e3 2.770e3 2.487e3 2.596e3 2.621e3 2.303e3 2.223e3 3.299e3 2.613e3 2.207e3 1.791e3 1.877e3 2.395e3 1.817e3 2.112e3 1.824e3 2.338e3 2.176e3 1.931e3 1.220e3 1.435e3 1.971e3 1.838e3 1.423e3 1.648e3 2.533e3 2.471e3 3.184e3 3.224e3 3.095e3 3.583e3 3.441e3 2.337e3 2.258e3 2.876e3 2.315e3 
   375.e3  299.4   365.4   468.2   956.5   1.136e3 1.453e3 960.2   791.0   896.6   893.3   1.628e3 1.995e3 1.862e3 1.780e3 1.947e3 1.531e3 461.1   1.093e3 1.381e3 1.391e3 2.138e3 1.954e3 2.085e3 1.616e3 1.541e3 1.692e3 1.545e3 1.595e3 1.526e3 1.438e3 1.543e3 1.987e3 2.296e3 2.010e3 690.3   1.010e3 2.527e3 2.528e3 2.565e3 2.005e3 2.982e3 2.807e3 2.532e3 1.798e3 1.566e3 2.386e3 2.358e3 2.192e3 1.813e3 3.015e3 2.665e3 2.160e3 2.832e3 823.9   3.269e3 3.362e3 3.458e3 2.868e3 2.574e3 2.687e3 2.713e3 2.384e3 2.301e3 3.415e3 2.705e3 2.285e3 1.854e3 1.943e3 2.479e3 1.880e3 2.186e3 1.888e3 2.420e3 2.252e3 1.998e3 1.263e3 1.485e3 2.040e3 1.902e3 1.473e3 1.706e3 2.622e3 2.558e3 3.296e3 3.337e3 3.203e3 3.709e3 3.562e3 2.419e3 2.337e3 2.977e3 2.396e3 
   400.e3  309.2   377.4   483.6   987.9   1.173e3 1.501e3 991.7   816.9   926.0   922.6   1.681e3 2.061e3 1.923e3 1.838e3 2.010e3 1.582e3 476.3   1.129e3 1.426e3 1.437e3 2.208e3 2.018e3 2.153e3 1.669e3 1.592e3 1.748e3 1.596e3 1.648e3 1.576e3 1.485e3 1.593e3 2.052e3 2.371e3 2.076e3 713.0   1.043e3 2.609e3 2.611e3 2.649e3 2.071e3 3.080e3 2.899e3 2.615e3 1.857e3 1.617e3 2.464e3 2.435e3 2.263e3 1.873e3 3.114e3 2.752e3 2.231e3 2.925e3 850.9   3.377e3 3.472e3 3.572e3 2.962e3 2.658e3 2.776e3 2.802e3 2.462e3 2.377e3 3.527e3 2.793e3 2.360e3 1.915e3 2.006e3 2.561e3 1.942e3 2.258e3 1.950e3 2.499e3 2.326e3 2.064e3 1.305e3 1.534e3 2.107e3 1.964e3 1.522e3 1.762e3 2.708e3 2.642e3 3.404e3 3.447e3 3.308e3 3.831e3 3.679e3 2.499e3 2.414e3 3.074e3 2.474e3 
   450.e3  345.0   416.3   509.2   1.127e3 1.441e3 1.638e3 1.110e3 920.1   990.9   1.058e3 1.867e3 2.312e3 2.233e3 2.123e3 2.221e3 1.763e3 695.5   1.311e3 1.589e3 1.616e3 2.475e3 2.360e3 2.398e3 1.942e3 1.711e3 1.893e3 1.761e3 1.861e3 1.724e3 1.698e3 1.801e3 2.322e3 2.639e3 2.306e3 746.7   1.230e3 2.924e3 2.925e3 2.930e3 2.286e3 3.377e3 3.219e3 2.920e3 2.105e3 1.880e3 2.782e3 2.774e3 2.528e3 2.296e3 3.306e3 3.060e3 2.532e3 3.269e3 1.004e3 3.815e3 3.884e3 4.047e3 3.328e3 2.988e3 3.095e3 3.127e3 2.818e3 2.671e3 3.833e3 3.140e3 2.608e3 2.161e3 2.224e3 2.880e3 2.273e3 2.441e3 2.144e3 2.745e3 2.599e3 2.377e3 1.456e3 1.779e3 2.424e3 2.200e3 1.719e3 1.989e3 3.110e3 2.963e3 3.844e3 3.942e3 3.704e3 4.320e3 4.177e3 2.855e3 2.743e3 3.520e3 2.764e3 
   500.e3  373.3   454.5   532.2   1.245e3 1.664e3 1.753e3 1.207e3 1.011e3 1.051e3 1.175e3 2.033e3 2.527e3 2.529e3 2.385e3 2.388e3 1.932e3 846.5   1.455e3 1.738e3 1.785e3 2.710e3 2.674e3 2.603e3 2.184e3 1.818e3 2.004e3 1.919e3 2.057e3 1.823e3 1.888e3 1.990e3 2.590e3 2.882e3 2.512e3 772.4   1.404e3 3.201e3 3.202e3 3.180e3 2.484e3 3.642e3 3.500e3 3.201e3 2.336e3 2.135e3 3.063e3 3.084e3 2.772e3 2.645e3 3.477e3 3.335e3 2.806e3 3.568e3 1.149e3 4.207e3 4.216e3 4.477e3 3.650e3 3.300e3 3.383e3 3.414e3 3.149e3 2.936e3 4.085e3 3.453e3 2.809e3 2.386e3 2.421e3 3.169e3 2.595e3 2.586e3 2.320e3 2.948e3 2.847e3 2.672e3 1.597e3 2.018e3 2.719e3 2.435e3 1.907e3 2.204e3 3.485e3 3.258e3 4.233e3 4.419e3 4.067e3 4.756e3 4.621e3 3.207e3 3.065e3 3.930e3 3.020e3 
   550.e3  389.8   485.9   557.1   1.322e3 1.790e3 1.835e3 1.274e3 1.075e3 1.105e3 1.251e3 2.157e3 2.675e3 2.744e3 2.568e3 2.499e3 2.065e3 893.1   1.536e3 1.854e3 1.916e3 2.880e3 2.893e3 2.745e3 2.345e3 1.915e3 2.080e3 2.052e3 2.202e3 1.880e3 2.021e3 2.127e3 2.805e3 3.067e3 2.667e3 799.1   1.525e3 3.401e3 3.403e3 3.370e3 2.647e3 3.853e3 3.709e3 3.417e3 2.511e3 2.322e3 3.262e3 3.308e3 2.959e3 2.840e3 3.643e3 3.544e3 3.007e3 3.783e3 1.254e3 4.489e3 4.440e3 4.789e3 3.880e3 3.535e3 3.599e3 3.628e3 3.390e3 3.132e3 4.278e3 3.683e3 2.945e3 2.556e3 2.576e3 3.383e3 2.839e3 2.697e3 2.467e3 3.096e3 3.037e3 2.888e3 1.711e3 2.200e3 2.933e3 2.628e3 2.054e3 2.372e3 3.745e3 3.483e3 4.508e3 4.785e3 4.348e3 5.069e3 4.934e3 3.487e3 3.324e3 4.226e3 3.208e3 
   600.e3  398.9   511.1   583.3   1.373e3 1.859e3 1.898e3 1.320e3 1.123e3 1.154e3 1.301e3 2.254e3 2.778e3 2.900e3 2.694e3 2.586e3 2.176e3 887.2   1.582e3 1.948e3 2.024e3 3.008e3 3.048e3 2.846e3 2.454e3 2.008e3 2.146e3 2.169e3 2.311e3 1.934e3 2.115e3 2.231e3 2.978e3 3.214e3 2.788e3 827.5   1.612e3 3.551e3 3.555e3 3.519e3 2.789e3 4.028e3 3.871e3 3.589e3 2.649e3 2.454e3 3.409e3 3.473e3 3.109e3 2.946e3 3.802e3 3.709e3 3.158e3 3.946e3 1.334e3 4.699e3 4.615e3 5.022e3 4.052e3 3.721e3 3.768e3 3.794e3 3.569e3 3.285e3 4.437e3 3.858e3 3.043e3 2.689e3 2.708e3 3.547e3 3.030e3 2.791e3 2.595e3 3.212e3 3.188e3 3.049e3 1.807e3 2.344e3 3.094e3 2.786e3 2.175e3 2.510e3 3.929e3 3.666e3 4.710e3 5.073e3 4.576e3 5.301e3 5.161e3 3.718e3 3.537e3 4.445e3 3.352e3 
   650.e3  403.6   531.0   609.8   1.406e3 1.897e3 1.948e3 1.356e3 1.158e3 1.196e3 1.332e3 2.333e3 2.852e3 3.014e3 2.782e3 2.666e3 2.270e3 860.2   1.611e3 2.027e3 2.116e3 3.107e3 3.161e3 2.922e3 2.528e3 2.096e3 2.222e3 2.274e3 2.396e3 1.999e3 2.184e3 2.311e3 3.119e3 3.334e3 2.887e3 857.0   1.676e3 3.668e3 3.675e3 3.641e3 2.916e3 4.178e3 4.001e3 3.732e3 2.762e3 2.541e3 3.522e3 3.599e3 3.232e3 3.003e3 3.954e3 3.843e3 3.278e3 4.073e3 1.400e3 4.864e3 4.769e3 5.202e3 4.186e3 3.872e3 3.906e3 3.929e3 3.705e3 3.408e3 4.574e3 3.996e3 3.119e3 2.797e3 2.825e3 3.680e3 3.184e3 2.877e3 2.713e3 3.308e3 3.314e3 3.173e3 1.892e3 2.462e3 3.220e3 2.915e3 2.279e3 2.627e3 4.063e3 3.820e3 4.863e3 5.307e3 4.769e3 5.480e3 5.331e3 3.913e3 3.719e3 4.612e3 3.468e3 
   700.e3  405.8   546.6   635.6   1.429e3 1.918e3 1.990e3 1.385e3 1.186e3 1.231e3 1.352e3 2.398e3 2.909e3 3.098e3 2.845e3 2.747e3 2.353e3 829.1   1.631e3 2.095e3 2.198e3 3.187e3 3.247e3 2.982e3 2.582e3 2.182e3 2.311e3 2.370e3 2.465e3 2.071e3 2.237e3 2.376e3 3.232e3 3.436e3 2.970e3 887.0   1.725e3 3.763e3 3.775e3 3.743e3 3.033e3 4.308e3 4.110e3 3.853e3 2.857e3 2.590e3 3.613e3 3.698e3 3.336e3 3.035e3 4.095e3 3.957e3 3.375e3 4.179e3 1.459e3 4.998e3 4.912e3 5.348e3 4.294e3 4.001e3 4.022e3 4.044e3 3.812e3 3.511e3 4.696e3 4.106e3 3.183e3 2.888e3 2.932e3 3.789e3 3.313e3 2.958e3 2.822e3 3.394e3 3.421e3 3.271e3 1.970e3 2.562e3 3.323e3 3.021e3 2.371e3 2.731e3 4.164e3 3.955e3 4.985e3 5.503e3 4.939e3 5.624e3 5.463e3 4.083e3 3.877e3 4.744e3 3.564e3 
   800.e3  407.1   568.1   682.5   1.458e3 1.942e3 2.059e3 1.431e3 1.230e3 1.287e3 1.371e3 2.503e3 2.989e3 3.210e3 2.932e3 2.915e3 2.498e3 784.2   1.668e3 2.212e3 2.342e3 3.315e3 3.373e3 3.075e3 2.657e3 2.344e3 2.508e3 2.539e3 2.570e3 2.207e3 2.317e3 2.479e3 3.400e3 3.604e3 3.106e3 946.6   1.800e3 3.916e3 3.939e3 3.910e3 3.248e3 4.529e3 4.288e3 4.053e3 3.017e3 2.614e3 3.761e3 3.849e3 3.508e3 3.080e3 4.344e3 4.147e3 3.533e3 4.351e3 1.565e3 5.213e3 5.172e3 5.578e3 4.469e3 4.215e3 4.213e3 4.236e3 3.974e3 3.684e3 4.910e3 4.273e3 3.293e3 3.040e3 3.128e3 3.969e3 3.527e3 3.113e3 3.024e3 3.546e3 3.604e3 3.421e3 2.114e3 2.728e3 3.490e3 3.186e3 2.532e3 2.914e3 4.308e3 4.192e3 5.176e3 5.822e3 5.236e3 5.849e3 5.665e3 4.371e3 4.149e3 4.948e3 3.723e3 
   900.e3  407.7   581.4   721.5   1.480e3 1.966e3 2.117e3 1.473e3 1.265e3 1.326e3 1.379e3 2.589e3 3.050e3 3.280e3 2.995e3 3.080e3 2.627e3 776.0   1.715e3 2.315e3 2.473e3 3.421e3 3.472e3 3.154e3 2.718e3 2.496e3 2.695e3 2.688e3 2.653e3 2.323e3 2.382e3 2.563e3 3.515e3 3.745e3 3.220e3 1.005e3 1.861e3 4.044e3 4.079e3 4.048e3 3.447e3 4.716e3 4.438e3 4.222e3 3.155e3 2.631e3 3.889e3 3.968e3 3.652e3 3.132e3 4.555e3 4.309e3 3.666e3 4.497e3 1.671e3 5.397e3 5.403e3 5.767e3 4.617e3 4.400e3 4.375e3 4.403e3 4.098e3 3.832e3 5.101e3 4.396e3 3.398e3 3.170e3 3.311e3 4.121e3 3.708e3 3.267e3 3.212e3 3.687e3 3.763e3 3.540e3 2.250e3 2.870e3 3.632e3 3.312e3 2.677e3 3.078e3 4.416e3 4.406e3 5.334e3 6.086e3 5.503e3 6.034e3 5.825e3 4.620e3 4.385e3 5.111e3 3.859e3 
   1.00e6  409.4   590.2   752.4   1.500e3 1.998e3 2.171e3 1.514e3 1.298e3 1.354e3 1.384e3 2.665e3 3.104e3 3.332e3 3.051e3 3.236e3 2.749e3 802.0   1.775e3 2.411e3 2.599e3 3.518e3 3.564e3 3.230e3 2.781e3 2.640e3 2.863e3 2.826e3 2.727e3 2.426e3 2.445e3 2.640e3 3.606e3 3.875e3 3.325e3 1.062e3 1.919e3 4.163e3 4.213e3 4.172e3 3.637e3 4.885e3 4.576e3 4.375e3 3.284e3 2.720e3 4.013e3 4.076e3 3.783e3 3.206e3 4.737e3 4.460e3 3.791e3 4.635e3 1.781e3 5.571e3 5.617e3 5.942e3 4.758e3 4.571e3 4.523e3 4.562e3 4.208e3 3.972e3 5.276e3 4.495e3 3.506e3 3.292e3 3.489e3 4.260e3 3.876e3 3.424e3 3.391e3 3.827e3 3.910e3 3.648e3 2.384e3 3.002e3 3.767e3 3.417e3 2.815e3 3.234e3 4.512e3 4.611e3 5.482e3 6.324e3 5.757e3 6.205e3 5.973e3 4.850e3 4.603e3 5.261e3 3.987e3 
   1.10e6  413.0   596.8   777.5   1.524e3 2.039e3 2.222e3 1.556e3 1.332e3 1.376e3 1.390e3 2.739e3 3.159e3 3.376e3 3.107e3 3.384e3 2.869e3 854.5   1.849e3 2.505e3 2.723e3 3.613e3 3.657e3 3.309e3 2.852e3 2.779e3 3.016e3 2.955e3 2.799e3 2.522e3 2.510e3 2.715e3 3.694e3 4.000e3 3.426e3 1.117e3 1.978e3 4.281e3 4.346e3 4.292e3 3.823e3 5.045e3 4.711e3 4.522e3 3.410e3 2.871e3 4.140e3 4.182e3 3.908e3 3.302e3 4.897e3 4.607e3 3.916e3 4.771e3 1.899e3 5.746e3 5.823e3 6.114e3 4.900e3 4.737e3 4.668e3 4.720e3 4.314e3 4.109e3 5.441e3 4.585e3 3.622e3 3.410e3 3.666e3 4.395e3 4.037e3 3.583e3 3.566e3 3.968e3 4.054e3 3.755e3 2.517e3 3.130e3 3.901e3 3.513e3 2.951e3 3.388e3 4.605e3 4.815e3 5.630e3 6.551e3 6.007e3 6.373e3 6.119e3 5.071e3 4.813e3 5.408e3 4.115e3 
   1.20e6  418.2   602.7   800.1   1.551e3 2.088e3 2.274e3 1.600e3 1.367e3 1.394e3 1.399e3 2.811e3 3.217e3 3.419e3 3.164e3 3.527e3 2.990e3 926.0   1.935e3 2.600e3 2.848e3 3.709e3 3.754e3 3.392e3 2.933e3 2.915e3 3.159e3 3.080e3 2.872e3 2.615e3 2.580e3 2.791e3 3.790e3 4.123e3 3.526e3 1.173e3 2.041e3 4.400e3 4.481e3 4.410e3 4.007e3 5.199e3 4.846e3 4.668e3 3.537e3 3.048e3 4.272e3 4.291e3 4.032e3 3.417e3 5.043e3 4.754e3 4.044e3 4.910e3 2.023e3 5.926e3 6.027e3 6.289e3 5.047e3 4.903e3 4.812e3 4.881e3 4.422e3 4.248e3 5.599e3 4.675e3 3.744e3 3.528e3 3.842e3 4.530e3 4.198e3 3.746e3 3.738e3 4.111e3 4.196e3 3.864e3 2.652e3 3.257e3 4.037e3 3.606e3 3.086e3 3.541e3 4.702e3 5.019e3 5.782e3 6.774e3 6.257e3 6.545e3 6.270e3 5.289e3 5.020e3 5.560e3 4.244e3 
   1.30e6  425.0   608.5   823.8   1.582e3 2.141e3 2.325e3 1.645e3 1.404e3 1.410e3 1.410e3 2.884e3 3.277e3 3.463e3 3.225e3 3.666e3 3.111e3 1.011e3 2.030e3 2.695e3 2.973e3 3.806e3 3.857e3 3.480e3 3.023e3 3.047e3 3.295e3 3.201e3 2.948e3 2.708e3 2.655e3 2.869e3 3.896e3 4.248e3 3.628e3 1.228e3 2.107e3 4.522e3 4.621e3 4.529e3 4.190e3 5.352e3 4.983e3 4.813e3 3.666e3 3.229e3 4.409e3 4.404e3 4.155e3 3.546e3 5.179e3 4.903e3 4.176e3 5.052e3 2.153e3 6.111e3 6.231e3 6.469e3 5.198e3 5.071e3 4.959e3 5.045e3 4.532e3 4.389e3 5.752e3 4.773e3 3.874e3 3.648e3 4.018e3 4.666e3 4.359e3 3.911e3 3.908e3 4.257e3 4.339e3 3.978e3 2.789e3 3.386e3 4.178e3 3.700e3 3.221e3 3.694e3 4.803e3 5.225e3 5.940e3 6.997e3 6.508e3 6.721e3 6.426e3 5.507e3 5.226e3 5.717e3 4.377e3 
   1.40e6  433.0   614.7   850.9   1.615e3 2.198e3 2.375e3 1.691e3 1.442e3 1.425e3 1.425e3 2.957e3 3.341e3 3.509e3 3.289e3 3.802e3 3.235e3 1.104e3 2.132e3 2.792e3 3.100e3 3.906e3 3.964e3 3.573e3 3.122e3 3.178e3 3.426e3 3.321e3 3.026e3 2.801e3 2.734e3 2.949e3 4.011e3 4.373e3 3.731e3 1.283e3 2.176e3 4.647e3 4.764e3 4.649e3 4.372e3 5.504e3 5.122e3 4.959e3 3.796e3 3.406e3 4.552e3 4.522e3 4.279e3 3.686e3 5.308e3 5.055e3 4.312e3 5.197e3 2.289e3 6.303e3 6.437e3 6.653e3 5.356e3 5.241e3 5.108e3 5.213e3 4.647e3 4.533e3 5.900e3 4.882e3 4.009e3 3.769e3 4.195e3 4.804e3 4.521e3 4.079e3 4.077e3 4.404e3 4.483e3 4.096e3 2.927e3 3.515e3 4.323e3 3.797e3 3.357e3 3.849e3 4.909e3 5.434e3 6.103e3 7.221e3 6.760e3 6.903e3 6.588e3 5.725e3 5.433e3 5.879e3 4.512e3 
   1.50e6  442.1   621.5   882.0   1.652e3 2.257e3 2.426e3 1.737e3 1.482e3 1.440e3 1.442e3 3.031e3 3.407e3 3.558e3 3.355e3 3.936e3 3.360e3 1.204e3 2.240e3 2.891e3 3.228e3 4.007e3 4.075e3 3.669e3 3.229e3 3.308e3 3.553e3 3.438e3 3.107e3 2.894e3 2.818e3 3.030e3 4.130e3 4.500e3 3.835e3 1.338e3 2.248e3 4.775e3 4.910e3 4.772e3 4.553e3 5.655e3 5.263e3 5.107e3 3.928e3 3.578e3 4.699e3 4.644e3 4.403e3 3.834e3 5.431e3 5.209e3 4.452e3 5.345e3 2.429e3 6.500e3 6.645e3 6.842e3 5.518e3 5.412e3 5.260e3 5.385e3 4.766e3 4.680e3 6.045e3 5.004e3 4.149e3 3.891e3 4.372e3 4.943e3 4.684e3 4.249e3 4.245e3 4.553e3 4.627e3 4.219e3 3.068e3 3.645e3 4.471e3 3.896e3 3.494e3 4.003e3 5.019e3 5.644e3 6.271e3 7.445e3 7.014e3 7.088e3 6.756e3 5.945e3 5.640e3 6.047e3 4.651e3 
   1.60e6  451.9   628.9   916.7   1.690e3 2.316e3 2.476e3 1.783e3 1.524e3 1.455e3 1.462e3 3.105e3 3.475e3 3.609e3 3.424e3 4.069e3 3.486e3 1.306e3 2.353e3 2.991e3 3.356e3 4.110e3 4.189e3 3.767e3 3.342e3 3.435e3 3.677e3 3.554e3 3.191e3 2.987e3 2.905e3 3.112e3 4.253e3 4.628e3 3.940e3 1.394e3 2.323e3 4.905e3 5.059e3 4.895e3 4.734e3 5.806e3 5.406e3 5.255e3 4.061e3 3.746e3 4.850e3 4.769e3 4.529e3 3.988e3 5.550e3 5.365e3 4.595e3 5.494e3 2.574e3 6.700e3 6.855e3 7.034e3 5.683e3 5.585e3 5.414e3 5.559e3 4.888e3 4.828e3 6.186e3 5.138e3 4.293e3 4.014e3 4.549e3 5.082e3 4.848e3 4.419e3 4.411e3 4.702e3 4.772e3 4.347e3 3.209e3 3.776e3 4.621e3 3.998e3 3.630e3 4.159e3 5.133e3 5.856e3 6.442e3 7.671e3 7.267e3 7.277e3 6.927e3 6.166e3 5.848e3 6.219e3 4.792e3 
   1.70e6  462.3   637.0   953.8   1.730e3 2.374e3 2.524e3 1.829e3 1.566e3 1.470e3 1.484e3 3.180e3 3.545e3 3.663e3 3.495e3 4.199e3 3.614e3 1.411e3 2.469e3 3.092e3 3.484e3 4.214e3 4.306e3 3.868e3 3.461e3 3.561e3 3.797e3 3.668e3 3.277e3 3.081e3 2.994e3 3.196e3 4.376e3 4.757e3 4.047e3 1.449e3 2.400e3 5.036e3 5.209e3 5.020e3 4.913e3 5.956e3 5.549e3 5.404e3 4.196e3 3.911e3 5.002e3 4.897e3 4.654e3 4.144e3 5.666e3 5.522e3 4.741e3 5.645e3 2.721e3 6.903e3 7.066e3 7.229e3 5.852e3 5.759e3 5.570e3 5.735e3 5.013e3 4.978e3 6.325e3 5.284e3 4.439e3 4.137e3 4.725e3 5.222e3 5.011e3 4.590e3 4.576e3 4.850e3 4.916e3 4.477e3 3.351e3 3.908e3 4.773e3 4.104e3 3.767e3 4.314e3 5.249e3 6.068e3 6.615e3 7.896e3 7.521e3 7.467e3 7.101e3 6.388e3 6.055e3 6.394e3 4.935e3 
   1.80e6  473.1   645.8   992.5   1.772e3 2.431e3 2.572e3 1.874e3 1.609e3 1.486e3 1.507e3 3.255e3 3.615e3 3.718e3 3.567e3 4.328e3 3.742e3 1.516e3 2.587e3 3.193e3 3.612e3 4.318e3 4.424e3 3.971e3 3.585e3 3.685e3 3.916e3 3.780e3 3.365e3 3.174e3 3.086e3 3.280e3 4.499e3 4.885e3 4.153e3 1.505e3 2.478e3 5.168e3 5.361e3 5.145e3 5.091e3 6.106e3 5.693e3 5.553e3 4.330e3 4.072e3 5.156e3 5.027e3 4.780e3 4.301e3 5.779e3 5.680e3 4.889e3 5.796e3 2.870e3 7.108e3 7.278e3 7.425e3 6.023e3 5.933e3 5.727e3 5.912e3 5.140e3 5.128e3 6.460e3 5.438e3 4.586e3 4.261e3 4.899e3 5.362e3 5.174e3 4.760e3 4.739e3 4.998e3 5.060e3 4.610e3 3.493e3 4.039e3 4.927e3 4.212e3 3.903e3 4.468e3 5.367e3 6.279e3 6.790e3 8.120e3 7.773e3 7.659e3 7.277e3 6.609e3 6.262e3 6.572e3 5.079e3 
   2.00e6  495.4   665.0   1.072e3 1.856e3 2.539e3 2.662e3 1.963e3 1.697e3 1.519e3 1.557e3 3.404e3 3.756e3 3.831e3 3.716e3 4.580e3 4.000e3 1.725e3 2.827e3 3.396e3 3.866e3 4.524e3 4.661e3 4.177e3 3.842e3 3.926e3 4.144e3 3.999e3 3.544e3 3.359e3 3.273e3 3.448e3 4.739e3 5.141e3 4.365e3 1.617e3 2.638e3 5.431e3 5.665e3 5.396e3 5.439e3 6.401e3 5.980e3 5.849e3 4.599e3 4.386e3 5.465e3 5.289e3 5.030e3 4.616e3 5.997e3 5.997e3 5.189e3 6.096e3 3.174e3 7.518e3 7.700e3 7.817e3 6.366e3 6.279e3 6.043e3 6.268e3 5.397e3 5.429e3 6.723e3 5.766e3 4.883e3 4.508e3 5.243e3 5.639e3 5.497e3 5.095e3 5.059e3 5.289e3 5.345e3 4.881e3 3.778e3 4.300e3 5.233e3 4.434e3 4.171e3 4.773e3 5.605e3 6.699e3 7.141e3 8.564e3 8.271e3 8.041e3 7.632e3 7.049e3 6.673e3 6.930e3 5.368e3 
   2.25e6  523.4   691.8   1.170e3 1.963e3 2.662e3 2.765e3 2.066e3 1.807e3 1.565e3 1.625e3 3.587e3 3.930e3 3.977e3 3.906e3 4.882e3 4.321e3 1.979e3 3.129e3 3.649e3 4.175e3 4.777e3 4.953e3 4.434e3 4.175e3 4.215e3 4.414e3 4.261e3 3.771e3 3.586e3 3.510e3 3.654e3 5.024e3 5.454e3 4.626e3 1.756e3 2.841e3 5.755e3 6.042e3 5.705e3 5.859e3 6.759e3 6.331e3 6.213e3 4.931e3 4.764e3 5.844e3 5.617e3 5.336e3 4.999e3 6.258e3 6.388e3 5.564e3 6.464e3 3.557e3 8.023e3 8.218e3 8.300e3 6.795e3 6.706e3 6.437e3 6.709e3 5.721e3 5.801e3 7.037e3 6.194e3 5.252e3 4.811e3 5.659e3 5.975e3 5.889e3 5.502e3 5.445e3 5.639e3 5.691e3 5.223e3 4.129e3 4.621e3 5.612e3 4.721e3 4.499e3 5.145e3 5.904e3 7.211e3 7.574e3 9.102e3 8.876e3 8.510e3 8.071e3 7.591e3 7.176e3 7.376e3 5.727e3 
   2.50e6  550.5   720.8   1.264e3 2.067e3 2.771e3 2.857e3 2.161e3 1.916e3 1.615e3 1.696e3 3.763e3 4.097e3 4.124e3 4.096e3 5.169e3 4.636e3 2.218e3 3.427e3 3.898e3 4.472e3 5.020e3 5.236e3 4.685e3 4.513e3 4.487e3 4.667e3 4.510e3 3.997e3 3.804e3 3.745e3 3.855e3 5.292e3 5.756e3 4.879e3 1.895e3 3.044e3 6.069e3 6.409e3 6.007e3 6.258e3 7.102e3 6.671e3 6.565e3 5.254e3 5.126e3 6.209e3 5.939e3 5.633e3 5.363e3 6.507e3 6.770e3 5.936e3 6.818e3 3.938e3 8.512e3 8.721e3 8.768e3 7.216e3 7.120e3 6.825e3 7.140e3 6.042e3 6.164e3 7.332e3 6.627e3 5.612e3 5.104e3 6.055e3 6.297e3 6.267e3 5.891e3 5.813e3 5.971e3 6.021e3 5.563e3 4.472e3 4.930e3 5.979e3 5.011e3 4.813e3 5.502e3 6.198e3 7.703e3 7.993e3 9.615e3 9.453e3 8.961e3 8.499e3 8.116e3 7.662e3 7.813e3 6.080e3 
   2.75e6  576.1   751.2   1.354e3 2.167e3 2.869e3 2.939e3 2.247e3 2.023e3 1.669e3 1.768e3 3.931e3 4.255e3 4.269e3 4.284e3 5.439e3 4.944e3 2.442e3 3.716e3 4.140e3 4.755e3 5.252e3 5.506e3 4.927e3 4.848e3 4.742e3 4.904e3 4.743e3 4.219e3 4.012e3 3.974e3 4.046e3 5.541e3 6.044e3 5.122e3 2.033e3 3.244e3 6.370e3 6.763e3 6.299e3 6.634e3 7.427e3 6.996e3 6.903e3 5.565e3 5.472e3 6.553e3 6.251e3 5.917e3 5.703e3 6.746e3 7.139e3 6.298e3 7.156e3 4.313e3 8.979e3 9.204e3 9.217e3 7.625e3 7.518e3 7.203e3 7.557e3 6.355e3 6.513e3 7.608e3 7.054e3 5.959e3 5.387e3 6.431e3 6.602e3 6.626e3 6.259e3 6.163e3 6.283e3 6.336e3 5.896e3 4.804e3 5.226e3 6.332e3 5.302e3 5.112e3 5.842e3 6.483e3 8.173e3 8.395e3 10.10e3 10.00e3 9.391e3 8.911e3 8.621e3 8.127e3 8.236e3 6.423e3 
   3.00e6  599.8   782.3   1.438e3 2.262e3 2.955e3 3.014e3 2.324e3 2.126e3 1.726e3 1.840e3 4.091e3 4.403e3 4.410e3 4.467e3 5.692e3 5.241e3 2.650e3 3.993e3 4.374e3 5.023e3 5.471e3 5.762e3 5.158e3 5.177e3 4.980e3 5.125e3 4.961e3 4.436e3 4.209e3 4.196e3 4.228e3 5.772e3 6.317e3 5.354e3 2.169e3 3.441e3 6.657e3 7.102e3 6.578e3 6.987e3 7.732e3 7.305e3 7.225e3 5.863e3 5.802e3 6.874e3 6.549e3 6.187e3 6.019e3 6.975e3 7.493e3 6.650e3 7.475e3 4.678e3 9.422e3 9.664e3 9.642e3 8.018e3 7.899e3 7.568e3 7.956e3 6.659e3 6.847e3 7.864e3 7.469e3 6.290e3 5.657e3 6.784e3 6.890e3 6.966e3 6.604e3 6.494e3 6.574e3 6.632e3 6.217e3 5.124e3 5.506e3 6.667e3 5.589e3 5.396e3 6.164e3 6.758e3 8.617e3 8.777e3 10.55e3 10.51e3 9.797e3 9.304e3 9.104e3 8.570e3 8.642e3 6.754e3 
   3.25e6  621.5   813.4   1.518e3 2.352e3 3.033e3 3.082e3 2.392e3 2.225e3 1.785e3 1.911e3 4.241e3 4.540e3 4.547e3 4.646e3 5.929e3 5.527e3 2.841e3 4.254e3 4.599e3 5.275e3 5.676e3 6.001e3 5.377e3 5.496e3 5.200e3 5.330e3 5.165e3 4.645e3 4.395e3 4.409e3 4.401e3 5.987e3 6.575e3 5.573e3 2.303e3 3.634e3 6.929e3 7.425e3 6.845e3 7.317e3 8.018e3 7.597e3 7.531e3 6.147e3 6.114e3 7.168e3 6.833e3 6.444e3 6.310e3 7.195e3 7.830e3 6.989e3 7.776e3 5.033e3 9.838e3 10.10e3 10.04e3 8.395e3 8.261e3 7.918e3 8.336e3 6.951e3 7.164e3 8.101e3 7.868e3 6.605e3 5.914e3 7.114e3 7.160e3 7.287e3 6.926e3 6.806e3 6.845e3 6.910e3 6.526e3 5.431e3 5.772e3 6.985e3 5.870e3 5.664e3 6.468e3 7.023e3 9.036e3 9.138e3 10.97e3 11.00e3 10.18e3 9.678e3 9.563e3 8.990e3 9.029e3 7.073e3 
   3.50e6  641.2   844.2   1.594e3 2.436e3 3.103e3 3.145e3 2.453e3 2.320e3 1.847e3 1.981e3 4.384e3 4.668e3 4.679e3 4.818e3 6.149e3 5.802e3 3.015e3 4.499e3 4.815e3 5.512e3 5.869e3 6.224e3 5.585e3 5.802e3 5.403e3 5.520e3 5.353e3 4.846e3 4.571e3 4.612e3 4.563e3 6.185e3 6.817e3 5.781e3 2.437e3 3.822e3 7.186e3 7.731e3 7.099e3 7.626e3 8.284e3 7.873e3 7.821e3 6.418e3 6.410e3 7.437e3 7.103e3 6.687e3 6.577e3 7.408e3 8.150e3 7.315e3 8.058e3 5.376e3 10.23e3 10.51e3 10.42e3 8.755e3 8.606e3 8.254e3 8.697e3 7.232e3 7.465e3 8.319e3 8.250e3 6.903e3 6.158e3 7.423e3 7.413e3 7.590e3 7.227e3 7.101e3 7.097e3 7.171e3 6.820e3 5.723e3 6.021e3 7.284e3 6.144e3 5.916e3 6.754e3 7.276e3 9.429e3 9.478e3 11.36e3 11.45e3 10.54e3 10.03e3 9.998e3 9.387e3 9.397e3 7.379e3 
   3.75e6  658.8   874.2   1.665e3 2.513e3 3.167e3 3.205e3 2.507e3 2.411e3 1.910e3 2.050e3 4.517e3 4.785e3 4.805e3 4.984e3 6.353e3 6.064e3 3.174e3 4.725e3 5.022e3 5.733e3 6.050e3 6.433e3 5.780e3 6.095e3 5.590e3 5.697e3 5.527e3 5.038e3 4.736e3 4.806e3 4.715e3 6.369e3 7.043e3 5.977e3 2.568e3 4.005e3 7.428e3 8.022e3 7.341e3 7.913e3 8.530e3 8.132e3 8.094e3 6.674e3 6.690e3 7.680e3 7.358e3 6.917e3 6.821e3 7.613e3 8.454e3 7.626e3 8.323e3 5.707e3 10.59e3 10.90e3 10.78e3 9.099e3 8.932e3 8.573e3 9.038e3 7.500e3 7.748e3 8.519e3 8.615e3 7.185e3 6.390e3 7.711e3 7.650e3 7.874e3 7.505e3 7.378e3 7.330e3 7.416e3 7.100e3 6.002e3 6.256e3 7.565e3 6.409e3 6.153e3 7.023e3 7.519e3 9.797e3 9.798e3 11.72e3 11.87e3 10.87e3 10.37e3 10.41e3 9.762e3 9.745e3 7.673e3 
   4.00e6  674.6   903.1   1.732e3 2.586e3 3.223e3 3.261e3 2.555e3 2.498e3 1.975e3 2.116e3 4.643e3 4.894e3 4.926e3 5.143e3 6.543e3 6.315e3 3.317e3 4.932e3 5.220e3 5.939e3 6.219e3 6.627e3 5.964e3 6.373e3 5.761e3 5.861e3 5.688e3 5.222e3 4.890e3 4.989e3 4.859e3 6.539e3 7.254e3 6.162e3 2.699e3 4.184e3 7.657e3 8.298e3 7.571e3 8.180e3 8.757e3 8.377e3 8.353e3 6.918e3 6.954e3 7.899e3 7.598e3 7.134e3 7.044e3 7.811e3 8.741e3 7.923e3 8.572e3 6.026e3 10.93e3 11.26e3 11.11e3 9.425e3 9.241e3 8.876e3 9.361e3 7.756e3 8.015e3 8.702e3 8.963e3 7.450e3 6.611e3 7.979e3 7.871e3 8.141e3 7.764e3 7.640e3 7.546e3 7.645e3 7.365e3 6.267e3 6.475e3 7.829e3 6.666e3 6.376e3 7.275e3 7.751e3 10.14e3 10.10e3 12.06e3 12.26e3 11.18e3 10.68e3 10.80e3 10.11e3 10.08e3 7.956e3 
   4.50e6  701.2   957.3   1.854e3 2.714e3 3.321e3 3.366e3 2.634e3 2.659e3 2.106e3 2.243e3 4.871e3 5.085e3 5.150e3 5.441e3 6.882e3 6.780e3 3.561e3 5.284e3 5.590e3 6.312e3 6.524e3 6.975e3 6.300e3 6.883e3 6.061e3 6.156e3 5.971e3 5.562e3 5.172e3 5.326e3 5.120e3 6.844e3 7.636e3 6.501e3 2.956e3 4.527e3 8.077e3 8.805e3 7.997e3 8.661e3 9.157e3 8.823e3 8.827e3 7.368e3 7.438e3 8.269e3 8.038e3 7.534e3 7.433e3 8.188e3 9.268e3 8.474e3 9.024e3 6.628e3 11.55e3 11.93e3 11.71e3 10.03e3 9.811e3 9.434e3 9.952e3 8.234e3 8.498e3 9.026e3 9.609e3 7.936e3 7.018e3 8.461e3 8.272e3 8.629e3 8.225e3 8.119e3 7.934e3 8.060e3 7.850e3 6.757e3 6.872e3 8.308e3 7.150e3 6.781e3 7.734e3 8.185e3 10.76e3 10.64e3 12.64e3 12.95e3 11.74e3 11.27e3 11.51e3 10.76e3 10.68e3 8.489e3 
   5.00e6  722.1   1.006e3 1.963e3 2.824e3 3.401e3 3.462e3 2.697e3 2.805e3 2.237e3 2.361e3 5.073e3 5.248e3 5.354e3 5.713e3 7.172e3 7.201e3 3.754e3 5.558e3 5.928e3 6.636e3 6.791e3 7.277e3 6.599e3 7.333e3 6.313e3 6.412e3 6.209e3 5.867e3 5.421e3 5.628e3 5.352e3 7.109e3 7.967e3 6.802e3 3.208e3 4.854e3 8.452e3 9.260e3 8.382e3 9.079e3 9.494e3 9.219e3 9.250e3 7.773e3 7.868e3 8.563e3 8.428e3 7.891e3 7.758e3 8.542e3 9.736e3 8.972e3 9.424e3 7.185e3 12.08e3 12.52e3 12.24e3 10.58e3 10.32e3 9.929e3 10.48e3 8.670e3 8.921e3 9.302e3 10.19e3 8.368e3 7.386e3 8.877e3 8.625e3 9.063e3 8.621e3 8.546e3 8.269e3 8.425e3 8.278e3 7.199e3 7.219e3 8.729e3 7.597e3 7.141e3 8.140e3 8.585e3 11.30e3 11.13e3 13.13e3 13.56e3 12.23e3 11.79e3 12.15e3 11.34e3 11.22e3 8.983e3 
   5.50e6  738.6   1.051e3 2.061e3 2.917e3 3.468e3 3.549e3 2.748e3 2.938e3 2.367e3 2.471e3 5.251e3 5.386e3 5.537e3 5.960e3 7.421e3 7.580e3 3.907e3 5.760e3 6.237e3 6.919e3 7.027e3 7.540e3 6.865e3 7.725e3 6.524e3 6.635e3 6.409e3 6.140e3 5.642e3 5.896e3 5.558e3 7.339e3 8.254e3 7.070e3 3.456e3 5.166e3 8.788e3 9.669e3 8.731e3 9.445e3 9.778e3 9.572e3 9.629e3 8.138e3 8.252e3 8.798e3 8.774e3 8.211e3 8.030e3 8.875e3 10.15e3 9.420e3 9.779e3 7.703e3 12.55e3 13.04e3 12.70e3 11.09e3 10.78e3 10.36e3 10.94e3 9.068e3 9.289e3 9.539e3 10.72e3 8.754e3 7.720e3 9.240e3 8.937e3 9.450e3 8.962e3 8.930e3 8.562e3 8.749e3 8.656e3 7.598e3 7.521e3 9.100e3 8.008e3 7.461e3 8.501e3 8.953e3 11.78e3 11.56e3 13.53e3 14.08e3 12.66e3 12.27e3 12.71e3 11.85e3 11.71e3 9.443e3 
   6.00e6  751.6   1.091e3 2.148e3 2.997e3 3.524e3 3.629e3 2.790e3 3.060e3 2.494e3 2.573e3 5.409e3 5.505e3 5.703e3 6.185e3 7.635e3 7.921e3 4.032e3 5.907e3 6.520e3 7.167e3 7.236e3 7.771e3 7.104e3 8.066e3 6.705e3 6.832e3 6.576e3 6.383e3 5.839e3 6.136e3 5.743e3 7.542e3 8.504e3 7.310e3 3.700e3 5.465e3 9.092e3 10.04e3 9.049e3 9.768e3 10.02e3 9.889e3 9.969e3 8.469e3 8.595e3 8.992e3 9.084e3 8.500e3 8.260e3 9.189e3 10.52e3 9.822e3 10.10e3 8.185e3 12.97e3 13.50e3 13.11e3 11.55e3 11.19e3 10.74e3 11.36e3 9.433e3 9.607e3 9.747e3 11.20e3 9.101e3 8.025e3 9.556e3 9.215e3 9.799e3 9.257e3 9.276e3 8.821e3 9.038e3 8.991e3 7.957e3 7.787e3 9.430e3 8.386e3 7.748e3 8.824e3 9.296e3 12.19e3 11.94e3 13.87e3 14.54e3 13.04e3 12.70e3 13.22e3 12.31e3 12.15e3 9.875e3 
   6.50e6  762.1   1.129e3 2.226e3 3.065e3 3.573e3 3.702e3 2.826e3 3.173e3 2.618e3 2.669e3 5.550e3 5.608e3 5.853e3 6.388e3 7.819e3 8.229e3 4.140e3 6.013e3 6.780e3 7.385e3 7.423e3 7.976e3 7.320e3 8.361e3 6.860e3 7.008e3 6.719e3 6.600e3 6.016e3 6.351e3 5.910e3 7.723e3 8.722e3 7.527e3 3.941e3 5.754e3 9.369e3 10.37e3 9.341e3 10.06e3 10.23e3 10.18e3 10.28e3 8.772e3 8.904e3 9.155e3 9.361e3 8.764e3 8.456e3 9.486e3 10.85e3 10.18e3 10.39e3 8.637e3 13.34e3 13.91e3 13.47e3 11.97e3 11.57e3 11.07e3 11.73e3 9.770e3 9.883e3 9.931e3 11.63e3 9.414e3 8.304e3 9.835e3 9.465e3 10.12e3 9.514e3 9.591e3 9.052e3 9.299e3 9.287e3 8.282e3 8.022e3 9.723e3 8.734e3 8.007e3 9.115e3 9.616e3 12.55e3 12.28e3 14.16e3 14.94e3 13.38e3 13.09e3 13.68e3 12.73e3 12.55e3 10.28e3 
   7.00e6  770.7   1.166e3 2.297e3 3.124e3 3.615e3 3.770e3 2.858e3 3.276e3 2.738e3 2.759e3 5.676e3 5.698e3 5.989e3 6.574e3 7.979e3 8.507e3 4.242e3 6.096e3 7.021e3 7.580e3 7.591e3 8.159e3 7.517e3 8.617e3 6.998e3 7.165e3 6.843e3 6.794e3 6.177e3 6.544e3 6.062e3 7.885e3 8.914e3 7.723e3 4.180e3 6.033e3 9.623e3 10.68e3 9.611e3 10.31e3 10.42e3 10.44e3 10.56e3 9.049e3 9.183e3 9.300e3 9.613e3 9.005e3 8.626e3 9.768e3 11.15e3 10.51e3 10.65e3 9.063e3 13.67e3 14.28e3 13.80e3 12.36e3 11.91e3 11.35e3 12.07e3 10.08e3 10.12e3 10.10e3 12.02e3 9.700e3 8.563e3 10.08e3 9.692e3 10.41e3 9.741e3 9.879e3 9.262e3 9.536e3 9.552e3 8.578e3 8.231e3 9.988e3 9.056e3 8.245e3 9.379e3 9.917e3 12.88e3 12.60e3 14.39e3 15.30e3 13.68e3 13.46e3 14.10e3 13.11e3 12.92e3 10.67e3 
   8.00e6  785.0   1.236e3 2.420e3 3.222e3 3.690e3 3.890e3 2.915e3 3.465e3 2.967e3 2.925e3 5.894e3 5.849e3 6.227e3 6.898e3 8.240e3 8.987e3 4.455e3 6.241e3 7.454e3 7.912e3 7.886e3 8.479e3 7.867e3 9.035e3 7.235e3 7.440e3 7.052e3 7.125e3 6.461e3 6.877e3 6.334e3 8.168e3 9.237e3 8.069e3 4.650e3 6.568e3 10.08e3 11.22e3 10.10e3 10.77e3 10.75e3 10.90e3 11.05e3 9.545e3 9.670e3 9.558e3 10.05e3 9.435e3 8.914e3 10.29e3 11.65e3 11.07e3 11.13e3 9.854e3 14.24e3 14.92e3 14.36e3 13.07e3 12.51e3 11.81e3 12.65e3 10.65e3 10.52e3 10.40e3 12.72e3 10.21e3 9.030e3 10.50e3 10.09e3 10.93e3 10.13e3 10.39e3 9.634e3 9.957e3 10.01e3 9.095e3 8.593e3 10.45e3 9.635e3 8.667e3 9.849e3 10.47e3 13.42e3 13.15e3 14.77e3 15.90e3 14.22e3 14.13e3 14.84e3 13.78e3 13.58e3 11.40e3 
   9.00e6  797.7   1.305e3 2.524e3 3.299e3 3.757e3 3.996e3 2.971e3 3.634e3 3.181e3 3.078e3 6.079e3 5.976e3 6.430e3 7.174e3 8.445e3 9.386e3 4.704e3 6.404e3 7.836e3 8.190e3 8.142e3 8.755e3 8.177e3 9.362e3 7.444e3 7.678e3 7.235e3 7.399e3 6.709e3 7.157e3 6.575e3 8.414e3 9.500e3 8.368e3 5.113e3 7.081e3 10.49e3 11.69e3 10.53e3 11.16e3 11.06e3 11.31e3 11.48e3 9.982e3 10.09e3 9.801e3 10.44e3 9.815e3 9.162e3 10.78e3 12.06e3 11.55e3 11.55e3 10.58e3 14.73e3 15.46e3 14.83e3 13.70e3 13.03e3 12.16e3 13.15e3 11.17e3 10.84e3 10.67e3 13.32e3 10.66e3 9.448e3 10.86e3 10.45e3 11.39e3 10.45e3 10.85e3 9.966e3 10.33e3 10.40e3 9.535e3 8.903e3 10.85e3 10.15e3 9.043e3 10.26e3 10.99e3 13.87e3 13.64e3 15.06e3 16.40e3 14.68e3 14.73e3 15.48e3 14.37e3 14.16e3 12.09e3 
   10.0e6  811.2   1.373e3 2.615e3 3.365e3 3.822e3 4.094e3 3.031e3 3.790e3 3.383e3 3.223e3 6.240e3 6.089e3 6.608e3 7.413e3 8.613e3 9.726e3 4.996e3 6.606e3 8.183e3 8.433e3 8.374e3 9.007e3 8.460e3 9.632e3 7.641e3 7.894e3 7.412e3 7.635e3 6.935e3 7.399e3 6.798e3 8.638e3 9.727e3 8.637e3 5.571e3 7.578e3 10.86e3 12.12e3 10.93e3 11.52e3 11.38e3 11.68e3 11.86e3 10.38e3 10.46e3 10.05e3 10.78e3 10.16e3 9.396e3 11.23e3 12.41e3 11.96e3 11.94e3 11.27e3 15.16e3 15.94e3 15.25e3 14.28e3 13.50e3 12.45e3 13.60e3 11.64e3 11.12e3 10.93e3 13.85e3 11.08e3 9.832e3 11.18e3 10.77e3 11.81e3 10.73e3 11.27e3 10.28e3 10.67e3 10.75e3 9.921e3 9.185e3 11.21e3 10.61e3 9.390e3 10.64e3 11.47e3 14.26e3 14.08e3 15.31e3 16.84e3 15.11e3 15.30e3 16.06e3 14.90e3 14.69e3 12.76e3 
   11.0e6  826.7   1.440e3 2.695e3 3.424e3 3.888e3 4.188e3 3.096e3 3.940e3 3.575e3 3.365e3 6.387e3 6.196e3 6.771e3 7.627e3 8.758e3 10.02e3 5.328e3 6.847e3 8.505e3 8.656e3 8.593e3 9.247e3 8.730e3 9.868e3 7.834e3 8.099e3 7.592e3 7.848e3 7.149e3 7.617e3 7.012e3 8.850e3 9.933e3 8.887e3 6.026e3 8.065e3 11.22e3 12.52e3 11.31e3 11.86e3 11.70e3 12.03e3 12.22e3 10.75e3 10.80e3 10.30e3 11.10e3 10.49e3 9.633e3 11.67e3 12.73e3 12.33e3 12.32e3 11.93e3 15.56e3 16.38e3 15.64e3 14.83e3 13.92e3 12.71e3 14.02e3 12.10e3 11.38e3 11.20e3 14.33e3 11.47e3 10.20e3 11.47e3 11.08e3 12.22e3 10.99e3 11.66e3 10.58e3 11.00e3 11.09e3 10.27e3 9.454e3 11.54e3 11.05e3 9.722e3 11.00e3 11.94e3 14.61e3 14.50e3 15.54e3 17.24e3 15.51e3 15.85e3 16.60e3 15.40e3 15.20e3 13.41e3 
   12.0e6  845.0   1.507e3 2.769e3 3.480e3 3.956e3 4.280e3 3.170e3 4.085e3 3.760e3 3.507e3 6.526e3 6.302e3 6.924e3 7.823e3 8.890e3 10.29e3 5.692e3 7.121e3 8.810e3 8.867e3 8.806e3 9.483e3 8.993e3 10.09e3 8.029e3 8.300e3 7.781e3 8.049e3 7.357e3 7.819e3 7.223e3 9.060e3 10.13e3 9.127e3 6.480e3 8.548e3 11.57e3 12.89e3 11.67e3 12.19e3 12.05e3 12.38e3 12.56e3 11.11e3 11.12e3 10.57e3 11.41e3 10.81e3 9.882e3 12.09e3 13.02e3 12.67e3 12.69e3 12.57e3 15.94e3 16.79e3 16.01e3 15.36e3 14.32e3 12.96e3 14.41e3 12.54e3 11.64e3 11.47e3 14.78e3 11.86e3 10.55e3 11.76e3 11.38e3 12.61e3 11.25e3 12.04e3 10.88e3 11.32e3 11.41e3 10.60e3 9.722e3 11.87e3 11.46e3 10.05e3 11.36e3 12.40e3 14.94e3 14.91e3 15.77e3 17.62e3 15.91e3 16.40e3 17.12e3 15.89e3 15.70e3 14.05e3 
   13.0e6  866.4   1.573e3 2.838e3 3.536e3 4.029e3 4.372e3 3.253e3 4.229e3 3.941e3 3.650e3 6.662e3 6.412e3 7.072e3 8.008e3 9.017e3 10.53e3 6.082e3 7.422e3 9.105e3 9.075e3 9.019e3 9.721e3 9.255e3 10.30e3 8.230e3 8.501e3 7.982e3 8.246e3 7.565e3 8.013e3 7.436e3 9.271e3 10.32e3 9.364e3 6.934e3 9.028e3 11.92e3 13.26e3 12.04e3 12.53e3 12.41e3 12.72e3 12.90e3 11.46e3 11.43e3 10.84e3 11.72e3 11.13e3 10.15e3 12.51e3 13.30e3 13.01e3 13.06e3 13.20e3 16.31e3 17.19e3 16.37e3 15.88e3 14.71e3 13.21e3 14.80e3 12.98e3 11.91e3 11.75e3 15.21e3 12.24e3 10.89e3 12.05e3 11.68e3 13.01e3 11.51e3 12.42e3 11.19e3 11.65e3 11.74e3 10.91e3 9.995e3 12.20e3 11.87e3 10.38e3 11.71e3 12.86e3 15.27e3 15.32e3 16.02e3 18.00e3 16.31e3 16.94e3 17.63e3 16.36e3 16.19e3 14.70e3 
   14.0e6  891.3   1.639e3 2.905e3 3.593e3 4.107e3 4.467e3 3.345e3 4.375e3 4.119e3 3.798e3 6.798e3 6.527e3 7.219e3 8.187e3 9.143e3 10.76e3 6.490e3 7.743e3 9.395e3 9.283e3 9.235e3 9.965e3 9.520e3 10.51e3 8.438e3 8.707e3 8.196e3 8.445e3 7.776e3 8.205e3 7.653e3 9.488e3 10.52e3 9.601e3 7.390e3 9.508e3 12.27e3 13.63e3 12.40e3 12.87e3 12.79e3 13.07e3 13.24e3 11.81e3 11.74e3 11.14e3 12.03e3 11.45e3 10.44e3 12.92e3 13.57e3 13.34e3 13.43e3 13.83e3 16.68e3 17.59e3 16.73e3 16.38e3 15.09e3 13.48e3 15.18e3 13.42e3 12.19e3 12.06e3 15.62e3 12.63e3 11.24e3 12.34e3 11.99e3 13.40e3 11.78e3 12.80e3 11.52e3 11.98e3 12.08e3 11.22e3 10.28e3 12.53e3 12.27e3 10.72e3 12.08e3 13.32e3 15.59e3 15.74e3 16.29e3 18.38e3 16.72e3 17.50e3 18.14e3 16.84e3 16.68e3 15.36e3 
   15.0e6  919.6   1.705e3 2.971e3 3.653e3 4.190e3 4.564e3 3.446e3 4.522e3 4.295e3 3.949e3 6.937e3 6.648e3 7.366e3 8.362e3 9.272e3 10.98e3 6.913e3 8.081e3 9.684e3 9.495e3 9.458e3 10.22e3 9.792e3 10.73e3 8.657e3 8.921e3 8.423e3 8.649e3 7.993e3 8.398e3 7.878e3 9.713e3 10.72e3 9.842e3 7.848e3 9.991e3 12.63e3 13.99e3 12.77e3 13.22e3 13.19e3 13.42e3 13.58e3 12.16e3 12.05e3 11.45e3 12.35e3 11.77e3 10.75e3 13.34e3 13.86e3 13.68e3 13.82e3 14.46e3 17.06e3 17.99e3 17.11e3 16.89e3 15.47e3 13.78e3 15.57e3 13.86e3 12.49e3 12.38e3 16.03e3 13.04e3 11.58e3 12.65e3 12.31e3 13.81e3 12.06e3 13.18e3 11.85e3 12.32e3 12.42e3 11.54e3 10.57e3 12.87e3 12.68e3 11.06e3 12.45e3 13.79e3 15.93e3 16.17e3 16.59e3 18.77e3 17.15e3 18.08e3 18.66e3 17.32e3 17.18e3 16.03e3 
   16.0e6  951.2   1.771e3 3.036e3 3.716e3 4.278e3 4.666e3 3.556e3 4.673e3 4.472e3 4.107e3 7.080e3 6.778e3 7.516e3 8.538e3 9.405e3 11.20e3 7.346e3 8.431e3 9.973e3 9.713e3 9.689e3 10.48e3 10.07e3 10.95e3 8.885e3 9.143e3 8.663e3 8.861e3 8.217e3 8.595e3 8.111e3 9.948e3 10.93e3 10.09e3 8.310e3 10.48e3 13.00e3 14.36e3 13.15e3 13.59e3 13.60e3 13.78e3 13.92e3 12.51e3 12.37e3 11.77e3 12.67e3 12.11e3 11.09e3 13.77e3 14.15e3 14.03e3 14.21e3 15.09e3 17.44e3 18.41e3 17.49e3 17.40e3 15.86e3 14.09e3 15.97e3 14.32e3 12.81e3 12.72e3 16.45e3 13.45e3 11.94e3 12.97e3 12.64e3 14.22e3 12.35e3 13.57e3 12.21e3 12.67e3 12.78e3 11.86e3 10.88e3 13.22e3 13.09e3 11.42e3 12.83e3 14.27e3 16.28e3 16.61e3 16.91e3 19.18e3 17.60e3 18.67e3 19.19e3 17.82e3 17.70e3 16.72e3 
   17.0e6  986.1   1.837e3 3.101e3 3.782e3 4.371e3 4.771e3 3.674e3 4.828e3 4.649e3 4.270e3 7.228e3 6.915e3 7.670e3 8.714e3 9.545e3 11.42e3 7.788e3 8.793e3 10.26e3 9.939e3 9.929e3 10.75e3 10.36e3 11.19e3 9.123e3 9.374e3 8.916e3 9.082e3 8.449e3 8.798e3 8.354e3 10.19e3 11.15e3 10.35e3 8.776e3 10.97e3 13.38e3 14.74e3 13.54e3 13.98e3 14.03e3 14.16e3 14.28e3 12.88e3 12.70e3 12.12e3 13.01e3 12.45e3 11.45e3 14.20e3 14.45e3 14.38e3 14.61e3 15.73e3 17.84e3 18.83e3 17.89e3 17.91e3 16.26e3 14.43e3 16.38e3 14.79e3 13.15e3 13.08e3 16.86e3 13.88e3 12.30e3 13.30e3 12.98e3 14.64e3 12.66e3 13.97e3 12.58e3 13.04e3 13.15e3 12.18e3 11.21e3 13.59e3 13.51e3 11.80e3 13.23e3 14.76e3 16.64e3 17.06e3 17.26e3 19.60e3 18.06e3 19.28e3 19.73e3 18.33e3 18.23e3 17.42e3 
   18.0e6  1.024e3 1.904e3 3.167e3 3.852e3 4.469e3 4.881e3 3.802e3 4.987e3 4.828e3 4.439e3 7.382e3 7.061e3 7.829e3 8.893e3 9.693e3 11.63e3 8.236e3 9.164e3 10.56e3 10.17e3 10.18e3 11.04e3 10.65e3 11.44e3 9.372e3 9.616e3 9.181e3 9.313e3 8.691e3 9.009e3 8.607e3 10.45e3 11.39e3 10.61e3 9.247e3 11.47e3 13.77e3 15.12e3 13.93e3 14.38e3 14.48e3 14.55e3 14.65e3 13.25e3 13.03e3 12.47e3 13.37e3 12.81e3 11.82e3 14.64e3 14.76e3 14.76e3 15.02e3 16.37e3 18.25e3 19.27e3 18.30e3 18.43e3 16.66e3 14.80e3 16.80e3 15.26e3 13.51e3 13.46e3 17.29e3 14.32e3 12.67e3 13.65e3 13.34e3 15.08e3 12.99e3 14.39e3 12.96e3 13.42e3 13.54e3 12.53e3 11.55e3 13.97e3 13.94e3 12.19e3 13.64e3 15.26e3 17.02e3 17.54e3 17.64e3 20.03e3 18.55e3 19.91e3 20.28e3 18.85e3 18.77e3 18.13e3 
   20.0e6  1.109e3 2.038e3 3.302e3 4.003e3 4.678e3 5.113e3 4.079e3 5.317e3 5.192e3 4.794e3 7.709e3 7.376e3 8.160e3 9.261e3 10.01e3 12.07e3 9.142e3 9.930e3 11.17e3 10.67e3 10.71e3 11.65e3 11.27e3 11.96e3 9.900e3 10.13e3 9.744e3 9.806e3 9.201e3 9.458e3 9.143e3 11.00e3 11.88e3 11.16e3 10.20e3 12.48e3 14.60e3 15.92e3 14.76e3 15.23e3 15.43e3 15.37e3 15.41e3 14.03e3 13.73e3 13.23e3 14.11e3 13.56e3 12.64e3 15.55e3 15.44e3 15.54e3 15.88e3 17.68e3 19.12e3 20.18e3 19.17e3 19.48e3 17.51e3 15.60e3 17.68e3 16.26e3 14.30e3 14.28e3 18.16e3 15.26e3 13.45e3 14.39e3 14.10e3 15.99e3 13.69e3 15.25e3 13.79e3 14.24e3 14.37e3 13.25e3 12.28e3 14.78e3 14.83e3 13.02e3 14.52e3 16.30e3 17.83e3 18.53e3 18.47e3 20.96e3 19.58e3 21.23e3 21.44e3 19.95e3 19.91e3 19.62e3 
   22.5e6  1.230e3 2.209e3 3.476e3 4.212e3 4.960e3 5.426e3 4.466e3 5.754e3 5.661e3 5.271e3 8.152e3 7.813e3 8.601e3 9.742e3 10.45e3 12.65e3 10.29e3 10.92e3 11.95e3 11.33e3 11.42e3 12.47e3 12.09e3 12.67e3 10.61e3 10.83e3 10.51e3 10.48e3 9.891e3 10.07e3 9.869e3 11.74e3 12.57e3 11.91e3 11.43e3 13.78e3 15.69e3 16.96e3 15.86e3 16.38e3 16.67e3 16.47e3 16.43e3 15.06e3 14.67e3 14.26e3 15.12e3 14.56e3 13.75e3 16.74e3 16.36e3 16.61e3 16.99e3 19.33e3 20.27e3 21.40e3 20.34e3 20.82e3 18.64e3 16.70e3 18.86e3 17.59e3 15.38e3 15.40e3 19.29e3 16.50e3 14.47e3 15.42e3 15.12e3 17.19e3 14.66e3 16.41e3 14.91e3 15.33e3 15.50e3 14.24e3 13.28e3 15.89e3 16.01e3 14.14e3 15.70e3 17.68e3 18.94e3 19.87e3 19.63e3 22.22e3 20.98e3 23.00e3 22.96e3 21.40e3 21.41e3 21.56e3 
   25.0e6  1.363e3 2.383e3 3.658e3 4.439e3 5.262e3 5.760e3 4.890e3 6.212e3 6.145e3 5.779e3 8.629e3 8.289e3 9.069e3 10.24e3 10.92e3 13.24e3 11.43e3 11.95e3 12.76e3 12.04e3 12.19e3 13.35e3 12.96e3 13.44e3 11.38e3 11.58e3 11.32e3 11.21e3 10.63e3 10.74e3 10.65e3 12.55e3 13.31e3 12.70e3 12.67e3 15.10e3 16.85e3 18.06e3 17.02e3 17.61e3 17.99e3 17.64e3 17.51e3 16.14e3 15.66e3 15.36e3 16.19e3 15.63e3 14.96e3 17.99e3 17.36e3 17.75e3 18.13e3 21.00e3 21.51e3 22.70e3 21.60e3 22.17e3 19.85e3 17.92e3 20.10e3 18.99e3 16.56e3 16.62e3 20.49e3 17.83e3 15.56e3 16.53e3 16.22e3 18.45e3 15.72e3 17.63e3 16.12e3 16.51e3 16.71e3 15.31e3 14.37e3 17.08e3 17.26e3 15.36e3 16.98e3 19.14e3 20.15e3 21.29e3 20.91e3 23.58e3 22.49e3 24.87e3 24.58e3 22.94e3 23.00e3 23.58e3 
   27.5e6  1.507e3 2.559e3 3.844e3 4.681e3 5.578e3 6.110e3 5.343e3 6.688e3 6.641e3 6.313e3 9.134e3 8.798e3 9.559e3 10.77e3 11.43e3 13.86e3 12.57e3 12.99e3 13.60e3 12.79e3 12.99e3 14.27e3 13.86e3 14.25e3 12.19e3 12.38e3 12.18e3 11.99e3 11.42e3 11.47e3 11.48e3 13.41e3 14.10e3 13.53e3 13.95e3 16.45e3 18.06e3 19.19e3 18.22e3 18.91e3 19.35e3 18.87e3 18.63e3 17.27e3 16.71e3 16.52e3 17.34e3 16.75e3 16.23e3 19.28e3 18.43e3 18.96e3 19.30e3 22.68e3 22.81e3 24.07e3 22.92e3 23.53e3 21.12e3 19.21e3 21.40e3 20.45e3 17.83e3 17.92e3 21.73e3 19.21e3 16.70e3 17.72e3 17.39e3 19.76e3 16.86e3 18.92e3 17.41e3 17.76e3 18.00e3 16.47e3 15.54e3 18.34e3 18.57e3 16.65e3 18.33e3 20.65e3 21.45e3 22.79e3 22.28e3 25.02e3 24.09e3 26.83e3 26.26e3 24.56e3 24.66e3 25.66e3 
   30.0e6  1.659e3 2.736e3 4.035e3 4.935e3 5.902e3 6.473e3 5.818e3 7.176e3 7.147e3 6.869e3 9.661e3 9.333e3 10.06e3 11.30e3 11.97e3 14.48e3 13.70e3 14.04e3 14.46e3 13.57e3 13.83e3 15.23e3 14.79e3 15.10e3 13.03e3 13.22e3 13.07e3 12.81e3 12.24e3 12.23e3 12.36e3 14.30e3 14.93e3 14.40e3 15.23e3 17.81e3 19.31e3 20.35e3 19.46e3 20.27e3 20.74e3 20.14e3 19.80e3 18.44e3 17.80e3 17.74e3 18.53e3 17.93e3 17.55e3 20.61e3 19.56e3 20.23e3 20.47e3 24.36e3 24.15e3 25.49e3 24.30e3 24.89e3 22.45e3 20.56e3 22.75e3 21.97e3 19.15e3 19.30e3 23.01e3 20.65e3 17.89e3 18.97e3 18.62e3 21.09e3 18.08e3 20.25e3 18.76e3 19.08e3 19.35e3 17.69e3 16.76e3 19.67e3 19.94e3 18.02e3 19.74e3 22.22e3 22.81e3 24.35e3 23.71e3 26.52e3 25.76e3 28.86e3 27.99e3 26.23e3 26.37e3 27.78e3 
   32.5e6  1.816e3 2.914e3 4.227e3 5.196e3 6.231e3 6.844e3 6.309e3 7.671e3 7.659e3 7.439e3 10.20e3 9.887e3 10.58e3 11.84e3 12.52e3 15.12e3 14.80e3 15.10e3 15.32e3 14.38e3 14.70e3 16.22e3 15.73e3 15.98e3 13.90e3 14.08e3 13.99e3 13.66e3 13.10e3 13.04e3 13.27e3 15.24e3 15.79e3 15.30e3 16.53e3 19.17e3 20.58e3 21.52e3 20.73e3 21.66e3 22.16e3 21.45e3 21.00e3 19.63e3 18.92e3 18.99e3 19.77e3 19.13e3 18.91e3 21.97e3 20.73e3 21.54e3 21.64e3 26.03e3 25.53e3 26.94e3 25.72e3 26.23e3 23.81e3 21.96e3 24.14e3 23.54e3 20.53e3 20.72e3 24.32e3 22.10e3 19.13e3 20.27e3 19.89e3 22.45e3 19.35e3 21.62e3 20.15e3 20.43e3 20.76e3 18.97e3 18.05e3 21.05e3 21.34e3 19.44e3 21.20e3 23.82e3 24.23e3 25.95e3 25.20e3 28.07e3 27.48e3 30.93e3 29.77e3 27.94e3 28.12e3 29.91e3 
   35.0e6  1.975e3 3.090e3 4.419e3 5.462e3 6.562e3 7.218e3 6.809e3 8.167e3 8.174e3 8.020e3 10.75e3 10.45e3 11.10e3 12.38e3 13.08e3 15.76e3 15.88e3 16.15e3 16.19e3 15.19e3 15.58e3 17.22e3 16.68e3 16.87e3 14.79e3 14.97e3 14.92e3 14.53e3 13.97e3 13.87e3 14.20e3 16.19e3 16.68e3 16.22e3 17.83e3 20.52e3 21.87e3 22.70e3 22.01e3 23.08e3 23.58e3 22.79e3 22.21e3 20.85e3 20.06e3 20.28e3 21.03e3 20.37e3 20.29e3 23.34e3 21.94e3 22.87e3 22.80e3 27.69e3 26.94e3 28.41e3 27.16e3 27.55e3 25.21e3 23.40e3 25.55e3 25.13e3 21.95e3 22.19e3 25.65e3 23.58e3 20.39e3 21.62e3 21.20e3 23.81e3 20.67e3 23.02e3 21.58e3 21.83e3 22.21e3 20.30e3 19.37e3 22.46e3 22.77e3 20.90e3 22.70e3 25.45e3 25.70e3 27.57e3 26.72e3 29.66e3 29.24e3 33.03e3 31.56e3 29.69e3 29.89e3 32.04e3 
   37.5e6  2.137e3 3.265e3 4.611e3 5.730e3 6.892e3 7.595e3 7.313e3 8.662e3 8.689e3 8.606e3 11.31e3 11.03e3 11.63e3 12.93e3 13.65e3 16.40e3 16.94e3 17.19e3 17.05e3 16.02e3 16.48e3 18.23e3 17.63e3 17.77e3 15.69e3 15.87e3 15.86e3 15.42e3 14.87e3 14.73e3 15.15e3 17.16e3 17.57e3 17.14e3 19.12e3 21.87e3 23.16e3 23.88e3 23.29e3 24.52e3 25.00e3 24.13e3 23.43e3 22.07e3 21.22e3 21.58e3 22.32e3 21.62e3 21.68e3 24.72e3 23.16e3 24.23e3 23.95e3 29.33e3 28.36e3 29.90e3 28.62e3 28.85e3 26.63e3 24.85e3 26.97e3 26.74e3 23.40e3 23.69e3 26.99e3 25.06e3 21.69e3 23.00e3 22.53e3 25.17e3 22.02e3 24.44e3 23.03e3 23.25e3 23.69e3 21.67e3 20.73e3 23.89e3 24.23e3 22.40e3 24.23e3 27.09e3 27.19e3 29.21e3 28.27e3 31.27e3 31.03e3 35.13e3 33.37e3 31.45e3 31.68e3 34.16e3 
   40.0e6  2.298e3 3.438e3 4.802e3 6.000e3 7.218e3 7.970e3 7.817e3 9.151e3 9.201e3 9.193e3 11.87e3 11.61e3 12.15e3 13.47e3 14.23e3 17.04e3 17.96e3 18.22e3 17.91e3 16.85e3 17.37e3 19.24e3 18.57e3 18.67e3 16.59e3 16.78e3 16.80e3 16.32e3 15.77e3 15.61e3 16.12e3 18.14e3 18.48e3 18.08e3 20.41e3 23.19e3 24.45e3 25.05e3 24.58e3 25.95e3 26.42e3 25.48e3 24.65e3 23.29e3 22.40e3 22.90e3 23.62e3 22.88e3 23.07e3 26.10e3 24.40e3 25.60e3 25.09e3 30.95e3 29.79e3 31.39e3 30.09e3 30.11e3 28.06e3 26.31e3 28.40e3 28.37e3 24.86e3 25.22e3 28.34e3 26.53e3 23.00e3 24.41e3 23.88e3 26.51e3 23.40e3 25.86e3 24.50e3 24.69e3 25.19e3 23.06e3 22.11e3 25.35e3 25.69e3 23.93e3 25.78e3 28.74e3 28.71e3 30.85e3 29.83e3 32.89e3 32.83e3 37.23e3 35.18e3 33.22e3 33.47e3 36.24e3 
   45.0e6  2.616e3 3.776e3 5.175e3 6.534e3 7.854e3 8.709e3 8.809e3 10.10e3 10.21e3 10.36e3 12.98e3 12.77e3 13.19e3 14.53e3 15.37e3 18.29e3 19.91e3 20.22e3 19.60e3 18.50e3 19.17e3 21.25e3 20.42e3 20.48e3 18.40e3 18.61e3 18.69e3 18.13e3 17.59e3 17.40e3 18.07e3 20.12e3 20.30e3 19.95e3 22.94e3 25.77e3 26.99e3 27.34e3 27.10e3 28.80e3 29.20e3 28.17e3 27.09e3 25.73e3 24.74e3 25.54e3 26.23e3 25.41e3 25.84e3 28.83e3 26.89e3 28.35e3 27.32e3 34.12e3 32.63e3 34.36e3 33.02e3 32.57e3 30.93e3 29.23e3 31.24e3 31.62e3 27.81e3 28.29e3 31.02e3 29.45e3 25.66e3 27.26e3 26.61e3 29.15e3 26.22e3 28.72e3 27.44e3 27.60e3 28.24e3 25.92e3 24.93e3 28.27e3 28.64e3 27.02e3 28.89e3 32.03e3 31.78e3 34.10e3 32.96e3 36.14e3 36.44e3 41.38e3 38.78e3 36.74e3 37.03e3 40.30e3 
   50.0e6  2.924e3 4.101e3 5.534e3 7.056e3 8.461e3 9.424e3 9.766e3 11.01e3 11.19e3 11.50e3 14.07e3 13.91e3 14.20e3 15.56e3 16.49e3 19.50e3 21.73e3 22.13e3 21.22e3 20.12e3 20.93e3 23.21e3 22.21e3 22.26e3 20.19e3 20.43e3 20.54e3 19.94e3 19.41e3 19.20e3 20.03e3 22.09e3 22.10e3 21.81e3 25.41e3 28.23e3 29.45e3 29.56e3 29.56e3 31.57e3 31.88e3 30.80e3 29.47e3 28.13e3 27.07e3 28.16e3 28.83e3 27.92e3 28.54e3 31.51e3 29.38e3 31.07e3 29.51e3 37.21e3 35.42e3 37.27e3 35.90e3 34.91e3 33.78e3 32.11e3 34.05e3 34.85e3 30.75e3 31.37e3 33.66e3 32.28e3 28.34e3 30.13e3 29.35e3 31.69e3 29.07e3 31.55e3 30.35e3 30.50e3 31.31e3 28.81e3 27.77e3 31.18e3 31.57e3 30.12e3 31.98e3 35.27e3 34.86e3 37.29e3 36.06e3 39.36e3 40.00e3 45.38e3 42.30e3 40.23e3 40.52e3 44.16e3 
   55.0e6  3.219e3 4.413e3 5.878e3 7.560e3 9.035e3 10.11e3 10.67e3 11.86e3 12.13e3 12.60e3 15.12e3 15.03e3 15.17e3 16.55e3 17.58e3 20.67e3 23.42e3 23.92e3 22.78e3 21.70e3 22.65e3 25.09e3 23.92e3 23.99e3 21.93e3 22.22e3 22.34e3 21.73e3 21.20e3 21.01e3 21.96e3 24.03e3 23.88e3 23.64e3 27.80e3 30.56e3 31.80e3 31.67e3 31.92e3 34.23e3 34.45e3 33.36e3 31.79e3 30.46e3 29.36e3 30.74e3 31.38e3 30.38e3 31.15e3 34.10e3 31.82e3 33.73e3 31.67e3 40.21e3 38.15e3 40.10e3 38.71e3 37.16e3 36.58e3 34.93e3 36.79e3 38.00e3 33.66e3 34.42e3 36.25e3 35.03e3 31.01e3 33.00e3 32.06e3 34.13e3 31.93e3 34.32e3 33.22e3 33.37e3 34.35e3 31.70e3 30.61e3 34.04e3 34.46e3 33.19e3 35.02e3 38.43e3 37.92e3 40.37e3 39.12e3 42.53e3 43.47e3 49.20e3 45.72e3 43.63e3 43.92e3 47.81e3 
   60.0e6  3.499e3 4.710e3 6.205e3 8.041e3 9.574e3 10.76e3 11.53e3 12.66e3 13.03e3 13.64e3 16.12e3 16.10e3 16.11e3 17.50e3 18.64e3 21.78e3 24.98e3 25.60e3 24.27e3 23.23e3 24.31e3 26.89e3 25.54e3 25.67e3 23.63e3 23.96e3 24.09e3 23.48e3 22.95e3 22.79e3 23.86e3 25.92e3 25.61e3 25.42e3 30.10e3 32.75e3 34.04e3 33.68e3 34.17e3 36.76e3 36.90e3 35.81e3 34.02e3 32.72e3 31.60e3 33.24e3 33.87e3 32.78e3 33.64e3 36.61e3 34.21e3 36.32e3 33.82e3 43.12e3 40.79e3 42.84e3 41.44e3 39.33e3 39.31e3 37.66e3 39.45e3 41.08e3 36.51e3 37.40e3 38.77e3 37.70e3 33.65e3 35.83e3 34.72e3 36.47e3 34.76e3 37.03e3 36.00e3 36.19e3 37.35e3 34.57e3 33.41e3 36.82e3 37.29e3 36.20e3 37.97e3 41.49e3 40.92e3 43.33e3 42.10e3 45.62e3 46.83e3 52.81e3 49.03e3 46.93e3 47.20e3 51.25e3 
   65.0e6  3.765e3 4.992e3 6.516e3 8.500e3 10.08e3 11.37e3 12.34e3 13.41e3 13.90e3 14.64e3 17.08e3 17.14e3 17.00e3 18.41e3 19.66e3 22.84e3 26.42e3 27.17e3 25.68e3 24.70e3 25.91e3 28.59e3 27.09e3 27.28e3 25.26e3 25.65e3 25.76e3 25.17e3 24.66e3 24.54e3 25.70e3 27.76e3 27.30e3 27.15e3 32.30e3 34.81e3 36.15e3 35.59e3 36.31e3 39.15e3 39.23e3 38.17e3 36.17e3 34.89e3 33.76e3 35.67e3 36.29e3 35.12e3 36.03e3 39.02e3 36.54e3 38.83e3 35.95e3 45.93e3 43.33e3 45.47e3 44.07e3 41.42e3 41.96e3 40.30e3 42.02e3 44.05e3 39.28e3 40.30e3 41.22e3 40.28e3 36.25e3 38.61e3 37.33e3 38.70e3 37.54e3 39.66e3 38.71e3 38.93e3 40.29e3 37.39e3 36.17e3 39.52e3 40.05e3 39.13e3 40.83e3 44.44e3 43.86e3 46.16e3 45.01e3 48.62e3 50.06e3 56.22e3 52.22e3 50.12e3 50.38e3 54.49e3 
   70.0e6  4.015e3 5.260e3 6.812e3 8.934e3 10.55e3 11.95e3 13.09e3 14.10e3 14.72e3 15.58e3 18.00e3 18.12e3 17.86e3 19.27e3 20.64e3 23.86e3 27.74e3 28.62e3 27.02e3 26.10e3 27.43e3 30.21e3 28.55e3 28.83e3 26.84e3 27.28e3 27.37e3 26.82e3 26.31e3 26.25e3 27.49e3 29.54e3 28.93e3 28.82e3 34.41e3 36.75e3 38.14e3 37.39e3 38.33e3 41.40e3 41.43e3 40.41e3 38.23e3 36.98e3 35.86e3 38.00e3 38.62e3 37.37e3 38.30e3 41.33e3 38.79e3 41.25e3 38.08e3 48.64e3 45.78e3 48.00e3 46.60e3 43.45e3 44.53e3 42.84e3 44.50e3 46.91e3 41.96e3 43.12e3 43.58e3 42.78e3 38.80e3 41.33e3 39.87e3 40.85e3 40.26e3 42.20e3 41.33e3 41.59e3 43.15e3 40.16e3 38.87e3 42.13e3 42.73e3 41.96e3 43.58e3 47.29e3 46.72e3 48.85e3 47.83e3 51.53e3 53.15e3 59.41e3 55.28e3 53.20e3 53.43e3 57.55e3 
   80.0e6  4.474e3 5.756e3 7.357e3 9.733e3 11.41e3 13.01e3 14.46e3 15.35e3 16.25e3 17.29e3 19.68e3 19.96e3 19.47e3 20.89e3 22.48e3 25.74e3 30.09e3 31.19e3 29.50e3 28.73e3 30.28e3 33.16e3 31.24e3 31.73e3 29.79e3 30.36e3 30.38e3 29.94e3 29.45e3 29.52e3 30.89e3 32.91e3 32.03e3 32.01e3 38.35e3 40.25e3 41.77e3 40.71e3 42.05e3 45.48e3 45.48e3 44.57e3 42.08e3 40.90e3 39.84e3 42.41e3 43.02e3 41.63e3 42.52e3 45.66e3 43.06e3 45.81e3 42.28e3 53.77e3 50.38e3 52.73e3 51.36e3 47.34e3 49.39e3 47.62e3 49.18e3 52.32e3 47.07e3 48.46e3 48.09e3 47.56e3 43.72e3 46.55e3 44.73e3 44.90e3 45.50e3 47.04e3 46.31e3 46.65e3 48.63e3 45.49e3 44.06e3 47.07e3 47.84e3 47.31e3 48.76e3 52.65e3 52.20e3 53.85e3 53.23e3 57.07e3 58.94e3 65.19e3 61.03e3 59.01e3 59.18e3 63.19e3 
   90.0e6  4.878e3 6.202e3 7.849e3 10.44e3 12.15e3 13.95e3 15.67e3 16.45e3 17.63e3 18.81e3 21.20e3 21.62e3 20.94e3 22.37e3 24.17e3 27.45e3 32.07e3 33.38e3 31.72e3 31.13e3 32.86e3 35.77e3 33.67e3 34.38e3 32.50e3 33.19e3 33.13e3 32.83e3 32.36e3 32.57e3 34.03e3 36.02e3 34.91e3 34.97e3 41.93e3 43.31e3 44.97e3 43.69e3 45.38e3 49.04e3 49.09e3 48.31e3 45.61e3 44.50e3 43.53e3 46.45e3 47.08e3 45.58e3 46.33e3 49.63e3 47.03e3 50.01e3 46.41e3 58.49e3 54.60e3 57.06e3 55.73e3 51.01e3 53.89e3 52.02e3 53.51e3 57.28e3 51.82e3 53.40e3 52.29e3 52.09e3 48.37e3 51.48e3 49.30e3 48.69e3 50.44e3 51.55e3 50.96e3 51.37e3 53.76e3 50.51e3 48.95e3 51.65e3 52.62e3 52.24e3 53.51e3 57.59e3 57.33e3 58.36e3 58.28e3 62.23e3 64.19e3 70.25e3 66.31e3 64.39e3 64.48e3 68.30e3 
   100.e6  5.230e3 6.603e3 8.292e3 11.08e3 12.81e3 14.78e3 16.73e3 17.41e3 18.89e3 20.15e3 22.55e3 23.12e3 22.28e3 23.72e3 25.73e3 29.00e3 33.76e3 35.24e3 33.72e3 33.31e3 35.20e3 38.08e3 35.86e3 36.80e3 34.97e3 35.78e3 35.64e3 35.51e3 35.05e3 35.42e3 36.93e3 38.90e3 37.60e3 37.73e3 45.17e3 46.00e3 47.81e3 46.37e3 48.35e3 52.16e3 52.33e3 51.68e3 48.83e3 47.80e3 46.94e3 50.15e3 50.80e3 49.23e3 49.79e3 53.28e3 50.72e3 53.87e3 50.40e3 62.80e3 58.48e3 61.02e3 59.76e3 54.50e3 58.05e3 56.06e3 57.50e3 61.83e3 56.22e3 57.96e3 56.21e3 56.37e3 52.75e3 56.10e3 53.57e3 52.25e3 55.06e3 55.75e3 55.30e3 55.75e3 58.54e3 55.23e3 53.53e3 55.91e3 57.08e3 56.77e3 57.87e3 62.15e3 62.13e3 62.46e3 63.00e3 67.04e3 68.96e3 74.72e3 71.16e3 69.36e3 69.37e3 72.96e3 
   110.e6  5.535e3 6.964e3 8.693e3 11.64e3 13.40e3 15.52e3 17.68e3 18.26e3 20.02e3 21.33e3 23.76e3 24.46e3 23.53e3 24.98e3 27.16e3 30.43e3 35.18e3 36.81e3 35.54e3 35.30e3 37.30e3 40.12e3 37.84e3 39.01e3 37.23e3 38.16e3 37.92e3 37.97e3 37.54e3 38.05e3 39.60e3 41.54e3 40.09e3 40.30e3 48.08e3 48.38e3 50.33e3 48.79e3 51.02e3 54.89e3 55.23e3 54.72e3 51.78e3 50.83e3 50.10e3 53.54e3 54.22e3 52.61e3 52.95e3 56.64e3 54.14e3 57.42e3 54.23e3 66.72e3 62.05e3 64.65e3 63.46e3 57.80e3 61.90e3 59.79e3 61.20e3 66.00e3 60.29e3 62.16e3 59.88e3 60.41e3 56.87e3 60.43e3 57.57e3 55.63e3 59.37e3 59.67e3 59.35e3 59.80e3 62.98e3 59.64e3 57.82e3 59.89e3 61.25e3 60.92e3 61.88e3 66.36e3 66.60e3 66.19e3 67.40e3 71.53e3 73.30e3 78.70e3 75.63e3 73.96e3 73.89e3 77.26e3 
   120.e6  5.796e3 7.288e3 9.058e3 12.14e3 13.92e3 16.17e3 18.51e3 19.01e3 21.04e3 22.37e3 24.84e3 25.67e3 24.68e3 26.14e3 28.49e3 31.73e3 36.39e3 38.15e3 37.18e3 37.12e3 39.21e3 41.92e3 39.64e3 41.03e3 39.30e3 40.33e3 40.02e3 40.24e3 39.83e3 40.49e3 42.05e3 43.98e3 42.42e3 42.70e3 50.70e3 50.48e3 52.59e3 51.00e3 53.44e3 57.30e3 57.84e3 57.45e3 54.49e3 53.62e3 53.02e3 56.63e3 57.36e3 55.73e3 55.85e3 59.75e3 57.32e3 60.69e3 57.86e3 70.27e3 65.33e3 67.97e3 66.87e3 60.94e3 65.47e3 63.22e3 64.63e3 69.82e3 64.07e3 66.03e3 63.32e3 64.24e3 60.74e3 64.47e3 61.30e3 58.84e3 63.39e3 63.34e3 63.15e3 63.57e3 67.11e3 63.76e3 61.83e3 63.61e3 65.14e3 64.75e3 65.58e3 70.28e3 70.77e3 69.61e3 71.50e3 75.72e3 77.26e3 82.28e3 79.76e3 78.22e3 78.09e3 81.25e3 
   130.e6  6.018e3 7.581e3 9.389e3 12.59e3 14.39e3 16.76e3 19.26e3 19.68e3 21.97e3 23.30e3 25.81e3 26.76e3 25.75e3 27.23e3 29.72e3 32.93e3 37.43e3 39.29e3 38.68e3 38.78e3 40.93e3 43.53e3 41.30e3 42.87e3 41.19e3 42.33e3 41.94e3 42.34e3 41.95e3 42.74e3 44.30e3 46.23e3 44.59e3 44.94e3 53.06e3 52.35e3 54.63e3 53.03e3 55.63e3 59.44e3 60.19e3 59.93e3 56.99e3 56.19e3 55.72e3 59.47e3 60.24e3 58.63e3 58.52e3 62.62e3 60.29e3 63.70e3 61.28e3 73.49e3 68.36e3 71.02e3 70.02e3 63.91e3 68.78e3 66.39e3 67.81e3 73.33e3 67.58e3 69.59e3 66.55e3 67.84e3 64.37e3 68.25e3 64.80e3 61.91e3 67.13e3 66.78e3 66.70e3 67.08e3 70.95e3 67.61e3 65.58e3 67.11e3 68.78e3 68.28e3 69.02e3 73.92e3 74.66e3 72.77e3 75.32e3 79.64e3 80.90e3 85.53e3 83.59e3 82.19e3 81.98e3 84.98e3 
   140.e6  6.204e3 7.844e3 9.691e3 12.99e3 14.81e3 17.28e3 19.91e3 20.28e3 22.81e3 24.13e3 26.69e3 27.74e3 26.75e3 28.24e3 30.87e3 34.04e3 38.31e3 40.26e3 40.05e3 40.30e3 42.49e3 44.96e3 42.81e3 44.56e3 42.93e3 44.15e3 43.70e3 44.28e3 43.91e3 44.82e3 46.38e3 48.31e3 46.62e3 47.04e3 55.18e3 54.02e3 56.48e3 54.91e3 57.64e3 61.35e3 62.32e3 62.17e3 59.29e3 58.57e3 58.23e3 62.07e3 62.89e3 61.32e3 61.00e3 65.29e3 63.05e3 66.48e3 64.49e3 76.40e3 71.16e3 73.83e3 72.93e3 66.72e3 71.85e3 69.33e3 70.77e3 76.55e3 70.84e3 72.89e3 69.58e3 71.23e3 67.78e3 71.78e3 68.07e3 64.85e3 70.61e3 70.01e3 70.03e3 70.34e3 74.52e3 71.19e3 69.08e3 70.41e3 72.18e3 71.55e3 72.23e3 77.33e3 78.29e3 75.72e3 78.88e3 83.32e3 84.25e3 88.52e3 87.14e3 85.88e3 85.61e3 88.47e3 
   150.e6  6.358e3 8.082e3 9.968e3 13.35e3 15.20e3 17.76e3 20.50e3 20.83e3 23.57e3 24.87e3 27.48e3 28.62e3 27.68e3 29.19e3 31.93e3 35.07e3 39.07e3 41.09e3 41.31e3 41.70e3 43.90e3 46.24e3 44.21e3 46.11e3 44.53e3 45.83e3 45.33e3 46.07e3 45.73e3 46.75e3 48.30e3 50.23e3 48.52e3 49.00e3 57.09e3 55.53e3 58.17e3 56.66e3 59.48e3 63.08e3 64.26e3 64.21e3 61.43e3 60.78e3 60.56e3 64.46e3 65.34e3 63.83e3 63.31e3 67.77e3 65.63e3 69.05e3 67.49e3 79.02e3 73.75e3 76.42e3 75.64e3 69.38e3 74.71e3 72.06e3 73.53e3 79.52e3 73.87e3 75.93e3 72.44e3 74.42e3 70.98e3 75.09e3 71.14e3 67.66e3 73.86e3 73.06e3 73.16e3 73.38e3 77.85e3 74.54e3 72.37e3 73.52e3 75.37e3 74.61e3 75.24e3 80.52e3 81.68e3 78.49e3 82.20e3 86.77e3 87.35e3 91.29e3 90.44e3 89.32e3 89.00e3 91.75e3 
   160.e6  6.485e3 8.297e3 10.22e3 13.67e3 15.55e3 18.19e3 21.01e3 21.32e3 24.27e3 25.53e3 28.19e3 29.43e3 28.55e3 30.08e3 32.92e3 36.02e3 39.74e3 41.81e3 42.46e3 42.99e3 45.18e3 47.39e3 45.50e3 47.54e3 46.01e3 47.37e3 46.83e3 47.73e3 47.41e3 48.53e3 50.07e3 52.01e3 50.30e3 50.85e3 58.82e3 56.90e3 59.73e3 58.29e3 61.19e3 64.65e3 66.02e3 66.08e3 63.41e3 62.83e3 62.73e3 66.66e3 67.59e3 66.17e3 65.47e3 70.09e3 68.05e3 71.44e3 70.28e3 81.39e3 76.15e3 78.81e3 78.16e3 71.90e3 77.37e3 74.59e3 76.11e3 82.25e3 76.70e3 78.75e3 75.13e3 77.41e3 73.99e3 78.18e3 74.02e3 70.36e3 76.89e3 75.95e3 76.10e3 76.22e3 80.94e3 77.67e3 75.44e3 76.47e3 78.37e3 77.47e3 78.07e3 83.52e3 84.85e3 81.09e3 85.32e3 90.01e3 90.24e3 93.88e3 93.53e3 92.55e3 92.17e3 94.84e3 
   170.e6  6.588e3 8.491e3 10.45e3 13.96e3 15.87e3 18.58e3 21.47e3 21.77e3 24.90e3 26.13e3 28.83e3 30.15e3 29.37e3 30.93e3 33.85e3 36.91e3 40.32e3 42.44e3 43.53e3 44.18e3 46.34e3 48.44e3 46.69e3 48.85e3 47.37e3 48.79e3 48.23e3 49.26e3 48.99e3 50.17e3 51.72e3 53.66e3 51.98e3 52.59e3 60.39e3 58.14e3 61.18e3 59.82e3 62.78e3 66.09e3 67.63e3 67.78e3 65.25e3 64.74e3 64.74e3 68.69e3 69.67e3 68.36e3 67.51e3 72.26e3 70.31e3 73.65e3 72.89e3 83.54e3 78.39e3 81.03e3 80.51e3 74.28e3 79.86e3 76.96e3 78.53e3 84.78e3 79.34e3 81.37e3 77.68e3 80.22e3 76.81e3 81.07e3 76.73e3 72.95e3 79.73e3 78.68e3 78.87e3 78.89e3 83.83e3 80.60e3 78.33e3 79.27e3 81.18e3 80.16e3 80.75e3 86.34e3 87.82e3 83.57e3 88.25e3 93.07e3 92.95e3 96.33e3 96.41e3 95.57e3 95.15e3 97.76e3 
   180.e6  6.670e3 8.666e3 10.67e3 14.22e3 16.17e3 18.93e3 21.88e3 22.19e3 25.49e3 26.66e3 29.42e3 30.81e3 30.14e3 31.72e3 34.72e3 37.74e3 40.84e3 42.98e3 44.52e3 45.27e3 47.41e3 49.38e3 47.80e3 50.06e3 48.63e3 50.09e3 49.52e3 50.69e3 50.45e3 51.70e3 53.24e3 55.20e3 53.56e3 54.23e3 61.83e3 59.28e3 62.53e3 61.28e3 64.26e3 67.42e3 69.11e3 69.35e3 66.97e3 66.52e3 66.62e3 70.56e3 71.60e3 70.41e3 69.42e3 74.29e3 72.44e3 75.71e3 75.31e3 85.47e3 80.47e3 83.09e3 82.71e3 76.54e3 82.18e3 79.16e3 80.79e3 87.12e3 81.80e3 83.81e3 80.08e3 82.85e3 79.48e3 83.78e3 79.28e3 75.44e3 82.38e3 81.26e3 81.47e3 81.39e3 86.52e3 83.35e3 81.05e3 81.93e3 83.83e3 82.70e3 83.29e3 89.01e3 90.61e3 85.93e3 91.02e3 95.95e3 95.49e3 98.64e3 99.11e3 98.40e3 97.94e3 100.5e3 
   200.e6  6.782e3 8.968e3 11.05e3 14.68e3 16.70e3 19.56e3 22.57e3 22.92e3 26.52e3 27.59e3 30.43e3 31.95e3 31.56e3 33.19e3 36.30e3 39.23e3 41.73e3 43.88e3 46.29e3 47.23e3 49.25e3 51.03e3 49.79e3 52.22e3 50.89e3 52.41e3 51.83e3 53.25e3 53.10e3 54.42e3 55.97e3 57.97e3 56.46e3 57.25e3 64.35e3 61.30e3 64.99e3 63.97e3 66.96e3 69.81e3 71.70e3 72.11e3 70.08e3 69.75e3 70.02e3 73.91e3 75.05e3 74.14e3 72.95e3 77.98e3 76.34e3 79.43e3 79.66e3 88.80e3 84.23e3 86.79e3 86.69e3 80.71e3 86.39e3 83.15e3 84.92e3 91.31e3 86.27e3 88.20e3 84.53e3 87.61e3 84.35e3 88.70e3 83.95e3 80.14e3 87.22e3 86.07e3 86.25e3 85.96e3 91.40e3 88.33e3 86.01e3 86.86e3 88.69e3 87.40e3 88.04e3 93.93e3 95.68e3 90.37e3 96.11e3 101.3e3 100.2e3 103.0e3 104.0e3 103.6e3 103.0e3 105.6e3 
   225.e6  6.849e3 9.268e3 11.44e3 15.13e3 17.25e3 20.20e3 23.24e3 23.70e3 27.59e3 28.52e3 31.45e3 33.11e3 33.13e3 34.82e3 38.03e3 40.85e3 42.64e3 44.76e3 48.17e3 49.30e3 51.14e3 52.73e3 51.93e3 54.48e3 53.29e3 54.85e3 54.31e3 55.97e3 55.95e3 57.31e3 58.88e3 60.95e3 59.66e3 60.60e3 67.01e3 63.45e3 67.72e3 67.02e3 69.96e3 72.42e3 74.40e3 75.00e3 73.45e3 73.25e3 73.68e3 77.46e3 78.72e3 78.21e3 76.86e3 82.00e3 80.61e3 83.42e3 84.28e3 92.14e3 88.28e3 90.74e3 91.02e3 85.34e3 90.96e3 87.46e3 89.44e3 95.76e3 91.11e3 92.92e3 89.47e3 92.75e3 89.69e3 94.05e3 89.09e3 85.51e3 92.51e3 91.46e3 91.51e3 90.99e3 96.67e3 93.75e3 91.45e3 92.38e3 94.04e3 92.70e3 93.43e3 99.41e3 101.2e3 95.50e3 101.8e3 107.1e3 105.4e3 107.9e3 109.4e3 109.3e3 108.7e3 111.3e3 
   250.e6  6.857e3 9.500e3 11.77e3 15.50e3 17.70e3 20.73e3 23.75e3 24.36e3 28.47e3 29.25e3 32.27e3 34.04e3 34.50e3 36.27e3 39.52e3 42.24e3 43.40e3 45.45e3 49.77e3 51.04e3 52.67e3 54.12e3 53.74e3 56.35e3 55.30e3 56.87e3 56.40e3 58.27e3 58.40e3 59.73e3 61.35e3 63.48e3 62.47e3 63.54e3 69.27e3 65.29e3 70.15e3 69.81e3 72.64e3 74.72e3 76.62e3 77.41e3 76.35e3 76.26e3 76.81e3 80.43e3 81.81e3 81.74e3 80.33e3 85.47e3 84.33e3 86.82e3 88.13e3 94.76e3 91.75e3 94.09e3 94.76e3 89.41e3 94.88e3 91.15e3 93.35e3 99.52e3 95.27e3 96.95e3 93.84e3 97.10e3 94.33e3 98.65e3 93.57e3 90.39e3 97.14e3 96.29e3 96.09e3 95.39e3 101.2e3 98.42e3 96.18e3 97.28e3 98.71e3 97.49e3 98.34e3 104.3e3 106.0e3 100.3e3 106.9e3 112.3e3 110.1e3 112.4e3 114.1e3 114.2e3 113.6e3 116.4e3 
   275.e6  6.827e3 9.679e3 12.04e3 15.79e3 18.08e3 21.16e3 24.13e3 24.92e3 29.20e3 29.84e3 32.91e3 34.78e3 35.71e3 37.55e3 40.82e3 43.43e3 44.06e3 46.01e3 51.13e3 52.51e3 53.91e3 55.30e3 55.29e3 57.92e3 57.00e3 58.56e3 58.19e3 60.21e3 60.50e3 61.76e3 63.46e3 65.65e3 64.96e3 66.16e3 71.23e3 66.91e3 72.36e3 72.40e3 75.07e3 76.79e3 78.46e3 79.42e3 78.86e3 78.86e3 79.49e3 82.95e3 84.42e3 84.82e3 83.41e3 88.48e3 87.60e3 89.74e3 91.37e3 96.83e3 94.73e3 96.95e3 98.02e3 93.01e3 98.27e3 94.33e3 96.77e3 102.7e3 98.86e3 100.4e3 97.73e3 100.8e3 98.38e3 102.6e3 97.51e3 94.84e3 101.2e3 100.7e3 100.1e3 99.27e3 105.0e3 102.5e3 100.3e3 101.6e3 102.8e3 101.9e3 102.8e3 108.6e3 110.2e3 104.7e3 111.4e3 116.9e3 114.4e3 116.6e3 118.2e3 118.6e3 117.9e3 120.8e3 
   300.e6  6.770e3 9.816e3 12.26e3 16.03e3 18.39e3 21.52e3 24.42e3 25.41e3 29.80e3 30.31e3 33.42e3 35.38e3 36.78e3 38.70e3 41.95e3 44.47e3 44.65e3 46.51e3 52.30e3 53.75e3 54.92e3 56.30e3 56.62e3 59.22e3 58.45e3 59.97e3 59.71e3 61.85e3 62.32e3 63.47e3 65.27e3 67.52e3 67.16e3 68.49e3 72.99e3 68.37e3 74.40e3 74.82e3 77.30e3 78.67e3 79.99e3 81.13e3 81.05e3 81.13e3 81.81e3 85.10e3 86.65e3 87.53e3 86.17e3 91.09e3 90.48e3 92.26e3 94.08e3 98.49e3 97.32e3 99.41e3 100.9e3 96.19e3 101.2e3 97.09e3 99.78e3 105.5e3 102.0e3 103.4e3 101.2e3 103.9e3 101.9e3 106.0e3 101.0e3 98.90e3 104.9e3 104.6e3 103.6e3 102.7e3 108.4e3 106.0e3 104.0e3 105.5e3 106.5e3 105.9e3 107.0e3 112.5e3 113.8e3 109.0e3 115.6e3 121.1e3 118.4e3 120.4e3 121.8e3 122.4e3 121.7e3 124.9e3 
   325.e6  6.696e3 9.919e3 12.45e3 16.23e3 18.64e3 21.82e3 24.63e3 25.84e3 30.30e3 30.70e3 33.82e3 35.86e3 37.73e3 39.72e3 42.95e3 45.38e3 45.18e3 46.95e3 53.30e3 54.82e3 55.77e3 57.16e3 57.77e3 60.32e3 59.69e3 61.16e3 61.02e3 63.26e3 63.91e3 64.91e3 66.84e3 69.15e3 69.13e3 70.58e3 74.58e3 69.70e3 76.29e3 77.11e3 79.37e3 80.42e3 81.28e3 82.58e3 82.96e3 83.12e3 83.83e3 86.95e3 88.56e3 89.92e3 88.63e3 93.37e3 93.03e3 94.44e3 96.36e3 99.82e3 99.58e3 101.5e3 103.4e3 99.03e3 103.8e3 99.48e3 102.4e3 107.9e3 104.7e3 106.1e3 104.3e3 106.6e3 105.1e3 109.0e3 104.1e3 102.6e3 108.3e3 108.2e3 106.8e3 105.8e3 111.2e3 109.1e3 107.2e3 109.0e3 109.7e3 109.6e3 110.9e3 116.0e3 117.0e3 113.0e3 119.4e3 124.8e3 122.1e3 124.1e3 125.0e3 125.8e3 125.1e3 128.5e3 
   350.e6  6.612e3 9.995e3 12.60e3 16.39e3 18.84e3 22.07e3 24.80e3 26.21e3 30.72e3 31.01e3 34.13e3 36.25e3 38.58e3 40.64e3 43.83e3 46.17e3 45.67e3 47.36e3 54.17e3 55.73e3 56.49e3 57.92e3 58.75e3 61.24e3 60.75e3 62.17e3 62.15e3 64.45e3 65.30e3 66.13e3 68.20e3 70.57e3 70.89e3 72.46e3 76.06e3 70.95e3 78.06e3 79.29e3 81.30e3 82.03e3 82.37e3 83.82e3 84.65e3 84.87e3 85.58e3 88.54e3 90.20e3 92.04e3 90.83e3 95.37e3 95.30e3 96.34e3 98.29e3 100.9e3 101.6e3 103.4e3 105.6e3 101.6e3 106.0e3 101.6e3 104.8e3 110.0e3 107.1e3 108.3e3 107.1e3 108.8e3 107.8e3 111.6e3 106.8e3 106.0e3 111.4e3 111.5e3 109.5e3 108.6e3 113.7e3 111.9e3 110.1e3 112.1e3 112.6e3 113.1e3 114.5e3 119.1e3 119.8e3 116.8e3 122.9e3 128.2e3 125.5e3 127.4e3 127.8e3 128.9e3 128.2e3 131.8e3 
   375.e6  6.523e3 10.05e3 12.73e3 16.52e3 19.01e3 22.27e3 24.91e3 26.54e3 31.05e3 31.26e3 34.37e3 36.56e3 39.33e3 41.47e3 44.61e3 46.86e3 46.12e3 47.74e3 54.93e3 56.52e3 57.10e3 58.59e3 59.60e3 62.01e3 61.65e3 63.02e3 63.12e3 65.48e3 66.51e3 67.16e3 69.38e3 71.81e3 72.47e3 74.16e3 77.45e3 72.12e3 79.71e3 81.36e3 83.12e3 83.55e3 83.28e3 84.89e3 86.14e3 86.41e3 87.12e3 89.93e3 91.62e3 93.93e3 92.81e3 97.11e3 97.32e3 98.00e3 99.92e3 101.8e3 103.3e3 105.0e3 107.6e3 103.8e3 108.0e3 103.4e3 106.9e3 111.8e3 109.1e3 110.4e3 109.7e3 110.7e3 110.2e3 113.9e3 109.2e3 109.1e3 114.2e3 114.6e3 112.0e3 111.1e3 115.9e3 114.3e3 112.6e3 114.9e3 115.3e3 116.4e3 117.9e3 122.0e3 122.3e3 120.4e3 126.1e3 131.2e3 128.8e3 130.6e3 130.4e3 131.6e3 130.9e3 134.8e3 
   400.e6  6.431e3 10.09e3 12.84e3 16.62e3 19.14e3 22.44e3 25.00e3 26.84e3 31.33e3 31.46e3 34.54e3 36.80e3 40.00e3 42.21e3 45.30e3 47.47e3 46.52e3 48.10e3 55.58e3 57.20e3 57.64e3 59.19e3 60.34e3 62.66e3 62.43e3 63.74e3 63.96e3 66.36e3 67.58e3 68.03e3 70.42e3 72.90e3 73.90e3 75.70e3 78.77e3 73.23e3 81.27e3 83.34e3 84.83e3 84.97e3 84.06e3 85.82e3 87.46e3 87.78e3 88.47e3 91.13e3 92.85e3 95.62e3 94.57e3 98.64e3 99.12e3 99.45e3 101.3e3 102.5e3 104.8e3 106.4e3 109.4e3 105.9e3 109.7e3 105.0e3 108.7e3 113.4e3 111.0e3 112.2e3 112.0e3 112.4e3 112.4e3 115.9e3 111.4e3 111.9e3 116.9e3 117.5e3 114.2e3 113.4e3 117.8e3 116.5e3 114.9e3 117.4e3 117.6e3 119.4e3 121.0e3 124.6e3 124.6e3 123.9e3 129.1e3 134.0e3 131.9e3 133.6e3 132.6e3 134.1e3 133.4e3 137.5e3 
   450.e6  6.461e3 10.29e3 12.96e3 16.76e3 19.52e3 22.87e3 25.51e3 27.57e3 31.88e3 32.04e3 35.24e3 37.50e3 41.13e3 43.45e3 46.29e3 48.45e3 48.33e3 49.13e3 56.78e3 58.37e3 58.98e3 60.61e3 62.17e3 64.09e3 64.08e3 65.28e3 65.93e3 68.43e3 69.53e3 70.14e3 72.80e3 74.74e3 76.28e3 78.12e3 79.85e3 75.18e3 83.95e3 86.16e3 87.82e3 87.43e3 86.44e3 88.29e3 90.50e3 90.68e3 91.60e3 94.14e3 95.55e3 99.05e3 98.41e3 102.1e3 102.8e3 102.7e3 103.5e3 103.8e3 108.1e3 109.7e3 113.4e3 110.0e3 113.6e3 108.9e3 112.8e3 116.7e3 115.0e3 116.4e3 116.0e3 116.1e3 116.7e3 120.2e3 116.2e3 116.9e3 121.3e3 122.7e3 118.8e3 118.4e3 122.5e3 120.8e3 119.9e3 122.4e3 122.3e3 124.7e3 126.0e3 129.9e3 129.4e3 129.4e3 133.4e3 138.0e3 137.1e3 138.6e3 137.8e3 139.7e3 138.9e3 142.9e3 
   500.e6  6.530e3 10.39e3 12.85e3 16.62e3 19.65e3 23.00e3 25.86e3 27.99e3 31.95e3 32.28e3 35.59e3 37.79e3 41.57e3 43.98e3 46.50e3 48.65e3 50.04e3 49.73e3 57.14e3 58.67e3 59.63e3 61.39e3 63.31e3 64.77e3 64.94e3 66.03e3 67.19e3 69.81e3 70.54e3 71.56e3 74.45e3 75.55e3 77.52e3 79.29e3 79.40e3 76.26e3 85.39e3 87.41e3 89.51e3 88.70e3 88.18e3 90.02e3 92.63e3 92.59e3 93.87e3 96.38e3 97.24e3 101.4e3 101.2e3 104.4e3 105.2e3 105.0e3 104.2e3 104.0e3 110.2e3 111.9e3 116.3e3 112.8e3 116.4e3 112.0e3 115.7e3 118.9e3 117.9e3 119.7e3 118.5e3 118.8e3 119.8e3 123.4e3 119.8e3 120.3e3 124.0e3 126.3e3 122.3e3 122.4e3 126.3e3 124.0e3 123.9e3 126.3e3 125.8e3 128.2e3 129.0e3 133.9e3 132.9e3 132.9e3 135.3e3 139.6e3 140.3e3 141.6e3 141.7e3 144.0e3 143.1e3 146.8e3 
   550.e6  6.333e3 10.33e3 12.83e3 16.57e3 19.79e3 23.16e3 25.96e3 28.27e3 32.10e3 32.40e3 35.83e3 38.05e3 42.11e3 44.58e3 46.85e3 49.04e3 50.52e3 50.31e3 57.63e3 59.18e3 60.22e3 62.26e3 64.18e3 65.35e3 65.82e3 66.81e3 68.19e3 70.91e3 71.67e3 72.85e3 75.62e3 76.55e3 78.78e3 80.57e3 80.59e3 77.40e3 86.73e3 88.77e3 91.06e3 89.91e3 89.57e3 91.59e3 94.29e3 94.18e3 95.53e3 98.07e3 98.91e3 103.3e3 103.4e3 106.3e3 107.4e3 106.8e3 106.1e3 105.1e3 112.1e3 113.8e3 118.5e3 115.4e3 118.5e3 114.3e3 118.0e3 120.5e3 120.2e3 122.1e3 120.9e3 121.2e3 122.3e3 125.7e3 122.6e3 123.3e3 126.2e3 129.5e3 125.5e3 125.6e3 129.1e3 126.9e3 127.2e3 129.2e3 128.6e3 131.2e3 132.1e3 137.3e3 135.8e3 136.3e3 139.6e3 143.1e3 143.9e3 145.0e3 145.3e3 147.6e3 146.6e3 150.3e3 
   600.e6  6.164e3 10.27e3 12.80e3 16.51e3 19.87e3 23.26e3 26.03e3 28.49e3 32.16e3 32.47e3 35.99e3 38.24e3 42.51e3 45.04e3 47.08e3 49.30e3 50.90e3 50.84e3 57.96e3 59.54e3 60.64e3 62.98e3 64.82e3 65.75e3 66.50e3 67.40e3 68.97e3 71.77e3 72.55e3 73.88e3 76.54e3 77.34e3 79.77e3 81.58e3 81.71e3 78.45e3 87.79e3 89.84e3 92.25e3 90.87e3 90.70e3 92.87e3 95.62e3 95.44e3 96.85e3 99.45e3 100.3e3 104.8e3 105.3e3 107.8e3 109.1e3 108.2e3 107.6e3 106.1e3 113.7e3 115.4e3 120.2e3 117.5e3 120.2e3 116.1e3 119.8e3 121.9e3 122.0e3 124.0e3 122.8e3 123.2e3 124.3e3 127.6e3 124.9e3 125.8e3 128.0e3 132.2e3 128.2e3 128.2e3 131.5e3 129.3e3 129.9e3 131.6e3 131.1e3 133.8e3 134.7e3 140.1e3 138.2e3 139.2e3 143.4e3 146.1e3 147.0e3 147.8e3 148.4e3 150.5e3 149.6e3 153.3e3 
   650.e6  6.019e3 10.20e3 12.76e3 16.43e3 19.89e3 23.31e3 26.08e3 28.67e3 32.17e3 32.50e3 36.07e3 38.36e3 42.80e3 45.38e3 47.20e3 49.46e3 51.20e3 51.31e3 58.17e3 59.78e3 60.93e3 63.59e3 65.28e3 66.01e3 67.02e3 67.85e3 69.57e3 72.44e3 73.24e3 74.72e3 77.27e3 77.96e3 80.54e3 82.37e3 82.76e3 79.42e3 88.61e3 90.66e3 93.16e3 91.65e3 91.62e3 93.91e3 96.68e3 96.44e3 97.93e3 100.6e3 101.3e3 106.1e3 106.7e3 109.0e3 110.6e3 109.3e3 108.9e3 107.0e3 114.9e3 116.7e3 121.7e3 119.2e3 121.5e3 117.5e3 121.2e3 123.0e3 123.5e3 125.7e3 124.4e3 124.9e3 126.0e3 129.1e3 126.7e3 127.8e3 129.5e3 134.3e3 130.5e3 130.5e3 133.4e3 131.3e3 132.3e3 133.5e3 133.2e3 136.0e3 136.9e3 142.4e3 140.3e3 141.6e3 146.7e3 148.7e3 149.6e3 150.2e3 150.9e3 153.0e3 152.1e3 155.8e3 
   700.e6  5.895e3 10.12e3 12.71e3 16.35e3 19.88e3 23.33e3 26.11e3 28.82e3 32.12e3 32.51e3 36.09e3 38.43e3 43.00e3 45.61e3 47.26e3 49.53e3 51.41e3 51.71e3 58.28e3 59.94e3 61.12e3 64.10e3 65.58e3 66.16e3 67.41e3 68.20e3 70.03e3 72.97e3 73.76e3 75.38e3 77.83e3 78.44e3 81.13e3 82.97e3 83.76e3 80.31e3 89.25e3 91.30e3 93.84e3 92.27e3 92.38e3 94.76e3 97.52e3 97.23e3 98.79e3 101.5e3 102.2e3 107.1e3 107.8e3 110.0e3 111.7e3 110.3e3 110.0e3 107.8e3 116.0e3 117.7e3 122.9e3 120.7e3 122.6e3 118.7e3 122.4e3 123.9e3 124.8e3 127.0e3 125.7e3 126.3e3 127.3e3 130.3e3 128.3e3 129.4e3 130.7e3 136.1e3 132.4e3 132.4e3 134.9e3 133.1e3 134.3e3 135.1e3 135.0e3 137.8e3 138.8e3 144.3e3 142.0e3 143.7e3 149.6e3 151.0e3 151.9e3 152.2e3 153.1e3 155.1e3 154.2e3 158.0e3 
   800.e6  5.698e3 9.967e3 12.60e3 16.16e3 19.77e3 23.28e3 26.14e3 29.03e3 31.94e3 32.50e3 36.01e3 38.47e3 43.19e3 45.84e3 47.19e3 49.49e3 51.66e3 52.33e3 58.27e3 60.07e3 61.27e3 64.84e3 65.87e3 66.23e3 67.89e3 68.64e3 70.62e3 73.67e3 74.44e3 76.32e3 78.57e3 79.10e3 81.87e3 83.76e3 85.57e3 81.87e3 90.10e3 92.13e3 94.65e3 93.21e3 93.50e3 96.01e3 98.67e3 98.33e3 100.0e3 102.8e3 103.5e3 108.5e3 109.2e3 111.3e3 113.4e3 111.6e3 111.8e3 109.4e3 117.5e3 119.3e3 124.7e3 123.0e3 124.1e3 120.5e3 124.1e3 125.3e3 126.6e3 129.0e3 127.7e3 128.6e3 129.3e3 132.1e3 130.7e3 131.9e3 132.7e3 138.8e3 135.4e3 135.5e3 137.3e3 135.9e3 137.4e3 137.6e3 137.9e3 140.7e3 141.7e3 147.1e3 144.9e3 146.8e3 154.4e3 154.8e3 155.6e3 155.3e3 156.6e3 158.3e3 157.6e3 161.5e3 
   900.e6  5.552e3 9.814e3 12.49e3 15.97e3 19.59e3 23.15e3 26.11e3 29.14e3 31.68e3 32.44e3 35.82e3 38.42e3 43.17e3 45.85e3 46.97e3 49.28e3 51.70e3 52.72e3 58.06e3 60.02e3 61.20e3 65.30e3 65.84e3 66.11e3 68.09e3 68.88e3 70.90e3 74.06e3 74.75e3 76.86e3 78.93e3 79.47e3 82.21e3 84.13e3 87.17e3 83.19e3 90.54e3 92.55e3 94.94e3 93.86e3 94.26e3 96.80e3 99.30e3 98.98e3 100.9e3 103.6e3 104.3e3 109.3e3 109.9e3 112.0e3 114.4e3 112.4e3 113.3e3 110.8e3 118.6e3 120.4e3 125.9e3 124.6e3 125.0e3 121.7e3 125.2e3 126.3e3 127.8e3 130.3e3 129.0e3 130.3e3 130.5e3 133.2e3 132.4e3 133.5e3 134.2e3 140.5e3 137.5e3 137.8e3 138.8e3 138.1e3 139.7e3 139.3e3 140.2e3 142.9e3 144.0e3 148.9e3 147.1e3 149.1e3 158.1e3 157.8e3 158.3e3 157.5e3 159.1e3 160.7e3 160.1e3 164.2e3 
   1.00e9  5.442e3 9.664e3 12.37e3 15.78e3 19.37e3 22.97e3 26.04e3 29.18e3 31.40e3 32.37e3 35.56e3 38.31e3 43.00e3 45.71e3 46.65e3 48.97e3 51.60e3 52.90e3 57.71e3 59.86e3 61.00e3 65.54e3 65.61e3 65.86e3 68.10e3 68.97e3 70.98e3 74.22e3 74.82e3 77.13e3 79.02e3 79.64e3 82.26e3 84.22e3 88.53e3 84.28e3 90.70e3 92.68e3 94.88e3 94.32e3 94.76e3 97.28e3 99.57e3 99.32e3 101.4e3 104.1e3 104.8e3 109.7e3 110.0e3 112.3e3 114.9e3 112.9e3 114.6e3 112.1e3 119.3e3 121.2e3 126.7e3 125.8e3 125.5e3 122.5e3 125.9e3 127.1e3 128.5e3 131.1e3 129.9e3 131.7e3 131.3e3 133.9e3 133.6e3 134.5e3 135.4e3 141.7e3 138.9e3 139.4e3 139.8e3 139.9e3 141.4e3 140.6e3 142.0e3 144.6e3 145.7e3 150.0e3 148.8e3 150.7e3 161.1e3 160.2e3 160.2e3 159.0e3 160.9e3 162.4e3 161.9e3 166.1e3 
   1.10e9  5.356e3 9.519e3 12.25e3 15.59e3 19.14e3 22.75e3 25.94e3 29.16e3 31.10e3 32.29e3 35.26e3 38.15e3 42.75e3 45.46e3 46.28e3 48.59e3 51.40e3 52.90e3 57.28e3 59.63e3 60.72e3 65.59e3 65.26e3 65.54e3 67.99e3 68.96e3 70.92e3 74.23e3 74.71e3 77.19e3 78.92e3 79.67e3 82.11e3 84.10e3 89.66e3 85.17e3 90.67e3 92.63e3 94.58e3 94.64e3 95.08e3 97.52e3 99.58e3 99.44e3 101.6e3 104.3e3 105.0e3 109.8e3 109.8e3 112.4e3 115.1e3 113.1e3 115.6e3 113.2e3 119.8e3 121.8e3 127.2e3 126.6e3 125.7e3 123.0e3 126.3e3 127.6e3 129.0e3 131.6e3 130.5e3 132.7e3 131.8e3 134.4e3 134.4e3 135.1e3 136.3e3 142.3e3 139.7e3 140.7e3 140.5e3 141.3e3 142.6e3 141.5e3 143.4e3 146.0e3 147.1e3 150.7e3 150.1e3 151.8e3 163.3e3 162.1e3 161.7e3 160.1e3 162.2e3 163.6e3 163.3e3 167.6e3 
   1.20e9  5.285e3 9.378e3 12.13e3 15.40e3 18.90e3 22.51e3 25.81e3 29.09e3 30.81e3 32.19e3 34.93e3 37.97e3 42.43e3 45.14e3 45.87e3 48.18e3 51.14e3 52.76e3 56.79e3 59.36e3 60.38e3 65.49e3 64.83e3 65.18e3 67.78e3 68.89e3 70.77e3 74.13e3 74.48e3 77.11e3 78.68e3 79.61e3 81.82e3 83.84e3 90.57e3 85.87e3 90.51e3 92.44e3 94.13e3 94.85e3 95.26e3 97.59e3 99.40e3 99.42e3 101.8e3 104.3e3 105.1e3 109.7e3 109.4e3 112.3e3 115.0e3 113.2e3 116.5e3 114.2e3 120.1e3 122.1e3 127.5e3 127.1e3 125.8e3 123.4e3 126.5e3 128.0e3 129.3e3 131.8e3 130.9e3 133.5e3 132.1e3 134.7e3 134.9e3 135.4e3 137.1e3 142.7e3 140.2e3 141.5e3 140.8e3 142.4e3 143.5e3 142.1e3 144.6e3 147.0e3 148.1e3 151.0e3 151.2e3 152.5e3 164.9e3 163.6e3 162.7e3 160.8e3 163.2e3 164.4e3 164.3e3 168.6e3 
   1.30e9  5.224e3 9.241e3 12.02e3 15.22e3 18.67e3 22.26e3 25.65e3 28.99e3 30.52e3 32.09e3 34.59e3 37.78e3 42.07e3 44.77e3 45.44e3 47.74e3 50.83e3 52.50e3 56.27e3 59.05e3 60.01e3 65.28e3 64.34e3 64.81e3 67.51e3 68.77e3 70.55e3 73.94e3 74.16e3 76.91e3 78.33e3 79.48e3 81.43e3 83.47e3 91.28e3 86.40e3 90.26e3 92.17e3 93.57e3 94.98e3 95.34e3 97.53e3 99.08e3 99.30e3 101.8e3 104.1e3 105.1e3 109.4e3 108.8e3 112.1e3 114.8e3 113.2e3 117.2e3 115.0e3 120.3e3 122.4e3 127.5e3 127.4e3 125.8e3 123.6e3 126.6e3 128.3e3 129.5e3 131.8e3 131.2e3 134.1e3 132.3e3 134.9e3 135.3e3 135.5e3 137.8e3 142.8e3 140.3e3 142.1e3 141.0e3 143.3e3 144.1e3 142.6e3 145.5e3 147.8e3 149.0e3 151.0e3 152.0e3 153.0e3 166.1e3 164.9e3 163.3e3 161.3e3 163.8e3 165.0e3 165.0e3 169.4e3 
   1.40e9  5.169e3 9.107e3 11.91e3 15.04e3 18.45e3 22.00e3 25.46e3 28.85e3 30.24e3 31.98e3 34.24e3 37.56e3 41.68e3 44.37e3 45.01e3 47.30e3 50.50e3 52.16e3 55.74e3 58.72e3 59.62e3 64.97e3 63.84e3 64.43e3 67.20e3 68.62e3 70.28e3 73.70e3 73.79e3 76.64e3 77.90e3 79.30e3 80.98e3 83.04e3 91.78e3 86.79e3 89.95e3 91.84e3 92.94e3 95.03e3 95.33e3 97.37e3 98.67e3 99.10e3 101.7e3 103.9e3 104.9e3 109.0e3 108.2e3 111.9e3 114.4e3 113.1e3 117.9e3 115.6e3 120.3e3 122.5e3 127.5e3 127.5e3 125.6e3 123.7e3 126.5e3 128.6e3 129.6e3 131.7e3 131.3e3 134.6e3 132.3e3 135.0e3 135.5e3 135.4e3 138.4e3 142.8e3 140.2e3 142.5e3 141.0e3 144.0e3 144.5e3 143.0e3 146.3e3 148.4e3 149.6e3 151.0e3 152.7e3 153.2e3 166.9e3 165.8e3 163.7e3 161.6e3 164.2e3 165.4e3 165.5e3 169.8e3 
   1.50e9  5.116e3 8.976e3 11.80e3 14.87e3 18.24e3 21.74e3 25.26e3 28.68e3 29.97e3 31.87e3 33.90e3 37.34e3 41.28e3 43.96e3 44.57e3 46.85e3 50.16e3 51.75e3 55.19e3 58.38e3 59.22e3 64.59e3 63.33e3 64.05e3 66.87e3 68.43e3 69.99e3 73.40e3 73.38e3 76.30e3 77.42e3 79.09e3 80.48e3 82.55e3 92.09e3 87.05e3 89.60e3 91.47e3 92.28e3 95.02e3 95.26e3 97.14e3 98.19e3 98.86e3 101.6e3 103.5e3 104.7e3 108.5e3 107.5e3 111.5e3 114.0e3 112.9e3 118.3e3 116.2e3 120.3e3 122.5e3 127.3e3 127.5e3 125.4e3 123.7e3 126.4e3 128.7e3 129.5e3 131.6e3 131.4e3 134.9e3 132.3e3 135.1e3 135.6e3 135.3e3 138.8e3 142.7e3 139.9e3 142.8e3 140.9e3 144.5e3 144.8e3 143.3e3 146.9e3 148.9e3 150.1e3 150.8e3 153.2e3 153.4e3 167.4e3 166.6e3 163.9e3 161.7e3 164.5e3 165.6e3 165.8e3 170.1e3 
   1.60e9  5.064e3 8.848e3 11.69e3 14.70e3 18.04e3 21.49e3 25.04e3 28.49e3 29.71e3 31.74e3 33.55e3 37.11e3 40.87e3 43.53e3 44.14e3 46.40e3 49.82e3 51.31e3 54.65e3 58.03e3 58.82e3 64.15e3 62.81e3 63.68e3 66.51e3 68.22e3 69.67e3 73.07e3 72.95e3 75.91e3 76.90e3 78.84e3 79.95e3 82.03e3 92.24e3 87.20e3 89.22e3 91.08e3 91.60e3 94.94e3 95.13e3 96.86e3 97.66e3 98.59e3 101.4e3 103.0e3 104.5e3 108.0e3 106.9e3 111.2e3 113.4e3 112.7e3 118.7e3 116.6e3 120.2e3 122.5e3 127.1e3 127.4e3 125.2e3 123.7e3 126.2e3 128.8e3 129.5e3 131.3e3 131.4e3 135.1e3 132.2e3 135.1e3 135.7e3 135.0e3 139.2e3 142.4e3 139.5e3 142.8e3 140.8e3 145.0e3 144.9e3 143.5e3 147.3e3 149.3e3 150.5e3 150.5e3 153.6e3 153.3e3 167.6e3 167.1e3 163.9e3 161.7e3 164.5e3 165.7e3 165.9e3 170.2e3 
   1.70e9  5.012e3 8.722e3 11.59e3 14.54e3 17.86e3 21.24e3 24.81e3 28.29e3 29.46e3 31.60e3 33.22e3 36.87e3 40.45e3 43.10e3 43.71e3 45.96e3 49.48e3 50.84e3 54.11e3 57.67e3 58.42e3 63.67e3 62.31e3 63.31e3 66.14e3 67.99e3 69.34e3 72.71e3 72.50e3 75.50e3 76.35e3 78.58e3 79.40e3 81.49e3 92.24e3 87.25e3 88.82e3 90.67e3 90.91e3 94.82e3 94.96e3 96.53e3 97.10e3 98.29e3 101.1e3 102.5e3 104.2e3 107.4e3 106.2e3 110.8e3 112.9e3 112.4e3 119.0e3 116.9e3 120.1e3 122.4e3 126.8e3 127.3e3 124.9e3 123.7e3 126.0e3 128.8e3 129.3e3 131.0e3 131.3e3 135.3e3 132.1e3 135.0e3 135.6e3 134.8e3 139.5e3 142.2e3 139.0e3 142.8e3 140.6e3 145.3e3 144.9e3 143.6e3 147.7e3 149.5e3 150.8e3 150.2e3 153.9e3 153.3e3 167.6e3 167.4e3 163.8e3 161.6e3 164.5e3 165.6e3 166.0e3 170.1e3 
   1.80e9  4.957e3 8.597e3 11.49e3 14.39e3 17.68e3 21.00e3 24.56e3 28.07e3 29.21e3 31.45e3 32.89e3 36.63e3 40.04e3 42.68e3 43.29e3 45.53e3 49.15e3 50.36e3 53.59e3 57.30e3 58.02e3 63.15e3 61.82e3 62.96e3 65.76e3 67.74e3 68.99e3 72.33e3 72.04e3 75.06e3 75.78e3 78.29e3 78.84e3 80.94e3 92.10e3 87.21e3 88.41e3 90.25e3 90.23e3 94.64e3 94.74e3 96.17e3 96.52e3 97.98e3 100.9e3 102.0e3 103.9e3 106.8e3 105.6e3 110.4e3 112.2e3 112.2e3 119.1e3 117.0e3 119.9e3 122.3e3 126.5e3 127.0e3 124.6e3 123.6e3 125.8e3 128.7e3 129.2e3 130.6e3 131.2e3 135.3e3 131.9e3 134.9e3 135.5e3 134.5e3 139.6e3 141.8e3 138.4e3 142.7e3 140.3e3 145.5e3 144.9e3 143.6e3 147.9e3 149.7e3 150.9e3 149.9e3 154.0e3 153.1e3 167.3e3 167.6e3 163.5e3 161.4e3 164.4e3 165.5e3 165.9e3 169.9e3 
   2.00e9  4.843e3 8.354e3 11.28e3 14.10e3 17.36e3 20.54e3 24.06e3 27.59e3 28.73e3 31.13e3 32.25e3 36.13e3 39.24e3 41.84e3 42.47e3 44.69e3 48.51e3 49.42e3 52.57e3 56.56e3 57.23e3 62.05e3 60.88e3 62.28e3 64.98e3 67.18e3 68.28e3 71.51e3 71.12e3 74.13e3 74.62e3 77.68e3 77.71e3 79.82e3 91.46e3 86.92e3 87.57e3 89.40e3 88.91e3 94.14e3 94.21e3 95.38e3 95.32e3 97.32e3 100.2e3 100.8e3 103.2e3 105.6e3 104.5e3 109.7e3 110.9e3 111.6e3 119.1e3 117.0e3 119.4e3 121.8e3 125.6e3 126.3e3 124.0e3 123.3e3 125.2e3 128.4e3 128.7e3 129.8e3 130.9e3 135.1e3 131.5e3 134.6e3 135.1e3 133.9e3 139.7e3 141.1e3 137.0e3 142.2e3 139.8e3 145.6e3 144.6e3 143.6e3 148.0e3 149.7e3 151.0e3 149.2e3 154.1e3 152.6e3 166.4e3 167.4e3 162.8e3 160.9e3 163.9e3 165.0e3 165.5e3 169.3e3 
