# SRIM-2013 Electronic stopping power table for Z1=28
# Converted from a table provided by H.Hofsaess
# units of energy:         eV
# units of stopping power: eV A^2
#      \Z2 1       2       3       4       5       6       7       8       9       10      11      12      13      14      15      16      17      18      19      20      21      22      23      24      25      26      27      28      29      30      31      32      33      34      35      36      37      38      39      40      41      42      43      44      45      46      47      48      49      50      51      52      53      54      55      56      57      58      59      60      61      62      63      64      65      66      67      68      69      70      71      72      73      74      75      76      77      78      79      80      81      82      83      84      85      86      87      88      89      90      91      92      
# energy\  H       He      Li      Be      B       C       N       O       F       Ne      Na      Mg      Al      Si      P       S       Cl      Ar      K       Ca      Sc      Ti      V       Cr      Mn      Fe      Co      Ni      Cu      Zn      Ga      Ge      As      Se      Br      Kr      Rb      Sr      Y       Zr      Nb      Mo      Tc      Ru      Rh      Pd      Ag      Cd      In      Sn      Sb      Te      I       Xe      Cs      Ba      La      Ce      Pr      Nd      Pm      Sm      Eu      Gd      Tb      Dy      Ho      Er      Tm      Yb      Lu      Hf      Ta      W       Re      Os      Ir      Pt      Au      Hg      Tl      Pb      Bi      Po      At      Rn      Fr      Ra      Ac      Th      Pa      U       
   0.00    0.0     0.0     0.0     0.0     0.0     0.0     0.0     0.0     0.0     0.0     0.0     0.0     0.0     0.0     0.0     0.0     0.0     0.0     0.0     0.0     0.0     0.0     0.0     0.0     0.0     0.0     0.0     0.0     0.0     0.0     0.0     0.0     0.0     0.0     0.0     0.0     0.0     0.0     0.0     0.0     0.0     0.0     0.0     0.0     0.0     0.0     0.0     0.0     0.0     0.0     0.0     0.0     0.0     0.0     0.0     0.0     0.0     0.0     0.0     0.0     0.0     0.0     0.0     0.0     0.0     0.0     0.0     0.0     0.0     0.0     0.0     0.0     0.0     0.0     0.0     0.0     0.0     0.0     0.0     0.0     0.0     0.0     0.0     0.0     0.0     0.0     0.0     0.0     0.0     0.0     0.0     0.0     
   10.0    0.427   0.520   0.662   1.353   1.607   2.059   1.358   1.119   1.268   1.272   2.303   2.823   2.634   2.518   2.754   2.167   0.652   1.556   1.954   1.968   3.025   2.765   2.950   2.286   2.181   2.394   2.186   2.272   2.158   2.034   2.182   2.811   3.248   2.844   0.976   1.438   3.574   3.577   3.629   2.837   4.219   3.971   3.582   2.543   2.216   3.376   3.336   3.100   2.565   4.266   3.770   3.056   4.007   1.173   4.625   4.756   4.893   4.057   3.672   3.802   3.839   3.372   3.256   4.831   3.826   3.232   2.623   2.748   3.508   2.660   3.093   2.671   3.424   3.186   2.827   1.787   2.101   2.886   2.691   2.084   2.414   3.716   3.618   4.662   4.721   4.532   5.247   5.039   3.423   3.306   4.211   3.389   
   11.0    0.448   0.546   0.695   1.419   1.686   2.160   1.425   1.173   1.330   1.334   2.416   2.961   2.763   2.641   2.888   2.272   0.684   1.632   2.049   2.064   3.172   2.900   3.094   2.398   2.287   2.511   2.293   2.383   2.264   2.133   2.289   2.948   3.406   2.983   1.024   1.508   3.749   3.751   3.806   2.975   4.425   4.164   3.756   2.667   2.324   3.540   3.498   3.252   2.691   4.474   3.954   3.205   4.202   1.230   4.851   4.989   5.131   4.255   3.851   3.988   4.026   3.537   3.415   5.067   4.013   3.390   2.751   2.883   3.679   2.790   3.244   2.802   3.591   3.342   2.965   1.874   2.203   3.027   2.822   2.186   2.531   3.897   3.795   4.890   4.951   4.753   5.503   5.285   3.590   3.468   4.417   3.555   
   12.0    0.468   0.570   0.726   1.482   1.761   2.256   1.488   1.226   1.389   1.393   2.523   3.092   2.886   2.758   3.017   2.373   0.715   1.705   2.140   2.156   3.313   3.029   3.231   2.505   2.389   2.623   2.395   2.489   2.365   2.228   2.391   3.080   3.558   3.116   1.070   1.575   3.916   3.918   3.976   3.108   4.621   4.350   3.924   2.786   2.427   3.698   3.654   3.396   2.810   4.673   4.130   3.347   4.389   1.285   5.067   5.210   5.360   4.444   4.022   4.165   4.205   3.694   3.567   5.292   4.191   3.541   2.873   3.011   3.842   2.914   3.389   2.926   3.751   3.491   3.097   1.958   2.301   3.162   2.948   2.283   2.644   4.071   3.964   5.107   5.171   4.964   5.748   5.520   3.749   3.622   4.613   3.713   
   13.0    0.487   0.593   0.755   1.543   1.833   2.348   1.549   1.276   1.446   1.450   2.626   3.218   3.003   2.871   3.140   2.470   0.744   1.774   2.228   2.244   3.449   3.152   3.363   2.607   2.486   2.730   2.492   2.590   2.461   2.319   2.488   3.205   3.703   3.243   1.113   1.639   4.076   4.078   4.138   3.235   4.810   4.527   4.084   2.900   2.526   3.849   3.803   3.535   2.925   4.864   4.299   3.484   4.568   1.338   5.274   5.423   5.578   4.625   4.187   4.335   4.377   3.845   3.712   5.508   4.363   3.685   2.991   3.134   3.999   3.033   3.527   3.046   3.904   3.633   3.223   2.038   2.395   3.291   3.068   2.376   2.752   4.237   4.126   5.316   5.382   5.167   5.983   5.745   3.902   3.770   4.802   3.865   
   14.0    0.505   0.616   0.784   1.601   1.902   2.437   1.607   1.324   1.501   1.505   2.725   3.340   3.117   2.979   3.258   2.564   0.772   1.841   2.312   2.329   3.579   3.271   3.490   2.705   2.580   2.833   2.586   2.688   2.554   2.407   2.582   3.326   3.843   3.365   1.155   1.701   4.229   4.232   4.294   3.357   4.992   4.698   4.238   3.009   2.621   3.994   3.947   3.669   3.035   5.047   4.461   3.616   4.741   1.388   5.473   5.628   5.789   4.800   4.345   4.499   4.542   3.990   3.853   5.716   4.527   3.824   3.104   3.252   4.150   3.148   3.660   3.161   4.051   3.770   3.345   2.115   2.486   3.415   3.184   2.466   2.856   4.397   4.281   5.517   5.586   5.362   6.209   5.962   4.050   3.912   4.983   4.010   
   15.0    0.523   0.637   0.811   1.657   1.969   2.522   1.664   1.370   1.553   1.558   2.821   3.457   3.226   3.084   3.373   2.654   0.799   1.906   2.393   2.410   3.705   3.386   3.613   2.800   2.671   2.932   2.677   2.782   2.644   2.491   2.673   3.443   3.977   3.483   1.196   1.761   4.378   4.380   4.445   3.474   5.167   4.863   4.387   3.115   2.713   4.134   4.085   3.797   3.142   5.224   4.618   3.742   4.907   1.437   5.665   5.825   5.992   4.969   4.497   4.657   4.702   4.130   3.988   5.916   4.686   3.958   3.212   3.366   4.296   3.258   3.789   3.272   4.193   3.903   3.463   2.189   2.573   3.535   3.296   2.553   2.956   4.551   4.432   5.710   5.782   5.550   6.427   6.171   4.192   4.049   5.158   4.151   
   16.0    0.540   0.658   0.838   1.712   2.033   2.605   1.718   1.415   1.604   1.609   2.913   3.571   3.332   3.185   3.483   2.741   0.825   1.969   2.471   2.489   3.826   3.497   3.731   2.892   2.758   3.028   2.765   2.874   2.730   2.573   2.760   3.556   4.108   3.598   1.235   1.818   4.521   4.524   4.591   3.588   5.336   5.022   4.530   3.217   2.802   4.270   4.219   3.922   3.245   5.396   4.769   3.865   5.068   1.484   5.850   6.016   6.189   5.132   4.645   4.809   4.856   4.266   4.119   6.110   4.840   4.088   3.318   3.476   4.437   3.365   3.913   3.379   4.331   4.031   3.576   2.261   2.657   3.651   3.404   2.636   3.053   4.700   4.577   5.898   5.971   5.732   6.637   6.374   4.329   4.182   5.327   4.287   
   17.0    0.557   0.678   0.864   1.764   2.096   2.685   1.771   1.459   1.654   1.658   3.003   3.680   3.434   3.283   3.591   2.825   0.851   2.029   2.547   2.566   3.944   3.605   3.846   2.981   2.843   3.122   2.850   2.962   2.814   2.652   2.845   3.665   4.234   3.708   1.273   1.874   4.661   4.663   4.732   3.699   5.501   5.177   4.670   3.316   2.889   4.401   4.349   4.043   3.345   5.562   4.916   3.984   5.224   1.530   6.031   6.202   6.379   5.289   4.788   4.957   5.005   4.397   4.245   6.299   4.989   4.214   3.420   3.583   4.573   3.468   4.033   3.483   4.464   4.155   3.686   2.330   2.739   3.763   3.508   2.718   3.147   4.845   4.718   6.079   6.155   5.909   6.842   6.570   4.463   4.311   5.491   4.419   
   18.0    0.573   0.698   0.889   1.816   2.157   2.763   1.822   1.501   1.702   1.707   3.090   3.787   3.534   3.378   3.695   2.907   0.875   2.088   2.621   2.640   4.058   3.709   3.958   3.068   2.926   3.212   2.933   3.048   2.896   2.729   2.928   3.772   4.357   3.816   1.310   1.929   4.796   4.798   4.869   3.806   5.660   5.327   4.805   3.412   2.972   4.529   4.475   4.160   3.442   5.723   5.059   4.100   5.375   1.574   6.205   6.381   6.564   5.443   4.926   5.101   5.150   4.525   4.368   6.481   5.133   4.336   3.519   3.687   4.706   3.569   4.150   3.584   4.593   4.275   3.793   2.398   2.818   3.872   3.610   2.796   3.238   4.985   4.855   6.255   6.333   6.080   7.040   6.761   4.592   4.436   5.650   4.547   
   20.0    0.604   0.736   0.937   1.914   2.273   2.912   1.921   1.582   1.794   1.799   3.257   3.992   3.725   3.561   3.895   3.064   0.922   2.201   2.763   2.783   4.278   3.910   4.172   3.233   3.084   3.386   3.091   3.213   3.053   2.876   3.086   3.976   4.593   4.022   1.381   2.033   5.055   5.058   5.132   4.012   5.966   5.615   5.065   3.597   3.133   4.774   4.717   4.385   3.628   6.033   5.332   4.321   5.666   1.659   6.541   6.727   6.919   5.737   5.193   5.377   5.429   4.769   4.605   6.832   5.411   4.571   3.709   3.887   4.960   3.762   4.375   3.778   4.842   4.506   3.998   2.527   2.971   4.082   3.805   2.948   3.413   5.255   5.117   6.594   6.676   6.409   7.421   7.126   4.840   4.676   5.956   4.793   
   22.0    0.641   0.781   0.994   2.030   2.411   3.089   2.038   1.678   1.902   1.908   3.455   4.234   3.951   3.777   4.131   3.250   0.979   2.334   2.931   2.952   4.537   4.147   4.425   3.430   3.271   3.591   3.279   3.408   3.238   3.051   3.273   4.217   4.871   4.266   1.465   2.156   5.362   5.365   5.444   4.255   6.328   5.956   5.372   3.815   3.323   5.064   5.003   4.651   3.848   6.399   5.656   4.584   6.010   1.760   6.938   7.135   7.339   6.085   5.508   5.703   5.758   5.059   4.884   7.246   5.739   4.848   3.934   4.123   5.261   3.990   4.640   4.007   5.136   4.780   4.241   2.681   3.151   4.329   4.036   3.126   3.620   5.574   5.428   6.994   7.081   6.797   7.871   7.558   5.134   4.959   6.317   5.084   
   25.0    0.675   0.823   1.047   2.140   2.542   3.256   2.148   1.769   2.005   2.011   3.642   4.463   4.165   3.981   4.354   3.426   1.031   2.461   3.089   3.112   4.783   4.372   4.664   3.615   3.448   3.785   3.456   3.592   3.413   3.216   3.451   4.445   5.135   4.497   1.544   2.273   5.652   5.655   5.738   4.486   6.670   6.278   5.663   4.021   3.503   5.337   5.274   4.902   4.056   6.745   5.962   4.831   6.335   1.855   7.313   7.520   7.736   6.414   5.806   6.012   6.070   5.332   5.148   7.638   6.050   5.110   4.147   4.346   5.546   4.206   4.891   4.224   5.413   5.038   4.470   2.826   3.322   4.563   4.255   3.296   3.816   5.875   5.721   7.372   7.464   7.165   8.297   7.967   5.412   5.228   6.659   5.359   
   27.0    0.708   0.863   1.099   2.244   2.666   3.415   2.253   1.855   2.103   2.109   3.819   4.681   4.368   4.175   4.567   3.593   1.082   2.581   3.240   3.264   5.016   4.585   4.892   3.792   3.616   3.970   3.625   3.767   3.579   3.373   3.619   4.662   5.385   4.717   1.619   2.384   5.928   5.931   6.018   4.704   6.996   6.585   5.940   4.217   3.674   5.598   5.531   5.142   4.254   7.074   6.253   5.067   6.644   1.945   7.670   7.888   8.113   6.727   6.089   6.305   6.366   5.593   5.399   8.011   6.345   5.360   4.350   4.558   5.817   4.411   5.130   4.430   5.678   5.284   4.688   2.964   3.484   4.786   4.462   3.456   4.002   6.162   6.001   7.732   7.828   7.515   8.702   8.356   5.676   5.483   6.984   5.621   
   30.0    0.740   0.901   1.147   2.344   2.784   3.567   2.353   1.938   2.197   2.203   3.989   4.889   4.562   4.361   4.770   3.753   1.130   2.696   3.384   3.409   5.239   4.789   5.109   3.960   3.777   4.147   3.786   3.935   3.739   3.523   3.780   4.869   5.625   4.926   1.691   2.490   6.191   6.195   6.286   4.914   7.307   6.877   6.204   4.405   3.837   5.847   5.777   5.370   4.443   7.388   6.531   5.293   6.940   2.032   8.011   8.238   8.474   7.027   6.360   6.585   6.649   5.841   5.640   8.367   6.627   5.598   4.543   4.760   6.075   4.608   5.358   4.627   5.930   5.519   4.897   3.096   3.639   4.999   4.661   3.610   4.180   6.436   6.267   8.076   8.176   7.849   9.089   8.728   5.928   5.727   7.295   5.871   
   32.0    0.770   0.938   1.194   2.440   2.898   3.713   2.449   2.017   2.287   2.293   4.152   5.089   4.749   4.539   4.965   3.906   1.176   2.806   3.522   3.548   5.453   4.984   5.318   4.122   3.931   4.316   3.941   4.095   3.891   3.667   3.934   5.068   5.855   5.127   1.760   2.592   6.444   6.448   6.543   5.114   7.605   7.158   6.457   4.585   3.994   6.086   6.013   5.589   4.625   7.690   6.797   5.509   7.223   2.115   8.338   8.575   8.820   7.314   6.620   6.854   6.921   6.080   5.870   8.709   6.898   5.827   4.729   4.955   6.323   4.796   5.577   4.816   6.172   5.744   5.097   3.222   3.787   5.203   4.851   3.758   4.351   6.699   6.523   8.405   8.510   8.170   9.460   9.084   6.170   5.960   7.592   6.110   
   35.0    0.799   0.974   1.239   2.532   3.007   3.853   2.541   2.093   2.373   2.380   4.309   5.281   4.928   4.710   5.152   4.053   1.220   2.912   3.655   3.682   5.659   5.173   5.519   4.277   4.080   4.479   4.089   4.250   4.038   3.805   4.083   5.259   6.076   5.321   1.827   2.690   6.687   6.691   6.790   5.307   7.893   7.428   6.701   4.758   4.145   6.315   6.240   5.800   4.800   7.980   7.054   5.717   7.496   2.195   8.653   8.898   9.153   7.590   6.869   7.113   7.182   6.309   6.091   9.038   7.158   6.047   4.907   5.142   6.562   4.977   5.787   4.997   6.405   5.961   5.289   3.344   3.930   5.400   5.034   3.899   4.515   6.952   6.770   8.723   8.831   8.478   9.817   9.427   6.403   6.185   7.879   6.341   
   37.0    0.827   1.008   1.283   2.620   3.113   3.988   2.630   2.167   2.456   2.463   4.460   5.466   5.101   4.876   5.333   4.196   1.263   3.014   3.783   3.811   5.857   5.354   5.712   4.428   4.223   4.636   4.233   4.399   4.180   3.939   4.226   5.444   6.289   5.508   1.891   2.784   6.922   6.926   7.028   5.494   8.170   7.689   6.936   4.925   4.290   6.537   6.459   6.004   4.968   8.261   7.301   5.917   7.759   2.272   8.957   9.211   9.474   7.856   7.111   7.363   7.434   6.531   6.305   9.355   7.409   6.259   5.079   5.322   6.792   5.151   5.990   5.173   6.630   6.171   5.475   3.461   4.068   5.589   5.211   4.036   4.674   7.196   7.007   9.029   9.141   8.775   10.16   9.758   6.628   6.403   8.156   6.564   
   40.0    0.854   1.041   1.325   2.706   3.215   4.119   2.717   2.238   2.537   2.544   4.606   5.646   5.268   5.035   5.508   4.333   1.305   3.113   3.907   3.936   6.049   5.530   5.900   4.573   4.361   4.788   4.372   4.543   4.317   4.068   4.365   5.622   6.495   5.688   1.953   2.875   7.149   7.153   7.258   5.674   8.437   7.941   7.163   5.086   4.431   6.751   6.671   6.201   5.131   8.531   7.541   6.111   8.013   2.346   9.250   9.513   9.785   8.114   7.344   7.604   7.678   6.745   6.512   9.662   7.652   6.464   5.246   5.497   7.015   5.320   6.187   5.343   6.848   6.373   5.654   3.574   4.201   5.772   5.382   4.169   4.827   7.432   7.237   9.325   9.441   9.063   10.49   10.08   6.845   6.613   8.423   6.779   
   45.0    0.906   1.104   1.405   2.871   3.410   4.369   2.881   2.374   2.691   2.698   4.886   5.988   5.588   5.341   5.842   4.596   1.384   3.301   4.144   4.175   6.416   5.865   6.258   4.850   4.626   5.079   4.637   4.819   4.579   4.315   4.629   5.964   6.889   6.033   2.072   3.050   7.583   7.587   7.699   6.018   8.949   8.423   7.598   5.395   4.700   7.161   7.076   6.577   5.442   9.049   7.998   6.482   8.499   2.488   9.812   10.09   10.38   8.606   7.789   8.065   8.143   7.154   6.907   10.25   8.117   6.856   5.564   5.830   7.441   5.643   6.562   5.667   7.263   6.759   5.997   3.791   4.456   6.122   5.708   4.421   5.120   7.882   7.676   9.891   10.01   9.613   11.13   10.69   7.260   7.014   8.934   7.190   
   50.0    0.955   1.164   1.481   3.026   3.594   4.605   3.037   2.502   2.836   2.844   5.150   6.312   5.890   5.630   6.158   4.845   1.459   3.480   4.369   4.401   6.764   6.182   6.596   5.113   4.876   5.353   4.888   5.080   4.827   4.548   4.880   6.286   7.262   6.360   2.184   3.215   7.993   7.997   8.115   6.344   9.433   8.879   8.009   5.687   4.954   7.548   7.459   6.933   5.736   9.538   8.431   6.833   8.959   2.623   10.34   10.64   10.94   9.071   8.211   8.502   8.584   7.541   7.281   10.80   8.556   7.227   5.865   6.146   7.843   5.948   6.917   5.973   7.656   7.125   6.322   3.996   4.697   6.454   6.017   4.661   5.397   8.309   8.091   10.43   10.56   10.13   11.73   11.27   7.653   7.393   9.417   7.579   
   55.0    1.002   1.220   1.554   3.174   3.770   4.830   3.186   2.624   2.974   2.983   5.401   6.620   6.178   5.905   6.458   5.081   1.530   3.650   4.582   4.615   7.094   6.484   6.918   5.362   5.114   5.615   5.126   5.328   5.062   4.770   5.118   6.593   7.616   6.670   2.290   3.372   8.383   8.388   8.511   6.653   9.894   9.312   8.400   5.964   5.196   7.917   7.823   7.271   6.016   10.00   8.842   7.166   9.396   2.751   10.85   11.15   11.47   9.514   8.611   8.917   9.003   7.909   7.636   11.33   8.973   7.580   6.151   6.446   8.226   6.239   7.254   6.265   8.029   7.473   6.630   4.191   4.927   6.769   6.311   4.888   5.660   8.714   8.486   10.93   11.07   10.63   12.31   11.82   8.027   7.754   9.877   7.949   
   60.0    1.046   1.275   1.623   3.315   3.937   5.044   3.327   2.741   3.107   3.116   5.642   6.914   6.452   6.167   6.746   5.307   1.598   3.812   4.786   4.821   7.409   6.772   7.226   5.600   5.341   5.864   5.354   5.565   5.287   4.982   5.346   6.886   7.955   6.967   2.392   3.521   8.756   8.761   8.890   6.949   10.33   9.726   8.773   6.229   5.427   8.269   8.171   7.595   6.284   10.45   9.236   7.485   9.814   2.873   11.33   11.65   11.98   9.937   8.994   9.313   9.403   8.261   7.976   11.83   9.372   7.917   6.425   6.732   8.592   6.516   7.577   6.543   8.387   7.805   6.925   4.378   5.146   7.070   6.591   5.105   5.912   9.102   8.863   11.42   11.56   11.10   12.85   12.34   8.384   8.099   10.32   8.302   
   65.0    1.089   1.327   1.689   3.450   4.098   5.250   3.463   2.853   3.234   3.243   5.872   7.197   6.716   6.419   7.021   5.524   1.663   3.968   4.981   5.017   7.712   7.049   7.521   5.829   5.560   6.104   5.573   5.792   5.503   5.186   5.564   7.167   8.280   7.251   2.490   3.665   9.113   9.118   9.253   7.233   10.76   10.12   9.131   6.484   5.649   8.606   8.504   7.905   6.541   10.88   9.613   7.791   10.21   2.991   11.79   12.13   12.47   10.34   9.361   9.693   9.787   8.598   8.301   12.32   9.755   8.240   6.687   7.007   8.943   6.782   7.886   6.810   8.729   8.124   7.208   4.557   5.356   7.358   6.860   5.314   6.153   9.474   9.225   11.89   12.04   11.55   13.38   12.85   8.726   8.429   10.74   8.641   
   70.0    1.130   1.377   1.753   3.580   4.253   5.449   3.594   2.960   3.356   3.365   6.094   7.468   6.969   6.661   7.286   5.732   1.726   4.118   5.169   5.207   8.003   7.315   7.805   6.049   5.769   6.334   5.783   6.010   5.711   5.381   5.774   7.438   8.592   7.525   2.584   3.804   9.457   9.463   9.602   7.506   11.16   10.51   9.476   6.728   5.862   8.931   8.825   8.203   6.788   11.29   9.976   8.085   10.60   3.104   12.24   12.58   12.94   10.73   9.715   10.06   10.16   8.923   8.615   12.78   10.12   8.551   6.940   7.272   9.280   7.038   8.184   7.067   9.058   8.431   7.480   4.729   5.558   7.636   7.119   5.515   6.386   9.831   9.574   12.34   12.49   11.99   13.88   13.33   9.055   8.748   11.14   8.968   
   80.0    1.208   1.472   1.874   3.827   4.547   5.825   3.842   3.165   3.587   3.598   6.514   7.984   7.450   7.121   7.789   6.128   1.845   4.402   5.526   5.566   8.555   7.820   8.343   6.467   6.168   6.772   6.183   6.425   6.105   5.753   6.173   7.951   9.185   8.045   2.762   4.066   10.11   10.12   10.26   8.024   11.93   11.23   10.13   7.193   6.266   9.548   9.435   8.770   7.256   12.07   10.66   8.643   11.33   3.318   13.08   13.45   13.84   11.47   10.39   10.75   10.86   9.539   9.209   13.66   10.82   9.142   7.419   7.774   9.921   7.524   8.749   7.555   9.684   9.013   7.996   5.055   5.942   8.163   7.611   5.895   6.827   10.51   10.23   13.19   13.35   12.82   14.84   14.25   9.681   9.352   11.91   9.587   
   90.0    1.281   1.561   1.987   4.060   4.822   6.178   4.075   3.357   3.805   3.816   6.909   8.468   7.902   7.553   8.262   6.500   1.957   4.669   5.861   5.904   9.074   8.294   8.850   6.859   6.542   7.182   6.558   6.815   6.475   6.102   6.547   8.434   9.743   8.533   2.930   4.313   10.72   10.73   10.89   8.511   12.66   11.91   10.74   7.629   6.647   10.13   10.01   9.301   7.696   12.80   11.31   9.167   12.02   3.519   13.88   14.27   14.68   12.17   11.02   11.41   11.52   10.12   9.768   14.49   11.48   9.696   7.869   8.245   10.52   7.981   9.280   8.014   10.27   9.559   8.481   5.362   6.302   8.658   8.073   6.253   7.241   11.15   10.86   13.99   14.16   13.59   15.74   15.12   10.27   9.919   12.63   10.17   
   100.    1.351   1.645   2.095   4.279   5.083   6.512   4.295   3.538   4.011   4.022   7.283   8.926   8.330   7.962   8.709   6.851   2.063   4.922   6.178   6.223   9.565   8.743   9.328   7.230   6.896   7.571   6.912   7.184   6.826   6.432   6.901   8.890   10.27   8.994   3.088   4.546   11.30   11.31   11.48   8.971   13.34   12.56   11.33   8.042   7.006   10.67   10.55   9.805   8.113   13.49   11.92   9.663   12.67   3.710   14.63   15.04   15.47   12.83   11.61   12.02   12.14   10.66   10.30   15.28   12.10   10.22   8.295   8.691   11.09   8.412   9.782   8.447   10.83   10.08   8.940   5.652   6.643   9.127   8.509   6.591   7.632   11.75   11.44   14.74   14.93   14.33   16.59   15.93   10.82   10.46   13.32   10.72   
   110.    1.416   1.726   2.197   4.488   5.331   6.830   4.505   3.711   4.207   4.219   7.639   9.362   8.736   8.350   9.134   7.186   2.164   5.162   6.480   6.527   10.03   9.170   9.784   7.583   7.232   7.940   7.250   7.535   7.159   6.746   7.238   9.324   10.77   9.433   3.239   4.768   11.86   11.86   12.04   9.409   13.99   13.17   11.88   8.435   7.348   11.20   11.06   10.28   8.509   14.15   12.51   10.13   13.29   3.891   15.34   15.78   16.23   13.45   12.18   12.61   12.73   11.19   10.80   16.02   12.69   10.72   8.699   9.115   11.63   8.823   10.26   8.860   11.36   10.57   9.377   5.928   6.967   9.572   8.925   6.913   8.005   12.32   12.00   15.46   15.66   15.03   17.40   16.71   11.35   10.97   13.97   11.24   
   120.    1.479   1.802   2.295   4.688   5.568   7.134   4.705   3.876   4.394   4.406   7.978   9.778   9.125   8.722   9.540   7.505   2.260   5.391   6.768   6.817   10.48   9.578   10.22   7.920   7.554   8.293   7.572   7.870   7.477   7.046   7.560   9.738   11.25   9.852   3.383   4.980   12.38   12.39   12.57   9.827   14.61   13.75   12.41   8.810   7.675   11.69   11.55   10.74   8.887   14.78   13.06   10.59   13.88   4.064   16.02   16.48   16.95   14.05   12.72   13.17   13.30   11.68   11.28   16.73   13.25   11.20   9.086   9.521   12.15   9.215   10.72   9.253   11.86   11.04   9.793   6.191   7.277   9.998   9.321   7.220   8.361   12.87   12.53   16.15   16.35   15.70   18.18   17.46   11.86   11.45   14.59   11.74   
   130.    1.540   1.876   2.388   4.879   5.796   7.425   4.898   4.034   4.573   4.586   8.304   10.18   9.497   9.078   9.929   7.812   2.352   5.611   7.044   7.096   10.91   9.969   10.64   8.244   7.862   8.632   7.881   8.191   7.783   7.334   7.868   10.14   11.71   10.25   3.521   5.183   12.89   12.90   13.09   10.23   15.21   14.32   12.91   9.169   7.988   12.17   12.03   11.18   9.250   15.38   13.59   11.02   14.45   4.230   16.68   17.15   17.64   14.63   13.24   13.71   13.84   12.16   11.74   17.42   13.80   11.65   9.457   9.909   12.65   9.591   11.15   9.631   12.34   11.49   10.19   6.444   7.574   10.41   9.702   7.515   8.702   13.40   13.05   16.81   17.02   16.34   18.92   18.17   12.34   11.92   15.18   12.22   
   140.    1.598   1.947   2.479   5.063   6.015   7.705   5.082   4.187   4.746   4.759   8.618   10.56   9.856   9.421   10.30   8.107   2.441   5.823   7.310   7.364   11.32   10.35   11.04   8.555   8.159   8.958   8.179   8.500   8.076   7.610   8.165   10.52   12.15   10.64   3.654   5.379   13.37   13.38   13.58   10.61   15.79   14.86   13.40   9.516   8.290   12.63   12.48   11.60   9.599   15.96   14.11   11.43   14.99   4.389   17.31   17.80   18.31   15.18   13.74   14.23   14.36   12.62   12.18   18.08   14.32   12.09   9.814   10.28   13.12   9.953   11.57   9.995   12.81   11.92   10.58   6.687   7.860   10.80   10.07   7.799   9.031   13.90   13.54   17.45   17.66   16.96   19.63   18.85   12.81   12.37   15.76   12.68   
   150.    1.654   2.015   2.566   5.241   6.226   7.976   5.261   4.333   4.912   4.926   8.920   10.93   10.20   9.751   10.67   8.391   2.526   6.028   7.567   7.622   11.71   10.71   11.42   8.855   8.446   9.272   8.466   8.798   8.360   7.878   8.452   10.89   12.58   11.02   3.782   5.568   13.84   13.85   14.06   10.99   16.34   15.38   13.87   9.849   8.581   13.07   12.92   12.01   9.936   16.52   14.60   11.83   15.52   4.543   17.91   18.42   18.95   15.71   14.22   14.73   14.87   13.06   12.61   18.71   14.82   12.52   10.16   10.64   13.58   10.30   11.98   10.35   13.26   12.34   10.95   6.922   8.136   11.18   10.42   8.072   9.348   14.39   14.01   18.06   18.28   17.55   20.32   19.52   13.26   12.81   16.31   13.13   
   160.    1.708   2.081   2.650   5.413   6.430   8.237   5.433   4.476   5.073   5.088   9.213   11.29   10.54   10.07   11.02   8.666   2.609   6.225   7.815   7.872   12.10   11.06   11.80   9.146   8.723   9.576   8.744   9.087   8.634   8.136   8.729   11.24   12.99   11.38   3.906   5.751   14.30   14.31   14.52   11.35   16.87   15.88   14.33   10.17   8.862   13.50   13.34   12.40   10.26   17.06   15.08   12.22   16.03   4.692   18.50   19.03   19.57   16.23   14.69   15.21   15.36   13.49   13.02   19.32   15.30   12.93   10.49   10.99   14.03   10.64   12.37   10.69   13.70   12.75   11.31   7.149   8.403   11.54   10.76   8.337   9.654   14.86   14.47   18.65   18.88   18.13   20.99   20.16   13.69   13.23   16.85   13.56   
   170.    1.761   2.145   2.731   5.579   6.628   8.491   5.601   4.613   5.229   5.245   9.496   11.64   10.86   10.38   11.35   8.933   2.690   6.417   8.055   8.114   12.47   11.40   12.16   9.427   8.991   9.871   9.013   9.367   8.900   8.386   8.998   11.59   13.39   11.73   4.026   5.927   14.74   14.75   14.96   11.70   17.39   16.37   14.77   10.49   9.135   13.92   13.75   12.78   10.58   17.59   15.55   12.60   16.52   4.837   19.07   19.61   20.17   16.73   15.14   15.68   15.83   13.90   13.42   19.92   15.78   13.33   10.81   11.33   14.46   10.97   12.75   11.01   14.12   13.14   11.66   7.369   8.662   11.90   11.09   8.594   9.951   15.32   14.92   19.22   19.46   18.68   21.64   20.78   14.11   13.63   17.36   13.97   
   180.    1.812   2.208   2.810   5.741   6.820   8.737   5.763   4.747   5.381   5.397   9.771   11.98   11.18   10.68   11.68   9.192   2.768   6.603   8.289   8.350   12.83   11.73   12.52   9.700   9.252   10.16   9.274   9.638   9.158   8.629   9.259   11.93   13.78   12.07   4.143   6.099   15.17   15.17   15.40   12.04   17.90   16.85   15.20   10.79   9.400   14.32   14.15   13.15   10.88   18.10   16.00   12.96   17.00   4.977   19.62   20.18   20.76   17.21   15.58   16.13   16.29   14.31   13.81   20.50   16.23   13.71   11.13   11.66   14.88   11.29   13.12   11.33   14.53   13.52   11.99   7.582   8.913   12.24   11.42   8.843   10.24   15.76   15.35   19.78   20.03   19.23   22.26   21.38   14.52   14.03   17.87   14.38   
   200.    1.910   2.327   2.962   6.052   7.189   9.210   6.075   5.004   5.672   5.689   10.30   12.62   11.78   11.26   12.32   9.689   2.917   6.960   8.737   8.801   13.53   12.36   13.19   10.23   9.752   10.71   9.776   10.16   9.653   9.096   9.760   12.57   14.52   12.72   4.367   6.429   15.99   15.99   16.23   12.69   18.87   17.76   16.02   11.37   9.908   15.10   14.92   13.87   11.47   19.08   16.86   13.67   17.92   5.246   20.68   21.27   21.88   18.14   16.42   17.00   17.17   15.08   14.56   21.60   17.11   14.45   11.73   12.29   15.69   11.90   13.83   11.95   15.31   14.25   12.64   7.993   9.395   12.91   12.03   9.321   10.79   16.62   16.18   20.85   21.11   20.27   23.47   22.54   15.31   14.79   18.83   15.16   
   225.    2.026   2.468   3.142   6.419   7.625   9.768   6.443   5.307   6.016   6.034   10.92   13.39   12.49   11.94   13.06   10.28   3.094   7.382   9.267   9.335   14.35   13.11   13.99   10.85   10.34   11.36   10.37   10.78   10.24   9.648   10.35   13.33   15.40   13.49   4.632   6.819   16.96   16.96   17.21   13.46   20.01   18.83   16.99   12.06   10.51   16.01   15.82   14.71   12.17   20.23   17.88   14.49   19.00   5.564   21.94   22.56   23.21   19.24   17.42   18.03   18.21   16.00   15.44   22.91   18.15   15.33   12.44   13.04   16.64   12.62   14.67   12.67   16.24   15.11   13.41   8.477   9.965   13.69   12.76   9.887   11.45   17.63   17.16   22.12   22.39   21.50   24.89   23.90   16.23   15.68   19.98   16.08   
   250.    2.135   2.602   3.312   6.766   8.037   10.30   6.792   5.594   6.342   6.360   11.52   14.11   13.17   12.59   13.77   10.83   3.262   7.782   9.768   9.840   15.12   13.82   14.75   11.43   10.90   11.97   10.93   11.36   10.79   10.17   10.91   14.06   16.24   14.22   4.883   7.188   17.87   17.88   18.15   14.18   21.09   19.85   17.91   12.72   11.08   16.88   16.68   15.50   12.83   21.33   18.85   15.28   20.03   5.865   23.13   23.78   24.46   20.28   18.36   19.01   19.19   16.86   16.28   24.15   19.13   16.16   13.11   13.74   17.54   13.30   15.47   13.36   17.12   15.93   14.14   8.936   10.50   14.43   13.45   10.42   12.07   18.58   18.09   23.31   23.60   22.66   26.24   25.19   17.11   16.53   21.06   16.95   
   275.    2.240   2.729   3.474   7.096   8.430   10.80   7.123   5.868   6.651   6.670   12.08   14.80   13.81   13.20   14.44   11.36   3.421   8.161   10.25   10.32   15.86   14.50   15.47   11.99   11.44   12.55   11.46   11.91   11.32   10.67   11.44   14.74   17.03   14.91   5.121   7.539   18.74   18.76   19.03   14.88   22.12   20.82   18.78   13.34   11.62   17.70   17.49   16.26   13.45   22.37   19.77   16.02   21.01   6.152   24.25   24.94   25.66   21.27   19.26   19.94   20.13   17.69   17.07   25.33   20.06   16.95   13.75   14.41   18.39   13.95   16.22   14.01   17.95   16.71   14.83   9.372   11.02   15.14   14.11   10.93   12.66   19.49   18.98   24.45   24.76   23.76   27.52   26.42   17.95   17.34   22.09   17.77   
   300.    2.339   2.850   3.628   7.412   8.804   11.28   7.440   6.128   6.947   6.967   12.61   15.46   14.43   13.79   15.08   11.87   3.573   8.524   10.70   10.78   16.57   15.14   16.16   12.52   11.94   13.11   11.97   12.44   11.82   11.14   11.95   15.40   17.79   15.58   5.349   7.874   19.58   19.59   19.88   15.54   23.11   21.75   19.62   13.93   12.13   18.49   18.27   16.98   14.05   23.36   20.65   16.74   21.94   6.425   25.33   26.05   26.80   22.22   20.11   20.82   21.03   18.47   17.83   26.46   20.96   17.70   14.37   15.05   19.21   14.57   16.94   14.63   18.75   17.45   15.48   9.789   11.51   15.81   14.74   11.42   13.22   20.35   19.82   25.54   25.86   24.82   28.74   27.60   18.75   18.11   23.07   18.56   
   325.    2.435   2.966   3.776   7.714   9.164   11.74   7.744   6.379   7.231   7.252   13.13   16.09   15.02   14.35   15.70   12.35   3.719   8.872   11.14   11.22   17.24   15.76   16.82   13.03   12.43   13.65   12.46   12.95   12.31   11.60   12.44   16.03   18.51   16.21   5.567   8.196   20.38   20.39   20.69   16.17   24.05   22.64   20.42   14.50   12.63   19.24   19.02   17.68   14.63   24.32   21.49   17.42   22.84   6.688   26.37   27.12   27.89   23.13   20.93   21.68   21.88   19.23   18.56   27.54   21.81   18.43   14.95   15.67   20.00   15.17   17.63   15.23   19.52   18.17   16.12   10.19   11.98   16.45   15.34   11.88   13.76   21.18   20.63   26.58   26.91   25.83   29.91   28.73   19.51   18.85   24.01   19.32   
   350.    2.527   3.078   3.919   8.006   9.510   12.18   8.036   6.619   7.504   7.525   13.63   16.70   15.58   14.90   16.29   12.82   3.859   9.207   11.56   11.64   17.89   16.36   17.45   13.53   12.90   14.16   12.93   13.44   12.77   12.03   12.91   16.63   19.21   16.83   5.777   8.505   21.15   21.16   21.47   16.78   24.96   23.49   21.19   15.05   13.11   19.97   19.73   18.34   15.18   25.24   22.31   18.08   23.70   6.940   27.36   28.14   28.94   24.00   21.72   22.49   22.71   19.95   19.26   28.58   22.64   19.12   15.52   16.26   20.75   15.74   18.30   15.80   20.26   18.85   16.73   10.57   12.43   17.07   15.92   12.33   14.28   21.98   21.41   27.58   27.93   26.81   31.04   29.81   20.25   19.56   24.92   20.05   
   375.    2.615   3.186   4.057   8.287   9.844   12.61   8.318   6.852   7.767   7.789   14.10   17.29   16.13   15.42   16.86   13.27   3.995   9.530   11.96   12.05   18.52   16.93   18.06   14.00   13.35   14.66   13.39   13.91   13.22   12.46   13.36   17.22   19.89   17.42   5.980   8.804   21.89   21.90   22.22   17.37   25.83   24.31   21.93   15.57   13.57   20.67   20.43   18.99   15.71   26.12   23.09   18.71   24.53   7.184   28.32   29.13   29.96   24.84   22.49   23.28   23.51   20.65   19.94   29.58   23.43   19.79   16.06   16.83   21.48   16.29   18.94   16.36   20.97   19.51   17.31   10.94   12.86   17.67   16.48   12.76   14.78   22.75   22.16   28.55   28.91   27.75   32.13   30.86   20.96   20.25   25.79   20.76   
   400.    2.701   3.291   4.190   8.558   10.17   13.02   8.591   7.076   8.022   8.045   14.57   17.85   16.66   15.92   17.42   13.70   4.126   9.843   12.36   12.45   19.13   17.49   18.66   14.46   13.79   15.14   13.82   14.37   13.65   12.86   13.80   17.78   20.54   17.99   6.176   9.092   22.61   22.62   22.95   17.94   26.68   25.11   22.65   16.08   14.01   21.35   21.10   19.61   16.23   26.98   23.85   19.33   25.34   7.419   29.25   30.08   30.94   25.66   23.22   24.05   24.28   21.33   20.59   30.55   24.20   20.44   16.59   17.38   22.18   16.82   19.56   16.89   21.65   20.15   17.88   11.30   13.29   18.25   17.02   13.18   15.26   23.50   22.89   29.49   29.86   28.66   33.19   31.87   21.65   20.91   26.64   21.44   
   450.    2.865   3.491   4.444   9.078   10.78   13.81   9.112   7.506   8.508   8.533   15.45   18.94   17.67   16.89   18.47   14.53   4.376   10.44   13.11   13.20   20.29   18.55   19.79   15.34   14.63   16.06   14.66   15.24   14.48   13.64   14.64   18.86   21.79   19.08   6.551   9.644   23.98   23.99   24.35   19.03   28.30   26.64   24.03   17.06   14.86   22.64   22.38   20.80   17.21   28.62   25.29   20.50   26.88   7.869   31.03   31.91   32.82   27.21   24.63   25.50   25.75   22.62   21.84   32.41   25.67   21.68   17.60   18.44   23.53   17.84   20.75   17.92   22.97   21.38   18.96   11.99   14.09   19.36   18.05   13.98   16.19   24.93   24.27   31.28   31.67   30.40   35.20   33.80   22.96   22.18   28.25   22.74   
   500.    3.020   3.679   4.684   9.569   11.37   14.56   9.605   7.912   8.968   8.994   16.29   19.96   18.63   17.80   19.47   15.32   4.613   11.00   13.81   13.92   21.39   19.55   20.86   16.17   15.42   16.93   15.46   16.06   15.26   14.38   15.43   19.88   22.96   20.11   6.905   10.17   25.28   25.29   25.66   20.06   29.83   28.08   25.33   17.98   15.67   23.87   23.59   21.92   18.14   30.16   26.66   21.61   28.33   8.295   32.71   33.63   34.60   28.69   25.96   26.88   27.14   23.85   23.02   34.16   27.06   22.85   18.55   19.43   24.80   18.81   21.87   18.89   24.21   22.53   19.99   12.64   14.85   20.41   19.03   14.74   17.07   26.27   25.59   32.97   33.38   32.04   37.10   35.63   24.20   23.38   29.78   23.97   
   550.    3.167   3.859   4.913   10.04   11.92   15.27   10.07   8.298   9.406   9.433   17.08   20.93   19.54   18.67   20.42   16.07   4.838   11.54   14.49   14.60   22.43   20.50   21.88   16.96   16.17   17.76   16.21   16.85   16.01   15.08   16.18   20.85   24.08   21.09   7.242   10.66   26.51   26.52   26.92   21.04   31.29   29.45   26.56   18.86   16.43   25.03   24.74   22.99   19.03   31.64   27.96   22.66   29.71   8.700   34.30   35.27   36.28   30.09   27.23   28.20   28.47   25.01   24.15   35.83   28.38   23.97   19.45   20.38   26.01   19.73   22.94   19.81   25.39   23.63   20.97   13.25   15.58   21.40   19.96   15.46   17.90   27.56   26.84   34.58   35.01   33.61   38.91   37.37   25.38   24.52   31.23   25.14   
   600.    3.308   4.030   5.131   10.48   12.45   15.95   10.52   8.667   9.824   9.853   17.84   21.86   20.40   19.50   21.33   16.78   5.053   12.06   15.13   15.24   23.43   21.42   22.85   17.71   16.89   18.54   16.93   17.60   16.72   15.76   16.90   21.78   25.16   22.03   7.564   11.14   27.69   27.70   28.11   21.97   32.68   30.76   27.74   19.70   17.16   26.15   25.84   24.02   19.87   33.04   29.21   23.67   31.03   9.087   35.83   36.84   37.90   31.42   28.44   29.45   29.74   26.12   25.22   37.42   29.64   25.04   20.32   21.29   27.17   20.61   23.96   20.69   26.52   24.68   21.90   13.84   16.27   22.36   20.84   16.14   18.70   28.78   28.03   36.12   36.57   35.10   40.65   39.03   26.51   25.61   32.62   26.25   
   650.    3.443   4.195   5.341   10.91   12.96   16.60   10.95   9.021   10.23   10.26   18.57   22.76   21.24   20.30   22.20   17.47   5.259   12.55   15.75   15.87   24.39   22.29   23.78   18.43   17.58   19.30   17.62   18.32   17.40   16.40   17.59   22.66   26.18   22.93   7.873   11.59   28.82   28.83   29.26   22.87   34.01   32.01   28.88   20.50   17.86   27.22   26.89   25.00   20.68   34.39   30.40   24.64   32.30   9.458   37.29   38.35   39.44   32.71   29.60   30.65   30.95   27.19   26.25   38.95   30.85   26.06   21.15   22.16   28.28   21.45   24.94   21.54   27.60   25.69   22.79   14.41   16.94   23.27   21.69   16.80   19.46   29.96   29.17   37.59   38.06   36.54   42.30   40.63   27.59   26.66   33.95   27.33   
   700.    3.573   4.353   5.542   11.32   13.45   17.23   11.36   9.361   10.61   10.64   19.27   23.62   22.04   21.06   23.04   18.13   5.458   13.02   16.35   16.47   25.31   23.13   24.68   19.13   18.24   20.03   18.29   19.01   18.06   17.02   18.26   23.52   27.17   23.80   8.170   12.03   29.91   29.92   30.36   23.74   35.30   33.22   29.97   21.28   18.54   28.24   27.91   25.94   21.46   35.69   31.55   25.57   33.52   9.815   38.70   39.79   40.93   33.94   30.72   31.81   32.12   28.22   27.24   40.42   32.01   27.04   21.95   22.99   29.35   22.26   25.88   22.35   28.65   26.66   23.65   14.95   17.58   24.15   22.51   17.44   20.19   31.09   30.27   39.01   39.50   37.91   43.90   42.16   28.64   27.66   35.24   28.36   
   800.    3.820   4.654   5.925   12.10   14.38   18.42   12.15   10.01   11.34   11.38   20.60   25.25   23.56   22.52   24.63   19.38   5.835   13.92   17.47   17.60   27.05   24.73   26.38   20.45   19.50   21.41   19.55   20.32   19.31   18.19   19.52   25.14   29.05   25.44   8.734   12.86   31.97   31.99   32.46   25.37   37.73   35.51   32.04   22.75   19.82   30.19   29.83   27.73   22.95   38.15   33.72   27.33   35.84   10.49   41.37   42.54   43.76   36.29   32.84   34.01   34.34   30.16   29.12   43.21   34.22   28.91   23.46   24.58   31.37   23.79   27.67   23.89   30.62   28.50   25.29   15.99   18.79   25.81   24.07   18.64   21.59   33.24   32.36   41.70   42.22   40.53   46.93   45.07   30.61   29.57   37.67   30.32   
   900.    4.052   4.936   6.284   12.84   15.25   19.54   12.89   10.61   12.03   12.07   21.85   26.78   24.99   23.89   26.13   20.55   6.188   14.76   18.53   18.67   28.70   26.23   27.98   21.69   20.69   22.71   20.74   21.55   20.48   19.30   20.70   26.67   30.81   26.98   9.264   13.64   33.91   33.93   34.43   26.91   40.02   37.67   33.98   24.13   21.02   32.02   31.64   29.41   24.34   40.47   35.77   28.99   38.01   11.13   43.88   45.12   46.41   38.49   34.83   36.07   36.42   31.99   30.89   45.83   36.30   30.66   24.88   26.07   33.28   25.24   29.35   25.34   32.48   30.23   26.82   16.95   19.93   27.38   25.53   19.77   22.90   35.25   34.33   44.23   44.78   42.99   49.78   47.80   32.47   31.37   39.95   32.15   
   1.00e3  4.271   5.203   6.624   13.53   16.07   20.59   13.58   11.19   12.68   12.72   23.03   28.23   26.34   25.18   27.54   21.67   6.523   15.56   19.54   19.68   30.25   27.65   29.50   22.86   21.81   23.94   21.86   22.72   21.58   20.34   21.82   28.11   32.48   28.44   9.765   14.38   35.74   35.77   36.29   28.37   42.19   39.71   35.82   25.43   22.16   33.76   33.36   31.00   25.65   42.66   37.70   30.56   40.07   11.73   46.25   47.56   48.93   40.57   36.72   38.02   38.39   33.72   32.56   48.31   38.26   32.32   26.23   27.48   35.08   26.60   30.93   26.71   34.24   31.86   28.27   17.87   21.01   28.86   26.91   20.84   24.14   37.16   36.18   46.62   47.21   45.32   52.47   50.39   34.23   33.06   42.11   33.89   
   1.10e3  4.479   5.457   6.948   14.19   16.86   21.60   14.25   11.74   13.30   13.34   24.16   29.61   27.63   26.41   28.88   22.72   6.842   16.32   20.49   20.64   31.72   29.00   30.94   23.98   22.87   25.11   22.93   23.83   22.64   21.33   22.89   29.48   34.06   29.83   10.24   15.08   37.49   37.51   38.06   29.75   44.25   41.64   37.56   26.67   23.24   35.40   34.98   32.52   26.91   44.74   39.54   32.05   42.02   12.30   48.51   49.89   51.31   42.55   38.51   39.88   40.26   35.37   34.15   50.67   40.13   33.90   27.51   28.83   36.79   27.90   32.44   28.02   35.91   33.42   29.65   18.74   22.03   30.27   28.22   21.86   25.31   38.97   37.95   48.90   49.51   47.53   55.03   52.85   35.90   34.68   44.17   35.55   
   1.20e3  4.678   5.700   7.257   14.82   17.61   22.56   14.88   12.26   13.89   13.93   25.23   30.92   28.86   27.58   30.17   23.73   7.146   17.05   21.40   21.56   33.13   30.29   32.31   25.05   23.89   26.23   23.95   24.89   23.65   22.28   23.91   30.80   35.58   31.16   10.70   15.75   39.16   39.18   39.76   31.08   46.21   43.50   39.24   27.86   24.27   36.98   36.54   33.96   28.10   46.73   41.30   33.47   43.89   12.85   50.67   52.10   53.60   44.44   40.22   41.65   42.05   36.94   35.67   52.92   41.91   35.41   28.73   30.11   38.42   29.14   33.89   29.26   37.51   34.91   30.97   19.58   23.01   31.62   29.48   22.83   26.44   40.71   39.64   51.07   51.71   49.64   57.48   55.20   37.49   36.22   46.13   37.13   
   1.30e3  4.869   5.933   7.553   15.43   18.33   23.48   15.49   12.76   14.46   14.50   26.26   32.18   30.03   28.71   31.40   24.70   7.438   17.74   22.28   22.44   34.49   31.52   33.63   26.07   24.86   27.30   24.92   25.90   24.61   23.19   24.88   32.05   37.03   32.43   11.13   16.39   40.76   40.78   41.38   32.35   48.10   45.27   40.84   29.00   25.26   38.49   38.03   35.35   29.25   48.64   42.99   34.84   45.68   13.38   52.74   54.23   55.78   46.25   41.87   43.35   43.77   38.45   37.12   55.08   43.63   36.85   29.91   31.34   39.99   30.33   35.27   30.46   39.04   36.33   32.23   20.38   23.95   32.91   30.68   23.76   27.52   42.37   41.26   53.16   53.82   51.67   59.83   57.45   39.02   37.70   48.02   38.65   
   1.40e3  5.053   6.157   7.838   16.01   19.02   24.37   16.07   13.24   15.01   15.05   27.25   33.40   31.17   29.79   32.58   25.64   7.718   18.41   23.12   23.29   35.79   32.71   34.90   27.05   25.80   28.33   25.86   26.88   25.54   24.07   25.82   33.26   38.43   33.65   11.55   17.01   42.29   42.32   42.94   33.57   49.92   46.98   42.38   30.09   26.21   39.94   39.47   36.69   30.35   50.47   44.61   36.16   47.41   13.88   54.73   56.28   57.89   48.00   43.45   44.99   45.42   39.90   38.53   57.16   45.27   38.24   31.04   32.52   41.50   31.48   36.60   31.61   40.51   37.70   33.45   21.15   24.86   34.15   31.84   24.66   28.56   43.97   42.81   55.17   55.86   53.62   62.09   59.62   40.50   39.12   49.83   40.10   
   1.50e3  5.231   6.373   8.113   16.57   19.69   25.22   16.64   13.70   15.53   15.58   28.21   34.57   32.26   30.84   33.73   26.54   7.989   19.06   23.93   24.10   37.05   33.86   36.13   28.00   26.71   29.32   26.77   27.82   26.44   24.91   26.73   34.43   39.77   34.83   11.96   17.61   43.78   43.80   44.45   34.74   51.67   48.63   43.87   31.15   27.13   41.34   40.85   37.97   31.42   52.24   46.18   37.42   49.07   14.37   56.65   58.25   59.92   49.69   44.97   46.57   47.02   41.30   39.88   59.16   46.86   39.58   32.12   33.66   42.96   32.58   37.89   32.72   41.93   39.03   34.63   21.89   25.73   35.35   32.96   25.53   29.56   45.51   44.32   57.10   57.82   55.50   64.27   61.71   41.92   40.49   51.58   41.51   
   1.60e3  5.402   6.582   8.379   17.12   20.33   26.05   17.18   14.15   16.04   16.09   29.13   35.71   33.32   31.85   34.83   27.41   8.251   19.69   24.71   24.89   38.26   34.97   37.31   28.92   27.58   30.28   27.65   28.74   27.30   25.73   27.60   35.56   41.08   35.98   12.35   18.18   45.21   45.24   45.91   35.88   53.36   50.22   45.30   32.17   28.02   42.70   42.19   39.22   32.45   53.96   47.69   38.65   50.68   14.84   58.50   60.16   61.89   51.32   46.45   48.09   48.56   42.66   41.19   61.10   48.40   40.88   33.18   34.76   44.37   33.65   39.13   33.79   43.31   40.31   35.76   22.61   26.57   36.51   34.04   26.36   30.53   47.00   45.77   58.98   59.71   57.32   66.37   63.74   43.29   41.82   53.27   42.87   
   1.70e3  5.568   6.784   8.637   17.64   20.96   26.85   17.71   14.59   16.54   16.58   30.03   36.80   34.34   32.83   35.91   28.25   8.505   20.29   25.47   25.66   39.44   36.05   38.46   29.81   28.43   31.22   28.50   29.62   28.14   26.52   28.45   36.65   42.34   37.08   12.73   18.74   46.61   46.63   47.32   36.99   55.01   51.77   46.70   33.16   28.89   44.01   43.49   40.43   33.45   55.62   49.16   39.84   52.24   15.30   60.31   62.02   63.79   52.89   47.88   49.57   50.05   43.97   42.45   62.99   49.89   42.14   34.20   35.83   45.73   34.68   40.33   34.83   44.64   41.55   36.86   23.30   27.39   37.63   35.08   27.18   31.47   48.45   47.18   60.79   61.55   59.09   68.42   65.70   44.63   43.11   54.91   44.19   
   1.80e3  5.730   6.981   8.887   18.16   21.57   27.63   18.22   15.01   17.02   17.07   30.90   37.87   35.34   33.78   36.95   29.07   8.752   20.88   26.21   26.40   40.58   37.09   39.58   30.68   29.26   32.12   29.33   30.48   28.96   27.29   29.28   37.72   43.57   38.16   13.10   19.29   47.96   47.98   48.69   38.06   56.60   53.27   48.05   34.12   29.72   45.29   44.75   41.60   34.42   57.23   50.59   41.00   53.75   15.74   62.05   63.81   65.64   54.43   49.26   51.01   51.50   45.25   43.68   64.81   51.33   43.36   35.19   36.87   47.06   35.69   41.50   35.84   45.93   42.75   37.93   23.98   28.18   38.72   36.10   27.96   32.38   49.85   48.55   62.55   63.33   60.80   70.40   67.61   45.92   44.36   56.50   45.47   
   2.00e3  6.040   7.359   9.368   19.14   22.73   29.12   19.21   15.82   17.94   17.99   32.57   39.92   37.25   35.61   38.95   30.64   9.225   22.01   27.63   27.83   42.78   39.10   41.72   32.33   30.84   33.86   30.91   32.13   30.53   28.76   30.86   39.76   45.93   40.22   13.81   20.33   50.55   50.58   51.32   40.12   59.66   56.15   50.65   35.97   31.33   47.74   47.17   43.85   36.28   60.33   53.32   43.21   56.66   16.59   65.41   67.27   69.19   57.37   51.93   53.77   54.29   47.69   46.05   68.32   54.11   45.71   37.09   38.87   49.60   37.62   43.75   37.78   48.42   45.06   39.98   25.27   29.71   40.82   38.05   29.48   34.13   52.55   51.17   65.94   66.76   64.09   74.21   71.26   48.40   46.76   59.56   47.93   
   2.25e3  6.406   7.805   9.936   20.30   24.11   30.89   20.38   16.78   19.03   19.08   34.55   42.34   39.51   37.77   41.31   32.50   9.785   23.34   29.31   29.52   45.37   41.47   44.25   34.30   32.71   35.91   32.79   34.08   32.38   30.51   32.73   42.17   48.71   42.66   14.65   21.56   53.62   53.65   54.44   42.55   63.28   59.56   53.72   38.15   33.23   50.64   50.03   46.51   38.48   63.99   56.56   45.84   60.10   17.60   69.38   71.35   73.39   60.85   55.08   57.03   57.58   50.59   48.84   72.46   57.39   48.48   39.34   41.23   52.61   39.90   46.40   40.07   51.36   47.80   42.41   26.81   31.51   43.29   40.36   31.26   36.20   55.74   54.28   69.94   70.81   67.97   78.71   75.58   51.34   49.59   63.17   50.84   
   2.50e3  6.753   8.227   10.47   21.40   25.42   32.56   21.48   17.69   20.05   20.11   36.42   44.63   41.65   39.81   43.54   34.26   10.31   24.61   30.89   31.12   47.83   43.72   46.64   36.15   34.48   37.85   34.56   35.92   34.13   32.16   34.51   44.45   51.35   44.97   15.44   22.73   56.52   56.55   57.38   44.86   66.70   62.78   56.63   40.21   35.03   53.37   52.74   49.02   40.56   67.45   59.62   48.31   63.35   18.55   73.13   75.20   77.36   64.14   58.06   60.12   60.70   53.32   51.48   76.38   60.50   51.10   41.47   43.46   55.46   42.06   48.91   42.24   54.13   50.38   44.70   28.26   33.22   45.63   42.55   32.96   38.16   58.75   57.21   73.72   74.64   71.65   82.97   79.67   54.12   52.28   66.59   53.59   
   2.75e3  7.082   8.629   10.99   22.44   26.66   34.15   22.53   18.55   21.03   21.09   38.19   46.81   43.68   41.75   45.67   35.93   10.82   25.81   32.40   32.64   50.16   45.85   48.92   37.92   36.16   39.70   36.25   37.67   35.79   33.73   36.19   46.62   53.85   47.17   16.19   23.84   59.28   59.31   60.18   47.04   69.96   65.85   59.40   42.17   36.74   55.98   55.31   51.42   42.54   70.74   62.53   50.67   66.44   19.45   76.70   78.88   81.13   67.27   60.89   63.05   63.66   55.93   53.99   80.11   63.45   53.60   43.50   45.58   58.17   44.11   51.30   44.30   56.78   52.84   46.88   29.64   34.84   47.86   44.62   34.56   40.02   61.62   60.01   77.32   78.28   75.15   87.02   83.56   56.76   54.83   69.84   56.21   
   3.00e3  7.397   9.012   11.47   23.44   27.84   35.67   23.53   19.38   21.97   22.03   39.89   48.89   45.62   43.61   47.70   37.53   11.30   26.96   33.84   34.09   52.39   47.89   51.09   39.60   37.77   41.47   37.86   39.35   37.39   35.23   37.80   48.69   56.25   49.26   16.91   24.90   61.91   61.95   62.86   49.14   73.07   68.77   62.04   44.05   38.37   58.47   57.77   53.70   44.43   73.88   65.31   52.93   69.40   20.32   80.11   82.38   84.74   70.27   63.60   65.85   66.49   58.41   56.40   83.67   66.27   55.98   45.43   47.60   60.75   46.08   53.58   46.27   59.30   55.19   48.97   30.96   36.39   49.99   46.61   36.10   41.80   64.36   62.67   80.76   81.76   78.49   90.89   87.28   59.28   57.27   72.95   58.71   
   3.25e3  7.699   9.380   11.94   24.40   28.98   37.13   24.49   20.17   22.87   22.93   41.52   50.89   47.49   45.39   49.65   39.06   11.76   28.06   35.22   35.48   54.53   49.84   53.18   41.22   39.31   43.16   39.41   40.95   38.91   36.67   39.34   50.68   58.55   51.27   17.60   25.92   64.44   64.48   65.43   51.14   76.05   71.58   64.57   45.85   39.94   60.86   60.13   55.89   46.25   76.90   67.97   55.09   72.23   21.15   83.38   85.75   88.20   73.14   66.20   68.54   69.21   60.80   58.70   87.09   68.98   58.27   47.29   49.55   63.23   47.96   55.77   48.16   61.72   57.44   50.97   32.22   37.87   52.03   48.51   37.58   43.51   66.99   65.23   84.05   85.10   81.70   94.60   90.84   61.70   59.60   75.92   61.10   
   3.50e3  7.990   9.735   12.39   25.32   30.07   38.53   25.41   20.93   23.73   23.80   43.09   52.81   49.28   47.10   51.52   40.53   12.20   29.12   36.55   36.82   56.59   51.73   55.19   42.77   40.80   44.79   40.89   42.50   40.38   38.05   40.83   52.59   60.76   53.21   18.27   26.90   66.87   66.91   67.90   53.07   78.93   74.28   67.01   47.58   41.45   63.15   62.40   58.00   48.00   79.80   70.54   57.17   74.96   21.95   86.53   88.98   91.53   75.90   68.69   71.13   71.82   63.09   60.91   90.38   71.58   60.47   49.07   51.42   65.62   49.77   57.87   49.97   64.05   59.61   52.89   33.44   39.30   54.00   50.34   38.99   45.15   69.52   67.70   87.23   88.32   84.78   98.17   94.27   64.03   61.85   78.79   63.41   
   3.75e3  8.270   10.08   12.83   26.20   31.13   39.88   26.30   21.67   24.56   24.63   44.60   54.66   51.01   48.76   53.33   41.96   12.63   30.14   37.83   38.11   58.57   53.54   57.12   44.28   42.23   46.36   42.33   43.99   41.80   39.39   42.26   54.44   62.89   55.08   18.91   27.84   69.22   69.26   70.28   54.94   81.70   76.89   69.36   49.25   42.90   65.37   64.59   60.04   49.68   82.61   73.01   59.17   77.59   22.72   89.57   92.11   94.74   78.56   71.11   73.63   74.34   65.31   63.05   93.55   74.09   62.59   50.79   53.22   67.92   51.51   59.90   51.73   66.30   61.71   54.75   34.61   40.68   55.89   52.11   40.36   46.74   71.96   70.07   90.29   91.42   87.75   101.6   97.58   66.28   64.03   81.56   65.64   
   4.00e3  8.542   10.41   13.25   27.06   32.15   41.19   27.17   22.38   25.37   25.44   46.06   56.46   52.68   50.35   55.08   43.33   13.05   31.13   39.07   39.36   60.49   55.30   59.00   45.73   43.61   47.88   43.72   45.43   43.17   40.68   43.65   56.22   64.95   56.88   19.53   28.75   71.49   71.53   72.58   56.74   84.37   79.41   71.63   50.86   44.31   67.51   66.71   62.01   51.31   85.31   75.41   61.11   80.13   23.46   92.50   95.13   97.85   81.14   73.44   76.04   76.78   67.45   65.12   96.62   76.52   64.64   52.46   54.97   70.15   53.20   61.87   53.43   68.48   63.73   56.54   35.74   42.01   57.72   53.82   41.69   48.27   74.32   72.37   93.25   94.41   90.63   104.9   100.8   68.45   66.13   84.23   67.79   
   4.50e3  9.060   11.04   14.05   28.71   34.10   43.69   28.82   23.74   26.91   26.98   48.86   59.88   55.88   53.41   58.42   45.96   13.84   33.01   41.44   41.75   64.16   58.65   62.58   48.50   46.26   50.79   46.37   48.19   45.79   43.15   46.29   59.64   68.89   60.33   20.72   30.50   75.83   75.87   76.99   60.18   89.49   84.23   75.98   53.95   47.00   71.61   70.76   65.77   54.42   90.49   79.98   64.82   84.99   24.88   98.12   100.9   103.8   86.06   77.89   80.65   81.43   71.54   69.07   102.5   81.17   68.56   55.64   58.30   74.41   56.43   65.62   56.67   72.63   67.59   59.97   37.91   44.56   61.22   57.08   44.21   51.20   78.82   76.76   98.91   100.1   96.13   111.3   106.9   72.60   70.14   89.34   71.90   
   5.00e3  9.550   11.64   14.81   30.26   35.94   46.05   30.37   25.02   28.36   28.44   51.50   63.12   58.90   56.30   61.58   48.45   14.59   34.80   43.69   44.01   67.64   61.82   65.96   51.13   48.76   53.53   48.88   50.80   48.27   45.48   48.80   62.86   72.62   63.60   21.84   32.15   79.93   79.97   81.15   63.44   94.33   88.79   80.09   56.87   49.54   75.48   74.59   69.33   57.36   95.38   84.31   68.33   89.59   26.23   103.4   106.4   109.4   90.71   82.11   85.02   85.84   75.41   72.81   108.0   85.56   72.27   58.65   61.46   78.43   59.48   69.17   59.73   76.56   71.25   63.22   39.96   46.97   64.54   60.17   46.61   53.97   83.09   80.91   104.3   105.6   101.3   117.3   112.7   76.53   73.93   94.17   75.79   
   5.50e3  10.02   12.20   15.54   31.74   37.70   48.30   31.86   26.24   29.75   29.83   54.01   66.20   61.78   59.05   64.58   50.81   15.30   36.50   45.82   46.15   70.94   64.84   69.18   53.62   51.14   56.15   51.26   53.28   50.62   47.70   51.18   65.93   76.16   66.70   22.90   33.72   83.83   83.88   85.11   66.53   98.94   93.12   84.00   59.64   51.96   79.17   78.23   72.71   60.16   100.0   88.42   71.66   93.96   27.51   108.5   111.5   114.7   95.14   86.11   89.17   90.03   79.09   76.36   113.3   89.73   75.80   61.51   64.46   82.26   62.39   72.54   62.65   80.29   74.73   66.30   41.91   49.27   67.69   63.11   48.88   56.60   87.14   84.86   109.3   110.7   106.3   123.1   118.2   80.27   77.54   98.77   79.49   
   6.00e3  10.46   12.75   16.23   33.15   39.37   50.44   33.27   27.41   31.07   31.16   56.42   69.14   64.52   61.67   67.46   53.07   15.98   38.12   47.86   48.21   74.09   67.72   72.26   56.00   53.41   58.64   53.54   55.65   52.87   49.82   53.46   68.86   79.55   69.67   23.92   35.21   87.56   87.61   88.90   69.49   103.3   97.26   87.73   62.29   54.27   82.69   81.71   75.95   62.84   104.5   92.36   74.85   98.14   28.73   113.3   116.5   119.8   99.37   89.94   93.13   94.03   82.61   79.76   118.3   93.72   79.17   64.25   67.32   85.92   65.16   75.77   65.43   83.87   78.05   69.25   43.78   51.46   70.70   65.91   51.05   59.12   91.02   88.63   114.2   115.6   111.0   128.5   123.4   83.84   80.99   103.2   83.02   
   6.50e3  10.89   13.27   16.89   34.50   40.98   52.50   34.63   28.53   32.34   32.43   58.72   71.97   67.16   64.19   70.21   55.24   16.63   39.68   49.81   50.17   77.12   70.49   75.21   58.29   55.60   61.04   55.73   57.92   55.03   51.86   55.64   71.67   82.80   72.51   24.90   36.65   91.13   91.18   92.53   72.33   107.6   101.2   91.31   64.84   56.49   86.06   85.04   79.05   65.41   108.8   96.13   77.91   102.1   29.91   117.9   121.3   124.7   103.4   93.61   96.93   97.87   85.98   83.01   123.2   97.55   82.40   66.87   70.07   89.43   67.82   78.86   68.10   87.29   81.24   72.08   45.57   53.56   73.58   68.60   53.14   61.53   94.74   92.25   118.9   120.4   115.5   133.8   128.5   87.26   84.29   107.4   86.41   
   7.00e3  11.30   13.77   17.53   35.80   42.53   54.49   35.94   29.60   33.56   33.65   60.94   74.68   69.69   66.61   72.86   57.32   17.26   41.18   51.69   52.07   80.03   73.15   78.05   60.49   57.69   63.34   57.83   60.10   57.11   53.81   57.74   74.38   85.92   75.25   25.84   38.04   94.57   94.63   96.02   75.06   111.6   105.1   94.76   67.28   58.62   89.31   88.25   82.03   67.88   112.9   99.76   80.85   106.0   31.04   122.4   125.8   129.4   107.3   97.15   100.6   101.6   89.23   86.15   127.8   101.2   85.51   69.40   72.72   92.80   70.38   81.84   70.67   90.58   84.31   74.80   47.29   55.58   76.36   71.19   55.15   63.86   98.31   95.74   123.4   124.9   119.9   138.8   133.3   90.55   87.48   111.4   89.68   
   8.00e3  12.08   14.72   18.74   38.27   45.47   58.25   38.42   31.65   35.87   35.98   65.14   79.84   74.50   71.21   77.89   61.28   18.45   44.02   55.26   55.66   85.55   78.20   83.43   64.67   61.68   67.72   61.83   64.25   61.05   57.53   61.73   79.51   91.85   80.45   27.62   40.66   101.1   101.2   102.6   80.24   119.3   112.3   101.3   71.93   62.66   95.48   94.35   87.70   72.56   120.7   106.6   86.43   113.3   33.18   130.8   134.5   138.4   114.7   103.9   107.5   108.6   95.39   92.09   136.6   108.2   91.42   74.19   77.74   99.21   75.24   87.49   75.55   96.84   90.13   79.96   50.55   59.42   81.63   76.11   58.95   68.27   105.1   102.3   131.9   133.5   128.2   148.4   142.5   96.81   93.52   119.1   95.87   
   9.00e3  12.81   15.61   19.87   40.60   48.22   61.78   40.75   33.57   38.05   38.16   69.09   84.68   79.02   75.53   82.62   65.00   19.57   46.69   58.61   59.04   90.74   82.94   88.50   68.59   65.42   71.82   65.58   68.15   64.75   61.02   65.47   84.34   97.43   85.33   29.30   43.13   107.2   107.3   108.9   85.11   126.6   119.1   107.4   76.29   66.47   101.3   100.1   93.01   76.96   128.0   113.1   91.67   120.2   35.19   138.8   142.7   146.8   121.7   110.2   114.1   115.2   101.2   97.68   144.9   114.8   96.96   78.69   82.45   105.2   79.81   92.80   80.14   102.7   95.59   84.81   53.62   63.02   86.58   80.73   62.53   72.41   111.5   108.6   139.9   141.6   135.9   157.4   151.2   102.7   99.19   126.3   101.7   
   10.0e3  13.51   16.45   20.95   42.79   50.83   65.12   42.96   35.38   40.11   40.22   72.83   89.26   83.30   79.62   87.09   68.51   20.63   49.22   61.78   62.23   95.65   87.43   93.28   72.30   68.96   75.71   69.12   71.84   68.26   64.32   69.01   88.90   102.7   89.94   30.88   45.46   113.0   113.1   114.8   89.71   133.4   125.6   113.3   80.42   70.06   106.7   105.5   98.05   81.13   134.9   119.2   96.63   126.7   37.10   146.3   150.4   154.7   128.3   116.1   120.2   121.4   106.6   103.0   152.8   121.0   102.2   82.95   86.91   110.9   84.12   97.82   84.47   108.3   100.8   89.40   56.52   66.43   91.27   85.09   65.91   76.32   117.5   114.4   147.4   149.3   143.3   165.9   159.3   108.2   104.6   133.2   107.2   
   11.0e3  14.16   17.26   21.97   44.88   53.31   68.30   45.05   37.11   42.07   42.19   76.39   93.62   87.36   83.50   91.34   71.86   21.64   51.62   64.80   65.27   100.3   91.70   97.84   75.83   72.32   79.40   72.50   75.35   71.59   67.46   72.38   93.24   107.7   94.33   32.39   47.68   118.6   118.6   120.4   94.09   139.9   131.7   118.8   84.35   73.48   112.0   110.6   102.8   85.09   141.5   125.1   101.3   132.9   38.91   153.4   157.8   162.3   134.5   121.8   126.1   127.3   111.9   108.0   160.2   126.9   107.2   86.99   91.15   116.3   88.23   102.6   88.60   113.6   105.7   93.77   59.28   69.67   95.72   89.25   69.13   80.05   123.2   120.0   154.6   156.6   150.3   174.0   167.1   113.5   109.7   139.7   112.4   
   12.0e3  14.79   18.02   22.95   46.88   55.68   71.34   47.06   38.76   43.94   44.06   79.78   97.78   91.25   87.22   95.40   75.05   22.60   53.91   67.68   68.17   104.8   95.78   102.2   79.20   75.54   82.93   75.72   78.70   74.77   70.46   75.60   97.38   112.5   98.52   33.83   49.80   123.8   123.9   125.7   98.27   146.1   137.5   124.1   88.10   76.75   116.9   115.5   107.4   88.87   147.8   130.6   105.9   138.8   40.64   160.2   164.8   169.5   140.5   127.2   131.7   133.0   116.8   112.8   167.3   132.5   112.0   90.86   95.21   121.5   92.15   107.2   92.53   118.6   110.4   97.93   61.91   72.77   99.98   93.21   72.20   83.61   128.7   125.3   161.5   163.5   157.0   181.8   174.6   118.6   114.5   145.9   117.4   
   13.0e3  15.40   18.76   23.88   48.79   57.96   74.25   48.98   40.34   45.73   45.86   83.04   101.8   94.97   90.78   99.29   78.12   23.52   56.11   70.44   70.96   109.1   99.69   106.4   82.44   78.62   86.32   78.81   81.91   77.83   73.34   78.68   101.4   117.1   102.5   35.21   51.83   128.9   129.0   130.9   102.3   152.1   143.2   129.1   91.69   79.88   121.7   120.3   111.8   92.50   153.8   135.9   110.2   144.5   42.30   166.8   171.5   176.4   146.3   132.4   137.1   138.4   121.6   117.4   174.2   138.0   116.5   94.57   99.09   126.5   95.91   111.5   96.31   123.4   114.9   101.9   64.44   75.74   104.1   97.02   75.15   87.02   134.0   130.5   168.1   170.2   163.4   189.2   181.7   123.4   119.2   151.8   122.2   
   14.0e3  15.98   19.47   24.79   50.63   60.15   77.05   50.83   41.87   47.46   47.59   86.18   105.6   98.56   94.21   103.0   81.07   24.41   58.23   73.10   73.64   113.2   103.5   110.4   85.55   81.59   89.58   81.79   85.00   80.76   76.10   81.65   105.2   121.5   106.4   36.54   53.79   133.7   133.8   135.8   106.1   157.9   148.6   134.0   95.16   82.90   126.3   124.8   116.0   95.99   159.6   141.1   114.3   149.9   43.89   173.1   178.0   183.1   151.8   137.4   142.3   143.6   126.2   121.8   180.8   143.2   120.9   98.14   102.8   131.2   99.53   115.7   99.95   128.1   119.2   105.8   66.87   78.60   108.0   100.7   77.99   90.31   139.0   135.4   174.5   176.6   169.6   196.3   188.5   128.1   123.7   157.6   126.8   
   15.0e3  16.54   20.15   25.66   52.41   62.26   79.76   52.61   43.34   49.12   49.26   89.20   109.3   102.0   97.51   106.7   83.91   25.27   60.28   75.67   76.22   117.1   107.1   114.2   88.55   84.46   92.72   84.66   87.98   83.60   78.78   84.52   108.9   125.8   110.2   37.82   55.68   138.4   138.5   140.6   109.9   163.4   153.8   138.7   98.49   85.81   130.7   129.2   120.1   99.36   165.2   146.0   118.3   155.2   45.43   179.1   184.2   189.5   157.1   142.2   147.3   148.7   130.6   126.1   187.1   148.2   125.2   101.6   106.4   135.8   103.0   119.8   103.5   132.6   123.4   109.5   69.22   81.36   111.8   104.2   80.72   93.48   143.9   140.1   180.6   182.8   175.5   203.2   195.2   132.6   128.1   163.1   131.3   
   16.0e3  17.08   20.81   26.50   54.13   64.30   82.37   54.34   44.76   50.73   50.88   92.13   112.9   105.4   100.7   110.2   86.66   26.09   62.25   78.15   78.72   121.0   110.6   118.0   91.46   87.23   95.76   87.44   90.87   86.34   81.36   87.29   112.4   129.9   113.8   39.06   57.51   143.0   143.1   145.2   113.5   168.7   158.8   143.3   101.7   88.62   135.0   133.4   124.0   102.6   170.6   150.8   122.2   160.3   46.92   185.0   190.3   195.7   162.3   146.9   152.1   153.6   134.9   130.2   193.2   153.0   129.3   104.9   109.9   140.3   106.4   123.7   106.9   137.0   127.5   113.1   71.49   84.03   115.4   107.6   83.37   96.54   148.6   144.7   186.5   188.8   181.3   209.9   201.6   136.9   132.3   168.5   135.6   
   17.0e3  17.61   21.45   27.31   55.79   66.28   84.91   56.01   46.13   52.30   52.45   94.96   116.4   108.6   103.8   113.5   89.33   26.90   64.17   80.55   81.14   124.7   114.0   121.6   94.27   89.91   98.71   90.13   93.67   89.00   83.86   89.98   115.9   133.9   117.3   40.27   59.27   147.4   147.5   149.6   117.0   173.9   163.7   147.7   104.9   91.35   139.2   137.5   127.8   105.8   175.9   155.5   126.0   165.2   48.37   190.7   196.1   201.7   167.3   151.4   156.8   158.3   139.0   134.2   199.2   157.8   133.3   108.1   113.3   144.6   109.7   127.5   110.1   141.2   131.4   116.6   73.69   86.62   119.0   110.9   85.94   99.51   153.2   149.2   192.2   194.6   186.8   216.4   207.8   141.1   136.3   173.6   139.7   
   18.0e3  18.12   22.08   28.10   57.41   68.20   87.37   57.63   47.47   53.81   53.97   97.71   119.8   111.8   106.8   116.8   91.92   27.68   66.03   82.89   83.50   128.3   117.3   125.2   97.00   92.52   101.6   92.74   96.38   91.58   86.29   92.59   119.3   137.8   120.7   41.43   60.99   151.7   151.7   154.0   120.4   179.0   168.5   152.0   107.9   94.00   143.2   141.5   131.5   108.8   181.0   160.0   129.6   170.0   49.77   196.2   201.8   207.6   172.1   155.8   161.3   162.9   143.1   138.1   205.0   162.3   137.1   111.3   116.6   148.8   112.9   131.2   113.3   145.3   135.2   119.9   75.82   89.13   122.4   114.2   88.43   102.4   157.6   153.5   197.8   200.3   192.3   222.6   213.8   145.2   140.3   178.7   143.8   
   20.0e3  19.10   23.27   29.62   60.52   71.89   92.10   60.75   50.04   56.72   56.89   103.0   126.2   117.8   112.6   123.2   96.89   29.17   69.60   87.37   88.01   135.3   123.6   131.9   102.3   97.52   107.1   97.76   101.6   96.53   90.96   97.60   125.7   145.2   127.2   43.67   64.29   159.9   159.9   162.3   126.9   188.7   177.6   160.2   113.7   99.08   151.0   149.2   138.7   114.7   190.8   168.6   136.7   179.2   52.46   206.8   212.7   218.8   181.4   164.2   170.0   171.7   150.8   145.6   216.0   171.1   144.5   117.3   122.9   156.9   119.0   138.3   119.5   153.1   142.5   126.4   79.93   93.95   129.1   120.3   93.21   107.9   166.2   161.8   208.5   211.1   202.7   234.7   225.4   153.1   147.9   188.3   151.6   
   22.5e3  20.26   24.68   31.42   64.19   76.25   97.68   64.43   53.08   60.16   60.34   109.2   133.9   124.9   119.4   130.6   102.8   30.94   73.82   92.67   93.35   143.5   131.1   139.9   108.5   103.4   113.6   103.7   107.8   102.4   96.48   103.5   133.3   154.0   134.9   46.32   68.19   169.6   169.6   172.1   134.6   200.1   188.3   169.9   120.6   105.1   160.1   158.2   147.1   121.7   202.3   178.8   144.9   190.1   55.64   219.4   225.6   232.1   192.4   174.2   180.3   182.1   160.0   154.4   229.1   181.5   153.3   124.4   130.4   166.4   126.2   146.7   126.7   162.4   151.1   134.1   84.77   99.65   136.9   127.6   98.87   114.5   176.3   171.6   221.2   223.9   215.0   248.9   239.0   162.3   156.8   199.8   160.8   
   25.0e3  21.35   26.02   33.12   67.66   80.37   103.0   67.92   55.95   63.42   63.60   115.2   141.1   131.7   125.9   137.7   108.3   32.62   77.82   97.68   98.40   151.2   138.2   147.5   114.3   109.0   119.7   109.3   113.6   107.9   101.7   109.1   140.6   162.4   142.2   48.83   71.88   178.7   178.8   181.5   141.8   210.9   198.5   179.1   127.2   110.8   168.8   166.8   155.0   128.3   213.3   188.5   152.8   200.3   58.65   231.3   237.8   244.6   202.8   183.6   190.1   191.9   168.6   162.8   241.5   191.3   161.6   131.1   137.4   175.4   133.0   154.7   133.6   171.2   159.3   141.4   89.36   105.0   144.3   134.5   104.2   120.7   185.8   180.9   233.1   236.0   226.6   262.4   251.9   171.1   165.3   210.6   169.5   
   27.5e3  22.40   27.29   34.74   70.96   84.30   108.0   71.24   58.68   66.52   66.70   120.8   148.0   138.1   132.0   144.4   113.6   34.21   81.61   102.5   103.2   158.6   145.0   154.7   119.9   114.4   125.5   114.6   119.1   113.2   106.7   114.4   147.4   170.3   149.1   51.21   75.39   187.4   187.6   190.3   148.8   221.2   208.2   187.8   133.4   116.2   177.0   174.9   162.6   134.5   223.7   197.7   160.2   210.1   61.52   242.5   249.4   256.6   212.7   192.6   199.4   201.3   176.9   170.7   253.3   200.6   169.5   137.5   144.1   183.9   139.5   162.2   140.1   179.5   167.1   148.3   93.72   110.2   151.4   141.1   109.3   126.6   194.9   189.8   244.5   247.6   237.6   275.2   264.2   179.5   173.4   220.9   177.7   
   30.0e3  23.39   28.50   36.28   74.12   88.04   112.8   74.40   61.29   69.47   69.67   126.1   154.6   144.3   137.9   150.8   118.7   35.73   85.24   107.0   107.8   165.7   151.4   161.6   125.2   119.4   131.1   119.7   124.4   118.2   111.4   119.5   154.0   177.9   155.8   53.49   78.74   195.8   195.9   198.8   155.4   231.1   217.5   196.2   139.3   121.3   184.9   182.7   169.8   140.5   233.6   206.5   167.4   219.5   64.25   253.3   260.5   268.0   222.2   201.1   208.2   210.3   184.7   178.3   264.6   209.6   177.0   143.7   150.5   192.1   145.7   169.4   146.3   187.5   174.5   154.8   97.89   115.1   158.1   147.4   114.2   132.2   203.5   198.2   255.4   258.6   248.2   287.4   276.0   187.5   181.1   230.7   185.6   
   32.5e3  24.35   29.66   37.76   77.14   91.64   117.4   77.44   63.79   72.31   72.52   131.3   160.9   150.2   143.5   157.0   123.5   37.19   88.72   111.4   112.2   172.4   157.6   168.2   130.3   124.3   136.5   124.6   129.5   123.1   116.0   124.4   160.3   185.1   162.1   55.67   81.96   203.8   203.9   206.9   161.7   240.5   226.4   204.2   145.0   126.3   192.4   190.2   176.8   146.3   243.2   214.9   174.2   228.4   66.88   263.7   271.2   278.9   231.3   209.3   216.8   218.8   192.3   185.6   275.4   218.1   184.3   149.5   156.7   200.0   151.7   176.3   152.3   195.2   181.7   161.2   101.9   119.8   164.5   153.4   118.8   137.6   211.8   206.3   265.8   269.1   258.3   299.1   287.3   195.1   188.5   240.1   193.2   
   35.0e3  25.27   30.78   39.19   80.06   95.10   121.8   80.37   66.20   75.04   75.25   136.3   167.0   155.8   149.0   162.9   128.2   38.59   92.07   115.6   116.4   178.9   163.6   174.5   135.3   129.0   141.6   129.3   134.4   127.7   120.3   129.1   166.3   192.1   168.3   57.78   85.05   211.5   211.6   214.7   167.8   249.6   234.9   211.9   150.5   131.1   199.7   197.3   183.4   151.8   252.4   223.1   180.8   237.0   69.40   273.6   281.4   289.4   240.0   217.2   224.9   227.1   199.5   192.6   285.8   226.4   191.2   155.2   162.6   207.5   157.4   183.0   158.0   202.6   188.5   167.3   105.7   124.3   170.7   159.2   123.3   142.8   219.8   214.1   275.8   279.3   268.1   310.4   298.1   202.5   195.6   249.2   200.5   
   37.5e3  26.15   31.86   40.57   82.87   98.44   126.1   83.19   68.52   77.67   77.89   141.0   172.9   161.3   154.2   168.6   132.7   39.95   95.30   119.6   120.5   185.2   169.3   180.6   140.0   133.5   146.6   133.9   139.1   132.2   124.6   133.6   172.2   198.9   174.2   59.80   88.04   218.9   219.0   222.2   173.7   258.3   243.1   219.3   155.7   135.7   206.7   204.3   189.9   157.1   261.2   230.9   187.1   245.4   71.84   283.2   291.3   299.6   248.4   224.9   232.8   235.1   206.5   199.4   295.8   234.3   197.9   160.6   168.3   214.8   162.9   189.4   163.6   209.7   195.1   173.1   109.4   128.6   176.7   164.8   127.6   147.8   227.5   221.6   285.5   289.1   277.5   321.3   308.6   209.6   202.5   257.9   207.6   
   40.0e3  27.01   32.91   41.90   85.58   101.7   130.2   85.91   70.77   80.22   80.45   145.7   178.5   166.6   159.2   174.2   137.0   41.26   98.43   123.6   124.5   191.3   174.9   186.6   144.6   137.9   151.4   138.2   143.7   136.5   128.6   138.0   177.8   205.4   179.9   61.77   90.92   226.1   226.2   229.5   179.4   266.8   251.1   226.5   160.8   140.1   213.5   211.0   196.1   162.3   269.8   238.5   193.3   253.4   74.19   292.5   300.8   309.4   256.6   232.2   240.5   242.8   213.3   205.9   305.5   242.0   204.4   165.9   173.8   221.8   168.2   195.6   168.9   216.5   201.5   178.8   113.0   132.9   182.5   170.2   131.8   152.6   235.0   228.9   294.9   298.6   286.6   331.9   318.7   216.5   209.1   266.4   214.4   
   45.0e3  28.65   34.91   44.44   90.78   107.8   138.1   91.13   75.06   85.09   85.33   154.5   189.4   176.7   168.9   184.7   145.3   43.76   104.4   131.1   132.0   202.9   185.5   197.9   153.4   146.3   160.6   146.6   152.4   144.8   136.4   146.4   188.6   217.9   190.8   65.51   96.44   239.8   239.9   243.5   190.3   283.0   266.4   240.3   170.6   148.6   226.4   223.8   208.0   172.1   286.2   252.9   205.0   268.8   78.69   310.3   319.1   328.2   272.1   246.3   255.0   257.5   226.2   218.4   324.1   256.7   216.8   176.0   184.4   235.3   178.4   207.5   179.2   229.7   213.8   189.6   119.9   140.9   193.6   180.5   139.8   161.9   249.3   242.7   312.8   316.7   304.0   352.0   338.0   229.6   221.8   282.5   227.4   
   50.0e3  30.20   36.79   46.84   95.69   113.7   145.6   96.06   79.12   89.69   89.94   162.9   199.6   186.3   178.0   194.7   153.2   46.13   110.0   138.1   139.2   213.9   195.5   208.6   161.7   154.2   169.3   154.6   160.6   152.6   143.8   154.3   198.8   229.6   201.1   69.06   101.7   252.8   252.9   256.6   200.6   298.3   280.8   253.3   179.8   156.7   238.7   235.9   219.2   181.4   301.6   266.6   216.1   283.3   82.95   327.1   336.3   346.0   286.9   259.6   268.8   271.4   238.5   230.2   341.6   270.6   228.5   185.5   194.3   248.0   188.1   218.7   188.9   242.1   225.3   199.9   126.4   148.5   204.1   190.3   147.4   170.7   262.7   255.9   329.7   333.8   320.4   371.0   356.3   242.0   233.8   297.8   239.7   
   55.0e3  31.67   38.59   49.13   100.4   119.2   152.7   100.7   82.99   94.07   94.33   170.8   209.3   195.4   186.7   204.2   160.7   48.38   115.4   144.9   146.0   224.3   205.0   218.8   169.6   161.7   177.6   162.1   168.5   160.1   150.8   161.8   208.5   240.8   210.9   72.43   106.6   265.1   265.2   269.2   210.4   312.9   294.5   265.6   188.6   164.3   250.3   247.4   229.9   190.3   316.4   279.6   226.6   297.2   87.00   343.0   352.7   362.8   300.9   272.3   282.0   284.7   250.1   241.5   358.3   283.8   239.7   194.5   203.8   260.1   197.3   229.4   198.1   253.9   236.3   209.7   132.5   155.8   214.0   199.6   154.6   179.0   275.6   268.4   345.8   350.1   336.1   389.1   373.7   253.8   245.2   312.3   251.4   
   60.0e3  33.08   40.30   51.31   104.8   124.5   159.5   105.2   86.68   98.25   98.53   178.4   218.6   204.0   195.0   213.3   167.8   50.53   120.6   151.3   152.4   234.3   214.2   228.5   177.1   168.9   185.4   169.3   176.0   167.2   157.6   169.0   217.8   251.6   220.3   75.65   111.4   276.9   277.0   281.1   219.7   326.8   307.6   277.4   197.0   171.6   261.5   258.4   240.2   198.7   330.4   292.1   236.7   310.4   90.87   358.3   368.4   379.0   314.2   284.4   294.5   297.4   261.2   252.2   374.2   296.4   250.4   203.2   212.9   271.7   206.1   239.6   206.9   265.2   246.8   219.0   138.4   162.7   223.6   208.4   161.4   187.0   287.8   280.3   361.2   365.7   351.0   406.5   390.3   265.1   256.1   326.2   262.5   
   65.0e3  34.43   41.95   53.41   109.1   129.6   166.0   109.5   90.22   102.3   102.6   185.7   227.6   212.4   203.0   222.0   174.7   52.60   125.5   157.5   158.7   243.9   222.9   237.8   184.3   175.8   193.0   176.2   183.2   174.0   164.0   175.9   226.6   261.8   229.3   78.74   115.9   288.2   288.3   292.6   228.7   340.1   320.1   288.8   205.0   178.6   272.2   268.9   250.0   206.8   343.9   304.0   246.4   323.0   94.58   372.9   383.5   394.4   327.1   296.0   306.5   309.5   271.9   262.5   389.5   308.5   260.6   211.5   221.6   282.8   214.5   249.4   215.4   276.0   256.9   227.9   144.1   169.4   232.7   216.9   168.0   194.6   299.6   291.7   375.9   380.6   365.4   423.0   406.3   275.9   266.6   339.5   273.3   
   70.0e3  35.73   43.53   55.42   113.2   134.5   172.3   113.7   93.62   106.1   106.4   192.7   236.2   220.4   210.6   230.4   181.3   54.58   130.2   163.5   164.7   253.1   231.3   246.8   191.3   182.4   200.3   182.9   190.1   180.6   170.2   182.6   235.2   271.7   238.0   81.71   120.3   299.1   299.2   303.6   237.4   353.0   332.2   299.7   212.8   185.4   282.4   279.1   259.4   214.6   356.9   315.5   255.7   335.2   98.15   387.0   397.9   409.3   339.4   307.2   318.1   321.2   282.2   272.4   404.2   320.1   270.4   219.5   229.9   293.5   222.6   258.8   223.5   286.5   266.6   236.5   149.5   175.8   241.5   225.1   174.4   201.9   310.9   302.7   390.1   395.0   379.1   439.0   421.6   286.4   276.6   352.4   283.6   
   80.0e3  38.20   46.54   59.25   121.0   143.8   184.2   121.5   100.1   113.5   113.8   206.0   252.5   235.6   225.2   246.3   193.8   58.35   139.2   174.7   176.0   270.5   247.3   263.8   204.5   195.0   214.1   195.5   203.2   193.1   181.9   195.2   251.4   290.5   254.4   87.35   128.6   319.7   319.9   324.6   253.7   377.3   355.1   320.4   227.5   198.2   301.9   298.3   277.3   229.5   381.5   337.2   273.3   358.4   104.9   413.7   425.4   437.6   362.9   328.4   340.1   343.4   301.6   291.2   432.1   342.2   289.1   234.6   245.8   313.7   237.9   276.7   238.9   306.2   285.0   252.9   159.9   187.9   258.1   240.7   186.4   215.9   332.4   323.6   417.0   422.3   405.3   469.3   450.7   306.1   295.7   376.7   303.2   
   90.0e3  40.52   49.36   62.84   128.4   152.5   195.4   128.9   106.2   120.3   120.7   218.5   267.8   249.9   238.9   261.3   205.5   61.89   147.6   185.3   186.7   287.0   262.3   279.8   216.9   206.9   227.1   207.4   215.5   204.8   193.0   207.0   266.7   308.1   269.8   92.65   136.4   339.1   339.3   344.3   269.1   400.2   376.7   339.8   241.3   210.2   320.2   316.4   294.1   243.4   404.7   357.7   289.9   380.1   111.3   438.8   451.2   464.1   384.9   348.3   360.7   364.2   319.9   308.9   458.3   363.0   306.6   248.8   260.7   332.8   252.4   293.5   253.4   324.8   302.3   268.2   169.5   199.3   273.8   255.3   197.7   229.0   352.5   343.3   442.3   447.9   429.9   497.8   478.0   324.7   313.7   399.5   321.5   
   100.e3  42.71   52.03   66.24   135.3   160.7   205.9   135.8   111.9   126.8   127.2   230.3   282.3   263.4   251.8   275.4   216.7   65.24   155.6   195.4   196.8   302.5   276.5   295.0   228.6   218.1   239.4   218.6   227.2   215.8   203.4   218.2   281.1   324.8   284.4   97.66   143.8   357.4   357.7   362.9   283.7   421.9   397.1   358.2   254.3   221.6   337.6   333.6   310.0   256.5   426.6   377.0   305.6   400.7   117.3   462.5   475.6   489.3   405.7   367.2   380.2   383.9   337.2   325.6   483.1   382.6   323.2   262.3   274.8   350.8   266.0   309.3   267.1   342.4   318.6   282.7   178.7   210.1   288.6   269.1   208.4   241.4   371.6   361.8   466.2   472.1   453.2   524.7   503.9   342.3   330.6   421.1   338.9   
   110.e3  44.80   54.57   69.48   141.9   168.6   216.0   142.5   117.4   133.0   133.4   241.6   296.1   276.3   264.1   288.8   227.2   68.42   163.2   204.9   206.4   317.2   290.0   309.4   239.8   228.7   251.1   229.3   238.3   226.4   213.3   228.9   294.8   340.6   298.3   102.4   150.8   374.9   375.1   380.6   297.5   442.5   416.4   375.6   266.7   232.4   354.0   349.8   325.2   269.1   447.4   395.4   320.5   420.3   123.0   485.1   498.9   513.1   425.5   385.1   398.8   402.6   353.7   341.5   506.7   401.3   339.0   275.1   288.3   367.9   279.0   324.4   280.2   359.1   334.2   296.5   187.4   220.3   302.7   282.2   218.6   253.1   389.7   379.5   489.0   495.2   475.3   550.3   528.5   359.0   346.8   441.7   355.5   
   120.e3  52.54   63.48   76.94   161.1   196.2   242.0   160.8   132.7   148.0   158.2   271.9   334.4   315.1   300.8   324.8   256.0   85.11   195.1   230.8   233.2   358.1   331.6   348.7   273.9   254.9   280.6   257.4   280.5   254.0   242.3   259.0   333.5   383.6   335.8   113.3   181.2   423.2   423.4   427.9   334.2   496.1   468.8   423.5   302.1   265.1   400.6   396.8   366.6   313.0   496.7   445.2   363.1   474.0   147.9   548.9   563.2   581.1   480.7   452.8   449.4   453.8   401.7   385.7   566.8   453.4   381.3   311.1   324.2   415.7   319.0   362.4   314.3   403.0   376.8   337.4   211.3   251.2   344.4   318.2   247.3   286.3   443.7   428.4   553.4   562.1   536.2   622.4   599.0   407.3   392.8   501.8   400.9   
   130.e3  64.06   77.08   91.06   204.3   264.5   295.7   200.5   166.6   177.8   197.4   337.2   418.2   406.9   386.2   400.3   318.8   130.1   245.1   287.2   292.8   447.7   430.2   433.1   353.6   307.2   340.0   317.9   346.4   309.9   308.3   326.4   421.4   476.9   416.6   133.3   231.7   528.9   529.1   528.9   412.4   608.5   581.3   528.0   381.7   342.7   503.9   503.4   457.2   421.0   592.1   552.8   459.1   590.8   189.3   691.1   701.7   733.7   602.2   558.0   559.5   565.1   511.9   483.4   689.2   568.4   470.3   391.5   401.5   521.4   414.8   438.4   386.5   494.5   470.0   432.4   263.3   324.1   440.8   398.4   311.7   360.5   568.1   536.2   696.4   716.4   670.1   782.4   757.4   518.8   497.9   639.5   499.7   
   140.e3  70.98   86.25   99.73   232.4   309.7   328.8   225.7   188.8   196.7   222.9   379.7   472.2   470.9   444.5   446.8   360.6   157.4   276.0   324.6   332.9   506.2   498.0   486.7   407.1   340.2   375.5   358.3   390.3   341.8   352.2   371.3   482.6   538.2   469.2   144.9   266.4   597.8   598.0   594.3   464.0   680.9   654.0   597.5   435.7   397.3   571.8   575.2   517.4   492.3   651.3   623.1   523.5   666.5   218.1   785.1   788.3   835.4   681.5   628.1   631.7   637.7   586.9   548.0   764.7   644.5   525.5   445.3   452.1   591.4   482.7   484.4   433.6   551.6   531.5   497.8   298.1   375.5   506.6   454.1   355.6   411.0   651.9   608.0   790.2   823.3   759.1   887.9   862.2   597.1   571.1   732.7   564.1   
   150.e3  74.85   92.51   105.6   250.0   337.4   349.0   241.2   203.1   209.3   238.8   407.4   506.0   514.4   482.9   474.6   388.9   170.4   293.9   349.5   360.3   543.9   543.1   519.9   441.6   362.2   396.1   386.2   419.2   358.9   380.8   400.8   525.6   578.6   503.5   152.1   289.6   642.2   642.5   636.7   498.8   728.2   700.9   643.8   472.1   434.9   615.6   622.7   557.6   535.6   690.3   669.0   566.1   714.9   237.7   846.4   841.3   902.2   732.7   674.7   679.1   685.0   637.1   590.5   811.8   694.5   558.9   481.2   485.8   637.6   530.4   512.5   465.2   587.0   572.4   542.1   321.8   411.4   550.8   493.1   385.7   445.5   706.7   656.0   850.8   897.1   818.7   956.3   930.3   652.5   622.5   794.8   605.8   
   160.e3  76.75   96.73   109.8   260.3   352.8   361.2   250.5   212.0   217.7   248.0   425.3   526.5   543.3   507.3   491.0   408.2   174.0   303.1   366.2   379.0   567.8   572.3   540.0   463.0   377.6   408.1   405.9   438.0   368.3   398.8   420.0   555.9   605.2   525.8   156.9   304.5   670.4   670.9   664.2   523.0   759.6   731.0   674.7   496.7   459.9   643.3   653.5   584.4   559.4   717.3   699.0   593.9   745.5   251.0   885.7   873.7   945.5   765.1   705.6   710.0   715.5   670.2   618.3   841.2   726.9   578.6   505.1   508.7   667.7   563.7   529.9   487.1   608.9   599.5   571.6   338.3   436.6   580.2   520.5   406.7   469.4   741.5   688.3   889.1   947.9   859.0   1.000e3 973.4   692.0   659.1   835.3   632.5   
   170.e3  77.41   99.54   113.0   265.9   360.3   368.3   255.8   217.5   223.5   252.8   436.8   538.2   561.9   522.0   501.0   421.5   171.9   307.2   377.5   392.2   582.7   590.6   551.4   475.4   389.0   415.8   420.4   450.0   374.6   409.7   432.2   577.1   622.7   540.2   160.3   314.0   688.0   688.8   681.9   540.4   780.5   750.0   695.5   513.3   475.4   660.4   673.0   602.3   570.7   736.8   718.6   612.0   764.5   260.3   910.5   894.2   973.0   785.2   726.2   730.2   735.2   691.5   636.5   859.6   747.6   589.6   521.0   524.8   687.3   587.1   540.8   502.9   622.3   617.7   590.8   350.1   454.3   599.5   539.8   421.5   486.3   762.7   710.3   912.5   983.0   886.6   1.027e3 999.9   720.5   685.4   861.2   649.5   
   180.e3  77.32   101.4   115.7   268.6   362.8   372.2   258.7   220.7   227.5   254.7   444.1   544.4   573.4   530.2   507.7   431.1   167.0   308.2   385.3   401.7   591.9   601.7   557.6   482.1   397.9   422.4   431.4   457.5   380.3   416.1   440.0   592.0   634.3   549.6   163.0   319.9   698.7   700.0   693.3   553.4   794.8   762.0   709.6   524.7   484.1   670.9   685.2   614.5   574.4   751.5   731.4   623.6   776.1   267.0   926.1   908.0   990.3   797.4   740.3   743.4   748.0   705.0   648.4   871.5   760.7   595.4   531.7   536.5   700.1   603.8   548.1   514.9   630.6   630.1   603.4   359.0   466.9   612.2   553.3   432.4   498.6   775.2   725.8   926.6   1.008e3 906.1   1.044e3 1.016e3 741.6   705.0   877.6   660.3   
   200.e3  76.20   103.3   120.1   269.2   361.1   375.6   261.0   223.7   232.3   254.3   452.3   548.1   584.3   536.3   518.6   444.3   155.3   307.0   395.5   415.1   601.1   612.4   562.0   486.6   412.3   436.9   447.7   465.7   391.2   421.8   448.3   610.2   648.3   560.3   167.5   326.0   709.7   712.1   706.2   573.1   812.9   775.2   727.1   539.3   487.7   681.5   697.5   629.5   571.5   773.2   746.6   636.8   788.1   276.7   942.7   926.9   1.009e3 809.9   758.2   758.9   762.9   719.2   662.6   885.8   774.5   599.9   545.1   553.7   715.0   625.9   558.0   533.1   640.1   645.8   617.2   372.3   483.9   627.2   570.4   447.8   515.9   786.0   746.7   940.0   1.039e3 932.5   1.061e3 1.030e3 771.5   732.6   894.9   672.3   
   225.e3  74.67   104.3   125.0   267.8   356.8   378.1   262.6   225.6   236.0   251.6   459.0   548.6   589.1   538.0   534.0   457.6   144.4   306.3   405.4   429.0   608.1   618.8   564.2   487.7   429.1   458.9   464.9   472.1   404.3   425.1   454.7   623.4   660.7   569.6   173.4   330.7   718.3   722.3   717.0   594.8   830.2   786.3   743.0   552.9   480.4   689.9   706.0   643.1   565.5   796.0   760.3   647.8   797.9   288.0   956.1   947.9   1.023e3 819.7   775.9   772.5   776.6   728.9   675.3   900.4   783.9   604.1   557.3   572.8   727.8   646.2   570.5   553.7   650.1   660.6   627.3   387.1   499.8   639.9   584.1   463.7   533.7   791.2   768.1   949.5   1.067e3 959.4   1.073e3 1.039e3 800.5   759.9   907.4   682.7   
   250.e3  74.03   105.5   130.0   268.2   356.4   383.3   266.4   228.8   239.9   250.4   467.8   552.4   594.2   542.3   554.5   473.4   140.8   310.9   417.4   445.4   618.4   628.0   570.6   492.0   448.8   484.0   483.9   480.9   418.6   430.9   463.3   635.4   676.3   581.7   180.8   337.4   731.0   737.0   731.4   620.1   851.3   801.9   762.0   569.0   476.8   702.8   717.4   659.3   567.2   821.4   778.1   662.1   812.7   302.3   975.1   974.7   1.042e3 834.5   798.2   790.0   794.9   741.0   691.8   921.0   795.3   614.0   572.1   595.9   744.2   668.3   588.8   577.8   665.6   678.9   639.7   404.6   517.3   655.7   598.1   482.0   554.2   799.9   794.0   964.4   1.098e3 991.7   1.091e3 1.054e3 831.9   789.6   923.8   697.1   
   275.e3  74.56   107.3   135.4   272.0   361.8   392.7   273.4   234.6   245.2   252.0   481.2   562.2   603.9   552.4   580.9   494.0   144.0   321.5   433.8   466.4   635.3   643.9   583.8   502.8   473.0   512.5   507.2   494.8   436.2   441.7   476.6   651.7   698.5   599.7   190.2   348.0   751.6   759.7   753.0   652.0   880.4   825.7   788.4   591.0   488.9   723.9   736.2   681.8   579.2   853.0   803.9   683.5   836.4   321.2   1.005e3 1.011e3 1.072e3 858.6   829.0   815.5   822.0   760.3   715.6   951.2   813.2   632.3   592.8   625.7   768.1   696.7   614.8   607.9   689.2   704.0   658.4   426.8   539.6   678.5   616.6   505.2   580.5   816.8   828.5   990.0   1.139e3 1.035e3 1.120e3 1.079e3 870.7   826.5   949.7   719.0   
   300.e3  76.19   110.1   141.6   279.2   372.7   406.3   283.8   243.0   252.2   256.7   499.5   578.4   619.3   568.6   613.0   520.1   153.1   338.0   454.8   492.8   659.1   667.3   604.1   520.4   502.1   544.9   535.3   514.0   457.8   457.9   495.0   674.5   728.2   624.1   201.8   362.8   780.5   791.2   782.4   690.9   918.3   858.6   822.9   619.3   517.1   753.7   763.1   711.3   601.2   891.3   838.4   712.6   869.5   345.1   1.046e3 1.058e3 1.114e3 892.8   868.9   849.8   858.5   787.6   747.3   991.0   838.8   658.9   619.9   662.6   800.3   732.3   648.6   644.5   721.1   736.7   684.3   454.1   567.6   709.1   640.7   533.9   613.2   842.8   872.5   1.027e3 1.191e3 1.089e3 1.162e3 1.117e3 918.5   871.8   986.1   749.1   
   325.e3  78.75   113.6   148.5   289.4   388.3   423.7   297.1   254.0   260.9   263.9   522.4   600.2   639.8   590.3   650.4   551.2   167.0   359.7   480.3   524.1   689.1   697.5   630.7   544.2   535.7   581.1   567.9   538.0   483.4   479.0   518.3   704.3   764.5   654.3   215.4   381.5   817.0   830.6   819.0   736.6   964.2   899.5   864.9   653.7   556.4   791.5   797.4   747.3   631.9   935.8   880.9   749.0   911.1   373.6   1.098e3 1.115e3 1.167e3 936.0   917.1   892.1   903.5   822.2   786.4   1.039e3 871.7   693.0   653.0   706.2   840.0   774.9   689.4   687.2   760.3   776.4   716.9   486.2   601.0   746.9   670.1   567.9   651.8   876.9   925.2   1.074e3 1.254e3 1.154e3 1.216e3 1.166e3 974.7   925.2   1.032e3 786.6   
   350.e3  82.06   117.8   156.4   302.2   407.6   443.9   312.7   267.0   270.9   273.2   548.9   626.5   664.6   616.4   692.1   586.9   184.8   385.7   509.6   559.7   724.3   733.4   662.4   573.5   573.2   620.8   604.4   566.2   512.4   504.3   545.5   740.5   806.4   689.3   230.7   403.5   859.8   876.6   861.5   787.9   1.017e3 947.1   913.2   693.3   602.2   836.0   838.0   788.6   669.8   985.4   930.1   791.5   959.8   406.4   1.159e3 1.180e3 1.229e3 986.9   972.1   941.2   955.7   863.2   831.7   1.094e3 911.2   733.3   691.0   755.5   886.0   823.4   736.2   735.1   805.6   821.8   755.4   522.6   639.1   790.9   704.3   606.4   695.7   917.7   985.4   1.130e3 1.326e3 1.228e3 1.279e3 1.224e3 1.038e3 985.6   1.087e3 830.3   
   375.e3  85.94   122.5   165.4   316.9   429.5   466.3   330.1   281.6   281.8   284.0   578.3   656.3   692.5   645.9   737.3   626.1   205.8   415.3   541.9   598.8   763.5   773.9   698.1   607.1   613.8   663.2   643.9   597.5   544.2   533.0   575.7   782.0   852.7   728.1   247.4   428.1   907.4   927.8   908.5   843.9   1.074e3 999.9   966.4   736.9   652.1   885.7   883.5   834.1   713.4   1.039e3 984.6   838.8   1.014e3 442.8   1.227e3 1.252e3 1.298e3 1.044e3 1.033e3 995.5   1.014e3 908.9   881.8   1.154e3 956.4   778.6   732.9   809.4   936.7   876.7   787.7   787.2   855.6   871.8   798.5   562.5   681.0   839.7   742.2   648.6   743.8   963.6   1.052e3 1.192e3 1.405e3 1.309e3 1.348e3 1.289e3 1.108e3 1.052e3 1.147e3 878.9   
   400.e3  90.24   127.6   175.7   333.0   453.4   490.2   348.7   297.5   293.3   295.9   609.7   688.5   722.6   677.7   785.0   668.1   229.4   447.8   576.5   640.5   805.5   817.7   736.8   644.4   656.7   707.5   685.6   631.1   578.1   564.2   608.2   827.5   902.3   769.6   265.2   454.7   958.6   982.9   958.9   903.3   1.135e3 1.057e3 1.023e3 783.6   704.5   939.5   932.7   882.7   761.5   1.094e3 1.043e3 889.9   1.072e3 482.3   1.301e3 1.329e3 1.372e3 1.105e3 1.097e3 1.054e3 1.076e3 958.3   935.6   1.217e3 1.007e3 827.7   777.8   866.9   991.1   933.6   842.9   842.4   909.1   925.2   845.1   605.3   725.8   892.4   783.0   693.6   795.1   1.013e3 1.122e3 1.259e3 1.490e3 1.396e3 1.424e3 1.359e3 1.183e3 1.122e3 1.213e3 931.1   
   450.e3  99.62   138.3   199.2   368.0   504.0   539.7   388.0   331.5   317.1   321.6   675.9   756.8   786.4   745.5   884.7   757.7   282.6   519.2   650.3   729.2   894.5   911.5   819.8   726.5   746.6   799.4   772.7   702.8   649.7   631.8   677.2   925.2   1.007e3 857.4   302.8   511.9   1.067e3 1.100e3 1.065e3 1.029e3 1.263e3 1.176e3 1.143e3 883.1   813.5   1.055e3 1.038e3 985.3   866.4   1.208e3 1.167e3 999.3   1.195e3 568.3   1.457e3 1.491e3 1.530e3 1.236e3 1.233e3 1.178e3 1.209e3 1.064e3 1.050e3 1.347e3 1.118e3 933.3   873.0   988.4   1.106e3 1.054e3 960.3   958.6   1.022e3 1.038e3 945.5   696.8   820.9   1.005e3 870.1   788.9   903.8   1.119e3 1.273e3 1.402e3 1.669e3 1.580e3 1.583e3 1.508e3 1.340e3 1.271e3 1.353e3 1.042e3 
   500.e3  109.4   149.3   225.3   404.4   554.9   588.8   427.8   366.9   340.6   348.3   743.2   826.4   851.1   815.2   985.8   850.9   340.5   595.8   726.7   821.0   985.3   1.009e3 905.6   815.0   838.1   891.7   861.0   776.8   723.1   702.8   748.1   1.026e3 1.114e3 947.2   342.0   571.7   1.179e3 1.222e3 1.174e3 1.157e3 1.393e3 1.299e3 1.266e3 985.8   924.3   1.174e3 1.146e3 1.090e3 977.3   1.321e3 1.295e3 1.113e3 1.322e3 660.6   1.619e3 1.658e3 1.693e3 1.372e3 1.372e3 1.305e3 1.346e3 1.173e3 1.168e3 1.476e3 1.239e3 1.044e3 970.8   1.114e3 1.223e3 1.178e3 1.082e3 1.078e3 1.138e3 1.153e3 1.050e3 792.5   919.0   1.122e3 960.6   887.3   1.016e3 1.227e3 1.428e3 1.549e3 1.851e3 1.769e3 1.747e3 1.661e3 1.503e3 1.425e3 1.498e3 1.157e3 
   550.e3  119.2   160.1   252.3   440.7   603.6   635.1   466.2   402.1   363.1   374.7   808.7   894.0   913.8   883.7   1.085e3 944.4   400.6   674.4   803.0   912.4   1.074e3 1.105e3 990.7   906.2   927.9   981.3   947.1   850.3   795.4   774.3   817.8   1.124e3 1.219e3 1.036e3 381.2   631.9   1.288e3 1.342e3 1.281e3 1.285e3 1.520e3 1.419e3 1.387e3 1.088e3 1.034e3 1.293e3 1.254e3 1.193e3 1.089e3 1.428e3 1.421e3 1.227e3 1.446e3 755.8   1.780e3 1.823e3 1.853e3 1.508e3 1.509e3 1.432e3 1.483e3 1.281e3 1.285e3 1.600e3 1.364e3 1.154e3 1.067e3 1.238e3 1.338e3 1.300e3 1.203e3 1.195e3 1.252e3 1.266e3 1.155e3 889.1   1.017e3 1.238e3 1.051e3 985.0   1.127e3 1.334e3 1.583e3 1.694e3 2.030e3 1.956e3 1.908e3 1.812e3 1.665e3 1.577e3 1.642e3 1.271e3 
   600.e3  128.5   170.6   279.0   475.6   648.3   677.4   502.1   436.3   384.3   400.2   870.9   957.7   973.0   949.4   1.179e3 1.036e3 460.7   752.9   877.2   1.001e3 1.159e3 1.197e3 1.073e3 997.5   1.014e3 1.066e3 1.029e3 921.5   865.0   844.4   884.6   1.216e3 1.320e3 1.120e3 419.8   690.9   1.393e3 1.458e3 1.383e3 1.407e3 1.639e3 1.533e3 1.502e3 1.187e3 1.139e3 1.408e3 1.358e3 1.291e3 1.197e3 1.527e3 1.542e3 1.339e3 1.565e3 851.6   1.935e3 1.982e3 2.007e3 1.639e3 1.640e3 1.554e3 1.616e3 1.385e3 1.399e3 1.715e3 1.488e3 1.262e3 1.161e3 1.358e3 1.447e3 1.418e3 1.320e3 1.308e3 1.361e3 1.375e3 1.258e3 984.0   1.111e3 1.350e3 1.140e3 1.080e3 1.235e3 1.436e3 1.732e3 1.833e3 2.201e3 2.136e3 2.062e3 1.956e3 1.823e3 1.725e3 1.782e3 1.382e3 
   650.e3  137.3   180.5   304.7   508.7   688.6   715.0   534.9   469.0   404.0   424.3   929.0   1.017e3 1.028e3 1.011e3 1.267e3 1.124e3 519.2   829.7   948.3   1.086e3 1.238e3 1.285e3 1.150e3 1.087e3 1.095e3 1.145e3 1.106e3 989.4   930.7   911.8   947.4   1.302e3 1.414e3 1.199e3 457.2   747.9   1.492e3 1.568e3 1.479e3 1.523e3 1.751e3 1.641e3 1.611e3 1.281e3 1.240e3 1.517e3 1.457e3 1.384e3 1.300e3 1.618e3 1.658e3 1.446e3 1.676e3 946.2   2.082e3 2.133e3 2.152e3 1.764e3 1.765e3 1.670e3 1.742e3 1.483e3 1.506e3 1.820e3 1.610e3 1.365e3 1.249e3 1.471e3 1.549e3 1.529e3 1.431e3 1.415e3 1.463e3 1.476e3 1.357e3 1.076e3 1.201e3 1.458e3 1.225e3 1.169e3 1.337e3 1.532e3 1.874e3 1.964e3 2.361e3 2.306e3 2.206e3 2.092e3 1.973e3 1.865e3 1.914e3 1.487e3 
   700.e3  145.3   189.9   329.0   539.4   724.2   748.0   564.5   499.7   422.3   446.9   982.4   1.070e3 1.078e3 1.069e3 1.348e3 1.207e3 575.1   903.6   1.016e3 1.165e3 1.310e3 1.366e3 1.222e3 1.174e3 1.170e3 1.218e3 1.176e3 1.053e3 991.9   975.7   1.006e3 1.381e3 1.502e3 1.273e3 493.2   802.2   1.584e3 1.671e3 1.568e3 1.631e3 1.854e3 1.741e3 1.713e3 1.369e3 1.335e3 1.619e3 1.549e3 1.470e3 1.397e3 1.700e3 1.766e3 1.547e3 1.779e3 1.038e3 2.220e3 2.274e3 2.287e3 1.881e3 1.880e3 1.780e3 1.861e3 1.576e3 1.607e3 1.916e3 1.726e3 1.462e3 1.331e3 1.578e3 1.643e3 1.634e3 1.535e3 1.515e3 1.557e3 1.571e3 1.450e3 1.164e3 1.285e3 1.558e3 1.306e3 1.254e3 1.433e3 1.621e3 2.007e3 2.085e3 2.508e3 2.464e3 2.339e3 2.218e3 2.114e3 1.996e3 2.038e3 1.585e3 
   800.e3  159.2   207.1   372.8   593.5   782.4   801.3   613.6   555.1   455.5   487.5   1.075e3 1.162e3 1.165e3 1.172e3 1.491e3 1.360e3 677.1   1.040e3 1.138e3 1.307e3 1.437e3 1.509e3 1.350e3 1.337e3 1.301e3 1.343e3 1.300e3 1.169e3 1.100e3 1.092e3 1.108e3 1.517e3 1.656e3 1.403e3 560.2   902.3   1.745e3 1.855e3 1.725e3 1.822e3 2.032e3 1.916e3 1.892e3 1.528e3 1.506e3 1.797e3 1.713e3 1.621e3 1.567e3 1.842e3 1.958e3 1.731e3 1.960e3 1.212e3 2.463e3 2.525e3 2.525e3 2.092e3 2.087e3 1.976e3 2.075e3 1.742e3 1.787e3 2.077e3 1.940e3 1.637e3 1.478e3 1.767e3 1.808e3 1.818e3 1.720e3 1.693e3 1.722e3 1.736e3 1.619e3 1.324e3 1.435e3 1.739e3 1.456e3 1.405e3 1.605e3 1.778e3 2.245e3 2.300e3 2.766e3 2.745e3 2.571e3 2.440e3 2.369e3 2.232e3 2.259e3 1.763e3 
   900.e3  170.2   222.2   410.1   638.0   825.9   840.7   650.8   602.4   484.8   522.2   1.151e3 1.234e3 1.236e3 1.260e3 1.607e3 1.493e3 764.2   1.159e3 1.243e3 1.427e3 1.541e3 1.627e3 1.457e3 1.482e3 1.409e3 1.446e3 1.401e3 1.268e3 1.191e3 1.192e3 1.193e3 1.625e3 1.783e3 1.511e3 621.0   990.9   1.879e3 2.011e3 1.856e3 1.981e3 2.177e3 2.060e3 2.041e3 1.663e3 1.652e3 1.943e3 1.852e3 1.747e3 1.708e3 1.956e3 2.121e3 1.890e3 2.109e3 1.370e3 2.665e3 2.736e3 2.723e3 2.273e3 2.260e3 2.144e3 2.256e3 1.883e3 1.940e3 2.203e3 2.126e3 1.787e3 1.602e3 1.925e3 1.942e3 1.973e3 1.874e3 1.842e3 1.856e3 1.873e3 1.765e3 1.465e3 1.562e3 1.891e3 1.587e3 1.532e3 1.750e3 1.909e3 2.445e3 2.478e3 2.977e3 2.978e3 2.762e3 2.625e3 2.587e3 2.432e3 2.446e3 1.914e3 
   1.00e6  178.6   235.3   441.7   674.0   857.6   869.8   678.1   642.6   511.2   552.0   1.213e3 1.291e3 1.294e3 1.334e3 1.702e3 1.608e3 836.6   1.260e3 1.334e3 1.527e3 1.624e3 1.723e3 1.546e3 1.609e3 1.496e3 1.528e3 1.482e3 1.352e3 1.265e3 1.278e3 1.263e3 1.711e3 1.887e3 1.600e3 676.1   1.069e3 1.989e3 2.141e3 1.965e3 2.112e3 2.292e3 2.179e3 2.165e3 1.778e3 1.776e3 2.058e3 1.966e3 1.851e3 1.821e3 2.049e3 2.257e3 2.027e3 2.230e3 1.510e3 2.832e3 2.910e3 2.885e3 2.425e3 2.405e3 2.286e3 2.409e3 2.002e3 2.067e3 2.300e3 2.287e3 1.912e3 1.705e3 2.056e3 2.051e3 2.102e3 2.001e3 1.967e3 1.964e3 1.985e3 1.889e3 1.587e3 1.668e3 2.017e3 1.702e3 1.639e3 1.871e3 2.017e3 2.612e3 2.623e3 3.145e3 3.169e3 2.915e3 2.777e3 2.770e3 2.600e3 2.602e3 2.044e3 
   1.10e6  184.8   246.5   468.3   702.8   880.4   891.6   697.5   676.7   535.4   577.5   1.262e3 1.334e3 1.341e3 1.396e3 1.778e3 1.707e3 895.4   1.343e3 1.412e3 1.609e3 1.691e3 1.800e3 1.619e3 1.719e3 1.565e3 1.593e3 1.546e3 1.424e3 1.327e3 1.350e3 1.320e3 1.779e3 1.971e3 1.673e3 726.4   1.138e3 2.079e3 2.250e3 2.055e3 2.219e3 2.383e3 2.276e3 2.267e3 1.874e3 1.881e3 2.148e3 2.062e3 1.937e3 1.912e3 2.125e3 2.370e3 2.144e3 2.329e3 1.635e3 2.967e3 3.055e3 3.017e3 2.554e3 2.526e3 2.406e3 2.537e3 2.103e3 2.173e3 2.373e3 2.424e3 2.018e3 1.792e3 2.163e3 2.139e3 2.208e3 2.105e3 2.070e3 2.051e3 2.076e3 1.994e3 1.692e3 1.755e3 2.122e3 1.803e3 1.727e3 1.971e3 2.108e3 2.749e3 2.742e3 3.278e3 3.325e3 3.039e3 2.902e3 2.924e3 2.740e3 2.732e3 2.155e3 
   1.20e6  189.3   256.0   490.8   725.8   896.6   908.4   710.9   705.8   558.0   599.7   1.303e3 1.367e3 1.380e3 1.449e3 1.838e3 1.792e3 942.3   1.409e3 1.479e3 1.677e3 1.745e3 1.863e3 1.679e3 1.814e3 1.619e3 1.646e3 1.597e3 1.485e3 1.378e3 1.412e3 1.366e3 1.833e3 2.039e3 1.734e3 772.9   1.201e3 2.154e3 2.341e3 2.131e3 2.306e3 2.454e3 2.355e3 2.352e3 1.955e3 1.970e3 2.215e3 2.141e3 2.008e3 1.983e3 2.190e3 2.465e3 2.244e3 2.409e3 1.747e3 3.078e3 3.175e3 3.125e3 2.663e3 2.628e3 2.507e3 2.644e3 2.189e3 2.261e3 2.428e3 2.542e3 2.106e3 1.866e3 2.251e3 2.210e3 2.296e3 2.189e3 2.157e3 2.120e3 2.150e3 2.083e3 1.782e3 1.827e3 2.209e3 1.890e3 1.801e3 2.055e3 2.185e3 2.862e3 2.840e3 3.382e3 3.452e3 3.139e3 3.005e3 3.054e3 2.858e3 2.842e3 2.250e3 
   1.30e6  192.6   264.2   510.0   744.1   907.9   921.6   720.1   730.8   579.3   619.2   1.336e3 1.392e3 1.412e3 1.494e3 1.887e3 1.866e3 979.1   1.460e3 1.538e3 1.734e3 1.789e3 1.913e3 1.730e3 1.896e3 1.662e3 1.688e3 1.637e3 1.537e3 1.420e3 1.465e3 1.405e3 1.876e3 2.095e3 1.784e3 816.5   1.257e3 2.217e3 2.419e3 2.195e3 2.378e3 2.509e3 2.421e3 2.423e3 2.025e3 2.046e3 2.266e3 2.207e3 2.068e3 2.040e3 2.245e3 2.545e3 2.331e3 2.476e3 1.847e3 3.169e3 3.276e3 3.214e3 2.758e3 2.714e3 2.592e3 2.734e3 2.262e3 2.334e3 2.470e3 2.644e3 2.181e3 1.928e3 2.323e3 2.269e3 2.370e3 2.258e3 2.231e3 2.176e3 2.212e3 2.158e3 1.861e3 1.888e3 2.282e3 1.968e3 1.863e3 2.125e3 2.251e3 2.956e3 2.921e3 3.464e3 3.556e3 3.220e3 3.093e3 3.165e3 2.957e3 2.934e3 2.334e3 
   1.40e6  194.9   271.3   526.7   758.9   915.8   932.5   726.2   752.8   599.7   636.7   1.363e3 1.412e3 1.439e3 1.534e3 1.927e3 1.931e3 1.008e3 1.499e3 1.590e3 1.782e3 1.825e3 1.955e3 1.772e3 1.966e3 1.697e3 1.723e3 1.669e3 1.582e3 1.456e3 1.510e3 1.438e3 1.911e3 2.141e3 1.827e3 858.0   1.309e3 2.270e3 2.486e3 2.251e3 2.438e3 2.553e3 2.477e3 2.484e3 2.086e3 2.111e3 2.303e3 2.263e3 2.119e3 2.085e3 2.295e3 2.614e3 2.407e3 2.532e3 1.938e3 3.245e3 3.361e3 3.288e3 2.840e3 2.788e3 2.665e3 2.812e3 2.327e3 2.396e3 2.503e3 2.734e3 2.246e3 1.983e3 2.384e3 2.318e3 2.433e3 2.315e3 2.294e3 2.222e3 2.263e3 2.222e3 1.930e3 1.938e3 2.344e3 2.037e3 1.917e3 2.185e3 2.309e3 3.035e3 2.989e3 3.529e3 3.642e3 3.287e3 3.167e3 3.260e3 3.043e3 3.014e3 2.410e3 
   1.50e6  196.5   277.7   541.3   771.1   921.5   941.8   730.4   772.5   619.4   652.7   1.387e3 1.428e3 1.463e3 1.569e3 1.961e3 1.989e3 1.030e3 1.527e3 1.637e3 1.822e3 1.856e3 1.991e3 1.810e3 2.027e3 1.725e3 1.753e3 1.695e3 1.622e3 1.487e3 1.550e3 1.466e3 1.940e3 2.179e3 1.864e3 898.1   1.359e3 2.317e3 2.545e3 2.300e3 2.490e3 2.588e3 2.525e3 2.538e3 2.140e3 2.169e3 2.331e3 2.312e3 2.164e3 2.121e3 2.340e3 2.674e3 2.474e3 2.580e3 2.022e3 3.311e3 3.435e3 3.352e3 2.914e3 2.854e3 2.729e3 2.880e3 2.385e3 2.448e3 2.529e3 2.813e3 2.303e3 2.031e3 2.436e3 2.360e3 2.489e3 2.363e3 2.350e3 2.261e3 2.308e3 2.278e3 1.992e3 1.982e3 2.397e3 2.100e3 1.963e3 2.238e3 2.361e3 3.103e3 3.048e3 3.581e3 3.715e3 3.344e3 3.233e3 3.344e3 3.118e3 3.084e3 2.479e3 
   1.60e6  197.7   283.5   554.5   781.5   925.9   950.3   733.5   790.5   638.8   667.7   1.408e3 1.441e3 1.484e3 1.602e3 1.989e3 2.041e3 1.048e3 1.547e3 1.680e3 1.858e3 1.884e3 2.022e3 1.843e3 2.080e3 1.748e3 1.779e3 1.716e3 1.658e3 1.515e3 1.586e3 1.492e3 1.966e3 2.213e3 1.898e3 937.3   1.406e3 2.359e3 2.599e3 2.345e3 2.536e3 2.617e3 2.569e3 2.586e3 2.189e3 2.220e3 2.354e3 2.356e3 2.205e3 2.152e3 2.383e3 2.727e3 2.535e3 2.624e3 2.101e3 3.368e3 3.501e3 3.408e3 2.982e3 2.914e3 2.784e3 2.941e3 2.438e3 2.494e3 2.551e3 2.886e3 2.354e3 2.076e3 2.481e3 2.397e3 2.539e3 2.405e3 2.400e3 2.296e3 2.348e3 2.327e3 2.048e3 2.020e3 2.444e3 2.158e3 2.005e3 2.285e3 2.410e3 3.163e3 3.101e3 3.624e3 3.779e3 3.394e3 3.293e3 3.419e3 3.186e3 3.147e3 2.543e3 
   1.70e6  198.6   289.1   566.7   790.6   929.8   958.5   736.1   807.5   658.1   682.1   1.427e3 1.452e3 1.505e3 1.632e3 2.014e3 2.090e3 1.064e3 1.561e3 1.720e3 1.891e3 1.909e3 2.050e3 1.874e3 2.128e3 1.769e3 1.803e3 1.735e3 1.691e3 1.541e3 1.619e3 1.515e3 1.990e3 2.244e3 1.929e3 976.3   1.452e3 2.399e3 2.648e3 2.388e3 2.577e3 2.643e3 2.609e3 2.630e3 2.235e3 2.268e3 2.372e3 2.397e3 2.243e3 2.179e3 2.424e3 2.776e3 2.592e3 2.664e3 2.176e3 3.421e3 3.561e3 3.459e3 3.046e3 2.970e3 2.834e3 2.997e3 2.489e3 2.535e3 2.572e3 2.954e3 2.401e3 2.117e3 2.521e3 2.431e3 2.586e3 2.442e3 2.447e3 2.327e3 2.385e3 2.372e3 2.100e3 2.055e3 2.488e3 2.213e3 2.044e3 2.328e3 2.457e3 3.217e3 3.150e3 3.660e3 3.837e3 3.440e3 3.350e3 3.489e3 3.248e3 3.206e3 2.606e3 
   1.80e6  199.5   294.7   578.2   799.1   933.7   966.7   738.7   823.9   677.4   696.3   1.445e3 1.464e3 1.524e3 1.661e3 2.038e3 2.136e3 1.078e3 1.573e3 1.759e3 1.921e3 1.933e3 2.077e3 1.904e3 2.172e3 1.788e3 1.825e3 1.752e3 1.723e3 1.565e3 1.650e3 1.538e3 2.013e3 2.272e3 1.958e3 1.016e3 1.498e3 2.437e3 2.696e3 2.429e3 2.617e3 2.668e3 2.648e3 2.673e3 2.279e3 2.313e3 2.390e3 2.435e3 2.279e3 2.204e3 2.466e3 2.822e3 2.645e3 2.704e3 2.249e3 3.471e3 3.618e3 3.508e3 3.108e3 3.024e3 2.880e3 3.050e3 2.538e3 2.573e3 2.592e3 3.018e3 2.446e3 2.158e3 2.559e3 2.464e3 2.630e3 2.477e3 2.493e3 2.358e3 2.420e3 2.414e3 2.149e3 2.087e3 2.529e3 2.265e3 2.081e3 2.369e3 2.503e3 3.267e3 3.197e3 3.693e3 3.890e3 3.484e3 3.405e3 3.555e3 3.308e3 3.263e3 2.667e3 
   2.00e6  201.4   306.4   600.4   815.5   943.0   984.8   745.3   856.5   716.9   725.2   1.482e3 1.487e3 1.564e3 1.718e3 2.083e3 2.224e3 1.108e3 1.593e3 1.836e3 1.980e3 1.982e3 2.131e3 1.964e3 2.252e3 1.827e3 1.871e3 1.786e3 1.783e3 1.614e3 1.710e3 1.584e3 2.059e3 2.328e3 2.018e3 1.096e3 1.592e3 2.514e3 2.791e3 2.511e3 2.694e3 2.719e3 2.726e3 2.758e3 2.365e3 2.400e3 2.427e3 2.511e3 2.353e3 2.252e3 2.553e3 2.912e3 2.747e3 2.783e3 2.392e3 3.570e3 3.730e3 3.604e3 3.231e3 3.131e3 2.965e3 3.153e3 2.636e3 2.644e3 2.635e3 3.144e3 2.535e3 2.238e3 2.633e3 2.531e3 2.719e3 2.544e3 2.582e3 2.419e3 2.491e3 2.496e3 2.243e3 2.150e3 2.609e3 2.369e3 2.155e3 2.451e3 2.596e3 3.363e3 3.290e3 3.756e3 3.995e3 3.573e3 3.517e3 3.685e3 3.426e3 3.376e3 2.792e3 
   2.25e6  204.9   323.1   628.8   837.9   960.2   1.013e3 758.5   899.9   769.5   764.5   1.533e3 1.522e3 1.619e3 1.793e3 2.143e3 2.335e3 1.157e3 1.629e3 1.936e3 2.056e3 2.050e3 2.204e3 2.045e3 2.348e3 1.882e3 1.934e3 1.834e3 1.861e3 1.679e3 1.787e3 1.646e3 2.124e3 2.402e3 2.097e3 1.204e3 1.718e3 2.619e3 2.916e3 2.623e3 2.798e3 2.796e3 2.833e3 2.871e3 2.480e3 2.512e3 2.486e3 2.613e3 2.452e3 2.318e3 2.674e3 3.027e3 2.877e3 2.892e3 2.578e3 3.702e3 3.878e3 3.733e3 3.394e3 3.273e3 3.071e3 3.288e3 2.767e3 2.736e3 2.704e3 3.304e3 2.653e3 2.346e3 2.731e3 2.624e3 2.839e3 2.632e3 2.701e3 2.505e3 2.588e3 2.601e3 2.362e3 2.233e3 2.716e3 2.502e3 2.252e3 2.559e3 2.725e3 3.489e3 3.418e3 3.842e3 4.134e3 3.696e3 3.670e3 3.855e3 3.581e3 3.528e3 2.960e3 
   2.50e6  210.3   343.0   659.8   865.0   985.7   1.048e3 779.3   948.8   827.5   809.3   1.592e3 1.567e3 1.683e3 1.876e3 2.214e3 2.453e3 1.226e3 1.686e3 2.045e3 2.143e3 2.132e3 2.292e3 2.138e3 2.450e3 1.950e3 2.010e3 1.896e3 1.947e3 1.755e3 1.871e3 1.720e3 2.203e3 2.489e3 2.189e3 1.324e3 1.859e3 2.741e3 3.057e3 2.752e3 2.919e3 2.897e3 2.958e3 3.002e3 2.608e3 2.636e3 2.568e3 2.729e3 2.566e3 2.400e3 2.815e3 3.156e3 3.019e3 3.021e3 2.779e3 3.855e3 4.046e3 3.883e3 3.578e3 3.434e3 3.186e3 3.440e3 2.916e3 2.840e3 2.795e3 3.479e3 2.786e3 2.468e3 2.843e3 2.734e3 2.976e3 2.735e3 2.836e3 2.608e3 2.702e3 2.720e3 2.490e3 2.329e3 2.837e3 2.648e3 2.363e3 2.683e3 2.873e3 3.631e3 3.567e3 3.951e3 4.295e3 3.843e3 3.850e3 4.046e3 3.756e3 3.700e3 3.152e3 
   2.75e6  217.9   366.5   694.7   897.8   1.020e3 1.092e3 808.2   1.005e3 892.0   861.3   1.662e3 1.625e3 1.759e3 1.971e3 2.298e3 2.584e3 1.316e3 1.768e3 2.169e3 2.244e3 2.229e3 2.397e3 2.248e3 2.564e3 2.035e3 2.101e3 1.975e3 2.045e3 1.843e3 1.967e3 1.807e3 2.300e3 2.593e3 2.297e3 1.459e3 2.018e3 2.885e3 3.220e3 2.902e3 3.062e3 3.028e3 3.106e3 3.153e3 2.754e3 2.777e3 2.676e3 2.866e3 2.700e3 2.502e3 2.979e3 3.304e3 3.177e3 3.174e3 3.003e3 4.034e3 4.240e3 4.060e3 3.788e3 3.618e3 3.319e3 3.615e3 3.087e3 2.963e3 2.912e3 3.676e3 2.939e3 2.608e3 2.975e3 2.865e3 3.136e3 2.857e3 2.991e3 2.733e3 2.837e3 2.858e3 2.633e3 2.443e3 2.979e3 2.812e3 2.492e3 2.826e3 3.045e3 3.796e3 3.744e3 4.087e3 4.485e3 4.020e3 4.061e3 4.265e3 3.958e3 3.901e3 3.371e3 
   3.00e6  227.8   393.7   733.8   937.0   1.064e3 1.145e3 845.6   1.069e3 963.8   921.0   1.744e3 1.695e3 1.848e3 2.078e3 2.397e3 2.729e3 1.430e3 1.877e3 2.308e3 2.361e3 2.343e3 2.521e3 2.376e3 2.693e3 2.137e3 2.209e3 2.072e3 2.157e3 1.946e3 2.075e3 1.908e3 2.415e3 2.714e3 2.421e3 1.609e3 2.197e3 3.051e3 3.405e3 3.074e3 3.229e3 3.188e3 3.277e3 3.328e3 2.921e3 2.937e3 2.809e3 3.023e3 2.854e3 2.627e3 3.167e3 3.472e3 3.356e3 3.352e3 3.253e3 4.243e3 4.465e3 4.266e3 4.027e3 3.828e3 3.473e3 3.817e3 3.283e3 3.107e3 3.055e3 3.896e3 3.116e3 2.769e3 3.129e3 3.019e3 3.321e3 3.000e3 3.170e3 2.881e3 2.994e3 3.018e3 2.792e3 2.575e3 3.143e3 2.996e3 2.642e3 2.992e3 3.243e3 3.987e3 3.949e3 4.255e3 4.707e3 4.229e3 4.306e3 4.515e3 4.189e3 4.132e3 3.621e3 
   3.25e6  240.1   424.3   777.4   982.4   1.116e3 1.206e3 891.2   1.141e3 1.043e3 988.9   1.837e3 1.778e3 1.949e3 2.198e3 2.511e3 2.890e3 1.565e3 2.009e3 2.463e3 2.493e3 2.475e3 2.664e3 2.521e3 2.839e3 2.256e3 2.333e3 2.186e3 2.284e3 2.063e3 2.196e3 2.025e3 2.548e3 2.854e3 2.563e3 1.777e3 2.396e3 3.241e3 3.615e3 3.269e3 3.420e3 3.377e3 3.472e3 3.526e3 3.109e3 3.117e3 2.967e3 3.202e3 3.030e3 2.775e3 3.379e3 3.663e3 3.557e3 3.557e3 3.530e3 4.481e3 4.718e3 4.502e3 4.294e3 4.063e3 3.651e3 4.044e3 3.504e3 3.275e3 3.223e3 4.141e3 3.317e3 2.950e3 3.305e3 3.195e3 3.531e3 3.165e3 3.371e3 3.052e3 3.175e3 3.200e3 2.968e3 2.727e3 3.330e3 3.201e3 2.812e3 3.181e3 3.467e3 4.205e3 4.184e3 4.454e3 4.960e3 4.469e3 4.586e3 4.797e3 4.451e3 4.395e3 3.904e3 
   3.50e6  254.7   458.2   825.1   1.034e3 1.176e3 1.275e3 944.6   1.222e3 1.130e3 1.065e3 1.942e3 1.872e3 2.060e3 2.330e3 2.639e3 3.064e3 1.721e3 2.163e3 2.633e3 2.640e3 2.623e3 2.825e3 2.683e3 3.001e3 2.392e3 2.472e3 2.319e3 2.424e3 2.194e3 2.330e3 2.155e3 2.697e3 3.011e3 2.720e3 1.961e3 2.615e3 3.453e3 3.846e3 3.486e3 3.635e3 3.595e3 3.691e3 3.746e3 3.317e3 3.316e3 3.149e3 3.402e3 3.226e3 2.946e3 3.615e3 3.873e3 3.778e3 3.786e3 3.835e3 4.745e3 5.000e3 4.765e3 4.590e3 4.323e3 3.853e3 4.296e3 3.749e3 3.465e3 3.416e3 4.409e3 3.542e3 3.151e3 3.503e3 3.392e3 3.766e3 3.350e3 3.595e3 3.246e3 3.377e3 3.405e3 3.163e3 2.899e3 3.539e3 3.428e3 3.002e3 3.392e3 3.716e3 4.447e3 4.447e3 4.683e3 5.244e3 4.740e3 4.899e3 5.110e3 4.741e3 4.687e3 4.218e3 
   3.75e6  271.6   495.2   876.6   1.090e3 1.243e3 1.351e3 1.005e3 1.309e3 1.223e3 1.148e3 2.056e3 1.977e3 2.183e3 2.472e3 2.778e3 3.251e3 1.897e3 2.337e3 2.818e3 2.802e3 2.785e3 3.003e3 2.861e3 3.178e3 2.542e3 2.626e3 2.467e3 2.577e3 2.338e3 2.475e3 2.299e3 2.863e3 3.184e3 2.893e3 2.163e3 2.855e3 3.685e3 4.099e3 3.723e3 3.871e3 3.838e3 3.931e3 3.986e3 3.544e3 3.533e3 3.351e3 3.621e3 3.441e3 3.138e3 3.872e3 4.104e3 4.019e3 4.038e3 4.166e3 5.035e3 5.309e3 5.053e3 4.913e3 4.606e3 4.077e3 4.573e3 4.017e3 3.677e3 3.631e3 4.700e3 3.788e3 3.370e3 3.722e3 3.610e3 4.023e3 3.555e3 3.841e3 3.461e3 3.601e3 3.630e3 3.374e3 3.090e3 3.769e3 3.674e3 3.212e3 3.624e3 3.990e3 4.712e3 4.736e3 4.939e3 5.556e3 5.039e3 5.244e3 5.452e3 5.060e3 5.007e3 4.563e3 
   4.00e6  290.5   534.9   931.5   1.151e3 1.316e3 1.434e3 1.073e3 1.404e3 1.324e3 1.239e3 2.179e3 2.091e3 2.314e3 2.624e3 2.928e3 3.449e3 2.091e3 2.529e3 3.015e3 2.976e3 2.961e3 3.196e3 3.054e3 3.369e3 2.706e3 2.792e3 2.629e3 2.743e3 2.495e3 2.631e3 2.456e3 3.042e3 3.371e3 3.079e3 2.380e3 3.113e3 3.937e3 4.371e3 3.980e3 4.128e3 4.104e3 4.191e3 4.246e3 3.788e3 3.766e3 3.573e3 3.858e3 3.673e3 3.350e3 4.149e3 4.351e3 4.279e3 4.310e3 4.522e3 5.348e3 5.640e3 5.365e3 5.258e3 4.909e3 4.322e3 4.870e3 4.307e3 3.909e3 3.867e3 5.011e3 4.055e3 3.606e3 3.958e3 3.847e3 4.301e3 3.777e3 4.106e3 3.695e3 3.843e3 3.874e3 3.600e3 3.298e3 4.018e3 3.939e3 3.440e3 3.875e3 4.285e3 4.999e3 5.049e3 5.221e3 5.893e3 5.364e3 5.618e3 5.821e3 5.403e3 5.353e3 4.938e3 
   4.50e6  334.4   621.3   1.049e3 1.285e3 1.479e3 1.615e3 1.228e3 1.613e3 1.543e3 1.441e3 2.448e3 2.343e3 2.599e3 2.952e3 3.254e3 3.872e3 2.528e3 2.960e3 3.444e3 3.357e3 3.348e3 3.621e3 3.478e3 3.787e3 3.070e3 3.159e3 2.992e3 3.106e3 2.838e3 2.970e3 2.801e3 3.438e3 3.779e3 3.487e3 2.861e3 3.680e3 4.490e3 4.962e3 4.542e3 4.696e3 4.697e3 4.762e3 4.811e3 4.323e3 4.274e3 4.067e3 4.379e3 4.182e3 3.829e3 4.754e3 4.891e3 4.847e3 4.908e3 5.299e3 6.029e3 6.362e3 6.045e3 6.010e3 5.567e3 4.871e3 5.519e3 4.944e3 4.426e3 4.394e3 5.683e3 4.645e3 4.123e3 4.480e3 4.367e3 4.911e3 4.268e3 4.687e3 4.215e3 4.378e3 4.414e3 4.095e3 3.759e3 4.567e3 4.519e3 3.944e3 4.431e3 4.935e3 5.627e3 5.737e3 5.848e3 6.629e3 6.080e3 6.445e3 6.628e3 6.155e3 6.112e3 5.766e3 
   5.00e6  385.6   715.1   1.175e3 1.431e3 1.657e3 1.813e3 1.404e3 1.843e3 1.781e3 1.667e3 2.739e3 2.620e3 2.905e3 3.301e3 3.603e3 4.320e3 3.020e3 3.440e3 3.908e3 3.771e3 3.772e3 4.089e3 3.943e3 4.242e3 3.470e3 3.562e3 3.396e3 3.503e3 3.216e3 3.340e3 3.184e3 3.872e3 4.225e3 3.931e3 3.395e3 4.304e3 5.096e3 5.602e3 5.156e3 5.321e3 5.355e3 5.387e3 5.426e3 4.905e3 4.826e3 4.615e3 4.949e3 4.741e3 4.369e3 5.415e3 5.477e3 5.466e3 5.561e3 6.148e3 6.768e3 7.144e3 6.785e3 6.822e3 6.278e3 5.483e3 6.225e3 5.643e3 5.003e3 4.981e3 6.406e3 5.296e3 4.688e3 5.055e3 4.939e3 5.579e3 4.811e3 5.323e3 4.794e3 4.967e3 5.011e3 4.637e3 4.273e3 5.171e3 5.152e3 4.504e3 5.045e3 5.651e3 6.311e3 6.492e3 6.544e3 7.431e3 6.869e3 7.358e3 7.508e3 6.978e3 6.945e3 6.684e3 
   5.50e6  443.1   813.8   1.305e3 1.584e3 1.847e3 2.022e3 1.599e3 2.088e3 2.035e3 1.911e3 3.045e3 2.913e3 3.225e3 3.662e3 3.967e3 4.779e3 3.552e3 3.957e3 4.396e3 4.209e3 4.221e3 4.588e3 4.437e3 4.723e3 3.898e3 3.991e3 3.831e3 3.925e3 3.621e3 3.731e3 3.594e3 4.335e3 4.695e3 4.400e3 3.970e3 4.970e3 5.742e3 6.275e3 5.808e3 5.991e3 6.060e3 6.052e3 6.075e3 5.522e3 5.410e3 5.203e3 5.557e3 5.336e3 4.959e3 6.114e3 6.096e3 6.125e3 6.252e3 7.049e3 7.546e3 7.966e3 7.566e3 7.672e3 7.025e3 6.143e3 6.971e3 6.388e3 5.626e3 5.614e3 7.161e3 5.994e3 5.288e3 5.670e3 5.550e3 6.290e3 5.392e3 6.000e3 5.418e3 5.599e3 5.652e3 5.215e3 4.827e3 5.818e3 5.827e3 5.109e3 5.705e3 6.415e3 7.037e3 7.296e3 7.290e3 8.277e3 7.711e3 8.337e3 8.440e3 7.851e3 7.830e3 7.674e3 
   6.00e6  506.0   915.4   1.437e3 1.741e3 2.042e3 2.237e3 1.808e3 2.344e3 2.298e3 2.170e3 3.361e3 3.218e3 3.552e3 4.028e3 4.336e3 5.241e3 4.112e3 4.499e3 4.898e3 4.660e3 4.687e3 5.107e3 4.949e3 5.219e3 4.345e3 4.439e3 4.288e3 4.365e3 4.043e3 4.137e3 4.025e3 4.817e3 5.181e3 4.887e3 4.577e3 5.666e3 6.415e3 6.967e3 6.486e3 6.693e3 6.797e3 6.743e3 6.745e3 6.162e3 6.015e3 5.821e3 6.190e3 5.955e3 5.586e3 6.840e3 6.736e3 6.809e3 6.963e3 7.981e3 8.346e3 8.811e3 8.371e3 8.540e3 7.794e3 6.839e3 7.741e3 7.167e3 6.284e3 6.283e3 7.936e3 6.725e3 5.912e3 6.313e3 6.188e3 7.028e3 6.003e3 6.706e3 6.076e3 6.261e3 6.324e3 5.821e3 5.413e3 6.495e3 6.530e3 5.749e3 6.399e3 7.215e3 7.790e3 8.133e3 8.070e3 9.150e3 8.590e3 9.364e3 9.405e3 8.757e3 8.751e3 8.716e3 
   6.50e6  573.2   1.018e3 1.568e3 1.900e3 2.240e3 2.456e3 2.029e3 2.607e3 2.568e3 2.441e3 3.680e3 3.528e3 3.880e3 4.393e3 4.706e3 5.698e3 4.689e3 5.055e3 5.405e3 5.119e3 5.163e3 5.640e3 5.473e3 5.723e3 4.803e3 4.897e3 4.758e3 4.815e3 4.478e3 4.553e3 4.471e3 5.311e3 5.674e3 5.382e3 5.205e3 6.381e3 7.103e3 7.666e3 7.178e3 7.415e3 7.555e3 7.450e3 7.426e3 6.814e3 6.631e3 6.457e3 6.839e3 6.590e3 6.240e3 7.580e3 7.388e3 7.510e3 7.682e3 8.929e3 9.157e3 9.667e3 9.188e3 9.411e3 8.574e3 7.559e3 8.524e3 7.968e3 6.965e3 6.976e3 8.716e3 7.479e3 6.551e3 6.975e3 6.843e3 7.781e3 6.633e3 7.428e3 6.758e3 6.944e3 7.019e3 6.446e3 6.021e3 7.192e3 7.252e3 6.414e3 7.117e3 8.038e3 8.559e3 8.990e3 8.872e3 10.04e3 9.493e3 10.42e3 10.39e3 9.684e3 9.693e3 9.793e3 
   7.00e6  643.8   1.121e3 1.697e3 2.059e3 2.438e3 2.675e3 2.258e3 2.873e3 2.841e3 2.718e3 4.000e3 3.841e3 4.206e3 4.752e3 5.071e3 6.145e3 5.273e3 5.619e3 5.911e3 5.580e3 5.643e3 6.178e3 6.000e3 6.228e3 5.267e3 5.361e3 5.237e3 5.272e3 4.920e3 4.975e3 4.926e3 5.810e3 6.169e3 5.881e3 5.846e3 7.103e3 7.798e3 8.365e3 7.876e3 8.148e3 8.320e3 8.164e3 8.109e3 7.471e3 7.252e3 7.105e3 7.496e3 7.233e3 6.911e3 8.325e3 8.045e3 8.218e3 8.399e3 9.877e3 9.967e3 10.52e3 10.01e3 10.27e3 9.356e3 8.292e3 9.309e3 8.781e3 7.662e3 7.686e3 9.494e3 8.246e3 7.198e3 7.649e3 7.508e3 8.540e3 7.275e3 8.159e3 7.456e3 7.639e3 7.728e3 7.085e3 6.645e3 7.902e3 7.984e3 7.097e3 7.850e3 8.874e3 9.336e3 9.857e3 9.684e3 10.93e3 10.41e3 11.50e3 11.38e3 10.62e3 10.64e3 10.89e3 
   8.00e6  791.6   1.321e3 1.943e3 2.369e3 2.826e3 3.105e3 2.731e3 3.404e3 3.383e3 3.285e3 4.628e3 4.461e3 4.836e3 5.442e3 5.775e3 6.995e3 6.430e3 6.739e3 6.902e3 6.488e3 6.596e3 7.250e3 7.043e3 7.225e3 6.196e3 6.289e3 6.198e3 6.186e3 5.810e3 5.824e3 5.849e3 6.810e3 7.147e3 6.870e3 7.138e3 8.541e3 9.180e3 9.730e3 9.260e3 9.620e3 9.844e3 9.586e3 9.455e3 8.776e3 8.483e3 8.409e3 8.812e3 8.518e3 8.278e3 9.803e3 9.348e3 9.631e3 9.789e3 11.74e3 11.56e3 12.20e3 11.62e3 11.93e3 10.90e3 9.768e3 10.86e3 10.41e3 9.074e3 9.129e3 11.02e3 9.783e3 8.494e3 9.008e3 8.845e3 10.04e3 8.578e3 9.619e3 8.871e3 9.042e3 9.163e3 8.382e3 7.919e3 9.332e3 9.453e3 8.494e3 9.336e3 10.55e3 10.88e3 11.58e3 11.31e3 12.68e3 12.24e3 13.66e3 13.34e3 12.48e3 12.54e3 13.10e3 
   9.00e6  942.5   1.511e3 2.171e3 2.665e3 3.194e3 3.515e3 3.209e3 3.918e3 3.910e3 3.850e3 5.228e3 5.062e3 5.430e3 6.081e3 6.433e3 7.775e3 7.539e3 7.821e3 7.844e3 7.362e3 7.520e3 8.293e3 8.047e3 8.183e3 7.104e3 7.198e3 7.141e3 7.081e3 6.687e3 6.664e3 6.767e3 7.789e3 8.090e3 7.828e3 8.408e3 9.929e3 10.52e3 11.02e3 10.60e3 11.06e3 11.32e3 10.97e3 10.75e3 10.04e3 9.677e3 9.696e3 10.10e3 9.775e3 9.635e3 11.23e3 10.61e3 11.01e3 11.09e3 13.50e3 13.08e3 13.80e3 13.17e3 13.45e3 12.39e3 11.22e3 12.35e3 12.01e3 10.48e3 10.57e3 12.46e3 11.28e3 9.768e3 10.35e3 10.16e3 11.48e3 9.877e3 11.05e3 10.28e3 10.43e3 10.59e3 9.680e3 9.198e3 10.75e3 10.89e3 9.900e3 10.81e3 12.20e3 12.40e3 13.26e3 12.89e3 14.38e3 14.04e3 15.78e3 15.23e3 14.28e3 14.37e3 15.25e3 
   10.0e6  1.091e3 1.688e3 2.379e3 2.942e3 3.535e3 3.900e3 3.678e3 4.405e3 4.410e3 4.401e3 5.794e3 5.634e3 5.979e3 6.666e3 7.042e3 8.481e3 8.573e3 8.842e3 8.722e3 8.188e3 8.401e3 9.286e3 8.993e3 9.088e3 7.975e3 8.072e3 8.048e3 7.945e3 7.539e3 7.484e3 7.664e3 8.731e3 8.986e3 8.742e3 9.628e3 11.24e3 11.79e3 12.23e3 11.87e3 12.45e3 12.72e3 12.29e3 11.97e3 11.24e3 10.82e3 10.94e3 11.34e3 10.98e3 10.95e3 12.59e3 11.82e3 12.33e3 12.28e3 15.13e3 14.52e3 15.31e3 14.64e3 14.84e3 13.81e3 12.62e3 13.77e3 13.56e3 11.85e3 11.98e3 13.82e3 12.72e3 11.00e3 11.67e3 11.44e3 12.84e3 11.15e3 12.42e3 11.65e3 11.78e3 11.99e3 10.96e3 10.46e3 12.12e3 12.29e3 11.29e3 12.25e3 13.78e3 13.85e3 14.87e3 14.41e3 15.98e3 15.77e3 17.82e3 17.02e3 16.01e3 16.12e3 17.29e3 
   11.0e6  1.235e3 1.850e3 2.566e3 3.198e3 3.847e3 4.256e3 4.128e3 4.858e3 4.879e3 4.928e3 6.320e3 6.173e3 6.482e3 7.196e3 7.599e3 9.115e3 9.520e3 9.789e3 9.532e3 8.962e3 9.230e3 10.22e3 9.871e3 9.935e3 8.801e3 8.904e3 8.908e3 8.768e3 8.354e3 8.274e3 8.529e3 9.627e3 9.829e3 9.604e3 10.78e3 12.46e3 12.98e3 13.34e3 13.05e3 13.76e3 14.02e3 13.53e3 13.11e3 12.37e3 11.89e3 12.13e3 12.53e3 12.13e3 12.21e3 13.86e3 12.97e3 13.59e3 13.37e3 16.64e3 15.85e3 16.71e3 16.01e3 16.07e3 15.14e3 13.95e3 15.10e3 15.03e3 13.16e3 13.34e3 15.09e3 14.07e3 12.19e3 12.93e3 12.66e3 14.09e3 12.39e3 13.72e3 12.96e3 13.08e3 13.33e3 12.20e3 11.68e3 13.43e3 13.61e3 12.64e3 13.64e3 15.28e3 15.24e3 16.38e3 15.84e3 17.49e3 17.42e3 19.74e3 18.69e3 17.63e3 17.77e3 19.20e3 
   12.0e6  1.371e3 1.998e3 2.734e3 3.434e3 4.130e3 4.582e3 4.551e3 5.274e3 5.316e3 5.426e3 6.807e3 6.676e3 6.942e3 7.674e3 8.108e3 9.683e3 10.38e3 10.66e3 10.27e3 9.681e3 10.01e3 11.09e3 10.68e3 10.72e3 9.579e3 9.689e3 9.717e3 9.548e3 9.130e3 9.032e3 9.356e3 10.48e3 10.62e3 10.41e3 11.87e3 13.58e3 14.09e3 14.35e3 14.15e3 14.99e3 15.23e3 14.69e3 14.17e3 13.42e3 12.91e3 13.26e3 13.65e3 13.22e3 13.39e3 15.04e3 14.04e3 14.77e3 14.36e3 18.03e3 17.09e3 18.01e3 17.28e3 17.18e3 16.39e3 15.20e3 16.33e3 16.42e3 14.41e3 14.64e3 16.26e3 15.33e3 13.32e3 14.14e3 13.82e3 15.25e3 13.58e3 14.94e3 14.21e3 14.31e3 14.62e3 13.40e3 12.87e3 14.68e3 14.87e3 13.94e3 14.96e3 16.69e3 16.56e3 17.79e3 17.19e3 18.90e3 18.96e3 21.53e3 20.25e3 19.16e3 19.30e3 20.96e3 
   13.0e6  1.497e3 2.133e3 2.885e3 3.650e3 4.385e3 4.880e3 4.946e3 5.653e3 5.719e3 5.893e3 7.255e3 7.143e3 7.361e3 8.104e3 8.572e3 10.19e3 11.15e3 11.45e3 10.95e3 10.35e3 10.73e3 11.89e3 11.42e3 11.45e3 10.31e3 10.43e3 10.47e3 10.28e3 9.863e3 9.756e3 10.14e3 11.27e3 11.35e3 11.17e3 12.88e3 14.60e3 15.11e3 15.28e3 15.17e3 16.13e3 16.34e3 15.77e3 15.15e3 14.41e3 13.85e3 14.32e3 14.70e3 14.24e3 14.49e3 16.14e3 15.05e3 15.88e3 15.26e3 19.30e3 18.24e3 19.21e3 18.46e3 18.16e3 17.55e3 16.38e3 17.48e3 17.73e3 15.60e3 15.88e3 17.34e3 16.49e3 14.39e3 15.29e3 14.92e3 16.30e3 14.72e3 16.09e3 15.40e3 15.48e3 15.85e3 14.55e3 14.00e3 15.85e3 16.06e3 15.18e3 16.21e3 18.02e3 17.80e3 19.09e3 18.45e3 20.21e3 20.41e3 23.18e3 21.70e3 20.58e3 20.73e3 22.57e3 
   14.0e6  1.615e3 2.256e3 3.020e3 3.847e3 4.614e3 5.151e3 5.310e3 5.996e3 6.090e3 6.326e3 7.666e3 7.577e3 7.741e3 8.492e3 8.996e3 10.65e3 11.84e3 12.17e3 11.57e3 10.96e3 11.40e3 12.64e3 12.10e3 12.13e3 10.99e3 11.12e3 11.18e3 10.97e3 10.55e3 10.44e3 10.89e3 12.02e3 12.04e3 11.87e3 13.82e3 15.53e3 16.04e3 16.11e3 16.10e3 17.18e3 17.36e3 16.77e3 16.05e3 15.32e3 14.74e3 15.32e3 15.69e3 15.19e3 15.52e3 17.16e3 16.00e3 16.91e3 16.09e3 20.47e3 19.30e3 20.31e3 19.56e3 19.05e3 18.64e3 17.47e3 18.54e3 18.95e3 16.72e3 17.05e3 18.34e3 17.57e3 15.41e3 16.39e3 15.96e3 17.26e3 15.80e3 17.17e3 16.51e3 16.59e3 17.02e3 15.65e3 15.09e3 16.96e3 17.17e3 16.36e3 17.39e3 19.25e3 18.97e3 20.30e3 19.63e3 21.44e3 21.77e3 24.70e3 23.04e3 21.90e3 22.06e3 24.04e3 
   15.0e6  1.723e3 2.367e3 3.142e3 4.027e3 4.819e3 5.397e3 5.643e3 6.306e3 6.432e3 6.727e3 8.042e3 7.978e3 8.088e3 8.842e3 9.383e3 11.06e3 12.45e3 12.82e3 12.13e3 11.53e3 12.02e3 13.32e3 12.71e3 12.75e3 11.62e3 11.77e3 11.83e3 11.62e3 11.21e3 11.10e3 11.59e3 12.72e3 12.68e3 12.53e3 14.69e3 16.37e3 16.89e3 16.87e3 16.95e3 18.15e3 18.29e3 17.69e3 16.89e3 16.16e3 15.56e3 16.25e3 16.61e3 16.08e3 16.47e3 18.09e3 16.88e3 17.87e3 16.85e3 21.55e3 20.28e3 21.32e3 20.57e3 19.84e3 19.65e3 18.49e3 19.53e3 20.10e3 17.78e3 18.16e3 19.27e3 18.57e3 16.38e3 17.42e3 16.94e3 18.14e3 16.84e3 18.17e3 17.55e3 17.63e3 18.13e3 16.70e3 16.12e3 18.00e3 18.22e3 17.48e3 18.49e3 20.40e3 20.07e3 21.42e3 20.73e3 22.57e3 23.02e3 26.09e3 24.27e3 23.13e3 23.29e3 25.37e3 
   16.0e6  1.823e3 2.469e3 3.251e3 4.191e3 5.003e3 5.621e3 5.947e3 6.584e3 6.747e3 7.097e3 8.387e3 8.349e3 8.404e3 9.159e3 9.736e3 11.42e3 13.00e3 13.40e3 12.64e3 12.05e3 12.59e3 13.94e3 13.28e3 13.32e3 12.21e3 12.37e3 12.44e3 12.22e3 11.82e3 11.72e3 12.25e3 13.38e3 13.27e3 13.15e3 15.50e3 17.13e3 17.66e3 17.56e3 17.73e3 19.03e3 19.14e3 18.55e3 17.65e3 16.94e3 16.33e3 17.13e3 17.47e3 16.92e3 17.35e3 18.96e3 17.70e3 18.77e3 17.57e3 22.54e3 21.18e3 22.26e3 21.50e3 20.57e3 20.59e3 19.44e3 20.45e3 21.17e3 18.77e3 19.21e3 20.13e3 19.49e3 17.30e3 18.41e3 17.87e3 18.95e3 17.83e3 19.11e3 18.52e3 18.61e3 19.17e3 17.71e3 17.10e3 18.97e3 19.21e3 18.54e3 19.53e3 21.47e3 21.11e3 22.44e3 21.76e3 23.63e3 24.19e3 27.36e3 25.41e3 24.27e3 24.42e3 26.57e3 
   17.0e6  1.915e3 2.561e3 3.349e3 4.340e3 5.168e3 5.823e3 6.224e3 6.834e3 7.036e3 7.436e3 8.702e3 8.692e3 8.693e3 9.447e3 10.06e3 11.76e3 13.48e3 13.93e3 13.10e3 12.54e3 13.12e3 14.51e3 13.79e3 13.85e3 12.75e3 12.93e3 13.00e3 12.79e3 12.39e3 12.30e3 12.88e3 13.99e3 13.82e3 13.72e3 16.24e3 17.82e3 18.37e3 18.18e3 18.44e3 19.84e3 19.92e3 19.33e3 18.36e3 17.66e3 17.05e3 17.94e3 18.28e3 17.70e3 18.16e3 19.76e3 18.47e3 19.61e3 18.25e3 23.47e3 22.01e3 23.12e3 22.37e3 21.23e3 21.47e3 20.33e3 21.29e3 22.17e3 19.71e3 20.19e3 20.93e3 20.35e3 18.17e3 19.34e3 18.74e3 19.68e3 18.76e3 19.99e3 19.43e3 19.53e3 20.16e3 18.66e3 18.04e3 19.88e3 20.13e3 19.54e3 20.50e3 22.47e3 22.09e3 23.39e3 22.72e3 24.62e3 25.28e3 28.51e3 26.47e3 25.33e3 25.48e3 27.66e3 
   18.0e6  1.999e3 2.646e3 3.438e3 4.477e3 5.315e3 6.006e3 6.476e3 7.058e3 7.302e3 7.748e3 8.991e3 9.008e3 8.957e3 9.708e3 10.36e3 12.06e3 13.91e3 14.40e3 13.52e3 12.99e3 13.61e3 15.03e3 14.25e3 14.34e3 13.26e3 13.46e3 13.52e3 13.32e3 12.93e3 12.86e3 13.46e3 14.57e3 14.34e3 14.26e3 16.94e3 18.45e3 19.01e3 18.75e3 19.10e3 20.58e3 20.63e3 20.06e3 19.02e3 18.33e3 17.73e3 18.71e3 19.04e3 18.43e3 18.91e3 20.50e3 19.19e3 20.39e3 18.90e3 24.33e3 22.79e3 23.92e3 23.17e3 21.84e3 22.29e3 21.15e3 22.08e3 23.11e3 20.58e3 21.11e3 21.67e3 21.15e3 18.99e3 20.22e3 19.57e3 20.36e3 19.65e3 20.81e3 20.29e3 20.40e3 21.10e3 19.56e3 18.92e3 20.73e3 21.00e3 20.48e3 21.40e3 23.40e3 23.01e3 24.26e3 23.63e3 25.55e3 26.28e3 29.55e3 27.44e3 26.32e3 26.46e3 28.65e3 
   20.0e6  2.146e3 2.794e3 3.592e3 4.714e3 5.565e3 6.324e3 6.914e3 7.441e3 7.774e3 8.296e3 9.499e3 9.571e3 9.424e3 10.17e3 10.89e3 12.58e3 14.64e3 15.19e3 14.26e3 13.78e3 14.49e3 15.95e3 15.07e3 15.22e3 14.18e3 14.42e3 14.46e3 14.29e3 13.91e3 13.88e3 14.54e3 15.61e3 15.28e3 15.23e3 18.18e3 19.52e3 20.13e3 19.73e3 20.24e3 21.86e3 21.87e3 21.34e3 20.18e3 19.53e3 18.95e3 20.08e3 20.41e3 19.75e3 20.24e3 21.83e3 20.49e3 21.79e3 20.11e3 25.88e3 24.17e3 25.34e3 24.61e3 22.92e3 23.77e3 22.63e3 23.50e3 24.79e3 22.18e3 22.80e3 23.01e3 22.60e3 20.52e3 21.85e3 21.08e3 21.57e3 21.30e3 22.30e3 21.85e3 21.99e3 22.82e3 21.24e3 20.56e3 22.27e3 22.59e3 22.19e3 23.04e3 25.07e3 24.69e3 25.80e3 25.27e3 27.22e3 28.08e3 31.36e3 29.19e3 28.10e3 28.22e3 30.38e3 
   22.5e6  2.298e3 2.947e3 3.748e3 4.957e3 5.811e3 6.644e3 7.358e3 7.820e3 8.269e3 8.858e3 10.02e3 10.16e3 9.912e3 10.64e3 11.45e3 13.11e3 15.33e3 15.96e3 15.02e3 14.62e3 15.41e3 16.88e3 15.91e3 16.15e3 15.16e3 15.44e3 15.46e3 15.34e3 14.98e3 15.01e3 15.70e3 16.74e3 16.30e3 16.28e3 19.51e3 20.60e3 21.27e3 20.73e3 21.41e3 23.15e3 23.15e3 22.68e3 21.42e3 20.81e3 20.27e3 21.57e3 21.88e3 21.18e3 21.63e3 23.23e3 21.90e3 23.31e3 21.51e3 27.54e3 25.64e3 26.84e3 26.14e3 24.10e3 25.37e3 24.23e3 25.03e3 26.61e3 23.93e3 24.64e3 24.47e3 24.19e3 22.22e3 23.66e3 22.74e3 22.86e3 23.13e3 23.93e3 23.55e3 23.72e3 24.72e3 23.12e3 22.39e3 23.94e3 24.33e3 24.05e3 24.80e3 26.86e3 26.55e3 27.41e3 27.07e3 29.03e3 29.99e3 33.19e3 31.06e3 30.02e3 30.11e3 32.17e3 
   25.0e6  2.420e3 3.071e3 3.874e3 5.151e3 6.001e3 6.897e3 7.715e3 8.114e3 8.680e3 9.310e3 10.45e3 10.65e3 10.32e3 11.03e3 11.91e3 13.55e3 15.84e3 16.54e3 15.64e3 15.33e3 16.18e3 17.63e3 16.59e3 16.93e3 15.98e3 16.32e3 16.30e3 16.24e3 15.90e3 15.99e3 16.71e3 17.71e3 17.17e3 17.20e3 20.62e3 21.45e3 22.17e3 21.54e3 22.36e3 24.17e3 24.19e3 23.79e3 22.45e3 21.89e3 21.40e3 22.83e3 23.14e3 22.40e3 22.79e3 24.42e3 23.12e3 24.59e3 22.79e3 28.95e3 26.88e3 28.10e3 27.43e3 25.13e3 26.74e3 25.58e3 26.33e3 28.16e3 25.45e3 26.22e3 25.73e3 25.60e3 23.73e3 25.26e3 24.20e3 23.97e3 24.74e3 25.33e3 25.03e3 25.23e3 26.38e3 24.77e3 24.00e3 25.38e3 25.84e3 25.64e3 26.29e3 28.39e3 28.16e3 28.74e3 28.64e3 30.60e3 31.58e3 34.63e3 32.63e3 31.66e3 31.72e3 33.64e3 
   27.5e6  2.518e3 3.173e3 3.977e3 5.308e3 6.149e3 7.099e3 8.002e3 8.346e3 9.024e3 9.675e3 10.79e3 11.05e3 10.66e3 11.36e3 12.31e3 13.91e3 16.21e3 16.96e3 16.15e3 15.92e3 16.82e3 18.23e3 17.16e3 17.59e3 16.69e3 17.07e3 17.01e3 17.02e3 16.70e3 16.85e3 17.58e3 18.54e3 17.93e3 17.99e3 21.55e3 22.12e3 22.89e3 22.21e3 23.14e3 24.97e3 25.04e3 24.70e3 23.33e3 22.82e3 22.38e3 23.91e3 24.22e3 23.47e3 23.77e3 25.44e3 24.19e3 25.70e3 23.98e3 30.14e3 27.94e3 29.17e3 28.54e3 26.05e3 27.92e3 26.74e3 27.45e3 29.48e3 26.76e3 27.59e3 26.83e3 26.85e3 25.08e3 26.68e3 25.49e3 24.95e3 26.17e3 26.56e3 26.32e3 26.54e3 27.84e3 26.24e3 25.43e3 26.64e3 27.18e3 27.02e3 27.58e3 29.71e3 29.59e3 29.85e3 30.02e3 31.98e3 32.92e3 35.78e3 33.98e3 33.08e3 33.10e3 34.88e3 
   30.0e6  2.594e3 3.258e3 4.062e3 5.434e3 6.267e3 7.261e3 8.236e3 8.530e3 9.314e3 9.971e3 11.08e3 11.39e3 10.96e3 11.65e3 12.66e3 14.21e3 16.48e3 17.27e3 16.57e3 16.43e3 17.36e3 18.71e3 17.63e3 18.15e3 17.29e3 17.71e3 17.62e3 17.70e3 17.39e3 17.61e3 18.34e3 19.27e3 18.61e3 18.69e3 22.34e3 22.65e3 23.48e3 22.76e3 23.78e3 25.61e3 25.74e3 25.47e3 24.09e3 23.62e3 23.24e3 24.84e3 25.16e3 24.40e3 24.60e3 26.32e3 25.12e3 26.66e3 25.07e3 31.16e3 28.86e3 30.08e3 29.50e3 26.88e3 28.95e3 27.75e3 28.42e3 30.62e3 27.92e3 28.79e3 27.80e3 27.98e3 26.28e3 27.94e3 26.64e3 25.83e3 27.44e3 27.65e3 27.48e3 27.69e3 29.13e3 27.55e3 26.70e3 27.75e3 28.36e3 28.21e3 28.69e3 30.86e3 30.85e3 30.79e3 31.24e3 33.19e3 34.06e3 36.71e3 35.15e3 34.33e3 34.31e3 35.95e3 
   32.5e6  2.653e3 3.329e3 4.133e3 5.537e3 6.361e3 7.392e3 8.427e3 8.677e3 9.559e3 10.21e3 11.31e3 11.67e3 11.22e3 11.90e3 12.96e3 14.47e3 16.67e3 17.49e3 16.93e3 16.86e3 17.81e3 19.10e3 18.04e3 18.63e3 17.81e3 18.27e3 18.14e3 18.30e3 18.00e3 18.28e3 19.00e3 19.90e3 19.20e3 19.32e3 23.00e3 23.08e3 23.96e3 23.23e3 24.32e3 26.12e3 26.32e3 26.11e3 24.74e3 24.31e3 24.00e3 25.64e3 25.97e3 25.21e3 25.32e3 27.09e3 25.94e3 27.49e3 26.08e3 32.03e3 29.65e3 30.87e3 30.33e3 27.63e3 29.86e3 28.63e3 29.29e3 31.61e3 28.94e3 29.83e3 28.67e3 29.01e3 27.37e3 29.06e3 27.66e3 26.64e3 28.56e3 28.62e3 28.51e3 28.71e3 30.27e3 28.71e3 27.84e3 28.74e3 29.41e3 29.25e3 29.67e3 31.88e3 31.97e3 31.61e3 32.33e3 34.27e3 35.05e3 37.48e3 36.17e3 35.42e3 35.37e3 36.90e3 
   35.0e6  2.697e3 3.388e3 4.193e3 5.621e3 6.437e3 7.498e3 8.582e3 8.796e3 9.767e3 10.41e3 11.51e3 11.91e3 11.45e3 12.12e3 13.22e3 14.69e3 16.80e3 17.64e3 17.23e3 17.23e3 18.20e3 19.42e3 18.38e3 19.05e3 18.27e3 18.76e3 18.60e3 18.82e3 18.55e3 18.87e3 19.58e3 20.46e3 19.74e3 19.88e3 23.56e3 23.43e3 24.36e3 23.64e3 24.78e3 26.53e3 26.81e3 26.66e3 25.31e3 24.92e3 24.67e3 26.34e3 26.68e3 25.94e3 25.95e3 27.77e3 26.68e3 28.22e3 26.99e3 32.76e3 30.35e3 31.55e3 31.07e3 28.33e3 30.66e3 29.41e3 30.05e3 32.48e3 29.85e3 30.75e3 29.46e3 29.94e3 28.35e3 30.08e3 28.58e3 27.38e3 29.58e3 29.50e3 29.43e3 29.62e3 31.29e3 29.76e3 28.86e3 29.64e3 30.36e3 30.16e3 30.53e3 32.78e3 32.97e3 32.32e3 33.29e3 35.24e3 35.90e3 38.13e3 37.07e3 36.39e3 36.32e3 37.73e3 
   37.5e6  2.729e3 3.437e3 4.244e3 5.689e3 6.499e3 7.585e3 8.708e3 8.892e3 9.944e3 10.57e3 11.67e3 12.11e3 11.66e3 12.32e3 13.45e3 14.89e3 16.88e3 17.74e3 17.50e3 17.56e3 18.53e3 19.68e3 18.68e3 19.41e3 18.66e3 19.18e3 19.00e3 19.28e3 19.02e3 19.40e3 20.10e3 20.96e3 20.22e3 20.38e3 24.03e3 23.71e3 24.70e3 23.99e3 25.17e3 26.87e3 27.23e3 27.12e3 25.81e3 25.46e3 25.26e3 26.95e3 27.31e3 26.59e3 26.51e3 28.37e3 27.34e3 28.87e3 27.83e3 33.39e3 30.96e3 32.15e3 31.72e3 28.96e3 31.38e3 30.09e3 30.73e3 33.24e3 30.66e3 31.57e3 30.17e3 30.79e3 29.24e3 30.99e3 29.42e3 28.08e3 30.48e3 30.30e3 30.27e3 30.44e3 32.21e3 30.71e3 29.79e3 30.45e3 31.21e3 30.98e3 31.30e3 33.60e3 33.88e3 32.96e3 34.16e3 36.12e3 36.64e3 38.68e3 37.87e3 37.26e3 37.16e3 38.49e3 
   40.0e6  2.751e3 3.479e3 4.287e3 5.744e3 6.551e3 7.656e3 8.810e3 8.971e3 10.10e3 10.70e3 11.81e3 12.28e3 11.84e3 12.50e3 13.66e3 15.06e3 16.93e3 17.80e3 17.72e3 17.84e3 18.80e3 19.89e3 18.95e3 19.73e3 19.01e3 19.55e3 19.35e3 19.70e3 19.45e3 19.86e3 20.55e3 21.40e3 20.65e3 20.84e3 24.43e3 23.94e3 24.99e3 24.30e3 25.51e3 27.14e3 27.58e3 27.52e3 26.25e3 25.94e3 25.79e3 27.49e3 27.86e3 27.17e3 27.01e3 28.91e3 27.93e3 29.44e3 28.59e3 33.92e3 31.51e3 32.68e3 32.30e3 29.55e3 32.02e3 30.71e3 31.34e3 33.90e3 31.39e3 32.29e3 30.83e3 31.57e3 30.05e3 31.82e3 30.17e3 28.74e3 31.30e3 31.03e3 31.04e3 31.17e3 33.03e3 31.56e3 30.63e3 31.20e3 31.99e3 31.71e3 32.00e3 34.33e3 34.69e3 33.53e3 34.95e3 36.91e3 37.30e3 39.17e3 38.59e3 38.04e3 37.92e3 39.17e3 
   45.0e6  2.769e3 3.542e3 4.356e3 5.826e3 6.629e3 7.763e3 8.956e3 9.089e3 10.34e3 10.90e3 12.01e3 12.54e3 12.16e3 12.81e3 14.02e3 15.35e3 16.95e3 17.83e3 18.09e3 18.31e3 19.25e3 20.20e3 19.38e3 20.25e3 19.59e3 20.17e3 19.94e3 20.39e3 20.18e3 20.65e3 21.31e3 22.14e3 21.41e3 21.64e3 25.05e3 24.28e3 25.45e3 24.83e3 26.07e3 27.55e3 28.13e3 28.15e3 27.00e3 26.75e3 26.70e3 28.38e3 28.78e3 28.17e3 27.88e3 29.84e3 28.96e3 30.41e3 29.90e3 34.75e3 32.43e3 33.57e3 33.28e3 30.60e3 33.12e3 31.76e3 32.40e3 35.02e3 32.64e3 33.52e3 31.98e3 32.94e3 31.47e3 33.26e3 31.49e3 29.94e3 32.71e3 32.32e3 32.38e3 32.44e3 34.44e3 33.04e3 32.09e3 32.54e3 33.35e3 32.97e3 33.23e3 35.62e3 36.11e3 34.53e3 36.31e3 38.31e3 38.43e3 40.00e3 39.82e3 39.40e3 39.24e3 40.38e3 
   50.0e6  2.763e3 3.584e3 4.407e3 5.878e3 6.684e3 7.835e3 9.045e3 9.170e3 10.52e3 11.03e3 12.15e3 12.72e3 12.43e3 13.08e3 14.32e3 15.58e3 16.91e3 17.79e3 18.38e3 18.67e3 19.57e3 20.41e3 19.72e3 20.65e3 20.05e3 20.65e3 20.41e3 20.95e3 20.78e3 21.29e3 21.93e3 22.74e3 22.05e3 22.32e3 25.51e3 24.52e3 25.82e3 25.28e3 26.51e3 27.85e3 28.53e3 28.62e3 27.61e3 27.41e3 27.44e3 29.08e3 29.51e3 28.99e3 28.60e3 30.61e3 29.83e3 31.20e3 30.98e3 35.34e3 33.17e3 34.27e3 34.09e3 31.51e3 34.02e3 32.61e3 33.28e3 35.90e3 33.67e3 34.51e3 32.96e3 34.08e3 32.68e3 34.46e3 32.61e3 31.02e3 33.89e3 33.43e3 33.52e3 33.50e3 35.60e3 34.27e3 33.32e3 33.70e3 34.49e3 34.03e3 34.28e3 36.71e3 37.29e3 35.40e3 37.46e3 39.50e3 39.35e3 40.70e3 40.84e3 40.52e3 40.34e3 41.42e3 
   55.0e6  2.741e3 3.612e3 4.444e3 5.910e3 6.721e3 7.882e3 9.092e3 9.226e3 10.65e3 11.11e3 12.25e3 12.85e3 12.66e3 13.31e3 14.56e3 15.76e3 16.85e3 17.71e3 18.60e3 18.96e3 19.80e3 20.54e3 20.00e3 20.96e3 20.41e3 21.03e3 20.79e3 21.39e3 21.26e3 21.80e3 22.42e3 23.23e3 22.60e3 22.91e3 25.85e3 24.69e3 26.11e3 25.67e3 26.89e3 28.08e3 28.83e3 28.97e3 28.11e3 27.96e3 28.05e3 29.64e3 30.09e3 29.68e3 29.22e3 31.25e3 30.56e3 31.84e3 31.86e3 35.74e3 33.78e3 34.83e3 34.76e3 32.30e3 34.77e3 33.32e3 34.02e3 36.61e3 34.53e3 35.32e3 33.82e3 35.04e3 33.70e3 35.47e3 33.56e3 32.00e3 34.87e3 34.40e3 34.48e3 34.39e3 36.57e3 35.31e3 34.37e3 34.71e3 35.46e3 34.96e3 35.21e3 37.66e3 38.28e3 36.19e3 38.45e3 40.52e3 40.14e3 41.32e3 41.69e3 41.48e3 41.27e3 42.31e3 
   60.0e6  2.708e3 3.627e3 4.470e3 5.926e3 6.746e3 7.911e3 9.110e3 9.266e3 10.75e3 11.16e3 12.30e3 12.94e3 12.85e3 13.51e3 14.77e3 15.91e3 16.77e3 17.61e3 18.77e3 19.18e3 19.96e3 20.62e3 20.22e3 21.21e3 20.70e3 21.32e3 21.09e3 21.76e3 21.67e3 22.21e3 22.82e3 23.63e3 23.07e3 23.41e3 26.11e3 24.81e3 26.37e3 26.02e3 27.21e3 28.26e3 29.04e3 29.24e3 28.52e3 28.42e3 28.55e3 30.08e3 30.56e3 30.27e3 29.76e3 31.79e3 31.18e3 32.36e3 32.58e3 36.00e3 34.28e3 35.28e3 35.31e3 32.99e3 35.39e3 33.90e3 34.64e3 37.18e3 35.25e3 35.99e3 34.57e3 35.84e3 34.58e3 36.31e3 34.38e3 32.90e3 35.71e3 35.26e3 35.31e3 35.16e3 37.37e3 36.18e3 35.26e3 35.60e3 36.30e3 35.77e3 36.04e3 38.48e3 39.12e3 36.91e3 39.31e3 41.40e3 40.83e3 41.88e3 42.41e3 42.29e3 42.06e3 43.10e3 
   65.0e6  2.667e3 3.634e3 4.488e3 5.931e3 6.761e3 7.927e3 9.106e3 9.294e3 10.83e3 11.18e3 12.33e3 12.99e3 13.02e3 13.69e3 14.94e3 16.04e3 16.69e3 17.49e3 18.91e3 19.36e3 20.07e3 20.67e3 20.39e3 21.39e3 20.94e3 21.55e3 21.34e3 22.05e3 22.01e3 22.54e3 23.15e3 23.96e3 23.48e3 23.85e3 26.31e3 24.90e3 26.59e3 26.35e3 27.49e3 28.42e3 29.19e3 29.44e3 28.87e3 28.80e3 28.97e3 30.44e3 30.94e3 30.77e3 30.24e3 32.24e3 31.72e3 32.79e3 33.16e3 36.16e3 34.69e3 35.65e3 35.78e3 33.59e3 35.91e3 34.39e3 35.18e3 37.63e3 35.85e3 36.55e3 35.22e3 36.50e3 35.33e3 37.03e3 35.08e3 33.71e3 36.43e3 36.03e3 36.03e3 35.82e3 38.04e3 36.92e3 36.02e3 36.39e3 37.02e3 36.51e3 36.80e3 39.20e3 39.83e3 37.59e3 40.08e3 42.17e3 41.45e3 42.41e3 43.03e3 42.99e3 42.75e3 43.79e3 
   70.0e6  2.621e3 3.633e3 4.499e3 5.928e3 6.768e3 7.933e3 9.086e3 9.312e3 10.88e3 11.19e3 12.34e3 13.01e3 13.17e3 13.85e3 15.09e3 16.14e3 16.61e3 17.38e3 19.02e3 19.50e3 20.13e3 20.69e3 20.53e3 21.53e3 21.12e3 21.72e3 21.54e3 22.29e3 22.29e3 22.80e3 23.42e3 24.23e3 23.84e3 24.24e3 26.47e3 24.97e3 26.79e3 26.65e3 27.74e3 28.55e3 29.29e3 29.58e3 29.15e3 29.11e3 29.32e3 30.72e3 31.24e3 31.19e3 30.65e3 32.63e3 32.18e3 33.15e3 33.63e3 36.24e3 35.04e3 35.94e3 36.18e3 34.11e3 36.34e3 34.80e3 35.63e3 38.00e3 36.36e3 37.01e3 35.80e3 37.05e3 35.98e3 37.63e3 35.69e3 34.45e3 37.05e3 36.72e3 36.65e3 36.39e3 38.60e3 37.54e3 36.68e3 37.09e3 37.65e3 37.17e3 37.49e3 39.84e3 40.44e3 38.24e3 40.76e3 42.85e3 42.01e3 42.90e3 43.55e3 43.59e3 43.34e3 44.40e3 
   80.0e6  2.523e3 3.615e3 4.505e3 5.905e3 6.762e3 7.921e3 9.012e3 9.328e3 10.93e3 11.15e3 12.30e3 13.01e3 13.41e3 14.10e3 15.32e3 16.28e3 16.46e3 17.15e3 19.16e3 19.68e3 20.18e3 20.69e3 20.73e3 21.70e3 21.38e3 21.95e3 21.83e3 22.62e3 22.72e3 23.18e3 23.82e3 24.64e3 24.42e3 24.88e3 26.70e3 25.07e3 27.15e3 27.21e3 28.18e3 28.78e3 29.37e3 29.75e3 29.59e3 29.60e3 29.84e3 31.11e3 31.67e3 31.87e3 31.35e3 33.22e3 32.92e3 33.68e3 34.31e3 36.21e3 35.55e3 36.36e3 36.80e3 34.97e3 37.01e3 35.42e3 36.35e3 38.54e3 37.14e3 37.71e3 36.76e3 37.86e3 37.01e3 38.57e3 36.68e3 35.75e3 38.09e3 37.90e3 37.65e3 37.33e3 39.46e3 38.53e3 37.75e3 38.26e3 38.68e3 38.36e3 38.73e3 40.91e3 41.40e3 39.44e3 41.93e3 43.98e3 43.01e3 43.81e3 44.39e3 44.56e3 44.30e3 45.42e3 
   90.0e6  2.424e3 3.583e3 4.495e3 5.865e3 6.734e3 7.887e3 8.912e3 9.325e3 10.94e3 11.08e3 12.22e3 12.96e3 13.59e3 14.30e3 15.47e3 16.36e3 16.33e3 16.96e3 19.23e3 19.77e3 20.14e3 20.64e3 20.83e3 21.76e3 21.52e3 22.06e3 22.00e3 22.81e3 23.01e3 23.39e3 24.08e3 24.91e3 24.87e3 25.38e3 26.88e3 25.15e3 27.47e3 27.72e3 28.57e3 28.98e3 29.35e3 29.80e3 29.89e3 29.94e3 30.19e3 31.34e3 31.92e3 32.36e3 31.89e3 33.63e3 33.48e3 34.03e3 34.71e3 36.04e3 35.88e3 36.60e3 37.24e3 35.62e3 37.46e3 35.83e3 36.87e3 38.88e3 37.69e3 38.19e3 37.51e3 38.38e3 37.78e3 39.24e3 37.42e3 36.82e3 38.92e3 38.87e3 38.40e3 38.06e3 40.05e3 39.25e3 38.54e3 39.17e3 39.46e3 39.37e3 39.81e3 41.76e3 42.10e3 40.55e3 42.90e3 44.87e3 43.88e3 44.61e3 45.00e3 45.28e3 45.03e3 46.23e3 
   100.e6  2.327e3 3.541e3 4.474e3 5.816e3 6.689e3 7.838e3 8.797e3 9.309e3 10.91e3 10.99e3 12.11e3 12.87e3 13.71e3 14.45e3 15.58e3 16.40e3 16.21e3 16.79e3 19.24e3 19.80e3 20.06e3 20.57e3 20.87e3 21.75e3 21.58e3 22.08e3 22.08e3 22.91e3 23.21e3 23.49e3 24.23e3 25.08e3 25.21e3 25.77e3 27.03e3 25.22e3 27.75e3 28.20e3 28.91e3 29.15e3 29.25e3 29.77e3 30.08e3 30.16e3 30.41e3 31.46e3 32.05e3 32.72e3 32.29e3 33.89e3 33.88e3 34.23e3 34.92e3 35.78e3 36.09e3 36.73e3 37.54e3 36.11e3 37.75e3 36.09e3 37.24e3 39.07e3 38.05e3 38.51e3 38.10e3 38.67e3 38.33e3 39.69e3 37.98e3 37.71e3 39.61e3 39.69e3 38.94e3 38.62e3 40.43e3 39.77e3 39.14e3 39.87e3 40.05e3 40.25e3 40.74e3 42.42e3 42.60e3 41.57e3 43.71e3 45.58e3 44.66e3 45.33e3 45.44e3 45.82e3 45.57e3 46.87e3 
   110.e6  2.236e3 3.493e3 4.445e3 5.761e3 6.632e3 7.777e3 8.676e3 9.282e3 10.85e3 10.89e3 11.98e3 12.75e3 13.80e3 14.55e3 15.63e3 16.40e3 16.10e3 16.64e3 19.21e3 19.77e3 19.95e3 20.48e3 20.86e3 21.68e3 21.58e3 22.04e3 22.10e3 22.92e3 23.32e3 23.51e3 24.31e3 25.17e3 25.46e3 26.07e3 27.16e3 25.28e3 27.99e3 28.65e3 29.21e3 29.30e3 29.09e3 29.68e3 30.19e3 30.29e3 30.54e3 31.48e3 32.08e3 32.97e3 32.59e3 34.04e3 34.16e3 34.34e3 34.99e3 35.48e3 36.19e3 36.76e3 37.74e3 36.48e3 37.92e3 36.23e3 37.49e3 39.16e3 38.28e3 38.70e3 38.55e3 38.80e3 38.72e3 39.97e3 38.38e3 38.45e3 40.21e3 40.37e3 39.33e3 39.06e3 40.65e3 40.13e3 39.57e3 40.39e3 40.51e3 41.02e3 41.56e3 42.93e3 42.94e3 42.51e3 44.39e3 46.13e3 45.35e3 45.95e3 45.74e3 46.21e3 45.98e3 47.37e3 
   120.e6  2.184e3 3.468e3 4.411e3 5.703e3 6.588e3 7.729e3 8.593e3 9.272e3 10.79e3 10.82e3 11.88e3 12.66e3 13.86e3 14.63e3 15.65e3 16.38e3 16.10e3 16.57e3 19.18e3 19.73e3 19.88e3 20.42e3 20.87e3 21.61e3 21.57e3 22.00e3 22.13e3 22.99e3 23.40e3 23.54e3 24.40e3 25.21e3 25.65e3 26.28e3 27.19e3 25.34e3 28.21e3 29.00e3 29.48e3 29.44e3 29.02e3 29.65e3 30.32e3 30.42e3 30.67e3 31.55e3 32.11e3 33.19e3 32.88e3 34.20e3 34.42e3 34.45e3 34.97e3 35.19e3 36.30e3 36.82e3 37.96e3 36.80e3 38.15e3 36.41e3 37.74e3 39.24e3 38.50e3 38.92e3 38.91e3 38.92e3 39.06e3 40.24e3 38.77e3 39.05e3 40.71e3 40.98e3 39.69e3 39.49e3 40.89e3 40.45e3 39.99e3 40.87e3 40.92e3 41.68e3 42.22e3 43.42e3 43.27e3 43.30e3 44.89e3 46.52e3 45.95e3 46.48e3 46.07e3 46.62e3 46.39e3 47.82e3 
   130.e6  2.173e3 3.461e3 4.349e3 5.623e3 6.568e3 7.697e3 8.595e3 9.291e3 10.72e3 10.77e3 11.86e3 12.62e3 13.85e3 14.64e3 15.57e3 16.29e3 16.34e3 16.53e3 19.10e3 19.63e3 19.86e3 20.41e3 20.96e3 21.58e3 21.59e3 21.98e3 22.23e3 23.08e3 23.43e3 23.66e3 24.56e3 25.16e3 25.71e3 26.32e3 26.80e3 25.30e3 28.30e3 29.03e3 29.61e3 29.45e3 29.15e3 29.77e3 30.54e3 30.59e3 30.92e3 31.77e3 32.21e3 33.42e3 33.23e3 34.43e3 34.69e3 34.65e3 34.82e3 34.82e3 36.45e3 36.98e3 38.28e3 37.12e3 38.40e3 36.79e3 38.07e3 39.34e3 38.81e3 39.31e3 39.12e3 39.18e3 39.40e3 40.59e3 39.25e3 39.49e3 40.92e3 41.45e3 40.12e3 40.03e3 41.38e3 40.79e3 40.53e3 41.37e3 41.31e3 42.10e3 42.52e3 43.94e3 43.68e3 43.70e3 44.94e3 46.47e3 46.25e3 46.74e3 46.54e3 47.19e3 46.92e3 48.26e3 
   140.e6  2.149e3 3.426e3 4.251e3 5.501e3 6.493e3 7.603e3 8.542e3 9.243e3 10.56e3 10.64e3 11.76e3 12.48e3 13.73e3 14.52e3 15.36e3 16.08e3 16.50e3 16.40e3 18.88e3 19.39e3 19.69e3 20.27e3 20.90e3 21.39e3 21.44e3 21.80e3 22.17e3 23.02e3 23.28e3 23.61e3 24.56e3 24.95e3 25.58e3 26.17e3 26.24e3 25.14e3 28.18e3 28.85e3 29.53e3 29.28e3 29.10e3 29.70e3 30.55e3 30.55e3 30.96e3 31.79e3 32.09e3 33.43e3 33.35e3 34.44e3 34.71e3 34.63e3 34.42e3 34.28e3 36.36e3 36.91e3 38.34e3 37.20e3 38.41e3 36.93e3 38.16e3 39.22e3 38.87e3 39.45e3 39.08e3 39.19e3 39.50e3 40.68e3 39.48e3 39.66e3 40.89e3 41.64e3 40.30e3 40.33e3 41.62e3 40.88e3 40.82e3 41.63e3 41.46e3 42.25e3 42.54e3 44.19e3 43.82e3 43.82e3 44.64e3 46.07e3 46.24e3 46.69e3 46.71e3 47.47e3 47.15e3 48.41e3 
   150.e6  2.072e3 3.363e3 4.183e3 5.407e3 6.432e3 7.529e3 8.446e3 9.176e3 10.44e3 10.52e3 11.65e3 12.37e3 13.65e3 14.45e3 15.22e3 15.93e3 16.40e3 16.30e3 18.72e3 19.22e3 19.55e3 20.17e3 20.81e3 21.22e3 21.34e3 21.67e3 22.09e3 22.95e3 23.21e3 23.57e3 24.49e3 24.82e3 25.51e3 26.09e3 26.10e3 25.05e3 28.09e3 28.75e3 29.48e3 29.14e3 29.01e3 29.64e3 30.51e3 30.49e3 30.92e3 31.74e3 32.02e3 33.41e3 33.42e3 34.40e3 34.72e3 34.56e3 34.33e3 34.05e3 36.29e3 36.84e3 38.32e3 37.27e3 38.36e3 36.95e3 38.16e3 39.07e3 38.86e3 39.47e3 39.08e3 39.19e3 39.53e3 40.67e3 39.59e3 39.80e3 40.83e3 41.80e3 40.48e3 40.51e3 41.72e3 40.97e3 41.02e3 41.74e3 41.55e3 42.37e3 42.65e3 44.36e3 43.88e3 43.99e3 44.94e3 46.19e3 46.42e3 46.81e3 46.89e3 47.64e3 47.32e3 48.53e3 
   160.e6  2.002e3 3.303e3 4.122e3 5.321e3 6.370e3 7.456e3 8.351e3 9.109e3 10.33e3 10.40e3 11.53e3 12.25e3 13.58e3 14.38e3 15.08e3 15.79e3 16.28e3 16.20e3 18.56e3 19.06e3 19.40e3 20.08e3 20.70e3 21.05e3 21.23e3 21.53e3 22.00e3 22.86e3 23.13e3 23.52e3 24.40e3 24.69e3 25.43e3 26.00e3 26.01e3 24.96e3 27.99e3 28.64e3 29.39e3 29.00e3 28.91e3 29.57e3 30.44e3 30.40e3 30.84e3 31.66e3 31.93e3 33.36e3 33.44e3 34.33e3 34.69e3 34.46e3 34.24e3 33.82e3 36.20e3 36.74e3 38.26e3 37.29e3 38.26e3 36.91e3 38.10e3 38.88e3 38.81e3 39.43e3 39.05e3 39.16e3 39.52e3 40.61e3 39.63e3 39.89e3 40.74e3 41.90e3 40.61e3 40.62e3 41.74e3 41.02e3 41.15e3 41.77e3 41.60e3 42.44e3 42.73e3 44.47e3 43.89e3 44.11e3 45.25e3 46.30e3 46.56e3 46.88e3 47.02e3 47.73e3 47.42e3 48.61e3 
   170.e6  1.940e3 3.245e3 4.062e3 5.237e3 6.304e3 7.381e3 8.258e3 9.040e3 10.21e3 10.27e3 11.42e3 12.13e3 13.49e3 14.29e3 14.94e3 15.64e3 16.15e3 16.11e3 18.39e3 18.89e3 19.24e3 19.98e3 20.57e3 20.86e3 21.10e3 21.39e3 21.88e3 22.75e3 23.02e3 23.44e3 24.29e3 24.54e3 25.31e3 25.89e3 25.93e3 24.87e3 27.86e3 28.50e3 29.27e3 28.83e3 28.78e3 29.47e3 30.34e3 30.28e3 30.73e3 31.55e3 31.81e3 33.26e3 33.40e3 34.21e3 34.63e3 34.33e3 34.14e3 33.61e3 36.07e3 36.61e3 38.15e3 37.27e3 38.12e3 36.83e3 38.01e3 38.68e3 38.72e3 39.36e3 38.97e3 39.09e3 39.45e3 40.50e3 39.62e3 39.91e3 40.61e3 41.94e3 40.67e3 40.68e3 41.71e3 41.02e3 41.23e3 41.75e3 41.59e3 42.45e3 42.74e3 44.50e3 43.85e3 44.17e3 45.49e3 46.37e3 46.64e3 46.90e3 47.08e3 47.76e3 47.46e3 48.64e3 
   180.e6  1.884e3 3.189e3 4.003e3 5.156e3 6.233e3 7.303e3 8.169e3 8.971e3 10.08e3 10.16e3 11.30e3 12.01e3 13.39e3 14.19e3 14.78e3 15.49e3 16.02e3 16.02e3 18.21e3 18.72e3 19.07e3 19.88e3 20.42e3 20.67e3 20.96e3 21.23e3 21.75e3 22.62e3 22.90e3 23.35e3 24.16e3 24.38e3 25.18e3 25.75e3 25.84e3 24.78e3 27.70e3 28.35e3 29.12e3 28.66e3 28.64e3 29.34e3 30.21e3 30.14e3 30.60e3 31.42e3 31.67e3 33.14e3 33.32e3 34.07e3 34.53e3 34.17e3 34.01e3 33.40e3 35.91e3 36.45e3 38.02e3 37.21e3 37.94e3 36.71e3 37.88e3 38.46e3 38.59e3 39.24e3 38.86e3 39.00e3 39.34e3 40.34e3 39.56e3 39.88e3 40.45e3 41.92e3 40.69e3 40.70e3 41.64e3 40.98e3 41.25e3 41.68e3 41.56e3 42.42e3 42.71e3 44.47e3 43.78e3 44.18e3 45.68e3 46.39e3 46.67e3 46.86e3 47.08e3 47.73e3 47.44e3 48.62e3 
   200.e6  1.788e3 3.083e3 3.891e3 5.002e3 6.086e3 7.145e3 7.997e3 8.830e3 9.834e3 9.928e3 11.05e3 11.77e3 13.17e3 13.97e3 14.47e3 15.17e3 15.75e3 15.82e3 17.85e3 18.36e3 18.72e3 19.64e3 20.09e3 20.26e3 20.65e3 20.89e3 21.46e3 22.32e3 22.60e3 23.10e3 23.85e3 24.04e3 24.86e3 25.43e3 25.68e3 24.60e3 27.35e3 27.98e3 28.76e3 28.28e3 28.31e3 29.05e3 29.89e3 29.80e3 30.28e3 31.10e3 31.33e3 32.82e3 33.04e3 33.70e3 34.24e3 33.80e3 33.72e3 33.00e3 35.55e3 36.08e3 37.68e3 37.01e3 37.52e3 36.39e3 37.53e3 37.98e3 38.25e3 38.93e3 38.54e3 38.73e3 39.03e3 39.95e3 39.34e3 39.69e3 40.07e3 41.74e3 40.61e3 40.61e3 41.37e3 40.81e3 41.18e3 41.44e3 41.39e3 42.26e3 42.55e3 44.28e3 43.55e3 44.06e3 45.90e3 46.32e3 46.60e3 46.67e3 46.96e3 47.56e3 47.29e3 48.46e3 
   225.e6  1.690e3 2.960e3 3.759e3 4.822e3 5.896e3 6.942e3 7.792e3 8.651e3 9.526e3 9.659e3 10.74e3 11.47e3 12.87e3 13.67e3 14.07e3 14.76e3 15.40e3 15.56e3 17.37e3 17.91e3 18.26e3 19.32e3 19.64e3 19.75e3 20.23e3 20.46e3 21.05e3 21.91e3 22.18e3 22.74e3 23.41e3 23.57e3 24.40e3 24.96e3 25.48e3 24.36e3 26.85e3 27.46e3 28.21e3 27.78e3 27.86e3 28.61e3 29.40e3 29.30e3 29.81e3 30.63e3 30.84e3 32.32e3 32.54e3 33.15e3 33.77e3 33.25e3 33.32e3 32.54e3 35.02e3 35.55e3 37.16e3 36.63e3 36.90e3 35.90e3 36.99e3 37.34e3 37.71e3 38.42e3 38.03e3 38.31e3 38.51e3 39.35e3 38.93e3 39.29e3 39.52e3 41.34e3 40.32e3 40.35e3 40.89e3 40.49e3 40.91e3 40.99e3 41.07e3 41.92e3 42.21e3 43.84e3 43.15e3 43.73e3 45.96e3 46.09e3 46.33e3 46.25e3 46.62e3 47.16e3 46.93e3 48.11e3 
   250.e6  1.611e3 2.848e3 3.637e3 4.655e3 5.706e3 6.740e3 7.596e3 8.470e3 9.228e3 9.407e3 10.43e3 11.18e3 12.56e3 13.34e3 13.67e3 14.34e3 15.04e3 15.28e3 16.90e3 17.46e3 17.81e3 18.97e3 19.15e3 19.23e3 19.80e3 20.02e3 20.61e3 21.47e3 21.73e3 22.33e3 22.94e3 23.10e3 23.90e3 24.46e3 25.27e3 24.10e3 26.32e3 26.90e3 27.61e3 27.27e3 27.38e3 28.12e3 28.86e3 28.76e3 29.30e3 30.10e3 30.30e3 31.75e3 31.93e3 32.54e3 33.22e3 32.66e3 32.89e3 32.10e3 34.45e3 34.98e3 36.58e3 36.17e3 36.23e3 35.34e3 36.38e3 36.69e3 37.11e3 37.83e3 37.45e3 37.82e3 37.91e3 38.69e3 38.43e3 38.75e3 38.95e3 40.80e3 39.89e3 39.96e3 40.31e3 40.08e3 40.52e3 40.44e3 40.66e3 41.47e3 41.78e3 43.24e3 42.67e3 43.25e3 45.82e3 45.75e3 45.90e3 45.70e3 46.15e3 46.62e3 46.44e3 47.63e3 
   275.e6  1.545e3 2.744e3 3.523e3 4.500e3 5.522e3 6.540e3 7.406e3 8.289e3 8.945e3 9.172e3 10.13e3 10.89e3 12.24e3 13.00e3 13.28e3 13.94e3 14.67e3 14.98e3 16.43e3 17.02e3 17.35e3 18.61e3 18.67e3 18.73e3 19.35e3 19.59e3 20.17e3 21.02e3 21.26e3 21.90e3 22.45e3 22.62e3 23.37e3 23.93e3 25.05e3 23.82e3 25.76e3 26.33e3 26.97e3 26.77e3 26.89e3 27.61e3 28.28e3 28.20e3 28.76e3 29.54e3 29.74e3 31.14e3 31.26e3 31.89e3 32.61e3 32.04e3 32.46e3 31.68e3 33.85e3 34.39e3 35.95e3 35.65e3 35.53e3 34.75e3 35.73e3 36.05e3 36.47e3 37.19e3 36.84e3 37.31e3 37.26e3 38.00e3 37.86e3 38.14e3 38.37e3 40.17e3 39.36e3 39.49e3 39.66e3 39.61e3 40.04e3 39.84e3 40.20e3 40.97e3 41.27e3 42.56e3 42.14e3 42.69e3 45.54e3 45.33e3 45.38e3 45.07e3 45.58e3 46.01e3 45.86e3 47.06e3 
   300.e6  1.489e3 2.648e3 3.418e3 4.355e3 5.346e3 6.346e3 7.223e3 8.108e3 8.678e3 8.951e3 9.835e3 10.62e3 11.91e3 12.67e3 12.91e3 13.55e3 14.31e3 14.66e3 15.97e3 16.60e3 16.91e3 18.23e3 18.18e3 18.25e3 18.91e3 19.17e3 19.72e3 20.57e3 20.78e3 21.45e3 21.95e3 22.14e3 22.84e3 23.39e3 24.80e3 23.53e3 25.21e3 25.76e3 26.33e3 26.27e3 26.40e3 27.08e3 27.68e3 27.63e3 28.22e3 28.97e3 29.17e3 30.51e3 30.55e3 31.24e3 31.98e3 31.42e3 32.02e3 31.28e3 33.25e3 33.79e3 35.31e3 35.09e3 34.82e3 34.14e3 35.07e3 35.41e3 35.82e3 36.52e3 36.21e3 36.77e3 36.60e3 37.31e3 37.27e3 37.49e3 37.79e3 39.50e3 38.75e3 38.97e3 38.98e3 39.12e3 39.50e3 39.22e3 39.71e3 40.43e3 40.74e3 41.82e3 41.58e3 42.07e3 45.15e3 44.85e3 44.79e3 44.39e3 44.95e3 45.34e3 45.24e3 46.43e3 
   325.e6  1.440e3 2.558e3 3.319e3 4.219e3 5.179e3 6.159e3 7.045e3 7.930e3 8.428e3 8.743e3 9.555e3 10.36e3 11.60e3 12.33e3 12.54e3 13.17e3 13.96e3 14.33e3 15.53e3 16.20e3 16.49e3 17.84e3 17.71e3 17.79e3 18.48e3 18.76e3 19.29e3 20.12e3 20.31e3 21.01e3 21.45e3 21.68e3 22.32e3 22.86e3 24.53e3 23.23e3 24.66e3 25.19e3 25.69e3 25.79e3 25.91e3 26.56e3 27.09e3 27.07e3 27.69e3 28.39e3 28.60e3 29.88e3 29.84e3 30.59e3 31.33e3 30.81e3 31.59e3 30.87e3 32.66e3 33.20e3 34.67e3 34.52e3 34.13e3 33.54e3 34.41e3 34.80e3 35.17e3 35.85e3 35.58e3 36.23e3 35.93e3 36.63e3 36.66e3 36.81e3 37.22e3 38.80e3 38.10e3 38.41e3 38.28e3 38.60e3 38.93e3 38.60e3 39.20e3 39.87e3 40.18e3 41.06e3 41.00e3 41.41e3 44.67e3 44.33e3 44.15e3 43.69e3 44.29e3 44.65e3 44.58e3 45.77e3 
   350.e6  1.396e3 2.475e3 3.226e3 4.092e3 5.022e3 5.979e3 6.871e3 7.753e3 8.192e3 8.546e3 9.288e3 10.11e3 11.29e3 12.01e3 12.20e3 12.81e3 13.62e3 13.99e3 15.10e3 15.81e3 16.08e3 17.46e3 17.25e3 17.36e3 18.06e3 18.37e3 18.86e3 19.69e3 19.84e3 20.56e3 20.96e3 21.23e3 21.80e3 22.34e3 24.24e3 22.91e3 24.13e3 24.64e3 25.06e3 25.32e3 25.43e3 26.04e3 26.50e3 26.52e3 27.16e3 27.82e3 28.04e3 29.24e3 29.13e3 29.96e3 30.68e3 30.21e3 31.16e3 30.47e3 32.07e3 32.62e3 34.02e3 33.94e3 33.45e3 32.94e3 33.76e3 34.20e3 34.53e3 35.18e3 34.95e3 35.68e3 35.28e3 35.97e3 36.05e3 36.13e3 36.66e3 38.09e3 37.42e3 37.83e3 37.59e3 38.08e3 38.35e3 37.97e3 38.68e3 39.31e3 39.61e3 40.30e3 40.42e3 40.74e3 44.13e3 43.79e3 43.47e3 42.97e3 43.60e3 43.94e3 43.90e3 45.08e3 
   375.e6  1.356e3 2.396e3 3.139e3 3.973e3 4.874e3 5.807e3 6.703e3 7.580e3 7.972e3 8.360e3 9.033e3 9.876e3 10.99e3 11.70e3 11.87e3 12.47e3 13.29e3 13.66e3 14.70e3 15.44e3 15.69e3 17.07e3 16.81e3 16.94e3 17.66e3 18.00e3 18.45e3 19.26e3 19.39e3 20.12e3 20.48e3 20.80e3 21.29e3 21.83e3 23.93e3 22.58e3 23.61e3 24.11e3 24.46e3 24.87e3 24.96e3 25.52e3 25.91e3 25.98e3 26.64e3 27.25e3 27.50e3 28.62e3 28.45e3 29.34e3 30.04e3 29.63e3 30.73e3 30.07e3 31.49e3 32.05e3 33.39e3 33.36e3 32.79e3 32.36e3 33.13e3 33.62e3 33.91e3 34.51e3 34.35e3 35.14e3 34.64e3 35.33e3 35.44e3 35.46e3 36.12e3 37.39e3 36.73e3 37.24e3 36.90e3 37.56e3 37.75e3 37.36e3 38.15e3 38.74e3 39.05e3 39.54e3 39.84e3 40.07e3 43.55e3 43.23e3 42.79e3 42.25e3 42.91e3 43.23e3 43.22e3 44.37e3 
   400.e6  1.319e3 2.322e3 3.057e3 3.861e3 4.736e3 5.644e3 6.539e3 7.410e3 7.765e3 8.182e3 8.791e3 9.648e3 10.70e3 11.39e3 11.55e3 12.14e3 12.97e3 13.33e3 14.31e3 15.08e3 15.31e3 16.69e3 16.39e3 16.55e3 17.26e3 17.63e3 18.06e3 18.85e3 18.96e3 19.69e3 20.01e3 20.38e3 20.80e3 21.33e3 23.60e3 22.25e3 23.11e3 23.60e3 23.87e3 24.43e3 24.50e3 25.02e3 25.35e3 25.47e3 26.14e3 26.69e3 26.97e3 28.01e3 27.78e3 28.74e3 29.40e3 29.06e3 30.31e3 29.66e3 30.93e3 31.49e3 32.77e3 32.78e3 32.15e3 31.80e3 32.52e3 33.05e3 33.30e3 33.86e3 33.75e3 34.60e3 34.01e3 34.71e3 34.84e3 34.80e3 35.59e3 36.70e3 36.03e3 36.65e3 36.23e3 37.03e3 37.16e3 36.76e3 37.63e3 38.17e3 38.48e3 38.80e3 39.26e3 39.39e3 42.93e3 42.65e3 42.09e3 41.53e3 42.22e3 42.52e3 42.54e3 43.67e3 
   450.e6  1.251e3 2.186e3 2.907e3 3.656e3 4.486e3 5.340e3 6.224e3 7.082e3 7.386e3 7.848e3 8.342e3 9.222e3 10.16e3 10.82e3 10.97e3 11.54e3 12.38e3 12.68e3 13.59e3 14.42e3 14.62e3 15.94e3 15.61e3 15.82e3 16.53e3 16.95e3 17.31e3 18.07e3 18.13e3 18.86e3 19.11e3 19.59e3 19.87e3 20.39e3 22.90e3 21.57e3 22.17e3 22.63e3 22.77e3 23.58e3 23.63e3 24.06e3 24.27e3 24.49e3 25.18e3 25.60e3 25.96e3 26.84e3 26.55e3 27.62e3 28.19e3 27.99e3 29.47e3 28.85e3 29.86e3 30.43e3 31.57e3 31.65e3 30.96e3 30.73e3 31.35e3 31.98e3 32.15e3 32.61e3 32.63e3 33.55e3 32.83e3 33.54e3 33.69e3 33.54e3 34.56e3 35.38e3 34.65e3 35.47e3 34.96e3 35.99e3 35.98e3 35.62e3 36.58e3 37.06e3 37.37e3 37.38e3 38.13e3 38.08e3 41.62e3 41.48e3 40.70e3 40.15e3 40.86e3 41.14e3 41.21e3 42.26e3 
   500.e6  1.188e3 2.063e3 2.771e3 3.474e3 4.267e3 5.068e3 5.929e3 6.770e3 7.047e3 7.540e3 7.937e3 8.830e3 9.666e3 10.30e3 10.45e3 10.99e3 11.85e3 12.08e3 12.93e3 13.81e3 13.99e3 15.23e3 14.91e3 15.17e3 15.85e3 16.31e3 16.62e3 17.34e3 17.37e3 18.09e3 18.28e3 18.86e3 19.01e3 19.51e3 22.17e3 20.90e3 21.30e3 21.74e3 21.76e3 22.78e3 22.81e3 23.16e3 23.26e3 23.59e3 24.28e3 24.58e3 25.01e3 25.74e3 25.45e3 26.60e3 27.05e3 27.00e3 28.64e3 28.03e3 28.85e3 29.42e3 30.45e3 30.57e3 29.86e3 29.73e3 30.27e3 30.96e3 31.08e3 31.45e3 31.57e3 32.54e3 31.74e3 32.46e3 32.60e3 32.37e3 33.57e3 34.14e3 33.33e3 34.33e3 33.77e3 34.97e3 34.86e3 34.55e3 35.55e3 35.99e3 36.29e3 36.08e3 37.04e3 36.84e3 40.27e3 40.29e3 39.35e3 38.83e3 39.55e3 39.82e3 39.91e3 40.89e3 
   550.e6  1.130e3 1.952e3 2.648e3 3.311e3 4.073e3 4.823e3 5.652e3 6.474e3 6.739e3 7.251e3 7.572e3 8.469e3 9.215e3 9.824e3 9.970e3 10.49e3 11.37e3 11.53e3 12.34e3 13.25e3 13.41e3 14.56e3 14.28e3 14.59e3 15.22e3 15.72e3 15.99e3 16.66e3 16.67e3 17.37e3 17.50e3 18.18e3 18.22e3 18.71e3 21.41e3 20.23e3 20.50e3 20.93e3 20.85e3 22.02e3 22.03e3 22.32e3 22.34e3 22.77e3 23.44e3 23.62e3 24.14e3 24.73e3 24.47e3 25.66e3 25.99e3 26.09e3 27.82e3 27.21e3 27.90e3 28.47e3 29.39e3 29.54e3 28.86e3 28.81e3 29.27e3 30.01e3 30.08e3 30.37e3 30.59e3 31.57e3 30.74e3 31.45e3 31.58e3 31.29e3 32.62e3 33.00e3 32.08e3 33.24e3 32.68e3 33.99e3 33.78e3 33.54e3 34.55e3 34.96e3 35.25e3 34.88e3 35.98e3 35.67e3 38.93e3 39.11e3 38.06e3 37.60e3 38.30e3 38.57e3 38.67e3 39.58e3 
   600.e6  1.074e3 1.850e3 2.535e3 3.164e3 3.900e3 4.603e3 5.393e3 6.196e3 6.458e3 6.979e3 7.240e3 8.135e3 8.806e3 9.391e3 9.539e3 10.04e3 10.93e3 11.03e3 11.80e3 12.74e3 12.89e3 13.94e3 13.70e3 14.05e3 14.65e3 15.17e3 15.41e3 16.03e3 16.03e3 16.70e3 16.79e3 17.55e3 17.49e3 17.98e3 20.64e3 19.58e3 19.77e3 20.19e3 20.02e3 21.29e3 21.31e3 21.54e3 21.48e3 22.01e3 22.66e3 22.72e3 23.33e3 23.80e3 23.60e3 24.79e3 25.01e3 25.24e3 27.01e3 26.39e3 27.01e3 27.57e3 28.40e3 28.56e3 27.93e3 27.95e3 28.35e3 29.10e3 29.16e3 29.37e3 29.66e3 30.63e3 29.80e3 30.51e3 30.61e3 30.31e3 31.69e3 31.94e3 30.92e3 32.20e3 31.68e3 33.03e3 32.77e3 32.59e3 33.58e3 33.97e3 34.26e3 33.80e3 34.97e3 34.58e3 37.61e3 37.95e3 36.82e3 36.44e3 37.12e3 37.39e3 37.49e3 38.33e3 
   650.e6  1.021e3 1.756e3 2.430e3 3.032e3 3.745e3 4.406e3 5.152e3 5.934e3 6.198e3 6.723e3 6.939e3 7.824e3 8.433e3 8.996e3 9.147e3 9.627e3 10.54e3 10.58e3 11.32e3 12.26e3 12.41e3 13.36e3 13.19e3 13.57e3 14.12e3 14.65e3 14.86e3 15.44e3 15.44e3 16.09e3 16.13e3 16.97e3 16.83e3 17.30e3 19.88e3 18.95e3 19.10e3 19.50e3 19.27e3 20.60e3 20.62e3 20.82e3 20.69e3 21.31e3 21.93e3 21.88e3 22.57e3 22.94e3 22.83e3 23.99e3 24.11e3 24.46e3 26.20e3 25.58e3 26.18e3 26.73e3 27.47e3 27.63e3 27.07e3 27.15e3 27.49e3 28.24e3 28.29e3 28.45e3 28.79e3 29.73e3 28.94e3 29.63e3 29.71e3 29.41e3 30.80e3 30.96e3 29.84e3 31.23e3 30.76e3 32.11e3 31.81e3 31.69e3 32.64e3 33.02e3 33.30e3 32.81e3 34.00e3 33.56e3 36.34e3 36.80e3 35.66e3 35.37e3 36.01e3 36.28e3 36.37e3 37.15e3 
   700.e6  970.3   1.670e3 2.334e3 2.912e3 3.603e3 4.228e3 4.928e3 5.688e3 5.956e3 6.479e3 6.664e3 7.535e3 8.092e3 8.635e3 8.789e3 9.252e3 10.18e3 10.19e3 10.88e3 11.82e3 11.97e3 12.82e3 12.72e3 13.12e3 13.63e3 14.17e3 14.36e3 14.88e3 14.90e3 15.51e3 15.52e3 16.43e3 16.22e3 16.68e3 19.13e3 18.35e3 18.47e3 18.87e3 18.59e3 19.94e3 19.98e3 20.15e3 19.97e3 20.66e3 21.24e3 21.10e3 21.86e3 22.14e3 22.14e3 23.26e3 23.28e3 23.73e3 25.41e3 24.80e3 25.39e3 25.92e3 26.60e3 26.76e3 26.28e3 26.39e3 26.69e3 27.42e3 27.47e3 27.59e3 27.98e3 28.87e3 28.13e3 28.79e3 28.85e3 28.58e3 29.93e3 30.05e3 28.85e3 30.31e3 29.91e3 31.22e3 30.91e3 30.84e3 31.73e3 32.10e3 32.38e3 31.91e3 33.06e3 32.62e3 35.11e3 35.69e3 34.57e3 34.36e3 34.97e3 35.24e3 35.31e3 36.04e3 
   800.e6  877.1   1.518e3 2.159e3 2.703e3 3.353e3 3.922e3 4.530e3 5.242e3 5.517e3 6.029e3 6.183e3 7.013e3 7.495e3 8.002e3 8.161e3 8.594e3 9.543e3 9.535e3 10.10e3 11.03e3 11.19e3 11.86e3 11.90e3 12.33e3 12.76e3 13.27e3 13.46e3 13.88e3 13.95e3 14.49e3 14.45e3 15.44e3 15.15e3 15.58e3 17.72e3 17.23e3 17.36e3 17.75e3 17.40e3 18.70e3 18.79e3 18.95e3 18.69e3 19.49e3 19.98e3 19.70e3 20.59e3 20.74e3 20.96e3 21.93e3 21.81e3 22.41e3 23.87e3 23.29e3 23.93e3 24.43e3 25.01e3 25.16e3 24.84e3 25.01e3 25.24e3 25.89e3 25.98e3 26.08e3 26.47e3 27.25e3 26.67e3 27.25e3 27.28e3 27.10e3 28.27e3 28.41e3 27.10e3 28.63e3 28.39e3 29.53e3 29.26e3 29.25e3 30.02e3 30.39e3 30.66e3 30.32e3 31.31e3 30.92e3 32.84e3 33.55e3 32.57e3 32.54e3 33.05e3 33.33e3 33.36e3 34.01e3 
   900.e6  794.5   1.388e3 2.007e3 2.526e3 3.136e3 3.667e3 4.190e3 4.853e3 5.128e3 5.623e3 5.776e3 6.554e3 6.991e3 7.466e3 7.629e3 8.037e3 8.995e3 9.028e3 9.455e3 10.33e3 10.51e3 11.05e3 11.21e3 11.64e3 12.00e3 12.48e3 12.66e3 13.00e3 13.14e3 13.61e3 13.54e3 14.58e3 14.24e3 14.65e3 16.43e3 16.23e3 16.39e3 16.77e3 16.40e3 17.58e3 17.73e3 17.89e3 17.60e3 18.47e3 18.87e3 18.50e3 19.47e3 19.54e3 19.97e3 20.75e3 20.55e3 21.25e3 22.42e3 21.90e3 22.63e3 23.08e3 23.61e3 23.74e3 23.57e3 23.76e3 23.96e3 24.50e3 24.65e3 24.76e3 25.11e3 25.76e3 25.36e3 25.84e3 25.87e3 25.83e3 26.72e3 26.97e3 25.62e3 27.14e3 27.07e3 27.97e3 27.78e3 27.80e3 28.45e3 28.82e3 29.08e3 28.95e3 29.70e3 29.43e3 30.80e3 31.57e3 30.82e3 30.93e3 31.35e3 31.63e3 31.60e3 32.21e3 
   1.00e9  722.6   1.278e3 1.873e3 2.375e3 2.943e3 3.452e3 3.901e3 4.514e3 4.783e3 5.258e3 5.429e3 6.150e3 6.560e3 7.008e3 7.176e3 7.562e3 8.511e3 8.625e3 8.906e3 9.718e3 9.918e3 10.36e3 10.62e3 11.04e3 11.33e3 11.76e3 11.96e3 12.22e3 12.44e3 12.84e3 12.77e3 13.81e3 13.46e3 13.86e3 15.28e3 15.34e3 15.54e3 15.91e3 15.55e3 16.56e3 16.78e3 16.97e3 16.66e3 17.56e3 17.87e3 17.45e3 18.47e3 18.50e3 19.10e3 19.71e3 19.47e3 20.22e3 21.06e3 20.64e3 21.45e3 21.85e3 22.36e3 22.46e3 22.43e3 22.63e3 22.81e3 23.24e3 23.44e3 23.61e3 23.86e3 24.40e3 24.19e3 24.55e3 24.60e3 24.70e3 25.30e3 25.69e3 24.37e3 25.81e3 25.90e3 26.54e3 26.46e3 26.47e3 27.02e3 27.38e3 27.63e3 27.74e3 28.22e3 28.11e3 29.00e3 29.76e3 29.27e3 29.50e3 29.83e3 30.11e3 30.02e3 30.62e3 
   1.10e9  661.2   1.185e3 1.754e3 2.244e3 2.770e3 3.266e3 3.657e3 4.219e3 4.478e3 4.932e3 5.131e3 5.793e3 6.187e3 6.612e3 6.786e3 7.153e3 8.076e3 8.291e3 8.436e3 9.175e3 9.393e3 9.766e3 10.10e3 10.49e3 10.73e3 11.11e3 11.33e3 11.53e3 11.82e3 12.17e3 12.10e3 13.11e3 12.79e3 13.17e3 14.28e3 14.54e3 14.78e3 15.15e3 14.82e3 15.65e3 15.92e3 16.15e3 15.86e3 16.74e3 16.97e3 16.55e3 17.58e3 17.61e3 18.32e3 18.76e3 18.54e3 19.28e3 19.82e3 19.52e3 20.39e3 20.74e3 21.25e3 21.33e3 21.39e3 21.59e3 21.77e3 22.09e3 22.34e3 22.57e3 22.73e3 23.17e3 23.11e3 23.37e3 23.45e3 23.68e3 23.99e3 24.53e3 23.30e3 24.62e3 24.84e3 25.24e3 25.26e3 25.24e3 25.71e3 26.06e3 26.30e3 26.65e3 26.86e3 26.93e3 27.42e3 28.11e3 27.89e3 28.21e3 28.47e3 28.73e3 28.61e3 29.20e3 
   1.20e9  610.0   1.106e3 1.650e3 2.129e3 2.614e3 3.102e3 3.450e3 3.965e3 4.210e3 4.642e3 4.874e3 5.477e3 5.861e3 6.265e3 6.449e3 6.799e3 7.679e3 7.993e3 8.031e3 8.692e3 8.925e3 9.255e3 9.625e3 9.994e3 10.20e3 10.54e3 10.76e3 10.92e3 11.27e3 11.57e3 11.54e3 12.49e3 12.21e3 12.58e3 13.41e3 13.83e3 14.09e3 14.46e3 14.18e3 14.82e3 15.14e3 15.41e3 15.15e3 15.99e3 16.17e3 15.77e3 16.77e3 16.84e3 17.59e3 17.90e3 17.72e3 18.43e3 18.70e3 18.54e3 19.43e3 19.74e3 20.24e3 20.31e3 20.45e3 20.63e3 20.82e3 21.05e3 21.33e3 21.64e3 21.69e3 22.05e3 22.12e3 22.29e3 22.39e3 22.75e3 22.81e3 23.47e3 22.37e3 23.55e3 23.86e3 24.05e3 24.17e3 24.11e3 24.53e3 24.86e3 25.09e3 25.64e3 25.63e3 25.85e3 26.04e3 26.65e3 26.66e3 27.03e3 27.23e3 27.49e3 27.33e3 27.93e3 
   1.30e9  568.3   1.041e3 1.559e3 2.025e3 2.474e3 2.955e3 3.275e3 3.745e3 3.980e3 4.388e3 4.651e3 5.197e3 5.573e3 5.959e3 6.158e3 6.493e3 7.314e3 7.706e3 7.678e3 8.262e3 8.503e3 8.808e3 9.196e3 9.536e3 9.727e3 10.02e3 10.26e3 10.38e3 10.77e3 11.04e3 11.05e3 11.92e3 11.70e3 12.06e3 12.68e3 13.19e3 13.47e3 13.82e3 13.62e3 14.09e3 14.45e3 14.74e3 14.54e3 15.31e3 15.43e3 15.10e3 16.03e3 16.16e3 16.89e3 17.12e3 16.99e3 17.64e3 17.72e3 17.68e3 18.55e3 18.84e3 19.34e3 19.39e3 19.58e3 19.75e3 19.94e3 20.11e3 20.40e3 20.77e3 20.74e3 21.05e3 21.21e3 21.31e3 21.43e3 21.87e3 21.75e3 22.50e3 21.56e3 22.58e3 22.94e3 22.97e3 23.17e3 23.08e3 23.47e3 23.77e3 23.99e3 24.69e3 24.51e3 24.85e3 24.84e3 25.35e3 25.56e3 25.96e3 26.11e3 26.36e3 26.19e3 26.78e3 
   1.40e9  535.7   986.8   1.479e3 1.932e3 2.347e3 2.820e3 3.128e3 3.557e3 3.785e3 4.168e3 4.458e3 4.949e3 5.317e3 5.686e3 5.904e3 6.227e3 6.976e3 7.409e3 7.370e3 7.879e3 8.122e3 8.412e3 8.798e3 9.108e3 9.294e3 9.552e3 9.796e3 9.907e3 10.32e3 10.57e3 10.63e3 11.40e3 11.26e3 11.60e3 12.07e3 12.61e3 12.90e3 13.24e3 13.11e3 13.45e3 13.82e3 14.13e3 14.00e3 14.67e3 14.77e3 14.52e3 15.36e3 15.56e3 16.22e3 16.40e3 16.35e3 16.92e3 16.87e3 16.96e3 17.76e3 18.02e3 18.53e3 18.57e3 18.77e3 18.93e3 19.13e3 19.26e3 19.56e3 19.96e3 19.88e3 20.15e3 20.36e3 20.41e3 20.55e3 21.04e3 20.82e3 21.60e3 20.83e3 21.68e3 22.07e3 22.01e3 22.25e3 22.13e3 22.52e3 22.79e3 23.00e3 23.77e3 23.50e3 23.91e3 23.80e3 24.23e3 24.56e3 24.96e3 25.08e3 25.32e3 25.16e3 25.74e3 
   1.50e9  511.3   943.1   1.411e3 1.845e3 2.235e3 2.694e3 3.003e3 3.397e3 3.627e3 3.979e3 4.290e3 4.731e3 5.087e3 5.441e3 5.684e3 5.996e3 6.663e3 7.087e3 7.099e3 7.538e3 7.775e3 8.055e3 8.423e3 8.705e3 8.899e3 9.138e3 9.381e3 9.490e3 9.909e3 10.14e3 10.27e3 10.92e3 10.87e3 11.20e3 11.57e3 12.08e3 12.37e3 12.70e3 12.65e3 12.88e3 13.25e3 13.57e3 13.52e3 14.09e3 14.17e3 14.02e3 14.74e3 15.03e3 15.56e3 15.73e3 15.77e3 16.25e3 16.16e3 16.36e3 17.05e3 17.29e3 17.79e3 17.84e3 18.02e3 18.18e3 18.38e3 18.50e3 18.78e3 19.19e3 19.09e3 19.35e3 19.56e3 19.60e3 19.75e3 20.24e3 20.01e3 20.76e3 20.17e3 20.86e3 21.23e3 21.16e3 21.40e3 21.28e3 21.66e3 21.91e3 22.11e3 22.87e3 22.60e3 23.02e3 22.91e3 23.28e3 23.65e3 24.02e3 24.13e3 24.36e3 24.23e3 24.79e3 
   1.60e9  494.5   908.8   1.352e3 1.764e3 2.136e3 2.575e3 2.898e3 3.262e3 3.503e3 3.821e3 4.145e3 4.539e3 4.879e3 5.219e3 5.494e3 5.796e3 6.374e3 6.725e3 6.859e3 7.235e3 7.458e3 7.728e3 8.065e3 8.323e3 8.537e3 8.770e3 9.007e3 9.126e3 9.523e3 9.751e3 9.958e3 10.48e3 10.52e3 10.84e3 11.17e3 11.59e3 11.88e3 12.20e3 12.23e3 12.40e3 12.73e3 13.05e3 13.10e3 13.53e3 13.62e3 13.58e3 14.16e3 14.56e3 14.91e3 15.12e3 15.24e3 15.62e3 15.58e3 15.87e3 16.41e3 16.65e3 17.12e3 17.18e3 17.32e3 17.48e3 17.68e3 17.82e3 18.07e3 18.44e3 18.37e3 18.65e3 18.82e3 18.87e3 19.02e3 19.46e3 19.32e3 19.97e3 19.57e3 20.09e3 20.41e3 20.40e3 20.62e3 20.51e3 20.90e3 21.13e3 21.33e3 22.00e3 21.79e3 22.18e3 22.15e3 22.49e3 22.81e3 23.15e3 23.26e3 23.47e3 23.39e3 23.91e3 
   1.70e9  484.8   882.8   1.302e3 1.688e3 2.050e3 2.460e3 2.809e3 3.149e3 3.415e3 3.692e3 4.020e3 4.372e3 4.690e3 5.017e3 5.330e3 5.623e3 6.108e3 6.314e3 6.645e3 6.966e3 7.167e3 7.422e3 7.720e3 7.958e3 8.203e3 8.446e3 8.670e3 8.811e3 9.161e3 9.394e3 9.687e3 10.07e3 10.21e3 10.52e3 10.87e3 11.13e3 11.43e3 11.73e3 11.84e3 11.98e3 12.27e3 12.56e3 12.72e3 13.02e3 13.13e3 13.21e3 13.62e3 14.14e3 14.27e3 14.56e3 14.76e3 15.03e3 15.14e3 15.49e3 15.83e3 16.07e3 16.51e3 16.58e3 16.67e3 16.84e3 17.03e3 17.22e3 17.42e3 17.72e3 17.72e3 18.04e3 18.12e3 18.23e3 18.36e3 18.70e3 18.74e3 19.23e3 18.99e3 19.37e3 19.60e3 19.74e3 19.89e3 19.82e3 20.22e3 20.44e3 20.63e3 21.12e3 21.09e3 21.36e3 21.51e3 21.86e3 22.03e3 22.31e3 22.44e3 22.64e3 22.64e3 23.08e3 
   1.80e9  470.6   853.1   1.257e3 1.617e3 1.974e3 2.355e3 2.719e3 3.043e3 3.326e3 3.563e3 3.894e3 4.217e3 4.514e3 4.830e3 5.163e3 5.448e3 5.869e3 5.998e3 6.429e3 6.717e3 6.899e3 7.138e3 7.405e3 7.630e3 7.896e3 8.149e3 8.358e3 8.505e3 8.821e3 9.058e3 9.403e3 9.698e3 9.891e3 10.19e3 10.57e3 10.72e3 11.01e3 11.29e3 11.45e3 11.59e3 11.85e3 12.10e3 12.33e3 12.54e3 12.67e3 12.83e3 13.13e3 13.71e3 13.69e3 14.05e3 14.29e3 14.49e3 14.74e3 15.04e3 15.29e3 15.55e3 15.95e3 16.03e3 16.07e3 16.25e3 16.43e3 16.65e3 16.82e3 17.05e3 17.13e3 17.46e3 17.48e3 17.64e3 17.74e3 17.99e3 18.20e3 18.56e3 18.40e3 18.69e3 18.86e3 19.13e3 19.21e3 19.19e3 19.59e3 19.80e3 19.99e3 20.32e3 20.43e3 20.60e3 20.89e3 21.27e3 21.30e3 21.54e3 21.68e3 21.88e3 21.93e3 22.31e3 
   2.00e9  435.4   790.3   1.165e3 1.500e3 1.832e3 2.185e3 2.523e3 2.825e3 3.089e3 3.310e3 3.619e3 3.920e3 4.197e3 4.492e3 4.802e3 5.068e3 5.458e3 5.580e3 5.981e3 6.251e3 6.422e3 6.648e3 6.896e3 7.107e3 7.356e3 7.593e3 7.790e3 7.928e3 8.226e3 8.448e3 8.769e3 9.044e3 9.227e3 9.509e3 9.862e3 9.998e3 10.27e3 10.53e3 10.69e3 10.82e3 11.06e3 11.30e3 11.52e3 11.71e3 11.84e3 11.99e3 12.27e3 12.81e3 12.79e3 13.13e3 13.35e3 13.55e3 13.78e3 14.05e3 14.30e3 14.53e3 14.91e3 14.98e3 15.02e3 15.20e3 15.37e3 15.58e3 15.74e3 15.95e3 16.03e3 16.34e3 16.37e3 16.52e3 16.62e3 16.85e3 17.04e3 17.38e3 17.24e3 17.51e3 17.67e3 17.92e3 18.00e3 17.99e3 18.36e3 18.56e3 18.74e3 19.05e3 19.15e3 19.31e3 19.58e3 19.94e3 19.97e3 20.20e3 20.33e3 20.52e3 20.57e3 20.93e3 
