# SRIM-2013 Electronic stopping power table for Z1=14
# Converted from a table provided by H.Hofsaess
# units of energy:         eV
# units of stopping power: eV A^2
#      \Z2 1       2       3       4       5       6       7       8       9       10      11      12      13      14      15      16      17      18      19      20      21      22      23      24      25      26      27      28      29      30      31      32      33      34      35      36      37      38      39      40      41      42      43      44      45      46      47      48      49      50      51      52      53      54      55      56      57      58      59      60      61      62      63      64      65      66      67      68      69      70      71      72      73      74      75      76      77      78      79      80      81      82      83      84      85      86      87      88      89      90      91      92      
# energy\  H       He      Li      Be      B       C       N       O       F       Ne      Na      Mg      Al      Si      P       S       Cl      Ar      K       Ca      Sc      Ti      V       Cr      Mn      Fe      Co      Ni      Cu      Zn      Ga      Ge      As      Se      Br      Kr      Rb      Sr      Y       Zr      Nb      Mo      Tc      Ru      Rh      Pd      Ag      Cd      In      Sn      Sb      Te      I       Xe      Cs      Ba      La      Ce      Pr      Nd      Pm      Sm      Eu      Gd      Tb      Dy      Ho      Er      Tm      Yb      Lu      Hf      Ta      W       Re      Os      Ir      Pt      Au      Hg      Tl      Pb      Bi      Po      At      Rn      Fr      Ra      Ac      Th      Pa      U       
   0.00    0.0     0.0     0.0     0.0     0.0     0.0     0.0     0.0     0.0     0.0     0.0     0.0     0.0     0.0     0.0     0.0     0.0     0.0     0.0     0.0     0.0     0.0     0.0     0.0     0.0     0.0     0.0     0.0     0.0     0.0     0.0     0.0     0.0     0.0     0.0     0.0     0.0     0.0     0.0     0.0     0.0     0.0     0.0     0.0     0.0     0.0     0.0     0.0     0.0     0.0     0.0     0.0     0.0     0.0     0.0     0.0     0.0     0.0     0.0     0.0     0.0     0.0     0.0     0.0     0.0     0.0     0.0     0.0     0.0     0.0     0.0     0.0     0.0     0.0     0.0     0.0     0.0     0.0     0.0     0.0     0.0     0.0     0.0     0.0     0.0     0.0     0.0     0.0     0.0     0.0     0.0     0.0     
   10.0    1.141   1.391   1.782   3.640   4.324   5.540   3.654   3.010   3.412   3.400   6.195   7.593   7.086   6.773   7.408   5.828   1.755   4.160   5.255   5.294   8.136   7.437   7.935   6.150   5.866   6.440   5.880   6.072   5.806   5.471   5.870   7.562   8.736   7.651   2.627   3.842   9.615   9.621   9.762   7.631   11.35   10.68   9.635   6.841   5.960   9.080   8.973   8.340   6.901   11.47   10.14   8.220   10.78   3.135   12.44   12.79   13.16   10.91   9.814   10.23   10.33   9.072   8.758   12.99   10.29   8.694   7.056   7.393   9.435   7.156   8.321   7.186   9.210   8.571   7.605   4.808   5.651   7.764   7.238   5.607   6.492   9.995   9.734   12.54   12.70   12.19   14.11   13.55   9.207   8.894   11.33   9.117   
   11.0    1.197   1.459   1.869   3.818   4.535   5.810   3.832   3.157   3.578   3.566   6.498   7.964   7.432   7.103   7.769   6.113   1.840   4.363   5.512   5.552   8.534   7.800   8.322   6.450   6.152   6.754   6.167   6.368   6.090   5.738   6.157   7.931   9.162   8.024   2.755   4.030   10.08   10.09   10.24   8.004   11.90   11.20   10.10   7.175   6.251   9.524   9.411   8.747   7.238   12.03   10.64   8.621   11.30   3.288   13.05   13.42   13.80   11.45   10.29   10.73   10.83   9.514   9.186   13.63   10.79   9.119   7.400   7.754   9.896   7.505   8.727   7.536   9.659   8.990   7.976   5.042   5.927   8.143   7.592   5.880   6.809   10.48   10.21   13.15   13.32   12.78   14.80   14.22   9.656   9.328   11.88   9.562   
   12.0    1.250   1.523   1.952   3.987   4.737   6.068   4.003   3.297   3.737   3.724   6.787   8.318   7.762   7.419   8.115   6.384   1.922   4.557   5.757   5.799   8.913   8.147   8.692   6.737   6.426   7.055   6.441   6.651   6.360   5.994   6.431   8.284   9.570   8.381   2.878   4.209   10.53   10.54   10.69   8.360   12.43   11.70   10.55   7.494   6.528   9.947   9.829   9.136   7.560   12.57   11.11   9.004   11.81   3.435   13.63   14.02   14.42   11.95   10.75   11.20   11.31   9.938   9.594   14.23   11.27   9.524   7.729   8.099   10.34   7.839   9.115   7.871   10.09   9.390   8.331   5.266   6.190   8.505   7.929   6.142   7.112   10.95   10.66   13.74   13.91   13.35   15.46   14.85   10.09   9.743   12.41   9.988   
   13.0    1.301   1.586   2.032   4.150   4.930   6.316   4.166   3.432   3.890   3.876   7.064   8.657   8.079   7.722   8.446   6.645   2.001   4.743   5.992   6.036   9.277   8.480   9.047   7.012   6.688   7.343   6.704   6.923   6.620   6.238   6.693   8.622   9.960   8.723   2.995   4.381   10.96   10.97   11.13   8.701   12.94   12.18   10.99   7.800   6.795   10.35   10.23   9.509   7.868   13.08   11.56   9.372   12.29   3.575   14.19   14.59   15.01   12.44   11.19   11.66   11.77   10.34   9.986   14.82   11.74   9.913   8.045   8.429   10.76   8.159   9.487   8.193   10.50   9.773   8.671   5.481   6.443   8.852   8.253   6.393   7.402   11.40   11.10   14.30   14.48   13.90   16.09   15.45   10.50   10.14   12.92   10.40   
   14.0    1.351   1.646   2.108   4.307   5.116   6.554   4.323   3.561   4.037   4.023   7.330   8.984   8.384   8.013   8.765   6.896   2.076   4.922   6.218   6.264   9.627   8.800   9.389   7.277   6.941   7.620   6.957   7.184   6.870   6.474   6.946   8.948   10.34   9.052   3.108   4.546   11.38   11.38   11.55   9.029   13.43   12.64   11.40   8.094   7.052   10.74   10.62   9.868   8.165   13.58   12.00   9.726   12.75   3.710   14.72   15.14   15.57   12.91   11.61   12.10   12.22   10.73   10.36   15.38   12.18   10.29   8.348   8.748   11.16   8.467   9.845   8.502   10.90   10.14   8.998   5.688   6.686   9.186   8.564   6.634   7.682   11.83   11.52   14.84   15.02   14.42   16.70   16.04   10.89   10.52   13.40   10.79   
   15.0    1.398   1.703   2.182   4.458   5.296   6.785   4.475   3.686   4.179   4.164   7.588   9.300   8.678   8.295   9.073   7.138   2.149   5.094   6.436   6.484   9.965   9.109   9.718   7.533   7.184   7.887   7.201   7.436   7.111   6.701   7.190   9.262   10.70   9.370   3.217   4.706   11.78   11.78   11.96   9.346   13.90   13.08   11.80   8.378   7.299   11.12   10.99   10.21   8.452   14.05   12.42   10.07   13.20   3.840   15.24   15.67   16.12   13.37   12.02   12.53   12.65   11.11   10.73   15.92   12.61   10.65   8.641   9.055   11.56   8.764   10.19   8.800   11.28   10.50   9.314   5.888   6.921   9.509   8.865   6.867   7.952   12.24   11.92   15.36   15.55   14.93   17.29   16.60   11.28   10.89   13.87   11.17   
   16.0    1.444   1.759   2.254   4.604   5.469   7.007   4.622   3.807   4.316   4.300   7.837   9.605   8.963   8.567   9.370   7.372   2.220   5.262   6.648   6.696   10.29   9.407   10.04   7.780   7.420   8.146   7.438   7.680   7.344   6.921   7.425   9.565   11.05   9.677   3.323   4.860   12.16   12.17   12.35   9.653   14.35   13.51   12.19   8.653   7.538   11.49   11.35   10.55   8.729   14.51   12.83   10.40   13.63   3.966   15.74   16.18   16.65   13.80   12.41   12.94   13.06   11.47   11.08   16.44   13.02   11.00   8.925   9.352   11.93   9.051   10.53   9.089   11.65   10.84   9.619   6.081   7.148   9.820   9.156   7.092   8.212   12.64   12.31   15.86   16.06   15.42   17.85   17.15   11.65   11.25   14.33   11.53   
   17.0    1.488   1.813   2.323   4.746   5.638   7.223   4.764   3.924   4.448   4.433   8.078   9.900   9.239   8.830   9.659   7.599   2.288   5.423   6.852   6.902   10.61   9.697   10.35   8.019   7.648   8.397   7.666   7.917   7.570   7.134   7.654   9.860   11.39   9.975   3.425   5.010   12.54   12.54   12.73   9.950   14.80   13.93   12.56   8.919   7.770   11.84   11.70   10.87   8.998   14.96   13.22   10.72   14.05   4.088   16.22   16.68   17.16   14.23   12.80   13.33   13.46   11.83   11.42   16.94   13.42   11.34   9.199   9.639   12.30   9.330   10.85   9.369   12.01   11.18   9.916   6.268   7.368   10.12   9.438   7.310   8.465   13.03   12.69   16.35   16.56   15.89   18.40   17.67   12.00   11.60   14.77   11.89   
   18.0    1.531   1.866   2.391   4.884   5.801   7.432   4.902   4.038   4.577   4.561   8.312   10.19   9.506   9.086   9.939   7.819   2.354   5.581   7.051   7.103   10.92   9.978   10.65   8.251   7.870   8.640   7.889   8.146   7.790   7.341   7.876   10.15   11.72   10.26   3.524   5.155   12.90   12.91   13.10   10.24   15.23   14.33   12.93   9.178   7.996   12.18   12.04   11.19   9.259   15.39   13.61   11.03   14.46   4.206   16.69   17.17   17.66   14.64   13.17   13.72   13.85   12.17   11.75   17.43   13.81   11.66   9.466   9.919   12.66   9.600   11.16   9.640   12.36   11.50   10.20   6.450   7.581   10.42   9.711   7.522   8.710   13.41   13.06   16.83   17.04   16.35   18.94   18.19   12.35   11.93   15.20   12.23   
   20.0    1.614   1.967   2.520   5.148   6.115   7.834   5.167   4.256   4.825   4.808   8.762   10.74   10.02   9.578   10.48   8.242   2.482   5.883   7.432   7.487   11.51   10.52   11.22   8.698   8.296   9.108   8.315   8.587   8.211   7.738   8.302   10.69   12.35   10.82   3.715   5.434   13.60   13.61   13.81   10.79   16.05   15.10   13.63   9.675   8.428   12.84   12.69   11.79   9.759   16.23   14.34   11.62   15.24   4.434   17.60   18.09   18.61   15.43   13.88   14.46   14.60   12.83   12.39   18.38   14.56   12.30   9.978   10.46   13.34   10.12   11.77   10.16   13.02   12.12   10.75   6.799   7.992   10.98   10.24   7.929   9.182   14.14   13.77   17.74   17.96   17.24   19.96   19.17   13.02   12.58   16.02   12.89   
   22.0    1.712   2.086   2.673   5.460   6.486   8.309   5.481   4.515   5.118   5.100   9.293   11.39   10.63   10.16   11.11   8.742   2.632   6.239   7.883   7.941   12.20   11.16   11.90   9.225   8.799   9.660   8.820   9.108   8.709   8.207   8.806   11.34   13.10   11.48   3.940   5.764   14.42   14.43   14.64   11.45   17.02   16.02   14.45   10.26   8.940   13.62   13.46   12.51   10.35   17.21   15.21   12.33   16.17   4.703   18.66   19.19   19.74   16.37   14.72   15.34   15.49   13.61   13.14   19.49   15.44   13.04   10.58   11.09   14.15   10.73   12.48   10.78   13.81   12.86   11.41   7.211   8.476   11.65   10.86   8.410   9.739   14.99   14.60   18.81   19.05   18.28   21.17   20.33   13.81   13.34   16.99   13.68   
   25.0    1.805   2.199   2.817   5.755   6.837   8.759   5.777   4.759   5.394   5.375   9.796   12.01   11.20   10.71   11.71   9.215   2.774   6.577   8.309   8.370   12.86   11.76   12.55   9.724   9.275   10.18   9.297   9.600   9.180   8.651   9.282   11.96   13.81   12.10   4.153   6.075   15.20   15.21   15.44   12.07   17.94   16.89   15.23   10.82   9.423   14.36   14.19   13.19   10.91   18.14   16.04   13.00   17.04   4.957   19.67   20.23   20.81   17.25   15.52   16.17   16.33   14.34   13.85   20.55   16.27   13.75   11.16   11.69   14.92   11.31   13.16   11.36   14.56   13.55   12.02   7.601   8.935   12.28   11.44   8.865   10.27   15.80   15.39   19.83   20.08   19.27   22.32   21.43   14.56   14.06   17.91   14.42   
   27.0    1.893   2.306   2.955   6.036   7.171   9.186   6.059   4.991   5.658   5.638   10.27   12.59   11.75   11.23   12.28   9.665   2.910   6.898   8.715   8.779   13.49   12.33   13.16   10.20   9.727   10.68   9.751   10.07   9.629   9.073   9.735   12.54   14.49   12.69   4.356   6.372   15.95   15.95   16.19   12.65   18.82   17.71   15.98   11.34   9.883   15.06   14.88   13.83   11.44   19.03   16.82   13.63   17.87   5.199   20.63   21.22   21.82   18.10   16.27   16.96   17.12   15.04   14.52   21.55   17.07   14.42   11.70   12.26   15.65   11.87   13.80   11.92   15.27   14.21   12.61   7.972   9.371   12.87   12.00   9.298   10.77   16.58   16.14   20.80   21.06   20.21   23.41   22.48   15.27   14.75   18.79   15.12   
   30.0    1.977   2.409   3.086   6.305   7.489   9.595   6.329   5.213   5.909   5.888   10.73   13.15   12.27   11.73   12.83   10.09   3.039   7.205   9.103   9.169   14.09   12.88   13.74   10.65   10.16   11.15   10.18   10.52   10.06   9.477   10.17   13.10   15.13   13.25   4.550   6.655   16.65   16.66   16.91   13.22   19.66   18.50   16.69   11.85   10.32   15.73   15.54   14.45   11.95   19.87   17.57   14.24   18.67   5.431   21.55   22.16   22.80   18.90   17.00   17.71   17.89   15.71   15.17   22.51   17.83   15.06   12.22   12.81   16.34   12.39   14.41   12.45   15.95   14.85   13.17   8.327   9.788   13.45   12.54   9.711   11.25   17.31   16.86   21.72   21.99   21.11   24.45   23.48   15.95   15.40   19.62   15.79   
   32.0    2.058   2.507   3.212   6.562   7.795   9.987   6.587   5.426   6.151   6.129   11.17   13.69   12.77   12.21   13.35   10.51   3.163   7.499   9.474   9.544   14.67   13.41   14.30   11.09   10.57   11.61   10.60   10.95   10.47   9.864   10.58   13.63   15.75   13.79   4.736   6.927   17.33   17.34   17.60   13.76   20.46   19.26   17.37   12.33   10.74   16.37   16.18   15.04   12.44   20.69   18.28   14.82   19.43   5.652   22.43   23.07   23.73   19.67   17.69   18.44   18.62   16.35   15.79   23.43   18.55   15.67   12.72   13.33   17.01   12.90   15.00   12.95   16.60   15.45   13.71   8.667   10.19   14.00   13.05   10.11   11.70   18.02   17.55   22.61   22.89   21.98   25.45   24.44   16.60   16.03   20.42   16.44   
   35.0    2.135   2.602   3.334   6.810   8.089   10.36   6.836   5.631   6.383   6.360   11.59   14.21   13.26   12.67   13.86   10.90   3.283   7.782   9.832   9.904   15.22   13.91   14.84   11.51   10.97   12.05   11.00   11.36   10.86   10.24   10.98   14.15   16.34   14.31   4.914   7.188   17.99   18.00   18.26   14.28   21.23   19.98   18.02   12.80   11.15   16.99   16.79   15.60   12.91   21.47   18.97   15.38   20.16   5.866   23.28   23.94   24.62   20.42   18.36   19.13   19.32   16.97   16.39   24.31   19.26   16.27   13.20   13.83   17.65   13.39   15.57   13.44   17.23   16.04   14.23   8.994   10.57   14.52   13.54   10.49   12.15   18.70   18.21   23.46   23.76   22.81   26.41   25.36   17.22   16.64   21.19   17.06   
   37.0    2.210   2.693   3.451   7.049   8.373   10.73   7.076   5.828   6.607   6.583   12.00   14.70   13.72   13.12   14.35   11.29   3.398   8.055   10.18   10.25   15.76   14.40   15.37   11.91   11.36   12.47   11.39   11.76   11.24   10.60   11.37   14.64   16.92   14.82   5.087   7.441   18.62   18.63   18.90   14.78   21.98   20.68   18.66   13.25   11.54   17.58   17.38   16.15   13.36   22.22   19.64   15.92   20.87   6.072   24.09   24.78   25.49   21.13   19.00   19.81   20.00   17.57   16.96   25.16   19.93   16.84   13.66   14.32   18.27   13.86   16.11   13.91   17.83   16.60   14.73   9.310   10.94   15.03   14.02   10.86   12.57   19.36   18.85   24.29   24.59   23.61   27.33   26.25   17.83   17.22   21.94   17.66   
   40.0    2.283   2.781   3.564   7.280   8.648   11.08   7.308   6.020   6.824   6.799   12.39   15.19   14.17   13.55   14.82   11.66   3.509   8.319   10.51   10.59   16.27   14.87   15.87   12.30   11.73   12.88   11.76   12.14   11.61   10.94   11.74   15.12   17.47   15.30   5.254   7.685   19.23   19.24   19.52   15.26   22.70   21.36   19.27   13.68   11.92   18.16   17.95   16.68   13.80   22.95   20.28   16.44   21.55   6.271   24.88   25.59   26.32   21.83   19.63   20.45   20.65   18.14   17.52   25.99   20.58   17.39   14.11   14.79   18.87   14.31   16.64   14.37   18.42   17.14   15.21   9.615   11.30   15.53   14.48   11.21   12.98   19.99   19.47   25.08   25.40   24.38   28.23   27.11   18.41   17.79   22.66   18.23   
   45.0    2.421   2.950   3.780   7.722   9.173   11.75   7.751   6.385   7.237   7.212   13.14   16.11   15.03   14.37   15.71   12.36   3.722   8.824   11.15   11.23   17.26   15.78   16.83   13.05   12.44   13.66   12.47   12.88   12.32   11.61   12.45   16.04   18.53   16.23   5.572   8.151   20.40   20.41   20.71   16.19   24.07   22.66   20.44   14.51   12.64   19.26   19.03   17.69   14.64   24.34   21.51   17.44   22.86   6.651   26.39   27.14   27.92   23.15   20.82   21.70   21.91   19.24   18.58   27.57   21.83   18.44   14.97   15.68   20.02   15.18   17.65   15.24   19.54   18.18   16.13   10.20   11.99   16.47   15.35   11.89   13.77   21.20   20.65   26.61   26.94   25.86   29.94   28.75   19.53   18.87   24.03   19.34   
   50.0    2.552   3.110   3.984   8.139   9.669   12.39   8.170   6.730   7.629   7.602   13.85   16.98   15.84   15.14   16.56   13.03   3.924   9.301   11.75   11.84   18.19   16.63   17.74   13.75   13.12   14.40   13.15   13.58   12.98   12.23   13.13   16.91   19.53   17.11   5.874   8.592   21.50   21.51   21.83   17.06   25.38   23.88   21.54   15.30   13.33   20.30   20.06   18.65   15.43   25.66   22.68   18.38   24.10   7.011   27.82   28.61   29.43   24.40   21.94   22.87   23.09   20.28   19.58   29.06   23.01   19.44   15.78   16.53   21.10   16.00   18.61   16.07   20.59   19.17   17.00   10.75   12.64   17.36   16.19   12.54   14.52   22.35   21.76   28.04   28.39   27.26   31.56   30.31   20.59   19.89   25.33   20.39   
   55.0    2.677   3.261   4.179   8.537   10.14   12.99   8.569   7.059   8.001   7.973   14.53   17.81   16.62   15.88   17.37   13.67   4.115   9.755   12.32   12.42   19.08   17.44   18.61   14.42   13.76   15.10   13.79   14.24   13.62   12.83   13.77   17.73   20.49   17.94   6.160   9.011   22.55   22.56   22.90   17.90   26.61   25.05   22.59   16.04   13.98   21.30   21.04   19.56   16.18   26.91   23.79   19.28   25.28   7.353   29.18   30.01   30.86   25.59   23.02   23.99   24.22   21.28   20.54   30.47   24.14   20.39   16.55   17.34   22.13   16.78   19.51   16.85   21.60   20.10   17.83   11.27   13.25   18.21   16.98   13.15   15.23   23.44   22.83   29.41   29.78   28.59   33.10   31.79   21.59   20.86   26.57   21.38   
   60.0    2.796   3.407   4.365   8.916   10.59   13.57   8.950   7.372   8.357   8.328   15.18   18.60   17.36   16.59   18.15   14.28   4.298   10.19   12.87   12.97   19.93   18.22   19.44   15.07   14.37   15.77   14.40   14.87   14.22   13.40   14.38   18.52   21.40   18.74   6.434   9.412   23.55   23.57   23.91   18.69   27.80   26.16   23.60   16.76   14.60   22.24   21.98   20.43   16.90   28.11   24.84   20.13   26.40   7.680   30.48   31.34   32.24   26.73   24.04   25.05   25.29   22.22   21.45   31.83   25.21   21.30   17.28   18.11   23.11   17.53   20.38   17.60   22.56   21.00   18.63   11.78   13.84   19.02   17.73   13.73   15.90   24.48   23.84   30.72   31.10   29.86   34.57   33.20   22.55   21.79   27.75   22.33   
   65.0    2.910   3.546   4.543   9.280   11.02   14.12   9.316   7.673   8.698   8.668   15.80   19.36   18.07   17.27   18.89   14.86   4.474   10.60   13.40   13.50   20.74   18.96   20.23   15.68   14.96   16.42   14.99   15.48   14.80   13.95   14.97   19.28   22.27   19.51   6.697   9.796   24.51   24.53   24.89   19.46   28.93   27.23   24.56   17.44   15.19   23.15   22.88   21.26   17.59   29.25   25.86   20.96   27.48   7.994   31.72   32.62   33.55   27.82   25.02   26.07   26.33   23.13   22.33   33.13   26.24   22.17   17.99   18.85   24.06   18.24   21.21   18.32   23.48   21.85   19.39   12.26   14.41   19.79   18.45   14.29   16.55   25.48   24.82   31.98   32.37   31.08   35.99   34.56   23.47   22.67   28.88   23.24   
   70.0    3.020   3.679   4.714   9.631   11.44   14.66   9.667   7.963   9.027   8.995   16.39   20.09   18.75   17.92   19.60   15.42   4.643   11.01   13.90   14.01   21.53   19.68   20.99   16.27   15.52   17.04   15.56   16.06   15.36   14.48   15.53   20.01   23.11   20.24   6.950   10.17   25.44   25.45   25.83   20.19   30.02   28.26   25.49   18.10   15.77   24.02   23.74   22.07   18.26   30.36   26.83   21.75   28.51   8.295   32.92   33.85   34.82   28.87   25.97   27.06   27.32   24.00   23.17   34.38   27.23   23.00   18.67   19.56   24.96   18.93   22.02   19.01   24.37   22.68   20.12   12.72   14.95   20.54   19.15   14.83   17.18   26.45   25.75   33.18   33.60   32.25   37.34   35.86   24.36   23.53   29.97   24.12   
   80.0    3.228   3.934   5.040   10.30   12.23   15.67   10.33   8.513   9.650   9.616   17.52   21.48   20.04   19.16   20.95   16.48   4.963   11.77   14.86   14.97   23.01   21.04   22.44   17.40   16.59   18.22   16.63   17.17   16.42   15.48   16.60   21.39   24.71   21.64   7.430   10.87   27.20   27.21   27.61   21.58   32.10   30.21   27.25   19.35   16.86   25.68   25.38   23.59   19.52   32.46   28.69   23.25   30.48   8.868   35.19   36.19   37.22   30.87   27.76   28.93   29.21   25.66   24.77   36.75   29.11   24.59   19.96   20.91   26.69   20.24   23.54   20.32   26.05   24.24   21.51   13.60   15.98   21.96   20.47   15.86   18.36   28.27   27.53   35.47   35.92   34.48   39.92   38.34   26.04   25.16   32.04   25.79   
   90.0    3.424   4.172   5.346   10.92   12.97   16.62   10.96   9.029   10.24   10.20   18.59   22.78   21.26   20.32   22.22   17.48   5.264   12.48   15.77   15.88   24.41   22.31   23.80   18.45   17.60   19.32   17.64   18.22   17.42   16.41   17.61   22.69   26.21   22.95   7.881   11.53   28.85   28.86   29.29   22.89   34.04   32.04   28.90   20.52   17.88   27.24   26.92   25.02   20.70   34.42   30.43   24.66   32.33   9.406   37.32   38.38   39.48   32.74   29.44   30.68   30.98   27.22   26.28   38.98   30.88   26.08   21.17   22.18   28.31   21.47   24.96   21.56   27.63   25.71   22.81   14.42   16.95   23.29   21.71   16.82   19.48   29.99   29.20   37.63   38.09   36.57   42.34   40.66   27.62   26.68   33.99   27.35   
   100.    3.610   4.398   5.635   11.51   13.67   17.52   11.55   9.518   10.79   10.75   19.59   24.01   22.41   21.42   23.43   18.43   5.549   13.15   16.62   16.74   25.73   23.52   25.09   19.45   18.55   20.37   18.59   19.20   18.36   17.30   18.56   23.91   27.62   24.19   8.307   12.15   30.41   30.42   30.87   24.13   35.89   33.78   30.47   21.63   18.85   28.72   28.37   26.37   21.82   36.29   32.07   25.99   34.08   9.915   39.34   40.46   41.62   34.51   31.03   32.34   32.65   28.69   27.70   41.09   32.55   27.49   22.31   23.38   29.84   22.63   26.31   22.72   29.12   27.11   24.05   15.20   17.87   24.55   22.89   17.73   20.53   31.61   30.78   39.66   40.16   38.55   44.64   42.86   29.11   28.12   35.82   28.83   
   110.    3.786   4.612   5.910   12.07   14.34   18.37   12.12   9.982   11.32   11.28   20.55   25.18   23.50   22.46   24.57   19.33   5.820   13.80   17.43   17.56   26.99   24.67   26.32   20.40   19.45   21.36   19.50   20.14   19.26   18.15   19.47   25.08   28.97   25.37   8.712   12.74   31.89   31.91   32.38   25.31   37.64   35.42   31.95   22.69   19.77   30.12   29.76   27.66   22.89   38.06   33.64   27.26   35.74   10.40   41.26   42.43   43.65   36.19   32.55   33.92   34.25   30.09   29.05   43.10   34.14   28.84   23.40   24.52   31.29   23.73   27.60   23.83   30.55   28.43   25.22   15.94   18.74   25.75   24.01   18.60   21.53   33.15   32.28   41.60   42.12   40.43   46.81   44.96   30.54   29.50   37.57   30.24   
   120.    3.954   4.818   6.173   12.61   14.98   19.19   12.66   10.43   11.82   11.78   21.46   26.30   24.55   23.46   25.66   20.19   6.079   14.41   18.21   18.34   28.19   25.76   27.49   21.31   20.32   22.31   20.37   21.03   20.11   18.95   20.34   26.20   30.26   26.50   9.100   13.31   33.31   33.33   33.82   26.44   39.31   37.00   33.37   23.70   20.64   31.46   31.08   28.89   23.91   39.75   35.13   28.47   37.33   10.86   43.10   44.32   45.59   37.80   34.00   35.43   35.77   31.43   30.34   45.01   35.65   30.12   24.44   25.61   32.68   24.79   28.82   24.89   31.90   29.69   26.34   16.65   19.58   26.89   25.07   19.42   22.49   34.63   33.72   43.45   43.99   42.23   48.90   46.95   31.89   30.81   39.24   31.58   
   130.    4.116   5.014   6.425   13.12   15.59   19.97   13.17   10.85   12.30   12.26   22.34   27.38   25.55   24.42   26.71   21.01   6.327   15.00   18.95   19.09   29.34   26.82   28.61   22.18   21.15   23.22   21.20   21.89   20.93   19.73   21.17   27.27   31.50   27.58   9.471   13.85   34.67   34.69   35.20   27.51   40.92   38.51   34.74   24.67   21.49   32.74   32.35   30.07   24.88   41.37   36.57   29.64   38.86   11.30   44.86   46.13   47.45   39.35   35.38   36.88   37.23   32.71   31.58   46.85   37.11   31.35   25.44   26.66   34.02   25.80   30.00   25.91   33.21   30.90   27.42   17.33   20.37   27.99   26.10   20.22   23.41   36.04   35.09   45.22   45.78   43.95   50.89   48.87   33.20   32.07   40.85   32.87   
   140.    4.271   5.204   6.667   13.62   16.18   20.73   13.67   11.26   12.77   12.72   23.18   28.41   26.51   25.34   27.72   21.81   6.566   15.56   19.66   19.81   30.44   27.83   29.69   23.01   21.95   24.10   22.00   22.72   21.73   20.47   21.96   28.29   32.69   28.63   9.829   14.38   35.98   36.00   36.53   28.55   42.46   39.96   36.05   25.60   22.30   33.98   33.57   31.21   25.82   42.93   37.95   30.76   40.33   11.73   46.55   47.87   49.24   40.83   36.72   38.27   38.64   33.94   32.77   48.62   38.51   32.53   26.40   27.66   35.30   26.77   31.13   26.89   34.46   32.07   28.45   17.99   21.14   29.05   27.08   20.98   24.29   37.40   36.42   46.93   47.51   45.61   52.81   50.72   34.45   33.28   42.39   34.11   
   150.    4.421   5.386   6.901   14.10   16.75   21.45   14.15   11.66   13.21   13.17   23.99   29.41   27.44   26.23   28.69   22.57   6.796   16.11   20.35   20.50   31.51   28.80   30.73   23.82   22.72   24.94   22.77   23.52   22.49   21.19   22.74   29.29   33.83   29.63   10.17   14.88   37.24   37.26   37.81   29.56   43.95   41.37   37.31   26.49   23.08   35.17   34.75   32.30   26.73   44.44   39.28   31.83   41.74   12.14   48.19   49.55   50.97   42.26   38.01   39.61   39.99   35.13   33.92   50.33   39.86   33.67   27.33   28.63   36.54   27.71   32.23   27.83   35.67   33.20   29.45   18.62   21.89   30.07   28.03   21.71   25.15   38.71   37.70   48.57   49.18   47.21   54.67   52.50   35.66   34.45   43.88   35.31   
   160.    4.566   5.563   7.128   14.56   17.30   22.16   14.62   12.04   13.65   13.60   24.78   30.37   28.34   27.09   29.63   23.31   7.019   16.64   21.02   21.18   32.55   29.75   31.74   24.60   23.46   25.76   23.52   24.29   23.23   21.89   23.48   30.25   34.94   30.60   10.51   15.37   38.46   38.48   39.05   30.52   45.39   42.72   38.54   27.36   23.84   36.32   35.89   33.36   27.60   45.90   40.57   32.88   43.11   12.54   49.77   51.18   52.64   43.65   39.26   40.91   41.31   36.29   35.03   51.98   41.17   34.78   28.22   29.57   37.74   28.62   33.28   28.74   36.84   34.29   30.42   19.23   22.60   31.05   28.95   22.43   25.97   39.98   38.93   50.17   50.79   48.76   56.46   54.22   36.83   35.57   45.31   36.47   
   170.    4.706   5.734   7.347   15.01   17.83   22.84   15.07   12.41   14.07   14.02   25.54   31.31   29.22   27.92   30.54   24.03   7.235   17.15   21.67   21.83   33.55   30.66   32.72   25.36   24.19   26.55   24.24   25.03   23.94   22.56   24.20   31.18   36.02   31.54   10.83   15.84   39.64   39.67   40.25   31.46   46.79   44.04   39.72   28.21   24.57   37.44   37.00   34.39   28.45   47.31   41.82   33.89   44.44   12.93   51.30   52.75   54.26   44.99   40.46   42.17   42.58   37.40   36.11   53.58   42.44   35.85   29.09   30.48   38.90   29.50   34.31   29.63   37.97   35.34   31.36   19.82   23.30   32.01   29.84   23.12   26.77   41.21   40.13   51.71   52.36   50.26   58.20   55.89   37.96   36.67   46.71   37.59   
   180.    4.843   5.900   7.560   15.44   18.35   23.50   15.50   12.77   14.47   14.42   26.28   32.21   30.06   28.73   31.43   24.73   7.445   17.65   22.30   22.46   34.52   31.55   33.67   26.09   24.89   27.32   24.95   25.76   24.63   23.21   24.91   32.08   37.06   32.46   11.14   16.30   40.79   40.82   41.42   32.38   48.15   45.31   40.88   29.02   25.28   38.53   38.07   35.38   29.28   48.68   43.03   34.87   45.72   13.30   52.79   54.28   55.84   46.30   41.64   43.39   43.81   38.49   37.16   55.13   43.67   36.89   29.93   31.37   40.03   30.36   35.30   30.49   39.07   36.37   32.26   20.40   23.97   32.94   30.71   23.79   27.55   42.41   41.30   53.21   53.87   51.72   59.88   57.51   39.06   37.73   48.06   38.68   
   200.    5.105   6.219   7.969   16.28   19.34   24.77   16.34   13.46   15.26   15.20   27.71   33.96   31.69   30.29   33.13   26.06   7.847   18.60   23.50   23.68   36.39   33.26   35.49   27.50   26.23   28.80   26.30   27.15   25.97   24.47   26.25   33.82   39.07   34.21   11.75   17.18   43.00   43.02   43.66   34.13   50.75   47.77   43.09   30.59   26.65   40.61   40.13   37.30   30.86   51.32   45.36   36.76   48.20   14.02   55.64   57.22   58.86   48.80   43.89   45.74   46.18   40.57   39.17   58.11   46.03   38.88   31.55   33.06   42.20   32.00   37.21   32.13   41.19   38.33   34.01   21.50   25.27   34.72   32.37   25.07   29.03   44.70   43.53   56.09   56.79   54.51   63.12   60.62   41.17   39.77   50.66   40.77   
   225.    5.414   6.597   8.452   17.27   20.51   26.28   17.33   14.28   16.18   16.13   29.39   36.02   33.61   32.13   35.14   27.64   8.323   19.73   24.93   25.11   38.59   35.28   37.64   29.17   27.82   30.55   27.89   28.80   27.54   25.95   27.85   35.87   41.44   36.29   12.46   18.23   45.61   45.63   46.31   36.20   53.83   50.66   45.70   32.45   28.27   43.07   42.56   39.56   32.73   54.43   48.11   38.99   51.12   14.87   59.02   60.69   62.43   51.76   46.55   48.51   48.98   43.03   41.55   61.64   48.82   41.24   33.47   35.07   44.76   33.94   39.47   34.08   43.69   40.66   36.07   22.80   26.80   36.83   34.33   26.59   30.80   47.41   46.17   59.49   60.23   57.82   66.95   64.30   43.67   42.19   53.74   43.25   
   250.    5.707   6.954   8.910   18.20   21.62   27.70   18.27   15.05   17.06   17.00   30.98   37.97   35.43   33.86   37.04   29.14   8.774   20.80   26.28   26.47   40.68   37.19   39.67   30.75   29.33   32.20   29.40   30.36   29.03   27.36   29.35   37.81   43.68   38.25   13.13   19.21   48.08   48.10   48.81   38.16   56.74   53.40   48.17   34.20   29.80   45.40   44.86   41.70   34.50   57.37   50.71   41.10   53.89   15.68   62.21   63.97   65.80   54.56   49.07   51.14   51.63   45.36   43.79   64.97   51.46   43.47   35.28   36.97   47.18   35.78   41.60   35.93   46.05   42.86   38.02   24.04   28.25   38.82   36.19   28.03   32.46   49.98   48.67   62.71   63.49   60.95   70.57   67.77   46.03   44.47   56.64   45.59   
   275.    5.986   7.293   9.344   19.09   22.68   29.05   19.16   15.78   17.89   17.83   32.49   39.82   37.16   35.52   38.85   30.56   9.202   21.81   27.56   27.76   42.67   39.00   41.61   32.25   30.76   33.77   30.83   31.84   30.45   28.69   30.78   39.66   45.81   40.12   13.78   20.15   50.42   50.45   51.19   40.02   59.51   56.01   50.52   35.87   31.25   47.62   47.05   43.74   36.19   60.17   53.19   43.10   56.52   16.44   65.24   67.09   69.02   57.23   51.46   53.63   54.15   47.57   45.93   68.14   53.97   45.59   37.00   38.77   49.48   37.53   43.64   37.68   48.30   44.95   39.88   25.21   29.63   40.71   37.96   29.40   34.05   52.42   51.04   65.77   66.59   63.92   74.02   71.08   48.28   46.64   59.41   47.81   
   300.    6.252   7.617   9.760   19.94   23.68   30.34   20.01   16.49   18.69   18.62   33.93   41.59   38.81   37.10   40.57   31.92   9.611   22.78   28.78   29.00   44.56   40.74   43.46   33.69   32.13   35.27   32.21   33.26   31.80   29.97   32.15   41.42   47.85   41.90   14.39   21.05   52.66   52.69   53.47   41.80   62.16   58.50   52.77   37.47   32.64   49.74   49.15   45.68   37.80   62.85   55.55   45.02   59.03   17.17   68.15   70.08   72.08   59.77   53.75   56.02   56.56   49.69   47.97   71.17   56.37   47.62   38.65   40.49   51.68   39.19   45.58   39.36   50.44   46.95   41.65   26.33   30.95   42.52   39.65   30.71   35.56   54.75   53.31   68.69   69.55   66.77   77.31   74.24   50.43   48.71   62.05   49.94   
   325.    6.507   7.928   10.16   20.75   24.65   31.58   20.83   17.16   19.45   19.38   35.32   43.29   40.39   38.61   42.23   33.23   10.00   23.71   29.96   30.18   46.38   42.40   45.24   35.06   33.44   36.71   33.52   34.61   33.10   31.19   33.47   43.11   49.80   43.62   14.98   21.90   54.82   54.85   55.65   43.50   64.69   60.89   54.93   39.00   33.98   51.77   51.15   47.55   39.34   65.42   57.82   46.86   61.44   17.87   70.93   72.94   75.03   62.21   55.95   58.30   58.87   51.72   49.93   74.08   58.68   49.56   40.22   42.15   53.79   40.79   47.44   40.96   52.50   48.86   43.35   27.41   32.22   44.26   41.26   31.96   37.01   56.98   55.49   71.50   72.39   69.49   80.47   77.27   52.49   50.70   64.58   51.98   
   350.    6.753   8.228   10.54   21.53   25.58   32.77   21.62   17.81   20.18   20.11   36.65   44.92   41.92   40.07   43.83   34.48   10.38   24.61   31.09   31.32   48.14   44.00   46.94   36.39   34.70   38.10   34.79   35.92   34.35   32.37   34.73   44.74   51.68   45.26   15.54   22.73   56.88   56.92   57.76   45.15   67.14   63.19   57.00   40.47   35.26   53.72   53.08   49.34   40.83   67.89   60.00   48.63   63.76   18.55   73.61   75.69   77.86   64.56   58.06   60.51   61.09   53.67   51.82   76.88   60.89   51.44   41.74   43.74   55.82   42.33   49.23   42.51   54.49   50.71   44.99   28.44   33.43   45.93   42.82   33.17   38.41   59.13   57.58   74.20   75.12   72.12   83.51   80.19   54.47   52.62   67.02   53.94   
   375.    6.990   8.516   10.91   22.29   26.48   33.92   22.38   18.43   20.89   20.82   37.94   46.50   43.39   41.47   45.36   35.69   10.75   25.47   32.18   32.42   49.83   45.54   48.59   37.66   35.92   39.44   36.01   37.18   35.56   33.51   35.95   46.31   53.50   46.85   16.09   23.53   58.88   58.91   59.78   46.73   69.49   65.41   59.00   41.89   36.50   55.61   54.95   51.07   42.26   70.27   62.11   50.34   66.00   19.20   76.19   78.35   80.59   66.83   60.10   62.63   63.24   55.55   53.63   79.58   63.03   53.24   43.21   45.27   57.78   43.82   50.96   44.00   56.40   52.49   46.57   29.44   34.60   47.54   44.33   34.33   39.76   61.21   59.61   76.80   77.76   74.65   86.44   83.01   56.38   54.46   69.37   55.83   
   400.    7.219   8.796   11.27   23.02   27.35   35.04   23.11   19.04   21.58   21.50   39.18   48.02   44.81   42.83   46.85   36.86   11.10   26.31   33.24   33.48   51.46   47.04   50.19   38.90   37.10   40.73   37.19   38.40   36.72   34.60   37.13   47.83   55.25   48.39   16.61   24.30   60.81   60.85   61.74   48.26   71.77   67.55   60.93   43.27   37.69   57.43   56.75   52.75   43.65   72.57   64.15   51.99   68.16   19.83   78.69   80.92   83.24   69.02   62.07   64.68   65.31   57.37   55.39   82.18   65.09   54.99   44.62   46.76   59.67   45.26   52.63   45.45   58.25   54.21   48.10   30.41   35.74   49.10   45.78   35.46   41.06   63.22   61.56   79.32   80.31   77.10   89.27   85.73   58.23   56.25   71.65   57.66   
   450.    7.657   9.329   11.95   24.42   29.01   37.16   24.51   20.19   22.89   22.81   41.56   50.94   47.53   45.43   49.69   39.10   11.77   27.90   35.25   35.51   54.58   49.89   53.23   41.26   39.35   43.20   39.44   40.73   38.95   36.70   39.38   50.73   58.60   51.32   17.62   25.78   64.50   64.54   65.49   51.19   76.13   71.65   64.63   45.89   39.98   60.91   60.19   55.95   46.29   76.97   68.04   55.14   72.30   21.03   83.46   85.83   88.28   73.20   65.83   68.61   69.27   60.85   58.75   87.17   69.04   58.32   47.33   49.59   63.29   48.00   55.82   48.20   61.78   57.50   51.01   32.25   37.91   52.08   48.56   37.61   43.55   67.05   65.29   84.13   85.18   81.77   94.69   90.93   61.76   59.66   76.00   61.16   
   500.    8.071   9.834   12.60   25.74   30.58   39.17   25.84   21.28   24.12   24.04   43.81   53.69   50.10   47.89   52.38   41.21   12.41   29.41   37.16   37.43   57.53   52.59   56.11   43.49   41.48   45.54   41.58   42.93   41.06   38.69   41.51   53.47   61.77   54.10   18.57   27.17   67.99   68.03   69.03   53.96   80.24   75.52   68.13   48.37   42.14   64.21   63.45   58.97   48.80   81.14   71.72   58.12   76.21   22.17   87.98   90.47   93.06   77.16   69.39   72.32   73.02   64.15   61.93   91.89   72.78   61.48   49.89   52.28   66.72   50.60   58.84   50.81   65.12   60.61   53.77   33.99   39.96   54.90   51.18   39.65   45.91   70.68   68.83   88.68   89.79   86.20   99.81   95.85   65.10   62.89   80.11   64.47   
   550.    8.465   10.31   13.21   27.00   32.07   41.08   27.10   22.32   25.30   25.21   45.95   56.31   52.55   50.23   54.94   43.22   13.01   30.85   38.97   39.26   60.34   55.16   58.85   45.61   43.50   47.76   43.61   45.03   43.06   40.58   43.54   56.08   64.79   56.74   19.48   28.50   71.31   71.35   72.40   56.59   84.16   79.21   71.45   50.73   44.20   67.34   66.54   61.85   51.18   85.10   75.22   60.96   79.93   23.25   92.27   94.89   97.60   80.93   72.78   75.85   76.58   67.28   64.95   96.37   76.33   64.48   52.33   54.83   69.97   53.07   61.71   53.29   68.30   63.57   56.40   35.65   41.91   57.58   53.68   41.58   48.15   74.13   72.19   93.01   94.17   90.40   104.7   100.5   68.28   65.96   84.02   67.62   
   600.    8.842   10.77   13.80   28.20   33.49   42.91   28.30   23.31   26.43   26.33   47.99   58.82   54.89   52.46   57.38   45.14   13.59   32.22   40.71   41.01   63.02   57.61   61.46   47.64   45.44   49.88   45.55   47.03   44.98   42.38   45.47   58.58   67.67   59.26   20.35   29.76   74.48   74.52   75.62   59.11   87.90   82.73   74.63   52.99   46.16   70.34   69.50   64.60   53.45   88.88   78.56   63.67   83.48   24.29   96.37   99.11   101.9   84.53   76.02   79.22   79.99   70.27   67.84   100.7   79.72   67.35   54.65   57.27   73.09   55.43   64.45   55.66   71.34   66.39   58.91   37.24   43.77   60.14   56.07   43.43   50.29   77.42   75.40   97.15   98.36   94.42   109.3   105.0   71.31   68.89   87.75   70.62   
   650.    9.203   11.21   14.37   29.35   34.86   44.66   29.46   24.27   27.51   27.41   49.95   61.22   57.13   54.60   59.72   46.99   14.15   33.54   42.37   42.68   65.60   59.96   63.97   49.59   47.29   51.92   47.41   48.95   46.81   44.11   47.33   60.97   70.43   61.68   21.18   30.98   77.52   77.56   78.71   61.52   91.49   86.11   77.68   55.15   48.05   73.21   72.34   67.24   55.64   92.51   81.77   66.27   86.89   25.28   100.3   103.2   106.1   87.98   79.12   82.46   83.25   73.14   70.61   104.8   82.98   70.10   56.88   59.60   76.07   57.69   67.09   57.93   74.25   69.10   61.31   38.76   45.56   62.59   58.36   45.20   52.34   80.59   78.47   101.1   102.4   98.28   113.8   109.3   74.23   71.70   91.34   73.51   
   700.    9.550   11.64   14.91   30.45   36.18   46.35   30.57   25.18   28.55   28.44   51.83   63.53   59.28   56.66   61.98   48.76   14.68   34.80   43.97   44.29   68.07   62.22   66.39   51.46   49.08   53.88   49.20   50.80   48.58   45.78   49.11   63.27   73.09   64.01   21.98   32.15   80.45   80.49   81.68   63.85   94.95   89.36   80.61   57.24   49.86   75.97   75.07   69.78   57.74   96.00   84.86   68.77   90.17   26.23   104.1   107.0   110.1   91.30   82.11   85.57   86.40   75.90   73.28   108.7   86.11   72.74   59.03   61.85   78.94   59.87   69.62   60.12   77.06   71.71   63.63   40.22   47.28   64.96   60.56   46.91   54.32   83.63   81.44   104.9   106.2   102.0   118.1   113.4   77.03   74.41   94.78   76.28   
   800.    10.21   12.44   15.94   32.56   38.67   49.55   32.68   26.92   30.52   30.41   55.41   67.91   63.38   60.58   66.26   52.13   15.69   37.20   47.01   47.35   72.77   66.52   70.97   55.01   52.47   57.60   52.59   54.31   51.93   48.94   52.51   67.64   78.14   68.43   23.50   34.37   86.00   86.05   87.32   68.26   101.5   95.53   86.17   61.19   53.30   81.22   80.25   74.60   61.72   102.6   90.71   73.52   96.40   28.04   111.3   114.4   117.7   97.61   87.78   91.48   92.36   81.14   78.34   116.2   92.06   77.76   63.11   66.13   84.39   64.00   74.42   64.27   82.38   76.66   68.02   43.00   50.54   69.44   64.74   50.15   58.07   89.40   87.06   112.2   113.6   109.0   126.2   121.2   82.35   79.55   101.3   81.55   
   900.    10.83   13.19   16.90   34.53   41.02   52.55   34.66   28.55   32.37   32.25   58.77   72.03   67.22   64.25   70.28   55.29   16.65   39.46   49.86   50.22   77.19   70.56   75.28   58.35   55.65   61.10   55.78   57.60   55.08   51.91   55.69   71.74   82.87   72.58   24.92   36.45   91.22   91.27   92.61   72.40   107.7   101.3   91.40   64.90   56.54   86.15   85.12   79.12   65.47   108.9   96.22   77.98   102.2   29.74   118.0   121.4   124.9   103.5   93.10   97.03   97.96   86.06   83.09   123.3   97.64   82.48   66.94   70.14   89.51   67.89   78.94   68.17   87.37   81.32   72.15   45.61   53.61   73.65   68.67   53.19   61.59   94.83   92.34   119.0   120.5   115.6   133.9   128.6   87.34   84.37   107.5   86.49   
   1.00e3  11.41   13.91   17.82   36.40   43.24   55.40   36.54   30.10   34.12   34.00   61.95   75.93   70.86   67.73   74.08   58.28   17.55   41.60   52.55   52.94   81.36   74.37   79.35   61.50   58.66   64.40   58.80   60.72   58.06   54.71   58.70   75.62   87.36   76.51   26.27   38.42   96.15   96.21   97.62   76.31   113.5   106.8   96.35   68.41   59.60   90.80   89.73   83.40   69.01   114.7   101.4   82.20   107.8   31.35   124.4   127.9   131.6   109.1   98.14   102.3   103.3   90.72   87.58   129.9   102.9   86.94   70.56   73.93   94.35   71.56   83.21   71.86   92.10   85.71   76.05   48.08   56.51   77.64   72.38   56.07   64.92   99.95   97.34   125.4   127.0   121.9   141.1   135.5   92.07   88.94   113.3   91.17   
   1.10e3  11.97   14.59   18.69   38.18   45.35   58.10   38.32   31.57   35.78   35.66   64.98   79.64   74.32   71.03   77.69   61.13   18.40   43.63   55.12   55.52   85.34   78.00   83.22   64.50   61.52   67.54   61.67   63.68   60.90   57.38   61.57   79.31   91.62   80.24   27.55   40.30   100.8   100.9   102.4   80.04   119.0   112.0   101.0   71.75   62.51   95.24   94.11   87.47   72.38   120.3   106.4   86.21   113.0   32.88   130.5   134.2   138.0   114.5   102.9   107.3   108.3   95.14   91.86   136.3   107.9   91.19   74.00   77.54   98.96   75.05   87.27   75.36   96.59   89.90   79.76   50.42   59.27   81.43   75.92   58.80   68.09   104.8   102.1   131.5   133.2   127.8   148.0   142.2   96.56   93.28   118.8   95.62   
   1.20e3  12.50   15.23   19.52   39.87   47.37   60.68   40.03   32.97   37.37   37.24   67.87   83.18   77.62   74.19   81.15   63.84   19.22   45.57   57.57   57.99   89.13   81.47   86.92   67.37   64.26   70.55   64.41   66.51   63.60   59.94   64.31   82.84   95.70   83.81   28.78   42.09   105.3   105.4   106.9   83.60   124.3   117.0   105.5   74.94   65.28   99.47   98.29   91.36   75.60   125.7   111.1   90.04   118.1   34.35   136.3   140.2   144.2   119.5   107.5   112.0   113.1   99.38   95.94   142.3   112.7   95.24   77.29   80.99   103.4   78.39   91.15   78.71   100.9   93.90   83.31   52.66   61.90   85.05   79.29   61.42   71.12   109.5   106.6   137.4   139.1   133.5   154.6   148.5   100.9   97.43   124.1   99.88   
   1.30e3  13.01   15.86   20.32   41.50   49.30   63.16   41.66   34.32   38.90   38.76   70.64   86.57   80.79   77.22   84.46   66.45   20.01   47.43   59.92   60.36   92.77   84.80   90.47   70.12   66.88   73.43   67.04   69.23   66.20   62.38   66.93   86.22   99.60   87.23   29.95   43.81   109.6   109.7   111.3   87.01   129.4   121.8   109.9   78.00   67.95   103.5   102.3   95.09   78.68   130.8   115.6   93.72   122.9   35.75   141.9   145.9   150.1   124.4   111.9   116.6   117.7   103.4   99.86   148.2   117.4   99.13   80.45   84.29   107.6   81.59   94.87   81.93   105.0   97.73   86.71   54.81   64.43   88.52   82.53   63.93   74.02   114.0   111.0   143.0   144.8   139.0   160.9   154.5   105.0   101.4   129.2   104.0   
   1.40e3  13.51   16.46   21.08   43.07   51.16   65.54   43.23   35.61   40.37   40.23   73.30   89.84   83.84   80.13   87.65   68.96   20.76   49.22   62.18   62.64   96.27   88.00   93.89   72.77   69.41   76.20   69.57   71.84   68.70   64.74   69.46   89.48   103.4   90.52   31.08   45.46   113.8   113.8   115.5   90.29   134.3   126.4   114.0   80.94   70.52   107.4   106.2   98.68   81.65   135.8   120.0   97.26   127.5   37.10   147.2   151.4   155.7   129.1   116.1   121.0   122.2   107.3   103.6   153.8   121.8   102.9   83.48   87.48   111.6   84.67   98.45   85.02   109.0   101.4   89.98   56.88   66.86   91.86   85.64   66.34   76.82   118.3   115.2   148.4   150.3   144.2   167.0   160.4   108.9   105.2   134.0   107.9   
   1.50e3  13.98   17.03   21.82   44.58   52.96   67.85   44.75   36.86   41.79   41.64   75.88   93.00   86.78   82.95   90.73   71.38   21.49   50.94   64.36   64.84   99.65   91.09   97.18   75.33   71.84   78.87   72.01   74.36   71.11   67.01   71.90   92.62   107.0   93.70   32.17   47.06   117.8   117.8   119.6   93.46   139.0   130.8   118.0   83.78   72.99   111.2   109.9   102.1   84.52   140.5   124.2   100.7   132.0   38.40   152.4   156.7   161.2   133.7   120.2   125.3   126.5   111.1   107.3   159.2   126.1   106.5   86.41   90.55   115.6   87.64   101.9   88.00   112.8   105.0   93.14   58.88   69.21   95.09   88.65   68.67   79.52   122.4   119.2   153.6   155.5   149.3   172.9   166.0   112.8   108.9   138.7   111.7   
   1.60e3  14.44   17.59   22.54   46.04   54.69   70.07   46.22   38.07   43.16   43.00   78.37   96.05   89.63   85.67   93.70   73.72   22.20   52.62   66.48   66.96   102.9   94.07   100.4   77.80   74.20   81.46   74.38   76.80   73.44   69.21   74.25   95.65   110.5   96.77   33.23   48.60   121.6   121.7   123.5   96.53   143.5   135.1   121.9   86.53   75.38   114.9   113.5   105.5   87.29   145.1   128.3   104.0   136.3   39.66   157.4   161.8   166.5   138.0   124.1   129.4   130.6   114.7   110.8   164.4   130.2   110.0   89.25   93.52   119.3   90.51   105.3   90.89   116.5   108.4   96.19   60.81   71.48   98.20   91.56   70.92   82.12   126.4   123.1   158.6   160.6   154.2   178.5   171.5   116.5   112.5   143.3   115.3   
   1.70e3  14.88   18.13   23.23   47.46   56.38   72.23   47.64   39.24   44.48   44.33   80.78   99.00   92.39   88.30   96.59   75.99   22.88   54.23   68.52   69.02   106.1   96.97   103.5   80.19   76.48   83.97   76.66   79.17   75.70   71.34   76.54   98.60   113.9   99.75   34.25   50.10   125.4   125.4   127.3   99.50   148.0   139.3   125.6   89.19   77.70   118.4   117.0   108.7   89.98   149.6   132.2   107.2   140.5   40.88   162.2   166.8   171.6   142.3   128.0   133.3   134.6   118.3   114.2   169.4   134.2   113.4   91.99   96.39   123.0   93.30   108.5   93.69   120.1   111.8   99.16   62.68   73.68   101.2   94.38   73.10   84.65   130.3   126.9   163.5   165.6   158.9   184.0   176.7   120.0   116.0   147.7   118.9   
   1.80e3  15.31   18.66   23.91   48.84   58.01   74.32   49.02   40.38   45.77   45.61   83.12   101.9   95.06   90.86   99.39   78.19   23.54   55.81   70.51   71.03   109.2   99.78   106.5   82.51   78.70   86.40   78.89   81.46   77.90   73.41   78.76   101.5   117.2   102.6   35.24   51.55   129.0   129.1   131.0   102.4   152.3   143.3   129.3   91.78   79.96   121.8   120.4   111.9   92.59   153.9   136.1   110.3   144.6   42.06   166.9   171.7   176.6   146.4   131.7   137.2   138.5   121.7   117.5   174.3   138.1   116.6   94.66   99.19   126.6   96.00   111.6   96.40   123.6   115.0   102.0   64.50   75.81   104.2   97.11   75.22   87.10   134.1   130.6   168.3   170.4   163.5   189.4   181.9   123.5   119.3   152.0   122.3   
   2.00e3  16.14   19.67   25.20   51.48   61.15   78.34   51.67   42.57   48.25   48.08   87.62   107.4   100.2   95.78   104.8   82.42   24.82   58.83   74.32   74.87   115.1   105.2   112.2   86.98   82.96   91.08   83.15   85.87   82.11   77.38   83.02   106.9   123.5   108.2   37.15   54.34   136.0   136.1   138.1   107.9   160.5   151.0   136.3   96.75   84.28   128.4   126.9   117.9   97.59   162.3   143.4   116.2   152.4   44.34   176.0   180.9   186.1   154.3   138.8   144.6   146.0   128.3   123.9   183.8   145.6   123.0   99.78   104.6   133.4   101.2   117.7   101.6   130.2   121.2   107.5   67.99   79.92   109.8   102.4   79.29   91.82   141.4   137.7   177.4   179.6   172.4   199.6   191.7   130.2   125.8   160.2   128.9   
   2.25e3  17.12   20.86   26.73   54.60   64.86   83.09   54.81   45.15   51.18   51.00   92.93   113.9   106.3   101.6   111.1   87.42   26.32   62.39   78.83   79.41   122.0   111.6   119.0   92.25   87.99   96.60   88.20   91.08   87.09   82.07   88.06   113.4   131.0   114.8   39.40   57.64   144.2   144.3   146.4   114.5   170.2   160.2   144.5   102.6   89.40   136.2   134.6   125.1   103.5   172.1   152.1   123.3   161.7   47.03   186.6   191.9   197.4   163.7   147.2   153.4   154.9   136.1   131.4   194.9   154.4   130.4   105.8   110.9   141.5   107.3   124.8   107.8   138.1   128.6   114.1   72.11   84.76   116.5   108.6   84.10   97.39   149.9   146.0   188.1   190.5   182.8   211.7   203.3   138.1   133.4   169.9   136.8   
   2.50e3  18.05   21.99   28.17   57.55   68.37   87.59   57.77   47.59   53.95   53.75   97.96   120.1   112.0   107.1   117.1   92.15   27.75   65.77   83.09   83.70   128.6   117.6   125.5   97.24   92.75   101.8   92.97   96.00   91.80   86.51   92.82   119.6   138.1   121.0   41.53   60.75   152.0   152.1   154.4   120.7   179.4   168.9   152.3   108.2   94.23   143.6   141.9   131.9   109.1   181.4   160.4   130.0   170.4   49.57   196.7   202.3   208.1   172.5   155.2   161.7   163.3   143.4   138.5   205.5   162.7   137.5   111.6   116.9   149.2   113.1   131.6   113.6   145.6   135.5   120.2   76.01   89.35   122.8   114.4   88.65   102.7   158.0   153.9   198.3   200.8   192.7   223.2   214.3   145.6   140.6   179.1   144.2   
   2.75e3  18.93   23.06   29.55   60.36   71.71   91.86   60.59   49.91   56.58   56.38   102.7   125.9   117.5   112.3   122.8   96.65   29.10   68.98   87.15   87.79   134.9   123.3   131.6   102.0   97.27   106.8   97.51   100.7   96.29   90.73   97.35   125.4   144.9   126.9   43.56   63.72   159.5   159.5   161.9   126.5   188.2   177.1   159.8   113.4   98.83   150.6   148.8   138.3   114.4   190.3   168.2   136.3   178.7   51.99   206.3   212.2   218.2   181.0   162.7   169.6   171.2   150.4   145.2   215.5   170.7   144.2   117.0   122.6   156.5   118.7   138.0   119.2   152.7   142.1   126.1   79.72   93.71   128.7   120.0   92.98   107.7   165.8   161.4   208.0   210.6   202.1   234.1   224.8   152.7   147.5   187.9   151.2   
   3.00e3  19.77   24.09   30.86   63.05   74.89   95.95   63.29   52.13   59.09   58.88   107.3   131.5   122.7   117.3   128.3   100.9   30.39   72.05   91.03   91.69   140.9   128.8   137.4   106.5   101.6   111.5   101.8   105.2   100.6   94.77   101.7   131.0   151.3   132.5   45.50   66.55   166.5   166.6   169.1   132.2   196.6   185.0   166.9   118.5   103.2   157.3   155.4   144.5   119.5   198.7   175.7   142.4   186.7   54.31   215.5   221.6   228.0   189.0   170.0   177.1   178.9   157.1   151.7   225.1   178.3   150.6   122.2   128.1   163.4   123.9   144.1   124.5   159.5   148.5   131.7   83.27   97.88   134.5   125.4   97.11   112.5   173.1   168.6   217.2   219.9   211.1   244.5   234.8   159.5   154.0   196.2   157.9   
   3.25e3  20.58   25.07   32.12   65.62   77.95   99.87   65.87   54.26   61.51   61.29   111.7   136.9   127.7   122.1   133.5   105.1   31.63   74.99   94.74   95.44   146.7   134.1   143.0   110.9   105.7   116.1   106.0   109.5   104.7   98.64   105.8   136.3   157.5   137.9   47.36   69.27   173.3   173.4   176.0   137.6   204.6   192.6   173.7   123.3   107.4   163.7   161.8   150.4   124.4   206.9   182.8   148.2   194.3   56.52   224.3   230.7   237.3   196.7   176.9   184.4   186.2   163.5   157.9   234.3   185.5   156.7   127.2   133.3   170.1   129.0   150.0   129.5   166.0   154.5   137.1   86.67   101.9   140.0   130.5   101.1   117.0   180.2   175.5   226.1   228.9   219.8   254.5   244.4   166.0   160.3   204.2   164.4   
   3.50e3  21.35   26.02   33.34   68.10   80.89   103.6   68.36   56.31   63.83   63.60   115.9   142.1   132.6   126.7   138.6   109.0   32.83   77.82   98.32   99.04   152.2   139.1   148.4   115.1   109.7   120.5   110.0   113.6   108.6   102.4   109.8   141.5   163.4   143.1   49.14   71.88   179.9   180.0   182.6   142.8   212.3   199.8   180.2   128.0   111.5   169.9   167.9   156.0   129.1   214.7   189.7   153.8   201.6   58.66   232.8   239.4   246.2   204.2   183.6   191.3   193.2   169.7   163.9   243.1   192.6   162.7   132.0   138.3   176.5   133.9   155.7   134.4   172.3   160.4   142.3   89.94   105.7   145.2   135.4   104.9   121.5   187.0   182.1   234.6   237.6   228.1   264.1   253.6   172.2   166.4   211.9   170.6   
   3.75e3  22.10   26.93   34.51   70.49   83.73   107.3   70.76   58.29   66.07   65.83   120.0   147.0   137.2   131.2   143.5   112.9   33.98   80.55   101.8   102.5   157.6   144.0   153.7   119.1   113.6   124.7   113.9   117.6   112.4   106.0   113.7   146.4   169.2   148.2   50.87   74.41   186.2   186.3   189.0   147.8   219.8   206.8   186.6   132.5   115.4   175.8   173.8   161.5   133.6   222.2   196.4   159.2   208.7   60.72   240.9   247.8   254.9   211.3   190.0   198.1   200.0   175.7   169.6   251.6   199.3   168.4   136.6   143.2   182.7   138.6   161.1   139.1   178.3   166.0   147.3   93.10   109.4   150.3   140.2   108.6   125.7   193.6   188.5   242.9   245.9   236.1   273.3   262.5   178.3   172.2   219.4   176.6   
   4.00e3  22.83   27.81   35.64   72.80   86.48   110.8   73.08   60.20   68.24   67.99   123.9   151.9   141.7   135.5   148.2   116.6   35.10   83.19   105.1   105.9   162.7   148.7   158.7   123.0   117.3   128.8   117.6   121.4   116.1   109.4   117.4   151.2   174.7   153.0   52.54   76.85   192.3   192.4   195.2   152.6   227.0   213.6   192.7   136.8   119.2   181.6   179.5   166.8   138.0   229.5   202.8   164.4   215.6   62.71   248.8   255.9   263.2   218.3   196.3   204.5   206.5   181.4   175.2   259.9   205.8   173.9   141.1   147.9   188.7   143.1   166.4   143.7   184.2   171.4   152.1   96.15   113.0   155.3   144.8   112.1   129.8   199.9   194.7   250.8   254.0   243.8   282.3   271.1   184.1   177.9   226.6   182.3   
   4.50e3  24.21   29.50   37.80   77.22   91.73   117.5   77.51   63.85   72.38   72.12   131.4   161.1   150.3   143.7   157.1   123.6   37.22   88.24   111.5   112.3   172.6   157.8   168.3   130.5   124.4   136.6   124.7   128.8   123.2   116.1   124.5   160.4   185.3   162.3   55.73   81.51   204.0   204.1   207.1   161.9   240.7   226.6   204.4   145.1   126.4   192.6   190.3   176.9   146.4   243.4   215.1   174.4   228.6   66.51   263.9   271.4   279.2   231.5   208.2   217.0   219.1   192.4   185.8   275.7   218.3   184.4   149.7   156.8   200.2   151.8   176.5   152.4   195.4   181.8   161.3   102.0   119.9   164.7   153.5   118.9   137.7   212.0   206.5   266.1   269.4   258.6   299.4   287.5   195.3   188.7   240.3   193.4   
   5.00e3  25.52   31.10   39.84   81.39   96.69   123.9   81.71   67.30   76.29   76.02   138.5   169.8   158.4   151.4   165.6   130.3   39.24   93.01   117.5   118.4   181.9   166.3   177.4   137.5   131.2   144.0   131.5   135.8   129.8   122.3   131.3   169.1   195.3   171.1   58.74   85.92   215.0   215.1   218.3   170.6   253.8   238.8   215.4   153.0   133.3   203.0   200.6   186.5   154.3   256.6   226.8   183.8   241.0   70.11   278.2   286.1   294.3   244.0   219.4   228.7   230.9   202.8   195.8   290.6   230.1   194.4   157.8   165.3   211.0   160.0   186.1   160.7   205.9   191.7   170.0   107.5   126.4   173.6   161.9   125.4   145.2   223.5   217.6   280.4   284.0   272.6   315.6   303.1   205.9   198.9   253.3   203.9   
   5.50e3  26.77   32.61   41.79   85.37   101.4   129.9   85.69   70.59   80.02   79.73   145.3   178.1   166.2   158.8   173.7   136.7   41.15   97.55   123.2   124.2   190.8   174.4   186.1   144.2   137.6   151.0   137.9   142.4   136.2   128.3   137.7   177.3   204.9   179.4   61.61   90.11   225.5   225.6   229.0   179.0   266.1   250.5   225.9   160.4   139.8   213.0   210.4   195.6   161.8   269.1   237.9   192.8   252.8   73.53   291.8   300.1   308.6   255.9   230.2   239.9   242.2   212.8   205.4   304.7   241.4   203.9   165.5   173.4   221.3   167.8   195.1   168.5   216.0   201.0   178.3   112.7   132.5   182.1   169.8   131.5   152.3   234.4   228.3   294.1   297.8   285.9   331.0   317.9   215.9   208.6   265.7   213.8   
   6.00e3  27.96   34.07   43.65   89.16   105.9   135.7   89.50   73.73   83.57   83.28   151.8   186.0   173.6   165.9   181.5   142.8   42.98   101.9   128.7   129.7   199.3   182.2   194.4   150.7   143.7   157.7   144.0   148.7   142.2   134.0   143.8   185.2   214.0   187.4   64.35   94.12   235.5   235.7   239.1   186.9   278.0   261.6   236.0   167.6   146.0   222.4   219.8   204.3   169.0   281.1   248.4   201.3   264.0   76.80   304.8   313.4   322.4   267.3   240.4   250.5   252.9   222.2   214.5   318.3   252.1   213.0   172.8   181.1   231.1   175.3   203.8   176.0   225.6   210.0   186.3   117.8   138.4   190.2   177.3   137.3   159.0   244.8   238.4   307.2   311.1   298.6   345.7   332.0   225.5   217.9   277.5   223.3   
   6.50e3  29.10   35.46   45.43   92.80   110.2   141.2   93.16   76.74   86.99   86.68   158.0   193.6   180.7   172.7   188.9   148.6   44.74   106.0   134.0   135.0   207.4   189.6   202.3   156.8   149.6   164.2   149.9   154.8   148.0   139.5   149.7   192.8   222.7   195.1   66.97   97.96   245.1   245.3   248.9   194.6   289.3   272.3   245.6   174.4   151.9   231.5   228.8   212.6   175.9   292.5   258.6   209.6   274.8   79.94   317.2   326.2   335.5   278.2   250.2   260.7   263.3   231.3   223.3   331.3   262.4   221.7   179.9   188.5   240.6   182.4   212.1   183.2   234.8   218.5   193.9   122.6   144.1   197.9   184.5   142.9   165.5   254.8   248.2   319.8   323.8   310.8   359.9   345.6   234.7   226.7   288.8   232.4   
   7.00e3  30.20   36.79   47.14   96.31   114.4   146.6   96.68   79.63   90.27   89.95   163.9   200.9   187.5   179.2   196.0   154.2   46.43   110.1   139.0   140.1   215.3   196.8   209.9   162.7   155.2   170.4   155.6   160.6   153.6   144.8   155.3   200.1   231.1   202.4   69.50   101.7   254.4   254.5   258.3   201.9   300.2   282.6   254.9   181.0   157.7   240.2   237.4   220.7   182.6   303.6   268.3   217.5   285.2   82.95   329.2   338.5   348.2   288.7   259.7   270.6   273.2   240.0   231.7   343.8   272.3   230.0   186.7   195.6   249.6   189.3   220.2   190.1   243.7   226.8   201.2   127.2   149.5   205.4   191.5   148.3   171.8   264.5   257.5   331.8   336.0   322.5   373.4   358.6   243.6   235.3   299.7   241.2   
   8.00e3  32.29   39.34   50.40   103.0   122.3   156.7   103.4   85.13   96.50   96.16   175.2   214.8   200.4   191.6   209.5   164.8   49.63   117.7   148.6   149.7   230.1   210.4   224.4   174.0   165.9   182.2   166.3   171.7   164.2   154.8   166.0   213.9   247.1   216.4   74.30   108.7   272.0   272.1   276.1   215.8   321.0   302.1   272.5   193.5   168.6   256.8   253.8   235.9   195.2   324.6   286.9   232.5   304.8   88.68   351.9   361.9   372.2   308.7   277.6   289.3   292.1   256.6   247.7   367.5   291.1   245.9   199.6   209.1   266.9   202.4   235.4   203.2   260.5   242.4   215.1   136.0   159.8   219.6   204.7   158.6   183.6   282.7   275.3   354.7   359.2   344.8   399.2   383.4   260.4   251.6   320.4   257.9   
   9.00e3  34.24   41.72   53.46   109.2   129.7   166.2   109.6   90.30   102.4   102.0   185.9   227.8   212.6   203.2   222.2   174.8   52.64   124.8   157.7   158.8   244.1   223.1   238.0   184.5   176.0   193.2   176.4   182.2   174.2   164.1   176.1   226.9   262.1   229.5   78.81   115.3   288.5   288.6   292.9   228.9   340.4   320.4   289.0   205.2   178.8   272.4   269.2   250.2   207.0   344.2   304.3   246.6   323.3   94.06   373.2   383.8   394.8   327.4   294.4   306.8   309.8   272.2   262.8   389.8   308.8   260.8   211.7   221.8   283.1   214.7   249.6   215.6   276.3   257.1   228.1   144.2   169.5   232.9   217.1   168.2   194.8   299.9   292.0   376.3   381.0   365.7   423.4   406.6   276.2   266.8   339.9   273.5   
   10.0e3  36.10   43.98   56.35   115.1   136.7   175.2   115.6   95.18   107.9   107.5   195.9   240.1   224.1   214.2   234.3   184.3   55.49   131.5   166.2   167.4   257.3   235.2   250.9   194.5   185.5   203.7   185.9   192.0   183.6   173.0   185.6   239.1   276.2   241.9   83.07   121.5   304.1   304.2   308.7   241.3   358.9   337.8   304.7   216.3   188.5   287.2   283.7   263.7   218.2   362.9   320.7   259.9   340.8   99.15   393.4   404.6   416.2   345.1   310.3   323.4   326.5   286.9   277.0   410.9   325.5   274.9   223.1   233.8   298.4   226.3   263.1   227.2   291.2   271.1   240.5   152.0   178.7   245.5   228.9   177.3   205.3   316.1   307.8   396.6   401.6   385.5   446.4   428.6   291.1   281.2   358.2   288.3   
   11.0e3  37.86   46.12   59.10   120.7   143.4   183.7   121.2   99.83   113.2   112.8   205.5   251.8   235.0   224.6   245.7   193.3   58.20   138.0   174.3   175.6   269.9   246.7   263.2   204.0   194.5   213.6   195.0   201.4   192.6   181.5   194.7   250.8   289.7   253.7   87.13   127.4   318.9   319.1   323.8   253.1   376.4   354.2   319.5   226.9   197.7   301.2   297.6   276.6   228.9   380.6   336.4   272.6   357.5   104.0   412.6   424.3   436.5   361.9   325.5   339.2   342.5   300.9   290.5   431.0   341.4   288.4   234.0   245.2   312.9   237.3   276.0   238.3   305.5   284.3   252.2   159.4   187.4   257.5   240.1   186.0   215.3   331.5   322.8   416.0   421.2   404.3   468.1   449.6   305.4   295.0   375.7   302.4   
   12.0e3  39.54   48.18   61.73   126.1   149.8   191.9   126.6   104.3   118.2   117.8   214.6   263.0   245.5   234.6   256.6   201.9   60.79   144.1   182.1   183.4   281.9   257.6   274.9   213.1   203.2   223.1   203.7   210.3   201.1   189.5   203.4   262.0   302.6   265.0   91.00   133.1   333.1   333.3   338.2   264.4   393.1   370.0   333.7   237.0   206.4   314.6   310.8   288.9   239.1   397.5   351.3   284.7   373.4   108.6   431.0   443.2   455.9   378.0   340.0   354.3   357.7   314.3   303.4   450.1   356.5   301.2   244.4   256.1   326.8   247.9   288.2   248.9   319.0   296.9   263.4   166.5   195.8   268.9   250.7   194.2   224.9   346.3   337.2   434.5   439.9   422.3   489.0   469.5   318.9   308.1   392.4   315.8   
   13.0e3  41.16   50.14   64.25   131.2   155.9   199.7   131.7   108.5   123.0   122.6   223.4   273.8   255.5   244.2   267.1   210.1   63.27   150.0   189.5   190.9   293.4   268.2   286.1   221.8   211.5   232.2   212.0   218.9   209.3   197.3   211.7   272.7   315.0   275.8   94.72   138.5   346.7   346.9   352.0   275.1   409.2   385.1   347.4   246.7   214.9   327.4   323.5   300.7   248.8   413.7   365.7   296.4   388.6   113.0   448.6   461.3   474.5   393.5   353.8   368.8   372.3   327.1   315.8   468.5   371.1   313.5   254.4   266.6   340.2   258.0   300.0   259.1   332.1   309.0   274.2   173.3   203.7   279.9   261.0   202.2   234.1   360.4   350.9   452.2   457.9   439.5   508.9   488.7   332.0   320.7   408.5   328.7   
   14.0e3  42.71   52.04   66.67   136.2   161.8   207.3   136.7   112.6   127.7   127.2   231.8   284.1   265.1   253.4   277.2   218.1   65.66   155.6   196.6   198.1   304.4   278.3   296.9   230.1   219.5   241.0   220.0   227.2   217.3   204.7   219.6   282.9   326.9   286.3   98.29   143.8   359.8   360.0   365.3   285.5   424.6   399.6   360.5   256.0   223.0   339.8   335.7   312.1   258.2   429.3   379.5   307.6   403.3   117.3   465.5   478.7   492.4   408.3   367.2   382.7   386.4   339.4   327.7   486.2   385.1   325.3   264.0   276.6   353.0   267.7   311.3   268.9   344.6   320.7   284.5   179.9   211.4   290.5   270.8   209.8   242.9   374.0   364.2   469.3   475.2   456.1   528.1   507.2   344.5   332.8   423.9   341.1   
   15.0e3  44.21   53.86   69.01   141.0   167.5   214.5   141.5   116.6   132.1   131.7   239.9   294.1   274.4   262.3   286.9   225.7   67.96   161.1   203.5   205.0   315.1   288.0   307.3   238.2   227.2   249.4   227.7   235.2   224.9   211.9   227.4   292.9   338.3   296.3   101.7   148.8   372.4   372.6   378.1   295.6   439.5   413.7   373.1   264.9   230.8   351.7   347.5   323.0   267.3   444.4   392.8   318.3   417.4   121.4   481.9   495.5   509.7   422.6   380.1   396.1   399.9   351.3   339.2   503.3   398.6   336.7   273.3   286.3   365.4   277.1   322.3   278.3   356.7   332.0   294.5   186.2   218.9   300.7   280.3   217.1   251.5   387.1   377.0   485.7   491.8   472.1   546.7   525.0   356.6   344.5   438.8   353.1   
   16.0e3  45.66   55.63   71.28   145.6   173.0   221.6   146.2   120.4   136.5   136.0   247.8   303.7   283.4   270.9   296.3   233.1   70.19   166.4   210.2   211.8   325.5   297.5   317.4   246.0   234.6   257.6   235.2   242.9   232.3   218.9   234.8   302.5   349.4   306.0   105.1   153.7   384.6   384.8   390.5   305.2   453.9   427.2   385.4   273.6   238.4   363.2   358.9   333.6   276.0   459.0   405.7   328.8   431.1   125.4   497.7   511.8   526.4   436.5   392.6   409.1   413.1   362.9   350.3   519.8   411.7   347.8   282.2   295.7   377.4   286.2   332.8   287.4   368.4   342.9   304.2   192.3   226.0   310.5   289.5   224.3   259.7   399.8   389.3   501.7   508.0   487.6   564.6   542.2   368.3   355.7   453.1   364.7   
   17.0e3  47.07   57.34   73.47   150.1   178.3   228.4   150.7   124.1   140.7   140.2   255.4   313.1   292.2   279.2   305.4   240.3   72.35   171.5   216.7   218.3   335.5   306.6   327.2   253.6   241.9   265.5   242.4   250.3   239.4   225.6   242.0   311.8   360.2   315.4   108.3   158.4   396.4   396.7   402.5   314.6   467.9   440.4   397.2   282.1   245.7   374.4   370.0   343.9   284.5   473.1   418.2   338.9   444.4   129.3   513.0   527.5   542.6   449.9   404.6   421.7   425.8   374.0   361.1   535.8   424.4   358.5   290.9   304.8   389.0   295.0   343.1   296.3   379.7   353.4   313.6   198.2   233.0   320.1   298.4   231.2   267.7   412.1   401.3   517.1   523.6   502.6   582.0   558.9   379.6   366.7   467.1   375.9   
   18.0e3  48.43   59.00   75.60   154.4   183.5   235.0   155.0   127.7   144.8   144.2   262.8   322.1   300.6   287.3   314.3   247.3   74.45   176.5   223.0   224.6   345.2   315.5   336.7   260.9   248.9   273.2   249.5   257.6   246.3   232.1   249.1   320.8   370.6   324.6   111.5   163.0   407.9   408.2   414.2   323.8   481.5   453.1   408.8   290.2   252.8   385.3   380.7   353.8   292.8   486.8   430.3   348.7   457.3   133.0   527.9   542.8   558.4   463.0   416.4   433.9   438.1   384.9   371.6   551.3   436.7   368.9   299.3   313.7   400.3   303.6   353.0   304.9   390.7   363.7   322.6   204.0   239.7   329.4   307.1   237.9   275.5   424.1   413.0   532.1   538.8   517.2   598.8   575.1   390.6   377.3   480.6   386.8   
   20.0e3  51.05   62.19   79.69   162.8   193.4   247.7   163.4   134.6   152.6   152.0   277.1   339.6   316.9   302.9   331.3   260.6   78.48   186.0   235.0   236.8   363.9   332.6   354.9   275.0   262.3   288.0   263.0   271.5   259.7   244.7   262.5   338.2   390.7   342.1   117.5   171.8   430.0   430.2   436.6   341.3   507.5   477.7   430.9   305.9   266.5   406.1   401.3   373.0   308.6   513.2   453.6   367.6   482.0   140.2   556.4   572.2   588.6   488.0   438.9   457.4   461.8   405.7   391.7   581.1   460.3   388.8   315.5   330.6   422.0   320.0   372.1   321.3   411.9   383.3   340.1   215.0   252.7   347.2   323.7   250.7   290.3   447.0   435.3   560.9   567.9   545.1   631.2   606.2   411.7   397.7   506.6   407.7   
   22.5e3  54.15   65.97   84.52   172.7   205.1   262.8   173.3   142.8   161.8   161.3   293.9   360.2   336.1   321.3   351.4   276.4   83.24   197.3   249.3   251.1   385.9   352.8   376.4   291.7   278.2   305.5   278.9   288.0   275.4   259.5   278.5   358.7   414.4   362.9   124.6   182.3   456.1   456.3   463.1   362.0   538.3   506.6   457.0   324.5   282.7   430.7   425.6   395.6   327.3   544.3   481.1   389.9   511.3   148.7   590.2   606.9   624.3   517.6   465.5   485.1   489.8   430.3   415.5   616.4   488.2   412.4   334.7   350.7   447.6   339.4   394.7   340.8   436.9   406.6   360.7   228.0   268.0   368.3   343.3   265.9   308.0   474.1   461.7   594.9   602.4   578.2   669.5   643.0   436.7   421.9   537.4   432.5   
   25.0e3  57.08   69.54   89.10   182.0   216.2   277.0   182.7   150.5   170.6   170.0   309.8   379.7   354.3   338.6   370.4   291.4   87.74   208.0   262.8   264.7   406.8   371.9   396.7   307.5   293.3   322.0   294.0   303.6   290.3   273.6   293.5   378.1   436.8   382.5   131.4   192.1   480.8   481.0   488.1   381.6   567.4   534.0   481.7   342.0   298.0   454.0   448.6   417.0   345.0   573.7   507.1   411.0   538.9   156.8   622.1   639.7   658.0   545.6   490.7   511.4   516.3   453.6   437.9   649.7   514.6   434.7   352.8   369.7   471.8   357.8   416.0   359.3   460.5   428.6   380.2   240.4   282.5   388.2   361.9   280.3   324.6   499.8   486.7   627.1   635.0   609.5   705.7   677.7   460.3   444.7   566.4   455.9   
   27.5e3  59.86   72.93   93.44   190.9   226.8   290.5   191.6   157.8   178.9   178.3   324.9   398.2   371.6   355.2   388.5   305.6   92.03   218.1   275.6   277.6   426.7   390.0   416.1   322.5   307.6   337.7   308.3   318.4   304.5   286.9   307.8   396.6   458.1   401.2   137.8   201.5   504.2   504.5   511.9   400.2   595.1   560.1   505.2   358.7   312.5   476.2   470.5   437.4   361.9   601.7   531.9   431.0   565.2   164.4   652.4   670.9   690.2   572.3   514.6   536.3   541.5   475.7   459.3   681.4   539.7   455.9   370.0   387.7   494.8   375.3   436.4   376.8   483.0   449.5   398.8   252.1   296.3   407.1   379.6   294.0   340.5   524.2   510.4   657.7   666.0   639.2   740.2   710.8   482.8   466.4   594.1   478.1   
   30.0e3  62.52   76.17   97.60   199.4   236.8   303.4   200.1   164.9   186.9   186.2   339.3   415.9   388.1   371.0   405.7   319.2   96.12   227.8   287.8   290.0   445.6   407.4   434.6   336.9   321.3   352.7   322.1   332.6   318.0   299.7   321.5   414.2   478.5   419.0   143.9   210.5   526.6   526.9   534.7   418.0   621.6   585.0   527.7   374.7   326.4   497.4   491.5   456.8   378.0   628.5   555.5   450.2   590.3   171.7   681.5   700.8   720.8   597.7   537.5   560.2   565.6   496.9   479.7   711.7   563.7   476.2   386.5   404.9   516.8   391.9   455.8   393.6   504.4   469.5   416.5   263.3   309.5   425.2   396.5   307.1   355.6   547.5   533.1   686.9   695.6   667.7   773.1   742.4   504.3   487.1   620.5   499.4   
   32.5e3  65.08   79.28   101.6   207.5   246.5   315.8   208.3   171.6   194.5   193.8   353.2   432.9   403.9   386.1   422.3   332.3   100.0   237.1   299.6   301.8   463.8   424.0   452.4   350.6   334.4   367.1   335.2   346.1   331.0   311.9   334.7   431.1   498.0   436.2   149.8   219.0   548.2   548.5   556.5   435.0   646.9   608.9   549.3   390.0   339.8   517.7   511.5   475.5   393.4   654.2   578.2   468.6   614.5   178.7   709.3   729.4   750.3   622.1   559.5   583.0   588.7   517.2   499.3   740.8   586.8   495.6   402.2   421.5   537.9   407.9   474.4   409.6   525.0   488.6   433.5   274.1   322.2   442.6   412.6   319.6   370.1   569.8   554.9   715.0   724.0   694.9   804.7   772.7   524.9   507.0   645.8   519.8   
   35.0e3  67.53   82.28   105.4   215.3   255.8   327.7   216.2   178.1   201.9   201.1   366.5   449.2   419.2   400.7   438.3   344.8   103.8   246.1   310.9   313.2   481.4   440.0   469.4   363.9   347.0   381.0   347.9   359.2   343.5   323.7   347.3   447.4   516.8   452.6   155.4   227.3   568.8   569.2   577.6   451.5   671.4   631.9   570.0   404.7   352.6   537.2   530.8   493.4   408.3   678.9   600.0   486.3   637.7   185.5   736.1   756.9   778.6   645.6   580.6   605.1   610.9   536.7   518.2   768.8   608.9   514.4   417.4   437.4   558.2   423.3   492.3   425.1   544.9   507.1   449.9   284.4   334.3   459.3   428.2   331.7   384.1   591.3   575.8   742.0   751.3   721.2   835.1   801.9   544.7   526.2   670.2   539.4   
   37.5e3  69.91   85.16   109.1   222.9   264.8   339.2   223.8   184.3   208.9   208.2   379.4   465.0   433.9   414.7   453.6   356.9   107.5   254.7   321.8   324.2   498.3   455.4   485.9   376.6   359.2   394.4   360.1   371.8   355.6   335.1   359.5   463.1   535.0   468.5   160.9   235.3   588.8   589.1   597.8   467.3   694.9   654.1   590.0   418.9   365.0   556.1   549.5   510.7   422.6   702.7   621.1   503.4   660.0   192.0   761.9   783.5   805.9   668.3   601.0   626.3   632.4   555.5   536.3   795.8   630.3   532.4   432.1   452.7   577.8   438.2   509.6   440.0   564.0   524.9   465.7   294.4   346.0   475.4   443.3   343.3   397.6   612.1   596.1   768.0   777.7   746.5   864.4   830.1   563.8   544.6   693.7   558.3   
   40.0e3  72.20   87.96   112.7   230.2   273.5   350.4   231.1   190.4   215.8   215.0   391.8   480.2   448.1   428.3   468.5   368.6   111.0   263.1   332.4   334.8   514.6   470.4   501.9   389.0   371.0   407.3   371.9   384.0   367.2   346.0   371.3   478.3   552.5   483.9   166.2   243.0   608.1   608.5   617.4   482.6   717.7   675.5   609.3   432.7   376.9   574.3   567.5   527.5   436.5   725.7   641.5   519.9   681.7   198.3   786.9   809.2   832.4   690.2   620.7   646.8   653.1   573.7   553.9   821.8   650.9   549.9   446.2   467.6   596.7   452.6   526.3   454.5   582.5   542.1   481.0   304.1   357.4   491.0   457.8   354.6   410.6   632.2   615.6   793.2   803.2   771.0   892.7   857.3   582.3   562.5   716.5   576.6   
   45.0e3  76.58   93.29   119.5   244.2   290.1   371.6   245.1   201.9   228.9   228.1   415.6   509.4   475.3   454.3   496.9   391.0   117.7   279.0   352.5   355.1   545.8   498.9   532.3   412.6   393.5   432.0   394.4   407.3   389.5   367.0   393.8   507.3   586.0   513.2   176.2   257.8   645.0   645.4   654.9   511.9   761.3   716.5   646.3   458.9   399.8   609.1   601.9   559.5   462.9   769.7   680.4   551.4   723.0   210.3   834.6   858.3   882.8   732.0   658.3   686.1   692.7   608.5   587.5   871.7   690.4   583.2   473.3   495.9   632.9   480.0   558.2   482.0   617.8   575.0   510.1   322.5   379.1   520.8   485.6   376.1   435.5   670.5   652.9   841.3   851.9   817.7   946.9   909.3   617.6   596.6   760.0   611.6   
   50.0e3  80.72   98.34   126.0   257.4   305.8   391.7   258.4   212.8   241.3   240.4   438.1   536.9   501.0   478.9   523.8   412.1   124.1   294.1   371.6   374.3   575.3   525.9   561.1   434.9   414.8   455.4   415.8   429.3   410.6   386.9   415.1   534.7   617.7   541.0   185.8   271.7   679.9   680.3   690.3   539.6   802.4   755.2   681.3   483.7   421.4   642.1   634.5   589.7   488.0   811.4   717.2   581.2   762.2   221.7   879.8   904.7   930.6   771.6   693.9   723.2   730.2   641.5   619.3   918.9   727.8   614.8   498.9   522.8   667.2   506.0   588.4   508.1   651.2   606.1   537.7   339.9   399.6   549.0   511.8   396.5   459.1   706.8   688.3   886.8   898.0   862.0   998.1   958.5   651.0   628.9   801.1   644.7   
   55.0e3  84.66   103.1   132.1   270.0   320.7   410.8   271.0   223.2   253.1   252.1   459.5   563.1   525.5   502.3   549.4   432.2   130.1   308.5   389.7   392.6   603.4   551.6   588.5   456.1   435.0   477.6   436.1   450.3   430.6   405.8   435.4   560.8   647.9   567.4   194.8   285.0   713.1   713.5   724.0   565.9   841.6   792.1   714.5   507.3   442.0   673.4   665.4   618.5   511.8   851.0   752.2   609.6   799.4   232.5   922.7   948.9   976.0   809.3   727.8   758.5   765.8   672.8   649.5   963.7   763.3   644.8   523.3   548.3   699.7   530.7   617.1   532.9   683.0   635.7   564.0   356.5   419.1   575.8   536.8   415.8   481.5   741.3   721.9   930.1   941.8   904.0   1.047e3 1.005e3 682.8   659.6   840.2   676.2   
   60.0e3  87.34   105.1   129.4   283.4   359.5   415.6   279.8   231.8   251.2   265.8   471.1   582.8   560.2   532.9   561.0   444.6   170.8   329.2   400.7   407.1   623.9   591.6   605.0   487.2   433.6   479.3   444.6   468.5   436.2   426.9   453.4   584.3   665.7   581.9   189.9   307.9   737.1   737.3   739.8   577.1   853.4   812.3   736.2   529.6   471.5   700.7   697.7   637.4   572.8   839.0   772.0   637.1   824.2   251.5   960.5   979.6   1.019e3 838.5   755.6   780.6   788.5   708.2   672.9   970.2   791.1   658.8   544.1   561.3   725.5   569.5   618.4   541.6   693.9   655.2   596.9   367.2   446.2   608.9   554.2   432.8   500.8   784.9   746.7   968.1   990.7   933.5   1.088e3 1.051e3 717.3   689.7   884.7   696.9   
   65.0e3  89.69   108.3   128.5   296.2   391.5   421.9   288.5   240.8   252.6   279.0   485.2   603.0   596.4   564.1   572.9   460.0   197.8   346.2   414.1   423.9   646.0   630.9   622.4   516.7   436.8   483.0   457.4   488.7   440.1   448.1   472.9   613.0   687.1   599.4   187.2   330.4   763.0   763.2   759.8   592.8   871.5   835.9   762.1   554.2   502.9   729.0   731.6   660.0   622.6   838.0   795.8   666.2   851.2   270.1   1.000e3 1.009e3 1.064e3 869.5   786.7   806.4   814.3   745.6   698.7   981.8   821.7   673.4   567.0   577.6   753.9   610.2   622.8   554.4   707.1   678.1   631.6   380.2   475.3   643.1   577.6   452.3   522.9   828.2   775.0   1.007e3 1.045e3 967.9   1.132e3 1.098e3 757.2   725.0   931.1   720.2   
   70.0e3  91.88   112.5   130.4   307.9   414.4   431.3   297.6   250.0   258.3   290.9   501.9   623.8   630.7   593.1   586.6   478.3   210.3   359.2   430.0   442.7   669.9   666.2   641.5   542.7   447.0   490.5   474.9   509.8   445.1   468.3   493.0   644.7   712.4   620.3   188.5   350.3   791.0   791.3   784.7   614.0   897.8   863.8   792.1   580.0   532.9   757.8   765.3   686.0   658.1   852.9   824.0   695.9   880.9   287.1   1.041e3 1.038e3 1.110e3 902.3   820.3   836.1   843.6   782.4   726.6   1.003e3 854.6   690.5   591.6   598.2   784.5   649.1   633.8   572.9   724.9   704.4   665.1   395.7   503.8   676.1   605.2   473.6   547.2   868.3   806.8   1.047e3 1.100e3 1.007e3 1.177e3 1.145e3 799.5   763.3   976.3   746.2   
   80.0e3  95.62   121.9   139.1   328.1   444.7   454.4   315.6   268.1   275.4   310.9   538.2   663.9   691.5   643.1   618.0   518.8   213.8   378.7   464.7   482.5   718.2   727.1   680.3   585.9   478.8   513.0   517.0   551.5   462.2   504.9   532.4   709.5   766.9   665.6   197.7   384.4   847.8   848.8   840.3   664.9   961.5   924.3   856.3   631.6   585.2   813.9   828.9   741.6   704.5   907.5   885.2   753.6   942.3   317.8   1.122e3 1.102e3 1.198e3 967.6   889.3   899.4   905.8   851.3   783.9   1.060e3 920.9   727.6   641.4   645.9   846.5   721.4   667.1   618.9   767.4   760.6   727.1   430.6   558.3   737.8   663.8   518.3   598.1   939.7   874.3   1.125e3 1.209e3 1.091e3 1.266e3 1.232e3 885.2   842.3   1.060e3 800.4   
   90.0e3  98.57   130.7   150.6   344.5   464.1   478.6   332.7   284.5   294.3   326.3   573.7   699.7   741.6   683.2   655.8   559.8   207.0   394.1   499.4   522.3   763.6   777.4   716.8   620.5   517.6   548.0   561.8   589.6   492.7   536.5   568.5   769.4   820.6   710.2   211.1   412.5   901.5   903.7   895.6   719.9   1.028e3 983.7   919.1   680.7   623.7   865.6   885.2   795.9   734.4   974.7   945.7   806.6   1.001e3 346.0   1.196e3 1.173e3 1.280e3 1.029e3 955.6   961.3   966.7   911.7   838.8   1.124e3 982.8   765.1   688.9   696.9   905.6   786.5   707.3   669.7   812.9   816.1   781.3   467.3   608.2   793.1   719.0   562.7   648.6   999.8   941.7   1.195e3 1.309e3 1.176e3 1.347e3 1.310e3 967.4   919.1   1.135e3 852.8   
   100.e3  100.9   138.1   162.6   357.9   478.7   501.7   348.5   299.1   311.7   337.9   606.2   730.6   781.7   715.7   698.4   599.0   200.2   408.3   532.2   560.4   804.7   819.6   749.9   648.9   558.0   593.1   605.7   623.0   528.1   563.8   600.8   820.9   870.4   751.5   226.1   436.3   950.2   954.2   946.7   774.8   1.092e3 1.039e3 977.3   725.9   647.0   912.4   934.1   846.1   757.8   1.042e3 1.002e3 854.4   1.055e3 372.9   1.263e3 1.246e3 1.352e3 1.084e3 1.017e3 1.018e3 1.024e3 963.8   889.6   1.188e3 1.037e3 801.1   732.8   747.6   959.5   845.0   749.6   721.0   857.8   868.3   828.0   503.7   653.4   842.5   767.8   605.0   696.8   1.050e3 1.006e3 1.258e3 1.400e3 1.257e3 1.420e3 1.378e3 1.044e3 990.8   1.199e3 901.3   
   110.e3  102.8   144.0   173.9   369.1   491.3   522.7   363.0   311.9   326.6   346.6   635.3   757.1   813.6   742.8   742.3   635.6   197.1   422.8   562.5   596.4   841.3   855.7   779.4   673.3   597.6   640.5   646.8   652.2   561.9   587.6   629.3   863.3   915.4   788.8   241.2   456.9   993.9   1.000e3 992.7   827.6   1.151e3 1.089e3 1.030e3 767.1   660.0   954.7   976.5   891.4   779.3   1.105e3 1.053e3 897.2   1.104e3 399.1   1.323e3 1.315e3 1.416e3 1.134e3 1.073e3 1.070e3 1.076e3 1.008e3 935.8   1.247e3 1.084e3 835.3   772.7   796.6   1.008e3 897.6   791.8   770.7   900.6   916.2   868.5   538.9   694.4   886.8   809.6   644.8   742.0   1.093e3 1.067e3 1.313e3 1.480e3 1.332e3 1.484e3 1.437e3 1.113e3 1.057e3 1.256e3 945.3   
   120.e3  104.5   148.7   183.9   378.6   503.1   541.5   376.3   323.2   338.9   353.2   661.1   779.9   839.0   765.7   784.6   669.6   198.6   437.9   590.3   630.2   873.8   887.2   806.0   694.9   635.3   685.5   684.8   677.6   592.2   608.7   654.6   897.8   955.9   822.2   255.8   475.3   1.033e3 1.042e3 1.034e3 877.6   1.203e3 1.133e3 1.077e3 804.7   673.0   993.2   1.014e3 932.0   800.9   1.162e3 1.100e3 935.8   1.148e3 425.1   1.378e3 1.378e3 1.473e3 1.179e3 1.124e3 1.117e3 1.124e3 1.047e3 977.9   1.302e3 1.123e3 867.7   808.9   843.3   1.052e3 945.3   832.9   817.8   941.0   959.9   904.0   572.8   731.7   926.9   845.4   682.0   784.2   1.130e3 1.123e3 1.363e3 1.552e3 1.403e3 1.541e3 1.489e3 1.177e3 1.117e3 1.305e3 985.2   
   130.e3  106.0   152.3   192.3   387.0   514.7   558.3   388.6   333.5   348.7   358.3   683.9   799.7   859.3   785.7   824.2   701.2   204.5   454.0   615.9   661.8   902.9   915.3   830.1   714.9   670.8   726.6   719.7   700.0   619.3   627.9   677.3   926.5   992.4   852.2   269.8   492.0   1.068e3 1.080e3 1.070e3 924.8   1.251e3 1.173e3 1.120e3 839.1   694.2   1.029e3 1.046e3 968.5   823.4   1.211e3 1.142e3 971.0   1.189e3 451.0   1.428e3 1.436e3 1.524e3 1.220e3 1.170e3 1.159e3 1.168e3 1.081e3 1.016e3 1.351e3 1.156e3 898.4   842.0   887.6   1.091e3 989.0   872.5   862.2   978.9   999.9   935.6   605.2   765.9   963.8   876.2   716.8   823.7   1.162e3 1.176e3 1.407e3 1.617e3 1.468e3 1.592e3 1.535e3 1.236e3 1.173e3 1.350e3 1.022e3 
   140.e3  107.4   155.0   199.3   394.6   526.3   573.3   400.0   342.8   356.5   362.5   704.3   817.2   875.8   803.3   860.8   730.6   214.1   471.1   639.6   691.7   929.2   941.0   852.3   734.0   704.0   763.9   751.7   720.1   643.7   645.6   697.8   951.5   1.026e3 879.3   283.0   507.5   1.100e3 1.115e3 1.103e3 969.1   1.293e3 1.210e3 1.159e3 871.1   724.6   1.062e3 1.076e3 1.002e3 847.1   1.255e3 1.181e3 1.004e3 1.225e3 477.0   1.474e3 1.489e3 1.571e3 1.258e3 1.213e3 1.197e3 1.208e3 1.111e3 1.052e3 1.396e3 1.184e3 927.9   872.4   929.6   1.127e3 1.029e3 910.6   903.9   1.014e3 1.037e3 964.3   636.3   797.6   998.0   903.1   749.4   860.7   1.190e3 1.226e3 1.448e3 1.676e3 1.530e3 1.639e3 1.576e3 1.290e3 1.224e3 1.390e3 1.055e3 
   150.e3  108.8   157.2   205.2   401.7   537.8   586.8   410.7   351.4   362.7   365.9   722.7   832.8   889.5   819.0   894.6   758.4   226.6   488.9   661.8   720.1   953.3   964.9   872.9   752.6   735.1   797.7   781.1   738.5   666.1   662.4   716.6   974.6   1.056e3 904.2   295.6   522.2   1.130e3 1.147e3 1.133e3 1.011e3 1.332e3 1.243e3 1.194e3 900.9   760.3   1.093e3 1.103e3 1.032e3 871.8   1.293e3 1.216e3 1.034e3 1.259e3 503.0   1.517e3 1.538e3 1.614e3 1.293e3 1.253e3 1.232e3 1.246e3 1.138e3 1.085e3 1.436e3 1.209e3 956.3   900.6   969.5   1.160e3 1.067e3 947.3   943.2   1.048e3 1.071e3 990.9   666.1   827.2   1.030e3 927.0   780.2   895.7   1.215e3 1.273e3 1.485e3 1.730e3 1.588e3 1.682e3 1.614e3 1.340e3 1.272e3 1.427e3 1.086e3 
   160.e3  110.3   158.9   210.4   408.5   549.3   599.0   420.8   359.6   367.5   369.0   739.5   847.2   901.2   833.4   925.9   784.8   241.4   507.4   682.8   747.1   975.6   987.6   892.5   771.1   764.4   828.7   808.5   755.5   686.9   678.6   734.2   997.0   1.084e3 927.3   307.5   536.4   1.157e3 1.178e3 1.160e3 1.051e3 1.367e3 1.274e3 1.227e3 929.1   797.8   1.123e3 1.129e3 1.060e3 897.5   1.326e3 1.250e3 1.063e3 1.291e3 529.1   1.558e3 1.584e3 1.654e3 1.327e3 1.290e3 1.265e3 1.283e3 1.163e3 1.116e3 1.473e3 1.231e3 983.8   927.1   1.008e3 1.191e3 1.102e3 982.7   980.4   1.080e3 1.103e3 1.016e3 695.0   855.2   1.061e3 948.7   809.6   929.0   1.239e3 1.317e3 1.521e3 1.780e3 1.642e3 1.722e3 1.650e3 1.388e3 1.318e3 1.462e3 1.116e3 
   170.e3  111.8   160.4   215.3   415.1   560.7   610.3   430.4   367.4   371.5   371.8   755.2   860.6   911.6   846.8   955.1   810.1   257.9   526.6   702.8   773.2   996.6   1.009e3 911.3   789.8   792.1   857.3   834.0   771.7   706.5   694.3   750.7   1.019e3 1.111e3 949.0   318.9   550.2   1.183e3 1.207e3 1.185e3 1.089e3 1.400e3 1.304e3 1.258e3 956.0   834.8   1.152e3 1.153e3 1.086e3 923.9   1.356e3 1.281e3 1.090e3 1.321e3 555.4   1.597e3 1.627e3 1.692e3 1.359e3 1.326e3 1.296e3 1.317e3 1.187e3 1.146e3 1.506e3 1.252e3 1.011e3 952.3   1.044e3 1.220e3 1.136e3 1.017e3 1.016e3 1.111e3 1.133e3 1.040e3 723.1   882.0   1.090e3 968.9   837.7   960.9   1.261e3 1.360e3 1.554e3 1.827e3 1.695e3 1.759e3 1.683e3 1.434e3 1.361e3 1.496e3 1.144e3 
   180.e3  113.3   161.6   220.4   421.7   571.9   620.7   439.5   375.0   374.7   374.6   769.9   873.3   920.9   859.4   982.7   834.6   275.6   546.2   722.1   798.4   1.017e3 1.030e3 929.5   808.8   818.4   884.0   858.2   787.3   725.1   709.8   766.6   1.041e3 1.136e3 969.6   329.9   563.8   1.208e3 1.236e3 1.210e3 1.125e3 1.430e3 1.332e3 1.287e3 981.9   870.5   1.180e3 1.176e3 1.111e3 951.0   1.383e3 1.311e3 1.117e3 1.350e3 581.8   1.635e3 1.668e3 1.729e3 1.390e3 1.360e3 1.326e3 1.350e3 1.210e3 1.175e3 1.536e3 1.273e3 1.037e3 976.4   1.079e3 1.248e3 1.168e3 1.050e3 1.050e3 1.140e3 1.161e3 1.063e3 750.5   907.7   1.119e3 988.1   864.8   991.7   1.282e3 1.402e3 1.587e3 1.872e3 1.745e3 1.795e3 1.716e3 1.477e3 1.402e3 1.528e3 1.171e3 
   200.e3  116.5   164.0   231.6   434.9   593.8   639.6   456.9   389.9   379.9   380.4   797.6   897.5   938.2   883.7   1.034e3 882.0   313.2   586.8   759.4   847.0   1.054e3 1.072e3 965.1   848.1   868.1   933.1   903.1   817.5   760.5   740.8   797.0   1.086e3 1.184e3 1.009e3 351.1   590.7   1.256e3 1.291e3 1.255e3 1.195e3 1.488e3 1.384e3 1.343e3 1.032e3 937.6   1.235e3 1.222e3 1.158e3 1.006e3 1.430e3 1.369e3 1.170e3 1.406e3 635.2   1.709e3 1.747e3 1.799e3 1.451e3 1.425e3 1.383e3 1.415e3 1.254e3 1.230e3 1.591e3 1.317e3 1.090e3 1.023e3 1.147e3 1.300e3 1.230e3 1.115e3 1.114e3 1.196e3 1.216e3 1.109e3 804.0   957.2   1.175e3 1.025e3 916.9   1.051e3 1.323e3 1.482e3 1.649e3 1.957e3 1.842e3 1.865e3 1.778e3 1.561e3 1.481e3 1.590e3 1.223e3 
   225.e3  120.9   166.9   247.7   451.9   619.8   661.0   477.4   408.4   385.5   388.6   830.5   926.9   959.4   913.6   1.094e3 940.0   362.2   639.5   804.9   905.8   1.100e3 1.123e3 1.009e3 900.4   926.2   989.0   955.4   855.0   802.7   780.2   833.9   1.141e3 1.241e3 1.056e3 376.6   624.8   1.314e3 1.358e3 1.310e3 1.278e3 1.555e3 1.448e3 1.409e3 1.093e3 1.015e3 1.303e3 1.278e3 1.214e3 1.077e3 1.481e3 1.440e3 1.235e3 1.473e3 703.1   1.799e3 1.841e3 1.886e3 1.525e3 1.503e3 1.452e3 1.494e3 1.308e3 1.297e3 1.653e3 1.378e3 1.155e3 1.078e3 1.228e3 1.362e3 1.305e3 1.193e3 1.190e3 1.264e3 1.281e3 1.167e3 869.5   1.017e3 1.243e3 1.071e3 979.5   1.122e3 1.373e3 1.578e3 1.726e3 2.059e3 1.957e3 1.949e3 1.854e3 1.662e3 1.576e3 1.668e3 1.286e3 
   250.e3  125.7   170.4   265.4   469.9   644.4   680.9   497.2   427.5   391.4   398.1   863.0   956.8   981.6   944.7   1.151e3 997.9   411.5   693.9   850.3   963.6   1.145e3 1.175e3 1.054e3 956.3   981.9   1.042e3 1.005e3 893.6   844.3   821.1   870.7   1.195e3 1.297e3 1.102e3 401.9   660.0   1.372e3 1.425e3 1.365e3 1.358e3 1.620e3 1.511e3 1.475e3 1.153e3 1.088e3 1.372e3 1.335e3 1.269e3 1.148e3 1.529e3 1.510e3 1.301e3 1.539e3 772.4   1.890e3 1.935e3 1.972e3 1.601e3 1.581e3 1.522e3 1.573e3 1.364e3 1.364e3 1.711e3 1.446e3 1.222e3 1.133e3 1.307e3 1.424e3 1.378e3 1.270e3 1.263e3 1.329e3 1.345e3 1.226e3 934.5   1.076e3 1.312e3 1.118e3 1.041e3 1.191e3 1.424e3 1.674e3 1.803e3 2.158e3 2.071e3 2.033e3 1.931e3 1.761e3 1.669e3 1.746e3 1.350e3 
   275.e3  130.7   174.6   283.6   488.8   667.9   700.0   516.5   447.3   398.4   409.1   895.9   987.5   1.006e3 977.6   1.208e3 1.057e3 460.4   749.8   896.5   1.021e3 1.191e3 1.228e3 1.101e3 1.016e3 1.036e3 1.093e3 1.054e3 934.0   885.9   863.6   908.2   1.248e3 1.354e3 1.150e3 427.5   696.5   1.431e3 1.494e3 1.421e3 1.437e3 1.685e3 1.575e3 1.541e3 1.214e3 1.160e3 1.442e3 1.394e3 1.325e3 1.220e3 1.576e3 1.581e3 1.369e3 1.606e3 843.4   1.982e3 2.030e3 2.060e3 1.679e3 1.660e3 1.593e3 1.654e3 1.422e3 1.432e3 1.768e3 1.522e3 1.289e3 1.189e3 1.385e3 1.485e3 1.450e3 1.346e3 1.336e3 1.395e3 1.409e3 1.288e3 999.9   1.135e3 1.381e3 1.169e3 1.102e3 1.261e3 1.477e3 1.769e3 1.881e3 2.257e3 2.183e3 2.118e3 2.010e3 1.862e3 1.762e3 1.827e3 1.415e3 
   300.e3  135.9   179.5   302.1   508.5   690.5   718.7   535.7   467.9   406.6   421.6   929.7   1.019e3 1.033e3 1.013e3 1.264e3 1.117e3 508.5   806.9   943.9   1.079e3 1.238e3 1.283e3 1.148e3 1.079e3 1.090e3 1.143e3 1.103e3 976.3   928.2   908.0   946.6   1.302e3 1.413e3 1.198e3 453.7   734.6   1.491e3 1.564e3 1.478e3 1.515e3 1.752e3 1.640e3 1.609e3 1.276e3 1.231e3 1.512e3 1.455e3 1.382e3 1.292e3 1.624e3 1.654e3 1.439e3 1.674e3 916.0   2.077e3 2.127e3 2.150e3 1.759e3 1.739e3 1.667e3 1.736e3 1.482e3 1.501e3 1.825e3 1.602e3 1.358e3 1.245e3 1.463e3 1.548e3 1.524e3 1.423e3 1.408e3 1.460e3 1.473e3 1.352e3 1.066e3 1.195e3 1.452e3 1.222e3 1.163e3 1.330e3 1.533e3 1.865e3 1.962e3 2.357e3 2.296e3 2.205e3 2.091e3 1.963e3 1.856e3 1.910e3 1.483e3 
   325.e3  141.2   185.1   320.7   529.0   712.5   737.3   554.7   489.3   416.2   435.4   964.5   1.053e3 1.061e3 1.050e3 1.321e3 1.179e3 555.7   865.1   992.6   1.138e3 1.286e3 1.339e3 1.198e3 1.144e3 1.144e3 1.193e3 1.153e3 1.020e3 971.1   953.9   986.1   1.355e3 1.472e3 1.248e3 480.8   774.1   1.553e3 1.636e3 1.538e3 1.594e3 1.819e3 1.707e3 1.678e3 1.339e3 1.302e3 1.584e3 1.518e3 1.441e3 1.364e3 1.673e3 1.729e3 1.512e3 1.744e3 990.2   2.173e3 2.226e3 2.242e3 1.841e3 1.821e3 1.743e3 1.821e3 1.545e3 1.573e3 1.884e3 1.686e3 1.429e3 1.303e3 1.541e3 1.612e3 1.598e3 1.499e3 1.481e3 1.526e3 1.539e3 1.418e3 1.133e3 1.256e3 1.524e3 1.279e3 1.225e3 1.401e3 1.591e3 1.962e3 2.044e3 2.459e3 2.410e3 2.294e3 2.176e3 2.066e3 1.952e3 1.996e3 1.552e3 
   350.e3  146.7   191.4   339.3   550.2   734.3   756.0   573.6   511.4   427.4   450.4   1.000e3 1.087e3 1.092e3 1.089e3 1.378e3 1.242e3 602.0   924.2   1.043e3 1.197e3 1.335e3 1.396e3 1.249e3 1.212e3 1.198e3 1.244e3 1.202e3 1.067e3 1.015e3 1.001e3 1.027e3 1.408e3 1.533e3 1.299e3 508.8   815.2   1.616e3 1.710e3 1.599e3 1.673e3 1.889e3 1.776e3 1.750e3 1.404e3 1.374e3 1.657e3 1.583e3 1.500e3 1.436e3 1.725e3 1.806e3 1.587e3 1.816e3 1.066e3 2.271e3 2.327e3 2.336e3 1.927e3 1.905e3 1.821e3 1.908e3 1.610e3 1.646e3 1.944e3 1.774e3 1.501e3 1.362e3 1.620e3 1.676e3 1.674e3 1.576e3 1.554e3 1.592e3 1.605e3 1.487e3 1.202e3 1.318e3 1.598e3 1.338e3 1.288e3 1.472e3 1.651e3 2.060e3 2.129e3 2.562e3 2.525e3 2.385e3 2.262e3 2.171e3 2.049e3 2.084e3 1.623e3 
   375.e3  152.3   198.2   358.0   571.9   755.9   775.0   592.4   534.2   439.8   466.4   1.037e3 1.122e3 1.125e3 1.130e3 1.436e3 1.307e3 647.5   984.0   1.094e3 1.257e3 1.386e3 1.454e3 1.301e3 1.283e3 1.252e3 1.294e3 1.252e3 1.114e3 1.059e3 1.050e3 1.068e3 1.462e3 1.595e3 1.352e3 537.7   857.7   1.681e3 1.786e3 1.662e3 1.753e3 1.959e3 1.846e3 1.822e3 1.470e3 1.447e3 1.730e3 1.650e3 1.562e3 1.507e3 1.778e3 1.885e3 1.664e3 1.889e3 1.143e3 2.371e3 2.431e3 2.433e3 2.014e3 1.990e3 1.902e3 1.996e3 1.678e3 1.720e3 2.006e3 1.864e3 1.575e3 1.423e3 1.699e3 1.742e3 1.750e3 1.654e3 1.628e3 1.659e3 1.672e3 1.558e3 1.271e3 1.381e3 1.673e3 1.401e3 1.351e3 1.544e3 1.714e3 2.159e3 2.216e3 2.666e3 2.641e3 2.478e3 2.352e3 2.278e3 2.147e3 2.175e3 1.696e3 
   400.e3  157.8   205.4   376.7   594.0   777.5   794.2   611.1   557.7   453.6   483.3   1.075e3 1.158e3 1.160e3 1.173e3 1.494e3 1.373e3 692.1   1.044e3 1.146e3 1.317e3 1.437e3 1.512e3 1.354e3 1.355e3 1.307e3 1.345e3 1.302e3 1.163e3 1.104e3 1.100e3 1.110e3 1.516e3 1.658e3 1.405e3 567.6   901.4   1.748e3 1.863e3 1.727e3 1.832e3 2.031e3 1.918e3 1.896e3 1.537e3 1.520e3 1.804e3 1.719e3 1.624e3 1.578e3 1.834e3 1.966e3 1.743e3 1.963e3 1.222e3 2.472e3 2.535e3 2.531e3 2.103e3 2.077e3 1.985e3 2.086e3 1.747e3 1.796e3 2.068e3 1.957e3 1.649e3 1.484e3 1.779e3 1.809e3 1.827e3 1.731e3 1.703e3 1.726e3 1.741e3 1.630e3 1.341e3 1.444e3 1.749e3 1.465e3 1.415e3 1.616e3 1.778e3 2.259e3 2.304e3 2.771e3 2.758e3 2.573e3 2.443e3 2.386e3 2.247e3 2.267e3 1.771e3 
   450.e3  168.9   221.1   414.5   639.0   820.8   834.0   647.9   606.0   484.7   519.4   1.152e3 1.231e3 1.233e3 1.263e3 1.612e3 1.509e3 778.6   1.164e3 1.254e3 1.438e3 1.542e3 1.631e3 1.462e3 1.503e3 1.415e3 1.448e3 1.404e3 1.265e3 1.196e3 1.202e3 1.196e3 1.625e3 1.787e3 1.515e3 630.3   992.5   1.884e3 2.021e3 1.861e3 1.993e3 2.177e3 2.065e3 2.048e3 1.675e3 1.668e3 1.949e3 1.859e3 1.752e3 1.719e3 1.951e3 2.131e3 1.906e3 2.113e3 1.382e3 2.677e3 2.749e3 2.731e3 2.286e3 2.254e3 2.156e3 2.271e3 1.892e3 1.951e3 2.195e3 2.147e3 1.800e3 1.610e3 1.938e3 1.945e3 1.984e3 1.887e3 1.854e3 1.861e3 1.879e3 1.779e3 1.484e3 1.572e3 1.902e3 1.600e3 1.543e3 1.762e3 1.912e3 2.462e3 2.484e3 2.982e3 2.993e3 2.765e3 2.630e3 2.607e3 2.450e3 2.457e3 1.926e3 
   500.e3  179.8   237.9   452.3   684.5   864.1   875.6   684.0   655.8   519.9   557.9   1.230e3 1.305e3 1.310e3 1.357e3 1.730e3 1.648e3 861.4   1.283e3 1.365e3 1.559e3 1.648e3 1.751e3 1.573e3 1.654e3 1.522e3 1.551e3 1.505e3 1.370e3 1.289e3 1.306e3 1.284e3 1.735e3 1.918e3 1.627e3 696.7   1.088e3 2.022e3 2.182e3 1.998e3 2.153e3 2.324e3 2.214e3 2.203e3 1.815e3 1.818e3 2.092e3 2.002e3 1.883e3 1.856e3 2.075e3 2.300e3 2.073e3 2.266e3 1.546e3 2.883e3 2.965e3 2.934e3 2.475e3 2.435e3 2.332e3 2.458e3 2.041e3 2.108e3 2.323e3 2.341e3 1.954e3 1.738e3 2.098e3 2.083e3 2.142e3 2.042e3 2.007e3 1.996e3 2.019e3 1.930e3 1.630e3 1.702e3 2.058e3 1.742e3 1.673e3 1.910e3 2.051e3 2.665e3 2.667e3 3.193e3 3.229e3 2.960e3 2.823e3 2.830e3 2.655e3 2.652e3 2.087e3 
   550.e3  190.4   255.2   490.2   729.7   907.1   918.7   719.1   706.4   558.4   598.0   1.310e3 1.379e3 1.389e3 1.453e3 1.847e3 1.788e3 939.9   1.397e3 1.478e3 1.680e3 1.755e3 1.871e3 1.685e3 1.807e3 1.627e3 1.654e3 1.606e3 1.477e3 1.382e3 1.412e3 1.372e3 1.845e3 2.048e3 1.740e3 766.5   1.186e3 2.163e3 2.346e3 2.139e3 2.312e3 2.470e3 2.365e3 2.360e3 1.957e3 1.968e3 2.229e3 2.147e3 2.015e3 1.990e3 2.203e3 2.471e3 2.242e3 2.420e3 1.713e3 3.088e3 3.183e3 3.137e3 2.666e3 2.618e3 2.510e3 2.647e3 2.193e3 2.266e3 2.451e3 2.538e3 2.108e3 1.869e3 2.256e3 2.222e3 2.301e3 2.195e3 2.160e3 2.130e3 2.159e3 2.084e3 1.776e3 1.831e3 2.213e3 1.887e3 1.803e3 2.057e3 2.193e3 2.867e3 2.852e3 3.402e3 3.463e3 3.155e3 3.017e3 3.055e3 2.861e3 2.848e3 2.251e3 
   600.e3  200.6   272.9   527.9   774.5   949.6   963.0   753.1   757.5   599.6   639.2   1.390e3 1.453e3 1.470e3 1.551e3 1.963e3 1.930e3 1.014e3 1.505e3 1.592e3 1.799e3 1.862e3 1.990e3 1.797e3 1.958e3 1.729e3 1.756e3 1.704e3 1.585e3 1.475e3 1.517e3 1.460e3 1.954e3 2.178e3 1.854e3 839.4   1.287e3 2.303e3 2.510e3 2.280e3 2.469e3 2.614e3 2.517e3 2.517e3 2.099e3 2.118e3 2.361e3 2.292e3 2.148e3 2.120e3 2.336e3 2.642e3 2.413e3 2.574e3 1.882e3 3.293e3 3.401e3 3.340e3 2.858e3 2.801e3 2.688e3 2.836e3 2.347e3 2.422e3 2.579e3 2.736e3 2.261e3 2.000e3 2.412e3 2.360e3 2.460e3 2.345e3 2.314e3 2.264e3 2.299e3 2.236e3 1.923e3 1.959e3 2.368e3 2.035e3 1.932e3 2.204e3 2.338e3 3.068e3 3.036e3 3.607e3 3.694e3 3.350e3 3.214e3 3.280e3 3.066e3 3.045e3 2.418e3 
   650.e3  210.3   290.5   565.4   818.3   991.2   1.008e3 786.2   808.8   642.9   681.1   1.469e3 1.525e3 1.552e3 1.650e3 2.077e3 2.071e3 1.083e3 1.606e3 1.706e3 1.916e3 1.968e3 2.107e3 1.908e3 2.107e3 1.829e3 1.857e3 1.800e3 1.692e3 1.567e3 1.622e3 1.548e3 2.061e3 2.306e3 1.967e3 915.1   1.391e3 2.444e3 2.673e3 2.422e3 2.624e3 2.755e3 2.667e3 2.674e3 2.241e3 2.267e3 2.486e3 2.435e3 2.281e3 2.246e3 2.472e3 2.812e3 2.584e3 2.727e3 2.052e3 3.494e3 3.616e3 3.541e3 3.052e3 2.984e3 2.866e3 3.023e3 2.501e3 2.577e3 2.705e3 2.933e3 2.413e3 2.131e3 2.565e3 2.497e3 2.617e3 2.492e3 2.466e3 2.395e3 2.437e3 2.387e3 2.069e3 2.085e3 2.521e3 2.185e3 2.060e3 2.349e3 2.484e3 3.265e3 3.219e3 3.807e3 3.921e3 3.542e3 3.410e3 3.502e3 3.271e3 3.241e3 2.587e3 
   700.e3  219.6   308.1   602.3   861.1   1.032e3 1.053e3 818.2   859.9   688.0   723.4   1.548e3 1.596e3 1.633e3 1.749e3 2.189e3 2.212e3 1.149e3 1.698e3 1.820e3 2.031e3 2.072e3 2.222e3 2.018e3 2.253e3 1.926e3 1.956e3 1.893e3 1.798e3 1.658e3 1.725e3 1.635e3 2.167e3 2.432e3 2.079e3 993.5   1.497e3 2.583e3 2.835e3 2.564e3 2.776e3 2.892e3 2.817e3 2.829e3 2.382e3 2.413e3 2.606e3 2.577e3 2.413e3 2.368e3 2.610e3 2.980e3 2.753e3 2.878e3 2.222e3 3.692e3 3.829e3 3.739e3 3.244e3 3.166e3 3.040e3 3.208e3 2.656e3 2.729e3 2.828e3 3.129e3 2.564e3 2.262e3 2.715e3 2.633e3 2.773e3 2.635e3 2.617e3 2.524e3 2.574e3 2.536e3 2.213e3 2.209e3 2.671e3 2.334e3 2.187e3 2.493e3 2.631e3 3.459e3 3.400e3 4.000e3 4.144e3 3.732e3 3.605e3 3.723e3 3.473e3 3.436e3 2.757e3 
   800.e3  237.0   342.8   674.4   943.0   1.111e3 1.144e3 879.4   961.0   781.8   808.1   1.701e3 1.734e3 1.794e3 1.943e3 2.402e3 2.486e3 1.268e3 1.860e3 2.046e3 2.252e3 2.276e3 2.444e3 2.233e3 2.532e3 2.110e3 2.149e3 2.070e3 2.005e3 1.835e3 1.927e3 1.805e3 2.373e3 2.675e3 2.298e3 1.157e3 1.712e3 2.858e3 3.154e3 2.844e3 3.071e3 3.154e3 3.109e3 3.133e3 2.660e3 2.699e3 2.832e3 2.855e3 2.672e3 2.599e3 2.888e3 3.307e3 3.084e3 3.175e3 2.563e3 4.077e3 4.242e3 4.123e3 3.626e3 3.523e3 3.376e3 3.568e3 2.963e3 3.020e3 3.069e3 3.514e3 2.859e3 2.521e3 3.004e3 2.898e3 3.079e3 2.911e3 2.914e3 2.774e3 2.842e3 2.825e3 2.497e3 2.448e3 2.963e3 2.631e3 2.434e3 2.772e3 2.925e3 3.832e3 3.753e3 4.367e3 4.572e3 4.101e3 3.991e3 4.154e3 3.868e3 3.818e3 3.099e3 
   900.e3  253.0   377.2   743.6   1.020e3 1.185e3 1.232e3 937.3   1.060e3 878.3   892.1   1.848e3 1.863e3 1.949e3 2.132e3 2.602e3 2.750e3 1.379e3 1.997e3 2.267e3 2.462e3 2.472e3 2.656e3 2.441e3 2.792e3 2.283e3 2.333e3 2.234e3 2.203e3 2.006e3 2.120e3 1.970e3 2.570e3 2.904e3 2.509e3 1.328e3 1.932e3 3.124e3 3.462e3 3.117e3 3.352e3 3.401e3 3.392e3 3.427e3 2.930e3 2.974e3 3.042e3 3.122e3 2.923e3 2.814e3 3.166e3 3.619e3 3.402e3 3.462e3 2.901e3 4.444e3 4.638e3 4.489e3 3.998e3 3.867e3 3.690e3 3.914e3 3.263e3 3.293e3 3.300e3 3.887e3 3.143e3 2.773e3 3.278e3 3.153e3 3.375e3 3.170e3 3.202e3 3.015e3 3.099e3 3.099e3 2.770e3 2.674e3 3.243e3 2.922e3 2.673e3 3.042e3 3.216e3 4.185e3 4.094e3 4.705e3 4.978e3 4.455e3 4.367e3 4.568e3 4.249e3 4.189e3 3.441e3 
   1.00e6  267.8   411.6   809.6   1.091e3 1.257e3 1.317e3 992.8   1.156e3 975.9   974.6   1.988e3 1.986e3 2.098e3 2.313e3 2.788e3 3.002e3 1.490e3 2.121e3 2.482e3 2.661e3 2.659e3 2.858e3 2.641e3 3.032e3 2.446e3 2.509e3 2.388e3 2.390e3 2.170e3 2.304e3 2.128e3 2.758e3 3.119e3 2.712e3 1.506e3 2.154e3 3.382e3 3.758e3 3.382e3 3.620e3 3.637e3 3.664e3 3.709e3 3.190e3 3.235e3 3.241e3 3.377e3 3.165e3 3.015e3 3.441e3 3.914e3 3.705e3 3.739e3 3.236e3 4.793e3 5.014e3 4.837e3 4.361e3 4.198e3 3.981e3 4.243e3 3.556e3 3.548e3 3.523e3 4.245e3 3.416e3 3.018e3 3.536e3 3.398e3 3.661e3 3.413e3 3.479e3 3.245e3 3.347e3 3.358e3 3.031e3 2.889e3 3.509e3 3.204e3 2.902e3 3.300e3 3.502e3 4.517e3 4.421e3 5.016e3 5.360e3 4.792e3 4.733e3 4.966e3 4.614e3 4.547e3 3.782e3 
   1.10e6  281.8   446.1   872.1   1.157e3 1.324e3 1.399e3 1.046e3 1.249e3 1.073e3 1.055e3 2.120e3 2.101e3 2.240e3 2.484e3 2.961e3 3.239e3 1.607e3 2.242e3 2.689e3 2.847e3 2.837e3 3.050e3 2.833e3 3.253e3 2.601e3 2.676e3 2.534e3 2.566e3 2.326e3 2.477e3 2.280e3 2.937e3 3.321e3 2.904e3 1.689e3 2.378e3 3.630e3 4.042e3 3.637e3 3.875e3 3.865e3 3.924e3 3.978e3 3.440e3 3.484e3 3.434e3 3.620e3 3.398e3 3.204e3 3.710e3 4.192e3 3.990e3 4.006e3 3.566e3 5.124e3 5.370e3 5.165e3 4.712e3 4.514e3 4.248e3 4.556e3 3.841e3 3.784e3 3.736e3 4.586e3 3.679e3 3.255e3 3.780e3 3.632e3 3.936e3 3.642e3 3.746e3 3.466e3 3.584e3 3.604e3 3.280e3 3.093e3 3.762e3 3.477e3 3.123e3 3.548e3 3.783e3 4.829e3 4.734e3 5.303e3 5.719e3 5.114e3 5.089e3 5.346e3 4.965e3 4.891e3 4.119e3 
   1.20e6  295.2   480.6   931.2   1.219e3 1.389e3 1.478e3 1.098e3 1.339e3 1.170e3 1.134e3 2.245e3 2.209e3 2.374e3 2.647e3 3.121e3 3.462e3 1.731e3 2.365e3 2.888e3 3.023e3 3.006e3 3.233e3 3.017e3 3.456e3 2.750e3 2.835e3 2.673e3 2.731e3 2.476e3 2.641e3 2.426e3 3.107e3 3.509e3 3.088e3 1.875e3 2.602e3 3.868e3 4.314e3 3.884e3 4.119e3 4.086e3 4.174e3 4.235e3 3.681e3 3.721e3 3.621e3 3.851e3 3.621e3 3.384e3 3.973e3 4.452e3 4.260e3 4.262e3 3.891e3 5.437e3 5.707e3 5.476e3 5.051e3 4.815e3 4.493e3 4.854e3 4.116e3 4.005e3 3.942e3 4.911e3 3.932e3 3.484e3 4.010e3 3.856e3 4.200e3 3.858e3 4.002e3 3.679e3 3.812e3 3.838e3 3.515e3 3.286e3 4.003e3 3.739e3 3.335e3 3.786e3 4.056e3 5.122e3 5.033e3 5.568e3 6.057e3 5.420e3 5.433e3 5.710e3 5.300e3 5.222e3 4.452e3 
   1.30e6  308.2   515.0   986.8   1.277e3 1.451e3 1.552e3 1.149e3 1.427e3 1.264e3 1.211e3 2.362e3 2.311e3 2.501e3 2.800e3 3.269e3 3.671e3 1.866e3 2.494e3 3.079e3 3.189e3 3.168e3 3.407e3 3.194e3 3.644e3 2.892e3 2.987e3 2.807e3 2.885e3 2.619e3 2.794e3 2.567e3 3.270e3 3.686e3 3.263e3 2.064e3 2.826e3 4.098e3 4.573e3 4.121e3 4.351e3 4.303e3 4.412e3 4.480e3 3.911e3 3.945e3 3.804e3 4.071e3 3.835e3 3.557e3 4.229e3 4.695e3 4.514e3 4.509e3 4.210e3 5.734e3 6.026e3 5.770e3 5.378e3 5.100e3 4.719e3 5.136e3 4.383e3 4.212e3 4.140e3 5.220e3 4.174e3 3.704e3 4.228e3 4.071e3 4.455e3 4.061e3 4.248e3 3.883e3 4.030e3 4.061e3 3.738e3 3.471e3 4.233e3 3.991e3 3.540e3 4.014e3 4.323e3 5.396e3 5.319e3 5.815e3 6.375e3 5.713e3 5.767e3 6.057e3 5.621e3 5.541e3 4.781e3 
   1.40e6  321.0   549.1   1.039e3 1.331e3 1.511e3 1.624e3 1.200e3 1.511e3 1.357e3 1.287e3 2.473e3 2.408e3 2.620e3 2.944e3 3.405e3 3.865e3 2.009e3 2.628e3 3.262e3 3.346e3 3.322e3 3.574e3 3.363e3 3.819e3 3.030e3 3.131e3 2.938e3 3.031e3 2.756e3 2.939e3 2.702e3 3.424e3 3.852e3 3.430e3 2.254e3 3.048e3 4.319e3 4.820e3 4.349e3 4.574e3 4.516e3 4.641e3 4.713e3 4.132e3 4.158e3 3.983e3 4.282e3 4.041e3 3.725e3 4.477e3 4.923e3 4.753e3 4.747e3 4.523e3 6.015e3 6.327e3 6.048e3 5.693e3 5.372e3 4.930e3 5.405e3 4.641e3 4.408e3 4.332e3 5.512e3 4.409e3 3.916e3 4.435e3 4.277e3 4.700e3 4.254e3 4.484e3 4.081e3 4.240e3 4.274e3 3.950e3 3.648e3 4.452e3 4.233e3 3.737e3 4.234e3 4.583e3 5.654e3 5.594e3 6.046e3 6.675e3 5.994e3 6.091e3 6.389e3 5.928e3 5.847e3 5.106e3 
   1.50e6  333.9   582.7   1.088e3 1.381e3 1.568e3 1.692e3 1.250e3 1.593e3 1.448e3 1.361e3 2.578e3 2.499e3 2.733e3 3.080e3 3.532e3 4.047e3 2.160e3 2.768e3 3.438e3 3.494e3 3.469e3 3.733e3 3.526e3 3.983e3 3.162e3 3.270e3 3.065e3 3.169e3 2.887e3 3.076e3 2.832e3 3.572e3 4.008e3 3.589e3 2.446e3 3.268e3 4.532e3 5.056e3 4.569e3 4.788e3 4.727e3 4.860e3 4.936e3 4.344e3 4.361e3 4.158e3 4.483e3 4.238e3 3.889e3 4.717e3 5.137e3 4.979e3 4.976e3 4.830e3 6.281e3 6.612e3 6.312e3 5.996e3 5.629e3 5.127e3 5.661e3 4.890e3 4.594e3 4.519e3 5.790e3 4.635e3 4.120e3 4.633e3 4.474e3 4.936e3 4.438e3 4.712e3 4.272e3 4.443e3 4.478e3 4.150e3 3.818e3 4.662e3 4.466e3 3.929e3 4.446e3 4.836e3 5.897e3 5.857e3 6.265e3 6.959e3 6.262e3 6.406e3 6.707e3 6.223e3 6.142e3 5.426e3 
   1.60e6  346.8   615.7   1.135e3 1.428e3 1.623e3 1.757e3 1.299e3 1.672e3 1.536e3 1.434e3 2.676e3 2.586e3 2.839e3 3.207e3 3.649e3 4.216e3 2.318e3 2.912e3 3.606e3 3.635e3 3.610e3 3.887e3 3.683e3 4.136e3 3.291e3 3.402e3 3.189e3 3.299e3 3.014e3 3.205e3 2.958e3 3.714e3 4.155e3 3.740e3 2.638e3 3.487e3 4.737e3 5.281e3 4.780e3 4.994e3 4.934e3 5.071e3 5.148e3 4.548e3 4.554e3 4.330e3 4.675e3 4.428e3 4.050e3 4.948e3 5.337e3 5.193e3 5.197e3 5.131e3 6.533e3 6.882e3 6.562e3 6.287e3 5.874e3 5.315e3 5.905e3 5.131e3 4.773e3 4.701e3 6.053e3 4.854e3 4.317e3 4.821e3 4.663e3 5.164e3 4.613e3 4.931e3 4.458e3 4.638e3 4.675e3 4.340e3 3.983e3 4.863e3 4.690e3 4.114e3 4.651e3 5.082e3 6.127e3 6.110e3 6.474e3 7.227e3 6.520e3 6.711e3 7.012e3 6.506e3 6.427e3 5.741e3 
   1.70e6  359.8   648.1   1.178e3 1.473e3 1.677e3 1.819e3 1.349e3 1.748e3 1.621e3 1.506e3 2.770e3 2.669e3 2.940e3 3.326e3 3.758e3 4.374e3 2.482e3 3.059e3 3.767e3 3.769e3 3.744e3 4.034e3 3.835e3 4.281e3 3.415e3 3.529e3 3.311e3 3.423e3 3.136e3 3.326e3 3.081e3 3.850e3 4.294e3 3.885e3 2.829e3 3.702e3 4.936e3 5.497e3 4.984e3 5.193e3 5.139e3 5.274e3 5.351e3 4.743e3 4.738e3 4.498e3 4.859e3 4.611e3 4.208e3 5.173e3 5.527e3 5.396e3 5.411e3 5.426e3 6.773e3 7.138e3 6.800e3 6.567e3 6.107e3 5.494e3 6.138e3 5.365e3 4.946e3 4.878e3 6.302e3 5.066e3 4.507e3 5.002e3 4.846e3 5.385e3 4.781e3 5.141e3 4.639e3 4.827e3 4.865e3 4.521e3 4.143e3 5.057e3 4.906e3 4.294e3 4.850e3 5.321e3 6.345e3 6.353e3 6.673e3 7.482e3 6.769e3 7.009e3 7.305e3 6.778e3 6.702e3 6.052e3 
   1.80e6  373.1   679.6   1.219e3 1.515e3 1.728e3 1.878e3 1.399e3 1.823e3 1.705e3 1.576e3 2.858e3 2.748e3 3.034e3 3.438e3 3.860e3 4.520e3 2.648e3 3.207e3 3.921e3 3.896e3 3.874e3 4.176e3 3.981e3 4.418e3 3.536e3 3.651e3 3.431e3 3.542e3 3.253e3 3.442e3 3.199e3 3.981e3 4.426e3 4.024e3 3.019e3 3.915e3 5.128e3 5.702e3 5.181e3 5.386e3 5.340e3 5.469e3 5.545e3 4.932e3 4.914e3 4.662e3 5.037e3 4.787e3 4.365e3 5.389e3 5.705e3 5.590e3 5.618e3 5.715e3 7.002e3 7.382e3 7.026e3 6.837e3 6.329e3 5.668e3 6.360e3 5.592e3 5.113e3 5.051e3 6.539e3 5.272e3 4.690e3 5.176e3 5.022e3 5.598e3 4.943e3 5.345e3 4.815e3 5.009e3 5.050e3 4.694e3 4.299e3 5.243e3 5.114e3 4.470e3 5.042e3 5.555e3 6.552e3 6.588e3 6.864e3 7.725e3 7.009e3 7.299e3 7.586e3 7.040e3 6.967e3 6.358e3 
   2.00e6  400.4   740.0   1.294e3 1.592e3 1.825e3 1.990e3 1.498e3 1.965e3 1.864e3 1.714e3 3.022e3 2.897e3 3.209e3 3.642e3 4.044e3 4.784e3 2.988e3 3.505e3 4.211e3 4.134e3 4.118e3 4.447e3 4.259e3 4.674e3 3.767e3 3.883e3 3.664e3 3.765e3 3.477e3 3.656e3 3.426e3 4.229e3 4.671e3 4.284e3 3.394e3 4.329e3 5.493e3 6.088e3 5.555e3 5.753e3 5.733e3 5.839e3 5.909e3 5.287e3 5.244e3 4.981e3 5.373e3 5.121e3 4.676e3 5.801e3 6.036e3 5.954e3 6.011e3 6.272e3 7.428e3 7.835e3 7.449e3 7.345e3 6.743e3 6.000e3 6.778e3 6.026e3 5.436e3 5.386e3 6.978e3 5.667e3 5.037e3 5.506e3 5.357e3 6.004e3 5.250e3 5.731e3 5.155e3 5.359e3 5.403e3 5.018e3 4.599e3 5.598e3 5.510e3 4.809e3 5.412e3 6.003e3 6.938e3 7.034e3 7.229e3 8.177e3 7.465e3 7.857e3 8.118e3 7.536e3 7.473e3 6.955e3 
   2.25e6  436.1   810.6   1.376e3 1.679e3 1.938e3 2.118e3 1.623e3 2.133e3 2.050e3 1.883e3 3.206e3 3.068e3 3.403e3 3.866e3 4.243e3 5.067e3 3.412e3 3.873e3 4.541e3 4.405e3 4.399e3 4.763e3 4.583e3 4.963e3 4.039e3 4.152e3 3.944e3 4.023e3 3.739e3 3.899e3 3.695e3 4.516e3 4.948e3 4.583e3 3.850e3 4.826e3 5.920e3 6.526e3 5.988e3 6.186e3 6.204e3 6.268e3 6.325e3 5.698e3 5.622e3 5.360e3 5.762e3 5.511e3 5.058e3 6.278e3 6.409e3 6.371e3 6.466e3 6.932e3 7.910e3 8.348e3 7.930e3 7.925e3 7.213e3 6.395e3 7.256e3 6.534e3 5.823e3 5.788e3 7.470e3 6.136e3 5.440e3 5.890e3 5.748e3 6.477e3 5.609e3 6.181e3 5.561e3 5.770e3 5.819e3 5.393e3 4.958e3 6.014e3 5.970e3 5.214e3 5.849e3 6.532e3 7.378e3 7.553e3 7.658e3 8.690e3 7.998e3 8.518e3 8.731e3 8.111e3 8.062e3 7.674e3 
   2.50e6  473.5   875.7   1.447e3 1.758e3 2.043e3 2.235e3 1.749e3 2.291e3 2.223e3 2.046e3 3.373e3 3.226e3 3.575e3 4.060e3 4.415e3 5.307e3 3.826e3 4.229e3 4.841e3 4.652e3 4.659e3 5.057e3 4.884e3 5.226e3 4.294e3 4.403e3 4.212e3 4.264e3 3.985e3 4.122e3 3.949e3 4.784e3 5.201e3 4.857e3 4.289e3 5.298e3 6.317e3 6.924e3 6.391e3 6.593e3 6.652e3 6.667e3 6.705e3 6.077e3 5.967e3 5.722e3 6.124e3 5.873e3 5.434e3 6.720e3 6.747e3 6.756e3 6.886e3 7.549e3 8.346e3 8.810e3 8.367e3 8.450e3 7.639e3 6.775e3 7.693e3 7.011e3 6.194e3 6.174e3 7.910e3 6.578e3 5.814e3 6.251e3 6.113e3 6.917e3 5.947e3 6.600e3 5.950e3 6.158e3 6.214e3 5.742e3 5.302e3 6.405e3 6.399e3 5.601e3 6.264e3 7.031e3 7.782e3 8.037e3 8.063e3 9.158e3 8.497e3 9.145e3 9.296e3 8.643e3 8.611e3 8.364e3 
   2.75e6  512.1   935.5   1.509e3 1.829e3 2.139e3 2.343e3 1.874e3 2.439e3 2.385e3 2.205e3 3.524e3 3.373e3 3.729e3 4.231e3 4.567e3 5.513e3 4.222e3 4.568e3 5.114e3 4.880e3 4.901e3 5.334e3 5.165e3 5.469e3 4.535e3 4.638e3 4.468e3 4.490e3 4.217e3 4.328e3 4.192e3 5.035e3 5.433e3 5.110e3 4.707e3 5.744e3 6.690e3 7.286e3 6.766e3 6.979e3 7.076e3 7.040e3 7.054e3 6.429e3 6.287e3 6.066e3 6.463e3 6.213e3 5.802e3 7.129e3 7.059e3 7.116e3 7.272e3 8.124e3 8.743e3 9.230e3 8.768e3 8.922e3 8.029e3 7.142e3 8.095e3 7.460e3 6.552e3 6.546e3 8.307e3 6.999e3 6.163e3 6.593e3 6.458e3 7.328e3 6.269e3 6.992e3 6.325e3 6.526e3 6.590e3 6.072e3 5.634e3 6.775e3 6.800e3 5.975e3 6.660e3 7.502e3 8.157e3 8.490e3 8.449e3 9.587e3 8.969e3 9.741e3 9.819e3 9.139e3 9.124e3 9.022e3 
   3.00e6  551.6   990.5   1.563e3 1.894e3 2.229e3 2.443e3 1.999e3 2.580e3 2.536e3 2.359e3 3.664e3 3.511e3 3.867e3 4.381e3 4.702e3 5.691e3 4.595e3 4.889e3 5.365e3 5.090e3 5.128e3 5.596e3 5.428e3 5.694e3 4.763e3 4.861e3 4.712e3 4.705e3 4.438e3 4.523e3 4.426e3 5.272e3 5.649e3 5.346e3 5.105e3 6.164e3 7.040e3 7.618e3 7.116e3 7.347e3 7.477e3 7.390e3 7.378e3 6.758e3 6.584e3 6.395e3 6.784e3 6.533e3 6.162e3 7.511e3 7.351e3 7.455e3 7.627e3 8.658e3 9.110e3 9.617e3 9.140e3 9.348e3 8.391e3 7.497e3 8.468e3 7.885e3 6.900e3 6.906e3 8.668e3 7.400e3 6.491e3 6.919e3 6.786e3 7.713e3 6.579e3 7.361e3 6.686e3 6.878e3 6.950e3 6.388e3 5.956e3 7.128e3 7.180e3 6.337e3 7.041e3 7.948e3 8.510e3 8.917e3 8.818e3 9.986e3 9.416e3 10.31e3 10.31e3 9.604e3 9.606e3 9.650e3 
   3.25e6  591.5   1.041e3 1.612e3 1.955e3 2.312e3 2.536e3 2.123e3 2.712e3 2.678e3 2.509e3 3.794e3 3.641e3 3.994e3 4.516e3 4.825e3 5.846e3 4.943e3 5.193e3 5.595e3 5.288e3 5.342e3 5.844e3 5.674e3 5.905e3 4.980e3 5.072e3 4.946e3 4.910e3 4.649e3 4.710e3 4.650e3 5.499e3 5.851e3 5.568e3 5.482e3 6.559e3 7.371e3 7.924e3 7.446e3 7.699e3 7.856e3 7.722e3 7.679e3 7.065e3 6.864e3 6.710e3 7.089e3 6.837e3 6.512e3 7.868e3 7.626e3 7.776e3 7.951e3 9.152e3 9.450e3 9.976e3 9.486e3 9.731e3 8.729e3 7.839e3 8.816e3 8.289e3 7.236e3 7.255e3 9.000e3 7.782e3 6.802e3 7.232e3 7.098e3 8.073e3 6.878e3 7.710e3 7.035e3 7.215e3 7.297e3 6.693e3 6.269e3 7.466e3 7.540e3 6.689e3 7.407e3 8.371e3 8.844e3 9.321e3 9.171e3 10.36e3 9.842e3 10.85e3 10.76e3 10.04e3 10.06e3 10.25e3 
   3.50e6  631.4   1.088e3 1.656e3 2.012e3 2.389e3 2.622e3 2.246e3 2.838e3 2.811e3 2.654e3 3.916e3 3.765e3 4.109e3 4.637e3 4.937e3 5.984e3 5.267e3 5.478e3 5.808e3 5.473e3 5.545e3 6.079e3 5.906e3 6.103e3 5.187e3 5.274e3 5.169e3 5.107e3 4.852e3 4.890e3 4.867e3 5.715e3 6.042e3 5.778e3 5.839e3 6.930e3 7.683e3 8.207e3 7.757e3 8.035e3 8.214e3 8.036e3 7.962e3 7.356e3 7.128e3 7.013e3 7.380e3 7.126e3 6.851e3 8.204e3 7.887e3 8.082e3 8.249e3 9.607e3 9.767e3 10.31e3 9.811e3 10.08e3 9.048e3 8.169e3 9.142e3 8.673e3 7.563e3 7.595e3 9.306e3 8.147e3 7.097e3 7.535e3 7.398e3 8.411e3 7.169e3 8.042e3 7.372e3 7.539e3 7.632e3 6.990e3 6.574e3 7.792e3 7.882e3 7.032e3 7.761e3 8.774e3 9.164e3 9.705e3 9.511e3 10.71e3 10.25e3 11.37e3 11.19e3 10.46e3 10.49e3 10.82e3 
   3.75e6  670.9   1.131e3 1.695e3 2.065e3 2.461e3 2.704e3 2.365e3 2.956e3 2.937e3 2.795e3 4.031e3 3.884e3 4.216e3 4.747e3 5.040e3 6.106e3 5.567e3 5.746e3 6.006e3 5.648e3 5.738e3 6.304e3 6.124e3 6.291e3 5.385e3 5.468e3 5.383e3 5.297e3 5.047e3 5.065e3 5.078e3 5.922e3 6.224e3 5.977e3 6.177e3 7.278e3 7.979e3 8.470e3 8.050e3 8.358e3 8.552e3 8.334e3 8.228e3 7.630e3 7.378e3 7.304e3 7.659e3 7.403e3 7.179e3 8.520e3 8.137e3 8.375e3 8.520e3 10.03e3 10.06e3 10.62e3 10.12e3 10.39e3 9.349e3 8.488e3 9.450e3 9.041e3 7.880e3 7.924e3 9.592e3 8.494e3 7.380e3 7.828e3 7.686e3 8.728e3 7.453e3 8.359e3 7.699e3 7.852e3 7.956e3 7.279e3 6.871e3 8.106e3 8.210e3 7.366e3 8.103e3 9.159e3 9.470e3 10.07e3 9.836e3 11.04e3 10.64e3 11.86e3 11.60e3 10.85e3 10.90e3 11.35e3 
   4.00e6  709.7   1.171e3 1.731e3 2.115e3 2.529e3 2.780e3 2.482e3 3.068e3 3.055e3 2.931e3 4.139e3 3.997e3 4.315e3 4.847e3 5.136e3 6.217e3 5.845e3 5.997e3 6.190e3 5.813e3 5.921e3 6.517e3 6.330e3 6.469e3 5.575e3 5.654e3 5.588e3 5.480e3 5.235e3 5.235e3 5.282e3 6.121e3 6.397e3 6.166e3 6.497e3 7.605e3 8.260e3 8.714e3 8.327e3 8.667e3 8.870e3 8.618e3 8.478e3 7.890e3 7.617e3 7.584e3 7.927e3 7.667e3 7.495e3 8.819e3 8.377e3 8.656e3 8.769e3 10.42e3 10.35e3 10.92e3 10.41e3 10.67e3 9.636e3 8.795e3 9.742e3 9.393e3 8.187e3 8.245e3 9.859e3 8.826e3 7.652e3 8.112e3 7.964e3 9.026e3 7.730e3 8.661e3 8.016e3 8.155e3 8.271e3 7.562e3 7.162e3 8.410e3 8.524e3 7.693e3 8.434e3 9.526e3 9.766e3 10.42e3 10.15e3 11.36e3 11.02e3 12.33e3 11.98e3 11.22e3 11.28e3 11.86e3 
   4.50e6  784.1   1.242e3 1.793e3 2.208e3 2.650e3 2.920e3 2.705e3 3.274e3 3.272e3 3.189e3 4.340e3 4.210e3 4.494e3 5.023e3 5.310e3 6.408e3 6.336e3 6.455e3 6.522e3 6.121e3 6.265e3 6.916e3 6.706e3 6.799e3 5.931e3 6.006e3 5.973e3 5.827e3 5.593e3 5.564e3 5.672e3 6.498e3 6.722e3 6.520e3 7.087e3 8.198e3 8.779e3 9.156e3 8.839e3 9.249e3 9.456e3 9.149e3 8.941e3 8.372e3 8.063e3 8.114e3 8.434e3 8.165e3 8.091e3 9.370e3 8.829e3 9.184e3 9.205e3 11.11e3 10.86e3 11.46e3 10.95e3 11.15e3 10.17e3 9.376e3 10.28e3 10.05e3 8.775e3 8.861e3 10.35e3 9.441e3 8.167e3 8.657e3 8.493e3 9.570e3 8.266e3 9.228e3 8.619e3 8.731e3 8.874e3 8.110e3 7.723e3 8.989e3 9.115e3 8.323e3 9.067e3 10.21e3 10.33e3 11.07e3 10.74e3 11.95e3 11.73e3 13.21e3 12.69e3 11.92e3 12.00e3 12.79e3 
   5.00e6  853.4   1.304e3 1.846e3 2.292e3 2.755e3 3.044e3 2.912e3 3.457e3 3.467e3 3.427e3 4.521e3 4.406e3 4.652e3 5.175e3 5.465e3 6.569e3 6.754e3 6.858e3 6.814e3 6.400e3 6.579e3 7.279e3 7.041e3 7.100e3 6.260e3 6.334e3 6.327e3 6.153e3 5.929e3 5.878e3 6.040e3 6.850e3 7.021e3 6.846e3 7.616e3 8.721e3 9.247e3 9.544e3 9.300e3 9.782e3 9.980e3 9.634e3 9.360e3 8.811e3 8.475e3 8.608e3 8.906e3 8.626e3 8.641e3 9.868e3 9.251e3 9.673e3 9.576e3 11.71e3 11.33e3 11.95e3 11.44e3 11.54e3 10.67e3 9.914e3 10.77e3 10.67e3 9.328e3 9.444e3 10.79e3 9.998e3 8.650e3 9.175e3 8.989e3 10.05e3 8.780e3 9.751e3 9.183e3 9.272e3 9.444e3 8.637e3 8.258e3 9.531e3 9.663e3 8.923e3 9.660e3 10.84e3 10.86e3 11.66e3 11.29e3 12.49e3 12.38e3 14.01e3 13.33e3 12.55e3 12.65e3 13.62e3 
   5.50e6  917.0   1.359e3 1.892e3 2.367e3 2.848e3 3.155e3 3.101e3 3.619e3 3.641e3 3.647e3 4.686e3 4.587e3 4.792e3 5.307e3 5.606e3 6.708e3 7.109e3 7.213e3 7.072e3 6.656e3 6.869e3 7.610e3 7.339e3 7.375e3 6.564e3 6.639e3 6.652e3 6.459e3 6.244e3 6.180e3 6.388e3 7.179e3 7.300e3 7.147e3 8.094e3 9.182e3 9.668e3 9.887e3 9.716e3 10.27e3 10.45e3 10.08e3 9.741e3 9.211e3 8.856e3 9.068e3 9.347e3 9.054e3 9.144e3 10.32e3 9.644e3 10.13e3 9.898e3 12.24e3 11.76e3 12.39e3 11.89e3 11.87e3 11.13e3 10.41e3 11.22e3 11.23e3 9.849e3 9.995e3 11.19e3 10.50e3 9.107e3 9.667e3 9.457e3 10.48e3 9.273e3 10.23e3 9.709e3 9.781e3 9.984e3 9.143e3 8.770e3 10.04e3 10.17e3 9.493e3 10.22e3 11.42e3 11.36e3 12.20e3 11.80e3 12.99e3 12.99e3 14.74e3 13.91e3 13.14e3 13.24e3 14.35e3 
   6.00e6  974.8   1.407e3 1.931e3 2.436e3 2.928e3 3.255e3 3.273e3 3.761e3 3.799e3 3.849e3 4.837e3 4.755e3 4.918e3 5.423e3 5.734e3 6.830e3 7.412e3 7.526e3 7.302e3 6.891e3 7.136e3 7.911e3 7.606e3 7.629e3 6.846e3 6.925e3 6.952e3 6.746e3 6.540e3 6.469e3 6.716e3 7.487e3 7.559e3 7.427e3 8.526e3 9.588e3 10.05e3 10.19e3 10.09e3 10.72e3 10.87e3 10.48e3 10.09e3 9.579e3 9.210e3 9.498e3 9.758e3 9.452e3 9.605e3 10.73e3 10.01e3 10.55e3 10.18e3 12.71e3 12.16e3 12.80e3 12.30e3 12.15e3 11.55e3 10.87e3 11.64e3 11.76e3 10.34e3 10.51e3 11.56e3 10.96e3 9.540e3 10.13e3 9.897e3 10.86e3 9.745e3 10.68e3 10.20e3 10.26e3 10.50e3 9.628e3 9.258e3 10.51e3 10.65e3 10.03e3 10.74e3 11.95e3 11.83e3 12.69e3 12.27e3 13.46e3 13.56e3 15.39e3 14.44e3 13.68e3 13.78e3 14.99e3 
   6.50e6  1.027e3 1.449e3 1.966e3 2.498e3 2.999e3 3.344e3 3.427e3 3.886e3 3.942e3 4.033e3 4.974e3 4.910e3 5.032e3 5.527e3 5.852e3 6.937e3 7.670e3 7.801e3 7.507e3 7.107e3 7.382e3 8.185e3 7.845e3 7.863e3 7.107e3 7.192e3 7.228e3 7.015e3 6.818e3 6.745e3 7.026e3 7.775e3 7.802e3 7.688e3 8.919e3 9.947e3 10.39e3 10.46e3 10.43e3 11.12e3 11.25e3 10.86e3 10.41e3 9.917e3 9.540e3 9.898e3 10.14e3 9.824e3 10.03e3 11.11e3 10.36e3 10.94e3 10.45e3 13.13e3 12.52e3 13.18e3 12.68e3 12.39e3 11.95e3 11.30e3 12.02e3 12.25e3 10.80e3 11.00e3 11.90e3 11.37e3 9.952e3 10.58e3 10.31e3 11.19e3 10.20e3 11.10e3 10.66e3 10.71e3 10.98e3 10.09e3 9.722e3 10.96e3 11.10e3 10.54e3 11.22e3 12.44e3 12.27e3 13.15e3 12.71e3 13.89e3 14.08e3 15.98e3 14.92e3 14.17e3 14.28e3 15.56e3 
   7.00e6  1.074e3 1.488e3 1.997e3 2.555e3 3.060e3 3.424e3 3.565e3 3.996e3 4.071e3 4.201e3 5.099e3 5.053e3 5.135e3 5.620e3 5.960e3 7.033e3 7.890e3 8.043e3 7.691e3 7.305e3 7.609e3 8.433e3 8.058e3 8.078e3 7.349e3 7.441e3 7.482e3 7.268e3 7.079e3 7.009e3 7.317e3 8.045e3 8.028e3 7.932e3 9.277e3 10.27e3 10.70e3 10.70e3 10.74e3 11.49e3 11.58e3 11.20e3 10.70e3 10.23e3 9.849e3 10.27e3 10.50e3 10.17e3 10.41e3 11.45e3 10.68e3 11.31e3 10.69e3 13.52e3 12.85e3 13.52e3 13.03e3 12.61e3 12.32e3 11.70e3 12.37e3 12.70e3 11.23e3 11.46e3 12.21e3 11.75e3 10.34e3 11.00e3 10.71e3 11.50e3 10.63e3 11.49e3 11.08e3 11.13e3 11.44e3 10.54e3 10.16e3 11.37e3 11.51e3 11.02e3 11.68e3 12.90e3 12.70e3 13.56e3 13.12e3 14.30e3 14.56e3 16.51e3 15.37e3 14.63e3 14.74e3 16.06e3 
   8.00e6  1.155e3 1.553e3 2.049e3 2.653e3 3.161e3 3.559e3 3.796e3 4.175e3 4.294e3 4.490e3 5.317e3 5.307e3 5.315e3 5.779e3 6.152e3 7.196e3 8.239e3 8.441e3 8.005e3 7.657e3 8.010e3 8.861e3 8.422e3 8.461e3 7.781e3 7.890e3 7.932e3 7.728e3 7.553e3 7.497e3 7.847e3 8.535e3 8.440e3 8.372e3 9.905e3 10.80e3 11.22e3 11.11e3 11.26e3 12.11e3 12.16e3 11.80e3 11.21e3 10.78e3 10.41e3 10.94e3 11.15e3 10.79e3 11.08e3 12.06e3 11.27e3 11.96e3 11.15e3 14.21e3 13.45e3 14.13e3 13.66e3 12.98e3 12.99e3 12.40e3 13.00e3 13.52e3 12.01e3 12.30e3 12.78e3 12.42e3 11.07e3 11.79e3 11.43e3 12.02e3 11.43e3 12.19e3 11.85e3 11.91e3 12.28e3 11.36e3 10.98e3 12.12e3 12.27e3 11.90e3 12.49e3 13.70e3 13.47e3 14.28e3 13.87e3 15.03e3 15.42e3 17.40e3 16.16e3 15.46e3 15.55e3 16.89e3 
   9.00e6  1.221e3 1.606e3 2.091e3 2.733e3 3.236e3 3.667e3 3.980e3 4.312e3 4.480e3 4.727e3 5.497e3 5.521e3 5.465e3 5.910e3 6.317e3 7.328e3 8.492e3 8.742e3 8.260e3 7.955e3 8.351e3 9.210e3 8.717e3 8.787e3 8.152e3 8.281e3 8.314e3 8.131e3 7.970e3 7.937e3 8.314e3 8.963e3 8.801e3 8.758e3 10.43e3 11.21e3 11.64e3 11.44e3 11.69e3 12.61e3 12.63e3 12.30e3 11.65e3 11.25e3 10.89e3 11.52e3 11.72e3 11.34e3 11.63e3 12.58e3 11.79e3 12.53e3 11.59e3 14.81e3 13.96e3 14.64e3 14.20e3 13.31e3 13.58e3 13.01e3 13.55e3 14.23e3 12.70e3 13.04e3 13.28e3 12.99e3 11.73e3 12.49e3 12.07e3 12.46e3 12.15e3 12.80e3 12.51e3 12.59e3 13.04e3 12.11e3 11.72e3 12.77e3 12.94e3 12.67e3 13.20e3 14.40e3 14.17e3 14.88e3 14.52e3 15.68e3 16.15e3 18.11e3 16.83e3 16.17e3 16.25e3 17.55e3 
   10.0e6  1.274e3 1.650e3 2.125e3 2.797e3 3.293e3 3.751e3 4.124e3 4.415e3 4.635e3 4.919e3 5.645e3 5.702e3 5.592e3 6.020e3 6.459e3 7.437e3 8.673e3 8.967e3 8.468e3 8.208e3 8.638e3 9.491e3 8.956e3 9.065e3 8.470e3 8.620e3 8.639e3 8.485e3 8.334e3 8.329e3 8.722e3 9.337e3 9.118e3 9.097e3 10.88e3 11.54e3 11.97e3 11.70e3 12.04e3 13.01e3 13.01e3 12.72e3 12.02e3 11.65e3 11.32e3 12.02e3 12.21e3 11.81e3 12.09e3 13.02e3 12.24e3 13.02e3 12.01e3 15.32e3 14.39e3 15.08e3 14.66e3 13.60e3 14.09e3 13.53e3 14.02e3 14.84e3 13.30e3 13.68e3 13.72e3 13.51e3 12.32e3 13.12e3 12.64e3 12.84e3 12.80e3 13.34e3 13.10e3 13.18e3 13.71e3 12.78e3 12.38e3 13.33e3 13.53e3 13.33e3 13.80e3 14.99e3 14.78e3 15.37e3 15.11e3 16.24e3 16.77e3 18.66e3 17.40e3 16.78e3 16.84e3 18.08e3 
   11.0e6  1.317e3 1.686e3 2.151e3 2.849e3 3.335e3 3.818e3 4.239e3 4.493e3 4.764e3 5.074e3 5.765e3 5.852e3 5.699e3 6.111e3 6.580e3 7.525e3 8.799e3 9.128e3 8.636e3 8.423e3 8.879e3 9.715e3 9.151e3 9.302e3 8.742e3 8.912e3 8.915e3 8.793e3 8.653e3 8.677e3 9.079e3 9.662e3 9.397e3 9.394e3 11.26e3 11.79e3 12.23e3 11.92e3 12.32e3 13.32e3 13.32e3 13.07e3 12.34e3 12.00e3 11.69e3 12.45e3 12.63e3 12.22e3 12.48e3 13.39e3 12.64e3 13.44e3 12.42e3 15.77e3 14.77e3 15.45e3 15.06e3 13.86e3 14.53e3 13.98e3 14.42e3 15.36e3 13.83e3 14.24e3 14.10e3 13.96e3 12.86e3 13.69e3 13.15e3 13.16e3 13.39e3 13.81e3 13.61e3 13.71e3 14.30e3 13.38e3 12.96e3 13.82e3 14.06e3 13.91e3 14.32e3 15.50e3 15.33e3 15.79e3 15.63e3 16.74e3 17.29e3 19.10e3 17.90e3 17.32e3 17.36e3 18.52e3 
   12.0e6  1.351e3 1.715e3 2.173e3 2.890e3 3.365e3 3.869e3 4.330e3 4.551e3 4.872e3 5.197e3 5.862e3 5.976e3 5.790e3 6.188e3 6.684e3 7.597e3 8.880e3 9.239e3 8.773e3 8.603e3 9.081e3 9.891e3 9.310e3 9.502e3 8.974e3 9.164e3 9.150e3 9.062e3 8.931e3 8.985e3 9.389e3 9.945e3 9.642e3 9.656e3 11.58e3 11.98e3 12.44e3 12.09e3 12.55e3 13.56e3 13.57e3 13.35e3 12.60e3 12.29e3 12.02e3 12.82e3 13.00e3 12.58e3 12.80e3 13.71e3 12.99e3 13.81e3 12.80e3 16.16e3 15.09e3 15.77e3 15.40e3 14.10e3 14.92e3 14.36e3 14.78e3 15.81e3 14.30e3 14.73e3 14.44e3 14.38e3 13.34e3 14.20e3 13.60e3 13.45e3 13.91e3 14.23e3 14.06e3 14.17e3 14.82e3 13.92e3 13.49e3 14.25e3 14.52e3 14.41e3 14.77e3 15.94e3 15.82e3 16.13e3 16.09e3 17.18e3 17.73e3 19.43e3 18.32e3 17.78e3 17.81e3 18.88e3 
   13.0e6  1.377e3 1.738e3 2.189e3 2.921e3 3.385e3 3.907e3 4.401e3 4.593e3 4.962e3 5.294e3 5.938e3 6.078e3 5.867e3 6.253e3 6.773e3 7.656e3 8.927e3 9.309e3 8.883e3 8.755e3 9.248e3 10.03e3 9.439e3 9.671e3 9.172e3 9.379e3 9.348e3 9.296e3 9.173e3 9.255e3 9.658e3 10.19e3 9.857e3 9.887e3 11.84e3 12.12e3 12.60e3 12.22e3 12.73e3 13.74e3 13.77e3 13.59e3 12.83e3 12.54e3 12.30e3 13.14e3 13.31e3 12.89e3 13.07e3 13.99e3 13.29e3 14.12e3 13.17e3 16.48e3 15.36e3 16.04e3 15.69e3 14.33e3 15.26e3 14.70e3 15.09e3 16.20e3 14.70e3 15.16e3 14.75e3 14.75e3 13.77e3 14.65e3 14.00e3 13.71e3 14.37e3 14.59e3 14.46e3 14.58e3 15.29e3 14.40e3 13.96e3 14.63e3 14.93e3 14.84e3 15.15e3 16.33e3 16.25e3 16.41e3 16.50e3 17.57e3 18.10e3 19.68e3 18.68e3 18.18e3 18.19e3 19.18e3 
   14.0e6  1.397e3 1.757e3 2.202e3 2.944e3 3.398e3 3.934e3 4.456e3 4.623e3 5.036e3 5.370e3 5.998e3 6.160e3 5.932e3 6.308e3 6.849e3 7.702e3 8.945e3 9.346e3 8.971e3 8.882e3 9.385e3 10.13e3 9.544e3 9.813e3 9.339e3 9.563e3 9.516e3 9.499e3 9.383e3 9.493e3 9.891e3 10.40e3 10.05e3 10.09e3 12.06e3 12.23e3 12.71e3 12.33e3 12.87e3 13.87e3 13.93e3 13.77e3 13.02e3 12.76e3 12.55e3 13.41e3 13.58e3 13.17e3 13.29e3 14.22e3 13.56e3 14.39e3 13.51e3 16.76e3 15.60e3 16.27e3 15.94e3 14.53e3 15.55e3 14.98e3 15.35e3 16.53e3 15.06e3 15.52e3 15.01e3 15.09e3 14.16e3 15.05e3 14.36e3 13.95e3 14.78e3 14.92e3 14.81e3 14.93e3 15.70e3 14.83e3 14.38e3 14.97e3 15.29e3 15.21e3 15.48e3 16.66e3 16.64e3 16.65e3 16.86e3 17.92e3 18.41e3 19.88e3 18.99e3 18.53e3 18.53e3 19.44e3 
   15.0e6  1.412e3 1.772e3 2.211e3 2.960e3 3.406e3 3.953e3 4.498e3 4.642e3 5.096e3 5.428e3 6.043e3 6.225e3 5.987e3 6.355e3 6.912e3 7.738e3 8.940e3 9.356e3 9.040e3 8.987e3 9.495e3 10.20e3 9.628e3 9.931e3 9.481e3 9.720e3 9.657e3 9.674e3 9.565e3 9.700e3 10.09e3 10.58e3 10.21e3 10.27e3 12.24e3 12.30e3 12.80e3 12.41e3 12.98e3 13.96e3 14.05e3 13.93e3 13.18e3 12.94e3 12.76e3 13.64e3 13.81e3 13.40e3 13.48e3 14.42e3 13.79e3 14.62e3 13.83e3 16.99e3 15.80e3 16.46e3 16.16e3 14.72e3 15.81e3 15.23e3 15.59e3 16.81e3 15.37e3 15.84e3 15.25e3 15.40e3 14.50e3 15.41e3 14.68e3 14.17e3 15.14e3 15.20e3 15.13e3 15.24e3 16.06e3 15.21e3 14.75e3 15.26e3 15.61e3 15.53e3 15.77e3 16.95e3 16.97e3 16.85e3 17.17e3 18.22e3 18.66e3 20.02e3 19.26e3 18.84e3 18.82e3 19.67e3 
   16.0e6  1.421e3 1.783e3 2.217e3 2.971e3 3.408e3 3.965e3 4.528e3 4.653e3 5.143e3 5.471e3 6.076e3 6.276e3 6.034e3 6.393e3 6.966e3 7.765e3 8.917e3 9.345e3 9.094e3 9.073e3 9.584e3 10.26e3 9.695e3 10.03e3 9.599e3 9.851e3 9.776e3 9.825e3 9.722e3 9.880e3 10.26e3 10.74e3 10.36e3 10.43e3 12.39e3 12.35e3 12.87e3 12.48e3 13.07e3 14.02e3 14.14e3 14.05e3 13.32e3 13.10e3 12.95e3 13.83e3 14.01e3 13.61e3 13.64e3 14.60e3 14.00e3 14.82e3 14.11e3 17.17e3 15.96e3 16.61e3 16.34e3 14.89e3 16.03e3 15.44e3 15.79e3 17.05e3 15.64e3 16.12e3 15.46e3 15.67e3 14.81e3 15.73e3 14.96e3 14.37e3 15.46e3 15.46e3 15.41e3 15.51e3 16.37e3 15.55e3 15.08e3 15.52e3 15.89e3 15.80e3 16.01e3 17.20e3 17.27e3 17.01e3 17.45e3 18.49e3 18.88e3 20.13e3 19.49e3 19.10e3 19.07e3 19.86e3 
   17.0e6  1.425e3 1.790e3 2.220e3 2.977e3 3.407e3 3.970e3 4.548e3 4.657e3 5.181e3 5.501e3 6.099e3 6.314e3 6.073e3 6.426e3 7.011e3 7.784e3 8.880e3 9.316e3 9.134e3 9.143e3 9.652e3 10.29e3 9.747e3 10.11e3 9.698e3 9.961e3 9.875e3 9.954e3 9.857e3 10.04e3 10.41e3 10.87e3 10.49e3 10.56e3 12.50e3 12.38e3 12.91e3 12.53e3 13.13e3 14.05e3 14.21e3 14.14e3 13.43e3 13.23e3 13.11e3 13.99e3 14.17e3 13.78e3 13.78e3 14.74e3 14.17e3 14.99e3 14.37e3 17.32e3 16.11e3 16.74e3 16.49e3 15.04e3 16.22e3 15.62e3 15.96e3 17.25e3 15.87e3 16.35e3 15.65e3 15.92e3 15.09e3 16.01e3 15.21e3 14.55e3 15.74e3 15.68e3 15.66e3 15.75e3 16.65e3 15.84e3 15.37e3 15.76e3 16.15e3 16.04e3 16.22e3 17.42e3 17.53e3 17.15e3 17.70e3 18.72e3 19.05e3 20.20e3 19.68e3 19.33e3 19.29e3 20.02e3 
   18.0e6  1.426e3 1.795e3 2.222e3 2.978e3 3.402e3 3.971e3 4.560e3 4.655e3 5.209e3 5.520e3 6.112e3 6.341e3 6.105e3 6.452e3 7.047e3 7.796e3 8.831e3 9.274e3 9.162e3 9.198e3 9.704e3 10.30e3 9.786e3 10.17e3 9.779e3 10.05e3 9.956e3 10.06e3 9.973e3 10.17e3 10.53e3 10.99e3 10.60e3 10.68e3 12.59e3 12.39e3 12.93e3 12.56e3 13.18e3 14.07e3 14.26e3 14.21e3 13.52e3 13.34e3 13.24e3 14.13e3 14.31e3 13.94e3 13.89e3 14.87e3 14.33e3 15.13e3 14.60e3 17.43e3 16.22e3 16.85e3 16.62e3 15.18e3 16.38e3 15.77e3 16.11e3 17.42e3 16.08e3 16.55e3 15.82e3 16.15e3 15.34e3 16.25e3 15.43e3 14.72e3 15.99e3 15.88e3 15.87e3 15.96e3 16.89e3 16.11e3 15.63e3 15.97e3 16.37e3 16.24e3 16.41e3 17.61e3 17.76e3 17.27e3 17.91e3 18.93e3 19.20e3 20.26e3 19.85e3 19.53e3 19.48e3 20.17e3 
   20.0e6  1.418e3 1.799e3 2.219e3 2.971e3 3.385e3 3.960e3 4.562e3 4.638e3 5.243e3 5.534e3 6.116e3 6.368e3 6.154e3 6.491e3 7.100e3 7.804e3 8.711e3 9.161e3 9.190e3 9.273e3 9.764e3 10.29e3 9.834e3 10.25e3 9.898e3 10.18e3 10.08e3 10.23e3 10.16e3 10.38e3 10.73e3 11.16e3 10.78e3 10.88e3 12.70e3 12.36e3 12.95e3 12.60e3 13.23e3 14.04e3 14.30e3 14.28e3 13.66e3 13.51e3 13.45e3 14.32e3 14.52e3 14.18e3 14.07e3 15.06e3 14.58e3 15.34e3 14.98e3 17.57e3 16.39e3 16.99e3 16.81e3 15.41e3 16.63e3 16.01e3 16.34e3 17.67e3 16.40e3 16.86e3 16.09e3 16.52e3 15.75e3 16.66e3 15.79e3 15.02e3 16.39e3 16.22e3 16.24e3 16.29e3 17.28e3 16.54e3 16.06e3 16.32e3 16.73e3 16.57e3 16.71e3 17.92e3 18.13e3 17.45e3 18.25e3 19.27e3 19.42e3 20.31e3 20.10e3 19.84e3 19.77e3 20.39e3 
   22.5e6  1.396e3 1.793e3 2.207e3 2.949e3 3.354e3 3.930e3 4.536e3 4.600e3 5.253e3 5.516e3 6.088e3 6.363e3 6.190e3 6.519e3 7.135e3 7.788e3 8.536e3 8.983e3 9.184e3 9.313e3 9.776e3 10.23e3 9.848e3 10.30e3 9.981e3 10.28e3 10.16e3 10.37e3 10.31e3 10.56e3 10.89e3 11.30e3 10.94e3 11.06e3 12.74e3 12.28e3 12.91e3 12.62e3 13.24e3 13.96e3 14.27e3 14.30e3 13.75e3 13.64e3 13.63e3 14.47e3 14.67e3 14.39e3 14.22e3 15.22e3 14.80e3 15.51e3 15.32e3 17.62e3 16.52e3 17.08e3 16.96e3 15.63e3 16.84e3 16.20e3 16.53e3 17.86e3 16.69e3 17.12e3 16.34e3 16.87e3 16.14e3 17.04e3 16.13e3 15.33e3 16.76e3 16.54e3 16.58e3 16.59e3 17.63e3 16.94e3 16.46e3 16.66e3 17.07e3 16.86e3 16.99e3 18.20e3 18.47e3 17.60e3 18.57e3 19.58e3 19.58e3 20.32e3 20.30e3 20.11e3 20.03e3 20.59e3 
   25.0e6  1.364e3 1.778e3 2.189e3 2.916e3 3.316e3 3.888e3 4.487e3 4.550e3 5.237e3 5.471e3 6.036e3 6.326e3 6.204e3 6.527e3 7.143e3 7.752e3 8.350e3 8.787e3 9.146e3 9.310e3 9.738e3 10.13e3 9.825e3 10.29e3 10.01e3 10.31e3 10.19e3 10.44e3 10.40e3 10.66e3 10.97e3 11.37e3 11.04e3 11.19e3 12.71e3 12.16e3 12.84e3 12.60e3 13.21e3 13.83e3 14.19e3 14.25e3 13.78e3 13.70e3 13.73e3 14.53e3 14.74e3 14.51e3 14.30e3 15.30e3 14.94e3 15.59e3 15.55e3 17.56e3 16.56e3 17.09e3 17.03e3 15.78e3 16.96e3 16.31e3 16.65e3 17.94e3 16.87e3 17.28e3 16.52e3 17.10e3 16.42e3 17.30e3 16.37e3 15.59e3 17.01e3 16.78e3 16.82e3 16.79e3 17.85e3 17.21e3 16.74e3 16.92e3 17.30e3 17.06e3 17.19e3 18.39e3 18.69e3 17.70e3 18.78e3 19.79e3 19.66e3 20.28e3 20.41e3 20.28e3 20.18e3 20.71e3 
   27.5e6  1.326e3 1.758e3 2.166e3 2.876e3 3.273e3 3.838e3 4.424e3 4.494e3 5.204e3 5.409e3 5.967e3 6.268e3 6.202e3 6.522e3 7.132e3 7.700e3 8.165e3 8.585e3 9.085e3 9.274e3 9.664e3 10.00e3 9.776e3 10.25e3 9.998e3 10.30e3 10.18e3 10.47e3 10.44e3 10.70e3 11.00e3 11.40e3 11.11e3 11.27e3 12.63e3 12.02e3 12.76e3 12.57e3 13.15e3 13.69e3 14.07e3 14.15e3 13.77e3 13.71e3 13.77e3 14.52e3 14.75e3 14.58e3 14.34e3 15.33e3 15.02e3 15.61e3 15.68e3 17.42e3 16.55e3 17.05e3 17.04e3 15.88e3 17.02e3 16.35e3 16.70e3 17.94e3 16.97e3 17.34e3 16.63e3 17.24e3 16.61e3 17.46e3 16.53e3 15.79e3 17.17e3 16.95e3 16.98e3 16.92e3 17.98e3 17.39e3 16.94e3 17.10e3 17.46e3 17.20e3 17.33e3 18.52e3 18.83e3 17.77e3 18.91e3 19.92e3 19.69e3 20.22e3 20.45e3 20.37e3 20.26e3 20.77e3 
   30.0e6  1.285e3 1.734e3 2.140e3 2.832e3 3.227e3 3.784e3 4.351e3 4.434e3 5.159e3 5.336e3 5.886e3 6.195e3 6.188e3 6.505e3 7.105e3 7.637e3 7.987e3 8.386e3 9.007e3 9.215e3 9.565e3 9.866e3 9.707e3 10.18e3 9.957e3 10.25e3 10.15e3 10.45e3 10.45e3 10.70e3 11.00e3 11.38e3 11.14e3 11.31e3 12.53e3 11.87e3 12.66e3 12.52e3 13.07e3 13.54e3 13.92e3 14.02e3 13.72e3 13.68e3 13.76e3 14.47e3 14.71e3 14.60e3 14.35e3 15.31e3 15.05e3 15.58e3 15.73e3 17.23e3 16.49e3 16.96e3 17.00e3 15.93e3 17.01e3 16.33e3 16.70e3 17.89e3 17.01e3 17.35e3 16.70e3 17.31e3 16.73e3 17.55e3 16.62e3 15.94e3 17.26e3 17.06e3 17.07e3 16.98e3 18.04e3 17.49e3 17.06e3 17.23e3 17.55e3 17.30e3 17.43e3 18.59e3 18.89e3 17.82e3 19.00e3 20.00e3 19.68e3 20.15e3 20.43e3 20.40e3 20.29e3 20.78e3 
   32.5e6  1.243e3 1.707e3 2.112e3 2.786e3 3.179e3 3.727e3 4.273e3 4.372e3 5.104e3 5.256e3 5.797e3 6.111e3 6.164e3 6.480e3 7.066e3 7.566e3 7.817e3 8.193e3 8.918e3 9.139e3 9.450e3 9.721e3 9.624e3 10.09e3 9.894e3 10.18e3 10.09e3 10.41e3 10.43e3 10.67e3 10.96e3 11.34e3 11.14e3 11.33e3 12.41e3 11.71e3 12.56e3 12.47e3 12.99e3 13.39e3 13.75e3 13.88e3 13.65e3 13.63e3 13.72e3 14.39e3 14.63e3 14.59e3 14.33e3 15.27e3 15.04e3 15.52e3 15.73e3 17.01e3 16.41e3 16.84e3 16.93e3 15.94e3 16.97e3 16.28e3 16.67e3 17.80e3 17.00e3 17.31e3 16.72e3 17.32e3 16.80e3 17.58e3 16.67e3 16.06e3 17.31e3 17.14e3 17.12e3 17.00e3 18.05e3 17.54e3 17.13e3 17.31e3 17.59e3 17.36e3 17.50e3 18.61e3 18.90e3 17.86e3 19.04e3 20.02e3 19.65e3 20.07e3 20.38e3 20.38e3 20.27e3 20.76e3 
   35.0e6  1.201e3 1.679e3 2.082e3 2.739e3 3.130e3 3.668e3 4.192e3 4.310e3 5.044e3 5.172e3 5.704e3 6.022e3 6.133e3 6.448e3 7.019e3 7.489e3 7.657e3 8.010e3 8.822e3 9.052e3 9.323e3 9.573e3 9.531e3 9.991e3 9.815e3 10.09e3 10.01e3 10.35e3 10.38e3 10.61e3 10.90e3 11.28e3 11.12e3 11.32e3 12.28e3 11.56e3 12.45e3 12.42e3 12.90e3 13.24e3 13.56e3 13.71e3 13.56e3 13.55e3 13.65e3 14.28e3 14.53e3 14.54e3 14.30e3 15.19e3 15.01e3 15.43e3 15.68e3 16.76e3 16.29e3 16.70e3 16.84e3 15.92e3 16.89e3 16.20e3 16.60e3 17.67e3 16.95e3 17.24e3 16.72e3 17.28e3 16.82e3 17.57e3 16.68e3 16.15e3 17.31e3 17.18e3 17.12e3 16.99e3 18.01e3 17.54e3 17.15e3 17.35e3 17.59e3 17.39e3 17.55e3 18.61e3 18.87e3 17.88e3 19.05e3 20.01e3 19.60e3 19.99e3 20.29e3 20.33e3 20.21e3 20.71e3 
   37.5e6  1.160e3 1.649e3 2.052e3 2.691e3 3.081e3 3.609e3 4.110e3 4.248e3 4.979e3 5.085e3 5.608e3 5.928e3 6.095e3 6.410e3 6.965e3 7.408e3 7.506e3 7.836e3 8.720e3 8.955e3 9.189e3 9.425e3 9.431e3 9.877e3 9.724e3 9.989e3 9.927e3 10.27e3 10.33e3 10.54e3 10.83e3 11.20e3 11.09e3 11.30e3 12.15e3 11.41e3 12.35e3 12.36e3 12.81e3 13.10e3 13.38e3 13.54e3 13.46e3 13.46e3 13.57e3 14.15e3 14.40e3 14.48e3 14.24e3 15.10e3 14.96e3 15.31e3 15.59e3 16.50e3 16.16e3 16.54e3 16.73e3 15.88e3 16.80e3 16.10e3 16.52e3 17.53e3 16.88e3 17.14e3 16.69e3 17.21e3 16.80e3 17.52e3 16.65e3 16.21e3 17.29e3 17.20e3 17.10e3 16.95e3 17.93e3 17.50e3 17.14e3 17.36e3 17.56e3 17.40e3 17.57e3 18.58e3 18.81e3 17.90e3 19.03e3 19.97e3 19.53e3 19.90e3 20.17e3 20.24e3 20.13e3 20.63e3 
   40.0e6  1.120e3 1.619e3 2.021e3 2.644e3 3.031e3 3.550e3 4.029e3 4.187e3 4.911e3 4.999e3 5.511e3 5.833e3 6.053e3 6.368e3 6.906e3 7.325e3 7.365e3 7.674e3 8.615e3 8.853e3 9.053e3 9.280e3 9.326e3 9.756e3 9.625e3 9.878e3 9.832e3 10.18e3 10.26e3 10.45e3 10.74e3 11.11e3 11.05e3 11.26e3 12.02e3 11.26e3 12.25e3 12.31e3 12.72e3 12.96e3 13.18e3 13.37e3 13.34e3 13.35e3 13.47e3 14.01e3 14.27e3 14.40e3 14.17e3 14.99e3 14.88e3 15.19e3 15.48e3 16.24e3 16.02e3 16.37e3 16.60e3 15.82e3 16.68e3 15.98e3 16.42e3 17.37e3 16.78e3 17.02e3 16.64e3 17.10e3 16.76e3 17.44e3 16.60e3 16.25e3 17.25e3 17.19e3 17.04e3 16.89e3 17.83e3 17.43e3 17.10e3 17.35e3 17.51e3 17.40e3 17.58e3 18.52e3 18.72e3 17.90e3 19.00e3 19.91e3 19.46e3 19.81e3 20.04e3 20.14e3 20.02e3 20.54e3 
   45.0e6  1.044e3 1.559e3 1.959e3 2.552e3 2.932e3 3.435e3 3.870e3 4.069e3 4.771e3 4.828e3 5.317e3 5.641e3 5.958e3 6.274e3 6.778e3 7.154e3 7.106e3 7.379e3 8.400e3 8.640e3 8.779e3 8.999e3 9.106e3 9.503e3 9.411e3 9.639e3 9.624e3 9.978e3 10.09e3 10.24e3 10.55e3 10.91e3 10.93e3 11.16e3 11.77e3 10.99e3 12.05e3 12.20e3 12.54e3 12.69e3 12.80e3 13.01e3 13.09e3 13.12e3 13.23e3 13.71e3 13.97e3 14.20e3 14.01e3 14.74e3 14.70e3 14.90e3 15.21e3 15.70e3 15.71e3 16.01e3 16.32e3 15.65e3 16.40e3 15.70e3 16.18e3 17.02e3 16.53e3 16.74e3 16.50e3 16.82e3 16.61e3 17.23e3 16.45e3 16.26e3 17.13e3 17.14e3 16.88e3 16.73e3 17.57e3 17.25e3 16.95e3 17.25e3 17.35e3 17.36e3 17.57e3 18.37e3 18.49e3 17.90e3 18.89e3 19.73e3 19.31e3 19.62e3 19.74e3 19.88e3 19.77e3 20.32e3 
   50.0e6  976.2   1.500e3 1.898e3 2.464e3 2.835e3 3.323e3 3.719e3 3.956e3 4.630e3 4.663e3 5.128e3 5.453e3 5.855e3 6.172e3 6.643e3 6.982e3 6.876e3 7.121e3 8.185e3 8.422e3 8.513e3 8.734e3 8.881e3 9.243e3 9.186e3 9.391e3 9.403e3 9.754e3 9.903e3 10.01e3 10.33e3 10.69e3 10.78e3 11.03e3 11.53e3 10.74e3 11.86e3 12.10e3 12.37e3 12.44e3 12.42e3 12.65e3 12.83e3 12.87e3 12.97e3 13.40e3 13.65e3 13.98e3 13.81e3 14.46e3 14.48e3 14.59e3 14.88e3 15.18e3 15.38e3 15.64e3 16.02e3 15.45e3 16.10e3 15.39e3 15.91e3 16.65e3 16.25e3 16.43e3 16.31e3 16.49e3 16.40e3 16.96e3 16.25e3 16.21e3 16.99e3 17.04e3 16.66e3 16.53e3 17.26e3 17.01e3 16.75e3 17.08e3 17.15e3 17.30e3 17.51e3 18.17e3 18.21e3 17.89e3 18.75e3 19.52e3 19.15e3 19.42e3 19.40e3 19.59e3 19.49e3 20.06e3 
   55.0e6  915.1   1.443e3 1.840e3 2.381e3 2.742e3 3.217e3 3.578e3 3.850e3 4.491e3 4.507e3 4.946e3 5.272e3 5.747e3 6.066e3 6.504e3 6.812e3 6.669e3 6.894e3 7.974e3 8.205e3 8.264e3 8.488e3 8.657e3 8.985e3 8.958e3 9.143e3 9.179e3 9.523e3 9.706e3 9.762e3 10.11e3 10.47e3 10.62e3 10.89e3 11.32e3 10.52e3 11.68e3 12.00e3 12.20e3 12.21e3 12.05e3 12.31e3 12.56e3 12.61e3 12.70e3 13.08e3 13.32e3 13.74e3 13.59e3 14.17e3 14.25e3 14.28e3 14.54e3 14.69e3 15.05e3 15.27e3 15.72e3 15.22e3 15.77e3 15.07e3 15.62e3 16.28e3 15.94e3 16.11e3 16.10e3 16.13e3 16.16e3 16.65e3 16.02e3 16.12e3 16.83e3 16.91e3 16.41e3 16.31e3 16.92e3 16.74e3 16.52e3 16.88e3 16.92e3 17.20e3 17.43e3 17.93e3 17.90e3 17.86e3 18.58e3 19.28e3 18.99e3 19.22e3 19.06e3 19.27e3 19.18e3 19.78e3 
   60.0e6  886.6   1.410e3 1.781e3 2.302e3 2.677e3 3.138e3 3.497e3 3.778e3 4.374e3 4.395e3 4.831e3 5.143e3 5.638e3 5.956e3 6.351e3 6.647e3 6.608e3 6.735e3 7.787e3 8.007e3 8.086e3 8.309e3 8.516e3 8.787e3 8.783e3 8.949e3 9.030e3 9.372e3 9.529e3 9.606e3 9.968e3 10.25e3 10.45e3 10.70e3 10.97e3 10.30e3 11.50e3 11.81e3 12.03e3 11.98e3 11.84e3 12.09e3 12.39e3 12.42e3 12.54e3 12.89e3 13.09e3 13.56e3 13.47e3 13.97e3 14.07e3 14.07e3 14.20e3 14.25e3 14.81e3 15.02e3 15.52e3 15.05e3 15.57e3 14.91e3 15.43e3 15.99e3 15.74e3 15.93e3 15.88e3 15.90e3 15.97e3 16.46e3 15.89e3 16.00e3 16.62e3 16.79e3 16.25e3 16.20e3 16.75e3 16.54e3 16.40e3 16.75e3 16.74e3 17.06e3 17.25e3 17.79e3 17.71e3 17.71e3 18.28e3 18.92e3 18.77e3 18.98e3 18.86e3 19.11e3 19.00e3 19.56e3 
   65.0e6  862.9   1.374e3 1.710e3 2.211e3 2.600e3 3.046e3 3.413e3 3.693e3 4.235e3 4.270e3 4.704e3 4.998e3 5.492e3 5.808e3 6.157e3 6.442e3 6.554e3 6.565e3 7.560e3 7.766e3 7.877e3 8.103e3 8.342e3 8.557e3 8.570e3 8.720e3 8.849e3 9.191e3 9.305e3 9.421e3 9.793e3 9.978e3 10.22e3 10.46e3 10.54e3 10.06e3 11.25e3 11.53e3 11.79e3 11.70e3 11.61e3 11.85e3 12.18e3 12.19e3 12.34e3 12.67e3 12.81e3 13.33e3 13.28e3 13.73e3 13.84e3 13.81e3 13.78e3 13.78e3 14.51e3 14.73e3 15.28e3 14.82e3 15.31e3 14.70e3 15.20e3 15.66e3 15.49e3 15.71e3 15.59e3 15.62e3 15.73e3 16.21e3 15.71e3 15.79e3 16.31e3 16.57e3 16.04e3 16.04e3 16.56e3 16.29e3 16.23e3 16.56e3 16.51e3 16.82e3 16.96e3 17.58e3 17.45e3 17.45e3 17.84e3 18.43e3 18.44e3 18.62e3 18.60e3 18.89e3 18.76e3 19.28e3 
   70.0e6  824.9   1.327e3 1.643e3 2.125e3 2.522e3 2.953e3 3.314e3 3.596e3 4.097e3 4.137e3 4.567e3 4.850e3 5.347e3 5.659e3 5.969e3 6.246e3 6.428e3 6.392e3 7.337e3 7.534e3 7.661e3 7.899e3 8.147e3 8.319e3 8.355e3 8.489e3 8.649e3 8.990e3 9.084e3 9.223e3 9.587e3 9.719e3 9.984e3 10.21e3 10.22e3 9.814e3 11.00e3 11.26e3 11.53e3 11.41e3 11.35e3 11.60e3 11.94e3 11.93e3 12.10e3 12.42e3 12.53e3 13.07e3 13.06e3 13.46e3 13.57e3 13.52e3 13.43e3 13.36e3 14.20e3 14.41e3 14.99e3 14.56e3 15.01e3 14.45e3 14.92e3 15.30e3 15.20e3 15.43e3 15.28e3 15.33e3 15.46e3 15.91e3 15.47e3 15.55e3 15.97e3 16.33e3 15.81e3 15.82e3 16.30e3 16.01e3 16.02e3 16.31e3 16.24e3 16.56e3 16.67e3 17.33e3 17.15e3 17.18e3 17.53e3 18.04e3 18.13e3 18.29e3 18.31e3 18.61e3 18.48e3 18.96e3 
   80.0e6  743.5   1.237e3 1.541e3 1.987e3 2.389e3 2.797e3 3.130e3 3.424e3 3.869e3 3.905e3 4.327e3 4.597e3 5.108e3 5.411e3 5.660e3 5.927e3 6.118e3 6.107e3 6.968e3 7.157e3 7.289e3 7.565e3 7.788e3 7.904e3 7.989e3 8.099e3 8.285e3 8.620e3 8.714e3 8.871e3 9.194e3 9.291e3 9.581e3 9.798e3 9.811e3 9.420e3 10.54e3 10.79e3 11.08e3 10.92e3 10.89e3 11.15e3 11.48e3 11.46e3 11.63e3 11.94e3 12.04e3 12.59e3 12.63e3 12.95e3 13.10e3 12.99e3 12.92e3 12.74e3 13.65e3 13.85e3 14.44e3 14.09e3 14.44e3 13.93e3 14.38e3 14.64e3 14.65e3 14.89e3 14.74e3 14.79e3 14.92e3 15.32e3 14.98e3 15.09e3 15.37e3 15.86e3 15.38e3 15.38e3 15.78e3 15.51e3 15.58e3 15.79e3 15.73e3 16.05e3 16.16e3 16.83e3 16.59e3 16.70e3 17.18e3 17.53e3 17.63e3 17.73e3 17.80e3 18.06e3 17.94e3 18.39e3 
   90.0e6  680.1   1.159e3 1.452e3 1.869e3 2.266e3 2.657e3 2.973e3 3.273e3 3.663e3 3.704e3 4.111e3 4.373e3 4.885e3 5.180e3 5.381e3 5.638e3 5.842e3 5.861e3 6.632e3 6.818e3 6.950e3 7.265e3 7.450e3 7.527e3 7.652e3 7.745e3 7.945e3 8.275e3 8.365e3 8.539e3 8.826e3 8.901e3 9.200e3 9.409e3 9.467e3 9.083e3 10.12e3 10.36e3 10.64e3 10.47e3 10.47e3 10.73e3 11.05e3 11.02e3 11.19e3 11.49e3 11.58e3 12.13e3 12.20e3 12.46e3 12.64e3 12.49e3 12.45e3 12.22e3 13.14e3 13.33e3 13.92e3 13.64e3 13.89e3 13.44e3 13.86e3 14.05e3 14.12e3 14.37e3 14.23e3 14.29e3 14.41e3 14.76e3 14.50e3 14.63e3 14.80e3 15.38e3 14.94e3 14.94e3 15.26e3 15.03e3 15.15e3 15.28e3 15.24e3 15.56e3 15.67e3 16.31e3 16.05e3 16.22e3 16.82e3 17.04e3 17.14e3 17.19e3 17.28e3 17.51e3 17.41e3 17.84e3 
   100.e6  629.6   1.092e3 1.375e3 1.766e3 2.154e3 2.531e3 2.836e3 3.138e3 3.479e3 3.529e3 3.915e3 4.174e3 4.678e3 4.964e3 5.128e3 5.376e3 5.594e3 5.643e3 6.328e3 6.514e3 6.643e3 6.993e3 7.135e3 7.187e3 7.342e3 7.425e3 7.631e3 7.955e3 8.041e3 8.228e3 8.485e3 8.547e3 8.844e3 9.046e3 9.173e3 8.788e3 9.730e3 9.952e3 10.23e3 10.06e3 10.08e3 10.35e3 10.64e3 10.61e3 10.78e3 11.08e3 11.16e3 11.69e3 11.77e3 12.00e3 12.21e3 12.03e3 12.02e3 11.77e3 12.66e3 12.85e3 13.43e3 13.21e3 13.38e3 12.97e3 13.37e3 13.52e3 13.63e3 13.88e3 13.74e3 13.82e3 13.91e3 14.23e3 14.04e3 14.17e3 14.28e3 14.90e3 14.52e3 14.52e3 14.76e3 14.58e3 14.72e3 14.79e3 14.79e3 15.10e3 15.20e3 15.81e3 15.55e3 15.74e3 16.46e3 16.57e3 16.66e3 16.67e3 16.78e3 16.99e3 16.90e3 17.32e3 
   110.e6  588.9   1.033e3 1.308e3 1.676e3 2.051e3 2.417e3 2.715e3 3.018e3 3.314e3 3.375e3 3.739e3 3.996e3 4.487e3 4.764e3 4.900e3 5.138e3 5.368e3 5.444e3 6.051e3 6.240e3 6.365e3 6.745e3 6.844e3 6.880e3 7.057e3 7.136e3 7.342e3 7.661e3 7.740e3 7.939e3 8.169e3 8.224e3 8.512e3 8.709e3 8.915e3 8.527e3 9.369e3 9.580e3 9.840e3 9.695e3 9.727e3 9.988e3 10.26e3 10.23e3 10.41e3 10.69e3 10.77e3 11.28e3 11.36e3 11.57e3 11.79e3 11.61e3 11.64e3 11.39e3 12.23e3 12.41e3 12.98e3 12.80e3 12.91e3 12.54e3 12.92e3 13.04e3 13.17e3 13.42e3 13.28e3 13.39e3 13.45e3 13.74e3 13.61e3 13.73e3 13.81e3 14.45e3 14.10e3 14.11e3 14.29e3 14.16e3 14.31e3 14.32e3 14.36e3 14.66e3 14.76e3 15.32e3 15.09e3 15.29e3 16.10e3 16.13e3 16.21e3 16.17e3 16.31e3 16.49e3 16.41e3 16.83e3 
   120.e6  555.3   981.4   1.248e3 1.597e3 1.958e3 2.313e3 2.607e3 2.908e3 3.166e3 3.240e3 3.579e3 3.837e3 4.310e3 4.578e3 4.692e3 4.923e3 5.162e3 5.260e3 5.799e3 5.993e3 6.111e3 6.515e3 6.575e3 6.602e3 6.797e3 6.874e3 7.076e3 7.390e3 7.461e3 7.669e3 7.877e3 7.930e3 8.205e3 8.397e3 8.685e3 8.291e3 9.035e3 9.236e3 9.477e3 9.364e3 9.403e3 9.657e3 9.908e3 9.876e3 10.06e3 10.34e3 10.41e3 10.90e3 10.96e3 11.17e3 11.41e3 11.21e3 11.30e3 11.05e3 11.83e3 12.01e3 12.56e3 12.42e3 12.47e3 12.14e3 12.49e3 12.60e3 12.74e3 12.99e3 12.86e3 12.99e3 13.02e3 13.29e3 13.20e3 13.31e3 13.38e3 14.01e3 13.70e3 13.73e3 13.85e3 13.77e3 13.92e3 13.89e3 13.97e3 14.25e3 14.35e3 14.85e3 14.66e3 14.86e3 15.75e3 15.72e3 15.77e3 15.70e3 15.86e3 16.02e3 15.95e3 16.36e3 
   130.e6  527.1   935.6   1.195e3 1.526e3 1.873e3 2.217e3 2.510e3 2.808e3 3.033e3 3.119e3 3.433e3 3.692e3 4.147e3 4.407e3 4.503e3 4.726e3 4.972e3 5.088e3 5.569e3 5.769e3 5.881e3 6.303e3 6.326e3 6.350e3 6.557e3 6.637e3 6.832e3 7.141e3 7.202e3 7.418e3 7.606e3 7.662e3 7.919e3 8.107e3 8.476e3 8.077e3 8.728e3 8.920e3 9.139e3 9.065e3 9.107e3 9.350e3 9.579e3 9.551e3 9.742e3 10.01e3 10.07e3 10.55e3 10.59e3 10.80e3 11.05e3 10.85e3 10.99e3 10.75e3 11.46e3 11.64e3 12.18e3 12.07e3 12.07e3 11.77e3 12.10e3 12.21e3 12.35e3 12.59e3 12.47e3 12.63e3 12.62e3 12.87e3 12.82e3 12.92e3 12.99e3 13.60e3 13.32e3 13.37e3 13.43e3 13.41e3 13.55e3 13.49e3 13.61e3 13.87e3 13.97e3 14.41e3 14.26e3 14.45e3 15.41e3 15.34e3 15.36e3 15.26e3 15.43e3 15.58e3 15.52e3 15.93e3 
   140.e6  503.1   894.6   1.147e3 1.463e3 1.795e3 2.130e3 2.421e3 2.716e3 2.913e3 3.011e3 3.300e3 3.561e3 3.995e3 4.247e3 4.331e3 4.546e3 4.798e3 4.926e3 5.358e3 5.565e3 5.670e3 6.104e3 6.097e3 6.120e3 6.337e3 6.421e3 6.607e3 6.911e3 6.963e3 7.184e3 7.355e3 7.416e3 7.654e3 7.838e3 8.282e3 7.878e3 8.444e3 8.628e3 8.825e3 8.793e3 8.834e3 9.066e3 9.272e3 9.252e3 9.447e3 9.699e3 9.764e3 10.22e3 10.24e3 10.46e3 10.71e3 10.52e3 10.70e3 10.47e3 11.13e3 11.31e3 11.82e3 11.74e3 11.69e3 11.42e3 11.74e3 11.85e3 11.99e3 12.22e3 12.11e3 12.29e3 12.25e3 12.49e3 12.47e3 12.54e3 12.64e3 13.21e3 12.96e3 13.03e3 13.04e3 13.07e3 13.21e3 13.12e3 13.27e3 13.51e3 13.62e3 13.99e3 13.90e3 14.07e3 15.08e3 14.98e3 14.97e3 14.85e3 15.03e3 15.16e3 15.12e3 15.52e3 
   150.e6  482.3   857.6   1.104e3 1.405e3 1.725e3 2.050e3 2.340e3 2.631e3 2.804e3 2.913e3 3.179e3 3.442e3 3.855e3 4.100e3 4.172e3 4.381e3 4.636e3 4.773e3 5.164e3 5.379e3 5.476e3 5.919e3 5.885e3 5.911e3 6.134e3 6.223e3 6.399e3 6.698e3 6.740e3 6.966e3 7.120e3 7.190e3 7.408e3 7.587e3 8.101e3 7.693e3 8.182e3 8.358e3 8.532e3 8.543e3 8.583e3 8.802e3 8.985e3 8.974e3 9.174e3 9.412e3 9.479e3 9.908e3 9.905e3 10.14e3 10.39e3 10.21e3 10.44e3 10.22e3 10.82e3 10.99e3 11.48e3 11.43e3 11.35e3 11.11e3 11.40e3 11.52e3 11.65e3 11.88e3 11.78e3 11.98e3 11.90e3 12.13e3 12.13e3 12.19e3 12.31e3 12.85e3 12.61e3 12.70e3 12.68e3 12.76e3 12.88e3 12.77e3 12.96e3 13.18e3 13.29e3 13.60e3 13.56e3 13.70e3 14.75e3 14.64e3 14.60e3 14.46e3 14.65e3 14.77e3 14.74e3 15.14e3 
   160.e6  464.0   824.1   1.065e3 1.353e3 1.660e3 1.976e3 2.265e3 2.552e3 2.705e3 2.824e3 3.067e3 3.332e3 3.724e3 3.962e3 4.027e3 4.230e3 4.487e3 4.628e3 4.986e3 5.208e3 5.299e3 5.744e3 5.690e3 5.720e3 5.946e3 6.041e3 6.207e3 6.501e3 6.533e3 6.762e3 6.902e3 6.981e3 7.178e3 7.354e3 7.930e3 7.520e3 7.938e3 8.108e3 8.259e3 8.314e3 8.350e3 8.556e3 8.718e3 8.717e3 8.921e3 9.145e3 9.215e3 9.619e3 9.595e3 9.850e3 10.09e3 9.926e3 10.20e3 9.996e3 10.53e3 10.70e3 11.17e3 11.14e3 11.03e3 10.81e3 11.09e3 11.22e3 11.34e3 11.55e3 11.47e3 11.69e3 11.58e3 11.81e3 11.83e3 11.87e3 12.01e3 12.51e3 12.28e3 12.40e3 12.34e3 12.47e3 12.57e3 12.45e3 12.66e3 12.88e3 12.98e3 13.23e3 13.24e3 13.36e3 14.44e3 14.33e3 14.25e3 14.09e3 14.29e3 14.41e3 14.39e3 14.77e3 
   170.e6  447.6   793.4   1.030e3 1.305e3 1.601e3 1.907e3 2.194e3 2.478e3 2.614e3 2.742e3 2.964e3 3.231e3 3.603e3 3.834e3 3.893e3 4.090e3 4.349e3 4.490e3 4.820e3 5.050e3 5.134e3 5.579e3 5.508e3 5.544e3 5.771e3 5.874e3 6.029e3 6.317e3 6.341e3 6.571e3 6.697e3 6.788e3 6.964e3 7.137e3 7.767e3 7.356e3 7.712e3 7.876e3 8.005e3 8.102e3 8.134e3 8.326e3 8.468e3 8.479e3 8.686e3 8.894e3 8.968e3 9.347e3 9.306e3 9.577e3 9.808e3 9.661e3 9.981e3 9.784e3 10.26e3 10.44e3 10.88e3 10.86e3 10.73e3 10.54e3 10.80e3 10.94e3 11.05e3 11.25e3 11.18e3 11.42e3 11.29e3 11.51e3 11.54e3 11.56e3 11.74e3 12.19e3 11.97e3 12.11e3 12.03e3 12.20e3 12.28e3 12.16e3 12.39e3 12.59e3 12.69e3 12.89e3 12.94e3 13.04e3 14.14e3 14.03e3 13.92e3 13.75e3 13.96e3 14.06e3 14.06e3 14.43e3 
   180.e6  432.9   765.2   996.9   1.261e3 1.547e3 1.844e3 2.129e3 2.408e3 2.532e3 2.667e3 2.868e3 3.137e3 3.490e3 3.714e3 3.769e3 3.960e3 4.220e3 4.359e3 4.667e3 4.904e3 4.982e3 5.424e3 5.340e3 5.382e3 5.609e3 5.718e3 5.863e3 6.146e3 6.161e3 6.392e3 6.506e3 6.609e3 6.764e3 6.933e3 7.610e3 7.201e3 7.502e3 7.660e3 7.768e3 7.904e3 7.933e3 8.111e3 8.233e3 8.257e3 8.467e3 8.658e3 8.739e3 9.093e3 9.036e3 9.323e3 9.544e3 9.415e3 9.773e3 9.586e3 10.01e3 10.19e3 10.61e3 10.60e3 10.46e3 10.29e3 10.53e3 10.69e3 10.78e3 10.97e3 10.92e3 11.17e3 11.01e3 11.23e3 11.27e3 11.27e3 11.48e3 11.88e3 11.67e3 11.84e3 11.73e3 11.94e3 12.00e3 11.88e3 12.13e3 12.32e3 12.42e3 12.57e3 12.67e3 12.74e3 13.85e3 13.75e3 13.60e3 13.43e3 13.64e3 13.74e3 13.74e3 14.11e3 
   200.e6  406.9   714.9   938.8   1.184e3 1.452e3 1.730e3 2.009e3 2.281e3 2.385e3 2.533e3 2.697e3 2.969e3 3.285e3 3.498e3 3.547e3 3.728e3 3.989e3 4.117e3 4.392e3 4.642e3 4.710e3 5.136e3 5.038e3 5.093e3 5.316e3 5.438e3 5.563e3 5.835e3 5.835e3 6.065e3 6.157e3 6.285e3 6.400e3 6.564e3 7.311e3 6.911e3 7.122e3 7.271e3 7.339e3 7.547e3 7.568e3 7.719e3 7.807e3 7.856e3 8.069e3 8.226e3 8.322e3 8.628e3 8.549e3 8.865e3 9.060e3 8.970e3 9.393e3 9.221e3 9.557e3 9.734e3 10.12e3 10.13e3 9.965e3 9.828e3 10.04e3 10.22e3 10.29e3 10.45e3 10.43e3 10.71e3 10.51e3 10.73e3 10.77e3 10.75e3 11.02e3 11.33e3 11.12e3 11.34e3 11.19e3 11.47e3 11.50e3 11.38e3 11.66e3 11.82e3 11.92e3 11.98e3 12.16e3 12.18e3 13.29e3 13.22e3 13.02e3 12.84e3 13.06e3 13.15e3 13.16e3 13.51e3 
   225.e6  379.2   661.2   876.9   1.101e3 1.352e3 1.608e3 1.877e3 2.139e3 2.229e3 2.388e3 2.514e3 2.788e3 3.062e3 3.263e3 3.308e3 3.478e3 3.741e3 3.847e3 4.096e3 4.359e3 4.417e3 4.816e3 4.713e3 4.786e3 4.999e3 5.135e3 5.239e3 5.495e3 5.481e3 5.706e3 5.774e3 5.935e3 6.004e3 6.162e3 6.960e3 6.581e3 6.711e3 6.850e3 6.876e3 7.157e3 7.168e3 7.291e3 7.340e3 7.423e3 7.635e3 7.749e3 7.869e3 8.119e3 8.029e3 8.370e3 8.529e3 8.489e3 8.970e3 8.809e3 9.063e3 9.238e3 9.575e3 9.606e3 9.430e3 9.332e3 9.512e3 9.715e3 9.760e3 9.889e3 9.909e3 10.20e3 9.967e3 10.19e3 10.23e3 10.17e3 10.51e3 10.73e3 10.50e3 10.77e3 10.61e3 10.95e3 10.93e3 10.83e3 11.13e3 11.28e3 11.37e3 11.34e3 11.60e3 11.56e3 12.64e3 12.62e3 12.36e3 12.19e3 12.41e3 12.50e3 12.52e3 12.84e3 
   250.e6  354.9   615.0   824.0   1.031e3 1.268e3 1.504e3 1.761e3 2.014e3 2.096e3 2.261e3 2.358e3 2.630e3 2.871e3 3.060e3 3.104e3 3.265e3 3.530e3 3.612e3 3.842e3 4.116e3 4.166e3 4.531e3 4.437e3 4.524e3 4.724e3 4.872e3 4.959e3 5.198e3 5.175e3 5.392e3 5.440e3 5.631e3 5.661e3 5.812e3 6.628e3 6.281e3 6.356e3 6.488e3 6.478e3 6.812e3 6.819e3 6.916e3 6.934e3 7.049e3 7.257e3 7.329e3 7.474e3 7.675e3 7.589e3 7.945e3 8.065e3 8.072e3 8.588e3 8.434e3 8.630e3 8.804e3 9.099e3 9.140e3 8.970e3 8.902e3 9.054e3 9.271e3 9.301e3 9.399e3 9.452e3 9.749e3 9.500e3 9.719e3 9.759e3 9.680e3 10.07e3 10.21e3 9.947e3 10.28e3 10.10e3 10.49e3 10.44e3 10.35e3 10.66e3 10.79e3 10.88e3 10.79e3 11.10e3 11.03e3 12.05e3 12.08e3 11.77e3 11.62e3 11.84e3 11.92e3 11.95e3 12.24e3 
   275.e6  333.1   574.7   777.7   971.5   1.196e3 1.414e3 1.657e3 1.902e3 1.981e3 2.148e3 2.222e3 2.492e3 2.704e3 2.883e3 2.927e3 3.080e3 3.347e3 3.406e3 3.623e3 3.902e3 3.948e3 4.277e3 4.199e3 4.299e3 4.484e3 4.638e3 4.713e3 4.935e3 4.907e3 5.115e3 5.146e3 5.364e3 5.360e3 5.506e3 6.314e3 6.006e3 6.046e3 6.172e3 6.133e3 6.503e3 6.508e3 6.586e3 6.577e3 6.722e3 6.922e3 6.956e3 7.126e3 7.284e3 7.216e3 7.574e3 7.655e3 7.707e3 8.236e3 8.086e3 8.246e3 8.416e3 8.677e3 8.723e3 8.567e3 8.524e3 8.652e3 8.876e3 8.896e3 8.968e3 9.047e3 9.341e3 9.091e3 9.306e3 9.339e3 9.250e3 9.659e3 9.750e3 9.458e3 9.828e3 9.664e3 10.07e3 9.995e3 9.931e3 10.23e3 10.35e3 10.44e3 10.31e3 10.66e3 10.55e3 11.49e3 11.57e3 11.24e3 11.12e3 11.33e3 11.41e3 11.44e3 11.70e3 
   300.e6  313.2   539.0   736.7   919.2   1.134e3 1.336e3 1.564e3 1.800e3 1.878e3 2.047e3 2.104e3 2.369e3 2.557e3 2.728e3 2.772e3 2.918e3 3.187e3 3.227e3 3.431e3 3.712e3 3.756e3 4.050e3 3.992e3 4.101e3 4.271e3 4.429e3 4.494e3 4.699e3 4.671e3 4.868e3 4.884e3 5.126e3 5.095e3 5.236e3 6.017e3 5.752e3 5.771e3 5.893e3 5.831e3 6.221e3 6.228e3 6.291e3 6.261e3 6.433e3 6.622e3 6.621e3 6.816e3 6.937e3 6.895e3 7.245e3 7.292e3 7.382e3 7.907e3 7.760e3 7.901e3 8.066e3 8.297e3 8.346e3 8.211e3 8.186e3 8.295e3 8.518e3 8.534e3 8.587e3 8.685e3 8.968e3 8.727e3 8.935e3 8.961e3 8.870e3 9.286e3 9.342e3 9.022e3 9.423e3 9.275e3 9.679e3 9.595e3 9.551e3 9.839e3 9.954e3 10.04e3 9.894e3 10.25e3 10.12e3 10.98e3 11.11e3 10.77e3 10.67e3 10.87e3 10.94e3 10.97e3 11.21e3 
   325.e6  294.7   507.1   699.9   873.2   1.080e3 1.268e3 1.480e3 1.707e3 1.786e3 1.953e3 1.998e3 2.258e3 2.427e3 2.590e3 2.635e3 2.774e3 3.046e3 3.072e3 3.261e3 3.541e3 3.585e3 3.845e3 3.809e3 3.925e3 4.080e3 4.239e3 4.298e3 4.485e3 4.461e3 4.646e3 4.651e3 4.912e3 4.858e3 4.995e3 5.735e3 5.518e3 5.525e3 5.644e3 5.565e3 5.962e3 5.973e3 6.027e3 5.978e3 6.174e3 6.350e3 6.319e3 6.537e3 6.628e3 6.616e3 6.951e3 6.968e3 7.091e3 7.596e3 7.454e3 7.587e3 7.746e3 7.954e3 8.002e3 7.891e3 7.880e3 7.973e3 8.190e3 8.207e3 8.245e3 8.355e3 8.624e3 8.400e3 8.599e3 8.618e3 8.533e3 8.938e3 8.976e3 8.632e3 9.055e3 8.928e3 9.321e3 9.232e3 9.204e3 9.475e3 9.586e3 9.669e3 9.525e3 9.872e3 9.741e3 10.51e3 10.67e3 10.33e3 10.26e3 10.45e3 10.52e3 10.55e3 10.77e3 
   350.e6  277.7   478.4   666.5   832.2   1.031e3 1.208e3 1.404e3 1.622e3 1.702e3 1.867e3 1.905e3 2.156e3 2.311e3 2.467e3 2.512e3 2.645e3 2.920e3 2.937e3 3.109e3 3.386e3 3.430e3 3.660e3 3.646e3 3.767e3 3.908e3 4.064e3 4.120e3 4.291e3 4.273e3 4.445e3 4.441e3 4.717e3 4.647e3 4.779e3 5.469e3 5.300e3 5.304e3 5.420e3 5.328e3 5.722e3 5.739e3 5.787e3 5.725e3 5.939e3 6.101e3 6.045e3 6.283e3 6.349e3 6.372e3 6.685e3 6.676e3 6.826e3 7.300e3 7.164e3 7.298e3 7.452e3 7.640e3 7.687e3 7.601e3 7.601e3 7.681e3 7.887e3 7.907e3 7.938e3 8.053e3 8.304e3 8.102e3 8.289e3 8.304e3 8.230e3 8.612e3 8.645e3 8.281e3 8.718e3 8.616e3 8.987e3 8.899e3 8.885e3 9.135e3 9.245e3 9.326e3 9.195e3 9.522e3 9.394e3 10.07e3 10.25e3 9.935e3 9.892e3 10.06e3 10.14e3 10.16e3 10.36e3 
   375.e6  261.8   452.4   636.0   795.5   986.7   1.154e3 1.335e3 1.545e3 1.625e3 1.787e3 1.820e3 2.064e3 2.207e3 2.356e3 2.402e3 2.529e3 2.806e3 2.820e3 2.973e3 3.244e3 3.290e3 3.493e3 3.500e3 3.624e3 3.751e3 3.903e3 3.957e3 4.112e3 4.103e3 4.263e3 4.251e3 4.539e3 4.456e3 4.583e3 5.219e3 5.097e3 5.102e3 5.216e3 5.115e3 5.499e3 5.523e3 5.568e3 5.496e3 5.725e3 5.873e3 5.796e3 6.050e3 6.097e3 6.154e3 6.442e3 6.412e3 6.584e3 7.019e3 6.891e3 7.032e3 7.178e3 7.352e3 7.395e3 7.335e3 7.343e3 7.414e3 7.605e3 7.631e3 7.658e3 7.773e3 8.004e3 7.829e3 8.002e3 8.013e3 7.956e3 8.305e3 8.343e3 7.964e3 8.408e3 8.333e3 8.673e3 8.592e3 8.587e3 8.817e3 8.925e3 9.004e3 8.897e3 9.195e3 9.078e3 9.658e3 9.864e3 9.570e3 9.554e3 9.708e3 9.787e3 9.798e3 9.990e3 
   400.e6  247.1   428.7   607.9   762.3   946.2   1.106e3 1.273e3 1.473e3 1.553e3 1.713e3 1.744e3 1.979e3 2.112e3 2.256e3 2.302e3 2.425e3 2.701e3 2.718e3 2.851e3 3.114e3 3.163e3 3.341e3 3.368e3 3.493e3 3.607e3 3.754e3 3.807e3 3.947e3 3.948e3 4.096e3 4.080e3 4.374e3 4.282e3 4.406e3 4.985e3 4.909e3 4.917e3 5.029e3 4.924e3 5.289e3 5.322e3 5.367e3 5.288e3 5.528e3 5.661e3 5.568e3 5.836e3 5.867e3 5.957e3 6.217e3 6.172e3 6.360e3 6.751e3 6.633e3 6.784e3 6.922e3 7.085e3 7.126e3 7.090e3 7.102e3 7.166e3 7.342e3 7.375e3 7.403e3 7.513e3 7.724e3 7.577e3 7.733e3 7.743e3 7.705e3 8.015e3 8.065e3 7.678e3 8.122e3 8.073e3 8.378e3 8.308e3 8.309e3 8.519e3 8.626e3 8.703e3 8.625e3 8.888e3 8.787e3 9.278e3 9.495e3 9.234e3 9.242e3 9.380e3 9.460e3 9.462e3 9.645e3 
   450.e6  220.9   387.5   557.9   704.6   874.1   1.023e3 1.163e3 1.347e3 1.426e3 1.578e3 1.611e3 1.827e3 1.948e3 2.081e3 2.128e3 2.242e3 2.516e3 2.549e3 2.639e3 2.882e3 2.936e3 3.077e3 3.138e3 3.260e3 3.352e3 3.484e3 3.539e3 3.653e3 3.676e3 3.802e3 3.780e3 4.080e3 3.981e3 4.097e3 4.561e3 4.570e3 4.589e3 4.698e3 4.592e3 4.909e3 4.960e3 5.010e3 4.924e3 5.177e3 5.281e3 5.167e3 5.453e3 5.466e3 5.613e3 5.816e3 5.752e3 5.960e3 6.253e3 6.161e3 6.336e3 6.459e3 6.608e3 6.641e3 6.650e3 6.667e3 6.722e3 6.862e3 6.911e3 6.950e3 7.038e3 7.211e3 7.121e3 7.243e3 7.255e3 7.259e3 7.479e3 7.567e3 7.181e3 7.609e3 7.610e3 7.837e3 7.795e3 7.799e3 7.973e3 8.077e3 8.150e3 8.144e3 8.325e3 8.269e3 8.597e3 8.819e3 8.634e3 8.683e3 8.793e3 8.872e3 8.857e3 9.029e3 
   500.e6  198.7   353.1   514.9   655.9   811.3   953.6   1.073e3 1.240e3 1.315e3 1.459e3 1.499e3 1.696e3 1.809e3 1.933e3 1.982e3 2.089e3 2.355e3 2.414e3 2.462e3 2.682e3 2.742e3 2.856e3 2.941e3 3.057e3 3.132e3 3.248e3 3.306e3 3.398e3 3.443e3 3.551e3 3.530e3 3.822e3 3.727e3 3.837e3 4.196e3 4.274e3 4.304e3 4.411e3 4.312e3 4.573e3 4.642e3 4.702e3 4.617e3 4.870e3 4.948e3 4.827e3 5.118e3 5.127e3 5.314e3 5.463e3 5.396e3 5.609e3 5.805e3 5.746e3 5.941e3 6.049e3 6.192e3 6.218e3 6.262e3 6.279e3 6.331e3 6.437e3 6.500e3 6.557e3 6.617e3 6.756e3 6.717e3 6.806e3 6.823e3 6.871e3 6.999e3 7.131e3 6.766e3 7.161e3 7.204e3 7.353e3 7.344e3 7.343e3 7.488e3 7.588e3 7.657e3 7.725e3 7.822e3 7.816e3 8.010e3 8.217e3 8.115e3 8.194e3 8.278e3 8.355e3 8.325e3 8.493e3 
   550.e6  180.2   324.5   477.7   613.9   755.8   894.0   997.1   1.148e3 1.219e3 1.355e3 1.404e3 1.582e3 1.691e3 1.807e3 1.858e3 1.958e3 2.212e3 2.301e3 2.312e3 2.508e3 2.572e3 2.670e3 2.770e3 2.877e3 2.940e3 3.039e3 3.102e3 3.177e3 3.242e3 3.333e3 3.319e3 3.595e3 3.511e3 3.616e3 3.884e3 4.014e3 4.054e3 4.158e3 4.073e3 4.277e3 4.362e3 4.432e3 4.355e3 4.597e3 4.654e3 4.538e3 4.824e3 4.838e3 5.046e3 5.150e3 5.091e3 5.297e3 5.407e3 5.383e3 5.591e3 5.685e3 5.826e3 5.846e3 5.917e3 5.930e3 5.982e3 6.058e3 6.133e3 6.211e3 6.239e3 6.351e3 6.355e3 6.414e3 6.438e3 6.524e3 6.571e3 6.743e3 6.414e3 6.766e3 6.842e3 6.921e3 6.942e3 6.932e3 7.057e3 7.151e3 7.217e3 7.348e3 7.373e3 7.414e3 7.504e3 7.687e3 7.662e3 7.760e3 7.823e3 7.898e3 7.857e3 8.024e3 
   600.e6  165.1   300.8   445.6   577.4   706.7   841.9   934.1   1.070e3 1.137e3 1.265e3 1.324e3 1.483e3 1.589e3 1.699e3 1.752e3 1.848e3 2.084e3 2.198e3 2.184e3 2.356e3 2.422e3 2.510e3 2.617e3 2.715e3 2.771e3 2.856e3 2.922e3 2.984e3 3.065e3 3.144e3 3.141e3 3.392e3 3.326e3 3.426e3 3.622e3 3.785e3 3.832e3 3.933e3 3.867e3 4.018e3 4.113e3 4.193e3 4.130e3 4.353e3 4.393e3 4.292e3 4.561e3 4.589e3 4.798e3 4.870e3 4.828e3 5.017e3 5.059e3 5.072e3 5.280e3 5.363e3 5.504e3 5.520e3 5.606e3 5.616e3 5.669e3 5.723e3 5.803e3 5.900e3 5.901e3 5.992e3 6.028e3 6.062e3 6.094e3 6.209e3 6.193e3 6.394e3 6.112e3 6.416e3 6.512e3 6.538e3 6.583e3 6.562e3 6.675e3 6.761e3 6.824e3 7.004e3 6.972e3 7.053e3 7.072e3 7.225e3 7.263e3 7.372e3 7.419e3 7.490e3 7.443e3 7.610e3 
   650.e6  153.2   281.4   418.0   545.0   663.4   795.5   881.7   1.005e3 1.068e3 1.188e3 1.255e3 1.397e3 1.500e3 1.604e3 1.662e3 1.753e3 1.968e3 2.100e3 2.074e3 2.223e3 2.290e3 2.372e3 2.480e3 2.569e3 2.620e3 2.695e3 2.762e3 2.817e3 2.908e3 2.978e3 2.990e3 3.212e3 3.166e3 3.262e3 3.406e3 3.583e3 3.634e3 3.731e3 3.686e3 3.793e3 3.894e3 3.981e3 3.936e3 4.133e3 4.162e3 4.083e3 4.326e3 4.375e3 4.566e3 4.619e3 4.598e3 4.765e3 4.761e3 4.808e3 5.005e3 5.078e3 5.218e3 5.232e3 5.325e3 5.332e3 5.387e3 5.426e3 5.508e3 5.617e3 5.598e3 5.677e3 5.731e3 5.749e3 5.787e3 5.918e3 5.864e3 6.079e3 5.849e3 6.102e3 6.208e3 6.199e3 6.262e3 6.232e3 6.338e3 6.416e3 6.476e3 6.684e3 6.617e3 6.725e3 6.703e3 6.829e3 6.910e3 7.021e3 7.057e3 7.124e3 7.078e3 7.243e3 
   700.e6  144.1   265.7   394.6   516.0   625.5   753.6   838.2   949.7   1.013e3 1.122e3 1.197e3 1.323e3 1.422e3 1.521e3 1.585e3 1.672e3 1.864e3 2.000e3 1.980e3 2.107e3 2.173e3 2.251e3 2.354e3 2.434e3 2.487e3 2.554e3 2.621e3 2.672e3 2.767e3 2.832e3 2.862e3 3.051e3 3.029e3 3.121e3 3.230e3 3.403e3 3.456e3 3.548e3 3.527e3 3.599e3 3.700e3 3.790e3 3.768e3 3.934e3 3.958e3 3.906e3 4.116e3 4.189e3 4.347e3 4.394e3 4.397e3 4.537e3 4.513e3 4.589e3 4.761e3 4.829e3 4.966e3 4.980e3 5.070e3 5.076e3 5.132e3 5.165e3 5.244e3 5.357e3 5.329e3 5.402e3 5.461e3 5.472e3 5.513e3 5.649e3 5.583e3 5.794e3 5.618e3 5.821e3 5.925e3 5.904e3 5.972e3 5.939e3 6.044e3 6.114e3 6.171e3 6.384e3 6.306e3 6.424e3 6.391e3 6.497e3 6.597e3 6.703e3 6.733e3 6.797e3 6.757e3 6.915e3 
   800.e6  133.5   244.2   358.9   465.9   565.4   679.4   772.9   867.3   938.2   1.024e3 1.106e3 1.205e3 1.293e3 1.384e3 1.467e3 1.547e3 1.686e3 1.777e3 1.829e3 1.920e3 1.976e3 2.047e3 2.131e3 2.197e3 2.262e3 2.328e3 2.390e3 2.445e3 2.526e3 2.589e3 2.664e3 2.777e3 2.809e3 2.894e3 2.988e3 3.097e3 3.151e3 3.234e3 3.260e3 3.299e3 3.382e3 3.462e3 3.500e3 3.589e3 3.618e3 3.633e3 3.756e3 3.891e3 3.939e3 4.014e3 4.065e3 4.145e3 4.164e3 4.277e3 4.362e3 4.428e3 4.550e3 4.568e3 4.633e3 4.641e3 4.695e3 4.742e3 4.801e3 4.888e3 4.883e3 4.966e3 4.996e3 5.022e3 5.058e3 5.157e3 5.156e3 5.302e3 5.227e3 5.337e3 5.408e3 5.435e3 5.481e3 5.460e3 5.568e3 5.628e3 5.681e3 5.828e3 5.806e3 5.889e3 5.917e3 6.012e3 6.069e3 6.150e3 6.183e3 6.240e3 6.233e3 6.360e3 
   900.e6  124.8   226.2   330.3   425.2   519.1   619.1   714.8   800.3   874.9   945.8   1.025e3 1.110e3 1.188e3 1.271e3 1.359e3 1.434e3 1.545e3 1.593e3 1.692e3 1.769e3 1.817e3 1.880e3 1.950e3 2.010e3 2.080e3 2.147e3 2.202e3 2.260e3 2.325e3 2.387e3 2.478e3 2.556e3 2.607e3 2.687e3 2.787e3 2.849e3 2.901e3 2.976e3 3.020e3 3.057e3 3.124e3 3.190e3 3.252e3 3.306e3 3.342e3 3.384e3 3.463e3 3.616e3 3.610e3 3.706e3 3.769e3 3.823e3 3.888e3 3.999e3 4.035e3 4.101e3 4.207e3 4.229e3 4.275e3 4.288e3 4.335e3 4.395e3 4.441e3 4.500e3 4.522e3 4.610e3 4.616e3 4.657e3 4.685e3 4.751e3 4.805e3 4.900e3 4.860e3 4.937e3 4.981e3 5.052e3 5.075e3 5.070e3 5.175e3 5.230e3 5.280e3 5.369e3 5.396e3 5.442e3 5.518e3 5.618e3 5.627e3 5.691e3 5.729e3 5.780e3 5.794e3 5.896e3 
   1.00e9  114.7   208.3   304.3   391.8   478.5   570.8   659.2   738.2   807.5   873.3   946.2   1.025e3 1.098e3 1.175e3 1.256e3 1.326e3 1.428e3 1.473e3 1.565e3 1.635e3 1.680e3 1.740e3 1.805e3 1.860e3 1.926e3 1.988e3 2.039e3 2.094e3 2.154e3 2.212e3 2.296e3 2.368e3 2.416e3 2.490e3 2.583e3 2.641e3 2.690e3 2.759e3 2.801e3 2.836e3 2.899e3 2.960e3 3.018e3 3.069e3 3.103e3 3.142e3 3.215e3 3.356e3 3.352e3 3.441e3 3.500e3 3.550e3 3.611e3 3.714e3 3.748e3 3.809e3 3.907e3 3.928e3 3.971e3 3.985e3 4.029e3 4.086e3 4.128e3 4.183e3 4.205e3 4.286e3 4.293e3 4.332e3 4.359e3 4.420e3 4.472e3 4.559e3 4.523e3 4.596e3 4.637e3 4.703e3 4.725e3 4.723e3 4.819e3 4.871e3 4.918e3 5.000e3 5.026e3 5.070e3 5.140e3 5.232e3 5.242e3 5.301e3 5.337e3 5.386e3 5.400e3 5.495e3 
   1.10e9  106.1   192.8   281.9   363.0   443.4   529.0   611.0   684.5   749.0   810.4   878.3   951.5   1.019e3 1.091e3 1.166e3 1.231e3 1.326e3 1.368e3 1.453e3 1.519e3 1.562e3 1.618e3 1.678e3 1.730e3 1.791e3 1.849e3 1.897e3 1.948e3 2.005e3 2.059e3 2.137e3 2.205e3 2.250e3 2.319e3 2.404e3 2.459e3 2.505e3 2.570e3 2.609e3 2.642e3 2.701e3 2.759e3 2.812e3 2.860e3 2.893e3 2.930e3 2.998e3 3.129e3 3.126e3 3.208e3 3.264e3 3.311e3 3.368e3 3.464e3 3.496e3 3.553e3 3.644e3 3.664e3 3.705e3 3.719e3 3.760e3 3.813e3 3.853e3 3.905e3 3.926e3 4.002e3 4.009e3 4.046e3 4.072e3 4.129e3 4.177e3 4.258e3 4.226e3 4.295e3 4.334e3 4.395e3 4.416e3 4.416e3 4.506e3 4.554e3 4.598e3 4.675e3 4.699e3 4.740e3 4.806e3 4.892e3 4.902e3 4.957e3 4.992e3 5.037e3 5.051e3 5.140e3 
   1.20e9  98.74   179.7   262.9   338.6   413.7   493.6   570.1   638.9   699.3   756.9   820.5   889.1   952.4   1.020e3 1.090e3 1.151e3 1.239e3 1.279e3 1.359e3 1.421e3 1.461e3 1.513e3 1.570e3 1.619e3 1.676e3 1.731e3 1.776e3 1.824e3 1.878e3 1.929e3 2.002e3 2.065e3 2.108e3 2.172e3 2.252e3 2.304e3 2.347e3 2.408e3 2.445e3 2.477e3 2.532e3 2.586e3 2.637e3 2.682e3 2.713e3 2.748e3 2.812e3 2.934e3 2.933e3 3.009e3 3.062e3 3.106e3 3.160e3 3.250e3 3.280e3 3.334e3 3.418e3 3.438e3 3.477e3 3.490e3 3.530e3 3.580e3 3.618e3 3.666e3 3.687e3 3.758e3 3.766e3 3.801e3 3.826e3 3.880e3 3.925e3 4.001e3 3.971e3 4.036e3 4.073e3 4.131e3 4.151e3 4.153e3 4.236e3 4.282e3 4.323e3 4.396e3 4.419e3 4.457e3 4.519e3 4.600e3 4.610e3 4.662e3 4.694e3 4.738e3 4.751e3 4.835e3 
   1.30e9  92.48   168.4   246.6   317.6   388.1   463.1   535.0   599.7   656.6   711.0   770.8   835.3   895.0   958.3   1.024e3 1.082e3 1.165e3 1.203e3 1.277e3 1.336e3 1.374e3 1.424e3 1.476e3 1.523e3 1.577e3 1.628e3 1.672e3 1.717e3 1.768e3 1.816e3 1.885e3 1.944e3 1.985e3 2.045e3 2.121e3 2.169e3 2.211e3 2.268e3 2.303e3 2.334e3 2.386e3 2.437e3 2.485e3 2.528e3 2.557e3 2.591e3 2.651e3 2.765e3 2.765e3 2.837e3 2.887e3 2.929e3 2.980e3 3.064e3 3.093e3 3.144e3 3.223e3 3.242e3 3.279e3 3.293e3 3.330e3 3.377e3 3.414e3 3.460e3 3.479e3 3.546e3 3.554e3 3.588e3 3.612e3 3.663e3 3.706e3 3.777e3 3.750e3 3.812e3 3.847e3 3.901e3 3.921e3 3.923e3 4.002e3 4.045e3 4.084e3 4.153e3 4.175e3 4.212e3 4.269e3 4.345e3 4.356e3 4.405e3 4.436e3 4.477e3 4.491e3 4.570e3 
   1.40e9  87.05   158.7   232.4   299.4   365.9   436.6   504.5   565.6   619.5   671.0   727.6   788.5   845.0   904.8   967.3   1.022e3 1.100e3 1.136e3 1.206e3 1.262e3 1.298e3 1.345e3 1.395e3 1.439e3 1.491e3 1.539e3 1.580e3 1.624e3 1.672e3 1.718e3 1.783e3 1.839e3 1.878e3 1.935e3 2.006e3 2.052e3 2.092e3 2.146e3 2.179e3 2.209e3 2.258e3 2.307e3 2.352e3 2.393e3 2.421e3 2.453e3 2.510e3 2.617e3 2.619e3 2.686e3 2.733e3 2.774e3 2.822e3 2.902e3 2.929e3 2.978e3 3.052e3 3.070e3 3.106e3 3.120e3 3.155e3 3.200e3 3.235e3 3.278e3 3.298e3 3.361e3 3.369e3 3.401e3 3.424e3 3.473e3 3.514e3 3.581e3 3.556e3 3.615e3 3.648e3 3.700e3 3.719e3 3.722e3 3.797e3 3.837e3 3.875e3 3.940e3 3.960e3 3.996e3 4.051e3 4.123e3 4.133e3 4.180e3 4.210e3 4.249e3 4.262e3 4.337e3 
   1.50e9  82.31   150.1   220.0   283.4   346.5   413.4   477.8   535.7   586.9   635.9   689.6   747.4   801.0   857.8   917.1   968.7   1.043e3 1.077e3 1.144e3 1.197e3 1.231e3 1.277e3 1.324e3 1.366e3 1.414e3 1.461e3 1.500e3 1.542e3 1.587e3 1.631e3 1.693e3 1.746e3 1.783e3 1.837e3 1.905e3 1.949e3 1.987e3 2.038e3 2.070e3 2.099e3 2.145e3 2.192e3 2.235e3 2.274e3 2.301e3 2.332e3 2.386e3 2.487e3 2.489e3 2.553e3 2.598e3 2.637e3 2.683e3 2.759e3 2.785e3 2.831e3 2.902e3 2.919e3 2.953e3 2.967e3 3.001e3 3.044e3 3.077e3 3.118e3 3.137e3 3.197e3 3.205e3 3.236e3 3.258e3 3.305e3 3.344e3 3.407e3 3.384e3 3.441e3 3.473e3 3.522e3 3.541e3 3.544e3 3.615e3 3.653e3 3.689e3 3.751e3 3.771e3 3.805e3 3.857e3 3.925e3 3.936e3 3.980e3 4.009e3 4.046e3 4.059e3 4.131e3 
   1.60e9  78.11   142.6   209.0   269.2   329.2   392.9   454.1   509.2   558.1   604.8   655.9   711.0   762.1   816.2   872.5   921.8   992.1   1.025e3 1.089e3 1.139e3 1.172e3 1.215e3 1.260e3 1.300e3 1.347e3 1.391e3 1.429e3 1.469e3 1.512e3 1.554e3 1.613e3 1.664e3 1.699e3 1.751e3 1.815e3 1.857e3 1.894e3 1.942e3 1.973e3 2.001e3 2.045e3 2.090e3 2.130e3 2.168e3 2.194e3 2.224e3 2.276e3 2.372e3 2.374e3 2.435e3 2.478e3 2.515e3 2.559e3 2.631e3 2.656e3 2.700e3 2.768e3 2.784e3 2.817e3 2.830e3 2.863e3 2.904e3 2.936e3 2.976e3 2.994e3 3.051e3 3.059e3 3.089e3 3.111e3 3.155e3 3.193e3 3.253e3 3.232e3 3.286e3 3.316e3 3.363e3 3.381e3 3.386e3 3.453e3 3.490e3 3.524e3 3.583e3 3.602e3 3.634e3 3.684e3 3.749e3 3.760e3 3.802e3 3.830e3 3.866e3 3.879e3 3.947e3 
   1.70e9  74.38   135.9   199.3   256.7   313.9   374.6   433.0   485.7   532.4   577.0   625.9   678.5   727.3   779.0   832.8   879.9   947.0   978.7   1.039e3 1.087e3 1.119e3 1.161e3 1.204e3 1.242e3 1.287e3 1.329e3 1.365e3 1.403e3 1.445e3 1.485e3 1.541e3 1.590e3 1.624e3 1.673e3 1.735e3 1.775e3 1.810e3 1.857e3 1.886e3 1.913e3 1.955e3 1.998e3 2.037e3 2.073e3 2.098e3 2.127e3 2.177e3 2.268e3 2.271e3 2.329e3 2.370e3 2.406e3 2.448e3 2.517e3 2.541e3 2.583e3 2.647e3 2.664e3 2.696e3 2.708e3 2.740e3 2.779e3 2.810e3 2.848e3 2.865e3 2.920e3 2.928e3 2.957e3 2.978e3 3.021e3 3.057e3 3.114e3 3.095e3 3.147e3 3.176e3 3.221e3 3.238e3 3.243e3 3.307e3 3.342e3 3.375e3 3.432e3 3.450e3 3.481e3 3.529e3 3.592e3 3.602e3 3.643e3 3.669e3 3.703e3 3.716e3 3.782e3 
   1.80e9  71.04   129.8   190.5   245.4   300.1   358.2   414.1   464.5   509.3   552.1   598.9   649.3   696.1   745.7   797.2   842.3   906.5   937.0   995.0   1.041e3 1.071e3 1.112e3 1.153e3 1.190e3 1.232e3 1.273e3 1.308e3 1.344e3 1.385e3 1.423e3 1.477e3 1.524e3 1.556e3 1.603e3 1.662e3 1.701e3 1.735e3 1.780e3 1.808e3 1.834e3 1.875e3 1.916e3 1.953e3 1.988e3 2.012e3 2.040e3 2.087e3 2.175e3 2.178e3 2.234e3 2.273e3 2.308e3 2.348e3 2.414e3 2.437e3 2.478e3 2.539e3 2.555e3 2.586e3 2.598e3 2.629e3 2.667e3 2.696e3 2.732e3 2.750e3 2.802e3 2.810e3 2.838e3 2.858e3 2.899e3 2.934e3 2.989e3 2.971e3 3.021e3 3.049e3 3.092e3 3.109e3 3.114e3 3.176e3 3.210e3 3.241e3 3.295e3 3.313e3 3.343e3 3.389e3 3.449e3 3.459e3 3.498e3 3.524e3 3.557e3 3.570e3 3.632e3 
   2.00e9  65.31   119.5   175.4   226.0   276.5   330.0   381.5   428.1   469.6   509.3   552.5   599.0   642.3   688.1   735.7   777.4   836.6   865.0   918.5   961.3   989.5   1.027e3 1.065e3 1.099e3 1.139e3 1.177e3 1.209e3 1.243e3 1.280e3 1.316e3 1.366e3 1.409e3 1.439e3 1.483e3 1.537e3 1.574e3 1.605e3 1.646e3 1.673e3 1.697e3 1.735e3 1.773e3 1.808e3 1.840e3 1.863e3 1.889e3 1.933e3 2.013e3 2.017e3 2.068e3 2.105e3 2.137e3 2.175e3 2.236e3 2.257e3 2.295e3 2.352e3 2.367e3 2.395e3 2.408e3 2.436e3 2.471e3 2.499e3 2.532e3 2.549e3 2.597e3 2.606e3 2.631e3 2.651e3 2.689e3 2.722e3 2.773e3 2.757e3 2.803e3 2.829e3 2.869e3 2.885e3 2.891e3 2.948e3 2.979e3 3.008e3 3.058e3 3.076e3 3.104e3 3.146e3 3.202e3 3.211e3 3.248e3 3.272e3 3.303e3 3.315e3 3.373e3 
