# SRIM-2013 Electronic stopping power table for Z1=19
# Converted from a table provided by H.Hofsaess
# units of energy:         eV
# units of stopping power: eV A^2
#      \Z2 1       2       3       4       5       6       7       8       9       10      11      12      13      14      15      16      17      18      19      20      21      22      23      24      25      26      27      28      29      30      31      32      33      34      35      36      37      38      39      40      41      42      43      44      45      46      47      48      49      50      51      52      53      54      55      56      57      58      59      60      61      62      63      64      65      66      67      68      69      70      71      72      73      74      75      76      77      78      79      80      81      82      83      84      85      86      87      88      89      90      91      92      
# energy\  H       He      Li      Be      B       C       N       O       F       Ne      Na      Mg      Al      Si      P       S       Cl      Ar      K       Ca      Sc      Ti      V       Cr      Mn      Fe      Co      Ni      Cu      Zn      Ga      Ge      As      Se      Br      Kr      Rb      Sr      Y       Zr      Nb      Mo      Tc      Ru      Rh      Pd      Ag      Cd      In      Sn      Sb      Te      I       Xe      Cs      Ba      La      Ce      Pr      Nd      Pm      Sm      Eu      Gd      Tb      Dy      Ho      Er      Tm      Yb      Lu      Hf      Ta      W       Re      Os      Ir      Pt      Au      Hg      Tl      Pb      Bi      Po      At      Rn      Fr      Ra      Ac      Th      Pa      U       
   0.00    0.0     0.0     0.0     0.0     0.0     0.0     0.0     0.0     0.0     0.0     0.0     0.0     0.0     0.0     0.0     0.0     0.0     0.0     0.0     0.0     0.0     0.0     0.0     0.0     0.0     0.0     0.0     0.0     0.0     0.0     0.0     0.0     0.0     0.0     0.0     0.0     0.0     0.0     0.0     0.0     0.0     0.0     0.0     0.0     0.0     0.0     0.0     0.0     0.0     0.0     0.0     0.0     0.0     0.0     0.0     0.0     0.0     0.0     0.0     0.0     0.0     0.0     0.0     0.0     0.0     0.0     0.0     0.0     0.0     0.0     0.0     0.0     0.0     0.0     0.0     0.0     0.0     0.0     0.0     0.0     0.0     0.0     0.0     0.0     0.0     0.0     0.0     0.0     0.0     0.0     0.0     0.0     
   10.0    1.076   1.308   1.676   3.424   4.068   5.211   3.437   2.831   3.209   3.198   5.828   7.143   6.665   6.371   6.968   5.482   1.651   3.913   4.944   4.980   7.654   6.996   7.464   5.785   5.518   6.058   5.531   5.712   5.462   5.147   5.522   7.114   8.218   7.197   2.471   3.614   9.045   9.050   9.183   7.178   10.68   10.05   9.063   6.435   5.606   8.542   8.440   7.845   6.492   10.79   9.541   7.732   10.14   2.949   11.70   12.04   12.38   10.27   9.248   9.621   9.714   8.534   8.239   12.22   9.682   8.179   6.637   6.954   8.876   6.731   7.827   6.759   8.664   8.063   7.154   4.522   5.316   7.303   6.809   5.274   6.107   9.403   9.156   11.80   11.95   11.47   13.28   12.75   8.661   8.366   10.66   8.577   
   11.0    1.128   1.372   1.758   3.591   4.266   5.465   3.605   2.969   3.366   3.354   6.112   7.491   6.991   6.682   7.309   5.750   1.731   4.104   5.185   5.223   8.027   7.338   7.829   6.068   5.787   6.354   5.801   5.990   5.728   5.398   5.792   7.461   8.619   7.548   2.592   3.791   9.486   9.492   9.632   7.529   11.20   10.54   9.505   6.749   5.880   8.959   8.852   8.228   6.808   11.32   10.01   8.110   10.63   3.093   12.27   12.62   12.98   10.77   9.699   10.09   10.19   8.950   8.641   12.82   10.15   8.578   6.961   7.294   9.309   7.060   8.209   7.089   9.086   8.457   7.503   4.743   5.575   7.660   7.141   5.532   6.405   9.861   9.603   12.37   12.53   12.03   13.93   13.37   9.083   8.774   11.18   8.995   
   12.0    1.178   1.433   1.836   3.751   4.456   5.708   3.765   3.101   3.516   3.503   6.384   7.824   7.302   6.979   7.634   6.006   1.808   4.286   5.415   5.455   8.384   7.664   8.177   6.338   6.045   6.636   6.059   6.257   5.983   5.638   6.049   7.793   9.002   7.884   2.707   3.959   9.908   9.914   10.06   7.864   11.69   11.01   9.928   7.049   6.141   9.357   9.246   8.594   7.111   11.82   10.45   8.470   11.11   3.231   12.82   13.18   13.56   11.25   10.13   10.54   10.64   9.348   9.025   13.39   10.61   8.959   7.271   7.618   9.723   7.374   8.574   7.404   9.490   8.833   7.837   4.954   5.823   8.000   7.459   5.777   6.690   10.30   10.03   12.92   13.09   12.56   14.54   13.97   9.487   9.165   11.67   9.395   
   13.0    1.226   1.492   1.911   3.904   4.638   5.941   3.919   3.228   3.659   3.646   6.645   8.144   7.600   7.264   7.945   6.251   1.882   4.461   5.637   5.678   8.727   7.977   8.511   6.596   6.291   6.907   6.306   6.512   6.227   5.868   6.296   8.111   9.369   8.206   2.817   4.121   10.31   10.32   10.47   8.185   12.17   11.46   10.33   7.337   6.392   9.739   9.624   8.945   7.402   12.31   10.88   8.816   11.56   3.363   13.34   13.72   14.12   11.70   10.54   10.97   11.08   9.730   9.394   13.94   11.04   9.325   7.568   7.929   10.12   7.675   8.925   7.707   9.878   9.193   8.157   5.156   6.061   8.327   7.763   6.013   6.963   10.72   10.44   13.45   13.62   13.07   15.14   14.54   9.875   9.539   12.15   9.779   
   14.0    1.273   1.548   1.983   4.051   4.813   6.166   4.067   3.350   3.797   3.784   6.896   8.451   7.887   7.538   8.245   6.487   1.953   4.630   5.849   5.892   9.056   8.278   8.832   6.845   6.529   7.168   6.545   6.758   6.463   6.090   6.534   8.417   9.723   8.515   2.924   4.277   10.70   10.71   10.87   8.494   12.63   11.89   10.72   7.614   6.633   10.11   9.987   9.283   7.681   12.77   11.29   9.149   12.00   3.490   13.85   14.24   14.65   12.15   10.94   11.38   11.49   10.10   9.748   14.46   11.46   9.677   7.853   8.229   10.50   7.965   9.261   7.998   10.25   9.540   8.464   5.351   6.290   8.641   8.056   6.240   7.226   11.13   10.83   13.96   14.13   13.57   15.71   15.09   10.25   9.899   12.61   10.15   
   15.0    1.317   1.602   2.053   4.194   4.982   6.382   4.210   3.468   3.931   3.917   7.138   8.748   8.163   7.803   8.535   6.714   2.022   4.792   6.055   6.099   9.374   8.568   9.142   7.086   6.758   7.420   6.774   6.995   6.689   6.304   6.763   8.712   10.06   8.814   3.026   4.427   11.08   11.08   11.25   8.792   13.07   12.31   11.10   7.881   6.866   10.46   10.34   9.609   7.951   13.22   11.68   9.470   12.42   3.612   14.33   14.74   15.16   12.57   11.33   11.78   11.90   10.45   10.09   14.97   11.86   10.02   8.129   8.517   10.87   8.244   9.587   8.278   10.61   9.875   8.762   5.539   6.510   8.944   8.339   6.459   7.480   11.52   11.21   14.45   14.63   14.04   16.26   15.62   10.61   10.25   13.05   10.50   
   16.0    1.361   1.655   2.120   4.331   5.145   6.591   4.348   3.581   4.060   4.045   7.372   9.035   8.431   8.059   8.815   6.935   2.088   4.949   6.253   6.299   9.681   8.849   9.442   7.318   6.980   7.663   6.996   7.225   6.909   6.510   6.985   8.998   10.39   9.103   3.126   4.572   11.44   11.45   11.62   9.080   13.50   12.71   11.46   8.140   7.091   10.80   10.68   9.924   8.211   13.65   12.07   9.780   12.82   3.731   14.80   15.22   15.66   12.98   11.70   12.17   12.29   10.79   10.42   15.46   12.25   10.35   8.395   8.797   11.23   8.514   9.901   8.550   10.96   10.20   9.049   5.720   6.724   9.238   8.613   6.671   7.725   11.89   11.58   14.92   15.11   14.50   16.80   16.13   10.95   10.58   13.48   10.85   
   17.0    1.402   1.706   2.186   4.465   5.303   6.794   4.481   3.691   4.185   4.170   7.599   9.313   8.691   8.307   9.086   7.148   2.152   5.102   6.446   6.493   9.979   9.122   9.732   7.543   7.194   7.899   7.212   7.447   7.121   6.711   7.200   9.275   10.71   9.384   3.222   4.713   11.79   11.80   11.97   9.360   13.92   13.10   11.82   8.390   7.310   11.14   11.00   10.23   8.464   14.07   12.44   10.08   13.22   3.845   15.26   15.69   16.14   13.38   12.06   12.54   12.67   11.13   10.74   15.94   12.62   10.66   8.654   9.068   11.57   8.777   10.21   8.813   11.30   10.51   9.327   5.896   6.931   9.522   8.878   6.877   7.963   12.26   11.94   15.38   15.57   14.95   17.31   16.62   11.29   10.91   13.89   11.18   
   18.0    1.443   1.755   2.249   4.594   5.457   6.991   4.611   3.798   4.306   4.291   7.819   9.583   8.943   8.547   9.349   7.355   2.215   5.250   6.633   6.681   10.27   9.386   10.01   7.762   7.403   8.128   7.421   7.663   7.328   6.905   7.409   9.544   11.03   9.656   3.315   4.849   12.14   12.14   12.32   9.631   14.32   13.48   12.16   8.634   7.521   11.46   11.32   10.53   8.709   14.48   12.80   10.37   13.60   3.957   15.70   16.15   16.61   13.77   12.41   12.91   13.03   11.45   11.05   16.40   12.99   10.97   8.905   9.330   11.91   9.031   10.50   9.069   11.62   10.82   9.598   6.067   7.132   9.798   9.135   7.076   8.194   12.61   12.28   15.83   16.03   15.38   17.81   17.11   11.62   11.22   14.30   11.51   
   20.0    1.521   1.850   2.371   4.842   5.752   7.369   4.861   4.004   4.539   4.523   8.242   10.10   9.426   9.010   9.855   7.753   2.334   5.534   6.991   7.043   10.82   9.894   10.56   8.182   7.803   8.567   7.822   8.077   7.724   7.279   7.809   10.06   11.62   10.18   3.495   5.112   12.79   12.80   12.99   10.15   15.10   14.21   12.82   9.101   7.928   12.08   11.94   11.10   9.180   15.27   13.49   10.93   14.34   4.171   16.55   17.02   17.51   14.52   13.08   13.61   13.74   12.07   11.65   17.29   13.69   11.57   9.386   9.835   12.55   9.519   11.07   9.559   12.25   11.40   10.12   6.396   7.518   10.33   9.629   7.459   8.637   13.30   12.95   16.68   16.89   16.22   18.78   18.03   12.25   11.83   15.07   12.13   
   22.0    1.613   1.962   2.514   5.136   6.101   7.816   5.156   4.247   4.814   4.797   8.742   10.71   9.998   9.556   10.45   8.224   2.476   5.869   7.415   7.470   11.48   10.49   11.20   8.678   8.277   9.087   8.297   8.567   8.193   7.720   8.283   10.67   12.33   10.80   3.707   5.422   13.57   13.57   13.78   10.77   16.01   15.07   13.59   9.653   8.409   12.81   12.66   11.77   9.737   16.19   14.31   11.60   15.21   4.424   17.56   18.05   18.57   15.40   13.87   14.43   14.57   12.80   12.36   18.34   14.52   12.27   9.956   10.43   13.31   10.10   11.74   10.14   13.00   12.09   10.73   6.784   7.974   10.95   10.21   7.911   9.161   14.10   13.73   17.70   17.92   17.20   19.92   19.13   12.99   12.55   15.99   12.86   
   25.0    1.701   2.068   2.650   5.414   6.431   8.239   5.435   4.477   5.074   5.057   9.215   11.29   10.54   10.07   11.02   8.668   2.610   6.187   7.817   7.874   12.10   11.06   11.80   9.148   8.725   9.579   8.746   9.031   8.636   8.138   8.731   11.25   12.99   11.38   3.907   5.715   14.30   14.31   14.52   11.35   16.88   15.89   14.33   10.17   8.864   13.51   13.35   12.40   10.26   17.07   15.09   12.23   16.03   4.663   18.51   19.03   19.57   16.23   14.62   15.21   15.36   13.49   13.03   19.33   15.31   12.93   10.49   11.00   14.03   10.64   12.38   10.69   13.70   12.75   11.31   7.150   8.405   11.55   10.77   8.339   9.657   14.87   14.48   18.65   18.89   18.13   20.99   20.16   13.69   13.23   16.85   13.56   
   27.0    1.784   2.169   2.780   5.678   6.745   8.641   5.700   4.695   5.322   5.303   9.664   11.84   11.05   10.56   11.56   9.091   2.737   6.489   8.198   8.258   12.69   11.60   12.38   9.594   9.150   10.05   9.172   9.472   9.057   8.535   9.157   11.80   13.63   11.93   4.098   5.994   15.00   15.01   15.23   11.90   17.70   16.66   15.03   10.67   9.297   14.17   14.00   13.01   10.77   17.90   15.82   12.82   16.81   4.891   19.41   19.96   20.53   17.02   15.34   15.95   16.11   14.15   13.66   20.27   16.06   13.56   11.01   11.53   14.72   11.16   12.98   11.21   14.37   13.37   11.86   7.499   8.815   12.11   11.29   8.746   10.13   15.59   15.18   19.56   19.81   19.02   22.02   21.14   14.36   13.87   17.67   14.22   
   30.0    1.863   2.266   2.903   5.931   7.045   9.026   5.953   4.904   5.559   5.539   10.09   12.37   11.54   11.03   12.07   9.496   2.859   6.777   8.563   8.625   13.26   12.12   12.93   10.02   9.557   10.49   9.580   9.893   9.460   8.915   9.565   12.32   14.23   12.47   4.280   6.260   15.67   15.68   15.91   12.43   18.49   17.40   15.70   11.15   9.710   14.79   14.62   13.59   11.24   18.70   16.52   13.39   17.56   5.108   20.27   20.85   21.44   17.78   16.02   16.66   16.82   14.78   14.27   21.17   16.77   14.17   11.50   12.05   15.37   11.66   13.56   11.71   15.01   13.97   12.39   7.833   9.207   12.65   11.79   9.135   10.58   16.29   15.86   20.43   20.69   19.86   23.00   22.08   15.00   14.49   18.46   14.86   
   32.0    1.939   2.358   3.022   6.173   7.333   9.394   6.196   5.104   5.786   5.765   10.51   12.88   12.02   11.49   12.56   9.883   2.976   7.054   8.912   8.978   13.80   12.61   13.46   10.43   9.948   10.92   9.971   10.30   9.846   9.279   9.955   12.82   14.81   12.97   4.455   6.516   16.31   16.32   16.56   12.94   19.24   18.11   16.34   11.60   10.11   15.40   15.22   14.14   11.70   19.46   17.20   13.94   18.28   5.317   21.10   21.70   22.32   18.51   16.67   17.34   17.51   15.38   14.85   22.04   17.45   14.74   11.97   12.54   16.00   12.14   14.11   12.19   15.62   14.54   12.90   8.153   9.583   13.17   12.27   9.508   11.01   16.95   16.51   21.27   21.53   20.67   23.94   22.99   15.61   15.08   19.21   15.46   
   35.0    2.012   2.447   3.136   6.406   7.610   9.749   6.430   5.297   6.004   5.983   10.90   13.36   12.47   11.92   13.04   10.26   3.088   7.320   9.249   9.317   14.32   13.09   13.96   10.82   10.32   11.33   10.35   10.69   10.22   9.629   10.33   13.31   15.37   13.46   4.623   6.762   16.92   16.93   17.18   13.43   19.97   18.80   16.96   12.04   10.49   15.98   15.79   14.68   12.14   20.19   17.85   14.47   18.97   5.518   21.90   22.52   23.16   19.20   17.30   18.00   18.17   15.96   15.41   22.87   18.11   15.30   12.42   13.01   16.60   12.59   14.64   12.65   16.21   15.08   13.38   8.461   9.945   13.66   12.74   9.867   11.43   17.59   17.13   22.07   22.35   21.45   24.84   23.85   16.20   15.65   19.94   16.05   
   37.0    2.083   2.533   3.246   6.631   7.877   10.09   6.656   5.483   6.215   6.193   11.29   13.83   12.91   12.34   13.49   10.62   3.196   7.577   9.573   9.644   14.82   13.55   14.45   11.20   10.69   11.73   10.71   11.06   10.58   9.967   10.69   13.78   15.91   13.94   4.785   6.999   17.52   17.53   17.78   13.90   20.67   19.46   17.55   12.46   10.86   16.54   16.34   15.19   12.57   20.90   18.48   14.97   19.63   5.711   22.66   23.31   23.97   19.88   17.91   18.63   18.81   16.53   15.95   23.67   18.75   15.84   12.85   13.47   17.19   13.04   15.16   13.09   16.78   15.61   13.85   8.758   10.29   14.14   13.19   10.21   11.83   18.21   17.73   22.85   23.13   22.21   25.71   24.69   16.77   16.20   20.64   16.61   
   40.0    2.151   2.616   3.352   6.848   8.135   10.42   6.874   5.662   6.419   6.396   11.66   14.29   13.33   12.74   13.94   10.96   3.301   7.826   9.887   9.960   15.31   13.99   14.93   11.57   11.04   12.12   11.06   11.42   10.92   10.29   11.04   14.23   16.44   14.39   4.942   7.229   18.09   18.10   18.37   14.36   21.35   20.09   18.13   12.87   11.21   17.08   16.88   15.69   12.98   21.59   19.08   15.46   20.28   5.899   23.41   24.07   24.76   20.53   18.50   19.24   19.43   17.07   16.48   24.45   19.36   16.36   13.27   13.91   17.75   13.46   15.65   13.52   17.33   16.13   14.31   9.045   10.63   14.61   13.62   10.55   12.21   18.81   18.31   23.60   23.89   22.93   26.56   25.50   17.32   16.73   21.31   17.15   
   45.0    2.282   2.775   3.556   7.264   8.628   11.05   7.291   6.006   6.808   6.784   12.36   15.15   14.14   13.51   14.78   11.63   3.502   8.300   10.49   10.56   16.24   14.84   15.83   12.27   11.71   12.85   11.73   12.12   11.59   10.92   11.71   15.09   17.43   15.27   5.242   7.667   19.19   19.20   19.48   15.23   22.65   21.31   19.23   13.65   11.89   18.12   17.90   16.64   13.77   22.90   20.24   16.40   21.51   6.256   24.83   25.53   26.26   21.78   19.62   20.41   20.61   18.10   17.48   25.93   20.54   17.35   14.08   14.75   18.83   14.28   16.60   14.34   18.38   17.10   15.18   9.593   11.28   15.49   14.44   11.19   12.96   19.95   19.42   25.03   25.34   24.32   28.17   27.05   18.37   17.75   22.61   18.19   
   50.0    2.405   2.925   3.748   7.657   9.095   11.65   7.686   6.331   7.176   7.151   13.03   15.97   14.90   14.25   15.58   12.26   3.691   8.749   11.05   11.14   17.11   15.64   16.69   12.94   12.34   13.55   12.37   12.77   12.21   11.51   12.35   15.91   18.38   16.09   5.525   8.082   20.23   20.24   20.53   16.05   23.87   22.47   20.27   14.39   12.54   19.10   18.87   17.54   14.52   24.14   21.33   17.29   22.67   6.595   26.17   26.91   27.68   22.95   20.68   21.51   21.72   19.08   18.42   27.33   21.65   18.29   14.84   15.55   19.85   15.05   17.50   15.11   19.37   18.03   16.00   10.11   11.89   16.33   15.23   11.79   13.66   21.02   20.47   26.38   26.71   25.64   29.69   28.51   19.37   18.71   23.83   19.18   
   55.0    2.522   3.068   3.931   8.030   9.539   12.22   8.061   6.640   7.527   7.500   13.67   16.75   15.63   14.94   16.34   12.86   3.871   9.176   11.59   11.68   17.95   16.41   17.51   13.57   12.94   14.21   12.97   13.39   12.81   12.07   12.95   16.68   19.27   16.88   5.795   8.477   21.21   21.22   21.54   16.84   25.04   23.56   21.25   15.09   13.15   20.03   19.79   18.40   15.22   25.31   22.37   18.13   23.78   6.917   27.45   28.23   29.03   24.07   21.69   22.56   22.78   20.01   19.32   28.67   22.71   19.18   15.57   16.31   20.82   15.79   18.36   15.85   20.32   18.91   16.78   10.61   12.47   17.13   15.97   12.37   14.32   22.05   21.47   27.67   28.01   26.89   31.14   29.90   20.31   19.62   24.99   20.11   
   60.0    2.635   3.204   4.106   8.387   9.963   12.76   8.419   6.935   7.861   7.834   14.28   17.50   16.33   15.61   17.07   13.43   4.043   9.585   12.11   12.20   18.75   17.14   18.28   14.17   13.52   14.84   13.55   13.99   13.38   12.61   13.53   17.42   20.13   17.63   6.053   8.854   22.16   22.17   22.49   17.58   26.15   24.61   22.20   15.76   13.73   20.92   20.67   19.22   15.90   26.44   23.37   18.94   24.83   7.224   28.67   29.48   30.32   25.14   22.65   23.57   23.79   20.90   20.18   29.94   23.72   20.03   16.26   17.03   21.74   16.49   19.17   16.56   21.22   19.75   17.52   11.08   13.02   17.89   16.68   12.92   14.96   23.03   22.43   28.90   29.26   28.09   32.52   31.23   21.21   20.49   26.10   21.01   
   65.0    2.742   3.335   4.273   8.730   10.37   13.29   8.763   7.218   8.182   8.153   14.86   18.21   16.99   16.24   17.77   13.98   4.208   9.976   12.60   12.70   19.51   17.84   19.03   14.75   14.07   15.45   14.10   14.56   13.93   13.12   14.08   18.14   20.95   18.35   6.300   9.215   23.06   23.07   23.41   18.30   27.22   25.62   23.11   16.41   14.29   21.78   21.52   20.00   16.55   27.52   24.32   19.71   25.85   7.519   29.84   30.68   31.56   26.17   23.58   24.53   24.77   21.76   21.01   31.16   24.68   20.85   16.92   17.73   22.63   17.16   19.96   17.23   22.09   20.56   18.24   11.53   13.55   18.62   17.36   13.45   15.57   23.97   23.34   30.08   30.45   29.23   33.85   32.51   22.08   21.33   27.17   21.87   
   70.0    2.846   3.461   4.435   9.059   10.76   13.79   9.094   7.491   8.491   8.461   15.42   18.90   17.63   16.86   18.44   14.50   4.367   10.35   13.08   13.18   20.25   18.51   19.75   15.31   14.60   16.03   14.63   15.11   14.45   13.62   14.61   18.82   21.74   19.04   6.538   9.563   23.93   23.94   24.30   18.99   28.24   26.58   23.98   17.03   14.83   22.60   22.33   20.76   17.18   28.56   25.24   20.46   26.82   7.803   30.96   31.84   32.75   27.16   24.47   25.45   25.70   22.58   21.80   32.34   25.62   21.64   17.56   18.40   23.48   17.81   20.71   17.88   22.92   21.33   18.93   11.97   14.06   19.32   18.01   13.95   16.16   24.88   24.23   31.21   31.60   30.34   35.13   33.74   22.91   22.13   28.20   22.69   
   80.0    3.042   3.700   4.741   9.685   11.50   14.74   9.722   8.008   9.077   9.045   16.48   20.20   18.85   18.02   19.71   15.51   4.669   11.07   13.98   14.09   21.65   19.79   21.11   16.36   15.61   17.13   15.64   16.15   15.45   14.56   15.62   20.12   23.24   20.36   6.989   10.22   25.58   25.60   25.97   20.30   30.19   28.42   25.63   18.20   15.86   24.16   23.87   22.19   18.36   30.53   26.98   21.87   28.67   8.342   33.10   34.04   35.02   29.03   26.16   27.21   27.48   24.14   23.30   34.57   27.38   23.13   18.77   19.67   25.10   19.04   22.14   19.12   24.50   22.81   20.23   12.79   15.04   20.66   19.26   14.92   17.27   26.59   25.90   33.37   33.79   32.43   37.55   36.06   24.50   23.66   30.14   24.26   
   90.0    3.227   3.925   5.029   10.27   12.20   15.63   10.31   8.494   9.628   9.594   17.48   21.43   20.00   19.11   20.91   16.45   4.952   11.74   14.83   14.94   22.96   20.99   22.39   17.36   16.55   18.17   16.59   17.13   16.39   15.44   16.57   21.34   24.65   21.59   7.413   10.84   27.13   27.15   27.55   21.54   32.03   30.14   27.19   19.31   16.82   25.63   25.32   23.54   19.47   32.38   28.62   23.20   30.41   8.848   35.11   36.11   37.14   30.80   27.74   28.86   29.14   25.60   24.72   36.67   29.05   24.54   19.91   20.86   26.63   20.19   23.48   20.28   25.99   24.19   21.46   13.57   15.95   21.91   20.43   15.82   18.32   28.21   27.47   35.39   35.84   34.40   39.83   38.25   25.98   25.10   31.97   25.73   
   100.    3.401   4.137   5.301   10.83   12.86   16.48   10.87   8.953   10.15   10.11   18.43   22.59   21.08   20.15   22.04   17.34   5.220   12.37   15.63   15.75   24.20   22.12   23.60   18.30   17.45   19.16   17.49   18.06   17.27   16.28   17.46   22.50   25.99   22.76   7.814   11.43   28.60   28.62   29.04   22.70   33.76   31.77   28.66   20.35   17.73   27.01   26.69   24.81   20.53   34.13   30.17   24.45   32.06   9.327   37.01   38.06   39.15   32.46   29.24   30.42   30.72   26.99   26.05   38.65   30.62   25.86   20.99   21.99   28.07   21.29   24.75   21.37   27.40   25.50   22.62   14.30   16.81   23.09   21.53   16.68   19.31   29.73   28.95   37.31   37.77   36.26   41.99   40.32   27.39   26.46   33.70   27.12   
   110.    3.567   4.339   5.559   11.36   13.49   17.28   11.40   9.390   10.64   10.61   19.33   23.69   22.11   21.13   23.11   18.18   5.475   12.98   16.40   16.52   25.38   23.20   24.76   19.19   18.30   20.09   18.34   18.94   18.11   17.07   18.31   23.59   27.25   23.87   8.195   11.99   30.00   30.02   30.46   23.81   35.41   33.32   30.06   21.34   18.59   28.33   27.99   26.02   21.53   35.80   31.64   25.64   33.62   9.782   38.82   39.92   41.06   34.05   30.67   31.91   32.22   28.30   27.33   40.54   32.11   27.13   22.01   23.07   29.44   22.33   25.96   22.42   28.73   26.74   23.73   15.00   17.63   24.22   22.58   17.49   20.26   31.18   30.37   39.13   39.62   38.03   44.04   42.29   28.72   27.75   35.34   28.45   
   120.    3.726   4.532   5.807   11.86   14.09   18.05   11.91   9.808   11.12   11.08   20.19   24.74   23.09   22.07   24.14   18.99   5.718   13.55   17.13   17.25   26.51   24.24   25.86   20.04   19.11   20.99   19.16   19.79   18.92   17.83   19.13   24.64   28.47   24.93   8.560   12.52   31.33   31.35   31.81   24.87   36.98   34.80   31.40   22.29   19.42   29.59   29.24   27.18   22.49   37.39   33.05   26.78   35.12   10.22   40.54   41.69   42.89   35.56   32.03   33.33   33.65   29.56   28.54   42.34   33.54   28.33   22.99   24.09   30.75   23.32   27.11   23.42   30.01   27.93   24.78   15.67   18.41   25.30   23.59   18.27   21.16   32.57   31.72   40.87   41.38   39.72   46.00   44.17   30.00   28.98   36.92   29.71   
   130.    3.878   4.717   6.044   12.35   14.67   18.79   12.39   10.21   11.57   11.53   21.01   25.75   24.03   22.97   25.13   19.77   5.951   14.11   17.82   17.96   27.60   25.22   26.91   20.86   19.90   21.84   19.94   20.59   19.69   18.56   19.91   25.65   29.63   25.95   8.909   13.03   32.61   32.63   33.11   25.88   38.49   36.23   32.68   23.20   20.21   30.80   30.43   28.29   23.41   38.92   34.40   27.88   36.55   10.63   42.20   43.39   44.64   37.01   33.34   34.69   35.02   30.77   29.71   44.07   34.91   29.49   23.93   25.07   32.00   24.27   28.22   24.37   31.24   29.07   25.79   16.31   19.17   26.33   24.55   19.02   22.02   33.90   33.01   42.54   43.07   41.34   47.87   45.97   31.23   30.16   38.42   30.92   
   140.    4.024   4.895   6.272   12.81   15.22   19.50   12.86   10.59   12.01   11.97   21.81   26.73   24.94   23.84   26.07   20.51   6.176   14.64   18.50   18.63   28.64   26.18   27.93   21.65   20.65   22.67   20.70   21.37   20.44   19.26   20.66   26.62   30.75   26.93   9.246   13.52   33.84   33.86   34.36   26.86   39.94   37.59   33.91   24.08   20.98   31.96   31.58   29.36   24.29   40.39   35.70   28.93   37.93   11.04   43.79   45.03   46.32   38.41   34.60   36.00   36.35   31.93   30.83   45.74   36.23   30.60   24.83   26.02   33.21   25.19   29.29   25.29   32.42   30.17   26.77   16.92   19.89   27.33   25.48   19.73   22.85   35.18   34.26   44.14   44.69   42.90   49.68   47.71   32.40   31.30   39.87   32.09   
   150.    4.166   5.067   6.492   13.26   15.75   20.18   13.31   10.97   12.43   12.39   22.57   27.66   25.81   24.67   26.99   21.23   6.393   15.15   19.15   19.29   29.64   27.10   28.91   22.41   21.37   23.46   21.42   22.12   21.15   19.93   21.39   27.55   31.83   27.87   9.570   14.00   35.03   35.05   35.57   27.80   41.34   38.91   35.10   24.92   21.71   33.08   32.69   30.39   25.14   41.81   36.95   29.95   39.26   11.42   45.33   46.61   47.95   39.76   35.82   37.26   37.62   33.05   31.91   47.34   37.50   31.68   25.71   26.93   34.38   26.07   30.32   26.18   33.55   31.23   27.71   17.52   20.59   28.28   26.37   20.43   23.65   36.42   35.46   45.69   46.26   44.41   51.42   49.38   33.54   32.40   41.27   33.22   
   160.    4.302   5.233   6.705   13.70   16.27   20.84   13.75   11.32   12.84   12.79   23.31   28.57   26.66   25.48   27.87   21.93   6.603   15.65   19.77   19.92   30.62   27.98   29.86   23.14   22.07   24.23   22.12   22.85   21.85   20.59   22.09   28.45   32.87   28.79   9.884   14.46   36.18   36.20   36.73   28.71   42.70   40.19   36.25   25.74   22.42   34.17   33.76   31.38   25.97   43.18   38.16   30.93   40.55   11.80   46.81   48.14   49.52   41.06   36.99   38.48   38.86   34.13   32.96   48.90   38.73   32.71   26.55   27.82   35.50   26.93   31.31   27.04   34.65   32.25   28.62   18.09   21.26   29.21   27.24   21.10   24.43   37.61   36.62   47.19   47.78   45.87   53.11   51.00   34.64   33.46   42.63   34.31   
   170.    4.435   5.394   6.911   14.12   16.77   21.49   14.17   11.67   13.23   13.19   24.03   29.45   27.48   26.27   28.73   22.60   6.806   16.13   20.38   20.53   31.56   28.85   30.78   23.85   22.75   24.98   22.81   23.55   22.52   21.22   22.77   29.33   33.88   29.67   10.19   14.90   37.29   37.31   37.86   29.60   44.01   41.43   37.37   26.53   23.11   35.22   34.80   32.35   26.77   44.50   39.34   31.88   41.80   12.16   48.26   49.62   51.04   42.33   38.13   39.67   40.05   35.18   33.97   50.40   39.92   33.72   27.37   28.67   36.60   27.75   32.27   27.87   35.72   33.24   29.50   18.65   21.92   30.11   28.07   21.75   25.18   38.77   37.75   48.64   49.25   47.28   54.75   52.57   35.71   34.49   43.94   35.36   
   180.    4.563   5.550   7.112   14.53   17.26   22.11   14.58   12.01   13.62   13.57   24.73   30.30   28.28   27.03   29.56   23.26   7.003   16.60   20.97   21.13   32.47   29.68   31.67   24.55   23.41   25.70   23.47   24.23   23.17   21.84   23.43   30.18   34.86   30.53   10.48   15.33   38.37   38.40   38.96   30.46   45.29   42.63   38.45   27.30   23.78   36.24   35.81   33.29   27.54   45.80   40.48   32.80   43.01   12.51   49.65   51.06   52.52   43.55   39.23   40.82   41.21   36.20   34.95   51.86   41.08   34.70   28.16   29.51   37.66   28.56   33.21   28.68   36.76   34.21   30.35   19.19   22.55   30.98   28.89   22.38   25.91   39.89   38.85   50.05   50.68   48.65   56.33   54.10   36.74   35.49   45.21   36.39   
   200.    4.810   5.851   7.496   15.31   18.19   23.30   15.37   12.66   14.35   14.30   26.06   31.94   29.81   28.49   31.16   24.52   7.382   17.50   22.11   22.27   34.23   31.29   33.38   25.87   24.68   27.09   24.74   25.54   24.43   23.02   24.70   31.81   36.75   32.19   11.05   16.16   40.45   40.47   41.07   32.10   47.74   44.93   40.53   28.78   25.07   38.20   37.75   35.09   29.03   48.27   42.67   34.58   45.34   13.19   52.34   53.82   55.37   45.91   41.36   43.03   43.44   38.16   36.85   54.67   43.30   36.58   29.68   31.10   39.69   30.10   35.00   30.23   38.74   36.06   31.99   20.22   23.77   32.66   30.45   23.59   27.31   42.05   40.95   52.76   53.42   51.28   59.38   57.02   38.73   37.41   47.66   38.36   
   225.    5.102   6.205   7.951   16.24   19.29   24.72   16.30   13.43   15.22   15.17   27.64   33.88   31.62   30.22   33.05   26.01   7.830   18.56   23.45   23.62   36.31   33.19   35.41   27.44   26.17   28.74   26.24   27.09   25.91   24.41   26.19   33.74   38.98   34.14   11.72   17.14   42.90   42.93   43.56   34.05   50.64   47.66   42.99   30.52   26.59   40.52   40.04   37.21   30.79   51.20   45.26   36.68   48.09   13.99   55.52   57.09   58.72   48.69   43.87   45.64   46.08   40.48   39.08   57.98   45.92   38.79   31.48   32.99   42.10   31.93   37.13   32.06   41.09   38.25   33.93   21.45   25.21   34.64   32.30   25.02   28.97   44.60   43.43   55.96   56.66   54.39   62.98   60.48   41.08   39.68   50.55   40.68   
   250.    5.378   6.541   8.381   17.12   20.34   26.05   17.19   14.16   16.05   15.99   29.14   35.71   33.33   31.85   34.84   27.41   8.253   19.56   24.72   24.90   38.27   34.98   37.32   28.93   27.59   30.29   27.66   28.56   27.31   25.73   27.61   35.57   41.09   35.98   12.36   18.07   45.22   45.25   45.92   35.89   53.38   50.24   45.32   32.18   28.03   42.71   42.20   39.23   32.46   53.97   47.70   38.66   50.69   14.75   58.52   60.18   61.90   51.33   46.24   48.10   48.57   42.67   41.19   61.12   48.41   40.89   33.19   34.77   44.38   33.66   39.14   33.80   43.32   40.31   35.77   22.61   26.58   36.52   34.04   26.37   30.54   47.01   45.78   58.99   59.73   57.33   66.39   63.75   43.30   41.83   53.28   42.88   
   275.    5.640   6.860   8.790   17.96   21.33   27.33   18.02   14.85   16.83   16.77   30.56   37.46   34.95   33.41   36.54   28.75   8.656   20.52   25.92   26.11   40.14   36.69   39.14   30.34   28.94   31.77   29.01   29.95   28.64   26.99   28.96   37.30   43.09   37.74   12.96   18.95   47.43   47.46   48.16   37.64   55.98   52.69   47.53   33.75   29.40   44.79   44.26   41.14   34.04   56.60   50.03   40.55   53.16   15.47   61.37   63.11   64.92   53.83   48.50   50.45   50.94   44.75   43.21   64.10   50.77   42.89   34.81   36.47   46.54   35.30   41.05   35.45   45.43   42.28   37.51   23.72   27.88   38.30   35.71   27.66   32.03   49.31   48.02   61.87   62.64   60.13   69.63   66.86   45.42   43.87   55.88   44.98   
   300.    5.891   7.165   9.181   18.75   22.28   28.54   18.83   15.51   17.58   17.52   31.92   39.12   36.51   34.89   38.17   30.03   9.041   21.43   27.08   27.28   41.92   38.32   40.88   31.69   30.22   33.18   30.30   31.28   29.92   28.19   30.25   38.96   45.01   39.42   13.53   19.80   49.54   49.57   50.30   39.32   58.47   55.03   49.64   35.25   30.71   46.79   46.23   42.97   35.56   59.12   52.26   42.35   55.53   16.15   64.10   65.92   67.81   56.23   50.65   52.69   53.21   46.74   45.13   66.95   53.03   44.80   36.35   38.09   48.61   36.87   42.87   37.02   47.45   44.16   39.18   24.77   29.12   40.00   37.29   28.89   33.45   51.50   50.15   64.62   65.43   62.81   72.72   69.84   47.44   45.82   58.37   46.98   
   325.    6.132   7.458   9.556   19.52   23.19   29.71   19.59   16.14   18.30   18.23   33.22   40.72   38.00   36.32   39.73   31.25   9.410   22.31   28.18   28.39   43.63   39.88   42.55   32.98   31.46   34.54   31.53   32.56   31.14   29.34   31.48   40.55   46.85   41.03   14.09   20.61   51.56   51.59   52.35   40.92   60.86   57.28   51.67   36.69   31.96   48.70   48.12   44.73   37.01   61.54   54.39   44.08   57.80   16.81   66.72   68.61   70.58   58.52   52.72   54.85   55.38   48.65   46.97   69.69   55.19   46.62   37.84   39.65   50.60   38.37   44.62   38.53   49.39   45.97   40.78   25.78   30.30   41.63   38.82   30.07   34.82   53.60   52.20   67.26   68.10   65.37   75.69   72.69   49.37   47.69   60.75   48.89   
   350.    6.363   7.740   9.917   20.26   24.06   30.83   20.33   16.75   18.99   18.92   34.48   42.26   39.43   37.69   41.23   32.43   9.765   23.15   29.25   29.46   45.28   41.39   44.16   34.23   32.64   35.84   32.72   33.79   32.31   30.45   32.67   42.08   48.62   42.58   14.62   21.38   53.51   53.54   54.33   42.47   63.15   59.44   53.62   38.07   33.17   50.53   49.93   46.41   38.40   63.86   56.44   45.74   59.98   17.45   69.24   71.20   73.24   60.73   54.71   56.92   57.47   50.49   48.74   72.32   57.28   48.38   39.27   41.14   52.51   39.82   46.31   39.99   51.25   47.70   42.32   26.75   31.45   43.21   40.28   31.20   36.13   55.63   54.17   69.80   70.67   67.84   78.55   75.43   51.24   49.49   63.05   50.74   
   375.    6.587   8.011   10.26   20.97   24.91   31.91   21.05   17.34   19.65   19.58   35.69   43.74   40.82   39.01   42.67   33.57   10.11   23.96   30.27   30.50   46.87   42.84   45.71   35.43   33.79   37.10   33.87   34.98   33.45   31.52   33.82   43.56   50.32   44.07   15.13   22.13   55.39   55.42   56.24   43.96   65.37   61.53   55.50   39.41   34.33   52.31   51.69   48.04   39.75   66.10   58.42   47.35   62.08   18.06   71.67   73.70   75.81   62.86   56.63   58.91   59.49   52.26   50.45   74.85   59.29   50.08   40.64   42.59   54.35   41.22   47.93   41.39   53.05   49.38   43.81   27.69   32.55   44.72   41.70   32.30   37.40   57.58   56.07   72.25   73.15   70.22   81.31   78.08   53.04   51.23   65.26   52.52   
   400.    6.803   8.274   10.60   21.66   25.73   32.96   21.74   17.91   20.30   20.23   36.86   45.17   42.16   40.29   44.07   34.67   10.44   24.75   31.27   31.50   48.41   44.25   47.21   36.59   34.90   38.31   34.98   36.12   34.54   32.55   34.93   44.99   51.97   45.52   15.63   22.86   57.20   57.24   58.08   45.40   67.52   63.54   57.32   40.70   35.46   54.02   53.38   49.62   41.06   68.27   60.34   48.90   64.12   18.65   74.02   76.12   78.30   64.92   58.49   60.85   61.44   53.97   52.11   77.31   61.23   51.73   41.98   43.98   56.13   42.57   49.50   42.75   54.79   50.99   45.24   28.60   33.62   46.19   43.06   33.36   38.63   59.47   57.91   74.62   75.55   72.52   83.98   80.64   54.77   52.91   67.40   54.24   
   450.    7.215   8.776   11.24   22.97   27.29   34.96   23.06   18.99   21.53   21.45   39.09   47.91   44.71   42.74   46.75   36.78   11.07   26.25   33.16   33.41   51.34   46.93   50.07   38.81   37.02   40.64   37.10   38.31   36.64   34.53   37.04   47.72   55.13   48.28   16.58   24.25   60.68   60.71   61.60   48.15   71.61   67.40   60.80   43.17   37.61   57.30   56.62   52.63   43.55   72.41   64.00   51.87   68.01   19.78   78.51   80.74   83.05   68.86   62.04   64.54   65.16   57.25   55.27   82.00   64.95   54.86   44.52   46.65   59.54   45.15   52.51   45.34   58.12   54.09   47.99   30.34   35.66   48.99   45.68   35.38   40.97   63.07   61.42   79.14   80.13   76.92   89.07   85.53   58.10   56.12   71.49   57.53   
   500.    7.606   9.250   11.85   24.21   28.76   36.85   24.30   20.02   22.69   22.61   41.21   50.51   47.13   45.05   49.27   38.77   11.67   27.67   34.96   35.21   54.12   49.47   52.78   40.91   39.02   42.84   39.11   40.39   38.62   36.39   39.05   50.30   58.11   50.89   17.47   25.56   63.96   63.99   64.94   50.76   75.48   71.04   64.09   45.50   39.64   60.40   59.68   55.48   45.90   76.33   67.46   54.67   71.69   20.85   82.76   85.10   87.54   72.59   65.39   68.03   68.69   60.34   58.26   86.43   68.46   57.83   46.93   49.18   62.76   47.60   55.35   47.80   61.26   57.01   50.58   31.98   37.59   51.64   48.15   37.29   43.19   66.49   64.74   83.42   84.46   81.08   93.89   90.16   61.24   59.16   75.35   60.65   
   550.    7.977   9.702   12.43   25.39   30.17   38.65   25.49   21.00   23.80   23.72   43.22   52.97   49.43   47.25   51.68   40.66   12.24   29.02   36.66   36.93   56.76   51.88   55.36   42.91   40.92   44.93   41.02   42.36   40.51   38.17   40.95   52.76   60.94   53.37   18.33   26.81   67.08   67.12   68.11   53.24   79.17   74.51   67.21   47.72   41.58   63.35   62.60   58.18   48.14   80.05   70.76   57.34   75.19   21.87   86.80   89.26   91.81   76.13   68.58   71.35   72.04   63.29   61.10   90.65   71.80   60.65   49.22   51.58   65.82   49.92   58.05   50.13   64.25   59.80   53.05   33.54   39.42   54.16   50.50   39.11   45.29   69.73   67.90   87.50   88.59   85.04   98.47   94.56   64.23   62.05   79.03   63.61   
   600.    8.331   10.13   12.98   26.52   31.51   40.36   26.62   21.93   24.86   24.77   45.14   55.33   51.63   49.35   53.98   42.47   12.79   30.31   38.29   38.57   59.29   54.19   57.82   44.81   42.74   46.93   42.84   44.24   42.31   39.87   42.77   55.10   63.65   55.75   19.14   28.00   70.06   70.10   71.13   55.60   82.69   77.83   70.20   49.85   43.43   66.16   65.38   60.77   50.28   83.61   73.90   59.89   78.53   22.85   90.66   93.23   95.90   79.52   71.63   74.52   75.24   66.10   63.82   94.68   74.99   63.35   51.41   53.87   68.75   52.14   60.63   52.36   67.11   62.46   55.41   35.03   41.18   56.57   52.74   40.85   47.31   72.83   70.92   91.39   92.53   88.82   102.8   98.77   67.08   64.80   82.55   66.43   
   650.    8.672   10.55   13.51   27.61   32.79   42.01   27.71   22.83   25.88   25.78   46.99   57.59   53.74   51.36   56.18   44.20   13.31   31.55   39.86   40.15   61.71   56.40   60.18   46.64   44.49   48.84   44.59   46.05   44.03   41.49   44.52   57.35   66.25   58.02   19.92   29.14   72.92   72.96   74.04   57.87   86.07   81.00   73.07   51.88   45.20   68.87   68.05   63.25   52.34   87.02   76.92   62.34   81.74   23.78   94.36   97.03   99.81   82.76   74.56   77.56   78.32   68.80   66.42   98.55   78.06   65.94   53.51   56.07   71.56   54.27   63.11   54.50   69.85   65.01   57.68   36.46   42.86   58.88   54.90   42.52   49.24   75.81   73.82   95.12   96.30   92.45   107.0   102.8   69.82   67.45   85.92   69.15   
   700.    8.999   10.95   14.02   28.65   34.03   43.60   28.76   23.69   26.85   26.76   48.76   59.76   55.77   53.30   58.30   45.87   13.81   32.74   41.36   41.66   64.04   58.53   62.45   48.40   46.17   50.69   46.28   47.79   45.70   43.06   46.20   59.52   68.75   60.21   20.67   30.24   75.68   75.72   76.83   60.06   89.31   84.06   75.83   53.84   46.90   71.47   70.62   65.64   54.31   90.31   79.82   64.69   84.82   24.68   97.92   100.7   103.6   85.89   77.37   80.49   81.27   71.40   68.93   102.3   81.00   68.43   55.53   58.19   74.26   56.32   65.49   56.55   72.48   67.46   59.85   37.84   44.47   61.10   56.97   44.13   51.10   78.67   76.61   98.71   99.94   95.94   111.1   106.7   72.46   70.00   89.16   71.76   
   800.    9.620   11.70   14.99   30.63   36.38   46.61   30.74   25.32   28.71   28.60   52.13   63.89   59.62   56.98   62.33   49.04   14.76   35.00   44.22   44.54   68.46   62.58   66.76   51.75   49.35   54.19   49.47   51.09   48.85   46.03   49.39   63.63   73.50   64.37   22.10   32.33   80.90   80.95   82.14   64.21   95.48   89.87   81.06   57.56   50.14   76.40   75.49   70.17   58.06   96.54   85.33   69.16   90.68   26.38   104.7   107.6   110.7   91.82   82.71   86.05   86.88   76.33   73.69   109.3   86.60   73.15   59.36   62.20   79.39   60.21   70.01   60.46   77.49   72.12   63.99   40.45   47.55   65.32   60.90   47.17   54.63   84.10   81.90   105.5   106.8   102.6   118.8   114.0   77.46   74.83   95.32   76.71   
   900.    10.20   12.41   15.90   32.48   38.59   49.44   32.61   26.86   30.45   30.34   55.29   67.76   63.23   60.44   66.11   52.01   15.66   37.12   46.90   47.24   72.61   66.37   70.81   54.89   52.35   57.47   52.47   54.18   51.82   48.83   52.39   67.49   77.96   68.28   23.44   34.29   85.81   85.86   87.12   68.10   101.3   95.32   85.98   61.05   53.18   81.04   80.07   74.43   61.58   102.4   90.51   73.35   96.18   27.98   111.0   114.2   117.4   97.39   87.73   91.27   92.15   80.96   78.16   116.0   91.85   77.59   62.97   65.98   84.20   63.86   74.26   64.12   82.19   76.49   67.87   42.90   50.43   69.28   64.60   50.03   57.94   89.20   86.86   111.9   113.3   108.8   126.0   121.0   82.16   79.37   101.1   81.36   
   1.00e3  10.76   13.08   16.76   34.24   40.68   52.11   34.37   28.31   32.09   31.98   58.28   71.43   66.65   63.71   69.68   54.82   16.51   39.13   49.44   49.80   76.54   69.96   74.64   57.85   55.18   60.58   55.31   57.12   54.62   51.47   55.22   71.14   82.18   71.97   24.71   36.14   90.45   90.50   91.83   71.78   106.8   100.5   90.63   64.35   56.06   85.42   84.40   78.45   64.92   107.9   95.41   77.32   101.4   29.49   117.0   120.4   123.8   102.7   92.48   96.21   97.14   85.34   82.39   122.2   96.82   81.79   66.37   69.54   88.76   67.31   78.27   67.59   86.64   80.63   71.54   45.22   53.16   73.03   68.09   52.74   61.07   94.03   91.56   118.0   119.5   114.7   132.8   127.5   86.61   83.66   106.6   85.77   
   1.10e3  11.28   13.72   17.58   35.91   42.66   54.65   36.05   29.69   33.66   33.54   61.12   74.91   69.91   66.82   73.09   57.50   17.31   41.04   51.85   52.23   80.27   73.38   78.29   60.68   57.87   63.54   58.01   59.90   57.28   53.98   57.92   74.61   86.19   75.48   25.92   37.91   94.86   94.92   96.32   75.29   112.0   105.4   95.05   67.49   58.80   89.59   88.52   82.28   68.08   113.2   100.1   81.10   106.3   30.93   122.7   126.2   129.8   107.7   96.99   100.9   101.9   89.50   86.41   128.2   101.5   85.78   69.61   72.94   93.09   70.60   82.09   70.89   90.86   84.57   75.03   47.43   55.75   76.60   71.41   55.32   64.05   98.61   96.03   123.7   125.3   120.3   139.3   133.7   90.83   87.74   111.8   89.95   
   1.20e3  11.78   14.33   18.36   37.51   44.56   57.08   37.65   31.01   35.16   35.03   63.84   78.24   73.02   69.79   76.34   60.06   18.08   42.86   54.15   54.55   83.84   76.64   81.77   63.38   60.45   66.36   60.59   62.57   59.83   56.38   60.49   77.93   90.02   78.84   27.07   39.59   99.08   99.14   100.6   78.64   116.9   110.1   99.28   70.49   61.41   93.57   92.46   85.94   71.11   118.2   104.5   84.70   111.1   32.31   128.2   131.8   135.6   112.5   101.3   105.4   106.4   93.48   90.25   133.9   106.1   89.59   72.71   76.18   97.23   73.74   85.74   74.04   94.90   88.33   78.37   49.54   58.23   80.00   74.59   57.77   66.90   103.0   100.3   129.2   130.9   125.6   145.4   139.7   94.87   91.65   116.7   93.95   
   1.30e3  12.26   14.92   19.11   39.04   46.38   59.41   39.19   32.28   36.59   36.46   66.45   81.44   76.00   72.64   79.45   62.51   18.82   44.61   56.37   56.78   87.27   79.77   85.11   65.96   62.91   69.07   63.06   65.12   62.27   58.68   62.96   81.11   93.69   82.06   28.17   41.21   103.1   103.2   104.7   81.85   121.7   114.6   103.3   73.37   63.92   97.39   96.24   89.45   74.02   123.1   108.8   88.16   115.6   33.63   133.4   137.2   141.2   117.0   105.4   109.7   110.8   97.30   93.94   139.4   110.4   93.25   75.68   79.29   101.2   76.75   89.25   77.07   98.78   91.93   81.57   51.56   60.61   83.27   77.63   60.13   69.63   107.2   104.4   134.5   136.2   130.7   151.4   145.4   98.75   95.39   121.5   97.79   
   1.40e3  12.73   15.48   19.83   40.51   48.13   61.66   40.67   33.50   37.97   37.84   68.96   84.51   78.87   75.38   82.45   64.87   19.53   46.30   58.49   58.92   90.56   82.78   88.32   68.45   65.29   71.68   65.45   67.58   64.63   60.90   65.34   84.17   97.23   85.15   29.24   42.77   107.0   107.1   108.7   84.94   126.3   118.9   107.2   76.14   66.33   101.1   99.87   92.83   76.81   127.7   112.9   91.49   120.0   34.90   138.5   142.4   146.5   121.5   109.4   113.8   114.9   101.0   97.48   144.6   114.6   96.77   78.53   82.29   105.0   79.65   92.61   79.98   102.5   95.40   84.64   53.51   62.90   86.41   80.56   62.40   72.26   111.3   108.3   139.6   141.3   135.7   157.1   150.9   102.5   98.99   126.1   101.5   
   1.50e3  13.17   16.02   20.53   41.94   49.82   63.82   42.10   34.68   39.31   39.17   71.38   87.48   81.63   78.03   85.35   67.14   20.22   47.92   60.55   60.99   93.74   85.68   91.42   70.86   67.58   74.20   67.74   69.95   66.89   63.04   67.63   87.12   100.6   88.14   30.26   44.27   110.8   110.8   112.5   87.92   130.7   123.1   111.0   78.81   68.66   104.6   103.4   96.09   79.51   132.2   116.8   94.70   124.2   36.12   143.3   147.4   151.6   125.7   113.3   117.8   119.0   104.5   100.9   149.7   118.6   100.2   81.29   85.17   108.7   82.44   95.87   82.78   106.1   98.75   87.62   55.39   65.10   89.44   83.39   64.59   74.80   115.2   112.1   144.5   146.3   140.4   162.6   156.2   106.1   102.5   130.5   105.0   
   1.60e3  13.61   16.55   21.20   43.31   51.45   65.91   43.48   35.81   40.60   40.45   73.72   90.35   84.31   80.59   88.15   69.35   20.88   49.49   62.53   62.99   96.81   88.49   94.42   73.18   69.80   76.63   69.96   72.25   69.09   65.10   69.85   89.98   103.9   91.03   31.26   45.72   114.4   114.5   116.2   90.80   135.0   127.1   114.6   81.40   70.91   108.0   106.8   99.24   82.11   136.5   120.7   97.80   128.2   37.31   148.0   152.2   156.6   129.8   117.0   121.7   122.9   107.9   104.2   154.6   122.5   103.5   83.95   87.97   112.3   85.14   99.01   85.50   109.6   102.0   90.49   57.20   67.24   92.38   86.13   66.71   77.25   118.9   115.8   149.2   151.1   145.0   168.0   161.3   109.5   105.8   134.8   108.5   
   1.70e3  14.02   17.06   21.86   44.65   53.03   67.94   44.82   36.92   41.85   41.70   75.99   93.13   86.91   83.07   90.86   71.48   21.52   51.02   64.46   64.93   99.79   91.22   97.32   75.43   71.94   78.99   72.12   74.47   71.21   67.11   72.00   92.75   107.1   93.84   32.22   47.13   117.9   118.0   119.7   93.60   139.2   131.0   118.2   83.90   73.10   111.4   110.0   102.3   84.64   140.7   124.4   100.8   132.2   38.45   152.6   156.9   161.4   133.8   120.6   125.4   126.7   111.3   107.4   159.4   126.2   106.6   86.54   90.68   115.7   87.77   102.1   88.13   113.0   105.1   93.27   58.96   69.31   95.22   88.78   68.77   79.63   122.6   119.4   153.8   155.7   149.5   173.1   166.2   112.9   109.1   138.9   111.8   
   1.80e3  14.43   17.55   22.49   45.94   54.57   69.91   46.11   37.99   43.06   42.91   78.19   95.83   89.43   85.47   93.49   73.55   22.15   52.50   66.33   66.81   102.7   93.86   100.1   77.62   74.03   81.28   74.21   76.63   73.28   69.05   74.09   95.44   110.3   96.56   33.15   48.49   121.4   121.4   123.2   96.31   143.2   134.8   121.6   86.34   75.21   114.6   113.2   105.3   87.09   144.8   128.0   103.7   136.0   39.57   157.0   161.5   166.1   137.7   124.1   129.1   130.3   114.5   110.5   164.0   129.9   109.7   89.05   93.30   119.1   90.31   105.0   90.69   116.2   108.2   95.98   60.67   71.32   97.98   91.35   70.76   81.94   126.1   122.8   158.3   160.3   153.8   178.1   171.1   116.2   112.2   143.0   115.1   
   2.00e3  15.21   18.50   23.71   48.42   57.52   73.69   48.61   40.04   45.39   45.23   82.42   101.0   94.26   90.10   98.55   77.53   23.34   55.34   69.91   70.43   108.2   98.94   105.6   81.82   78.03   85.67   78.22   80.77   77.24   72.79   78.09   100.6   116.2   101.8   34.95   51.12   127.9   128.0   129.9   101.5   151.0   142.1   128.2   91.01   79.28   120.8   119.4   111.0   91.80   152.7   134.9   109.3   143.4   41.71   165.5   170.2   175.1   145.2   130.8   136.1   137.4   120.7   116.5   172.9   136.9   115.7   93.86   98.35   125.5   95.19   110.7   95.59   122.5   114.0   101.2   63.96   75.18   103.3   96.29   74.59   86.37   133.0   129.5   166.8   168.9   162.2   187.8   180.3   122.5   118.3   150.7   121.3   
   2.25e3  16.13   19.62   25.14   51.36   61.01   78.16   51.56   42.47   48.14   47.97   87.42   107.1   99.98   95.56   104.5   82.24   24.76   58.69   74.15   74.70   114.8   104.9   112.0   86.78   82.77   90.87   82.97   85.67   81.93   77.20   82.83   106.7   123.3   108.0   37.07   54.22   135.7   135.7   137.8   107.7   160.1   150.7   135.9   96.53   84.09   128.1   126.6   117.7   97.37   161.9   143.1   116.0   152.1   44.24   175.6   180.5   185.7   154.0   138.7   144.3   145.7   128.0   123.6   183.4   145.2   122.7   99.56   104.3   133.1   101.0   117.4   101.4   130.0   120.9   107.3   67.84   79.74   109.5   102.1   79.11   91.61   141.0   137.3   177.0   179.2   172.0   199.2   191.3   129.9   125.5   159.9   128.6   
   2.50e3  17.01   20.68   26.50   54.14   64.31   82.39   54.35   44.77   50.75   50.57   92.15   112.9   105.4   100.7   110.2   86.68   26.10   61.87   78.17   78.74   121.0   110.6   118.0   91.48   87.25   95.79   87.46   90.31   86.36   81.38   87.31   112.5   129.9   113.8   39.07   57.15   143.0   143.1   145.2   113.5   168.8   158.9   143.3   101.7   88.64   135.1   133.5   124.0   102.6   170.7   150.9   122.3   160.3   46.63   185.1   190.3   195.7   162.3   146.2   152.1   153.6   134.9   130.3   193.3   153.1   129.3   104.9   110.0   140.3   106.4   123.8   106.9   137.0   127.5   113.1   71.50   84.05   115.5   107.7   83.39   96.57   148.7   144.8   186.5   188.9   181.3   209.9   201.6   136.9   132.3   168.5   135.6   
   2.75e3  17.84   21.69   27.80   56.78   67.45   86.41   57.00   46.95   53.22   53.03   96.64   118.4   110.5   105.6   115.6   90.91   27.37   64.89   81.98   82.58   126.9   116.0   123.8   95.94   91.50   100.5   91.72   94.72   90.57   85.35   91.57   118.0   136.3   119.3   40.98   59.94   150.0   150.1   152.3   119.0   177.0   166.6   150.3   106.7   92.97   141.7   140.0   130.1   107.7   179.0   158.2   128.2   168.1   48.91   194.1   199.6   205.3   170.2   153.4   159.5   161.1   141.5   136.6   202.7   160.6   135.6   110.1   115.3   147.2   111.6   129.8   112.1   143.7   133.7   118.6   74.99   88.15   121.1   112.9   87.46   101.3   155.9   151.8   195.6   198.1   190.2   220.2   211.4   143.6   138.7   176.7   142.2   
   3.00e3  18.63   22.66   29.03   59.31   70.45   90.26   59.53   49.04   55.59   55.39   100.9   123.7   115.4   110.3   120.7   94.96   28.59   67.77   85.63   86.25   132.6   121.2   129.3   100.2   95.57   104.9   95.80   98.93   94.60   89.15   95.65   123.2   142.3   124.7   42.80   62.60   156.7   156.8   159.1   124.3   184.9   174.0   157.0   111.5   97.10   147.9   146.2   135.9   112.4   187.0   165.2   133.9   175.6   51.08   202.7   208.5   214.4   177.8   160.2   166.6   168.2   147.8   142.7   211.7   167.7   141.7   115.0   120.5   153.7   116.6   135.6   117.1   150.1   139.7   123.9   78.33   92.07   126.5   117.9   91.35   105.8   162.9   158.6   204.3   206.9   198.6   230.0   220.8   150.0   144.9   184.6   148.6   
   3.25e3  19.39   23.58   30.22   61.73   73.33   93.94   61.97   51.04   57.86   57.65   105.1   128.8   120.2   114.9   125.6   98.83   29.76   70.54   89.12   89.78   138.0   126.1   134.6   104.3   99.48   109.2   99.71   103.0   98.46   92.79   99.55   128.2   148.1   129.7   44.55   65.16   163.1   163.2   165.6   129.4   192.4   181.1   163.4   116.0   101.1   154.0   152.2   141.4   117.0   194.6   172.0   139.4   182.8   53.17   211.0   217.0   223.2   185.1   166.7   173.4   175.1   153.8   148.5   220.4   174.5   147.4   119.7   125.4   160.0   121.4   141.1   121.9   156.2   145.4   129.0   81.53   95.83   131.7   122.7   95.08   110.1   169.5   165.1   212.7   215.3   206.7   239.4   229.9   156.1   150.8   192.1   154.6   
   3.50e3  20.12   24.47   31.36   64.06   76.10   97.49   64.30   52.97   60.04   59.83   109.0   133.6   124.7   119.2   130.4   102.6   30.88   73.20   92.49   93.17   143.2   130.9   139.6   108.2   103.2   113.3   103.5   106.9   102.2   96.29   103.3   133.1   153.7   134.6   46.23   67.62   169.2   169.3   171.8   134.3   199.7   188.0   169.6   120.4   104.9   159.8   157.9   146.8   121.4   201.9   178.5   144.7   189.7   55.18   219.0   225.2   231.6   192.0   173.0   180.0   181.7   159.6   154.1   228.7   181.1   153.0   124.2   130.1   166.0   125.9   146.4   126.5   162.1   150.8   133.8   84.61   99.45   136.6   127.4   98.67   114.3   175.9   171.3   220.7   223.5   214.5   248.4   238.5   162.0   156.5   199.4   160.5   
   3.75e3  20.83   25.33   32.46   66.31   78.77   100.9   66.56   54.83   62.15   61.93   112.9   138.3   129.1   123.4   134.9   106.2   31.96   75.77   95.73   96.44   148.2   135.5   144.5   112.0   106.9   117.3   107.1   110.6   105.8   99.67   106.9   137.8   159.1   139.4   47.85   69.99   175.2   175.3   177.8   139.0   206.7   194.6   175.5   124.6   108.6   165.4   163.4   151.9   125.7   209.0   184.8   149.7   196.3   57.11   226.6   233.1   239.7   198.8   179.1   186.3   188.1   165.3   159.5   236.7   187.5   158.4   128.5   134.7   171.9   130.4   151.6   130.9   167.8   156.1   138.5   87.58   102.9   141.4   131.9   102.1   118.3   182.1   177.3   228.5   231.3   222.1   257.1   246.9   167.7   162.0   206.4   166.1   
   4.00e3  21.51   26.16   33.52   68.48   81.35   104.2   68.74   56.63   64.19   63.96   116.6   142.9   133.3   127.4   139.4   109.6   33.01   78.26   98.87   99.60   153.1   139.9   149.3   115.7   110.4   121.2   110.6   114.2   109.2   102.9   110.4   142.3   164.4   143.9   49.42   72.29   180.9   181.0   183.7   143.6   213.5   200.9   181.3   128.7   112.1   170.8   168.8   156.9   129.8   215.9   190.8   154.6   202.8   58.99   234.1   240.7   247.6   205.3   185.0   192.4   194.3   170.7   164.8   244.5   193.6   163.6   132.7   139.1   177.5   134.6   156.5   135.2   173.3   161.3   143.1   90.45   106.3   146.1   136.2   105.5   122.1   188.1   183.1   236.0   238.9   229.3   265.6   255.0   173.2   167.3   213.1   171.5   
   4.50e3  22.82   27.75   35.56   72.64   86.28   110.5   72.91   60.06   68.08   67.84   123.6   151.5   141.4   135.1   147.8   116.3   35.02   83.00   104.9   105.6   162.4   148.4   158.3   122.7   117.1   128.5   117.3   121.2   115.9   109.2   117.1   150.9   174.3   152.7   52.42   76.67   191.9   192.0   194.8   152.3   226.5   213.1   192.3   136.5   118.9   181.2   179.0   166.4   137.7   229.0   202.4   164.0   215.1   62.56   248.3   255.3   262.6   217.8   196.2   204.1   206.1   181.0   174.8   259.3   205.4   173.5   140.8   147.5   188.3   142.8   166.0   143.4   183.8   171.0   151.8   95.93   112.8   154.9   144.4   111.9   129.6   199.5   194.2   250.3   253.4   243.2   281.7   270.5   183.7   177.5   226.1   181.9   
   5.00e3  24.05   29.25   37.48   76.57   90.95   116.5   76.86   63.31   71.77   71.51   130.3   159.7   149.0   142.5   155.8   122.6   36.91   87.49   110.5   111.4   171.1   156.4   166.9   129.4   123.4   135.5   123.7   127.7   122.1   115.1   123.5   159.1   183.8   160.9   55.25   80.82   202.3   202.4   205.3   160.5   238.7   224.7   202.7   143.9   125.4   191.0   188.7   175.4   145.2   241.4   213.3   172.9   226.7   65.95   261.7   269.1   276.8   229.5   206.8   215.1   217.2   190.8   184.2   273.3   216.5   182.9   148.4   155.5   198.5   150.5   175.0   151.1   193.7   180.3   160.0   101.1   118.9   163.3   152.3   117.9   136.6   210.2   204.7   263.8   267.1   256.4   296.9   285.1   193.7   187.1   238.3   191.8   
   5.50e3  25.23   30.68   39.31   80.30   95.39   122.2   80.61   66.40   75.27   75.00   136.7   167.5   156.3   149.4   163.4   128.6   38.71   91.76   115.9   116.8   179.5   164.1   175.1   135.7   129.4   142.1   129.7   133.9   128.1   120.7   129.5   166.8   192.7   168.8   57.95   84.77   212.1   212.2   215.4   168.4   250.4   235.6   212.5   150.9   131.5   200.3   197.9   184.0   152.2   253.1   223.7   181.3   237.8   69.17   274.5   282.3   290.3   240.7   216.9   225.6   227.8   200.1   193.2   286.7   227.1   191.8   155.7   163.1   208.2   157.9   183.6   158.5   203.2   189.1   167.8   106.1   124.7   171.3   159.7   123.7   143.2   220.5   214.7   276.7   280.1   268.9   311.4   299.0   203.1   196.2   249.9   201.1   
   6.00e3  26.35   32.04   41.06   83.87   99.63   127.6   84.19   69.35   78.62   78.34   142.8   175.0   163.3   156.1   170.7   134.3   40.43   95.85   121.1   122.0   187.5   171.4   182.8   141.7   135.2   148.4   135.5   139.9   133.8   126.1   135.3   174.2   201.3   176.3   60.53   88.54   221.6   221.7   224.9   175.8   261.5   246.1   222.0   157.6   137.3   209.2   206.7   192.2   159.0   264.4   233.7   189.4   248.3   72.24   286.7   294.8   303.2   251.4   226.5   235.7   237.9   209.0   201.8   299.4   237.2   200.3   162.6   170.3   217.4   164.9   191.7   165.6   212.2   197.5   175.2   110.8   130.2   178.9   166.8   129.2   149.6   230.3   224.3   289.0   292.6   280.9   325.2   312.3   212.1   204.9   261.0   210.1   
   6.50e3  27.42   33.35   42.73   87.30   103.7   132.9   87.63   72.18   81.83   81.53   148.6   182.1   169.9   162.4   177.7   139.8   42.08   99.76   126.0   127.0   195.1   178.4   190.3   147.5   140.7   154.5   141.0   145.6   139.3   131.2   140.8   181.4   209.5   183.5   63.00   92.15   230.6   230.7   234.1   183.0   272.2   256.2   231.1   164.1   142.9   217.8   215.2   200.0   165.5   275.2   243.2   197.1   258.5   75.19   298.4   306.8   315.6   261.7   235.8   245.3   247.7   217.6   210.1   311.6   246.8   208.5   169.2   177.3   226.3   171.6   199.6   172.3   220.9   205.6   182.4   115.3   135.5   186.2   173.6   134.5   155.7   239.7   233.4   300.8   304.5   292.3   338.5   325.1   220.8   213.3   271.7   218.7   
   7.00e3  28.46   34.61   44.35   90.59   107.6   137.9   90.94   74.91   84.91   84.61   154.2   189.0   176.3   168.6   184.4   145.0   43.67   103.5   130.8   131.8   202.5   185.1   197.5   153.1   146.0   160.3   146.3   151.1   144.5   136.2   146.1   188.2   217.4   190.4   65.38   95.63   239.3   239.4   243.0   189.9   282.4   265.8   239.8   170.3   148.3   226.0   223.3   207.6   171.8   285.6   252.4   204.6   268.2   78.03   309.6   318.4   327.5   271.6   244.7   254.5   257.0   225.8   218.0   323.4   256.2   216.4   175.6   184.0   234.8   178.1   207.1   178.8   229.2   213.3   189.3   119.7   140.6   193.2   180.1   139.5   161.6   248.8   242.3   312.1   316.0   303.4   351.3   337.4   229.1   221.3   282.0   226.9   
   8.00e3  30.42   37.00   47.41   96.85   115.0   147.4   97.22   80.08   90.78   90.45   164.8   202.0   188.5   180.2   197.1   155.1   46.69   110.7   139.8   140.9   216.5   197.9   211.1   163.6   156.1   171.3   156.4   161.5   154.5   145.6   156.2   201.2   232.4   203.6   69.89   102.2   255.8   256.0   259.7   203.0   301.9   284.2   256.3   182.0   158.6   241.6   238.7   221.9   183.6   305.3   269.8   218.7   286.8   83.42   331.0   340.4   350.2   290.3   261.6   272.1   274.8   241.4   233.0   345.7   273.8   231.3   187.7   196.7   251.0   190.4   221.4   191.2   245.0   228.1   202.3   127.9   150.4   206.6   192.6   149.2   172.7   265.9   259.0   333.7   337.9   324.3   375.5   360.6   245.0   236.6   301.4   242.6   
   9.00e3  32.27   39.25   50.29   102.7   122.0   156.3   103.1   84.94   96.28   95.94   174.8   214.3   200.0   191.1   209.1   164.5   49.52   117.4   148.3   149.4   229.6   209.9   223.9   173.6   165.5   181.7   165.9   171.3   163.9   154.4   165.7   213.4   246.5   215.9   74.13   108.4   271.3   271.5   275.5   215.4   320.3   301.4   271.9   193.1   168.2   256.3   253.2   235.4   194.7   323.8   286.2   232.0   304.2   88.48   351.1   361.1   371.4   308.0   277.4   288.6   291.4   256.0   247.2   366.7   290.5   245.4   199.1   208.6   266.3   201.9   234.8   202.8   259.9   241.9   214.6   135.7   159.5   219.1   204.3   158.2   183.2   282.1   274.7   353.9   358.4   344.0   398.3   382.5   259.8   251.0   319.7   257.3   
   10.0e3  34.01   41.37   53.01   108.3   128.6   164.8   108.7   89.53   101.5   101.1   184.3   225.9   210.8   201.5   220.4   173.4   52.20   123.7   156.3   157.5   242.0   221.2   236.0   183.0   174.5   191.6   174.9   180.6   172.7   162.8   174.6   225.0   259.9   227.6   78.14   114.3   286.0   286.2   290.4   227.0   337.6   317.7   286.6   203.5   177.3   270.1   266.9   248.1   205.3   341.3   301.7   244.5   320.6   93.27   370.1   380.6   391.5   324.6   292.4   304.2   307.2   269.9   260.5   386.5   306.2   258.6   209.9   219.9   280.7   212.9   247.5   213.7   274.0   255.0   226.2   143.0   168.1   230.9   215.3   166.8   193.1   297.3   289.5   373.1   377.7   362.6   419.9   403.2   273.9   264.6   337.0   271.2   
   11.0e3  35.67   43.39   55.59   113.6   134.9   172.8   114.0   93.90   106.4   106.1   193.3   236.9   221.1   211.3   231.1   181.8   54.75   129.8   164.0   165.2   253.8   232.0   247.6   191.9   183.0   200.9   183.4   189.4   181.1   170.7   183.1   235.9   272.5   238.7   81.96   119.9   300.0   300.2   304.6   238.1   354.1   333.2   300.6   213.4   185.9   283.3   279.9   260.2   215.3   358.0   316.4   256.4   336.3   97.82   388.2   399.2   410.6   340.5   306.7   319.1   322.2   283.0   273.3   405.4   321.1   271.3   220.1   230.7   294.4   223.3   259.6   224.2   287.3   267.4   237.3   150.0   176.3   242.2   225.8   174.9   202.6   311.8   303.7   391.3   396.2   380.3   440.4   422.9   287.2   277.5   353.4   284.5   
   12.0e3  37.26   45.32   58.07   118.6   140.9   180.5   119.1   98.08   111.2   110.8   201.9   247.4   230.9   220.7   241.4   189.9   57.18   135.5   171.3   172.5   265.1   242.4   258.6   200.4   191.1   209.9   191.6   197.9   189.2   178.3   191.3   246.4   284.7   249.3   85.60   125.2   313.3   313.5   318.1   248.7   369.8   348.0   314.0   222.9   194.2   295.9   292.4   271.8   224.9   373.9   330.5   267.8   351.2   102.2   405.4   416.9   428.9   355.6   320.3   333.3   336.5   295.6   285.4   423.4   335.4   283.3   229.9   240.9   307.5   233.2   271.1   234.2   300.1   279.3   247.8   156.7   184.1   253.0   235.9   182.7   211.6   325.7   317.2   408.7   413.8   397.2   460.0   441.7   300.0   289.8   369.2   297.1   
   13.0e3  38.78   47.17   60.44   123.5   146.7   187.9   123.9   102.1   115.7   115.3   210.1   257.5   240.3   229.7   251.3   197.7   59.52   141.1   178.2   179.6   276.0   252.2   269.1   208.6   199.0   218.4   199.4   205.9   196.9   185.6   199.1   256.5   296.3   259.5   89.10   130.3   326.1   326.3   331.1   258.8   384.9   362.3   326.8   232.0   202.1   308.0   304.3   282.9   234.1   389.2   344.0   278.8   365.5   106.3   422.0   433.9   446.4   370.1   333.4   346.9   350.2   307.7   297.1   440.7   349.1   294.9   239.3   250.7   320.0   242.7   282.2   243.7   312.4   290.7   257.9   163.1   191.7   263.3   245.5   190.2   220.2   339.0   330.1   425.4   430.7   413.4   478.7   459.7   312.3   301.6   384.2   309.2   
   14.0e3  40.25   48.95   62.72   128.1   152.2   195.0   128.6   105.9   120.1   119.7   218.1   267.3   249.4   238.4   260.7   205.1   61.76   146.4   185.0   186.3   286.4   261.8   279.3   216.5   206.5   226.7   207.0   213.7   204.4   192.6   206.6   266.2   307.5   269.3   92.46   135.2   338.4   338.6   343.6   268.6   399.4   375.9   339.1   240.8   209.8   319.6   315.8   293.6   242.9   403.9   357.0   289.3   379.3   110.4   437.9   450.3   463.2   384.1   346.0   360.0   363.5   319.3   308.3   457.4   362.3   306.0   248.3   260.2   332.1   251.9   292.9   252.9   324.2   301.7   267.7   169.2   198.9   273.3   254.8   197.3   228.5   351.8   342.6   441.4   447.0   429.0   496.8   477.1   324.0   313.0   398.7   320.9   
   15.0e3  41.66   50.67   64.92   132.6   157.5   201.8   133.1   109.7   124.3   123.9   225.7   276.6   258.1   246.7   269.9   212.3   63.93   151.5   191.5   192.9   296.4   271.0   289.1   224.1   213.7   234.6   214.2   221.2   211.5   199.3   213.9   275.5   318.3   278.7   95.71   140.0   350.3   350.5   355.7   278.0   413.4   389.1   351.0   249.2   217.1   330.8   326.9   303.9   251.4   418.1   369.5   299.5   392.7   114.2   453.3   466.1   479.5   397.6   358.2   372.6   376.2   330.5   319.1   473.4   375.0   316.8   257.1   269.3   343.8   260.7   303.2   261.8   335.5   312.3   277.1   175.2   205.9   282.8   263.7   204.3   236.5   364.2   354.6   456.9   462.7   444.1   514.2   493.8   335.4   324.0   412.7   332.2   
   16.0e3  43.03   52.33   67.05   137.0   162.7   208.4   137.5   113.3   128.4   127.9   233.1   285.7   266.6   254.8   278.7   219.3   66.03   156.5   197.7   199.2   306.2   279.8   298.6   231.4   220.7   242.3   221.2   228.5   218.5   205.9   220.9   284.5   328.7   287.9   98.85   144.6   361.8   362.0   367.3   287.1   427.0   401.9   362.5   257.4   224.2   341.7   337.6   313.8   259.7   431.8   381.6   309.3   405.5   118.0   468.1   481.4   495.2   410.6   369.9   384.8   388.6   341.3   329.6   489.0   387.3   327.1   265.5   278.2   355.0   269.3   313.1   270.4   346.5   322.5   286.2   180.9   212.6   292.1   272.4   211.0   244.3   376.1   366.2   471.9   477.8   458.7   531.1   510.0   346.4   334.6   426.3   343.1   
   17.0e3  44.35   53.94   69.11   141.2   167.7   214.9   141.7   116.7   132.3   131.9   240.3   294.5   274.8   262.7   287.3   226.0   68.06   161.3   203.8   205.3   315.6   288.5   307.8   238.5   227.5   249.8   228.1   235.5   225.2   212.2   227.7   293.3   338.8   296.7   101.9   149.0   372.9   373.1   378.6   296.0   440.1   414.3   373.7   265.3   231.1   352.2   348.0   323.5   267.7   445.0   393.4   318.8   418.0   121.6   482.6   496.2   510.4   423.3   381.3   396.7   400.5   351.8   339.7   504.0   399.2   337.2   273.7   286.7   366.0   277.5   322.7   278.7   357.2   332.4   295.0   186.5   219.2   301.1   280.7   217.5   251.8   387.7   377.5   486.4   492.5   472.8   547.5   525.7   357.1   344.9   439.4   353.6   
   18.0e3  45.64   55.50   71.12   145.3   172.6   221.1   145.8   120.1   136.2   135.7   247.3   303.0   282.8   270.3   295.6   232.6   70.03   166.0   209.7   211.3   324.7   296.8   316.7   245.5   234.1   257.0   234.7   242.3   231.7   218.4   234.3   301.8   348.6   305.3   104.8   153.3   383.7   384.0   389.6   304.6   452.9   426.3   384.5   273.0   237.8   362.4   358.1   332.9   275.4   458.0   404.8   328.0   430.1   125.1   496.5   510.6   525.2   435.5   392.3   408.2   412.1   362.0   349.5   518.6   410.8   347.0   281.6   295.1   376.6   285.6   332.1   286.8   367.6   342.1   303.5   191.9   225.5   309.8   288.9   223.8   259.1   398.9   388.5   500.5   506.8   486.5   563.3   541.0   367.4   354.9   452.1   363.9   
   20.0e3  48.10   58.51   74.96   153.1   181.9   233.0   153.7   126.6   143.5   143.0   260.6   319.4   298.1   284.9   311.6   245.2   73.82   175.0   221.1   222.7   342.3   312.9   333.8   258.7   246.8   270.9   247.4   255.4   244.3   230.2   247.0   318.1   367.5   321.9   110.5   161.6   404.5   404.7   410.7   321.0   477.4   449.3   405.3   287.8   250.7   382.0   377.5   350.9   290.3   482.7   426.7   345.8   453.4   131.9   523.4   538.2   553.7   459.1   413.6   430.3   434.4   381.6   368.5   546.7   433.0   365.8   296.8   311.0   396.9   301.0   350.0   302.3   387.4   360.6   319.9   202.2   237.7   326.6   304.5   235.9   273.1   420.5   409.5   527.6   534.2   512.8   593.8   570.2   387.3   374.1   476.6   383.6   
   22.5e3  51.02   62.05   79.51   162.4   192.9   247.2   163.0   134.3   152.2   151.7   276.4   338.8   316.2   302.2   330.5   260.1   78.30   185.6   234.5   236.2   363.1   331.9   354.1   274.4   261.7   287.4   262.4   270.9   259.1   244.1   261.9   337.4   389.8   341.4   117.2   171.4   429.0   429.3   435.6   340.5   506.4   476.6   429.9   305.2   265.9   405.2   400.4   372.1   307.9   512.0   452.6   366.8   480.9   139.9   555.2   570.9   587.2   486.9   438.7   456.4   460.8   404.8   390.8   579.8   459.2   387.9   314.8   329.9   421.0   319.3   371.3   320.6   410.9   382.5   339.3   214.5   252.1   346.4   323.0   250.2   289.7   446.0   434.3   559.6   566.6   543.9   629.8   604.8   410.8   396.8   505.5   406.8   
   25.0e3  53.78   65.41   83.81   171.2   203.4   260.5   171.9   141.6   160.5   159.9   291.4   357.1   333.3   318.5   348.4   274.1   82.54   195.6   247.2   249.0   382.7   349.8   373.2   289.3   275.9   302.9   276.6   285.6   273.1   257.3   276.1   355.7   410.9   359.8   123.6   180.7   452.2   452.5   459.2   358.9   533.8   502.4   453.2   321.8   280.3   427.1   422.0   392.3   324.6   539.7   477.0   386.6   506.9   147.5   585.2   601.8   619.0   513.3   462.4   481.0   485.7   426.7   411.9   611.2   484.1   408.9   331.9   347.7   443.8   336.6   391.4   338.0   433.2   403.1   357.7   226.1   265.8   365.2   340.4   263.7   305.4   470.1   457.8   589.9   597.3   573.3   663.9   637.5   433.0   418.3   532.8   428.8   
   27.5e3  56.41   68.60   87.90   179.6   213.3   273.3   180.3   148.5   168.3   167.7   305.6   374.6   349.5   334.1   365.4   287.5   86.57   205.2   259.2   261.1   401.4   366.9   391.4   303.4   289.4   317.7   290.1   299.5   286.4   269.9   289.6   373.0   430.9   377.4   129.6   189.5   474.3   474.6   481.6   376.4   559.8   526.9   475.3   337.5   294.0   447.9   442.6   411.4   340.4   566.0   500.3   405.5   531.7   154.7   613.7   631.1   649.2   538.3   485.0   504.5   509.4   447.5   432.1   641.0   507.7   428.9   348.1   364.7   465.4   353.0   410.5   354.5   454.3   422.8   375.1   237.2   278.8   383.0   357.1   276.6   320.3   493.1   480.2   618.7   626.4   601.3   696.3   668.6   454.2   438.7   558.8   449.8   
   30.0e3  58.92   71.65   91.81   187.5   222.8   285.4   188.3   155.1   175.8   175.2   319.2   391.2   365.1   348.9   381.7   300.3   90.41   214.3   270.8   272.8   419.2   383.2   408.8   316.9   302.2   331.8   303.0   312.8   299.2   281.9   302.5   389.6   450.1   394.2   135.4   198.0   495.4   495.7   503.0   393.2   584.7   550.3   496.4   352.5   307.1   467.9   462.3   429.7   355.6   591.2   522.6   423.5   555.3   161.5   641.0   659.2   678.1   562.3   506.5   526.9   532.1   467.4   451.3   669.5   530.3   448.0   363.5   380.9   486.1   368.7   428.7   370.2   474.5   441.6   391.8   247.7   291.2   400.0   372.9   288.9   334.5   515.0   501.5   646.2   654.3   628.1   727.2   698.4   474.4   458.2   583.7   469.8   
   32.5e3  61.32   74.58   95.56   195.2   231.9   297.1   196.0   161.4   183.0   182.3   332.2   407.2   380.0   363.2   397.3   312.5   94.11   223.1   281.8   283.9   436.3   398.8   425.5   329.8   314.6   345.4   315.3   325.6   311.4   293.4   314.8   405.5   468.5   410.3   140.9   206.1   515.6   515.9   523.5   409.2   608.6   572.8   516.7   366.9   319.6   487.0   481.2   447.3   370.1   615.4   543.9   440.8   578.0   168.1   667.2   686.1   705.8   585.2   527.2   548.5   553.8   486.5   469.7   696.9   551.9   466.2   378.4   396.5   506.0   383.7   446.2   385.3   493.9   459.7   407.8   257.8   303.0   416.3   388.2   300.7   348.2   536.0   522.0   672.6   681.0   653.7   756.9   726.9   493.7   476.9   607.5   488.9   
   35.0e3  63.64   77.40   99.17   202.6   240.6   308.3   203.4   167.5   189.9   189.2   344.8   422.6   394.3   376.9   412.3   324.3   97.66   231.5   292.5   294.6   452.8   413.9   441.6   342.3   326.4   358.4   327.2   337.9   323.1   304.5   326.7   420.8   486.2   425.8   146.2   213.8   535.1   535.4   543.3   424.7   631.5   594.4   536.2   380.7   331.7   505.3   499.3   464.1   384.0   638.6   564.4   457.4   599.8   174.5   692.4   712.0   732.4   607.3   547.1   569.2   574.7   504.9   487.4   723.2   572.8   483.8   392.7   411.4   525.1   398.2   463.1   399.9   512.5   477.0   423.2   267.5   314.5   432.1   402.8   312.0   361.3   556.3   541.7   698.0   706.7   678.4   785.5   754.3   512.4   494.9   630.5   507.4   
   37.5e3  65.87   80.11   102.6   209.7   249.1   319.1   210.5   173.4   196.5   195.8   356.9   437.4   408.2   390.1   426.7   335.7   101.1   239.6   302.7   305.0   468.7   428.4   457.1   354.3   337.9   371.0   338.7   349.8   334.5   315.2   338.2   435.6   503.2   440.7   151.3   221.3   553.9   554.2   562.4   439.6   653.7   615.3   555.0   394.1   343.3   523.1   516.9   480.4   397.5   661.0   584.2   473.5   620.9   180.6   716.7   737.0   758.1   628.6   566.3   589.1   594.9   522.6   504.5   748.5   592.9   500.8   406.4   425.9   543.5   412.2   479.3   413.9   530.5   493.8   438.1   276.9   325.5   447.2   417.0   323.0   374.0   575.8   560.7   722.5   731.5   702.2   813.1   780.8   530.4   512.3   652.6   525.2   
   40.0e3  68.03   82.74   106.0   216.6   257.3   329.6   217.4   179.1   203.0   202.3   368.6   451.7   421.6   402.9   440.7   346.7   104.4   247.5   312.7   315.0   484.1   442.5   472.1   365.9   349.0   383.1   349.8   361.2   345.4   325.5   349.3   449.9   519.7   455.2   156.3   228.6   572.0   572.4   580.8   454.0   675.2   635.4   573.2   407.0   354.6   540.2   533.8   496.2   410.6   682.7   603.4   489.0   641.2   186.5   740.2   761.2   783.0   649.2   584.9   608.5   614.4   539.7   521.1   773.1   612.3   517.3   419.8   439.8   561.3   425.7   495.0   427.5   547.9   509.9   452.4   286.0   336.2   461.9   430.6   333.6   386.3   594.7   579.1   746.2   755.5   725.2   839.8   806.4   547.7   529.1   674.0   542.4   
   45.0e3  72.16   87.76   112.4   229.7   272.9   349.6   230.6   189.9   215.3   214.5   390.9   479.1   447.1   427.4   467.5   367.8   110.7   262.5   331.6   334.1   513.4   469.3   500.7   388.1   370.2   406.4   371.0   383.1   366.4   345.3   370.4   477.2   551.3   482.8   165.8   242.5   606.8   607.1   616.0   481.5   716.1   674.0   608.0   431.7   376.1   573.0   566.2   526.3   435.5   724.1   640.0   518.7   680.1   197.8   785.1   807.4   830.5   688.6   620.4   645.4   651.6   572.5   552.7   820.0   649.5   548.6   445.2   466.5   595.4   451.5   525.1   453.4   581.2   540.9   479.9   303.4   356.6   489.9   456.8   353.8   409.7   630.7   614.2   791.4   801.4   769.2   890.7   855.3   581.0   561.2   714.9   575.3   
   50.0e3  76.06   92.50   118.5   242.1   287.6   368.5   243.1   200.2   227.0   226.1   412.1   505.1   471.3   450.5   492.7   387.7   116.7   276.7   349.6   352.1   541.2   494.7   527.8   409.1   390.2   428.4   391.1   403.9   386.2   363.9   390.5   503.0   581.1   508.9   174.7   255.6   639.6   639.9   649.4   507.6   754.8   710.4   640.9   455.0   396.4   604.0   596.8   554.8   459.0   763.3   674.6   546.7   716.9   208.5   827.6   851.0   875.4   725.9   653.9   680.3   686.9   603.4   582.6   864.3   684.6   578.3   469.3   491.8   627.6   476.0   553.5   478.0   612.6   570.1   505.8   319.8   375.9   516.4   481.5   372.9   431.9   664.9   647.4   834.2   844.7   810.8   938.9   901.6   612.4   591.6   753.5   606.5   
   55.0e3  79.78   97.02   124.3   253.9   301.7   386.5   254.9   210.0   238.0   237.2   432.2   529.7   494.3   472.5   516.8   406.6   122.4   290.2   366.6   369.3   567.6   518.8   553.6   429.1   409.2   449.3   410.2   423.6   405.1   381.7   409.5   527.6   609.4   533.7   183.3   268.1   670.8   671.2   681.1   532.4   791.7   745.1   672.1   477.2   415.8   633.5   626.0   581.8   481.4   800.5   707.6   573.4   751.9   218.7   868.0   892.6   918.1   761.3   685.8   713.5   720.4   632.9   611.0   906.5   718.0   606.5   492.2   515.8   658.2   499.2   580.5   501.3   642.5   598.0   530.5   335.4   394.2   541.6   505.0   391.1   452.9   697.3   679.0   875.0   886.0   850.4   984.7   945.6   642.3   620.5   790.3   636.1   
   60.0e3  83.32   101.3   129.8   265.2   315.1   403.6   266.3   219.3   248.6   247.7   451.4   553.3   516.3   493.5   539.8   424.7   127.9   303.1   382.9   385.7   592.9   541.9   578.2   448.1   427.4   469.3   428.4   442.4   423.1   398.7   427.7   551.0   636.5   557.5   191.4   280.0   700.6   701.0   711.3   556.0   826.9   778.3   702.0   498.5   434.3   661.6   653.8   607.7   502.8   836.1   739.0   598.9   785.4   228.5   906.6   932.3   959.0   795.2   716.3   745.2   752.4   661.0   638.2   946.8   749.9   633.5   514.1   538.7   687.5   521.4   606.3   523.6   671.1   624.6   554.1   350.3   411.8   565.7   527.4   408.5   473.1   728.3   709.2   913.9   925.4   888.2   1.028e3 987.7   670.8   648.0   825.5   664.3   
   65.0e3  86.73   105.5   135.1   276.1   327.9   420.1   277.1   228.3   258.8   257.8   469.9   575.9   537.4   513.6   561.8   442.0   133.1   315.5   398.6   401.5   617.1   564.0   601.8   466.4   444.9   488.4   445.9   460.5   440.3   414.9   445.2   573.5   662.5   580.2   199.2   291.4   729.2   729.6   740.4   578.7   860.7   810.0   730.7   518.8   452.0   688.7   680.5   632.5   523.4   870.2   769.2   623.4   817.4   237.8   943.6   970.3   998.1   827.6   745.6   775.6   783.2   688.0   664.2   985.5   780.6   659.4   535.1   560.7   715.6   542.7   631.1   545.0   698.5   650.1   576.8   364.6   428.6   588.8   549.0   425.2   492.4   758.1   738.2   951.2   963.1   924.5   1.070e3 1.028e3 698.2   674.5   859.2   691.5   
   70.0e3  90.00   109.5   140.2   286.5   340.3   436.0   287.6   236.9   268.5   267.6   487.6   597.6   557.7   533.0   583.0   458.7   138.1   327.4   413.6   416.6   640.4   585.3   624.5   484.0   461.7   506.9   462.8   477.9   457.0   430.6   462.0   595.2   687.5   602.1   206.8   302.4   756.8   757.2   768.3   600.6   893.1   840.6   758.3   538.4   469.0   714.7   706.2   656.4   543.1   903.1   798.2   646.9   848.3   246.8   979.2   1.007e3 1.036e3 858.9   773.7   804.9   812.7   714.0   689.3   1.023e3 810.0   684.3   555.3   581.9   742.6   563.2   654.9   565.5   724.8   674.6   598.5   378.4   444.7   611.0   569.7   441.3   511.0   786.7   766.1   987.1   999.5   959.4   1.111e3 1.067e3 724.6   700.0   891.6   717.6   
   80.0e3  96.89   117.0   147.9   310.0   377.8   465.5   309.4   255.3   284.6   290.0   522.9   643.3   606.4   578.7   624.6   492.4   164.2   356.7   444.0   448.6   688.9   638.2   670.7   527.1   490.1   539.6   495.1   515.2   488.4   466.2   498.3   641.6   737.9   645.8   217.8   330.6   814.1   814.5   823.0   642.8   954.0   901.6   814.5   581.1   510.1   770.7   763.5   705.2   602.6   954.9   856.4   698.6   911.8   269.8   1.056e3 1.083e3 1.118e3 924.7   834.4   864.4   873.0   772.9   742.1   1.090e3 872.1   733.3   598.5   623.7   799.6   613.9   696.9   604.5   775.1   724.8   649.2   406.4   483.4   662.7   612.0   475.7   550.7   853.7   824.1   1.065e3 1.082e3 1.031e3 1.197e3 1.152e3 783.6   755.7   965.5   771.1   
   90.0e3  104.2   125.5   149.4   343.0   451.8   489.9   334.5   278.9   293.5   322.9   562.5   698.9   689.1   652.3   664.9   532.9   227.5   400.8   479.9   490.9   748.6   729.0   721.8   597.5   507.4   561.3   530.2   565.8   511.6   518.5   547.5   709.1   796.4   694.9   218.0   381.5   884.2   884.4   881.0   687.3   1.011e3 969.1   883.0   641.4   580.9   844.3   846.6   764.6   718.7   974.2   922.5   771.2   986.6   311.9   1.159e3 1.170e3 1.232e3 1.007e3 913.2   934.6   943.8   862.5   809.4   1.140e3 951.8   781.5   656.6   669.6   873.3   704.5   723.7   643.0   820.7   785.7   730.2   440.4   549.1   743.7   668.5   523.5   605.3   957.9   897.7   1.167e3 1.208e3 1.121e3 1.311e3 1.271e3 875.5   838.6   1.077e3 834.7   
   100.e3  109.2   134.4   155.0   367.1   495.6   512.6   354.3   298.3   307.3   347.1   598.4   743.2   755.7   709.4   697.1   571.2   250.3   427.7   513.3   529.2   798.9   797.8   763.7   648.7   532.0   581.8   567.3   609.0   527.1   559.3   588.7   772.2   849.9   739.6   223.4   419.9   943.3   943.7   935.3   732.7   1.070e3 1.030e3 945.7   693.5   638.9   904.2   914.6   819.0   786.7   1.014e3 982.7   831.5   1.050e3 344.5   1.243e3 1.236e3 1.325e3 1.076e3 982.2   997.5   1.006e3 935.9   867.4   1.192e3 1.020e3 820.9   706.8   713.6   936.5   779.3   752.7   683.3   862.1   840.8   796.3   472.7   604.5   809.1   724.4   566.6   654.5   1.038e3 963.5   1.250e3 1.318e3 1.203e3 1.405e3 1.367e3 958.6   914.6   1.167e3 889.8   
   110.e3  112.8   142.9   163.1   385.6   522.7   534.2   370.9   314.7   323.1   365.3   631.5   780.0   810.0   754.3   726.3   607.7   253.6   445.7   544.7   564.9   842.8   852.2   799.4   687.6   561.3   603.0   605.2   646.6   543.6   592.4   624.3   830.1   899.4   780.9   232.2   450.2   995.1   996.0   986.0   778.8   1.128e3 1.085e3 1.004e3 739.9   685.6   955.1   971.9   869.3   828.3   1.065e3 1.038e3 883.5   1.106e3 371.7   1.316e3 1.295e3 1.405e3 1.136e3 1.044e3 1.055e3 1.063e3 997.7   919.2   1.245e3 1.080e3 855.5   751.7   756.9   992.7   843.4   784.0   725.0   901.6   891.6   851.8   504.2   652.8   864.3   776.8   606.7   700.1   1.102e3 1.024e3 1.320e3 1.415e3 1.279e3 1.485e3 1.446e3 1.035e3 985.0   1.243e3 939.1   
   120.e3  115.4   150.6   172.5   400.3   540.8   554.8   385.7   329.0   339.2   379.3   662.1   811.4   854.9   790.4   756.9   642.7   248.8   459.3   574.4   598.9   882.3   897.0   831.1   718.6   593.2   629.6   643.1   679.9   566.9   620.3   655.8   882.6   945.6   819.3   243.0   475.2   1.042e3 1.043e3 1.034e3 825.1   1.185e3 1.136e3 1.058e3 782.3   721.7   1.000e3 1.021e3 916.0   856.1   1.120e3 1.090e3 929.6   1.157e3 396.0   1.380e3 1.354e3 1.476e3 1.189e3 1.102e3 1.108e3 1.115e3 1.051e3 966.6   1.299e3 1.134e3 887.5   792.7   799.9   1.044e3 900.2   817.1   767.6   939.9   939.3   899.5   535.2   696.2   912.7   824.9   644.6   743.3   1.156e3 1.082e3 1.381e3 1.502e3 1.351e3 1.556e3 1.514e3 1.106e3 1.051e3 1.308e3 984.3   
   130.e3  117.6   157.4   182.5   412.6   554.4   574.5   399.3   341.9   354.5   390.4   690.5   839.1   892.5   820.4   790.4   676.3   242.1   471.2   602.6   631.5   918.3   935.4   860.0   744.6   626.5   663.4   680.4   709.8   595.2   644.7   684.4   929.5   988.9   855.2   255.0   496.8   1.084e3 1.087e3 1.078e3 871.2   1.240e3 1.184e3 1.108e3 821.7   747.7   1.041e3 1.065e3 959.8   877.4   1.177e3 1.139e3 971.7   1.204e3 418.9   1.439e3 1.414e3 1.540e3 1.237e3 1.155e3 1.158e3 1.164e3 1.098e3 1.011e3 1.352e3 1.183e3 917.9   830.9   842.4   1.091e3 951.8   851.5   810.5   977.6   984.3   941.5   565.7   736.0   956.3   868.6   680.9   784.6   1.202e3 1.137e3 1.437e3 1.582e3 1.420e3 1.620e3 1.575e3 1.172e3 1.113e3 1.366e3 1.026e3 
   140.e3  119.4   163.4   192.4   423.3   566.0   593.4   412.2   353.7   368.7   399.5   717.1   864.1   924.6   846.5   826.3   708.7   236.5   482.9   629.6   663.1   951.8   969.4   886.9   767.5   660.3   702.0   716.7   737.0   624.9   666.8   710.7   971.1   1.030e3 889.0   267.5   516.0   1.124e3 1.129e3 1.120e3 916.8   1.292e3 1.229e3 1.156e3 858.8   765.0   1.079e3 1.105e3 1.001e3 896.0   1.233e3 1.185e3 1.011e3 1.248e3 441.2   1.494e3 1.474e3 1.599e3 1.282e3 1.206e3 1.205e3 1.211e3 1.140e3 1.052e3 1.405e3 1.227e3 947.6   866.9   884.6   1.135e3 999.8   886.8   853.2   1.015e3 1.027e3 979.5   596.0   773.1   996.7   908.3   715.9   824.4   1.242e3 1.190e3 1.487e3 1.656e3 1.487e3 1.679e3 1.630e3 1.235e3 1.172e3 1.419e3 1.066e3 
   150.e3  121.0   168.5   202.1   432.9   576.8   611.4   424.6   364.8   381.6   407.2   742.1   887.0   952.5   869.9   863.6   740.0   233.4   495.1   655.6   693.8   983.3   1.001e3 912.3   788.5   694.0   742.3   751.9   762.1   653.9   687.3   735.2   1.008e3 1.068e3 921.0   280.4   533.8   1.162e3 1.168e3 1.159e3 961.9   1.342e3 1.272e3 1.201e3 894.1   776.5   1.116e3 1.142e3 1.040e3 914.3   1.287e3 1.229e3 1.047e3 1.290e3 463.5   1.546e3 1.533e3 1.654e3 1.325e3 1.254e3 1.249e3 1.256e3 1.179e3 1.092e3 1.456e3 1.267e3 976.8   901.1   926.4   1.177e3 1.045e3 922.6   895.5   1.051e3 1.068e3 1.014e3 626.1   808.3   1.035e3 944.5   749.9   863.1   1.279e3 1.242e3 1.535e3 1.725e3 1.551e3 1.735e3 1.680e3 1.295e3 1.229e3 1.467e3 1.104e3 
   160.e3  122.6   173.1   211.3   441.9   587.6   628.7   436.7   375.2   393.3   413.8   765.8   908.4   976.9   891.5   901.0   770.4   233.3   508.1   680.6   723.9   1.013e3 1.030e3 936.7   808.4   727.4   782.2   785.9   785.6   681.4   706.7   758.4   1.041e3 1.105e3 951.5   293.2   550.6   1.197e3 1.206e3 1.197e3 1.006e3 1.390e3 1.312e3 1.244e3 928.0   787.0   1.150e3 1.176e3 1.077e3 933.3   1.339e3 1.272e3 1.083e3 1.331e3 486.0   1.596e3 1.590e3 1.706e3 1.366e3 1.300e3 1.292e3 1.299e3 1.214e3 1.130e3 1.505e3 1.305e3 1.006e3 933.9   967.7   1.217e3 1.088e3 958.8   937.2   1.087e3 1.108e3 1.047e3 655.8   841.9   1.071e3 977.7   783.0   900.7   1.314e3 1.292e3 1.581e3 1.791e3 1.614e3 1.787e3 1.728e3 1.352e3 1.283e3 1.513e3 1.140e3 
   170.e3  124.2   177.0   219.7   450.5   598.6   645.3   448.5   385.2   403.8   419.8   788.2   928.6   998.8   911.8   938.0   800.0   236.2   522.2   704.9   753.3   1.042e3 1.057e3 960.3   827.7   760.2   820.9   818.8   807.8   707.5   725.4   780.6   1.070e3 1.141e3 980.7   306.0   566.7   1.232e3 1.242e3 1.233e3 1.050e3 1.436e3 1.351e3 1.286e3 960.7   801.1   1.184e3 1.208e3 1.112e3 953.6   1.387e3 1.312e3 1.116e3 1.369e3 509.0   1.643e3 1.645e3 1.756e3 1.406e3 1.344e3 1.332e3 1.341e3 1.248e3 1.167e3 1.553e3 1.339e3 1.035e3 965.5   1.008e3 1.255e3 1.129e3 995.1   978.2   1.123e3 1.146e3 1.078e3 685.4   874.2   1.106e3 1.008e3 815.4   937.5   1.346e3 1.342e3 1.624e3 1.853e3 1.676e3 1.837e3 1.774e3 1.407e3 1.335e3 1.556e3 1.175e3 
   180.e3  125.8   180.5   227.5   458.8   610.1   661.2   460.2   394.9   413.2   425.2   809.7   947.8   1.019e3 931.1   974.1   828.9   242.0   537.3   728.4   782.2   1.069e3 1.084e3 983.2   846.9   792.3   857.9   850.5   828.9   732.3   743.5   801.8   1.097e3 1.174e3 1.009e3 318.7   582.4   1.265e3 1.278e3 1.267e3 1.093e3 1.480e3 1.389e3 1.325e3 992.5   821.4   1.218e3 1.239e3 1.146e3 975.3   1.433e3 1.351e3 1.149e3 1.407e3 532.3   1.690e3 1.699e3 1.804e3 1.445e3 1.387e3 1.371e3 1.382e3 1.280e3 1.203e3 1.599e3 1.370e3 1.063e3 996.1   1.049e3 1.292e3 1.169e3 1.031e3 1.019e3 1.158e3 1.183e3 1.108e3 714.7   905.5   1.140e3 1.037e3 847.0   973.4   1.376e3 1.390e3 1.666e3 1.913e3 1.736e3 1.886e3 1.818e3 1.460e3 1.386e3 1.598e3 1.209e3 
   200.e3  129.2   186.4   240.9   474.9   634.2   691.3   482.8   413.5   429.1   435.2   849.9   984.0   1.054e3 967.4   1.043e3 885.0   260.6   570.3   773.9   838.6   1.121e3 1.135e3 1.028e3 885.4   854.4   927.2   910.9   868.9   779.0   779.0   842.3   1.148e3 1.239e3 1.062e3 343.5   613.0   1.328e3 1.346e3 1.331e3 1.176e3 1.563e3 1.461e3 1.400e3 1.054e3 880.0   1.283e3 1.298e3 1.210e3 1.023e3 1.517e3 1.427e3 1.213e3 1.479e3 580.5   1.780e3 1.801e3 1.896e3 1.519e3 1.470e3 1.446e3 1.461e3 1.340e3 1.272e3 1.686e3 1.427e3 1.121e3 1.055e3 1.128e3 1.362e3 1.246e3 1.104e3 1.097e3 1.227e3 1.254e3 1.164e3 772.7   965.8   1.207e3 1.090e3 908.6   1.043e3 1.434e3 1.485e3 1.747e3 2.027e3 1.853e3 1.978e3 1.901e3 1.563e3 1.484e3 1.678e3 1.275e3 
   225.e3  133.7   192.4   255.1   494.9   665.9   726.0   510.2   435.9   445.1   446.7   896.5   1.026e3 1.092e3 1.010e3 1.124e3 952.4   294.0   616.1   828.4   907.0   1.183e3 1.197e3 1.082e3 935.0   928.1   1.006e3 981.2   915.9   833.4   822.7   890.1   1.209e3 1.315e3 1.124e3 373.4   650.5   1.403e3 1.429e3 1.406e3 1.276e3 1.658e3 1.545e3 1.488e3 1.127e3 969.5   1.362e3 1.368e3 1.285e3 1.089e3 1.608e3 1.515e3 1.289e3 1.566e3 643.2   1.889e3 1.921e3 2.005e3 1.609e3 1.568e3 1.534e3 1.556e3 1.410e3 1.354e3 1.785e3 1.492e3 1.193e3 1.125e3 1.223e3 1.444e3 1.338e3 1.193e3 1.190e3 1.310e3 1.337e3 1.232e3 844.2   1.038e3 1.287e3 1.150e3 982.8   1.128e3 1.502e3 1.599e3 1.844e3 2.159e3 1.993e3 2.087e3 2.000e3 1.685e3 1.599e3 1.773e3 1.353e3 
   250.e3  138.6   197.6   268.9   515.0   698.2   757.9   536.5   457.7   458.0   457.9   940.0   1.067e3 1.125e3 1.050e3 1.199e3 1.018e3 334.7   665.5   880.8   973.3   1.241e3 1.258e3 1.135e3 986.9   997.7   1.078e3 1.047e3 961.0   884.6   866.3   935.7   1.271e3 1.386e3 1.183e3 402.2   687.9   1.475e3 1.508e3 1.477e3 1.372e3 1.746e3 1.625e3 1.571e3 1.198e3 1.060e3 1.440e3 1.436e3 1.356e3 1.160e3 1.688e3 1.600e3 1.363e3 1.648e3 708.2   1.995e3 2.035e3 2.110e3 1.696e3 1.662e3 1.618e3 1.648e3 1.477e3 1.433e3 1.875e3 1.554e3 1.266e3 1.191e3 1.316e3 1.523e3 1.425e3 1.280e3 1.280e3 1.391e3 1.417e3 1.298e3 914.5   1.107e3 1.365e3 1.206e3 1.054e3 1.209e3 1.566e3 1.709e3 1.937e3 2.284e3 2.128e3 2.192e3 2.094e3 1.801e3 1.710e3 1.865e3 1.429e3 
   275.e3  143.7   202.3   284.0   535.2   730.0   787.4   561.6   479.2   468.9   469.3   981.1   1.105e3 1.157e3 1.088e3 1.269e3 1.081e3 379.7   717.5   931.9   1.038e3 1.297e3 1.317e3 1.187e3 1.041e3 1.064e3 1.145e3 1.108e3 1.005e3 933.6   910.0   979.7   1.334e3 1.454e3 1.240e3 430.1   725.2   1.544e3 1.586e3 1.544e3 1.464e3 1.829e3 1.702e3 1.650e3 1.266e3 1.147e3 1.516e3 1.502e3 1.423e3 1.233e3 1.760e3 1.682e3 1.437e3 1.728e3 774.9   2.098e3 2.145e3 2.212e3 1.782e3 1.753e3 1.699e3 1.737e3 1.542e3 1.510e3 1.957e3 1.619e3 1.337e3 1.256e3 1.405e3 1.597e3 1.509e3 1.366e3 1.365e3 1.468e3 1.493e3 1.363e3 983.8   1.174e3 1.442e3 1.260e3 1.124e3 1.288e3 1.628e3 1.817e3 2.028e3 2.404e3 2.259e3 2.293e3 2.186e3 1.914e3 1.816e3 1.954e3 1.502e3 
   300.e3  148.9   206.9   300.7   555.5   760.8   814.7   585.7   500.4   478.6   480.8   1.020e3 1.142e3 1.187e3 1.125e3 1.336e3 1.144e3 426.8   771.1   981.8   1.101e3 1.350e3 1.376e3 1.238e3 1.097e3 1.127e3 1.207e3 1.167e3 1.048e3 980.8   953.8   1.022e3 1.397e3 1.520e3 1.294e3 457.2   762.6   1.611e3 1.661e3 1.608e3 1.553e3 1.907e3 1.776e3 1.726e3 1.333e3 1.228e3 1.592e3 1.567e3 1.487e3 1.308e3 1.824e3 1.762e3 1.509e3 1.805e3 842.8   2.200e3 2.251e3 2.310e3 1.866e3 1.841e3 1.778e3 1.825e3 1.606e3 1.585e3 2.033e3 1.688e3 1.409e3 1.318e3 1.492e3 1.669e3 1.591e3 1.450e3 1.447e3 1.544e3 1.567e3 1.427e3 1.052e3 1.239e3 1.517e3 1.314e3 1.191e3 1.365e3 1.689e3 1.922e3 2.116e3 2.519e3 2.385e3 2.390e3 2.276e3 2.024e3 1.919e3 2.043e3 1.574e3 
   325.e3  154.3   211.5   318.5   575.8   790.0   840.1   608.8   521.5   487.7   492.7   1.058e3 1.179e3 1.216e3 1.162e3 1.400e3 1.206e3 474.8   825.8   1.031e3 1.163e3 1.402e3 1.434e3 1.288e3 1.155e3 1.188e3 1.266e3 1.222e3 1.091e3 1.027e3 997.8   1.064e3 1.458e3 1.584e3 1.347e3 483.9   800.1   1.677e3 1.735e3 1.671e3 1.639e3 1.983e3 1.847e3 1.800e3 1.399e3 1.306e3 1.667e3 1.630e3 1.550e3 1.383e3 1.884e3 1.839e3 1.580e3 1.880e3 911.6   2.300e3 2.355e3 2.407e3 1.950e3 1.927e3 1.855e3 1.911e3 1.669e3 1.659e3 2.104e3 1.760e3 1.480e3 1.379e3 1.577e3 1.739e3 1.671e3 1.532e3 1.527e3 1.616e3 1.638e3 1.492e3 1.120e3 1.303e3 1.591e3 1.366e3 1.257e3 1.439e3 1.749e3 2.024e3 2.203e3 2.630e3 2.508e3 2.486e3 2.364e3 2.131e3 2.020e3 2.130e3 1.644e3 
   350.e3  159.7   216.2   336.9   596.2   817.6   863.8   630.8   542.4   496.5   505.0   1.095e3 1.214e3 1.245e3 1.198e3 1.461e3 1.267e3 522.8   881.0   1.079e3 1.223e3 1.453e3 1.491e3 1.338e3 1.214e3 1.246e3 1.322e3 1.276e3 1.134e3 1.071e3 1.042e3 1.105e3 1.516e3 1.646e3 1.399e3 510.2   837.6   1.741e3 1.809e3 1.732e3 1.723e3 2.055e3 1.917e3 1.872e3 1.463e3 1.381e3 1.741e3 1.694e3 1.611e3 1.458e3 1.940e3 1.916e3 1.651e3 1.953e3 981.0   2.398e3 2.456e3 2.502e3 2.032e3 2.010e3 1.931e3 1.996e3 1.731e3 1.731e3 2.170e3 1.835e3 1.550e3 1.438e3 1.659e3 1.807e3 1.748e3 1.612e3 1.604e3 1.687e3 1.707e3 1.556e3 1.186e3 1.366e3 1.664e3 1.419e3 1.321e3 1.512e3 1.807e3 2.124e3 2.288e3 2.738e3 2.628e3 2.579e3 2.450e3 2.236e3 2.118e3 2.215e3 1.713e3 
   375.e3  165.1   221.1   355.3   616.4   843.4   885.8   651.8   563.3   505.2   517.6   1.131e3 1.248e3 1.274e3 1.235e3 1.520e3 1.327e3 570.3   936.5   1.127e3 1.282e3 1.502e3 1.547e3 1.387e3 1.274e3 1.303e3 1.375e3 1.327e3 1.176e3 1.115e3 1.086e3 1.145e3 1.573e3 1.707e3 1.449e3 536.2   875.2   1.803e3 1.880e3 1.792e3 1.804e3 2.126e3 1.986e3 1.942e3 1.526e3 1.454e3 1.814e3 1.756e3 1.670e3 1.531e3 1.993e3 1.991e3 1.722e3 2.024e3 1.051e3 2.495e3 2.556e3 2.595e3 2.113e3 2.093e3 2.006e3 2.080e3 1.792e3 1.802e3 2.234e3 1.913e3 1.620e3 1.496e3 1.739e3 1.872e3 1.824e3 1.690e3 1.678e3 1.755e3 1.774e3 1.620e3 1.252e3 1.427e3 1.737e3 1.472e3 1.384e3 1.583e3 1.865e3 2.222e3 2.371e3 2.843e3 2.744e3 2.670e3 2.534e3 2.339e3 2.214e3 2.300e3 1.782e3 
   400.e3  170.4   226.1   373.5   636.6   867.7   906.5   671.9   584.0   514.2   530.4   1.166e3 1.282e3 1.302e3 1.271e3 1.578e3 1.386e3 616.8   992.0   1.174e3 1.340e3 1.551e3 1.603e3 1.436e3 1.335e3 1.357e3 1.427e3 1.377e3 1.219e3 1.158e3 1.130e3 1.184e3 1.628e3 1.766e3 1.499e3 562.0   912.9   1.865e3 1.951e3 1.851e3 1.883e3 2.194e3 2.052e3 2.011e3 1.588e3 1.525e3 1.885e3 1.818e3 1.728e3 1.603e3 2.044e3 2.064e3 1.792e3 2.094e3 1.121e3 2.591e3 2.653e3 2.687e3 2.194e3 2.173e3 2.080e3 2.163e3 1.853e3 1.872e3 2.295e3 1.992e3 1.689e3 1.553e3 1.817e3 1.936e3 1.898e3 1.766e3 1.751e3 1.822e3 1.840e3 1.684e3 1.317e3 1.487e3 1.808e3 1.526e3 1.445e3 1.653e3 1.922e3 2.318e3 2.453e3 2.945e3 2.858e3 2.759e3 2.618e3 2.440e3 2.308e3 2.384e3 1.849e3 
   450.e3  180.9   236.9   409.1   676.4   912.0   944.3   709.6   625.2   533.1   557.1   1.234e3 1.347e3 1.359e3 1.343e3 1.688e3 1.505e3 706.6   1.102e3 1.268e3 1.453e3 1.645e3 1.711e3 1.531e3 1.460e3 1.462e3 1.525e3 1.473e3 1.304e3 1.241e3 1.218e3 1.261e3 1.732e3 1.882e3 1.596e3 613.4   988.3   1.985e3 2.091e3 1.966e3 2.035e3 2.327e3 2.183e3 2.145e3 1.710e3 1.662e3 2.024e3 1.940e3 1.842e3 1.741e3 2.142e3 2.209e3 1.931e3 2.230e3 1.260e3 2.777e3 2.845e3 2.866e3 2.353e3 2.331e3 2.227e3 2.326e3 1.975e3 2.009e3 2.411e3 2.153e3 1.825e3 1.665e3 1.968e3 2.060e3 2.042e3 1.914e3 1.891e3 1.950e3 1.967e3 1.811e3 1.445e3 1.604e3 1.947e3 1.634e3 1.564e3 1.789e3 2.035e3 2.505e3 2.613e3 3.143e3 3.079e3 2.933e3 2.782e3 2.638e3 2.492e3 2.550e3 1.983e3 
   500.e3  191.0   248.4   443.3   715.4   951.9   978.6   744.3   665.9   553.7   584.7   1.299e3 1.410e3 1.416e3 1.415e3 1.793e3 1.621e3 791.6   1.211e3 1.360e3 1.561e3 1.735e3 1.816e3 1.625e3 1.585e3 1.561e3 1.618e3 1.564e3 1.389e3 1.321e3 1.306e3 1.335e3 1.830e3 1.994e3 1.690e3 664.9   1.064e3 2.102e3 2.227e3 2.079e3 2.181e3 2.454e3 2.309e3 2.276e3 1.830e3 1.794e3 2.158e3 2.060e3 1.952e3 1.873e3 2.236e3 2.351e3 2.069e3 2.361e3 1.400e3 2.957e3 3.031e3 3.039e3 2.509e3 2.485e3 2.371e3 2.485e3 2.095e3 2.143e3 2.522e3 2.315e3 1.957e3 1.774e3 2.112e3 2.179e3 2.180e3 2.056e3 2.026e3 2.071e3 2.089e3 1.938e3 1.571e3 1.718e3 2.082e3 1.744e3 1.679e3 1.919e3 2.146e3 2.686e3 2.769e3 3.332e3 3.290e3 3.101e3 2.941e3 2.831e3 2.671e3 2.713e3 2.114e3 
   550.e3  200.6   260.6   476.2   753.4   988.6   1.011e3 776.4   706.3   576.2   613.2   1.364e3 1.470e3 1.473e3 1.488e3 1.894e3 1.736e3 871.6   1.317e3 1.451e3 1.666e3 1.823e3 1.917e3 1.716e3 1.711e3 1.655e3 1.706e3 1.651e3 1.473e3 1.399e3 1.392e3 1.408e3 1.924e3 2.103e3 1.782e3 716.8   1.140e3 2.216e3 2.360e3 2.190e3 2.320e3 2.577e3 2.432e3 2.404e3 1.946e3 1.922e3 2.286e3 2.178e3 2.059e3 1.998e3 2.330e3 2.491e3 2.206e3 2.489e3 1.538e3 3.132e3 3.212e3 3.208e3 2.663e3 2.636e3 2.514e3 2.642e3 2.214e3 2.275e3 2.627e3 2.475e3 2.087e3 1.880e3 2.251e3 2.295e3 2.314e3 2.192e3 2.156e3 2.188e3 2.206e3 2.063e3 1.694e3 1.828e3 2.214e3 1.855e3 1.790e3 2.046e3 2.255e3 2.860e3 2.921e3 3.513e3 3.493e3 3.263e3 3.098e3 3.020e3 2.844e3 2.873e3 2.243e3 
   600.e3  209.8   273.3   508.1   790.3   1.023e3 1.041e3 806.2   746.3   600.5   642.3   1.426e3 1.529e3 1.531e3 1.561e3 1.991e3 1.850e3 946.9   1.420e3 1.541e3 1.768e3 1.908e3 2.016e3 1.806e3 1.836e3 1.746e3 1.791e3 1.735e3 1.558e3 1.475e3 1.477e3 1.478e3 2.013e3 2.209e3 1.872e3 769.4   1.216e3 2.328e3 2.491e3 2.299e3 2.454e3 2.696e3 2.553e3 2.529e3 2.061e3 2.047e3 2.407e3 2.294e3 2.164e3 2.116e3 2.423e3 2.627e3 2.342e3 2.612e3 1.676e3 3.302e3 3.389e3 3.373e3 2.815e3 2.783e3 2.656e3 2.795e3 2.333e3 2.403e3 2.729e3 2.634e3 2.214e3 1.984e3 2.385e3 2.406e3 2.445e3 2.322e3 2.282e3 2.299e3 2.321e3 2.187e3 1.815e3 1.935e3 2.342e3 1.967e3 1.898e3 2.168e3 2.364e3 3.029e3 3.069e3 3.688e3 3.689e3 3.421e3 3.252e3 3.204e3 3.014e3 3.030e3 2.372e3 
   650.e3  218.4   286.2   539.1   826.3   1.056e3 1.071e3 834.1   786.0   626.6   671.9   1.488e3 1.586e3 1.589e3 1.634e3 2.085e3 1.963e3 1.018e3 1.520e3 1.630e3 1.866e3 1.992e3 2.111e3 1.893e3 1.960e3 1.832e3 1.873e3 1.816e3 1.641e3 1.549e3 1.561e3 1.548e3 2.099e3 2.312e3 1.961e3 822.8   1.292e3 2.437e3 2.620e3 2.408e3 2.584e3 2.812e3 2.670e3 2.652e3 2.173e3 2.169e3 2.522e3 2.408e3 2.268e3 2.228e3 2.516e3 2.762e3 2.476e3 2.733e3 1.812e3 3.467e3 3.562e3 3.534e3 2.966e3 2.928e3 2.796e3 2.946e3 2.451e3 2.529e3 2.827e3 2.791e3 2.337e3 2.087e3 2.514e3 2.515e3 2.572e3 2.448e3 2.405e3 2.407e3 2.432e3 2.309e3 1.934e3 2.040e3 2.467e3 2.079e3 2.003e3 2.287e3 2.473e3 3.194e3 3.214e3 3.856e3 3.879e3 3.575e3 3.403e3 3.385e3 3.179e3 3.185e3 2.499e3 
   700.e3  226.6   299.3   569.3   861.2   1.087e3 1.101e3 860.4   825.2   654.2   702.0   1.548e3 1.641e3 1.648e3 1.707e3 2.177e3 2.074e3 1.084e3 1.615e3 1.718e3 1.962e3 2.073e3 2.204e3 1.980e3 2.083e3 1.915e3 1.952e3 1.894e3 1.724e3 1.622e3 1.644e3 1.615e3 2.183e3 2.413e3 2.047e3 877.1   1.369e3 2.545e3 2.746e3 2.515e3 2.709e3 2.924e3 2.786e3 2.772e3 2.284e3 2.288e3 2.632e3 2.520e3 2.369e3 2.336e3 2.610e3 2.894e3 2.609e3 2.851e3 1.947e3 3.627e3 3.732e3 3.692e3 3.114e3 3.071e3 2.934e3 3.094e3 2.568e3 2.653e3 2.922e3 2.947e3 2.459e3 2.188e3 2.640e3 2.621e3 2.696e3 2.569e3 2.525e3 2.511e3 2.540e3 2.430e3 2.051e3 2.141e3 2.590e3 2.192e3 2.106e3 2.404e3 2.580e3 3.353e3 3.356e3 4.018e3 4.063e3 3.724e3 3.552e3 3.562e3 3.341e3 3.337e3 2.626e3 
   800.e3  241.7   325.7   627.7   928.1   1.146e3 1.162e3 909.1   902.6   713.6   762.8   1.666e3 1.748e3 1.764e3 1.853e3 2.351e3 2.292e3 1.205e3 1.790e3 1.892e3 2.145e3 2.231e3 2.382e3 2.147e3 2.321e3 2.071e3 2.104e3 2.042e3 1.888e3 1.762e3 1.806e3 1.747e3 2.344e3 2.607e3 2.217e3 988.7   1.524e3 2.755e3 2.994e3 2.725e3 2.949e3 3.138e3 3.011e3 3.008e3 2.501e3 2.520e3 2.833e3 2.738e3 2.568e3 2.536e3 2.800e3 3.153e3 2.870e3 3.081e3 2.214e3 3.936e3 4.061e3 3.996e3 3.406e3 3.349e3 3.206e3 3.381e3 2.799e3 2.891e3 3.105e3 3.251e3 2.694e3 2.386e3 2.879e3 2.827e3 2.936e3 2.800e3 2.759e3 2.711e3 2.750e3 2.664e3 2.280e3 2.337e3 2.825e3 2.418e3 2.304e3 2.628e3 2.795e3 3.660e3 3.632e3 4.325e3 4.415e3 4.014e3 3.843e3 3.906e3 3.655e3 3.634e3 2.878e3 
   900.e3  255.4   351.6   683.9   991.4   1.203e3 1.223e3 953.8   978.6   777.4   824.2   1.780e3 1.849e3 1.880e3 1.997e3 2.516e3 2.505e3 1.311e3 1.944e3 2.063e3 2.319e3 2.384e3 2.552e3 2.310e3 2.548e3 2.216e3 2.250e3 2.181e3 2.047e3 1.897e3 1.962e3 1.875e3 2.498e3 2.793e3 2.382e3 1.105e3 1.681e3 2.959e3 3.235e3 2.933e3 3.177e3 3.339e3 3.230e3 3.237e3 2.712e3 2.742e3 3.013e3 2.948e3 2.762e3 2.720e3 2.994e3 3.403e3 3.125e3 3.303e3 2.477e3 4.231e3 4.378e3 4.288e3 3.693e3 3.620e3 3.468e3 3.659e3 3.027e3 3.120e3 3.279e3 3.547e3 2.920e3 2.580e3 3.105e3 3.025e3 3.168e3 3.017e3 2.985e3 2.901e3 2.952e3 2.889e3 2.501e3 2.524e3 3.051e3 2.642e3 2.494e3 2.843e3 3.008e3 3.952e3 3.898e3 4.613e3 4.748e3 4.291e3 4.129e3 4.238e3 3.958e3 3.923e3 3.129e3 
   1.00e6  267.9   377.0   738.1   1.051e3 1.256e3 1.284e3 995.7   1.053e3 844.7   885.8   1.891e3 1.946e3 1.994e3 2.140e3 2.673e3 2.712e3 1.405e3 2.075e3 2.232e3 2.485e3 2.531e3 2.714e3 2.467e3 2.764e3 2.351e3 2.390e3 2.311e3 2.202e3 2.027e3 2.113e3 1.999e3 2.646e3 2.971e3 2.542e3 1.225e3 1.840e3 3.159e3 3.470e3 3.136e3 3.395e3 3.528e3 3.443e3 3.460e3 2.918e3 2.957e3 3.178e3 3.153e3 2.951e3 2.892e3 3.190e3 3.646e3 3.374e3 3.518e3 2.736e3 4.514e3 4.683e3 4.570e3 3.974e3 3.884e3 3.720e3 3.927e3 3.252e3 3.338e3 3.448e3 3.836e3 3.140e3 2.769e3 3.321e3 3.217e3 3.393e3 3.222e3 3.204e3 3.083e3 3.147e3 3.105e3 2.716e3 2.702e3 3.268e3 2.863e3 2.677e3 3.051e3 3.220e3 4.231e3 4.156e3 4.882e3 5.065e3 4.559e3 4.408e3 4.559e3 4.251e3 4.204e3 3.380e3 
   1.10e6  279.5   402.0   790.5   1.108e3 1.308e3 1.345e3 1.036e3 1.127e3 914.3   947.3   1.998e3 2.039e3 2.107e3 2.280e3 2.822e3 2.913e3 1.489e3 2.187e3 2.397e3 2.643e3 2.674e3 2.871e3 2.621e3 2.968e3 2.479e3 2.525e3 2.433e3 2.352e3 2.154e3 2.260e3 2.120e3 2.789e3 3.142e3 2.698e3 1.349e3 2.001e3 3.354e3 3.699e3 3.336e3 3.605e3 3.709e3 3.650e3 3.677e3 3.119e3 3.164e3 3.331e3 3.351e3 3.135e3 3.054e3 3.389e3 3.880e3 3.615e3 3.728e3 2.993e3 4.787e3 4.979e3 4.841e3 4.250e3 4.142e3 3.961e3 4.186e3 3.474e3 3.545e3 3.611e3 4.118e3 3.352e3 2.956e3 3.526e3 3.404e3 3.613e3 3.417e3 3.418e3 3.259e3 3.336e3 3.313e3 2.924e3 2.873e3 3.477e3 3.082e3 2.855e3 3.252e3 3.431e3 4.498e3 4.407e3 5.135e3 5.369e3 4.818e3 4.683e3 4.871e3 4.536e3 4.479e3 3.630e3 
   1.20e6  290.3   426.9   841.3   1.163e3 1.358e3 1.406e3 1.075e3 1.199e3 985.7   1.008e3 2.103e3 2.129e3 2.218e3 2.416e3 2.965e3 3.108e3 1.569e3 2.284e3 2.560e3 2.795e3 2.813e3 3.022e3 2.771e3 3.160e3 2.602e3 2.656e3 2.549e3 2.496e3 2.277e3 2.401e3 2.238e3 2.928e3 3.306e3 2.849e3 1.478e3 2.165e3 3.546e3 3.923e3 3.534e3 3.807e3 3.881e3 3.853e3 3.889e3 3.315e3 3.365e3 3.477e3 3.543e3 3.316e3 3.206e3 3.588e3 4.106e3 3.848e3 3.933e3 3.248e3 5.050e3 5.264e3 5.104e3 4.522e3 4.393e3 4.190e3 4.437e3 3.693e3 3.743e3 3.770e3 4.392e3 3.559e3 3.139e3 3.724e3 3.586e3 3.827e3 3.604e3 3.627e3 3.430e3 3.521e3 3.513e3 3.126e3 3.037e3 3.680e3 3.296e3 3.028e3 3.448e3 3.641e3 4.753e3 4.651e3 5.373e3 5.660e3 5.069e3 4.954e3 5.173e3 4.813e3 4.748e3 3.881e3 
   1.30e6  300.7   451.9   890.6   1.214e3 1.407e3 1.467e3 1.113e3 1.270e3 1.058e3 1.069e3 2.205e3 2.216e3 2.326e3 2.550e3 3.101e3 3.297e3 1.647e3 2.372e3 2.720e3 2.942e3 2.948e3 3.169e3 2.917e3 3.342e3 2.719e3 2.783e3 2.660e3 2.635e3 2.397e3 2.538e3 2.353e3 3.063e3 3.463e3 2.998e3 1.610e3 2.330e3 3.734e3 4.142e3 3.728e3 4.004e3 4.049e3 4.051e3 4.096e3 3.508e3 3.560e3 3.617e3 3.730e3 3.494e3 3.352e3 3.788e3 4.325e3 4.074e3 4.135e3 3.501e3 5.306e3 5.541e3 5.358e3 4.790e3 4.638e3 4.407e3 4.681e3 3.909e3 3.931e3 3.927e3 4.659e3 3.762e3 3.320e3 3.914e3 3.763e3 4.037e3 3.783e3 3.831e3 3.597e3 3.702e3 3.706e3 3.323e3 3.195e3 3.876e3 3.507e3 3.198e3 3.638e3 3.851e3 4.998e3 4.890e3 5.598e3 5.940e3 5.314e3 5.221e3 5.468e3 5.084e3 5.011e3 4.132e3 
   1.40e6  310.7   477.1   938.3   1.264e3 1.456e3 1.526e3 1.150e3 1.340e3 1.131e3 1.130e3 2.303e3 2.300e3 2.431e3 2.680e3 3.231e3 3.479e3 1.727e3 2.457e3 2.877e3 3.083e3 3.081e3 3.312e3 3.060e3 3.514e3 2.834e3 2.907e3 2.767e3 2.770e3 2.514e3 2.670e3 2.466e3 3.196e3 3.614e3 3.142e3 1.747e3 2.498e3 3.919e3 4.356e3 3.919e3 4.195e3 4.214e3 4.246e3 4.298e3 3.697e3 3.750e3 3.755e3 3.913e3 3.668e3 3.493e3 3.988e3 4.536e3 4.293e3 4.333e3 3.752e3 5.554e3 5.810e3 5.604e3 5.054e3 4.877e3 4.613e3 4.917e3 4.122e3 4.111e3 4.081e3 4.920e3 3.959e3 3.498e3 4.097e3 3.937e3 4.242e3 3.955e3 4.032e3 3.760e3 3.878e3 3.892e3 3.513e3 3.348e3 4.066e3 3.714e3 3.363e3 3.824e3 4.059e3 5.235e3 5.123e3 5.811e3 6.211e3 5.552e3 5.485e3 5.755e3 5.348e3 5.269e3 4.383e3 
   1.50e6  320.5   502.7   984.5   1.312e3 1.503e3 1.585e3 1.187e3 1.409e3 1.205e3 1.189e3 2.399e3 2.382e3 2.534e3 2.807e3 3.355e3 3.655e3 1.812e3 2.542e3 3.031e3 3.220e3 3.210e3 3.451e3 3.201e3 3.676e3 2.946e3 3.028e3 2.871e3 2.899e3 2.629e3 2.798e3 2.577e3 3.325e3 3.760e3 3.283e3 1.886e3 2.667e3 4.101e3 4.565e3 4.107e3 4.381e3 4.377e3 4.436e3 4.496e3 3.882e3 3.934e3 3.892e3 4.091e3 3.839e3 3.629e3 4.187e3 4.739e3 4.505e3 4.528e3 4.002e3 5.795e3 6.071e3 5.844e3 5.315e3 5.110e3 4.808e3 5.148e3 4.332e3 4.283e3 4.233e3 5.173e3 4.153e3 3.673e3 4.275e3 4.108e3 4.445e3 4.121e3 4.228e3 3.921e3 4.052e3 4.073e3 3.698e3 3.497e3 4.252e3 3.917e3 3.526e3 4.007e3 4.266e3 5.462e3 5.351e3 6.015e3 6.472e3 5.786e3 5.747e3 6.036e3 5.606e3 5.523e3 4.635e3 
   1.60e6  330.1   528.5   1.029e3 1.358e3 1.550e3 1.643e3 1.225e3 1.477e3 1.279e3 1.249e3 2.493e3 2.462e3 2.635e3 2.930e3 3.474e3 3.825e3 1.902e3 2.629e3 3.182e3 3.352e3 3.336e3 3.587e3 3.339e3 3.831e3 3.055e3 3.147e3 2.974e3 3.024e3 2.741e3 2.922e3 2.687e3 3.452e3 3.901e3 3.421e3 2.029e3 2.838e3 4.280e3 4.770e3 4.293e3 4.564e3 4.539e3 4.623e3 4.689e3 4.064e3 4.113e3 4.029e3 4.265e3 4.006e3 3.762e3 4.385e3 4.936e3 4.710e3 4.719e3 4.251e3 6.030e3 6.325e3 6.077e3 5.571e3 5.337e3 4.993e3 5.372e3 4.540e3 4.448e3 4.384e3 5.420e3 4.344e3 3.846e3 4.448e3 4.276e3 4.644e3 4.283e3 4.422e3 4.079e3 4.222e3 4.249e3 3.878e3 3.642e3 4.433e3 4.117e3 3.686e3 4.186e3 4.473e3 5.682e3 5.576e3 6.211e3 6.725e3 6.015e3 6.005e3 6.311e3 5.859e3 5.772e3 4.888e3 
   1.70e6  339.7   554.7   1.073e3 1.402e3 1.596e3 1.700e3 1.263e3 1.544e3 1.352e3 1.308e3 2.583e3 2.539e3 2.732e3 3.049e3 3.589e3 3.989e3 1.999e3 2.721e3 3.331e3 3.480e3 3.460e3 3.721e3 3.475e3 3.979e3 3.164e3 3.263e3 3.075e3 3.145e3 2.851e3 3.042e3 2.794e3 3.576e3 4.037e3 3.556e3 2.174e3 3.010e3 4.456e3 4.970e3 4.475e3 4.742e3 4.702e3 4.806e3 4.878e3 4.242e3 4.287e3 4.165e3 4.435e3 4.171e3 3.893e3 4.581e3 5.125e3 4.908e3 4.909e3 4.499e3 6.259e3 6.571e3 6.303e3 5.824e3 5.559e3 5.169e3 5.591e3 4.746e3 4.608e3 4.534e3 5.661e3 4.531e3 4.016e3 4.616e3 4.440e3 4.840e3 4.439e3 4.612e3 4.235e3 4.390e3 4.421e3 4.053e3 3.784e3 4.610e3 4.313e3 3.843e3 4.362e3 4.678e3 5.895e3 5.796e3 6.399e3 6.971e3 6.239e3 6.261e3 6.579e3 6.107e3 6.018e3 5.141e3 
   1.80e6  349.4   581.1   1.115e3 1.445e3 1.642e3 1.756e3 1.300e3 1.611e3 1.425e3 1.367e3 2.671e3 2.615e3 2.828e3 3.165e3 3.698e3 4.147e3 2.103e3 2.818e3 3.477e3 3.605e3 3.582e3 3.852e3 3.609e3 4.120e3 3.271e3 3.377e3 3.175e3 3.261e3 2.959e3 3.158e3 2.901e3 3.697e3 4.169e3 3.688e3 2.321e3 3.183e3 4.630e3 5.167e3 4.655e3 4.918e3 4.865e3 4.987e3 5.063e3 4.418e3 4.457e3 4.302e3 4.601e3 4.334e3 4.023e3 4.776e3 5.308e3 5.100e3 5.095e3 4.745e3 6.482e3 6.811e3 6.524e3 6.073e3 5.776e3 5.338e3 5.804e3 4.949e3 4.763e3 4.682e3 5.896e3 4.716e3 4.183e3 4.780e3 4.602e3 5.033e3 4.592e3 4.799e3 4.389e3 4.555e3 4.589e3 4.222e3 3.923e3 4.784e3 4.506e3 3.999e3 4.535e3 4.881e3 6.101e3 6.012e3 6.581e3 7.209e3 6.459e3 6.515e3 6.843e3 6.351e3 6.259e3 5.394e3 
   2.00e6  369.1   634.2   1.195e3 1.526e3 1.733e3 1.865e3 1.377e3 1.742e3 1.570e3 1.485e3 2.841e3 2.762e3 3.010e3 3.386e3 3.905e3 4.446e3 2.329e3 3.028e3 3.760e3 3.845e3 3.818e3 4.107e3 3.870e3 4.388e3 3.481e3 3.598e3 3.375e3 3.485e3 3.170e3 3.380e3 3.109e3 3.934e3 4.422e3 3.944e3 2.622e3 3.532e3 4.971e3 5.548e3 5.008e3 5.261e3 5.193e3 5.338e3 5.422e3 4.759e3 4.785e3 4.576e3 4.924e3 4.650e3 4.280e3 5.159e3 5.657e3 5.468e3 5.461e3 5.235e3 6.912e3 7.273e3 6.950e3 6.560e3 6.194e3 5.658e3 6.217e3 5.348e3 5.062e3 4.977e3 6.347e3 5.077e3 4.511e3 5.097e3 4.917e3 5.411e3 4.887e3 5.164e3 4.693e3 4.878e3 4.917e3 4.548e3 4.195e3 5.121e3 4.881e3 4.304e3 4.875e3 5.284e3 6.496e3 6.434e3 6.931e3 7.667e3 6.889e3 7.015e3 7.355e3 6.824e3 6.732e3 5.900e3 
   2.25e6  394.7   700.5   1.289e3 1.622e3 1.843e3 1.995e3 1.476e3 1.901e3 1.748e3 1.631e3 3.040e3 2.936e3 3.225e3 3.643e3 4.143e3 4.790e3 2.642e3 3.312e3 4.099e3 4.129e3 4.101e3 4.415e3 4.186e3 4.698e3 3.739e3 3.865e3 3.623e3 3.748e3 3.425e3 3.641e3 3.362e3 4.219e3 4.718e3 4.250e3 3.007e3 3.970e3 5.384e3 6.002e3 5.433e3 5.675e3 5.608e3 5.762e3 5.850e3 5.169e3 5.175e3 4.919e3 5.312e3 5.032e3 4.601e3 5.626e3 6.063e3 5.901e3 5.907e3 5.841e3 7.422e3 7.818e3 7.454e3 7.148e3 6.690e3 6.036e3 6.709e3 5.834e3 5.421e3 5.340e3 6.879e3 5.517e3 4.908e3 5.477e3 5.299e3 5.870e3 5.240e3 5.604e3 5.066e3 5.270e3 5.313e3 4.932e3 4.526e3 5.526e3 5.333e3 4.677e3 5.287e3 5.779e3 6.959e3 6.943e3 7.349e3 8.209e3 7.408e3 7.630e3 7.970e3 7.394e3 7.305e3 6.533e3 
   2.50e6  421.9   765.9   1.376e3 1.711e3 1.951e3 2.120e3 1.578e3 2.055e3 1.921e3 1.776e3 3.227e3 3.103e3 3.426e3 3.881e3 4.360e3 5.103e3 2.979e3 3.614e3 4.423e3 4.398e3 4.372e3 4.713e3 4.492e3 4.988e3 3.990e3 4.121e3 3.872e3 3.997e3 3.670e3 3.885e3 3.609e3 4.493e3 4.997e3 4.541e3 3.396e3 4.408e3 5.784e3 6.434e3 5.844e3 6.077e3 6.024e3 6.170e3 6.257e3 5.563e3 5.545e3 5.261e3 5.683e3 5.400e3 4.925e3 6.078e3 6.441e3 6.309e3 6.338e3 6.437e3 7.903e3 8.332e3 7.931e3 7.711e3 7.158e3 6.399e3 7.177e3 6.306e3 5.771e3 5.700e3 7.378e3 5.946e3 5.290e3 5.841e3 5.667e3 6.314e3 5.579e3 6.029e3 5.432e3 5.652e3 5.697e3 5.295e3 4.850e3 5.916e3 5.767e3 5.042e3 5.688e3 6.263e3 7.396e3 7.433e3 7.752e3 8.720e3 7.909e3 8.231e3 8.558e3 7.942e3 7.859e3 7.164e3 
   2.75e6  450.7   829.5   1.456e3 1.795e3 2.055e3 2.240e3 1.683e3 2.206e3 2.088e3 1.922e3 3.403e3 3.263e3 3.613e3 4.101e3 4.560e3 5.387e3 3.330e3 3.926e3 4.730e3 4.653e3 4.632e3 5.001e3 4.787e3 5.262e3 4.236e3 4.368e3 4.119e3 4.236e3 3.908e3 4.114e3 3.850e3 4.758e3 5.261e3 4.819e3 3.786e3 4.841e3 6.172e3 6.845e3 6.241e3 6.467e3 6.439e3 6.564e3 6.645e3 5.941e3 5.897e3 5.598e3 6.041e3 5.756e3 5.253e3 6.514e3 6.796e3 6.697e3 6.755e3 7.022e3 8.359e3 8.818e3 8.384e3 8.251e3 7.601e3 6.753e3 7.623e3 6.765e3 6.115e3 6.056e3 7.846e3 6.365e3 5.658e3 6.193e3 6.023e3 6.745e3 5.907e3 6.439e3 5.793e3 6.023e3 6.072e3 5.641e3 5.168e3 6.294e3 6.186e3 5.400e3 6.079e3 6.736e3 7.810e3 7.908e3 8.144e3 9.205e3 8.395e3 8.821e3 9.124e3 8.469e3 8.395e3 7.790e3 
   3.00e6  481.1   891.1   1.530e3 1.874e3 2.157e3 2.355e3 1.791e3 2.353e3 2.250e3 2.066e3 3.569e3 3.417e3 3.789e3 4.304e3 4.745e3 5.647e3 3.689e3 4.241e3 5.023e3 4.896e3 4.883e3 5.281e3 5.073e3 5.523e3 4.477e3 4.607e3 4.364e3 4.465e3 4.139e3 4.332e3 4.086e3 5.013e3 5.511e3 5.085e3 4.174e3 5.268e3 6.548e3 7.236e3 6.624e3 6.848e3 6.850e3 6.944e3 7.016e3 6.304e3 6.232e3 5.932e3 6.386e3 6.100e3 5.584e3 6.934e3 7.132e3 7.068e3 7.158e3 7.593e3 8.792e3 9.278e3 8.816e3 8.765e3 8.021e3 7.103e3 8.049e3 7.210e3 6.455e3 6.408e3 8.288e3 6.774e3 6.013e3 6.534e3 6.369e3 7.162e3 6.225e3 6.836e3 6.148e3 6.384e3 6.438e3 5.973e3 5.482e3 6.661e3 6.590e3 5.752e3 6.462e3 7.198e3 8.205e3 8.367e3 8.527e3 9.667e3 8.867e3 9.399e3 9.666e3 8.977e3 8.914e3 8.410e3 
   3.25e6  513.1   950.5   1.599e3 1.949e3 2.255e3 2.465e3 1.900e3 2.496e3 2.407e3 2.211e3 3.727e3 3.566e3 3.955e3 4.493e3 4.916e3 5.884e3 4.048e3 4.555e3 5.302e3 5.128e3 5.125e3 5.552e3 5.350e3 5.771e3 4.711e3 4.839e3 4.606e3 4.687e3 4.364e3 4.540e3 4.316e3 5.261e3 5.751e3 5.340e3 4.558e3 5.687e3 6.912e3 7.608e3 6.993e3 7.220e3 7.254e3 7.312e3 7.371e3 6.653e3 6.554e3 6.259e3 6.719e3 6.432e3 5.917e3 7.339e3 7.452e3 7.425e3 7.547e3 8.148e3 9.204e3 9.714e3 9.227e3 9.254e3 8.421e3 7.449e3 8.456e3 7.644e3 6.791e3 6.756e3 8.703e3 7.175e3 6.356e3 6.866e3 6.704e3 7.566e3 6.535e3 7.219e3 6.498e3 6.737e3 6.796e3 6.293e3 5.792e3 7.018e3 6.981e3 6.100e3 6.837e3 7.649e3 8.584e3 8.812e3 8.903e3 10.11e3 9.326e3 9.965e3 10.19e3 9.467e3 9.417e3 9.021e3 
   3.50e6  546.4   1.007e3 1.663e3 2.021e3 2.349e3 2.570e3 2.012e3 2.635e3 2.558e3 2.354e3 3.878e3 3.709e3 4.111e3 4.669e3 5.076e3 6.102e3 4.404e3 4.865e3 5.568e3 5.350e3 5.358e3 5.816e3 5.617e3 6.010e3 4.939e3 5.063e3 4.844e3 4.903e3 4.583e3 4.740e3 4.543e3 5.501e3 5.980e3 5.585e3 4.936e3 6.096e3 7.266e3 7.963e3 7.350e3 7.583e3 7.651e3 7.668e3 7.711e3 6.990e3 6.863e3 6.581e3 7.043e3 6.755e3 6.251e3 7.729e3 7.758e3 7.770e3 7.920e3 8.685e3 9.597e3 10.13e3 9.621e3 9.718e3 8.802e3 7.792e3 8.846e3 8.064e3 7.124e3 7.100e3 9.096e3 7.567e3 6.687e3 7.189e3 7.031e3 7.956e3 6.839e3 7.591e3 6.844e3 7.082e3 7.147e3 6.604e3 6.098e3 7.366e3 7.360e3 6.443e3 7.205e3 8.088e3 8.948e3 9.243e3 9.272e3 10.53e3 9.773e3 10.52e3 10.69e3 9.940e3 9.904e3 9.622e3 
   3.75e6  580.8   1.062e3 1.723e3 2.089e3 2.440e3 2.672e3 2.124e3 2.770e3 2.704e3 2.496e3 4.022e3 3.848e3 4.257e3 4.832e3 5.226e3 6.302e3 4.752e3 5.169e3 5.821e3 5.563e3 5.583e3 6.072e3 5.876e3 6.239e3 5.161e3 5.282e3 5.078e3 5.113e3 4.796e3 4.933e3 4.764e3 5.735e3 6.200e3 5.821e3 5.305e3 6.494e3 7.608e3 8.300e3 7.695e3 7.937e3 8.037e3 8.012e3 8.036e3 7.314e3 7.159e3 6.896e3 7.356e3 7.067e3 6.583e3 8.104e3 8.053e3 8.104e3 8.277e3 9.203e3 9.971e3 10.53e3 9.999e3 10.16e3 9.168e3 8.131e3 9.221e3 8.474e3 7.453e3 7.441e3 9.469e3 7.950e3 7.008e3 7.505e3 7.349e3 8.334e3 7.137e3 7.951e3 7.185e3 7.420e3 7.491e3 6.907e3 6.401e3 7.706e3 7.727e3 6.781e3 7.566e3 8.515e3 9.300e3 9.661e3 9.634e3 10.94e3 10.21e3 11.06e3 11.17e3 10.40e3 10.37e3 10.21e3 
   4.00e6  616.0   1.114e3 1.778e3 2.154e3 2.527e3 2.769e3 2.238e3 2.902e3 2.845e3 2.637e3 4.159e3 3.982e3 4.396e3 4.985e3 5.366e3 6.486e3 5.091e3 5.465e3 6.062e3 5.768e3 5.801e3 6.322e3 6.126e3 6.459e3 5.377e3 5.494e3 5.307e3 5.318e3 5.004e3 5.120e3 4.982e3 5.962e3 6.412e3 6.048e3 5.666e3 6.880e3 7.940e3 8.623e3 8.028e3 8.284e3 8.414e3 8.346e3 8.349e3 7.626e3 7.445e3 7.204e3 7.661e3 7.371e3 6.914e3 8.466e3 8.337e3 8.428e3 8.618e3 9.701e3 10.33e3 10.91e3 10.36e3 10.57e3 9.518e3 8.465e3 9.581e3 8.872e3 7.778e3 7.776e3 9.822e3 8.324e3 7.318e3 7.814e3 7.659e3 8.698e3 7.429e3 8.300e3 7.521e3 7.750e3 7.828e3 7.204e3 6.700e3 8.039e3 8.083e3 7.116e3 7.920e3 8.931e3 9.641e3 10.07e3 9.988e3 11.32e3 10.63e3 11.59e3 11.64e3 10.84e3 10.83e3 10.79e3 
   4.50e6  688.2   1.210e3 1.878e3 2.277e3 2.692e3 2.952e3 2.465e3 3.153e3 3.112e3 2.913e3 4.418e3 4.239e3 4.652e3 5.262e3 5.625e3 6.815e3 5.732e3 6.030e3 6.511e3 6.155e3 6.217e3 6.799e3 6.601e3 6.876e3 5.793e3 5.902e3 5.750e3 5.713e3 5.406e3 5.481e3 5.406e3 6.398e3 6.813e3 6.480e3 6.358e3 7.615e3 8.572e3 9.224e3 8.661e3 8.953e3 9.133e3 8.983e3 8.938e3 8.219e3 7.987e3 7.802e3 8.247e3 7.952e3 7.565e3 9.151e3 8.879e3 9.048e3 9.253e3 10.63e3 11.00e3 11.62e3 11.04e3 11.33e3 10.18e3 9.118e3 10.26e3 9.636e3 8.414e3 8.434e3 10.48e3 9.047e3 7.910e3 8.413e3 8.256e3 9.390e3 8.000e3 8.967e3 8.177e3 8.389e3 8.483e3 7.783e3 7.286e3 8.683e3 8.766e3 7.772e3 8.610e3 9.730e3 10.29e3 10.84e3 10.67e3 12.06e3 11.45e3 12.61e3 12.52e3 11.68e3 11.70e3 11.90e3 
   5.00e6  761.2   1.298e3 1.966e3 2.391e3 2.843e3 3.121e3 2.691e3 3.389e3 3.360e3 3.181e3 4.658e3 4.482e3 4.884e3 5.507e3 5.857e3 7.099e3 6.321e3 6.557e3 6.920e3 6.516e3 6.608e3 7.249e3 7.043e3 7.264e3 6.188e3 6.289e3 6.172e3 6.090e3 5.791e3 5.828e3 5.815e3 6.812e3 7.189e3 6.884e3 7.009e3 8.299e3 9.166e3 9.772e3 9.252e3 9.591e3 9.807e3 9.582e3 9.483e3 8.772e3 8.495e3 8.373e3 8.803e3 8.502e3 8.196e3 9.788e3 9.389e3 9.635e3 9.825e3 11.48e3 11.62e3 12.27e3 11.68e3 11.99e3 10.80e3 9.747e3 10.89e3 10.36e3 9.031e3 9.073e3 11.08e3 9.732e3 8.471e3 8.989e3 8.826e3 10.03e3 8.555e3 9.597e3 8.811e3 9.002e3 9.115e3 8.345e3 7.858e3 9.301e3 9.412e3 8.412e3 9.274e3 10.49e3 10.91e3 11.57e3 11.33e3 12.75e3 12.23e3 13.58e3 13.34e3 12.47e3 12.51e3 12.95e3 
   5.50e6  833.5   1.378e3 2.044e3 2.496e3 2.982e3 3.278e3 2.912e3 3.610e3 3.592e3 3.439e3 4.882e3 4.711e3 5.094e3 5.725e3 6.069e3 7.348e3 6.857e3 7.046e3 7.294e3 6.852e3 6.975e3 7.674e3 7.453e3 7.627e3 6.562e3 6.657e3 6.573e3 6.451e3 6.159e3 6.164e3 6.209e3 7.207e3 7.543e3 7.264e3 7.618e3 8.932e3 9.722e3 10.27e3 9.804e3 10.20e3 10.44e3 10.15e3 9.991e3 9.289e3 8.972e3 8.920e3 9.331e3 9.023e3 8.803e3 10.38e3 9.874e3 10.19e3 10.34e3 12.25e3 12.20e3 12.87e3 12.27e3 12.58e3 11.38e3 10.35e3 11.48e3 11.05e3 9.628e3 9.692e3 11.63e3 10.38e3 9.003e3 9.545e3 9.372e3 10.63e3 9.093e3 10.19e3 9.422e3 9.591e3 9.724e3 8.892e3 8.415e3 9.894e3 10.03e3 9.035e3 9.914e3 11.20e3 11.51e3 12.26e3 11.96e3 13.39e3 12.97e3 14.50e3 14.11e3 13.21e3 13.28e3 13.93e3 
   6.00e6  903.9   1.451e3 2.114e3 2.594e3 3.109e3 3.423e3 3.125e3 3.815e3 3.807e3 3.686e3 5.090e3 4.929e3 5.286e3 5.920e3 6.263e3 7.569e3 7.341e3 7.497e3 7.637e3 7.168e3 7.322e3 8.074e3 7.835e3 7.967e3 6.917e3 7.008e3 6.953e3 6.796e3 6.512e3 6.489e3 6.589e3 7.584e3 7.877e3 7.622e3 8.188e3 9.516e3 10.24e3 10.73e3 10.32e3 10.77e3 11.02e3 10.68e3 10.46e3 9.774e3 9.422e3 9.441e3 9.835e3 9.518e3 9.383e3 10.94e3 10.33e3 10.72e3 10.80e3 12.95e3 12.74e3 13.44e3 12.82e3 13.10e3 11.92e3 10.92e3 12.03e3 11.70e3 10.20e3 10.29e3 12.13e3 10.99e3 9.511e3 10.08e3 9.894e3 11.18e3 9.618e3 10.76e3 10.01e3 10.16e3 10.31e3 9.425e3 8.956e3 10.46e3 10.61e3 9.640e3 10.53e3 11.87e3 12.07e3 12.91e3 12.55e3 14.00e3 13.67e3 15.37e3 14.82e3 13.91e3 13.99e3 14.85e3 
   6.50e6  971.6   1.517e3 2.176e3 2.686e3 3.226e3 3.557e3 3.330e3 4.006e3 4.007e3 3.923e3 5.286e3 5.135e3 5.463e3 6.097e3 6.442e3 7.766e3 7.778e3 7.914e3 7.952e3 7.464e3 7.650e3 8.451e3 8.189e3 8.287e3 7.253e3 7.343e3 7.313e3 7.127e3 6.850e3 6.805e3 6.956e3 7.943e3 8.193e3 7.961e3 8.720e3 10.06e3 10.73e3 11.16e3 10.80e3 11.32e3 11.57e3 11.18e3 10.91e3 10.23e3 9.848e3 9.940e3 10.32e3 9.989e3 9.934e3 11.45e3 10.77e3 11.22e3 11.21e3 13.58e3 13.24e3 13.96e3 13.34e3 13.55e3 12.44e3 11.47e3 12.55e3 12.32e3 10.76e3 10.87e3 12.61e3 11.56e3 9.998e3 10.60e3 10.40e3 11.69e3 10.13e3 11.29e3 10.57e3 10.70e3 10.88e3 9.945e3 9.483e3 11.01e3 11.16e3 10.23e3 11.12e3 12.51e3 12.61e3 13.53e3 13.12e3 14.57e3 14.34e3 16.19e3 15.49e3 14.57e3 14.67e3 15.70e3 
   7.00e6  1.036e3 1.578e3 2.232e3 2.772e3 3.333e3 3.682e3 3.524e3 4.183e3 4.194e3 4.148e3 5.469e3 5.330e3 5.626e3 6.258e3 6.609e3 7.944e3 8.172e3 8.298e3 8.242e3 7.742e3 7.960e3 8.806e3 8.517e3 8.588e3 7.573e3 7.663e3 7.655e3 7.445e3 7.174e3 7.112e3 7.309e3 8.287e3 8.493e3 8.282e3 9.217e3 10.55e3 11.19e3 11.54e3 11.25e3 11.84e3 12.07e3 11.65e3 11.32e3 10.66e3 10.25e3 10.42e3 10.78e3 10.44e3 10.46e3 11.94e3 11.19e3 11.70e3 11.58e3 14.16e3 13.71e3 14.45e3 13.83e3 13.96e3 12.93e3 11.99e3 13.03e3 12.91e3 11.29e3 11.43e3 13.05e3 12.10e3 10.47e3 11.10e3 10.88e3 12.16e3 10.62e3 11.80e3 11.11e3 11.22e3 11.43e3 10.45e3 9.994e3 11.53e3 11.69e3 10.80e3 11.69e3 13.12e3 13.13e3 14.10e3 13.66e3 15.11e3 14.98e3 16.96e3 16.12e3 15.19e3 15.30e3 16.48e3 
   8.00e6  1.154e3 1.685e3 2.331e3 2.927e3 3.521e3 3.906e3 3.881e3 4.496e3 4.532e3 4.563e3 5.803e3 5.691e3 5.918e3 6.541e3 6.912e3 8.254e3 8.847e3 8.979e3 8.759e3 8.253e3 8.531e3 9.454e3 9.106e3 9.141e3 8.167e3 8.260e3 8.284e3 8.041e3 7.784e3 7.701e3 7.977e3 8.931e3 9.052e3 8.877e3 10.12e3 11.43e3 12.01e3 12.24e3 12.07e3 12.78e3 12.99e3 12.52e3 12.08e3 11.45e3 11.00e3 11.30e3 11.63e3 11.27e3 11.42e3 12.82e3 11.97e3 12.59e3 12.24e3 15.19e3 14.57e3 15.35e3 14.73e3 14.64e3 13.84e3 12.96e3 13.92e3 14.00e3 12.29e3 12.48e3 13.86e3 13.07e3 11.35e3 12.05e3 11.78e3 13.00e3 11.58e3 12.74e3 12.12e3 12.20e3 12.47e3 11.42e3 10.97e3 12.51e3 12.68e3 11.88e3 12.76e3 14.23e3 14.12e3 15.16e3 14.66e3 16.11e3 16.17e3 18.35e3 17.27e3 16.33e3 16.46e3 17.87e3 
   9.00e6  1.259e3 1.777e3 2.413e3 3.064e3 3.678e3 4.100e3 4.193e3 4.762e3 4.828e3 4.934e3 6.098e3 6.017e3 6.172e3 6.783e3 7.180e3 8.517e3 9.397e3 9.557e3 9.204e3 8.710e3 9.044e3 10.03e3 9.615e3 9.637e3 8.703e3 8.807e3 8.850e3 8.589e3 8.346e3 8.256e3 8.596e3 9.521e3 9.560e3 9.418e3 10.91e3 12.18e3 12.73e3 12.83e3 12.78e3 13.62e3 13.78e3 13.30e3 12.75e3 12.15e3 11.69e3 12.12e3 12.42e3 12.03e3 12.27e3 13.61e3 12.69e3 13.40e3 12.81e3 16.09e3 15.34e3 16.15e3 15.54e3 15.21e3 14.66e3 13.84e3 14.72e3 15.00e3 13.21e3 13.46e3 14.58e3 13.93e3 12.18e3 12.95e3 12.62e3 13.72e3 12.47e3 13.59e3 13.04e3 13.11e3 13.44e3 12.35e3 11.89e3 13.41e3 13.58e3 12.89e3 13.73e3 15.24e3 15.03e3 16.10e3 15.57e3 17.02e3 17.24e3 19.57e3 18.29e3 17.36e3 17.49e3 19.06e3 
   10.0e6  1.350e3 1.856e3 2.485e3 3.185e3 3.812e3 4.269e3 4.464e3 4.988e3 5.088e3 5.263e3 6.361e3 6.311e3 6.397e3 6.994e3 7.421e3 8.744e3 9.848e3 10.05e3 9.592e3 9.120e3 9.506e3 10.53e3 10.06e3 10.08e3 9.190e3 9.307e3 9.359e3 9.095e3 8.864e3 8.779e3 9.169e3 10.06e3 10.03e3 9.913e3 11.62e3 12.83e3 13.36e3 13.34e3 13.41e3 14.36e3 14.47e3 14.00e3 13.36e3 12.78e3 12.31e3 12.86e3 13.14e3 12.72e3 13.03e3 14.31e3 13.35e3 14.14e3 13.33e3 16.88e3 16.04e3 16.87e3 16.27e3 15.70e3 15.42e3 14.63e3 15.45e3 15.90e3 14.06e3 14.37e3 15.24e3 14.69e3 12.96e3 13.78e3 13.40e3 14.35e3 13.32e3 14.37e3 13.88e3 13.95e3 14.34e3 13.22e3 12.75e3 14.24e3 14.41e3 13.83e3 14.63e3 16.14e3 15.88e3 16.94e3 16.40e3 17.86e3 18.21e3 20.64e3 19.20e3 18.29e3 18.42e3 20.07e3 
   11.0e6  1.431e3 1.926e3 2.547e3 3.292e3 3.925e3 4.416e3 4.698e3 5.178e3 5.319e3 5.554e3 6.595e3 6.576e3 6.597e3 7.179e3 7.639e3 8.944e3 10.22e3 10.46e3 9.931e3 9.490e3 9.923e3 10.98e3 10.44e3 10.49e3 9.633e3 9.766e3 9.818e3 9.561e3 9.342e3 9.269e3 9.699e3 10.56e3 10.46e3 10.37e3 12.25e3 13.38e3 13.91e3 13.79e3 13.96e3 15.00e3 15.07e3 14.62e3 13.90e3 13.35e3 12.89e3 13.53e3 13.80e3 13.36e3 13.71e3 14.94e3 13.96e3 14.81e3 13.82e3 17.60e3 16.67e3 17.51e3 16.93e3 16.13e3 16.11e3 15.35e3 16.11e3 16.73e3 14.85e3 15.20e3 15.84e3 15.37e3 13.69e3 14.57e3 14.13e3 14.91e3 14.12e3 15.09e3 14.65e3 14.72e3 15.18e3 14.03e3 13.56e3 14.99e3 15.18e3 14.70e3 15.45e3 16.96e3 16.67e3 17.69e3 17.17e3 18.62e3 19.09e3 21.56e3 20.02e3 19.14e3 19.26e3 20.93e3 
   12.0e6  1.501e3 1.988e3 2.601e3 3.387e3 4.021e3 4.544e3 4.900e3 5.340e3 5.525e3 5.811e3 6.803e3 6.816e3 6.777e3 7.345e3 7.838e3 9.122e3 10.53e3 10.82e3 10.23e3 9.826e3 10.30e3 11.38e3 10.78e3 10.85e3 10.04e3 10.19e3 10.23e3 9.992e3 9.783e3 9.729e3 10.19e3 11.02e3 10.85e3 10.79e3 12.82e3 13.85e3 14.39e3 14.18e3 14.45e3 15.57e3 15.61e3 15.18e3 14.39e3 13.87e3 13.41e3 14.15e3 14.41e3 13.94e3 14.31e3 15.51e3 14.52e3 15.43e3 14.30e3 18.26e3 17.24e3 18.10e3 17.53e3 16.52e3 16.75e3 16.01e3 16.71e3 17.48e3 15.58e3 15.98e3 16.40e3 16.00e3 14.37e3 15.30e3 14.81e3 15.41e3 14.87e3 15.75e3 15.35e3 15.44e3 15.97e3 14.81e3 14.32e3 15.68e3 15.89e3 15.50e3 16.20e3 17.70e3 17.41e3 18.36e3 17.88e3 19.33e3 19.89e3 22.36e3 20.77e3 19.92e3 20.02e3 21.68e3 
   13.0e6  1.563e3 2.043e3 2.650e3 3.471e3 4.103e3 4.657e3 5.076e3 5.478e3 5.710e3 6.037e3 6.989e3 7.033e3 6.940e3 7.494e3 8.020e3 9.281e3 10.78e3 11.11e3 10.50e3 10.13e3 10.64e3 11.72e3 11.09e3 11.19e3 10.40e3 10.57e3 10.61e3 10.39e3 10.19e3 10.16e3 10.64e3 11.45e3 11.22e3 11.17e3 13.33e3 14.27e3 14.81e3 14.53e3 14.88e3 16.06e3 16.08e3 15.68e3 14.83e3 14.34e3 13.90e3 14.72e3 14.96e3 14.48e3 14.85e3 16.03e3 15.04e3 15.99e3 14.77e3 18.87e3 17.77e3 18.63e3 18.08e3 16.89e3 17.34e3 16.60e3 17.26e3 18.18e3 16.25e3 16.69e3 16.91e3 16.58e3 15.02e3 15.99e3 15.44e3 15.86e3 15.58e3 16.35e3 16.00e3 16.10e3 16.70e3 15.53e3 15.03e3 16.32e3 16.55e3 16.23e3 16.88e3 18.38e3 18.10e3 18.95e3 18.54e3 19.98e3 20.61e3 23.06e3 21.44e3 20.63e3 20.72e3 22.34e3 
   14.0e6  1.618e3 2.092e3 2.693e3 3.546e3 4.174e3 4.755e3 5.229e3 5.597e3 5.876e3 6.237e3 7.155e3 7.228e3 7.088e3 7.630e3 8.187e3 9.425e3 10.99e3 11.37e3 10.73e3 10.41e3 10.95e3 12.03e3 11.35e3 11.49e3 10.74e3 10.93e3 10.95e3 10.76e3 10.57e3 10.56e3 11.06e3 11.84e3 11.56e3 11.53e3 13.80e3 14.62e3 15.17e3 14.84e3 15.26e3 16.50e3 16.50e3 16.13e3 15.24e3 14.77e3 14.35e3 15.24e3 15.48e3 14.98e3 15.33e3 16.50e3 15.52e3 16.51e3 15.23e3 19.43e3 18.25e3 19.12e3 18.59e3 17.24e3 17.89e3 17.15e3 17.77e3 18.81e3 16.87e3 17.35e3 17.39e3 17.12e3 15.63e3 16.64e3 16.03e3 16.27e3 16.24e3 16.92e3 16.61e3 16.72e3 17.38e3 16.21e3 15.70e3 16.91e3 17.16e3 16.91e3 17.50e3 19.01e3 18.74e3 19.49e3 19.16e3 20.59e3 21.26e3 23.66e3 22.07e3 21.28e3 21.36e3 22.92e3 
   15.0e6  1.666e3 2.136e3 2.732e3 3.612e3 4.234e3 4.842e3 5.363e3 5.699e3 6.027e3 6.413e3 7.304e3 7.405e3 7.224e3 7.754e3 8.341e3 9.556e3 11.17e3 11.58e3 10.95e3 10.66e3 11.23e3 12.30e3 11.59e3 11.77e3 11.05e3 11.26e3 11.27e3 11.10e3 10.92e3 10.94e3 11.45e3 12.20e3 11.88e3 11.87e3 14.22e3 14.93e3 15.50e3 15.11e3 15.60e3 16.87e3 16.87e3 16.53e3 15.61e3 15.17e3 14.77e3 15.72e3 15.95e3 15.43e3 15.77e3 16.93e3 15.97e3 16.99e3 15.68e3 19.94e3 18.69e3 19.56e3 19.05e3 17.57e3 18.39e3 17.66e3 18.24e3 19.39e3 17.44e3 17.96e3 17.83e3 17.63e3 16.20e3 17.25e3 16.58e3 16.66e3 16.86e3 17.44e3 17.16e3 17.29e3 18.02e3 16.85e3 16.32e3 17.45e3 17.73e3 17.53e3 18.07e3 19.58e3 19.35e3 19.97e3 19.73e3 21.16e3 21.85e3 24.19e3 22.63e3 21.88e3 21.94e3 23.44e3 
   16.0e6  1.708e3 2.175e3 2.766e3 3.671e3 4.287e3 4.918e3 5.481e3 5.787e3 6.163e3 6.569e3 7.437e3 7.565e3 7.348e3 7.868e3 8.484e3 9.675e3 11.31e3 11.75e3 11.14e3 10.89e3 11.49e3 12.54e3 11.81e3 12.03e3 11.33e3 11.56e3 11.55e3 11.41e3 11.24e3 11.29e3 11.80e3 12.53e3 12.17e3 12.18e3 14.60e3 15.20e3 15.78e3 15.35e3 15.91e3 17.20e3 17.20e3 16.90e3 15.95e3 15.53e3 15.16e3 16.16e3 16.38e3 15.86e3 16.16e3 17.33e3 16.38e3 17.43e3 16.12e3 20.42e3 19.09e3 19.97e3 19.48e3 17.88e3 18.86e3 18.12e3 18.67e3 19.93e3 17.98e3 18.52e3 18.25e3 18.11e3 16.74e3 17.82e3 17.09e3 17.02e3 17.44e3 17.92e3 17.68e3 17.82e3 18.61e3 17.45e3 16.90e3 17.95e3 18.26e3 18.10e3 18.60e3 20.10e3 19.91e3 20.41e3 20.27e3 21.69e3 22.39e3 24.64e3 23.16e3 22.44e3 22.49e3 23.92e3 
   17.0e6  1.746e3 2.211e3 2.798e3 3.723e3 4.332e3 4.984e3 5.585e3 5.863e3 6.287e3 6.706e3 7.556e3 7.709e3 7.463e3 7.973e3 8.616e3 9.784e3 11.43e3 11.90e3 11.31e3 11.10e3 11.72e3 12.75e3 12.00e3 12.26e3 11.59e3 11.83e3 11.81e3 11.71e3 11.54e3 11.61e3 12.14e3 12.84e3 12.45e3 12.47e3 14.95e3 15.44e3 16.03e3 15.57e3 16.18e3 17.48e3 17.50e3 17.22e3 16.26e3 15.87e3 15.52e3 16.56e3 16.79e3 16.25e3 16.52e3 17.70e3 16.77e3 17.83e3 16.55e3 20.85e3 19.47e3 20.34e3 19.87e3 18.19e3 19.29e3 18.55e3 19.08e3 20.42e3 18.48e3 19.04e3 18.64e3 18.57e3 17.25e3 18.36e3 17.58e3 17.36e3 17.99e3 18.38e3 18.17e3 18.32e3 19.17e3 18.01e3 17.45e3 18.42e3 18.76e3 18.63e3 19.08e3 20.59e3 20.44e3 20.81e3 20.78e3 22.19e3 22.88e3 25.05e3 23.64e3 22.96e3 22.99e3 24.35e3 
   18.0e6  1.778e3 2.243e3 2.826e3 3.770e3 4.372e3 5.043e3 5.677e3 5.930e3 6.399e3 6.828e3 7.662e3 7.839e3 7.569e3 8.071e3 8.739e3 9.884e3 11.53e3 12.02e3 11.46e3 11.29e3 11.93e3 12.94e3 12.18e3 12.47e3 11.82e3 12.09e3 12.05e3 11.98e3 11.82e3 11.92e3 12.44e3 13.13e3 12.71e3 12.74e3 15.27e3 15.65e3 16.25e3 15.77e3 16.42e3 17.73e3 17.77e3 17.52e3 16.54e3 16.17e3 15.85e3 16.93e3 17.16e3 16.62e3 16.84e3 18.03e3 17.13e3 18.20e3 16.96e3 21.25e3 19.81e3 20.69e3 20.23e3 18.48e3 19.69e3 18.94e3 19.45e3 20.88e3 18.94e3 19.52e3 19.01e3 19.00e3 17.73e3 18.86e3 18.03e3 17.68e3 18.50e3 18.80e3 18.63e3 18.78e3 19.69e3 18.54e3 17.97e3 18.85e3 19.23e3 19.11e3 19.52e3 21.04e3 20.94e3 21.17e3 21.26e3 22.65e3 23.33e3 25.40e3 24.09e3 23.44e3 23.45e3 24.74e3 
   20.0e6  1.830e3 2.298e3 2.875e3 3.846e3 4.436e3 5.139e3 5.830e3 6.038e3 6.593e3 7.029e3 7.842e3 8.062e3 7.760e3 8.247e3 8.959e3 10.06e3 11.67e3 12.20e3 11.73e3 11.63e3 12.29e3 13.24e3 12.48e3 12.85e3 12.24e3 12.54e3 12.47e3 12.46e3 12.31e3 12.47e3 12.98e3 13.64e3 13.17e3 13.23e3 15.81e3 15.98e3 16.62e3 16.11e3 16.83e3 18.13e3 18.22e3 18.03e3 17.05e3 16.72e3 16.46e3 17.58e3 17.81e3 17.27e3 17.42e3 18.63e3 17.78e3 18.87e3 17.75e3 21.95e3 20.43e3 21.29e3 20.88e3 19.03e3 20.41e3 19.64e3 20.12e3 21.68e3 19.77e3 20.38e3 19.68e3 19.81e3 18.61e3 19.78e3 18.86e3 18.29e3 19.42e3 19.57e3 19.45e3 19.60e3 20.62e3 19.50e3 18.90e3 19.64e3 20.08e3 19.97e3 20.31e3 21.85e3 21.84e3 21.80e3 22.12e3 23.50e3 24.11e3 25.99e3 24.88e3 24.30e3 24.29e3 25.45e3 
   22.5e6  1.875e3 2.352e3 2.924e3 3.918e3 4.494e3 5.229e3 5.974e3 6.136e3 6.788e3 7.219e3 8.016e3 8.282e3 7.962e3 8.435e3 9.192e3 10.24e3 11.75e3 12.32e3 12.00e3 11.97e3 12.65e3 13.53e3 12.79e3 13.23e3 12.67e3 13.01e3 12.91e3 12.97e3 12.84e3 13.05e3 13.55e3 14.18e3 13.68e3 13.77e3 16.35e3 16.29e3 16.97e3 16.46e3 17.24e3 18.49e3 18.66e3 18.53e3 17.58e3 17.29e3 17.09e3 18.26e3 18.49e3 17.97e3 18.01e3 19.27e3 18.48e3 19.57e3 18.64e3 22.67e3 21.07e3 21.92e3 21.57e3 19.65e3 21.18e3 20.38e3 20.84e3 22.51e3 20.65e3 21.28e3 20.42e3 20.70e3 19.57e3 20.77e3 19.76e3 18.97e3 20.42e3 20.42e3 20.35e3 20.49e3 21.63e3 20.54e3 19.92e3 20.50e3 20.99e3 20.87e3 21.14e3 22.71e3 22.81e3 22.45e3 23.05e3 24.41e3 24.92e3 26.55e3 25.72e3 25.22e3 25.18e3 26.21e3 
   25.0e6  1.901e3 2.392e3 2.961e3 3.969e3 4.535e3 5.292e3 6.076e3 6.204e3 6.939e3 7.355e3 8.144e3 8.448e3 8.133e3 8.596e3 9.388e3 10.39e3 11.78e3 12.37e3 12.21e3 12.25e3 12.93e3 13.73e3 13.04e3 13.54e3 13.02e3 13.38e3 13.26e3 13.40e3 13.28e3 13.53e3 14.02e3 14.63e3 14.11e3 14.22e3 16.77e3 16.51e3 17.24e3 16.74e3 17.56e3 18.74e3 19.00e3 18.92e3 18.01e3 17.76e3 17.63e3 18.81e3 19.05e3 18.55e3 18.50e3 19.80e3 19.08e3 20.14e3 19.42e3 23.22e3 21.60e3 22.44e3 22.13e3 20.21e3 21.83e3 21.00e3 21.44e3 23.19e3 21.40e3 22.03e3 21.06e3 21.49e3 20.40e3 21.63e3 20.53e3 19.60e3 21.27e3 21.14e3 21.13e3 21.24e3 22.48e3 21.43e3 20.79e3 21.25e3 21.78e3 21.62e3 21.84e3 23.45e3 23.64e3 23.00e3 23.84e3 25.20e3 25.57e3 26.99e3 26.43e3 26.00e3 25.93e3 26.86e3 
   27.5e6  1.913e3 2.422e3 2.989e3 4.003e3 4.562e3 5.335e3 6.145e3 6.250e3 7.054e3 7.451e3 8.236e3 8.572e3 8.277e3 8.734e3 9.551e3 10.51e3 11.76e3 12.36e3 12.37e3 12.47e3 13.14e3 13.87e3 13.23e3 13.79e3 13.31e3 13.69e3 13.54e3 13.75e3 13.64e3 13.94e3 14.41e3 14.99e3 14.48e3 14.61e3 17.08e3 16.66e3 17.43e3 16.97e3 17.81e3 18.92e3 19.25e3 19.22e3 18.36e3 18.16e3 18.08e3 19.25e3 19.51e3 19.04e3 18.91e3 20.24e3 19.58e3 20.62e3 20.09e3 23.64e3 22.04e3 22.85e3 22.60e3 20.71e3 22.37e3 21.51e3 21.95e3 23.75e3 22.02e3 22.65e3 21.61e3 22.17e3 21.12e3 22.36e3 21.19e3 20.17e3 21.99e3 21.78e3 21.79e3 21.87e3 23.19e3 22.19e3 21.53e3 21.91e3 22.46e3 22.24e3 22.44e3 24.07e3 24.35e3 23.46e3 24.51e3 25.88e3 26.10e3 27.34e3 27.02e3 26.66e3 26.57e3 27.42e3 
   30.0e6  1.912e3 2.442e3 3.009e3 4.024e3 4.579e3 5.363e3 6.187e3 6.278e3 7.142e3 7.515e3 8.299e3 8.661e3 8.400e3 8.852e3 9.687e3 10.60e3 11.71e3 12.32e3 12.50e3 12.65e3 13.30e3 13.95e3 13.39e3 13.99e3 13.53e3 13.93e3 13.78e3 14.04e3 13.94e3 14.27e3 14.73e3 15.30e3 14.79e3 14.95e3 17.31e3 16.75e3 17.58e3 17.15e3 18.01e3 19.03e3 19.43e3 19.45e3 18.66e3 18.48e3 18.45e3 19.61e3 19.88e3 19.46e3 19.26e3 20.62e3 20.01e3 21.01e3 20.66e3 23.95e3 22.40e3 23.19e3 22.99e3 21.14e3 22.82e3 21.94e3 22.39e3 24.19e3 22.55e3 23.16e3 22.09e3 22.76e3 21.75e3 22.98e3 21.76e3 20.68e3 22.60e3 22.33e3 22.37e3 22.41e3 23.80e3 22.83e3 22.17e3 22.48e3 23.04e3 22.78e3 22.96e3 24.61e3 24.95e3 23.86e3 25.09e3 26.47e3 26.55e3 27.63e3 27.51e3 27.22e3 27.11e3 27.90e3 
   32.5e6  1.903e3 2.455e3 3.023e3 4.035e3 4.588e3 5.378e3 6.208e3 6.294e3 7.206e3 7.555e3 8.338e3 8.722e3 8.504e3 8.953e3 9.800e3 10.68e3 11.64e3 12.25e3 12.59e3 12.79e3 13.41e3 14.00e3 13.51e3 14.14e3 13.72e3 14.13e3 13.96e3 14.27e3 14.20e3 14.54e3 14.98e3 15.55e3 15.06e3 15.24e3 17.48e3 16.81e3 17.70e3 17.31e3 18.16e3 19.11e3 19.56e3 19.61e3 18.89e3 18.75e3 18.76e3 19.89e3 20.18e3 19.81e3 19.55e3 20.93e3 20.38e3 21.33e3 21.14e3 24.17e3 22.70e3 23.46e3 23.32e3 21.53e3 23.20e3 22.29e3 22.75e3 24.55e3 23.00e3 23.58e3 22.51e3 23.26e3 22.28e3 23.51e3 22.25e3 21.16e3 23.12e3 22.81e3 22.87e3 22.87e3 24.30e3 23.38e3 22.72e3 22.99e3 23.54e3 23.24e3 23.41e3 25.08e3 25.46e3 24.21e3 25.58e3 26.97e3 26.92e3 27.87e3 27.93e3 27.69e3 27.57e3 28.32e3 
   35.0e6  1.887e3 2.462e3 3.031e3 4.037e3 4.591e3 5.383e3 6.213e3 6.300e3 7.253e3 7.575e3 8.358e3 8.760e3 8.592e3 9.039e3 9.893e3 10.73e3 11.56e3 12.16e3 12.66e3 12.89e3 13.48e3 14.02e3 13.61e3 14.26e3 13.86e3 14.28e3 14.11e3 14.46e3 14.40e3 14.76e3 15.19e3 15.75e3 15.30e3 15.49e3 17.59e3 16.84e3 17.78e3 17.45e3 18.29e3 19.16e3 19.65e3 19.73e3 19.09e3 18.97e3 19.01e3 20.12e3 20.42e3 20.10e3 19.81e3 21.19e3 20.69e3 21.59e3 21.53e3 24.31e3 22.94e3 23.67e3 23.58e3 21.86e3 23.51e3 22.59e3 23.06e3 24.84e3 23.37e3 23.93e3 22.88e3 23.69e3 22.74e3 23.96e3 22.67e3 21.59e3 23.56e3 23.24e3 23.30e3 23.26e3 24.73e3 23.84e3 23.19e3 23.44e3 23.97e3 23.63e3 23.80e3 25.48e3 25.89e3 24.52e3 26.01e3 27.41e3 27.23e3 28.09e3 28.27e3 28.09e3 27.96e3 28.68e3 
   37.5e6  1.865e3 2.464e3 3.035e3 4.033e3 4.588e3 5.380e3 6.204e3 6.299e3 7.283e3 7.580e3 8.362e3 8.779e3 8.666e3 9.113e3 9.968e3 10.78e3 11.47e3 12.07e3 12.71e3 12.97e3 13.53e3 14.02e3 13.68e3 14.34e3 13.97e3 14.39e3 14.23e3 14.62e3 14.57e3 14.94e3 15.36e3 15.91e3 15.50e3 15.71e3 17.68e3 16.84e3 17.85e3 17.57e3 18.39e3 19.18e3 19.70e3 19.81e3 19.24e3 19.15e3 19.22e3 20.29e3 20.61e3 20.35e3 20.02e3 21.41e3 20.95e3 21.81e3 21.86e3 24.39e3 23.13e3 23.83e3 23.80e3 22.15e3 23.77e3 22.83e3 23.31e3 25.07e3 23.68e3 24.21e3 23.20e3 24.04e3 23.14e3 24.34e3 23.03e3 21.98e3 23.93e3 23.61e3 23.67e3 23.59e3 25.08e3 24.24e3 23.60e3 23.83e3 24.34e3 23.98e3 24.16e3 25.83e3 26.26e3 24.80e3 26.37e3 27.79e3 27.50e3 28.27e3 28.56e3 28.43e3 28.28e3 28.99e3 
   40.0e6  1.840e3 2.461e3 3.035e3 4.023e3 4.580e3 5.371e3 6.185e3 6.291e3 7.302e3 7.572e3 8.353e3 8.782e3 8.727e3 9.175e3 10.03e3 10.81e3 11.38e3 11.96e3 12.75e3 13.03e3 13.55e3 14.00e3 13.73e3 14.40e3 14.06e3 14.48e3 14.32e3 14.74e3 14.71e3 15.08e3 15.50e3 16.05e3 15.67e3 15.90e3 17.73e3 16.83e3 17.90e3 17.67e3 18.47e3 19.19e3 19.72e3 19.85e3 19.37e3 19.29e3 19.39e3 20.43e3 20.75e3 20.55e3 20.21e3 21.58e3 21.17e3 21.97e3 22.12e3 24.42e3 23.28e3 23.95e3 23.98e3 22.40e3 23.98e3 23.02e3 23.52e3 25.24e3 23.93e3 24.44e3 23.47e3 24.34e3 23.48e3 24.66e3 23.34e3 22.34e3 24.25e3 23.94e3 23.98e3 23.87e3 25.37e3 24.57e3 23.94e3 24.18e3 24.65e3 24.29e3 24.47e3 26.13e3 26.56e3 25.06e3 26.69e3 28.11e3 27.73e3 28.44e3 28.80e3 28.72e3 28.56e3 29.26e3 
   45.0e6  1.783e3 2.446e3 3.025e3 3.992e3 4.554e3 5.338e3 6.123e3 6.262e3 7.308e3 7.529e3 8.304e3 8.753e3 8.818e3 9.270e3 10.11e3 10.83e3 11.20e3 11.75e3 12.77e3 13.08e3 13.53e3 13.92e3 13.78e3 14.45e3 14.16e3 14.57e3 14.44e3 14.90e3 14.91e3 15.27e3 15.68e3 16.23e3 15.93e3 16.19e3 17.76e3 16.78e3 17.97e3 17.84e3 18.59e3 19.17e3 19.68e3 19.87e3 19.53e3 19.50e3 19.63e3 20.59e3 20.93e3 20.86e3 20.50e3 21.84e3 21.51e3 22.20e3 22.49e3 24.36e3 23.47e3 24.10e3 24.23e3 22.79e3 24.28e3 23.29e3 23.84e3 25.46e3 24.31e3 24.76e3 23.91e3 24.77e3 24.01e3 25.14e3 23.83e3 22.95e3 24.74e3 24.49e3 24.47e3 24.31e3 25.81e3 25.07e3 24.48e3 24.74e3 25.14e3 24.81e3 25.01e3 26.61e3 27.03e3 25.53e3 27.21e3 28.63e3 28.10e3 28.72e3 29.15e3 29.15e3 28.98e3 29.69e3 
   50.0e6  1.721e3 2.421e3 3.005e3 3.949e3 4.516e3 5.291e3 6.040e3 6.221e3 7.283e3 7.459e3 8.226e3 8.688e3 8.875e3 9.331e3 10.15e3 10.82e3 11.03e3 11.53e3 12.74e3 13.08e3 13.46e3 13.81e3 13.77e3 14.43e3 14.19e3 14.58e3 14.48e3 14.97e3 15.03e3 15.36e3 15.78e3 16.32e3 16.11e3 16.40e3 17.75e3 16.69e3 18.00e3 17.97e3 18.66e3 19.13e3 19.58e3 19.81e3 19.61e3 19.61e3 19.76e3 20.65e3 21.01e3 21.06e3 20.70e3 21.99e3 21.74e3 22.31e3 22.70e3 24.19e3 23.57e3 24.14e3 24.37e3 23.07e3 24.46e3 23.45e3 24.04e3 25.56e3 24.55e3 24.95e3 24.23e3 25.02e3 24.38e3 25.45e3 24.17e3 23.44e3 25.09e3 24.92e3 24.82e3 24.62e3 26.07e3 25.41e3 24.86e3 25.17e3 25.49e3 25.22e3 25.45e3 26.96e3 27.33e3 25.93e3 27.61e3 29.00e3 28.38e3 28.94e3 29.36e3 29.43e3 29.26e3 29.99e3 
   55.0e6  1.657e3 2.388e3 2.979e3 3.899e3 4.469e3 5.234e3 5.945e3 6.170e3 7.236e3 7.371e3 8.127e3 8.599e3 8.903e3 9.365e3 10.16e3 10.79e3 10.86e3 11.33e3 12.69e3 13.04e3 13.34e3 13.68e3 13.73e3 14.37e3 14.17e3 14.54e3 14.47e3 14.98e3 15.08e3 15.37e3 15.81e3 16.35e3 16.23e3 16.55e3 17.69e3 16.59e3 18.02e3 18.09e3 18.71e3 19.07e3 19.43e3 19.69e3 19.63e3 19.65e3 19.81e3 20.63e3 21.00e3 21.17e3 20.84e3 22.05e3 21.88e3 22.34e3 22.78e3 23.94e3 23.58e3 24.10e3 24.42e3 23.25e3 24.53e3 23.51e3 24.14e3 25.56e3 24.67e3 25.04e3 24.45e3 25.15e3 24.63e3 25.64e3 24.40e3 23.84e3 25.34e3 25.24e3 25.04e3 24.82e3 26.22e3 25.62e3 25.12e3 25.47e3 25.73e3 25.55e3 25.81e3 27.21e3 27.52e3 26.28e3 27.91e3 29.25e3 28.60e3 29.12e3 29.47e3 29.61e3 29.44e3 30.19e3 
   60.0e6  1.594e3 2.352e3 2.947e3 3.845e3 4.415e3 5.171e3 5.843e3 6.114e3 7.172e3 7.273e3 8.014e3 8.494e3 8.908e3 9.377e3 10.15e3 10.73e3 10.71e3 11.13e3 12.61e3 12.96e3 13.20e3 13.53e3 13.66e3 14.27e3 14.11e3 14.46e3 14.42e3 14.95e3 15.09e3 15.34e3 15.79e3 16.33e3 16.31e3 16.64e3 17.62e3 16.48e3 18.01e3 18.18e3 18.73e3 19.00e3 19.24e3 19.54e3 19.60e3 19.63e3 19.80e3 20.55e3 20.93e3 21.22e3 20.91e3 22.05e3 21.95e3 22.31e3 22.76e3 23.65e3 23.53e3 24.00e3 24.42e3 23.36e3 24.53e3 23.49e3 24.18e3 25.49e3 24.71e3 25.04e3 24.60e3 25.17e3 24.77e3 25.73e3 24.54e3 24.15e3 25.52e3 25.49e3 25.18e3 24.95e3 26.26e3 25.74e3 25.27e3 25.68e3 25.87e3 25.82e3 26.10e3 27.38e3 27.61e3 26.59e3 28.13e3 29.42e3 28.77e3 29.25e3 29.50e3 29.69e3 29.52e3 30.31e3 
   65.0e6  1.533e3 2.312e3 2.912e3 3.788e3 4.356e3 5.103e3 5.737e3 6.054e3 7.096e3 7.168e3 7.892e3 8.378e3 8.896e3 9.370e3 10.11e3 10.66e3 10.56e3 10.95e3 12.51e3 12.87e3 13.05e3 13.38e3 13.56e3 14.14e3 14.02e3 14.35e3 14.34e3 14.87e3 15.06e3 15.26e3 15.73e3 16.28e3 16.34e3 16.69e3 17.55e3 16.37e3 17.99e3 18.26e3 18.74e3 18.92e3 19.03e3 19.36e3 19.53e3 19.58e3 19.74e3 20.43e3 20.82e3 21.22e3 20.93e3 22.00e3 21.96e3 22.23e3 22.68e3 23.32e3 23.43e3 23.86e3 24.36e3 23.40e3 24.48e3 23.43e3 24.16e3 25.37e3 24.69e3 24.99e3 24.68e3 25.10e3 24.84e3 25.73e3 24.61e3 24.38e3 25.64e3 25.68e3 25.24e3 25.02e3 26.23e3 25.78e3 25.35e3 25.81e3 25.95e3 26.03e3 26.34e3 27.48e3 27.62e3 26.86e3 28.29e3 29.52e3 28.91e3 29.35e3 29.47e3 29.71e3 29.55e3 30.37e3 
   70.0e6  1.474e3 2.271e3 2.874e3 3.730e3 4.293e3 5.032e3 5.630e3 5.991e3 7.011e3 7.060e3 7.763e3 8.256e3 8.868e3 9.348e3 10.06e3 10.57e3 10.41e3 10.78e3 12.39e3 12.75e3 12.89e3 13.23e3 13.45e3 14.00e3 13.91e3 14.22e3 14.24e3 14.77e3 15.00e3 15.15e3 15.65e3 16.20e3 16.33e3 16.71e3 17.46e3 16.27e3 17.97e3 18.32e3 18.73e3 18.84e3 18.80e3 19.16e3 19.43e3 19.49e3 19.65e3 20.29e3 20.67e3 21.17e3 20.92e3 21.90e3 21.94e3 22.10e3 22.54e3 22.99e3 23.30e3 23.69e3 24.27e3 23.40e3 24.37e3 23.31e3 24.09e3 25.21e3 24.61e3 24.89e3 24.71e3 24.98e3 24.84e3 25.68e3 24.62e3 24.56e3 25.73e3 25.81e3 25.24e3 25.04e3 26.14e3 25.76e3 25.37e3 25.88e3 25.97e3 26.20e3 26.53e3 27.52e3 27.58e3 27.10e3 28.40e3 29.56e3 29.01e3 29.42e3 29.39e3 29.67e3 29.51e3 30.38e3 
   80.0e6  1.384e3 2.198e3 2.795e3 3.615e3 4.176e3 4.899e3 5.447e3 5.878e3 6.837e3 6.861e3 7.532e3 8.027e3 8.783e3 9.274e3 9.923e3 10.39e3 10.21e3 10.50e3 12.16e3 12.51e3 12.60e3 12.95e3 13.23e3 13.70e3 13.68e3 13.95e3 14.03e3 14.56e3 14.83e3 14.92e3 15.47e3 15.98e3 16.26e3 16.66e3 17.23e3 16.06e3 17.88e3 18.38e3 18.69e3 18.66e3 18.40e3 18.80e3 19.22e3 19.29e3 19.45e3 20.00e3 20.36e3 21.04e3 20.84e3 21.68e3 21.82e3 21.84e3 22.17e3 22.33e3 23.01e3 23.34e3 24.06e3 23.33e3 24.14e3 23.08e3 23.92e3 24.88e3 24.41e3 24.67e3 24.67e3 24.67e3 24.76e3 25.51e3 24.58e3 24.76e3 25.81e3 25.98e3 25.16e3 25.04e3 25.92e3 25.64e3 25.35e3 25.91e3 25.94e3 26.42e3 26.76e3 27.52e3 27.43e3 27.45e3 28.46e3 29.49e3 29.13e3 29.46e3 29.20e3 29.55e3 29.41e3 30.32e3 
   90.0e6  1.352e3 2.154e3 2.685e3 3.473e3 4.079e3 4.778e3 5.350e3 5.787e3 6.645e3 6.697e3 7.375e3 7.838e3 8.612e3 9.105e3 9.660e3 10.11e3 10.25e3 10.29e3 11.86e3 12.18e3 12.35e3 12.70e3 13.07e3 13.42e3 13.43e3 13.67e3 13.86e3 14.40e3 14.59e3 14.76e3 15.34e3 15.65e3 16.02e3 16.39e3 16.56e3 15.76e3 17.63e3 18.07e3 18.47e3 18.34e3 18.19e3 18.57e3 19.08e3 19.09e3 19.32e3 19.84e3 20.07e3 20.88e3 20.79e3 21.50e3 21.67e3 21.63e3 21.62e3 21.62e3 22.73e3 23.07e3 23.92e3 23.21e3 23.97e3 23.02e3 23.80e3 24.53e3 24.25e3 24.59e3 24.42e3 24.47e3 24.64e3 25.37e3 24.58e3 24.71e3 25.54e3 25.94e3 25.11e3 25.09e3 25.92e3 25.50e3 25.40e3 25.92e3 25.84e3 26.34e3 26.56e3 27.52e3 27.32e3 27.33e3 27.97e3 28.90e3 28.88e3 29.17e3 29.12e3 29.56e3 29.37e3 30.18e3 
   100.e6  1.279e3 2.075e3 2.572e3 3.324e3 3.954e3 4.628e3 5.192e3 5.641e3 6.420e3 6.481e3 7.160e3 7.603e3 8.394e3 8.885e3 9.358e3 9.795e3 10.08e3 10.03e3 11.51e3 11.82e3 12.02e3 12.40e3 12.79e3 13.05e3 13.12e3 13.32e3 13.58e3 14.12e3 14.27e3 14.49e3 15.06e3 15.26e3 15.69e3 16.04e3 16.05e3 15.41e3 17.27e3 17.68e3 18.12e3 17.92e3 17.84e3 18.23e3 18.76e3 18.74e3 19.01e3 19.52e3 19.68e3 20.54e3 20.55e3 21.15e3 21.35e3 21.25e3 21.11e3 20.96e3 22.31e3 22.65e3 23.56e3 22.91e3 23.58e3 22.72e3 23.46e3 24.02e3 23.89e3 24.27e3 24.03e3 24.10e3 24.31e3 25.01e3 24.34e3 24.47e3 25.11e3 25.70e3 24.89e3 24.91e3 25.65e3 25.19e3 25.22e3 25.66e3 25.55e3 26.05e3 26.23e3 27.28e3 26.98e3 27.05e3 27.64e3 28.40e3 28.54e3 28.78e3 28.83e3 29.29e3 29.09e3 29.84e3 
   110.e6  1.200e3 1.992e3 2.481e3 3.200e3 3.842e3 4.498e3 5.035e3 5.502e3 6.224e3 6.282e3 6.959e3 7.392e3 8.206e3 8.693e3 9.101e3 9.530e3 9.831e3 9.809e3 11.20e3 11.51e3 11.72e3 12.15e3 12.51e3 12.71e3 12.83e3 13.01e3 13.31e3 13.84e3 13.99e3 14.24e3 14.76e3 14.92e3 15.38e3 15.73e3 15.75e3 15.12e3 16.93e3 17.33e3 17.79e3 17.53e3 17.49e3 17.90e3 18.43e3 18.40e3 18.67e3 19.17e3 19.33e3 20.20e3 20.27e3 20.78e3 21.02e3 20.86e3 20.73e3 20.47e3 21.91e3 22.24e3 23.17e3 22.61e3 23.16e3 22.36e3 23.08e3 23.52e3 23.51e3 23.89e3 23.66e3 23.73e3 23.95e3 24.59e3 24.03e3 24.20e3 24.67e3 25.42e3 24.65e3 24.66e3 25.31e3 24.87e3 24.98e3 25.33e3 25.23e3 25.74e3 25.92e3 26.98e3 26.60e3 26.77e3 27.52e3 28.10e3 28.26e3 28.44e3 28.53e3 28.96e3 28.77e3 29.49e3 
   120.e6  1.132e3 1.916e3 2.396e3 3.086e3 3.731e3 4.371e3 4.889e3 5.369e3 6.034e3 6.095e3 6.762e3 7.189e3 8.015e3 8.495e3 8.849e3 9.270e3 9.589e3 9.600e3 10.90e3 11.20e3 11.42e3 11.90e3 12.22e3 12.37e3 12.55e3 12.71e3 13.02e3 13.56e3 13.70e3 13.97e3 14.46e3 14.59e3 15.07e3 15.41e3 15.47e3 14.85e3 16.58e3 16.97e3 17.43e3 17.15e3 17.14e3 17.56e3 18.08e3 18.04e3 18.32e3 18.81e3 18.96e3 19.84e3 19.94e3 20.39e3 20.67e3 20.45e3 20.36e3 20.02e3 21.50e3 21.82e3 22.76e3 22.27e3 22.72e3 21.97e3 22.67e3 23.02e3 23.10e3 23.49e3 23.26e3 23.34e3 23.55e3 24.15e3 23.68e3 23.87e3 24.21e3 25.09e3 24.36e3 24.36e3 24.92e3 24.53e3 24.69e3 24.95e3 24.87e3 25.39e3 25.57e3 26.62e3 26.21e3 26.44e3 27.34e3 27.77e3 27.94e3 28.05e3 28.18e3 28.57e3 28.40e3 29.10e3 
   130.e6  1.075e3 1.846e3 2.317e3 2.980e3 3.621e3 4.248e3 4.754e3 5.243e3 5.851e3 5.921e3 6.572e3 6.996e3 7.823e3 8.297e3 8.604e3 9.017e3 9.355e3 9.401e3 10.61e3 10.91e3 11.12e3 11.65e3 11.93e3 12.04e3 12.26e3 12.41e3 12.73e3 13.27e3 13.41e3 13.70e3 14.15e3 14.27e3 14.75e3 15.09e3 15.21e3 14.59e3 16.23e3 16.60e3 17.06e3 16.78e3 16.79e3 17.22e3 17.73e3 17.68e3 17.96e3 18.44e3 18.58e3 19.46e3 19.59e3 19.99e3 20.30e3 20.04e3 19.99e3 19.60e3 21.08e3 21.39e3 22.34e3 21.92e3 22.27e3 21.57e3 22.25e3 22.53e3 22.67e3 23.07e3 22.84e3 22.95e3 23.13e3 23.69e3 23.31e3 23.51e3 23.75e3 24.72e3 24.04e3 24.04e3 24.51e3 24.17e3 24.37e3 24.55e3 24.51e3 25.02e3 25.20e3 26.22e3 25.80e3 26.08e3 27.12e3 27.41e3 27.58e3 27.63e3 27.80e3 28.16e3 28.00e3 28.69e3 
   140.e6  1.025e3 1.781e3 2.244e3 2.882e3 3.514e3 4.130e3 4.627e3 5.121e3 5.677e3 5.758e3 6.389e3 6.812e3 7.634e3 8.101e3 8.368e3 8.772e3 9.128e3 9.209e3 10.33e3 10.63e3 10.84e3 11.41e3 11.64e3 11.73e3 11.98e3 12.12e3 12.45e3 12.98e3 13.12e3 13.43e3 13.85e3 13.95e3 14.43e3 14.76e3 14.97e3 14.34e3 15.88e3 16.24e3 16.69e3 16.42e3 16.45e3 16.89e3 17.37e3 17.31e3 17.60e3 18.08e3 18.21e3 19.08e3 19.22e3 19.59e3 19.92e3 19.64e3 19.63e3 19.22e3 20.67e3 20.98e3 21.92e3 21.56e3 21.82e3 21.17e3 21.82e3 22.06e3 22.25e3 22.65e3 22.42e3 22.55e3 22.71e3 23.23e3 22.92e3 23.13e3 23.31e3 24.33e3 23.69e3 23.70e3 24.09e3 23.80e3 24.03e3 24.13e3 24.14e3 24.64e3 24.81e3 25.80e3 25.38e3 25.70e3 26.87e3 27.05e3 27.20e3 27.20e3 27.39e3 27.73e3 27.58e3 28.27e3 
   150.e6  981.3   1.721e3 2.175e3 2.790e3 3.411e3 4.017e3 4.508e3 5.006e3 5.511e3 5.606e3 6.213e3 6.637e3 7.449e3 7.907e3 8.141e3 8.538e3 8.910e3 9.023e3 10.05e3 10.36e3 10.57e3 11.18e3 11.36e3 11.43e3 11.71e3 11.84e3 12.18e3 12.70e3 12.84e3 13.16e3 13.55e3 13.64e3 14.12e3 14.44e3 14.75e3 14.11e3 15.54e3 15.89e3 16.32e3 16.07e3 16.12e3 16.55e3 17.01e3 16.96e3 17.25e3 17.72e3 17.84e3 18.70e3 18.83e3 19.18e3 19.54e3 19.24e3 19.28e3 18.86e3 20.27e3 20.57e3 21.50e3 21.20e3 21.37e3 20.77e3 21.40e3 21.61e3 21.82e3 22.23e3 22.01e3 22.17e3 22.28e3 22.77e3 22.53e3 22.73e3 22.87e3 23.92e3 23.33e3 23.35e3 23.66e3 23.43e3 23.68e3 23.72e3 23.76e3 24.25e3 24.43e3 25.37e3 24.97e3 25.30e3 26.59e3 26.67e3 26.81e3 26.76e3 26.98e3 27.29e3 27.15e3 27.84e3 
   160.e6  943.3   1.665e3 2.111e3 2.705e3 3.313e3 3.908e3 4.396e3 4.895e3 5.354e3 5.464e3 6.046e3 6.471e3 7.268e3 7.718e3 7.925e3 8.313e3 8.699e3 8.841e3 9.791e3 10.11e3 10.31e3 10.95e3 11.09e3 11.14e3 11.44e3 11.57e3 11.91e3 12.43e3 12.56e3 12.89e3 13.26e3 13.34e3 13.81e3 14.13e3 14.53e3 13.89e3 15.20e3 15.54e3 15.96e3 15.74e3 15.80e3 16.23e3 16.66e3 16.61e3 16.91e3 17.37e3 17.49e3 18.33e3 18.44e3 18.79e3 19.17e3 18.85e3 18.95e3 18.53e3 19.87e3 20.18e3 21.10e3 20.84e3 20.94e3 20.38e3 20.99e3 21.17e3 21.40e3 21.82e3 21.60e3 21.79e3 21.86e3 22.32e3 22.14e3 22.33e3 22.45e3 23.51e3 22.97e3 22.99e3 23.24e3 23.06e3 23.32e3 23.30e3 23.40e3 23.87e3 24.04e3 24.92e3 24.57e3 24.90e3 26.30e3 26.30e3 26.41e3 26.32e3 26.56e3 26.85e3 26.73e3 27.41e3 
   170.e6  909.6   1.612e3 2.052e3 2.625e3 3.218e3 3.804e3 4.291e3 4.788e3 5.206e3 5.331e3 5.886e3 6.313e3 7.093e3 7.535e3 7.718e3 8.098e3 8.496e3 8.664e3 9.540e3 9.863e3 10.06e3 10.73e3 10.82e3 10.86e3 11.19e3 11.32e3 11.65e3 12.17e3 12.28e3 12.63e3 12.97e3 13.06e3 13.51e3 13.83e3 14.33e3 13.67e3 14.88e3 15.21e3 15.60e3 15.43e3 15.49e3 15.91e3 16.32e3 16.27e3 16.57e3 17.03e3 17.14e3 17.96e3 18.06e3 18.40e3 18.79e3 18.47e3 18.63e3 18.21e3 19.49e3 19.79e3 20.70e3 20.48e3 20.52e3 20.00e3 20.58e3 20.76e3 21.00e3 21.41e3 21.20e3 21.42e3 21.45e3 21.89e3 21.76e3 21.94e3 22.05e3 23.10e3 22.59e3 22.64e3 22.82e3 22.70e3 22.96e3 22.90e3 23.04e3 23.49e3 23.67e3 24.48e3 24.17e3 24.50e3 25.99e3 25.93e3 26.01e3 25.88e3 26.14e3 26.41e3 26.30e3 26.98e3 
   180.e6  879.5   1.564e3 1.996e3 2.550e3 3.129e3 3.704e3 4.190e3 4.686e3 5.066e3 5.207e3 5.734e3 6.164e3 6.924e3 7.357e3 7.521e3 7.893e3 8.300e3 8.490e3 9.300e3 9.632e3 9.818e3 10.52e3 10.56e3 10.60e3 10.94e3 11.08e3 11.40e3 11.92e3 12.02e3 12.38e3 12.69e3 12.79e3 13.22e3 13.53e3 14.13e3 13.47e3 14.57e3 14.89e3 15.26e3 15.12e3 15.19e3 15.60e3 15.98e3 15.94e3 16.25e3 16.70e3 16.80e3 17.60e3 17.67e3 18.03e3 18.43e3 18.11e3 18.32e3 17.92e3 19.13e3 19.42e3 20.31e3 20.13e3 20.11e3 19.63e3 20.19e3 20.36e3 20.60e3 21.01e3 20.81e3 21.06e3 21.05e3 21.47e3 21.38e3 21.54e3 21.66e3 22.69e3 22.22e3 22.29e3 22.40e3 22.35e3 22.60e3 22.50e3 22.69e3 23.12e3 23.30e3 24.04e3 23.78e3 24.10e3 25.68e3 25.57e3 25.61e3 25.45e3 25.73e3 25.97e3 25.89e3 26.56e3 
   200.e6  828.0   1.475e3 1.894e3 2.414e3 2.963e3 3.518e3 4.004e3 4.495e3 4.810e3 4.980e3 5.451e3 5.888e3 6.603e3 7.021e3 7.154e3 7.511e3 7.933e3 8.153e3 8.853e3 9.203e3 9.374e3 10.10e3 10.08e3 10.12e3 10.48e3 10.63e3 10.93e3 11.44e3 11.52e3 11.89e3 12.17e3 12.27e3 12.66e3 12.97e3 13.75e3 13.07e3 13.97e3 14.28e3 14.59e3 14.56e3 14.63e3 15.01e3 15.35e3 15.32e3 15.64e3 16.06e3 16.17e3 16.91e3 16.93e3 17.32e3 17.73e3 17.42e3 17.75e3 17.37e3 18.43e3 18.73e3 19.57e3 19.45e3 19.34e3 18.93e3 19.44e3 19.63e3 19.86e3 20.25e3 20.07e3 20.38e3 20.29e3 20.68e3 20.66e3 20.78e3 20.95e3 21.89e3 21.48e3 21.60e3 21.61e3 21.68e3 21.90e3 21.74e3 22.01e3 22.41e3 22.58e3 23.18e3 23.05e3 23.32e3 25.03e3 24.86e3 24.83e3 24.61e3 24.92e3 25.14e3 25.08e3 25.74e3 
   225.e6  775.2   1.379e3 1.783e3 2.265e3 2.780e3 3.308e3 3.793e3 4.275e3 4.529e3 4.731e3 5.135e3 5.581e3 6.237e3 6.635e3 6.743e3 7.083e3 7.516e3 7.752e3 8.348e3 8.723e3 8.874e3 9.623e3 9.528e3 9.580e3 9.960e3 10.12e3 10.40e3 10.89e3 10.94e3 11.33e3 11.56e3 11.70e3 12.02e3 12.32e3 13.30e3 12.61e3 13.30e3 13.58e3 13.83e3 13.93e3 13.99e3 14.34e3 14.60e3 14.61e3 14.95e3 15.32e3 15.44e3 16.11e3 16.07e3 16.50e3 16.90e3 16.63e3 17.11e3 16.76e3 17.64e3 17.94e3 18.72e3 18.66e3 18.46e3 18.12e3 18.58e3 18.81e3 19.00e3 19.36e3 19.23e3 19.60e3 19.41e3 19.79e3 19.82e3 19.88e3 20.14e3 20.96e3 20.59e3 20.78e3 20.68e3 20.91e3 21.07e3 20.87e3 21.23e3 21.58e3 21.75e3 22.18e3 22.20e3 22.40e3 24.21e3 24.02e3 23.89e3 23.62e3 23.96e3 24.15e3 24.12e3 24.76e3 
   250.e6  731.4   1.296e3 1.687e3 2.135e3 2.620e3 3.121e3 3.603e3 4.074e3 4.285e3 4.512e3 4.855e3 5.308e3 5.906e3 6.286e3 6.379e3 6.703e3 7.142e3 7.376e3 7.900e3 8.298e3 8.431e3 9.176e3 9.037e3 9.106e3 9.490e3 9.673e3 9.918e3 10.40e3 10.42e3 10.81e3 11.01e3 11.18e3 11.44e3 11.73e3 12.86e3 12.17e3 12.69e3 12.96e3 13.14e3 13.37e3 13.42e3 13.72e3 13.93e3 13.97e3 14.32e3 14.65e3 14.78e3 15.38e3 15.29e3 15.77e3 16.14e3 15.92e3 16.52e3 16.20e3 16.93e3 17.23e3 17.95e3 17.93e3 17.67e3 17.39e3 17.81e3 18.07e3 18.23e3 18.55e3 18.46e3 18.89e3 18.62e3 18.99e3 19.05e3 19.06e3 19.41e3 20.10e3 19.74e3 20.02e3 19.84e3 20.19e3 20.29e3 20.08e3 20.51e3 20.82e3 20.99e3 21.25e3 21.42e3 21.54e3 23.41e3 23.24e3 23.00e3 22.71e3 23.07e3 23.24e3 23.23e3 23.85e3 
   275.e6  693.6   1.222e3 1.603e3 2.022e3 2.480e3 2.955e3 3.430e3 3.891e3 4.071e3 4.319e3 4.606e3 5.065e3 5.608e3 5.972e3 6.056e3 6.365e3 6.807e3 7.027e3 7.499e3 7.919e3 8.036e3 8.762e3 8.598e3 8.688e3 9.067e3 9.270e3 9.487e3 9.949e3 9.953e3 10.34e3 10.50e3 10.71e3 10.92e3 11.20e3 12.45e3 11.77e3 12.14e3 12.40e3 12.52e3 12.86e3 12.89e3 13.16e3 13.31e3 13.39e3 13.75e3 14.03e3 14.18e3 14.71e3 14.59e3 15.11e3 15.45e3 15.29e3 15.99e3 15.69e3 16.28e3 16.58e3 17.24e3 17.26e3 16.96e3 16.74e3 17.11e3 17.41e3 17.53e3 17.81e3 17.77e3 18.24e3 17.90e3 18.28e3 18.35e3 18.31e3 18.76e3 19.31e3 18.95e3 19.31e3 19.07e3 19.53e3 19.58e3 19.37e3 19.84e3 20.12e3 20.29e3 20.41e3 20.70e3 20.74e3 22.63e3 22.50e3 22.17e3 21.87e3 22.24e3 22.40e3 22.42e3 23.00e3 
   300.e6  660.0   1.157e3 1.528e3 1.922e3 2.358e3 2.807e3 3.271e3 3.722e3 3.882e3 4.145e3 4.384e3 4.847e3 5.340e3 5.688e3 5.767e3 6.063e3 6.508e3 6.704e3 7.141e3 7.579e3 7.683e3 8.380e3 8.206e3 8.317e3 8.686e3 8.908e3 9.098e3 9.543e3 9.528e3 9.914e3 10.04e3 10.29e3 10.44e3 10.71e3 12.04e3 11.38e3 11.65e3 11.89e3 11.97e3 12.39e3 12.42e3 12.65e3 12.76e3 12.87e3 13.23e3 13.46e3 13.64e3 14.10e3 13.96e3 14.52e3 14.81e3 14.71e3 15.49e3 15.21e3 15.69e3 15.99e3 16.60e3 16.64e3 16.32e3 16.15e3 16.48e3 16.81e3 16.90e3 17.14e3 17.15e3 17.64e3 17.26e3 17.63e3 17.71e3 17.63e3 18.16e3 18.60e3 18.21e3 18.64e3 18.37e3 18.92e3 18.91e3 18.72e3 19.23e3 19.48e3 19.64e3 19.65e3 20.04e3 20.02e3 21.88e3 21.80e3 21.39e3 21.10e3 21.48e3 21.62e3 21.66e3 22.21e3 
   325.e6  629.6   1.098e3 1.461e3 1.832e3 2.250e3 2.674e3 3.126e3 3.566e3 3.713e3 3.987e3 4.185e3 4.649e3 5.097e3 5.431e3 5.508e3 5.792e3 6.239e3 6.407e3 6.819e3 7.272e3 7.366e3 8.026e3 7.855e3 7.986e3 8.341e3 8.579e3 8.747e3 9.172e3 9.142e3 9.522e3 9.626e3 9.915e3 10.01e3 10.28e3 11.65e3 11.02e3 11.21e3 11.44e3 11.46e3 11.97e3 11.99e3 12.18e3 12.25e3 12.40e3 12.76e3 12.93e3 13.15e3 13.55e3 13.40e3 13.99e3 14.23e3 14.19e3 15.03e3 14.76e3 15.16e3 15.46e3 16.01e3 16.06e3 15.74e3 15.62e3 15.91e3 16.26e3 16.33e3 16.53e3 16.58e3 17.08e3 16.68e3 17.05e3 17.12e3 17.01e3 17.62e3 17.94e3 17.53e3 18.03e3 17.74e3 18.35e3 18.30e3 18.13e3 18.65e3 18.89e3 19.05e3 18.96e3 19.44e3 19.35e3 21.16e3 21.15e3 20.68e3 20.40e3 20.77e3 20.91e3 20.96e3 21.48e3 
   350.e6  601.7   1.045e3 1.400e3 1.753e3 2.154e3 2.555e3 2.992e3 3.422e3 3.562e3 3.842e3 4.006e3 4.470e3 4.878e3 5.199e3 5.274e3 5.548e3 5.998e3 6.137e3 6.529e3 6.994e3 7.080e3 7.699e3 7.540e3 7.688e3 8.028e3 8.279e3 8.427e3 8.833e3 8.793e3 9.163e3 9.243e3 9.570e3 9.619e3 9.877e3 11.26e3 10.68e3 10.80e3 11.03e3 11.01e3 11.58e3 11.59e3 11.75e3 11.78e3 11.98e3 12.33e3 12.45e3 12.70e3 13.04e3 12.90e3 13.50e3 13.70e3 13.72e3 14.60e3 14.33e3 14.67e3 14.96e3 15.46e3 15.53e3 15.22e3 15.13e3 15.39e3 15.76e3 15.81e3 15.97e3 16.06e3 16.57e3 16.15e3 16.52e3 16.59e3 16.45e3 17.11e3 17.35e3 16.90e3 17.46e3 17.17e3 17.83e3 17.74e3 17.60e3 18.12e3 18.34e3 18.49e3 18.34e3 18.87e3 18.74e3 20.47e3 20.53e3 20.01e3 19.75e3 20.12e3 20.26e3 20.31e3 20.80e3 
   375.e6  575.7   996.5   1.345e3 1.681e3 2.069e3 2.447e3 2.868e3 3.288e3 3.424e3 3.709e3 3.844e3 4.305e3 4.678e3 4.988e3 5.063e3 5.327e3 5.780e3 5.891e3 6.266e3 6.739e3 6.820e3 7.397e3 7.256e3 7.420e3 7.743e3 8.003e3 8.135e3 8.521e3 8.475e3 8.834e3 8.893e3 9.254e3 9.261e3 9.512e3 10.90e3 10.35e3 10.43e3 10.65e3 10.60e3 11.21e3 11.22e3 11.36e3 11.36e3 11.59e3 11.94e3 12.01e3 12.29e3 12.58e3 12.45e3 13.06e3 13.22e3 13.29e3 14.19e3 13.93e3 14.21e3 14.51e3 14.96e3 15.04e3 14.75e3 14.68e3 14.91e3 15.29e3 15.33e3 15.46e3 15.59e3 16.09e3 15.66e3 16.03e3 16.09e3 15.94e3 16.63e3 16.81e3 16.32e3 16.94e3 16.65e3 17.33e3 17.22e3 17.10e3 17.62e3 17.83e3 17.98e3 17.77e3 18.35e3 18.18e3 19.82e3 19.94e3 19.38e3 19.16e3 19.52e3 19.65e3 19.71e3 20.17e3 
   400.e6  551.3   952.2   1.294e3 1.616e3 1.992e3 2.351e3 2.754e3 3.164e3 3.298e3 3.585e3 3.697e3 4.154e3 4.497e3 4.795e3 4.871e3 5.126e3 5.583e3 5.668e3 6.028e3 6.506e3 6.583e3 7.117e3 6.999e3 7.177e3 7.481e3 7.748e3 7.867e3 8.233e3 8.185e3 8.530e3 8.572e3 8.963e3 8.934e3 9.179e3 10.54e3 10.05e3 10.10e3 10.31e3 10.22e3 10.87e3 10.88e3 11.00e3 10.97e3 11.24e3 11.57e3 11.60e3 11.91e3 12.15e3 12.05e3 12.66e3 12.77e3 12.89e3 13.79e3 13.54e3 13.80e3 14.08e3 14.50e3 14.58e3 14.31e3 14.27e3 14.48e3 14.86e3 14.89e3 15.00e3 15.15e3 15.64e3 15.22e3 15.58e3 15.63e3 15.48e3 16.19e3 16.31e3 15.79e3 16.45e3 16.18e3 16.87e3 16.74e3 16.64e3 17.15e3 17.35e3 17.50e3 17.26e3 17.86e3 17.66e3 19.21e3 19.38e3 18.81e3 18.61e3 18.96e3 19.09e3 19.15e3 19.58e3 
   450.e6  506.7   874.0   1.205e3 1.503e3 1.858e3 2.183e3 2.549e3 2.939e3 3.074e3 3.361e3 3.440e3 3.885e3 4.179e3 4.458e3 4.535e3 4.774e3 5.239e3 5.286e3 5.612e3 6.092e3 6.167e3 6.619e3 6.552e3 6.751e3 7.019e3 7.290e3 7.392e3 7.717e3 7.674e3 7.993e3 8.004e3 8.447e3 8.359e3 8.593e3 9.869e3 9.487e3 9.502e3 9.706e3 9.573e3 10.25e3 10.27e3 10.36e3 10.28e3 10.61e3 10.92e3 10.87e3 11.24e3 11.40e3 11.37e3 11.95e3 11.99e3 12.19e3 13.06e3 12.81e3 13.04e3 13.32e3 13.68e3 13.76e3 13.54e3 13.54e3 13.71e3 14.08e3 14.11e3 14.18e3 14.36e3 14.82e3 14.44e3 14.78e3 14.81e3 14.67e3 15.36e3 15.43e3 14.85e3 15.57e3 15.34e3 16.02e3 15.87e3 15.82e3 16.28e3 16.48e3 16.62e3 16.37e3 16.97e3 16.74e3 18.07e3 18.34e3 17.76e3 17.64e3 17.96e3 18.09e3 18.13e3 18.51e3 
   500.e6  466.7   806.9   1.127e3 1.408e3 1.745e3 2.044e3 2.372e3 2.743e3 2.879e3 3.162e3 3.223e3 3.651e3 3.910e3 4.173e3 4.252e3 4.477e3 4.949e3 4.977e3 5.262e3 5.734e3 5.812e3 6.191e3 6.178e3 6.388e3 6.622e3 6.888e3 6.982e3 7.267e3 7.241e3 7.530e3 7.519e3 8.000e3 7.871e3 8.095e3 9.253e3 8.987e3 8.994e3 9.191e3 9.028e3 9.701e3 9.733e3 9.813e3 9.701e3 10.08e3 10.35e3 10.24e3 10.66e3 10.76e3 10.82e3 11.34e3 11.31e3 11.58e3 12.38e3 12.15e3 12.38e3 12.64e3 12.96e3 13.04e3 12.88e3 12.91e3 13.04e3 13.39e3 13.42e3 13.47e3 13.67e3 14.09e3 13.76e3 14.07e3 14.09e3 13.98e3 14.62e3 14.67e3 14.04e3 14.80e3 14.63e3 15.26e3 15.11e3 15.09e3 15.51e3 15.70e3 15.83e3 15.62e3 16.17e3 15.95e3 17.06e3 17.39e3 16.85e3 16.79e3 17.08e3 17.21e3 17.24e3 17.59e3 
   550.e6  430.8   748.7   1.059e3 1.328e3 1.647e3 1.926e3 2.219e3 2.569e3 2.707e3 2.983e3 3.037e3 3.445e3 3.680e3 3.929e3 4.009e3 4.222e3 4.699e3 4.726e3 4.964e3 5.421e3 5.503e3 5.821e3 5.860e3 6.074e3 6.277e3 6.531e3 6.623e3 6.871e3 6.867e3 7.128e3 7.102e3 7.607e3 7.452e3 7.667e3 8.690e3 8.539e3 8.551e3 8.745e3 8.565e3 9.203e3 9.255e3 9.333e3 9.199e3 9.609e3 9.844e3 9.690e3 10.15e3 10.21e3 10.35e3 10.81e3 10.74e3 11.05e3 11.75e3 11.54e3 11.79e3 12.04e3 12.32e3 12.39e3 12.30e3 12.34e3 12.45e3 12.76e3 12.82e3 12.86e3 13.06e3 13.43e3 13.16e3 13.44e3 13.46e3 13.38e3 13.93e3 14.01e3 13.35e3 14.12e3 14.02e3 14.56e3 14.44e3 14.44e3 14.81e3 14.99e3 15.12e3 14.98e3 15.44e3 15.26e3 16.15e3 16.52e3 16.05e3 16.06e3 16.30e3 16.44e3 16.45e3 16.77e3 
   600.e6  398.6   698.0   999.0   1.258e3 1.561e3 1.826e3 2.086e3 2.416e3 2.553e3 2.821e3 2.875e3 3.263e3 3.480e3 3.717e3 3.798e3 4.001e3 4.478e3 4.521e3 4.707e3 5.143e3 5.233e3 5.501e3 5.583e3 5.798e3 5.972e3 6.211e3 6.304e3 6.519e3 6.542e3 6.775e3 6.740e3 7.257e3 7.089e3 7.295e3 8.179e3 8.136e3 8.161e3 8.351e3 8.166e3 8.751e3 8.827e3 8.909e3 8.762e3 9.194e3 9.394e3 9.208e3 9.692e3 9.726e3 9.942e3 10.33e3 10.23e3 10.58e3 11.16e3 10.98e3 11.27e3 11.49e3 11.76e3 11.82e3 11.78e3 11.83e3 11.93e3 12.20e3 12.27e3 12.33e3 12.50e3 12.82e3 12.63e3 12.86e3 12.88e3 12.86e3 13.31e3 13.43e3 12.76e3 13.51e3 13.48e3 13.93e3 13.83e3 13.84e3 14.17e3 14.35e3 14.48e3 14.41e3 14.79e3 14.65e3 15.33e3 15.72e3 15.34e3 15.40e3 15.61e3 15.75e3 15.73e3 16.04e3 
   650.e6  370.0   653.6   945.0   1.196e3 1.483e3 1.738e3 1.969e3 2.279e3 2.414e3 2.674e3 2.734e3 3.100e3 3.305e3 3.531e3 3.614e3 3.808e3 4.281e3 4.350e3 4.483e3 4.895e3 4.991e3 5.220e3 5.340e3 5.549e3 5.700e3 5.920e3 6.017e3 6.202e3 6.254e3 6.463e3 6.425e3 6.942e3 6.771e3 6.970e3 7.718e3 7.772e3 7.812e3 7.999e3 7.817e3 8.340e3 8.438e3 8.530e3 8.379e3 8.820e3 8.987e3 8.783e3 9.284e3 9.303e3 9.583e3 9.905e3 9.790e3 10.16e3 10.61e3 10.47e3 10.79e3 10.99e3 11.25e3 11.30e3 11.31e3 11.36e3 11.46e3 11.68e3 11.78e3 11.85e3 11.99e3 12.27e3 12.14e3 12.34e3 12.36e3 12.39e3 12.72e3 12.90e3 12.24e3 12.97e3 12.99e3 13.34e3 13.29e3 13.29e3 13.58e3 13.76e3 13.88e3 13.91e3 14.18e3 14.11e3 14.60e3 14.98e3 14.71e3 14.81e3 14.99e3 15.12e3 15.09e3 15.38e3 
   700.e6  344.6   614.7   896.4   1.142e3 1.413e3 1.661e3 1.868e3 2.158e3 2.289e3 2.540e3 2.610e3 2.952e3 3.151e3 3.366e3 3.451e3 3.637e3 4.102e3 4.205e3 4.286e3 4.670e3 4.774e3 4.974e3 5.122e3 5.324e3 5.455e3 5.655e3 5.757e3 5.917e3 5.996e3 6.183e3 6.147e3 6.656e3 6.490e3 6.682e3 7.304e3 7.442e3 7.496e3 7.681e3 7.510e3 7.963e3 8.084e3 8.189e3 8.040e3 8.481e3 8.616e3 8.406e3 8.914e3 8.929e3 9.256e3 9.514e3 9.397e3 9.768e3 10.11e3 10.00e3 10.35e3 10.53e3 10.78e3 10.83e3 10.89e3 10.94e3 11.03e3 11.21e3 11.32e3 11.42e3 11.52e3 11.76e3 11.70e3 11.85e3 11.88e3 11.97e3 12.19e3 12.42e3 11.78e3 12.47e3 12.55e3 12.80e3 12.79e3 12.79e3 13.04e3 13.21e3 13.34e3 13.45e3 13.62e3 13.61e3 13.95e3 14.31e3 14.13e3 14.27e3 14.42e3 14.55e3 14.50e3 14.79e3 
   800.e6  302.9   550.3   812.8   1.049e3 1.288e3 1.528e3 1.699e3 1.953e3 2.074e3 2.307e3 2.401e3 2.697e3 2.887e3 3.086e3 3.177e3 3.349e3 3.782e3 3.959e3 3.956e3 4.281e3 4.396e3 4.558e3 4.741e3 4.923e3 5.026e3 5.189e3 5.302e3 5.422e3 5.550e3 5.701e3 5.683e3 6.150e3 6.015e3 6.195e3 6.606e3 6.865e3 6.941e3 7.120e3 6.986e3 7.301e3 7.459e3 7.591e3 7.465e3 7.877e3 7.962e3 7.769e3 8.259e3 8.294e3 8.664e3 8.819e3 8.727e3 9.077e3 9.212e3 9.200e3 9.568e3 9.723e3 9.971e3 10.00e3 10.12e3 10.16e3 10.25e3 10.37e3 10.51e3 10.66e3 10.68e3 10.86e3 10.90e3 10.98e3 11.03e3 11.20e3 11.23e3 11.56e3 11.02e3 11.60e3 11.75e3 11.84e3 11.90e3 11.88e3 12.08e3 12.24e3 12.36e3 12.63e3 12.62e3 12.73e3 12.83e3 13.12e3 13.13e3 13.32e3 13.41e3 13.54e3 13.46e3 13.76e3 
   900.e6  272.1   500.9   744.1   969.5   1.181e3 1.415e3 1.568e3 1.788e3 1.901e3 2.114e3 2.231e3 2.485e3 2.668e3 2.853e3 2.955e3 3.116e3 3.501e3 3.732e3 3.687e3 3.954e3 4.073e3 4.219e3 4.409e3 4.568e3 4.660e3 4.794e3 4.912e3 5.010e3 5.170e3 5.296e3 5.312e3 5.712e3 5.626e3 5.796e3 6.060e3 6.372e3 6.461e3 6.632e3 6.549e3 6.746e3 6.924e3 7.076e3 6.993e3 7.347e3 7.401e3 7.256e3 7.692e3 7.772e3 8.116e3 8.211e3 8.170e3 8.470e3 8.471e3 8.547e3 8.898e3 9.030e3 9.278e3 9.302e3 9.445e3 9.478e3 9.576e3 9.646e3 9.792e3 9.982e3 9.952e3 10.09e3 10.19e3 10.22e3 10.29e3 10.52e3 10.43e3 10.81e3 10.39e3 10.85e3 11.03e3 11.02e3 11.13e3 11.08e3 11.27e3 11.41e3 11.51e3 11.88e3 11.76e3 11.95e3 11.92e3 12.14e3 12.28e3 12.48e3 12.54e3 12.66e3 12.58e3 12.87e3 
   1.00e9  250.7   463.6   687.9   899.7   1.090e3 1.314e3 1.465e3 1.656e3 1.769e3 1.957e3 2.092e3 2.307e3 2.481e3 2.653e3 2.772e3 2.924e3 3.249e3 3.487e3 3.462e3 3.676e3 3.791e3 3.928e3 4.107e3 4.245e3 4.340e3 4.456e3 4.575e3 4.665e3 4.832e3 4.946e3 5.009e3 5.324e3 5.300e3 5.460e3 5.643e3 5.939e3 6.033e3 6.195e3 6.169e3 6.283e3 6.460e3 6.618e3 6.595e3 6.869e3 6.910e3 6.835e3 7.187e3 7.332e3 7.587e3 7.672e3 7.691e3 7.924e3 7.880e3 8.029e3 8.315e3 8.433e3 8.674e3 8.699e3 8.835e3 8.864e3 8.965e3 9.022e3 9.158e3 9.357e3 9.307e3 9.437e3 9.540e3 9.558e3 9.632e3 9.869e3 9.756e3 10.12e3 9.839e3 10.17e3 10.35e3 10.32e3 10.44e3 10.38e3 10.56e3 10.68e3 10.78e3 11.15e3 11.02e3 11.23e3 11.17e3 11.35e3 11.53e3 11.72e3 11.77e3 11.88e3 11.81e3 12.09e3 
   1.10e9  237.6   436.3   642.4   835.8   1.013e3 1.219e3 1.381e3 1.552e3 1.674e3 1.832e3 1.977e3 2.157e3 2.317e3 2.478e3 2.621e3 2.765e3 3.022e3 3.202e3 3.270e3 3.438e3 3.541e3 3.669e3 3.823e3 3.942e3 4.053e3 4.168e3 4.280e3 4.375e3 4.524e3 4.636e3 4.757e3 4.976e3 5.019e3 5.171e3 5.335e3 5.549e3 5.645e3 5.794e3 5.829e3 5.900e3 6.055e3 6.200e3 6.252e3 6.429e3 6.478e3 6.487e3 6.728e3 6.951e3 7.065e3 7.188e3 7.267e3 7.424e3 7.436e3 7.631e3 7.805e3 7.922e3 8.143e3 8.174e3 8.276e3 8.310e3 8.406e3 8.483e3 8.593e3 8.759e3 8.739e3 8.881e3 8.946e3 8.984e3 9.051e3 9.241e3 9.212e3 9.494e3 9.339e3 9.554e3 9.691e3 9.718e3 9.809e3 9.765e3 9.956e3 10.06e3 10.16e3 10.44e3 10.38e3 10.54e3 10.57e3 10.74e3 10.86e3 11.01e3 11.07e3 11.17e3 11.14e3 11.38e3 
   1.20e9  228.0   414.4   604.7   778.3   950.1   1.133e3 1.308e3 1.464e3 1.601e3 1.730e3 1.874e3 2.029e3 2.172e3 2.324e3 2.485e3 2.622e3 2.824e3 2.912e3 3.094e3 3.233e3 3.320e3 3.435e3 3.564e3 3.672e3 3.800e3 3.922e3 4.022e3 4.128e3 4.245e3 4.359e3 4.525e3 4.667e3 4.760e3 4.905e3 5.088e3 5.201e3 5.297e3 5.432e3 5.512e3 5.579e3 5.702e3 5.822e3 5.935e3 6.033e3 6.098e3 6.173e3 6.318e3 6.599e3 6.586e3 6.761e3 6.876e3 6.974e3 7.092e3 7.295e3 7.361e3 7.481e3 7.675e3 7.713e3 7.778e3 7.819e3 7.905e3 8.015e3 8.097e3 8.205e3 8.243e3 8.405e3 8.414e3 8.489e3 8.539e3 8.659e3 8.758e3 8.930e3 8.857e3 8.996e3 9.077e3 9.206e3 9.246e3 9.236e3 9.427e3 9.529e3 9.619e3 9.781e3 9.831e3 9.914e3 10.05e3 10.24e3 10.25e3 10.37e3 10.43e3 10.53e3 10.55e3 10.74e3 
   1.30e9  214.3   389.9   569.4   733.0   894.9   1.067e3 1.233e3 1.380e3 1.509e3 1.632e3 1.767e3 1.914e3 2.050e3 2.194e3 2.345e3 2.475e3 2.666e3 2.749e3 2.921e3 3.052e3 3.135e3 3.245e3 3.367e3 3.470e3 3.591e3 3.707e3 3.802e3 3.903e3 4.014e3 4.123e3 4.280e3 4.414e3 4.503e3 4.640e3 4.813e3 4.921e3 5.012e3 5.140e3 5.216e3 5.281e3 5.398e3 5.512e3 5.619e3 5.713e3 5.775e3 5.848e3 5.984e3 6.249e3 6.239e3 6.404e3 6.514e3 6.607e3 6.719e3 6.912e3 6.974e3 7.088e3 7.271e3 7.308e3 7.371e3 7.412e3 7.494e3 7.598e3 7.677e3 7.779e3 7.818e3 7.970e3 7.981e3 8.053e3 8.102e3 8.215e3 8.310e3 8.473e3 8.404e3 8.538e3 8.615e3 8.738e3 8.777e3 8.771e3 8.951e3 9.047e3 9.134e3 9.287e3 9.335e3 9.415e3 9.545e3 9.718e3 9.735e3 9.845e3 9.910e3 10.00e3 10.02e3 10.20e3 
   1.40e9  202.4   368.5   538.4   693.3   846.6   1.010e3 1.166e3 1.306e3 1.429e3 1.545e3 1.674e3 1.814e3 1.942e3 2.079e3 2.222e3 2.345e3 2.526e3 2.606e3 2.768e3 2.894e3 2.973e3 3.078e3 3.193e3 3.291e3 3.407e3 3.517e3 3.609e3 3.705e3 3.811e3 3.915e3 4.063e3 4.191e3 4.276e3 4.407e3 4.570e3 4.673e3 4.760e3 4.882e3 4.955e3 5.018e3 5.129e3 5.238e3 5.340e3 5.430e3 5.490e3 5.560e3 5.690e3 5.939e3 5.932e3 6.088e3 6.193e3 6.283e3 6.390e3 6.573e3 6.632e3 6.741e3 6.914e3 6.951e3 7.011e3 7.052e3 7.130e3 7.230e3 7.305e3 7.403e3 7.441e3 7.585e3 7.597e3 7.666e3 7.714e3 7.822e3 7.913e3 8.067e3 8.003e3 8.132e3 8.206e3 8.323e3 8.361e3 8.358e3 8.528e3 8.620e3 8.702e3 8.849e3 8.894e3 8.971e3 9.095e3 9.259e3 9.276e3 9.381e3 9.445e3 9.531e3 9.555e3 9.723e3 
   1.50e9  191.9   349.6   511.1   658.2   803.9   959.1   1.108e3 1.241e3 1.358e3 1.469e3 1.592e3 1.724e3 1.847e3 1.977e3 2.113e3 2.231e3 2.402e3 2.479e3 2.633e3 2.753e3 2.829e3 2.930e3 3.039e3 3.133e3 3.244e3 3.349e3 3.437e3 3.529e3 3.631e3 3.729e3 3.871e3 3.993e3 4.074e3 4.199e3 4.354e3 4.453e3 4.536e3 4.653e3 4.723e3 4.784e3 4.890e3 4.994e3 5.091e3 5.178e3 5.236e3 5.303e3 5.427e3 5.664e3 5.659e3 5.807e3 5.908e3 5.994e3 6.096e3 6.270e3 6.327e3 6.431e3 6.595e3 6.631e3 6.690e3 6.730e3 6.805e3 6.901e3 6.973e3 7.067e3 7.104e3 7.242e3 7.254e3 7.321e3 7.367e3 7.471e3 7.558e3 7.705e3 7.645e3 7.770e3 7.840e3 7.951e3 7.989e3 7.988e3 8.151e3 8.238e3 8.317e3 8.457e3 8.501e3 8.575e3 8.693e3 8.849e3 8.867e3 8.967e3 9.029e3 9.111e3 9.136e3 9.296e3 
   1.60e9  182.5   332.9   486.8   626.9   765.9   913.7   1.055e3 1.182e3 1.294e3 1.401e3 1.518e3 1.645e3 1.762e3 1.886e3 2.016e3 2.129e3 2.292e3 2.366e3 2.513e3 2.627e3 2.701e3 2.798e3 2.902e3 2.992e3 3.098e3 3.198e3 3.283e3 3.371e3 3.469e3 3.564e3 3.699e3 3.815e3 3.894e3 4.013e3 4.161e3 4.256e3 4.336e3 4.447e3 4.515e3 4.574e3 4.675e3 4.776e3 4.869e3 4.952e3 5.008e3 5.073e3 5.191e3 5.417e3 5.414e3 5.555e3 5.652e3 5.734e3 5.832e3 5.999e3 6.054e3 6.154e3 6.310e3 6.345e3 6.402e3 6.441e3 6.514e3 6.606e3 6.676e3 6.765e3 6.802e3 6.933e3 6.946e3 7.011e3 7.056e3 7.156e3 7.239e3 7.379e3 7.323e3 7.444e3 7.511e3 7.618e3 7.655e3 7.656e3 7.811e3 7.894e3 7.970e3 8.104e3 8.146e3 8.218e3 8.331e3 8.480e3 8.498e3 8.594e3 8.654e3 8.733e3 8.758e3 8.912e3 
   1.70e9  174.2   317.8   465.0   598.9   731.8   873.1   1.009e3 1.130e3 1.237e3 1.339e3 1.452e3 1.573e3 1.685e3 1.804e3 1.929e3 2.037e3 2.193e3 2.264e3 2.405e3 2.514e3 2.585e3 2.679e3 2.778e3 2.865e3 2.966e3 3.063e3 3.144e3 3.229e3 3.323e3 3.414e3 3.544e3 3.655e3 3.731e3 3.845e3 3.987e3 4.078e3 4.156e3 4.262e3 4.328e3 4.385e3 4.482e3 4.579e3 4.668e3 4.748e3 4.803e3 4.866e3 4.979e3 5.194e3 5.193e3 5.328e3 5.421e3 5.500e3 5.595e3 5.754e3 5.807e3 5.903e3 6.052e3 6.087e3 6.142e3 6.181e3 6.251e3 6.339e3 6.407e3 6.492e3 6.528e3 6.654e3 6.668e3 6.731e3 6.775e3 6.870e3 6.951e3 7.085e3 7.032e3 7.149e3 7.213e3 7.316e3 7.352e3 7.355e3 7.503e3 7.583e3 7.656e3 7.785e3 7.826e3 7.895e3 8.003e3 8.146e3 8.165e3 8.257e3 8.315e3 8.391e3 8.416e3 8.564e3 
   1.80e9  166.6   304.3   445.4   573.6   701.0   836.5   966.4   1.083e3 1.186e3 1.284e3 1.392e3 1.509e3 1.616e3 1.731e3 1.850e3 1.954e3 2.103e3 2.172e3 2.307e3 2.412e3 2.480e3 2.571e3 2.666e3 2.750e3 2.847e3 2.940e3 3.018e3 3.101e3 3.192e3 3.279e3 3.403e3 3.511e3 3.584e3 3.693e3 3.829e3 3.917e3 3.992e3 4.095e3 4.158e3 4.214e3 4.307e3 4.400e3 4.486e3 4.564e3 4.616e3 4.677e3 4.786e3 4.992e3 4.992e3 5.121e3 5.211e3 5.288e3 5.379e3 5.532e3 5.583e3 5.675e3 5.819e3 5.852e3 5.905e3 5.944e3 6.012e3 6.097e3 6.162e3 6.245e3 6.280e3 6.401e3 6.415e3 6.476e3 6.519e3 6.611e3 6.689e3 6.817e3 6.768e3 6.881e3 6.943e3 7.042e3 7.077e3 7.081e3 7.224e3 7.300e3 7.371e3 7.495e3 7.534e3 7.601e3 7.706e3 7.843e3 7.861e3 7.950e3 8.006e3 8.080e3 8.105e3 8.247e3 
   2.00e9  153.5   280.6   411.0   529.4   647.1   772.2   892.3   1.000e3 1.096e3 1.187e3 1.287e3 1.395e3 1.495e3 1.601e3 1.711e3 1.807e3 1.946e3 2.010e3 2.134e3 2.233e3 2.296e3 2.381e3 2.469e3 2.547e3 2.638e3 2.724e3 2.797e3 2.874e3 2.959e3 3.041e3 3.155e3 3.255e3 3.323e3 3.425e3 3.551e3 3.633e3 3.703e3 3.798e3 3.858e3 3.910e3 3.997e3 4.084e3 4.164e3 4.237e3 4.287e3 4.344e3 4.445e3 4.634e3 4.637e3 4.756e3 4.840e3 4.912e3 4.997e3 5.139e3 5.187e3 5.272e3 5.405e3 5.437e3 5.487e3 5.525e3 5.588e3 5.668e3 5.729e3 5.806e3 5.840e3 5.952e3 5.967e3 6.024e3 6.065e3 6.151e3 6.224e3 6.343e3 6.299e3 6.405e3 6.463e3 6.554e3 6.589e3 6.595e3 6.727e3 6.798e3 6.864e3 6.979e3 7.016e3 7.079e3 7.176e3 7.304e3 7.322e3 7.405e3 7.458e3 7.527e3 7.552e3 7.684e3 
