# SRIM-2013 Electronic stopping power table for Z1=15
# Converted from a table provided by H.Hofsaess
# units of energy:         eV
# units of stopping power: eV A^2
#      \Z2 1       2       3       4       5       6       7       8       9       10      11      12      13      14      15      16      17      18      19      20      21      22      23      24      25      26      27      28      29      30      31      32      33      34      35      36      37      38      39      40      41      42      43      44      45      46      47      48      49      50      51      52      53      54      55      56      57      58      59      60      61      62      63      64      65      66      67      68      69      70      71      72      73      74      75      76      77      78      79      80      81      82      83      84      85      86      87      88      89      90      91      92      
# energy\  H       He      Li      Be      B       C       N       O       F       Ne      Na      Mg      Al      Si      P       S       Cl      Ar      K       Ca      Sc      Ti      V       Cr      Mn      Fe      Co      Ni      Cu      Zn      Ga      Ge      As      Se      Br      Kr      Rb      Sr      Y       Zr      Nb      Mo      Tc      Ru      Rh      Pd      Ag      Cd      In      Sn      Sb      Te      I       Xe      Cs      Ba      La      Ce      Pr      Nd      Pm      Sm      Eu      Gd      Tb      Dy      Ho      Er      Tm      Yb      Lu      Hf      Ta      W       Re      Os      Ir      Pt      Au      Hg      Tl      Pb      Bi      Po      At      Rn      Fr      Ra      Ac      Th      Pa      U       
   0.00    0.0     0.0     0.0     0.0     0.0     0.0     0.0     0.0     0.0     0.0     0.0     0.0     0.0     0.0     0.0     0.0     0.0     0.0     0.0     0.0     0.0     0.0     0.0     0.0     0.0     0.0     0.0     0.0     0.0     0.0     0.0     0.0     0.0     0.0     0.0     0.0     0.0     0.0     0.0     0.0     0.0     0.0     0.0     0.0     0.0     0.0     0.0     0.0     0.0     0.0     0.0     0.0     0.0     0.0     0.0     0.0     0.0     0.0     0.0     0.0     0.0     0.0     0.0     0.0     0.0     0.0     0.0     0.0     0.0     0.0     0.0     0.0     0.0     0.0     0.0     0.0     0.0     0.0     0.0     0.0     0.0     0.0     0.0     0.0     0.0     0.0     0.0     0.0     0.0     0.0     0.0     0.0     
   10.0    0.970   1.182   1.514   3.093   3.674   4.707   3.105   2.557   2.899   2.889   5.264   6.452   6.021   5.755   6.294   4.952   1.491   3.534   4.465   4.498   6.913   6.319   6.742   5.226   4.984   5.472   4.996   5.159   4.933   4.649   4.988   6.425   7.423   6.501   2.232   3.265   8.170   8.174   8.295   6.484   9.642   9.075   8.186   5.813   5.064   7.715   7.624   7.086   5.864   9.750   8.618   6.984   9.157   2.664   10.57   10.87   11.18   9.272   8.339   8.690   8.774   7.708   7.442   11.04   8.745   7.387   5.995   6.282   8.017   6.080   7.070   6.105   7.825   7.283   6.462   4.085   4.801   6.597   6.150   4.764   5.516   8.493   8.270   10.66   10.79   10.36   11.99   11.52   7.823   7.557   9.626   7.747   
   11.0    1.017   1.239   1.588   3.244   3.853   4.937   3.256   2.682   3.040   3.030   5.521   6.767   6.314   6.035   6.602   5.194   1.564   3.707   4.683   4.718   7.251   6.628   7.071   5.481   5.227   5.739   5.240   5.411   5.174   4.876   5.231   6.739   7.785   6.818   2.341   3.424   8.569   8.573   8.700   6.800   10.11   9.518   8.586   6.096   5.311   8.092   7.996   7.432   6.150   10.23   9.038   7.325   9.604   2.794   11.09   11.40   11.73   9.725   8.746   9.114   9.202   8.084   7.805   11.58   9.172   7.748   6.288   6.588   8.408   6.377   7.415   6.403   8.207   7.638   6.777   4.284   5.036   6.919   6.450   4.996   5.786   8.907   8.674   11.18   11.32   10.86   12.58   12.08   8.205   7.926   10.10   8.125   
   12.0    1.062   1.294   1.659   3.388   4.025   5.156   3.401   2.801   3.176   3.164   5.766   7.067   6.595   6.304   6.895   5.425   1.633   3.872   4.892   4.927   7.573   6.922   7.386   5.725   5.460   5.994   5.473   5.651   5.404   5.093   5.464   7.039   8.131   7.121   2.445   3.576   8.950   8.955   9.087   7.103   10.56   9.941   8.968   6.367   5.547   8.452   8.351   7.763   6.423   10.68   9.440   7.651   10.03   2.918   11.58   11.91   12.25   10.16   9.134   9.519   9.612   8.444   8.152   12.09   9.580   8.092   6.567   6.881   8.782   6.660   7.745   6.688   8.572   7.978   7.078   4.475   5.260   7.226   6.737   5.219   6.043   9.304   9.060   11.67   11.82   11.35   13.14   12.62   8.569   8.278   10.54   8.486   
   13.0    1.106   1.347   1.726   3.526   4.189   5.367   3.540   2.916   3.305   3.294   6.002   7.356   6.864   6.561   7.177   5.646   1.700   4.030   5.091   5.129   7.882   7.205   7.687   5.958   5.683   6.239   5.696   5.882   5.625   5.301   5.687   7.326   8.463   7.412   2.545   3.722   9.315   9.320   9.458   7.393   10.99   10.35   9.334   6.627   5.774   8.797   8.693   8.080   6.685   11.12   9.826   7.963   10.44   3.037   12.05   12.39   12.75   10.57   9.507   9.908   10.00   8.788   8.485   12.59   9.971   8.423   6.835   7.162   9.141   6.932   8.061   6.961   8.922   8.304   7.367   4.657   5.474   7.521   7.012   5.432   6.290   9.683   9.430   12.15   12.30   11.81   13.67   13.13   8.919   8.616   10.98   8.833   
   14.0    1.148   1.398   1.791   3.660   4.347   5.569   3.673   3.026   3.430   3.418   6.228   7.634   7.124   6.809   7.448   5.859   1.764   4.182   5.283   5.322   8.180   7.477   7.977   6.183   5.897   6.475   5.911   6.104   5.837   5.501   5.902   7.603   8.783   7.692   2.641   3.863   9.667   9.672   9.815   7.672   11.41   10.74   9.686   6.878   5.992   9.129   9.021   8.385   6.938   11.54   10.20   8.264   10.84   3.152   12.51   12.86   13.23   10.97   9.866   10.28   10.38   9.120   8.805   13.06   10.35   8.741   7.093   7.433   9.486   7.194   8.365   7.224   9.259   8.617   7.646   4.833   5.681   7.805   7.277   5.637   6.527   10.05   9.786   12.61   12.77   12.26   14.19   13.63   9.256   8.941   11.39   9.166   
   15.0    1.188   1.447   1.854   3.788   4.500   5.765   3.802   3.132   3.550   3.538   6.447   7.902   7.374   7.048   7.709   6.065   1.826   4.329   5.469   5.509   8.467   7.739   8.257   6.400   6.104   6.702   6.119   6.318   6.042   5.694   6.109   7.869   9.091   7.962   2.734   3.999   10.01   10.01   10.16   7.941   11.81   11.11   10.03   7.119   6.202   9.449   9.337   8.679   7.181   11.94   10.55   8.554   11.22   3.263   12.95   13.31   13.70   11.36   10.21   10.64   10.75   9.440   9.114   13.52   10.71   9.048   7.342   7.693   9.819   7.447   8.659   7.478   9.584   8.920   7.914   5.003   5.881   8.079   7.532   5.835   6.756   10.40   10.13   13.05   13.21   12.69   14.69   14.11   9.581   9.255   11.79   9.488   
   16.0    1.227   1.495   1.915   3.912   4.647   5.954   3.927   3.235   3.667   3.654   6.659   8.161   7.615   7.279   7.962   6.264   1.886   4.471   5.648   5.690   8.745   7.993   8.528   6.610   6.304   6.922   6.320   6.526   6.240   5.880   6.309   8.127   9.389   8.223   2.823   4.130   10.33   10.34   10.49   8.202   12.20   11.48   10.35   7.352   6.405   9.759   9.643   8.964   7.417   12.33   10.90   8.834   11.58   3.370   13.37   13.75   14.14   11.73   10.55   10.99   11.10   9.750   9.413   13.97   11.06   9.344   7.583   7.946   10.14   7.691   8.943   7.723   9.898   9.212   8.173   5.167   6.073   8.344   7.779   6.026   6.978   10.74   10.46   13.48   13.65   13.10   15.17   14.57   9.895   9.559   12.18   9.799   
   17.0    1.265   1.541   1.974   4.033   4.790   6.137   4.048   3.334   3.780   3.766   6.863   8.412   7.850   7.503   8.207   6.457   1.944   4.608   5.822   5.865   9.014   8.239   8.791   6.814   6.498   7.135   6.514   6.727   6.432   6.061   6.503   8.378   9.678   8.476   2.910   4.257   10.65   10.66   10.82   8.454   12.57   11.83   10.67   7.579   6.602   10.06   9.940   9.240   7.645   12.71   11.24   9.106   11.94   3.473   13.78   14.17   14.58   12.09   10.87   11.33   11.44   10.05   9.703   14.40   11.40   9.632   7.817   8.190   10.45   7.927   9.218   7.960   10.20   9.496   8.425   5.326   6.260   8.601   8.019   6.211   7.193   11.07   10.78   13.89   14.07   13.50   15.64   15.02   10.20   9.853   12.55   10.10   
   18.0    1.301   1.585   2.031   4.149   4.929   6.315   4.165   3.431   3.889   3.876   7.062   8.656   8.077   7.720   8.445   6.644   2.000   4.742   5.991   6.035   9.275   8.478   9.046   7.011   6.687   7.341   6.703   6.922   6.619   6.237   6.692   8.621   9.958   8.721   2.994   4.380   10.96   10.97   11.13   8.699   12.94   12.18   10.98   7.798   6.794   10.35   10.23   9.507   7.867   13.08   11.56   9.370   12.29   3.574   14.18   14.59   15.00   12.44   11.19   11.66   11.77   10.34   9.984   14.81   11.73   9.911   8.043   8.428   10.76   8.157   9.486   8.191   10.50   9.771   8.669   5.480   6.442   8.850   8.251   6.391   7.401   11.39   11.10   14.30   14.48   13.90   16.09   15.45   10.50   10.14   12.91   10.39   
   20.0    1.372   1.671   2.141   4.374   5.196   6.656   4.391   3.617   4.100   4.085   7.444   9.124   8.514   8.138   8.901   7.003   2.109   4.998   6.315   6.361   9.777   8.937   9.535   7.390   7.048   7.739   7.065   7.296   6.977   6.575   7.054   9.087   10.50   9.193   3.156   4.617   11.55   11.56   11.73   9.170   13.64   12.83   11.58   8.220   7.161   10.91   10.78   10.02   8.292   13.79   12.19   9.877   12.95   3.767   14.95   15.37   15.81   13.11   11.79   12.29   12.41   10.90   10.52   15.61   12.37   10.45   8.478   8.884   11.34   8.599   9.999   8.634   11.07   10.30   9.138   5.777   6.790   9.329   8.698   6.737   7.801   12.01   11.70   15.07   15.26   14.65   16.96   16.29   11.06   10.69   13.61   10.96   
   22.0    1.455   1.772   2.271   4.639   5.511   7.060   4.657   3.836   4.348   4.333   7.896   9.678   9.031   8.632   9.441   7.428   2.236   5.301   6.698   6.747   10.37   9.479   10.11   7.839   7.476   8.208   7.494   7.739   7.400   6.973   7.482   9.638   11.13   9.751   3.348   4.897   12.25   12.26   12.44   9.726   14.46   13.61   12.28   8.719   7.596   11.57   11.44   10.63   8.795   14.62   12.93   10.48   13.74   3.996   15.86   16.31   16.77   13.91   12.51   13.03   13.16   11.56   11.16   16.56   13.12   11.08   8.993   9.423   12.03   9.120   10.61   9.158   11.74   10.92   9.693   6.127   7.202   9.895   9.225   7.146   8.275   12.74   12.41   15.98   16.18   15.54   17.99   17.28   11.73   11.34   14.44   11.62   
   25.0    1.533   1.868   2.394   4.890   5.809   7.442   4.909   4.043   4.584   4.567   8.323   10.20   9.519   9.099   9.952   7.830   2.357   5.588   7.060   7.112   10.93   9.992   10.66   8.263   7.880   8.652   7.899   8.157   7.800   7.351   7.887   10.16   11.74   10.28   3.529   5.162   12.92   12.92   13.12   10.25   15.25   14.35   12.94   9.190   8.007   12.20   12.05   11.20   9.271   15.42   13.63   11.04   14.48   4.212   16.71   17.19   17.68   14.66   13.18   13.74   13.87   12.19   11.77   17.46   13.83   11.68   9.479   9.932   12.68   9.613   11.18   9.653   12.37   11.52   10.22   6.459   7.592   10.43   9.724   7.532   8.722   13.43   13.08   16.85   17.06   16.38   18.96   18.21   12.37   11.95   15.22   12.25   
   27.0    1.608   1.960   2.511   5.129   6.093   7.805   5.148   4.241   4.807   4.790   8.729   10.70   9.984   9.543   10.44   8.212   2.472   5.861   7.405   7.459   11.46   10.48   11.18   8.666   8.265   9.074   8.285   8.555   8.181   7.709   8.271   10.66   12.31   10.78   3.701   5.414   13.55   13.56   13.76   10.75   15.99   15.05   13.58   9.639   8.397   12.79   12.64   11.75   9.724   16.17   14.29   11.58   15.19   4.418   17.53   18.03   18.54   15.38   13.83   14.41   14.55   12.78   12.34   18.31   14.50   12.25   9.942   10.42   13.29   10.08   11.72   10.12   12.98   12.08   10.72   6.774   7.962   10.94   10.20   7.900   9.148   14.08   13.71   17.67   17.89   17.18   19.89   19.10   12.97   12.53   15.96   12.85   
   30.0    1.680   2.047   2.622   5.357   6.364   8.152   5.377   4.429   5.021   5.003   9.118   11.17   10.43   9.967   10.90   8.577   2.582   6.122   7.734   7.791   11.97   10.95   11.68   9.051   8.633   9.478   8.653   8.936   8.545   8.052   8.639   11.13   12.86   11.26   3.866   5.655   14.15   14.16   14.37   11.23   16.70   15.72   14.18   10.07   8.771   13.36   13.20   12.27   10.16   16.89   14.93   12.10   15.86   4.614   18.31   18.83   19.37   16.06   14.44   15.05   15.20   13.35   12.89   19.12   15.15   12.80   10.38   10.88   13.89   10.53   12.25   10.57   13.55   12.61   11.19   7.075   8.316   11.43   10.65   8.251   9.555   14.71   14.32   18.46   18.69   17.94   20.77   19.95   13.55   13.09   16.67   13.42   
   32.0    1.748   2.130   2.729   5.576   6.623   8.485   5.597   4.610   5.226   5.208   9.490   11.63   10.85   10.37   11.35   8.927   2.688   6.372   8.050   8.109   12.46   11.39   12.15   9.421   8.985   9.865   9.007   9.301   8.894   8.381   8.992   11.58   13.38   11.72   4.024   5.886   14.73   14.74   14.95   11.69   17.38   16.36   14.76   10.48   9.129   13.91   13.74   12.78   10.57   17.58   15.54   12.59   16.51   4.803   19.06   19.60   20.16   16.72   15.03   15.67   15.82   13.90   13.42   19.90   15.77   13.32   10.81   11.32   14.45   10.96   12.75   11.01   14.11   13.13   11.65   7.364   8.656   11.89   11.09   8.588   9.945   15.31   14.91   19.21   19.45   18.67   21.62   20.76   14.10   13.62   17.35   13.97   
   35.0    1.814   2.211   2.832   5.786   6.873   8.806   5.808   4.784   5.423   5.404   9.848   12.07   11.26   10.77   11.78   9.264   2.789   6.612   8.354   8.415   12.93   11.82   12.61   9.776   9.324   10.24   9.347   9.652   9.230   8.697   9.332   12.02   13.89   12.16   4.176   6.108   15.28   15.29   15.52   12.13   18.04   16.98   15.32   10.87   9.473   14.43   14.26   13.26   10.97   18.24   16.12   13.07   17.13   4.984   19.78   20.34   20.92   17.35   15.60   16.26   16.41   14.42   13.92   20.66   16.36   13.82   11.22   11.75   15.00   11.37   13.23   11.42   14.64   13.63   12.09   7.642   8.983   12.34   11.51   8.912   10.32   15.89   15.47   19.94   20.19   19.38   22.44   21.55   14.63   14.14   18.01   14.49   
   37.0    1.878   2.288   2.932   5.989   7.115   9.115   6.012   4.952   5.614   5.594   10.19   12.49   11.66   11.14   12.19   9.589   2.887   6.844   8.647   8.711   13.39   12.24   13.06   10.12   9.652   10.60   9.675   9.990   9.554   9.003   9.659   12.44   14.37   12.59   4.322   6.322   15.82   15.83   16.06   12.56   18.67   17.57   15.85   11.26   9.806   14.94   14.76   13.72   11.35   18.88   16.69   13.52   17.73   5.159   20.47   21.05   21.65   17.96   16.15   16.83   16.99   14.93   14.41   21.38   16.93   14.31   11.61   12.16   15.52   11.77   13.69   11.82   15.15   14.10   12.51   7.910   9.298   12.77   11.91   9.225   10.68   16.45   16.02   20.64   20.89   20.06   23.22   22.30   15.15   14.63   18.64   15.00   
   40.0    1.940   2.363   3.028   6.186   7.348   9.414   6.209   5.115   5.798   5.777   10.53   12.90   12.04   11.51   12.59   9.904   2.982   7.069   8.931   8.996   13.83   12.64   13.48   10.45   9.968   10.94   9.992   10.32   9.867   9.298   9.976   12.85   14.85   13.00   4.464   6.530   16.34   16.35   16.59   12.97   19.28   18.15   16.37   11.63   10.13   15.43   15.25   14.17   11.73   19.50   17.24   13.97   18.31   5.328   21.14   21.74   22.36   18.54   16.68   17.38   17.55   15.42   14.88   22.08   17.49   14.77   11.99   12.56   16.03   12.16   14.14   12.21   15.65   14.57   12.92   8.170   9.603   13.19   12.30   9.528   11.03   16.99   16.54   21.31   21.58   20.71   23.99   23.03   15.65   15.11   19.25   15.49   
   45.0    2.057   2.507   3.212   6.561   7.794   9.985   6.586   5.425   6.149   6.128   11.17   13.69   12.77   12.21   13.35   10.50   3.163   7.497   9.472   9.542   14.67   13.41   14.30   11.09   10.57   11.61   10.60   10.94   10.47   9.862   10.58   13.63   15.75   13.79   4.735   6.926   17.33   17.34   17.60   13.75   20.45   19.25   17.37   12.33   10.74   16.37   16.17   15.03   12.44   20.68   18.28   14.82   19.43   5.651   22.43   23.06   23.72   19.67   17.69   18.43   18.61   16.35   15.79   23.42   18.55   15.67   12.72   13.33   17.01   12.90   15.00   12.95   16.60   15.45   13.71   8.665   10.19   13.99   13.05   10.11   11.70   18.02   17.54   22.61   22.89   21.97   25.44   24.43   16.59   16.03   20.42   16.43   
   50.0    2.169   2.642   3.385   6.916   8.215   10.52   6.942   5.718   6.482   6.459   11.77   14.43   13.46   12.87   14.07   11.07   3.334   7.903   9.985   10.06   15.46   14.13   15.08   11.69   11.14   12.24   11.17   11.54   11.03   10.40   11.15   14.37   16.60   14.54   4.991   7.300   18.27   18.28   18.55   14.50   21.56   20.29   18.30   13.00   11.32   17.25   17.05   15.85   13.11   21.80   19.27   15.62   20.48   5.957   23.64   24.31   25.00   20.73   18.65   19.43   19.62   17.24   16.64   24.69   19.55   16.52   13.41   14.05   17.93   13.60   15.81   13.65   17.50   16.29   14.45   9.134   10.74   14.75   13.75   10.65   12.34   18.99   18.49   23.83   24.13   23.16   26.82   25.75   17.49   16.90   21.52   17.32   
   55.0    2.275   2.771   3.551   7.253   8.616   11.04   7.281   5.997   6.798   6.774   12.35   15.13   14.12   13.50   14.76   11.61   3.497   8.289   10.47   10.55   16.21   14.82   15.81   12.26   11.69   12.83   11.72   12.10   11.57   10.90   11.70   15.07   17.41   15.25   5.234   7.657   19.16   19.17   19.45   15.21   22.61   21.28   19.20   13.63   11.88   18.09   17.88   16.62   13.75   22.87   20.21   16.38   21.48   6.248   24.79   25.50   26.22   21.75   19.56   20.38   20.58   18.08   17.45   25.89   20.51   17.32   14.06   14.73   18.80   14.26   16.58   14.32   18.35   17.08   15.15   9.580   11.26   15.47   14.42   11.17   12.94   19.92   19.40   24.99   25.30   24.29   28.13   27.01   18.35   17.72   22.57   18.17   
   60.0    2.376   2.894   3.709   7.576   8.999   11.53   7.605   6.264   7.101   7.076   12.89   15.80   14.75   14.10   15.42   12.13   3.652   8.657   10.94   11.02   16.93   15.48   16.51   12.80   12.21   13.40   12.24   12.64   12.08   11.39   12.22   15.74   18.18   15.92   5.467   7.997   20.01   20.02   20.32   15.88   23.62   22.23   20.05   14.24   12.40   18.90   18.67   17.36   14.36   23.88   21.11   17.11   22.43   6.525   25.89   26.63   27.39   22.71   20.43   21.29   21.49   18.88   18.23   27.05   21.42   18.10   14.68   15.39   19.64   14.89   17.32   14.96   19.17   17.84   15.83   10.01   11.76   16.16   15.06   11.67   13.51   20.80   20.26   26.10   26.43   25.37   29.38   28.21   19.16   18.51   23.58   18.98   
   65.0    2.473   3.013   3.860   7.885   9.367   12.00   7.915   6.520   7.391   7.365   13.42   16.45   15.35   14.67   16.05   12.63   3.801   9.011   11.38   11.47   17.63   16.11   17.19   13.32   12.71   13.95   12.74   13.15   12.58   11.85   12.72   16.38   18.92   16.57   5.690   8.324   20.83   20.84   21.15   16.53   24.58   23.14   20.87   14.82   12.91   19.67   19.44   18.07   14.95   24.86   21.97   17.81   23.35   6.792   26.95   27.72   28.51   23.64   21.26   22.16   22.37   19.65   18.97   28.15   22.30   18.83   15.28   16.02   20.44   15.50   18.03   15.57   19.95   18.57   16.47   10.41   12.24   16.82   15.68   12.15   14.06   21.65   21.09   27.17   27.51   26.41   30.58   29.36   19.94   19.27   24.54   19.75   
   70.0    2.566   3.126   4.006   8.183   9.720   12.45   8.214   6.766   7.670   7.643   13.93   17.07   15.93   15.22   16.65   13.10   3.945   9.351   11.81   11.90   18.29   16.72   17.84   13.83   13.19   14.48   13.22   13.65   13.05   12.30   13.20   17.00   19.64   17.20   5.905   8.638   21.62   21.63   21.95   17.16   25.51   24.01   21.66   15.38   13.40   20.41   20.17   18.75   15.51   25.80   22.80   18.48   24.23   7.048   27.97   28.76   29.59   24.53   22.06   22.99   23.21   20.39   19.69   29.21   23.14   19.54   15.86   16.62   21.21   16.09   18.71   16.15   20.70   19.27   17.10   10.81   12.70   17.45   16.27   12.60   14.60   22.47   21.88   28.19   28.55   27.40   31.73   30.47   20.70   19.99   25.47   20.50   
   80.0    2.743   3.342   4.282   8.748   10.39   13.31   8.781   7.233   8.199   8.170   14.89   18.25   17.03   16.28   17.80   14.01   4.217   9.997   12.63   12.72   19.55   17.87   19.07   14.78   14.10   15.48   14.13   14.59   13.95   13.15   14.11   18.17   20.99   18.39   6.313   9.234   23.11   23.12   23.46   18.34   27.27   25.67   23.15   16.44   14.32   21.82   21.56   20.04   16.58   27.58   24.37   19.75   25.90   7.535   29.90   30.75   31.63   26.23   23.59   24.58   24.82   21.80   21.05   31.23   24.73   20.89   16.96   17.77   22.68   17.20   20.00   17.27   22.13   20.60   18.28   11.55   13.58   18.66   17.40   13.47   15.60   24.02   23.39   30.14   30.52   29.30   33.92   32.58   22.13   21.37   27.23   21.91   
   90.0    2.910   3.545   4.542   9.279   11.02   14.12   9.314   7.672   8.697   8.666   15.79   19.36   18.06   17.26   18.88   14.86   4.473   10.60   13.40   13.49   20.74   18.96   20.23   15.68   14.95   16.42   14.99   15.48   14.80   13.95   14.96   19.28   22.27   19.50   6.696   9.794   24.51   24.52   24.88   19.45   28.93   27.23   24.56   17.44   15.19   23.15   22.87   21.26   17.59   29.25   25.85   20.95   27.47   7.992   31.71   32.61   33.55   27.82   25.02   26.07   26.32   23.12   22.33   33.12   26.24   22.16   17.99   18.85   24.05   18.24   21.21   18.32   23.48   21.85   19.39   12.25   14.40   19.79   18.45   14.29   16.55   25.48   24.81   31.97   32.37   31.07   35.98   34.55   23.47   22.67   28.88   23.24   
   100.    3.067   3.737   4.788   9.780   11.62   14.88   9.818   8.087   9.167   9.135   16.65   20.40   19.04   18.20   19.90   15.66   4.715   11.18   14.12   14.22   21.86   19.98   21.32   16.53   15.76   17.30   15.80   16.31   15.60   14.70   15.77   20.32   23.47   20.56   7.058   10.32   25.84   25.85   26.23   20.50   30.49   28.70   25.89   18.38   16.01   24.40   24.11   22.41   18.54   30.83   27.25   22.09   28.96   8.424   33.43   34.38   35.36   29.32   26.37   27.48   27.75   24.37   23.53   34.92   27.65   23.36   18.96   19.86   25.35   19.23   22.36   19.31   24.75   23.03   20.43   12.92   15.18   20.86   19.45   15.06   17.44   26.86   26.15   33.70   34.12   32.75   37.93   36.42   24.74   23.90   30.44   24.50   
   110.    3.217   3.919   5.021   10.26   12.19   15.61   10.30   8.482   9.615   9.581   17.46   21.40   19.97   19.09   20.88   16.42   4.945   11.72   14.81   14.92   22.93   20.96   22.36   17.33   16.53   18.15   16.57   17.11   16.36   15.42   16.54   21.31   24.62   21.56   7.403   10.83   27.10   27.11   27.51   21.51   31.98   30.10   27.15   19.28   16.79   25.59   25.29   23.50   19.45   32.34   28.58   23.16   30.37   8.836   35.06   36.06   37.09   30.75   27.66   28.82   29.10   25.56   24.68   36.62   29.00   24.50   19.88   20.83   26.59   20.17   23.45   20.25   25.95   24.15   21.43   13.55   15.92   21.88   20.40   15.80   18.30   28.17   27.43   35.34   35.78   34.35   39.78   38.20   25.94   25.06   31.93   25.69   
   120.    3.360   4.093   5.245   10.71   12.73   16.30   10.75   8.859   10.04   10.01   18.24   22.35   20.86   19.93   21.80   17.15   5.165   12.24   15.47   15.58   23.95   21.89   23.36   18.10   17.27   18.96   17.31   17.87   17.09   16.10   17.28   22.26   25.71   22.52   7.732   11.31   28.30   28.32   28.73   22.46   33.40   31.44   28.36   20.14   17.54   26.73   26.41   24.55   20.31   33.77   29.85   24.19   31.72   9.228   36.62   37.66   38.74   32.12   28.89   30.10   30.39   26.70   25.78   38.25   30.29   25.59   20.77   21.76   27.77   21.06   24.49   21.15   27.11   25.23   22.38   14.15   16.63   22.85   21.30   16.50   19.11   29.42   28.65   36.92   37.38   35.88   41.55   39.90   27.10   26.18   33.34   26.84   
   130.    3.497   4.261   5.459   11.15   13.25   16.97   11.19   9.221   10.45   10.42   18.98   23.26   21.71   20.75   22.69   17.85   5.376   12.74   16.10   16.22   24.93   22.78   24.31   18.84   17.97   19.73   18.01   18.60   17.79   16.76   17.98   23.17   26.76   23.44   8.047   11.77   29.46   29.47   29.91   23.38   34.77   32.72   29.52   20.96   18.26   27.82   27.49   25.55   21.14   35.15   31.07   25.18   33.02   9.605   38.12   39.20   40.32   33.43   30.07   31.33   31.64   27.79   26.83   39.81   31.53   26.64   21.62   22.65   28.91   21.92   25.49   22.01   28.21   26.26   23.30   14.73   17.31   23.78   22.17   17.18   19.89   30.62   29.82   38.42   38.90   37.34   43.24   41.53   28.21   27.25   34.71   27.93   
   140.    3.629   4.421   5.665   11.57   13.75   17.61   11.62   9.569   10.85   10.81   19.70   24.14   22.53   21.53   23.55   18.53   5.579   13.22   16.71   16.83   25.87   23.64   25.23   19.55   18.65   20.47   18.69   19.30   18.46   17.39   18.66   24.04   27.77   24.32   8.351   12.22   30.57   30.59   31.04   24.26   36.08   33.96   30.63   21.75   18.95   28.87   28.53   26.52   21.94   36.48   32.24   26.13   34.26   9.968   39.55   40.68   41.84   34.69   31.20   32.51   32.83   28.84   27.84   41.31   32.72   27.64   22.43   23.50   30.00   22.75   26.45   22.84   29.28   27.25   24.18   15.28   17.97   24.68   23.01   17.82   20.64   31.78   30.94   39.87   40.37   38.75   44.87   43.09   29.27   28.27   36.02   28.99   
   150.    3.756   4.577   5.864   11.98   14.23   18.23   12.02   9.904   11.23   11.19   20.39   24.99   23.32   22.29   24.38   19.18   5.774   13.69   17.29   17.42   26.78   24.47   26.11   20.24   19.30   21.19   19.35   19.98   19.11   18.01   19.32   24.89   28.75   25.18   8.644   12.64   31.64   31.66   32.13   25.11   37.34   35.15   31.71   22.51   19.61   29.88   29.53   27.45   22.71   37.76   33.38   27.05   35.47   10.32   40.94   42.10   43.31   35.91   32.30   33.66   33.98   29.85   28.82   42.76   33.87   28.61   23.22   24.33   31.05   23.55   27.38   23.65   30.31   28.21   25.03   15.82   18.60   25.55   23.82   18.45   21.37   32.89   32.03   41.27   41.79   40.11   46.45   44.61   30.30   29.27   37.28   30.00   
   160.    3.879   4.727   6.056   12.37   14.70   18.83   12.42   10.23   11.60   11.55   21.06   25.81   24.08   23.02   25.18   19.81   5.964   14.14   17.86   17.99   27.65   25.28   26.97   20.90   19.94   21.89   19.98   20.64   19.73   18.60   19.95   25.70   29.69   26.00   8.928   13.06   32.68   32.70   33.18   25.94   38.57   36.30   32.74   23.25   20.26   30.86   30.50   28.35   23.45   39.00   34.47   27.94   36.63   10.66   42.29   43.48   44.73   37.09   33.35   34.76   35.10   30.83   29.77   44.16   34.98   29.55   23.98   25.13   32.07   24.32   28.28   24.42   31.30   29.13   25.85   16.34   19.21   26.39   24.60   19.06   22.07   33.97   33.08   42.63   43.16   41.43   47.97   46.07   31.29   30.23   38.50   30.99   
   170.    3.999   4.872   6.243   12.75   15.15   19.41   12.80   10.54   11.95   11.91   21.70   26.60   24.82   23.73   25.95   20.42   6.147   14.57   18.41   18.55   28.50   26.05   27.80   21.55   20.55   22.56   20.60   21.27   20.34   19.17   20.57   26.49   30.60   26.80   9.203   13.46   33.69   33.70   34.20   26.73   39.76   37.42   33.75   23.97   20.88   31.81   31.43   29.22   24.18   40.20   35.53   28.80   37.76   10.98   43.59   44.82   46.11   38.23   34.38   35.83   36.18   31.78   30.68   45.52   36.06   30.46   24.72   25.90   33.05   25.07   29.15   25.17   32.26   30.03   26.64   16.84   19.80   27.20   25.36   19.64   22.74   35.02   34.10   43.94   44.49   42.70   49.45   47.49   32.25   31.16   39.69   31.94   
   180.    4.115   5.013   6.423   13.12   15.59   19.97   13.17   10.85   12.30   12.26   22.33   27.37   25.54   24.41   26.70   21.01   6.326   14.99   18.94   19.08   29.33   26.81   28.60   22.17   21.15   23.22   21.20   21.89   20.93   19.72   21.16   27.26   31.49   27.58   9.469   13.85   34.66   34.68   35.19   27.51   40.91   38.50   34.73   24.66   21.48   32.73   32.35   30.07   24.88   41.36   36.56   29.63   38.85   11.30   44.85   46.12   47.44   39.34   35.38   36.87   37.23   32.70   31.57   46.84   37.10   31.34   25.43   26.65   34.01   25.80   30.00   25.90   33.20   30.90   27.41   17.33   20.37   27.99   26.09   20.21   23.40   36.03   35.09   45.21   45.78   43.94   50.88   48.86   33.19   32.06   40.84   32.87   
   200.    4.337   5.285   6.771   13.83   16.43   21.05   13.88   11.44   12.96   12.92   23.54   28.85   26.92   25.73   28.15   22.15   6.668   15.81   19.97   20.12   30.92   28.26   30.15   23.37   22.29   24.47   22.34   23.07   22.06   20.79   22.31   28.74   33.19   29.07   9.982   14.60   36.54   36.56   37.10   29.00   43.12   40.59   36.61   25.99   22.65   34.50   34.09   31.69   26.22   43.60   38.54   31.23   40.95   11.91   47.28   48.62   50.01   41.47   37.29   38.86   39.24   34.47   33.28   49.38   39.11   33.04   26.81   28.09   35.85   27.19   31.62   27.30   35.00   32.57   28.90   18.27   21.47   29.50   27.50   21.30   24.67   37.98   36.99   47.66   48.25   46.32   53.63   51.51   34.98   33.79   43.05   34.64   
   225.    4.600   5.605   7.182   14.67   17.43   22.33   14.73   12.13   13.75   13.70   24.97   30.60   28.56   27.30   29.86   23.49   7.072   16.76   21.18   21.34   32.79   29.97   31.98   24.79   23.64   25.96   23.70   24.47   23.40   22.05   23.66   30.48   35.21   30.84   10.59   15.49   38.75   38.77   39.35   30.76   45.74   43.05   38.83   27.57   24.02   36.60   36.16   33.61   27.81   46.25   40.88   33.13   43.44   12.64   50.14   51.57   53.04   43.98   39.55   41.22   41.62   36.56   35.30   52.37   41.48   35.04   28.44   29.80   38.03   28.84   33.54   28.96   37.12   34.55   30.65   19.38   22.78   31.29   29.17   22.60   26.17   40.29   39.23   50.55   51.18   49.13   56.89   54.63   37.11   35.84   45.66   36.75   
   250.    4.849   5.908   7.570   15.46   18.37   23.53   15.52   12.79   14.49   14.44   26.32   32.26   30.10   28.77   31.47   24.76   7.455   17.67   22.33   22.49   34.57   31.60   33.71   26.13   24.92   27.36   24.98   25.80   24.67   23.24   24.94   32.13   37.11   32.50   11.16   16.32   40.85   40.87   41.47   32.42   48.21   45.38   40.93   29.06   25.32   38.58   38.12   35.43   29.32   48.75   43.09   34.92   45.79   13.32   52.86   54.36   55.91   46.36   41.69   43.45   43.87   38.54   37.21   55.21   43.73   36.94   29.98   31.41   40.08   30.40   35.35   30.53   39.13   36.41   32.31   20.42   24.01   32.98   30.75   23.82   27.58   42.46   41.35   53.28   53.95   51.79   59.97   57.59   39.11   37.78   48.13   38.73   
   275.    5.086   6.197   7.940   16.22   19.27   24.68   16.28   13.41   15.20   15.15   27.60   33.83   31.57   30.18   33.01   25.97   7.819   18.53   23.42   23.59   36.25   33.14   35.36   27.40   26.14   28.70   26.20   27.05   25.87   24.38   26.16   33.69   38.92   34.09   11.70   17.12   42.84   42.87   43.50   34.00   50.56   47.59   42.93   30.48   26.55   40.46   39.98   37.16   30.75   51.13   45.19   36.62   48.02   13.97   55.44   57.01   58.64   48.62   43.73   45.57   46.01   40.42   39.03   57.90   45.86   38.74   31.44   32.94   42.04   31.88   37.08   32.02   41.04   38.19   33.89   21.42   25.18   34.59   32.25   24.98   28.93   44.54   43.37   55.88   56.58   54.31   62.89   60.40   41.02   39.63   50.48   40.62   
   300.    5.312   6.472   8.293   16.94   20.12   25.78   17.00   14.01   15.88   15.82   28.83   35.34   32.98   31.52   34.48   27.12   8.166   19.36   24.46   24.64   37.87   34.61   36.93   28.62   27.30   29.97   27.36   28.26   27.02   25.46   27.32   35.19   40.66   35.61   12.22   17.88   44.75   44.77   45.43   35.51   52.81   49.71   44.84   31.84   27.74   42.26   41.76   38.81   32.12   53.40   47.20   38.25   50.16   14.59   57.90   59.54   61.25   50.79   45.67   47.60   48.06   42.22   40.76   60.47   47.90   40.46   32.84   34.41   43.91   33.30   38.72   33.44   42.86   39.89   35.39   22.37   26.30   36.13   33.69   26.09   30.21   46.52   45.30   58.37   59.10   56.73   65.69   63.08   42.85   41.39   52.72   42.43   
   325.    5.529   6.736   8.631   17.63   20.94   26.83   17.70   14.58   16.53   16.47   30.01   36.78   34.32   32.81   35.88   28.23   8.500   20.15   25.46   25.64   39.41   36.03   38.44   29.79   28.41   31.20   28.48   29.41   28.12   26.50   28.44   36.63   42.32   37.06   12.72   18.61   46.58   46.60   47.29   36.96   54.97   51.74   46.67   33.14   28.87   43.98   43.46   40.40   33.43   55.58   49.13   39.82   52.20   15.19   60.27   61.97   63.75   52.86   47.54   49.54   50.02   43.94   42.43   62.94   49.85   42.11   34.18   35.81   45.70   34.66   40.31   34.81   44.61   41.52   36.84   23.29   27.37   37.61   35.06   27.16   31.45   48.42   47.15   60.75   61.51   59.05   68.37   65.66   44.60   43.08   54.88   44.16   
   350.    5.738   6.991   8.957   18.30   21.74   27.85   18.37   15.13   17.15   17.09   31.14   38.17   35.62   34.04   37.24   29.30   8.821   20.91   26.42   26.61   40.90   37.39   39.89   30.92   29.49   32.37   29.56   30.52   29.19   27.50   29.51   38.01   43.91   38.46   13.20   19.31   48.33   48.36   49.07   38.36   57.04   53.69   48.43   34.39   29.96   45.65   45.10   41.92   34.69   57.68   50.98   41.32   54.18   15.76   62.54   64.31   66.16   54.86   49.33   51.41   51.91   45.60   44.03   65.32   51.74   43.70   35.47   37.16   47.43   35.97   41.83   36.12   46.30   43.09   38.23   24.17   28.41   39.03   36.39   28.18   32.64   50.24   48.93   63.04   63.83   61.28   70.95   68.14   46.28   44.71   56.95   45.83   
   375.    5.939   7.236   9.272   18.94   22.50   28.82   19.01   15.66   17.75   17.69   32.24   39.51   36.87   35.24   38.54   30.32   9.130   21.64   27.34   27.55   42.34   38.70   41.29   32.00   30.52   33.51   30.59   31.59   30.21   28.47   30.54   39.35   45.45   39.81   13.67   19.99   50.03   50.06   50.80   39.71   59.05   55.57   50.13   35.59   31.01   47.25   46.69   43.40   35.91   59.70   52.77   42.77   56.08   16.31   64.74   66.57   68.48   56.78   51.06   53.21   53.73   47.20   45.57   67.61   53.55   45.24   36.71   38.47   49.09   37.23   43.30   37.39   47.92   44.60   39.57   25.01   29.40   40.40   37.66   29.17   33.78   52.01   50.65   65.26   66.07   63.43   73.44   70.53   47.90   46.28   58.95   47.44   
   400.    6.134   7.473   9.576   19.56   23.24   29.77   19.64   16.17   18.33   18.27   33.29   40.80   38.08   36.39   39.81   31.32   9.430   22.35   28.24   28.45   43.72   39.97   42.64   33.05   31.52   34.61   31.60   32.63   31.20   29.40   31.55   40.64   46.94   41.11   14.12   20.65   51.67   51.70   52.46   41.01   60.98   57.40   51.77   36.76   32.03   48.80   48.22   44.82   37.08   61.66   54.50   44.17   57.92   16.85   66.86   68.75   70.72   58.64   52.74   54.96   55.49   48.75   47.07   69.83   55.31   46.72   37.92   39.73   50.70   38.45   44.72   38.61   49.49   46.06   40.87   25.83   30.37   41.72   38.90   30.13   34.89   53.71   52.31   67.40   68.24   65.51   75.85   72.84   49.48   47.79   60.88   49.00   
   450.    6.506   7.927   10.16   20.75   24.65   31.57   20.83   17.16   19.45   19.38   35.31   43.28   40.39   38.60   42.22   33.22   10.00   23.71   29.95   30.17   46.38   42.39   45.23   35.06   33.43   36.71   33.51   34.61   33.09   31.19   33.46   43.10   49.79   43.61   14.97   21.90   54.80   54.84   55.64   43.50   64.68   60.88   54.91   38.99   33.97   51.76   51.14   47.54   39.33   65.40   57.81   46.85   61.43   17.87   70.91   72.93   75.01   62.20   55.94   58.29   58.86   51.71   49.92   74.07   58.66   49.56   40.22   42.14   53.78   40.79   47.43   40.96   52.49   48.86   43.35   27.40   32.21   44.25   41.26   31.96   37.01   56.97   55.48   71.49   72.38   69.48   80.45   77.26   52.48   50.69   64.57   51.97   
   500.    6.858   8.356   10.71   21.87   25.98   33.28   21.95   18.08   20.50   20.43   37.22   45.62   42.57   40.69   44.51   35.02   10.54   24.99   31.57   31.81   48.88   44.68   47.67   36.95   35.24   38.69   35.33   36.48   34.88   32.87   35.27   45.43   52.49   45.97   15.78   23.09   57.77   57.80   58.65   45.85   68.18   64.17   57.89   41.10   35.81   54.56   53.91   50.11   41.46   68.94   60.94   49.38   64.75   18.84   74.75   76.87   79.07   65.56   58.96   61.45   62.04   54.50   52.62   78.07   61.84   52.24   42.39   44.42   56.69   42.99   49.99   43.17   55.33   51.50   45.69   28.88   33.95   46.64   43.49   33.69   39.01   60.05   58.48   75.35   76.29   73.24   84.80   81.44   55.31   53.43   68.06   54.78   
   550.    7.193   8.763   11.23   22.94   27.25   34.91   23.02   18.97   21.50   21.42   39.04   47.85   44.65   42.68   46.68   36.72   11.06   26.21   33.12   33.36   51.27   46.86   50.00   38.76   36.96   40.58   37.05   38.26   36.59   34.48   36.99   47.65   55.05   48.21   16.55   24.21   60.59   60.62   61.52   48.09   71.51   67.30   60.71   43.11   37.55   57.22   56.54   52.55   43.49   72.31   63.91   51.80   67.91   19.76   78.40   80.62   82.93   68.76   61.84   64.45   65.07   57.16   55.19   81.88   64.86   54.79   44.46   46.59   59.46   45.09   52.43   45.28   58.03   54.01   47.92   30.29   35.61   48.92   45.61   35.33   40.91   62.99   61.33   79.03   80.02   76.81   88.94   85.41   58.01   56.04   71.39   57.45   
   600.    7.512   9.153   11.73   23.96   28.46   36.46   24.05   19.81   22.45   22.38   40.78   49.97   46.63   44.57   48.76   38.36   11.55   27.38   34.59   34.84   53.55   48.95   52.22   40.48   38.61   42.39   38.70   39.96   38.21   36.01   38.64   49.77   57.49   50.35   17.29   25.29   63.28   63.32   64.25   50.22   74.69   70.30   63.41   45.02   39.22   59.76   59.05   54.89   45.42   75.52   66.75   54.10   70.93   20.64   81.89   84.21   86.62   71.82   64.59   67.31   67.96   59.71   57.64   85.52   67.74   57.22   46.44   48.66   62.10   47.10   54.76   47.29   60.62   56.41   50.05   31.64   37.19   51.10   47.64   36.90   42.73   65.79   64.06   82.54   83.58   80.23   92.90   89.21   60.59   58.53   74.56   60.01   
   650.    7.819   9.527   12.21   24.94   29.62   37.95   25.03   20.62   23.37   23.29   42.44   52.02   48.54   46.39   50.75   39.92   12.02   28.49   36.00   36.26   55.74   50.95   54.36   42.13   40.18   44.12   40.28   41.59   39.77   37.48   40.21   51.80   59.84   52.41   17.99   26.32   65.87   65.90   66.88   52.28   77.74   73.17   66.00   46.86   40.83   62.20   61.47   57.13   47.27   78.60   69.48   56.31   73.83   21.48   85.23   87.65   90.16   74.76   67.23   70.06   70.74   62.14   60.00   89.02   70.51   59.56   48.33   50.64   64.63   49.02   57.00   49.22   63.09   58.72   52.10   32.93   38.71   53.18   49.58   38.41   44.48   68.47   66.68   85.92   86.99   83.50   96.69   92.85   63.07   60.92   77.61   62.46   
   700.    8.114   9.886   12.67   25.88   30.74   39.38   25.98   21.40   24.25   24.17   44.04   53.98   50.37   48.15   52.66   41.43   12.47   29.57   37.36   37.63   57.84   52.87   56.41   43.72   41.70   45.78   41.80   43.16   41.28   38.90   41.73   53.76   62.10   54.39   18.67   27.32   68.35   68.39   69.40   54.25   80.67   75.93   68.49   48.63   42.37   64.55   63.79   59.29   49.06   81.57   72.10   58.43   76.62   22.29   88.45   90.95   93.56   77.58   69.77   72.71   73.41   64.49   62.26   92.38   73.17   61.81   50.16   52.56   67.07   50.87   59.15   51.08   65.47   60.93   54.06   34.18   40.17   55.19   51.46   39.86   46.15   71.06   69.20   89.16   90.27   86.66   100.3   96.36   65.45   63.22   80.53   64.81   
   800.    8.675   10.57   13.54   27.66   32.86   42.10   27.77   22.87   25.93   25.84   47.08   57.71   53.85   51.47   56.30   44.29   13.34   31.61   39.94   40.23   61.83   56.52   60.30   46.74   44.58   48.94   44.69   46.14   44.13   41.58   44.61   57.47   66.39   58.14   19.96   29.20   73.07   73.11   74.19   57.99   86.24   81.17   73.22   51.99   45.29   69.01   68.19   63.38   52.45   87.20   77.08   62.47   81.91   23.83   94.55   97.23   100.0   82.93   74.58   77.73   78.48   68.94   66.56   98.76   78.22   66.07   53.62   56.19   71.71   54.38   63.24   54.61   69.99   65.14   57.79   36.54   42.95   59.00   55.01   42.61   49.34   75.96   73.97   95.31   96.50   92.64   107.3   103.0   69.97   67.59   86.10   69.29   
   900.    9.201   11.21   14.36   29.34   34.85   44.65   29.45   24.26   27.50   27.40   49.94   61.21   57.12   54.59   59.71   46.98   14.14   33.53   42.36   42.67   65.59   59.95   63.96   49.58   47.28   51.91   47.40   48.94   46.80   44.10   47.32   60.96   70.42   61.67   21.17   30.97   77.51   77.55   78.69   61.51   91.47   86.10   77.66   55.14   48.04   73.20   72.33   67.23   55.63   92.49   81.75   66.26   86.87   25.27   100.3   103.1   106.1   87.96   79.11   82.44   83.24   73.12   70.60   104.7   82.96   70.08   56.87   59.59   76.06   57.68   67.07   57.92   74.24   69.09   61.30   38.75   45.55   62.58   58.35   45.19   52.33   80.57   78.46   101.1   102.4   98.26   113.8   109.3   74.21   71.69   91.32   73.49   
   1.00e3  9.699   11.82   15.14   30.93   36.74   47.07   31.05   25.57   28.99   28.89   52.64   64.52   60.21   57.55   62.94   49.52   14.91   35.34   44.65   44.98   69.13   63.19   67.42   52.26   49.84   54.72   49.96   51.59   49.33   46.49   49.88   64.25   74.23   65.01   22.32   32.65   81.70   81.74   82.95   64.84   96.42   90.75   81.86   58.13   50.64   77.15   76.24   70.86   58.64   97.50   86.18   69.84   91.57   26.64   105.7   108.7   111.8   92.72   83.39   86.90   87.74   77.08   74.42   110.4   87.45   73.87   59.95   62.82   80.17   60.80   70.70   61.05   78.25   72.83   64.62   40.85   48.01   65.97   61.50   47.64   55.16   84.93   82.70   106.6   107.9   103.6   119.9   115.2   78.23   75.57   96.26   77.47   
   1.10e3  10.17   12.39   15.88   32.44   38.53   49.37   32.56   26.82   30.40   30.30   55.21   67.67   63.14   60.35   66.02   51.94   15.64   37.07   46.83   47.18   72.51   66.28   70.71   54.81   52.27   57.39   52.40   54.11   51.74   48.76   52.31   67.39   77.85   68.18   23.41   34.24   85.69   85.73   87.00   68.00   101.1   95.18   85.86   60.96   53.11   80.92   79.96   74.32   61.50   102.3   90.38   73.25   96.04   27.94   110.9   114.0   117.3   97.25   87.46   91.14   92.02   80.84   78.05   115.8   91.72   77.48   62.88   65.88   84.08   63.77   74.15   64.03   82.07   76.38   67.77   42.84   50.36   69.19   64.50   49.96   57.86   89.07   86.74   111.8   113.2   108.6   125.8   120.8   82.05   79.26   101.0   81.25   
   1.20e3  10.62   12.94   16.59   33.88   40.25   51.56   34.01   28.01   31.76   31.64   57.66   70.67   65.95   63.04   68.95   54.25   16.33   38.72   48.92   49.27   75.73   69.22   73.86   57.25   54.60   59.94   54.73   56.51   54.04   50.93   54.64   70.39   81.31   71.21   24.45   35.76   89.50   89.55   90.87   71.03   105.6   99.41   89.68   63.67   55.47   84.52   83.51   77.63   64.23   106.8   94.40   76.51   100.3   29.18   115.8   119.1   122.5   101.6   91.34   95.19   96.12   84.44   81.52   120.9   95.80   80.92   65.67   68.81   87.82   66.60   77.45   66.88   85.72   79.78   70.78   44.75   52.60   72.26   67.37   52.19   60.43   93.04   90.60   116.7   118.2   113.5   131.4   126.2   85.69   82.78   105.4   84.86   
   1.30e3  11.06   13.47   17.26   35.26   41.89   53.67   35.40   29.16   33.05   32.94   60.02   73.56   68.64   65.61   71.77   56.46   17.00   40.30   50.91   51.29   78.82   72.05   76.87   59.58   56.83   62.39   56.96   58.82   56.25   53.01   56.87   73.26   84.63   74.12   25.45   37.22   93.15   93.20   94.58   73.93   109.9   103.5   93.34   66.27   57.74   87.97   86.93   80.80   66.85   111.2   98.26   79.63   104.4   30.37   120.5   123.9   127.5   105.7   95.07   99.08   100.0   87.88   84.85   125.9   99.71   84.23   68.35   71.62   91.41   69.32   80.61   69.61   89.22   83.04   73.67   46.57   54.74   75.21   70.12   54.32   62.90   96.83   94.30   121.5   123.0   118.1   136.7   131.3   89.19   86.16   109.8   88.33   
   1.40e3  11.48   13.98   17.91   36.60   43.47   55.69   36.73   30.26   34.30   34.18   62.28   76.34   71.24   68.09   74.48   58.59   17.64   41.82   52.83   53.22   81.80   74.77   79.77   61.83   58.97   64.75   59.11   61.04   58.37   55.01   59.02   76.03   87.83   76.92   26.41   38.63   96.67   96.72   98.15   76.72   114.1   107.4   96.86   68.78   59.92   91.29   90.21   83.85   69.38   115.4   102.0   82.64   108.4   31.52   125.1   128.6   132.3   109.7   98.66   102.8   103.8   91.20   88.05   130.6   103.5   87.41   70.93   74.33   94.86   71.94   83.65   72.24   92.59   86.17   76.46   48.33   56.81   78.05   72.77   56.37   65.27   100.5   97.86   126.1   127.7   122.6   141.9   136.3   92.56   89.41   113.9   91.66   
   1.50e3  11.88   14.47   18.54   37.88   45.00   57.65   38.02   31.32   35.50   35.38   64.47   79.02   73.74   70.48   77.09   60.65   18.26   43.29   54.69   55.09   84.67   77.39   82.57   64.00   61.04   67.02   61.19   63.18   60.42   56.94   61.09   78.69   90.91   79.62   27.34   39.99   100.1   100.1   101.6   79.41   118.1   111.1   100.3   71.19   62.02   94.49   93.37   86.79   71.81   119.4   105.5   85.54   112.2   32.63   129.5   133.1   137.0   113.6   102.1   106.4   107.5   94.40   91.14   135.2   107.1   90.48   73.42   76.93   98.19   74.47   86.59   74.78   95.84   89.20   79.14   50.03   58.81   80.79   75.32   58.35   67.56   104.0   101.3   130.5   132.1   126.9   146.9   141.1   95.81   92.55   117.9   94.88   
   1.60e3  12.27   14.95   19.15   39.12   46.47   59.54   39.27   32.35   36.67   36.54   66.59   81.61   76.15   72.79   79.62   62.64   18.86   44.71   56.48   56.90   87.45   79.93   85.28   66.10   63.04   69.22   63.20   65.26   62.40   58.80   63.09   81.27   93.89   82.23   28.23   41.30   103.3   103.4   104.9   82.02   122.0   114.8   103.5   73.52   64.05   97.59   96.43   89.64   74.17   123.3   109.0   88.34   115.8   33.70   133.7   137.5   141.4   117.3   105.5   109.9   111.0   97.50   94.13   139.7   110.6   93.44   75.83   79.46   101.4   76.91   89.43   77.23   98.98   92.12   81.73   51.67   60.73   83.44   77.79   60.26   69.78   107.4   104.6   134.8   136.5   131.0   151.7   145.7   98.95   95.59   121.8   97.99   
   1.70e3  12.65   15.41   19.74   40.33   47.90   61.37   40.48   33.34   37.80   37.66   68.63   84.12   78.50   75.03   82.07   64.57   19.44   46.08   58.22   58.65   90.14   82.39   87.91   68.14   64.98   71.35   65.14   67.27   64.32   60.61   65.03   83.78   96.78   84.76   29.10   42.57   106.5   106.6   108.2   84.54   125.7   118.3   106.7   75.79   66.02   100.6   99.40   92.40   76.45   127.1   112.4   91.06   119.4   34.73   137.8   141.7   145.8   120.9   108.7   113.3   114.4   100.5   97.03   144.0   114.0   96.32   78.17   81.90   104.5   79.27   92.18   79.60   102.0   94.96   84.25   53.26   62.60   86.01   80.19   62.11   71.93   110.7   107.8   138.9   140.7   135.0   156.4   150.2   102.0   98.53   125.5   101.0   
   1.80e3  13.01   15.85   20.31   41.49   49.29   63.15   41.65   34.31   38.89   38.76   70.62   86.56   80.77   77.20   84.45   66.44   20.00   47.42   59.91   60.35   92.75   84.78   90.46   70.11   66.87   73.41   67.03   69.22   66.19   62.37   66.92   86.21   99.58   87.21   29.95   43.80   109.6   109.7   111.3   86.99   129.4   121.8   109.8   77.98   67.94   103.5   102.3   95.07   78.67   130.8   115.6   93.70   122.9   35.74   141.8   145.9   150.0   124.4   111.9   116.6   117.7   103.4   99.84   148.1   117.3   99.11   80.43   84.28   107.6   81.57   94.86   81.91   105.0   97.71   86.69   54.80   64.42   88.50   82.51   63.91   74.01   113.9   111.0   143.0   144.8   139.0   160.9   154.5   105.0   101.4   129.1   103.9   
   2.00e3  13.72   16.71   21.41   43.74   51.96   66.56   43.91   36.17   41.00   40.85   74.44   91.24   85.14   81.38   89.01   70.03   21.09   49.98   63.15   63.61   97.77   89.37   95.35   73.90   70.48   77.39   70.65   72.96   69.77   65.75   70.54   90.87   105.0   91.93   31.57   46.17   115.5   115.6   117.3   91.70   136.4   128.3   115.8   82.20   71.61   109.1   107.8   100.2   82.92   137.9   121.9   98.77   129.5   37.67   149.5   153.7   158.1   131.1   117.9   122.9   124.1   109.0   105.2   156.1   123.7   104.5   84.78   88.84   113.4   85.99   99.99   86.34   110.7   103.0   91.38   57.77   67.90   93.29   86.98   67.37   78.01   120.1   117.0   150.7   152.6   146.5   169.6   162.9   110.6   106.9   136.1   109.6   
   2.25e3  14.55   17.72   22.71   46.39   55.11   70.60   46.57   38.36   43.48   43.33   78.96   96.78   90.31   86.32   94.41   74.28   22.36   53.01   66.98   67.47   103.7   94.79   101.1   78.39   74.76   82.08   74.94   77.39   74.00   69.73   74.82   96.38   111.3   97.51   33.48   48.97   122.5   122.6   124.4   97.26   144.6   136.1   122.8   87.19   75.96   115.7   114.4   106.3   87.95   146.2   129.3   104.8   137.4   39.96   158.6   163.1   167.7   139.1   125.1   130.3   131.6   115.6   111.6   165.6   131.2   110.8   89.93   94.23   120.3   91.20   106.1   91.58   117.4   109.2   96.93   61.27   72.02   98.95   92.25   71.46   82.75   127.4   124.1   159.8   161.8   155.4   179.9   172.8   117.3   113.4   144.4   116.2   
   2.50e3  15.33   18.68   23.94   48.90   58.09   74.42   49.09   40.44   45.84   45.67   83.23   102.0   95.19   90.99   99.52   78.30   23.57   55.88   70.60   71.12   109.3   99.92   106.6   82.63   78.80   86.52   78.99   81.57   78.00   73.51   78.87   101.6   117.4   102.8   35.29   51.62   129.2   129.2   131.2   102.5   152.5   143.5   129.4   91.90   80.07   122.0   120.5   112.0   92.71   154.2   136.3   110.4   144.8   42.12   167.1   171.9   176.8   146.6   131.8   137.4   138.7   121.9   117.7   174.6   138.3   116.8   94.79   99.32   126.8   96.13   111.8   96.53   123.7   115.2   102.2   64.59   75.92   104.3   97.24   75.32   87.22   134.3   130.8   168.5   170.6   163.8   189.6   182.1   123.7   119.5   152.2   122.5   
   2.75e3  16.08   19.60   25.11   51.29   60.93   78.05   51.49   42.41   48.07   47.90   87.29   107.0   99.84   95.43   104.4   82.12   24.72   58.61   74.05   74.59   114.6   104.8   111.8   86.66   82.65   90.74   82.85   85.55   81.81   77.09   82.71   106.6   123.1   107.8   37.01   54.14   135.5   135.6   137.6   107.5   159.9   150.5   135.8   96.39   83.97   127.9   126.4   117.5   97.24   161.7   142.9   115.8   151.9   44.18   175.3   180.3   185.4   153.8   138.3   144.1   145.5   127.8   123.4   183.1   145.0   122.5   99.42   104.2   132.9   100.8   117.2   101.2   129.8   120.8   107.2   67.74   79.62   109.4   102.0   79.00   91.48   140.8   137.1   176.7   178.9   171.8   198.9   191.0   129.7   125.3   159.6   128.5   
   3.00e3  16.80   20.47   26.22   53.57   63.64   81.52   53.77   44.29   50.21   50.03   91.18   111.7   104.3   99.67   109.0   85.77   25.82   61.22   77.34   77.91   119.7   109.5   116.8   90.51   86.33   94.78   86.53   89.36   85.45   80.52   86.39   111.3   128.6   112.6   38.66   56.55   141.5   141.6   143.7   112.3   167.0   157.2   141.8   100.7   87.71   133.6   132.0   122.7   101.6   168.9   149.3   121.0   158.6   46.14   183.1   188.3   193.7   160.6   144.4   150.5   152.0   133.5   128.9   191.2   151.5   128.0   103.8   108.8   138.9   105.3   122.5   105.7   135.5   126.1   111.9   70.75   83.16   114.3   106.5   82.51   95.55   147.1   143.2   184.6   186.9   179.4   207.7   199.5   135.5   130.9   166.7   134.2   
   3.25e3  17.48   21.30   27.29   55.76   66.23   84.85   55.97   46.10   52.26   52.08   94.90   116.3   108.5   103.7   113.5   89.27   26.88   63.72   80.50   81.09   124.6   113.9   121.5   94.21   89.85   98.65   90.07   93.01   88.94   83.81   89.92   115.8   133.8   117.2   40.24   58.86   147.3   147.4   149.5   116.9   173.8   163.6   147.6   104.8   91.29   139.1   137.4   127.8   105.7   175.8   155.4   125.9   165.1   48.03   190.6   196.0   201.6   167.2   150.3   156.7   158.2   139.0   134.2   199.0   157.7   133.2   108.1   113.2   144.5   109.6   127.5   110.1   141.1   131.3   116.5   73.64   86.56   118.9   110.9   85.88   99.45   153.1   149.1   192.1   194.5   186.7   216.2   207.6   141.0   136.2   173.5   139.7   
   3.50e3  18.14   22.11   28.32   57.86   68.73   88.06   58.08   47.84   54.23   54.04   98.48   120.7   112.6   107.7   117.8   92.64   27.89   66.12   83.54   84.15   129.3   118.2   126.1   97.76   93.24   102.4   93.47   96.52   92.30   86.97   93.32   120.2   138.9   121.6   41.76   61.08   152.8   152.9   155.2   121.3   180.4   169.8   153.2   108.7   94.73   144.3   142.6   132.6   109.7   182.4   161.2   130.7   171.3   49.84   197.8   203.4   209.2   173.5   156.0   162.6   164.1   144.2   139.2   206.6   163.6   138.2   112.2   117.5   150.0   113.7   132.3   114.2   146.4   136.3   120.9   76.42   89.83   123.4   115.1   89.12   103.2   158.9   154.7   199.4   201.9   193.8   224.4   215.5   146.3   141.4   180.1   144.9   
   3.75e3  18.78   22.88   29.32   59.89   71.15   91.15   60.12   49.52   56.14   55.94   101.9   124.9   116.6   111.4   121.9   95.89   28.87   68.44   86.47   87.11   133.9   122.4   130.6   101.2   96.52   106.0   96.75   99.90   95.54   90.03   96.59   124.4   143.7   125.9   43.22   63.22   158.2   158.3   160.6   125.6   186.7   175.7   158.5   112.6   98.06   149.4   147.6   137.2   113.5   188.8   166.9   135.2   177.3   51.59   204.7   210.5   216.5   179.6   161.5   168.3   169.9   149.3   144.1   213.8   169.3   143.1   116.1   121.6   155.2   117.7   136.9   118.2   151.5   141.0   125.1   79.10   92.98   127.7   119.1   92.25   106.8   164.5   160.2   206.4   208.9   200.6   232.2   223.0   151.5   146.3   186.4   150.0   
   4.00e3  19.40   23.63   30.28   61.86   73.48   94.14   62.09   51.15   57.98   57.77   105.3   129.0   120.4   115.1   125.9   99.04   29.82   70.69   89.31   89.96   138.3   126.4   134.8   104.5   99.68   109.4   99.92   103.2   98.67   92.98   99.76   128.5   148.5   130.0   44.64   65.30   163.4   163.5   165.9   129.7   192.8   181.5   163.7   116.3   101.3   154.3   152.5   141.7   117.3   195.0   172.4   139.7   183.2   53.28   211.4   217.4   223.6   185.4   166.8   173.8   175.5   154.2   148.8   220.8   174.9   147.7   119.9   125.6   160.3   121.6   141.4   122.1   156.5   145.7   129.2   81.70   96.03   131.9   123.0   95.28   110.3   169.9   165.4   213.1   215.8   207.1   239.9   230.3   156.5   151.1   192.5   154.9   
   4.50e3  20.57   25.07   32.12   65.61   77.94   99.85   65.86   54.25   61.50   61.28   111.7   136.9   127.7   122.1   133.5   105.0   31.63   74.97   94.72   95.42   146.7   134.1   143.0   110.9   105.7   116.1   106.0   109.4   104.7   98.62   105.8   136.3   157.5   137.9   47.35   69.26   173.3   173.4   176.0   137.5   204.5   192.5   173.7   123.3   107.4   163.7   161.7   150.3   124.4   206.8   182.8   148.2   194.3   56.51   224.3   230.6   237.2   196.7   176.9   184.3   186.1   163.5   157.9   234.2   185.5   156.7   127.2   133.3   170.1   129.0   150.0   129.5   166.0   154.5   137.1   86.65   101.9   139.9   130.5   101.1   117.0   180.2   175.4   226.1   228.9   219.7   254.4   244.3   165.9   160.3   204.2   164.3   
   5.00e3  21.69   26.42   33.85   69.16   82.15   105.2   69.42   57.18   64.82   64.59   117.7   144.3   134.6   128.7   140.7   110.7   33.34   79.03   99.85   100.6   154.6   141.3   150.8   116.9   111.4   122.4   111.7   115.4   110.3   104.0   111.5   143.7   166.0   145.4   49.91   73.00   182.7   182.8   185.5   145.0   215.6   202.9   183.0   130.0   113.2   172.5   170.5   158.5   131.1   218.0   192.7   156.2   204.8   59.57   236.4   243.1   250.0   207.3   186.5   194.3   196.2   172.4   166.4   246.9   195.5   165.2   134.1   140.5   179.3   136.0   158.1   136.5   175.0   162.9   144.5   91.34   107.4   147.5   137.5   106.5   123.4   189.9   184.9   238.3   241.3   231.6   268.2   257.5   174.9   169.0   215.2   173.2   
   5.50e3  22.75   27.71   35.51   72.53   86.16   110.4   72.81   59.98   67.99   67.74   123.5   151.3   141.2   135.0   147.6   116.1   34.97   82.89   104.7   105.5   162.1   148.2   158.1   122.6   116.9   128.3   117.2   121.0   115.7   109.0   117.0   150.7   174.1   152.5   52.35   76.57   191.6   191.7   194.5   152.1   226.1   212.8   192.0   136.3   118.8   180.9   178.8   166.2   137.5   228.7   202.1   163.8   214.8   62.48   247.9   255.0   262.2   217.5   195.6   203.8   205.8   180.8   174.5   258.9   205.1   173.2   140.6   147.3   188.0   142.6   165.8   143.2   183.5   170.8   151.5   95.80   112.6   154.7   144.2   111.7   129.4   199.2   194.0   249.9   253.0   242.9   281.3   270.1   183.5   177.2   225.7   181.7   
   6.00e3  23.76   28.94   37.09   75.76   89.99   115.3   76.05   62.64   71.01   70.76   128.9   158.0   147.5   141.0   154.2   121.3   36.52   86.57   109.4   110.2   169.3   154.8   165.1   128.0   122.1   134.0   122.4   126.4   120.8   113.9   122.2   157.4   181.8   159.2   54.67   79.97   200.1   200.2   203.2   158.8   236.2   222.3   200.5   142.4   124.0   189.0   186.7   173.6   143.6   238.8   211.1   171.1   224.3   65.25   258.9   266.3   273.9   227.1   204.3   212.9   214.9   188.8   182.3   270.5   214.2   181.0   146.8   153.9   196.4   148.9   173.2   149.6   191.7   178.4   158.3   100.1   117.6   161.6   150.6   116.7   135.1   208.0   202.6   261.0   264.3   253.7   293.8   282.1   191.6   185.1   235.8   189.8   
   6.50e3  24.73   30.13   38.60   78.85   93.67   120.0   79.15   65.20   73.91   73.65   134.2   164.5   153.5   146.7   160.5   126.3   38.01   90.11   113.8   114.7   176.3   161.1   171.9   133.2   127.1   139.5   127.4   131.5   125.8   118.5   127.2   163.8   189.2   165.7   56.91   83.24   208.3   208.4   211.5   165.3   245.8   231.4   208.7   148.2   129.1   196.7   194.4   180.7   149.5   248.6   219.7   178.1   233.5   67.92   269.5   277.2   285.1   236.4   212.6   221.6   223.7   196.5   189.7   281.5   223.0   188.3   152.8   160.2   204.4   155.0   180.3   155.7   199.5   185.7   164.7   104.1   122.4   168.2   156.8   121.5   140.6   216.5   210.9   271.7   275.1   264.1   305.8   293.6   199.4   192.7   245.4   197.5   
   7.00e3  25.66   31.26   40.06   81.83   97.20   124.5   82.14   67.66   76.70   76.43   139.3   170.7   159.3   152.2   166.5   131.0   39.45   93.51   118.1   119.0   182.9   167.2   178.4   138.3   131.9   144.8   132.2   136.5   130.5   123.0   132.0   170.0   196.4   172.0   59.05   86.38   216.2   216.3   219.5   171.6   255.1   240.1   216.6   153.8   134.0   204.1   201.7   187.5   155.1   258.0   228.0   184.8   242.3   70.48   279.7   287.6   295.9   245.3   220.6   229.9   232.1   203.9   196.9   292.1   231.4   195.4   158.6   166.2   212.1   160.9   187.1   161.5   207.0   192.7   171.0   108.1   127.0   174.5   162.7   126.0   146.0   224.7   218.8   281.9   285.5   274.0   317.3   304.7   207.0   199.9   254.7   205.0   
   8.00e3  27.43   33.42   42.82   87.48   103.9   133.1   87.81   72.33   82.00   81.70   148.9   182.5   170.3   162.8   178.0   140.1   42.17   99.97   126.3   127.2   195.5   178.7   190.7   147.8   141.0   154.8   141.3   145.9   139.5   131.5   141.1   181.7   209.9   183.9   63.13   92.34   231.1   231.2   234.6   183.4   272.7   256.7   231.5   164.4   143.2   218.2   215.6   200.4   165.8   275.8   243.7   197.5   259.0   75.35   299.0   307.5   316.3   262.3   235.9   245.8   248.2   218.0   210.5   312.3   247.3   208.9   169.6   177.7   226.8   172.0   200.0   172.7   221.3   206.0   182.8   115.5   135.8   186.6   174.0   134.7   156.0   240.2   233.9   301.4   305.2   293.0   339.2   325.8   221.3   213.7   272.3   219.1   
   9.00e3  29.10   35.45   45.42   92.79   110.2   141.2   93.14   76.72   86.97   86.66   157.9   193.6   180.6   172.6   188.8   148.6   44.73   106.0   134.0   134.9   207.4   189.6   202.3   156.8   149.5   164.2   149.9   154.8   148.0   139.5   149.6   192.8   222.7   195.0   66.96   97.94   245.1   245.2   248.8   194.5   289.3   272.3   245.6   174.4   151.9   231.5   228.7   212.6   175.9   292.5   258.5   209.5   274.7   79.92   317.1   326.1   335.5   278.2   250.2   260.7   263.2   231.2   223.3   331.2   262.4   221.6   179.9   188.5   240.5   182.4   212.1   183.2   234.8   218.5   193.9   122.5   144.0   197.9   184.5   142.9   165.5   254.8   248.1   319.7   323.7   310.7   359.8   345.5   234.7   226.7   288.8   232.4   
   10.0e3  30.67   37.37   47.88   97.80   116.2   148.8   98.18   80.87   91.67   91.35   166.5   204.0   190.4   182.0   199.0   156.6   47.15   111.8   141.2   142.2   218.6   199.8   213.2   165.3   157.6   173.0   158.0   163.1   156.0   147.0   157.7   203.2   234.7   205.6   70.58   103.2   258.4   258.5   262.3   205.0   304.9   287.0   258.9   183.8   160.1   244.0   241.1   224.1   185.4   308.3   272.5   220.9   289.6   84.24   334.3   343.8   353.6   293.2   263.7   274.8   277.5   243.7   235.3   349.2   276.5   233.6   189.6   198.6   253.5   192.3   223.6   193.1   247.5   230.3   204.3   129.2   151.8   208.6   194.5   150.6   174.4   268.6   261.5   337.0   341.2   327.5   379.3   364.2   247.4   239.0   304.4   245.0   
   11.0e3  32.17   39.19   50.21   102.6   121.9   156.1   103.0   84.82   96.15   95.81   174.6   214.0   199.7   190.9   208.8   164.2   49.45   117.2   148.1   149.2   229.3   209.6   223.6   173.3   165.3   181.5   165.7   171.1   163.6   154.2   165.4   213.1   246.2   215.6   74.03   108.3   271.0   271.1   275.1   215.1   319.8   301.0   271.5   192.8   167.9   255.9   252.9   235.0   194.5   323.4   285.8   231.6   303.7   88.36   350.6   360.6   370.9   307.5   276.6   288.2   291.0   255.6   246.8   366.2   290.0   245.0   198.8   208.3   265.9   201.7   234.5   202.5   259.5   241.5   214.3   135.5   159.2   218.8   204.0   158.0   183.0   281.7   274.3   353.4   357.9   343.5   397.8   382.0   259.4   250.6   319.3   256.9   
   12.0e3  33.60   40.93   52.45   107.1   127.3   163.0   107.6   88.59   100.4   100.1   182.4   223.5   208.6   199.3   218.0   171.5   51.65   122.4   154.7   155.8   239.5   218.9   233.6   181.0   172.7   189.6   173.1   178.7   170.9   161.0   172.8   222.6   257.1   225.2   77.32   113.1   283.0   283.2   287.3   224.6   334.0   314.4   283.6   201.4   175.4   267.3   264.1   245.5   203.1   337.7   298.5   241.9   317.2   92.28   366.2   376.6   387.4   321.2   288.9   301.0   303.9   267.0   257.8   382.5   302.9   255.9   207.7   217.6   277.7   210.6   244.9   211.5   271.1   252.3   223.8   141.5   166.3   228.5   213.0   165.0   191.1   294.2   286.5   369.2   373.8   358.8   415.5   399.0   271.0   261.8   333.4   268.4   
   13.0e3  34.97   42.61   54.59   111.5   132.5   169.7   111.9   92.21   104.5   104.2   189.8   232.6   217.1   207.5   226.9   178.5   53.76   127.4   161.0   162.2   249.3   227.8   243.1   188.4   179.7   197.3   180.1   186.0   177.9   167.6   179.8   231.7   267.6   234.4   80.48   117.7   294.6   294.7   299.1   233.8   347.7   327.2   295.2   209.6   182.6   278.2   274.9   255.5   211.4   351.5   310.7   251.8   330.2   96.05   381.2   392.0   403.2   334.3   300.7   313.3   316.4   277.9   268.3   398.1   315.3   266.4   216.2   226.5   289.1   219.2   254.9   220.1   282.1   262.6   233.0   147.3   173.1   237.8   221.7   171.8   198.9   306.2   298.2   384.2   389.0   373.4   432.4   415.3   282.1   272.5   347.1   279.3   
   14.0e3  36.29   44.21   56.65   115.7   137.5   176.1   116.2   95.69   108.5   108.1   197.0   241.4   225.3   215.3   235.5   185.3   55.79   132.2   167.1   168.3   258.7   236.4   252.3   195.5   186.5   204.7   186.9   193.0   184.6   173.9   186.6   240.4   277.7   243.2   83.52   122.2   305.7   305.9   310.4   242.6   360.8   339.6   306.3   217.5   189.5   288.7   285.3   265.2   219.4   364.8   322.4   261.3   342.7   99.68   395.5   406.8   418.4   346.9   312.0   325.1   328.3   288.4   278.4   413.1   327.2   276.4   224.3   235.0   300.0   227.5   264.5   228.4   292.8   272.5   241.8   152.8   179.7   246.8   230.1   178.2   206.4   317.8   309.4   398.7   403.7   387.5   448.7   430.9   292.7   282.7   360.2   289.9   
   15.0e3  37.56   45.77   58.64   119.8   142.3   182.3   120.2   99.05   112.3   111.9   203.9   249.9   233.2   222.9   243.8   191.8   57.75   136.9   172.9   174.2   267.8   244.7   261.1   202.4   193.0   211.9   193.5   199.8   191.1   180.1   193.2   248.9   287.5   251.8   86.45   126.4   316.4   316.6   321.3   251.1   373.4   351.5   317.1   225.1   196.1   298.8   295.3   274.5   227.1   377.6   333.8   270.5   354.7   103.2   409.4   421.0   433.1   359.1   323.0   336.6   339.8   298.5   288.2   427.6   338.7   286.1   232.2   243.3   310.5   235.5   273.8   236.5   303.1   282.1   250.3   158.2   186.0   255.5   238.2   184.5   213.7   328.9   320.3   412.7   417.9   401.1   464.5   446.1   303.0   292.7   372.8   300.0   
   16.0e3  38.80   47.27   60.56   123.7   147.0   188.3   124.2   102.3   116.0   115.5   210.6   258.1   240.8   230.2   251.8   198.1   59.64   141.4   178.6   179.9   276.5   252.8   269.7   209.0   199.4   218.9   199.8   206.4   197.3   186.0   199.5   257.0   296.9   260.0   89.28   130.6   326.8   327.0   331.8   259.4   385.7   363.0   327.4   232.5   202.6   308.6   305.0   283.5   234.5   390.0   344.7   279.4   366.3   106.6   422.9   434.8   447.3   370.9   333.5   347.6   351.0   308.3   297.7   441.6   349.8   295.5   239.8   251.3   320.7   243.2   282.8   244.2   313.0   291.3   258.5   163.4   192.1   263.9   246.0   190.6   220.7   339.7   330.8   426.3   431.6   414.3   479.7   460.7   312.9   302.3   385.0   309.9   
   17.0e3  39.99   48.72   62.43   127.5   151.5   194.1   128.0   105.4   119.5   119.1   217.0   266.0   248.2   237.3   259.5   204.2   61.48   145.7   184.1   185.5   285.0   260.5   278.0   215.5   205.5   225.6   206.0   212.7   203.4   191.7   205.7   264.9   306.0   268.0   92.03   134.6   336.9   337.0   342.0   267.3   397.6   374.2   337.5   239.7   208.8   318.1   314.3   292.2   241.8   402.0   355.3   288.0   377.6   109.8   435.9   448.2   461.1   382.3   343.8   358.3   361.8   317.8   306.8   455.2   360.6   304.6   247.2   259.0   330.5   250.7   291.5   251.7   322.6   300.3   266.4   168.4   198.0   272.0   253.6   196.4   227.4   350.2   341.0   439.4   444.9   427.0   494.5   474.9   322.5   311.6   396.9   319.4   
   18.0e3  41.15   50.13   64.23   131.2   155.9   199.7   131.7   108.5   123.0   122.6   223.3   273.7   255.4   244.1   267.0   210.1   63.26   149.9   189.4   190.8   293.3   268.1   286.0   221.7   211.5   232.2   212.0   218.9   209.3   197.2   211.6   272.6   314.9   275.8   94.70   138.5   346.6   346.8   351.9   275.1   409.1   385.0   347.3   246.6   214.8   327.3   323.5   300.7   248.8   413.6   365.6   296.3   388.5   113.0   448.5   461.2   474.4   393.4   353.8   368.7   372.3   327.0   315.7   468.4   371.0   313.4   254.3   266.5   340.1   258.0   300.0   259.0   332.0   309.0   274.1   173.3   203.7   279.9   260.9   202.1   234.0   360.3   350.9   452.1   457.8   439.4   508.8   488.6   331.9   320.6   408.4   328.7   
   20.0e3  43.38   52.85   67.71   138.3   164.3   210.5   138.9   114.4   129.6   129.2   235.4   288.5   269.2   257.3   281.5   221.5   66.68   158.1   199.7   201.2   309.2   282.6   301.5   233.7   222.9   244.7   223.4   230.7   220.6   207.9   223.1   287.4   331.9   290.7   99.82   146.0   365.4   365.6   371.0   290.0   431.2   405.9   366.1   259.9   226.5   345.0   340.9   316.9   262.2   436.0   385.4   312.3   409.6   119.1   472.8   486.2   500.1   414.7   372.9   388.6   392.4   344.7   332.8   493.8   391.1   330.4   268.1   280.9   358.5   271.9   316.2   273.0   350.0   325.7   289.0   182.7   214.7   295.0   275.0   213.0   246.7   379.8   369.9   476.6   482.5   463.2   536.3   515.1   349.8   337.9   430.5   346.4   
   22.5e3  46.01   56.05   71.82   146.7   174.3   223.3   147.3   121.3   137.5   137.0   249.7   306.0   285.6   273.0   298.6   234.9   70.73   167.6   211.8   213.4   327.9   299.7   319.8   247.9   236.4   259.6   237.0   244.7   234.0   220.5   236.6   304.8   352.1   308.4   105.9   154.9   387.5   387.7   393.5   307.6   457.4   430.5   388.3   275.7   240.2   366.0   361.6   336.1   278.1   462.5   408.8   331.3   434.4   126.4   501.4   515.7   530.4   439.8   395.5   412.2   416.2   365.6   353.0   523.7   414.8   350.4   284.4   298.0   380.3   288.4   335.4   289.6   371.2   345.5   306.5   193.8   227.8   312.9   291.7   226.0   261.7   402.9   392.3   505.5   511.8   491.3   568.9   546.3   371.1   358.4   456.6   367.5   
   25.0e3  48.50   59.08   75.70   154.6   183.7   235.3   155.2   127.9   145.0   144.4   263.2   322.6   301.0   287.7   314.7   247.6   74.55   176.7   223.3   224.9   345.7   316.0   337.1   261.3   249.2   273.6   249.8   258.0   246.7   232.4   249.4   321.3   371.1   325.0   111.6   163.2   408.5   408.7   414.7   324.2   482.1   453.8   409.3   290.6   253.2   385.8   381.2   354.3   293.2   487.5   430.9   349.2   457.9   133.2   528.6   543.6   559.1   463.6   416.9   434.5   438.7   385.4   372.1   552.1   437.3   369.4   299.8   314.1   400.8   304.0   353.5   305.3   391.3   364.1   323.1   204.2   240.1   329.8   307.5   238.2   275.8   424.6   413.5   532.8   539.5   517.9   599.7   575.9   391.1   377.8   481.3   387.3   
   27.5e3  50.86   61.97   79.40   162.2   192.7   246.8   162.8   134.1   152.0   151.5   276.0   338.3   315.7   301.8   330.1   259.7   78.19   185.3   234.2   235.9   362.5   331.4   353.6   274.0   261.4   287.0   262.0   270.5   258.7   243.8   261.6   336.9   389.2   340.9   117.1   171.2   428.4   428.7   435.0   340.0   505.6   475.9   429.3   304.8   265.5   404.6   399.8   371.6   307.5   511.3   451.9   366.2   480.2   139.7   554.4   570.1   586.4   486.2   437.3   455.7   460.1   404.2   390.3   579.0   458.6   387.4   314.4   329.4   420.4   318.8   370.8   320.2   410.4   381.9   338.9   214.2   251.8   345.9   322.5   249.8   289.3   445.4   433.7   558.8   565.8   543.1   628.9   604.0   410.2   396.3   504.8   406.2   
   30.0e3  53.12   64.72   82.93   169.4   201.2   257.8   170.1   140.1   158.8   158.2   288.3   353.4   329.8   315.2   344.8   271.2   81.67   193.6   244.6   246.4   378.7   346.1   369.3   286.2   273.0   299.7   273.6   282.6   270.2   254.6   273.2   351.9   406.6   356.1   122.3   178.8   447.5   447.7   454.3   355.1   528.1   497.1   448.4   318.4   277.4   422.6   417.6   388.1   321.2   534.0   472.0   382.5   501.6   145.9   579.0   595.4   612.5   507.9   456.7   476.0   480.6   422.2   407.6   604.7   479.0   404.6   328.4   344.1   439.1   333.0   387.2   334.4   428.6   398.9   353.9   223.7   263.0   361.3   336.9   260.9   302.1   465.2   453.0   583.7   591.0   567.3   656.9   630.8   428.5   413.9   527.2   424.3   
   32.5e3  55.29   67.36   86.31   176.3   209.4   268.3   177.0   145.8   165.3   164.7   300.1   367.8   343.2   328.1   358.8   282.3   85.00   201.5   254.6   256.4   394.1   360.3   384.4   297.9   284.1   312.0   284.8   294.1   281.2   265.0   284.4   366.3   423.2   370.6   127.3   186.1   465.8   466.0   472.9   369.6   549.7   517.4   466.7   331.4   288.7   439.8   434.6   404.0   334.3   555.8   491.3   398.2   522.1   151.9   602.7   619.7   637.5   528.6   475.4   495.4   500.2   439.4   424.3   629.4   498.5   421.1   341.8   358.1   457.0   346.6   403.1   348.1   446.1   415.2   368.4   232.9   273.7   376.1   350.6   271.6   314.5   484.2   471.5   607.5   615.1   590.5   683.7   656.6   446.0   430.8   548.8   441.6   
   35.0e3  57.38   69.91   89.57   183.0   217.4   278.5   183.7   151.3   171.5   170.9   311.4   381.7   356.2   340.4   372.4   293.0   88.21   209.1   264.2   266.1   409.0   373.9   398.9   309.2   294.9   323.7   295.6   305.2   291.9   275.0   295.1   380.1   439.1   384.6   132.1   193.1   483.3   483.6   490.7   383.6   570.4   536.9   484.3   343.9   299.6   456.5   451.0   419.2   346.9   576.8   509.8   413.2   541.8   157.6   625.4   643.1   661.6   548.6   493.3   514.1   519.1   456.0   440.3   653.2   517.4   437.0   354.7   371.6   474.3   359.7   418.3   361.2   463.0   430.9   382.3   241.7   284.1   390.3   363.9   281.8   326.4   502.4   489.3   630.4   638.4   612.8   709.5   681.4   462.8   447.1   569.5   458.3   
   37.5e3  59.40   72.36   92.72   189.4   225.0   288.2   190.1   156.6   177.5   176.9   322.4   395.1   368.7   352.4   385.4   303.2   91.31   216.4   273.4   275.5   423.4   387.0   412.9   320.0   305.2   335.1   305.9   315.9   302.1   284.7   305.4   393.5   454.5   398.1   136.7   199.9   500.3   500.6   508.0   397.1   590.5   555.7   501.3   355.9   310.1   472.5   466.9   434.0   359.1   597.0   527.7   427.7   560.8   163.1   647.4   665.7   684.8   567.8   510.6   532.1   537.3   472.0   455.7   676.1   535.5   452.4   367.1   384.7   490.9   372.3   433.0   373.9   479.2   446.0   395.7   250.1   294.0   404.0   376.6   291.7   337.8   520.1   506.5   652.6   660.8   634.3   734.4   705.3   479.0   462.8   589.5   474.4   
   40.0e3  61.34   74.73   95.76   195.6   232.4   297.7   196.4   161.8   183.4   182.7   332.9   408.0   380.8   363.9   398.1   313.2   94.30   223.5   282.4   284.5   437.2   399.7   426.4   330.5   315.2   346.1   316.0   326.3   312.0   294.0   315.5   406.4   469.4   411.1   141.2   206.5   516.7   517.0   524.6   410.1   609.8   574.0   517.7   367.6   320.3   488.0   482.2   448.2   370.8   616.6   545.0   441.7   579.2   168.5   668.6   687.5   707.2   586.4   527.4   549.6   554.9   487.5   470.7   698.3   553.1   467.2   379.2   397.3   507.0   384.5   447.2   386.1   494.9   460.6   408.7   258.3   303.7   417.2   389.0   301.3   348.9   537.1   523.1   674.0   682.4   655.1   758.5   728.4   494.8   477.9   608.8   490.0   
   45.0e3  65.07   79.27   101.6   207.5   246.5   315.7   208.3   171.6   194.5   193.8   353.1   432.8   403.9   386.0   422.2   332.2   100.0   237.1   299.5   301.7   463.8   423.9   452.3   350.6   334.3   367.1   335.1   346.1   330.9   311.9   334.6   431.0   497.9   436.1   149.7   219.0   548.0   548.4   556.4   435.0   646.8   608.8   549.1   389.9   339.7   517.6   511.4   475.4   393.3   654.0   578.1   468.5   614.3   178.7   709.1   729.3   750.1   622.0   559.4   582.9   588.6   517.1   499.2   740.7   586.6   495.6   402.2   421.4   537.8   407.9   474.3   409.6   524.9   488.6   433.5   274.0   322.1   442.5   412.6   319.6   370.1   569.7   554.8   714.9   723.8   694.8   804.5   772.6   524.8   506.9   645.7   519.7   
   50.0e3  68.59   83.56   107.1   218.7   259.8   332.8   219.6   180.8   205.0   204.3   372.2   456.2   425.7   406.9   445.1   350.2   105.4   249.9   315.7   318.1   488.8   446.8   476.7   369.5   352.4   386.9   353.3   364.8   348.8   328.7   352.7   454.3   524.9   459.7   157.8   230.9   577.7   578.0   586.5   458.5   681.8   641.7   578.9   411.0   358.1   545.6   539.1   501.1   414.6   689.4   609.4   493.8   647.6   188.4   747.5   768.7   790.7   655.6   589.6   614.5   620.4   545.0   526.2   780.7   618.4   522.4   423.9   444.2   566.9   429.9   499.9   431.7   553.3   515.0   456.9   288.8   339.5   466.4   434.9   336.9   390.1   600.5   584.8   753.5   763.0   732.4   848.0   814.4   553.1   534.3   680.6   547.8   
   55.0e3  71.93   87.63   112.3   229.4   272.5   349.1   230.3   189.7   215.0   214.2   390.4   478.5   446.5   426.8   466.8   367.2   110.6   262.1   331.2   333.6   512.7   468.6   500.0   387.6   369.6   405.8   370.5   382.6   365.9   344.8   369.9   476.5   550.5   482.1   165.5   242.1   605.9   606.2   615.2   480.9   715.1   673.0   607.1   431.1   375.5   572.2   565.4   525.5   434.9   723.1   639.1   518.0   679.2   197.6   784.0   806.2   829.3   687.6   618.4   644.5   650.7   571.6   551.9   818.8   648.6   547.9   444.6   465.9   594.6   450.9   524.3   452.8   580.3   540.1   479.2   302.9   356.1   489.2   456.1   353.3   409.1   629.9   613.3   790.3   800.3   768.1   889.4   854.1   580.1   560.4   713.9   574.5   
   60.0e3  75.13   91.53   117.3   239.6   284.6   364.6   240.5   198.1   224.6   223.8   407.8   499.7   466.3   445.7   487.6   383.6   115.5   273.8   345.9   348.4   535.5   489.5   522.2   404.8   386.1   423.9   387.0   399.6   382.1   360.1   386.4   497.7   574.9   503.5   172.9   252.9   632.8   633.2   642.5   502.2   746.9   703.0   634.1   450.2   392.2   597.6   590.5   548.9   454.2   755.2   667.5   541.0   709.4   206.4   818.9   842.1   866.2   718.2   645.9   673.1   679.6   597.1   576.4   855.2   677.4   572.2   464.4   486.6   621.0   471.0   547.6   472.9   606.2   564.1   500.5   316.4   371.9   511.0   476.4   369.0   427.3   657.9   640.6   825.4   835.8   802.3   929.0   892.1   605.9   585.3   745.6   600.1   
   65.0e3  77.88   93.91   117.0   251.4   313.7   372.5   249.4   206.2   226.2   235.5   420.5   519.0   494.5   471.2   501.5   396.4   144.0   291.0   357.4   362.2   555.6   521.5   539.8   430.1   390.1   430.6   397.4   416.5   391.0   378.4   403.0   518.9   593.8   519.4   172.0   270.9   656.5   656.8   661.0   515.8   764.1   725.1   656.2   470.3   416.1   623.0   618.9   568.1   500.0   757.1   688.9   565.6   734.7   221.2   853.9   873.3   904.8   746.4   672.1   696.1   703.1   627.5   598.9   870.7   704.0   588.9   483.7   501.2   645.6   501.8   555.7   484.6   621.2   584.0   528.1   327.3   394.0   538.8   493.4   384.6   445.1   694.5   664.8   860.7   877.8   831.6   967.6   933.2   635.7   612.0   783.9   621.2   
   70.0e3  80.36   96.74   116.1   263.9   344.9   379.1   258.1   214.8   227.4   248.2   433.9   538.7   527.9   500.3   514.0   410.6   172.1   308.1   369.9   377.7   576.8   558.3   557.0   458.2   393.1   435.1   408.9   435.3   396.6   398.5   421.3   544.7   614.0   536.0   169.7   291.8   681.4   681.5   680.0   530.3   781.2   747.7   680.3   493.1   444.8   650.0   650.6   589.1   548.8   756.1   711.4   593.0   760.7   238.5   891.7   902.7   947.2   776.1   701.0   720.4   727.6   662.2   623.3   882.9   732.9   603.9   505.2   516.5   672.4   538.9   560.9   496.5   634.6   605.4   560.1   339.3   420.5   570.7   514.2   402.5   465.5   735.3   691.3   898.2   927.2   863.6   1.009e3 977.9   671.6   643.9   827.2   643.4   
   80.0e3  84.97   104.9   120.8   286.4   387.0   399.4   276.2   232.7   239.6   270.9   466.9   579.7   590.9   554.2   543.1   446.0   195.0   333.5   400.7   413.4   623.4   623.6   595.4   506.7   414.9   452.9   443.0   475.6   410.1   436.7   459.7   603.7   663.3   577.1   173.9   328.4   736.1   736.4   729.6   572.0   834.4   803.2   738.3   541.8   499.7   705.7   714.4   639.4   614.3   790.2   766.8   649.4   819.2   269.5   970.5   963.3   1.035e3 839.8   765.3   778.5   785.1   731.2   677.1   929.0   796.3   639.7   552.0   557.0   731.1   609.8   586.3   533.3   672.0   656.3   622.4   369.2   472.9   632.3   566.2   442.8   511.4   810.8   752.4   975.4   1.030e3 939.1   1.096e3 1.067e3 749.8   715.1   912.0   694.3   
   90.0e3  89.00   114.1   130.2   306.2   414.7   424.0   294.6   250.5   257.4   290.1   503.1   619.7   647.3   601.2   576.8   485.6   197.5   352.9   434.8   451.9   671.1   680.3   634.9   547.5   448.1   478.8   484.4   515.8   431.4   471.9   497.8   665.0   717.2   622.2   184.6   359.8   792.3   793.3   785.4   622.6   898.9   863.7   801.1   591.3   547.7   760.6   775.2   693.8   657.0   848.6   827.6   704.9   880.4   297.9   1.049e3 1.030e3 1.121e3 904.2   832.2   841.0   846.7   796.5   733.1   989.9   861.1   678.7   600.1   604.5   791.7   676.6   622.7   579.4   716.5   711.5   680.7   403.4   523.5   690.6   622.0   485.7   560.3   878.5   818.3   1.051e3 1.133e3 1.021e3 1.183e3 1.152e3 830.4   789.9   992.0   748.1   
   100.e3  92.51   122.8   141.6   323.5   435.7   449.6   312.5   267.3   276.5   306.4   539.0   657.1   696.8   641.8   616.2   526.2   193.9   370.0   469.4   490.9   717.4   730.4   673.3   582.8   486.6   515.1   528.2   553.9   463.1   504.0   534.2   723.2   771.1   667.3   198.4   387.6   847.0   849.0   841.5   676.8   966.4   924.2   863.8   639.8   585.8   813.2   831.7   748.0   689.5   916.1   888.6   757.9   940.5   325.3   1.124e3 1.103e3 1.202e3 966.5   898.1   903.2   908.3   856.7   788.2   1.056e3 923.4   718.6   647.4   655.1   850.9   739.4   664.5   629.6   763.7   767.0   734.2   439.3   571.7   745.3   675.9   529.0   609.7   939.2   885.1   1.123e3 1.231e3 1.105e3 1.266e3 1.231e3 909.6   864.2   1.066e3 801.3   
   110.e3  95.62   130.6   153.6   338.9   453.4   474.7   329.8   283.0   294.8   320.0   573.4   691.6   739.7   677.4   660.1   566.1   190.3   386.6   503.1   529.6   761.3   775.4   709.7   614.2   527.1   560.0   572.2   589.3   499.1   533.5   568.3   776.1   823.1   710.8   213.6   412.7   899.0   902.6   895.5   732.0   1.033e3 982.6   924.1   686.2   612.9   863.1   883.7   800.0   717.8   985.2   947.7   808.0   998.3   352.2   1.195e3 1.178e3 1.279e3 1.026e3 961.6   963.1   968.1   911.7   841.2   1.123e3 981.3   758.1   692.8   706.4   907.4   798.5   708.8   681.1   811.3   820.9   783.1   475.8   617.4   796.7   725.8   571.7   658.4   993.9   951.0   1.190e3 1.323e3 1.188e3 1.343e3 1.304e3 985.9   936.1   1.134e3 852.5   
   120.e3  98.44   137.5   165.3   352.8   469.9   498.8   346.4   297.6   311.5   331.6   605.8   723.2   776.8   709.3   706.0   604.9   189.5   403.7   535.6   567.3   802.5   816.4   744.1   643.0   567.8   607.8   614.9   622.0   534.5   560.7   600.1   823.0   872.4   751.9   229.3   435.7   948.0   953.4   946.5   786.7   1.096e3 1.038e3 981.3   730.5   632.1   910.5   931.5   849.3   745.0   1.052e3 1.004e3 855.2   1.053e3 379.2   1.262e3 1.252e3 1.350e3 1.082e3 1.022e3 1.020e3 1.025e3 961.9   891.8   1.189e3 1.034e3 797.0   736.0   757.6   960.9   854.1   753.8   732.5   858.3   872.6   828.1   512.2   660.7   845.0   771.4   613.2   705.7   1.043e3 1.015e3 1.253e3 1.410e3 1.268e3 1.416e3 1.371e3 1.059e3 1.005e3 1.198e3 901.2   
   130.e3  101.1   143.4   176.2   365.5   485.8   521.5   362.3   311.3   326.3   341.6   636.0   752.2   809.2   738.4   751.8   642.2   192.1   421.5   566.7   603.9   841.0   854.2   776.5   669.8   607.9   655.0   656.0   652.1   568.0   586.2   629.8   864.1   918.8   790.6   244.9   457.2   994.0   1.002e3 994.2   840.3   1.156e3 1.090e3 1.035e3 772.5   649.9   955.4   975.7   895.6   772.5   1.115e3 1.057e3 899.7   1.105e3 406.5   1.325e3 1.323e3 1.417e3 1.135e3 1.079e3 1.073e3 1.080e3 1.008e3 939.8   1.251e3 1.082e3 834.9   777.0   807.7   1.011e3 906.7   798.9   782.8   904.2   921.8   869.6   548.1   701.7   890.7   812.8   653.4   751.5   1.089e3 1.077e3 1.312e3 1.491e3 1.345e3 1.483e3 1.434e3 1.128e3 1.071e3 1.256e3 947.4   
   140.e3  103.6   148.4   186.1   377.3   501.5   542.7   377.5   324.1   339.3   350.3   664.1   778.9   837.5   765.1   796.1   678.0   198.4   440.3   596.3   639.3   877.1   889.6   807.2   695.4   646.8   699.8   695.1   680.1   599.2   610.2   657.6   900.6   962.5   826.9   260.2   477.6   1.037e3 1.047e3 1.039e3 892.2   1.213e3 1.139e3 1.086e3 812.5   673.4   998.3   1.017e3 939.0   800.8   1.173e3 1.107e3 941.9   1.154e3 434.0   1.386e3 1.391e3 1.480e3 1.185e3 1.134e3 1.124e3 1.132e3 1.050e3 985.3   1.311e3 1.125e3 871.9   815.8   856.7   1.059e3 956.6   843.4   831.7   948.5   968.6   908.3   583.3   740.7   934.1   850.4   692.2   795.6   1.130e3 1.137e3 1.367e3 1.567e3 1.420e3 1.547e3 1.492e3 1.194e3 1.133e3 1.311e3 991.1   
   150.e3  106.0   152.8   194.9   388.4   517.3   562.6   392.1   336.2   350.6   358.1   690.3   803.7   862.5   789.8   838.5   712.3   207.9   459.9   624.5   673.5   911.0   922.9   836.3   720.2   684.3   742.1   732.2   706.1   628.4   633.1   683.7   933.7   1.004e3 861.1   275.1   497.0   1.078e3 1.091e3 1.081e3 942.5   1.265e3 1.185e3 1.133e3 850.7   704.8   1.039e3 1.055e3 979.9   830.2   1.227e3 1.155e3 982.0   1.200e3 461.9   1.443e3 1.455e3 1.539e3 1.232e3 1.186e3 1.172e3 1.182e3 1.090e3 1.029e3 1.366e3 1.164e3 908.1   852.7   904.3   1.103e3 1.004e3 887.1   879.0   991.4   1.013e3 944.8   617.9   777.9   975.7   884.9   729.6   838.2   1.169e3 1.195e3 1.420e3 1.638e3 1.492e3 1.607e3 1.547e3 1.257e3 1.193e3 1.362e3 1.033e3 
   160.e3  108.4   156.5   202.7   399.0   533.0   581.2   406.1   347.7   360.5   365.1   714.8   826.8   884.8   812.8   878.8   745.4   220.1   480.4   651.6   706.7   943.0   954.7   864.2   744.5   720.3   781.8   767.4   730.6   655.9   655.1   708.4   964.8   1.042e3 893.3   289.6   515.7   1.117e3 1.133e3 1.120e3 991.1   1.315e3 1.229e3 1.178e3 887.3   742.4   1.079e3 1.092e3 1.018e3 860.5   1.276e3 1.200e3 1.020e3 1.244e3 490.1   1.498e3 1.516e3 1.595e3 1.278e3 1.235e3 1.217e3 1.229e3 1.127e3 1.070e3 1.419e3 1.199e3 943.5   887.9   950.5   1.146e3 1.050e3 930.0   924.6   1.033e3 1.055e3 979.3   651.7   813.5   1.016e3 916.8   765.7   879.2   1.205e3 1.251e3 1.469e3 1.706e3 1.561e3 1.663e3 1.598e3 1.317e3 1.250e3 1.411e3 1.072e3 
   170.e3  110.7   159.8   209.7   409.1   548.6   598.6   419.5   358.7   369.0   371.6   737.8   848.4   905.0   834.4   917.2   777.4   234.5   501.5   677.7   738.9   973.3   985.1   890.9   768.6   754.9   819.1   800.9   753.9   682.0   676.5   731.9   994.8   1.079e3 923.9   303.6   533.8   1.154e3 1.173e3 1.157e3 1.038e3 1.361e3 1.270e3 1.221e3 922.4   783.1   1.117e3 1.126e3 1.055e3 891.7   1.321e3 1.243e3 1.057e3 1.287e3 518.6   1.551e3 1.574e3 1.648e3 1.322e3 1.282e3 1.260e3 1.275e3 1.162e3 1.110e3 1.467e3 1.232e3 978.1   921.5   995.4   1.186e3 1.093e3 971.9   968.5   1.073e3 1.096e3 1.012e3 684.9   847.7   1.054e3 946.5   800.6   919.0   1.239e3 1.305e3 1.517e3 1.770e3 1.627e3 1.717e3 1.647e3 1.374e3 1.305e3 1.458e3 1.110e3 
   180.e3  113.0   162.7   216.2   419.0   564.1   614.9   432.4   369.4   376.5   377.7   759.6   869.0   923.4   854.8   953.6   808.4   250.8   523.3   702.8   770.1   1.002e3 1.015e3 916.6   792.6   788.2   854.3   832.7   776.1   706.9   697.3   754.3   1.024e3 1.114e3 953.0   317.2   551.6   1.189e3 1.211e3 1.192e3 1.084e3 1.405e3 1.310e3 1.262e3 956.2   824.7   1.155e3 1.160e3 1.090e3 923.6   1.363e3 1.285e3 1.093e3 1.327e3 547.4   1.602e3 1.629e3 1.700e3 1.364e3 1.328e3 1.301e3 1.319e3 1.195e3 1.148e3 1.513e3 1.263e3 1.012e3 953.8   1.039e3 1.224e3 1.135e3 1.013e3 1.011e3 1.111e3 1.134e3 1.044e3 717.4   880.7   1.091e3 974.5   834.5   957.5   1.272e3 1.357e3 1.562e3 1.831e3 1.692e3 1.769e3 1.694e3 1.430e3 1.357e3 1.503e3 1.147e3 
   200.e3  117.7   167.8   229.1   438.1   594.3   644.8   456.7   389.7   389.1   389.0   800.0   907.1   956.4   892.8   1.022e3 867.8   287.2   568.2   750.7   830.3   1.056e3 1.071e3 965.9   840.7   851.1   919.2   892.2   818.1   753.8   737.7   796.7   1.082e3 1.180e3 1.008e3 343.2   586.0   1.256e3 1.285e3 1.257e3 1.170e3 1.487e3 1.384e3 1.338e3 1.021e3 905.8   1.226e3 1.222e3 1.155e3 988.8   1.437e3 1.363e3 1.162e3 1.403e3 605.6   1.699e3 1.734e3 1.797e3 1.445e3 1.414e3 1.378e3 1.404e3 1.257e3 1.221e3 1.596e3 1.323e3 1.078e3 1.015e3 1.123e3 1.297e3 1.215e3 1.092e3 1.092e3 1.185e3 1.207e3 1.105e3 780.8   943.8   1.163e3 1.027e3 899.3   1.031e3 1.332e3 1.458e3 1.649e3 1.946e3 1.815e3 1.866e3 1.783e3 1.536e3 1.458e3 1.588e3 1.217e3 
   225.e3  123.6   173.4   246.4   461.1   630.1   677.9   484.9   413.9   401.7   402.4   846.2   951.0   992.8   936.5   1.099e3 938.6   337.1   626.3   807.5   901.8   1.119e3 1.138e3 1.024e3 901.8   924.1   992.5   960.3   867.6   808.3   787.0   846.0   1.153e3 1.257e3 1.071e3 374.0   627.9   1.333e3 1.371e3 1.332e3 1.272e3 1.579e3 1.470e3 1.426e3 1.097e3 1.000e3 1.312e3 1.297e3 1.230e3 1.071e3 1.516e3 1.455e3 1.243e3 1.492e3 679.4   1.815e3 1.856e3 1.911e3 1.541e3 1.514e3 1.469e3 1.504e3 1.331e3 1.307e3 1.688e3 1.397e3 1.159e3 1.087e3 1.222e3 1.380e3 1.308e3 1.187e3 1.186e3 1.272e3 1.292e3 1.178e3 857.4   1.018e3 1.249e3 1.088e3 976.1   1.119e3 1.403e3 1.577e3 1.751e3 2.079e3 1.959e3 1.979e3 1.886e3 1.661e3 1.576e3 1.689e3 1.299e3 
   250.e3  129.4   178.6   265.4   483.7   663.4   707.3   511.0   437.3   412.3   415.7   888.9   991.9   1.026e3 977.7   1.171e3 1.007e3 388.8   685.5   862.0   970.3   1.177e3 1.202e3 1.080e3 964.4   992.1   1.059e3 1.023e3 915.3   859.5   835.4   892.7   1.222e3 1.328e3 1.130e3 403.5   669.2   1.407e3 1.454e3 1.403e3 1.368e3 1.664e3 1.550e3 1.509e3 1.170e3 1.088e3 1.395e3 1.368e3 1.300e3 1.154e3 1.585e3 1.541e3 1.323e3 1.576e3 754.0   1.926e3 1.972e3 2.019e3 1.633e3 1.610e3 1.555e3 1.600e3 1.401e3 1.389e3 1.769e3 1.475e3 1.237e3 1.154e3 1.316e3 1.458e3 1.397e3 1.278e3 1.275e3 1.353e3 1.372e3 1.249e3 931.7   1.089e3 1.331e3 1.146e3 1.049e3 1.202e3 1.470e3 1.691e3 1.848e3 2.204e3 2.096e3 2.086e3 1.984e3 1.780e3 1.688e3 1.785e3 1.377e3 
   275.e3  135.3   183.8   285.2   506.0   694.1   733.8   535.4   460.2   422.2   429.1   929.5   1.031e3 1.058e3 1.018e3 1.239e3 1.073e3 440.9   745.3   914.9   1.036e3 1.233e3 1.265e3 1.135e3 1.028e3 1.056e3 1.121e3 1.082e3 962.1   908.6   883.6   937.5   1.287e3 1.397e3 1.187e3 432.2   710.1   1.477e3 1.534e3 1.470e3 1.460e3 1.744e3 1.627e3 1.588e3 1.240e3 1.170e3 1.476e3 1.437e3 1.367e3 1.235e3 1.648e3 1.625e3 1.400e3 1.657e3 829.1   2.034e3 2.083e3 2.123e3 1.723e3 1.702e3 1.638e3 1.693e3 1.469e3 1.468e3 1.843e3 1.557e3 1.314e3 1.220e3 1.406e3 1.533e3 1.482e3 1.366e3 1.359e3 1.431e3 1.448e3 1.320e3 1.004e3 1.158e3 1.411e3 1.204e3 1.119e3 1.281e3 1.534e3 1.800e3 1.941e3 2.323e3 2.228e3 2.189e3 2.079e3 1.895e3 1.795e3 1.880e3 1.453e3 
   300.e3  141.2   189.1   305.2   528.1   722.3   758.0   558.4   482.9   431.9   442.9   968.5   1.068e3 1.090e3 1.057e3 1.303e3 1.139e3 492.2   805.5   966.8   1.101e3 1.287e3 1.326e3 1.189e3 1.094e3 1.118e3 1.179e3 1.138e3 1.008e3 956.1   931.6   981.0   1.348e3 1.463e3 1.242e3 460.4   751.0   1.545e3 1.612e3 1.535e3 1.548e3 1.821e3 1.701e3 1.665e3 1.309e3 1.249e3 1.555e3 1.505e3 1.431e3 1.314e3 1.706e3 1.707e3 1.477e3 1.735e3 904.7   2.140e3 2.191e3 2.224e3 1.812e3 1.791e3 1.720e3 1.784e3 1.536e3 1.545e3 1.912e3 1.641e3 1.390e3 1.283e3 1.493e3 1.604e3 1.565e3 1.451e3 1.440e3 1.505e3 1.521e3 1.389e3 1.076e3 1.224e3 1.490e3 1.262e3 1.188e3 1.359e3 1.597e3 1.907e3 2.032e3 2.437e3 2.355e3 2.288e3 2.172e3 2.007e3 1.900e3 1.972e3 1.528e3 
   325.e3  147.0   194.8   325.0   550.1   748.4   780.3   580.1   505.5   441.9   457.1   1.007e3 1.105e3 1.121e3 1.097e3 1.366e3 1.204e3 542.3   865.7   1.018e3 1.163e3 1.340e3 1.387e3 1.242e3 1.161e3 1.177e3 1.235e3 1.192e3 1.055e3 1.003e3 979.7   1.024e3 1.408e3 1.527e3 1.296e3 488.5   792.0   1.612e3 1.689e3 1.599e3 1.634e3 1.896e3 1.774e3 1.739e3 1.377e3 1.325e3 1.633e3 1.573e3 1.495e3 1.392e3 1.761e3 1.787e3 1.553e3 1.811e3 980.5   2.243e3 2.298e3 2.324e3 1.900e3 1.878e3 1.800e3 1.874e3 1.602e3 1.621e3 1.979e3 1.728e3 1.465e3 1.345e3 1.577e3 1.674e3 1.645e3 1.533e3 1.519e3 1.577e3 1.592e3 1.459e3 1.146e3 1.289e3 1.567e3 1.320e3 1.254e3 1.434e3 1.660e3 2.011e3 2.121e3 2.548e3 2.478e3 2.385e3 2.262e3 2.117e3 2.002e3 2.064e3 1.601e3 
   350.e3  152.8   200.7   344.4   572.0   772.7   801.2   600.8   528.0   452.4   471.8   1.044e3 1.141e3 1.152e3 1.136e3 1.426e3 1.268e3 591.0   925.8   1.069e3 1.225e3 1.391e3 1.446e3 1.294e3 1.229e3 1.234e3 1.289e3 1.244e3 1.101e3 1.048e3 1.028e3 1.066e3 1.465e3 1.591e3 1.349e3 516.5   833.2   1.678e3 1.766e3 1.663e3 1.717e3 1.968e3 1.846e3 1.813e3 1.443e3 1.400e3 1.709e3 1.640e3 1.557e3 1.468e3 1.815e3 1.866e3 1.629e3 1.885e3 1.057e3 2.345e3 2.402e3 2.422e3 1.987e3 1.965e3 1.881e3 1.963e3 1.669e3 1.696e3 2.043e3 1.816e3 1.539e3 1.406e3 1.660e3 1.742e3 1.723e3 1.614e3 1.595e3 1.647e3 1.662e3 1.529e3 1.216e3 1.353e3 1.643e3 1.380e3 1.319e3 1.508e3 1.721e3 2.113e3 2.209e3 2.656e3 2.598e3 2.480e3 2.352e3 2.225e3 2.103e3 2.154e3 1.674e3 
   375.e3  158.4   207.0   363.4   593.7   795.7   821.0   620.6   550.6   463.6   487.0   1.081e3 1.176e3 1.184e3 1.176e3 1.485e3 1.332e3 638.3   985.6   1.120e3 1.285e3 1.442e3 1.504e3 1.346e3 1.297e3 1.289e3 1.341e3 1.296e3 1.148e3 1.093e3 1.076e3 1.107e3 1.520e3 1.653e3 1.402e3 544.7   874.7   1.743e3 1.841e3 1.725e3 1.798e3 2.040e3 1.916e3 1.886e3 1.510e3 1.473e3 1.784e3 1.706e3 1.618e3 1.541e3 1.868e3 1.945e3 1.706e3 1.959e3 1.133e3 2.446e3 2.506e3 2.519e3 2.073e3 2.050e3 1.961e3 2.052e3 1.736e3 1.771e3 2.105e3 1.905e3 1.613e3 1.466e3 1.740e3 1.809e3 1.801e3 1.693e3 1.670e3 1.715e3 1.730e3 1.599e3 1.286e3 1.417e3 1.718e3 1.440e3 1.383e3 1.581e3 1.783e3 2.214e3 2.296e3 2.762e3 2.716e3 2.574e3 2.441e3 2.332e3 2.202e3 2.245e3 1.747e3 
   400.e3  164.0   213.6   382.0   615.2   817.5   840.0   639.6   573.1   475.6   502.6   1.117e3 1.211e3 1.216e3 1.217e3 1.543e3 1.397e3 684.1   1.045e3 1.171e3 1.345e3 1.492e3 1.562e3 1.398e3 1.367e3 1.343e3 1.392e3 1.345e3 1.195e3 1.137e3 1.124e3 1.148e3 1.574e3 1.715e3 1.454e3 573.2   916.5   1.808e3 1.916e3 1.788e3 1.878e3 2.110e3 1.986e3 1.958e3 1.575e3 1.546e3 1.857e3 1.773e3 1.679e3 1.613e3 1.921e3 2.023e3 1.782e3 2.031e3 1.209e3 2.545e3 2.608e3 2.615e3 2.160e3 2.135e3 2.041e3 2.140e3 1.802e3 1.845e3 2.166e3 1.994e3 1.686e3 1.526e3 1.819e3 1.874e3 1.877e3 1.770e3 1.744e3 1.782e3 1.797e3 1.668e3 1.355e3 1.479e3 1.793e3 1.501e3 1.446e3 1.653e3 1.845e3 2.313e3 2.382e3 2.866e3 2.832e3 2.667e3 2.530e3 2.438e3 2.300e3 2.335e3 1.819e3 
   450.e3  174.7   227.4   418.5   657.8   858.9   876.5   675.4   618.3   501.6   535.0   1.189e3 1.280e3 1.282e3 1.299e3 1.655e3 1.525e3 771.5   1.162e3 1.272e3 1.461e3 1.591e3 1.675e3 1.500e3 1.507e3 1.448e3 1.490e3 1.443e3 1.290e3 1.224e3 1.221e3 1.229e3 1.678e3 1.837e3 1.557e3 631.1   1.001e3 1.936e3 2.065e3 1.913e3 2.032e3 2.248e3 2.124e3 2.101e3 1.705e3 1.688e3 1.999e3 1.904e3 1.799e3 1.751e3 2.027e3 2.179e3 1.935e3 2.173e3 1.362e3 2.740e3 2.810e3 2.804e3 2.332e3 2.302e3 2.201e3 2.314e3 1.936e3 1.991e3 2.286e3 2.173e3 1.830e3 1.645e3 1.973e3 2.003e3 2.026e3 1.921e3 1.889e3 1.912e3 1.928e3 1.808e3 1.491e3 1.602e3 1.939e3 1.626e3 1.570e3 1.793e3 1.969e3 2.506e3 2.552e3 3.068e3 3.058e3 2.849e3 2.705e3 2.648e3 2.493e3 2.513e3 1.964e3 
   500.e3  184.9   242.1   454.0   699.5   898.0   912.3   708.9   663.6   530.6   568.6   1.261e3 1.347e3 1.349e3 1.382e3 1.764e3 1.653e3 853.3   1.276e3 1.374e3 1.575e3 1.687e3 1.786e3 1.601e3 1.647e3 1.549e3 1.585e3 1.537e3 1.385e3 1.309e3 1.316e3 1.309e3 1.779e3 1.956e3 1.659e3 690.7   1.087e3 2.062e3 2.213e3 2.037e3 2.182e3 2.383e3 2.260e3 2.242e3 1.834e3 1.827e3 2.134e3 2.035e3 1.918e3 1.882e3 2.135e3 2.333e3 2.087e3 2.313e3 1.515e3 2.930e3 3.010e3 2.990e3 2.504e3 2.468e3 2.361e3 2.486e3 2.071e3 2.136e3 2.402e3 2.351e3 1.972e3 1.763e3 2.122e3 2.129e3 2.172e3 2.066e3 2.030e3 2.037e3 2.057e3 1.948e3 1.626e3 1.722e3 2.083e3 1.753e3 1.690e3 1.930e3 2.093e3 2.696e3 2.719e3 3.264e3 3.277e3 3.027e3 2.880e3 2.855e3 2.682e3 2.691e3 2.109e3 
   550.e3  194.6   257.2   488.7   740.3   935.6   948.0   740.4   708.7   562.1   603.2   1.331e3 1.412e3 1.417e3 1.467e3 1.871e3 1.780e3 929.9   1.385e3 1.475e3 1.685e3 1.782e3 1.894e3 1.701e3 1.786e3 1.645e3 1.678e3 1.628e3 1.481e3 1.393e3 1.412e3 1.388e3 1.877e3 2.074e3 1.759e3 752.0   1.175e3 2.187e3 2.359e3 2.161e3 2.327e3 2.514e3 2.394e3 2.382e3 1.962e3 1.964e3 2.262e3 2.165e3 2.036e3 2.006e3 2.245e3 2.486e3 2.240e3 2.451e3 1.668e3 3.117e3 3.206e3 3.172e3 2.675e3 2.632e3 2.520e3 2.657e3 2.206e3 2.278e3 2.514e3 2.529e3 2.111e3 1.879e3 2.267e3 2.253e3 2.316e3 2.207e3 2.169e3 2.158e3 2.183e3 2.086e3 1.760e3 1.839e3 2.224e3 1.882e3 1.808e3 2.064e3 2.218e3 2.880e3 2.884e3 3.454e3 3.491e3 3.201e3 3.052e3 3.059e3 2.869e3 2.866e3 2.255e3 
   600.e3  203.7   272.5   522.6   780.0   971.9   984.2   770.3   753.7   595.9   638.5   1.400e3 1.476e3 1.486e3 1.552e3 1.974e3 1.906e3 1.001e3 1.489e3 1.576e3 1.792e3 1.876e3 1.999e3 1.799e3 1.924e3 1.738e3 1.768e3 1.716e3 1.576e3 1.476e3 1.506e3 1.466e3 1.973e3 2.189e3 1.859e3 815.1   1.263e3 2.310e3 2.504e3 2.284e3 2.468e3 2.641e3 2.527e3 2.520e3 2.088e3 2.099e3 2.383e3 2.293e3 2.153e3 2.125e3 2.356e3 2.637e3 2.391e3 2.586e3 1.820e3 3.298e3 3.399e3 3.352e3 2.844e3 2.794e3 2.679e3 2.825e3 2.341e3 2.418e3 2.624e3 2.706e3 2.248e3 1.995e3 2.408e3 2.375e3 2.457e3 2.343e3 2.305e3 2.277e3 2.306e3 2.223e3 1.892e3 1.954e3 2.362e3 2.012e3 1.924e3 2.195e3 2.343e3 3.060e3 3.046e3 3.637e3 3.698e3 3.372e3 3.224e3 3.259e3 3.052e3 3.040e3 2.401e3 
   650.e3  212.4   287.8   556.0   818.5   1.007e3 1.021e3 798.6   798.5   631.6   674.2   1.469e3 1.538e3 1.555e3 1.637e3 2.074e3 2.031e3 1.068e3 1.586e3 1.676e3 1.897e3 1.968e3 2.102e3 1.896e3 2.059e3 1.827e3 1.856e3 1.801e3 1.670e3 1.556e3 1.598e3 1.542e3 2.066e3 2.301e3 1.957e3 880.0   1.353e3 2.432e3 2.647e3 2.407e3 2.606e3 2.765e3 2.658e3 2.657e3 2.212e3 2.231e3 2.497e3 2.418e3 2.268e3 2.239e3 2.469e3 2.787e3 2.542e3 2.719e3 1.972e3 3.476e3 3.588e3 3.527e3 3.013e3 2.954e3 2.835e3 2.990e3 2.475e3 2.556e3 2.731e3 2.880e3 2.383e3 2.109e3 2.544e3 2.494e3 2.595e3 2.474e3 2.440e3 2.392e3 2.427e3 2.357e3 2.022e3 2.066e3 2.498e3 2.142e3 2.037e3 2.324e3 2.468e3 3.236e3 3.206e3 3.814e3 3.899e3 3.540e3 3.393e3 3.456e3 3.233e3 3.212e3 2.547e3 
   700.e3  220.6   303.0   588.6   856.0   1.041e3 1.058e3 825.8   842.9   668.8   710.2   1.537e3 1.599e3 1.623e3 1.722e3 2.172e3 2.155e3 1.129e3 1.675e3 1.776e3 1.999e3 2.058e3 2.202e3 1.992e3 2.191e3 1.913e3 1.942e3 1.883e3 1.763e3 1.636e3 1.690e3 1.618e3 2.157e3 2.411e3 2.054e3 946.7   1.444e3 2.553e3 2.788e3 2.529e3 2.739e3 2.884e3 2.787e3 2.791e3 2.336e3 2.361e3 2.604e3 2.542e3 2.382e3 2.348e3 2.584e3 2.933e3 2.690e3 2.850e3 2.123e3 3.649e3 3.774e3 3.700e3 3.180e3 3.113e3 2.988e3 3.152e3 2.608e3 2.689e3 2.836e3 3.052e3 2.516e3 2.223e3 2.677e3 2.611e3 2.731e3 2.602e3 2.572e3 2.504e3 2.546e3 2.488e3 2.150e3 2.175e3 2.630e3 2.273e3 2.148e3 2.450e3 2.593e3 3.407e3 3.363e3 3.984e3 4.095e3 3.704e3 3.561e3 3.650e3 3.410e3 3.381e3 2.694e3 
   800.e3  235.7   332.9   652.1   927.3   1.107e3 1.132e3 877.0   930.3   746.9   782.4   1.668e3 1.715e3 1.759e3 1.889e3 2.358e3 2.397e3 1.240e3 1.831e3 1.972e3 2.194e3 2.233e3 2.395e3 2.178e3 2.443e3 2.074e3 2.108e3 2.038e3 1.945e3 1.790e3 1.867e3 1.764e3 2.333e3 2.622e3 2.243e3 1.085e3 1.628e3 2.788e3 3.064e3 2.769e3 2.997e3 3.111e3 3.038e3 3.054e3 2.577e3 2.612e3 2.802e3 2.783e3 2.605e3 2.552e3 2.816e3 3.219e3 2.981e3 3.105e3 2.423e3 3.984e3 4.134e3 4.033e3 3.510e3 3.422e3 3.285e3 3.468e3 2.872e3 2.946e3 3.039e3 3.390e3 2.773e3 2.446e3 2.931e3 2.838e3 2.996e3 2.844e3 2.829e3 2.720e3 2.777e3 2.742e3 2.401e3 2.385e3 2.885e3 2.531e3 2.364e3 2.694e3 2.843e3 3.735e3 3.668e3 4.305e3 4.470e3 4.022e3 3.891e3 4.027e3 3.755e3 3.712e3 2.986e3 
   900.e3  249.4   362.2   712.9   994.2   1.169e3 1.205e3 925.2   1.016e3 828.3   854.2   1.795e3 1.826e3 1.892e3 2.053e3 2.533e3 2.630e3 1.338e3 1.959e3 2.164e3 2.378e3 2.401e3 2.578e3 2.358e3 2.678e3 2.224e3 2.267e3 2.182e3 2.119e3 1.938e3 2.037e3 1.906e3 2.502e3 2.822e3 2.426e3 1.230e3 1.815e3 3.017e3 3.331e3 3.003e3 3.242e3 3.324e3 3.282e3 3.308e3 2.811e3 2.853e3 2.982e3 3.014e3 2.821e3 2.740e3 3.049e3 3.492e3 3.260e3 3.351e3 2.719e3 4.303e3 4.479e3 4.350e3 3.832e3 3.721e3 3.565e3 3.769e3 3.131e3 3.188e3 3.233e3 3.716e3 3.021e3 2.664e3 3.171e3 3.058e3 3.252e3 3.072e3 3.079e3 2.927e3 2.999e3 2.984e3 2.642e3 2.584e3 3.129e3 2.784e3 2.572e3 2.928e3 3.090e3 4.046e3 3.962e3 4.602e3 4.825e3 4.326e3 4.214e3 4.389e3 4.086e3 4.033e3 3.279e3 
   1.00e6  262.1   391.2   771.2   1.057e3 1.228e3 1.277e3 971.1   1.099e3 911.4   925.1   1.916e3 1.931e3 2.021e3 2.210e3 2.697e3 2.852e3 1.430e3 2.069e3 2.352e3 2.553e3 2.562e3 2.753e3 2.531e3 2.895e3 2.366e3 2.419e3 2.316e3 2.284e3 2.080e3 2.199e3 2.042e3 2.664e3 3.010e3 2.601e3 1.379e3 2.005e3 3.239e3 3.590e3 3.232e3 3.475e3 3.525e3 3.516e3 3.553e3 3.038e3 3.084e3 3.152e3 3.236e3 3.030e3 2.916e3 3.283e3 3.752e3 3.528e3 3.589e3 3.011e3 4.607e3 4.808e3 4.653e3 4.147e3 4.010e3 3.826e3 4.058e3 3.384e3 3.414e3 3.420e3 4.031e3 3.259e3 2.876e3 3.398e3 3.269e3 3.500e3 3.286e3 3.320e3 3.125e3 3.213e3 3.213e3 2.873e3 2.773e3 3.362e3 3.031e3 2.771e3 3.154e3 3.335e3 4.339e3 4.244e3 4.875e3 5.160e3 4.617e3 4.528e3 4.737e3 4.405e3 4.343e3 3.570e3 
   1.10e6  273.9   420.2   826.7   1.115e3 1.285e3 1.347e3 1.015e3 1.180e3 995.2   994.9   2.031e3 2.030e3 2.144e3 2.362e3 2.850e3 3.065e3 1.522e3 2.169e3 2.533e3 2.718e3 2.717e3 2.920e3 2.698e3 3.097e3 2.500e3 2.564e3 2.441e3 2.441e3 2.216e3 2.353e3 2.174e3 2.819e3 3.188e3 2.770e3 1.534e3 2.196e3 3.454e3 3.838e3 3.454e3 3.698e3 3.718e3 3.743e3 3.788e3 3.257e3 3.304e3 3.314e3 3.449e3 3.233e3 3.081e3 3.513e3 3.999e3 3.783e3 3.820e3 3.300e3 4.897e3 5.122e3 4.942e3 4.452e3 4.287e3 4.068e3 4.334e3 3.631e3 3.625e3 3.601e3 4.333e3 3.489e3 3.082e3 3.613e3 3.472e3 3.739e3 3.487e3 3.553e3 3.316e3 3.419e3 3.430e3 3.094e3 2.952e3 3.584e3 3.270e3 2.964e3 3.370e3 3.576e3 4.615e3 4.516e3 5.129e3 5.477e3 4.896e3 4.834e3 5.071e3 4.712e3 4.643e3 3.859e3 
   1.20e6  285.2   449.4   879.6   1.170e3 1.340e3 1.414e3 1.059e3 1.259e3 1.079e3 1.063e3 2.141e3 2.124e3 2.262e3 2.507e3 2.993e3 3.266e3 1.619e3 2.267e3 2.709e3 2.874e3 2.865e3 3.080e3 2.859e3 3.283e3 2.628e3 2.703e3 2.561e3 2.589e3 2.348e3 2.499e3 2.301e3 2.967e3 3.355e3 2.932e3 1.692e3 2.389e3 3.662e3 4.078e3 3.669e3 3.912e3 3.905e3 3.961e3 4.015e3 3.469e3 3.514e3 3.471e3 3.653e3 3.428e3 3.238e3 3.741e3 4.232e3 4.025e3 4.043e3 3.584e3 5.173e3 5.421e3 5.216e3 4.750e3 4.554e3 4.291e3 4.597e3 3.872e3 3.822e3 3.776e3 4.623e3 3.710e3 3.282e3 3.816e3 3.667e3 3.970e3 3.678e3 3.778e3 3.500e3 3.618e3 3.637e3 3.306e3 3.122e3 3.797e3 3.502e3 3.150e3 3.579e3 3.813e3 4.876e3 4.778e3 5.363e3 5.776e3 5.164e3 5.133e3 5.392e3 5.008e3 4.934e3 4.146e3 
   1.30e6  296.1   478.7   929.9   1.222e3 1.393e3 1.479e3 1.101e3 1.336e3 1.162e3 1.131e3 2.246e3 2.214e3 2.375e3 2.645e3 3.127e3 3.456e3 1.724e3 2.367e3 2.880e3 3.023e3 3.007e3 3.234e3 3.014e3 3.456e3 2.752e3 2.836e3 2.677e3 2.729e3 2.474e3 2.638e3 2.425e3 3.110e3 3.513e3 3.087e3 1.854e3 2.582e3 3.864e3 4.308e3 3.878e3 4.117e3 4.089e3 4.171e3 4.232e3 3.673e3 3.715e3 3.626e3 3.849e3 3.617e3 3.388e3 3.964e3 4.452e3 4.254e3 4.259e3 3.864e3 5.437e3 5.706e3 5.478e3 5.038e3 4.809e3 4.497e3 4.849e3 4.106e3 4.008e3 3.947e3 4.901e3 3.925e3 3.476e3 4.011e3 3.856e3 4.194e3 3.860e3 3.995e3 3.679e3 3.810e3 3.835e3 3.507e3 3.285e3 4.001e3 3.727e3 3.330e3 3.781e3 4.046e3 5.123e3 5.031e3 5.583e3 6.061e3 5.422e3 5.425e3 5.701e3 5.292e3 5.214e3 4.431e3 
   1.40e6  306.8   508.1   977.6   1.270e3 1.445e3 1.542e3 1.143e3 1.411e3 1.244e3 1.197e3 2.346e3 2.299e3 2.483e3 2.776e3 3.251e3 3.636e3 1.836e3 2.473e3 3.044e3 3.164e3 3.144e3 3.381e3 3.165e3 3.617e3 2.872e3 2.965e3 2.789e3 2.861e3 2.596e3 2.770e3 2.544e3 3.247e3 3.663e3 3.236e3 2.017e3 2.775e3 4.060e3 4.530e3 4.080e3 4.315e3 4.271e3 4.374e3 4.441e3 3.871e3 3.907e3 3.779e3 4.036e3 3.800e3 3.533e3 4.183e3 4.659e3 4.472e3 4.469e3 4.140e3 5.690e3 5.977e3 5.728e3 5.319e3 5.053e3 4.690e3 5.091e3 4.334e3 4.183e3 4.113e3 5.166e3 4.132e3 3.665e3 4.196e3 4.038e3 4.411e3 4.032e3 4.206e3 3.852e3 3.995e3 4.025e3 3.699e3 3.442e3 4.196e3 3.944e3 3.504e3 3.976e3 4.274e3 5.356e3 5.274e3 5.789e3 6.330e3 5.670e3 5.709e3 5.998e3 5.567e3 5.486e3 4.714e3 
   1.50e6  317.4   537.4   1.023e3 1.316e3 1.494e3 1.603e3 1.185e3 1.483e3 1.325e3 1.262e3 2.441e3 2.381e3 2.585e3 2.900e3 3.368e3 3.805e3 1.957e3 2.585e3 3.203e3 3.299e3 3.276e3 3.523e3 3.310e3 3.768e3 2.989e3 3.088e3 2.899e3 2.987e3 2.713e3 2.895e3 2.660e3 3.379e3 3.804e3 3.379e3 2.183e3 2.968e3 4.249e3 4.743e3 4.277e3 4.506e3 4.451e3 4.570e3 4.641e3 4.061e3 4.091e3 3.929e3 4.217e3 3.976e3 3.675e3 4.396e3 4.856e3 4.679e3 4.672e3 4.413e3 5.930e3 6.236e3 5.966e3 5.590e3 5.287e3 4.870e3 5.322e3 4.557e3 4.350e3 4.276e3 5.419e3 4.334e3 3.848e3 4.373e3 4.214e3 4.622e3 4.197e3 4.409e3 4.020e3 4.175e3 4.208e3 3.882e3 3.593e3 4.384e3 4.154e3 3.674e3 4.165e3 4.497e3 5.578e3 5.509e3 5.985e3 6.587e3 5.909e3 5.987e3 6.284e3 5.831e3 5.750e3 4.994e3 
   1.60e6  328.1   566.6   1.066e3 1.359e3 1.543e3 1.661e3 1.227e3 1.554e3 1.404e3 1.326e3 2.531e3 2.459e3 2.683e3 3.018e3 3.477e3 3.965e3 2.085e3 2.701e3 3.356e3 3.427e3 3.402e3 3.661e3 3.451e3 3.910e3 3.102e3 3.207e3 3.007e3 3.106e3 2.827e3 3.014e3 2.772e3 3.506e3 3.939e3 3.516e3 2.350e3 3.160e3 4.434e3 4.948e3 4.467e3 4.690e3 4.630e3 4.760e3 4.834e3 4.246e3 4.268e3 4.078e3 4.391e3 4.147e3 3.814e3 4.604e3 5.041e3 4.876e3 4.870e3 4.681e3 6.161e3 6.483e3 6.193e3 5.854e3 5.511e3 5.040e3 5.544e3 4.773e3 4.510e3 4.435e3 5.662e3 4.529e3 4.025e3 4.543e3 4.384e3 4.827e3 4.355e3 4.606e3 4.184e3 4.350e3 4.384e3 4.057e3 3.740e3 4.566e3 4.357e3 3.840e3 4.348e3 4.716e3 5.788e3 5.736e3 6.171e3 6.832e3 6.140e3 6.259e3 6.560e3 6.087e3 6.005e3 5.272e3 
   1.70e6  338.9   595.4   1.107e3 1.400e3 1.590e3 1.718e3 1.269e3 1.623e3 1.481e3 1.389e3 2.617e3 2.534e3 2.775e3 3.130e3 3.580e3 4.114e3 2.219e3 2.823e3 3.503e3 3.550e3 3.525e3 3.794e3 3.588e3 4.044e3 3.213e3 3.322e3 3.114e3 3.220e3 2.937e3 3.127e3 2.882e3 3.629e3 4.067e3 3.648e3 2.518e3 3.351e3 4.612e3 5.145e3 4.651e3 4.869e3 4.808e3 4.943e3 5.020e3 4.424e3 4.437e3 4.225e3 4.558e3 4.313e3 3.952e3 4.807e3 5.217e3 5.063e3 5.063e3 4.945e3 6.381e3 6.719e3 6.411e3 6.109e3 5.726e3 5.202e3 5.757e3 4.984e3 4.665e3 4.591e3 5.893e3 4.720e3 4.197e3 4.707e3 4.548e3 5.025e3 4.508e3 4.797e3 4.345e3 4.519e3 4.555e3 4.224e3 3.883e3 4.741e3 4.553e3 4.001e3 4.526e3 4.931e3 5.989e3 5.956e3 6.349e3 7.066e3 6.364e3 6.525e3 6.827e3 6.334e3 6.254e3 5.547e3 
   1.80e6  349.9   623.8   1.145e3 1.439e3 1.636e3 1.772e3 1.311e3 1.691e3 1.557e3 1.452e3 2.699e3 2.606e3 2.864e3 3.236e3 3.676e3 4.255e3 2.359e3 2.948e3 3.646e3 3.668e3 3.643e3 3.923e3 3.721e3 4.172e3 3.321e3 3.433e3 3.219e3 3.330e3 3.044e3 3.235e3 2.988e3 3.747e3 4.189e3 3.776e3 2.685e3 3.540e3 4.786e3 5.335e3 4.831e3 5.043e3 4.984e3 5.121e3 5.198e3 4.596e3 4.599e3 4.371e3 4.720e3 4.473e3 4.088e3 5.004e3 5.384e3 5.243e3 5.250e3 5.205e3 6.592e3 6.945e3 6.620e3 6.357e3 5.932e3 5.359e3 5.962e3 5.189e3 4.815e3 4.744e3 6.114e3 4.906e3 4.364e3 4.865e3 4.708e3 5.219e3 4.654e3 4.983e3 4.502e3 4.684e3 4.722e3 4.385e3 4.022e3 4.910e3 4.744e3 4.158e3 4.700e3 5.141e3 6.180e3 6.170e3 6.522e3 7.290e3 6.581e3 6.785e3 7.084e3 6.573e3 6.495e3 5.818e3 
   2.00e6  372.5   679.0   1.217e3 1.512e3 1.725e3 1.875e3 1.397e3 1.821e3 1.703e3 1.575e3 2.853e3 2.743e3 3.029e3 3.432e3 3.852e3 4.512e3 2.649e3 3.205e3 3.916e3 3.889e3 3.867e3 4.169e3 3.975e3 4.410e3 3.530e3 3.645e3 3.426e3 3.536e3 3.248e3 3.436e3 3.194e3 3.974e3 4.417e3 4.017e3 3.020e3 3.913e3 5.120e3 5.694e3 5.174e3 5.377e3 5.333e3 5.460e3 5.536e3 4.925e3 4.906e3 4.655e3 5.029e3 4.780e3 4.359e3 5.382e3 5.695e3 5.581e3 5.609e3 5.711e3 6.990e3 7.369e3 7.014e3 6.828e3 6.319e3 5.657e3 6.350e3 5.585e3 5.104e3 5.043e3 6.529e3 5.265e3 4.683e3 5.167e3 5.014e3 5.590e3 4.934e3 5.337e3 4.808e3 5.002e3 5.042e3 4.687e3 4.292e3 5.235e3 5.108e3 4.464e3 5.035e3 5.548e3 6.540e3 6.578e3 6.850e3 7.710e3 6.997e3 7.289e3 7.575e3 7.030e3 6.957e3 6.353e3 
   2.25e6  402.3   744.6   1.297e3 1.594e3 1.829e3 1.995e3 1.505e3 1.975e3 1.876e3 1.725e3 3.027e3 2.901e3 3.215e3 3.649e3 4.045e3 4.792e3 3.023e3 3.530e3 4.228e3 4.144e3 4.128e3 4.460e3 4.275e3 4.682e3 3.779e3 3.894e3 3.677e3 3.775e3 3.489e3 3.665e3 3.439e3 4.239e3 4.678e3 4.296e3 3.432e3 4.366e3 5.514e3 6.107e3 5.576e3 5.773e3 5.757e3 5.858e3 5.927e3 5.308e3 5.261e3 4.998e3 5.389e3 5.140e3 4.695e3 5.827e3 6.047e3 5.971e3 6.032e3 6.318e3 7.445e3 7.854e3 7.466e3 7.375e3 6.763e3 6.013e3 6.798e3 6.054e3 5.452e3 5.404e3 6.999e3 5.692e3 5.058e3 5.521e3 5.374e3 6.028e3 5.263e3 5.754e3 5.175e3 5.378e3 5.423e3 5.036e3 4.616e3 5.617e3 5.535e3 4.831e3 5.435e3 6.034e3 6.952e3 7.057e3 7.239e3 8.193e3 7.487e3 7.893e3 8.147e3 7.564e3 7.503e3 7.004e3 
   2.50e6  433.7   806.2   1.367e3 1.668e3 1.926e3 2.105e3 1.614e3 2.121e3 2.039e3 1.873e3 3.186e3 3.048e3 3.381e3 3.841e3 4.214e3 5.034e3 3.398e3 3.853e3 4.514e3 4.378e3 4.372e3 4.734e3 4.556e3 4.931e3 4.015e3 4.127e3 3.921e3 3.998e3 3.717e3 3.875e3 3.673e3 4.488e3 4.916e3 4.555e3 3.833e3 4.803e3 5.884e3 6.487e3 5.953e3 6.149e3 6.168e3 6.230e3 6.286e3 5.665e3 5.588e3 5.329e3 5.727e3 5.478e3 5.029e3 6.242e3 6.368e3 6.332e3 6.428e3 6.896e3 7.860e3 8.295e3 7.880e3 7.878e3 7.168e3 6.356e3 7.212e3 6.497e3 5.787e3 5.753e3 7.424e3 6.100e3 5.409e3 5.854e3 5.713e3 6.439e3 5.574e3 6.145e3 5.529e3 5.736e3 5.785e3 5.361e3 4.929e3 5.978e3 5.936e3 5.184e3 5.815e3 6.496e3 7.332e3 7.508e3 7.609e3 8.635e3 7.950e3 8.470e3 8.679e3 8.062e3 8.015e3 7.635e3 
   2.75e6  466.7   863.6   1.429e3 1.737e3 2.018e3 2.208e3 1.725e3 2.260e3 2.192e3 2.017e3 3.331e3 3.186e3 3.532e3 4.011e3 4.364e3 5.244e3 3.765e3 4.167e3 4.778e3 4.594e3 4.600e3 4.993e3 4.821e3 5.162e3 4.239e3 4.347e3 4.156e3 4.209e3 3.933e3 4.070e3 3.897e3 4.723e3 5.137e3 4.795e3 4.222e3 5.220e3 6.234e3 6.836e3 6.307e3 6.507e3 6.562e3 6.581e3 6.620e3 5.998e3 5.891e3 5.646e3 6.045e3 5.797e3 5.360e3 6.630e3 6.664e3 6.670e3 6.797e3 7.441e3 8.242e3 8.700e3 8.263e3 8.340e3 7.542e3 6.689e3 7.595e3 6.917e3 6.114e3 6.093e3 7.811e3 6.490e3 5.738e3 6.171e3 6.035e3 6.827e3 5.871e3 6.513e3 5.871e3 6.077e3 6.132e3 5.667e3 5.232e3 6.321e3 6.313e3 5.525e3 6.181e3 6.935e3 7.685e3 7.933e3 7.964e3 9.045e3 8.388e3 9.022e3 9.176e3 8.530e3 8.498e3 8.244e3 
   3.00e6  500.8   917.1   1.484e3 1.800e3 2.103e3 2.303e3 1.836e3 2.392e3 2.337e3 2.158e3 3.466e3 3.317e3 3.668e3 4.163e3 4.499e3 5.428e3 4.118e3 4.470e3 5.022e3 4.796e3 4.815e3 5.239e3 5.070e3 5.378e3 4.453e3 4.556e3 4.383e3 4.410e3 4.139e3 4.253e3 4.113e3 4.946e3 5.343e3 5.020e3 4.595e3 5.618e3 6.566e3 7.159e3 6.641e3 6.850e3 6.940e3 6.913e3 6.931e3 6.311e3 6.175e3 5.952e3 6.347e3 6.099e3 5.687e3 6.995e3 6.941e3 6.990e3 7.141e3 7.955e3 8.596e3 9.075e3 8.620e3 8.762e3 7.890e3 7.014e3 7.953e3 7.317e3 6.431e3 6.423e3 8.164e3 6.864e3 6.048e3 6.474e3 6.341e3 7.192e3 6.157e3 6.862e3 6.203e3 6.404e3 6.466e3 5.960e3 5.526e3 6.650e3 6.671e3 5.857e3 6.533e3 7.354e3 8.018e3 8.336e3 8.306e3 9.426e3 8.807e3 9.552e3 9.642e3 8.972e3 8.954e3 8.830e3 
   3.25e6  535.8   966.8   1.534e3 1.858e3 2.184e3 2.393e3 1.947e3 2.518e3 2.473e3 2.296e3 3.592e3 3.440e3 3.794e3 4.300e3 4.621e3 5.589e3 4.455e3 4.759e3 5.248e3 4.986e3 5.019e3 5.473e3 5.307e3 5.580e3 4.658e3 4.755e3 4.602e3 4.603e3 4.337e3 4.428e3 4.322e3 5.159e3 5.537e3 5.233e3 4.953e3 5.996e3 6.881e3 7.458e3 6.956e3 7.180e3 7.300e3 7.227e3 7.222e3 6.607e3 6.443e3 6.247e3 6.634e3 6.386e3 6.008e3 7.339e3 7.203e3 7.294e3 7.461e3 8.437e3 8.926e3 9.423e3 8.954e3 9.148e3 8.215e3 7.331e3 8.288e3 7.698e3 6.742e3 6.744e3 8.490e3 7.224e3 6.343e3 6.766e3 6.634e3 7.538e3 6.433e3 7.193e3 6.526e3 6.719e3 6.788e3 6.243e3 5.814e3 6.966e3 7.011e3 6.181e3 6.873e3 7.755e3 8.334e3 8.719e3 8.635e3 9.785e3 9.207e3 10.06e3 10.08e3 9.389e3 9.387e3 9.394e3 
   3.50e6  571.3   1.013e3 1.579e3 1.914e3 2.259e3 2.477e3 2.058e3 2.638e3 2.601e3 2.431e3 3.710e3 3.558e3 3.909e3 4.423e3 4.733e3 5.733e3 4.772e3 5.034e3 5.458e3 5.165e3 5.213e3 5.697e3 5.530e3 5.771e3 4.854e3 4.946e3 4.813e3 4.788e3 4.527e3 4.596e3 4.524e3 5.363e3 5.720e3 5.434e3 5.295e3 6.355e3 7.180e3 7.737e3 7.255e3 7.497e3 7.643e3 7.527e3 7.496e3 6.886e3 6.696e3 6.531e3 6.910e3 6.661e3 6.322e3 7.663e3 7.452e3 7.584e3 7.758e3 8.887e3 9.235e3 9.749e3 9.268e3 9.500e3 8.522e3 7.638e3 8.604e3 8.063e3 7.044e3 7.058e3 8.793e3 7.569e3 6.624e3 7.048e3 6.916e3 7.865e3 6.702e3 7.510e3 6.840e3 7.023e3 7.100e3 6.517e3 6.095e3 7.271e3 7.337e3 6.497e3 7.203e3 8.138e3 8.637e3 9.084e3 8.954e3 10.12e3 9.592e3 10.55e3 10.49e3 9.786e3 9.799e3 9.935e3 
   3.75e6  607.0   1.056e3 1.619e3 1.966e3 2.330e3 2.557e3 2.168e3 2.753e3 2.723e3 2.562e3 3.821e3 3.671e3 4.016e3 4.536e3 4.836e3 5.862e3 5.070e3 5.295e3 5.654e3 5.334e3 5.398e3 5.912e3 5.742e3 5.952e3 5.042e3 5.130e3 5.016e3 4.966e3 4.711e3 4.759e3 4.720e3 5.559e3 5.895e3 5.625e3 5.621e3 6.695e3 7.465e3 7.998e3 7.539e3 7.803e3 7.970e3 7.813e3 7.754e3 7.151e3 6.937e3 6.805e3 7.175e3 6.924e3 6.629e3 7.970e3 7.690e3 7.863e3 8.033e3 9.308e3 9.525e3 10.06e3 9.566e3 9.821e3 8.813e3 7.938e3 8.903e3 8.413e3 7.339e3 7.365e3 9.075e3 7.901e3 6.893e3 7.322e3 7.188e3 8.175e3 6.965e3 7.812e3 7.146e3 7.317e3 7.403e3 6.785e3 6.370e3 7.566e3 7.649e3 6.806e3 7.523e3 8.505e3 8.927e3 9.434e3 9.261e3 10.44e3 9.963e3 11.02e3 10.89e3 10.16e3 10.19e3 10.45e3 
   4.00e6  642.5   1.096e3 1.656e3 2.015e3 2.397e3 2.632e3 2.276e3 2.862e3 2.839e3 2.690e3 3.927e3 3.780e3 4.115e3 4.639e3 4.932e3 5.978e3 5.349e3 5.543e3 5.838e3 5.495e3 5.575e3 6.118e3 5.944e3 6.125e3 5.223e3 5.307e3 5.212e3 5.139e3 4.889e3 4.918e3 4.911e3 5.749e3 6.061e3 5.808e3 5.932e3 7.016e3 7.737e3 8.241e3 7.809e3 8.097e3 8.281e3 8.087e3 7.999e3 7.403e3 7.167e3 7.071e3 7.429e3 7.177e3 6.927e3 8.262e3 7.918e3 8.130e3 8.287e3 9.699e3 9.800e3 10.34e3 9.848e3 10.11e3 9.090e3 8.228e3 9.187e3 8.749e3 7.627e3 7.664e3 9.339e3 8.219e3 7.151e3 7.588e3 7.451e3 8.467e3 7.222e3 8.102e3 7.443e3 7.602e3 7.698e3 7.047e3 6.639e3 7.853e3 7.948e3 7.109e3 7.834e3 8.857e3 9.207e3 9.769e3 9.559e3 10.75e3 10.32e3 11.47e3 11.26e3 10.52e3 10.56e3 10.95e3 
   4.50e6  712.2   1.169e3 1.722e3 2.106e3 2.519e3 2.770e3 2.486e3 3.065e3 3.053e3 2.935e3 4.124e3 3.984e3 4.295e3 4.822e3 5.107e3 6.180e3 5.852e3 5.998e3 6.172e3 5.795e3 5.907e3 6.504e3 6.316e3 6.447e3 5.565e3 5.643e3 5.582e3 5.470e3 5.229e3 5.224e3 5.279e3 6.108e3 6.375e3 6.150e3 6.510e3 7.608e3 8.245e3 8.686e3 8.311e3 8.656e3 8.859e3 8.601e3 8.454e3 7.874e3 7.599e3 7.577e3 7.914e3 7.655e3 7.497e3 8.803e3 8.351e3 8.637e3 8.740e3 10.40e3 10.31e3 10.88e3 10.37e3 10.62e3 9.609e3 8.782e3 9.715e3 9.385e3 8.181e3 8.242e3 9.824e3 8.818e3 7.642e3 8.101e3 7.953e3 9.008e3 7.721e3 8.648e3 8.014e3 8.148e3 8.266e3 7.556e3 7.162e3 8.401e3 8.515e3 7.697e3 8.432e3 9.520e3 9.741e3 10.40e3 10.12e3 11.32e3 11.00e3 12.33e3 11.95e3 11.20e3 11.26e3 11.87e3 
   5.00e6  778.8   1.232e3 1.777e3 2.189e3 2.628e3 2.895e3 2.686e3 3.249e3 3.247e3 3.166e3 4.303e3 4.175e3 4.456e3 4.980e3 5.263e3 6.351e3 6.289e3 6.406e3 6.468e3 6.070e3 6.214e3 6.861e3 6.652e3 6.743e3 5.884e3 5.959e3 5.927e3 5.781e3 5.550e3 5.520e3 5.629e3 6.446e3 6.666e3 6.468e3 7.036e3 8.137e3 8.709e3 9.080e3 8.769e3 9.177e3 9.382e3 9.076e3 8.868e3 8.305e3 7.999e3 8.052e3 8.368e3 8.101e3 8.031e3 9.296e3 8.757e3 9.111e3 9.129e3 11.02e3 10.77e3 11.37e3 10.86e3 11.05e3 10.09e3 9.302e3 10.20e3 9.977e3 8.708e3 8.794e3 10.26e3 9.368e3 8.103e3 8.590e3 8.427e3 9.493e3 8.202e3 9.156e3 8.554e3 8.664e3 8.806e3 8.049e3 7.665e3 8.919e3 9.044e3 8.262e3 8.998e3 10.13e3 10.25e3 10.98e3 10.65e3 11.85e3 11.63e3 13.11e3 12.58e3 11.82e3 11.90e3 12.70e3 
   5.50e6  841.4   1.289e3 1.826e3 2.265e3 2.724e3 3.009e3 2.873e3 3.415e3 3.423e3 3.381e3 4.469e3 4.354e3 4.599e3 5.118e3 5.406e3 6.500e3 6.668e3 6.771e3 6.734e3 6.325e3 6.500e3 7.190e3 6.956e3 7.016e3 6.182e3 6.256e3 6.247e3 6.077e3 5.854e3 5.805e3 5.962e3 6.765e3 6.939e3 6.763e3 7.514e3 8.610e3 9.134e3 9.434e3 9.187e3 9.660e3 9.857e3 9.516e3 9.249e3 8.703e3 8.372e3 8.499e3 8.796e3 8.519e3 8.528e3 9.748e3 9.140e3 9.555e3 9.467e3 11.57e3 11.20e3 11.81e3 11.30e3 11.41e3 10.54e3 9.790e3 10.64e3 10.53e3 9.209e3 9.322e3 10.66e3 9.872e3 8.541e3 9.059e3 8.876e3 9.930e3 8.668e3 9.629e3 9.064e3 9.154e3 9.322e3 8.525e3 8.150e3 9.410e3 9.541e3 8.804e3 9.535e3 10.70e3 10.72e3 11.52e3 11.15e3 12.34e3 12.23e3 13.84e3 13.16e3 12.40e3 12.49e3 13.45e3 
   6.00e6  899.5   1.339e3 1.869e3 2.336e3 2.810e3 3.112e3 3.046e3 3.564e3 3.584e3 3.583e3 4.622e3 4.521e3 4.730e3 5.242e3 5.537e3 6.631e3 6.996e3 7.099e3 6.973e3 6.561e3 6.766e3 7.495e3 7.232e3 7.271e3 6.462e3 6.536e3 6.546e3 6.357e3 6.143e3 6.081e3 6.280e3 7.067e3 7.195e3 7.040e3 7.952e3 9.034e3 9.522e3 9.752e3 9.571e3 10.11e3 10.29e3 9.924e3 9.600e3 9.072e3 8.722e3 8.921e3 9.200e3 8.911e3 8.990e3 10.16e3 9.502e3 9.972e3 9.766e3 12.05e3 11.60e3 12.22e3 11.72e3 11.72e3 10.96e3 10.25e3 11.06e3 11.05e3 9.685e3 9.825e3 11.03e3 10.34e3 8.959e3 9.508e3 9.304e3 10.32e3 9.117e3 10.07e3 9.545e3 9.620e3 9.816e3 8.987e3 8.616e3 9.875e3 10.01e3 9.324e3 10.04e3 11.23e3 11.18e3 12.01e3 11.62e3 12.81e3 12.79e3 14.50e3 13.70e3 12.94e3 13.04e3 14.12e3 
   6.50e6  953.1   1.384e3 1.907e3 2.401e3 2.886e3 3.206e3 3.206e3 3.698e3 3.731e3 3.770e3 4.763e3 4.677e3 4.849e3 5.354e3 5.659e3 6.748e3 7.282e3 7.393e3 7.190e3 6.780e3 7.015e3 7.776e3 7.483e3 7.508e3 6.724e3 6.801e3 6.824e3 6.623e3 6.416e3 6.347e3 6.583e3 7.353e3 7.437e3 7.301e3 8.354e3 9.416e3 9.878e3 10.04e3 9.922e3 10.52e3 10.68e3 10.30e3 9.925e3 9.415e3 9.052e3 9.318e3 9.581e3 9.281e3 9.418e3 10.55e3 9.845e3 10.36e3 10.04e3 12.49e3 11.97e3 12.60e3 12.10e3 11.99e3 11.36e3 10.68e3 11.44e3 11.54e3 10.14e3 10.30e3 11.38e3 10.76e3 9.359e3 9.940e3 9.711e3 10.68e3 9.551e3 10.49e3 9.999e3 10.06e3 10.29e3 9.433e3 9.065e3 10.31e3 10.45e3 9.822e3 10.53e3 11.73e3 11.62e3 12.48e3 12.06e3 13.24e3 13.31e3 15.12e3 14.20e3 13.44e3 13.54e3 14.72e3 
   7.00e6  1.002e3 1.425e3 1.941e3 2.460e3 2.955e3 3.291e3 3.352e3 3.818e3 3.867e3 3.943e3 4.894e3 4.824e3 4.959e3 5.455e3 5.772e3 6.854e3 7.532e3 7.656e3 7.387e3 6.985e3 7.248e3 8.036e3 7.711e3 7.730e3 6.970e3 7.052e3 7.085e3 6.875e3 6.677e3 6.604e3 6.872e3 7.624e3 7.666e3 7.547e3 8.725e3 9.759e3 10.20e3 10.30e3 10.25e3 10.91e3 11.04e3 10.66e3 10.23e3 9.735e3 9.363e3 9.694e3 9.942e3 9.630e3 9.815e3 10.91e3 10.17e3 10.73e3 10.29e3 12.90e3 12.31e3 12.96e3 12.46e3 12.23e3 11.73e3 11.08e3 11.81e3 12.00e3 10.57e3 10.76e3 11.70e3 11.15e3 9.743e3 10.35e3 10.10e3 11.00e3 9.971e3 10.88e3 10.43e3 10.48e3 10.74e3 9.864e3 9.496e3 10.73e3 10.87e3 10.30e3 10.98e3 12.19e3 12.04e3 12.90e3 12.47e3 13.65e3 13.81e3 15.68e3 14.66e3 13.91e3 14.01e3 15.26e3 
   8.00e6  1.089e3 1.497e3 2.001e3 2.567e3 3.071e3 3.441e3 3.605e3 4.022e3 4.106e3 4.252e3 5.129e3 5.091e3 5.155e3 5.633e3 5.979e3 7.040e3 7.942e3 8.105e3 7.733e3 7.356e3 7.670e3 8.498e3 8.110e3 8.132e3 7.418e3 7.513e3 7.555e3 7.344e3 7.159e3 7.091e3 7.408e3 8.124e3 8.089e3 8.000e3 9.385e3 10.35e3 10.78e3 10.76e3 10.82e3 11.59e3 11.67e3 11.29e3 10.77e3 10.31e3 9.936e3 10.38e3 10.61e3 10.27e3 10.52e3 11.55e3 10.77e3 11.41e3 10.75e3 13.62e3 12.93e3 13.60e3 13.12e3 12.64e3 12.42e3 11.81e3 12.46e3 12.84e3 11.36e3 11.61e3 12.29e3 11.85e3 10.47e3 11.13e3 10.83e3 11.57e3 10.77e3 11.60e3 11.21e3 11.26e3 11.59e3 10.68e3 10.31e3 11.50e3 11.64e3 11.18e3 11.82e3 13.03e3 12.82e3 13.67e3 13.24e3 14.41e3 14.70e3 16.65e3 15.49e3 14.76e3 14.86e3 16.19e3 
   9.00e6  1.162e3 1.557e3 2.051e3 2.659e3 3.165e3 3.567e3 3.814e3 4.186e3 4.311e3 4.514e3 5.331e3 5.325e3 5.324e3 5.785e3 6.162e3 7.199e3 8.259e3 8.467e3 8.024e3 7.682e3 8.040e3 8.891e3 8.446e3 8.488e3 7.816e3 7.927e3 7.968e3 7.766e3 7.594e3 7.541e3 7.894e3 8.575e3 8.471e3 8.407e3 9.957e3 10.83e3 11.26e3 11.14e3 11.30e3 12.16e3 12.20e3 11.84e3 11.25e3 10.82e3 10.45e3 11.00e3 11.21e3 10.85e3 11.13e3 12.11e3 11.32e3 12.02e3 11.18e3 14.26e3 13.49e3 14.17e3 13.70e3 13.00e3 13.04e3 12.46e3 13.05e3 13.59e3 12.08e3 12.38e3 12.82e3 12.47e3 11.14e3 11.86e3 11.49e3 12.06e3 11.50e3 12.25e3 11.91e3 11.97e3 12.36e3 11.44e3 11.06e3 12.18e3 12.34e3 11.98e3 12.56e3 13.77e3 13.54e3 14.33e3 13.93e3 15.09e3 15.49e3 17.47e3 16.22e3 15.52e3 15.61e3 16.95e3 
   10.0e6  1.223e3 1.609e3 2.094e3 2.737e3 3.240e3 3.672e3 3.987e3 4.318e3 4.488e3 4.737e3 5.505e3 5.531e3 5.473e3 5.918e3 6.326e3 7.336e3 8.504e3 8.756e3 8.272e3 7.969e3 8.366e3 9.225e3 8.730e3 8.802e3 8.168e3 8.297e3 8.331e3 8.148e3 7.987e3 7.955e3 8.332e3 8.981e3 8.816e3 8.775e3 10.45e3 11.23e3 11.66e3 11.46e3 11.71e3 12.64e3 12.65e3 12.32e3 11.67e3 11.27e3 10.91e3 11.54e3 11.74e3 11.36e3 11.65e3 12.60e3 11.81e3 12.55e3 11.61e3 14.83e3 13.98e3 14.67e3 14.22e3 13.32e3 13.60e3 13.03e3 13.57e3 14.26e3 12.73e3 13.07e3 13.30e3 13.02e3 11.75e3 12.52e3 12.09e3 12.48e3 12.18e3 12.83e3 12.54e3 12.61e3 13.07e3 12.14e3 11.75e3 12.80e3 12.97e3 12.70e3 13.23e3 14.42e3 14.19e3 14.90e3 14.55e3 15.70e3 16.18e3 18.14e3 16.86e3 16.20e3 16.28e3 17.58e3 
   11.0e6  1.275e3 1.653e3 2.130e3 2.803e3 3.301e3 3.760e3 4.130e3 4.425e3 4.642e3 4.925e3 5.656e3 5.711e3 5.604e3 6.034e3 6.473e3 7.456e3 8.693e3 8.985e3 8.485e3 8.222e3 8.651e3 9.507e3 8.973e3 9.080e3 8.480e3 8.629e3 8.650e3 8.492e3 8.341e3 8.334e3 8.728e3 9.347e3 9.130e3 9.108e3 10.89e3 11.56e3 11.99e3 11.73e3 12.06e3 13.03e3 13.04e3 12.74e3 12.04e3 11.67e3 11.33e3 12.03e3 12.22e3 11.82e3 12.11e3 13.04e3 12.25e3 13.04e3 12.02e3 15.34e3 14.42e3 15.11e3 14.68e3 13.63e3 14.11e3 13.54e3 14.04e3 14.85e3 13.31e3 13.69e3 13.74e3 13.52e3 12.33e3 13.13e3 12.65e3 12.86e3 12.81e3 13.35e3 13.11e3 13.19e3 13.71e3 12.78e3 12.38e3 13.34e3 13.54e3 13.34e3 13.81e3 15.01e3 14.80e3 15.40e3 15.12e3 16.26e3 16.79e3 18.70e3 17.43e3 16.80e3 16.87e3 18.11e3 
   12.0e6  1.319e3 1.691e3 2.161e3 2.860e3 3.351e3 3.833e3 4.250e3 4.511e3 4.776e3 5.084e3 5.784e3 5.867e3 5.720e3 6.137e3 6.604e3 7.561e3 8.839e3 9.165e3 8.667e3 8.445e3 8.901e3 9.745e3 9.182e3 9.326e3 8.758e3 8.925e3 8.932e3 8.803e3 8.660e3 8.680e3 9.083e3 9.675e3 9.415e3 9.410e3 11.28e3 11.83e3 12.27e3 11.96e3 12.36e3 13.36e3 13.36e3 13.10e3 12.37e3 12.02e3 11.71e3 12.47e3 12.65e3 12.24e3 12.50e3 13.42e3 12.66e3 13.47e3 12.43e3 15.81e3 14.81e3 15.50e3 15.10e3 13.91e3 14.56e3 14.00e3 14.46e3 15.38e3 13.84e3 14.25e3 14.13e3 13.98e3 12.86e3 13.69e3 13.15e3 13.20e3 13.38e3 13.83e3 13.62e3 13.72e3 14.30e3 13.38e3 12.96e3 13.84e3 14.07e3 13.91e3 14.34e3 15.52e3 15.35e3 15.83e3 15.65e3 16.77e3 17.32e3 19.16e3 17.94e3 17.35e3 17.39e3 18.57e3 
   13.0e6  1.356e3 1.724e3 2.188e3 2.908e3 3.390e3 3.894e3 4.350e3 4.582e3 4.893e3 5.218e3 5.895e3 6.004e3 5.823e3 6.229e3 6.723e3 7.653e3 8.948e3 9.304e3 8.824e3 8.642e3 9.119e3 9.944e3 9.361e3 9.544e3 9.004e3 9.190e3 9.180e3 9.083e3 8.948e3 8.995e3 9.403e3 9.971e3 9.674e3 9.684e3 11.61e3 12.05e3 12.51e3 12.16e3 12.61e3 13.64e3 13.64e3 13.41e3 12.66e3 12.34e3 12.05e3 12.85e3 13.03e3 12.61e3 12.84e3 13.76e3 13.02e3 13.85e3 12.83e3 16.22e3 15.16e3 15.85e3 15.46e3 14.18e3 14.97e3 14.41e3 14.83e3 15.85e3 14.32e3 14.75e3 14.50e3 14.41e3 13.34e3 14.21e3 13.62e3 13.51e3 13.91e3 14.26e3 14.08e3 14.19e3 14.84e3 13.92e3 13.49e3 14.29e3 14.54e3 14.43e3 14.80e3 15.99e3 15.85e3 16.20e3 16.13e3 17.24e3 17.79e3 19.54e3 18.39e3 17.84e3 17.87e3 18.97e3 
   14.0e6  1.386e3 1.753e3 2.212e3 2.948e3 3.422e3 3.944e3 4.434e3 4.639e3 4.995e3 5.330e3 5.989e3 6.122e3 5.916e3 6.311e3 6.829e3 7.734e3 9.028e3 9.408e3 8.960e3 8.816e3 9.310e3 10.11e3 9.517e3 9.737e3 9.222e3 9.426e3 9.400e3 9.335e3 9.207e3 9.281e3 9.690e3 10.24e3 9.909e3 9.934e3 11.91e3 12.23e3 12.70e3 12.33e3 12.83e3 13.86e3 13.88e3 13.68e3 12.92e3 12.62e3 12.36e3 13.20e3 13.37e3 12.95e3 13.14e3 14.07e3 13.36e3 14.20e3 13.21e3 16.58e3 15.47e3 16.15e3 15.79e3 14.43e3 15.34e3 14.77e3 15.18e3 16.28e3 14.75e3 15.20e3 14.83e3 14.81e3 13.80e3 14.68e3 14.04e3 13.80e3 14.39e3 14.65e3 14.51e3 14.62e3 15.32e3 14.42e3 13.98e3 14.69e3 14.98e3 14.88e3 15.22e3 16.40e3 16.31e3 16.53e3 16.57e3 17.66e3 18.20e3 19.85e3 18.80e3 18.28e3 18.29e3 19.33e3 
   15.0e6  1.411e3 1.777e3 2.232e3 2.981e3 3.448e3 3.986e3 4.504e3 4.685e3 5.084e3 5.424e3 6.069e3 6.223e3 5.998e3 6.385e3 6.925e3 7.805e3 9.083e3 9.483e3 9.077e3 8.969e3 9.476e3 10.25e3 9.652e3 9.908e3 9.416e3 9.636e3 9.595e3 9.562e3 9.440e3 9.540e3 9.947e3 10.47e3 10.12e3 10.16e3 12.16e3 12.38e3 12.87e3 12.48e3 13.02e3 14.04e3 14.09e3 13.91e3 13.15e3 12.87e3 12.64e3 13.51e3 13.68e3 13.26e3 13.41e3 14.35e3 13.66e3 14.51e3 13.58e3 16.91e3 15.75e3 16.43e3 16.09e3 14.67e3 15.67e3 15.10e3 15.48e3 16.65e3 15.14e3 15.61e3 15.14e3 15.18e3 14.21e3 15.11e3 14.43e3 14.07e3 14.83e3 15.01e3 14.89e3 15.01e3 15.77e3 14.88e3 14.42e3 15.06e3 15.37e3 15.29e3 15.59e3 16.78e3 16.73e3 16.81e3 16.97e3 18.05e3 18.57e3 20.11e3 19.16e3 18.68e3 18.68e3 19.64e3 
   16.0e6  1.431e3 1.798e3 2.248e3 3.009e3 3.468e3 4.020e3 4.563e3 4.722e3 5.162e3 5.502e3 6.136e3 6.311e3 6.073e3 6.452e3 7.011e3 7.868e3 9.117e3 9.534e3 9.178e3 9.104e3 9.619e3 10.36e3 9.769e3 10.06e3 9.587e3 9.823e3 9.767e3 9.766e3 9.650e3 9.774e3 10.18e3 10.69e3 10.32e3 10.37e3 12.38e3 12.50e3 13.00e3 12.61e3 13.17e3 14.18e3 14.26e3 14.11e3 13.35e3 13.09e3 12.89e3 13.78e3 13.95e3 13.53e3 13.64e3 14.59e3 13.93e3 14.78e3 13.92e3 17.19e3 15.99e3 16.67e3 16.35e3 14.90e3 15.97e3 15.39e3 15.76e3 16.98e3 15.49e3 15.97e3 15.42e3 15.53e3 14.59e3 15.51e3 14.79e3 14.32e3 15.23e3 15.34e3 15.25e3 15.37e3 16.17e3 15.30e3 14.83e3 15.40e3 15.74e3 15.65e3 15.92e3 17.12e3 17.12e3 17.07e3 17.33e3 18.41e3 18.88e3 20.33e3 19.49e3 19.04e3 19.03e3 19.92e3 
   17.0e6  1.447e3 1.816e3 2.263e3 3.031e3 3.484e3 4.047e3 4.611e3 4.751e3 5.229e3 5.567e3 6.192e3 6.385e3 6.139e3 6.512e3 7.088e3 7.922e3 9.134e3 9.564e3 9.264e3 9.222e3 9.743e3 10.46e3 9.870e3 10.19e3 9.739e3 9.988e3 9.920e3 9.949e3 9.839e3 9.986e3 10.38e3 10.88e3 10.50e3 10.56e3 12.58e3 12.60e3 13.12e3 12.72e3 13.31e3 14.30e3 14.40e3 14.29e3 13.53e3 13.29e3 13.12e3 14.02e3 14.20e3 13.78e3 13.85e3 14.81e3 14.18e3 15.03e3 14.24e3 17.44e3 16.22e3 16.89e3 16.59e3 15.11e3 16.25e3 15.65e3 16.01e3 17.28e3 15.81e3 16.30e3 15.67e3 15.85e3 14.94e3 15.87e3 15.11e3 14.56e3 15.60e3 15.64e3 15.57e3 15.69e3 16.54e3 15.68e3 15.20e3 15.70e3 16.07e3 15.98e3 16.21e3 17.43e3 17.47e3 17.29e3 17.67e3 18.73e3 19.16e3 20.51e3 19.78e3 19.36e3 19.34e3 20.18e3 
   18.0e6  1.459e3 1.831e3 2.275e3 3.049e3 3.495e3 4.068e3 4.650e3 4.774e3 5.286e3 5.620e3 6.239e3 6.448e3 6.199e3 6.566e3 7.157e3 7.969e3 9.137e3 9.578e3 9.339e3 9.326e3 9.849e3 10.53e3 9.958e3 10.31e3 9.873e3 10.13e3 10.05e3 10.11e3 10.01e3 10.18e3 10.57e3 11.05e3 10.66e3 10.73e3 12.74e3 12.68e3 13.21e3 12.81e3 13.42e3 14.39e3 14.53e3 14.43e3 13.69e3 13.47e3 13.32e3 14.23e3 14.41e3 14.00e3 14.03e3 15.01e3 14.40e3 15.25e3 14.54e3 17.66e3 16.41e3 17.07e3 16.80e3 15.31e3 16.49e3 15.89e3 16.24e3 17.54e3 16.10e3 16.59e3 15.91e3 16.15e3 15.27e3 16.21e3 15.41e3 14.79e3 15.93e3 15.92e3 15.87e3 15.98e3 16.87e3 16.03e3 15.54e3 15.99e3 16.37e3 16.27e3 16.48e3 17.70e3 17.79e3 17.49e3 17.97e3 19.03e3 19.41e3 20.67e3 20.04e3 19.66e3 19.62e3 20.41e3 
   20.0e6  1.471e3 1.853e3 2.292e3 3.073e3 3.510e3 4.097e3 4.706e3 4.803e3 5.376e3 5.697e3 6.307e3 6.545e3 6.302e3 6.659e3 7.274e3 8.045e3 9.109e3 9.566e3 9.455e3 9.495e3 10.02e3 10.63e3 10.10e3 10.50e3 10.10e3 10.38e3 10.28e3 10.39e3 10.30e3 10.50e3 10.88e3 11.34e3 10.94e3 11.03e3 12.99e3 12.78e3 13.35e3 12.96e3 13.60e3 14.51e3 14.72e3 14.66e3 13.96e3 13.77e3 13.67e3 14.58e3 14.77e3 14.39e3 14.34e3 15.35e3 14.79e3 15.62e3 15.08e3 18.00e3 16.75e3 17.39e3 17.16e3 15.67e3 16.91e3 16.28e3 16.63e3 17.98e3 16.60e3 17.09e3 16.33e3 16.67e3 15.84e3 16.79e3 15.93e3 15.20e3 16.51e3 16.40e3 16.39e3 16.48e3 17.44e3 16.64e3 16.14e3 16.49e3 16.90e3 16.77e3 16.94e3 18.18e3 18.34e3 17.82e3 18.49e3 19.55e3 19.82e3 20.90e3 20.49e3 20.16e3 20.11e3 20.82e3 
   22.5e6  1.472e3 1.869e3 2.305e3 3.086e3 3.514e3 4.112e3 4.740e3 4.816e3 5.452e3 5.751e3 6.354e3 6.620e3 6.402e3 6.751e3 7.386e3 8.110e3 9.031e3 9.499e3 9.553e3 9.646e3 10.15e3 10.69e3 10.22e3 10.67e3 10.30e3 10.60e3 10.49e3 10.66e3 10.58e3 10.82e3 11.18e3 11.62e3 11.23e3 11.34e3 13.21e3 12.84e3 13.45e3 13.10e3 13.76e3 14.59e3 14.86e3 14.85e3 14.21e3 14.06e3 14.01e3 14.91e3 15.12e3 14.77e3 14.65e3 15.68e3 15.19e3 15.97e3 15.62e3 18.28e3 17.06e3 17.68e3 17.50e3 16.05e3 17.32e3 16.67e3 17.01e3 18.40e3 17.09e3 17.57e3 16.76e3 17.22e3 16.43e3 17.38e3 16.46e3 15.66e3 17.09e3 16.91e3 16.93e3 16.98e3 18.01e3 17.25e3 16.75e3 17.01e3 17.44e3 17.26e3 17.41e3 18.67e3 18.90e3 18.16e3 19.02e3 20.08e3 20.21e3 21.11e3 20.92e3 20.67e3 20.59e3 21.23e3 
   25.0e6  1.459e3 1.875e3 2.309e3 3.085e3 3.508e3 4.111e3 4.745e3 4.812e3 5.496e3 5.770e3 6.369e3 6.657e3 6.477e3 6.821e3 7.466e3 8.148e3 8.925e3 9.393e3 9.609e3 9.746e3 10.23e3 10.70e3 10.30e3 10.78e3 10.45e3 10.76e3 10.63e3 10.86e3 10.79e3 11.05e3 11.39e3 11.83e3 11.45e3 11.58e3 13.33e3 12.85e3 13.51e3 13.20e3 13.85e3 14.60e3 14.93e3 14.96e3 14.39e3 14.27e3 14.27e3 15.14e3 15.36e3 15.06e3 14.88e3 15.93e3 15.49e3 16.23e3 16.04e3 18.44e3 17.29e3 17.87e3 17.75e3 16.36e3 17.63e3 16.96e3 17.30e3 18.69e3 17.47e3 17.93e3 17.11e3 17.66e3 16.90e3 17.84e3 16.89e3 16.05e3 17.55e3 17.32e3 17.36e3 17.37e3 18.45e3 17.74e3 17.23e3 17.45e3 17.87e3 17.65e3 17.78e3 19.06e3 19.34e3 18.42e3 19.43e3 20.50e3 20.49e3 21.26e3 21.25e3 21.05e3 20.96e3 21.55e3 
   27.5e6  1.438e3 1.874e3 2.307e3 3.073e3 3.494e3 4.097e3 4.729e3 4.795e3 5.517e3 5.765e3 6.360e3 6.665e3 6.533e3 6.873e3 7.522e3 8.166e3 8.805e3 9.266e3 9.634e3 9.804e3 10.26e3 10.67e3 10.35e3 10.84e3 10.54e3 10.86e3 10.73e3 10.99e3 10.95e3 11.22e3 11.55e3 11.97e3 11.62e3 11.77e3 13.38e3 12.81e3 13.53e3 13.27e3 13.91e3 14.58e3 14.95e3 15.01e3 14.51e3 14.42e3 14.45e3 15.29e3 15.52e3 15.28e3 15.06e3 16.11e3 15.72e3 16.42e3 16.36e3 18.50e3 17.44e3 18.00e3 17.93e3 16.61e3 17.86e3 17.17e3 17.52e3 18.89e3 17.76e3 18.18e3 17.38e3 17.99e3 17.27e3 18.20e3 17.22e3 16.40e3 17.90e3 17.65e3 17.70e3 17.67e3 18.79e3 18.11e3 17.62e3 17.80e3 18.21e3 17.96e3 18.08e3 19.36e3 19.67e3 18.64e3 19.76e3 20.83e3 20.70e3 21.36e3 21.49e3 21.35e3 21.25e3 21.80e3 
   30.0e6  1.411e3 1.866e3 2.299e3 3.054e3 3.474e3 4.074e3 4.697e3 4.770e3 5.519e3 5.741e3 6.333e3 6.650e3 6.571e3 6.910e3 7.557e3 8.166e3 8.680e3 9.128e3 9.634e3 9.831e3 10.25e3 10.62e3 10.36e3 10.87e3 10.59e3 10.91e3 10.79e3 11.09e3 11.06e3 11.33e3 11.65e3 12.07e3 11.76e3 11.92e3 13.39e3 12.76e3 13.53e3 13.32e3 13.94e3 14.53e3 14.92e3 15.01e3 14.59e3 14.52e3 14.58e3 15.39e3 15.62e3 15.44e3 15.19e3 16.23e3 15.89e3 16.54e3 16.59e3 18.48e3 17.53e3 18.07e3 18.05e3 16.81e3 18.02e3 17.31e3 17.68e3 19.01e3 17.96e3 18.36e3 17.60e3 18.24e3 17.57e3 18.47e3 17.48e3 16.69e3 18.16e3 17.92e3 17.96e3 17.90e3 19.03e3 18.40e3 17.91e3 18.09e3 18.47e3 18.20e3 18.33e3 19.60e3 19.92e3 18.82e3 20.01e3 21.09e3 20.85e3 21.43e3 21.66e3 21.57e3 21.46e3 21.99e3 
   32.5e6  1.380e3 1.854e3 2.287e3 3.029e3 3.450e3 4.045e3 4.654e3 4.739e3 5.507e3 5.704e3 6.291e3 6.618e3 6.595e3 6.933e3 7.575e3 8.152e3 8.554e3 8.985e3 9.615e3 9.832e3 10.22e3 10.55e3 10.36e3 10.87e3 10.62e3 10.93e3 10.82e3 11.14e3 11.13e3 11.40e3 11.72e3 12.13e3 11.86e3 12.04e3 13.37e3 12.68e3 13.51e3 13.35e3 13.95e3 14.47e3 14.86e3 14.97e3 14.63e3 14.58e3 14.66e3 15.43e3 15.68e3 15.55e3 15.28e3 16.32e3 16.02e3 16.61e3 16.75e3 18.41e3 17.59e3 18.09e3 18.12e3 16.95e3 18.12e3 17.40e3 17.79e3 19.07e3 18.11e3 18.48e3 17.77e3 18.42e3 17.79e3 18.67e3 17.68e3 16.94e3 18.36e3 18.14e3 18.16e3 18.07e3 19.21e3 18.61e3 18.14e3 18.32e3 18.67e3 18.40e3 18.54e3 19.78e3 20.11e3 18.97e3 20.21e3 21.28e3 20.96e3 21.48e3 21.77e3 21.72e3 21.60e3 22.13e3 
   35.0e6  1.347e3 1.838e3 2.272e3 3.000e3 3.421e3 4.011e3 4.604e3 4.704e3 5.485e3 5.657e3 6.240e3 6.574e3 6.608e3 6.946e3 7.580e3 8.126e3 8.430e3 8.842e3 9.581e3 9.813e3 10.16e3 10.46e3 10.33e3 10.84e3 10.62e3 10.93e3 10.82e3 11.17e3 11.17e3 11.44e3 11.75e3 12.16e3 11.93e3 12.12e3 13.33e3 12.60e3 13.48e3 13.37e3 13.94e3 14.39e3 14.78e3 14.91e3 14.64e3 14.61e3 14.70e3 15.44e3 15.69e3 15.62e3 15.35e3 16.36e3 16.11e3 16.64e3 16.84e3 18.30e3 17.60e3 18.07e3 18.16e3 17.06e3 18.19e3 17.45e3 17.86e3 19.09e3 18.20e3 18.55e3 17.90e3 18.54e3 17.96e3 18.82e3 17.83e3 17.15e3 18.51e3 18.32e3 18.31e3 18.20e3 19.32e3 18.76e3 18.31e3 18.51e3 18.82e3 18.56e3 18.71e3 19.92e3 20.23e3 19.10e3 20.37e3 21.43e3 21.04e3 21.52e3 21.84e3 21.83e3 21.71e3 22.23e3 
   37.5e6  1.312e3 1.820e3 2.254e3 2.969e3 3.390e3 3.973e3 4.548e3 4.665e3 5.454e3 5.603e3 6.180e3 6.520e3 6.611e3 6.950e3 7.572e3 8.092e3 8.310e3 8.701e3 9.535e3 9.778e3 10.09e3 10.37e3 10.30e3 10.80e3 10.60e3 10.90e3 10.81e3 11.17e3 11.19e3 11.45e3 11.76e3 12.16e3 11.97e3 12.18e3 13.27e3 12.51e3 13.44e3 13.38e3 13.92e3 14.31e3 14.68e3 14.83e3 14.63e3 14.61e3 14.72e3 15.41e3 15.67e3 15.66e3 15.39e3 16.38e3 16.16e3 16.64e3 16.89e3 18.15e3 17.58e3 18.03e3 18.16e3 17.14e3 18.21e3 17.47e3 17.89e3 19.07e3 18.26e3 18.58e3 17.99e3 18.61e3 18.08e3 18.91e3 17.93e3 17.33e3 18.62e3 18.46e3 18.42e3 18.28e3 19.39e3 18.86e3 18.44e3 18.65e3 18.92e3 18.69e3 18.85e3 20.02e3 20.31e3 19.22e3 20.48e3 21.53e3 21.10e3 21.54e3 21.86e3 21.89e3 21.76e3 22.30e3 
   40.0e6  1.277e3 1.799e3 2.234e3 2.935e3 3.357e3 3.933e3 4.488e3 4.625e3 5.416e3 5.544e3 6.114e3 6.459e3 6.606e3 6.946e3 7.556e3 8.050e3 8.195e3 8.565e3 9.479e3 9.731e3 10.01e3 10.27e3 10.25e3 10.74e3 10.56e3 10.85e3 10.78e3 11.14e3 11.19e3 11.43e3 11.74e3 12.15e3 12.00e3 12.22e3 13.20e3 12.41e3 13.40e3 13.38e3 13.89e3 14.23e3 14.56e3 14.73e3 14.60e3 14.59e3 14.71e3 15.36e3 15.63e3 15.68e3 15.42e3 16.37e3 16.19e3 16.61e3 16.90e3 17.98e3 17.54e3 17.96e3 18.14e3 17.18e3 18.20e3 17.45e3 17.90e3 19.02e3 18.28e3 18.58e3 18.05e3 18.63e3 18.16e3 18.96e3 18.00e3 17.48e3 18.69e3 18.57e3 18.49e3 18.34e3 19.41e3 18.93e3 18.52e3 18.75e3 18.99e3 18.79e3 18.97e3 20.09e3 20.36e3 19.32e3 20.57e3 21.60e3 21.14e3 21.55e3 21.86e3 21.92e3 21.79e3 22.33e3 
   45.0e6  1.208e3 1.754e3 2.191e3 2.865e3 3.285e3 3.848e3 4.362e3 4.541e3 5.326e3 5.417e3 5.971e3 6.322e3 6.576e3 6.919e3 7.500e3 7.949e3 7.978e3 8.309e3 9.347e3 9.607e3 9.815e3 10.06e3 10.12e3 10.58e3 10.45e3 10.72e3 10.67e3 11.06e3 11.14e3 11.35e3 11.67e3 12.07e3 12.01e3 12.25e3 13.05e3 12.22e3 13.30e3 13.38e3 13.82e3 14.06e3 14.30e3 14.50e3 14.49e3 14.50e3 14.63e3 15.21e3 15.49e3 15.65e3 15.41e3 16.28e3 16.18e3 16.49e3 16.82e3 17.60e3 17.40e3 17.77e3 18.03e3 17.20e3 18.12e3 17.36e3 17.84e3 18.86e3 18.23e3 18.49e3 18.10e3 18.58e3 18.23e3 18.96e3 18.06e3 17.69e3 18.76e3 18.71e3 18.53e3 18.37e3 19.37e3 18.96e3 18.59e3 18.87e3 19.04e3 18.94e3 19.14e3 20.14e3 20.35e3 19.49e3 20.67e3 21.65e3 21.17e3 21.54e3 21.77e3 21.89e3 21.76e3 22.33e3 
   50.0e6  1.142e3 1.706e3 2.144e3 2.793e3 3.209e3 3.759e3 4.234e3 4.454e3 5.223e3 5.284e3 5.819e3 6.174e3 6.525e3 6.871e3 7.422e3 7.832e3 7.778e3 8.075e3 9.196e3 9.459e3 9.609e3 9.850e3 9.969e3 10.40e3 10.30e3 10.55e3 10.54e3 10.93e3 11.05e3 11.21e3 11.55e3 11.95e3 11.97e3 12.23e3 12.88e3 12.03e3 13.19e3 13.36e3 13.73e3 13.89e3 14.01e3 14.24e3 14.34e3 14.37e3 14.49e3 15.01e3 15.29e3 15.56e3 15.34e3 16.14e3 16.10e3 16.32e3 16.65e3 17.19e3 17.20e3 17.53e3 17.87e3 17.15e3 17.96e3 17.19e3 17.72e3 18.63e3 18.11e3 18.33e3 18.07e3 18.42e3 18.19e3 18.87e3 18.02e3 17.81e3 18.76e3 18.77e3 18.49e3 18.33e3 19.24e3 18.89e3 18.57e3 18.89e3 19.00e3 19.02e3 19.25e3 20.12e3 20.25e3 19.62e3 20.70e3 21.62e3 21.16e3 21.49e3 21.62e3 21.78e3 21.66e3 22.25e3 
   55.0e6  1.080e3 1.657e3 2.096e3 2.721e3 3.131e3 3.670e3 4.108e3 4.367e3 5.112e3 5.150e3 5.664e3 6.022e3 6.460e3 6.809e3 7.330e3 7.706e3 7.593e3 7.864e3 9.034e3 9.296e3 9.400e3 9.643e3 9.802e3 10.20e3 10.14e3 10.37e3 10.38e3 10.76e3 10.93e3 11.04e3 11.40e3 11.80e3 11.89e3 12.17e3 12.72e3 11.85e3 13.08e3 13.34e3 13.64e3 13.72e3 13.71e3 13.97e3 14.15e3 14.20e3 14.31e3 14.78e3 15.06e3 15.42e3 15.23e3 15.95e3 15.98e3 16.10e3 16.42e3 16.77e3 16.97e3 17.26e3 17.68e3 17.04e3 17.76e3 16.99e3 17.55e3 18.37e3 17.93e3 18.13e3 17.99e3 18.20e3 18.09e3 18.71e3 17.92e3 17.87e3 18.73e3 18.78e3 18.38e3 18.23e3 19.04e3 18.76e3 18.48e3 18.84e3 18.91e3 19.06e3 19.30e3 20.03e3 20.08e3 19.72e3 20.67e3 21.52e3 21.12e3 21.42e3 21.41e3 21.61e3 21.49e3 22.12e3 
   60.0e6  1.024e3 1.608e3 2.048e3 2.651e3 3.052e3 3.581e3 3.986e3 4.282e3 4.997e3 5.018e3 5.509e3 5.869e3 6.383e3 6.736e3 7.227e3 7.573e3 7.420e3 7.672e3 8.867e3 9.124e3 9.194e3 9.442e3 9.626e3 9.995e3 9.960e3 10.17e3 10.20e3 10.59e3 10.78e3 10.85e3 11.24e3 11.63e3 11.79e3 12.08e3 12.57e3 11.68e3 12.97e3 13.30e3 13.54e3 13.56e3 13.41e3 13.69e3 13.95e3 14.01e3 14.12e3 14.54e3 14.81e3 15.26e3 15.09e3 15.74e3 15.82e3 15.87e3 16.16e3 16.35e3 16.73e3 16.98e3 17.46e3 16.90e3 17.52e3 16.75e3 17.35e3 18.09e3 17.71e3 17.90e3 17.87e3 17.93e3 17.94e3 18.50e3 17.78e3 17.87e3 18.67e3 18.75e3 18.22e3 18.10e3 18.80e3 18.58e3 18.33e3 18.73e3 18.78e3 19.07e3 19.32e3 19.90e3 19.88e3 19.78e3 20.61e3 21.39e3 21.06e3 21.32e3 21.16e3 21.40e3 21.29e3 21.95e3 
   65.0e6  992.3   1.577e3 1.998e3 2.583e3 2.995e3 3.512e3 3.909e3 4.221e3 4.899e3 4.918e3 5.403e3 5.755e3 6.304e3 6.658e3 7.111e3 7.442e3 7.358e3 7.534e3 8.716e3 8.963e3 9.043e3 9.290e3 9.510e3 9.828e3 9.817e3 10.01e3 10.08e3 10.46e3 10.65e3 10.73e3 11.12e3 11.46e3 11.68e3 11.96e3 12.31e3 11.52e3 12.85e3 13.20e3 13.43e3 13.39e3 13.22e3 13.51e3 13.82e3 13.86e3 13.99e3 14.38e3 14.62e3 15.13e3 15.01e3 15.59e3 15.70e3 15.70e3 15.89e3 15.98e3 16.54e3 16.77e3 17.32e3 16.79e3 17.37e3 16.62e3 17.22e3 17.87e3 17.56e3 17.76e3 17.73e3 17.74e3 17.82e3 18.36e3 17.71e3 17.83e3 18.55e3 18.71e3 18.12e3 18.04e3 18.67e3 18.45e3 18.27e3 18.66e3 18.67e3 19.02e3 19.25e3 19.83e3 19.74e3 19.76e3 20.43e3 21.16e3 20.95e3 21.18e3 21.03e3 21.29e3 21.18e3 21.82e3 
   70.0e6  972.6   1.549e3 1.937e3 2.505e3 2.934e3 3.438e3 3.844e3 4.157e3 4.785e3 4.817e3 5.303e3 5.638e3 6.192e3 6.545e3 6.953e3 7.275e3 7.339e3 7.397e3 8.533e3 8.768e3 8.879e3 9.129e3 9.385e3 9.646e3 9.655e3 9.828e3 9.953e3 10.34e3 10.48e3 10.59e3 11.00e3 11.25e3 11.50e3 11.78e3 11.94e3 11.33e3 12.66e3 12.99e3 13.26e3 13.18e3 13.05e3 13.33e3 13.68e3 13.70e3 13.86e3 14.23e3 14.42e3 14.98e3 14.90e3 15.43e3 15.54e3 15.52e3 15.56e3 15.57e3 16.32e3 16.56e3 17.16e3 16.64e3 17.20e3 16.50e3 17.07e3 17.61e3 17.39e3 17.63e3 17.52e3 17.55e3 17.66e3 18.19e3 17.61e3 17.71e3 18.33e3 18.59e3 18.00e3 17.97e3 18.57e3 18.28e3 18.19e3 18.56e3 18.52e3 18.88e3 19.05e3 19.72e3 19.59e3 19.59e3 20.10e3 20.77e3 20.72e3 20.94e3 20.87e3 21.18e3 21.05e3 21.64e3 
   80.0e6  903.0   1.465e3 1.817e3 2.348e3 2.796e3 3.273e3 3.670e3 3.990e3 4.538e3 4.581e3 5.063e3 5.376e3 5.939e3 6.287e3 6.617e3 6.926e3 7.131e3 7.097e3 8.138e3 8.356e3 8.500e3 8.777e3 9.050e3 9.227e3 9.282e3 9.425e3 9.612e3 9.993e3 10.10e3 10.26e3 10.66e3 10.80e3 11.10e3 11.35e3 11.36e3 10.91e3 12.22e3 12.51e3 12.83e3 12.68e3 12.62e3 12.90e3 13.28e3 13.27e3 13.45e3 13.81e3 13.93e3 14.54e3 14.55e3 14.97e3 15.11e3 15.04e3 14.94e3 14.83e3 15.79e3 16.03e3 16.68e3 16.23e3 16.70e3 16.08e3 16.61e3 16.99e3 16.92e3 17.18e3 17.01e3 17.06e3 17.21e3 17.70e3 17.24e3 17.34e3 17.77e3 18.21e3 17.63e3 17.64e3 18.16e3 17.84e3 17.87e3 18.17e3 18.09e3 18.45e3 18.58e3 19.32e3 19.10e3 19.16e3 19.59e3 20.12e3 20.22e3 20.38e3 20.42e3 20.75e3 20.61e3 21.14e3 
   90.0e6  827.6   1.381e3 1.722e3 2.221e3 2.674e3 3.131e3 3.503e3 3.835e3 4.329e3 4.369e3 4.843e3 5.146e3 5.723e3 6.063e3 6.336e3 6.636e3 6.852e3 6.844e3 7.801e3 8.013e3 8.162e3 8.479e3 8.726e3 8.850e3 8.952e3 9.073e3 9.285e3 9.662e3 9.767e3 9.947e3 10.30e3 10.41e3 10.74e3 10.98e3 11.00e3 10.56e3 11.82e3 12.09e3 12.42e3 12.23e3 12.21e3 12.50e3 12.87e3 12.85e3 13.04e3 13.39e3 13.50e3 14.11e3 14.17e3 14.52e3 14.69e3 14.57e3 14.48e3 14.28e3 15.30e3 15.53e3 16.19e3 15.82e3 16.19e3 15.63e3 16.13e3 16.41e3 16.43e3 16.70e3 16.54e3 16.59e3 16.74e3 17.18e3 16.81e3 16.94e3 17.23e3 17.80e3 17.26e3 17.27e3 17.70e3 17.41e3 17.50e3 17.72e3 17.65e3 18.02e3 18.14e3 18.89e3 18.61e3 18.75e3 19.31e3 19.68e3 19.80e3 19.90e3 19.98e3 20.27e3 20.14e3 20.64e3 
   100.e6  766.5   1.307e3 1.638e3 2.108e3 2.557e3 2.998e3 3.354e3 3.694e3 4.133e3 4.179e3 4.638e3 4.935e3 5.513e3 5.846e3 6.072e3 6.362e3 6.593e3 6.616e3 7.484e3 7.694e3 7.843e3 8.201e3 8.408e3 8.494e3 8.636e3 8.740e3 8.967e3 9.340e3 9.442e3 9.639e3 9.962e3 10.05e3 10.38e3 10.62e3 10.69e3 10.25e3 11.42e3 11.69e3 12.01e3 11.81e3 11.82e3 12.12e3 12.47e3 12.44e3 12.63e3 12.97e3 13.07e3 13.69e3 13.77e3 14.06e3 14.27e3 14.10e3 14.05e3 13.79e3 14.83e3 15.05e3 15.71e3 15.40e3 15.68e3 15.17e3 15.65e3 15.86e3 15.94e3 16.22e3 16.06e3 16.13e3 16.26e3 16.66e3 16.37e3 16.51e3 16.71e3 17.36e3 16.87e3 16.87e3 17.23e3 16.97e3 17.10e3 17.25e3 17.21e3 17.57e3 17.69e3 18.42e3 18.12e3 18.31e3 19.00e3 19.24e3 19.35e3 19.41e3 19.51e3 19.77e3 19.66e3 20.14e3 
   110.e6  716.3   1.241e3 1.562e3 2.007e3 2.447e3 2.875e3 3.221e3 3.563e3 3.953e3 4.008e3 4.447e3 4.741e3 5.312e3 5.636e3 5.825e3 6.106e3 6.352e3 6.405e3 7.187e3 7.398e3 7.544e3 7.938e3 8.102e3 8.163e3 8.335e3 8.430e3 8.663e3 9.031e3 9.129e3 9.340e3 9.633e3 9.703e3 10.04e3 10.27e3 10.41e3 9.972e3 11.05e3 11.30e3 11.61e3 11.42e3 11.44e3 11.74e3 12.08e3 12.04e3 12.24e3 12.57e3 12.67e3 13.27e3 13.36e3 13.62e3 13.85e3 13.66e3 13.65e3 13.36e3 14.37e3 14.59e3 15.24e3 14.99e3 15.19e3 14.72e3 15.18e3 15.34e3 15.47e3 15.75e3 15.59e3 15.68e3 15.79e3 16.15e3 15.93e3 16.08e3 16.21e3 16.91e3 16.47e3 16.47e3 16.75e3 16.54e3 16.70e3 16.78e3 16.78e3 17.13e3 17.25e3 17.94e3 17.65e3 17.86e3 18.67e3 18.80e3 18.90e3 18.91e3 19.04e3 19.27e3 19.17e3 19.65e3 
   120.e6  674.5   1.181e3 1.494e3 1.916e3 2.344e3 2.761e3 3.099e3 3.443e3 3.787e3 3.854e3 4.270e3 4.563e3 5.122e3 5.437e3 5.596e3 5.868e3 6.127e3 6.208e3 6.910e3 7.124e3 7.266e3 7.692e3 7.812e3 7.855e3 8.052e3 8.142e3 8.376e3 8.739e3 8.829e3 9.053e3 9.319e3 9.382e3 9.711e3 9.935e3 10.15e3 9.714e3 10.69e3 10.93e3 11.23e3 11.06e3 11.09e3 11.39e3 11.70e3 11.66e3 11.87e3 12.19e3 12.28e3 12.87e3 12.96e3 13.20e3 13.45e3 13.24e3 13.27e3 12.98e3 13.94e3 14.15e3 14.80e3 14.59e3 14.72e3 14.30e3 14.73e3 14.86e3 15.02e3 15.30e3 15.14e3 15.26e3 15.33e3 15.67e3 15.51e3 15.65e3 15.74e3 16.46e3 16.07e3 16.08e3 16.29e3 16.13e3 16.30e3 16.32e3 16.36e3 16.70e3 16.82e3 17.46e3 17.19e3 17.42e3 18.32e3 18.37e3 18.46e3 18.42e3 18.58e3 18.79e3 18.70e3 19.17e3 
   130.e6  639.3   1.128e3 1.433e3 1.834e3 2.248e3 2.654e3 2.989e3 3.331e3 3.635e3 3.714e3 4.106e3 4.399e3 4.942e3 5.248e3 5.383e3 5.647e3 5.916e3 6.021e3 6.652e3 6.871e3 7.007e3 7.459e3 7.537e3 7.570e3 7.787e3 7.875e3 8.105e3 8.463e3 8.546e3 8.780e3 9.022e3 9.082e3 9.398e3 9.617e3 9.921e3 9.476e3 10.35e3 10.58e3 10.86e3 10.72e3 10.76e3 11.05e3 11.34e3 11.31e3 11.52e3 11.83e3 11.91e3 12.48e3 12.56e3 12.79e3 13.06e3 12.84e3 12.92e3 12.63e3 13.54e3 13.75e3 14.37e3 14.21e3 14.28e3 13.89e3 14.30e3 14.42e3 14.58e3 14.87e3 14.72e3 14.86e3 14.90e3 15.21e3 15.10e3 15.23e3 15.30e3 16.03e3 15.67e3 15.69e3 15.84e3 15.74e3 15.91e3 15.89e3 15.97e3 16.29e3 16.40e3 16.99e3 16.76e3 16.99e3 17.98e3 17.96e3 18.02e3 17.95e3 18.12e3 18.31e3 18.24e3 18.70e3 
   140.e6  609.1   1.080e3 1.377e3 1.760e3 2.159e3 2.555e3 2.887e3 3.227e3 3.495e3 3.588e3 3.954e3 4.248e3 4.772e3 5.070e3 5.186e3 5.442e3 5.719e3 5.844e3 6.412e3 6.637e3 6.766e3 7.239e3 7.279e3 7.307e3 7.538e3 7.627e3 7.852e3 8.205e3 8.278e3 8.520e3 8.741e3 8.803e3 9.103e3 9.317e3 9.704e3 9.253e3 10.03e3 10.25e3 10.51e3 10.41e3 10.45e3 10.74e3 11.00e3 10.97e3 11.18e3 11.49e3 11.57e3 12.12e3 12.17e3 12.41e3 12.68e3 12.46e3 12.59e3 12.32e3 13.16e3 13.36e3 13.97e3 13.84e3 13.86e3 13.50e3 13.89e3 14.01e3 14.18e3 14.45e3 14.31e3 14.48e3 14.48e3 14.77e3 14.70e3 14.82e3 14.90e3 15.60e3 15.28e3 15.32e3 15.41e3 15.36e3 15.53e3 15.47e3 15.59e3 15.89e3 16.01e3 16.54e3 16.35e3 16.57e3 17.63e3 17.56e3 17.60e3 17.50e3 17.68e3 17.86e3 17.79e3 18.25e3 
   150.e6  583.0   1.036e3 1.326e3 1.692e3 2.077e3 2.462e3 2.793e3 3.130e3 3.367e3 3.472e3 3.813e3 4.109e3 4.612e3 4.902e3 5.003e3 5.251e3 5.534e3 5.674e3 6.189e3 6.421e3 6.543e3 7.030e3 7.037e3 7.063e3 7.305e3 7.398e3 7.614e3 7.962e3 8.025e3 8.274e3 8.476e3 8.543e3 8.823e3 9.034e3 9.501e3 9.044e3 9.729e3 9.942e3 10.18e3 10.12e3 10.17e3 10.44e3 10.68e3 10.65e3 10.87e3 11.17e3 11.24e3 11.77e3 11.80e3 12.05e3 12.33e3 12.11e3 12.29e3 12.03e3 12.80e3 13.01e3 13.60e3 13.49e3 13.46e3 13.14e3 13.51e3 13.63e3 13.79e3 14.06e3 13.93e3 14.13e3 14.09e3 14.37e3 14.33e3 14.43e3 14.52e3 15.20e3 14.90e3 14.96e3 15.00e3 15.01e3 15.17e3 15.08e3 15.24e3 15.52e3 15.64e3 16.10e3 15.96e3 16.17e3 17.29e3 17.19e3 17.19e3 17.06e3 17.26e3 17.42e3 17.37e3 17.83e3 
   160.e6  560.0   996.1   1.280e3 1.630e3 2.001e3 2.376e3 2.706e3 3.039e3 3.249e3 3.366e3 3.683e3 3.980e3 4.462e3 4.744e3 4.833e3 5.074e3 5.362e3 5.512e3 5.981e3 6.220e3 6.335e3 6.833e3 6.811e3 6.838e3 7.087e3 7.185e3 7.391e3 7.734e3 7.788e3 8.042e3 8.227e3 8.300e3 8.560e3 8.767e3 9.308e3 8.847e3 9.448e3 9.653e3 9.865e3 9.851e3 9.897e3 10.15e3 10.38e3 10.36e3 10.58e3 10.86e3 10.94e3 11.44e3 11.45e3 11.71e3 11.99e3 11.78e3 12.01e3 11.76e3 12.47e3 12.67e3 13.24e3 13.16e3 13.09e3 12.80e3 13.15e3 13.28e3 13.43e3 13.69e3 13.58e3 13.79e3 13.72e3 13.99e3 13.98e3 14.06e3 14.17e3 14.81e3 14.53e3 14.62e3 14.62e3 14.68e3 14.82e3 14.71e3 14.90e3 15.17e3 15.28e3 15.68e3 15.60e3 15.78e3 16.95e3 16.83e3 16.80e3 16.65e3 16.86e3 17.01e3 16.97e3 17.42e3 
   170.e6  539.7   959.4   1.237e3 1.573e3 1.931e3 2.296e3 2.625e3 2.953e3 3.141e3 3.269e3 3.561e3 3.861e3 4.321e3 4.596e3 4.675e3 4.910e3 5.200e3 5.357e3 5.787e3 6.034e3 6.142e3 6.645e3 6.599e3 6.629e3 6.884e3 6.988e3 7.183e3 7.521e3 7.564e3 7.822e3 7.991e3 8.074e3 8.313e3 8.515e3 9.124e3 8.660e3 9.185e3 9.382e3 9.571e3 9.601e3 9.645e3 9.888e3 10.09e3 10.08e3 10.31e3 10.57e3 10.65e3 11.13e3 11.11e3 11.39e3 11.67e3 11.47e3 11.75e3 11.51e3 12.16e3 12.36e3 12.91e3 12.85e3 12.75e3 12.48e3 12.81e3 12.95e3 13.09e3 13.35e3 13.24e3 13.48e3 13.38e3 13.64e3 13.64e3 13.70e3 13.85e3 14.44e3 14.18e3 14.29e3 14.25e3 14.36e3 14.49e3 14.36e3 14.58e3 14.84e3 14.95e3 15.29e3 15.26e3 15.41e3 16.62e3 16.49e3 16.43e3 16.26e3 16.48e3 16.62e3 16.59e3 17.03e3 
   180.e6  521.4   925.6   1.198e3 1.520e3 1.866e3 2.221e3 2.548e3 2.873e3 3.041e3 3.179e3 3.448e3 3.750e3 4.189e3 4.456e3 4.528e3 4.756e3 5.049e3 5.209e3 5.607e3 5.861e3 5.962e3 6.467e3 6.400e3 6.436e3 6.693e3 6.803e3 6.988e3 7.320e3 7.354e3 7.615e3 7.769e3 7.862e3 8.079e3 8.278e3 8.948e3 8.482e3 8.938e3 9.129e3 9.294e3 9.368e3 9.409e3 9.638e3 9.815e3 9.818e3 10.05e3 10.30e3 10.38e3 10.83e3 10.80e3 11.09e3 11.36e3 11.18e3 11.51e3 11.28e3 11.86e3 12.06e3 12.59e3 12.55e3 12.42e3 12.18e3 12.49e3 12.65e3 12.77e3 13.02e3 12.93e3 13.19e3 13.05e3 13.31e3 13.33e3 13.37e3 13.55e3 14.09e3 13.84e3 13.98e3 13.91e3 14.07e3 14.17e3 14.04e3 14.28e3 14.52e3 14.63e3 14.91e3 14.93e3 15.06e3 16.29e3 16.17e3 16.07e3 15.89e3 16.12e3 16.24e3 16.23e3 16.66e3 
   200.e6  489.6   865.3   1.128e3 1.427e3 1.750e3 2.085e3 2.409e3 2.725e3 2.864e3 3.018e3 3.245e3 3.550e3 3.947e3 4.202e3 4.263e3 4.480e3 4.775e3 4.932e3 5.279e3 5.549e3 5.637e3 6.137e3 6.041e3 6.089e3 6.346e3 6.471e3 6.634e3 6.954e3 6.971e3 7.233e3 7.361e3 7.478e3 7.652e3 7.845e3 8.614e3 8.151e3 8.489e3 8.667e3 8.788e3 8.946e3 8.978e3 9.178e3 9.316e3 9.343e3 9.582e3 9.797e3 9.889e3 10.29e3 10.22e3 10.55e3 10.80e3 10.65e3 11.06e3 10.85e3 11.33e3 11.53e3 12.01e3 12.00e3 11.84e3 11.64e3 11.92e3 12.09e3 12.20e3 12.41e3 12.36e3 12.65e3 12.46e3 12.71e3 12.75e3 12.75e3 13.00e3 13.45e3 13.21e3 13.40e3 13.27e3 13.52e3 13.58e3 13.44e3 13.73e3 13.94e3 14.05e3 14.22e3 14.34e3 14.42e3 15.67e3 15.56e3 15.40e3 15.20e3 15.44e3 15.55e3 15.55e3 15.97e3 
   225.e6  456.4   801.0   1.053e3 1.327e3 1.628e3 1.939e3 2.255e3 2.561e3 2.675e3 2.845e3 3.025e3 3.333e3 3.684e3 3.923e3 3.978e3 4.181e3 4.478e3 4.620e3 4.926e3 5.212e3 5.287e3 5.766e3 5.653e3 5.718e3 5.969e3 6.110e3 6.248e3 6.553e3 6.551e3 6.812e3 6.911e3 7.061e3 7.184e3 7.369e3 8.225e3 7.774e3 8.000e3 8.166e3 8.237e3 8.485e3 8.506e3 8.673e3 8.766e3 8.827e3 9.068e3 9.240e3 9.352e3 9.690e3 9.598e3 9.960e3 10.18e3 10.08e3 10.57e3 10.38e3 10.74e3 10.94e3 11.37e3 11.39e3 11.20e3 11.05e3 11.29e3 11.49e3 11.57e3 11.75e3 11.73e3 12.05e3 11.81e3 12.06e3 12.11e3 12.08e3 12.40e3 12.74e3 12.49e3 12.75e3 12.58e3 12.91e3 12.93e3 12.79e3 13.12e3 13.30e3 13.41e3 13.46e3 13.68e3 13.69e3 14.95e3 14.88e3 14.64e3 14.44e3 14.69e3 14.79e3 14.80e3 15.19e3 
   250.e6  428.0   746.1   989.8   1.243e3 1.526e3 1.814e3 2.119e3 2.415e3 2.516e3 2.696e3 2.838e3 3.147e3 3.456e3 3.683e3 3.734e3 3.926e3 4.224e3 4.343e3 4.623e3 4.922e3 4.987e3 5.436e3 5.321e3 5.403e3 5.644e3 5.798e3 5.916e3 6.204e3 6.187e3 6.443e3 6.518e3 6.701e3 6.778e3 6.956e3 7.860e3 7.433e3 7.577e3 7.735e3 7.762e3 8.082e3 8.095e3 8.232e3 8.287e3 8.382e3 8.622e3 8.749e3 8.885e3 9.166e3 9.064e3 9.452e3 9.629e3 9.586e3 10.13e3 9.951e3 10.23e3 10.43e3 10.81e3 10.85e3 10.65e3 10.54e3 10.74e3 10.97e3 11.02e3 11.17e3 11.19e3 11.52e3 11.26e3 11.51e3 11.56e3 11.49e3 11.88e3 12.12e3 11.85e3 12.17e3 11.98e3 12.37e3 12.35e3 12.23e3 12.57e3 12.74e3 12.84e3 12.80e3 13.10e3 13.06e3 14.28e3 14.26e3 13.96e3 13.77e3 14.02e3 14.11e3 14.14e3 14.50e3 
   275.e6  402.9   698.4   935.1   1.171e3 1.439e3 1.707e3 1.999e3 2.286e3 2.379e3 2.565e3 2.676e3 2.984e3 3.258e3 3.473e3 3.523e3 3.706e3 4.005e3 4.099e3 4.361e3 4.669e3 4.727e3 5.142e3 5.035e3 5.133e3 5.360e3 5.525e3 5.625e3 5.897e3 5.871e3 6.118e3 6.173e3 6.387e3 6.423e3 6.595e3 7.517e3 7.122e3 7.210e3 7.360e3 7.350e3 7.725e3 7.733e3 7.845e3 7.866e3 7.995e3 8.230e3 8.315e3 8.477e3 8.707e3 8.609e3 9.011e3 9.149e3 9.154e3 9.736e3 9.561e3 9.786e3 9.982e3 10.32e3 10.37e3 10.17e3 10.09e3 10.27e3 10.51e3 10.55e3 10.66e3 10.72e3 11.05e3 10.77e3 11.02e3 11.07e3 10.98e3 11.41e3 11.58e3 11.28e3 11.65e3 11.46e3 11.89e3 11.83e3 11.74e3 12.08e3 12.23e3 12.33e3 12.23e3 12.59e3 12.50e3 13.66e3 13.69e3 13.35e3 13.18e3 13.42e3 13.51e3 13.55e3 13.88e3 
   300.e6  380.3   656.6   887.1   1.108e3 1.365e3 1.614e3 1.891e3 2.169e3 2.259e3 2.448e3 2.535e3 2.841e3 3.085e3 3.289e3 3.339e3 3.513e3 3.814e3 3.885e3 4.133e3 4.447e3 4.500e3 4.879e3 4.787e3 4.898e3 5.110e3 5.283e3 5.370e3 5.623e3 5.593e3 5.829e3 5.867e3 6.109e3 6.110e3 6.277e3 7.193e3 6.837e3 6.887e3 7.031e3 6.991e3 7.404e3 7.410e3 7.501e3 7.495e3 7.655e3 7.882e3 7.927e3 8.115e3 8.301e3 8.220e3 8.625e3 8.724e3 8.774e3 9.372e3 9.201e3 9.388e3 9.580e3 9.881e3 9.933e3 9.753e3 9.700e3 9.849e3 10.10e3 10.13e3 10.21e3 10.30e3 10.63e3 10.35e3 10.59e3 10.63e3 10.53e3 10.99e3 11.10e3 10.78e3 11.19e3 11.00e3 11.45e3 11.37e3 11.30e3 11.64e3 11.78e3 11.88e3 11.74e3 12.12e3 12.01e3 13.09e3 13.17e3 12.80e3 12.65e3 12.89e3 12.98e3 13.02e3 13.32e3 
   325.e6  359.7   619.4   844.4   1.054e3 1.300e3 1.532e3 1.794e3 2.063e3 2.152e3 2.342e3 2.411e3 2.713e3 2.932e3 3.127e3 3.178e3 3.344e3 3.648e3 3.698e3 3.932e3 4.250e3 4.300e3 4.642e3 4.570e3 4.691e3 4.888e3 5.066e3 5.142e3 5.379e3 5.347e3 5.572e3 5.595e3 5.862e3 5.834e3 5.995e3 6.887e3 6.575e3 6.601e3 6.741e3 6.676e3 7.113e3 7.119e3 7.195e3 7.166e3 7.354e3 7.571e3 7.580e3 7.793e3 7.940e3 7.884e3 8.283e3 8.346e3 8.437e3 9.033e3 8.867e3 9.030e3 9.218e3 9.487e3 9.542e3 9.383e3 9.349e3 9.478e3 9.731e3 9.750e3 9.814e3 9.921e3 10.24e3 9.968e3 10.21e3 10.24e3 10.13e3 10.60e3 10.68e3 10.32e3 10.77e3 10.59e3 11.05e3 10.96e3 10.90e3 11.24e3 11.37e3 11.46e3 11.30e3 11.70e3 11.56e3 12.56e3 12.69e3 12.31e3 12.19e3 12.41e3 12.50e3 12.54e3 12.81e3 
   350.e6  340.6   586.1   806.1   1.006e3 1.243e3 1.461e3 1.707e3 1.967e3 2.056e3 2.246e3 2.301e3 2.597e3 2.796e3 2.983e3 3.034e3 3.194e3 3.501e3 3.535e3 3.754e3 4.072e3 4.122e3 4.429e3 4.379e3 4.509e3 4.690e3 4.869e3 4.938e3 5.157e3 5.128e3 5.342e3 5.352e3 5.640e3 5.588e3 5.744e3 6.599e3 6.334e3 6.346e3 6.482e3 6.398e3 6.847e3 6.856e3 6.921e3 6.873e3 7.085e3 7.289e3 7.266e3 7.503e3 7.618e3 7.592e3 7.978e3 8.008e3 8.135e3 8.716e3 8.553e3 8.705e3 8.888e3 9.132e3 9.187e3 9.051e3 9.034e3 9.145e3 9.394e3 9.412e3 9.460e3 9.581e3 9.891e3 9.630e3 9.859e3 9.883e3 9.784e3 10.25e3 10.30e3 9.916e3 10.39e3 10.23e3 10.69e3 10.59e3 10.55e3 10.86e3 10.99e3 11.08e3 10.92e3 11.32e3 11.17e3 12.07e3 12.24e3 11.86e3 11.77e3 11.98e3 12.07e3 12.10e3 12.36e3 
   375.e6  323.0   556.0   771.4   962.7   1.192e3 1.398e3 1.628e3 1.880e3 1.969e3 2.158e3 2.203e3 2.492e3 2.675e3 2.854e3 2.906e3 3.059e3 3.369e3 3.393e3 3.596e3 3.912e3 3.961e3 4.237e3 4.210e3 4.345e3 4.511e3 4.689e3 4.754e3 4.956e3 4.932e3 5.134e3 5.133e3 5.439e3 5.367e3 5.519e3 6.327e3 6.111e3 6.116e3 6.249e3 6.151e3 6.601e3 6.616e3 6.672e3 6.609e3 6.842e3 7.033e3 6.982e3 7.241e3 7.328e3 7.336e3 7.703e3 7.705e3 7.862e3 8.416e3 8.259e3 8.409e3 8.586e3 8.808e3 8.862e3 8.752e3 8.747e3 8.844e3 9.083e3 9.104e3 9.142e3 9.271e3 9.564e3 9.324e3 9.542e3 9.560e3 9.471e3 9.917e3 9.955e3 9.551e3 10.04e3 9.912e3 10.34e3 10.24e3 10.22e3 10.52e3 10.64e3 10.73e3 10.58e3 10.96e3 10.81e3 11.62e3 11.82e3 11.45e3 11.39e3 11.59e3 11.68e3 11.70e3 11.94e3 
   400.e6  306.6   528.8   739.8   924.3   1.146e3 1.342e3 1.556e3 1.799e3 1.889e3 2.076e3 2.115e3 2.397e3 2.566e3 2.739e3 2.791e3 2.939e3 3.251e3 3.268e3 3.454e3 3.765e3 3.816e3 4.063e3 4.058e3 4.197e3 4.349e3 4.524e3 4.586e3 4.772e3 4.755e3 4.945e3 4.936e3 5.256e3 5.168e3 5.316e3 6.072e3 5.904e3 5.908e3 6.039e3 5.929e3 6.372e3 6.394e3 6.447e3 6.371e3 6.622e3 6.799e3 6.724e3 7.002e3 7.066e3 7.110e3 7.453e3 7.431e3 7.613e3 8.132e3 7.982e3 8.136e3 8.306e3 8.512e3 8.564e3 8.480e3 8.483e3 8.570e3 8.796e3 8.822e3 8.854e3 8.985e3 9.260e3 9.044e3 9.249e3 9.264e3 9.188e3 9.606e3 9.645e3 9.223e3 9.723e3 9.621e3 10.03e3 9.931e3 9.919e3 10.19e3 10.32e3 10.41e3 10.27e3 10.63e3 10.49e3 11.20e3 11.42e3 11.07e3 11.04e3 11.22e3 11.31e3 11.33e3 11.56e3 
   450.e6  277.0   481.2   683.8   858.2   1.065e3 1.245e3 1.430e3 1.657e3 1.747e3 1.928e3 1.963e3 2.227e3 2.377e3 2.538e3 2.592e3 2.730e3 3.044e3 3.065e3 3.210e3 3.507e3 3.563e3 3.760e3 3.796e3 3.938e3 4.064e3 4.229e3 4.289e3 4.445e3 4.448e3 4.614e3 4.594e3 4.931e3 4.824e3 4.964e3 5.606e3 5.532e3 5.543e3 5.670e3 5.549e3 5.959e3 5.999e3 6.050e3 5.958e3 6.235e3 6.382e3 6.271e3 6.580e3 6.612e3 6.724e3 7.011e3 6.955e3 7.174e3 7.605e3 7.474e3 7.649e3 7.804e3 7.987e3 8.031e3 7.998e3 8.013e3 8.084e3 8.279e3 8.319e3 8.351e3 8.474e3 8.708e3 8.549e3 8.723e3 8.734e3 8.696e3 9.036e3 9.098e3 8.657e3 9.160e3 9.112e3 9.449e3 9.372e3 9.375e3 9.608e3 9.729e3 9.816e3 9.738e3 10.02e3 9.916e3 10.45e3 10.70e3 10.41e3 10.43e3 10.58e3 10.67e3 10.67e3 10.88e3 
   500.e6  251.4   441.2   635.6   802.9   996.0   1.166e3 1.325e3 1.534e3 1.624e3 1.797e3 1.835e3 2.081e3 2.220e3 2.371e3 2.425e3 2.555e3 2.868e3 2.906e3 3.007e3 3.285e3 3.347e3 3.506e3 3.576e3 3.716e3 3.821e3 3.971e3 4.033e3 4.162e3 4.189e3 4.333e3 4.308e3 4.650e3 4.537e3 4.670e3 5.196e3 5.208e3 5.231e3 5.355e3 5.234e3 5.594e3 5.653e3 5.711e3 5.612e3 5.901e3 6.019e3 5.888e3 6.215e3 6.230e3 6.400e3 6.629e3 6.556e3 6.794e3 7.125e3 7.022e3 7.222e3 7.362e3 7.532e3 7.569e3 7.581e3 7.600e3 7.663e3 7.822e3 7.878e3 7.923e3 8.023e3 8.219e3 8.118e3 8.257e3 8.270e3 8.277e3 8.524e3 8.626e3 8.186e3 8.674e3 8.676e3 8.933e3 8.886e3 8.891e3 9.088e3 9.208e3 9.291e3 9.287e3 9.490e3 9.427e3 9.797e3 10.05e3 9.842e3 9.899e3 10.02e3 10.11e3 10.10e3 10.29e3 
   550.e6  229.4   407.4   593.6   755.6   934.9   1.099e3 1.237e3 1.429e3 1.516e3 1.682e3 1.727e3 1.954e3 2.085e3 2.228e3 2.283e3 2.406e3 2.713e3 2.778e3 2.836e3 3.090e3 3.158e3 3.292e3 3.387e3 3.521e3 3.608e3 3.742e3 3.809e3 3.915e3 3.966e3 4.090e3 4.066e3 4.402e3 4.292e3 4.419e3 4.838e3 4.923e3 4.957e3 5.079e3 4.965e3 5.269e3 5.347e3 5.415e3 5.316e3 5.607e3 5.698e3 5.560e3 5.894e3 5.904e3 6.117e3 6.291e3 6.214e3 6.458e3 6.690e3 6.619e3 6.842e3 6.967e3 7.131e3 7.161e3 7.210e3 7.229e3 7.289e3 7.413e3 7.485e3 7.549e3 7.619e3 7.781e3 7.733e3 7.837e3 7.856e3 7.908e3 8.061e3 8.210e3 7.789e3 8.245e3 8.292e3 8.468e3 8.455e3 8.455e3 8.623e3 8.738e3 8.818e3 8.890e3 9.007e3 8.997e3 9.228e3 9.467e3 9.344e3 9.433e3 9.531e3 9.620e3 9.586e3 9.779e3 
   600.e6  210.7   378.6   556.6   714.3   880.1   1.040e3 1.161e3 1.338e3 1.420e3 1.579e3 1.634e3 1.841e3 1.968e3 2.103e3 2.161e3 2.278e3 2.573e3 2.669e3 2.688e3 2.919e3 2.991e3 3.107e3 3.219e3 3.345e3 3.419e3 3.537e3 3.608e3 3.697e3 3.769e3 3.877e3 3.859e3 4.179e3 4.080e3 4.202e3 4.527e3 4.668e3 4.713e3 4.832e3 4.732e3 4.977e3 5.072e3 5.151e3 5.060e3 5.342e3 5.411e3 5.276e3 5.606e3 5.621e3 5.858e3 5.986e3 5.916e3 6.154e3 6.296e3 6.262e3 6.500e3 6.611e3 6.773e3 6.797e3 6.875e3 6.891e3 6.951e3 7.043e3 7.127e3 7.213e3 7.252e3 7.384e3 7.382e3 7.455e3 7.482e3 7.574e3 7.642e3 7.833e3 7.447e3 7.861e3 7.943e3 8.046e3 8.065e3 8.055e3 8.202e3 8.312e3 8.388e3 8.529e3 8.569e3 8.609e3 8.730e3 8.945e3 8.903e3 9.013e3 9.089e3 9.175e3 9.130e3 9.323e3 
   650.e6  194.9   354.1   523.9   677.4   830.5   987.5   1.097e3 1.258e3 1.337e3 1.487e3 1.552e3 1.741e3 1.865e3 1.993e3 2.054e3 2.166e3 2.445e3 2.570e3 2.559e3 2.765e3 2.841e3 2.945e3 3.067e3 3.184e3 3.249e3 3.352e3 3.427e3 3.502e3 3.591e3 3.686e3 3.679e3 3.977e3 3.894e3 4.011e3 4.258e3 4.439e3 4.491e3 4.608e3 4.526e3 4.716e3 4.823e3 4.913e3 4.835e3 5.099e3 5.150e3 5.028e3 5.345e3 5.372e3 5.615e3 5.706e3 5.652e3 5.876e3 5.943e3 5.947e3 6.189e3 6.288e3 6.450e3 6.470e3 6.566e3 6.578e3 6.640e3 6.707e3 6.799e3 6.906e3 6.914e3 7.025e3 7.058e3 7.104e3 7.139e3 7.264e3 7.262e3 7.487e3 7.147e3 7.513e3 7.619e3 7.662e3 7.709e3 7.688e3 7.821e3 7.923e3 7.996e3 8.192e3 8.170e3 8.253e3 8.292e3 8.478e3 8.505e3 8.628e3 8.687e3 8.770e3 8.717e3 8.910e3 
   700.e6  181.9   333.3   494.9   644.0   785.4   939.7   1.041e3 1.189e3 1.264e3 1.406e3 1.480e3 1.651e3 1.772e3 1.895e3 1.960e3 2.067e3 2.325e3 2.472e3 2.445e3 2.626e3 2.705e3 2.801e3 2.927e3 3.033e3 3.094e3 3.184e3 3.262e3 3.328e3 3.430e3 3.515e3 3.521e3 3.791e3 3.729e3 3.842e3 4.027e3 4.230e3 4.287e3 4.401e3 4.340e3 4.481e3 4.596e3 4.694e3 4.634e3 4.874e3 4.911e3 4.810e3 5.104e3 5.150e3 5.382e3 5.448e3 5.415e3 5.618e3 5.629e3 5.670e3 5.905e3 5.993e3 6.156e3 6.173e3 6.278e3 6.287e3 6.351e3 6.400e3 6.496e3 6.618e3 6.603e3 6.699e3 6.755e3 6.781e3 6.824e3 6.970e3 6.920e3 7.165e3 6.878e3 7.192e3 7.312e3 7.313e3 7.379e3 7.348e3 7.473e3 7.567e3 7.637e3 7.870e3 7.804e3 7.919e3 7.906e3 8.063e3 8.142e3 8.271e3 8.316e3 8.395e3 8.341e3 8.533e3 
   800.e6  163.2   301.1   446.5   584.0   707.1   852.8   951.7   1.076e3 1.149e3 1.270e3 1.360e3 1.498e3 1.611e3 1.723e3 1.802e3 1.901e3 2.109e3 2.263e3 2.250e3 2.387e3 2.462e3 2.551e3 2.667e3 2.756e3 2.818e3 2.894e3 2.971e3 3.030e3 3.139e3 3.213e3 3.258e3 3.458e3 3.446e3 3.550e3 3.667e3 3.857e3 3.919e3 4.024e3 4.011e3 4.081e3 4.196e3 4.299e3 4.289e3 4.462e3 4.489e3 4.445e3 4.668e3 4.768e3 4.927e3 4.984e3 5.000e3 5.148e3 5.120e3 5.221e3 5.402e3 5.479e3 5.636e3 5.652e3 5.753e3 5.759e3 5.824e3 5.862e3 5.950e3 6.079e3 6.047e3 6.132e3 6.198e3 6.210e3 6.259e3 6.412e3 6.341e3 6.576e3 6.400e3 6.610e3 6.726e3 6.704e3 6.782e3 6.743e3 6.865e3 6.943e3 7.008e3 7.248e3 7.161e3 7.297e3 7.264e3 7.379e3 7.495e3 7.613e3 7.648e3 7.719e3 7.679e3 7.857e3 
   900.e6  153.0   279.0   409.2   530.0   644.1   772.4   882.7   989.5   1.074e3 1.168e3 1.264e3 1.373e3 1.473e3 1.576e3 1.675e3 1.767e3 1.918e3 2.010e3 2.088e3 2.188e3 2.251e3 2.331e3 2.424e3 2.499e3 2.577e3 2.653e3 2.723e3 2.789e3 2.878e3 2.951e3 3.045e3 3.164e3 3.208e3 3.306e3 3.417e3 3.527e3 3.590e3 3.683e3 3.721e3 3.764e3 3.856e3 3.944e3 3.998e3 4.088e3 4.125e3 4.152e3 4.279e3 4.445e3 4.479e3 4.575e3 4.639e3 4.723e3 4.761e3 4.893e3 4.974e3 5.051e3 5.188e3 5.210e3 5.279e3 5.290e3 5.350e3 5.410e3 5.473e3 5.565e3 5.569e3 5.667e3 5.694e3 5.729e3 5.768e3 5.872e3 5.890e3 6.043e3 5.968e3 6.084e3 6.157e3 6.204e3 6.249e3 6.229e3 6.355e3 6.423e3 6.484e3 6.635e3 6.626e3 6.710e3 6.760e3 6.872e3 6.922e3 7.010e3 7.050e3 7.114e3 7.114e3 7.253e3 
   1.00e9  142.9   259.1   378.3   486.9   594.4   709.0   818.7   916.5   1.002e3 1.083e3 1.173e3 1.271e3 1.361e3 1.456e3 1.556e3 1.643e3 1.769e3 1.824e3 1.938e3 2.026e3 2.081e3 2.153e3 2.234e3 2.302e3 2.382e3 2.459e3 2.522e3 2.589e3 2.663e3 2.734e3 2.839e3 2.928e3 2.986e3 3.077e3 3.192e3 3.263e3 3.323e3 3.409e3 3.459e3 3.502e3 3.579e3 3.654e3 3.725e3 3.787e3 3.829e3 3.876e3 3.967e3 4.143e3 4.136e3 4.245e3 4.318e3 4.379e3 4.454e3 4.581e3 4.622e3 4.698e3 4.819e3 4.844e3 4.897e3 4.912e3 4.966e3 5.035e3 5.087e3 5.155e3 5.180e3 5.281e3 5.288e3 5.335e3 5.367e3 5.442e3 5.505e3 5.613e3 5.568e3 5.656e3 5.707e3 5.788e3 5.814e3 5.809e3 5.928e3 5.992e3 6.049e3 6.151e3 6.182e3 6.235e3 6.321e3 6.437e3 6.447e3 6.520e3 6.563e3 6.622e3 6.638e3 6.755e3 
   1.10e9  132.6   240.7   351.7   452.8   552.9   659.6   761.7   853.0   933.0   1.009e3 1.093e3 1.184e3 1.268e3 1.357e3 1.451e3 1.531e3 1.649e3 1.701e3 1.808e3 1.889e3 1.941e3 2.010e3 2.085e3 2.149e3 2.224e3 2.296e3 2.356e3 2.419e3 2.488e3 2.555e3 2.653e3 2.736e3 2.791e3 2.877e3 2.983e3 3.051e3 3.107e3 3.187e3 3.235e3 3.276e3 3.348e3 3.419e3 3.486e3 3.544e3 3.584e3 3.629e3 3.714e3 3.877e3 3.872e3 3.974e3 4.042e3 4.101e3 4.171e3 4.290e3 4.329e3 4.400e3 4.513e3 4.537e3 4.587e3 4.602e3 4.654e3 4.719e3 4.768e3 4.832e3 4.856e3 4.950e3 4.958e3 5.003e3 5.034e3 5.105e3 5.164e3 5.265e3 5.223e3 5.307e3 5.355e3 5.431e3 5.456e3 5.454e3 5.565e3 5.625e3 5.679e3 5.774e3 5.804e3 5.854e3 5.935e3 6.042e3 6.053e3 6.122e3 6.163e3 6.219e3 6.235e3 6.345e3 
   1.20e9  123.8   225.0   329.0   423.6   517.4   617.3   713.0   798.7   873.9   945.5   1.025e3 1.110e3 1.189e3 1.273e3 1.361e3 1.436e3 1.547e3 1.596e3 1.695e3 1.772e3 1.822e3 1.887e3 1.957e3 2.018e3 2.089e3 2.156e3 2.213e3 2.272e3 2.338e3 2.402e3 2.493e3 2.571e3 2.624e3 2.704e3 2.804e3 2.867e3 2.921e3 2.996e3 3.042e3 3.081e3 3.149e3 3.216e3 3.279e3 3.335e3 3.372e3 3.416e3 3.495e3 3.648e3 3.645e3 3.740e3 3.805e3 3.860e3 3.926e3 4.038e3 4.075e3 4.142e3 4.248e3 4.271e3 4.319e3 4.335e3 4.383e3 4.445e3 4.492e3 4.552e3 4.576e3 4.665e3 4.673e3 4.716e3 4.746e3 4.813e3 4.869e3 4.963e3 4.925e3 5.005e3 5.051e3 5.122e3 5.147e3 5.146e3 5.251e3 5.307e3 5.358e3 5.448e3 5.476e3 5.524e3 5.600e3 5.701e3 5.712e3 5.777e3 5.817e3 5.870e3 5.886e3 5.989e3 
   1.30e9  116.0   211.0   308.6   397.4   485.5   579.3   669.1   749.7   820.6   888.2   962.7   1.043e3 1.117e3 1.196e3 1.279e3 1.350e3 1.454e3 1.501e3 1.594e3 1.667e3 1.713e3 1.775e3 1.841e3 1.898e3 1.966e3 2.030e3 2.083e3 2.139e3 2.202e3 2.262e3 2.347e3 2.421e3 2.471e3 2.547e3 2.641e3 2.701e3 2.752e3 2.823e3 2.866e3 2.904e3 2.968e3 3.032e3 3.091e3 3.144e3 3.180e3 3.221e3 3.296e3 3.439e3 3.438e3 3.527e3 3.589e3 3.641e3 3.703e3 3.809e3 3.844e3 3.907e3 4.007e3 4.029e3 4.075e3 4.091e3 4.137e3 4.195e3 4.240e3 4.297e3 4.320e3 4.403e3 4.412e3 4.453e3 4.482e3 4.546e3 4.599e3 4.687e3 4.652e3 4.729e3 4.772e3 4.840e3 4.863e3 4.864e3 4.963e3 5.016e3 5.064e3 5.149e3 5.176e3 5.221e3 5.293e3 5.388e3 5.400e3 5.461e3 5.499e3 5.549e3 5.565e3 5.663e3 
   1.40e9  109.1   198.7   290.8   374.6   457.8   546.2   631.0   707.2   774.3   838.2   908.7   984.7   1.055e3 1.130e3 1.208e3 1.275e3 1.373e3 1.417e3 1.506e3 1.574e3 1.619e3 1.678e3 1.740e3 1.794e3 1.858e3 1.919e3 1.970e3 2.023e3 2.082e3 2.140e3 2.220e3 2.290e3 2.338e3 2.409e3 2.498e3 2.555e3 2.604e3 2.671e3 2.713e3 2.749e3 2.810e3 2.870e3 2.926e3 2.977e3 3.011e3 3.051e3 3.122e3 3.256e3 3.256e3 3.341e3 3.399e3 3.449e3 3.508e3 3.608e3 3.641e3 3.702e3 3.795e3 3.817e3 3.861e3 3.876e3 3.921e3 3.976e3 4.019e3 4.072e3 4.095e3 4.174e3 4.183e3 4.223e3 4.251e3 4.311e3 4.361e3 4.445e3 4.413e3 4.486e3 4.527e3 4.591e3 4.614e3 4.616e3 4.709e3 4.760e3 4.806e3 4.886e3 4.912e3 4.955e3 5.024e3 5.113e3 5.125e3 5.183e3 5.219e3 5.268e3 5.283e3 5.376e3 
   1.50e9  103.2   188.0   275.3   354.6   433.4   517.1   597.5   669.7   733.5   794.4   861.3   933.4   1.000e3 1.071e3 1.145e3 1.209e3 1.302e3 1.344e3 1.428e3 1.493e3 1.536e3 1.592e3 1.651e3 1.703e3 1.763e3 1.821e3 1.870e3 1.921e3 1.977e3 2.032e3 2.108e3 2.175e3 2.220e3 2.288e3 2.372e3 2.427e3 2.474e3 2.537e3 2.577e3 2.612e3 2.670e3 2.727e3 2.781e3 2.829e3 2.862e3 2.900e3 2.968e3 3.094e3 3.095e3 3.176e3 3.231e3 3.279e3 3.336e3 3.430e3 3.462e3 3.519e3 3.608e3 3.629e3 3.671e3 3.687e3 3.729e3 3.782e3 3.823e3 3.874e3 3.897e3 3.971e3 3.981e3 4.018e3 4.046e3 4.103e3 4.151e3 4.231e3 4.201e3 4.271e3 4.310e3 4.371e3 4.393e3 4.397e3 4.485e3 4.532e3 4.576e3 4.653e3 4.678e3 4.719e3 4.784e3 4.869e3 4.881e3 4.937e3 4.972e3 5.018e3 5.033e3 5.122e3 
   1.60e9  97.91   178.5   261.5   336.9   411.8   491.4   567.8   636.6   697.4   755.5   819.2   887.9   951.5   1.019e3 1.089e3 1.151e3 1.238e3 1.279e3 1.359e3 1.421e3 1.462e3 1.516e3 1.572e3 1.621e3 1.679e3 1.734e3 1.781e3 1.830e3 1.884e3 1.936e3 2.009e3 2.072e3 2.116e3 2.180e3 2.261e3 2.313e3 2.358e3 2.418e3 2.456e3 2.490e3 2.545e3 2.600e3 2.651e3 2.698e3 2.729e3 2.766e3 2.830e3 2.951e3 2.952e3 3.029e3 3.082e3 3.128e3 3.182e3 3.272e3 3.303e3 3.357e3 3.442e3 3.462e3 3.503e3 3.518e3 3.558e3 3.609e3 3.648e3 3.697e3 3.719e3 3.790e3 3.800e3 3.836e3 3.863e3 3.917e3 3.964e3 4.039e3 4.012e3 4.079e3 4.116e3 4.174e3 4.196e3 4.200e3 4.284e3 4.330e3 4.372e3 4.445e3 4.469e3 4.509e3 4.571e3 4.652e3 4.664e3 4.716e3 4.750e3 4.794e3 4.810e3 4.894e3 
   1.70e9  93.21   170.1   249.3   321.1   392.6   468.5   541.4   607.1   665.2   720.7   781.6   847.2   908.0   972.4   1.040e3 1.098e3 1.182e3 1.221e3 1.297e3 1.357e3 1.396e3 1.447e3 1.501e3 1.548e3 1.604e3 1.657e3 1.701e3 1.748e3 1.800e3 1.850e3 1.920e3 1.980e3 2.022e3 2.084e3 2.160e3 2.211e3 2.254e3 2.312e3 2.348e3 2.381e3 2.433e3 2.487e3 2.535e3 2.580e3 2.610e3 2.646e3 2.707e3 2.822e3 2.824e3 2.897e3 2.948e3 2.992e3 3.044e3 3.130e3 3.159e3 3.212e3 3.292e3 3.312e3 3.351e3 3.366e3 3.405e3 3.454e3 3.492e3 3.539e3 3.560e3 3.628e3 3.638e3 3.673e3 3.698e3 3.751e3 3.795e3 3.867e3 3.842e3 3.906e3 3.942e3 3.998e3 4.019e3 4.024e3 4.104e3 4.147e3 4.188e3 4.258e3 4.281e3 4.319e3 4.379e3 4.456e3 4.468e3 4.519e3 4.551e3 4.594e3 4.609e3 4.690e3 
   1.80e9  89.01   162.5   238.3   306.9   375.3   447.9   517.6   580.5   636.3   689.5   747.8   810.6   868.9   930.7   994.9   1.051e3 1.131e3 1.169e3 1.241e3 1.299e3 1.336e3 1.386e3 1.437e3 1.483e3 1.536e3 1.587e3 1.630e3 1.675e3 1.725e3 1.773e3 1.840e3 1.898e3 1.938e3 1.997e3 2.070e3 2.118e3 2.160e3 2.216e3 2.251e3 2.282e3 2.333e3 2.384e3 2.430e3 2.473e3 2.503e3 2.537e3 2.596e3 2.705e3 2.708e3 2.778e3 2.827e3 2.870e3 2.919e3 3.002e3 3.030e3 3.081e3 3.158e3 3.177e3 3.214e3 3.230e3 3.267e3 3.314e3 3.350e3 3.395e3 3.416e3 3.481e3 3.491e3 3.525e3 3.550e3 3.600e3 3.643e3 3.712e3 3.688e3 3.750e3 3.784e3 3.838e3 3.859e3 3.864e3 3.941e3 3.983e3 4.022e3 4.089e3 4.111e3 4.148e3 4.205e3 4.279e3 4.291e3 4.340e3 4.371e3 4.412e3 4.427e3 4.505e3 
   2.00e9  81.79   149.5   219.3   282.5   345.6   412.4   476.8   534.8   586.4   635.7   689.6   747.6   801.5   858.5   917.8   969.8   1.044e3 1.079e3 1.146e3 1.199e3 1.234e3 1.280e3 1.327e3 1.370e3 1.419e3 1.466e3 1.506e3 1.548e3 1.594e3 1.639e3 1.701e3 1.755e3 1.792e3 1.846e3 1.914e3 1.959e3 1.998e3 2.049e3 2.082e3 2.112e3 2.159e3 2.206e3 2.249e3 2.289e3 2.317e3 2.349e3 2.404e3 2.504e3 2.508e3 2.572e3 2.618e3 2.657e3 2.704e3 2.780e3 2.806e3 2.853e3 2.924e3 2.942e3 2.978e3 2.992e3 3.027e3 3.071e3 3.105e3 3.146e3 3.167e3 3.227e3 3.236e3 3.268e3 3.292e3 3.339e3 3.379e3 3.443e3 3.421e3 3.479e3 3.511e3 3.561e3 3.581e3 3.587e3 3.657e3 3.696e3 3.733e3 3.795e3 3.816e3 3.850e3 3.903e3 3.972e3 3.984e3 4.029e3 4.058e3 4.096e3 4.111e3 4.183e3 
