# SRIM-2013 Electronic stopping power table for Z1=45
# Converted from a table provided by H.Hofsaess
# units of energy:         eV
# units of stopping power: eV A^2
#      \Z2 1       2       3       4       5       6       7       8       9       10      11      12      13      14      15      16      17      18      19      20      21      22      23      24      25      26      27      28      29      30      31      32      33      34      35      36      37      38      39      40      41      42      43      44      45      46      47      48      49      50      51      52      53      54      55      56      57      58      59      60      61      62      63      64      65      66      67      68      69      70      71      72      73      74      75      76      77      78      79      80      81      82      83      84      85      86      87      88      89      90      91      92      
# energy\  H       He      Li      Be      B       C       N       O       F       Ne      Na      Mg      Al      Si      P       S       Cl      Ar      K       Ca      Sc      Ti      V       Cr      Mn      Fe      Co      Ni      Cu      Zn      Ga      Ge      As      Se      Br      Kr      Rb      Sr      Y       Zr      Nb      Mo      Tc      Ru      Rh      Pd      Ag      Cd      In      Sn      Sb      Te      I       Xe      Cs      Ba      La      Ce      Pr      Nd      Pm      Sm      Eu      Gd      Tb      Dy      Ho      Er      Tm      Yb      Lu      Hf      Ta      W       Re      Os      Ir      Pt      Au      Hg      Tl      Pb      Bi      Po      At      Rn      Fr      Ra      Ac      Th      Pa      U       
   0.00    0.0     0.0     0.0     0.0     0.0     0.0     0.0     0.0     0.0     0.0     0.0     0.0     0.0     0.0     0.0     0.0     0.0     0.0     0.0     0.0     0.0     0.0     0.0     0.0     0.0     0.0     0.0     0.0     0.0     0.0     0.0     0.0     0.0     0.0     0.0     0.0     0.0     0.0     0.0     0.0     0.0     0.0     0.0     0.0     0.0     0.0     0.0     0.0     0.0     0.0     0.0     0.0     0.0     0.0     0.0     0.0     0.0     0.0     0.0     0.0     0.0     0.0     0.0     0.0     0.0     0.0     0.0     0.0     0.0     0.0     0.0     0.0     0.0     0.0     0.0     0.0     0.0     0.0     0.0     0.0     0.0     0.0     0.0     0.0     0.0     0.0     0.0     0.0     0.0     0.0     0.0     0.0     
   10.0    0.616   0.750   0.962   1.964   2.333   2.989   1.972   1.624   1.841   1.834   3.343   4.097   3.823   3.654   3.997   3.145   0.947   2.244   2.836   2.856   4.390   4.013   4.282   3.319   3.165   3.475   3.173   3.276   3.133   2.952   3.167   4.080   4.714   4.128   1.417   2.073   5.188   5.191   5.268   4.118   6.123   5.763   5.199   3.691   3.216   4.900   4.841   4.500   3.724   6.191   5.472   4.435   5.815   1.692   6.713   6.904   7.101   5.888   5.295   5.518   5.572   4.895   4.726   7.012   5.553   4.691   3.807   3.989   5.091   3.861   4.490   3.877   4.969   4.625   4.103   2.594   3.049   4.189   3.906   3.025   3.503   5.393   5.252   6.767   6.852   6.577   7.616   7.314   4.968   4.799   6.113   4.919   
   11.0    0.646   0.787   1.008   2.060   2.447   3.135   2.068   1.703   1.931   1.924   3.506   4.297   4.010   3.833   4.192   3.298   0.993   2.354   2.974   2.996   4.604   4.209   4.490   3.481   3.320   3.644   3.328   3.436   3.286   3.096   3.322   4.279   4.944   4.330   1.487   2.174   5.441   5.444   5.525   4.319   6.422   6.044   5.452   3.871   3.373   5.139   5.078   4.720   3.905   6.494   5.740   4.652   6.099   1.774   7.041   7.240   7.448   6.176   5.554   5.788   5.844   5.134   4.957   7.354   5.825   4.920   3.993   4.184   5.340   4.050   4.709   4.066   5.212   4.851   4.304   2.721   3.198   4.394   4.096   3.173   3.674   5.657   5.508   7.098   7.186   6.898   7.988   7.671   5.210   5.033   6.411   5.160   
   12.0    0.675   0.822   1.053   2.152   2.556   3.274   2.160   1.779   2.017   2.009   3.662   4.488   4.188   4.003   4.379   3.445   1.037   2.459   3.106   3.129   4.809   4.396   4.690   3.635   3.467   3.807   3.475   3.589   3.432   3.234   3.470   4.470   5.163   4.522   1.553   2.271   5.683   5.687   5.770   4.511   6.708   6.313   5.695   4.043   3.523   5.367   5.303   4.930   4.079   6.782   5.995   4.858   6.370   1.853   7.354   7.562   7.779   6.450   5.801   6.045   6.104   5.362   5.177   7.681   6.084   5.139   4.170   4.370   5.577   4.230   4.918   4.247   5.444   5.066   4.495   2.842   3.340   4.589   4.278   3.314   3.837   5.908   5.753   7.413   7.506   7.205   8.343   8.012   5.442   5.257   6.696   5.389   
   13.0    0.702   0.856   1.096   2.239   2.660   3.408   2.248   1.852   2.099   2.092   3.811   4.671   4.359   4.167   4.557   3.585   1.080   2.559   3.233   3.257   5.006   4.575   4.882   3.784   3.609   3.962   3.617   3.735   3.572   3.366   3.611   4.652   5.374   4.707   1.616   2.364   5.915   5.919   6.006   4.695   6.982   6.571   5.927   4.209   3.666   5.586   5.520   5.131   4.246   7.059   6.240   5.057   6.630   1.929   7.654   7.871   8.097   6.714   6.038   6.292   6.353   5.581   5.388   7.994   6.332   5.349   4.341   4.548   5.805   4.402   5.119   4.421   5.666   5.273   4.679   2.958   3.476   4.776   4.453   3.449   3.994   6.149   5.988   7.716   7.812   7.499   8.684   8.339   5.664   5.471   6.970   5.609   
   14.0    0.729   0.888   1.138   2.324   2.761   3.537   2.333   1.922   2.178   2.170   3.955   4.848   4.524   4.324   4.729   3.721   1.120   2.656   3.355   3.380   5.195   4.748   5.066   3.927   3.745   4.112   3.754   3.876   3.707   3.493   3.748   4.828   5.577   4.884   1.677   2.453   6.139   6.142   6.233   4.872   7.245   6.819   6.151   4.367   3.805   5.797   5.728   5.325   4.406   7.326   6.475   5.248   6.881   2.002   7.943   8.168   8.402   6.967   6.266   6.529   6.593   5.792   5.592   8.296   6.571   5.551   4.505   4.720   6.024   4.568   5.312   4.587   5.880   5.472   4.855   3.069   3.608   4.957   4.621   3.579   4.145   6.381   6.214   8.007   8.107   7.782   9.011   8.654   5.878   5.678   7.233   5.821   
   15.0    0.754   0.919   1.178   2.405   2.857   3.661   2.415   1.989   2.255   2.247   4.094   5.018   4.683   4.476   4.895   3.851   1.160   2.749   3.473   3.498   5.377   4.915   5.244   4.064   3.876   4.256   3.886   4.012   3.837   3.616   3.879   4.997   5.773   5.056   1.736   2.539   6.354   6.358   6.451   5.043   7.499   7.058   6.367   4.521   3.938   6.001   5.929   5.512   4.560   7.583   6.702   5.432   7.122   2.072   8.222   8.455   8.697   7.212   6.486   6.759   6.824   5.995   5.788   8.587   6.802   5.745   4.663   4.886   6.235   4.729   5.499   4.749   6.086   5.664   5.026   3.177   3.734   5.131   4.783   3.705   4.290   6.605   6.432   8.288   8.392   8.056   9.328   8.957   6.084   5.877   7.486   6.025   
   16.0    0.779   0.949   1.216   2.484   2.951   3.781   2.494   2.054   2.329   2.320   4.228   5.182   4.836   4.622   5.056   3.978   1.198   2.839   3.587   3.613   5.553   5.076   5.416   4.198   4.004   4.395   4.013   4.144   3.963   3.734   4.007   5.161   5.962   5.222   1.793   2.622   6.563   6.566   6.663   5.208   7.745   7.290   6.576   4.669   4.068   6.198   6.124   5.692   4.710   7.832   6.922   5.610   7.356   2.140   8.492   8.732   8.982   7.448   6.698   6.980   7.048   6.192   5.978   8.869   7.025   5.934   4.816   5.046   6.440   4.884   5.679   4.904   6.286   5.850   5.190   3.281   3.857   5.299   4.940   3.827   4.431   6.822   6.643   8.560   8.667   8.320   9.634   9.251   6.284   6.070   7.732   6.223   
   17.0    0.803   0.978   1.254   2.561   3.042   3.897   2.571   2.117   2.400   2.392   4.359   5.342   4.985   4.765   5.212   4.100   1.234   2.926   3.697   3.724   5.724   5.232   5.582   4.327   4.127   4.531   4.137   4.272   4.085   3.849   4.130   5.320   6.146   5.382   1.848   2.703   6.764   6.768   6.868   5.369   7.984   7.514   6.778   4.813   4.193   6.388   6.312   5.867   4.855   8.073   7.135   5.783   7.582   2.206   8.753   9.001   9.259   7.677   6.904   7.195   7.265   6.382   6.162   9.142   7.241   6.117   4.964   5.201   6.638   5.034   5.854   5.055   6.479   6.030   5.350   3.382   3.976   5.462   5.092   3.944   4.568   7.032   6.848   8.823   8.933   8.576   9.930   9.536   6.477   6.257   7.970   6.414   
   18.0    0.826   1.007   1.290   2.635   3.130   4.010   2.645   2.179   2.470   2.461   4.485   5.497   5.129   4.903   5.363   4.219   1.270   3.011   3.804   3.832   5.890   5.384   5.744   4.452   4.246   4.662   4.257   4.395   4.203   3.961   4.250   5.474   6.324   5.538   1.902   2.782   6.961   6.965   7.067   5.524   8.215   7.732   6.975   4.952   4.314   6.573   6.495   6.038   4.996   8.307   7.342   5.950   7.802   2.270   9.007   9.262   9.527   7.900   7.105   7.404   7.475   6.567   6.340   9.407   7.451   6.294   5.108   5.352   6.830   5.180   6.024   5.202   6.667   6.205   5.505   3.480   4.091   5.620   5.240   4.059   4.700   7.236   7.046   9.079   9.192   8.824   10.22   9.812   6.665   6.438   8.201   6.600   
   20.0    0.871   1.061   1.360   2.778   3.300   4.227   2.788   2.297   2.603   2.594   4.727   5.794   5.407   5.168   5.653   4.447   1.339   3.174   4.010   4.040   6.209   5.675   6.055   4.693   4.476   4.914   4.487   4.633   4.431   4.175   4.480   5.770   6.666   5.838   2.004   2.932   7.337   7.341   7.449   5.823   8.660   8.150   7.352   5.220   4.548   6.929   6.847   6.364   5.266   8.756   7.739   6.272   8.224   2.392   9.494   9.763   10.04   8.327   7.489   7.804   7.880   6.922   6.683   9.916   7.854   6.634   5.384   5.641   7.200   5.460   6.349   5.483   7.028   6.541   5.803   3.668   4.312   5.924   5.523   4.278   4.954   7.627   7.427   9.570   9.690   9.302   10.77   10.34   7.025   6.787   8.645   6.957   
   22.0    0.924   1.126   1.442   2.946   3.500   4.483   2.957   2.436   2.761   2.752   5.014   6.146   5.735   5.481   5.996   4.717   1.420   3.367   4.253   4.285   6.585   6.019   6.422   4.978   4.748   5.212   4.759   4.914   4.699   4.428   4.751   6.120   7.070   6.192   2.126   3.110   7.782   7.787   7.901   6.176   9.185   8.645   7.798   5.537   4.824   7.349   7.262   6.750   5.585   9.287   8.209   6.653   8.723   2.538   10.07   10.36   10.65   8.832   7.943   8.278   8.358   7.342   7.089   10.52   8.330   7.037   5.711   5.984   7.637   5.792   6.735   5.816   7.454   6.937   6.155   3.891   4.574   6.284   5.858   4.538   5.255   8.090   7.878   10.15   10.28   9.866   11.42   10.97   7.452   7.198   9.169   7.379   
   25.0    0.974   1.186   1.520   3.105   3.689   4.726   3.117   2.568   2.911   2.900   5.285   6.478   6.045   5.778   6.320   4.972   1.497   3.549   4.484   4.516   6.942   6.345   6.770   5.247   5.004   5.494   5.016   5.180   4.954   4.668   5.008   6.452   7.453   6.527   2.241   3.278   8.203   8.208   8.329   6.510   9.682   9.112   8.220   5.836   5.084   7.747   7.655   7.115   5.887   9.790   8.653   7.013   9.195   2.675   10.61   10.92   11.23   9.310   8.373   8.725   8.810   7.739   7.472   11.09   8.781   7.417   6.019   6.307   8.050   6.105   7.099   6.130   7.857   7.313   6.488   4.101   4.821   6.623   6.175   4.783   5.539   8.528   8.304   10.70   10.83   10.40   12.04   11.56   7.855   7.588   9.665   7.778   
   27.0    1.021   1.244   1.594   3.257   3.869   4.957   3.269   2.693   3.053   3.042   5.543   6.794   6.340   6.060   6.628   5.215   1.570   3.722   4.702   4.737   7.280   6.655   7.100   5.503   5.249   5.762   5.261   5.433   5.195   4.896   5.253   6.766   7.817   6.846   2.350   3.438   8.604   8.608   8.735   6.828   10.15   9.557   8.621   6.121   5.333   8.125   8.029   7.463   6.175   10.27   9.075   7.355   9.643   2.805   11.13   11.45   11.78   9.764   8.782   9.151   9.240   8.117   7.837   11.63   9.209   7.779   6.313   6.615   8.443   6.403   7.445   6.430   8.241   7.670   6.805   4.302   5.056   6.947   6.477   5.017   5.809   8.944   8.709   11.22   11.36   10.91   12.63   12.13   8.238   7.958   10.14   8.158   
   30.0    1.067   1.300   1.665   3.402   4.041   5.177   3.415   2.813   3.189   3.177   5.790   7.096   6.622   6.329   6.923   5.447   1.640   3.887   4.911   4.948   7.604   6.951   7.416   5.748   5.482   6.019   5.495   5.674   5.426   5.113   5.486   7.067   8.164   7.150   2.455   3.591   8.986   8.991   9.124   7.132   10.61   9.982   9.004   6.393   5.570   8.486   8.386   7.794   6.449   10.72   9.479   7.682   10.07   2.930   11.63   11.96   12.30   10.20   9.172   9.558   9.651   8.478   8.185   12.14   9.619   8.125   6.594   6.909   8.818   6.688   7.776   6.715   8.607   8.011   7.107   4.493   5.281   7.256   6.765   5.240   6.068   9.341   9.097   11.72   11.87   11.39   13.19   12.67   8.604   8.312   10.59   8.521   
   32.0    1.110   1.353   1.733   3.541   4.206   5.388   3.554   2.928   3.319   3.307   6.026   7.386   6.892   6.588   7.206   5.669   1.707   4.046   5.112   5.150   7.915   7.234   7.719   5.983   5.706   6.264   5.720   5.906   5.648   5.322   5.710   7.356   8.498   7.442   2.555   3.738   9.353   9.358   9.496   7.423   11.04   10.39   9.372   6.654   5.797   8.833   8.728   8.113   6.713   11.16   9.866   7.996   10.48   3.050   12.10   12.45   12.80   10.62   9.547   9.948   10.04   8.824   8.520   12.64   10.01   8.457   6.863   7.191   9.178   6.961   8.094   6.990   8.959   8.338   7.397   4.676   5.497   7.552   7.041   5.454   6.315   9.723   9.468   12.20   12.35   11.86   13.73   13.19   8.956   8.651   11.02   8.869   
   35.0    1.152   1.404   1.799   3.674   4.365   5.592   3.688   3.038   3.444   3.432   6.254   7.665   7.153   6.837   7.478   5.883   1.771   4.199   5.305   5.344   8.213   7.508   8.010   6.208   5.921   6.501   5.935   6.129   5.861   5.523   5.926   7.634   8.818   7.723   2.652   3.879   9.706   9.712   9.855   7.703   11.46   10.78   9.726   6.906   6.016   9.166   9.057   8.419   6.966   11.58   10.24   8.297   10.88   3.165   12.56   12.92   13.29   11.02   9.907   10.32   10.42   9.157   8.841   13.12   10.39   8.776   7.122   7.463   9.524   7.223   8.400   7.253   9.297   8.652   7.677   4.853   5.704   7.837   7.307   5.660   6.554   10.09   9.826   12.66   12.82   12.31   14.25   13.68   9.294   8.978   11.44   9.204   
   37.0    1.193   1.453   1.862   3.803   4.518   5.788   3.818   3.145   3.565   3.552   6.473   7.934   7.404   7.077   7.740   6.090   1.833   4.346   5.491   5.531   8.502   7.771   8.291   6.426   6.129   6.729   6.144   6.344   6.067   5.717   6.134   7.901   9.128   7.994   2.745   4.015   10.05   10.05   10.20   7.974   11.86   11.16   10.07   7.148   6.227   9.488   9.375   8.715   7.211   11.99   10.60   8.589   11.26   3.276   13.00   13.37   13.75   11.40   10.25   10.69   10.79   9.479   9.152   13.58   10.75   9.084   7.372   7.725   9.859   7.477   8.694   7.508   9.623   8.956   7.946   5.023   5.905   8.112   7.563   5.858   6.784   10.44   10.17   13.10   13.27   12.74   14.75   14.16   9.620   9.293   11.84   9.527   
   40.0    1.232   1.501   1.923   3.928   4.666   5.978   3.943   3.248   3.682   3.669   6.686   8.194   7.646   7.309   7.994   6.289   1.894   4.489   5.671   5.713   8.780   8.026   8.563   6.637   6.330   6.950   6.345   6.552   6.266   5.904   6.335   8.161   9.427   8.256   2.835   4.146   10.38   10.38   10.54   8.235   12.25   11.53   10.40   7.382   6.431   9.799   9.683   9.000   7.447   12.38   10.94   8.870   11.63   3.383   13.43   13.81   14.20   11.78   10.59   11.04   11.14   9.790   9.452   14.02   11.11   9.382   7.614   7.978   10.18   7.722   8.980   7.754   9.939   9.250   8.207   5.188   6.098   8.378   7.811   6.050   7.006   10.79   10.50   13.53   13.70   13.15   15.23   14.63   9.935   9.598   12.23   9.839   
   45.0    1.307   1.592   2.040   4.166   4.949   6.341   4.182   3.445   3.905   3.891   7.091   8.691   8.110   7.752   8.479   6.671   2.008   4.761   6.015   6.059   9.313   8.513   9.082   7.040   6.714   7.371   6.730   6.950   6.646   6.263   6.719   8.656   9.999   8.757   3.007   4.398   11.01   11.01   11.17   8.735   12.99   12.23   11.03   7.830   6.821   10.39   10.27   9.546   7.899   13.13   11.61   9.408   12.34   3.589   14.24   14.64   15.06   12.49   11.23   11.71   11.82   10.38   10.03   14.87   11.78   9.951   8.076   8.462   10.80   8.191   9.524   8.225   10.54   9.811   8.705   5.503   6.468   8.886   8.285   6.417   7.431   11.44   11.14   14.36   14.53   13.95   16.16   15.51   10.54   10.18   12.97   10.44   
   50.0    1.377   1.678   2.150   4.392   5.217   6.684   4.408   3.631   4.116   4.102   7.475   9.161   8.549   8.171   8.938   7.032   2.117   5.019   6.341   6.387   9.817   8.973   9.574   7.420   7.077   7.770   7.094   7.326   7.005   6.601   7.083   9.124   10.54   9.231   3.169   4.636   11.60   11.61   11.78   9.207   13.69   12.89   11.62   8.254   7.190   10.96   10.83   10.06   8.326   13.84   12.24   9.917   13.00   3.783   15.01   15.44   15.88   13.17   11.84   12.34   12.46   10.95   10.57   15.68   12.42   10.49   8.513   8.920   11.38   8.634   10.04   8.670   11.11   10.34   9.175   5.800   6.818   9.367   8.733   6.765   7.833   12.06   11.74   15.13   15.32   14.71   17.03   16.35   11.11   10.73   13.67   11.00   
   55.0    1.444   1.760   2.255   4.606   5.472   7.010   4.624   3.809   4.317   4.302   7.840   9.608   8.966   8.570   9.374   7.375   2.220   5.264   6.650   6.699   10.30   9.411   10.04   7.783   7.423   8.149   7.441   7.683   7.347   6.924   7.428   9.569   11.05   9.681   3.324   4.862   12.17   12.17   12.35   9.657   14.36   13.52   12.19   8.657   7.541   11.49   11.35   10.55   8.733   14.52   12.83   10.40   13.64   3.967   15.74   16.19   16.65   13.81   12.42   12.94   13.07   11.48   11.08   16.44   13.02   11.00   8.928   9.355   11.94   9.055   10.53   9.093   11.65   10.85   9.623   6.083   7.151   9.824   9.159   7.095   8.216   12.65   12.32   15.87   16.07   15.43   17.86   17.15   11.65   11.25   14.34   11.54   
   60.0    1.509   1.838   2.355   4.811   5.715   7.322   4.829   3.978   4.509   4.493   8.188   10.04   9.365   8.951   9.791   7.703   2.319   5.498   6.946   6.997   10.75   9.830   10.49   8.129   7.753   8.512   7.771   8.025   7.674   7.231   7.759   9.995   11.55   10.11   3.472   5.078   12.71   12.72   12.90   10.09   15.00   14.12   12.73   9.041   7.877   12.00   11.86   11.02   9.121   15.17   13.40   10.86   14.24   4.144   16.44   16.91   17.39   14.42   12.97   13.52   13.65   11.99   11.58   17.17   13.60   11.49   9.325   9.771   12.47   9.458   11.00   9.497   12.17   11.33   10.05   6.354   7.469   10.26   9.567   7.410   8.581   13.21   12.86   16.58   16.78   16.11   18.66   17.91   12.17   11.75   14.97   12.05   
   65.0    1.570   1.913   2.451   5.007   5.948   7.620   5.026   4.140   4.693   4.677   8.523   10.45   9.747   9.317   10.19   8.017   2.414   5.722   7.230   7.283   11.19   10.23   10.92   8.461   8.069   8.859   8.089   8.353   7.987   7.527   8.076   10.40   12.02   10.52   3.614   5.286   13.23   13.23   13.43   10.50   15.61   14.69   13.25   9.411   8.198   12.49   12.34   11.47   9.493   15.79   13.95   11.31   14.83   4.313   17.12   17.60   18.10   15.01   13.50   14.07   14.21   12.48   12.05   17.88   14.16   11.96   9.706   10.17   12.98   9.844   11.45   9.885   12.67   11.79   10.46   6.613   7.774   10.68   9.957   7.713   8.931   13.75   13.39   17.25   17.47   16.77   19.42   18.65   12.67   12.23   15.58   12.54   
   70.0    1.630   1.985   2.544   5.196   6.173   7.908   5.216   4.297   4.871   4.853   8.844   10.84   10.12   9.668   10.58   8.320   2.505   5.938   7.502   7.557   11.62   10.62   11.33   8.780   8.374   9.194   8.394   8.668   8.289   7.811   8.380   10.80   12.47   10.92   3.750   5.485   13.73   13.73   13.94   10.89   16.20   15.25   13.75   9.766   8.508   12.96   12.81   11.91   9.852   16.38   14.48   11.73   15.39   4.476   17.76   18.27   18.79   15.58   14.01   14.60   14.74   12.95   12.50   18.55   14.69   12.41   10.07   10.55   13.47   10.22   11.88   10.26   13.15   12.24   10.86   6.863   8.067   11.08   10.33   8.004   9.268   14.27   13.90   17.90   18.13   17.40   20.15   19.35   13.14   12.70   16.17   13.02   
   80.0    1.742   2.122   2.719   5.555   6.599   8.454   5.576   4.593   5.207   5.188   9.455   11.59   10.81   10.34   11.31   8.894   2.678   6.348   8.020   8.079   12.42   11.35   12.11   9.386   8.952   9.828   8.974   9.266   8.861   8.350   8.959   11.54   13.33   11.68   4.009   5.864   14.67   14.68   14.90   11.65   17.32   16.30   14.70   10.44   9.095   13.86   13.69   12.73   10.53   17.51   15.48   12.54   16.45   4.785   18.99   19.53   20.09   16.65   14.98   15.61   15.76   13.84   13.37   19.83   15.71   13.27   10.77   11.28   14.40   10.92   12.70   10.97   14.06   13.08   11.61   7.337   8.624   11.85   11.05   8.557   9.908   15.25   14.85   19.14   19.38   18.60   21.54   20.69   14.05   13.57   17.29   13.91   
   90.0    1.848   2.251   2.884   5.892   6.999   8.967   5.915   4.872   5.523   5.503   10.03   12.29   11.47   10.96   11.99   9.434   2.840   6.733   8.507   8.569   13.17   12.04   12.84   9.956   9.495   10.42   9.518   9.828   9.399   8.857   9.502   12.24   14.14   12.38   4.252   6.220   15.56   15.57   15.80   12.35   18.37   17.29   15.60   11.07   9.647   14.70   14.52   13.50   11.17   18.57   16.42   13.31   17.45   5.075   20.14   20.71   21.30   17.66   15.89   16.56   16.72   14.68   14.18   21.03   16.66   14.07   11.42   11.97   15.27   11.58   13.47   11.63   14.91   13.87   12.31   7.782   9.147   12.57   11.72   9.076   10.51   16.18   15.76   20.30   20.55   19.73   22.85   21.94   14.90   14.40   18.34   14.76   
   100.    1.948   2.373   3.040   6.211   7.378   9.452   6.235   5.136   5.821   5.801   10.57   12.96   12.09   11.56   12.64   9.944   2.994   7.097   8.967   9.033   13.88   12.69   13.54   10.49   10.01   10.99   10.03   10.36   9.907   9.336   10.02   12.90   14.91   13.05   4.482   6.556   16.41   16.42   16.66   13.02   19.36   18.22   16.44   11.67   10.17   15.49   15.31   14.23   11.77   19.58   17.31   14.03   18.39   5.350   21.23   21.83   22.46   18.62   16.75   17.45   17.62   15.48   14.94   22.17   17.56   14.83   12.04   12.61   16.10   12.21   14.20   12.26   15.71   14.63   12.98   8.203   9.642   13.25   12.35   9.567   11.08   17.06   16.61   21.40   21.67   20.80   24.08   23.13   15.71   15.18   19.33   15.56   
   110.    2.043   2.489   3.189   6.514   7.738   9.913   6.539   5.386   6.106   6.084   11.09   13.59   12.68   12.12   13.26   10.43   3.140   7.444   9.405   9.474   14.56   13.31   14.20   11.01   10.50   11.52   10.52   10.87   10.39   9.791   10.51   13.53   15.63   13.69   4.701   6.876   17.21   17.22   17.47   13.66   20.31   19.11   17.24   12.24   10.67   16.25   16.06   14.93   12.35   20.53   18.15   14.71   19.29   5.611   22.27   22.90   23.55   19.53   17.56   18.30   18.48   16.23   15.67   23.25   18.42   15.56   12.63   13.23   16.89   12.81   14.89   12.86   16.48   15.34   13.61   8.603   10.11   13.89   12.95   10.03   11.62   17.89   17.42   22.44   22.72   21.81   25.26   24.26   16.48   15.92   20.27   16.32   
   120.    2.134   2.599   3.331   6.804   8.082   10.35   6.830   5.626   6.377   6.354   11.58   14.19   13.24   12.66   13.85   10.89   3.280   7.775   9.823   9.895   15.21   13.90   14.83   11.50   10.96   12.04   10.99   11.35   10.85   10.23   10.97   14.13   16.33   14.30   4.910   7.182   17.97   17.98   18.25   14.26   21.21   19.96   18.01   12.79   11.14   16.97   16.77   15.59   12.90   21.45   18.96   15.36   20.14   5.860   23.26   23.91   24.60   20.40   18.34   19.12   19.30   16.96   16.37   24.29   19.24   16.25   13.19   13.82   17.64   13.38   15.55   13.43   17.21   16.02   14.21   8.986   10.56   14.51   13.53   10.48   12.14   18.68   18.19   23.44   23.73   22.78   26.38   25.34   17.21   16.62   21.17   17.04   
   130.    2.221   2.706   3.467   7.082   8.412   10.78   7.108   5.855   6.637   6.614   12.05   14.77   13.78   13.18   14.41   11.34   3.414   8.092   10.22   10.30   15.83   14.47   15.44   11.97   11.41   12.53   11.44   11.81   11.30   10.64   11.42   14.71   17.00   14.88   5.110   7.475   18.71   18.72   18.99   14.85   22.08   20.78   18.74   13.31   11.59   17.67   17.46   16.23   13.43   22.32   19.73   15.99   20.97   6.100   24.20   24.89   25.60   21.23   19.09   19.90   20.09   17.65   17.04   25.28   20.02   16.91   13.73   14.38   18.36   13.92   16.19   13.98   17.92   16.68   14.79   9.353   10.99   15.10   14.08   10.91   12.63   19.45   18.94   24.40   24.70   23.71   27.46   26.37   17.91   17.30   22.04   17.74   
   140.    2.305   2.808   3.597   7.349   8.730   11.18   7.377   6.076   6.888   6.864   12.51   15.33   14.31   13.67   14.96   11.77   3.543   8.398   10.61   10.69   16.43   15.02   16.02   12.42   11.84   13.00   11.87   12.26   11.72   11.05   11.85   15.27   17.64   15.45   5.303   7.757   19.41   19.42   19.71   15.41   22.91   21.56   19.45   13.81   12.03   18.33   18.11   16.84   13.93   23.17   20.48   16.59   21.76   6.330   25.12   25.83   26.57   22.03   19.81   20.65   20.85   18.31   17.68   26.23   20.78   17.55   14.24   14.93   19.05   14.45   16.80   14.51   18.59   17.30   15.35   9.706   11.41   15.67   14.61   11.32   13.11   20.18   19.65   25.32   25.64   24.61   28.50   27.37   18.59   17.96   22.87   18.41   
   150.    2.385   2.906   3.724   7.607   9.036   11.58   7.636   6.290   7.130   7.105   12.95   15.87   14.81   14.15   15.48   12.18   3.667   8.693   10.98   11.06   17.00   15.54   16.58   12.85   12.26   13.46   12.29   12.69   12.13   11.43   12.27   15.80   18.26   15.99   5.489   8.030   20.09   20.10   20.40   15.95   23.72   22.32   20.13   14.30   12.45   18.98   18.75   17.43   14.42   23.98   21.19   17.18   22.52   6.552   26.00   26.74   27.50   22.80   20.51   21.37   21.58   18.96   18.30   27.16   21.51   18.17   14.74   15.45   19.72   14.95   17.39   15.02   19.25   17.91   15.89   10.05   11.81   16.22   15.13   11.72   13.57   20.89   20.34   26.21   26.54   25.47   29.50   28.33   19.24   18.59   23.67   19.05   
   160.    2.464   3.002   3.846   7.856   9.332   11.96   7.886   6.496   7.364   7.338   13.37   16.39   15.29   14.62   15.99   12.58   3.787   8.978   11.34   11.43   17.56   16.05   17.13   13.27   12.66   13.90   12.69   13.10   12.53   11.81   12.67   16.32   18.85   16.51   5.669   8.293   20.75   20.76   21.07   16.47   24.49   23.05   20.79   14.76   12.86   19.60   19.37   18.00   14.89   24.77   21.89   17.74   23.26   6.767   26.85   27.61   28.40   23.55   21.18   22.07   22.29   19.58   18.90   28.05   22.21   18.76   15.23   15.96   20.36   15.44   17.96   15.51   19.88   18.50   16.41   10.38   12.20   16.76   15.62   12.10   14.01   21.57   21.01   27.07   27.41   26.31   30.46   29.25   19.87   19.20   24.45   19.68   
   170.    2.539   3.094   3.964   8.098   9.620   12.32   8.129   6.696   7.590   7.563   13.78   16.89   15.76   15.07   16.48   12.97   3.904   9.254   11.69   11.78   18.10   16.55   17.65   13.68   13.05   14.33   13.08   13.51   12.92   12.17   13.06   16.82   19.43   17.02   5.844   8.548   21.39   21.40   21.72   16.98   25.25   23.76   21.43   15.22   13.26   20.20   19.96   18.55   15.35   25.53   22.56   18.29   23.98   6.975   27.68   28.46   29.28   24.28   21.83   22.75   22.97   20.18   19.49   28.91   22.90   19.34   15.70   16.45   20.99   15.92   18.51   15.99   20.49   19.07   16.92   10.70   12.57   17.27   16.10   12.47   14.44   22.24   21.65   27.90   28.25   27.12   31.40   30.16   20.48   19.79   25.20   20.28   
   180.    2.613   3.184   4.079   8.333   9.899   12.68   8.365   6.890   7.810   7.783   14.18   17.38   16.22   15.50   16.96   13.34   4.017   9.522   12.03   12.12   18.63   17.03   18.16   14.08   13.43   14.74   13.46   13.90   13.29   12.53   13.44   17.31   20.00   17.51   6.013   8.796   22.01   22.02   22.35   17.47   25.98   24.45   22.06   15.66   13.64   20.79   20.54   19.09   15.80   26.27   23.22   18.82   24.67   7.177   28.48   29.29   30.13   24.98   22.47   23.41   23.64   20.77   20.05   29.75   23.56   19.90   16.15   16.92   21.60   16.38   19.05   16.45   21.08   19.62   17.41   11.01   12.94   17.77   16.57   12.83   14.86   22.88   22.28   28.71   29.07   27.91   32.31   31.03   21.08   20.36   25.93   20.87   
   200.    2.754   3.356   4.300   8.784   10.43   13.37   8.817   7.263   8.233   8.204   14.95   18.32   17.10   16.34   17.88   14.06   4.234   10.04   12.68   12.77   19.63   17.95   19.15   14.84   14.15   15.54   14.19   14.65   14.01   13.20   14.17   18.25   21.08   18.46   6.339   9.272   23.20   23.22   23.56   18.41   27.38   25.77   23.25   16.51   14.38   21.91   21.65   20.13   16.65   27.69   24.47   19.83   26.01   7.566   30.02   30.87   31.76   26.33   23.68   24.68   24.92   21.89   21.13   31.36   24.84   20.98   17.03   17.84   22.77   17.27   20.08   17.34   22.22   20.68   18.35   11.60   13.64   18.73   17.47   13.53   15.67   24.12   23.49   30.26   30.64   29.41   34.06   32.71   22.22   21.46   27.34   22.00   
   225.    2.922   3.559   4.561   9.316   11.07   14.18   9.352   7.703   8.732   8.701   15.86   19.43   18.14   17.33   18.96   14.92   4.491   10.65   13.45   13.55   20.82   19.04   20.31   15.74   15.01   16.48   15.05   15.54   14.86   14.00   15.02   19.35   22.36   19.58   6.723   9.834   24.61   24.62   24.99   19.53   29.04   27.34   24.66   17.51   15.25   23.24   22.96   21.35   17.66   29.37   25.96   21.04   27.58   8.025   31.84   32.75   33.68   27.93   25.12   26.18   26.43   23.22   22.42   33.26   26.34   22.25   18.06   18.92   24.15   18.31   21.30   18.39   23.57   21.94   19.46   12.30   14.46   19.87   18.53   14.35   16.62   25.58   24.91   32.10   32.50   31.20   36.13   34.69   23.56   22.76   29.00   23.34   
   250.    3.080   3.752   4.807   9.820   11.67   14.94   9.858   8.120   9.204   9.172   16.71   20.49   19.12   18.27   19.99   15.72   4.734   11.22   14.18   14.28   21.95   20.06   21.41   16.59   15.83   17.37   15.86   16.38   15.66   14.76   15.84   20.40   23.57   20.64   7.087   10.37   25.94   25.96   26.34   20.59   30.62   28.82   25.99   18.46   16.08   24.50   24.21   22.50   18.62   30.96   27.36   22.18   29.08   8.459   33.57   34.52   35.51   29.44   26.48   27.59   27.86   24.47   23.63   35.06   27.77   23.46   19.04   19.95   25.46   19.31   22.45   19.39   24.85   23.12   20.52   12.97   15.25   20.95   19.53   15.13   17.52   26.97   26.26   33.84   34.26   32.89   38.08   36.57   24.84   23.99   30.56   24.60   
   275.    3.230   3.935   5.042   10.30   12.23   15.67   10.34   8.516   9.654   9.620   17.53   21.49   20.05   19.16   20.96   16.49   4.965   11.77   14.87   14.98   23.02   21.04   22.45   17.40   16.60   18.22   16.64   17.18   16.43   15.48   16.61   21.40   24.72   21.65   7.433   10.87   27.21   27.22   27.62   21.59   32.11   30.22   27.26   19.36   16.86   25.69   25.39   23.60   19.53   32.47   28.70   23.26   30.50   8.872   35.20   36.20   37.24   30.88   27.77   28.94   29.22   25.67   24.78   36.77   29.12   24.60   19.96   20.92   26.70   20.25   23.54   20.33   26.06   24.25   21.52   13.60   15.99   21.97   20.48   15.86   18.37   28.28   27.54   35.49   35.93   34.49   39.94   38.35   26.05   25.17   32.06   25.80   
   300.    3.373   4.110   5.266   10.76   12.78   16.37   10.80   8.895   10.08   10.05   18.31   22.44   20.94   20.02   21.89   17.22   5.186   12.29   15.53   15.65   24.05   21.98   23.45   18.18   17.34   19.03   17.38   17.94   17.16   16.17   17.35   22.35   25.82   22.61   7.763   11.36   28.42   28.43   28.85   22.55   33.54   31.57   28.47   20.22   17.61   26.84   26.52   24.65   20.39   33.91   29.97   24.29   31.85   9.266   36.77   37.81   38.89   32.25   29.00   30.23   30.52   26.81   25.88   38.40   30.42   25.69   20.85   21.85   27.88   21.15   24.59   21.24   27.22   25.33   22.48   14.21   16.70   22.94   21.39   16.57   19.19   29.54   28.77   37.07   37.53   36.03   41.71   40.06   27.21   26.28   33.48   26.95   
   325.    3.511   4.278   5.481   11.20   13.30   17.04   11.24   9.258   10.49   10.46   19.06   23.36   21.80   20.83   22.79   17.93   5.398   12.80   16.17   16.28   25.03   22.88   24.41   18.92   18.04   19.81   18.09   18.68   17.86   16.83   18.06   23.26   26.87   23.53   8.080   11.82   29.58   29.59   30.03   23.47   34.91   32.85   29.64   21.04   18.33   27.93   27.60   25.65   21.23   35.30   31.20   25.28   33.15   9.644   38.27   39.36   40.48   33.57   30.19   31.46   31.76   27.90   26.94   39.97   31.66   26.74   21.70   22.74   29.02   22.01   25.60   22.10   28.33   26.37   23.39   14.79   17.38   23.88   22.27   17.25   19.97   30.75   29.94   38.58   39.06   37.50   43.42   41.69   28.32   27.36   34.85   28.05   
   350.    3.644   4.439   5.688   11.62   13.80   17.68   11.66   9.608   10.89   10.85   19.78   24.24   22.62   21.62   23.65   18.60   5.601   13.28   16.78   16.90   25.97   23.74   25.33   19.63   18.72   20.56   18.77   19.38   18.53   17.47   18.74   24.14   27.89   24.42   8.385   12.27   30.69   30.71   31.16   24.36   36.23   34.09   30.75   21.84   19.02   28.99   28.64   26.62   22.03   36.63   32.38   26.24   34.40   10.01   39.72   40.84   42.01   34.83   31.33   32.65   32.96   28.96   27.96   41.48   32.85   27.75   22.52   23.60   30.12   22.84   26.56   22.94   29.40   27.36   24.28   15.35   18.04   24.78   23.11   17.90   20.72   31.91   31.07   40.04   40.54   38.91   45.06   43.27   29.39   28.39   36.16   29.10   
   375.    3.772   4.595   5.888   12.03   14.29   18.30   12.07   9.945   11.27   11.23   20.47   25.09   23.41   22.38   24.48   19.26   5.798   13.74   17.36   17.49   26.88   24.57   26.22   20.32   19.38   21.28   19.43   20.06   19.19   18.08   19.40   24.99   28.86   25.28   8.680   12.70   31.77   31.79   32.26   25.21   37.50   35.29   31.83   22.60   19.69   30.00   29.65   27.56   22.80   37.91   33.51   27.16   35.61   10.36   41.11   42.28   43.49   36.06   32.43   33.79   34.12   29.97   28.94   42.94   34.01   28.73   23.31   24.43   31.18   23.64   27.49   23.74   30.43   28.32   25.13   15.89   18.67   25.65   23.92   18.53   21.45   33.03   32.16   41.44   41.96   40.28   46.64   44.79   30.42   29.39   37.43   30.13   
   400.    3.895   4.746   6.081   12.42   14.76   18.90   12.47   10.27   11.64   11.60   21.14   25.91   24.18   23.11   25.28   19.89   5.988   14.19   17.93   18.07   27.77   25.38   27.08   20.99   20.02   21.98   20.07   20.72   19.81   18.67   20.03   25.81   29.81   26.11   8.964   13.11   32.81   32.83   33.32   26.04   38.73   36.45   32.88   23.35   20.34   30.99   30.62   28.46   23.55   39.16   34.61   28.05   36.78   10.70   42.46   43.66   44.91   37.24   33.49   34.90   35.24   30.96   29.89   44.34   35.12   29.67   24.08   25.23   32.20   24.42   28.40   24.52   31.43   29.25   25.95   16.41   19.28   26.49   24.70   19.13   22.16   34.11   33.22   42.80   43.33   41.60   48.17   46.26   31.42   30.35   38.66   31.11   
   450.    4.132   5.034   6.450   13.18   15.65   20.05   13.23   10.89   12.35   12.31   22.42   27.48   25.65   24.51   26.81   21.10   6.351   15.06   19.02   19.16   29.45   26.92   28.72   22.26   21.23   23.31   21.28   21.98   21.02   19.80   21.25   27.37   31.62   27.69   9.508   13.91   34.80   34.82   35.34   27.62   41.08   38.66   34.87   24.76   21.57   32.87   32.48   30.19   24.98   41.53   36.71   29.75   39.01   11.35   45.03   46.31   47.64   39.50   35.52   37.02   37.38   32.84   31.70   47.03   37.25   31.47   25.54   26.76   34.15   25.90   30.12   26.01   33.34   31.02   27.53   17.40   20.45   28.10   26.20   20.29   23.50   36.18   35.23   45.40   45.96   44.12   51.09   49.06   33.32   32.19   41.01   33.00   
   500.    4.355   5.306   6.799   13.89   16.50   21.14   13.94   11.48   13.02   12.97   23.64   28.97   27.03   25.84   28.26   22.24   6.695   15.87   20.05   20.20   31.04   28.38   30.27   23.47   22.38   24.57   22.43   23.17   22.15   20.88   22.40   28.85   33.33   29.19   10.02   14.66   36.69   36.71   37.25   29.12   43.30   40.75   36.76   26.10   22.74   34.65   34.23   31.82   26.33   43.78   38.70   31.36   41.12   11.96   47.47   48.82   50.21   41.64   37.44   39.02   39.40   34.61   33.42   49.58   39.27   33.17   26.92   28.21   36.00   27.30   31.75   27.42   35.14   32.70   29.02   18.34   21.56   29.62   27.62   21.39   24.77   38.14   37.14   47.85   48.45   46.51   53.85   51.72   35.13   33.93   43.22   34.79   
   550.    4.568   5.565   7.130   14.57   17.30   22.17   14.62   12.04   13.65   13.60   24.79   30.38   28.35   27.10   29.64   23.32   7.022   16.64   21.03   21.18   32.56   29.76   31.75   24.61   23.47   25.77   23.53   24.30   23.23   21.89   23.49   30.26   34.96   30.61   10.51   15.38   38.48   38.50   39.07   30.54   45.41   42.74   38.55   27.37   23.85   36.34   35.90   33.37   27.61   45.92   40.59   32.89   43.13   12.55   49.79   51.20   52.66   43.67   39.27   40.93   41.32   36.30   35.05   52.00   41.19   34.79   28.23   29.58   37.76   28.63   33.30   28.75   36.85   34.30   30.43   19.24   22.61   31.07   28.96   22.44   25.98   40.00   38.95   50.19   50.81   48.78   56.48   54.24   36.84   35.59   45.33   36.48   
   600.    4.771   5.812   7.447   15.21   18.07   23.15   15.27   12.58   14.26   14.21   25.89   31.74   29.61   28.31   30.96   24.36   7.334   17.39   21.96   22.13   34.01   31.08   33.16   25.71   24.52   26.92   24.58   25.38   24.27   22.87   24.54   31.61   36.51   31.98   10.98   16.06   40.19   40.21   40.80   31.89   47.43   44.64   40.27   28.59   24.91   37.95   37.50   34.86   28.84   47.96   42.39   34.35   45.04   13.10   52.00   53.47   55.01   45.61   41.02   42.75   43.16   37.92   36.61   54.31   43.02   36.34   29.49   30.90   39.44   29.91   34.78   30.03   38.49   35.82   31.78   20.09   23.62   32.45   30.25   23.43   27.14   41.78   40.68   52.42   53.07   50.95   58.99   56.65   38.48   37.17   47.35   38.11   
   650.    4.966   6.050   7.752   15.83   18.81   24.10   15.90   13.09   14.84   14.79   26.95   33.03   30.82   29.46   32.23   25.35   7.633   18.10   22.86   23.03   35.39   32.35   34.52   26.75   25.52   28.02   25.58   26.41   25.26   23.80   25.54   32.90   38.00   33.28   11.43   16.72   41.83   41.85   42.47   33.20   49.37   46.46   41.91   29.76   25.93   39.50   39.03   36.28   30.02   49.92   44.12   35.76   46.88   13.64   54.12   55.66   57.25   47.47   42.69   44.49   44.92   39.46   38.10   56.53   44.77   37.82   30.69   32.16   41.05   31.13   36.20   31.26   40.06   37.29   33.08   20.91   24.58   33.77   31.49   24.39   28.24   43.48   42.34   54.56   55.24   53.03   61.40   58.97   40.05   38.69   49.28   39.66   
   700.    5.153   6.278   8.044   16.43   19.52   25.01   16.50   13.59   15.40   15.35   27.97   34.28   31.99   30.57   33.44   26.31   7.922   18.78   23.72   23.90   36.73   33.57   35.82   27.76   26.48   29.07   26.54   27.41   26.21   24.70   26.50   34.14   39.44   34.54   11.86   17.35   43.41   43.43   44.07   34.45   51.23   48.22   43.49   30.88   26.90   40.99   40.51   37.65   31.15   51.80   45.79   37.11   48.65   14.15   56.17   57.76   59.41   49.26   44.30   46.17   46.62   40.95   39.54   58.66   46.46   39.25   31.85   33.38   42.59   32.30   37.56   32.44   41.58   38.69   34.33   21.70   25.51   35.05   32.68   25.31   29.31   45.12   43.94   56.62   57.33   55.03   63.72   61.19   41.56   40.15   51.14   41.16   
   800.    5.509   6.712   8.600   17.57   20.87   26.73   17.63   14.53   16.47   16.41   29.90   36.65   34.20   32.69   35.75   28.13   8.468   20.07   25.36   25.55   39.27   35.89   38.29   29.68   28.31   31.08   28.38   29.30   28.02   26.41   28.33   36.50   42.16   36.92   12.68   18.54   46.40   46.43   47.11   36.83   54.77   51.55   46.50   33.01   28.76   43.82   43.30   40.25   33.30   55.38   48.95   39.67   52.01   15.13   60.04   61.75   63.51   52.67   47.36   49.36   49.84   43.78   42.27   62.71   49.67   41.96   34.05   35.68   45.54   34.53   40.16   34.68   44.45   41.37   36.70   23.20   27.27   37.47   34.93   27.06   31.33   48.24   46.98   60.53   61.28   58.83   68.12   65.42   44.43   42.92   54.67   44.00   
   900.    5.843   7.119   9.121   18.63   22.13   28.36   18.70   15.41   17.46   17.40   31.71   38.87   36.27   34.67   37.92   29.83   8.982   21.29   26.90   27.10   41.65   38.07   40.62   31.48   30.03   32.97   30.10   31.08   29.72   28.01   30.05   38.71   44.72   39.16   13.45   19.67   49.22   49.25   49.97   39.06   58.09   54.67   49.32   35.02   30.51   46.48   45.93   42.69   35.32   58.74   51.92   42.08   55.17   16.05   63.69   65.49   67.37   55.86   50.24   52.35   52.86   46.44   44.83   66.52   52.68   44.50   36.12   37.84   48.30   36.63   42.59   36.78   47.14   43.88   38.93   24.61   28.93   39.74   37.05   28.70   33.23   51.17   49.82   64.20   65.00   62.40   72.25   69.38   47.13   45.53   57.99   46.67   
   1.00e3  6.159   7.504   9.615   19.64   23.33   29.89   19.72   16.24   18.41   18.34   33.43   40.97   38.23   36.54   39.97   31.45   9.468   22.44   28.36   28.56   43.90   40.13   42.82   33.19   31.65   34.75   31.73   32.76   31.33   29.52   31.67   40.80   47.14   41.28   14.17   20.73   51.88   51.91   52.68   41.18   61.23   57.63   51.99   36.91   32.16   49.00   48.41   45.00   37.24   61.91   54.72   44.35   58.15   16.92   67.13   69.04   71.01   58.88   52.95   55.18   55.72   48.95   47.26   70.12   55.53   46.91   38.07   39.89   50.91   38.61   44.90   38.77   49.69   46.25   41.03   25.94   30.49   41.89   39.06   30.25   35.03   53.93   52.52   67.67   68.52   65.77   76.16   73.14   49.68   47.99   61.13   49.19   
   1.10e3  6.460   7.870   10.08   20.60   24.47   31.35   20.68   17.03   19.31   19.24   35.06   42.97   40.10   38.33   41.92   32.98   9.930   23.54   29.74   29.96   46.04   42.09   44.90   34.81   33.20   36.44   33.28   34.36   32.86   30.96   33.22   42.79   49.44   43.30   14.87   21.74   54.41   54.44   55.25   43.19   64.22   60.44   54.52   38.71   33.73   51.39   50.78   47.20   39.05   64.94   57.40   46.52   60.99   17.74   70.41   72.40   74.48   61.76   55.54   57.88   58.44   51.34   49.57   73.54   58.25   49.20   39.93   41.84   53.40   40.50   47.09   40.66   52.12   48.51   43.04   27.21   31.98   43.94   40.96   31.73   36.74   56.57   55.08   70.98   71.86   68.98   79.88   76.71   52.10   50.33   64.11   51.60   
   1.20e3  6.747   8.220   10.53   21.52   25.56   32.74   21.60   17.79   20.17   20.09   36.62   44.88   41.88   40.03   43.79   34.45   10.37   24.59   31.06   31.29   48.09   43.96   46.90   36.35   34.67   38.07   34.75   35.89   34.32   32.34   34.70   44.70   51.63   45.22   15.53   22.71   56.83   56.87   57.70   45.11   67.08   63.13   56.95   40.43   35.23   53.67   53.03   49.30   40.79   67.82   59.95   48.58   63.70   18.53   73.54   75.62   77.79   64.50   58.01   60.45   61.04   53.62   51.77   76.81   60.84   51.39   41.70   43.70   55.77   42.30   49.18   42.47   54.44   50.66   44.95   28.42   33.40   45.89   42.78   33.14   38.37   59.08   57.53   74.13   75.06   72.05   83.43   80.12   54.42   52.57   66.96   53.89   
   1.30e3  7.022   8.556   10.96   22.39   26.60   34.08   22.48   18.52   20.99   20.92   38.11   46.71   43.59   41.67   45.57   35.85   10.80   25.59   32.33   32.57   50.06   45.75   48.82   37.84   36.09   39.62   36.17   37.35   35.72   33.66   36.11   46.52   53.74   47.07   16.16   23.64   59.15   59.19   60.06   46.95   69.82   65.71   59.27   42.09   36.66   55.86   55.20   51.31   42.46   70.59   62.40   50.57   66.30   19.29   76.54   78.71   80.97   67.14   60.38   62.92   63.53   55.81   53.88   79.94   63.32   53.49   43.41   45.48   58.05   44.02   51.19   44.21   56.66   52.73   46.79   29.58   34.76   47.76   44.53   34.49   39.94   61.49   59.88   77.16   78.12   74.99   86.84   83.39   56.64   54.71   69.70   56.09   
   1.40e3  7.288   8.879   11.38   23.24   27.61   35.37   23.33   19.22   21.78   21.70   39.55   48.48   45.24   43.24   47.29   37.21   11.20   26.56   33.55   33.80   51.95   47.48   50.66   39.27   37.45   41.12   37.54   38.76   37.07   34.93   37.48   48.28   55.77   48.84   16.77   24.53   61.39   61.42   62.33   48.72   72.45   68.19   61.51   43.67   38.05   57.97   57.28   53.25   44.06   73.26   64.75   52.48   68.81   20.02   79.43   81.68   84.02   69.67   62.66   65.29   65.93   57.92   55.92   82.96   65.71   55.51   45.05   47.20   60.24   45.68   53.12   45.87   58.80   54.72   48.55   30.69   36.08   49.57   46.21   35.79   41.45   63.81   62.14   80.07   81.07   77.82   90.11   86.54   58.78   56.78   72.33   58.21   
   1.50e3  7.543   9.190   11.78   24.05   28.57   36.61   24.15   19.89   22.55   22.47   40.94   50.18   46.83   44.76   48.95   38.51   11.60   27.49   34.73   34.98   53.77   49.15   52.44   40.64   38.76   42.56   38.86   40.12   38.37   36.16   38.79   49.97   57.73   50.56   17.36   25.39   63.54   63.58   64.51   50.43   74.99   70.58   63.67   45.21   39.38   60.01   59.29   55.12   45.60   75.83   67.02   54.32   71.22   20.72   82.22   84.55   86.97   72.12   64.86   67.59   68.24   59.95   57.88   85.87   68.02   57.45   46.63   48.86   62.35   47.29   54.99   47.49   60.86   56.64   50.26   31.77   37.34   51.31   47.83   37.05   42.90   66.05   64.32   82.88   83.92   80.56   93.28   89.57   60.84   58.77   74.86   60.25   
   1.60e3  7.791   9.492   12.16   24.84   29.51   37.81   24.94   20.54   23.29   23.20   42.28   51.82   48.36   46.22   50.56   39.78   11.98   28.39   35.87   36.13   55.53   50.76   54.16   41.98   40.04   43.95   40.13   41.44   39.63   37.34   40.07   51.61   59.62   52.22   17.93   26.22   65.63   65.66   66.63   52.08   77.45   72.90   65.76   46.69   40.68   61.98   61.24   56.92   47.10   78.32   69.22   56.10   73.56   21.40   84.92   87.32   89.82   74.48   66.98   69.80   70.48   61.92   59.78   88.69   70.25   59.34   48.16   50.46   64.40   48.84   56.79   49.04   62.86   58.50   51.90   32.81   38.57   52.99   49.40   38.27   44.31   68.22   66.43   85.60   86.67   83.20   96.34   92.51   62.84   60.70   77.32   62.23   
   1.70e3  8.030   9.784   12.54   25.61   30.42   38.97   25.71   21.17   24.00   23.92   43.59   53.42   49.85   47.65   52.12   41.00   12.34   29.26   36.97   37.24   57.24   52.32   55.82   43.27   41.27   45.31   41.37   42.72   40.85   38.49   41.30   53.20   61.46   53.82   18.48   27.03   67.64   67.68   68.68   53.69   79.84   75.14   67.78   48.13   41.93   63.88   63.12   58.67   48.55   80.73   71.35   57.83   75.82   22.06   87.53   90.01   92.59   76.77   69.04   71.95   72.65   63.82   61.62   91.42   72.41   61.17   49.64   52.01   66.38   50.34   58.54   50.55   64.79   60.30   53.50   33.82   39.76   54.62   50.92   39.44   45.68   70.32   68.48   88.23   89.34   85.76   99.30   95.36   64.77   62.57   79.70   64.14   
   1.80e3  8.263   10.07   12.90   26.35   31.30   40.10   26.45   21.79   24.70   24.61   44.85   54.97   51.29   49.03   53.63   42.19   12.70   30.11   38.04   38.32   58.90   53.84   57.44   44.52   42.46   46.62   42.57   43.95   42.03   39.61   42.50   54.74   63.24   55.38   19.02   27.82   69.61   69.65   70.67   55.24   82.15   77.32   69.75   49.52   43.14   65.73   64.95   60.38   49.96   83.07   73.42   59.50   78.02   22.70   90.07   92.62   95.27   79.00   71.05   74.04   74.75   65.67   63.40   94.07   74.51   62.94   51.08   53.52   68.30   51.80   60.24   52.02   66.67   62.05   55.05   34.80   40.91   56.20   52.40   40.59   47.00   72.36   70.46   90.79   91.93   88.24   102.2   98.12   66.65   64.38   82.01   66.00   
   2.00e3  8.710   10.61   13.60   27.78   33.00   42.27   27.88   22.97   26.03   25.94   47.27   57.94   54.07   51.68   56.53   44.47   13.39   31.74   40.10   40.40   62.09   56.75   60.55   46.93   44.76   49.14   44.87   46.33   44.31   41.75   44.80   57.70   66.66   58.38   20.04   29.32   73.37   73.41   74.49   58.23   86.60   81.50   73.52   52.20   45.48   69.29   68.47   63.64   52.66   87.56   77.39   62.72   82.24   23.92   94.94   97.63   100.4   83.27   74.89   78.04   78.80   69.22   66.83   99.16   78.54   66.34   53.84   56.41   72.00   54.60   63.49   54.83   70.28   65.41   58.03   36.68   43.12   59.24   55.23   42.78   49.54   76.27   74.27   95.70   96.90   93.02   107.7   103.4   70.25   67.87   86.45   69.57   
   2.25e3  9.239   11.26   14.42   29.46   35.00   44.83   29.57   24.36   27.61   27.52   50.14   61.46   57.35   54.81   59.96   47.17   14.20   33.67   42.53   42.85   65.85   60.19   64.22   49.78   47.48   52.12   47.59   49.14   46.99   44.28   47.51   61.20   70.70   61.92   21.26   31.10   77.82   77.87   79.01   61.76   91.85   86.45   77.98   55.37   48.24   73.49   72.62   67.50   55.85   92.87   82.09   66.53   87.23   25.38   100.7   103.6   106.5   88.32   79.43   82.78   83.58   73.42   70.89   105.2   83.30   70.37   57.11   59.84   76.37   57.92   67.35   58.16   74.54   69.37   61.55   38.91   45.74   62.84   58.58   45.38   52.55   80.90   78.78   101.5   102.8   98.66   114.2   109.7   74.52   71.98   91.69   73.79   
   2.50e3  9.738   11.86   15.20   31.05   36.89   47.26   31.17   25.68   29.11   29.00   52.85   64.78   60.45   57.78   63.20   49.72   14.97   35.49   44.84   45.16   69.42   63.45   67.70   52.47   50.04   54.94   50.16   51.80   49.54   46.68   50.08   64.52   74.53   65.27   22.41   32.78   82.03   82.08   83.29   65.10   96.82   91.12   82.20   58.36   50.84   77.47   76.55   71.15   58.87   97.90   86.53   70.13   91.95   26.75   106.1   109.2   112.3   93.10   83.73   87.25   88.10   77.39   74.72   110.9   87.81   74.17   60.19   63.07   80.50   61.05   70.99   61.30   78.57   73.13   64.88   41.01   48.21   66.23   61.75   47.83   55.39   85.28   83.04   107.0   108.3   104.0   120.4   115.6   78.55   75.88   96.65   77.78   
   2.75e3  10.21   12.44   15.94   32.57   38.69   49.57   32.69   26.93   30.53   30.42   55.43   67.94   63.40   60.60   66.28   52.15   15.70   37.22   47.02   47.37   72.80   66.55   71.00   55.03   52.49   57.62   52.61   54.33   51.95   48.96   52.53   67.66   78.17   68.46   23.50   34.38   86.04   86.08   87.35   68.28   101.5   95.57   86.21   61.21   53.33   81.25   80.29   74.63   61.75   102.7   90.75   73.55   96.43   28.05   111.3   114.5   117.8   97.64   87.82   91.51   92.40   81.17   78.37   116.3   92.09   77.79   63.13   66.15   84.43   64.03   74.45   64.30   82.41   76.70   68.05   43.02   50.56   69.47   64.77   50.17   58.09   89.44   87.09   112.2   113.6   109.1   126.3   121.3   82.38   79.58   101.4   81.58   
   3.00e3  10.67   13.00   16.65   34.02   40.41   51.77   34.15   28.13   31.89   31.77   57.90   70.96   66.22   63.29   69.23   54.47   16.40   38.87   49.11   49.48   76.04   69.51   74.16   57.48   54.82   60.19   54.95   56.74   54.26   51.13   54.86   70.67   81.64   71.50   24.55   35.91   89.86   89.91   91.24   71.32   106.1   99.82   90.04   63.93   55.70   84.86   83.86   77.94   64.49   107.2   94.79   76.82   100.7   29.30   116.3   119.6   123.0   102.0   91.72   95.58   96.51   84.78   81.85   121.4   96.19   81.25   65.94   69.09   88.18   66.88   77.76   67.15   86.07   80.11   71.07   44.93   52.81   72.56   67.65   52.40   60.68   93.41   90.97   117.2   118.7   113.9   131.9   126.7   86.04   83.12   105.9   85.21   
   3.25e3  11.10   13.53   17.33   35.41   42.06   53.88   35.54   29.28   33.19   33.07   60.26   73.86   68.92   65.88   72.06   56.69   17.07   40.46   51.12   51.50   79.15   72.34   77.19   59.83   57.06   62.64   57.20   59.06   56.48   53.22   57.10   73.56   84.98   74.42   25.55   37.38   93.53   93.58   94.96   74.23   110.4   103.9   93.72   66.54   57.97   88.33   87.28   81.13   67.13   111.6   98.66   79.96   104.8   30.50   121.0   124.5   128.0   106.2   95.47   99.48   100.4   88.24   85.20   126.4   100.1   84.57   68.63   71.91   91.78   69.61   80.94   69.90   89.59   83.38   73.97   46.76   54.97   75.52   70.41   54.54   63.15   97.23   94.68   122.0   123.5   118.6   137.3   131.9   89.56   86.51   110.2   88.69   
   3.50e3  11.52   14.04   17.99   36.74   43.65   55.92   36.88   30.38   34.44   34.32   62.54   76.65   71.53   68.37   74.78   58.83   17.71   41.99   53.05   53.44   82.13   75.08   80.10   62.08   59.21   65.01   59.35   61.29   58.61   55.23   59.26   76.34   88.18   77.23   26.52   38.79   97.06   97.12   98.55   77.03   114.6   107.8   97.26   69.06   60.16   91.66   90.57   84.19   69.66   115.8   102.4   82.97   108.8   31.65   125.6   129.2   132.9   110.2   99.07   103.2   104.2   91.57   88.41   131.2   103.9   87.76   71.22   74.63   95.24   72.23   84.00   72.53   92.97   86.52   76.77   48.53   57.04   78.37   73.07   56.60   65.54   100.9   98.26   126.6   128.2   123.1   142.5   136.8   92.94   89.78   114.4   92.04   
   3.75e3  11.93   14.53   18.62   38.03   45.18   57.88   38.18   31.45   35.65   35.52   64.73   79.34   74.04   70.77   77.40   60.90   18.33   43.46   54.91   55.31   85.02   77.71   82.91   64.26   61.29   67.29   61.44   63.44   60.67   57.17   61.34   79.01   91.28   79.94   27.45   40.15   100.5   100.5   102.0   79.74   118.6   111.6   100.7   71.48   62.27   94.88   93.75   87.15   72.11   119.9   106.0   85.89   112.6   32.76   130.0   133.7   137.5   114.0   102.5   106.9   107.9   94.79   91.52   135.8   107.5   90.84   73.72   77.25   98.59   74.77   86.94   75.08   96.23   89.56   79.46   50.23   59.05   81.12   75.63   58.58   67.84   104.4   101.7   131.0   132.7   127.4   147.5   141.6   96.20   92.93   118.4   95.27   
   4.00e3  12.32   15.01   19.23   39.28   46.66   59.78   39.43   32.48   36.82   36.69   66.86   81.94   76.46   73.09   79.94   62.89   18.94   44.89   56.71   57.13   87.80   80.26   85.63   66.37   63.30   69.50   63.45   65.52   62.66   59.04   63.35   81.61   94.27   82.56   28.35   41.46   103.8   103.8   105.4   82.35   122.5   115.3   104.0   73.82   64.31   97.99   96.83   90.00   74.47   123.8   109.4   88.70   116.3   33.83   134.3   138.1   142.0   117.8   105.9   110.4   111.4   97.90   94.52   140.2   111.1   93.82   76.14   79.78   101.8   77.22   89.80   77.54   99.39   92.50   82.07   51.88   60.98   83.78   78.11   60.50   70.06   107.9   105.0   135.3   137.0   131.5   152.3   146.3   99.35   95.98   122.3   98.39   
   4.50e3  13.07   15.92   20.40   41.66   49.49   63.41   41.82   34.45   39.05   38.91   70.91   86.91   81.10   77.52   84.79   66.71   20.08   47.61   60.15   60.59   93.13   85.13   90.82   70.40   67.14   73.71   67.30   69.50   66.46   62.63   67.19   86.56   99.99   87.57   30.07   43.98   110.1   110.1   111.7   87.35   129.9   122.3   110.3   78.30   68.21   103.9   102.7   95.46   78.99   131.3   116.1   94.08   123.4   35.89   142.4   146.4   150.6   124.9   112.3   117.1   118.2   103.8   100.3   148.7   117.8   99.51   80.76   84.62   108.0   81.91   95.24   82.25   105.4   98.11   87.05   55.03   64.68   88.86   82.85   64.17   74.31   114.4   111.4   143.6   145.3   139.5   161.6   155.1   105.4   101.8   129.7   104.4   
   5.00e3  13.77   16.78   21.50   43.92   52.17   66.84   44.09   36.31   41.16   41.02   74.75   91.61   85.49   81.71   89.38   70.32   21.17   50.19   63.41   63.87   98.17   89.73   95.74   74.20   70.77   77.70   70.94   73.26   70.05   66.01   70.83   91.24   105.4   92.31   31.69   46.36   116.0   116.1   117.8   92.07   136.9   128.9   116.2   82.54   71.90   109.6   108.3   100.6   83.26   138.4   122.4   99.17   130.0   37.83   150.1   154.4   158.8   131.7   118.4   123.4   124.6   109.5   105.7   156.8   124.2   104.9   85.13   89.20   113.8   86.34   100.4   86.70   111.1   103.4   91.75   58.00   68.18   93.67   87.33   67.65   78.33   120.6   117.4   151.3   153.2   147.1   170.3   163.5   111.1   107.3   136.7   110.0   
   5.50e3  14.44   17.60   22.55   46.06   54.72   70.10   46.24   38.09   43.17   43.02   78.40   96.08   89.66   85.70   93.74   73.75   22.20   52.64   66.50   66.99   103.0   94.11   100.4   77.83   74.23   81.49   74.41   76.83   73.47   69.24   74.28   95.69   110.5   96.81   33.24   48.62   121.7   121.7   123.5   96.57   143.6   135.2   121.9   86.57   75.41   114.9   113.5   105.5   87.33   145.2   128.3   104.0   136.4   39.67   157.4   161.9   166.5   138.1   124.2   129.4   130.7   114.8   110.8   164.4   130.2   110.0   89.28   93.55   119.4   90.55   105.3   90.93   116.5   108.5   96.23   60.83   71.51   98.24   91.59   70.95   82.16   126.5   123.2   158.7   160.7   154.3   178.6   171.5   116.5   112.5   143.4   115.4   
   6.00e3  15.09   18.38   23.55   48.11   57.15   73.22   48.29   39.78   45.09   44.93   81.88   100.4   93.65   89.51   97.91   77.03   23.19   54.98   69.46   69.97   107.5   98.30   104.9   81.29   77.53   85.12   77.71   80.25   76.74   72.31   77.59   99.95   115.5   101.1   34.72   50.78   127.1   127.2   129.0   100.9   150.0   141.2   127.3   90.41   78.77   120.0   118.6   110.2   91.21   151.7   134.0   108.6   142.4   41.44   164.4   169.1   173.9   144.2   129.7   135.2   136.5   119.9   115.8   171.7   136.0   114.9   93.25   97.71   124.7   94.58   110.0   94.97   121.7   113.3   100.5   63.54   74.69   102.6   95.67   74.10   85.81   132.1   128.6   165.8   167.8   161.1   186.6   179.1   121.7   117.5   149.7   120.5   
   6.50e3  15.70   19.13   24.51   50.07   59.48   76.20   50.27   41.40   46.93   46.77   85.23   104.5   97.47   93.17   101.9   80.17   24.14   57.22   72.30   72.83   111.9   102.3   109.2   84.61   80.69   88.59   80.89   83.53   79.87   75.27   80.76   104.0   120.2   105.2   36.14   52.86   132.3   132.3   134.3   105.0   156.1   146.9   132.5   94.11   81.98   124.9   123.4   114.7   94.93   157.9   139.5   113.1   148.3   43.13   171.2   176.0   181.0   150.1   135.0   140.7   142.1   124.8   120.5   178.8   141.6   119.6   97.06   101.7   129.8   98.44   114.5   98.85   126.7   117.9   104.6   66.13   77.74   106.8   99.57   77.13   89.31   137.5   133.9   172.5   174.7   167.7   194.2   186.5   126.7   122.3   155.8   125.4   
   7.00e3  16.30   19.85   25.44   51.96   61.73   79.08   52.16   42.97   48.71   48.53   88.44   108.4   101.2   96.68   105.8   83.20   25.05   59.38   75.02   75.57   116.2   106.2   113.3   87.80   83.74   91.94   83.94   86.68   82.89   78.11   83.80   108.0   124.7   109.2   37.50   54.85   137.3   137.3   139.4   108.9   162.0   152.5   137.5   97.66   85.08   129.6   128.1   119.1   98.52   163.8   144.8   117.3   153.9   44.76   177.6   182.7   187.9   155.8   140.1   146.0   147.4   129.5   125.0   185.5   146.9   124.1   100.7   105.5   134.7   102.2   118.8   102.6   131.5   122.4   108.6   68.63   80.67   110.8   103.3   80.04   92.68   142.7   139.0   179.0   181.3   174.0   201.5   193.5   131.4   127.0   161.7   130.2   
   8.00e3  17.42   21.22   27.19   55.55   65.99   84.54   55.76   45.93   52.07   51.88   94.55   115.9   108.1   103.4   113.1   88.94   26.78   63.48   80.20   80.79   124.2   113.5   121.1   93.86   89.52   98.28   89.74   92.66   88.61   83.50   89.59   115.4   133.3   116.8   40.09   58.64   146.7   146.8   149.0   116.5   173.2   163.0   147.0   104.4   90.95   138.6   136.9   127.3   105.3   175.1   154.8   125.4   164.5   47.85   189.9   195.3   200.9   166.5   149.8   156.1   157.6   138.4   133.7   198.3   157.1   132.7   107.7   112.8   144.0   109.2   127.0   109.7   140.6   130.8   116.1   73.37   86.24   118.5   110.5   85.57   99.08   152.5   148.5   191.4   193.8   186.0   215.4   206.9   140.5   135.7   172.9   139.1   
   9.00e3  18.48   22.51   28.84   58.92   69.99   89.67   59.15   48.72   55.23   55.03   100.3   122.9   114.7   109.6   119.9   94.34   28.40   67.33   85.07   85.69   131.7   120.4   128.4   99.56   94.95   104.2   95.18   98.28   93.99   88.57   95.02   122.4   141.4   123.8   42.52   62.20   155.6   155.7   158.0   123.5   183.7   172.9   156.0   110.7   96.47   147.0   145.2   135.0   111.7   185.7   164.2   133.1   174.5   50.75   201.4   207.1   213.0   176.6   158.9   165.6   167.2   146.8   141.8   210.3   166.6   140.7   114.2   119.7   152.7   115.8   134.7   116.3   149.1   138.7   123.1   77.82   91.47   125.7   117.2   90.76   105.1   161.8   157.6   203.0   205.6   197.3   228.5   219.4   149.0   144.0   183.4   147.6   
   10.0e3  19.48   23.73   30.40   62.11   73.78   94.52   62.35   51.36   58.22   58.01   105.7   129.6   120.9   115.6   126.4   99.44   29.94   70.97   89.67   90.33   138.8   126.9   135.4   104.9   100.1   109.9   100.3   103.6   99.07   93.36   100.2   129.0   149.1   130.5   44.82   65.56   164.1   164.2   166.6   130.2   193.6   182.2   164.4   116.7   101.7   154.9   153.1   142.3   117.7   195.8   173.1   140.3   183.9   53.50   212.3   218.3   224.6   186.2   167.5   174.5   176.2   154.8   149.4   221.7   175.6   148.3   120.4   126.1   161.0   122.1   142.0   122.6   157.1   146.3   129.8   82.03   96.42   132.5   123.5   95.67   110.8   170.6   166.1   214.0   216.7   208.0   240.8   231.3   157.1   151.8   193.3   155.6   
   11.0e3  20.43   24.89   31.89   65.14   77.38   99.13   65.39   53.86   61.06   60.84   110.9   135.9   126.8   121.2   132.6   104.3   31.40   74.44   94.05   94.74   145.6   133.1   142.0   110.1   105.0   115.2   105.2   108.7   103.9   97.91   105.1   135.3   156.3   136.9   47.01   68.76   172.1   172.2   174.7   136.6   203.1   191.1   172.4   122.4   106.7   162.5   160.6   149.3   123.5   205.3   181.5   147.1   192.9   56.11   222.7   229.0   235.5   195.3   175.6   183.0   184.8   162.3   156.7   232.5   184.2   155.6   126.3   132.3   168.9   128.1   148.9   128.6   164.8   153.4   136.1   86.03   101.1   138.9   129.5   100.3   116.2   178.9   174.2   224.4   227.2   218.1   252.6   242.6   164.8   159.2   202.7   163.2   
   12.0e3  21.34   25.99   33.31   68.04   80.82   103.5   68.30   56.26   63.77   63.54   115.8   141.9   132.4   126.6   138.5   108.9   32.80   77.75   98.23   98.95   152.1   139.0   148.3   115.0   109.6   120.4   109.9   113.5   108.5   102.3   109.7   141.3   163.3   143.0   49.10   71.82   179.7   179.8   182.5   142.6   212.1   199.6   180.1   127.9   111.4   169.7   167.7   155.9   129.0   214.5   189.6   153.6   201.4   58.60   232.6   239.1   246.0   204.0   183.4   191.2   193.0   169.6   163.7   242.9   192.4   162.5   131.9   138.2   176.4   133.8   155.5   134.3   172.1   160.2   142.1   89.86   105.6   145.1   135.3   104.8   121.4   186.8   181.9   234.4   237.4   227.8   263.8   253.4   172.1   166.2   211.7   170.4   
   13.0e3  22.21   27.06   34.67   70.82   84.12   107.8   71.09   58.56   66.38   66.14   120.5   147.7   137.8   131.8   144.1   113.4   34.14   80.92   102.2   103.0   158.3   144.7   154.4   119.7   114.1   125.3   114.4   118.1   113.0   106.4   114.2   147.1   170.0   148.8   51.11   74.75   187.1   187.2   189.9   148.5   220.8   207.8   187.4   133.1   115.9   176.7   174.6   162.3   134.3   223.2   197.3   159.9   209.7   61.00   242.0   248.9   256.0   212.3   190.9   199.0   200.9   176.5   170.4   252.8   200.2   169.1   137.3   143.8   183.6   139.2   161.9   139.8   179.2   166.8   147.9   93.53   109.9   151.0   140.8   109.1   126.3   194.5   189.4   244.0   247.0   237.1   274.6   263.7   179.1   173.0   220.4   177.4   
   14.0e3  23.05   28.08   35.97   73.49   87.30   111.8   73.77   60.77   68.88   68.64   125.1   153.3   143.1   136.7   149.6   117.7   35.43   83.98   106.1   106.9   164.3   150.2   160.2   124.2   118.4   130.0   118.7   122.6   117.2   110.5   118.5   152.7   176.4   154.5   53.03   77.57   194.1   194.2   197.1   154.1   229.1   215.6   194.5   138.1   120.3   183.3   181.1   168.4   139.3   231.7   204.8   165.9   217.6   63.30   251.2   258.3   265.7   220.3   198.1   206.5   208.5   183.1   176.8   262.3   207.8   175.5   142.4   149.3   190.5   144.5   168.0   145.1   185.9   173.0   153.5   97.06   114.1   156.7   146.1   113.2   131.1   201.8   196.5   253.2   256.4   246.1   285.0   273.7   185.9   179.6   228.7   184.1   
   15.0e3  23.85   29.06   37.24   76.07   90.36   115.8   76.36   62.90   71.30   71.05   129.5   158.7   148.1   141.5   154.8   121.8   36.67   86.93   109.8   110.6   170.0   155.4   165.8   128.5   122.6   134.6   122.9   126.9   121.3   114.3   122.7   158.0   182.6   159.9   54.90   80.30   200.9   201.0   204.0   159.5   237.2   223.2   201.3   143.0   124.5   189.8   187.5   174.3   144.2   239.8   211.9   171.8   225.2   65.52   260.0   267.4   275.0   228.0   205.1   213.7   215.8   189.6   183.0   271.6   215.1   181.7   147.4   154.5   197.2   149.5   173.9   150.2   192.5   179.1   158.9   100.5   118.1   162.2   151.3   117.2   135.7   208.9   203.4   262.1   265.4   254.7   295.0   283.3   192.4   185.9   236.7   190.5   
   16.0e3  24.64   30.02   38.46   78.56   93.32   119.6   78.86   64.96   73.64   73.38   133.7   163.9   152.9   146.2   159.9   125.8   37.87   89.78   113.4   114.3   175.6   160.5   171.3   132.7   126.6   139.0   126.9   131.0   125.3   118.1   126.7   163.2   188.5   165.1   56.70   82.93   207.5   207.6   210.7   164.7   244.9   230.5   207.9   147.6   128.6   196.0   193.7   180.0   148.9   247.7   218.9   177.4   232.6   67.67   268.5   276.1   284.0   235.5   211.8   220.7   222.9   195.8   189.0   280.5   222.1   187.6   152.3   159.6   203.6   154.4   179.6   155.1   198.8   185.0   164.1   103.8   122.0   167.6   156.2   121.0   140.1   215.7   210.1   270.7   274.1   263.1   304.6   292.5   198.7   192.0   244.5   196.8   
   17.0e3  25.40   30.94   39.64   80.98   96.20   123.2   81.29   66.96   75.90   75.63   137.8   168.9   157.6   150.7   164.8   129.7   39.04   92.54   116.9   117.8   181.0   165.5   176.5   136.8   130.5   143.3   130.8   135.1   129.2   121.7   130.6   168.2   194.3   170.2   58.44   85.48   213.9   214.0   217.2   169.8   252.5   237.6   214.3   152.2   132.6   202.0   199.6   185.5   153.5   255.3   225.6   182.9   239.8   69.75   276.8   284.6   292.8   242.8   218.3   227.5   229.7   201.8   194.9   289.1   229.0   193.4   157.0   164.5   209.9   159.2   185.1   159.9   204.9   190.7   169.2   107.0   125.7   172.7   161.0   124.7   144.4   222.4   216.5   279.0   282.5   271.2   314.0   301.6   204.8   197.9   252.0   202.8   
   18.0e3  26.13   31.84   40.79   83.33   98.99   126.8   83.65   68.90   78.10   77.83   141.8   173.8   162.2   155.0   169.6   133.4   40.17   95.22   120.3   121.2   186.3   170.3   181.6   140.8   134.3   147.4   134.6   139.0   132.9   125.3   134.4   173.1   200.0   175.1   60.14   87.96   220.1   220.2   223.5   174.7   259.8   244.5   220.6   156.6   136.4   207.9   205.4   190.9   158.0   262.7   232.2   188.2   246.7   71.77   284.8   292.9   301.3   249.8   224.7   234.1   236.4   207.7   200.5   297.5   235.6   199.0   161.5   169.2   216.0   163.8   190.5   164.5   210.8   196.2   174.1   110.1   129.4   177.7   165.7   128.3   148.6   228.8   222.8   287.1   290.7   279.1   323.1   310.3   210.8   203.6   259.3   208.7   
   20.0e3  27.55   33.56   43.00   87.84   104.3   133.7   88.17   72.63   82.33   82.04   149.5   183.2   171.0   163.4   178.8   140.6   42.34   100.4   126.8   127.7   196.3   179.5   191.5   148.4   141.5   155.4   141.9   146.5   140.1   132.0   141.7   182.5   210.8   184.6   63.39   92.72   232.0   232.2   235.6   184.1   273.8   257.7   232.5   165.1   143.8   219.1   216.5   201.3   166.5   276.9   244.7   198.3   260.1   75.66   300.2   308.7   317.6   263.3   236.8   246.8   249.2   218.9   211.3   313.6   248.4   209.8   170.3   178.4   227.7   172.7   200.8   173.4   222.2   206.8   183.5   116.0   136.4   187.3   174.7   135.3   156.7   241.2   234.9   302.6   306.4   294.1   340.6   327.1   222.2   214.6   273.4   220.0   
   22.5e3  29.22   35.59   45.61   93.16   110.7   141.8   93.52   77.04   87.32   87.01   158.6   194.3   181.4   173.3   189.6   149.2   44.91   106.5   134.5   135.5   208.2   190.4   203.1   157.4   150.1   164.8   150.5   155.4   148.6   140.0   150.2   193.5   223.6   195.8   67.23   98.34   246.1   246.2   249.9   195.3   290.4   273.4   246.6   175.1   152.5   232.4   229.6   213.5   176.6   293.7   259.6   210.4   275.8   80.25   318.4   327.5   336.8   279.3   251.2   261.8   264.3   232.2   224.2   332.6   263.4   222.5   180.6   189.2   241.5   183.1   213.0   183.9   235.7   219.4   194.6   123.0   144.6   198.7   185.3   143.5   166.2   255.8   249.1   321.0   325.0   312.0   361.3   346.9   235.6   227.6   290.0   233.4   
   25.0e3  30.80   37.52   48.07   98.20   116.7   149.4   98.58   81.20   92.05   91.72   167.1   204.9   191.2   182.7   199.9   157.2   47.34   112.2   141.8   142.8   219.5   200.6   214.1   165.9   158.3   173.7   158.6   163.8   156.6   147.6   158.4   204.0   235.7   206.4   70.87   103.7   259.4   259.6   263.4   205.9   306.2   288.2   259.9   184.6   160.8   245.0   242.1   225.0   186.2   309.6   273.6   221.8   290.8   84.59   335.7   345.2   355.1   294.4   264.8   275.9   278.6   244.7   236.3   350.6   277.7   234.6   190.4   199.5   254.6   193.1   224.5   193.9   248.5   231.2   205.2   129.7   152.5   209.5   195.3   151.3   175.2   269.7   262.6   338.4   342.6   328.9   380.8   365.7   248.4   239.9   305.6   246.0   
   27.5e3  32.30   39.35   50.42   103.0   122.3   156.7   103.4   85.17   96.54   96.20   175.3   214.9   200.5   191.6   209.6   164.9   49.65   117.7   148.7   149.8   230.2   210.4   224.5   174.0   166.0   182.2   166.4   171.8   164.3   154.8   166.1   214.0   247.2   216.5   74.33   108.7   272.1   272.2   276.2   215.9   321.1   302.2   272.6   193.6   168.6   256.9   253.9   236.0   195.3   324.7   287.0   232.6   305.0   88.72   352.0   362.0   372.4   308.8   277.7   289.4   292.2   256.7   247.8   367.7   291.2   246.0   199.6   209.2   267.0   202.5   235.4   203.3   260.6   242.5   215.2   136.0   159.9   219.7   204.8   158.6   183.7   282.8   275.4   354.9   359.3   344.9   399.4   383.5   260.5   251.7   320.6   258.0   
   30.0e3  33.74   41.10   52.66   107.6   127.8   163.7   108.0   88.95   100.8   100.5   183.1   224.4   209.4   200.2   218.9   172.2   51.86   122.9   155.3   156.5   240.5   219.8   234.5   181.8   173.4   190.3   173.8   179.4   171.6   161.7   173.5   223.5   258.2   226.1   77.64   113.6   284.2   284.3   288.5   225.5   335.4   315.7   284.7   202.2   176.1   268.4   265.2   246.5   203.9   339.1   299.7   242.9   318.5   92.66   367.7   378.1   388.9   322.5   290.0   302.3   305.2   268.1   258.8   384.0   304.2   256.9   208.5   218.5   278.8   211.5   245.9   212.4   272.2   253.3   224.8   142.1   167.0   229.4   213.9   165.7   191.9   295.4   287.7   370.7   375.3   360.3   417.1   400.6   272.1   262.8   334.8   269.5   
   32.5e3  35.11   42.78   54.81   112.0   133.0   170.4   112.4   92.59   105.0   104.6   190.6   233.6   218.0   208.3   227.9   179.3   53.98   128.0   161.7   162.8   250.3   228.8   244.1   189.2   180.4   198.1   180.9   186.8   178.6   168.3   180.6   232.6   268.7   235.3   80.81   118.2   295.8   295.9   300.3   234.7   349.1   328.5   296.4   210.4   183.3   279.3   276.0   256.5   212.3   353.0   312.0   252.8   331.5   96.44   382.7   393.6   404.8   335.7   301.9   314.6   317.6   279.0   269.4   399.7   316.6   267.4   217.0   227.4   290.2   220.1   256.0   221.0   283.3   263.7   233.9   147.9   173.8   238.8   222.7   172.5   199.7   307.5   299.4   385.8   390.6   375.0   434.2   416.9   283.2   273.6   348.5   280.5   
   35.0e3  36.44   44.39   56.88   116.2   138.0   176.8   116.6   96.08   108.9   108.5   197.8   242.4   226.2   216.2   236.5   186.0   56.02   132.8   167.8   169.0   259.7   237.4   253.3   196.3   187.2   205.6   187.7   193.8   185.3   174.7   187.4   241.4   278.9   244.2   83.86   122.7   306.9   307.1   311.6   243.6   362.3   340.9   307.5   218.4   190.2   289.9   286.4   266.2   220.3   366.3   323.8   262.4   344.0   100.1   397.2   408.4   420.1   348.3   313.3   326.5   329.6   289.6   279.6   414.8   328.5   277.5   225.2   236.0   301.2   228.4   265.6   229.4   294.0   273.6   242.8   153.5   180.4   247.8   231.1   179.0   207.2   319.1   310.7   400.4   405.4   389.1   450.6   432.7   293.9   283.9   361.6   291.0   
   37.5e3  37.72   45.95   58.88   120.3   142.9   183.0   120.7   99.45   112.7   112.3   204.7   250.9   234.1   223.8   244.8   192.6   57.98   137.4   173.6   174.9   268.8   245.7   262.2   203.2   193.8   212.8   194.3   200.6   191.9   180.8   194.0   249.9   288.6   252.8   86.80   127.0   317.7   317.9   322.6   252.1   375.0   352.9   318.3   226.0   196.9   300.0   296.5   275.6   228.0   379.1   335.1   271.6   356.1   103.6   411.1   422.8   434.9   360.6   324.3   337.9   341.2   299.7   289.4   429.4   340.1   287.3   233.1   244.3   311.8   236.4   274.9   237.4   304.3   283.2   251.3   158.9   186.7   256.5   239.2   185.3   214.5   330.3   321.6   414.4   419.6   402.8   466.4   447.9   304.2   293.9   374.3   301.3   
   40.0e3  38.96   47.46   60.81   124.2   147.6   189.0   124.7   102.7   116.4   116.0   211.4   259.1   241.8   231.1   252.8   198.9   59.88   141.9   179.3   180.7   277.7   253.8   270.8   209.9   200.2   219.8   200.7   207.2   198.1   186.7   200.3   258.1   298.1   261.1   89.65   131.1   328.1   328.3   333.2   260.4   387.3   364.5   328.8   233.5   203.4   309.9   306.2   284.6   235.5   391.6   346.1   280.5   367.8   107.0   424.6   436.6   449.1   372.4   334.9   349.0   352.4   309.6   298.9   443.4   351.2   296.7   240.8   252.3   322.0   244.2   284.0   245.2   314.3   292.5   259.5   164.1   192.8   264.9   247.0   191.3   221.6   341.1   332.2   428.0   433.4   416.0   481.7   462.6   314.2   303.5   386.6   311.1   
   45.0e3  41.32   50.34   64.50   131.8   156.5   200.5   132.3   108.9   123.5   123.1   224.2   274.8   256.5   245.1   268.1   211.0   63.52   150.6   190.2   191.6   294.5   269.2   287.2   222.6   212.3   233.1   212.8   219.8   210.2   198.0   212.5   273.7   316.2   276.9   95.08   139.1   348.0   348.2   353.4   276.2   410.8   386.6   348.7   247.6   215.7   328.7   324.8   301.9   249.8   415.3   367.1   297.5   390.1   113.5   450.3   463.1   476.4   395.0   355.2   370.2   373.8   328.4   317.0   470.3   372.5   314.7   255.4   267.6   341.5   259.0   301.2   260.1   333.4   310.2   275.3   174.0   204.5   281.0   262.0   202.9   235.0   361.8   352.3   454.0   459.6   441.2   510.9   490.6   333.2   321.9   410.1   330.0   
   50.0e3  43.55   53.06   67.99   138.9   165.0   211.4   139.4   114.8   130.2   129.7   236.4   289.7   270.3   258.4   282.6   222.4   66.95   158.7   200.5   202.0   310.4   283.8   302.7   234.7   223.8   245.7   224.3   231.7   221.5   208.8   224.0   288.5   333.3   291.9   100.2   146.6   366.9   367.1   372.5   291.2   433.0   407.5   367.6   261.0   227.4   346.5   342.3   318.2   263.3   437.8   387.0   313.6   411.2   119.6   474.7   488.2   502.1   416.4   374.4   390.2   394.0   346.1   334.2   495.8   392.7   331.7   269.2   282.1   360.0   273.0   317.5   274.2   351.4   327.0   290.2   183.4   215.6   296.2   276.2   213.9   247.7   381.4   371.4   478.5   484.5   465.1   538.5   517.2   351.3   339.3   432.2   347.9   
   55.0e3  45.68   55.65   71.30   145.7   173.0   221.7   146.2   120.4   136.5   136.0   247.9   303.8   283.5   271.0   296.4   233.2   70.22   166.4   210.3   211.8   325.6   297.6   317.5   246.1   234.7   257.7   235.3   243.0   232.3   218.9   234.9   302.6   349.6   306.1   105.1   153.8   384.8   385.0   390.7   305.4   454.1   427.4   385.5   273.7   238.5   363.4   359.0   333.7   276.1   459.2   405.9   328.9   431.3   125.5   497.9   512.0   526.6   436.7   392.7   409.3   413.2   363.0   350.5   520.0   411.9   347.9   282.3   295.8   377.6   286.3   333.0   287.5   368.5   343.0   304.3   192.4   226.1   310.7   289.6   224.4   259.8   400.0   389.5   501.9   508.2   487.8   564.8   542.4   368.4   355.9   453.3   364.8   
   60.0e3  47.71   58.12   74.47   152.1   180.7   231.5   152.7   125.8   142.6   142.1   258.9   317.4   296.1   283.1   309.6   243.6   73.34   173.9   219.6   221.3   340.1   310.8   331.6   257.1   245.2   269.2   245.8   253.8   242.7   228.7   245.4   316.1   365.1   319.8   109.8   160.6   401.9   402.1   408.0   318.9   474.3   446.4   402.7   285.9   249.1   379.5   375.0   348.6   288.4   479.6   423.9   343.5   450.5   131.0   520.0   534.7   550.1   456.1   410.2   427.5   431.6   379.2   366.1   543.1   430.2   363.4   294.9   309.0   394.4   299.1   347.8   300.3   384.9   358.2   317.8   200.9   236.2   324.5   302.5   234.3   271.4   417.8   406.8   524.2   530.8   509.5   589.9   566.5   384.8   371.7   473.5   381.1   
   65.0e3  49.66   60.50   77.52   158.3   188.1   241.0   159.0   130.9   148.4   147.9   269.5   330.3   308.2   294.6   322.3   253.5   76.34   181.0   228.6   230.3   353.9   323.5   345.2   267.5   255.2   280.2   255.8   264.1   252.6   238.0   255.4   329.0   380.0   332.8   114.3   167.2   418.3   418.5   424.7   332.0   493.7   464.6   419.1   297.6   259.3   395.0   390.3   362.8   300.2   499.2   441.2   357.6   468.9   136.4   541.2   556.6   572.5   474.7   426.9   444.9   449.2   394.6   381.0   565.3   447.7   378.2   306.9   321.6   410.5   311.3   362.0   312.6   400.6   372.9   330.8   209.1   245.8   337.7   314.9   243.9   282.4   434.8   423.4   545.6   552.4   530.3   614.0   589.7   400.5   386.9   492.8   396.6   
   70.0e3  51.53   62.78   80.44   164.3   195.2   250.1   165.0   135.9   154.0   153.5   279.7   342.8   319.9   305.7   334.4   263.1   79.22   187.8   237.2   239.0   367.3   335.7   358.2   277.6   264.8   290.7   265.4   274.1   262.1   247.0   265.0   341.4   394.4   345.4   118.6   173.5   434.1   434.3   440.7   344.5   512.3   482.2   434.9   308.8   269.0   409.9   405.1   376.5   311.5   518.0   457.9   371.1   486.6   141.5   561.7   577.6   594.1   492.6   443.0   461.7   466.2   409.5   395.4   586.6   464.6   392.5   318.5   333.8   425.9   323.0   375.6   324.4   415.8   386.9   343.3   217.0   255.1   350.5   326.8   253.1   293.1   451.2   439.4   566.2   573.3   550.3   637.2   611.9   415.6   401.5   511.4   411.6   
   80.0e3  55.09   67.12   86.00   175.7   208.7   267.3   176.4   145.3   164.7   164.1   299.0   366.5   342.0   326.9   357.5   281.3   84.69   200.7   253.6   255.5   392.7   358.9   382.9   296.8   283.1   310.8   283.8   293.0   280.2   264.1   283.3   365.0   421.6   369.2   126.8   185.4   464.0   464.3   471.1   368.3   547.7   515.5   465.0   330.1   287.6   438.2   433.0   402.5   333.0   553.8   489.5   396.7   520.2   151.3   600.4   617.5   635.1   526.7   473.6   493.6   498.4   437.8   422.7   627.1   496.7   419.6   340.5   356.8   455.4   345.3   401.6   346.8   444.5   413.7   367.0   232.0   272.7   374.7   349.3   270.6   313.3   482.4   469.8   605.3   612.9   588.3   681.2   654.2   444.3   429.2   546.7   440.0   
   90.0e3  58.43   71.19   91.21   186.3   221.3   283.6   187.1   154.1   174.7   174.0   317.1   388.7   362.7   346.7   379.2   298.3   89.83   212.9   269.0   271.0   416.5   380.7   406.2   314.8   300.3   329.7   301.0   310.8   297.2   280.1   300.5   387.1   447.2   391.6   134.5   196.7   492.2   492.5   499.7   390.6   580.9   546.7   493.2   350.2   305.1   464.8   459.3   426.9   353.2   587.4   519.2   420.8   551.7   160.5   636.9   654.9   673.7   558.6   502.4   523.5   528.6   464.4   448.3   665.2   526.8   445.0   361.2   378.4   483.0   366.3   425.9   367.8   471.4   438.8   389.3   246.1   289.3   397.4   370.5   287.0   332.3   511.7   498.2   642.0   650.1   624.0   722.5   693.8   471.3   455.3   579.9   466.7   
   100.e3  61.60   75.04   96.15   196.4   233.3   298.9   197.2   162.4   184.1   183.4   334.3   409.7   382.3   365.4   399.7   314.5   94.69   224.4   283.6   285.6   439.0   401.3   428.2   331.9   316.5   347.5   317.3   327.6   313.3   295.2   316.7   408.0   471.4   412.8   141.7   207.3   518.8   519.1   526.8   411.8   612.3   576.3   519.9   369.1   321.6   490.0   484.1   450.0   372.4   619.1   547.2   443.5   581.6   169.2   671.3   690.4   710.1   588.8   529.5   551.8   557.2   489.5   472.6   701.2   555.3   469.1   380.7   398.9   509.1   386.1   449.0   387.7   496.9   462.5   410.3   259.4   304.9   418.9   390.6   302.5   350.3   539.3   525.2   676.7   685.2   657.7   761.6   731.4   496.8   479.9   611.3   491.9   
   110.e3  64.60   78.70   100.8   206.0   244.7   313.5   206.8   170.3   193.1   192.4   350.6   429.7   401.0   383.3   419.2   329.8   99.31   235.4   297.4   299.6   460.4   420.9   449.0   348.1   332.0   364.4   332.8   343.6   328.6   309.6   332.2   427.9   494.4   433.0   148.7   217.4   544.1   544.4   552.5   431.9   642.2   604.4   545.2   387.1   337.3   513.9   507.8   472.0   390.5   649.4   574.0   465.2   610.0   177.4   704.1   724.0   744.8   617.6   555.4   578.8   584.4   513.4   495.7   735.4   582.5   492.0   399.3   418.4   534.0   405.0   470.9   406.6   521.2   485.1   430.4   272.1   319.8   439.4   409.6   317.3   367.4   565.7   550.8   709.8   718.7   689.8   798.8   767.1   521.0   503.3   641.1   516.0   
   120.e3  67.47   82.20   105.3   215.2   255.6   327.4   216.0   177.9   201.7   200.9   366.2   448.8   418.8   400.3   437.9   344.5   103.7   245.9   310.6   312.9   480.9   439.6   469.0   363.5   346.7   380.7   347.5   358.9   343.2   323.4   347.0   447.0   516.3   452.2   155.3   227.1   568.3   568.7   577.0   451.1   670.8   631.3   569.5   404.3   352.3   536.7   530.3   493.0   407.9   678.2   599.5   485.8   637.1   185.3   735.4   756.2   777.9   645.0   580.1   604.5   610.4   536.2   517.7   768.1   608.4   513.9   417.0   437.0   557.7   423.0   491.8   424.7   544.4   506.6   449.5   284.2   334.0   458.9   427.8   331.4   383.7   590.8   575.3   741.3   750.6   720.5   834.3   801.2   544.2   525.7   669.6   538.9   
   130.e3  70.23   85.56   109.6   223.9   266.0   340.8   224.8   185.2   209.9   209.2   381.1   467.1   435.9   416.7   455.7   358.5   108.0   255.9   323.3   325.7   500.6   457.5   488.2   378.4   360.9   396.2   361.7   373.5   357.2   336.6   361.1   465.2   537.4   470.7   161.6   236.4   591.5   591.9   600.6   469.5   698.2   657.1   592.7   420.9   366.6   558.6   552.0   513.1   424.6   705.9   624.0   505.7   663.1   192.9   765.4   787.1   809.7   671.4   603.8   629.2   635.3   558.1   538.8   799.4   633.2   534.9   434.1   454.8   580.5   440.2   511.9   442.1   566.6   527.3   467.9   295.8   347.6   477.6   445.3   344.9   399.4   614.9   598.8   771.6   781.3   749.9   868.4   833.9   566.4   547.1   697.0   560.9   
   140.e3  72.88   88.79   113.8   232.4   276.1   353.7   233.3   192.2   217.8   217.0   395.5   484.8   452.4   432.4   472.9   372.1   112.0   265.6   335.5   338.0   519.5   474.8   506.6   392.7   374.5   411.2   375.4   387.6   370.7   349.3   374.8   482.8   557.7   488.4   167.7   245.3   613.9   614.2   623.3   487.2   724.5   681.9   615.1   436.7   380.5   579.7   572.8   532.5   440.6   732.6   647.5   524.8   688.1   200.2   794.3   816.8   840.2   696.7   626.6   652.9   659.3   579.2   559.2   829.6   657.1   555.1   450.5   472.0   602.4   456.8   531.2   458.7   588.0   547.2   485.5   306.9   360.8   495.7   462.1   357.9   414.5   638.1   621.4   800.7   810.8   778.2   901.1   865.4   587.8   567.8   723.3   582.1   
   150.e3  75.44   91.90   117.8   240.5   285.7   366.1   241.5   198.9   225.5   224.7   409.4   501.8   468.3   447.6   489.5   385.1   116.0   274.9   347.3   349.8   537.7   491.5   524.4   406.4   387.6   425.6   388.6   401.2   383.7   361.6   387.9   499.7   577.3   505.6   173.6   253.9   635.4   635.8   645.1   504.3   749.9   705.8   636.7   452.1   393.8   600.1   592.9   551.2   456.0   758.3   670.2   543.2   712.3   207.2   822.2   845.5   869.7   721.2   648.6   675.9   682.4   599.5   578.8   858.7   680.2   574.5   466.3   488.6   623.5   472.9   549.9   474.9   608.6   566.4   502.6   317.7   373.4   513.1   478.3   370.5   429.0   660.5   643.2   828.8   839.2   805.6   932.8   895.7   608.4   587.7   748.6   602.5   
   160.e3  77.91   94.92   121.6   248.4   295.1   378.1   249.4   205.4   232.9   232.0   422.8   518.2   483.6   462.2   505.6   397.8   119.8   283.9   358.7   361.3   555.3   507.6   541.6   419.8   400.4   439.5   401.3   414.4   396.3   373.4   400.7   516.1   596.2   522.2   179.3   262.2   656.3   656.6   666.3   520.8   774.5   729.0   657.6   466.9   406.8   619.8   612.4   569.2   471.0   783.2   692.2   561.0   735.6   214.0   849.2   873.2   898.2   744.8   669.8   698.0   704.8   619.2   597.8   886.9   702.5   593.4   481.6   504.6   644.0   488.4   567.9   490.4   628.6   585.0   519.0   328.1   385.7   529.9   494.0   382.7   443.1   682.2   664.3   856.0   866.8   832.0   963.4   925.1   628.4   607.0   773.2   622.3   
   170.e3  80.31   97.84   125.4   256.1   304.2   389.7   257.1   211.8   240.0   239.2   435.9   534.2   498.5   476.5   521.2   410.0   123.5   292.6   369.7   372.4   572.4   523.2   558.2   432.7   412.7   453.1   413.7   427.2   408.5   384.9   413.0   532.0   614.6   538.2   184.8   270.3   676.4   676.8   686.8   536.9   798.4   751.4   677.8   481.3   419.3   638.8   631.2   586.7   485.5   807.3   713.5   578.3   758.3   220.6   875.3   900.1   925.9   767.7   690.4   719.5   726.5   638.2   616.2   914.2   724.1   611.7   496.4   520.1   663.8   503.4   585.4   505.5   647.9   603.0   535.0   338.2   397.6   546.2   509.2   394.4   456.8   703.2   684.8   882.3   893.4   857.6   993.0   953.6   647.7   625.7   797.0   641.4   
   180.e3  82.64   100.7   129.0   263.5   313.0   401.0   264.5   217.9   247.0   246.1   448.5   549.7   512.9   490.3   536.3   421.9   127.0   301.1   380.4   383.2   589.0   538.4   574.4   445.2   424.6   466.2   425.7   439.5   420.3   396.1   425.0   547.4   632.4   553.8   190.2   278.2   696.1   696.5   706.7   552.4   821.5   773.2   697.5   495.2   431.4   657.3   649.5   603.8   499.6   830.7   734.2   595.0   780.3   227.0   900.7   926.2   952.7   790.0   710.5   740.4   747.5   656.7   634.0   940.7   745.1   629.4   510.8   535.2   683.0   518.0   602.4   520.2   666.7   620.5   550.5   348.0   409.1   562.0   524.0   405.9   470.0   723.6   704.6   907.9   919.3   882.4   1.022e3 981.2   666.5   643.8   820.1   660.0   
   200.e3  87.11   106.1   136.0   277.8   330.0   422.7   278.9   229.7   260.4   259.4   472.7   579.4   540.7   516.8   565.3   444.7   133.9   317.4   401.0   404.0   620.9   567.5   605.5   469.3   447.6   491.4   448.7   463.3   443.1   417.5   448.0   577.0   666.6   583.8   200.5   293.2   733.7   734.1   744.9   582.3   866.0   815.0   735.2   522.0   454.8   692.9   684.7   636.4   526.6   875.6   773.9   627.2   822.5   239.2   949.4   976.3   1.004e3 832.7   748.9   780.4   788.0   692.2   668.3   991.6   785.4   663.4   538.4   564.1   720.0   546.0   634.9   548.3   702.8   654.1   580.3   366.8   431.2   592.4   552.3   427.8   495.4   762.7   742.7   957.0   969.1   930.2   1.077e3 1.034e3 702.5   678.7   864.5   695.7   
   225.e3  101.2   121.7   148.3   329.7   423.6   479.6   324.4   269.1   288.9   309.6   545.7   676.2   654.7   622.0   648.6   515.4   205.9   384.0   464.5   472.9   723.8   691.9   700.8   569.1   499.0   552.1   514.6   544.5   503.0   497.1   527.0   679.8   771.4   674.0   217.4   360.8   855.0   855.3   856.2   667.7   986.1   940.6   853.7   616.0   551.2   814.0   812.1   739.2   674.6   963.3   894.4   741.0   955.5   294.7   1.116e3 1.135e3 1.184e3 973.2   877.7   904.9   914.0   825.2   781.2   1.119e3 918.4   761.9   632.2   649.9   842.4   666.6   712.0   626.1   801.6   759.8   696.5   425.8   521.4   710.1   643.5   503.1   582.1   915.4   866.6   1.125e3 1.155e3 1.083e3 1.264e3 1.222e3 836.0   802.9   1.031e3 808.0   
   250.e3  110.8   134.8   157.5   369.3   494.3   520.2   357.9   299.9   311.3   348.5   602.7   749.4   751.3   708.3   707.3   573.0   251.5   431.4   515.5   529.6   803.8   794.3   771.6   648.5   538.5   593.2   569.2   610.3   539.4   560.4   590.3   769.1   854.6   744.7   228.5   417.0   949.2   949.5   942.7   736.5   1.079e3 1.038e3 949.3   693.4   634.3   908.5   915.3   822.1   785.5   1.029e3 989.0   832.7   1.058e3 341.4   1.248e3 1.249e3 1.328e3 1.082e3 982.0   1.003e3 1.012e3 934.7   870.8   1.210e3 1.024e3 832.1   708.1   717.7   940.0   771.4   765.6   687.9   873.4   844.4   793.5   473.9   599.5   807.2   722.9   566.0   654.1   1.038e3 966.4   1.256e3 1.312e3 1.206e3 1.411e3 1.371e3 952.4   910.2   1.167e3 895.5   
   275.e3  115.9   144.5   165.6   393.0   532.3   546.0   378.4   319.7   328.5   372.0   641.3   794.9   816.7   763.9   742.4   614.4   264.8   456.3   551.5   570.1   856.3   860.9   815.6   697.5   569.3   617.6   610.6   654.8   558.0   600.9   632.6   835.0   912.0   792.8   237.3   454.0   1.011e3 1.012e3 1.002e3 787.4   1.145e3 1.103e3 1.016e3 747.2   691.1   969.8   984.0   880.1   844.2   1.083e3 1.054e3 894.3   1.125e3 373.3   1.335e3 1.319e3 1.424e3 1.154e3 1.054e3 1.070e3 1.079e3 1.008e3 931.6   1.271e3 1.095e3 874.7   760.3   766.3   1.006e3 845.7   801.1   733.6   919.8   903.1   859.5   508.9   655.2   872.7   782.2   611.3   705.8   1.117e3 1.036e3 1.340e3 1.424e3 1.293e3 1.507e3 1.467e3 1.038e3 989.6   1.257e3 953.8   
   300.e3  118.5   152.0   173.5   407.8   552.3   564.7   392.3   333.7   343.0   386.4   670.2   825.4   862.7   800.9   768.3   647.2   262.5   469.9   579.4   602.3   894.1   906.5   845.6   729.3   597.2   637.8   645.7   687.3   574.5   628.7   663.3   886.4   955.6   829.0   246.0   479.5   1.055e3 1.057e3 1.046e3 829.8   1.198e3 1.151e3 1.068e3 788.1   729.8   1.013e3 1.033e3 924.5   874.8   1.131e3 1.103e3 939.3   1.173e3 397.2   1.397e3 1.372e3 1.493e3 1.205e3 1.109e3 1.121e3 1.128e3 1.061e3 976.8   1.319e3 1.147e3 903.9   799.8   805.7   1.055e3 902.1   829.5   772.2   954.4   948.1   907.1   537.7   697.9   920.4   829.0   647.4   746.9   1.170e3 1.090e3 1.400e3 1.510e3 1.361e3 1.576e3 1.534e3 1.107e3 1.053e3 1.322e3 996.7   
   325.e3  119.9   158.0   181.7   418.0   563.7   580.1   403.2   344.5   355.8   395.9   694.1   848.2   897.0   827.5   793.2   675.9   254.5   478.6   603.4   630.3   924.3   940.6   868.8   751.8   624.4   661.5   677.5   713.1   595.1   649.6   687.8   928.8   992.2   859.1   255.1   498.8   1.091e3 1.094e3 1.083e3 868.6   1.243e3 1.190e3 1.111e3 822.2   755.6   1.048e3 1.071e3 961.9   892.1   1.177e3 1.144e3 975.4   1.212e3 417.2   1.447e3 1.419e3 1.548e3 1.245e3 1.155e3 1.162e3 1.169e3 1.103e3 1.014e3 1.361e3 1.189e3 927.5   832.5   841.2   1.095e3 948.5   855.9   808.0   984.1   986.3   944.4   563.6   733.5   958.5   868.0   678.8   782.5   1.210e3 1.137e3 1.447e3 1.581e3 1.420e3 1.630e3 1.586e3 1.166e3 1.108e3 1.372e3 1.032e3 
   350.e3  120.9   163.1   189.9   426.0   571.6   594.3   413.0   353.9   367.6   402.8   715.6   867.4   924.5   848.7   820.3   702.7   246.0   486.2   625.6   656.6   951.1   968.9   889.2   769.9   652.0   690.9   708.1   735.5   618.7   667.3   709.2   965.3   1.026e3 886.5   264.9   514.9   1.123e3 1.127e3 1.117e3 906.3   1.286e3 1.226e3 1.150e3 853.1   771.9   1.078e3 1.104e3 995.9   904.5   1.223e3 1.181e3 1.007e3 1.247e3 435.9   1.491e3 1.466e3 1.596e3 1.281e3 1.196e3 1.201e3 1.207e3 1.138e3 1.048e3 1.401e3 1.225e3 949.3   862.3   875.8   1.131e3 989.9   882.8   843.2   1.013e3 1.022e3 976.4   588.7   765.4   992.1   902.2   708.2   815.9   1.244e3 1.181e3 1.487e3 1.644e3 1.475e3 1.678e3 1.630e3 1.220e3 1.159e3 1.416e3 1.064e3 
   375.e3  121.8   167.6   198.3   433.3   578.8   608.5   422.6   362.8   378.6   408.6   736.3   885.3   948.4   867.6   850.3   729.2   239.6   494.4   647.4   682.7   976.8   994.7   909.1   786.5   680.5   724.5   738.3   756.5   643.4   683.9   729.6   998.0   1.058e3 913.0   275.5   529.8   1.154e3 1.159e3 1.150e3 944.5   1.328e3 1.261e3 1.188e3 883.0   781.8   1.108e3 1.134e3 1.029e3 916.5   1.269e3 1.218e3 1.038e3 1.281e3 454.6   1.534e3 1.515e3 1.642e3 1.316e3 1.237e3 1.237e3 1.244e3 1.170e3 1.081e3 1.443e3 1.259e3 971.7   891.0   910.9   1.166e3 1.029e3 911.5   879.0   1.042e3 1.056e3 1.006e3 614.2   795.8   1.024e3 933.8   737.3   848.9   1.274e3 1.225e3 1.526e3 1.703e3 1.529e3 1.723e3 1.672e3 1.272e3 1.208e3 1.456e3 1.095e3 
   400.e3  122.9   171.8   206.7   440.6   586.7   623.2   432.8   371.8   389.2   414.1   757.0   903.4   970.5   886.1   882.7   756.2   236.3   504.3   669.5   709.3   1.003e3 1.020e3 929.6   803.2   710.1   760.4   768.9   777.2   668.3   700.5   749.9   1.028e3 1.090e3 939.7   286.7   544.5   1.184e3 1.191e3 1.183e3 983.8   1.370e3 1.297e3 1.226e3 913.1   789.1   1.138e3 1.164e3 1.061e3 930.4   1.315e3 1.255e3 1.069e3 1.316e3 474.3   1.577e3 1.565e3 1.687e3 1.352e3 1.278e3 1.275e3 1.281e3 1.202e3 1.115e3 1.486e3 1.292e3 995.8   920.0   947.2   1.201e3 1.068e3 942.3   916.0   1.073e3 1.091e3 1.035e3 640.5   826.0   1.056e3 964.1   766.7   882.3   1.304e3 1.269e3 1.565e3 1.762e3 1.585e3 1.769e3 1.713e3 1.324e3 1.257e3 1.496e3 1.126e3 
   450.e3  125.8   179.6   223.3   456.9   607.2   654.9   455.3   391.0   409.8   425.6   800.2   942.1   1.013e3 925.1   953.3   812.9   239.6   530.1   716.0   765.6   1.057e3 1.073e3 974.6   840.0   772.9   834.9   832.2   820.0   718.8   736.3   792.5   1.086e3 1.158e3 995.7   311.1   575.4   1.250e3 1.261e3 1.251e3 1.067e3 1.459e3 1.372e3 1.306e3 975.9   812.8   1.203e3 1.226e3 1.130e3 967.6   1.409e3 1.333e3 1.134e3 1.390e3 517.6   1.669e3 1.671e3 1.783e3 1.427e3 1.363e3 1.353e3 1.362e3 1.267e3 1.185e3 1.577e3 1.359e3 1.050e3 980.6   1.025e3 1.274e3 1.147e3 1.011e3 994.5   1.140e3 1.164e3 1.094e3 696.8   888.3   1.123e3 1.024e3 828.7   952.8   1.366e3 1.363e3 1.649e3 1.883e3 1.703e3 1.865e3 1.800e3 1.430e3 1.357e3 1.580e3 1.193e3 
   500.e3  129.9   187.3   239.1   476.1   634.3   689.9   480.9   412.3   429.9   438.8   846.6   985.4   1.057e3 968.4   1.029e3 874.1   255.1   564.3   766.3   826.6   1.117e3 1.132e3 1.026e3 883.2   839.9   911.0   898.6   866.0   771.0   776.5   838.6   1.145e3 1.231e3 1.056e3 337.7   609.6   1.322e3 1.338e3 1.325e3 1.157e3 1.552e3 1.454e3 1.390e3 1.044e3 865.0   1.275e3 1.294e3 1.202e3 1.018e3 1.505e3 1.417e3 1.205e3 1.472e3 567.2   1.770e3 1.785e3 1.887e3 1.511e3 1.455e3 1.437e3 1.450e3 1.336e3 1.262e3 1.676e3 1.427e3 1.114e3 1.046e3 1.110e3 1.353e3 1.232e3 1.089e3 1.079e3 1.216e3 1.243e3 1.159e3 758.5   954.5   1.197e3 1.085e3 895.4   1.029e3 1.433e3 1.466e3 1.741e3 2.010e3 1.831e3 1.971e3 1.897e3 1.542e3 1.464e3 1.671e3 1.267e3 
   550.e3  135.0   195.0   254.4   498.1   666.8   727.4   509.1   435.6   449.7   453.9   895.8   1.033e3 1.103e3 1.015e3 1.108e3 939.5   280.5   605.6   820.0   892.0   1.182e3 1.196e3 1.082e3 932.9   910.5   988.1   967.7   915.4   825.4   821.1   888.2   1.208e3 1.309e3 1.121e3 366.1   647.2   1.400e3 1.422e3 1.404e3 1.252e3 1.650e3 1.541e3 1.480e3 1.116e3 941.3   1.355e3 1.368e3 1.279e3 1.080e3 1.602e3 1.507e3 1.281e3 1.561e3 622.7   1.880e3 1.906e3 2.000e3 1.603e3 1.553e3 1.527e3 1.545e3 1.411e3 1.345e3 1.780e3 1.499e3 1.185e3 1.116e3 1.201e3 1.438e3 1.322e3 1.173e3 1.168e3 1.299e3 1.327e3 1.228e3 824.9   1.025e3 1.277e3 1.149e3 966.5   1.110e3 1.507e3 1.577e3 1.841e3 2.144e3 1.967e3 2.084e3 2.001e3 1.660e3 1.576e3 1.769e3 1.346e3 
   600.e3  140.8   202.7   269.6   522.2   703.2   766.5   539.0   460.5   469.1   470.4   946.9   1.083e3 1.151e3 1.065e3 1.189e3 1.008e3 313.4   652.9   876.4   960.7   1.249e3 1.265e3 1.143e3 988.1   983.4   1.066e3 1.039e3 967.5   881.6   869.3   940.4   1.277e3 1.389e3 1.188e3 395.7   687.7   1.482e3 1.510e3 1.486e3 1.352e3 1.752e3 1.633e3 1.573e3 1.192e3 1.029e3 1.440e3 1.445e3 1.359e3 1.152e3 1.699e3 1.602e3 1.363e3 1.654e3 683.4   1.997e3 2.031e3 2.119e3 1.700e3 1.655e3 1.622e3 1.645e3 1.489e3 1.432e3 1.886e3 1.574e3 1.262e3 1.189e3 1.296e3 1.527e3 1.416e3 1.264e3 1.261e3 1.386e3 1.414e3 1.302e3 895.2   1.098e3 1.361e3 1.215e3 1.041e3 1.194e3 1.585e3 1.693e3 1.948e3 2.283e3 2.110e3 2.205e3 2.112e3 1.784e3 1.693e3 1.873e3 1.430e3 
   650.e3  147.3   210.6   285.6   547.8   742.0   806.1   570.1   486.4   488.0   488.0   999.2   1.135e3 1.199e3 1.117e3 1.272e3 1.079e3 352.1   704.8   934.8   1.032e3 1.319e3 1.337e3 1.206e3 1.048e3 1.058e3 1.143e3 1.110e3 1.021e3 939.0   920.3   994.3   1.350e3 1.472e3 1.257e3 426.2   730.4   1.567e3 1.602e3 1.569e3 1.454e3 1.855e3 1.727e3 1.668e3 1.271e3 1.122e3 1.529e3 1.526e3 1.440e3 1.230e3 1.795e3 1.700e3 1.448e3 1.751e3 748.4   2.119e3 2.161e3 2.242e3 1.802e3 1.761e3 1.719e3 1.749e3 1.570e3 1.522e3 1.993e3 1.653e3 1.343e3 1.265e3 1.395e3 1.617e3 1.512e3 1.357e3 1.356e3 1.476e3 1.505e3 1.379e3 968.4   1.174e3 1.449e3 1.282e3 1.118e3 1.282e3 1.666e3 1.813e3 2.059e3 2.426e3 2.258e3 2.329e3 2.227e3 1.910e3 1.813e3 1.981e3 1.517e3 
   700.e3  154.1   218.4   303.0   574.5   782.1   845.7   601.5   513.1   506.2   506.3   1.052e3 1.188e3 1.247e3 1.169e3 1.354e3 1.152e3 395.1   760.2   994.3   1.104e3 1.390e3 1.410e3 1.271e3 1.111e3 1.132e3 1.220e3 1.182e3 1.077e3 997.1   973.2   1.049e3 1.427e3 1.556e3 1.328e3 457.2   774.6   1.654e3 1.695e3 1.654e3 1.558e3 1.958e3 1.823e3 1.765e3 1.352e3 1.215e3 1.620e3 1.609e3 1.523e3 1.313e3 1.888e3 1.799e3 1.535e3 1.849e3 816.9   2.243e3 2.291e3 2.367e3 1.906e3 1.869e3 1.818e3 1.856e3 1.653e3 1.614e3 2.099e3 1.736e3 1.427e3 1.342e3 1.495e3 1.710e3 1.610e3 1.453e3 1.453e3 1.568e3 1.596e3 1.458e3 1.044e3 1.252e3 1.539e3 1.351e3 1.196e3 1.371e3 1.748e3 1.936e3 2.171e3 2.570e3 2.408e3 2.456e3 2.344e3 2.039e3 1.935e3 2.092e3 1.606e3 
   800.e3  168.4   233.8   341.8   629.2   862.2   922.3   663.9   567.4   540.7   543.7   1.156e3 1.293e3 1.342e3 1.274e3 1.516e3 1.300e3 489.2   878.2   1.115e3 1.251e3 1.530e3 1.560e3 1.403e3 1.246e3 1.281e3 1.370e3 1.324e3 1.188e3 1.113e3 1.082e3 1.159e3 1.584e3 1.724e3 1.467e3 519.8   865.6   1.826e3 1.884e3 1.823e3 1.765e3 2.162e3 2.013e3 1.957e3 1.513e3 1.398e3 1.807e3 1.776e3 1.687e3 1.487e3 2.066e3 1.998e3 1.712e3 2.046e3 961.4   2.496e3 2.554e3 2.620e3 2.117e3 2.085e3 2.016e3 2.071e3 1.820e3 1.799e3 2.303e3 1.914e3 1.600e3 1.495e3 1.696e3 1.893e3 1.807e3 1.648e3 1.645e3 1.752e3 1.778e3 1.619e3 1.197e3 1.407e3 1.722e3 1.489e3 1.353e3 1.550e3 1.913e3 2.183e3 2.399e3 2.857e3 2.709e3 2.710e3 2.579e3 2.298e3 2.180e3 2.316e3 1.785e3 
   900.e3  182.9   249.0   383.9   683.9   938.3   993.3   723.6   621.4   572.6   581.1   1.256e3 1.395e3 1.434e3 1.377e3 1.672e3 1.446e3 588.6   1.001e3 1.234e3 1.396e3 1.667e3 1.708e3 1.533e3 1.386e3 1.424e3 1.513e3 1.460e3 1.299e3 1.226e3 1.192e3 1.266e3 1.737e3 1.886e3 1.603e3 582.0   957.5   1.995e3 2.071e3 1.986e3 1.968e3 2.357e3 2.198e3 2.144e3 1.673e3 1.575e3 1.992e3 1.941e3 1.846e3 1.663e3 2.229e3 2.194e3 1.889e3 2.238e3 1.112e3 2.745e3 2.811e3 2.867e3 2.326e3 2.296e3 2.212e3 2.284e3 1.984e3 1.981e3 2.493e3 2.100e3 1.772e3 1.646e3 1.894e3 2.070e3 1.999e3 1.840e3 1.832e3 1.931e3 1.955e3 1.781e3 1.351e3 1.561e3 1.903e3 1.626e3 1.508e3 1.727e3 2.074e3 2.427e3 2.622e3 3.136e3 3.004e3 2.957e3 2.809e3 2.554e3 2.420e3 2.538e3 1.962e3 
   1.00e6  197.1   263.8   426.4   737.1   1.008e3 1.057e3 779.2   674.1   602.4   617.9   1.352e3 1.491e3 1.520e3 1.475e3 1.820e3 1.590e3 688.5   1.126e3 1.350e3 1.537e3 1.796e3 1.851e3 1.659e3 1.528e3 1.560e3 1.646e3 1.589e3 1.408e3 1.335e3 1.301e3 1.369e3 1.882e3 2.042e3 1.734e3 643.1   1.049e3 2.157e3 2.251e3 2.143e3 2.162e3 2.542e3 2.375e3 2.323e3 1.828e3 1.744e3 2.172e3 2.101e3 1.998e3 1.836e3 2.380e3 2.382e3 2.062e3 2.421e3 1.265e3 2.987e3 3.059e3 3.105e3 2.530e3 2.500e3 2.401e3 2.491e3 2.144e3 2.157e3 2.668e3 2.291e3 1.941e3 1.791e3 2.085e3 2.240e3 2.184e3 2.026e3 2.011e3 2.101e3 2.123e3 1.940e3 1.503e3 1.709e3 2.080e3 1.762e3 1.658e3 1.898e3 2.229e3 2.663e3 2.836e3 3.402e3 3.288e3 3.193e3 3.031e3 2.802e3 2.653e3 2.753e3 2.133e3 
   1.10e6  210.6   278.3   467.8   788.1   1.070e3 1.115e3 830.3   725.0   630.6   653.6   1.441e3 1.580e3 1.601e3 1.570e3 1.959e3 1.730e3 786.4   1.249e3 1.462e3 1.672e3 1.919e3 1.988e3 1.780e3 1.670e3 1.689e3 1.771e3 1.710e3 1.513e3 1.438e3 1.407e3 1.467e3 2.017e3 2.189e3 1.857e3 702.7   1.138e3 2.310e3 2.423e3 2.291e3 2.347e3 2.715e3 2.542e3 2.494e3 1.976e3 1.906e3 2.343e3 2.254e3 2.142e3 2.001e3 2.518e3 2.563e3 2.230e3 2.595e3 1.417e3 3.218e3 3.296e3 3.331e3 2.725e3 2.695e3 2.582e3 2.690e3 2.297e3 2.326e3 2.830e3 2.482e3 2.104e3 1.929e3 2.266e3 2.399e3 2.361e3 2.204e3 2.181e3 2.262e3 2.283e3 2.094e3 1.651e3 1.852e3 2.249e3 1.894e3 1.802e3 2.061e3 2.376e3 2.889e3 3.040e3 3.653e3 3.558e3 3.417e3 3.241e3 3.041e3 2.875e3 2.959e3 2.297e3 
   1.20e6  223.4   292.6   507.5   836.6   1.126e3 1.165e3 876.9   773.9   657.8   688.3   1.525e3 1.664e3 1.677e3 1.660e3 2.089e3 1.865e3 880.7   1.370e3 1.570e3 1.800e3 2.034e3 2.117e3 1.894e3 1.811e3 1.810e3 1.887e3 1.823e3 1.614e3 1.536e3 1.509e3 1.559e3 2.142e3 2.328e3 1.974e3 760.9   1.225e3 2.455e3 2.588e3 2.432e3 2.522e3 2.877e3 2.700e3 2.654e3 2.119e3 2.061e3 2.506e3 2.401e3 2.278e3 2.158e3 2.645e3 2.735e3 2.392e3 2.759e3 1.569e3 3.437e3 3.521e3 3.546e3 2.913e3 2.881e3 2.756e3 2.880e3 2.443e3 2.488e3 2.978e3 2.668e3 2.261e3 2.061e3 2.439e3 2.548e3 2.528e3 2.372e3 2.343e3 2.413e3 2.434e3 2.243e3 1.794e3 1.987e3 2.411e3 2.023e3 1.938e3 2.216e3 2.515e3 3.104e3 3.233e3 3.888e3 3.813e3 3.627e3 3.440e3 3.269e3 3.088e3 3.156e3 2.454e3 
   1.30e6  235.3   306.7   545.3   882.5   1.176e3 1.210e3 919.2   820.8   684.4   721.9   1.604e3 1.741e3 1.750e3 1.746e3 2.211e3 1.995e3 970.4   1.487e3 1.674e3 1.923e3 2.141e3 2.239e3 2.003e3 1.949e3 1.924e3 1.995e3 1.929e3 1.712e3 1.629e3 1.608e3 1.647e3 2.258e3 2.459e3 2.084e3 817.9   1.310e3 2.593e3 2.745e3 2.565e3 2.686e3 3.028e3 2.848e3 2.807e3 2.254e3 2.208e3 2.660e3 2.540e3 2.407e3 2.306e3 2.763e3 2.898e3 2.549e3 2.912e3 1.717e3 3.645e3 3.735e3 3.748e3 3.092e3 3.057e3 2.923e3 3.062e3 2.583e3 2.642e3 3.115e3 2.850e3 2.411e3 2.186e3 2.602e3 2.689e3 2.687e3 2.532e3 2.495e3 2.554e3 2.575e3 2.387e3 1.932e3 2.116e3 2.565e3 2.148e3 2.068e3 2.364e3 2.648e3 3.308e3 3.416e3 4.109e3 4.054e3 3.825e3 3.629e3 3.487e3 3.290e3 3.344e3 2.605e3 
   1.40e6  246.4   320.6   581.3   925.9   1.221e3 1.251e3 957.6   865.8   710.8   754.5   1.678e3 1.813e3 1.818e3 1.829e3 2.325e3 2.121e3 1.055e3 1.601e3 1.775e3 2.039e3 2.242e3 2.354e3 2.107e3 2.085e3 2.030e3 2.096e3 2.028e3 1.806e3 1.716e3 1.703e3 1.729e3 2.366e3 2.583e3 2.189e3 873.6   1.392e3 2.722e3 2.894e3 2.691e3 2.842e3 3.170e3 2.989e3 2.951e3 2.384e3 2.348e3 2.804e3 2.673e3 2.529e3 2.445e3 2.874e3 3.055e3 2.699e3 3.058e3 1.863e3 3.842e3 3.939e3 3.940e3 3.264e3 3.225e3 3.083e3 3.236e3 2.718e3 2.788e3 3.241e3 3.026e3 2.554e3 2.305e3 2.756e3 2.820e3 2.837e3 2.682e3 2.640e3 2.686e3 2.709e3 2.526e3 2.065e3 2.238e3 2.712e3 2.271e3 2.191e3 2.504e3 2.773e3 3.502e3 3.588e3 4.316e3 4.281e3 4.011e3 3.807e3 3.695e3 3.482e3 3.524e3 2.749e3 
   1.50e6  256.8   334.3   615.6   966.9   1.262e3 1.288e3 992.5   909.2   737.2   786.3   1.748e3 1.880e3 1.884e3 1.909e3 2.433e3 2.243e3 1.136e3 1.710e3 1.871e3 2.149e3 2.338e3 2.463e3 2.205e3 2.217e3 2.129e3 2.190e3 2.121e3 1.897e3 1.800e3 1.795e3 1.807e3 2.467e3 2.700e3 2.288e3 928.5   1.473e3 2.845e3 3.037e3 2.812e3 2.988e3 3.304e3 3.122e3 3.089e3 2.508e3 2.482e3 2.939e3 2.800e3 2.645e3 2.575e3 2.979e3 3.204e3 2.845e3 3.195e3 2.005e3 4.028e3 4.132e3 4.122e3 3.429e3 3.385e3 3.236e3 3.402e3 2.847e3 2.928e3 3.359e3 3.196e3 2.691e3 2.419e3 2.902e3 2.945e3 2.979e3 2.825e3 2.777e3 2.810e3 2.835e3 2.659e3 2.194e3 2.355e3 2.851e3 2.390e3 2.308e3 2.637e3 2.894e3 3.686e3 3.752e3 4.510e3 4.496e3 4.187e3 3.977e3 3.894e3 3.666e3 3.695e3 2.888e3 
   1.60e6  266.4   347.8   648.3   1.006e3 1.299e3 1.322e3 1.024e3 950.9   763.8   817.4   1.814e3 1.943e3 1.946e3 1.987e3 2.535e3 2.360e3 1.211e3 1.815e3 1.964e3 2.254e3 2.428e3 2.566e3 2.299e3 2.345e3 2.223e3 2.279e3 2.209e3 1.985e3 1.879e3 1.883e3 1.882e3 2.561e3 2.812e3 2.383e3 982.7   1.551e3 2.963e3 3.173e3 2.927e3 3.127e3 3.430e3 3.249e3 3.220e3 2.627e3 2.611e3 3.065e3 2.921e3 2.755e3 2.696e3 3.080e3 3.347e3 2.986e3 3.325e3 2.144e3 4.205e3 4.317e3 4.295e3 3.587e3 3.538e3 3.384e3 3.562e3 2.971e3 3.062e3 3.468e3 3.360e3 2.822e3 2.528e3 3.040e3 3.062e3 3.114e3 2.959e3 2.908e3 2.927e3 2.955e3 2.788e3 2.318e3 2.466e3 2.985e3 2.507e3 2.420e3 2.763e3 3.009e3 3.861e3 3.907e3 4.693e3 4.700e3 4.353e3 4.139e3 4.085e3 3.841e3 3.859e3 3.022e3 
   1.70e6  275.3   361.1   679.6   1.043e3 1.334e3 1.354e3 1.054e3 991.4   790.8   847.9   1.878e3 2.003e3 2.007e3 2.062e3 2.632e3 2.474e3 1.282e3 1.915e3 2.055e3 2.354e3 2.514e3 2.664e3 2.389e3 2.470e3 2.311e3 2.363e3 2.292e3 2.070e3 1.955e3 1.969e3 1.953e3 2.650e3 2.918e3 2.474e3 1.036e3 1.629e3 3.075e3 3.305e3 3.038e3 3.259e3 3.549e3 3.370e3 3.346e3 2.741e3 2.735e3 3.183e3 3.038e3 2.861e3 2.811e3 3.177e3 3.484e3 3.122e3 3.449e3 2.281e3 4.374e3 4.494e3 4.460e3 3.741e3 3.686e3 3.527e3 3.715e3 3.092e3 3.190e3 3.571e3 3.519e3 2.948e3 2.632e3 3.171e3 3.174e3 3.244e3 3.087e3 3.034e3 3.038e3 3.069e3 2.912e3 2.438e3 2.572e3 3.112e3 2.622e3 2.527e3 2.885e3 3.120e3 4.028e3 4.056e3 4.866e3 4.894e3 4.511e3 4.294e3 4.269e3 4.009e3 4.017e3 3.152e3 
   1.80e6  283.6   374.3   709.8   1.078e3 1.366e3 1.384e3 1.081e3 1.031e3 818.2   877.9   1.939e3 2.059e3 2.066e3 2.135e3 2.723e3 2.585e3 1.349e3 2.010e3 2.143e3 2.450e3 2.596e3 2.757e3 2.476e3 2.591e3 2.395e3 2.444e3 2.370e3 2.153e3 2.027e3 2.051e3 2.021e3 2.735e3 3.019e3 2.561e3 1.090e3 1.705e3 3.183e3 3.432e3 3.145e3 3.385e3 3.663e3 3.486e3 3.467e3 2.852e3 2.854e3 3.294e3 3.150e3 2.963e3 2.919e3 3.272e3 3.617e3 3.254e3 3.568e3 2.414e3 4.535e3 4.664e3 4.618e3 3.889e3 3.828e3 3.665e3 3.863e3 3.209e3 3.314e3 3.668e3 3.674e3 3.069e3 2.733e3 3.297e3 3.281e3 3.368e3 3.209e3 3.154e3 3.143e3 3.178e3 3.032e3 2.554e3 2.674e3 3.235e3 2.734e3 2.629e3 3.001e3 3.228e3 4.188e3 4.199e3 5.030e3 5.078e3 4.662e3 4.444e3 4.446e3 4.171e3 4.170e3 3.279e3 
   2.00e6  298.8   399.8   767.1   1.144e3 1.425e3 1.443e3 1.129e3 1.106e3 874.4   936.8   2.054e3 2.164e3 2.179e3 2.277e3 2.896e3 2.798e3 1.470e3 2.185e3 2.313e3 2.630e3 2.752e3 2.933e3 2.640e3 2.825e3 2.550e3 2.594e3 2.517e3 2.313e3 2.165e3 2.210e3 2.151e3 2.893e3 3.211e3 2.727e3 1.197e3 1.854e3 3.389e3 3.674e3 3.351e3 3.622e3 3.874e3 3.707e3 3.698e3 3.064e3 3.080e3 3.495e3 3.364e3 3.158e3 3.118e3 3.456e3 3.870e3 3.510e3 3.794e3 2.674e3 4.839e3 4.987e3 4.917e3 4.174e3 4.100e3 3.931e3 4.145e3 3.434e3 3.549e3 3.848e3 3.971e3 3.300e3 2.927e3 3.533e3 3.483e3 3.605e3 3.437e3 3.383e3 3.340e3 3.384e3 3.262e3 2.777e3 2.867e3 3.466e3 2.953e3 2.823e3 3.222e3 3.437e3 4.491e3 4.469e3 5.335e3 5.425e3 4.947e3 4.729e3 4.783e3 4.479e3 4.461e3 3.524e3 
   2.25e6  315.4   430.6   834.5   1.220e3 1.492e3 1.514e3 1.183e3 1.196e3 947.7   1.009e3 2.190e3 2.285e3 2.315e3 2.448e3 3.094e3 3.052e3 1.602e3 2.378e3 2.516e3 2.840e3 2.933e3 3.137e3 2.834e3 3.099e3 2.725e3 2.768e3 2.685e3 2.503e3 2.326e3 2.397e3 2.303e3 3.077e3 3.433e3 2.924e3 1.332e3 2.039e3 3.633e3 3.961e3 3.597e3 3.896e3 4.116e3 3.968e3 3.970e3 3.315e3 3.347e3 3.717e3 3.615e3 3.388e3 3.343e3 3.681e3 4.169e3 3.814e3 4.058e3 2.988e3 5.193e3 5.366e3 5.267e3 4.515e3 4.422e3 4.245e3 4.477e3 3.705e3 3.823e3 4.056e3 4.325e3 3.571e3 3.157e3 3.806e3 3.720e3 3.882e3 3.700e3 3.653e3 3.567e3 3.625e3 3.532e3 3.043e3 3.091e3 3.737e3 3.219e3 3.051e3 3.480e3 3.688e3 4.842e3 4.787e3 5.682e3 5.826e3 5.279e3 5.068e3 5.180e3 4.842e3 4.805e3 3.820e3 
   2.50e6  330.3   460.4   898.6   1.291e3 1.554e3 1.583e3 1.232e3 1.284e3 1.024e3 1.080e3 2.320e3 2.398e3 2.448e3 2.614e3 3.280e3 3.297e3 1.718e3 2.542e3 2.714e3 3.036e3 3.105e3 3.328e3 3.019e3 3.357e3 2.887e3 2.932e3 2.839e3 2.685e3 2.480e3 2.576e3 2.448e3 3.250e3 3.643e3 3.111e3 1.471e3 2.224e3 3.866e3 4.237e3 3.834e3 4.153e3 4.340e3 4.217e3 4.232e3 3.557e3 3.601e3 3.914e3 3.855e3 3.609e3 3.548e3 3.907e3 4.455e3 4.107e3 4.310e3 3.294e3 5.526e3 5.726e3 5.598e3 4.844e3 4.731e3 4.543e3 4.794e3 3.967e3 4.081e3 4.251e3 4.666e3 3.830e3 3.380e3 4.061e3 3.944e3 4.146e3 3.943e3 3.911e3 3.781e3 3.854e3 3.788e3 3.297e3 3.303e3 3.994e3 3.478e3 3.268e3 3.725e3 3.934e3 5.172e3 5.089e3 6.001e3 6.202e3 5.592e3 5.394e3 5.559e3 5.188e3 5.136e3 4.112e3 
   2.75e6  344.0   489.6   960.5   1.358e3 1.613e3 1.654e3 1.278e3 1.370e3 1.104e3 1.152e3 2.445e3 2.507e3 2.579e3 2.777e3 3.456e3 3.534e3 1.820e3 2.682e3 2.908e3 3.224e3 3.273e3 3.512e3 3.198e3 3.602e3 3.038e3 3.090e3 2.984e3 2.862e3 2.628e3 2.748e3 2.589e3 3.417e3 3.844e3 3.294e3 1.614e3 2.411e3 4.094e3 4.506e3 4.068e3 4.400e3 4.552e3 4.459e3 4.486e3 3.793e3 3.847e3 4.095e3 4.088e3 3.825e3 3.739e3 4.134e3 4.730e3 4.391e3 4.555e3 3.596e3 5.847e3 6.073e3 5.917e3 5.167e3 5.033e3 4.829e3 5.099e3 4.226e3 4.327e3 4.440e3 4.997e3 4.080e3 3.598e3 4.305e3 4.162e3 4.403e3 4.175e3 4.161e3 3.988e3 4.076e3 4.034e3 3.543e3 3.504e3 4.240e3 3.734e3 3.477e3 3.961e3 4.179e3 5.487e3 5.383e3 6.301e3 6.560e3 5.895e3 5.714e3 5.926e3 5.523e3 5.457e3 4.403e3 
   3.00e6  356.9   518.7   1.021e3 1.423e3 1.672e3 1.725e3 1.324e3 1.455e3 1.187e3 1.223e3 2.569e3 2.613e3 2.709e3 2.939e3 3.626e3 3.766e3 1.915e3 2.804e3 3.100e3 3.405e3 3.437e3 3.691e3 3.375e3 3.835e3 3.184e3 3.245e3 3.123e3 3.034e3 2.774e3 2.917e3 2.728e3 3.582e3 4.039e3 3.473e3 1.763e3 2.601e3 4.320e3 4.770e3 4.300e3 4.641e3 4.757e3 4.698e3 4.737e3 4.026e3 4.086e3 4.268e3 4.316e3 4.039e3 3.922e3 4.366e3 5.000e3 4.669e3 4.798e3 3.897e3 6.160e3 6.413e3 6.228e3 5.488e3 5.329e3 5.104e3 5.398e3 4.484e3 4.564e3 4.627e3 5.323e3 4.326e3 3.814e3 4.540e3 4.377e3 4.657e3 4.397e3 4.409e3 4.190e3 4.294e3 4.273e3 3.784e3 3.700e3 4.481e3 3.988e3 3.682e3 4.193e3 4.425e3 5.792e3 5.672e3 6.586e3 6.908e3 6.193e3 6.033e3 6.285e3 5.851e3 5.775e3 4.696e3 
   3.25e6  369.5   548.2   1.081e3 1.486e3 1.731e3 1.797e3 1.369e3 1.540e3 1.272e3 1.296e3 2.692e3 2.718e3 2.839e3 3.100e3 3.792e3 3.995e3 2.008e3 2.914e3 3.292e3 3.583e3 3.600e3 3.868e3 3.552e3 4.058e3 3.327e3 3.399e3 3.258e3 3.203e3 2.919e3 3.082e3 2.867e3 3.745e3 4.230e3 3.652e3 1.918e3 2.797e3 4.546e3 5.034e3 4.533e3 4.878e3 4.959e3 4.937e3 4.986e3 4.258e3 4.322e3 4.438e3 4.542e3 4.252e3 4.100e3 4.603e3 5.265e3 4.943e3 5.039e3 4.199e3 6.469e3 6.748e3 6.536e3 5.810e3 5.624e3 5.371e3 5.692e3 4.742e3 4.794e3 4.814e3 5.645e3 4.569e3 4.031e3 4.771e3 4.591e3 4.909e3 4.615e3 4.655e3 4.391e3 4.511e3 4.507e3 4.022e3 3.892e3 4.718e3 4.241e3 3.886e3 4.423e3 4.675e3 6.091e3 5.959e3 6.862e3 7.248e3 6.488e3 6.353e3 6.641e3 6.177e3 6.091e3 4.994e3 
   3.50e6  381.9   578.5   1.140e3 1.548e3 1.791e3 1.870e3 1.415e3 1.626e3 1.360e3 1.369e3 2.814e3 2.823e3 2.969e3 3.261e3 3.955e3 4.221e3 2.104e3 3.020e3 3.484e3 3.759e3 3.763e3 4.045e3 3.728e3 4.275e3 3.468e3 3.552e3 3.391e3 3.370e3 3.063e3 3.246e3 3.006e3 3.908e3 4.419e3 3.830e3 2.079e3 2.997e3 4.772e3 5.297e3 4.767e3 5.114e3 5.162e3 5.176e3 5.235e3 4.489e3 4.556e3 4.608e3 4.767e3 4.466e3 4.275e3 4.846e3 5.527e3 5.215e3 5.282e3 4.503e3 6.776e3 7.081e3 6.841e3 6.133e3 5.917e3 5.629e3 5.985e3 5.003e3 5.019e3 5.004e3 5.966e3 4.812e3 4.248e3 4.999e3 4.805e3 5.162e3 4.829e3 4.901e3 4.592e3 4.729e3 4.738e3 4.257e3 4.082e3 4.953e3 4.495e3 4.090e3 4.652e3 4.928e3 6.385e3 6.246e3 7.131e3 7.584e3 6.782e3 6.675e3 6.995e3 6.502e3 6.409e3 5.298e3 
   3.75e6  394.4   609.9   1.198e3 1.610e3 1.851e3 1.944e3 1.463e3 1.712e3 1.450e3 1.444e3 2.936e3 2.928e3 3.100e3 3.421e3 4.115e3 4.445e3 2.205e3 3.126e3 3.678e3 3.933e3 3.927e3 4.222e3 3.905e3 4.485e3 3.610e3 3.706e3 3.524e3 3.535e3 3.208e3 3.409e3 3.146e3 4.072e3 4.606e3 4.009e3 2.247e3 3.204e3 5.001e3 5.561e3 5.003e3 5.351e3 5.367e3 5.416e3 5.485e3 4.722e3 4.789e3 4.780e3 4.993e3 4.681e3 4.450e3 5.093e3 5.787e3 5.483e3 5.527e3 4.812e3 7.083e3 7.413e3 7.146e3 6.458e3 6.211e3 5.882e3 6.276e3 5.266e3 5.241e3 5.197e3 6.287e3 5.056e3 4.468e3 5.226e3 5.021e3 5.416e3 5.042e3 5.148e3 4.795e3 4.947e3 4.967e3 4.491e3 4.271e3 5.189e3 4.750e3 4.294e3 4.882e3 5.186e3 6.676e3 6.535e3 7.396e3 7.918e3 7.079e3 7.002e3 7.349e3 6.828e3 6.727e3 5.609e3 
   4.00e6  407.2   642.3   1.257e3 1.671e3 1.913e3 2.020e3 1.511e3 1.799e3 1.543e3 1.520e3 3.059e3 3.033e3 3.231e3 3.581e3 4.274e3 4.667e3 2.314e3 3.237e3 3.872e3 4.106e3 4.092e3 4.400e3 4.084e3 4.690e3 3.754e3 3.861e3 3.658e3 3.699e3 3.354e3 3.571e3 3.288e3 4.238e3 4.792e3 4.188e3 2.421e3 3.416e3 5.232e3 5.826e3 5.242e3 5.588e3 5.577e3 5.658e3 5.736e3 4.957e3 5.021e3 4.957e3 5.219e3 4.898e3 4.624e3 5.346e3 6.045e3 5.751e3 5.776e3 5.125e3 7.390e3 7.744e3 7.451e3 6.787e3 6.506e3 6.129e3 6.568e3 5.533e3 5.460e3 5.393e3 6.607e3 5.302e3 4.690e3 5.452e3 5.239e3 5.673e3 5.254e3 5.398e3 5.000e3 5.168e3 5.196e3 4.724e3 4.460e3 5.424e3 5.006e3 4.500e3 5.114e3 5.449e3 6.966e3 6.826e3 7.659e3 8.251e3 7.377e3 7.334e3 7.705e3 7.155e3 7.049e3 5.927e3 
   4.50e6  433.6   710.4   1.373e3 1.793e3 2.041e3 2.174e3 1.614e3 1.977e3 1.733e3 1.675e3 3.304e3 3.247e3 3.496e3 3.901e3 4.589e3 5.106e3 2.562e3 3.481e3 4.265e3 4.453e3 4.427e3 4.760e3 4.447e3 5.090e3 4.047e3 4.174e3 3.932e3 4.024e3 3.649e3 3.892e3 3.576e3 4.574e3 5.164e3 4.550e3 2.790e3 3.859e3 5.703e3 6.361e3 5.728e3 6.068e3 6.014e3 6.150e3 6.242e3 5.430e3 5.487e3 5.327e3 5.675e3 5.338e3 4.980e3 5.864e3 6.557e3 6.281e3 6.281e3 5.766e3 8.007e3 8.408e3 8.064e3 7.456e3 7.099e3 6.611e3 7.154e3 6.076e3 5.894e3 5.799e3 7.247e3 5.799e3 5.140e3 5.905e3 5.681e3 6.194e3 5.679e3 5.903e3 5.419e3 5.617e3 5.657e3 5.188e3 4.841e3 5.899e3 5.523e3 4.919e3 5.583e3 5.989e3 7.541e3 7.416e3 8.181e3 8.917e3 7.982e3 8.014e3 8.421e3 7.816e3 7.702e3 6.585e3 
   5.00e6  461.7   782.5   1.489e3 1.914e3 2.174e3 2.332e3 1.724e3 2.159e3 1.929e3 1.837e3 3.551e3 3.463e3 3.761e3 4.220e3 4.899e3 5.537e3 2.850e3 3.761e3 4.662e3 4.800e3 4.766e3 5.126e3 4.817e3 5.482e3 4.348e3 4.493e3 4.218e3 4.346e3 3.948e3 4.212e3 3.870e3 4.915e3 5.534e3 4.916e3 3.182e3 4.324e3 6.184e3 6.902e3 6.224e3 6.556e3 6.476e3 6.650e3 6.754e3 5.911e3 5.954e3 5.717e3 6.136e3 5.786e3 5.347e3 6.399e3 7.064e3 6.808e3 6.799e3 6.427e3 8.628e3 9.073e3 8.680e3 8.137e3 7.694e3 7.084e3 7.744e3 6.632e3 6.329e3 6.220e3 7.887e3 6.307e3 5.600e3 6.363e3 6.131e3 6.727e3 6.106e3 6.417e3 5.850e3 6.076e3 6.123e3 5.650e3 5.229e3 6.380e3 6.046e3 5.347e3 6.061e3 6.546e3 8.115e3 8.016e3 8.704e3 9.583e3 8.598e3 8.714e3 9.145e3 8.486e3 8.368e3 7.272e3 
   5.50e6  491.9   857.7   1.603e3 2.035e3 2.310e3 2.492e3 1.841e3 2.345e3 2.130e3 2.004e3 3.797e3 3.682e3 4.026e3 4.536e3 5.204e3 5.961e3 3.178e3 4.075e3 5.062e3 5.147e3 5.110e3 5.499e3 5.193e3 5.867e3 4.658e3 4.816e3 4.514e3 4.667e3 4.252e3 4.530e3 4.171e3 5.262e3 5.904e3 5.286e3 3.596e3 4.808e3 6.674e3 7.446e3 6.728e3 7.052e3 6.962e3 7.158e3 7.269e3 6.397e3 6.422e3 6.125e3 6.602e3 6.241e3 5.728e3 6.945e3 7.567e3 7.333e3 7.328e3 7.108e3 9.251e3 9.739e3 9.298e3 8.828e3 8.291e3 7.554e3 8.337e3 7.200e3 6.767e3 6.657e3 8.526e3 6.825e3 6.067e3 6.823e3 6.589e3 7.269e3 6.537e3 6.938e3 6.292e3 6.543e3 6.595e3 6.111e3 5.623e3 6.866e3 6.575e3 5.785e3 6.548e3 7.119e3 8.687e3 8.626e3 9.232e3 10.25e3 9.224e3 9.432e3 9.877e3 9.164e3 9.045e3 7.986e3 
   6.00e6  524.1   935.0   1.716e3 2.155e3 2.450e3 2.654e3 1.964e3 2.533e3 2.335e3 2.176e3 4.043e3 3.903e3 4.289e3 4.847e3 5.504e3 6.374e3 3.539e3 4.418e3 5.463e3 5.494e3 5.456e3 5.876e3 5.574e3 6.248e3 4.975e3 5.142e3 4.822e3 4.988e3 4.560e3 4.845e3 4.477e3 5.613e3 6.273e3 5.656e3 4.030e3 5.310e3 7.171e3 7.992e3 7.238e3 7.555e3 7.467e3 7.671e3 7.787e3 6.886e3 6.890e3 6.547e3 7.071e3 6.701e3 6.124e3 7.498e3 8.064e3 7.854e3 7.865e3 7.804e3 9.874e3 10.40e3 9.916e3 9.525e3 8.887e3 8.025e3 8.931e3 7.776e3 7.212e3 7.106e3 9.160e3 7.351e3 6.539e3 7.288e3 7.053e3 7.819e3 6.971e3 7.465e3 6.745e3 7.018e3 7.074e3 6.569e3 6.026e3 7.356e3 7.109e3 6.231e3 7.042e3 7.705e3 9.257e3 9.242e3 9.765e3 10.92e3 9.858e3 10.17e3 10.61e3 9.848e3 9.731e3 8.723e3 
   6.50e6  558.5   1.014e3 1.827e3 2.274e3 2.592e3 2.816e3 2.094e3 2.724e3 2.541e3 2.352e3 4.286e3 4.124e3 4.550e3 5.153e3 5.798e3 6.776e3 3.928e3 4.784e3 5.864e3 5.839e3 5.804e3 6.256e3 5.958e3 6.626e3 5.297e3 5.471e3 5.138e3 5.307e3 4.870e3 5.157e3 4.787e3 5.966e3 6.639e3 6.027e3 4.478e3 5.824e3 7.672e3 8.537e3 7.751e3 8.063e3 7.989e3 8.187e3 8.304e3 7.377e3 7.357e3 6.980e3 7.542e3 7.164e3 6.534e3 8.056e3 8.554e3 8.373e3 8.407e3 8.513e3 10.49e3 11.06e3 10.53e3 10.22e3 9.479e3 8.500e3 9.525e3 8.359e3 7.662e3 7.565e3 9.789e3 7.884e3 7.014e3 7.754e3 7.520e3 8.374e3 7.408e3 7.996e3 7.206e3 7.498e3 7.558e3 7.025e3 6.434e3 7.850e3 7.644e3 6.684e3 7.543e3 8.299e3 9.823e3 9.863e3 10.30e3 11.58e3 10.50e3 10.91e3 11.35e3 10.53e3 10.42e3 9.479e3 
   7.00e6  595.0   1.093e3 1.935e3 2.392e3 2.735e3 2.978e3 2.229e3 2.917e3 2.748e3 2.533e3 4.527e3 4.345e3 4.807e3 5.452e3 6.084e3 7.165e3 4.339e3 5.167e3 6.262e3 6.182e3 6.151e3 6.638e3 6.344e3 6.999e3 5.621e3 5.800e3 5.461e3 5.625e3 5.181e3 5.465e3 5.100e3 6.319e3 7.002e3 6.396e3 4.939e3 6.349e3 8.176e3 9.078e3 8.265e3 8.575e3 8.523e3 8.705e3 8.818e3 7.868e3 7.821e3 7.422e3 8.013e3 7.628e3 6.957e3 8.616e3 9.039e3 8.888e3 8.952e3 9.231e3 11.11e3 11.72e3 11.14e3 10.92e3 10.07e3 8.979e3 10.12e3 8.945e3 8.119e3 8.033e3 10.41e3 8.421e3 7.489e3 8.222e3 7.989e3 8.931e3 7.846e3 8.527e3 7.674e3 7.981e3 8.046e3 7.478e3 6.849e3 8.346e3 8.180e3 7.143e3 8.048e3 8.898e3 10.38e3 10.49e3 10.85e3 12.24e3 11.14e3 11.67e3 12.09e3 11.22e3 11.12e3 10.25e3 
   8.00e6  673.9   1.252e3 2.143e3 2.622e3 3.020e3 3.298e3 2.513e3 3.303e3 3.163e3 2.904e3 4.997e3 4.783e3 5.305e3 6.026e3 6.634e3 7.904e3 5.207e3 5.965e3 7.045e3 6.857e3 6.842e3 7.401e3 7.113e3 7.732e3 6.275e3 6.456e3 6.120e3 6.256e3 5.804e3 6.068e3 5.730e3 7.024e3 7.715e3 7.125e3 5.887e3 7.416e3 9.183e3 10.14e3 9.289e3 9.602e3 9.611e3 9.735e3 9.832e3 8.841e3 8.735e3 8.318e3 8.951e3 8.553e3 7.835e3 9.729e3 9.985e3 9.904e3 10.04e3 10.68e3 12.31e3 12.99e3 12.35e3 12.29e3 11.22e3 9.950e3 11.28e3 10.12e3 9.046e3 8.984e3 11.61e3 9.505e3 8.435e3 9.156e3 8.927e3 10.05e3 8.722e3 9.587e3 8.623e3 8.953e3 9.028e3 8.373e3 7.689e3 9.338e3 9.248e3 8.073e3 9.066e3 10.11e3 11.49e3 11.73e3 11.94e3 13.54e3 12.43e3 13.19e3 13.55e3 12.59e3 12.50e3 11.82e3 
   9.00e6  759.8   1.408e3 2.338e3 2.843e3 3.300e3 3.610e3 2.811e3 3.686e3 3.571e3 3.284e3 5.450e3 5.213e3 5.779e3 6.565e3 7.151e3 8.586e3 6.104e3 6.782e3 7.803e3 7.512e3 7.518e3 8.156e3 7.872e3 8.444e3 6.924e3 7.103e3 6.784e3 6.879e3 6.421e3 6.654e3 6.361e3 7.719e3 8.405e3 7.836e3 6.851e3 8.489e3 10.18e3 11.17e3 10.30e3 10.62e3 10.71e3 10.75e3 10.82e3 9.794e3 9.625e3 9.217e3 9.875e3 9.465e3 8.741e3 10.82e3 10.90e3 10.90e3 11.10e3 12.11e3 13.48e3 14.23e3 13.51e3 13.62e3 12.33e3 10.93e3 12.41e3 11.28e3 9.984e3 9.946e3 12.77e3 10.59e3 9.365e3 10.08e3 9.856e3 11.14e3 9.593e3 10.63e3 9.581e3 9.921e3 10.01e3 9.255e3 8.538e3 10.32e3 10.30e3 9.011e3 10.09e3 11.31e3 12.57e3 12.96e3 13.03e3 14.79e3 13.70e3 14.72e3 14.99e3 13.93e3 13.87e3 13.42e3 
   10.0e6  851.3   1.558e3 2.520e3 3.055e3 3.571e3 3.911e3 3.119e3 4.064e3 3.970e3 3.667e3 5.884e3 5.630e3 6.227e3 7.067e3 7.635e3 9.212e3 7.004e3 7.597e3 8.528e3 8.143e3 8.177e3 8.896e3 8.611e3 9.130e3 7.562e3 7.736e3 7.445e3 7.489e3 7.029e3 7.222e3 6.986e3 8.399e3 9.071e3 8.525e3 7.814e3 9.549e3 11.15e3 12.16e3 11.28e3 11.63e3 11.79e3 11.74e3 11.77e3 10.72e3 10.49e3 10.11e3 10.78e3 10.36e3 9.662e3 11.88e3 11.78e3 11.87e3 12.13e3 13.52e3 14.59e3 15.41e3 14.63e3 14.88e3 13.40e3 11.91e3 13.50e3 12.43e3 10.92e3 10.91e3 13.86e3 11.66e3 10.27e3 10.99e3 10.77e3 12.22e3 10.45e3 11.65e3 10.54e3 10.88e3 10.98e3 10.12e3 9.387e3 11.29e3 11.33e3 9.950e3 11.10e3 12.49e3 13.61e3 14.16e3 14.10e3 16.00e3 14.96e3 16.23e3 16.37e3 15.24e3 15.21e3 15.01e3 
   11.0e6  946.9   1.702e3 2.688e3 3.256e3 3.831e3 4.198e3 3.434e3 4.431e3 4.356e3 4.051e3 6.298e3 6.034e3 6.648e3 7.532e3 8.086e3 9.785e3 7.885e3 8.396e3 9.219e3 8.749e3 8.813e3 9.616e3 9.326e3 9.787e3 8.185e3 8.352e3 8.095e3 8.084e3 7.624e3 7.774e3 7.603e3 9.060e3 9.709e3 9.188e3 8.762e3 10.58e3 12.10e3 13.09e3 12.23e3 12.62e3 12.84e3 12.70e3 12.68e3 11.61e3 11.31e3 10.99e3 11.66e3 11.23e3 10.58e3 12.90e3 12.63e3 12.81e3 13.11e3 14.87e3 15.66e3 16.53e3 15.71e3 16.06e3 14.42e3 12.88e3 14.55e3 13.55e3 11.85e3 11.86e3 14.90e3 12.71e3 11.15e3 11.89e3 11.66e3 13.25e3 11.30e3 12.65e3 11.48e3 11.82e3 11.94e3 10.98e3 10.23e3 12.25e3 12.33e3 10.88e3 12.09e3 13.65e3 14.63e3 15.32e3 15.15e3 17.16e3 16.18e3 17.71e3 17.71e3 16.50e3 16.50e3 16.57e3 
   12.0e6  1.045e3 1.838e3 2.843e3 3.447e3 4.078e3 4.473e3 3.750e3 4.787e3 4.728e3 4.431e3 6.692e3 6.423e3 7.043e3 7.963e3 8.506e3 10.31e3 8.734e3 9.169e3 9.872e3 9.328e3 9.426e3 10.31e3 10.01e3 10.42e3 8.789e3 8.950e3 8.729e3 8.664e3 8.204e3 8.310e3 8.208e3 9.702e3 10.32e3 9.824e3 9.686e3 11.58e3 13.01e3 13.98e3 13.14e3 13.59e3 13.87e3 13.63e3 13.55e3 12.47e3 12.11e3 11.84e3 12.51e3 12.07e3 11.50e3 13.89e3 13.45e3 13.72e3 14.03e3 16.16e3 16.67e3 17.60e3 16.73e3 17.17e3 15.40e3 13.83e3 15.55e3 14.63e3 12.77e3 12.81e3 15.88e3 13.74e3 12.00e3 12.76e3 12.53e3 14.25e3 12.14e3 13.61e3 12.42e3 12.73e3 12.88e3 11.81e3 11.07e3 13.18e3 13.31e3 11.81e3 13.07e3 14.78e3 15.60e3 16.45e3 16.18e3 18.27e3 17.37e3 19.15e3 18.99e3 17.72e3 17.75e3 18.10e3 
   13.0e6  1.145e3 1.966e3 2.986e3 3.629e3 4.313e3 4.733e3 4.066e3 5.130e3 5.084e3 4.805e3 7.067e3 6.797e3 7.413e3 8.362e3 8.899e3 10.79e3 9.543e3 9.913e3 10.49e3 9.880e3 10.01e3 10.98e3 10.67e3 11.02e3 9.373e3 9.528e3 9.344e3 9.226e3 8.769e3 8.832e3 8.800e3 10.32e3 10.91e3 10.43e3 10.58e3 12.54e3 13.88e3 14.82e3 14.01e3 14.52e3 14.85e3 14.52e3 14.38e3 13.29e3 12.87e3 12.68e3 13.33e3 12.88e3 12.39e3 14.82e3 14.24e3 14.60e3 14.89e3 17.37e3 17.63e3 18.61e3 17.71e3 18.19e3 16.34e3 14.76e3 16.51e3 15.68e3 13.67e3 13.73e3 16.80e3 14.73e3 12.83e3 13.62e3 13.37e3 15.20e3 12.96e3 14.53e3 13.33e3 13.63e3 13.80e3 12.63e3 11.89e3 14.08e3 14.25e3 12.72e3 14.03e3 15.87e3 16.55e3 17.53e3 17.17e3 19.33e3 18.52e3 20.55e3 20.22e3 18.89e3 18.95e3 19.57e3 
   14.0e6  1.244e3 2.087e3 3.118e3 3.801e3 4.534e3 4.981e3 4.378e3 5.458e3 5.425e3 5.172e3 7.423e3 7.156e3 7.759e3 8.730e3 9.265e3 11.22e3 10.31e3 10.62e3 11.07e3 10.41e3 10.58e3 11.63e3 11.30e3 11.59e3 9.936e3 10.09e3 9.939e3 9.771e3 9.316e3 9.341e3 9.379e3 10.92e3 11.46e3 11.02e3 11.44e3 13.46e3 14.72e3 15.61e3 14.85e3 15.43e3 15.79e3 15.37e3 15.16e3 14.07e3 13.60e3 13.49e3 14.13e3 13.66e3 13.27e3 15.72e3 14.99e3 15.45e3 15.70e3 18.52e3 18.54e3 19.57e3 18.64e3 19.13e3 17.23e3 15.66e3 17.42e3 16.70e3 14.55e3 14.64e3 17.67e3 15.69e3 13.62e3 14.45e3 14.18e3 16.10e3 13.76e3 15.43e3 14.22e3 14.50e3 14.69e3 13.44e3 12.70e3 14.96e3 15.16e3 13.62e3 14.97e3 16.92e3 17.46e3 18.58e3 18.13e3 20.35e3 19.63e3 21.91e3 21.39e3 20.01e3 20.10e3 20.99e3 
   15.0e6  1.343e3 2.200e3 3.239e3 3.964e3 4.742e3 5.215e3 4.685e3 5.772e3 5.750e3 5.530e3 7.762e3 7.500e3 8.083e3 9.072e3 9.608e3 11.63e3 11.03e3 11.30e3 11.62e3 10.91e3 11.12e3 12.25e3 11.89e3 12.13e3 10.48e3 10.63e3 10.51e3 10.30e3 9.847e3 9.837e3 9.942e3 11.50e3 12.00e3 11.58e3 12.27e3 14.33e3 15.52e3 16.35e3 15.65e3 16.30e3 16.68e3 16.19e3 15.91e3 14.82e3 14.31e3 14.27e3 14.90e3 14.41e3 14.12e3 16.58e3 15.72e3 16.26e3 16.45e3 19.59e3 19.41e3 20.48e3 19.53e3 20.00e3 18.09e3 16.54e3 18.29e3 17.67e3 15.41e3 15.52e3 18.49e3 16.61e3 14.39e3 15.25e3 14.98e3 16.96e3 14.54e3 16.28e3 15.09e3 15.34e3 15.57e3 14.23e3 13.49e3 15.82e3 16.04e3 14.50e3 15.88e3 17.93e3 18.34e3 19.58e3 19.06e3 21.31e3 20.71e3 23.21e3 22.50e3 21.09e3 21.20e3 22.35e3 
   16.0e6  1.439e3 2.307e3 3.352e3 4.118e3 4.937e3 5.436e3 4.984e3 6.070e3 6.059e3 5.878e3 8.084e3 7.831e3 8.388e3 9.389e3 9.930e3 12.00e3 11.70e3 11.94e3 12.13e3 11.39e3 11.64e3 12.84e3 12.46e3 12.66e3 11.00e3 11.15e3 11.07e3 10.81e3 10.36e3 10.32e3 10.49e3 12.06e3 12.51e3 12.12e3 13.06e3 15.16e3 16.29e3 17.05e3 16.41e3 17.14e3 17.53e3 16.98e3 16.63e3 15.54e3 14.98e3 15.03e3 15.64e3 15.14e3 14.95e3 17.39e3 16.42e3 17.05e3 17.15e3 20.60e3 20.23e3 21.34e3 20.37e3 20.79e3 18.91e3 17.38e3 19.12e3 18.62e3 16.24e3 16.39e3 19.27e3 17.49e3 15.13e3 16.04e3 15.74e3 17.77e3 15.31e3 17.11e3 15.94e3 16.17e3 16.42e3 15.01e3 14.27e3 16.65e3 16.88e3 15.36e3 16.77e3 18.90e3 19.19e3 20.54e3 19.95e3 22.24e3 21.75e3 24.47e3 23.57e3 22.12e3 22.26e3 23.65e3 
   17.0e6  1.533e3 2.407e3 3.457e3 4.265e3 5.121e3 5.646e3 5.275e3 6.353e3 6.354e3 6.215e3 8.390e3 8.148e3 8.675e3 9.685e3 10.23e3 12.34e3 12.33e3 12.55e3 12.62e3 11.84e3 12.14e3 13.41e3 12.99e3 13.15e3 11.50e3 11.65e3 11.60e3 11.30e3 10.86e3 10.79e3 11.03e3 12.60e3 13.00e3 12.63e3 13.81e3 15.94e3 17.02e3 17.71e3 17.13e3 17.95e3 18.35e3 17.74e3 17.31e3 16.23e3 15.62e3 15.76e3 16.36e3 15.84e3 15.74e3 18.17e3 17.09e3 17.80e3 17.79e3 21.55e3 21.01e3 22.16e3 21.18e3 21.52e3 19.70e3 18.20e3 19.91e3 19.53e3 17.05e3 17.23e3 20.01e3 18.33e3 15.85e3 16.81e3 16.49e3 18.54e3 16.06e3 17.91e3 16.76e3 16.96e3 17.25e3 15.77e3 15.03e3 17.46e3 17.70e3 16.21e3 17.63e3 19.84e3 20.01e3 21.46e3 20.81e3 23.12e3 22.75e3 25.67e3 24.58e3 23.11e3 23.26e3 24.88e3 
   18.0e6  1.625e3 2.501e3 3.554e3 4.404e3 5.294e3 5.845e3 5.556e3 6.622e3 6.635e3 6.541e3 8.682e3 8.453e3 8.945e3 9.961e3 10.52e3 12.66e3 12.92e3 13.12e3 13.08e3 12.28e3 12.61e3 13.95e3 13.50e3 13.63e3 11.99e3 12.13e3 12.11e3 11.78e3 11.35e3 11.25e3 11.55e3 13.12e3 13.48e3 13.13e3 14.54e3 16.68e3 17.72e3 18.33e3 17.83e3 18.73e3 19.12e3 18.46e3 17.96e3 16.89e3 16.25e3 16.47e3 17.06e3 16.52e3 16.51e3 18.91e3 17.74e3 18.53e3 18.40e3 22.44e3 21.76e3 22.94e3 21.95e3 22.19e3 20.46e3 18.98e3 20.66e3 20.41e3 17.84e3 18.05e3 20.72e3 19.14e3 16.55e3 17.56e3 17.21e3 19.27e3 16.79e3 18.67e3 17.55e3 17.74e3 18.06e3 16.51e3 15.77e3 18.24e3 18.49e3 17.04e3 18.47e3 20.74e3 20.81e3 22.34e3 21.64e3 23.97e3 23.71e3 26.82e3 25.55e3 24.05e3 24.23e3 26.05e3 
   20.0e6  1.798e3 2.674e3 3.730e3 4.663e3 5.610e3 6.213e3 6.088e3 7.118e3 7.159e3 7.160e3 9.228e3 9.028e3 9.442e3 10.46e3 11.05e3 13.23e3 13.98e3 14.18e3 13.92e3 13.10e3 13.51e3 14.97e3 14.44e3 14.52e3 12.91e3 13.06e3 13.08e3 12.70e3 12.27e3 12.15e3 12.55e3 14.12e3 14.37e3 14.06e3 15.89e3 18.05e3 19.02e3 19.47e3 19.11e3 20.19e3 20.55e3 19.82e3 19.17e3 18.12e3 17.42e3 17.82e3 18.38e3 17.80e3 17.96e3 20.30e3 18.98e3 19.92e3 19.50e3 24.07e3 23.16e3 24.40e3 23.39e3 23.40e3 21.89e3 20.47e3 22.08e3 22.08e3 19.35e3 19.63e3 22.03e3 20.64e3 17.90e3 19.00e3 18.59e3 20.62e3 18.22e3 20.12e3 19.07e3 19.22e3 19.61e3 17.96e3 17.22e3 19.73e3 19.99e3 18.63e3 20.07e3 22.44e3 22.33e3 23.99e3 23.20e3 25.57e3 25.55e3 28.97e3 27.36e3 25.84e3 26.04e3 28.21e3 
   22.5e6  1.996e3 2.865e3 3.922e3 4.955e3 5.955e3 6.624e3 6.692e3 7.666e3 7.750e3 7.871e3 9.845e3 9.688e3 9.998e3 11.01e3 11.65e3 13.86e3 15.11e3 15.35e3 14.86e3 14.04e3 14.55e3 16.13e3 15.49e3 15.54e3 13.97e3 14.13e3 14.19e3 13.77e3 13.36e3 13.21e3 13.73e3 15.27e3 15.40e3 15.14e3 17.43e3 19.56e3 20.48e3 20.74e3 20.57e3 21.86e3 22.16e3 21.38e3 20.55e3 19.53e3 18.78e3 19.39e3 19.91e3 19.29e3 19.62e3 21.88e3 20.41e3 21.52e3 20.71e3 25.89e3 24.75e3 26.06e3 25.05e3 24.68e3 23.55e3 22.19e3 23.71e3 24.01e3 21.12e3 21.49e3 23.53e3 22.35e3 19.48e3 20.70e3 20.21e3 22.11e3 19.92e3 21.80e3 20.84e3 20.96e3 21.45e3 19.69e3 18.94e3 21.47e3 21.75e3 20.53e3 21.94e3 24.40e3 24.12e3 25.88e3 25.01e3 27.42e3 27.66e3 31.41e3 29.42e3 27.89e3 28.10e3 30.59e3 
   25.0e6  2.175e3 3.034e3 4.090e3 5.218e3 6.255e3 6.989e3 7.232e3 8.144e3 8.281e3 8.517e3 10.40e3 10.29e3 10.49e3 11.50e3 12.19e3 14.41e3 16.08e3 16.38e3 15.70e3 14.89e3 15.49e3 17.17e3 16.43e3 16.47e3 14.94e3 15.12e3 15.21e3 14.77e3 14.37e3 14.22e3 14.83e3 16.35e3 16.35e3 16.14e3 18.82e3 20.89e3 21.79e3 21.86e3 21.87e3 23.36e3 23.59e3 22.79e3 21.80e3 20.82e3 20.04e3 20.85e3 21.34e3 20.67e3 21.13e3 23.32e3 21.74e3 22.99e3 21.82e3 27.53e3 26.20e3 27.57e3 26.56e3 25.80e3 25.08e3 23.77e3 25.19e3 25.80e3 22.78e3 23.24e3 24.90e3 23.89e3 20.99e3 22.32e3 21.73e3 23.44e3 21.54e3 23.35e3 22.48e3 22.59e3 23.19e3 21.34e3 20.57e3 23.09e3 23.38e3 22.32e3 23.69e3 26.20e3 25.81e3 27.60e3 26.69e3 29.12e3 29.61e3 33.59e3 31.30e3 29.77e3 29.99e3 32.68e3 
   27.5e6  2.336e3 3.186e3 4.240e3 5.456e3 6.519e3 7.317e3 7.714e3 8.564e3 8.763e3 9.105e3 10.91e3 10.85e3 10.95e3 11.94e3 12.69e3 14.91e3 16.91e3 17.28e3 16.45e3 15.67e3 16.36e3 18.12e3 17.27e3 17.32e3 15.85e3 16.05e3 16.14e3 15.70e3 15.32e3 15.19e3 15.88e3 17.36e3 17.25e3 17.07e3 20.09e3 22.07e3 22.96e3 22.86e3 23.05e3 24.72e3 24.88e3 24.09e3 22.95e3 22.00e3 21.21e3 22.21e3 22.68e3 21.95e3 22.51e3 24.63e3 22.99e3 24.37e3 22.86e3 29.04e3 27.54e3 28.95e3 27.95e3 26.81e3 26.51e3 25.24e3 26.57e3 27.46e3 24.33e3 24.88e3 26.18e3 25.31e3 22.42e3 23.85e3 23.17e3 24.64e3 23.09e3 24.80e3 24.01e3 24.12e3 24.84e3 22.92e3 22.13e3 24.60e3 24.91e3 24.00e3 25.31e3 27.86e3 27.40e3 29.16e3 28.26e3 30.71e3 31.41e3 35.54e3 33.02e3 31.51e3 31.72e3 34.53e3 
   30.0e6  2.482e3 3.324e3 4.376e3 5.675e3 6.754e3 7.613e3 8.146e3 8.936e3 9.205e3 9.641e3 11.38e3 11.37e3 11.36e3 12.35e3 13.15e3 15.36e3 17.63e3 18.07e3 17.13e3 16.40e3 17.17e3 18.98e3 18.03e3 18.12e3 16.69e3 16.93e3 17.02e3 16.59e3 16.22e3 16.11e3 16.86e3 18.31e3 18.09e3 17.95e3 21.27e3 23.13e3 24.03e3 23.77e3 24.12e3 25.96e3 26.05e3 25.29e3 24.02e3 23.11e3 22.32e3 23.49e3 23.93e3 23.16e3 23.77e3 25.85e3 24.16e3 25.66e3 23.87e3 30.45e3 28.79e3 30.24e3 29.26e3 27.74e3 27.85e3 26.60e3 27.86e3 29.02e3 25.80e3 26.44e3 27.37e3 26.63e3 23.79e3 25.32e3 24.54e3 25.74e3 24.57e3 26.16e3 25.44e3 25.57e3 26.40e3 24.44e3 23.62e3 26.02e3 26.35e3 25.59e3 26.83e3 29.41e3 28.91e3 30.60e3 29.74e3 32.21e3 33.08e3 37.29e3 34.62e3 33.14e3 33.34e3 36.18e3 
   32.5e6  2.615e3 3.452e3 4.502e3 5.876e3 6.965e3 7.883e3 8.535e3 9.268e3 9.614e3 10.13e3 11.81e3 11.85e3 11.75e3 12.72e3 13.59e3 15.78e3 18.26e3 18.78e3 17.76e3 17.08e3 17.92e3 19.78e3 18.73e3 18.87e3 17.48e3 17.75e3 17.83e3 17.42e3 17.07e3 16.99e3 17.80e3 19.21e3 18.88e3 18.78e3 22.36e3 24.08e3 25.00e3 24.60e3 25.11e3 27.08e3 27.13e3 26.40e3 25.01e3 24.14e3 23.36e3 24.69e3 25.11e3 24.30e3 24.93e3 26.99e3 25.28e3 26.87e3 24.87e3 31.77e3 29.97e3 31.45e3 30.48e3 28.63e3 29.12e3 27.89e3 29.07e3 30.49e3 27.19e3 27.91e3 28.51e3 27.87e3 25.10e3 26.73e3 25.84e3 26.77e3 26.00e3 27.45e3 26.80e3 26.95e3 27.90e3 25.90e3 25.05e3 27.36e3 27.72e3 27.10e3 28.27e3 30.86e3 30.35e3 31.93e3 31.14e3 33.63e3 34.64e3 38.88e3 36.12e3 34.68e3 34.85e3 37.69e3 
   35.0e6  2.737e3 3.570e3 4.620e3 6.062e3 7.157e3 8.132e3 8.889e3 9.569e3 9.995e3 10.58e3 12.21e3 12.31e3 12.12e3 13.07e3 14.00e3 16.18e3 18.82e3 19.42e3 18.34e3 17.72e3 18.63e3 20.51e3 19.38e3 19.57e3 18.23e3 18.53e3 18.59e3 18.22e3 17.88e3 17.84e3 18.68e3 20.07e3 19.64e3 19.58e3 23.38e3 24.94e3 25.89e3 25.37e3 26.02e3 28.10e3 28.12e3 27.44e3 25.95e3 25.11e3 24.36e3 25.82e3 26.23e3 25.38e3 26.02e3 28.06e3 26.34e3 28.02e3 25.86e3 33.03e3 31.08e3 32.58e3 31.64e3 29.48e3 30.33e3 29.10e3 30.22e3 31.87e3 28.52e3 29.30e3 29.59e3 29.05e3 26.37e3 28.09e3 27.09e3 27.73e3 27.37e3 28.67e3 28.08e3 28.26e3 29.33e3 27.30e3 26.43e3 28.62e3 29.03e3 28.52e3 29.61e3 32.22e3 31.74e3 33.17e3 32.49e3 34.99e3 36.10e3 40.33e3 37.53e3 36.13e3 36.28e3 39.07e3 
   37.5e6  2.849e3 3.681e3 4.731e3 6.237e3 7.333e3 8.362e3 9.213e3 9.843e3 10.35e3 11.00e3 12.59e3 12.73e3 12.47e3 13.41e3 14.40e3 16.56e3 19.32e3 19.99e3 18.88e3 18.33e3 19.29e3 21.18e3 19.98e3 20.24e3 18.93e3 19.28e3 19.31e3 18.98e3 18.65e3 18.65e3 19.53e3 20.88e3 20.37e3 20.34e3 24.34e3 25.74e3 26.71e3 26.09e3 26.87e3 29.04e3 29.05e3 28.41e3 26.84e3 26.04e3 25.31e3 26.89e3 27.30e3 26.42e3 27.03e3 29.08e3 27.36e3 29.11e3 26.85e3 34.23e3 32.13e3 33.66e3 32.74e3 30.31e3 31.49e3 30.25e3 31.31e3 33.19e3 29.78e3 30.64e3 30.63e3 30.20e3 27.60e3 29.40e3 28.30e3 28.65e3 28.70e3 29.84e3 29.31e3 29.52e3 30.71e3 28.66e3 27.75e3 29.83e3 30.29e3 29.87e3 30.89e3 33.52e3 33.08e3 34.33e3 33.78e3 36.30e3 37.48e3 41.65e3 38.87e3 37.51e3 37.64e3 40.36e3 
   40.0e6  2.953e3 3.785e3 4.836e3 6.400e3 7.496e3 8.577e3 9.513e3 10.09e3 10.69e3 11.38e3 12.95e3 13.13e3 12.80e3 13.73e3 14.78e3 16.92e3 19.78e3 20.51e3 19.40e3 18.90e3 19.92e3 21.81e3 20.55e3 20.88e3 19.61e3 19.98e3 20.00e3 19.71e3 19.39e3 19.44e3 20.34e3 21.66e3 21.08e3 21.07e3 25.24e3 26.47e3 27.47e3 26.77e3 27.66e3 29.91e3 29.91e3 29.32e3 27.68e3 26.91e3 26.22e3 27.92e3 28.32e3 27.40e3 27.98e3 30.04e3 28.34e3 30.15e3 27.83e3 35.38e3 33.14e3 34.69e3 33.79e3 31.13e3 32.60e3 31.34e3 32.36e3 34.44e3 30.99e3 31.91e3 31.64e3 31.31e3 28.79e3 30.66e3 29.46e3 29.54e3 29.97e3 30.97e3 30.49e3 30.72e3 32.03e3 29.97e3 29.02e3 30.99e3 31.50e3 31.16e3 32.10e3 34.76e3 34.36e3 35.43e3 35.04e3 37.55e3 38.78e3 42.87e3 40.15e3 38.84e3 38.94e3 41.57e3 
   45.0e6  3.139e3 3.978e3 5.032e3 6.698e3 7.791e3 8.966e3 10.05e3 10.55e3 11.32e3 12.07e3 13.60e3 13.87e3 13.43e3 14.34e3 15.50e3 17.60e3 20.56e3 21.40e3 20.35e3 19.98e3 21.09e3 22.95e3 21.60e3 22.06e3 20.86e3 21.31e3 21.27e3 21.08e3 20.78e3 20.92e3 21.86e3 23.13e3 22.41e3 22.45e3 26.92e3 27.78e3 28.85e3 28.02e3 29.11e3 31.46e3 31.49e3 31.00e3 29.27e3 28.56e3 27.94e3 29.82e3 30.23e3 29.27e3 29.74e3 31.86e3 30.19e3 32.10e3 29.80e3 37.54e3 35.04e3 36.61e3 35.77e3 32.73e3 34.69e3 33.39e3 34.34e3 36.78e3 33.28e3 34.30e3 33.56e3 33.44e3 31.07e3 33.07e3 31.67e3 31.25e3 32.41e3 33.10e3 32.73e3 32.99e3 34.53e3 32.46e3 31.45e3 33.17e3 33.79e3 33.56e3 34.36e3 37.08e3 36.82e3 37.45e3 37.42e3 39.95e3 41.20e3 45.06e3 42.55e3 41.33e3 41.39e3 43.82e3 
   50.0e6  3.299e3 4.153e3 5.214e3 6.966e3 8.054e3 9.313e3 10.53e3 10.95e3 11.88e3 12.68e3 14.18e3 14.54e3 14.02e3 14.92e3 16.18e3 18.24e3 21.22e3 22.15e3 21.21e3 20.96e3 22.15e3 23.95e3 22.55e3 23.16e3 22.01e3 22.53e3 22.43e3 22.36e3 22.07e3 22.31e3 23.26e3 24.49e3 23.67e3 23.76e3 28.43e3 28.93e3 30.07e3 29.16e3 30.42e3 32.80e3 32.92e3 32.52e3 30.73e3 30.08e3 29.55e3 31.57e3 31.98e3 31.00e3 31.34e3 33.53e3 31.93e3 33.91e3 31.75e3 39.52e3 36.80e3 38.40e3 37.60e3 34.29e3 36.64e3 35.29e3 36.19e3 38.93e3 35.40e3 36.50e3 35.38e3 35.49e3 33.23e3 35.34e3 33.74e3 32.89e3 34.69e3 35.10e3 34.83e3 35.11e3 36.87e3 34.80e3 33.73e3 35.21e3 35.95e3 35.75e3 36.44e3 39.23e3 39.12e3 39.30e3 39.67e3 42.20e3 43.40e3 47.00e3 44.78e3 43.66e3 43.66e3 45.90e3 
   55.0e6  3.436e3 4.313e3 5.383e3 7.208e3 8.294e3 9.626e3 10.95e3 11.30e3 12.40e3 13.21e3 14.71e3 15.15e3 14.58e3 15.47e3 16.83e3 18.84e3 21.77e3 22.79e3 22.01e3 21.88e3 23.11e3 24.85e3 23.44e3 24.17e3 23.07e3 23.65e3 23.50e3 23.54e3 23.27e3 23.60e3 24.55e3 25.75e3 24.85e3 24.99e3 29.80e3 29.96e3 31.17e3 30.22e3 31.61e3 33.99e3 34.21e3 33.90e3 32.09e3 31.50e3 31.06e3 33.19e3 33.61e3 32.61e3 32.82e3 35.11e3 33.56e3 35.59e3 33.64e3 41.35e3 38.45e3 40.05e3 39.32e3 35.82e3 38.47e3 37.06e3 37.93e3 40.91e3 37.39e3 38.55e3 37.12e3 37.46e3 35.28e3 37.48e3 35.70e3 34.48e3 36.83e3 37.00e3 36.81e3 37.09e3 39.07e3 37.00e3 35.87e3 37.14e3 37.98e3 37.78e3 38.37e3 41.25e3 41.30e3 41.01e3 41.79e3 44.34e3 45.43e3 48.74e3 46.87e3 45.85e3 45.80e3 47.87e3 
   60.0e6  3.554e3 4.460e3 5.541e3 7.427e3 8.514e3 9.911e3 11.33e3 11.63e3 12.88e3 13.69e3 15.20e3 15.71e3 15.11e3 16.00e3 17.44e3 19.41e3 22.25e3 23.33e3 22.75e3 22.72e3 24.00e3 25.65e3 24.26e3 25.12e3 24.06e3 24.70e3 24.50e3 24.65e3 24.40e3 24.81e3 25.76e3 26.94e3 25.98e3 26.16e3 31.05e3 30.88e3 32.18e3 31.21e3 32.70e3 35.06e3 35.40e3 35.17e3 33.36e3 32.83e3 32.47e3 34.68e3 35.13e3 34.14e3 34.20e3 36.59e3 35.11e3 37.17e3 35.46e3 43.03e3 40.00e3 41.61e3 40.94e3 37.31e3 40.19e3 38.72e3 39.58e3 42.76e3 39.26e3 40.45e3 38.78e3 39.36e3 37.23e3 39.51e3 37.57e3 36.04e3 38.85e3 38.80e3 38.69e3 38.95e3 41.13e3 39.08e3 37.90e3 38.97e3 39.91e3 39.67e3 40.17e3 43.15e3 43.36e3 42.61e3 43.80e3 46.38e3 47.31e3 50.35e3 48.84e3 47.91e3 47.82e3 49.74e3 
   65.0e6  3.653e3 4.595e3 5.690e3 7.628e3 8.718e3 10.17e3 11.67e3 11.93e3 13.32e3 14.13e3 15.65e3 16.22e3 15.61e3 16.51e3 18.02e3 19.96e3 22.66e3 23.79e3 23.45e3 23.52e3 24.82e3 26.38e3 25.04e3 26.00e3 24.98e3 25.68e3 25.44e3 25.69e3 25.45e3 25.94e3 26.89e3 28.05e3 27.05e3 27.27e3 32.18e3 31.72e3 33.11e3 32.15e3 33.73e3 36.02e3 36.49e3 36.34e3 34.56e3 34.08e3 33.81e3 36.08e3 36.55e3 35.57e3 35.50e3 37.98e3 36.58e3 38.64e3 37.20e3 44.57e3 41.46e3 43.07e3 42.47e3 38.77e3 41.82e3 40.28e3 41.13e3 44.48e3 41.01e3 42.23e3 40.38e3 41.18e3 39.08e3 41.43e3 39.33e3 37.57e3 40.75e3 40.53e3 40.48e3 40.71e3 43.07e3 41.05e3 39.82e3 40.73e3 41.74e3 41.44e3 41.88e3 44.96e3 45.31e3 44.13e3 45.70e3 48.32e3 49.07e3 51.85e3 50.70e3 49.86e3 49.74e3 51.54e3 
   70.0e6  3.736e3 4.720e3 5.830e3 7.812e3 8.909e3 10.41e3 11.98e3 12.20e3 13.73e3 14.52e3 16.06e3 16.69e3 16.10e3 17.00e3 18.58e3 20.48e3 23.03e3 24.20e3 24.10e3 24.26e3 25.57e3 27.05e3 25.76e3 26.82e3 25.85e3 26.58e3 26.31e3 26.67e3 26.45e3 27.00e3 27.94e3 29.09e3 28.08e3 28.33e3 33.21e3 32.50e3 33.98e3 33.04e3 34.68e3 36.91e3 37.50e3 37.42e3 35.69e3 35.26e3 35.07e3 37.37e3 37.87e3 36.93e3 36.73e3 39.31e3 37.97e3 40.03e3 38.86e3 45.99e3 42.84e3 44.44e3 43.91e3 40.18e3 43.36e3 41.75e3 42.61e3 46.09e3 42.67e3 43.90e3 41.91e3 42.92e3 40.84e3 43.25e3 41.01e3 39.06e3 42.55e3 42.18e3 42.19e3 42.37e3 44.90e3 42.90e3 41.63e3 42.42e3 43.49e3 43.10e3 43.50e3 46.68e3 47.16e3 45.58e3 47.51e3 50.18e3 50.72e3 53.26e3 52.47e3 51.72e3 51.56e3 53.26e3 
   80.0e6  3.863e3 4.940e3 6.086e3 8.137e3 9.257e3 10.84e3 12.51e3 12.69e3 14.45e3 15.20e3 16.78e3 17.52e3 17.01e3 17.92e3 19.61e3 21.45e3 23.64e3 24.87e3 25.29e3 25.61e3 26.91e3 28.22e3 27.10e3 28.32e3 27.41e3 28.22e3 27.91e3 28.45e3 28.26e3 28.93e3 29.85e3 31.00e3 29.98e3 30.31e3 35.04e3 33.87e3 35.57e3 34.72e3 36.44e3 38.49e3 39.32e3 39.36e3 37.78e3 37.44e3 37.38e3 39.72e3 40.28e3 39.44e3 39.02e3 41.77e3 40.56e3 42.57e3 41.91e3 48.48e3 45.37e3 46.95e3 46.57e3 42.85e3 46.21e3 44.46e3 45.36e3 49.01e3 45.72e3 46.94e3 44.78e3 46.16e3 44.12e3 46.62e3 44.14e3 41.95e3 45.85e3 45.28e3 45.38e3 45.44e3 48.26e3 46.32e3 44.99e3 45.60e3 46.73e3 46.18e3 46.54e3 49.89e3 50.59e3 48.32e3 50.86e3 53.66e3 53.77e3 55.92e3 55.73e3 55.16e3 54.93e3 56.52e3 
   90.0e6  3.945e3 5.127e3 6.312e3 8.413e3 9.566e3 11.21e3 12.95e3 13.13e3 15.09e3 15.78e3 17.41e3 18.23e3 17.85e3 18.78e3 20.56e3 22.33e3 24.14e3 25.41e3 26.35e3 26.80e3 28.05e3 29.21e3 28.29e3 29.64e3 28.79e3 29.66e3 29.32e3 30.02e3 29.88e3 30.62e3 31.53e3 32.69e3 31.73e3 32.13e3 36.59e3 35.07e3 37.00e3 36.27e3 38.03e3 39.89e3 40.89e3 41.04e3 39.65e3 39.39e3 39.46e3 41.78e3 42.40e3 41.70e3 41.11e3 43.99e3 42.91e3 44.83e3 44.62e3 50.58e3 47.64e3 49.19e3 48.97e3 45.34e3 48.76e3 46.88e3 47.85e3 51.59e3 48.46e3 49.64e3 47.44e3 49.08e3 47.10e3 49.64e3 46.97e3 44.71e3 48.81e3 48.15e3 48.27e3 48.22e3 51.26e3 49.39e3 48.03e3 48.55e3 49.67e3 48.99e3 49.34e3 52.83e3 53.68e3 50.89e3 53.92e3 56.84e3 56.54e3 58.39e3 58.69e3 58.28e3 58.01e3 59.53e3 
   100.e6  3.995e3 5.286e3 6.511e3 8.648e3 9.840e3 11.54e3 13.30e3 13.51e3 15.63e3 16.26e3 17.94e3 18.84e3 18.62e3 19.58e3 21.41e3 23.13e3 24.58e3 25.84e3 27.29e3 27.85e3 29.04e3 30.07e3 29.36e3 30.79e3 30.02e3 30.92e3 30.57e3 31.42e3 31.33e3 32.11e3 33.02e3 34.20e3 33.32e3 33.79e3 37.94e3 36.13e3 38.32e3 37.73e3 39.49e3 41.15e3 42.27e3 42.52e3 41.34e3 41.15e3 41.31e3 43.60e3 44.27e3 43.75e3 43.04e3 46.00e3 45.05e3 46.86e3 47.01e3 52.35e3 49.68e3 51.18e3 51.14e3 47.63e3 51.06e3 49.06e3 50.10e3 53.86e3 50.91e3 52.04e3 49.88e3 51.71e3 49.79e3 52.36e3 49.55e3 47.31e3 51.48e3 50.80e3 50.91e3 50.73e3 53.94e3 52.14e3 50.78e3 51.27e3 52.35e3 51.59e3 51.96e3 55.54e3 56.47e3 53.33e3 56.72e3 59.76e3 59.09e3 60.72e3 61.38e3 61.12e3 60.80e3 62.32e3 
   110.e6  4.018e3 5.419e3 6.687e3 8.850e3 10.08e3 11.82e3 13.60e3 13.85e3 16.11e3 16.67e3 18.39e3 19.35e3 19.33e3 20.32e3 22.19e3 23.86e3 24.96e3 26.21e3 28.14e3 28.78e3 29.88e3 30.82e3 30.32e3 31.81e3 31.10e3 32.02e3 31.69e3 32.65e3 32.63e3 33.43e3 34.34e3 35.55e3 34.78e3 35.31e3 39.14e3 37.08e3 39.54e3 39.10e3 40.84e3 42.31e3 43.47e3 43.81e3 42.86e3 42.73e3 42.97e3 45.20e3 45.93e3 45.60e3 44.82e3 47.83e3 46.99e3 48.66e3 49.12e3 53.84e3 51.52e3 52.97e3 53.10e3 49.74e3 53.13e3 51.01e3 52.15e3 55.88e3 53.11e3 54.19e3 52.14e3 54.05e3 52.24e3 54.80e3 51.90e3 49.77e3 53.90e3 53.27e3 53.31e3 53.02e3 56.34e3 54.62e3 53.26e3 53.80e3 54.79e3 54.00e3 54.42e3 58.03e3 58.99e3 55.65e3 59.31e3 62.44e3 61.46e3 62.94e3 63.82e3 63.70e3 63.35e3 64.90e3 
   120.e6  4.023e3 5.530e3 6.841e3 9.024e3 10.30e3 12.07e3 13.84e3 14.16e3 16.53e3 17.02e3 18.78e3 19.79e3 19.98e3 21.00e3 22.90e3 24.51e3 25.31e3 26.53e3 28.89e3 29.61e3 30.61e3 31.48e3 31.18e3 32.70e3 32.06e3 32.98e3 32.69e3 33.75e3 33.79e3 34.58e3 35.52e3 36.76e3 36.11e3 36.71e3 40.20e3 37.94e3 40.68e3 40.41e3 42.09e3 43.39e3 44.53e3 44.95e3 44.23e3 44.16e3 44.46e3 46.62e3 47.40e3 47.27e3 46.46e3 49.47e3 48.76e3 50.28e3 50.97e3 55.10e3 53.16e3 54.56e3 54.87e3 51.67e3 55.00e3 52.77e3 54.01e3 57.67e3 55.09e3 56.11e3 54.21e3 56.14e3 54.45e3 56.99e3 54.03e3 52.08e3 56.10e3 55.56e3 55.49e3 55.11e3 58.49e3 56.85e3 55.52e3 56.12e3 57.01e3 56.26e3 56.73e3 60.33e3 61.26e3 57.88e3 61.71e3 64.90e3 63.67e3 65.05e3 66.03e3 66.06e3 65.68e3 67.28e3 
   130.e6  4.013e3 5.622e3 6.976e3 9.172e3 10.49e3 12.29e3 14.03e3 14.44e3 16.90e3 17.32e3 19.10e3 20.17e3 20.57e3 21.63e3 23.54e3 25.10e3 25.63e3 26.81e3 29.57e3 30.34e3 31.23e3 32.07e3 31.95e3 33.49e3 32.91e3 33.83e3 33.58e3 34.72e3 34.83e3 35.60e3 36.57e3 37.83e3 37.33e3 37.99e3 41.17e3 38.73e3 41.75e3 41.65e3 43.27e3 44.39e3 45.45e3 45.96e3 45.48e3 45.45e3 45.80e3 47.88e3 48.71e3 48.80e3 47.97e3 50.96e3 50.37e3 51.73e3 52.60e3 56.16e3 54.64e3 55.98e3 56.48e3 53.44e3 56.67e3 54.35e3 55.70e3 59.26e3 56.88e3 57.83e3 56.12e3 57.98e3 56.46e3 58.96e3 55.97e3 54.25e3 58.11e3 57.68e3 57.47e3 57.02e3 60.41e3 58.85e3 57.57e3 58.26e3 59.04e3 58.38e3 58.92e3 62.45e3 63.32e3 60.03e3 63.93e3 67.16e3 65.75e3 67.06e3 68.05e3 68.20e3 67.81e3 69.48e3 
   140.e6  3.993e3 5.698e3 7.095e3 9.300e3 10.65e3 12.47e3 14.20e3 14.69e3 17.22e3 17.57e3 19.38e3 20.49e3 21.11e3 22.21e3 24.12e3 25.64e3 25.93e3 27.06e3 30.17e3 30.99e3 31.77e3 32.58e3 32.64e3 34.17e3 33.66e3 34.57e3 34.37e3 35.57e3 35.77e3 36.49e3 37.51e3 38.80e3 38.45e3 39.17e3 42.05e3 39.46e3 42.76e3 42.84e3 44.37e3 45.32e3 46.25e3 46.85e3 46.60e3 46.61e3 46.99e3 48.99e3 49.87e3 50.18e3 49.36e3 52.31e3 51.83e3 53.03e3 54.02e3 57.05e3 55.97e3 57.25e3 57.94e3 55.05e3 58.18e3 55.76e3 57.23e3 60.69e3 58.48e3 59.38e3 57.87e3 59.61e3 58.27e3 60.73e3 57.74e3 56.27e3 59.96e3 59.66e3 59.28e3 58.77e3 62.13e3 60.67e3 59.42e3 60.23e3 60.89e3 60.38e3 60.97e3 64.41e3 65.19e3 62.09e3 66.01e3 69.24e3 67.71e3 68.97e3 69.89e3 70.15e3 69.75e3 71.51e3 
   150.e6  3.964e3 5.760e3 7.197e3 9.409e3 10.79e3 12.64e3 14.33e3 14.92e3 17.50e3 17.79e3 19.61e3 20.77e3 21.61e3 22.74e3 24.64e3 26.12e3 26.20e3 27.29e3 30.71e3 31.56e3 32.24e3 33.05e3 33.25e3 34.77e3 34.33e3 35.22e3 35.07e3 36.33e3 36.61e3 37.28e3 38.34e3 39.66e3 39.47e3 40.25e3 42.86e3 40.14e3 43.71e3 43.97e3 45.42e3 46.21e3 46.96e3 47.63e3 47.61e3 47.66e3 48.06e3 49.98e3 50.89e3 51.43e3 50.64e3 53.51e3 53.17e3 54.19e3 55.27e3 57.81e3 57.17e3 58.38e3 59.26e3 56.53e3 59.54e3 57.03e3 58.62e3 61.96e3 59.92e3 60.76e3 59.48e3 61.05e3 59.91e3 62.32e3 59.35e3 58.16e3 61.67e3 61.50e3 60.91e3 60.37e3 63.67e3 62.30e3 61.11e3 62.03e3 62.58e3 62.26e3 62.92e3 66.21e3 66.87e3 64.07e3 67.94e3 71.16e3 69.57e3 70.79e3 71.56e3 71.94e3 71.52e3 73.39e3 
   160.e6  3.929e3 5.810e3 7.286e3 9.502e3 10.91e3 12.78e3 14.43e3 15.12e3 17.74e3 17.97e3 19.80e3 21.00e3 22.06e3 23.23e3 25.12e3 26.55e3 26.46e3 27.50e3 31.19e3 32.07e3 32.65e3 33.46e3 33.80e3 35.30e3 34.92e3 35.79e3 35.70e3 37.00e3 37.37e3 37.97e3 39.09e3 40.44e3 40.40e3 41.25e3 43.63e3 40.78e3 44.61e3 45.06e3 46.40e3 47.03e3 47.58e3 48.33e3 48.52e3 48.61e3 49.02e3 50.86e3 51.80e3 52.57e3 51.81e3 54.60e3 54.38e3 55.23e3 56.35e3 58.45e3 58.24e3 59.40e3 60.46e3 57.88e3 60.76e3 58.17e3 59.88e3 63.09e3 61.21e3 62.01e3 60.96e3 62.32e3 61.40e3 63.74e3 60.81e3 59.91e3 63.26e3 63.22e3 62.40e3 61.84e3 65.04e3 63.78e3 62.64e3 63.68e3 64.12e3 64.04e3 64.76e3 67.87e3 68.39e3 65.98e3 69.74e3 72.93e3 71.33e3 72.51e3 73.08e3 73.56e3 73.15e3 75.12e3 
   170.e6  3.890e3 5.849e3 7.363e3 9.582e3 11.02e3 12.90e3 14.51e3 15.31e3 17.94e3 18.13e3 19.96e3 21.19e3 22.47e3 23.67e3 25.55e3 26.94e3 26.69e3 27.70e3 31.62e3 32.52e3 33.00e3 33.83e3 34.28e3 35.75e3 35.44e3 36.28e3 36.25e3 37.59e3 38.05e3 38.57e3 39.75e3 41.13e3 41.26e3 42.16e3 44.34e3 41.38e3 45.46e3 46.10e3 47.33e3 47.82e3 48.11e3 48.94e3 49.34e3 49.46e3 49.88e3 51.65e3 52.61e3 53.60e3 52.88e3 55.58e3 55.48e3 56.16e3 57.30e3 58.99e3 59.21e3 60.30e3 61.55e3 59.11e3 61.85e3 59.19e3 61.03e3 64.11e3 62.37e3 63.14e3 62.33e3 63.43e3 62.74e3 65.01e3 62.15e3 61.55e3 64.75e3 64.82e3 63.74e3 63.20e3 66.26e3 65.11e3 64.04e3 65.18e3 65.54e3 65.71e3 66.49e3 69.39e3 69.77e3 67.81e3 71.43e3 74.56e3 73.00e3 74.13e3 74.46e3 75.04e3 74.63e3 76.71e3 
   180.e6  3.849e3 5.878e3 7.429e3 9.649e3 11.10e3 13.01e3 14.58e3 15.47e3 18.12e3 18.26e3 20.09e3 21.35e3 22.85e3 24.08e3 25.94e3 27.28e3 26.91e3 27.88e3 31.99e3 32.92e3 33.31e3 34.17e3 34.71e3 36.15e3 35.90e3 36.71e3 36.74e3 38.11e3 38.66e3 39.09e3 40.35e3 41.75e3 42.04e3 43.00e3 45.01e3 41.95e3 46.26e3 47.10e3 48.21e3 48.55e3 48.58e3 49.48e3 50.09e3 50.23e3 50.65e3 52.34e3 53.32e3 54.54e3 53.86e3 56.45e3 56.49e3 56.99e3 58.13e3 59.45e3 60.07e3 61.11e3 62.54e3 60.24e3 62.83e3 60.10e3 62.06e3 65.03e3 63.41e3 64.14e3 63.58e3 64.40e3 63.95e3 66.15e3 63.36e3 63.07e3 66.15e3 66.32e3 64.96e3 64.44e3 67.35e3 66.32e3 65.30e3 66.56e3 66.83e3 67.30e3 68.13e3 70.79e3 71.02e3 69.56e3 73.01e3 76.06e3 74.59e3 75.67e3 75.72e3 76.40e3 75.99e3 78.19e3 
   200.e6  3.762e3 5.915e3 7.533e3 9.752e3 11.23e3 13.17e3 14.66e3 15.75e3 18.38e3 18.46e3 20.26e3 21.59e3 23.49e3 24.79e3 26.60e3 27.87e3 27.30e3 28.23e3 32.63e3 33.57e3 33.83e3 34.74e3 35.42e3 36.77e3 36.65e3 37.42e3 37.55e3 38.96e3 39.69e3 39.94e3 41.35e3 42.81e3 43.42e3 44.48e3 46.27e3 43.00e3 47.74e3 48.98e3 49.84e3 49.91e3 49.33e3 50.37e3 51.36e3 51.55e3 51.95e3 53.50e3 54.51e3 56.16e3 55.55e3 57.92e3 58.22e3 58.40e3 59.47e3 60.16e3 61.55e3 62.47e3 64.25e3 62.20e3 64.49e3 61.64e3 63.85e3 66.58e3 65.17e3 65.86e3 65.78e3 65.98e3 66.02e3 68.08e3 65.46e3 65.79e3 68.73e3 69.04e3 67.06e3 66.64e3 69.18e3 68.41e3 67.49e3 68.95e3 69.12e3 70.21e3 71.15e3 73.27e3 73.17e3 72.86e3 75.87e3 78.75e3 77.54e3 78.49e3 77.90e3 78.76e3 78.38e3 80.80e3 
   225.e6  3.790e3 6.033e3 7.592e3 9.815e3 11.44e3 13.41e3 14.96e3 16.17e3 18.69e3 18.79e3 20.66e3 21.99e3 24.12e3 25.49e3 27.14e3 28.40e3 28.38e3 28.81e3 33.29e3 34.22e3 34.59e3 35.55e3 36.48e3 37.58e3 37.58e3 38.28e3 38.68e3 40.15e3 40.78e3 41.16e3 42.72e3 43.83e3 44.75e3 45.82e3 46.77e3 44.09e3 49.25e3 50.54e3 51.53e3 51.28e3 50.72e3 51.80e3 53.11e3 53.21e3 53.76e3 55.25e3 56.05e3 58.13e3 57.77e3 59.89e3 60.32e3 60.28e3 60.68e3 60.85e3 63.42e3 64.35e3 66.55e3 64.54e3 66.73e3 63.95e3 66.19e3 68.47e3 67.48e3 68.33e3 68.06e3 68.14e3 68.50e3 70.57e3 68.19e3 68.63e3 71.19e3 72.03e3 69.73e3 69.54e3 71.90e3 70.92e3 70.40e3 71.89e3 71.81e3 73.17e3 73.94e3 76.36e3 75.94e3 75.97e3 78.24e3 80.93e3 80.45e3 81.31e3 80.89e3 82.00e3 81.54e3 83.90e3 
   250.e6  3.806e3 6.076e3 7.513e3 9.720e3 11.50e3 13.46e3 15.13e3 16.38e3 18.69e3 18.89e3 20.83e3 22.11e3 24.34e3 25.75e3 27.21e3 28.47e3 29.29e3 29.11e3 33.44e3 34.34e3 34.90e3 35.94e3 37.07e3 37.91e3 38.02e3 38.65e3 39.34e3 40.88e3 41.31e3 41.91e3 43.60e3 44.23e3 45.39e3 46.43e3 46.49e3 44.65e3 50.00e3 51.18e3 52.42e3 51.93e3 51.63e3 52.72e3 54.25e3 54.22e3 54.97e3 56.44e3 56.94e3 59.37e3 59.26e3 61.14e3 61.64e3 61.47e3 61.05e3 60.86e3 64.54e3 65.51e3 68.09e3 66.10e3 68.21e3 65.61e3 67.78e3 69.59e3 69.03e3 70.08e3 69.39e3 69.60e3 70.17e3 72.25e3 70.18e3 70.50e3 72.59e3 74.02e3 71.66e3 71.73e3 73.98e3 72.64e3 72.60e3 74.00e3 73.67e3 75.10e3 75.59e3 78.57e3 77.85e3 77.88e3 79.34e3 81.81e3 82.18e3 82.95e3 83.04e3 84.40e3 83.82e3 86.03e3 
   275.e6  3.683e3 6.028e3 7.486e3 9.667e3 11.55e3 13.52e3 15.15e3 16.51e3 18.74e3 18.91e3 20.92e3 22.21e3 24.59e3 26.04e3 27.35e3 28.63e3 29.50e3 29.38e3 33.64e3 34.55e3 35.16e3 36.36e3 37.48e3 38.15e3 38.44e3 39.01e3 39.83e3 41.42e3 41.86e3 42.56e3 44.17e3 44.71e3 46.02e3 47.06e3 47.08e3 45.21e3 50.66e3 51.85e3 53.19e3 52.51e3 52.32e3 53.50e3 55.08e3 55.01e3 55.80e3 57.29e3 57.78e3 60.34e3 60.45e3 62.11e3 62.74e3 62.37e3 61.96e3 61.36e3 65.50e3 66.48e3 69.21e3 67.41e3 69.27e3 66.75e3 68.92e3 70.40e3 70.21e3 71.32e3 70.62e3 70.82e3 71.46e3 73.46e3 71.63e3 72.07e3 73.71e3 75.71e3 73.35e3 73.39e3 75.46e3 74.13e3 74.33e3 75.51e3 75.18e3 76.70e3 77.21e3 80.34e3 79.34e3 79.69e3 81.64e3 83.66e3 84.10e3 84.72e3 84.94e3 86.25e3 85.68e3 87.85e3 
   300.e6  3.575e3 5.971e3 7.447e3 9.600e3 11.56e3 13.54e3 15.15e3 16.59e3 18.72e3 18.89e3 20.94e3 22.25e3 24.75e3 26.22e3 27.40e3 28.70e3 29.63e3 29.60e3 33.74e3 34.65e3 35.30e3 36.68e3 37.74e3 38.27e3 38.72e3 39.24e3 40.16e3 41.79e3 42.25e3 43.03e3 44.57e3 45.03e3 46.46e3 47.51e3 47.59e3 45.69e3 51.12e3 52.31e3 53.72e3 52.91e3 52.82e3 54.09e3 55.69e3 55.58e3 56.41e3 57.92e3 58.39e3 61.06e3 61.32e3 62.80e3 63.57e3 63.01e3 62.66e3 61.76e3 66.20e3 67.19e3 70.04e3 68.43e3 70.03e3 67.60e3 69.77e3 70.98e3 71.08e3 72.25e3 71.55e3 71.77e3 72.42e3 74.33e3 72.74e3 73.28e3 74.54e3 77.01e3 74.70e3 74.71e3 76.58e3 75.31e3 75.72e3 76.66e3 76.38e3 77.96e3 78.49e3 81.72e3 80.51e3 81.12e3 83.58e3 85.16e3 85.66e3 86.11e3 86.45e3 87.70e3 87.14e3 89.31e3 
   325.e6  3.479e3 5.908e3 7.397e3 9.523e3 11.54e3 13.52e3 15.12e3 16.64e3 18.65e3 18.85e3 20.92e3 22.25e3 24.83e3 26.33e3 27.38e3 28.68e3 29.70e3 29.77e3 33.74e3 34.68e3 35.34e3 36.90e3 37.87e3 38.29e3 38.88e3 39.37e3 40.37e3 42.04e3 42.50e3 43.36e3 44.84e3 45.23e3 46.74e3 47.80e3 48.04e3 46.10e3 51.42e3 52.61e3 54.06e3 53.18e3 53.17e3 54.50e3 56.11e3 55.96e3 56.83e3 58.36e3 58.82e3 61.57e3 61.93e3 63.27e3 64.17e3 63.46e3 63.19e3 62.08e3 66.71e3 67.70e3 70.65e3 69.21e3 70.55e3 68.22e3 70.37e3 71.38e3 71.71e3 72.94e3 72.22e3 72.50e3 73.12e3 74.94e3 73.58e3 74.19e3 75.14e3 78.00e3 75.76e3 75.76e3 77.42e3 76.24e3 76.81e3 77.52e3 77.32e3 78.94e3 79.48e3 82.75e3 81.43e3 82.23e3 85.20e3 86.37e3 86.89e3 87.19e3 87.64e3 88.82e3 88.29e3 90.47e3 
   350.e6  3.395e3 5.842e3 7.341e3 9.437e3 11.48e3 13.48e3 15.09e3 16.66e3 18.55e3 18.78e3 20.85e3 22.20e3 24.85e3 26.36e3 27.30e3 28.61e3 29.71e3 29.89e3 33.67e3 34.63e3 35.31e3 37.05e3 37.90e3 38.22e3 38.96e3 39.41e3 40.47e3 42.17e3 42.63e3 43.58e3 44.98e3 45.33e3 46.89e3 47.96e3 48.44e3 46.44e3 51.59e3 52.77e3 54.24e3 53.33e3 53.40e3 54.78e3 56.37e3 56.20e3 57.11e3 58.66e3 59.09e3 61.90e3 62.32e3 63.57e3 64.58e3 63.74e3 63.59e3 62.34e3 67.05e3 68.05e3 71.07e3 69.79e3 70.88e3 68.64e3 70.78e3 71.63e3 72.13e3 73.42e3 72.68e3 73.04e3 73.60e3 75.34e3 74.20e3 74.85e3 75.56e3 78.72e3 76.58e3 76.58e3 78.02e3 76.96e3 77.65e3 78.14e3 78.06e3 79.69e3 80.25e3 83.50e3 82.13e3 83.08e3 86.54e3 87.35e3 87.87e3 88.00e3 88.56e3 89.68e3 89.18e3 91.39e3 
   375.e6  3.321e3 5.773e3 7.280e3 9.347e3 11.41e3 13.41e3 15.03e3 16.65e3 18.43e3 18.70e3 20.75e3 22.13e3 24.81e3 26.33e3 27.18e3 28.49e3 29.67e3 29.96e3 33.54e3 34.54e3 35.22e3 37.13e3 37.84e3 38.10e3 38.95e3 39.39e3 40.50e3 42.23e3 42.68e3 43.69e3 45.04e3 45.36e3 46.94e3 48.02e3 48.77e3 46.71e3 51.65e3 52.82e3 54.28e3 53.40e3 53.53e3 54.94e3 56.51e3 56.32e3 57.27e3 58.83e3 59.25e3 62.09e3 62.53e3 63.72e3 64.84e3 63.89e3 63.89e3 62.54e3 67.26e3 68.27e3 71.34e3 70.21e3 71.06e3 68.91e3 71.02e3 71.76e3 72.40e3 73.73e3 72.99e3 73.44e3 73.91e3 75.58e3 74.63e3 75.31e3 75.85e3 79.22e3 77.19e3 77.21e3 78.43e3 77.52e3 78.29e3 78.58e3 78.62e3 80.26e3 80.83e3 84.02e3 82.66e3 83.72e3 87.65e3 88.14e3 88.62e3 88.60e3 89.25e3 90.31e3 89.84e3 92.08e3 
   400.e6  3.255e3 5.703e3 7.215e3 9.252e3 11.32e3 13.33e3 14.97e3 16.63e3 18.28e3 18.61e3 20.62e3 22.03e3 24.74e3 26.26e3 27.02e3 28.34e3 29.59e3 29.99e3 33.37e3 34.40e3 35.09e3 37.15e3 37.73e3 37.93e3 38.89e3 39.32e3 40.46e3 42.21e3 42.65e3 43.73e3 45.01e3 45.32e3 46.91e3 47.99e3 49.06e3 46.93e3 51.62e3 52.78e3 54.22e3 53.41e3 53.58e3 55.01e3 56.53e3 56.34e3 57.33e3 58.90e3 59.31e3 62.16e3 62.58e3 63.75e3 64.96e3 63.94e3 64.10e3 62.70e3 67.36e3 68.38e3 71.48e3 70.49e3 71.11e3 69.06e3 71.14e3 71.80e3 72.54e3 73.91e3 73.16e3 73.71e3 74.07e3 75.68e3 74.92e3 75.59e3 76.03e3 79.55e3 77.62e3 77.67e3 78.68e3 77.93e3 78.77e3 78.86e3 79.05e3 80.68e3 81.26e3 84.35e3 83.05e3 84.17e3 88.55e3 88.76e3 89.19e3 89.01e3 89.75e3 90.76e3 90.33e3 92.60e3 
   450.e6  3.143e3 5.562e3 7.079e3 9.055e3 11.10e3 13.13e3 14.81e3 16.53e3 17.96e3 18.40e3 20.31e3 21.79e3 24.48e3 26.01e3 26.63e3 27.95e3 29.33e3 29.91e3 32.92e3 34.04e3 34.71e3 37.06e3 37.34e3 37.49e3 38.63e3 39.08e3 40.23e3 42.02e3 42.41e3 43.62e3 44.78e3 45.09e3 46.64e3 47.73e3 49.50e3 47.23e3 51.37e3 52.51e3 53.86e3 53.26e3 53.49e3 54.93e3 56.35e3 56.16e3 57.23e3 58.80e3 59.19e3 62.02e3 62.34e3 63.54e3 64.90e3 63.78e3 64.34e3 62.91e3 67.31e3 68.35e3 71.48e3 70.73e3 70.93e3 69.07e3 71.07e3 71.69e3 72.51e3 73.93e3 73.20e3 73.98e3 74.08e3 75.59e3 75.15e3 75.76e3 76.15e3 79.77e3 78.04e3 78.21e3 78.80e3 78.43e3 79.30e3 79.08e3 79.58e3 81.15e3 81.75e3 84.54e3 83.49e3 84.63e3 89.82e3 89.60e3 89.85e3 89.40e3 90.30e3 91.21e3 90.86e3 93.20e3 
   500.e6  3.050e3 5.421e3 6.939e3 8.854e3 10.87e3 12.89e3 14.62e3 16.38e3 17.62e3 18.17e3 19.96e3 21.51e3 24.14e3 25.66e3 26.18e3 27.48e3 28.97e3 29.71e3 32.39e3 33.61e3 34.24e3 36.80e3 36.83e3 36.97e3 38.24e3 38.73e3 39.86e3 41.68e3 42.01e3 43.32e3 44.37e3 44.72e3 46.19e3 47.29e3 49.76e3 47.36e3 50.93e3 52.04e3 53.27e3 52.98e3 53.23e3 54.64e3 55.92e3 55.78e3 56.93e3 58.46e3 58.85e3 61.61e3 61.77e3 63.08e3 64.53e3 63.40e3 64.38e3 62.98e3 67.03e3 68.09e3 71.19e3 70.65e3 70.48e3 68.81e3 70.73e3 71.37e3 72.21e3 73.63e3 72.96e3 73.97e3 73.78e3 75.23e3 75.04e3 75.55e3 76.04e3 79.58e3 78.01e3 78.35e3 78.55e3 78.60e3 79.43e3 78.96e3 79.78e3 81.28e3 81.89e3 84.29e3 83.59e3 84.65e3 90.53e3 90.02e3 90.04e3 89.35e3 90.40e3 91.23e3 90.97e3 93.35e3 
   550.e6  2.971e3 5.283e3 6.800e3 8.655e3 10.62e3 12.63e3 14.41e3 16.20e3 17.27e3 17.94e3 19.58e3 21.19e3 23.74e3 25.25e3 25.70e3 26.98e3 28.55e3 29.39e3 31.81e3 33.12e3 33.72e3 36.44e3 36.24e3 36.40e3 37.77e3 38.32e3 39.40e3 41.24e3 41.50e3 42.89e3 43.84e3 44.27e3 45.61e3 46.72e3 49.86e3 47.35e3 50.37e3 51.46e3 52.54e3 52.59e3 52.84e3 54.19e3 55.32e3 55.25e3 56.48e3 57.95e3 58.36e3 61.00e3 60.99e3 62.46e3 63.95e3 62.87e3 64.28e3 62.93e3 66.58e3 67.68e3 70.70e3 70.34e3 69.87e3 68.37e3 70.19e3 70.93e3 71.72e3 73.12e3 72.52e3 73.76e3 73.27e3 74.70e3 74.69e3 75.07e3 75.78e3 79.10e3 77.66e3 78.20e3 78.06e3 78.54e3 79.26e3 78.63e3 79.74e3 81.15e3 81.77e3 83.74e3 83.45e3 84.36e3 90.80e3 90.13e3 89.87e3 89.00e3 90.18e3 90.93e3 90.76e3 93.17e3 
   600.e6  2.901e3 5.149e3 6.663e3 8.458e3 10.38e3 12.36e3 14.18e3 15.99e3 16.92e3 17.69e3 19.18e3 20.86e3 23.31e3 24.80e3 25.19e3 26.46e3 28.10e3 28.99e3 31.19e3 32.61e3 33.17e3 35.99e3 35.61e3 35.81e3 37.25e3 37.86e3 38.89e3 40.74e3 40.93e3 42.38e3 43.23e3 43.75e3 44.96e3 46.07e3 49.82e3 47.22e3 49.74e3 50.80e3 51.71e3 52.14e3 52.37e3 53.64e3 54.62e3 54.64e3 55.94e3 57.32e3 57.77e3 60.28e3 60.09e3 61.74e3 63.23e3 62.23e3 64.07e3 62.78e3 66.03e3 67.15e3 70.07e3 69.87e3 69.15e3 67.82e3 69.54e3 70.39e3 71.10e3 72.45e3 71.96e3 73.40e3 72.64e3 74.07e3 74.19e3 74.42e3 75.41e3 78.44e3 77.06e3 77.83e3 77.40e3 78.30e3 78.89e3 78.14e3 79.53e3 80.84e3 81.47e3 83.00e3 83.13e3 83.85e3 90.72e3 90.01e3 89.45e3 88.43e3 89.72e3 90.41e3 90.33e3 92.73e3 
   650.e6  2.836e3 5.018e3 6.529e3 8.267e3 10.14e3 12.08e3 13.94e3 15.75e3 16.58e3 17.44e3 18.79e3 20.53e3 22.85e3 24.32e3 24.69e3 25.94e3 27.62e3 28.53e3 30.57e3 32.09e3 32.61e3 35.48e3 34.96e3 35.22e3 36.69e3 37.39e3 38.35e3 40.19e3 40.31e3 41.81e3 42.57e3 43.21e3 44.26e3 45.36e3 49.66e3 47.00e3 49.06e3 50.10e3 50.84e3 51.64e3 51.84e3 53.02e3 53.86e3 53.98e3 55.34e3 56.61e3 57.12e3 59.47e3 59.13e3 60.96e3 62.41e3 61.54e3 63.78e3 62.55e3 65.40e3 66.55e3 69.35e3 69.27e3 68.37e3 67.20e3 68.81e3 69.80e3 70.42e3 71.68e3 71.32e3 72.94e3 71.93e3 73.37e3 73.59e3 73.65e3 74.96e3 77.66e3 76.28e3 77.31e3 76.64e3 77.94e3 78.37e3 77.56e3 79.17e3 80.40e3 81.04e3 82.12e3 82.69e3 83.19e3 90.37e3 89.69e3 88.83e3 87.72e3 89.09e3 89.74e3 89.73e3 92.12e3 
   700.e6  2.776e3 4.891e3 6.399e3 8.081e3 9.913e3 11.81e3 13.68e3 15.51e3 16.25e3 17.20e3 18.40e3 20.19e3 22.40e3 23.84e3 24.18e3 25.42e3 27.14e3 28.03e3 29.95e3 31.57e3 32.05e3 34.93e3 34.31e3 34.63e3 36.13e3 36.90e3 37.79e3 39.62e3 39.67e3 41.20e3 41.87e3 42.64e3 43.53e3 44.63e3 49.38e3 46.69e3 48.36e3 49.38e3 49.95e3 51.11e3 51.27e3 52.36e3 53.05e3 53.29e3 54.69e3 55.84e3 56.43e3 58.61e3 58.14e3 60.15e3 61.53e3 60.81e3 63.41e3 62.23e3 64.72e3 65.89e3 68.57e3 68.59e3 67.55e3 66.53e3 68.04e3 69.15e3 69.68e3 70.85e3 70.62e3 72.40e3 71.17e3 72.63e3 72.90e3 72.82e3 74.45e3 76.80e3 75.39e3 76.67e3 75.82e3 77.47e3 77.74e3 76.92e3 78.72e3 79.87e3 80.51e3 81.18e3 82.14e3 82.42e3 89.81e3 89.23e3 88.07e3 86.90e3 88.34e3 88.96e3 89.01e3 91.36e3 
   800.e6  2.661e3 4.650e3 6.149e3 7.731e3 9.487e3 11.29e3 13.17e3 14.99e3 15.63e3 16.70e3 17.64e3 19.52e3 21.49e3 22.89e3 23.21e3 24.40e3 26.20e3 26.98e3 28.73e3 30.52e3 30.94e3 33.74e3 33.03e3 33.50e3 34.99e3 35.90e3 36.65e3 38.44e3 38.37e3 39.93e3 40.45e3 41.48e3 42.05e3 43.15e3 48.56e3 45.90e3 46.94e3 47.91e3 48.17e3 49.97e3 50.06e3 50.96e3 51.37e3 51.88e3 53.34e3 54.21e3 54.98e3 56.81e3 56.21e3 58.51e3 59.68e3 59.30e3 62.51e3 61.38e3 63.27e3 64.48e3 66.89e3 67.07e3 65.87e3 65.12e3 66.43e3 67.78e3 68.13e3 69.09e3 69.15e3 71.14e3 69.58e3 71.09e3 71.41e3 71.06e3 73.28e3 74.96e3 73.39e3 75.18e3 74.07e3 76.32e3 76.28e3 75.52e3 77.57e3 78.59e3 79.24e3 79.20e3 80.86e3 80.71e3 88.22e3 87.96e3 86.26e3 85.09e3 86.61e3 87.19e3 87.35e3 89.57e3 
   900.e6  2.550e3 4.423e3 5.913e3 7.407e3 9.102e3 10.80e3 12.64e3 14.45e3 15.04e3 16.20e3 16.93e3 18.86e3 20.61e3 21.97e3 22.28e3 23.44e3 25.31e3 25.93e3 27.59e3 29.51e3 29.88e3 32.51e3 31.83e3 32.43e3 33.87e3 34.89e3 35.54e3 37.25e3 37.10e3 38.66e3 39.02e3 40.33e3 40.60e3 41.68e3 47.45e3 44.94e3 45.54e3 46.49e3 46.46e3 48.76e3 48.82e3 49.54e3 49.71e3 50.48e3 51.96e3 52.53e3 53.52e3 55.01e3 54.39e3 56.90e3 57.81e3 57.79e3 61.41e3 60.31e3 61.77e3 63.00e3 65.15e3 65.43e3 64.21e3 63.69e3 64.81e3 66.33e3 66.55e3 67.29e3 67.62e3 69.73e3 67.98e3 69.53e3 69.83e3 69.29e3 71.97e3 73.09e3 71.27e3 73.52e3 72.31e3 74.98e3 74.67e3 74.04e3 76.22e3 77.15e3 77.80e3 77.22e3 79.39e3 78.89e3 86.23e3 86.36e3 84.26e3 83.16e3 84.71e3 85.28e3 85.49e3 87.57e3 
   1.00e9  2.439e3 4.211e3 5.691e3 7.111e3 8.755e3 10.35e3 12.13e3 13.91e3 14.49e3 15.71e3 16.27e3 18.23e3 19.79e3 21.10e3 21.42e3 22.54e3 24.48e3 24.93e3 26.51e3 28.54e3 28.88e3 31.30e3 30.72e3 31.43e3 32.79e3 33.91e3 34.46e3 36.09e3 35.89e3 37.41e3 37.64e3 39.21e3 39.21e3 40.27e3 46.16e3 43.88e3 44.20e3 45.12e3 44.86e3 47.52e3 47.56e3 48.14e3 48.10e3 49.13e3 50.59e3 50.87e3 52.08e3 53.27e3 52.75e3 55.35e3 55.98e3 56.32e3 60.16e3 59.06e3 60.25e3 61.49e3 63.41e3 63.75e3 62.60e3 62.26e3 63.22e3 64.84e3 64.99e3 65.54e3 66.09e3 68.23e3 66.41e3 67.98e3 68.22e3 67.58e3 70.54e3 71.24e3 69.15e3 71.80e3 70.60e3 73.51e3 73.01e3 72.53e3 74.73e3 75.61e3 76.25e3 75.34e3 77.82e3 77.06e3 84.01e3 84.54e3 82.16e3 81.23e3 82.75e3 83.33e3 83.56e3 85.49e3 
   1.10e9  2.330e3 4.011e3 5.481e3 6.838e3 8.439e3 9.943e3 11.64e3 13.39e3 13.97e3 15.22e3 15.65e3 17.62e3 19.03e3 20.29e3 20.62e3 21.70e3 23.71e3 24.01e3 25.52e3 27.61e3 27.94e3 30.13e3 29.69e3 30.50e3 31.77e3 32.94e3 33.43e3 34.95e3 34.74e3 36.20e3 36.33e3 38.12e3 37.89e3 38.94e3 44.75e3 42.78e3 42.92e3 43.83e3 43.37e3 46.27e3 46.31e3 46.79e3 46.57e3 47.84e3 49.24e3 49.25e3 50.69e3 51.60e3 51.27e3 53.88e3 54.24e3 54.89e3 58.79e3 57.70e3 58.75e3 59.98e3 61.70e3 62.07e3 61.05e3 60.86e3 61.68e3 63.34e3 63.46e3 63.85e3 64.58e3 66.68e3 64.89e3 66.44e3 66.63e3 65.96e3 69.04e3 69.47e3 67.10e3 70.07e3 68.96e3 71.97e3 71.35e3 71.01e3 73.16e3 74.01e3 74.64e3 73.57e3 76.20e3 75.27e3 81.68e3 82.58e3 80.06e3 79.32e3 80.79e3 81.38e3 81.60e3 83.38e3 
   1.20e9  2.223e3 3.825e3 5.281e3 6.589e3 8.148e3 9.570e3 11.17e3 12.88e3 13.48e3 14.74e3 15.08e3 17.04e3 18.31e3 19.54e3 19.88e3 20.93e3 22.99e3 23.18e3 24.60e3 26.72e3 27.05e3 29.01e3 28.75e3 29.63e3 30.80e3 31.99e3 32.44e3 33.85e3 33.67e3 35.06e3 35.10e3 37.08e3 36.67e3 37.70e3 43.28e3 41.65e3 41.71e3 42.60e3 42.00e3 45.01e3 45.09e3 45.49e3 45.12e3 46.60e3 47.93e3 47.69e3 49.34e3 50.02e3 49.95e3 52.47e3 52.59e3 53.53e3 57.34e3 56.27e3 57.27e3 58.48e3 60.04e3 60.41e3 59.57e3 59.50e3 60.20e3 61.83e3 61.96e3 62.25e3 63.08e3 65.10e3 63.42e3 64.92e3 65.06e3 64.42e3 67.48e3 67.77e3 65.15e3 68.36e3 67.41e3 70.38e3 69.70e3 69.50e3 71.54e3 72.38e3 73.01e3 71.92e3 74.53e3 73.54e3 79.31e3 80.53e3 78.00e3 77.47e3 78.86e3 79.46e3 79.64e3 81.30e3 
   1.30e9  2.118e3 3.650e3 5.092e3 6.359e3 7.878e3 9.230e3 10.72e3 12.39e3 13.00e3 14.27e3 14.55e3 16.48e3 17.66e3 18.85e3 19.20e3 20.21e3 22.33e3 22.46e3 23.76e3 25.88e3 26.22e3 27.96e3 27.88e3 28.81e3 29.88e3 31.07e3 31.50e3 32.80e3 32.67e3 33.98e3 33.94e3 36.08e3 35.52e3 36.53e3 41.79e3 40.53e3 40.56e3 41.45e3 40.73e3 43.76e3 43.89e3 44.26e3 43.77e3 45.43e3 46.67e3 46.21e3 48.05e3 48.54e3 48.75e3 51.14e3 51.04e3 52.22e3 55.83e3 54.79e3 55.83e3 57.00e3 58.43e3 58.79e3 58.15e3 58.16e3 58.77e3 60.34e3 60.50e3 60.73e3 61.62e3 63.52e3 62.00e3 63.42e3 63.53e3 62.98e3 65.89e3 66.15e3 63.32e3 66.70e3 65.94e3 68.76e3 68.09e3 67.99e3 69.90e3 70.74e3 71.36e3 70.37e3 72.86e3 71.89e3 76.96e3 78.42e3 76.00e3 75.69e3 76.98e3 77.59e3 77.72e3 79.28e3 
   1.40e9  2.016e3 3.487e3 4.912e3 6.147e3 7.625e3 8.920e3 10.30e3 11.92e3 12.55e3 13.81e3 14.06e3 15.95e3 17.05e3 18.20e3 18.56e3 19.55e3 21.70e3 21.82e3 22.98e3 25.08e3 25.44e3 26.98e3 27.07e3 28.04e3 29.01e3 30.19e3 30.60e3 31.79e3 31.73e3 32.96e3 32.86e3 35.12e3 34.45e3 35.44e3 40.30e3 39.43e3 39.48e3 40.36e3 39.57e3 42.53e3 42.73e3 43.08e3 42.50e3 44.32e3 45.44e3 44.81e3 46.82e3 47.15e3 47.66e3 49.86e3 49.59e3 50.97e3 54.29e3 53.31e3 54.42e3 55.55e3 56.88e3 57.22e3 56.79e3 56.86e3 57.40e3 58.87e3 59.08e3 59.29e3 60.18e3 61.95e3 60.63e3 61.95e3 62.04e3 61.62e3 64.28e3 64.60e3 61.62e3 65.09e3 64.55e3 67.15e3 66.53e3 66.50e3 68.26e3 69.11e3 69.72e3 68.93e3 71.19e3 70.31e3 74.67e3 76.30e3 74.07e3 73.98e3 75.16e3 75.78e3 75.84e3 77.33e3 
   1.50e9  1.919e3 3.335e3 4.741e3 5.951e3 7.386e3 8.636e3 9.916e3 11.48e3 12.11e3 13.37e3 13.61e3 15.44e3 16.48e3 17.60e3 17.97e3 18.93e3 21.11e3 21.26e3 22.26e3 24.32e3 24.71e3 26.07e3 26.33e3 27.31e3 28.19e3 29.33e3 29.75e3 30.82e3 30.85e3 32.00e3 31.86e3 34.20e3 33.46e3 34.43e3 38.86e3 38.37e3 38.45e3 39.33e3 38.49e3 41.33e3 41.61e3 41.97e3 41.32e3 43.25e3 44.26e3 43.49e3 45.64e3 45.86e3 46.65e3 48.63e3 48.24e3 49.76e3 52.74e3 51.83e3 53.05e3 54.13e3 55.40e3 55.70e3 55.48e3 55.59e3 56.08e3 57.42e3 57.71e3 57.93e3 58.78e3 60.40e3 59.31e3 60.51e3 60.58e3 60.33e3 62.68e3 63.11e3 60.04e3 63.54e3 63.22e3 65.54e3 65.02e3 65.03e3 66.65e3 67.49e3 68.09e3 67.56e3 69.54e3 68.80e3 72.46e3 74.20e3 72.22e3 72.34e3 73.40e3 74.03e3 74.02e3 75.45e3 
   1.60e9  1.827e3 3.194e3 4.578e3 5.768e3 7.159e3 8.375e3 9.555e3 11.07e3 11.70e3 12.93e3 13.19e3 14.96e3 15.96e3 17.04e3 17.42e3 18.35e3 20.56e3 20.77e3 21.59e3 23.59e3 24.01e3 25.22e3 25.63e3 26.62e3 27.41e3 28.50e3 28.93e3 29.90e3 30.03e3 31.09e3 30.92e3 33.32e3 32.53e3 33.48e3 37.47e3 37.34e3 37.47e3 38.35e3 37.49e3 40.16e3 40.52e3 40.91e3 40.22e3 42.23e3 43.13e3 42.25e3 44.51e3 44.65e3 45.70e3 47.46e3 46.98e3 48.61e3 51.19e3 50.39e3 51.73e3 52.75e3 53.97e3 54.25e3 54.22e3 54.35e3 54.81e3 56.01e3 56.37e3 56.64e3 57.41e3 58.88e3 58.03e3 59.09e3 59.17e3 59.11e3 61.09e3 61.69e3 58.58e3 62.06e3 61.95e3 63.96e3 63.55e3 63.59e3 65.06e3 65.90e3 66.49e3 66.27e3 67.91e3 67.35e3 70.35e3 72.13e3 70.46e3 70.76e3 71.70e3 72.34e3 72.26e3 73.66e3 
   1.70e9  1.741e3 3.063e3 4.424e3 5.599e3 6.942e3 8.133e3 9.222e3 10.67e3 11.30e3 12.52e3 12.80e3 14.51e3 15.47e3 16.53e3 16.91e3 17.82e3 20.03e3 20.34e3 20.98e3 22.91e3 23.35e3 24.43e3 24.98e3 25.96e3 26.67e3 27.70e3 28.15e3 29.03e3 29.25e3 30.24e3 30.06e3 32.47e3 31.67e3 32.61e3 36.14e3 36.36e3 36.54e3 37.41e3 36.56e3 39.02e3 39.47e3 39.90e3 39.19e3 41.25e3 42.04e3 41.09e3 43.42e3 43.52e3 44.80e3 46.32e3 45.79e3 47.49e3 49.67e3 48.99e3 50.45e3 51.41e3 52.60e3 52.85e3 53.00e3 53.14e3 53.58e3 54.64e3 55.07e3 55.42e3 56.08e3 57.41e3 56.78e3 57.71e3 57.81e3 57.93e3 59.52e3 60.32e3 57.23e3 60.63e3 60.73e3 62.41e3 62.14e3 62.17e3 63.51e3 64.35e3 64.93e3 65.03e3 66.32e3 65.96e3 68.33e3 70.11e3 68.78e3 69.24e3 70.08e3 70.71e3 70.56e3 71.94e3 
   1.80e9  1.660e3 2.942e3 4.279e3 5.440e3 6.735e3 7.908e3 8.914e3 10.31e3 10.93e3 12.12e3 12.43e3 14.07e3 15.01e3 16.04e3 16.44e3 17.32e3 19.52e3 19.95e3 20.41e3 22.25e3 22.73e3 23.71e3 24.36e3 25.32e3 25.96e3 26.94e3 27.41e3 28.19e3 28.52e3 29.43e3 29.26e3 31.66e3 30.87e3 31.79e3 34.89e3 35.42e3 35.65e3 36.52e3 35.70e3 37.93e3 38.47e3 38.94e3 38.23e3 40.31e3 40.99e3 40.01e3 42.39e3 42.46e3 43.93e3 45.23e3 44.68e3 46.42e3 48.19e3 47.65e3 49.21e3 50.12e3 51.30e3 51.52e3 51.83e3 51.96e3 52.39e3 53.31e3 53.81e3 54.24e3 54.78e3 55.97e3 55.57e3 56.35e3 56.48e3 56.80e3 58.00e3 59.00e3 55.98e3 59.27e3 59.55e3 60.90e3 60.77e3 60.78e3 62.00e3 62.83e3 63.41e3 63.83e3 64.77e3 64.63e3 66.43e3 68.16e3 67.18e3 67.78e3 68.51e3 69.14e3 68.92e3 70.30e3 
   2.00e9  1.517e3 2.728e3 4.012e3 5.151e3 6.345e3 7.499e3 8.371e3 9.644e3 10.24e3 11.38e3 11.78e3 13.28e3 14.19e3 15.17e3 15.58e3 16.43e3 18.56e3 19.26e3 19.39e3 21.04e3 21.57e3 22.40e3 23.22e3 24.12e3 24.66e3 25.50e3 26.02e3 26.66e3 27.18e3 27.96e3 27.83e3 30.14e3 29.43e3 30.31e3 32.63e3 33.66e3 33.99e3 34.85e3 34.13e3 35.89e3 36.58e3 37.15e3 36.50e3 38.53e3 39.02e3 38.05e3 40.44e3 40.55e3 42.26e3 43.17e3 42.67e3 44.39e3 45.39e3 45.16e3 46.88e3 47.68e3 48.85e3 49.02e3 49.59e3 49.70e3 50.14e3 50.80e3 51.41e3 52.03e3 52.30e3 53.26e3 53.25e3 53.77e3 53.96e3 54.64e3 55.11e3 56.50e3 53.73e3 56.70e3 57.30e3 58.03e3 58.18e3 58.10e3 59.16e3 59.95e3 60.50e3 61.53e3 61.81e3 62.11e3 62.95e3 64.50e3 64.21e3 65.02e3 65.56e3 66.18e3 65.85e3 67.25e3 
