# SRIM-2013 Electronic stopping power table for Z1=59
# Converted from a table provided by H.Hofsaess
# units of energy:         eV
# units of stopping power: eV A^2
#      \Z2 1       2       3       4       5       6       7       8       9       10      11      12      13      14      15      16      17      18      19      20      21      22      23      24      25      26      27      28      29      30      31      32      33      34      35      36      37      38      39      40      41      42      43      44      45      46      47      48      49      50      51      52      53      54      55      56      57      58      59      60      61      62      63      64      65      66      67      68      69      70      71      72      73      74      75      76      77      78      79      80      81      82      83      84      85      86      87      88      89      90      91      92      
# energy\  H       He      Li      Be      B       C       N       O       F       Ne      Na      Mg      Al      Si      P       S       Cl      Ar      K       Ca      Sc      Ti      V       Cr      Mn      Fe      Co      Ni      Cu      Zn      Ga      Ge      As      Se      Br      Kr      Rb      Sr      Y       Zr      Nb      Mo      Tc      Ru      Rh      Pd      Ag      Cd      In      Sn      Sb      Te      I       Xe      Cs      Ba      La      Ce      Pr      Nd      Pm      Sm      Eu      Gd      Tb      Dy      Ho      Er      Tm      Yb      Lu      Hf      Ta      W       Re      Os      Ir      Pt      Au      Hg      Tl      Pb      Bi      Po      At      Rn      Fr      Ra      Ac      Th      Pa      U       
   0.00    0.0     0.0     0.0     0.0     0.0     0.0     0.0     0.0     0.0     0.0     0.0     0.0     0.0     0.0     0.0     0.0     0.0     0.0     0.0     0.0     0.0     0.0     0.0     0.0     0.0     0.0     0.0     0.0     0.0     0.0     0.0     0.0     0.0     0.0     0.0     0.0     0.0     0.0     0.0     0.0     0.0     0.0     0.0     0.0     0.0     0.0     0.0     0.0     0.0     0.0     0.0     0.0     0.0     0.0     0.0     0.0     0.0     0.0     0.0     0.0     0.0     0.0     0.0     0.0     0.0     0.0     0.0     0.0     0.0     0.0     0.0     0.0     0.0     0.0     0.0     0.0     0.0     0.0     0.0     0.0     0.0     0.0     0.0     0.0     0.0     0.0     0.0     0.0     0.0     0.0     0.0     0.0     
   10.0    0.555   0.676   0.867   1.771   2.103   2.695   1.777   1.464   1.660   1.654   3.014   3.694   3.447   3.294   3.603   2.835   0.853   2.023   2.556   2.575   3.958   3.618   3.860   2.992   2.853   3.133   2.860   2.953   2.824   2.661   2.856   3.678   4.249   3.722   1.278   1.869   4.677   4.680   4.749   3.712   5.520   5.195   4.687   3.328   2.899   4.417   4.365   4.057   3.357   5.582   4.933   3.998   5.242   1.525   6.052   6.224   6.402   5.308   4.774   4.975   5.023   4.413   4.260   6.321   5.006   4.229   3.432   3.596   4.590   3.481   4.048   3.495   4.480   4.169   3.699   2.339   2.749   3.776   3.521   2.727   3.158   4.862   4.735   6.101   6.177   5.930   6.866   6.593   4.478   4.326   5.511   4.435   
   11.0    0.582   0.710   0.909   1.857   2.206   2.826   1.864   1.535   1.741   1.734   3.161   3.874   3.615   3.455   3.779   2.973   0.895   2.122   2.681   2.701   4.151   3.794   4.048   3.138   2.993   3.286   3.000   3.098   2.962   2.791   2.995   3.858   4.457   3.903   1.340   1.960   4.905   4.908   4.981   3.893   5.790   5.449   4.915   3.490   3.040   4.633   4.578   4.255   3.521   5.854   5.174   4.193   5.498   1.600   6.347   6.527   6.714   5.567   5.007   5.218   5.268   4.628   4.468   6.629   5.251   4.436   3.600   3.772   4.814   3.651   4.245   3.666   4.699   4.373   3.880   2.453   2.883   3.961   3.693   2.860   3.312   5.099   4.966   6.398   6.478   6.219   7.201   6.915   4.697   4.537   5.780   4.651   
   12.0    0.608   0.741   0.949   1.940   2.304   2.952   1.947   1.604   1.818   1.812   3.301   4.046   3.776   3.609   3.947   3.106   0.935   2.216   2.800   2.821   4.336   3.963   4.228   3.277   3.126   3.432   3.133   3.235   3.094   2.915   3.128   4.030   4.655   4.077   1.400   2.047   5.124   5.126   5.202   4.066   6.047   5.691   5.134   3.645   3.176   4.839   4.781   4.444   3.677   6.114   5.404   4.380   5.743   1.671   6.630   6.818   7.013   5.815   5.229   5.450   5.503   4.834   4.667   6.924   5.484   4.633   3.760   3.939   5.028   3.813   4.434   3.829   4.908   4.567   4.052   2.562   3.011   4.137   3.857   2.988   3.460   5.326   5.187   6.683   6.766   6.495   7.521   7.223   4.906   4.739   6.037   4.858   
   13.0    0.633   0.771   0.988   2.019   2.398   3.072   2.026   1.669   1.892   1.886   3.436   4.211   3.930   3.756   4.109   3.232   0.973   2.307   2.915   2.936   4.513   4.125   4.401   3.411   3.253   3.572   3.261   3.367   3.220   3.034   3.256   4.194   4.845   4.243   1.457   2.131   5.333   5.336   5.414   4.232   6.294   5.924   5.343   3.794   3.305   5.036   4.976   4.626   3.827   6.364   5.625   4.559   5.977   1.739   6.900   7.096   7.299   6.052   5.443   5.672   5.727   5.031   4.858   7.207   5.708   4.822   3.913   4.100   5.233   3.969   4.615   3.985   5.108   4.754   4.218   2.666   3.134   4.306   4.014   3.110   3.601   5.544   5.398   6.956   7.043   6.761   7.828   7.518   5.106   4.933   6.283   5.057   
   14.0    0.657   0.800   1.026   2.095   2.489   3.188   2.103   1.732   1.964   1.957   3.566   4.370   4.078   3.898   4.264   3.354   1.010   2.394   3.025   3.047   4.683   4.281   4.567   3.540   3.376   3.707   3.384   3.495   3.342   3.149   3.379   4.352   5.028   4.403   1.512   2.211   5.534   5.537   5.619   4.392   6.532   6.147   5.545   3.937   3.430   5.226   5.164   4.800   3.972   6.604   5.837   4.731   6.203   1.805   7.161   7.364   7.575   6.281   5.648   5.886   5.943   5.221   5.041   7.479   5.924   5.004   4.061   4.255   5.431   4.119   4.789   4.136   5.301   4.933   4.377   2.767   3.252   4.468   4.166   3.227   3.737   5.753   5.602   7.218   7.309   7.016   8.124   7.801   5.299   5.119   6.520   5.248   
   15.0    0.680   0.829   1.062   2.169   2.576   3.300   2.177   1.793   2.033   2.025   3.691   4.524   4.221   4.035   4.413   3.472   1.045   2.478   3.131   3.154   4.847   4.431   4.727   3.664   3.495   3.837   3.503   3.617   3.459   3.260   3.497   4.505   5.204   4.558   1.565   2.289   5.728   5.732   5.816   4.546   6.761   6.363   5.740   4.075   3.550   5.410   5.345   4.969   4.111   6.836   6.042   4.897   6.421   1.868   7.412   7.622   7.841   6.501   5.847   6.093   6.152   5.404   5.218   7.742   6.132   5.180   4.203   4.404   5.621   4.263   4.957   4.281   5.487   5.106   4.531   2.864   3.367   4.625   4.312   3.340   3.868   5.955   5.799   7.472   7.565   7.262   8.409   8.075   5.485   5.298   6.749   5.432   
   16.0    0.702   0.856   1.096   2.240   2.661   3.408   2.248   1.852   2.099   2.092   3.812   4.672   4.360   4.167   4.558   3.586   1.080   2.559   3.234   3.257   5.006   4.576   4.882   3.784   3.609   3.963   3.618   3.736   3.573   3.366   3.612   4.653   5.375   4.707   1.616   2.364   5.916   5.919   6.007   4.695   6.982   6.572   5.928   4.209   3.667   5.587   5.521   5.132   4.246   7.060   6.240   5.058   6.631   1.929   7.655   7.872   8.098   6.714   6.038   6.293   6.354   5.582   5.389   7.995   6.333   5.349   4.341   4.549   5.805   4.403   5.120   4.421   5.667   5.274   4.679   2.958   3.477   4.777   4.454   3.450   3.995   6.150   5.989   7.717   7.813   7.500   8.685   8.340   5.665   5.472   6.970   5.610   
   17.0    0.724   0.882   1.130   2.309   2.742   3.513   2.317   1.909   2.164   2.156   3.929   4.816   4.494   4.295   4.698   3.696   1.113   2.638   3.333   3.358   5.160   4.717   5.033   3.901   3.720   4.084   3.729   3.851   3.682   3.470   3.723   4.796   5.540   4.852   1.666   2.437   6.098   6.102   6.192   4.840   7.197   6.774   6.110   4.339   3.780   5.759   5.691   5.290   4.377   7.278   6.432   5.213   6.835   1.989   7.891   8.115   8.347   6.921   6.224   6.486   6.549   5.754   5.555   8.241   6.528   5.514   4.475   4.689   5.984   4.538   5.277   4.557   5.841   5.436   4.823   3.049   3.584   4.924   4.591   3.556   4.118   6.339   6.173   7.954   8.054   7.731   8.952   8.597   5.839   5.641   7.185   5.782   
   18.0    0.745   0.908   1.163   2.376   2.822   3.615   2.385   1.964   2.227   2.219   4.043   4.955   4.624   4.420   4.835   3.803   1.145   2.715   3.430   3.455   5.310   4.854   5.178   4.014   3.828   4.203   3.837   3.963   3.789   3.571   3.831   4.935   5.701   4.993   1.714   2.508   6.275   6.279   6.371   4.980   7.406   6.970   6.288   4.464   3.889   5.926   5.856   5.443   4.504   7.489   6.619   5.364   7.033   2.046   8.120   8.350   8.589   7.122   6.405   6.675   6.739   5.920   5.716   8.480   6.717   5.674   4.605   4.825   6.158   4.670   5.430   4.689   6.010   5.594   4.963   3.137   3.688   5.067   4.724   3.659   4.237   6.523   6.352   8.185   8.287   7.955   9.212   8.846   6.008   5.804   7.393   5.950   
   20.0    0.785   0.957   1.226   2.504   2.975   3.811   2.514   2.070   2.347   2.339   4.262   5.223   4.874   4.659   5.096   4.009   1.207   2.861   3.615   3.642   5.597   5.116   5.459   4.231   4.035   4.430   4.045   4.177   3.994   3.764   4.038   5.202   6.009   5.263   1.807   2.643   6.614   6.618   6.716   5.250   7.807   7.347   6.628   4.706   4.100   6.247   6.172   5.737   4.747   7.894   6.977   5.654   7.414   2.157   8.559   8.801   9.053   7.507   6.751   7.036   7.104   6.241   6.025   8.939   7.080   5.981   4.854   5.086   6.491   4.923   5.724   4.943   6.336   5.896   5.232   3.307   3.887   5.341   4.979   3.857   4.466   6.876   6.696   8.628   8.735   8.386   9.710   9.324   6.333   6.118   7.793   6.272   
   22.0    0.833   1.015   1.300   2.656   3.155   4.042   2.666   2.196   2.489   2.481   4.520   5.540   5.170   4.942   5.405   4.252   1.280   3.035   3.835   3.863   5.937   5.427   5.790   4.488   4.280   4.699   4.290   4.430   4.237   3.992   4.283   5.518   6.374   5.582   1.917   2.804   7.016   7.020   7.123   5.568   8.280   7.793   7.030   4.991   4.348   6.626   6.547   6.085   5.035   8.372   7.400   5.997   7.864   2.288   9.078   9.335   9.603   7.962   7.161   7.462   7.535   6.619   6.391   9.481   7.510   6.344   5.148   5.394   6.884   5.221   6.071   5.243   6.720   6.254   5.549   3.508   4.123   5.665   5.281   4.091   4.737   7.293   7.102   9.151   9.265   8.894   10.30   9.890   6.718   6.489   8.266   6.652   
   25.0    0.878   1.070   1.370   2.800   3.326   4.261   2.810   2.315   2.624   2.615   4.765   5.840   5.450   5.209   5.698   4.482   1.350   3.199   4.042   4.072   6.258   5.720   6.103   4.730   4.511   4.953   4.522   4.670   4.466   4.208   4.515   5.816   6.719   5.884   2.020   2.955   7.395   7.399   7.508   5.869   8.728   8.215   7.410   5.261   4.584   6.984   6.901   6.415   5.308   8.825   7.801   6.322   8.289   2.411   9.569   9.840   10.12   8.393   7.548   7.866   7.942   6.977   6.736   9.994   7.916   6.687   5.427   5.686   7.257   5.504   6.400   5.527   7.083   6.592   5.849   3.698   4.346   5.971   5.567   4.312   4.993   7.688   7.486   9.646   9.766   9.375   10.86   10.43   7.081   6.840   8.713   7.012   
   27.0    0.921   1.122   1.437   2.936   3.488   4.468   2.947   2.428   2.752   2.742   4.997   6.125   5.716   5.463   5.976   4.701   1.415   3.355   4.239   4.270   6.563   5.999   6.401   4.961   4.732   5.195   4.743   4.898   4.684   4.413   4.735   6.100   7.047   6.171   2.119   3.099   7.756   7.761   7.875   6.156   9.154   8.616   7.772   5.518   4.807   7.325   7.238   6.728   5.567   9.256   8.181   6.630   8.694   2.529   10.04   10.32   10.62   8.803   7.916   8.250   8.330   7.318   7.065   10.48   8.302   7.013   5.691   5.964   7.611   5.772   6.712   5.796   7.429   6.914   6.134   3.878   4.558   6.263   5.839   4.523   5.237   8.063   7.852   10.12   10.24   9.833   11.39   10.93   7.427   7.174   9.138   7.355   
   30.0    0.962   1.172   1.501   3.067   3.643   4.667   3.078   2.536   2.874   2.864   5.220   6.397   5.970   5.706   6.241   4.910   1.478   3.505   4.428   4.460   6.855   6.266   6.685   5.182   4.942   5.426   4.954   5.116   4.892   4.610   4.946   6.371   7.360   6.446   2.213   3.237   8.101   8.106   8.225   6.429   9.561   8.999   8.117   5.764   5.021   7.651   7.560   7.027   5.814   9.668   8.545   6.925   9.080   2.642   10.48   10.78   11.09   9.194   8.268   8.617   8.700   7.643   7.379   10.95   8.671   7.325   5.945   6.229   7.949   6.029   7.011   6.054   7.759   7.222   6.407   4.050   4.761   6.541   6.098   4.724   5.470   8.421   8.201   10.57   10.70   10.27   11.89   11.42   7.757   7.493   9.545   7.682   
   32.0    1.001   1.220   1.563   3.192   3.792   4.858   3.204   2.639   2.992   2.981   5.433   6.659   6.214   5.939   6.496   5.111   1.539   3.648   4.609   4.642   7.135   6.522   6.958   5.393   5.144   5.647   5.156   5.324   5.092   4.798   5.148   6.631   7.661   6.709   2.304   3.369   8.432   8.437   8.561   6.692   9.952   9.366   8.449   5.999   5.226   7.963   7.868   7.314   6.052   10.06   8.894   7.208   9.451   2.749   10.91   11.22   11.54   9.570   8.606   8.969   9.055   7.955   7.681   11.40   9.026   7.624   6.187   6.483   8.274   6.275   7.297   6.301   8.076   7.516   6.669   4.216   4.955   6.808   6.347   4.917   5.693   8.765   8.536   11.00   11.14   10.69   12.38   11.89   8.074   7.799   9.934   7.995   
   35.0    1.039   1.266   1.622   3.313   3.935   5.041   3.325   2.739   3.105   3.094   5.638   6.910   6.448   6.163   6.741   5.304   1.597   3.785   4.783   4.818   7.404   6.768   7.221   5.597   5.338   5.861   5.351   5.525   5.284   4.979   5.342   6.882   7.950   6.962   2.390   3.497   8.750   8.755   8.884   6.945   10.33   9.720   8.768   6.225   5.423   8.263   8.165   7.590   6.280   10.44   9.230   7.480   9.808   2.853   11.32   11.64   11.98   9.931   8.931   9.307   9.397   8.255   7.970   11.83   9.366   7.912   6.421   6.728   8.586   6.512   7.572   6.539   8.381   7.800   6.921   4.375   5.142   7.065   6.587   5.102   5.908   9.096   8.858   11.41   11.56   11.09   12.84   12.34   8.378   8.094   10.31   8.297   
   37.0    1.075   1.310   1.678   3.429   4.073   5.218   3.442   2.835   3.214   3.202   5.836   7.152   6.674   6.380   6.978   5.490   1.653   3.918   4.950   4.987   7.664   7.006   7.474   5.793   5.525   6.066   5.539   5.719   5.469   5.154   5.530   7.123   8.229   7.207   2.474   3.619   9.057   9.062   9.196   7.188   10.69   10.06   9.075   6.444   5.614   8.554   8.452   7.856   6.500   10.81   9.554   7.743   10.15   2.953   11.72   12.05   12.40   10.28   9.244   9.634   9.727   8.545   8.250   12.24   9.695   8.190   6.646   6.964   8.888   6.740   7.838   6.769   8.675   8.074   7.164   4.529   5.323   7.313   6.818   5.281   6.116   9.415   9.169   11.81   11.96   11.48   13.30   12.77   8.672   8.378   10.67   8.588   
   40.0    1.110   1.353   1.734   3.541   4.207   5.389   3.555   2.928   3.319   3.307   6.027   7.387   6.893   6.589   7.207   5.670   1.707   4.047   5.113   5.150   7.916   7.235   7.720   5.983   5.707   6.265   5.720   5.907   5.649   5.323   5.711   7.357   8.499   7.443   2.556   3.738   9.354   9.360   9.498   7.424   11.04   10.39   9.373   6.655   5.798   8.834   8.729   8.114   6.714   11.16   9.867   7.997   10.48   3.050   12.10   12.45   12.80   10.62   9.548   9.950   10.05   8.825   8.521   12.64   10.01   8.458   6.864   7.192   9.179   6.962   8.095   6.991   8.960   8.339   7.398   4.677   5.498   7.553   7.042   5.455   6.316   9.724   9.469   12.20   12.35   11.86   13.73   13.19   8.957   8.652   11.02   8.870   
   45.0    1.178   1.435   1.839   3.756   4.462   5.716   3.770   3.106   3.520   3.508   6.393   7.835   7.312   6.988   7.644   6.014   1.811   4.292   5.423   5.463   8.396   7.674   8.188   6.346   6.053   6.645   6.067   6.265   5.991   5.646   6.057   7.803   9.014   7.895   2.711   3.965   9.922   9.927   10.07   7.874   11.71   11.02   9.942   7.059   6.150   9.370   9.259   8.606   7.121   11.84   10.47   8.482   11.12   3.235   12.84   13.20   13.58   11.26   10.13   10.55   10.66   9.361   9.038   13.41   10.62   8.971   7.281   7.629   9.736   7.384   8.586   7.415   9.503   8.845   7.847   4.961   5.831   8.011   7.469   5.785   6.699   10.31   10.04   12.94   13.10   12.58   14.56   13.99   9.500   9.177   11.69   9.408   
   50.0    1.242   1.513   1.938   3.959   4.703   6.025   3.974   3.274   3.711   3.698   6.739   8.259   7.707   7.367   8.058   6.339   1.909   4.524   5.716   5.758   8.850   8.089   8.631   6.690   6.380   7.005   6.396   6.604   6.315   5.951   6.385   8.225   9.502   8.322   2.857   4.179   10.46   10.46   10.62   8.300   12.34   11.62   10.48   7.441   6.482   9.877   9.759   9.072   7.506   12.48   11.03   8.940   11.72   3.410   13.53   13.92   14.31   11.87   10.67   11.12   11.23   9.867   9.527   14.13   11.19   9.457   7.674   8.041   10.26   7.783   9.051   7.816   10.02   9.323   8.272   5.229   6.146   8.444   7.873   6.098   7.062   10.87   10.59   13.64   13.81   13.26   15.35   14.74   10.01   9.674   12.32   9.917   
   55.0    1.302   1.586   2.033   4.152   4.933   6.319   4.168   3.433   3.892   3.878   7.068   8.662   8.083   7.726   8.451   6.649   2.002   4.745   5.995   6.039   9.282   8.484   9.052   7.016   6.692   7.347   6.708   6.927   6.624   6.242   6.697   8.627   9.966   8.728   2.997   4.383   10.97   10.98   11.14   8.705   12.95   12.18   10.99   7.804   6.799   10.36   10.24   9.514   7.872   13.09   11.57   9.377   12.29   3.577   14.19   14.60   15.01   12.45   11.20   11.67   11.78   10.35   9.991   14.82   11.74   9.918   8.049   8.434   10.76   8.163   9.492   8.197   10.51   9.778   8.675   5.484   6.446   8.857   8.257   6.396   7.406   11.40   11.10   14.31   14.49   13.91   16.10   15.46   10.50   10.15   12.92   10.40   
   60.0    1.360   1.657   2.123   4.337   5.152   6.600   4.354   3.586   4.065   4.051   7.382   9.047   8.443   8.070   8.827   6.944   2.091   4.956   6.262   6.308   9.695   8.862   9.455   7.328   6.989   7.673   7.006   7.235   6.918   6.519   6.995   9.010   10.41   9.116   3.130   4.578   11.46   11.46   11.63   9.093   13.52   12.73   11.48   8.151   7.101   10.82   10.69   9.937   8.222   13.67   12.08   9.794   12.84   3.736   14.82   15.24   15.68   13.00   11.69   12.19   12.30   10.81   10.44   15.48   12.26   10.36   8.407   8.809   11.24   8.526   9.914   8.562   10.97   10.21   9.061   5.728   6.733   9.250   8.624   6.680   7.736   11.91   11.60   14.94   15.13   14.52   16.82   16.15   10.97   10.60   13.50   10.86   
   65.0    1.416   1.725   2.210   4.514   5.362   6.870   4.531   3.733   4.231   4.216   7.683   9.417   8.787   8.399   9.187   7.228   2.176   5.159   6.517   6.565   10.09   9.223   9.841   7.627   7.275   7.987   7.292   7.530   7.201   6.785   7.280   9.378   10.83   9.488   3.258   4.765   11.92   11.93   12.11   9.464   14.07   13.25   11.95   8.484   7.391   11.26   11.13   10.34   8.558   14.23   12.58   10.19   13.37   3.888   15.43   15.87   16.32   13.53   12.17   12.68   12.81   11.25   10.86   16.12   12.76   10.78   8.750   9.169   11.70   8.874   10.32   8.911   11.42   10.63   9.431   5.962   7.008   9.628   8.977   6.953   8.052   12.40   12.07   15.55   15.75   15.12   17.50   16.81   11.42   11.03   14.05   11.31   
   70.0    1.469   1.790   2.293   4.685   5.565   7.129   4.702   3.873   4.391   4.375   7.973   9.772   9.119   8.716   9.534   7.501   2.258   5.353   6.763   6.813   10.47   9.572   10.21   7.915   7.549   8.288   7.567   7.814   7.472   7.041   7.555   9.732   11.24   9.846   3.381   4.945   12.37   12.38   12.56   9.821   14.60   13.75   12.40   8.804   7.670   11.69   11.55   10.73   8.881   14.77   13.05   10.58   13.87   4.035   16.01   16.47   16.94   14.04   12.63   13.16   13.29   11.68   11.27   16.72   13.25   11.19   9.080   9.515   12.14   9.209   10.71   9.248   11.85   11.03   9.787   6.187   7.273   9.992   9.315   7.216   8.356   12.86   12.53   16.14   16.34   15.69   18.17   17.44   11.85   11.45   14.58   11.73   
   80.0    1.570   1.913   2.452   5.008   5.949   7.621   5.027   4.141   4.694   4.677   8.524   10.45   9.749   9.318   10.19   8.018   2.414   5.723   7.230   7.284   11.19   10.23   10.92   8.462   8.070   8.860   8.090   8.354   7.988   7.528   8.077   10.40   12.02   10.53   3.614   5.286   13.23   13.24   13.43   10.50   15.61   14.69   13.26   9.412   8.200   12.49   12.34   11.47   9.495   15.79   13.95   11.31   14.83   4.314   17.12   17.60   18.11   15.01   13.50   14.07   14.21   12.48   12.05   17.88   14.16   11.96   9.707   10.17   12.98   9.845   11.45   9.886   12.67   11.79   10.46   6.614   7.775   10.68   9.959   7.714   8.932   13.75   13.39   17.26   17.47   16.77   19.42   18.65   12.67   12.24   15.59   12.54   
   90.0    1.666   2.029   2.600   5.312   6.310   8.084   5.332   4.392   4.979   4.961   9.041   11.08   10.34   9.883   10.81   8.505   2.561   6.070   7.669   7.725   11.87   10.85   11.58   8.975   8.560   9.398   8.581   8.860   8.473   7.984   8.567   11.04   12.75   11.16   3.833   5.607   14.03   14.04   14.25   11.14   16.56   15.59   14.06   9.983   8.697   13.25   13.09   12.17   10.07   16.74   14.80   11.99   15.73   4.575   18.16   18.67   19.21   15.92   14.32   14.92   15.07   13.24   12.78   18.96   15.02   12.69   10.30   10.79   13.77   10.44   12.14   10.49   13.44   12.51   11.10   7.016   8.246   11.33   10.56   8.182   9.474   14.59   14.20   18.30   18.53   17.79   20.60   19.78   13.44   12.98   16.53   13.30   
   100.    1.756   2.139   2.741   5.599   6.651   8.521   5.621   4.630   5.248   5.229   9.530   11.68   10.90   10.42   11.40   8.965   2.699   6.398   8.084   8.143   12.52   11.44   12.21   9.461   9.023   9.906   9.045   9.340   8.931   8.416   9.030   11.63   13.44   11.77   4.041   5.910   14.79   14.80   15.02   11.74   17.46   16.43   14.82   10.52   9.167   13.97   13.80   12.83   10.62   17.65   15.60   12.64   16.58   4.823   19.14   19.68   20.24   16.79   15.10   15.73   15.88   13.95   13.47   19.99   15.83   13.37   10.85   11.37   14.51   11.01   12.80   11.05   14.17   13.18   11.70   7.395   8.692   11.94   11.13   8.624   9.987   15.38   14.97   19.29   19.53   18.75   21.71   20.85   14.16   13.68   17.43   14.02   
   110.    1.841   2.244   2.875   5.872   6.976   8.937   5.895   4.856   5.504   5.485   9.995   12.25   11.43   10.93   11.95   9.402   2.831   6.711   8.478   8.541   13.13   12.00   12.80   9.922   9.463   10.39   9.486   9.796   9.367   8.827   9.471   12.20   14.09   12.34   4.238   6.199   15.51   15.52   15.75   12.31   18.31   17.23   15.54   11.04   9.615   14.65   14.48   13.46   11.13   18.51   16.36   13.26   17.39   5.058   20.07   20.64   21.23   17.61   15.83   16.50   16.66   14.64   14.13   20.96   16.60   14.03   11.38   11.93   15.22   11.54   13.42   11.59   14.86   13.83   12.27   7.756   9.117   12.53   11.68   9.045   10.47   16.13   15.70   20.23   20.49   19.67   22.77   21.87   14.85   14.35   18.28   14.71   
   120.    1.923   2.343   3.003   6.134   7.286   9.334   6.157   5.072   5.749   5.729   10.44   12.79   11.94   11.41   12.48   9.821   2.957   7.009   8.855   8.920   13.71   12.53   13.37   10.36   9.884   10.85   9.908   10.23   9.784   9.219   9.892   12.74   14.72   12.89   4.426   6.475   16.20   16.21   16.45   12.86   19.12   18.00   16.23   11.53   10.04   15.30   15.12   14.05   11.63   19.34   17.09   13.85   18.16   5.283   20.96   21.56   22.18   18.39   16.54   17.23   17.40   15.29   14.76   21.90   17.34   14.65   11.89   12.46   15.90   12.06   14.02   12.11   15.52   14.44   12.81   8.101   9.522   13.08   12.20   9.447   10.94   16.84   16.40   21.13   21.40   20.54   23.78   22.84   15.51   14.99   19.09   15.36   
   130.    2.002   2.439   3.125   6.384   7.584   9.716   6.408   5.279   5.984   5.963   10.87   13.32   12.43   11.88   12.99   10.22   3.078   7.295   9.217   9.285   14.27   13.04   13.92   10.79   10.29   11.29   10.31   10.65   10.18   9.596   10.30   13.26   15.32   13.42   4.607   6.739   16.86   16.87   17.12   13.38   19.90   18.73   16.90   12.00   10.45   15.93   15.74   14.63   12.10   20.12   17.79   14.42   18.90   5.499   21.82   22.44   23.08   19.14   17.21   17.94   18.11   15.91   15.36   22.79   18.05   15.25   12.37   12.97   16.55   12.55   14.59   12.60   16.15   15.03   13.34   8.432   9.911   13.62   12.69   9.833   11.39   17.53   17.07   22.00   22.27   21.38   24.76   23.77   16.15   15.60   19.87   15.99   
   140.    2.077   2.531   3.243   6.625   7.870   10.08   6.650   5.478   6.210   6.188   11.28   13.82   12.90   12.33   13.48   10.61   3.194   7.571   9.565   9.635   14.81   13.54   14.44   11.19   10.68   11.72   10.70   11.05   10.57   9.958   10.68   13.76   15.90   13.92   4.781   6.993   17.50   17.51   17.77   13.89   20.65   19.44   17.54   12.45   10.85   16.53   16.33   15.18   12.56   20.88   18.46   14.96   19.62   5.706   22.64   23.29   23.95   19.86   17.86   18.61   18.79   16.51   15.94   23.65   18.73   15.82   12.84   13.46   17.17   13.02   15.14   13.08   16.76   15.60   13.84   8.750   10.28   14.13   13.17   10.20   11.82   18.19   17.72   22.83   23.11   22.19   25.69   24.67   16.76   16.19   20.62   16.59   
   150.    2.150   2.620   3.357   6.858   8.146   10.44   6.884   5.670   6.428   6.405   11.67   14.30   13.35   12.76   13.96   10.98   3.306   7.836   9.901   9.973   15.33   14.01   14.95   11.59   11.05   12.13   11.08   11.44   10.94   10.31   11.06   14.25   16.46   14.41   4.949   7.239   18.11   18.12   18.39   14.38   21.38   20.12   18.15   12.89   11.23   17.11   16.90   15.71   13.00   21.62   19.11   15.49   20.30   5.907   23.44   24.10   24.79   20.56   18.49   19.27   19.45   17.09   16.50   24.48   19.39   16.38   13.29   13.93   17.78   13.48   15.68   13.54   17.35   16.15   14.33   9.057   10.65   14.63   13.64   10.56   12.23   18.83   18.34   23.63   23.92   22.96   26.59   25.54   17.34   16.76   21.34   17.18   
   160.    2.221   2.706   3.467   7.082   8.413   10.78   7.109   5.856   6.638   6.615   12.05   14.77   13.79   13.18   14.41   11.34   3.414   8.093   10.23   10.30   15.83   14.47   15.44   11.97   11.41   12.53   11.44   11.81   11.30   10.65   11.42   14.71   17.00   14.89   5.111   7.476   18.71   18.72   19.00   14.85   22.08   20.78   18.75   13.31   11.60   17.67   17.46   16.23   13.43   22.33   19.73   15.99   20.97   6.100   24.21   24.89   25.61   21.23   19.10   19.90   20.09   17.65   17.04   25.28   20.03   16.92   13.73   14.38   18.36   13.92   16.19   13.98   17.92   16.68   14.80   9.354   11.00   15.11   14.08   10.91   12.63   19.45   18.94   24.40   24.71   23.72   27.46   26.37   17.91   17.30   22.04   17.74   
   170.    2.289   2.789   3.574   7.300   8.672   11.11   7.328   6.036   6.843   6.818   12.43   15.23   14.21   13.58   14.86   11.69   3.519   8.343   10.54   10.62   16.32   14.92   15.91   12.34   11.76   12.92   11.79   12.18   11.65   10.97   11.77   15.17   17.52   15.34   5.268   7.706   19.28   19.30   19.58   15.31   22.76   21.42   19.32   13.72   11.95   18.21   18.00   16.73   13.84   23.01   20.34   16.49   21.62   6.288   24.95   25.66   26.40   21.89   19.68   20.51   20.71   18.19   17.57   26.06   20.64   17.44   14.15   14.83   18.92   14.35   16.69   14.41   18.47   17.19   15.25   9.642   11.33   15.57   14.52   11.24   13.02   20.05   19.52   25.15   25.47   24.45   28.31   27.19   18.46   17.84   22.72   18.29   
   180.    2.356   2.870   3.677   7.512   8.924   11.43   7.541   6.211   7.041   7.016   12.79   15.67   14.62   13.98   15.29   12.03   3.621   8.584   10.85   10.93   16.79   15.35   16.38   12.69   12.11   13.29   12.13   12.53   11.98   11.29   12.11   15.61   18.03   15.79   5.421   7.930   19.84   19.85   20.15   15.75   23.42   22.04   19.88   14.12   12.30   18.74   18.52   17.21   14.24   23.68   20.93   16.96   22.24   6.471   25.68   26.40   27.16   22.52   20.25   21.11   21.31   18.72   18.08   26.82   21.24   17.94   14.56   15.26   19.47   14.77   17.17   14.83   19.01   17.69   15.69   9.922   11.66   16.02   14.94   11.57   13.40   20.63   20.09   25.88   26.21   25.16   29.13   27.97   19.00   18.35   23.38   18.82   
   200.    2.483   3.025   3.876   7.918   9.406   12.05   7.949   6.547   7.422   7.396   13.48   16.52   15.41   14.73   16.12   12.68   3.817   9.049   11.43   11.52   17.70   16.18   17.26   13.38   12.76   14.01   12.79   13.21   12.63   11.90   12.77   16.45   19.00   16.64   5.714   8.359   20.92   20.93   21.24   16.60   24.69   23.23   20.96   14.88   12.96   19.75   19.52   18.14   15.01   24.96   22.06   17.88   23.44   6.821   27.07   27.83   28.63   23.74   21.35   22.25   22.46   19.73   19.05   28.27   22.39   18.91   15.35   16.08   20.53   15.57   18.10   15.63   20.03   18.65   16.54   10.46   12.29   16.89   15.75   12.20   14.12   21.74   21.17   27.28   27.62   26.52   30.71   29.49   20.03   19.35   24.64   19.83   
   225.    2.634   3.209   4.111   8.399   9.977   12.78   8.431   6.945   7.872   7.844   14.29   17.52   16.35   15.63   17.09   13.45   4.049   9.598   12.13   12.21   18.77   17.16   18.31   14.19   13.53   14.86   13.57   14.01   13.40   12.62   13.54   17.45   20.16   17.65   6.061   8.866   22.19   22.20   22.53   17.61   26.18   24.64   22.23   15.78   13.75   20.95   20.70   19.24   15.92   26.48   23.40   18.97   24.87   7.234   28.71   29.52   30.37   25.18   22.64   23.60   23.83   20.93   20.21   29.98   23.75   20.06   16.28   17.06   21.77   16.51   19.20   16.58   21.25   19.78   17.55   11.09   13.04   17.91   16.70   12.94   14.98   23.06   22.46   28.94   29.30   28.13   32.57   31.28   21.24   20.52   26.14   21.04   
   250.    2.776   3.382   4.334   8.853   10.52   13.47   8.887   7.320   8.298   8.269   15.07   18.47   17.23   16.47   18.02   14.17   4.268   10.12   12.78   12.88   19.79   18.09   19.30   14.96   14.27   15.66   14.30   14.77   14.12   13.31   14.28   18.39   21.25   18.61   6.389   9.345   23.39   23.40   23.74   18.56   27.60   25.98   23.43   16.64   14.49   22.09   21.82   20.28   16.78   27.91   24.67   19.99   26.21   7.626   30.26   31.12   32.01   26.54   23.87   24.87   25.12   22.06   21.30   31.60   25.03   21.15   17.16   17.98   22.95   17.40   20.24   17.48   22.40   20.85   18.50   11.69   13.74   18.88   17.60   13.64   15.79   24.31   23.67   30.50   30.88   29.65   34.33   32.97   22.39   21.63   27.55   22.17   
   275.    2.912   3.548   4.545   9.285   11.03   14.13   9.321   7.677   8.703   8.672   15.80   19.37   18.07   17.28   18.90   14.87   4.476   10.61   13.41   13.50   20.75   18.97   20.24   15.69   14.96   16.43   15.00   15.49   14.81   13.96   14.97   19.29   22.28   19.52   6.701   9.801   24.53   24.54   24.90   19.47   28.95   27.25   24.58   17.45   15.20   23.16   22.89   21.27   17.60   29.27   25.87   20.97   27.49   7.998   31.74   32.64   33.57   27.84   25.03   26.09   26.34   23.14   22.34   33.15   26.25   22.18   18.00   18.86   24.07   18.25   21.23   18.33   23.49   21.86   19.40   12.26   14.41   19.80   18.46   14.30   16.56   25.50   24.83   31.99   32.39   31.09   36.01   34.58   23.48   22.69   28.90   23.26   
   300.    3.041   3.705   4.747   9.698   11.52   14.76   9.735   8.019   9.090   9.058   16.51   20.23   18.88   18.04   19.74   15.53   4.675   11.08   14.00   14.10   21.68   19.82   21.14   16.39   15.63   17.16   15.67   16.18   15.47   14.58   15.64   20.15   23.27   20.38   6.999   10.24   25.62   25.63   26.01   20.33   30.24   28.46   25.67   18.23   15.88   24.19   23.91   22.22   18.39   30.57   27.02   21.90   28.71   8.353   33.15   34.09   35.06   29.07   26.15   27.25   27.51   24.17   23.34   34.62   27.42   23.16   18.80   19.70   25.14   19.06   22.17   19.14   24.54   22.84   20.26   12.81   15.06   20.68   19.28   14.94   17.30   26.63   25.93   33.41   33.83   32.48   37.61   36.11   24.53   23.70   30.18   24.29   
   325.    3.165   3.857   4.941   10.09   11.99   15.36   10.13   8.346   9.461   9.428   17.18   21.06   19.65   18.78   20.54   16.16   4.866   11.53   14.57   14.68   22.56   20.62   22.00   17.06   16.27   17.86   16.31   16.84   16.10   15.17   16.28   20.97   24.22   21.22   7.284   10.66   26.66   26.68   27.07   21.16   31.47   29.62   26.72   18.97   16.53   25.18   24.88   23.13   19.14   31.82   28.13   22.79   29.89   8.694   34.50   35.48   36.50   30.26   27.21   28.36   28.64   25.16   24.29   36.03   28.54   24.11   19.57   20.50   26.16   19.84   23.07   19.93   25.54   23.77   21.09   13.33   15.67   21.53   20.07   15.55   18.00   27.72   26.99   34.78   35.21   33.80   39.14   37.59   25.53   24.66   31.42   25.28   
   350.    3.285   4.002   5.128   10.48   12.44   15.94   10.52   8.661   9.818   9.783   17.83   21.85   20.39   19.49   21.32   16.77   5.050   11.97   15.12   15.23   23.41   21.40   22.83   17.70   16.88   18.53   16.92   17.47   16.71   15.75   16.89   21.76   25.14   22.02   7.559   11.06   27.67   27.69   28.09   21.96   32.66   30.74   27.73   19.69   17.15   26.13   25.82   24.00   19.86   33.02   29.19   23.65   31.01   9.023   35.80   36.82   37.87   31.40   28.24   29.43   29.72   26.11   25.20   37.40   29.62   25.02   20.30   21.28   27.15   20.59   23.95   20.68   26.50   24.67   21.88   13.83   16.26   22.34   20.83   16.13   18.68   28.76   28.01   36.09   36.54   35.08   40.62   39.01   26.49   25.59   32.60   26.24   
   375.    3.400   4.143   5.308   10.84   12.88   16.50   10.88   8.965   10.16   10.13   18.45   22.62   21.11   20.17   22.07   17.36   5.227   12.39   15.65   15.77   24.24   22.15   23.64   18.32   17.47   19.18   17.51   18.09   17.30   16.30   17.49   22.53   26.02   22.79   7.825   11.45   28.64   28.66   29.08   22.73   33.80   31.82   28.70   20.38   17.75   27.05   26.73   24.84   20.56   34.18   30.21   24.48   32.10   9.339   37.06   38.11   39.20   32.51   29.23   30.46   30.76   27.02   26.09   38.71   30.66   25.90   21.02   22.02   28.11   21.32   24.79   21.40   27.43   25.53   22.65   14.32   16.83   23.13   21.56   16.70   19.34   29.77   28.99   37.36   37.83   36.31   42.05   40.38   27.42   26.49   33.75   27.16   
   400.    3.512   4.278   5.482   11.20   13.30   17.04   11.24   9.259   10.50   10.46   19.06   23.36   21.80   20.84   22.79   17.93   5.398   12.80   16.17   16.29   25.03   22.88   24.41   18.92   18.05   19.81   18.09   18.68   17.86   16.83   18.06   23.26   26.88   23.54   8.081   11.82   29.58   29.60   30.03   23.48   34.91   32.86   29.64   21.05   18.33   27.94   27.60   25.66   21.23   35.30   31.20   25.29   33.16   9.646   38.28   39.36   40.49   33.57   30.19   31.46   31.77   27.91   26.95   39.98   31.66   26.75   21.71   22.74   29.03   22.01   25.60   22.11   28.33   26.37   23.40   14.79   17.38   23.88   22.27   17.25   19.97   30.75   29.94   38.58   39.07   37.50   43.42   41.70   28.32   27.36   34.85   28.05   
   450.    3.725   4.538   5.814   11.88   14.11   18.08   11.92   9.821   11.13   11.09   20.22   24.78   23.12   22.10   24.17   19.02   5.726   13.57   17.15   17.27   26.55   24.27   25.89   20.07   19.14   21.01   19.19   19.81   18.95   17.85   19.16   24.68   28.51   24.96   8.572   12.54   31.38   31.39   31.86   24.90   37.03   34.85   31.44   22.32   19.45   29.63   29.28   27.21   22.52   37.44   33.09   26.82   35.17   10.23   40.60   41.75   42.94   35.61   32.02   33.37   33.70   29.60   28.58   42.40   33.58   28.37   23.02   24.12   30.79   23.35   27.15   23.45   30.05   27.97   24.82   15.69   18.44   25.33   23.62   18.29   21.19   32.62   31.76   40.92   41.44   39.78   46.06   44.23   30.04   29.02   36.97   29.75   
   500.    3.926   4.783   6.129   12.52   14.87   19.05   12.57   10.35   11.74   11.69   21.31   26.12   24.37   23.29   25.48   20.05   6.035   14.31   18.08   18.21   27.99   25.58   27.29   21.15   20.18   22.15   20.22   20.88   19.97   18.82   20.19   26.01   30.05   26.32   9.035   13.22   33.07   33.09   33.58   26.25   39.03   36.74   33.14   23.53   20.50   31.23   30.86   28.69   23.74   39.47   34.89   28.27   37.07   10.78   42.79   44.01   45.27   37.54   33.76   35.18   35.52   31.20   30.13   44.70   35.40   29.90   24.27   25.43   32.45   24.61   28.62   24.72   31.68   29.48   26.16   16.54   19.44   26.70   24.90   19.28   22.33   34.38   33.48   43.14   43.68   41.93   48.55   46.62   31.67   30.59   38.97   31.36   
   550.    4.118   5.017   6.428   13.13   15.60   19.98   13.18   10.86   12.31   12.26   22.35   27.39   25.56   24.43   26.72   21.02   6.330   15.01   18.96   19.10   29.35   26.83   28.63   22.19   21.16   23.23   21.21   21.90   20.95   19.74   21.18   27.28   31.51   27.60   9.476   13.86   34.69   34.71   35.22   27.53   40.94   38.53   34.76   24.68   21.50   32.76   32.37   30.09   24.89   41.39   36.59   29.65   38.88   11.31   44.88   46.16   47.48   39.37   35.40   36.89   37.25   32.73   31.60   46.88   37.13   31.36   25.45   26.67   34.04   25.81   30.02   25.92   33.22   30.92   27.43   17.34   20.39   28.01   26.11   20.23   23.42   36.06   35.11   45.24   45.81   43.97   50.92   48.90   33.21   32.08   40.87   32.89   
   600.    4.301   5.240   6.714   13.72   16.29   20.87   13.77   11.34   12.86   12.81   23.34   28.61   26.70   25.52   27.91   21.96   6.612   15.67   19.80   19.95   30.66   28.02   29.90   23.17   22.10   24.27   22.15   22.88   21.88   20.62   22.12   28.49   32.92   28.83   9.898   14.48   36.23   36.25   36.78   28.75   42.76   40.24   36.30   25.78   22.46   34.21   33.81   31.42   26.00   43.24   38.21   30.97   40.61   11.81   46.88   48.21   49.59   41.12   36.98   38.54   38.91   34.18   33.00   48.96   38.78   32.76   26.58   27.86   35.55   26.96   31.35   27.07   34.70   32.30   28.65   18.11   21.29   29.25   27.27   21.13   24.46   37.66   36.67   47.26   47.85   45.93   53.18   51.07   34.69   33.51   42.69   34.35   
   650.    4.476   5.454   6.988   14.28   16.96   21.72   14.33   11.80   13.38   13.33   24.30   29.78   27.79   26.56   29.05   22.86   6.882   16.31   20.61   20.76   31.91   29.17   31.12   24.12   23.00   25.26   23.06   23.81   22.77   21.46   23.02   29.66   34.26   30.00   10.30   15.07   37.71   37.73   38.29   29.93   44.50   41.89   37.78   26.83   23.37   35.61   35.19   32.71   27.06   45.00   39.78   32.24   42.27   12.30   48.79   50.18   51.61   42.80   38.49   40.11   40.50   35.58   34.35   50.96   40.36   34.10   27.67   28.99   37.00   28.06   32.63   28.18   36.12   33.61   29.82   18.85   22.16   30.45   28.39   21.99   25.46   39.20   38.17   49.19   49.80   47.81   55.35   53.16   36.11   34.88   44.43   35.76   
   700.    4.645   5.660   7.252   14.81   17.60   22.54   14.87   12.25   13.89   13.84   25.21   30.90   28.84   27.56   30.15   23.72   7.141   16.93   21.39   21.54   33.11   30.27   32.29   25.03   23.87   26.21   23.93   24.71   23.63   22.27   23.89   30.78   35.55   31.14   10.69   15.64   39.13   39.15   39.73   31.06   46.18   43.47   39.21   27.84   24.25   36.96   36.52   33.94   28.09   46.70   41.28   33.45   43.86   12.76   50.63   52.07   53.56   44.41   39.94   41.62   42.03   36.92   35.64   52.88   41.89   35.38   28.71   30.09   38.40   29.12   33.86   29.24   37.48   34.88   30.95   19.57   23.00   31.60   29.46   22.82   26.42   40.68   39.61   51.04   51.68   49.61   57.44   55.16   37.47   36.20   46.11   37.11   
   800.    4.966   6.051   7.753   15.84   18.81   24.10   15.90   13.09   14.84   14.79   26.95   33.04   30.83   29.47   32.23   25.36   7.634   18.10   22.86   23.03   35.40   32.36   34.52   26.76   25.52   28.02   25.58   26.42   25.26   23.80   25.54   32.90   38.01   33.29   11.43   16.72   41.83   41.86   42.47   33.20   49.37   46.47   41.92   29.76   25.93   39.51   39.04   36.29   30.02   49.92   44.13   35.76   46.89   13.64   54.13   55.67   57.26   47.48   42.70   44.50   44.93   39.47   38.11   56.54   44.78   37.83   30.70   32.17   41.05   31.13   36.20   31.26   40.07   37.29   33.09   20.92   24.59   33.78   31.49   24.39   28.25   43.49   42.35   54.57   55.25   53.04   61.41   58.97   40.06   38.69   49.29   39.67   
   900.    5.267   6.418   8.223   16.80   19.95   25.56   16.86   13.89   15.74   15.69   28.59   35.04   32.70   31.25   34.19   26.89   8.097   19.20   24.25   24.43   37.55   34.32   36.62   28.38   27.07   29.72   27.13   28.02   26.79   25.25   27.09   34.90   40.31   35.31   12.12   17.73   44.37   44.40   45.05   35.22   52.37   49.29   44.46   31.57   27.50   41.90   41.41   38.49   31.85   52.95   46.80   37.93   49.73   14.47   57.41   59.04   60.73   50.36   45.29   47.20   47.65   41.86   40.42   59.97   47.50   40.12   32.56   34.12   43.54   33.02   38.40   33.16   42.50   39.55   35.09   22.19   26.08   35.83   33.40   25.87   29.96   46.13   44.92   57.88   58.60   56.25   65.14   62.55   42.49   41.04   52.28   42.07   
   1.00e3  5.552   6.765   8.668   17.71   21.03   26.95   17.77   14.64   16.60   16.54   30.14   36.94   34.47   32.94   36.03   28.35   8.535   20.23   25.56   25.75   39.58   36.18   38.60   29.92   28.53   31.33   28.60   29.53   28.24   26.61   28.56   36.78   42.49   37.22   12.78   18.69   46.77   46.80   47.49   37.12   55.20   51.95   46.87   33.28   28.99   44.17   43.65   40.57   33.57   55.82   49.33   39.98   52.42   15.25   60.52   62.24   64.02   53.08   47.74   49.75   50.23   44.13   42.60   63.21   50.06   42.29   34.32   35.96   45.90   34.81   40.48   34.95   44.80   41.69   36.99   23.39   27.49   37.76   35.21   27.27   31.58   48.62   47.35   61.01   61.77   59.30   68.66   65.93   44.78   43.26   55.11   44.35   
   1.10e3  5.823   7.095   9.091   18.57   22.06   28.26   18.64   15.36   17.41   17.34   31.61   38.74   36.15   34.55   37.79   29.73   8.952   21.22   26.81   27.01   41.51   37.94   40.48   31.38   29.93   32.86   30.00   30.98   29.62   27.91   29.95   38.58   44.57   39.03   13.40   19.60   49.05   49.08   49.81   38.93   57.90   54.49   49.15   34.90   30.40   46.33   45.78   42.55   35.21   58.54   51.74   41.93   54.98   16.00   63.47   65.27   67.14   55.67   50.07   52.18   52.68   46.28   44.68   66.29   52.51   44.36   36.00   37.72   48.14   36.51   42.45   36.66   46.99   43.73   38.80   24.53   28.83   39.61   36.93   28.60   33.12   50.99   49.66   63.98   64.78   62.19   72.01   69.15   46.97   45.37   57.80   46.51   
   1.20e3  6.082   7.410   9.495   19.40   23.04   29.52   19.47   16.04   18.18   18.12   33.01   40.46   37.76   36.09   39.47   31.06   9.350   22.16   28.00   28.21   43.36   39.63   42.28   32.77   31.26   34.32   31.33   32.35   30.94   29.15   31.28   40.30   46.55   40.77   14.00   20.47   51.24   51.26   52.02   40.66   60.47   56.91   51.34   36.45   31.76   48.39   47.81   44.44   36.77   61.14   54.04   43.80   57.43   16.71   66.30   68.18   70.13   58.15   52.29   54.50   55.03   48.34   46.67   69.24   54.84   46.33   37.60   39.39   50.28   38.13   44.34   38.29   49.08   45.67   40.52   25.62   30.11   41.37   38.57   29.88   34.60   53.26   51.87   66.83   67.66   64.95   75.21   72.23   49.06   47.39   60.37   48.58   
   1.30e3  6.331   7.713   9.883   20.19   23.98   30.72   20.27   16.69   18.92   18.86   34.36   42.11   39.30   37.56   41.09   32.32   9.732   23.07   29.15   29.36   45.13   41.25   44.01   34.11   32.53   35.72   32.61   33.67   32.20   30.34   32.56   41.94   48.45   42.43   14.57   21.31   53.33   53.36   54.14   42.32   62.94   59.24   53.43   37.94   33.05   50.36   49.76   46.26   38.27   63.64   56.25   45.59   59.77   17.39   69.00   70.96   72.99   60.52   54.43   56.72   57.27   50.31   48.58   72.07   57.08   48.22   39.13   41.00   52.33   39.69   46.15   39.85   51.08   47.54   42.18   26.66   31.34   43.06   40.14   31.10   36.01   55.44   53.98   69.56   70.43   67.61   78.28   75.18   51.06   49.33   62.83   50.57   
   1.40e3  6.570   8.004   10.26   20.95   24.89   31.88   21.03   17.32   19.64   19.57   35.66   43.70   40.78   38.98   42.64   33.54   10.10   23.94   30.25   30.47   46.83   42.81   45.67   35.40   33.76   37.07   33.84   34.95   33.42   31.49   33.79   43.52   50.28   44.03   15.12   22.11   55.34   55.37   56.19   43.92   65.32   61.47   55.45   39.37   34.30   52.26   51.64   48.00   39.72   66.04   58.37   47.31   62.03   18.05   71.61   73.64   75.75   62.81   56.48   58.86   59.43   52.21   50.41   74.79   59.24   50.04   40.61   42.55   54.31   41.19   47.89   41.36   53.01   49.33   43.77   27.67   32.52   44.68   41.66   32.27   37.37   57.53   56.02   72.18   73.09   70.16   81.24   78.01   52.99   51.19   65.20   52.48   
   1.50e3  6.800   8.285   10.62   21.69   25.76   33.00   21.77   17.93   20.33   20.25   36.91   45.24   42.21   40.35   44.13   34.72   10.45   24.78   31.31   31.54   48.47   44.31   47.27   36.64   34.95   38.37   35.03   36.17   34.59   32.60   34.97   45.05   52.04   45.58   15.65   22.89   57.28   57.32   58.16   45.46   67.61   63.63   57.40   40.75   35.50   54.10   53.45   49.69   41.11   68.36   60.42   48.97   64.21   18.68   74.12   76.22   78.41   65.01   58.47   60.93   61.52   54.04   52.18   77.42   61.32   51.80   42.03   44.04   56.21   42.63   49.57   42.81   54.87   51.06   45.31   28.64   33.67   46.25   43.12   33.40   38.68   59.55   57.99   74.72   75.65   72.62   84.09   80.75   54.85   52.98   67.49   54.32   
   1.60e3  7.023   8.557   10.96   22.40   26.61   34.08   22.48   18.52   20.99   20.92   38.12   46.72   43.60   41.67   45.58   35.86   10.80   25.59   32.34   32.57   50.06   45.76   48.82   37.84   36.09   39.63   36.18   37.36   35.73   33.66   36.12   46.53   53.75   47.07   16.16   23.64   59.16   59.19   60.07   46.95   69.82   65.72   59.28   42.09   36.67   55.87   55.21   51.32   42.46   70.60   62.40   50.58   66.31   19.29   76.55   78.72   80.98   67.14   60.38   62.93   63.54   55.82   53.89   79.95   63.33   53.49   43.41   45.49   58.05   44.03   51.20   44.21   56.67   52.74   46.79   29.58   34.77   47.77   44.54   34.50   39.95   61.50   59.89   77.17   78.13   75.00   86.85   83.40   56.65   54.72   69.70   56.10   
   1.70e3  7.239   8.820   11.30   23.09   27.42   35.13   23.17   19.09   21.64   21.56   39.29   48.16   44.94   42.95   46.98   36.96   11.13   26.38   33.33   33.58   51.60   47.17   50.33   39.01   37.20   40.84   37.29   38.51   36.82   34.70   37.23   47.96   55.40   48.52   16.66   24.37   60.98   61.02   61.92   48.40   71.97   67.74   61.10   43.39   37.80   57.59   56.91   52.90   43.77   72.78   64.32   52.13   68.35   19.89   78.91   81.15   83.47   69.21   62.24   64.86   65.49   57.54   55.55   82.41   65.28   55.14   44.75   46.89   59.84   45.38   52.77   45.57   58.41   54.36   48.23   30.49   35.84   49.24   45.91   35.56   41.18   63.39   61.73   79.54   80.54   77.31   89.52   85.97   58.39   56.41   71.85   57.82   
   1.80e3  7.449   9.076   11.63   23.76   28.22   36.15   23.85   19.64   22.27   22.19   40.43   49.55   46.24   44.20   48.35   38.03   11.45   27.15   34.30   34.55   53.10   48.54   51.78   40.14   38.28   42.03   38.37   39.63   37.89   35.71   38.31   49.35   57.01   49.93   17.14   25.08   62.75   62.79   63.71   49.80   74.06   69.70   62.88   44.64   38.89   59.26   58.56   54.43   45.04   74.89   66.19   53.64   70.34   20.46   81.20   83.50   85.89   71.22   64.05   66.75   67.39   59.20   57.16   84.80   67.17   56.74   46.05   48.25   61.58   46.70   54.30   46.89   60.10   55.94   49.63   31.37   36.88   50.67   47.24   36.59   42.37   65.23   63.52   81.85   82.87   79.55   92.12   88.46   60.08   58.04   73.93   59.50   
   2.00e3  7.852   9.567   12.26   25.04   29.75   38.11   25.14   20.70   23.47   23.39   42.62   52.23   48.74   46.59   50.96   40.09   12.07   28.61   36.15   36.42   55.97   51.16   54.59   42.31   40.35   44.30   40.45   41.77   39.94   37.64   40.38   52.02   60.09   52.63   18.07   26.43   66.14   66.18   67.16   52.50   78.07   73.47   66.28   47.06   41.00   62.47   61.72   57.37   47.47   78.94   69.77   56.54   74.14   21.57   85.59   88.01   90.53   75.07   67.51   70.36   71.04   62.41   60.25   89.39   70.80   59.81   48.54   50.86   64.91   49.23   57.24   49.43   63.36   58.96   52.32   33.07   38.87   53.41   49.79   38.57   44.66   68.76   66.96   86.28   87.35   83.86   97.10   93.24   63.33   61.18   77.93   62.72   
   2.25e3  8.329   10.15   13.00   26.56   31.55   40.42   26.66   21.96   24.89   24.81   45.20   55.40   51.70   49.42   54.05   42.52   12.80   30.35   38.35   38.63   59.37   54.27   57.90   44.88   42.80   46.99   42.90   44.30   42.37   39.92   42.83   55.18   63.74   55.82   19.17   28.04   70.16   70.20   71.23   55.68   82.80   77.93   70.30   49.91   43.48   66.26   65.47   60.85   50.35   83.72   74.00   59.97   78.64   22.88   90.78   93.35   96.03   79.62   71.61   74.62   75.35   66.19   63.91   94.81   75.10   63.44   51.48   53.94   68.84   52.21   60.71   52.43   67.20   62.54   55.49   35.08   41.23   56.65   52.81   40.91   47.37   72.93   71.02   91.51   92.65   88.94   103.0   98.90   67.18   64.89   82.66   66.52   
   2.50e3  8.779   10.70   13.70   28.00   33.26   42.61   28.10   23.15   26.24   26.15   47.65   58.40   54.50   52.09   56.98   44.82   13.50   31.99   40.42   40.72   62.58   57.20   61.03   47.30   45.11   49.53   45.22   46.70   44.66   42.08   45.15   58.16   67.19   58.84   20.20   29.55   73.95   73.99   75.08   58.69   87.28   82.15   74.10   52.61   45.84   69.84   69.01   64.15   53.08   88.25   78.01   63.22   82.89   24.11   95.69   98.40   101.2   83.93   75.48   78.66   79.42   69.77   67.36   99.94   79.16   66.87   54.27   56.86   72.57   55.04   64.00   55.27   70.83   65.92   58.49   36.98   43.46   59.71   55.67   43.12   49.93   76.88   74.86   96.46   97.66   93.75   108.6   104.3   70.81   68.40   87.13   70.12   
   2.75e3  9.208   11.22   14.37   29.36   34.88   44.68   29.47   24.28   27.52   27.42   49.97   61.25   57.16   54.63   59.76   47.01   14.15   33.55   42.39   42.70   65.63   59.99   64.01   49.61   47.32   51.95   47.43   48.98   46.84   44.13   47.35   61.00   70.47   61.71   21.19   30.99   77.56   77.61   78.75   61.56   91.54   86.16   77.72   55.18   48.07   73.25   72.38   67.28   55.67   92.56   81.81   66.30   86.94   25.29   100.4   103.2   106.2   88.03   79.16   82.50   83.30   73.18   70.65   104.8   83.02   70.13   56.91   59.64   76.11   57.72   67.12   57.96   74.29   69.14   61.34   38.78   45.58   62.63   58.39   45.23   52.37   80.63   78.52   101.2   102.4   98.33   113.9   109.3   74.27   71.74   91.38   73.55   
   3.00e3  9.617   11.72   15.01   30.67   36.43   46.67   30.79   25.36   28.74   28.64   52.20   63.97   59.70   57.06   62.41   49.10   14.78   35.05   44.28   44.60   68.55   62.66   66.85   51.82   49.42   54.26   49.54   51.16   48.92   46.10   49.46   63.71   73.60   64.46   22.13   32.37   81.01   81.06   82.25   64.29   95.61   89.99   81.17   57.64   50.21   76.51   75.60   70.27   58.14   96.68   85.45   69.25   90.80   26.42   104.8   107.8   110.9   91.94   82.68   86.17   87.00   76.43   73.79   109.5   86.71   73.25   59.45   62.29   79.49   60.29   70.11   60.54   77.59   72.22   64.07   40.50   47.61   65.41   60.98   47.24   54.70   84.21   82.01   105.7   107.0   102.7   118.9   114.2   77.57   74.93   95.45   76.82   
   3.25e3  10.01   12.20   15.63   31.92   37.92   48.58   32.04   26.39   29.92   29.81   54.33   66.59   62.14   59.39   64.96   51.11   15.39   36.48   46.09   46.42   71.35   65.22   69.58   53.93   51.44   56.47   51.56   53.24   50.92   47.98   51.48   66.31   76.61   67.09   23.04   33.69   84.32   84.37   85.61   66.92   99.52   93.66   84.49   59.99   52.26   79.63   78.68   73.14   60.52   100.6   88.94   72.08   94.51   27.49   109.1   112.2   115.4   95.70   86.06   89.69   90.55   79.55   76.81   114.0   90.26   76.24   61.87   64.83   82.74   62.75   72.97   63.01   80.76   75.16   66.69   42.16   49.55   68.08   63.47   49.17   56.93   87.65   85.36   110.0   111.4   106.9   123.8   118.9   80.74   77.99   99.34   79.95   
   3.50e3  10.39   12.66   16.22   33.13   39.35   50.41   33.25   27.39   31.05   30.94   56.38   69.10   64.48   61.63   67.41   53.04   15.97   37.85   47.83   48.18   74.04   67.68   72.21   55.97   53.38   58.61   53.51   55.25   52.84   49.79   53.42   68.82   79.50   69.62   23.91   34.97   87.50   87.55   88.84   69.45   103.3   97.20   87.68   62.25   54.23   82.63   81.65   75.90   62.80   104.4   92.30   74.80   98.08   28.53   113.2   116.4   119.8   99.31   89.31   93.07   93.97   82.55   79.70   118.3   93.66   79.12   64.21   67.28   85.86   65.12   75.72   65.39   83.81   78.00   69.21   43.75   51.42   70.65   65.87   51.02   59.08   90.96   88.58   114.1   115.6   110.9   128.4   123.4   83.78   80.94   103.1   82.97   
   3.75e3  10.75   13.10   16.78   34.29   40.73   52.18   34.42   28.35   32.14   32.02   58.36   71.52   66.74   63.80   69.78   54.90   16.53   39.18   49.50   49.87   76.64   70.06   74.74   57.93   55.25   60.66   55.39   57.19   54.69   51.54   55.30   71.23   82.29   72.07   24.74   36.19   90.57   90.62   91.96   71.88   106.9   100.6   90.75   64.44   56.14   85.54   84.52   78.56   65.00   108.1   95.54   77.43   101.5   29.53   117.2   120.5   124.0   102.8   92.44   96.34   97.27   85.45   82.50   122.4   96.95   81.90   66.46   69.64   88.88   67.40   78.38   67.69   86.75   80.74   71.64   45.29   53.23   73.13   68.18   52.81   61.16   94.15   91.69   118.1   119.6   114.8   133.0   127.7   86.72   83.78   106.7   85.88   
   4.00e3  11.10   13.53   17.34   35.41   42.07   53.89   35.55   29.28   33.19   33.07   60.27   73.87   68.93   65.89   72.07   56.70   17.07   40.47   51.13   51.50   79.16   72.35   77.20   59.83   57.07   62.65   57.20   59.07   56.49   53.23   57.11   73.57   84.99   74.43   25.56   37.38   93.54   93.60   94.98   74.24   110.4   103.9   93.73   66.55   57.98   88.34   87.29   81.14   67.14   111.6   98.67   79.97   104.8   30.50   121.0   124.5   128.0   106.2   95.48   99.50   100.5   88.25   85.21   126.4   100.1   84.58   68.64   71.92   91.79   69.62   80.95   69.91   89.60   83.39   73.98   46.77   54.98   75.53   70.42   54.55   63.16   97.24   94.69   122.0   123.5   118.6   137.3   131.9   89.57   86.52   110.2   88.70   
   4.50e3  11.78   14.35   18.39   37.56   44.62   57.16   37.70   31.06   35.21   35.08   63.93   78.35   73.12   69.88   76.44   60.14   18.11   42.92   54.23   54.63   83.96   76.74   81.88   63.46   60.53   66.45   60.67   62.65   59.91   56.46   60.57   78.03   90.14   78.95   27.11   39.65   99.22   99.27   100.7   78.74   117.1   110.2   99.42   70.59   61.50   93.70   92.59   86.06   71.21   118.4   104.7   84.82   111.2   32.35   128.4   132.0   135.8   112.6   101.3   105.5   106.6   93.61   90.38   134.1   106.2   89.71   72.81   76.29   97.36   73.84   85.86   74.15   95.03   88.45   78.47   49.61   58.31   80.11   74.69   57.85   66.99   103.1   100.4   129.4   131.0   125.8   145.6   139.9   95.00   91.77   116.9   94.08   
   5.00e3  12.42   15.13   19.38   39.59   47.03   60.25   39.74   32.74   37.11   36.98   67.39   82.59   77.07   73.67   80.58   63.39   19.09   45.24   57.16   57.58   88.50   80.89   86.31   66.90   63.80   70.05   63.96   66.04   63.15   59.51   63.85   82.25   95.02   83.22   28.57   41.79   104.6   104.6   106.2   83.00   123.4   116.2   104.8   74.41   64.82   98.77   97.59   90.72   75.06   124.8   110.3   89.40   117.2   34.10   135.3   139.2   143.1   118.7   106.7   111.2   112.3   98.67   95.27   141.3   111.9   94.57   76.74   80.41   102.6   77.83   90.51   78.16   100.2   93.23   82.72   52.29   61.46   84.44   78.73   60.98   70.62   108.7   105.9   136.4   138.1   132.6   153.5   147.4   100.1   96.74   123.2   99.17   
   5.50e3  13.02   15.86   20.33   41.52   49.33   63.19   41.68   34.34   38.92   38.78   70.68   86.62   80.83   77.26   84.51   66.49   20.02   47.45   59.95   60.39   92.82   84.84   90.52   70.16   66.92   73.47   67.08   69.27   66.24   62.42   66.97   86.27   99.66   87.28   29.97   43.83   109.7   109.8   111.4   87.05   129.5   121.8   109.9   78.04   67.99   103.6   102.4   95.14   78.72   130.9   115.7   93.77   122.9   35.77   141.9   146.0   150.1   124.5   112.0   116.7   117.8   103.5   99.91   148.2   117.4   99.18   80.49   84.34   107.6   81.63   94.92   81.97   105.1   97.78   86.75   54.84   64.46   88.57   82.57   63.96   74.06   114.0   111.0   143.1   144.9   139.1   161.0   154.6   105.0   101.5   129.2   104.0   
   6.00e3  13.60   16.57   21.23   43.37   51.52   66.00   43.54   35.86   40.65   40.51   73.82   90.47   84.43   80.70   88.27   69.44   20.91   49.56   62.62   63.08   96.95   88.62   94.55   73.28   69.89   76.73   70.06   72.35   69.18   65.19   69.95   90.10   104.1   91.16   31.30   45.78   114.6   114.6   116.3   90.93   135.2   127.3   114.8   81.51   71.01   108.2   106.9   99.37   82.22   136.7   120.8   97.94   128.4   37.36   148.2   152.4   156.8   130.0   116.9   121.9   123.0   108.1   104.4   154.8   122.6   103.6   84.07   88.09   112.4   85.26   99.14   85.62   109.7   102.1   90.61   57.28   67.33   92.50   86.24   66.80   77.36   119.1   116.0   149.4   151.3   145.2   168.2   161.5   109.7   106.0   135.0   108.6   
   6.50e3  14.16   17.25   22.10   45.14   53.62   68.70   45.31   37.33   42.31   42.16   76.83   94.17   87.87   83.99   91.87   72.28   21.76   51.59   65.17   65.65   100.9   92.23   98.41   76.27   72.75   79.87   72.92   75.30   72.01   67.85   72.80   93.78   108.3   94.88   32.58   47.65   119.2   119.3   121.1   94.64   140.7   132.5   119.5   84.84   73.91   112.6   111.3   103.4   85.58   142.3   125.8   101.9   133.7   38.88   154.3   158.7   163.2   135.3   121.7   126.8   128.1   112.5   108.6   161.2   127.6   107.8   87.50   91.69   117.0   88.74   103.2   89.11   114.2   106.3   94.31   59.62   70.08   96.28   89.77   69.53   80.52   124.0   120.7   155.5   157.5   151.2   175.0   168.1   114.2   110.3   140.5   113.1   
   7.00e3  14.69   17.90   22.93   46.85   55.65   71.29   47.03   38.74   43.91   43.75   79.73   97.72   91.19   87.16   95.34   75.01   22.58   53.53   67.63   68.13   104.7   95.72   102.1   79.15   75.49   82.88   75.67   78.14   74.72   70.41   75.55   97.32   112.4   98.46   33.81   49.45   123.7   123.8   125.6   98.21   146.0   137.5   124.0   88.04   76.70   116.9   115.5   107.3   88.81   147.7   130.5   105.8   138.7   40.35   160.1   164.7   169.4   140.4   126.3   131.6   132.9   116.8   112.7   167.2   132.5   111.9   90.80   95.15   121.4   92.09   107.1   92.48   118.5   110.3   97.87   61.87   72.73   99.92   93.15   72.16   83.56   128.6   125.3   161.4   163.4   156.9   181.7   174.4   118.5   114.5   145.8   117.3   
   8.00e3  15.70   19.13   24.52   50.08   59.49   76.21   50.27   41.41   46.94   46.77   85.24   104.5   97.49   93.18   101.9   80.18   24.14   57.23   72.30   72.84   111.9   102.3   109.2   84.62   80.70   88.60   80.90   83.54   79.88   75.28   80.77   104.0   120.2   105.3   36.14   52.86   132.3   132.4   134.3   105.0   156.1   146.9   132.6   94.12   82.00   124.9   123.4   114.7   94.95   157.9   139.5   113.1   148.3   43.14   171.2   176.0   181.1   150.1   135.0   140.7   142.1   124.8   120.5   178.8   141.6   119.6   97.07   101.7   129.8   98.45   114.5   98.86   126.7   117.9   104.6   66.14   77.75   106.8   99.59   77.14   89.32   137.5   133.9   172.6   174.7   167.7   194.2   186.5   126.7   122.4   155.9   125.4   
   9.00e3  16.66   20.29   26.00   53.12   63.10   80.84   53.32   43.92   49.79   49.61   90.41   110.8   103.4   98.83   108.1   85.05   25.61   60.70   76.69   77.25   118.7   108.5   115.8   89.75   85.60   93.98   85.81   88.60   84.73   79.84   85.67   110.4   127.5   111.6   38.33   56.07   140.3   140.4   142.5   111.4   165.6   155.9   140.6   99.83   86.97   132.5   130.9   121.7   100.7   167.4   148.0   119.9   157.3   45.75   181.6   186.7   192.1   159.2   143.2   149.2   150.7   132.4   127.8   189.6   150.2   126.9   103.0   107.9   137.7   104.4   121.4   104.9   134.4   125.1   111.0   70.16   82.46   113.3   105.6   81.82   94.74   145.9   142.0   183.0   185.3   177.9   206.0   197.8   134.4   129.8   165.3   133.0   
   10.0e3  17.56   21.39   27.41   55.99   66.51   85.21   56.21   46.30   52.48   52.29   95.30   116.8   109.0   104.2   114.0   89.65   26.99   63.98   80.84   81.43   125.2   114.4   122.1   94.61   90.23   99.06   90.45   93.40   89.31   84.16   90.30   116.3   134.4   117.7   40.41   59.10   147.9   148.0   150.2   117.4   174.6   164.3   148.2   105.2   91.67   139.7   138.0   128.3   106.2   176.5   156.0   126.4   165.8   48.23   191.4   196.8   202.4   167.9   151.0   157.3   158.8   139.5   134.7   199.9   158.3   133.7   108.5   113.7   145.1   110.1   128.0   110.5   141.7   131.8   117.0   73.95   86.92   119.4   111.3   86.24   99.87   153.8   149.7   192.9   195.3   187.5   217.1   208.5   141.6   136.8   174.3   140.2   
   11.0e3  18.42   22.44   28.75   58.72   69.76   89.37   58.95   48.56   55.04   54.85   99.95   122.5   114.3   109.3   119.5   94.02   28.31   67.11   84.78   85.41   131.3   120.0   128.0   99.22   94.63   103.9   94.86   97.96   93.67   88.27   94.71   122.0   140.9   123.4   42.38   61.99   155.1   155.2   157.5   123.1   183.1   172.3   155.4   110.4   96.15   146.5   144.8   134.6   111.3   185.1   163.6   132.6   173.9   50.58   200.7   206.4   212.3   176.1   158.3   165.0   166.6   146.4   141.3   209.6   166.0   140.3   113.8   119.3   152.2   115.4   134.2   115.9   148.6   138.3   122.7   77.56   91.17   125.3   116.8   90.45   104.7   161.3   157.0   202.3   204.9   196.7   227.7   218.7   148.5   143.5   182.8   147.1   
   12.0e3  19.23   23.43   30.03   61.34   72.86   93.34   61.57   50.72   57.49   57.29   104.4   127.9   119.4   114.1   124.8   98.21   29.57   70.09   88.55   89.20   137.1   125.3   133.7   103.6   98.84   108.5   99.08   102.3   97.84   92.19   98.92   127.4   147.2   128.9   44.26   64.75   162.0   162.1   164.5   128.6   191.2   180.0   162.3   115.3   100.4   153.0   151.2   140.5   116.3   193.4   170.9   138.5   181.6   52.83   209.6   215.6   221.8   183.9   165.4   172.3   174.0   152.9   147.6   219.0   173.4   146.5   118.9   124.6   159.0   120.6   140.2   121.1   155.2   144.4   128.1   81.01   95.22   130.8   122.0   94.47   109.4   168.4   164.0   211.3   214.0   205.4   237.8   228.4   155.1   149.9   190.9   153.6   
   13.0e3  20.02   24.39   31.25   63.84   75.84   97.16   64.08   52.79   59.84   59.63   108.7   133.2   124.3   118.8   129.9   102.2   30.78   72.95   92.17   92.85   142.7   130.4   139.2   107.9   102.9   112.9   103.1   106.5   101.8   95.96   103.0   132.6   153.2   134.2   46.07   67.39   168.6   168.7   171.2   133.8   199.0   187.3   169.0   120.0   104.5   159.3   157.4   146.3   121.0   201.2   177.9   144.2   189.0   54.99   218.2   224.4   230.8   191.4   172.1   179.4   181.1   159.1   153.6   227.9   180.5   152.5   123.7   129.7   165.5   125.5   145.9   126.0   161.5   150.3   133.4   84.32   99.11   136.2   126.9   98.33   113.9   175.3   170.7   220.0   222.7   213.8   247.6   237.7   161.5   156.0   198.7   159.9   
   14.0e3  20.78   25.31   32.43   66.25   78.70   100.8   66.50   54.78   62.10   61.88   112.8   138.2   129.0   123.3   134.8   106.1   31.94   75.71   95.65   96.35   148.1   135.4   144.4   111.9   106.8   117.2   107.0   110.5   105.7   99.58   106.8   137.6   159.0   139.2   47.81   69.93   175.0   175.1   177.7   138.9   206.5   194.4   175.4   124.5   108.5   165.3   163.3   151.8   125.6   208.8   184.6   149.6   196.2   57.06   226.4   232.9   239.5   198.6   178.6   186.1   187.9   165.1   159.4   236.5   187.3   158.2   128.4   134.6   171.7   130.2   151.4   130.8   167.6   156.0   138.4   87.50   102.8   141.3   131.7   102.0   118.2   181.9   177.2   228.3   231.1   221.9   256.9   246.7   167.6   161.9   206.2   165.9   
   15.0e3  21.50   26.20   33.57   68.58   81.46   104.4   68.84   56.70   64.28   64.05   116.7   143.0   133.5   127.6   139.6   109.8   33.06   78.36   99.01   99.73   153.3   140.1   149.5   115.9   110.5   121.3   110.8   114.4   109.4   103.1   110.6   142.5   164.6   144.1   49.49   72.39   181.1   181.2   183.9   143.8   213.8   201.2   181.5   128.9   112.3   171.1   169.0   157.1   130.0   216.2   191.1   154.9   203.0   59.07   234.4   241.0   247.9   205.6   184.9   192.7   194.5   170.9   165.0   244.8   193.9   163.8   132.9   139.3   177.8   134.8   156.8   135.4   173.5   161.5   143.3   90.57   106.5   146.3   136.4   105.6   122.3   188.3   183.4   236.3   239.2   229.6   265.9   255.4   173.4   167.6   213.4   171.8   
   16.0e3  22.21   27.06   34.67   70.82   84.13   107.8   71.10   58.56   66.38   66.15   120.5   147.7   137.9   131.8   144.1   113.4   34.14   80.93   102.3   103.0   158.3   144.7   154.4   119.7   114.1   125.3   114.4   118.1   113.0   106.5   114.2   147.1   170.0   148.9   51.11   74.76   187.1   187.2   190.0   148.5   220.8   207.8   187.5   133.1   116.0   176.7   174.6   162.3   134.3   223.3   197.3   159.9   209.7   61.00   242.1   248.9   256.1   212.3   191.0   199.0   200.9   176.5   170.4   252.8   200.3   169.2   137.3   143.8   183.6   139.2   161.9   139.8   179.2   166.8   148.0   93.54   110.0   151.1   140.8   109.1   126.3   194.5   189.4   244.0   247.1   237.2   274.6   263.7   179.1   173.0   220.4   177.4   
   17.0e3  22.89   27.89   35.74   73.00   86.72   111.1   73.28   60.37   68.43   68.18   124.3   152.3   142.1   135.8   148.6   116.9   35.19   83.43   105.4   106.2   163.2   149.2   159.1   123.4   117.6   129.2   117.9   121.8   116.5   109.7   117.7   151.7   175.2   153.4   52.69   77.06   192.8   193.0   195.8   153.1   227.6   214.2   193.2   137.2   119.5   182.1   180.0   167.3   138.4   230.1   203.4   164.9   216.2   62.88   249.5   256.6   264.0   218.9   196.8   205.1   207.1   181.9   175.7   260.6   206.4   174.4   141.5   148.3   189.2   143.5   166.9   144.1   184.7   171.9   152.5   96.42   113.3   155.7   145.2   112.4   130.2   200.5   195.2   251.5   254.7   244.5   283.1   271.9   184.6   178.4   227.2   182.9   
   18.0e3  23.56   28.70   36.77   75.12   89.24   114.3   75.41   62.12   70.41   70.16   127.9   156.7   146.2   139.8   152.9   120.3   36.21   85.84   108.5   109.3   167.9   153.5   163.8   126.9   121.1   132.9   121.3   125.3   119.8   112.9   121.1   156.1   180.3   157.9   54.21   79.30   198.4   198.5   201.5   157.5   234.2   220.4   198.8   141.2   123.0   187.4   185.2   172.1   142.4   236.8   209.3   169.6   222.4   64.71   256.8   264.0   271.6   225.2   202.5   211.1   213.1   187.2   180.8   268.2   212.4   179.4   145.6   152.6   194.7   147.7   171.7   148.3   190.1   176.9   156.9   99.22   116.6   160.2   149.4   115.7   134.0   206.3   200.9   258.8   262.1   251.6   291.3   279.7   190.0   183.5   233.8   188.2   
   20.0e3  24.83   30.25   38.76   79.18   94.06   120.5   79.49   65.48   74.22   73.96   134.8   165.2   154.1   147.3   161.2   126.8   38.17   90.49   114.3   115.2   177.0   161.8   172.6   133.8   127.6   140.1   127.9   132.1   126.3   119.0   127.7   164.5   190.0   166.4   57.15   83.59   209.2   209.3   212.4   166.0   246.9   232.3   209.6   148.8   129.6   197.5   195.2   181.4   150.1   249.6   220.6   178.8   234.5   68.21   270.7   278.3   286.3   237.4   213.5   222.5   224.6   197.3   190.5   282.7   223.9   189.1   153.5   160.8   205.3   155.7   181.0   156.3   200.3   186.5   165.4   104.6   122.9   168.9   157.5   122.0   141.2   217.4   211.7   272.8   276.2   265.2   307.1   294.9   200.3   193.5   246.4   198.3   
   22.5e3  26.34   32.09   41.11   83.99   99.77   127.8   84.31   69.45   78.72   78.44   142.9   175.2   163.5   156.3   170.9   134.5   40.49   95.98   121.3   122.1   187.7   171.6   183.1   141.9   135.3   148.6   135.7   140.1   134.0   126.2   135.4   174.5   201.6   176.5   60.61   88.66   221.9   222.0   225.3   176.1   261.8   246.4   222.3   157.8   137.5   209.5   207.0   192.4   159.2   264.8   234.0   189.7   248.7   72.34   287.1   295.2   303.7   251.8   226.4   236.0   238.3   209.3   202.1   299.8   237.5   200.6   162.8   170.6   217.7   165.1   192.0   165.8   212.5   197.8   175.5   110.9   130.4   179.1   167.0   129.4   149.8   230.6   224.6   289.4   293.0   281.3   325.7   312.8   212.4   205.2   261.4   210.4   
   25.0e3  27.76   33.82   43.34   88.53   105.2   134.7   88.87   73.20   82.98   82.69   150.7   184.7   172.3   164.7   180.2   141.7   42.68   101.2   127.8   128.8   197.9   180.9   193.0   149.6   142.7   156.6   143.0   147.7   141.2   133.1   142.8   183.9   212.5   186.1   63.89   93.45   233.9   234.0   237.4   185.6   276.0   259.8   234.3   166.4   144.9   220.9   218.2   202.8   167.8   279.1   246.7   199.9   262.1   76.26   302.6   311.2   320.1   265.4   238.7   248.7   251.2   220.6   213.0   316.0   250.3   211.5   171.6   179.8   229.5   174.0   202.4   174.8   224.0   208.5   185.0   116.9   137.4   188.8   176.0   136.4   157.9   243.1   236.7   305.0   308.9   296.5   343.3   329.7   223.9   216.3   275.5   221.7   
   27.5e3  29.12   35.48   45.45   92.85   110.3   141.3   93.21   76.78   87.03   86.72   158.0   193.7   180.7   172.8   189.0   148.7   44.76   106.1   134.1   135.0   207.5   189.7   202.4   156.9   149.6   164.3   150.0   154.9   148.1   139.6   149.7   192.9   222.8   195.2   67.01   98.01   245.3   245.4   249.0   194.7   289.5   272.5   245.8   174.5   152.0   231.6   228.9   212.7   176.0   292.7   258.7   209.7   274.9   79.98   317.4   326.4   335.7   278.4   250.3   260.9   263.4   231.4   223.4   331.5   262.5   221.8   180.0   188.6   240.7   182.5   212.3   183.3   234.9   218.6   194.0   122.6   144.1   198.0   184.6   143.0   165.6   255.0   248.3   319.9   323.9   310.9   360.1   345.8   234.8   226.9   289.0   232.6   
   30.0e3  30.41   37.05   47.47   96.98   115.2   147.6   97.35   80.19   90.90   90.58   165.1   202.3   188.8   180.4   197.4   155.3   46.75   110.8   140.0   141.0   216.8   198.2   211.4   163.9   156.3   171.6   156.7   161.8   154.7   145.8   156.4   201.5   232.7   203.8   69.99   102.4   256.2   256.3   260.1   203.3   302.4   284.6   256.7   182.3   158.8   241.9   239.1   222.2   183.9   305.7   270.2   219.0   287.1   83.53   331.5   340.9   350.6   290.7   261.5   272.5   275.1   241.7   233.4   346.2   274.2   231.6   188.0   197.0   251.4   190.6   221.7   191.4   245.4   228.4   202.6   128.1   150.6   206.8   192.8   149.4   173.0   266.3   259.3   334.1   338.3   324.8   376.1   361.1   245.3   237.0   301.8   242.9   
   32.5e3  31.65   38.57   49.41   100.9   119.9   153.6   101.3   83.47   94.61   94.28   171.8   210.6   196.5   187.8   205.4   161.6   48.66   115.3   145.7   146.8   225.6   206.2   220.0   170.6   162.7   178.6   163.1   168.4   161.0   151.7   162.8   209.7   242.2   212.2   72.85   106.6   266.6   266.8   270.7   211.6   314.7   296.2   267.2   189.7   165.3   251.8   248.8   231.3   191.4   318.2   281.3   227.9   298.9   86.94   345.0   354.8   365.0   302.6   272.1   283.6   286.4   251.6   242.9   360.3   285.4   241.1   195.7   205.0   261.6   198.4   230.7   199.3   255.4   237.7   210.9   133.3   156.7   215.3   200.7   155.5   180.0   277.2   269.9   347.8   352.1   338.0   391.4   375.9   255.3   246.6   314.2   252.8   
   35.0e3  32.85   40.02   51.28   104.8   124.4   159.4   105.2   86.62   98.19   97.83   178.3   218.5   203.9   194.9   213.2   167.7   50.50   119.7   151.2   152.3   234.1   214.0   228.3   177.0   168.8   185.3   169.2   174.7   167.1   157.5   168.9   217.6   251.4   220.2   75.60   110.6   276.7   276.9   280.9   219.6   326.6   307.4   277.3   196.9   171.5   261.3   258.2   240.0   198.6   330.2   291.9   236.5   310.2   90.23   358.0   368.2   378.7   314.0   282.4   294.3   297.2   261.1   252.0   374.0   296.2   250.2   203.0   212.8   271.5   205.9   239.5   206.8   265.0   246.7   218.8   138.3   162.6   223.4   208.3   161.3   186.8   287.6   280.1   360.9   365.4   350.8   406.2   390.1   264.9   255.9   326.0   262.4   
   37.5e3  34.00   41.43   53.08   108.4   128.8   165.0   108.8   89.66   101.6   101.3   184.5   226.2   211.1   201.7   220.7   173.6   52.27   123.9   156.5   157.7   242.4   221.5   236.4   183.2   174.7   191.8   175.1   180.9   173.0   163.0   174.9   225.3   260.2   227.9   78.25   114.5   286.4   286.6   290.8   227.3   338.0   318.2   287.0   203.8   177.5   270.5   267.3   248.4   205.6   341.8   302.1   244.8   321.0   93.39   370.6   381.1   392.0   325.1   292.3   304.6   307.6   270.2   260.9   387.1   306.6   259.0   210.2   220.2   281.1   213.2   247.9   214.0   274.3   255.3   226.5   143.2   168.3   231.3   215.6   167.0   193.4   297.7   289.9   373.6   378.3   363.1   420.5   403.8   274.2   264.9   337.5   271.6   
   40.0e3  35.12   42.78   54.82   112.0   133.0   170.4   112.4   92.60   105.0   104.6   190.6   233.6   218.0   208.4   227.9   179.3   53.99   128.0   161.7   162.9   250.3   228.8   244.1   189.2   180.5   198.1   180.9   186.8   178.6   168.3   180.6   232.6   268.8   235.4   80.82   118.2   295.8   296.0   300.3   234.8   349.1   328.6   296.4   210.5   183.3   279.4   276.0   256.6   212.3   353.0   312.0   252.9   331.6   96.46   382.8   393.6   404.9   335.7   301.9   314.6   317.7   279.1   269.5   399.8   316.6   267.5   217.1   227.4   290.3   220.1   256.0   221.1   283.3   263.7   234.0   147.9   173.8   238.8   222.7   172.5   199.7   307.5   299.4   385.8   390.7   375.0   434.2   417.0   283.2   273.6   348.5   280.5   
   45.0e3  37.25   45.38   58.14   118.8   141.1   180.8   119.2   98.21   111.3   110.9   202.2   247.8   231.2   221.0   241.7   190.2   57.26   135.7   171.5   172.7   265.5   242.7   258.9   200.7   191.4   210.1   191.9   198.1   189.5   178.5   191.6   246.8   285.1   249.6   85.72   125.4   313.8   313.9   318.6   249.0   370.3   348.5   314.4   223.2   194.5   296.3   292.8   272.1   225.2   374.4   330.9   268.2   351.7   102.3   406.0   417.5   429.4   356.1   320.2   333.7   337.0   296.0   285.8   424.0   335.8   283.7   230.2   241.2   307.9   233.5   271.5   234.5   300.5   279.7   248.2   156.9   184.4   253.3   236.2   182.9   211.9   326.2   317.6   409.2   414.4   397.8   460.6   442.3   300.4   290.2   369.7   297.5   
   50.0e3  39.26   47.83   61.29   125.2   148.7   190.5   125.7   103.5   117.4   116.9   213.1   261.2   243.7   232.9   254.8   200.5   60.36   143.1   180.8   182.1   279.9   255.8   272.9   211.5   201.8   221.5   202.2   208.8   199.7   188.2   201.9   260.1   300.5   263.2   90.36   132.2   330.7   330.9   335.8   262.5   390.3   367.4   331.4   235.3   205.0   312.3   308.6   286.9   237.4   394.7   348.9   282.7   370.7   107.8   427.9   440.1   452.7   375.4   337.6   351.8   355.2   312.0   301.3   447.0   354.0   299.0   242.7   254.3   324.5   246.1   286.2   247.2   316.8   294.8   261.6   165.4   194.4   267.0   249.0   192.8   223.3   343.8   334.8   431.4   436.8   419.3   485.5   466.2   316.7   305.9   389.7   313.6   
   55.0e3  41.18   50.17   64.28   131.3   156.0   199.8   131.8   108.6   123.1   122.6   223.5   273.9   255.6   244.3   267.2   210.2   63.30   150.1   189.6   191.0   293.5   268.3   286.3   221.9   211.6   232.3   212.1   219.0   209.5   197.4   211.8   272.8   315.1   276.0   94.77   138.6   346.9   347.1   352.2   275.3   409.4   385.3   347.6   246.8   215.0   327.6   323.7   300.9   248.9   413.9   365.9   296.5   388.8   113.1   448.8   461.6   474.8   393.7   354.0   368.9   372.5   327.3   316.0   468.8   371.3   313.6   254.5   266.7   340.4   258.1   300.2   259.2   332.2   309.2   274.3   173.4   203.9   280.1   261.1   202.3   234.2   360.6   351.1   452.4   458.1   439.7   509.2   489.0   332.1   320.8   408.7   328.9   
   60.0e3  43.01   52.40   67.14   137.2   162.9   208.7   137.7   113.4   128.6   128.1   233.4   286.1   267.0   255.2   279.1   219.6   66.12   156.7   198.0   199.5   306.6   280.2   299.0   231.7   221.0   242.7   221.5   228.8   218.8   206.2   221.2   284.9   329.2   288.3   98.98   144.8   362.3   362.5   367.8   287.5   427.6   402.4   363.0   257.8   224.6   342.1   338.1   314.2   260.0   432.4   382.1   309.7   406.1   118.1   468.8   482.1   495.9   411.2   369.8   385.4   389.1   341.8   330.0   489.6   387.8   327.6   265.8   278.6   355.5   269.6   313.5   270.7   347.0   323.0   286.5   181.1   212.9   292.5   272.7   211.3   244.6   376.6   366.7   472.6   478.5   459.3   531.8   510.7   346.9   335.1   426.9   343.5   
   65.0e3  44.77   54.54   69.88   142.8   169.6   217.2   143.3   118.0   133.8   133.3   243.0   297.8   277.9   265.6   290.5   228.6   68.82   163.1   206.1   207.6   319.1   291.7   311.2   241.2   230.0   252.6   230.6   238.1   227.7   214.6   230.2   296.6   342.6   300.0   103.0   150.7   377.1   377.3   382.9   299.3   445.0   418.9   377.8   268.3   233.7   356.1   351.9   327.1   270.6   450.0   397.8   322.4   422.7   123.0   487.9   501.8   516.1   428.0   384.9   401.1   405.0   355.8   343.5   509.6   403.6   341.0   276.7   289.9   370.0   280.6   326.3   281.8   361.2   336.1   298.2   188.5   221.6   304.5   283.9   219.9   254.6   392.0   381.7   491.9   498.0   478.1   553.5   531.6   361.1   348.8   444.3   357.6   
   70.0e3  46.46   56.60   72.52   148.1   176.0   225.4   148.7   122.5   138.9   138.4   252.1   309.0   288.4   275.6   301.5   237.2   71.42   169.3   213.9   215.4   331.1   302.7   322.9   250.3   238.7   262.1   239.3   247.1   236.3   222.7   238.9   307.8   355.5   311.4   106.9   156.4   391.3   391.5   397.3   310.6   461.8   434.7   392.1   278.4   242.5   369.6   365.2   339.4   280.9   467.0   412.8   334.5   438.6   127.6   506.3   520.7   535.6   444.1   399.4   416.2   420.3   369.2   356.4   528.8   418.9   353.8   287.1   300.9   384.0   291.2   338.6   292.4   374.8   348.8   309.5   195.7   230.0   316.0   294.6   228.2   264.2   406.8   396.1   510.4   516.8   496.1   574.4   551.6   374.7   362.0   461.1   371.1   
   80.0e3  49.66   60.51   77.53   158.4   188.1   241.0   159.0   131.0   148.4   147.9   269.5   330.4   308.3   294.7   322.3   253.6   76.35   181.0   228.6   230.3   354.0   323.6   345.2   267.6   255.2   280.2   255.8   264.2   252.6   238.0   255.4   329.0   380.1   332.9   114.3   167.2   418.3   418.6   424.7   332.0   493.7   464.7   419.2   297.6   259.3   395.1   390.4   362.9   300.2   499.2   441.3   357.6   468.9   136.4   541.3   556.7   572.6   474.8   427.0   445.0   449.3   394.7   381.1   565.4   447.8   378.3   307.0   321.7   410.5   311.3   362.0   312.6   400.7   372.9   330.9   209.2   245.9   337.8   314.9   243.9   282.5   434.9   423.5   545.7   552.5   530.4   614.1   589.7   400.6   386.9   492.9   396.7   
   90.0e3  52.68   64.18   82.23   168.0   199.5   255.6   168.6   138.9   157.5   156.9   285.9   350.4   327.0   312.5   341.9   268.9   80.98   192.0   242.5   244.3   375.5   343.2   366.2   283.8   270.7   297.2   271.3   280.2   267.9   252.5   270.9   349.0   403.1   353.1   121.2   177.3   443.7   444.0   450.5   352.2   523.7   492.9   444.6   315.7   275.0   419.0   414.1   384.9   318.5   529.5   468.0   379.3   497.4   144.7   574.1   590.4   607.3   503.6   452.9   472.0   476.5   418.6   404.2   599.7   475.0   401.2   325.6   341.2   435.4   330.2   384.0   331.6   425.0   395.5   350.9   221.9   260.8   358.3   334.0   258.7   299.6   461.3   449.2   578.8   586.0   562.5   651.4   625.5   424.9   410.4   522.8   420.7   
   100.e3  55.53   67.65   86.68   177.1   210.3   269.5   177.7   146.4   166.0   165.4   301.4   369.4   344.7   329.4   360.3   283.5   85.36   202.3   255.6   257.5   395.8   361.8   386.0   299.2   285.3   313.3   286.0   295.3   282.4   266.1   285.6   367.8   424.9   372.2   127.8   186.9   467.7   468.0   474.9   371.2   552.0   519.5   468.7   332.8   289.9   441.7   436.5   405.7   335.7   558.2   493.3   399.8   524.3   152.5   605.2   622.4   640.2   530.8   477.4   497.5   502.3   441.3   426.0   632.1   500.6   422.9   343.2   359.6   459.0   348.1   404.8   349.5   448.0   416.9   369.9   233.9   274.9   377.6   352.1   272.7   315.8   486.2   473.5   610.1   617.7   593.0   686.6   659.3   447.8   432.6   551.1   443.5   
   110.e3  58.24   70.95   90.91   185.7   220.6   282.6   186.4   153.6   174.1   173.4   316.1   387.4   361.5   345.5   377.9   297.3   89.53   212.2   268.1   270.1   415.1   379.4   404.8   313.8   299.3   328.6   300.0   309.8   296.2   279.1   299.5   385.8   445.7   390.3   134.0   196.0   490.5   490.8   498.1   389.3   579.0   544.9   491.5   349.0   304.0   463.3   457.8   425.5   352.1   585.4   517.4   419.3   549.9   160.0   634.7   652.7   671.4   556.7   500.7   521.8   526.8   462.8   446.8   662.9   525.1   443.6   360.0   377.2   481.4   365.1   424.5   366.6   469.9   437.3   388.0   245.3   288.3   396.1   369.3   286.0   331.2   509.9   496.6   639.8   647.9   621.9   720.1   691.5   469.7   453.7   578.0   465.1   
   120.e3  60.83   74.10   94.95   194.0   230.4   295.2   194.7   160.4   181.8   181.2   330.1   404.6   377.6   360.9   394.7   310.6   93.51   221.6   280.0   282.1   433.6   396.3   422.8   327.7   312.6   343.2   313.3   323.5   309.4   291.5   312.8   403.0   465.5   407.7   140.0   204.7   512.4   512.6   520.2   406.6   604.7   569.1   513.4   364.5   317.6   483.9   478.1   444.4   367.7   611.4   540.4   438.0   574.3   167.1   663.0   681.8   701.3   581.5   522.9   545.0   550.3   483.4   466.7   692.4   548.4   463.3   376.0   393.9   502.8   381.3   443.4   382.9   490.8   456.7   405.2   256.2   301.1   413.7   385.7   298.8   346.0   532.6   518.7   668.3   676.7   649.5   752.1   722.3   490.6   473.9   603.7   485.8   
   130.e3  63.31   77.13   98.83   201.9   239.8   307.2   202.7   166.9   189.2   188.6   343.6   421.1   393.0   375.6   410.9   323.2   97.33   230.7   291.5   293.6   451.3   412.5   440.1   341.1   325.3   357.2   326.1   336.7   322.0   303.4   325.6   419.4   484.5   424.3   145.7   213.1   533.3   533.6   541.4   423.2   629.4   592.4   534.3   379.4   330.5   503.6   497.6   462.6   382.7   636.4   562.5   455.9   597.8   173.9   690.0   709.6   729.9   605.2   544.3   567.2   572.7   503.1   485.8   720.7   570.8   482.2   391.3   410.0   523.3   396.9   461.5   398.5   510.8   475.4   421.8   266.6   313.4   430.6   401.4   311.0   360.1   554.4   539.8   695.6   704.3   676.1   782.8   751.8   510.6   493.3   628.3   505.7   
   140.e3  65.70   80.04   102.6   209.5   248.9   318.8   210.3   173.2   196.4   195.7   356.6   437.0   407.8   389.8   426.4   335.4   101.0   239.4   302.5   304.7   468.3   428.1   456.7   354.0   337.6   370.7   338.4   349.5   334.2   314.9   337.9   435.2   502.8   440.3   151.2   221.1   553.4   553.7   561.9   439.2   653.2   614.7   554.5   393.7   343.0   522.6   516.4   480.0   397.2   660.4   583.7   473.1   620.3   180.5   716.1   736.4   757.5   628.1   564.8   588.6   594.3   522.1   504.1   747.9   592.4   500.4   406.1   425.5   543.1   411.9   478.9   413.6   530.1   493.3   437.7   276.7   325.2   446.8   416.6   322.7   373.7   575.3   560.2   721.8   730.9   701.6   812.4   780.1   529.9   511.9   652.0   524.8   
   150.e3  68.01   82.85   106.2   216.9   257.6   330.0   217.7   179.3   203.3   202.5   369.1   452.4   422.1   403.5   441.3   347.2   104.5   247.8   313.1   315.4   484.7   443.1   472.7   366.4   349.5   383.7   350.3   361.7   345.9   326.0   349.7   450.5   520.4   455.8   156.5   228.9   572.8   573.2   581.6   454.6   676.1   636.3   574.0   407.5   355.0   541.0   534.5   496.9   411.1   683.6   604.2   489.7   642.1   186.8   741.2   762.2   784.1   650.1   584.7   609.3   615.2   540.4   521.8   774.2   613.2   518.0   420.3   440.4   562.1   426.3   495.7   428.1   548.7   510.6   453.1   286.4   336.7   462.5   431.2   334.0   386.8   595.5   579.9   747.2   756.6   726.2   840.9   807.5   548.5   529.8   674.9   543.2   
   160.e3  70.24   85.57   109.6   224.0   266.1   340.8   224.8   185.2   209.9   209.2   381.2   467.2   436.0   416.7   455.8   358.6   108.0   255.9   323.4   325.7   500.6   457.6   488.2   378.4   360.9   396.3   361.8   373.6   357.3   336.6   361.2   465.3   537.5   470.7   161.6   236.4   591.6   591.9   600.7   469.5   698.2   657.2   592.8   420.9   366.7   558.7   552.1   513.2   424.6   706.0   624.0   505.8   663.2   192.9   765.5   787.2   809.8   671.4   603.8   629.3   635.4   558.2   538.9   799.5   633.3   534.9   434.1   454.9   580.5   440.3   512.0   442.1   566.7   527.4   467.9   295.8   347.7   477.7   445.4   345.0   399.5   615.0   598.9   771.7   781.4   750.0   868.5   834.0   566.5   547.2   697.0   561.0   
   170.e3  72.40   88.20   113.0   230.9   274.2   351.3   231.8   190.9   216.4   215.6   392.9   481.6   449.4   429.5   469.8   369.6   111.3   263.8   333.3   335.8   516.0   471.7   503.3   390.1   372.0   408.4   372.9   385.1   368.2   347.0   372.3   479.6   554.0   485.2   166.6   243.7   609.8   610.2   619.2   484.0   719.7   677.4   611.0   433.9   378.0   575.9   569.1   529.0   437.7   727.8   643.2   521.3   683.6   198.9   789.1   811.5   834.7   692.1   622.4   648.6   654.9   575.4   555.5   824.1   652.8   551.4   447.5   468.9   598.4   453.8   527.7   455.7   584.1   543.6   482.3   304.9   358.4   492.4   459.1   355.6   411.8   633.9   617.3   795.4   805.4   773.1   895.2   859.7   583.9   564.1   718.5   578.2   
   180.e3  74.50   90.76   116.3   237.6   282.2   361.5   238.5   196.4   222.7   221.9   404.3   495.5   462.4   442.0   483.5   380.3   114.5   271.5   343.0   345.5   531.0   485.4   517.8   401.4   382.8   420.3   383.7   396.3   378.9   357.1   383.1   493.5   570.1   499.3   171.4   250.8   627.5   627.9   637.1   498.0   740.6   697.0   628.8   446.4   388.9   592.6   585.6   544.3   450.4   748.9   661.9   536.4   703.4   204.6   812.0   835.0   858.9   712.2   640.5   667.5   673.9   592.0   571.6   848.0   671.7   567.4   460.5   482.5   615.8   467.0   543.0   468.9   601.0   559.4   496.3   313.7   368.8   506.7   472.4   365.9   423.7   652.3   635.2   818.5   828.8   795.5   921.2   884.6   600.8   580.4   739.3   595.0   
   200.e3  78.53   95.67   122.6   250.4   297.5   381.1   251.4   207.1   234.7   233.9   426.2   522.3   487.4   465.9   509.6   400.9   120.7   286.1   361.5   364.2   559.7   511.6   545.9   423.1   403.5   443.0   404.5   417.7   399.4   376.4   403.8   520.2   600.9   526.3   180.7   264.3   661.4   661.8   671.6   525.0   780.7   734.7   662.8   470.6   410.0   624.7   617.2   573.7   474.7   789.4   697.7   565.4   741.5   215.7   855.9   880.1   905.3   750.7   675.1   703.6   710.4   624.1   602.5   893.9   708.0   598.1   485.4   508.6   649.1   492.3   572.4   494.3   633.6   589.6   523.2   330.7   388.7   534.1   497.9   385.7   446.6   687.6   669.6   862.8   873.6   838.6   971.0   932.4   633.3   611.8   779.3   627.2   
   225.e3  83.29   101.5   130.0   265.6   315.5   404.2   266.6   219.6   249.0   248.1   452.0   554.0   517.0   494.2   540.5   425.2   128.0   303.5   383.5   386.3   593.7   542.7   579.0   448.8   428.0   469.9   429.0   443.0   423.7   399.2   428.3   551.8   637.4   558.2   191.7   280.4   701.6   702.0   712.3   556.8   828.0   779.3   703.0   499.1   434.8   662.6   654.7   608.5   503.5   837.2   740.0   599.7   786.4   228.8   907.8   933.5   960.3   796.2   716.1   746.2   753.5   661.9   639.1   948.1   751.0   634.4   514.8   539.4   688.4   522.1   607.1   524.3   672.0   625.4   554.9   350.8   412.3   566.5   528.1   409.1   473.7   729.3   710.2   915.1   926.6   889.4   1.030e3 989.0   671.8   648.9   826.6   665.2   
   250.e3  87.80   107.0   137.0   280.0   332.6   426.1   281.1   231.5   262.4   261.5   476.5   584.0   545.0   520.9   569.8   448.2   135.0   319.9   404.2   407.2   625.8   572.0   610.3   473.0   451.1   495.3   452.2   467.0   446.6   420.8   451.5   581.6   671.9   588.4   202.1   295.5   739.5   739.9   750.8   586.9   872.8   821.5   741.0   526.1   458.4   698.4   690.1   641.5   530.8   882.5   780.1   632.2   829.0   241.1   956.9   984.0   1.012e3 839.3   754.8   786.6   794.2   697.7   673.6   999.4   791.6   668.7   542.7   568.6   725.7   550.4   640.0   552.7   708.3   659.2   584.9   369.8   434.6   597.1   556.7   431.2   499.3   768.8   748.6   964.6   976.7   937.5   1.086e3 1.043e3 708.1   684.0   871.3   701.2   
   275.e3  92.09   112.2   143.7   293.6   348.8   446.8   294.8   242.8   275.2   274.2   499.7   612.5   571.6   546.3   597.6   470.1   141.6   335.5   423.9   427.0   656.3   599.9   640.1   496.1   473.2   519.5   474.3   489.8   468.4   441.3   473.5   610.0   704.7   617.1   211.9   309.9   775.6   776.1   787.5   615.6   915.4   861.6   777.2   551.8   480.7   732.5   723.8   672.8   556.7   925.6   818.1   663.0   869.5   252.9   1.004e3 1.032e3 1.062e3 880.3   791.6   825.0   833.0   731.8   706.5   1.048e3 830.2   701.3   569.1   596.4   761.1   577.2   671.2   579.6   742.9   691.4   613.4   387.8   455.8   626.3   583.9   452.3   523.7   806.3   785.2   1.012e3 1.024e3 983.3   1.139e3 1.093e3 742.7   717.4   913.8   735.5   
   300.e3  101.4   122.1   150.9   328.5   414.5   483.3   324.8   268.9   292.6   308.0   547.2   676.4   648.2   617.0   651.9   516.1   194.9   381.2   465.3   472.3   724.0   684.3   702.6   563.8   504.8   557.9   516.5   543.4   507.3   494.6   525.9   677.5   772.9   675.8   221.6   355.9   855.4   855.7   859.5   670.5   992.1   943.4   854.6   614.1   545.5   812.7   808.6   739.9   660.5   977.8   896.5   738.6   956.8   290.6   1.114e3 1.137e3 1.181e3 972.9   876.5   906.3   915.4   820.5   780.8   1.129e3 917.9   765.5   631.0   651.9   841.8   658.6   719.8   629.4   806.7   760.6   691.2   426.2   516.4   705.2   643.0   501.9   580.8   909.0   866.4   1.123e3 1.148e3 1.083e3 1.262e3 1.219e3 831.1   799.4   1.025e3 809.0   
   325.e3  109.5   132.0   157.1   361.0   475.8   515.2   352.0   293.5   308.7   339.9   591.8   735.4   725.6   686.7   699.4   560.8   239.8   421.8   505.0   516.6   787.7   767.5   759.4   629.0   533.7   590.2   557.9   595.5   538.0   545.8   576.3   746.4   837.9   731.1   229.1   401.8   930.4   930.6   926.9   723.1   1.064e3 1.020e3 929.2   675.1   611.7   888.6   891.1   804.6   756.9   1.024e3 970.6   811.7   1.038e3 328.4   1.219e3 1.231e3 1.296e3 1.060e3 958.7   983.4   993.1   907.9   851.7   1.199e3 1.002e3 822.1   691.0   704.5   919.0   741.9   761.0   676.5   863.3   826.8   768.7   463.4   578.1   782.9   703.6   551.0   637.1   1.008e3 944.7   1.228e3 1.272e3 1.180e3 1.380e3 1.338e3 921.7   882.7   1.134e3 878.2   
   350.e3  114.9   140.5   163.2   384.6   517.1   539.5   372.0   312.3   323.0   363.3   627.1   779.5   786.5   740.1   733.7   597.3   262.7   448.9   537.1   552.6   836.8   831.1   801.9   677.3   558.9   613.9   593.1   636.5   557.4   584.6   615.5   804.2   889.8   775.0   236.0   436.8   988.2   988.5   980.5   766.9   1.122e3 1.079e3 989.2   723.9   664.5   946.5   955.3   856.7   821.3   1.067e3 1.029e3 868.8   1.101e3 357.9   1.301e3 1.298e3 1.385e3 1.127e3 1.024e3 1.044e3 1.054e3 976.4   907.5   1.255e3 1.067e3 863.5   738.6   747.2   979.6   809.0   793.0   715.7   906.4   879.7   829.8   494.0   628.1   843.6   755.2   591.0   682.9   1.084e3 1.007e3 1.308e3 1.372e3 1.257e3 1.470e3 1.429e3 997.0   952.1   1.218e3 932.1   
   375.e3  118.7   147.8   169.5   402.2   544.6   559.1   387.4   327.2   336.2   380.7   656.3   813.6   835.2   781.4   760.1   628.5   271.4   467.2   564.2   583.1   876.2   880.5   834.9   713.6   582.6   632.5   624.6   669.9   571.6   614.8   647.2   853.7   933.1   811.2   243.0   464.2   1.035e3 1.035e3 1.025e3 805.5   1.172e3 1.128e3 1.040e3 764.2   706.6   992.4   1.007e3 900.4   863.9   1.108e3 1.078e3 914.9   1.151e3 381.6   1.366e3 1.351e3 1.457e3 1.181e3 1.078e3 1.095e3 1.104e3 1.031e3 953.1   1.301e3 1.121e3 895.6   777.8   783.9   1.029e3 864.4   820.2   750.5   941.6   923.9   879.0   520.6   669.8   892.5   799.9   625.2   721.9   1.142e3 1.060e3 1.372e3 1.456e3 1.323e3 1.542e3 1.501e3 1.062e3 1.012e3 1.286e3 976.0   
   400.e3  121.3   154.2   176.0   415.6   563.3   575.7   399.8   339.4   348.6   393.8   681.3   840.9   874.7   813.9   782.9   656.2   271.9   480.0   588.0   610.2   909.2   920.0   861.7   741.8   605.9   649.8   653.7   697.9   585.7   639.1   673.7   897.0   970.6   842.5   250.3   486.2   1.073e3 1.074e3 1.064e3 841.0   1.217e3 1.170e3 1.083e3 799.0   740.3   1.030e3 1.049e3 938.3   892.7   1.149e3 1.120e3 953.6   1.193e3 401.7   1.420e3 1.396e3 1.517e3 1.225e3 1.125e3 1.138e3 1.146e3 1.077e3 992.0   1.343e3 1.166e3 921.9   811.4   817.2   1.071e3 911.7   845.0   782.8   972.0   962.4   919.8   544.6   705.6   933.3   839.3   655.4   756.3   1.189e3 1.106e3 1.424e3 1.529e3 1.380e3 1.602e3 1.560e3 1.119e3 1.065e3 1.342e3 1.013e3 
   450.e3  124.6   164.9   189.8   435.2   586.5   604.3   420.1   359.1   371.2   412.2   723.9   883.5   935.6   862.4   827.3   705.7   262.8   498.0   629.8   658.3   963.7   981.0   905.1   783.4   652.3   690.8   708.0   743.8   621.2   677.2   717.3   970.0   1.035e3 896.1   266.3   520.3   1.138e3 1.140e3 1.130e3 907.4   1.297e3 1.241e3 1.159e3 858.3   787.4   1.092e3 1.117e3 1.004e3 928.1   1.229e3 1.193e3 1.018e3 1.263e3 435.9   1.509e3 1.480e3 1.614e3 1.298e3 1.205e3 1.213e3 1.220e3 1.150e3 1.058e3 1.419e3 1.240e3 966.1   868.9   878.5   1.142e3 991.1   892.5   844.1   1.026e3 1.029e3 985.5   588.9   766.4   1.000e3 906.5   709.2   817.5   1.262e3 1.187e3 1.508e3 1.651e3 1.482e3 1.700e3 1.653e3 1.219e3 1.158e3 1.432e3 1.076e3 
   500.e3  127.0   173.4   203.9   450.0   602.1   630.3   437.8   375.7   391.4   424.9   761.3   918.2   982.0   899.4   876.3   751.5   252.8   513.3   667.9   702.9   1.011e3 1.029e3 942.2   815.5   699.6   743.3   759.4   782.4   662.4   708.2   754.4   1.030e3 1.093e3 943.6   283.6   547.8   1.193e3 1.198e3 1.189e3 971.6   1.371e3 1.304e3 1.227e3 910.9   813.9   1.146e3 1.173e3 1.062e3 953.1   1.308e3 1.258e3 1.073e3 1.325e3 467.5   1.586e3 1.564e3 1.698e3 1.362e3 1.276e3 1.279e3 1.285e3 1.210e3 1.117e3 1.491e3 1.303e3 1.007e3 919.7   937.7   1.205e3 1.060e3 940.9   904.1   1.077e3 1.090e3 1.040e3 631.6   819.6   1.058e3 963.5   758.8   873.9   1.320e3 1.262e3 1.580e3 1.756e3 1.577e3 1.783e3 1.731e3 1.309e3 1.242e3 1.506e3 1.132e3 
   550.e3  129.2   180.7   217.7   463.3   616.9   655.6   455.3   391.2   409.6   435.3   796.6   950.2   1.021e3 932.1   929.6   796.2   248.1   530.4   704.8   746.9   1.055e3 1.073e3 977.9   844.8   748.0   801.3   809.9   817.8   703.7   737.0   789.1   1.082e3 1.148e3 988.9   302.0   572.9   1.246e3 1.254e3 1.245e3 1.036e3 1.442e3 1.365e3 1.291e3 961.2   829.3   1.197e3 1.225e3 1.117e3 978.3   1.385e3 1.321e3 1.125e3 1.385e3 499.6   1.659e3 1.648e3 1.775e3 1.422e3 1.345e3 1.342e3 1.349e3 1.265e3 1.173e3 1.564e3 1.360e3 1.048e3 968.4   997.6   1.264e3 1.124e3 992.0   964.8   1.129e3 1.148e3 1.089e3 674.7   869.8   1.112e3 1.015e3 807.5   929.2   1.371e3 1.336e3 1.647e3 1.855e3 1.669e3 1.861e3 1.802e3 1.394e3 1.323e3 1.575e3 1.185e3 
   600.e3  131.6   187.1   231.0   476.7   633.5   681.2   473.4   406.7   426.3   445.0   831.4   981.7   1.056e3 963.8   985.5   841.3   250.2   550.9   741.9   791.5   1.099e3 1.116e3 1.014e3 874.5   797.6   860.2   860.0   852.3   744.0   765.8   823.3   1.129e3 1.202e3 1.034e3 321.2   597.7   1.299e3 1.310e3 1.300e3 1.102e3 1.513e3 1.425e3 1.354e3 1.011e3 847.4   1.249e3 1.275e3 1.172e3 1.008e3 1.460e3 1.383e3 1.177e3 1.444e3 533.5   1.733e3 1.732e3 1.852e3 1.483e3 1.413e3 1.404e3 1.413e3 1.317e3 1.229e3 1.637e3 1.414e3 1.091e3 1.017e3 1.059e3 1.323e3 1.188e3 1.046e3 1.027e3 1.183e3 1.207e3 1.137e3 719.1   919.3   1.165e3 1.063e3 856.5   985.0   1.422e3 1.411e3 1.714e3 1.951e3 1.762e3 1.939e3 1.873e3 1.478e3 1.403e3 1.642e3 1.239e3 
   650.e3  134.5   193.1   243.4   490.7   652.6   707.4   492.4   422.5   442.0   454.8   866.3   1.014e3 1.090e3 996.0   1.043e3 887.2   258.9   574.9   779.6   837.2   1.144e3 1.160e3 1.052e3 906.0   848.2   918.5   910.4   886.9   783.8   795.5   857.9   1.174e3 1.257e3 1.079e3 341.2   623.2   1.353e3 1.367e3 1.355e3 1.170e3 1.584e3 1.486e3 1.418e3 1.062e3 879.0   1.303e3 1.326e3 1.226e3 1.043e3 1.534e3 1.446e3 1.230e3 1.506e3 570.0   1.808e3 1.818e3 1.930e3 1.546e3 1.482e3 1.467e3 1.479e3 1.369e3 1.287e3 1.711e3 1.466e3 1.138e3 1.066e3 1.123e3 1.382e3 1.252e3 1.104e3 1.090e3 1.239e3 1.266e3 1.185e3 765.1   969.2   1.220e3 1.110e3 906.7   1.042e3 1.472e3 1.488e3 1.783e3 2.047e3 1.858e3 2.018e3 1.945e3 1.563e3 1.484e3 1.710e3 1.294e3 
   700.e3  137.7   198.7   255.1   505.6   674.2   734.2   512.2   438.9   456.8   464.9   901.7   1.047e3 1.122e3 1.029e3 1.101e3 934.3   273.5   602.5   818.2   884.3   1.190e3 1.205e3 1.091e3 939.9   899.7   976.1   961.0   922.1   823.4   826.7   893.3   1.219e3 1.313e3 1.126e3 361.7   649.6   1.409e3 1.427e3 1.412e3 1.239e3 1.655e3 1.549e3 1.483e3 1.114e3 925.9   1.359e3 1.378e3 1.282e3 1.084e3 1.606e3 1.511e3 1.284e3 1.569e3 609.0   1.886e3 1.905e3 2.011e3 1.610e3 1.552e3 1.532e3 1.546e3 1.422e3 1.346e3 1.787e3 1.517e3 1.188e3 1.116e3 1.188e3 1.443e3 1.316e3 1.164e3 1.155e3 1.298e3 1.326e3 1.234e3 812.9   1.020e3 1.277e3 1.156e3 958.0   1.100e3 1.524e3 1.567e3 1.854e3 2.144e3 1.956e3 2.098e3 2.018e3 1.649e3 1.565e3 1.780e3 1.350e3 
   800.e3  145.3   209.5   276.9   538.1   723.3   788.8   553.9   473.4   484.4   486.6   973.6   1.116e3 1.188e3 1.098e3 1.217e3 1.032e3 316.3   666.9   898.0   982.1   1.284e3 1.300e3 1.175e3 1.015e3 1.005e3 1.089e3 1.063e3 994.7   903.6   893.2   966.4   1.313e3 1.427e3 1.220e3 404.1   705.8   1.523e3 1.550e3 1.527e3 1.381e3 1.799e3 1.678e3 1.615e3 1.222e3 1.047e3 1.478e3 1.486e3 1.395e3 1.181e3 1.746e3 1.644e3 1.398e3 1.699e3 694.4   2.050e3 2.083e3 2.177e3 1.746e3 1.698e3 1.665e3 1.687e3 1.532e3 1.469e3 1.938e3 1.622e3 1.294e3 1.220e3 1.324e3 1.567e3 1.450e3 1.292e3 1.288e3 1.421e3 1.450e3 1.337e3 913.0   1.125e3 1.395e3 1.249e3 1.064e3 1.221e3 1.632e3 1.732e3 2.002e3 2.342e3 2.160e3 2.266e3 2.172e3 1.825e3 1.732e3 1.925e3 1.468e3 
   900.e3  154.1   220.1   299.4   573.4   777.4   844.0   597.3   509.6   510.1   510.0   1.047e3 1.188e3 1.253e3 1.169e3 1.334e3 1.133e3 372.3   740.8   980.6   1.083e3 1.382e3 1.400e3 1.263e3 1.099e3 1.111e3 1.200e3 1.165e3 1.070e3 984.8   964.5   1.042e3 1.415e3 1.543e3 1.318e3 447.7   765.8   1.642e3 1.679e3 1.644e3 1.527e3 1.944e3 1.810e3 1.749e3 1.334e3 1.180e3 1.603e3 1.599e3 1.509e3 1.291e3 1.880e3 1.782e3 1.518e3 1.835e3 788.1   2.221e3 2.266e3 2.349e3 1.889e3 1.847e3 1.802e3 1.834e3 1.645e3 1.596e3 2.088e3 1.731e3 1.409e3 1.326e3 1.465e3 1.695e3 1.586e3 1.425e3 1.424e3 1.548e3 1.578e3 1.445e3 1.018e3 1.232e3 1.520e3 1.343e3 1.174e3 1.346e3 1.744e3 1.903e3 2.157e3 2.543e3 2.369e3 2.440e3 2.332e3 2.005e3 1.903e3 2.076e3 1.590e3 
   1.00e6  163.7   230.5   324.6   610.6   833.3   898.2   641.2   547.1   534.1   534.7   1.120e3 1.260e3 1.319e3 1.241e3 1.450e3 1.236e3 436.8   821.6   1.065e3 1.187e3 1.480e3 1.504e3 1.354e3 1.189e3 1.217e3 1.308e3 1.266e3 1.147e3 1.067e3 1.039e3 1.118e3 1.524e3 1.661e3 1.416e3 491.9   828.5   1.763e3 1.811e3 1.762e3 1.674e3 2.088e3 1.943e3 1.884e3 1.447e3 1.313e3 1.732e3 1.715e3 1.625e3 1.410e3 2.008e3 1.921e3 1.641e3 1.973e3 888.4   2.397e3 2.450e3 2.525e3 2.035e3 1.999e3 1.940e3 1.985e3 1.760e3 1.725e3 2.234e3 1.848e3 1.528e3 1.434e3 1.607e3 1.824e3 1.725e3 1.562e3 1.561e3 1.678e3 1.706e3 1.556e3 1.126e3 1.342e3 1.647e3 1.439e3 1.285e3 1.473e3 1.858e3 2.077e3 2.315e3 2.746e3 2.582e3 2.617e3 2.495e3 2.188e3 2.076e3 2.232e3 1.715e3 
   1.10e6  173.6   240.9   352.8   648.7   889.0   950.7   684.6   585.1   557.0   560.2   1.192e3 1.333e3 1.383e3 1.313e3 1.564e3 1.341e3 506.3   907.0   1.150e3 1.291e3 1.578e3 1.609e3 1.447e3 1.285e3 1.321e3 1.413e3 1.366e3 1.225e3 1.148e3 1.116e3 1.195e3 1.634e3 1.778e3 1.513e3 536.5   893.0   1.883e3 1.944e3 1.879e3 1.821e3 2.229e3 2.076e3 2.019e3 1.561e3 1.443e3 1.864e3 1.831e3 1.739e3 1.534e3 2.129e3 2.061e3 1.766e3 2.110e3 993.4   2.574e3 2.634e3 2.702e3 2.184e3 2.150e3 2.080e3 2.136e3 1.877e3 1.855e3 2.374e3 1.973e3 1.650e3 1.542e3 1.750e3 1.952e3 1.864e3 1.701e3 1.697e3 1.807e3 1.834e3 1.670e3 1.236e3 1.452e3 1.776e3 1.535e3 1.397e3 1.600e3 1.972e3 2.252e3 2.474e3 2.947e3 2.795e3 2.794e3 2.659e3 2.372e3 2.249e3 2.389e3 1.841e3 
   1.20e6  183.8   251.3   382.8   687.2   943.0   1.001e3 726.9   623.4   578.8   586.1   1.263e3 1.404e3 1.446e3 1.385e3 1.675e3 1.446e3 578.5   995.3   1.235e3 1.395e3 1.674e3 1.714e3 1.539e3 1.385e3 1.424e3 1.515e3 1.463e3 1.304e3 1.229e3 1.194e3 1.271e3 1.743e3 1.893e3 1.610e3 581.0   958.3   2.003e3 2.076e3 1.995e3 1.967e3 2.368e3 2.207e3 2.151e3 1.675e3 1.570e3 1.995e3 1.948e3 1.852e3 1.661e3 2.245e3 2.200e3 1.892e3 2.246e3 1.102e3 2.752e3 2.817e3 2.877e3 2.332e3 2.301e3 2.218e3 2.288e3 1.993e3 1.985e3 2.508e3 2.105e3 1.773e3 1.650e3 1.892e3 2.078e3 2.001e3 1.838e3 1.831e3 1.934e3 1.959e3 1.785e3 1.347e3 1.562e3 1.906e3 1.632e3 1.508e3 1.726e3 2.086e3 2.427e3 2.632e3 3.145e3 3.005e3 2.969e3 2.822e3 2.554e3 2.421e3 2.546e3 1.967e3 
   1.30e6  194.0   261.8   413.6   725.6   994.3   1.048e3 767.6   661.4   600.0   612.2   1.332e3 1.474e3 1.508e3 1.456e3 1.783e3 1.550e3 651.7   1.085e3 1.319e3 1.498e3 1.769e3 1.818e3 1.630e3 1.487e3 1.524e3 1.613e3 1.557e3 1.382e3 1.308e3 1.273e3 1.346e3 1.849e3 2.006e3 1.704e3 625.4   1.024e3 2.120e3 2.207e3 2.109e3 2.109e3 2.502e3 2.335e3 2.282e3 1.788e3 1.695e3 2.126e3 2.064e3 1.963e3 1.786e3 2.354e3 2.337e3 2.017e3 2.379e3 1.213e3 2.927e3 2.998e3 3.049e3 2.479e3 2.449e3 2.355e3 2.438e3 2.108e3 2.113e3 2.636e3 2.241e3 1.896e3 1.755e3 2.031e3 2.201e3 2.136e3 1.974e3 1.962e3 2.059e3 2.083e3 1.899e3 1.457e3 1.670e3 2.034e3 1.730e3 1.617e3 1.851e3 2.198e3 2.599e3 2.787e3 3.339e3 3.213e3 3.141e3 2.982e3 2.735e3 2.590e3 2.701e3 2.091e3 
   1.40e6  204.1   272.3   444.3   763.5   1.043e3 1.092e3 806.6   699.1   620.7   638.3   1.399e3 1.541e3 1.569e3 1.526e3 1.888e3 1.654e3 724.7   1.176e3 1.403e3 1.599e3 1.860e3 1.920e3 1.720e3 1.591e3 1.621e3 1.708e3 1.648e3 1.460e3 1.385e3 1.351e3 1.419e3 1.951e3 2.116e3 1.797e3 669.5   1.090e3 2.235e3 2.335e3 2.219e3 2.248e3 2.632e3 2.460e3 2.409e3 1.898e3 1.816e3 2.254e3 2.178e3 2.071e3 1.910e3 2.459e3 2.471e3 2.141e3 2.509e3 1.325e3 3.099e3 3.175e3 3.219e3 2.625e3 2.595e3 2.490e3 2.586e3 2.221e3 2.239e3 2.759e3 2.380e3 2.017e3 1.858e3 2.168e3 2.321e3 2.269e3 2.107e3 2.090e3 2.180e3 2.202e3 2.013e3 1.567e3 1.776e3 2.160e3 1.827e3 1.724e3 1.973e3 2.307e3 2.768e3 2.940e3 3.527e3 3.415e3 3.308e3 3.139e3 2.913e3 2.757e3 2.855e3 2.213e3 
   1.50e6  213.9   282.9   474.7   800.6   1.088e3 1.133e3 843.7   736.3   641.2   664.3   1.464e3 1.606e3 1.628e3 1.595e3 1.989e3 1.756e3 796.8   1.267e3 1.485e3 1.697e3 1.949e3 2.019e3 1.808e3 1.695e3 1.715e3 1.799e3 1.736e3 1.536e3 1.461e3 1.428e3 1.490e3 2.049e3 2.224e3 1.887e3 713.2   1.155e3 2.347e3 2.461e3 2.328e3 2.383e3 2.758e3 2.582e3 2.533e3 2.007e3 1.935e3 2.380e3 2.290e3 2.176e3 2.031e3 2.559e3 2.603e3 2.264e3 2.636e3 1.437e3 3.268e3 3.348e3 3.384e3 2.768e3 2.737e3 2.623e3 2.732e3 2.333e3 2.363e3 2.876e3 2.520e3 2.137e3 1.960e3 2.301e3 2.437e3 2.397e3 2.237e3 2.215e3 2.298e3 2.319e3 2.126e3 1.675e3 1.880e3 2.284e3 1.923e3 1.829e3 2.092e3 2.414e3 2.933e3 3.088e3 3.710e3 3.612e3 3.471e3 3.293e3 3.087e3 2.919e3 3.006e3 2.333e3 
   1.60e6  223.5   293.6   504.5   837.0   1.130e3 1.171e3 878.9   772.9   661.4   690.2   1.527e3 1.669e3 1.685e3 1.662e3 2.087e3 1.857e3 867.4   1.357e3 1.566e3 1.794e3 2.036e3 2.116e3 1.894e3 1.800e3 1.806e3 1.886e3 1.821e3 1.612e3 1.534e3 1.505e3 1.560e3 2.143e3 2.328e3 1.974e3 756.7   1.220e3 2.456e3 2.584e3 2.433e3 2.514e3 2.880e3 2.701e3 2.654e3 2.113e3 2.051e3 2.502e3 2.400e3 2.278e3 2.149e3 2.654e3 2.732e3 2.386e3 2.759e3 1.550e3 3.433e3 3.516e3 3.544e3 2.908e3 2.876e3 2.753e3 2.874e3 2.443e3 2.483e3 2.988e3 2.659e3 2.254e3 2.058e3 2.430e3 2.549e3 2.523e3 2.364e3 2.336e3 2.411e3 2.432e3 2.238e3 1.782e3 1.982e3 2.405e3 2.020e3 1.932e3 2.209e3 2.519e3 3.094e3 3.233e3 3.887e3 3.804e3 3.629e3 3.442e3 3.258e3 3.079e3 3.153e3 2.451e3 
   1.70e6  232.8   304.2   533.5   872.4   1.170e3 1.207e3 912.1   808.8   681.7   715.8   1.588e3 1.729e3 1.741e3 1.729e3 2.182e3 1.957e3 936.2   1.446e3 1.645e3 1.888e3 2.119e3 2.210e3 1.978e3 1.905e3 1.894e3 1.970e3 1.903e3 1.687e3 1.605e3 1.580e3 1.627e3 2.234e3 2.429e3 2.059e3 799.8   1.285e3 2.562e3 2.705e3 2.535e3 2.641e3 2.997e3 2.816e3 2.771e3 2.217e3 2.164e3 2.621e3 2.507e3 2.377e3 2.263e3 2.746e3 2.858e3 2.505e3 2.878e3 1.662e3 3.593e3 3.681e3 3.701e3 3.046e3 3.012e3 2.881e3 3.014e3 2.550e3 2.602e3 3.095e3 2.797e3 2.369e3 2.154e3 2.556e3 2.658e3 2.645e3 2.486e3 2.453e3 2.520e3 2.542e3 2.348e3 1.888e3 2.081e3 2.524e3 2.115e3 2.031e3 2.322e3 2.620e3 3.251e3 3.374e3 4.058e3 3.990e3 3.782e3 3.587e3 3.425e3 3.234e3 3.298e3 2.566e3 
   1.80e6  241.7   315.0   561.8   906.8   1.207e3 1.241e3 943.6   844.1   702.1   741.3   1.647e3 1.787e3 1.795e3 1.794e3 2.273e3 2.055e3 1.003e3 1.535e3 1.723e3 1.979e3 2.200e3 2.302e3 2.059e3 2.009e3 1.978e3 2.051e3 1.982e3 1.760e3 1.675e3 1.655e3 1.692e3 2.320e3 2.528e3 2.142e3 842.7   1.348e3 2.664e3 2.822e3 2.635e3 2.764e3 3.111e3 2.927e3 2.885e3 2.319e3 2.274e3 2.735e3 2.611e3 2.474e3 2.374e3 2.835e3 2.980e3 2.623e3 2.993e3 1.774e3 3.748e3 3.841e3 3.853e3 3.180e3 3.144e3 3.006e3 3.150e3 2.656e3 2.717e3 3.197e3 2.934e3 2.481e3 2.248e3 2.678e3 2.763e3 2.763e3 2.606e3 2.568e3 2.626e3 2.648e3 2.456e3 1.991e3 2.177e3 2.639e3 2.210e3 2.128e3 2.432e3 2.720e3 3.404e3 3.510e3 4.223e3 4.170e3 3.931e3 3.729e3 3.589e3 3.385e3 3.439e3 2.679e3 
   2.00e6  258.5   336.5   616.0   972.8   1.275e3 1.303e3 1.001e3 912.7   743.3   791.6   1.760e3 1.897e3 1.901e3 1.921e3 2.446e3 2.245e3 1.130e3 1.706e3 1.875e3 2.154e3 2.353e3 2.476e3 2.216e3 2.214e3 2.139e3 2.203e3 2.132e3 1.904e3 1.808e3 1.799e3 1.818e3 2.483e3 2.715e3 2.301e3 927.7   1.474e3 2.862e3 3.049e3 2.828e3 2.998e3 3.327e3 3.141e3 3.105e3 2.516e3 2.486e3 2.952e3 2.813e3 2.659e3 2.582e3 3.005e3 3.218e3 2.852e3 3.213e3 1.994e3 4.046e3 4.150e3 4.144e3 3.442e3 3.398e3 3.249e3 3.414e3 2.860e3 2.939e3 3.389e3 3.201e3 2.698e3 2.429e3 2.910e3 2.963e3 2.990e3 2.833e3 2.786e3 2.825e3 2.850e3 2.667e3 2.193e3 2.363e3 2.861e3 2.397e3 2.314e3 2.644e3 2.912e3 3.697e3 3.773e3 4.537e3 4.514e3 4.213e3 4.000e3 3.904e3 3.676e3 3.711e3 2.899e3 
   2.25e6  277.6   363.2   680.0   1.050e3 1.350e3 1.372e3 1.065e3 994.9   796.5   853.3   1.892e3 2.023e3 2.026e3 2.074e3 2.647e3 2.475e3 1.276e3 1.909e3 2.058e3 2.360e3 2.533e3 2.680e3 2.402e3 2.465e3 2.323e3 2.379e3 2.306e3 2.077e3 1.964e3 1.973e3 1.965e3 2.671e3 2.936e3 2.489e3 1.033e3 1.628e3 3.094e3 3.318e3 3.056e3 3.271e3 3.577e3 3.392e3 3.364e3 2.749e3 2.737e3 3.202e3 3.053e3 2.878e3 2.821e3 3.207e3 3.499e3 3.128e3 3.471e3 2.264e3 4.395e3 4.513e3 4.486e3 3.754e3 3.701e3 3.540e3 3.727e3 3.106e3 3.203e3 3.609e3 3.522e3 2.955e3 2.643e3 3.182e3 3.196e3 3.257e3 3.097e3 3.044e3 3.056e3 3.086e3 2.919e3 2.434e3 2.581e3 3.123e3 2.627e3 2.533e3 2.893e3 3.141e3 4.041e3 4.080e3 4.899e3 4.915e3 4.543e3 4.321e3 4.278e3 4.021e3 4.035e3 3.162e3 
   2.50e6  294.8   389.6   740.2   1.121e3 1.418e3 1.436e3 1.122e3 1.074e3 851.5   913.8   2.016e3 2.139e3 2.147e3 2.222e3 2.834e3 2.696e3 1.408e3 2.098e3 2.234e3 2.552e3 2.700e3 2.869e3 2.577e3 2.706e3 2.493e3 2.542e3 2.466e3 2.243e3 2.111e3 2.138e3 2.103e3 2.844e3 3.141e3 2.665e3 1.139e3 1.779e3 3.313e3 3.574e3 3.274e3 3.525e3 3.808e3 3.627e3 3.609e3 2.971e3 2.975e3 3.427e3 3.279e3 3.084e3 3.040e3 3.400e3 3.766e3 3.393e3 3.713e3 2.526e3 4.721e3 4.856e3 4.806e3 4.051e3 3.987e3 3.818e3 4.025e3 3.342e3 3.451e3 3.809e3 3.831e3 3.198e3 2.847e3 3.434e3 3.413e3 3.508e3 3.343e3 3.286e3 3.270e3 3.307e3 3.160e3 2.666e3 2.786e3 3.369e3 2.851e3 2.739e3 3.127e3 3.359e3 4.363e3 4.369e3 5.232e3 5.288e3 4.850e3 4.624e3 4.633e3 4.346e3 4.342e3 3.416e3 
   2.75e6  310.2   415.4   797.4   1.188e3 1.479e3 1.498e3 1.172e3 1.149e3 908.6   973.3   2.134e3 2.247e3 2.263e3 2.365e3 3.008e3 2.909e3 1.528e3 2.272e3 2.404e3 2.733e3 2.858e3 3.047e3 2.743e3 2.937e3 2.649e3 2.694e3 2.615e3 2.403e3 2.249e3 2.297e3 2.234e3 3.005e3 3.335e3 2.834e3 1.245e3 1.928e3 3.521e3 3.818e3 3.482e3 3.763e3 4.024e3 3.851e3 3.842e3 3.184e3 3.202e3 3.630e3 3.495e3 3.281e3 3.240e3 3.589e3 4.021e3 3.648e3 3.941e3 2.782e3 5.028e3 5.181e3 5.108e3 4.338e3 4.260e3 4.085e3 4.308e3 3.569e3 3.687e3 3.995e3 4.128e3 3.429e3 3.042e3 3.671e3 3.618e3 3.745e3 3.572e3 3.516e3 3.469e3 3.515e3 3.390e3 2.888e3 2.979e3 3.602e3 3.070e3 2.934e3 3.348e3 3.571e3 4.666e3 4.643e3 5.541e3 5.637e3 5.139e3 4.913e3 4.971e3 4.655e3 4.635e3 3.662e3 
   3.00e6  324.3   440.6   852.0   1.251e3 1.536e3 1.558e3 1.218e3 1.223e3 967.7   1.032e3 2.246e3 2.349e3 2.376e3 2.505e3 3.172e3 3.114e3 1.636e3 2.429e3 2.569e3 2.904e3 3.008e3 3.215e3 2.902e3 3.159e3 2.794e3 2.838e3 2.753e3 2.558e3 2.382e3 2.449e3 2.359e3 3.157e3 3.519e3 2.994e3 1.353e3 2.076e3 3.721e3 4.052e3 3.683e3 3.988e3 4.225e3 4.065e3 4.065e3 3.389e3 3.419e3 3.815e3 3.701e3 3.470e3 3.425e3 3.775e3 4.266e3 3.895e3 4.158e3 3.032e3 5.318e3 5.492e3 5.396e3 4.614e3 4.523e3 4.341e3 4.578e3 3.789e3 3.912e3 4.170e3 4.414e3 3.650e3 3.229e3 3.894e3 3.813e3 3.972e3 3.787e3 3.735e3 3.657e3 3.713e3 3.610e3 3.102e3 3.163e3 3.823e3 3.284e3 3.120e3 3.558e3 3.776e3 4.953e3 4.904e3 5.829e3 5.966e3 5.412e3 5.191e3 5.294e3 4.950e3 4.916e3 3.902e3 
   3.25e6  337.1   465.0   904.6   1.311e3 1.590e3 1.616e3 1.261e3 1.294e3 1.028e3 1.090e3 2.354e3 2.445e3 2.486e3 2.641e3 3.327e3 3.314e3 1.734e3 2.571e3 2.729e3 3.067e3 3.152e3 3.374e3 3.055e3 3.371e3 2.930e3 2.975e3 2.884e3 2.708e3 2.509e3 2.595e3 2.479e3 3.302e3 3.694e3 3.150e3 1.462e3 2.224e3 3.914e3 4.279e3 3.878e3 4.201e3 4.414e3 4.272e3 4.281e3 3.587e3 3.627e3 3.984e3 3.899e3 3.652e3 3.598e3 3.959e3 4.501e3 4.134e3 4.367e3 3.278e3 5.595e3 5.789e3 5.671e3 4.884e3 4.777e3 4.587e3 4.839e3 4.004e3 4.126e3 4.336e3 4.692e3 3.863e3 3.412e3 4.107e3 4.000e3 4.190e3 3.990e3 3.948e3 3.836e3 3.903e3 3.821e3 3.309e3 3.338e3 4.035e3 3.495e3 3.298e3 3.760e3 3.977e3 5.227e3 5.155e3 6.099e3 6.279e3 5.674e3 5.460e3 5.605e3 5.235e3 5.188e3 4.139e3 
   3.50e6  349.1   488.9   955.5   1.368e3 1.641e3 1.674e3 1.301e3 1.364e3 1.091e3 1.148e3 2.458e3 2.537e3 2.594e3 2.775e3 3.476e3 3.508e3 1.823e3 2.696e3 2.887e3 3.223e3 3.291e3 3.528e3 3.203e3 3.573e3 3.058e3 3.107e3 3.007e3 2.853e3 2.631e3 2.737e3 2.596e3 3.442e3 3.862e3 3.300e3 1.573e3 2.372e3 4.101e3 4.499e3 4.069e3 4.407e3 4.594e3 4.472e3 4.490e3 3.780e3 3.829e3 4.141e3 4.091e3 3.830e3 3.760e3 4.143e3 4.729e3 4.367e3 4.570e3 3.520e3 5.862e3 6.077e3 5.936e3 5.147e3 5.025e3 4.824e3 5.091e3 4.215e3 4.331e3 4.495e3 4.963e3 4.069e3 3.590e3 4.310e3 4.181e3 4.402e3 4.184e3 4.153e3 4.008e3 4.087e3 4.025e3 3.510e3 3.506e3 4.240e3 3.702e3 3.470e3 3.956e3 4.176e3 5.490e3 5.398e3 6.355e3 6.578e3 5.927e3 5.723e3 5.907e3 5.510e3 5.453e3 4.373e3 
   3.75e6  360.3   512.3   1.005e3 1.422e3 1.690e3 1.732e3 1.339e3 1.433e3 1.155e3 1.205e3 2.560e3 2.625e3 2.700e3 2.906e3 3.618e3 3.697e3 1.905e3 2.808e3 3.042e3 3.374e3 3.426e3 3.676e3 3.348e3 3.768e3 3.181e3 3.235e3 3.124e3 2.994e3 2.751e3 2.875e3 2.710e3 3.578e3 4.024e3 3.447e3 1.687e3 2.521e3 4.285e3 4.715e3 4.257e3 4.605e3 4.766e3 4.667e3 4.695e3 3.969e3 4.025e3 4.289e3 4.278e3 4.004e3 3.915e3 4.327e3 4.951e3 4.594e3 4.768e3 3.759e3 6.120e3 6.356e3 6.193e3 5.407e3 5.266e3 5.053e3 5.336e3 4.422e3 4.529e3 4.650e3 5.228e3 4.269e3 3.765e3 4.505e3 4.357e3 4.608e3 4.370e3 4.355e3 4.174e3 4.266e3 4.221e3 3.706e3 3.668e3 4.437e3 3.906e3 3.638e3 4.145e3 4.373e3 5.743e3 5.634e3 6.597e3 6.867e3 6.172e3 5.981e3 6.201e3 5.779e3 5.711e3 4.606e3 
   4.00e6  370.9   535.5   1.053e3 1.474e3 1.738e3 1.789e3 1.376e3 1.501e3 1.220e3 1.262e3 2.659e3 2.712e3 2.804e3 3.036e3 3.755e3 3.882e3 1.982e3 2.908e3 3.195e3 3.520e3 3.558e3 3.821e3 3.489e3 3.955e3 3.299e3 3.360e3 3.237e3 3.132e3 2.868e3 3.010e3 2.822e3 3.710e3 4.181e3 3.591e3 1.803e3 2.671e3 4.466e3 4.927e3 4.443e3 4.799e3 4.932e3 4.859e3 4.896e3 4.154e3 4.216e3 4.429e3 4.461e3 4.175e3 4.063e3 4.512e3 5.167e3 4.816e3 4.962e3 3.996e3 6.372e3 6.629e3 6.444e3 5.662e3 5.503e3 5.275e3 5.575e3 4.627e3 4.720e3 4.801e3 5.487e3 4.465e3 3.937e3 4.695e3 4.530e3 4.811e3 4.549e3 4.552e3 4.337e3 4.441e3 4.413e3 3.898e3 3.825e3 4.630e3 4.108e3 3.803e3 4.331e3 4.569e3 5.988e3 5.866e3 6.829e3 7.146e3 6.411e3 6.235e3 6.488e3 6.042e3 5.965e3 4.838e3 
   4.50e6  391.0   581.9   1.147e3 1.575e3 1.832e3 1.903e3 1.449e3 1.635e3 1.353e3 1.376e3 2.853e3 2.879e3 3.009e3 3.289e3 4.018e3 4.242e3 2.129e3 3.085e3 3.496e3 3.800e3 3.816e3 4.101e3 3.767e3 4.308e3 3.525e3 3.603e3 3.451e3 3.399e3 3.096e3 3.271e3 3.041e3 3.969e3 4.484e3 3.873e3 2.044e3 2.976e3 4.822e3 5.341e3 4.809e3 5.174e3 5.254e3 5.235e3 5.289e3 4.519e3 4.587e3 4.699e3 4.818e3 4.511e3 4.345e3 4.885e3 5.585e3 5.248e3 5.344e3 4.468e3 6.860e3 7.158e3 6.930e3 6.167e3 5.967e3 5.696e3 6.039e3 5.034e3 5.084e3 5.099e3 5.995e3 4.849e3 4.278e3 5.059e3 4.868e3 5.208e3 4.893e3 4.939e3 4.655e3 4.784e3 4.781e3 4.271e3 4.128e3 5.005e3 4.505e3 4.124e3 4.693e3 4.961e3 6.460e3 6.319e3 7.268e3 7.684e3 6.877e3 6.739e3 7.048e3 6.555e3 6.463e3 5.305e3 
   5.00e6  410.3   629.3   1.238e3 1.671e3 1.925e3 2.017e3 1.521e3 1.768e3 1.490e3 1.490e3 3.042e3 3.041e3 3.211e3 3.538e3 4.269e3 4.590e3 2.280e3 3.249e3 3.794e3 4.071e3 4.069e3 4.374e3 4.040e3 4.638e3 3.744e3 3.840e3 3.657e3 3.656e3 3.320e3 3.524e3 3.256e3 4.222e3 4.775e3 4.149e3 2.296e3 3.289e3 5.173e3 5.749e3 5.173e3 5.539e3 5.569e3 5.606e3 5.674e3 4.878e3 4.948e3 4.964e3 5.166e3 4.842e3 4.615e3 5.262e3 5.989e3 5.665e3 5.721e3 4.941e3 7.335e3 7.671e3 7.402e3 6.668e3 6.421e3 6.092e3 6.491e3 5.438e3 5.429e3 5.394e3 6.490e3 5.225e3 4.615e3 5.411e3 5.200e3 5.600e3 5.224e3 5.321e3 4.967e3 5.121e3 5.138e3 4.634e3 4.421e3 5.369e3 4.898e3 4.439e3 5.048e3 5.356e3 6.913e3 6.764e3 7.682e3 8.203e3 7.334e3 7.241e3 7.595e3 7.058e3 6.955e3 5.779e3 
   5.50e6  429.5   678.4   1.327e3 1.763e3 2.018e3 2.131e3 1.594e3 1.900e3 1.631e3 1.605e3 3.228e3 3.201e3 3.411e3 3.781e3 4.510e3 4.928e3 2.444e3 3.415e3 4.090e3 4.335e3 4.320e3 4.644e3 4.312e3 4.951e3 3.962e3 4.075e3 3.860e3 3.905e3 3.541e3 3.770e3 3.471e3 4.473e3 5.058e3 4.421e3 2.561e3 3.611e3 5.524e3 6.152e3 5.535e3 5.899e3 5.886e3 5.973e3 6.055e3 5.234e3 5.302e3 5.231e3 5.509e3 5.171e3 4.880e3 5.645e3 6.381e3 6.072e3 6.097e3 5.417e3 7.801e3 8.175e3 7.865e3 7.168e3 6.869e3 6.469e3 6.934e3 5.843e3 5.762e3 5.691e3 6.977e3 5.598e3 4.952e3 5.755e3 5.530e3 5.989e3 5.546e3 5.699e3 5.277e3 5.456e3 5.486e3 4.989e3 4.708e3 5.726e3 5.287e3 4.752e3 5.399e3 5.754e3 7.352e3 7.206e3 8.080e3 8.708e3 7.786e3 7.744e3 8.135e3 7.555e3 7.443e3 6.261e3 
   6.00e6  448.9   729.3   1.414e3 1.854e3 2.113e3 2.246e3 1.670e3 2.033e3 1.773e3 1.721e3 3.412e3 3.359e3 3.608e3 4.021e3 4.745e3 5.257e3 2.627e3 3.594e3 4.384e3 4.593e3 4.569e3 4.912e3 4.583e3 5.251e3 4.179e3 4.309e3 4.064e3 4.148e3 3.761e3 4.011e3 3.686e3 4.723e3 5.334e3 4.692e3 2.838e3 3.944e3 5.875e3 6.552e3 5.898e3 6.257e3 6.210e3 6.340e3 6.434e3 5.589e3 5.651e3 5.504e3 5.850e3 5.500e3 5.144e3 6.033e3 6.764e3 6.470e3 6.474e3 5.898e3 8.262e3 8.671e3 8.322e3 7.668e3 7.313e3 6.829e3 7.373e3 6.249e3 6.087e3 5.992e3 7.457e3 5.970e3 5.289e3 6.093e3 5.859e3 6.379e3 5.862e3 6.077e3 5.589e3 5.791e3 5.830e3 5.337e3 4.992e3 6.081e3 5.675e3 5.065e3 5.750e3 6.158e3 7.783e3 7.646e3 8.468e3 9.205e3 8.237e3 8.251e3 8.671e3 8.049e3 7.931e3 6.754e3 
   6.50e6  469.0   781.9   1.500e3 1.943e3 2.208e3 2.361e3 1.749e3 2.167e3 1.918e3 1.840e3 3.593e3 3.517e3 3.803e3 4.257e3 4.973e3 5.579e3 2.831e3 3.791e3 4.677e3 4.849e3 4.817e3 5.181e3 4.854e3 5.542e3 4.399e3 4.542e3 4.270e3 4.387e3 3.981e3 4.248e3 3.902e3 4.973e3 5.607e3 4.961e3 3.126e3 4.285e3 6.228e3 6.950e3 6.263e3 6.615e3 6.543e3 6.708e3 6.810e3 5.943e3 5.996e3 5.786e3 6.189e3 5.829e3 5.411e3 6.425e3 7.140e3 6.861e3 6.854e3 6.387e3 8.719e3 9.162e3 8.775e3 8.170e3 7.752e3 7.179e3 7.808e3 6.658e3 6.406e3 6.297e3 7.931e3 6.344e3 5.628e3 6.429e3 6.190e3 6.770e3 6.176e3 6.455e3 5.904e3 6.127e3 6.173e3 5.680e3 5.277e3 6.435e3 6.062e3 5.379e3 6.101e3 6.567e3 8.206e3 8.087e3 8.850e3 9.696e3 8.688e3 8.764e3 9.205e3 8.543e3 8.420e3 7.258e3 
   7.00e6  489.9   836.0   1.584e3 2.031e3 2.306e3 2.477e3 1.830e3 2.302e3 2.065e3 1.960e3 3.773e3 3.674e3 3.997e3 4.489e3 5.197e3 5.893e3 3.055e3 4.006e3 4.970e3 5.103e3 5.066e3 5.450e3 5.127e3 5.825e3 4.621e3 4.776e3 4.481e3 4.622e3 4.201e3 4.482e3 4.119e3 5.223e3 5.877e3 5.230e3 3.424e3 4.635e3 6.584e3 7.348e3 6.629e3 6.974e3 6.887e3 7.076e3 7.186e3 6.297e3 6.339e3 6.075e3 6.528e3 6.160e3 5.682e3 6.821e3 7.509e3 7.246e3 7.236e3 6.882e3 9.173e3 9.648e3 9.225e3 8.674e3 8.189e3 7.521e3 8.241e3 7.071e3 6.723e3 6.608e3 8.401e3 6.719e3 5.967e3 6.764e3 6.521e3 7.164e3 6.489e3 6.835e3 6.222e3 6.465e3 6.515e3 6.019e3 5.562e3 6.788e3 6.449e3 5.696e3 6.454e3 6.982e3 8.624e3 8.528e3 9.229e3 10.18e3 9.141e3 9.283e3 9.739e3 9.037e3 8.912e3 7.773e3 
   8.00e6  534.7   947.7   1.749e3 2.204e3 2.504e3 2.709e3 2.004e3 2.575e3 2.363e3 2.208e3 4.128e3 3.990e3 4.379e3 4.944e3 5.631e3 6.500e3 3.562e3 4.484e3 5.555e3 5.605e3 5.565e3 5.992e3 5.677e3 6.379e3 5.074e3 5.245e3 4.917e3 5.086e3 4.645e3 4.940e3 4.559e3 5.727e3 6.409e3 5.766e3 4.050e3 5.361e3 7.300e3 8.140e3 7.366e3 7.698e3 7.604e3 7.816e3 7.935e3 7.007e3 7.019e3 6.675e3 7.206e3 6.824e3 6.243e3 7.622e3 8.231e3 8.005e3 8.010e3 7.893e3 10.07e3 10.61e3 10.12e3 9.685e3 9.054e3 8.198e3 9.101e3 7.904e3 7.360e3 7.248e3 9.327e3 7.478e3 6.651e3 7.433e3 7.188e3 7.957e3 7.114e3 7.597e3 6.871e3 7.148e3 7.205e3 6.687e3 6.139e3 7.495e3 7.224e3 6.338e3 7.167e3 7.826e3 9.448e3 9.417e3 9.989e3 11.15e3 10.05e3 10.34e3 10.81e3 10.03e3 9.903e3 8.835e3 
   9.00e6  583.9   1.062e3 1.909e3 2.374e3 2.707e3 2.942e3 2.189e3 2.851e3 2.664e3 2.464e3 4.477e3 4.306e3 4.753e3 5.384e3 6.050e3 7.079e3 4.130e3 5.013e3 6.135e3 6.101e3 6.065e3 6.538e3 6.231e3 6.920e3 5.536e3 5.717e3 5.371e3 5.546e3 5.092e3 5.389e3 5.006e3 6.233e3 6.933e3 6.299e3 4.708e3 6.112e3 8.024e3 8.925e3 8.107e3 8.430e3 8.356e3 8.560e3 8.680e3 7.717e3 7.692e3 7.298e3 7.884e3 7.491e3 6.832e3 8.430e3 8.935e3 8.752e3 8.792e3 8.927e3 10.96e3 11.56e3 11.00e3 10.70e3 9.908e3 8.877e3 9.956e3 8.747e3 8.006e3 7.907e3 10.23e3 8.248e3 7.338e3 8.104e3 7.861e3 8.759e3 7.740e3 8.363e3 7.535e3 7.840e3 7.903e3 7.346e3 6.728e3 8.207e3 8.000e3 6.993e3 7.890e3 8.687e3 10.26e3 10.31e3 10.76e3 12.10e3 10.97e3 11.42e3 11.87e3 11.02e3 10.90e3 9.935e3 
   10.0e6  637.7   1.178e3 2.063e3 2.541e3 2.911e3 3.174e3 2.387e3 3.130e3 2.966e3 2.729e3 4.820e3 4.621e3 5.118e3 5.808e3 6.453e3 7.630e3 4.743e3 5.577e3 6.709e3 6.592e3 6.564e3 7.088e3 6.787e3 7.453e3 6.004e3 6.190e3 5.839e3 6.002e3 5.541e3 5.829e3 5.459e3 6.741e3 7.450e3 6.829e3 5.390e3 6.883e3 8.752e3 9.702e3 8.850e3 9.168e3 9.132e3 9.305e3 9.418e3 8.424e3 8.358e3 7.937e3 8.563e3 8.161e3 7.449e3 9.239e3 9.625e3 9.490e3 9.577e3 9.977e3 11.84e3 12.49e3 11.88e3 11.70e3 10.75e3 9.566e3 10.80e3 9.597e3 8.666e3 8.584e3 11.12e3 9.028e3 8.024e3 8.776e3 8.537e3 9.565e3 8.369e3 9.131e3 8.213e3 8.539e3 8.609e3 7.997e3 7.328e3 8.922e3 8.775e3 7.660e3 8.622e3 9.559e3 11.06e3 11.21e3 11.53e3 13.04e3 11.90e3 12.51e3 12.94e3 12.01e3 11.91e3 11.07e3 
   11.0e6  696.0   1.293e3 2.211e3 2.704e3 3.116e3 3.403e3 2.595e3 3.410e3 3.267e3 3.000e3 5.156e3 4.935e3 5.473e3 6.217e3 6.842e3 8.154e3 5.386e3 6.163e3 7.273e3 7.076e3 7.061e3 7.639e3 7.343e3 7.978e3 6.476e3 6.663e3 6.317e3 6.457e3 5.991e3 6.262e3 5.916e3 7.249e3 7.959e3 7.353e3 6.089e3 7.665e3 9.480e3 10.47e3 9.590e3 9.911e3 9.924e3 10.05e3 10.15e3 9.127e3 9.016e3 8.586e3 9.239e3 8.829e3 8.090e3 10.04e3 10.30e3 10.22e3 10.36e3 11.03e3 12.71e3 13.41e3 12.74e3 12.69e3 11.57e3 10.27e3 11.64e3 10.45e3 9.337e3 9.274e3 11.99e3 9.814e3 8.709e3 9.450e3 9.215e3 10.37e3 9.001e3 9.898e3 8.903e3 9.242e3 9.320e3 8.643e3 7.938e3 9.639e3 9.549e3 8.336e3 9.360e3 10.44e3 11.86e3 12.11e3 12.32e3 13.97e3 12.83e3 13.62e3 13.99e3 12.99e3 12.91e3 12.22e3 
   12.0e6  758.3   1.407e3 2.353e3 2.865e3 3.319e3 3.630e3 2.811e3 3.690e3 3.567e3 3.277e3 5.485e3 5.246e3 5.818e3 6.609e3 7.216e3 8.651e3 6.046e3 6.761e3 7.826e3 7.552e3 7.553e3 8.188e3 7.896e3 8.495e3 6.949e3 7.133e3 6.801e3 6.909e3 6.441e3 6.688e3 6.375e3 7.754e3 8.460e3 7.871e3 6.797e3 8.452e3 10.21e3 11.22e3 10.32e3 10.66e3 10.72e3 10.79e3 10.87e3 9.822e3 9.665e3 9.241e3 9.911e3 9.494e3 8.749e3 10.84e3 10.97e3 10.95e3 11.14e3 12.09e3 13.55e3 14.31e3 13.59e3 13.66e3 12.38e3 10.98e3 12.47e3 11.30e3 10.02e3 9.973e3 12.83e3 10.60e3 9.387e3 10.12e3 9.891e3 11.17e3 9.634e3 10.66e3 9.600e3 9.947e3 10.03e3 9.285e3 8.555e3 10.36e3 10.32e3 9.020e3 10.10e3 11.31e3 12.64e3 13.00e3 13.10e3 14.88e3 13.75e3 14.73e3 15.03e3 13.97e3 13.91e3 13.38e3 
   13.0e6  824.2   1.519e3 2.489e3 3.021e3 3.520e3 3.853e3 3.035e3 3.969e3 3.863e3 3.559e3 5.807e3 5.554e3 6.152e3 6.985e3 7.576e3 9.121e3 6.712e3 7.363e3 8.367e3 8.020e3 8.039e3 8.734e3 8.443e3 9.002e3 7.419e3 7.600e3 7.287e3 7.359e3 6.889e3 7.107e3 6.835e3 8.255e3 8.952e3 8.381e3 7.509e3 9.237e3 10.92e3 11.95e3 11.05e3 11.40e3 11.52e3 11.52e3 11.57e3 10.51e3 10.30e3 9.898e3 10.58e3 10.15e3 9.422e3 11.63e3 11.62e3 11.66e3 11.90e3 13.13e3 14.38e3 15.18e3 14.42e3 14.60e3 13.18e3 11.70e3 13.28e3 12.14e3 10.71e3 10.68e3 13.64e3 11.39e3 10.06e3 10.79e3 10.56e3 11.97e3 10.27e3 11.42e3 10.30e3 10.65e3 10.75e3 9.924e3 9.178e3 11.07e3 11.08e3 9.709e3 10.85e3 12.19e3 13.41e3 13.89e3 13.89e3 15.78e3 14.68e3 15.85e3 16.06e3 14.94e3 14.89e3 14.55e3 
   14.0e6  893.1   1.629e3 2.619e3 3.174e3 3.716e3 4.071e3 3.265e3 4.246e3 4.154e3 3.842e3 6.121e3 5.858e3 6.474e3 7.345e3 7.922e3 9.567e3 7.375e3 7.962e3 8.893e3 8.478e3 8.519e3 9.274e3 8.982e3 9.500e3 7.886e3 8.063e3 7.772e3 7.805e3 7.334e3 7.521e3 7.294e3 8.752e3 9.435e3 8.882e3 8.219e3 10.02e3 11.64e3 12.66e3 11.77e3 12.14e3 12.31e3 12.24e3 12.26e3 11.18e3 10.93e3 10.55e3 11.24e3 10.80e3 10.10e3 12.40e3 12.26e3 12.37e3 12.64e3 14.15e3 15.19e3 16.04e3 15.23e3 15.51e3 13.95e3 12.42e3 14.07e3 12.98e3 11.40e3 11.39e3 14.43e3 12.18e3 10.72e3 11.46e3 11.23e3 12.75e3 10.90e3 12.16e3 11.01e3 11.35e3 11.46e3 10.56e3 9.804e3 11.78e3 11.83e3 10.40e3 11.59e3 13.06e3 14.17e3 14.76e3 14.68e3 16.65e3 15.59e3 16.95e3 17.07e3 15.89e3 15.87e3 15.72e3 
   15.0e6  964.5   1.735e3 2.743e3 3.323e3 3.909e3 4.284e3 3.499e3 4.518e3 4.441e3 4.128e3 6.427e3 6.157e3 6.785e3 7.688e3 8.255e3 9.988e3 8.029e3 8.556e3 9.403e3 8.926e3 8.990e3 9.808e3 9.512e3 9.987e3 8.348e3 8.520e3 8.255e3 8.246e3 7.776e3 7.930e3 7.752e3 9.242e3 9.907e3 9.372e3 8.923e3 10.78e3 12.34e3 13.36e3 12.47e3 12.87e3 13.10e3 12.95e3 12.93e3 11.84e3 11.54e3 11.20e3 11.89e3 11.45e3 10.79e3 13.16e3 12.89e3 13.07e3 13.37e3 15.16e3 15.98e3 16.87e3 16.03e3 16.39e3 14.71e3 13.14e3 14.84e3 13.81e3 12.09e3 12.10e3 15.20e3 12.96e3 11.37e3 12.13e3 11.89e3 13.51e3 11.53e3 12.90e3 11.71e3 12.05e3 12.17e3 11.19e3 10.43e3 12.49e3 12.58e3 11.10e3 12.33e3 13.92e3 14.92e3 15.63e3 15.46e3 17.51e3 16.50e3 18.05e3 18.06e3 16.83e3 16.83e3 16.89e3 
   16.0e6  1.038e3 1.838e3 2.861e3 3.468e3 4.096e3 4.491e3 3.736e3 4.787e3 4.721e3 4.413e3 6.725e3 6.450e3 7.084e3 8.015e3 8.574e3 10.39e3 8.670e3 9.139e3 9.898e3 9.364e3 9.453e3 10.33e3 10.03e3 10.46e3 8.803e3 8.970e3 8.732e3 8.683e3 8.212e3 8.334e3 8.207e3 9.726e3 10.37e3 9.853e3 9.619e3 11.54e3 13.02e3 14.03e3 13.16e3 13.60e3 13.87e3 13.65e3 13.59e3 12.49e3 12.14e3 11.85e3 12.53e3 12.08e3 11.47e3 13.90e3 13.51e3 13.75e3 14.07e3 16.13e3 16.74e3 17.67e3 16.80e3 17.23e3 15.45e3 13.85e3 15.60e3 14.63e3 12.78e3 12.81e3 15.94e3 13.73e3 12.02e3 12.78e3 12.54e3 14.27e3 12.16e3 13.62e3 12.41e3 12.74e3 12.88e3 11.82e3 11.06e3 13.19e3 13.31e3 11.79e3 13.07e3 14.77e3 15.66e3 16.48e3 16.23e3 18.35e3 17.40e3 19.14e3 19.03e3 17.75e3 17.77e3 18.04e3 
   17.0e6  1.112e3 1.937e3 2.973e3 3.609e3 4.278e3 4.693e3 3.975e3 5.050e3 4.995e3 4.698e3 7.015e3 6.738e3 7.373e3 8.328e3 8.881e3 10.76e3 9.293e3 9.710e3 10.38e3 9.790e3 9.906e3 10.85e3 10.54e3 10.93e3 9.251e3 9.414e3 9.203e3 9.113e3 8.644e3 8.734e3 8.659e3 10.20e3 10.82e3 10.32e3 10.30e3 12.28e3 13.70e3 14.68e3 13.83e3 14.32e3 14.62e3 14.34e3 14.23e3 13.12e3 12.73e3 12.49e3 13.16e3 12.70e3 12.16e3 14.62e3 14.11e3 14.43e3 14.74e3 17.07e3 17.48e3 18.46e3 17.56e3 18.03e3 16.17e3 14.56e3 16.34e3 15.43e3 13.46e3 13.51e3 16.66e3 14.49e3 12.65e3 13.43e3 13.19e3 15.00e3 12.78e3 14.33e3 13.11e3 13.42e3 13.58e3 12.45e3 11.68e3 13.88e3 14.03e3 12.48e3 13.80e3 15.60e3 16.38e3 17.31e3 17.00e3 19.17e3 18.28e3 20.22e3 19.98e3 18.65e3 18.70e3 19.17e3 
   18.0e6  1.188e3 2.033e3 3.080e3 3.745e3 4.454e3 4.889e3 4.214e3 5.307e3 5.262e3 4.980e3 7.297e3 7.020e3 7.650e3 8.626e3 9.176e3 11.12e3 9.897e3 10.27e3 10.84e3 10.21e3 10.35e3 11.35e3 11.03e3 11.38e3 9.691e3 9.850e3 9.666e3 9.538e3 9.069e3 9.129e3 9.106e3 10.67e3 11.26e3 10.78e3 10.97e3 12.99e3 14.36e3 15.31e3 14.49e3 15.02e3 15.36e3 15.01e3 14.85e3 13.74e3 13.30e3 13.11e3 13.79e3 13.32e3 12.83e3 15.33e3 14.71e3 15.09e3 15.39e3 17.98e3 18.21e3 19.22e3 18.29e3 18.79e3 16.88e3 15.27e3 17.06e3 16.22e3 14.14e3 14.21e3 17.35e3 15.24e3 13.27e3 14.08e3 13.82e3 15.71e3 13.40e3 15.03e3 13.80e3 14.10e3 14.28e3 13.07e3 12.31e3 14.57e3 14.74e3 13.17e3 14.52e3 16.42e3 17.10e3 18.13e3 17.75e3 19.97e3 19.15e3 21.27e3 20.90e3 19.53e3 19.60e3 20.28e3 
   20.0e6  1.339e3 2.215e3 3.279e3 4.006e3 4.788e3 5.263e3 4.689e3 5.803e3 5.776e3 5.537e3 7.837e3 7.566e3 8.174e3 9.183e3 9.733e3 11.78e3 11.04e3 11.34e3 11.72e3 11.00e3 11.21e3 12.33e3 11.98e3 12.25e3 10.55e3 10.70e3 10.57e3 10.37e3 9.902e3 9.905e3 9.986e3 11.58e3 12.11e3 11.67e3 12.27e3 14.37e3 15.63e3 16.50e3 15.75e3 16.39e3 16.78e3 16.31e3 16.05e3 14.93e3 14.41e3 14.34e3 15.00e3 14.50e3 14.16e3 16.68e3 15.86e3 16.38e3 16.60e3 19.70e3 19.59e3 20.67e3 19.70e3 20.20e3 18.24e3 16.64e3 18.44e3 17.76e3 15.48e3 15.59e3 18.67e3 16.69e3 14.47e3 15.34e3 15.06e3 17.08e3 14.62e3 16.38e3 15.15e3 15.42e3 15.64e3 14.30e3 13.54e3 15.91e3 16.12e3 14.54e3 15.95e3 18.01e3 18.48e3 19.71e3 19.21e3 21.51e3 20.84e3 23.32e3 22.67e3 21.23e3 21.34e3 22.42e3 
   22.5e6  1.526e3 2.423e3 3.503e3 4.311e3 5.173e3 5.698e3 5.268e3 6.385e3 6.379e3 6.210e3 8.470e3 8.214e3 8.776e3 9.812e3 10.37e3 12.52e3 12.34e3 12.58e3 12.73e3 11.94e3 12.22e3 13.49e3 13.08e3 13.27e3 11.57e3 11.71e3 11.64e3 11.36e3 10.91e3 10.85e3 11.05e3 12.67e3 13.12e3 12.72e3 13.80e3 15.98e3 17.12e3 17.87e3 17.24e3 18.03e3 18.44e3 17.84e3 17.45e3 16.33e3 15.73e3 15.82e3 16.45e3 15.92e3 15.77e3 18.28e3 17.23e3 17.91e3 17.97e3 21.66e3 21.20e3 22.37e3 21.36e3 21.76e3 19.85e3 18.28e3 20.06e3 19.60e3 17.10e3 17.27e3 20.20e3 18.41e3 15.92e3 16.88e3 16.56e3 18.67e3 16.11e3 17.99e3 16.80e3 17.02e3 17.30e3 15.81e3 15.05e3 17.52e3 17.77e3 16.21e3 17.67e3 19.91e3 20.15e3 21.58e3 20.95e3 23.32e3 22.87e3 25.76e3 24.75e3 23.24e3 23.39e3 24.93e3 
   25.0e6  1.705e3 2.612e3 3.702e3 4.593e3 5.522e3 6.099e3 5.823e3 6.921e3 6.939e3 6.853e3 9.059e3 8.825e3 9.325e3 10.38e3 10.96e3 13.18e3 13.51e3 13.73e3 13.65e3 12.82e3 13.18e3 14.58e3 14.10e3 14.22e3 12.53e3 12.68e3 12.66e3 12.32e3 11.87e3 11.77e3 12.08e3 13.71e3 14.07e3 13.71e3 15.23e3 17.45e3 18.51e3 19.12e3 18.62e3 19.58e3 19.98e3 19.29e3 18.75e3 17.64e3 16.97e3 17.23e3 17.83e3 17.27e3 17.29e3 19.76e3 18.53e3 19.37e3 19.19e3 23.44e3 22.71e3 23.94e3 22.91e3 23.14e3 21.36e3 19.84e3 21.58e3 21.35e3 18.67e3 18.89e3 21.62e3 20.01e3 17.31e3 18.36e3 17.99e3 20.13e3 17.57e3 19.52e3 18.37e3 18.55e3 18.89e3 17.28e3 16.52e3 19.07e3 19.34e3 17.84e3 19.33e3 21.70e3 21.74e3 23.34e3 22.60e3 25.02e3 24.79e3 28.05e3 26.69e3 25.13e3 25.32e3 27.26e3 
   27.5e6  1.875e3 2.784e3 3.881e3 4.854e3 5.840e3 6.469e3 6.346e3 7.414e3 7.458e3 7.463e3 9.608e3 9.401e3 9.829e3 10.89e3 11.50e3 13.77e3 14.56e3 14.77e3 14.50e3 13.64e3 14.07e3 15.59e3 15.04e3 15.12e3 13.45e3 13.60e3 13.62e3 13.23e3 12.79e3 12.66e3 13.08e3 14.70e3 14.96e3 14.64e3 16.56e3 18.80e3 19.81e3 20.27e3 19.91e3 21.04e3 21.41e3 20.65e3 19.96e3 18.87e3 18.14e3 18.57e3 19.14e3 18.54e3 18.72e3 21.14e3 19.76e3 20.75e3 20.30e3 25.07e3 24.11e3 25.41e3 24.36e3 24.35e3 22.80e3 21.32e3 23.00e3 23.00e3 20.16e3 20.46e3 22.94e3 21.51e3 18.65e3 19.79e3 19.36e3 21.47e3 18.98e3 20.96e3 19.87e3 20.03e3 20.44e3 18.71e3 17.95e3 20.55e3 20.83e3 19.42e3 20.91e3 23.38e3 23.26e3 24.99e3 24.17e3 26.63e3 26.61e3 30.19e3 28.50e3 26.91e3 27.12e3 29.39e3 
   30.0e6  2.035e3 2.942e3 4.044e3 5.098e3 6.129e3 6.810e3 6.835e3 7.865e3 7.941e3 8.038e3 10.12e3 9.945e3 10.29e3 11.36e3 12.00e3 14.30e3 15.49e3 15.73e3 15.28e3 14.41e3 14.92e3 16.54e3 15.91e3 15.96e3 14.31e3 14.47e3 14.53e3 14.10e3 13.67e3 13.52e3 14.03e3 15.65e3 15.81e3 15.53e3 17.81e3 20.04e3 21.01e3 21.32e3 21.10e3 22.40e3 22.72e3 21.92e3 21.10e3 20.03e3 19.26e3 19.85e3 20.40e3 19.76e3 20.07e3 22.44e3 20.94e3 22.05e3 21.31e3 26.57e3 25.43e3 26.78e3 25.72e3 25.44e3 24.16e3 22.73e3 24.33e3 24.57e3 21.60e3 21.96e3 24.18e3 22.90e3 19.93e3 21.17e3 20.68e3 22.71e3 20.35e3 22.33e3 21.31e3 21.44e3 21.92e3 20.11e3 19.33e3 21.97e3 22.26e3 20.95e3 22.43e3 24.98e3 24.72e3 26.54e3 25.65e3 28.15e3 28.34e3 32.18e3 30.19e3 28.59e3 28.81e3 31.34e3 
   32.5e6  2.184e3 3.088e3 4.193e3 5.324e3 6.392e3 7.125e3 7.290e3 8.277e3 8.391e3 8.578e3 10.60e3 10.46e3 10.73e3 11.79e3 12.48e3 14.80e3 16.33e3 16.61e3 16.00e3 15.14e3 15.72e3 17.43e3 16.71e3 16.75e3 15.13e3 15.31e3 15.38e3 14.93e3 14.51e3 14.35e3 14.95e3 16.55e3 16.62e3 16.37e3 18.97e3 21.18e3 22.13e3 22.29e3 22.21e3 23.67e3 23.95e3 23.12e3 22.17e3 21.12e3 20.31e3 21.06e3 21.59e3 20.91e3 21.33e3 23.66e3 22.06e3 23.29e3 22.26e3 27.96e3 26.67e3 28.07e3 27.01e3 26.43e3 25.45e3 24.05e3 25.59e3 26.07e3 22.97e3 23.41e3 25.34e3 24.21e3 21.17e3 22.51e3 21.95e3 23.85e3 21.69e3 23.63e3 22.67e3 22.79e3 23.36e3 21.47e3 20.67e3 23.32e3 23.61e3 22.42e3 23.88e3 26.48e3 26.13e3 27.99e3 27.06e3 29.59e3 29.97e3 34.02e3 31.78e3 30.18e3 30.40e3 33.13e3 
   35.0e6  2.323e3 3.222e3 4.330e3 5.536e3 6.632e3 7.418e3 7.712e3 8.654e3 8.812e3 9.086e3 11.05e3 10.94e3 11.13e3 12.18e3 12.92e3 15.25e3 17.09e3 17.42e3 16.66e3 15.82e3 16.47e3 18.26e3 17.45e3 17.50e3 15.91e3 16.10e3 16.19e3 15.73e3 15.32e3 15.16e3 15.83e3 17.41e3 17.38e3 17.17e3 20.07e3 22.22e3 23.16e3 23.19e3 23.25e3 24.86e3 25.08e3 24.25e3 23.17e3 22.14e3 21.32e3 22.22e3 22.73e3 22.01e3 22.52e3 24.80e3 23.13e3 24.47e3 23.16e3 29.27e3 27.84e3 29.28e3 28.22e3 27.34e3 26.67e3 25.31e3 26.79e3 27.49e3 24.29e3 24.79e3 26.45e3 25.43e3 22.38e3 23.80e3 23.16e3 24.91e3 22.98e3 24.87e3 23.97e3 24.09e3 24.74e3 22.78e3 21.97e3 24.61e3 24.91e3 23.84e3 25.26e3 27.91e3 27.48e3 29.35e3 28.40e3 30.96e3 31.52e3 35.74e3 33.28e3 31.68e3 31.90e3 34.77e3 
   37.5e6  2.453e3 3.348e3 4.458e3 5.735e3 6.853e3 7.690e3 8.102e3 9.000e3 9.206e3 9.562e3 11.47e3 11.40e3 11.51e3 12.56e3 13.34e3 15.68e3 17.77e3 18.15e3 17.28e3 16.47e3 17.19e3 19.04e3 18.15e3 18.20e3 16.65e3 16.86e3 16.96e3 16.49e3 16.09e3 15.95e3 16.67e3 18.24e3 18.12e3 17.94e3 21.10e3 23.19e3 24.13e3 24.03e3 24.22e3 25.97e3 26.14e3 25.31e3 24.12e3 23.12e3 22.28e3 23.33e3 23.82e3 23.06e3 23.64e3 25.88e3 24.15e3 25.60e3 24.03e3 30.51e3 28.94e3 30.43e3 29.37e3 28.19e3 27.85e3 26.51e3 27.92e3 28.85e3 25.55e3 26.13e3 27.51e3 26.59e3 23.54e3 25.05e3 24.33e3 25.90e3 24.24e3 26.05e3 25.21e3 25.33e3 26.08e3 24.07e3 23.24e3 25.84e3 26.16e3 25.20e3 26.58e3 29.26e3 28.78e3 30.64e3 29.69e3 32.27e3 32.99e3 37.34e3 34.70e3 33.11e3 33.33e3 36.28e3 
   40.0e6  2.574e3 3.466e3 4.578e3 5.922e3 7.057e3 7.944e3 8.464e3 9.318e3 9.578e3 10.01e3 11.87e3 11.84e3 11.87e3 12.91e3 13.74e3 16.07e3 18.39e3 18.83e3 17.87e3 17.08e3 17.87e3 19.77e3 18.79e3 18.88e3 17.35e3 17.59e3 17.69e3 17.23e3 16.84e3 16.71e3 17.49e3 19.03e3 18.83e3 18.67e3 22.08e3 24.08e3 25.03e3 24.81e3 25.13e3 27.02e3 27.14e3 26.32e3 25.02e3 24.04e3 23.21e3 24.39e3 24.86e3 24.07e3 24.69e3 26.91e3 25.13e3 26.68e3 24.88e3 31.70e3 30.00e3 31.52e3 30.47e3 29.00e3 28.97e3 27.65e3 29.00e3 30.14e3 26.77e3 27.41e3 28.52e3 27.69e3 24.67e3 26.26e3 25.47e3 26.83e3 25.46e3 27.18e3 26.40e3 26.53e3 27.37e3 25.31e3 24.46e3 27.01e3 27.36e3 26.51e3 27.84e3 30.55e3 30.03e3 31.85e3 30.92e3 33.53e3 34.39e3 38.82e3 36.04e3 34.47e3 34.68e3 37.68e3 
   45.0e6  2.794e3 3.682e3 4.797e3 6.265e3 7.422e3 8.406e3 9.114e3 9.884e3 10.26e3 10.82e3 12.60e3 12.65e3 12.53e3 13.56e3 14.48e3 16.81e3 19.47e3 20.04e3 18.93e3 18.23e3 19.13e3 21.10e3 19.98e3 20.13e3 18.67e3 18.96e3 19.04e3 18.62e3 18.24e3 18.16e3 19.03e3 20.52e3 20.16e3 20.06e3 23.89e3 25.69e3 26.67e3 26.23e3 26.79e3 28.90e3 28.95e3 28.18e3 26.69e3 25.77e3 24.95e3 26.38e3 26.83e3 25.96e3 26.63e3 28.81e3 26.99e3 28.70e3 26.54e3 33.92e3 31.98e3 33.55e3 32.53e3 30.51e3 31.10e3 29.79e3 31.03e3 32.57e3 29.06e3 29.84e3 30.42e3 29.76e3 26.84e3 28.58e3 27.62e3 28.56e3 27.80e3 29.32e3 28.64e3 28.81e3 29.83e3 27.70e3 26.80e3 29.23e3 29.63e3 28.98e3 30.21e3 32.96e3 32.43e3 34.08e3 33.26e3 35.91e3 36.99e3 41.49e3 38.56e3 37.03e3 37.21e3 40.22e3 
   50.0e6  2.990e3 3.876e3 4.995e3 6.574e3 7.741e3 8.816e3 9.684e3 10.38e3 10.88e3 11.55e3 13.26e3 13.39e3 13.14e3 14.15e3 15.18e3 17.48e3 20.39e3 21.07e3 19.90e3 19.28e3 20.28e3 22.29e3 21.04e3 21.29e3 19.88e3 20.23e3 20.28e3 19.91e3 19.56e3 19.54e3 20.46e3 21.91e3 21.41e3 21.35e3 25.54e3 27.10e3 28.12e3 27.51e3 28.28e3 30.56e3 30.57e3 29.87e3 28.23e3 27.36e3 26.57e3 28.21e3 28.65e3 27.72e3 28.38e3 30.56e3 28.73e3 30.57e3 28.19e3 35.98e3 33.80e3 35.42e3 34.43e3 31.95e3 33.07e3 31.75e3 32.91e3 34.82e3 31.21e3 32.09e3 32.21e3 31.70e3 28.90e3 30.78e3 29.65e3 30.15e3 30.03e3 31.31e3 30.73e3 30.93e3 32.15e3 29.97e3 29.02e3 31.29e3 31.75e3 31.27e3 32.39e3 35.18e3 34.69e3 36.10e3 35.46e3 38.13e3 39.37e3 43.84e3 40.87e3 39.40e3 39.55e3 42.47e3 
   55.0e6  3.164e3 4.054e3 5.177e3 6.853e3 8.025e3 9.184e3 10.19e3 10.81e3 11.45e3 12.19e3 13.86e3 14.07e3 13.71e3 14.70e3 15.83e3 18.11e3 21.17e3 21.96e3 20.77e3 20.25e3 21.34e3 23.36e3 22.01e3 22.36e3 21.01e3 21.41e3 21.43e3 21.12e3 20.78e3 20.84e3 21.80e3 23.21e3 22.58e3 22.57e3 27.05e3 28.35e3 29.42e3 28.67e3 29.63e3 32.04e3 32.04e3 31.41e3 29.66e3 28.84e3 28.10e3 29.92e3 30.35e3 29.37e3 29.98e3 32.19e3 30.37e3 32.31e3 29.83e3 37.91e3 35.50e3 37.16e3 36.20e3 33.34e3 34.92e3 33.59e3 34.67e3 36.91e3 33.22e3 34.20e3 33.90e3 33.55e3 30.87e3 32.87e3 31.57e3 31.64e3 32.14e3 33.18e3 32.68e3 32.93e3 34.33e3 32.13e3 31.12e3 33.21e3 33.76e3 33.40e3 34.41e3 37.25e3 36.83e3 37.95e3 37.54e3 40.24e3 41.55e3 45.92e3 43.02e3 41.61e3 41.72e3 44.52e3 
   60.0e6  3.321e3 4.218e3 5.347e3 7.110e3 8.282e3 9.519e3 10.65e3 11.20e3 11.98e3 12.78e3 14.42e3 14.70e3 14.24e3 15.23e3 16.44e3 18.70e3 21.86e3 22.74e3 21.58e3 21.16e3 22.33e3 24.33e3 22.90e3 23.36e3 22.06e3 22.52e3 22.49e3 22.27e3 21.94e3 22.07e3 23.06e3 24.44e3 23.70e3 23.73e3 28.45e3 29.47e3 30.60e3 29.74e3 30.86e3 33.36e3 33.38e3 32.83e3 30.99e3 30.22e3 29.54e3 31.51e3 31.94e3 30.92e3 31.46e3 33.71e3 31.92e3 33.94e3 31.46e3 39.72e3 37.10e3 38.78e3 37.86e3 34.69e3 36.68e3 35.30e3 36.33e3 38.86e3 35.12e3 36.19e3 35.51e3 35.33e3 32.75e3 34.86e3 33.41e3 33.08e3 34.15e3 34.96e3 34.54e3 34.81e3 36.41e3 34.19e3 33.12e3 35.02e3 35.67e3 35.39e3 36.29e3 39.18e3 38.87e3 39.66e3 39.53e3 42.24e3 43.58e3 47.79e3 45.04e3 43.70e3 43.77e3 46.43e3 
   65.0e6  3.462e3 4.371e3 5.507e3 7.346e3 8.518e3 9.826e3 11.06e3 11.55e3 12.47e3 13.31e3 14.93e3 15.28e3 14.75e3 15.73e3 17.03e3 19.26e3 22.46e3 23.42e3 22.34e3 22.01e3 23.24e3 25.21e3 23.73e3 24.31e3 23.04e3 23.56e3 23.49e3 23.35e3 23.04e3 23.24e3 24.25e3 25.60e3 24.76e3 24.84e3 29.76e3 30.49e3 31.67e3 30.73e3 32.00e3 34.55e3 34.62e3 34.15e3 32.25e3 31.52e3 30.90e3 33.00e3 33.44e3 32.39e3 32.83e3 35.15e3 33.39e3 35.48e3 33.07e3 41.42e3 38.61e3 40.32e3 39.44e3 36.01e3 38.34e3 36.92e3 37.91e3 40.69e3 36.92e3 38.06e3 37.05e3 37.05e3 34.56e3 36.77e3 35.15e3 34.46e3 36.06e3 36.65e3 36.31e3 36.60e3 38.38e3 36.15e3 35.03e3 36.75e3 37.48e3 37.26e3 38.06e3 41.01e3 40.81e3 41.25e3 41.43e3 44.15e3 45.48e3 49.49e3 46.94e3 45.68e3 45.71e3 48.22e3 
   70.0e6  3.589e3 4.514e3 5.658e3 7.564e3 8.736e3 10.11e3 11.45e3 11.88e3 12.93e3 13.79e3 15.41e3 15.82e3 15.24e3 16.21e3 17.59e3 19.79e3 23.00e3 24.03e3 23.05e3 22.81e3 24.10e3 26.02e3 24.52e3 25.20e3 23.97e3 24.55e3 24.43e3 24.38e3 24.07e3 24.35e3 25.38e3 26.69e3 25.79e3 25.89e3 30.97e3 31.42e3 32.67e3 31.67e3 33.06e3 35.64e3 35.78e3 35.37e3 33.43e3 32.76e3 32.20e3 34.41e3 34.86e3 33.79e3 34.12e3 36.51e3 34.80e3 36.95e3 34.66e3 43.03e3 40.05e3 41.77e3 40.93e3 37.31e3 39.92e3 38.46e3 39.42e3 42.43e3 38.63e3 39.83e3 38.54e3 38.72e3 36.30e3 38.60e3 36.83e3 35.81e3 37.90e3 38.28e3 38.00e3 38.31e3 40.26e3 38.03e3 36.86e3 38.40e3 39.23e3 39.02e3 39.73e3 42.76e3 42.68e3 42.76e3 43.26e3 45.99e3 47.25e3 51.06e3 48.76e3 47.57e3 47.56e3 49.93e3 
   80.0e6  3.805e3 4.774e3 5.939e3 7.958e3 9.133e3 10.62e3 12.13e3 12.47e3 13.77e3 14.65e3 16.27e3 16.80e3 16.16e3 17.12e3 18.65e3 20.80e3 23.90e3 25.05e3 24.35e3 24.29e3 25.66e3 27.47e3 25.96e3 26.84e3 25.69e3 26.36e3 26.16e3 26.28e3 26.01e3 26.42e3 27.45e3 28.73e3 27.71e3 27.89e3 33.16e3 33.09e3 34.46e3 33.42e3 35.00e3 37.56e3 37.88e3 37.61e3 35.65e3 35.06e3 34.64e3 37.01e3 37.48e3 36.40e3 36.51e3 39.06e3 37.45e3 39.66e3 37.73e3 45.97e3 42.73e3 44.47e3 43.73e3 39.84e3 42.88e3 41.31e3 42.24e3 45.62e3 41.82e3 43.10e3 41.38e3 41.92e3 39.60e3 42.05e3 40.00e3 38.44e3 41.33e3 41.35e3 41.21e3 41.49e3 43.78e3 41.56e3 40.30e3 41.52e3 42.51e3 42.26e3 42.84e3 46.02e3 46.19e3 45.54e3 46.69e3 49.47e3 50.53e3 53.91e3 52.15e3 51.11e3 51.03e3 53.16e3 
   90.0e6  3.977e3 5.006e3 6.196e3 8.306e3 9.489e3 11.07e3 12.71e3 12.98e3 14.52e3 15.39e3 17.04e3 17.68e3 17.02e3 17.99e3 19.64e3 21.74e3 24.65e3 25.88e3 25.54e3 25.64e3 27.05e3 28.73e3 27.28e3 28.34e3 27.25e3 28.00e3 27.74e3 28.03e3 27.77e3 28.32e3 29.34e3 30.60e3 29.51e3 29.75e3 35.08e3 34.54e3 36.06e3 35.02e3 36.75e3 39.22e3 39.75e3 39.60e3 37.68e3 37.17e3 36.88e3 39.35e3 39.86e3 38.81e3 38.71e3 41.42e3 39.91e3 42.15e3 40.63e3 48.58e3 45.20e3 46.94e3 46.31e3 42.28e3 45.62e3 43.94e3 44.87e3 48.52e3 44.76e3 46.09e3 44.05e3 44.95e3 42.68e3 45.25e3 42.94e3 41.00e3 44.50e3 44.23e3 44.20e3 44.43e3 47.02e3 44.83e3 43.49e3 44.46e3 45.57e3 45.22e3 45.70e3 49.05e3 49.45e3 48.11e3 49.88e3 52.73e3 53.50e3 56.48e3 55.29e3 54.40e3 54.25e3 56.19e3 
   100.e6  4.114e3 5.214e3 6.433e3 8.615e3 9.816e3 11.48e3 13.23e3 13.45e3 15.19e3 16.04e3 17.73e3 18.46e3 17.83e3 18.81e3 20.57e3 22.62e3 25.28e3 26.58e3 26.64e3 26.87e3 28.29e3 29.84e3 28.50e3 29.71e3 28.67e3 29.50e3 29.18e3 29.63e3 29.40e3 30.05e3 31.06e3 32.32e3 31.20e3 31.51e3 36.78e3 35.85e3 37.53e3 36.53e3 38.35e3 40.71e3 41.44e3 41.39e3 39.56e3 39.12e3 38.96e3 41.49e3 42.05e3 41.05e3 40.75e3 43.62e3 42.21e3 44.44e3 43.34e3 50.92e3 47.49e3 49.23e3 48.70e3 44.63e3 48.17e3 46.36e3 47.31e3 51.17e3 47.49e3 48.83e3 46.58e3 47.81e3 45.57e3 48.22e3 45.70e3 43.48e3 47.44e3 46.95e3 47.00e3 47.16e3 50.02e3 47.86e3 46.46e3 47.24e3 48.43e3 47.96e3 48.38e3 51.89e3 52.50e3 50.54e3 52.85e3 55.79e3 56.24e3 58.87e3 58.22e3 57.46e3 57.26e3 59.07e3 
   110.e6  4.220e3 5.401e3 6.652e3 8.893e3 10.12e3 11.85e3 13.68e3 13.87e3 15.80e3 16.62e3 18.35e3 19.16e3 18.60e3 19.60e3 21.45e3 23.45e3 25.83e3 27.18e3 27.65e3 28.00e3 29.42e3 30.84e3 29.63e3 30.97e3 29.98e3 30.87e3 30.52e3 31.11e3 30.92e3 31.64e3 32.65e3 33.90e3 32.80e3 33.16e3 38.31e3 37.03e3 38.89e3 37.96e3 39.85e3 42.07e3 42.98e3 43.03e3 41.31e3 40.95e3 40.89e3 43.44e3 44.05e3 43.14e3 42.67e3 45.68e3 44.37e3 46.56e3 45.86e3 53.01e3 49.62e3 51.34e3 50.94e3 46.88e3 50.54e3 48.62e3 49.61e3 53.61e3 50.02e3 51.35e3 48.99e3 50.50e3 48.28e3 51.01e3 48.29e3 45.90e3 50.17e3 49.54e3 49.65e3 49.72e3 52.80e3 50.69e3 49.24e3 49.89e3 51.12e3 50.52e3 50.91e3 54.57e3 55.34e3 52.85e3 55.64e3 58.70e3 58.81e3 61.14e3 60.96e3 60.34e3 60.09e3 61.81e3 
   120.e6  4.303e3 5.570e3 6.856e3 9.145e3 10.40e3 12.19e3 14.07e3 14.27e3 16.36e3 17.14e3 18.91e3 19.79e3 19.33e3 20.35e3 22.27e3 24.24e3 26.32e3 27.70e3 28.59e3 29.05e3 30.44e3 31.75e3 30.69e3 32.13e3 31.19e3 32.13e3 31.76e3 32.49e3 32.32e3 33.12e3 34.11e3 35.38e3 34.31e3 34.73e3 39.69e3 38.11e3 40.16e3 39.33e3 41.25e3 43.34e3 44.40e3 44.53e3 42.96e3 42.65e3 42.69e3 45.25e3 45.91e3 45.10e3 44.50e3 47.62e3 46.40e3 48.54e3 48.20e3 54.88e3 51.61e3 53.31e3 53.03e3 49.03e3 52.76e3 50.74e3 51.78e3 55.86e3 52.39e3 53.69e3 51.28e3 53.02e3 50.83e3 53.61e3 50.73e3 48.26e3 52.72e3 52.01e3 52.14e3 52.11e3 55.39e3 53.32e3 51.84e3 52.42e3 53.66e3 52.95e3 53.33e3 57.12e3 58.01e3 55.08e3 58.28e3 61.45e3 61.22e3 63.31e3 63.54e3 63.05e3 62.75e3 64.43e3 
   130.e6  4.365e3 5.722e3 7.045e3 9.375e3 10.66e3 12.50e3 14.42e3 14.63e3 16.88e3 17.60e3 19.42e3 20.37e3 20.03e3 21.07e3 23.06e3 24.98e3 26.76e3 28.16e3 29.47e3 30.03e3 31.37e3 32.58e3 31.68e3 33.20e3 32.32e3 33.29e3 32.91e3 33.76e3 33.63e3 34.47e3 35.47e3 36.76e3 35.74e3 36.21e3 40.96e3 39.12e3 41.38e3 40.65e3 42.59e3 44.52e3 45.70e3 45.91e3 44.50e3 44.25e3 44.38e3 46.91e3 47.63e3 46.95e3 46.23e3 49.45e3 48.33e3 50.38e3 50.36e3 56.57e3 53.48e3 55.15e3 55.01e3 51.08e3 54.85e3 52.71e3 53.82e3 57.94e3 54.60e3 55.87e3 53.47e3 55.39e3 53.24e3 56.05e3 53.04e3 50.55e3 55.11e3 54.36e3 54.50e3 54.37e3 57.81e3 55.79e3 54.29e3 54.84e3 56.05e3 55.26e3 55.65e3 59.54e3 60.52e3 57.24e3 60.79e3 64.06e3 63.52e3 65.43e3 65.97e3 65.60e3 65.28e3 66.94e3 
   140.e6  4.410e3 5.860e3 7.221e3 9.584e3 10.91e3 12.79e3 14.74e3 14.98e3 17.36e3 18.03e3 19.89e3 20.89e3 20.70e3 21.76e3 23.80e3 25.68e3 27.18e3 28.58e3 30.30e3 30.94e3 32.22e3 33.34e3 32.61e3 34.20e3 33.36e3 34.36e3 33.98e3 34.94e3 34.86e3 35.73e3 36.73e3 38.04e3 37.09e3 37.63e3 42.13e3 40.06e3 42.54e3 41.93e3 43.86e3 45.65e3 46.90e3 47.19e3 45.95e3 45.76e3 45.96e3 48.46e3 49.22e3 48.69e3 47.89e3 51.17e3 50.14e3 52.11e3 52.36e3 58.09e3 55.23e3 56.87e3 56.86e3 53.03e3 56.80e3 54.57e3 55.75e3 59.88e3 56.67e3 57.91e3 55.55e3 57.59e3 55.50e3 58.33e3 55.21e3 52.77e3 57.36e3 56.62e3 56.72e3 56.50e3 60.07e3 58.10e3 56.60e3 57.15e3 58.32e3 57.47e3 57.89e3 61.84e3 62.88e3 59.35e3 63.17e3 66.54e3 65.73e3 67.48e3 68.27e3 68.02e3 67.66e3 69.34e3 
   150.e6  4.442e3 5.985e3 7.385e3 9.776e3 11.14e3 13.06e3 15.02e3 15.30e3 17.80e3 18.41e3 20.31e3 21.37e3 21.33e3 22.43e3 24.50e3 26.34e3 27.58e3 28.96e3 31.07e3 31.78e3 33.00e3 34.05e3 33.48e3 35.12e3 34.33e3 35.35e3 34.99e3 36.04e3 36.01e3 36.90e3 37.91e3 39.24e3 38.38e3 38.97e3 43.22e3 40.96e3 43.66e3 43.17e3 45.09e3 46.73e3 48.01e3 48.38e3 47.32e3 47.17e3 47.43e3 49.90e3 50.71e3 50.33e3 49.47e3 52.79e3 51.86e3 53.72e3 54.21e3 59.46e3 56.87e3 58.48e3 58.62e3 54.89e3 58.65e3 56.31e3 57.57e3 61.69e3 58.62e3 59.81e3 57.54e3 59.65e3 57.64e3 60.48e3 57.27e3 54.91e3 59.48e3 58.78e3 58.83e3 58.52e3 62.18e3 60.27e3 58.77e3 59.36e3 60.46e3 59.59e3 60.05e3 64.05e3 65.10e3 61.42e3 65.45e3 68.91e3 67.84e3 69.48e3 70.44e3 70.31e3 69.93e3 71.64e3 
   160.e6  4.463e3 6.098e3 7.538e3 9.953e3 11.35e3 13.31e3 15.27e3 15.61e3 18.20e3 18.77e3 20.70e3 21.81e3 21.94e3 23.06e3 25.16e3 26.97e3 27.96e3 29.32e3 31.80e3 32.57e3 33.72e3 34.71e3 34.30e3 35.98e3 35.24e3 36.27e3 35.93e3 37.07e3 37.09e3 37.98e3 39.01e3 40.37e3 39.61e3 40.25e3 44.24e3 41.80e3 44.74e3 44.38e3 46.27e3 47.76e3 49.04e3 49.49e3 48.61e3 48.51e3 48.82e3 51.24e3 52.10e3 51.88e3 50.98e3 54.33e3 53.49e3 55.24e3 55.93e3 60.71e3 58.42e3 59.99e3 60.28e3 56.66e3 60.38e3 57.95e3 59.29e3 63.37e3 60.45e3 61.60e3 59.44e3 61.58e3 59.66e3 62.49e3 59.22e3 56.99e3 61.49e3 60.85e3 60.82e3 60.43e3 64.17e3 62.31e3 60.83e3 61.47e3 62.49e3 61.64e3 62.15e3 66.15e3 67.20e3 63.45e3 67.64e3 71.16e3 69.88e3 71.44e3 72.51e3 72.48e3 72.08e3 73.83e3 
   170.e6  4.475e3 6.200e3 7.680e3 10.12e3 11.55e3 13.54e3 15.50e3 15.90e3 18.58e3 19.09e3 21.06e3 22.22e3 22.52e3 23.67e3 25.79e3 27.57e3 28.32e3 29.66e3 32.48e3 33.31e3 34.37e3 35.32e3 35.07e3 36.78e3 36.09e3 37.12e3 36.81e3 38.03e3 38.11e3 38.98e3 40.04e3 41.43e3 40.77e3 41.47e3 45.21e3 42.61e3 45.78e3 45.56e3 47.41e3 48.76e3 50.00e3 50.52e3 49.83e3 49.77e3 50.13e3 52.49e3 53.39e3 53.34e3 52.43e3 55.78e3 55.04e3 56.66e3 57.52e3 61.84e3 59.88e3 61.41e3 61.85e3 58.35e3 62.01e3 59.49e3 60.93e3 64.95e3 62.18e3 63.28e3 61.25e3 63.37e3 61.56e3 64.38e3 61.07e3 58.99e3 63.40e3 62.84e3 62.71e3 62.25e3 66.02e3 64.23e3 62.77e3 63.49e3 64.42e3 63.62e3 64.18e3 68.16e3 69.17e3 65.43e3 69.74e3 73.31e3 71.85e3 73.35e3 74.46e3 74.55e3 74.12e3 75.94e3 
   180.e6  4.480e3 6.293e3 7.812e3 10.27e3 11.74e3 13.75e3 15.70e3 16.17e3 18.93e3 19.39e3 21.38e3 22.59e3 23.07e3 24.25e3 26.39e3 28.13e3 28.68e3 29.98e3 33.13e3 34.00e3 34.98e3 35.90e3 35.80e3 37.52e3 36.88e3 37.91e3 37.64e3 38.92e3 39.07e3 39.91e3 41.01e3 42.42e3 41.88e3 42.63e3 46.13e3 43.38e3 46.80e3 46.72e3 48.51e3 49.73e3 50.90e3 51.48e3 50.98e3 50.96e3 51.35e3 53.66e3 54.60e3 54.73e3 53.81e3 57.15e3 56.50e3 58.00e3 58.99e3 62.88e3 61.25e3 62.74e3 63.33e3 59.96e3 63.55e3 60.94e3 62.47e3 66.43e3 63.80e3 64.85e3 62.97e3 65.04e3 63.36e3 66.16e3 62.82e3 60.93e3 65.21e3 64.76e3 64.50e3 63.98e3 67.77e3 66.04e3 64.61e3 65.41e3 66.25e3 65.54e3 66.15e3 70.08e3 71.04e3 67.39e3 71.76e3 75.36e3 73.77e3 75.22e3 76.32e3 76.50e3 76.06e3 77.95e3 
   200.e6  4.471e3 6.452e3 8.050e3 10.54e3 12.08e3 14.14e3 16.06e3 16.68e3 19.56e3 19.92e3 21.96e3 23.24e3 24.09e3 25.34e3 27.49e3 29.17e3 29.35e3 30.59e3 34.30e3 35.25e3 36.06e3 36.97e3 37.13e3 38.85e3 38.32e3 39.33e3 39.14e3 40.53e3 40.82e3 41.59e3 42.76e3 44.24e3 43.94e3 44.80e3 47.85e3 44.85e3 48.74e3 48.96e3 50.62e3 51.58e3 52.51e3 53.23e3 53.10e3 53.15e3 53.59e3 55.79e3 56.79e3 57.30e3 56.39e3 59.66e3 59.22e3 60.45e3 61.62e3 64.69e3 63.78e3 65.17e3 66.08e3 62.94e3 66.37e3 63.60e3 65.33e3 69.13e3 66.76e3 67.74e3 66.20e3 68.05e3 66.67e3 69.40e3 66.05e3 64.58e3 68.61e3 68.36e3 67.80e3 67.20e3 70.94e3 69.36e3 68.00e3 68.98e3 69.65e3 69.20e3 69.91e3 73.68e3 74.48e3 71.19e3 75.57e3 79.20e3 77.43e3 78.81e3 79.75e3 80.13e3 79.67e3 81.72e3 
   225.e6  4.438e3 6.610e3 8.304e3 10.82e3 12.43e3 14.56e3 16.41e3 17.24e3 20.22e3 20.47e3 22.54e3 23.91e3 25.23e3 26.57e3 28.71e3 30.31e3 30.13e3 31.29e3 35.59e3 36.61e3 37.21e3 38.14e3 38.58e3 40.27e3 39.87e3 40.84e3 40.77e3 42.27e3 42.73e3 43.37e3 44.68e3 46.22e3 46.26e3 47.25e3 49.84e3 46.56e3 51.02e3 51.63e3 53.10e3 53.74e3 54.24e3 55.13e3 55.45e3 55.57e3 56.04e3 58.09e3 59.17e3 60.15e3 59.30e3 62.43e3 62.24e3 63.12e3 64.41e3 66.57e3 66.55e3 67.83e3 69.13e3 66.28e3 69.47e3 66.50e3 68.50e3 72.08e3 70.01e3 70.91e3 69.84e3 71.25e3 70.32e3 72.94e3 69.65e3 68.78e3 72.50e3 72.51e3 71.45e3 70.83e3 74.39e3 73.02e3 71.76e3 72.99e3 73.45e3 73.47e3 74.32e3 77.75e3 78.27e3 75.74e3 79.95e3 83.54e3 81.74e3 83.05e3 83.59e3 84.19e3 83.72e3 86.01e3 
   250.e6  4.391e3 6.732e3 8.517e3 11.06e3 12.72e3 14.91e3 16.69e3 17.74e3 20.77e3 20.92e3 23.01e3 24.47e3 26.24e3 27.66e3 29.78e3 31.31e3 30.85e3 31.95e3 36.71e3 37.77e3 38.19e3 39.18e3 39.83e3 41.46e3 41.19e3 42.12e3 42.16e3 43.74e3 44.39e3 44.86e3 46.32e3 47.94e3 48.32e3 49.43e3 51.69e3 48.15e3 53.15e3 54.18e3 55.41e3 55.76e3 55.70e3 56.75e3 57.51e3 57.68e3 58.16e3 60.07e3 61.20e3 62.65e3 61.88e3 64.82e3 64.90e3 65.43e3 66.73e3 68.13e3 68.97e3 70.13e3 71.82e3 69.23e3 72.15e3 69.01e3 71.29e3 74.65e3 72.83e3 73.66e3 73.09e3 73.94e3 73.49e3 75.99e3 72.82e3 72.58e3 76.08e3 76.30e3 74.66e3 74.07e3 77.35e3 76.21e3 75.06e3 76.53e3 76.82e3 77.44e3 78.42e3 81.38e3 81.60e3 80.09e3 83.97e3 87.44e3 85.79e3 87.01e3 86.97e3 87.78e3 87.32e3 89.86e3 
   275.e6  4.336e3 6.825e3 8.695e3 11.25e3 12.96e3 15.20e3 16.92e3 18.19e3 21.22e3 21.30e3 23.38e3 24.92e3 27.13e3 28.63e3 30.71e3 32.18e3 31.51e3 32.58e3 37.67e3 38.76e3 39.05e3 40.10e3 40.89e3 42.45e3 42.31e3 43.20e3 43.36e3 44.98e3 45.83e3 46.11e3 47.75e3 49.43e3 50.15e3 51.38e3 53.44e3 49.66e3 55.15e3 56.60e3 57.58e3 57.64e3 56.94e3 58.15e3 59.31e3 59.53e3 59.99e3 61.77e3 62.94e3 64.86e3 64.16e3 66.89e3 67.25e3 67.43e3 68.67e3 69.44e3 71.08e3 72.13e3 74.20e3 71.85e3 74.48e3 71.18e3 73.74e3 76.89e3 75.26e3 76.06e3 75.99e3 76.19e3 76.26e3 78.63e3 75.62e3 76.02e3 79.41e3 79.78e3 77.46e3 76.98e3 79.89e3 79.01e3 77.96e3 79.66e3 79.84e3 81.14e3 82.22e3 84.64e3 84.51e3 84.21e3 87.66e3 90.97e3 89.59e3 90.69e3 89.97e3 90.96e3 90.53e3 93.34e3 
   300.e6  4.393e3 6.986e3 8.831e3 11.42e3 13.26e3 15.55e3 17.32e3 18.71e3 21.68e3 21.78e3 23.93e3 25.48e3 27.93e3 29.50e3 31.47e3 32.94e3 32.69e3 33.37e3 38.59e3 39.68e3 40.06e3 41.16e3 42.17e3 43.53e3 43.50e3 44.33e3 44.71e3 46.40e3 47.19e3 47.56e3 49.34e3 50.77e3 51.76e3 53.02e3 54.41e3 51.05e3 56.95e3 58.48e3 59.56e3 59.35e3 58.62e3 59.88e3 61.33e3 61.48e3 62.07e3 63.81e3 64.82e3 67.13e3 66.63e3 69.17e3 69.65e3 69.64e3 70.35e3 70.67e3 73.32e3 74.38e3 76.83e3 74.49e3 77.05e3 73.77e3 76.39e3 79.19e3 77.90e3 78.83e3 78.64e3 78.70e3 79.06e3 81.45e3 78.62e3 79.15e3 82.26e3 83.07e3 80.42e3 80.13e3 82.90e3 81.87e3 81.13e3 82.87e3 82.86e3 84.42e3 85.39e3 88.04e3 87.63e3 87.67e3 90.54e3 93.72e3 92.92e3 93.94e3 93.32e3 94.53e3 94.03e3 96.82e3 
   325.e6  4.470e3 7.117e3 8.869e3 11.47e3 13.47e3 15.78e3 17.68e3 19.12e3 21.95e3 22.12e3 24.37e3 25.90e3 28.45e3 30.08e3 31.91e3 33.39e3 33.89e3 34.00e3 39.18e3 40.25e3 40.81e3 41.97e3 43.19e3 44.33e3 44.39e3 45.17e3 45.81e3 47.58e3 48.19e3 48.77e3 50.69e3 51.69e3 52.92e3 54.16e3 54.69e3 52.08e3 58.27e3 59.72e3 61.03e3 60.59e3 60.09e3 61.36e3 63.04e3 63.08e3 63.85e3 65.58e3 66.33e3 68.99e3 68.72e3 71.07e3 71.61e3 71.49e3 71.43e3 71.41e3 75.12e3 76.24e3 79.06e3 76.69e3 79.24e3 76.08e3 78.66e3 81.05e3 80.15e3 81.28e3 80.69e3 80.86e3 81.42e3 83.86e3 81.25e3 81.68e3 84.41e3 85.75e3 82.99e3 82.94e3 85.66e3 84.27e3 83.96e3 85.66e3 85.41e3 87.04e3 87.77e3 90.96e3 90.29e3 90.31e3 92.42e3 95.47e3 95.44e3 96.40e3 96.23e3 97.70e3 97.07e3 99.75e3 
   350.e6  4.464e3 7.168e3 8.873e3 11.47e3 13.61e3 15.93e3 17.89e3 19.40e3 22.11e3 22.33e3 24.64e3 26.17e3 28.84e3 30.52e3 32.20e3 33.70e3 34.67e3 34.48e3 39.58e3 40.65e3 41.33e3 42.60e3 43.93e3 44.88e3 45.06e3 45.79e3 46.64e3 48.47e3 48.98e3 49.72e3 51.69e3 52.41e3 53.83e3 55.06e3 55.10e3 52.92e3 59.29e3 60.69e3 62.18e3 61.55e3 61.22e3 62.53e3 64.36e3 64.31e3 65.21e3 66.95e3 67.54e3 70.44e3 70.38e3 72.54e3 73.17e3 72.91e3 72.41e3 72.06e3 76.55e3 77.71e3 80.80e3 78.49e3 80.92e3 77.87e3 80.44e3 82.48e3 81.92e3 83.18e3 82.37e3 82.61e3 83.30e3 85.74e3 83.36e3 83.78e3 86.12e3 87.97e3 85.17e3 85.24e3 87.86e3 86.27e3 86.30e3 87.89e3 87.50e3 89.21e3 89.80e3 93.36e3 92.44e3 92.56e3 94.41e3 97.21e3 97.67e3 98.54e3 98.68e3 100.3e3 99.59e3 102.2e3 
   375.e6  4.392e3 7.180e3 8.916e3 11.51e3 13.75e3 16.10e3 18.04e3 19.65e3 22.31e3 22.51e3 24.90e3 26.45e3 29.27e3 30.99e3 32.56e3 34.09e3 35.11e3 34.97e3 40.05e3 41.13e3 41.85e3 43.28e3 44.61e3 45.42e3 45.75e3 46.44e3 47.40e3 49.29e3 49.82e3 50.64e3 52.57e3 53.21e3 54.77e3 56.01e3 56.03e3 53.81e3 60.29e3 61.71e3 63.30e3 62.50e3 62.27e3 63.67e3 65.55e3 65.47e3 66.41e3 68.18e3 68.76e3 71.80e3 71.92e3 73.91e3 74.66e3 74.22e3 73.73e3 73.04e3 77.94e3 79.11e3 82.35e3 80.20e3 82.43e3 79.43e3 82.02e3 83.79e3 83.54e3 84.86e3 84.04e3 84.27e3 85.03e3 87.42e3 85.22e3 85.74e3 87.72e3 90.07e3 87.26e3 87.30e3 89.78e3 88.20e3 88.43e3 89.84e3 89.45e3 91.25e3 91.86e3 95.58e3 94.40e3 94.80e3 97.10e3 99.52e3 100.1e3 100.8e3 101.0e3 102.6e3 101.9e3 104.5e3 
   400.e6  4.327e3 7.184e3 8.948e3 11.54e3 13.87e3 16.24e3 18.17e3 19.87e3 22.46e3 22.67e3 25.12e3 26.69e3 29.64e3 31.40e3 32.85e3 34.41e3 35.50e3 35.43e3 40.44e3 41.54e3 42.30e3 43.89e3 45.19e3 45.87e3 46.35e3 47.00e3 48.06e3 50.01e3 50.55e3 51.45e3 53.33e3 53.91e3 55.58e3 56.84e3 56.90e3 54.64e3 61.17e3 62.60e3 64.27e3 63.34e3 63.19e3 64.68e3 66.60e3 66.48e3 67.46e3 69.26e3 69.83e3 73.00e3 73.26e3 75.10e3 75.97e3 75.37e3 74.92e3 73.94e3 79.17e3 80.35e3 83.73e3 81.72e3 83.74e3 80.80e3 83.40e3 84.95e3 84.96e3 86.35e3 85.50e3 85.76e3 86.54e3 88.87e3 86.87e3 87.48e3 89.13e3 91.92e3 89.13e3 89.15e3 91.47e3 89.93e3 90.34e3 91.56e3 91.20e3 93.07e3 93.70e3 97.54e3 96.17e3 96.80e3 99.56e3 101.6e3 102.2e3 102.8e3 103.2e3 104.7e3 104.0e3 106.6e3 
   450.e6  4.216e3 7.175e3 8.988e3 11.57e3 14.02e3 16.44e3 18.39e3 20.24e3 22.67e3 22.91e3 25.43e3 27.05e3 30.21e3 32.03e3 33.29e3 34.88e3 36.13e3 36.24e3 41.03e3 42.17e3 42.99e3 44.92e3 46.07e3 46.56e3 47.32e3 47.89e3 49.12e3 51.16e3 51.72e3 52.79e3 54.57e3 55.04e3 56.88e3 58.17e3 58.51e3 56.13e3 62.58e3 64.03e3 65.80e3 64.72e3 64.72e3 66.35e3 68.30e3 68.12e3 69.18e3 71.05e3 71.60e3 74.96e3 75.41e3 77.03e3 78.14e3 77.24e3 76.94e3 75.56e3 81.21e3 82.42e3 86.02e3 84.29e3 85.88e3 83.06e3 85.68e3 86.87e3 87.31e3 88.81e3 87.93e3 88.29e3 89.04e3 91.24e3 89.62e3 90.37e3 91.48e3 95.01e3 92.31e3 92.31e3 94.29e3 92.88e3 93.59e3 94.41e3 94.19e3 96.16e3 96.82e3 100.8e3 99.18e3 100.2e3 103.9e3 105.2e3 105.9e3 106.2e3 106.8e3 108.2e3 107.6e3 110.2e3 
   500.e6  4.127e3 7.148e3 9.001e3 11.56e3 14.10e3 16.56e3 18.55e3 20.53e3 22.77e3 23.09e3 25.62e3 27.31e3 30.60e3 32.47e3 33.56e3 35.18e3 36.59e3 36.89e3 41.40e3 42.62e3 43.46e3 45.73e3 46.67e3 47.02e3 48.01e3 48.56e3 49.90e3 52.02e3 52.58e3 53.80e3 55.49e3 55.89e3 57.83e3 59.16e3 59.95e3 57.44e3 63.63e3 65.08e3 66.89e3 65.79e3 65.91e3 67.64e3 69.59e3 69.36e3 70.51e3 72.43e3 72.95e3 76.44e3 76.98e3 78.47e3 79.80e3 78.68e3 78.60e3 76.98e3 82.80e3 84.04e3 87.80e3 86.34e3 87.50e3 84.81e3 87.42e3 88.38e3 89.11e3 90.73e3 89.82e3 90.33e3 90.95e3 93.04e3 91.78e3 92.61e3 93.35e3 97.41e3 94.86e3 94.87e3 96.48e3 95.28e3 96.20e3 96.65e3 96.64e3 98.66e3 99.35e3 103.3e3 101.6e3 102.9e3 107.5e3 108.3e3 108.9e3 108.9e3 109.7e3 111.0e3 110.4e3 113.2e3 
   550.e6  4.055e3 7.109e3 8.995e3 11.53e3 14.11e3 16.62e3 18.67e3 20.74e3 22.80e3 23.21e3 25.71e3 27.48e3 30.85e3 32.75e3 33.69e3 35.34e3 36.90e3 37.41e3 41.61e3 42.91e3 43.76e3 46.35e3 47.05e3 47.30e3 48.51e3 49.05e3 50.46e3 52.65e3 53.20e3 54.55e3 56.15e3 56.52e3 58.51e3 59.86e3 61.23e3 58.57e3 64.39e3 65.84e3 67.64e3 66.62e3 66.84e3 68.63e3 70.53e3 70.29e3 71.52e3 73.48e3 73.98e3 77.54e3 78.07e3 79.52e3 81.04e3 79.76e3 79.99e3 78.23e3 84.03e3 85.30e3 89.18e3 87.96e3 88.71e3 86.16e3 88.75e3 89.58e3 90.49e3 92.21e3 91.27e3 91.98e3 92.41e3 94.41e3 93.48e3 94.32e3 94.86e3 99.25e3 96.86e3 96.93e3 98.17e3 97.25e3 98.29e3 98.40e3 98.65e3 100.7e3 101.4e3 105.2e3 103.6e3 105.0e3 110.5e3 110.8e3 111.3e3 111.1e3 112.0e3 113.3e3 112.7e3 115.6e3 
   600.e6  3.997e3 7.061e3 8.974e3 11.49e3 14.08e3 16.63e3 18.74e3 20.90e3 22.77e3 23.29e3 25.73e3 27.58e3 30.98e3 32.91e3 33.73e3 35.39e3 37.10e3 37.79e3 41.69e3 43.08e3 43.93e3 46.81e3 47.26e3 47.46e3 48.84e3 49.40e3 50.85e3 53.10e3 53.61e3 55.10e3 56.60e3 56.98e3 58.96e3 60.34e3 62.35e3 59.54e3 64.92e3 66.37e3 68.11e3 67.28e3 67.55e3 69.38e3 71.19e3 70.96e3 72.28e3 74.26e3 74.75e3 78.34e3 78.78e3 80.28e3 81.96e3 80.57e3 81.14e3 79.34e3 84.99e3 86.29e3 90.24e3 89.23e3 89.60e3 87.19e3 89.75e3 90.52e3 91.55e3 93.33e3 92.40e3 93.32e3 93.52e3 95.45e3 94.81e3 95.61e3 96.09e3 100.6e3 98.42e3 98.59e3 99.45e3 98.87e3 99.97e3 99.77e3 100.3e3 102.3e3 103.1e3 106.7e3 105.3e3 106.7e3 113.0e3 112.9e3 113.3e3 112.8e3 113.9e3 115.0e3 114.6e3 117.5e3 
   650.e6  3.948e3 7.006e3 8.942e3 11.42e3 14.02e3 16.60e3 18.78e3 21.00e3 22.70e3 23.33e3 25.69e3 27.62e3 31.03e3 32.97e3 33.70e3 35.37e3 37.20e3 38.05e3 41.67e3 43.16e3 44.00e3 47.13e3 47.33e3 47.51e3 49.05e3 49.64e3 51.10e3 53.41e3 53.87e3 55.47e3 56.89e3 57.30e3 59.23e3 60.63e3 63.33e3 60.36e3 65.28e3 66.71e3 68.36e3 67.78e3 68.09e3 69.92e3 71.64e3 71.43e3 72.84e3 74.83e3 75.32e3 78.89e3 79.21e3 80.79e3 82.60e3 81.15e3 82.12e3 80.31e3 85.72e3 87.06e3 91.03e3 90.22e3 90.23e3 87.97e3 90.48e3 91.27e3 92.34e3 94.16e3 93.26e3 94.41e3 94.34e3 96.23e3 95.83e3 96.56e3 97.10e3 101.7e3 99.60e3 99.91e3 100.4e3 100.2e3 101.3e3 100.8e3 101.7e3 103.6e3 104.4e3 107.7e3 106.6e3 108.0e3 115.1e3 114.6e3 114.8e3 114.1e3 115.3e3 116.4e3 116.0e3 119.1e3 
   700.e6  3.906e3 6.946e3 8.902e3 11.35e3 13.94e3 16.53e3 18.78e3 21.06e3 22.60e3 23.35e3 25.61e3 27.63e3 31.00e3 32.95e3 33.60e3 35.28e3 37.22e3 38.20e3 41.58e3 43.17e3 43.98e3 47.34e3 47.30e3 47.48e3 49.15e3 49.79e3 51.24e3 53.60e3 54.00e3 55.71e3 57.04e3 57.51e3 59.37e3 60.79e3 64.17e3 61.05e3 65.49e3 66.91e3 68.45e3 68.17e3 68.49e3 70.29e3 71.90e3 71.74e3 73.24e3 75.20e3 75.71e3 79.23e3 79.40e3 81.12e3 83.02e3 81.56e3 82.95e3 81.16e3 86.27e3 87.65e3 91.61e3 90.98e3 90.67e3 88.56e3 91.01e3 91.86e3 92.93e3 94.76e3 93.91e3 95.28e3 94.95e3 96.81e3 96.62e3 97.24e3 97.94e3 102.4e3 100.5e3 101.0e3 101.1e3 101.3e3 102.3e3 101.7e3 102.8e3 104.7e3 105.5e3 108.5e3 107.7e3 109.0e3 116.8e3 116.1e3 116.0e3 115.1e3 116.5e3 117.5e3 117.2e3 120.3e3 
   800.e6  3.836e3 6.815e3 8.805e3 11.19e3 13.73e3 16.33e3 18.71e3 21.08e3 22.36e3 23.33e3 25.35e3 27.53e3 30.78e3 32.75e3 33.29e3 34.96e3 37.08e3 38.24e3 41.21e3 43.03e3 43.79e3 47.45e3 47.02e3 47.26e3 49.12e3 49.90e3 51.28e3 53.70e3 53.98e3 55.86e3 57.02e3 57.67e3 59.31e3 60.76e3 65.45e3 62.07e3 65.58e3 66.98e3 68.25e3 68.66e3 68.96e3 70.67e3 72.02e3 72.01e3 73.68e3 75.53e3 76.11e3 79.46e3 79.28e3 81.37e3 83.33e3 81.98e3 84.22e3 82.51e3 86.94e3 88.40e3 92.27e3 91.95e3 91.10e3 89.29e3 91.59e3 92.66e3 93.62e3 95.42e3 94.73e3 96.54e3 95.65e3 97.52e3 97.64e3 98.00e3 99.18e3 103.3e3 101.4e3 102.4e3 101.9e3 102.9e3 103.8e3 102.8e3 104.5e3 106.3e3 107.1e3 109.3e3 109.3e3 110.3e3 119.2e3 118.3e3 117.6e3 116.4e3 118.0e3 119.0e3 118.8e3 122.0e3 
   900.e6  3.775e3 6.675e3 8.691e3 11.00e3 13.50e3 16.08e3 18.56e3 20.99e3 22.07e3 23.24e3 25.01e3 27.34e3 30.42e3 32.38e3 32.86e3 34.53e3 36.79e3 38.00e3 40.69e3 42.74e3 43.43e3 47.26e3 46.55e3 46.91e3 48.88e3 49.82e3 51.09e3 53.55e3 53.69e3 55.70e3 56.70e3 57.58e3 58.95e3 60.43e3 66.25e3 62.70e3 65.37e3 66.75e3 67.71e3 68.85e3 69.10e3 70.66e3 71.75e3 71.94e3 73.76e3 75.43e3 76.13e3 79.23e3 78.75e3 81.23e3 83.16e3 82.02e3 85.08e3 83.45e3 87.19e3 88.72e3 92.44e3 92.36e3 91.12e3 89.59e3 91.73e3 93.06e3 93.87e3 95.54e3 95.09e3 97.29e3 95.89e3 97.81e3 98.12e3 98.18e3 99.99e3 103.5e3 101.7e3 103.1e3 102.2e3 104.0e3 104.5e3 103.4e3 105.6e3 107.2e3 108.1e3 109.5e3 110.3e3 110.9e3 120.6e3 119.7e3 118.5e3 117.0e3 118.8e3 119.7e3 119.7e3 122.8e3 
   1.00e9  3.714e3 6.528e3 8.568e3 10.80e3 13.25e3 15.79e3 18.34e3 20.81e3 21.76e3 23.10e3 24.62e3 27.09e3 29.98e3 31.92e3 32.37e3 34.02e3 36.40e3 37.57e3 40.08e3 42.35e3 42.97e3 46.86e3 45.97e3 46.46e3 48.50e3 49.60e3 50.75e3 53.22e3 53.23e3 55.33e3 56.17e3 57.32e3 58.39e3 59.89e3 66.64e3 62.99e3 64.96e3 66.32e3 66.97e3 68.81e3 69.00e3 70.40e3 71.21e3 71.65e3 73.58e3 75.03e3 75.89e3 78.70e3 78.00e3 80.85e3 82.64e3 81.80e3 85.61e3 84.03e3 87.14e3 88.74e3 92.26e3 92.37e3 90.87e3 89.60e3 91.56e3 93.18e3 93.81e3 95.31e3 95.13e3 97.64e3 95.81e3 97.81e3 98.21e3 97.98e3 100.5e3 103.3e3 101.4e3 103.3e3 102.1e3 104.6e3 104.8e3 103.7e3 106.3e3 107.8e3 108.6e3 109.2e3 110.8e3 111.0e3 121.1e3 120.5e3 118.7e3 117.1e3 119.1e3 119.9e3 120.0e3 123.1e3 
   1.10e9  3.651e3 6.378e3 8.437e3 10.61e3 13.02e3 15.49e3 18.07e3 20.57e3 21.44e3 22.92e3 24.20e3 26.79e3 29.48e3 31.40e3 31.84e3 33.48e3 35.96e3 37.02e3 39.42e3 41.89e3 42.46e3 46.30e3 45.33e3 45.97e3 48.01e3 49.27e3 50.31e3 52.76e3 52.66e3 54.81e3 55.50e3 56.94e3 57.70e3 59.21e3 66.67e3 63.03e3 64.43e3 65.76e3 66.11e3 68.60e3 68.73e3 69.95e3 70.51e3 71.21e3 73.22e3 74.40e3 75.48e3 77.97e3 77.13e3 80.31e3 81.91e3 81.40e3 85.83e3 84.29e3 86.86e3 88.53e3 91.82e3 92.08e3 90.43e3 89.41e3 91.19e3 93.06e3 93.54e3 94.84e3 94.93e3 97.68e3 95.52e3 97.60e3 98.04e3 97.55e3 100.6e3 102.9e3 100.7e3 103.2e3 101.7e3 104.8e3 104.7e3 103.7e3 106.5e3 107.9e3 108.8e3 108.7e3 111.0e3 110.8e3 121.1e3 120.8e3 118.4e3 116.8e3 118.9e3 119.7e3 119.9e3 123.0e3 
   1.20e9  3.583e3 6.226e3 8.301e3 10.41e3 12.78e3 15.18e3 17.76e3 20.28e3 21.11e3 22.70e3 23.78e3 26.45e3 28.95e3 30.86e3 31.29e3 32.91e3 35.49e3 36.41e3 38.74e3 41.37e3 41.90e3 45.63e3 44.66e3 45.45e3 47.47e3 48.87e3 49.79e3 52.21e3 52.02e3 54.19e3 54.74e3 56.48e3 56.94e3 58.45e3 66.40e3 62.85e3 63.80e3 65.13e3 65.18e3 68.23e3 68.32e3 69.38e3 69.69e3 70.67e3 72.73e3 73.63e3 74.93e3 77.11e3 76.24e3 79.67e3 81.02e3 80.88e3 85.80e3 84.26e3 86.42e3 88.13e3 91.20e3 91.56e3 89.86e3 89.06e3 90.68e3 92.74e3 93.10e3 94.19e3 94.57e3 97.47e3 95.08e3 97.23e3 97.65e3 96.96e3 100.6e3 102.3e3 99.84e3 102.8e3 101.2e3 104.8e3 104.4e3 103.5e3 106.5e3 107.8e3 108.7e3 108.1e3 110.9e3 110.3e3 120.6e3 120.7e3 117.9e3 116.3e3 118.5e3 119.3e3 119.5e3 122.5e3 
   1.30e9  3.510e3 6.072e3 8.162e3 10.21e3 12.56e3 14.88e3 17.43e3 19.96e3 20.77e3 22.45e3 23.35e3 26.09e3 28.42e3 30.29e3 30.74e3 32.34e3 35.01e3 35.76e3 38.05e3 40.83e3 41.32e3 44.89e3 43.99e3 44.91e3 46.88e3 48.40e3 49.23e3 51.59e3 51.34e3 53.50e3 53.93e3 55.95e3 56.13e3 57.65e3 65.88e3 62.50e3 63.12e3 64.43e3 64.23e3 67.74e3 67.80e3 68.71e3 68.79e3 70.06e3 72.14e3 72.74e3 74.29e3 76.16e3 75.35e3 78.96e3 80.04e3 80.26e3 85.54e3 84.00e3 85.84e3 87.58e3 90.44e3 90.88e3 89.20e3 88.60e3 90.06e3 92.28e3 92.53e3 93.43e3 94.06e3 97.06e3 94.53e3 96.73e3 97.12e3 96.27e3 100.3e3 101.5e3 98.78e3 102.2e3 100.5e3 104.5e3 103.9e3 103.1e3 106.2e3 107.5e3 108.4e3 107.3e3 110.6e3 109.7e3 119.8e3 120.3e3 117.1e3 115.6e3 117.8e3 118.6e3 118.9e3 121.8e3 
   1.40e9  3.432e3 5.920e3 8.020e3 10.02e3 12.34e3 14.58e3 17.08e3 19.61e3 20.43e3 22.17e3 22.92e3 25.71e3 27.88e3 29.73e3 30.19e3 31.76e3 34.54e3 35.12e3 37.36e3 40.26e3 40.74e3 44.11e3 43.32e3 44.37e3 46.27e3 47.88e3 48.64e3 50.92e3 50.63e3 52.78e3 53.08e3 55.38e3 55.30e3 56.81e3 65.17e3 62.02e3 62.40e3 63.71e3 63.27e3 67.14e3 67.19e3 67.99e3 67.86e3 69.41e3 71.47e3 71.77e3 73.57e3 75.16e3 74.48e3 78.19e3 79.00e3 79.58e3 85.08e3 83.53e3 85.16e3 86.92e3 89.58e3 90.07e3 88.47e3 88.05e3 89.35e3 91.68e3 91.88e3 92.60e3 93.45e3 96.49e3 93.90e3 96.12e3 96.46e3 95.52e3 99.79e3 100.7e3 97.62e3 101.5e3 99.81e3 104.0e3 103.2e3 102.6e3 105.7e3 107.0e3 107.9e3 106.5e3 110.1e3 108.9e3 118.7e3 119.6e3 116.1e3 114.8e3 117.0e3 117.8e3 118.1e3 120.8e3 
   1.50e9  3.351e3 5.768e3 7.877e3 9.828e3 12.13e3 14.29e3 16.73e3 19.24e3 20.08e3 21.87e3 22.49e3 25.32e3 27.34e3 29.17e3 29.64e3 31.19e3 34.06e3 34.50e3 36.68e3 39.67e3 40.14e3 43.30e3 42.66e3 43.82e3 45.64e3 47.32e3 48.02e3 50.22e3 49.92e3 52.02e3 52.21e3 54.77e3 54.45e3 55.96e3 64.30e3 61.45e3 61.66e3 62.96e3 62.32e3 66.46e3 66.52e3 67.22e3 66.91e3 68.71e3 70.74e3 70.76e3 72.81e3 74.14e3 73.66e3 77.40e3 77.93e3 78.85e3 84.44e3 82.88e3 84.39e3 86.16e3 88.64e3 89.16e3 87.70e3 87.42e3 88.59e3 90.97e3 91.14e3 91.72e3 92.75e3 95.77e3 93.19e3 95.42e3 95.70e3 94.73e3 99.16e3 99.78e3 96.40e3 100.6e3 99.05e3 103.4e3 102.5e3 102.0e3 105.1e3 106.3e3 107.2e3 105.7e3 109.4e3 108.1e3 117.3e3 118.6e3 115.0e3 113.9e3 116.0e3 116.9e3 117.2e3 119.8e3 
   1.60e9  3.266e3 5.618e3 7.732e3 9.646e3 11.92e3 14.01e3 16.37e3 18.87e3 19.72e3 21.55e3 22.08e3 24.92e3 26.82e3 28.61e3 29.10e3 30.63e3 33.59e3 33.91e3 36.01e3 39.07e3 39.55e3 42.48e3 42.02e3 43.27e3 45.00e3 46.73e3 47.39e3 49.48e3 49.21e3 51.25e3 51.34e3 54.13e3 53.61e3 55.11e3 63.31e3 60.79e3 60.90e3 62.20e3 61.39e3 65.71e3 65.80e3 66.42e3 65.94e3 68.00e3 69.96e3 69.72e3 72.01e3 73.09e3 72.87e3 76.57e3 76.84e3 78.08e3 83.66e3 82.10e3 83.56e3 85.31e3 87.64e3 88.17e3 86.88e3 86.72e3 87.78e3 90.17e3 90.34e3 90.80e3 91.97e3 94.94e3 92.44e3 94.64e3 94.87e3 93.92e3 98.38e3 98.84e3 95.16e3 99.70e3 98.25e3 102.6e3 101.6e3 101.3e3 104.3e3 105.5e3 106.4e3 104.8e3 108.6e3 107.2e3 115.9e3 117.5e3 113.8e3 113.0e3 115.0e3 115.9e3 116.1e3 118.6e3 
   1.70e9  3.178e3 5.471e3 7.587e3 9.468e3 11.72e3 13.75e3 16.01e3 18.49e3 19.37e3 21.22e3 21.67e3 24.51e3 26.31e3 28.07e3 28.58e3 30.09e3 33.13e3 33.36e3 35.36e3 38.46e3 38.95e3 41.67e3 41.39e3 42.72e3 44.36e3 46.11e3 46.74e3 48.73e3 48.50e3 50.48e3 50.48e3 53.48e3 52.78e3 54.27e3 62.23e3 60.08e3 60.13e3 61.44e3 60.48e3 64.89e3 65.04e3 65.60e3 64.98e3 67.26e3 69.15e3 68.66e3 71.19e3 72.05e3 72.12e3 75.72e3 75.76e3 77.28e3 82.74e3 81.19e3 82.67e3 84.40e3 86.60e3 87.13e3 86.03e3 85.98e3 86.94e3 89.29e3 89.49e3 89.87e3 91.13e3 94.01e3 91.64e3 93.79e3 93.98e3 93.09e3 97.48e3 97.86e3 93.91e3 98.70e3 97.43e3 101.7e3 100.7e3 100.5e3 103.4e3 104.6e3 105.5e3 104.0e3 107.7e3 106.3e3 114.3e3 116.2e3 112.6e3 111.9e3 113.9e3 114.8e3 115.0e3 117.4e3 
   1.80e9  3.090e3 5.327e3 7.442e3 9.296e3 11.52e3 13.49e3 15.66e3 18.11e3 19.01e3 20.87e3 21.27e3 24.10e3 25.81e3 27.55e3 28.07e3 29.55e3 32.67e3 32.85e3 34.74e3 37.85e3 38.36e3 40.87e3 40.78e3 42.17e3 43.71e3 45.47e3 46.09e3 47.97e3 47.80e3 49.71e3 49.63e3 52.80e3 51.96e3 53.44e3 61.08e3 59.32e3 59.36e3 60.67e3 59.59e3 64.03e3 64.24e3 64.77e3 64.03e3 66.52e3 68.31e3 67.60e3 70.34e3 71.02e3 71.39e3 74.86e3 74.68e3 76.46e3 81.71e3 80.20e3 81.73e3 83.44e3 85.52e3 86.04e3 85.16e3 85.18e3 86.06e3 88.35e3 88.59e3 88.92e3 90.23e3 93.00e3 90.81e3 92.88e3 93.03e3 92.25e3 96.48e3 96.86e3 92.67e3 97.66e3 96.59e3 100.7e3 99.72e3 99.59e3 102.4e3 103.6e3 104.5e3 103.1e3 106.7e3 105.3e3 112.6e3 114.8e3 111.2e3 110.8e3 112.7e3 113.6e3 113.8e3 116.1e3 
   2.00e9  2.913e3 5.051e3 7.155e3 8.969e3 11.13e3 13.02e3 14.98e3 17.35e3 18.28e3 20.15e3 20.52e3 23.28e3 24.86e3 26.54e3 27.08e3 28.53e3 31.77e3 31.96e3 33.54e3 36.63e3 37.20e3 39.32e3 39.61e3 41.07e3 42.43e3 44.15e3 44.77e3 46.43e3 46.42e3 48.18e3 47.99e3 51.44e3 50.37e3 51.82e3 58.68e3 57.73e3 57.82e3 59.13e3 57.90e3 62.21e3 62.58e3 63.11e3 62.18e3 64.99e3 66.57e3 65.49e3 68.61e3 69.00e3 70.01e3 73.09e3 72.58e3 74.77e3 79.40e3 78.01e3 79.76e3 81.39e3 83.31e3 83.79e3 83.34e3 83.48e3 84.24e3 86.31e3 86.69e3 87.01e3 88.31e3 90.81e3 89.05e3 90.90e3 91.02e3 90.55e3 94.23e3 94.80e3 90.27e3 95.47e3 94.86e3 98.49e3 97.65e3 97.66e3 100.1e3 101.4e3 102.3e3 101.4e3 104.5e3 103.3e3 109.1e3 111.7e3 108.6e3 108.6e3 110.3e3 111.2e3 111.2e3 113.4e3 
