# SRIM-2013 Electronic stopping power table for Z1=67
# Converted from a table provided by H.Hofsaess
# units of energy:         eV
# units of stopping power: eV A^2
#      \Z2 1       2       3       4       5       6       7       8       9       10      11      12      13      14      15      16      17      18      19      20      21      22      23      24      25      26      27      28      29      30      31      32      33      34      35      36      37      38      39      40      41      42      43      44      45      46      47      48      49      50      51      52      53      54      55      56      57      58      59      60      61      62      63      64      65      66      67      68      69      70      71      72      73      74      75      76      77      78      79      80      81      82      83      84      85      86      87      88      89      90      91      92      
# energy\  H       He      Li      Be      B       C       N       O       F       Ne      Na      Mg      Al      Si      P       S       Cl      Ar      K       Ca      Sc      Ti      V       Cr      Mn      Fe      Co      Ni      Cu      Zn      Ga      Ge      As      Se      Br      Kr      Rb      Sr      Y       Zr      Nb      Mo      Tc      Ru      Rh      Pd      Ag      Cd      In      Sn      Sb      Te      I       Xe      Cs      Ba      La      Ce      Pr      Nd      Pm      Sm      Eu      Gd      Tb      Dy      Ho      Er      Tm      Yb      Lu      Hf      Ta      W       Re      Os      Ir      Pt      Au      Hg      Tl      Pb      Bi      Po      At      Rn      Fr      Ra      Ac      Th      Pa      U       
   0.00    0.0     0.0     0.0     0.0     0.0     0.0     0.0     0.0     0.0     0.0     0.0     0.0     0.0     0.0     0.0     0.0     0.0     0.0     0.0     0.0     0.0     0.0     0.0     0.0     0.0     0.0     0.0     0.0     0.0     0.0     0.0     0.0     0.0     0.0     0.0     0.0     0.0     0.0     0.0     0.0     0.0     0.0     0.0     0.0     0.0     0.0     0.0     0.0     0.0     0.0     0.0     0.0     0.0     0.0     0.0     0.0     0.0     0.0     0.0     0.0     0.0     0.0     0.0     0.0     0.0     0.0     0.0     0.0     0.0     0.0     0.0     0.0     0.0     0.0     0.0     0.0     0.0     0.0     0.0     0.0     0.0     0.0     0.0     0.0     0.0     0.0     0.0     0.0     0.0     0.0     0.0     0.0     
   10.0    1.521   1.853   2.375   4.851   5.762   7.382   4.869   4.011   4.547   4.531   8.256   10.12   9.443   9.026   9.872   7.767   2.338   5.543   7.004   7.055   10.84   9.911   10.57   8.196   7.817   8.582   7.836   8.091   7.738   7.291   7.823   10.08   11.64   10.20   3.501   5.121   12.81   12.82   13.01   10.17   15.12   14.23   12.84   9.117   7.942   12.10   11.96   11.11   9.197   15.29   13.52   10.95   14.36   4.178   16.58   17.05   17.54   14.54   13.08   13.63   13.76   12.09   11.67   17.32   13.72   11.59   9.403   9.852   12.57   9.536   11.09   9.576   12.27   11.42   10.13   6.407   7.531   10.35   9.646   7.472   8.652   13.32   12.97   16.71   16.92   16.24   18.81   18.06   12.27   11.85   15.10   12.15   
   11.0    1.595   1.944   2.491   5.088   6.044   7.743   5.107   4.207   4.769   4.752   8.659   10.61   9.904   9.466   10.35   8.146   2.453   5.814   7.345   7.399   11.37   10.40   11.09   8.596   8.199   9.001   8.218   8.486   8.115   7.647   8.205   10.57   12.21   10.69   3.672   5.370   13.44   13.45   13.64   10.67   15.86   14.93   13.47   9.561   8.330   12.69   12.54   11.66   9.645   16.04   14.18   11.49   15.06   4.382   17.39   17.88   18.39   15.25   13.72   14.29   14.43   12.68   12.24   18.16   14.39   12.15   9.862   10.33   13.19   10.00   11.63   10.04   12.87   11.98   10.63   6.719   7.898   10.85   10.12   7.836   9.074   13.97   13.60   17.53   17.75   17.04   19.73   18.95   12.87   12.43   15.83   12.74   
   12.0    1.666   2.030   2.601   5.314   6.312   8.087   5.334   4.394   4.981   4.963   9.044   11.08   10.34   9.887   10.81   8.508   2.562   6.072   7.672   7.728   11.88   10.86   11.58   8.978   8.563   9.401   8.584   8.864   8.476   7.987   8.570   11.04   12.75   11.17   3.835   5.609   14.04   14.04   14.25   11.14   16.57   15.59   14.06   9.987   8.700   13.26   13.10   12.18   10.07   16.75   14.81   12.00   15.73   4.577   18.16   18.68   19.21   15.93   14.33   14.93   15.07   13.24   12.79   18.97   15.03   12.69   10.30   10.79   13.77   10.45   12.15   10.49   13.44   12.51   11.10   7.018   8.249   11.33   10.57   8.185   9.478   14.59   14.21   18.31   18.54   17.80   20.61   19.79   13.44   12.98   16.54   13.31   
   13.0    1.734   2.113   2.708   5.531   6.570   8.417   5.552   4.573   5.184   5.166   9.414   11.54   10.77   10.29   11.26   8.855   2.666   6.320   7.985   8.044   12.36   11.30   12.06   9.345   8.913   9.785   8.934   9.226   8.822   8.313   8.920   11.49   13.27   11.62   3.991   5.838   14.61   14.62   14.83   11.60   17.24   16.23   14.64   10.39   9.055   13.80   13.63   12.67   10.49   17.44   15.41   12.49   16.38   4.764   18.90   19.44   20.00   16.58   14.91   15.54   15.69   13.78   13.31   19.74   15.64   13.21   10.72   11.23   14.34   10.87   12.64   10.92   13.99   13.02   11.56   7.305   8.586   11.80   11.00   8.519   9.865   15.19   14.79   19.06   19.29   18.52   21.45   20.60   13.99   13.51   17.21   13.85   
   14.0    1.800   2.193   2.810   5.740   6.818   8.735   5.761   4.746   5.380   5.361   9.769   11.97   11.17   10.68   11.68   9.190   2.767   6.559   8.287   8.347   12.83   11.73   12.51   9.698   9.249   10.15   9.272   9.574   9.155   8.627   9.256   11.92   13.77   12.06   4.142   6.059   15.16   15.17   15.39   12.03   17.89   16.84   15.19   10.79   9.397   14.32   14.15   13.15   10.88   18.09   15.99   12.96   16.99   4.944   19.62   20.17   20.75   17.21   15.47   16.13   16.28   14.30   13.81   20.49   16.23   13.71   11.13   11.66   14.88   11.28   13.12   11.33   14.52   13.52   11.99   7.581   8.910   12.24   11.41   8.841   10.24   15.76   15.35   19.78   20.02   19.22   22.26   21.37   14.52   14.02   17.86   14.38   
   15.0    1.863   2.270   2.908   5.941   7.057   9.041   5.964   4.912   5.568   5.549   10.11   12.39   11.56   11.05   12.09   9.512   2.864   6.789   8.578   8.640   13.28   12.14   12.95   10.04   9.574   10.51   9.597   9.910   9.477   8.930   9.581   12.34   14.26   12.49   4.287   6.271   15.69   15.70   15.93   12.46   18.52   17.43   15.73   11.17   9.727   14.82   14.64   13.61   11.26   18.73   16.55   13.42   17.59   5.117   20.31   20.88   21.48   17.81   16.02   16.69   16.85   14.81   14.30   21.21   16.80   14.19   11.52   12.07   15.40   11.68   13.58   11.73   15.03   13.99   12.41   7.847   9.223   12.67   11.81   9.151   10.60   16.31   15.89   20.47   20.73   19.90   23.04   22.12   15.03   14.52   18.49   14.88   
   16.0    1.924   2.344   3.004   6.136   7.289   9.338   6.159   5.073   5.751   5.731   10.44   12.80   11.94   11.42   12.49   9.824   2.958   7.012   8.859   8.924   13.72   12.54   13.38   10.37   9.888   10.86   9.912   10.24   9.787   9.223   9.896   12.75   14.73   12.90   4.428   6.477   16.21   16.22   16.46   12.86   19.13   18.00   16.24   11.53   10.05   15.31   15.12   14.06   11.63   19.34   17.10   13.86   18.17   5.285   20.97   21.57   22.18   18.40   16.54   17.24   17.41   15.29   14.76   21.90   17.35   14.66   11.89   12.46   15.90   12.06   14.03   12.11   15.52   14.45   12.82   8.104   9.526   13.09   12.20   9.451   10.94   16.85   16.41   21.14   21.41   20.55   23.79   22.85   15.52   14.99   19.10   15.37   
   17.0    1.983   2.416   3.096   6.325   7.513   9.625   6.349   5.230   5.928   5.907   10.76   13.19   12.31   11.77   12.87   10.13   3.049   7.228   9.131   9.198   14.14   12.92   13.79   10.69   10.19   11.19   10.22   10.55   10.09   9.507   10.20   13.14   15.18   13.29   4.564   6.676   16.71   16.72   16.96   13.26   19.72   18.56   16.74   11.89   10.36   15.78   15.59   14.49   11.99   19.94   17.62   14.28   18.73   5.448   21.62   22.23   22.87   18.96   17.05   17.77   17.94   15.76   15.22   22.58   17.88   15.11   12.26   12.85   16.39   12.43   14.46   12.49   16.00   14.89   13.21   8.353   9.819   13.49   12.58   9.742   11.28   17.37   16.91   21.79   22.06   21.18   24.53   23.55   16.00   15.45   19.68   15.84   
   18.0    2.041   2.486   3.186   6.508   7.731   9.904   6.533   5.381   6.100   6.078   11.08   13.58   12.67   12.11   13.24   10.42   3.137   7.437   9.396   9.465   14.55   13.30   14.19   11.00   10.49   11.51   10.51   10.86   10.38   9.782   10.50   13.52   15.62   13.68   4.697   6.870   17.19   17.20   17.45   13.64   20.29   19.10   17.23   12.23   10.66   16.24   16.04   14.91   12.34   20.52   18.13   14.70   19.27   5.606   22.24   22.88   23.53   19.51   17.55   18.29   18.46   16.22   15.66   23.23   18.40   15.54   12.62   13.22   16.87   12.79   14.88   12.85   16.47   15.33   13.60   8.596   10.10   13.88   12.94   10.02   11.61   17.87   17.40   22.42   22.70   21.79   25.24   24.23   16.46   15.90   20.26   16.30   
   20.0    2.151   2.621   3.358   6.860   8.149   10.44   6.886   5.672   6.430   6.407   11.68   14.31   13.35   12.76   13.96   10.98   3.307   7.839   9.904   9.977   15.33   14.02   14.95   11.59   11.06   12.14   11.08   11.44   10.94   10.31   11.06   14.25   16.46   14.42   4.951   7.242   18.12   18.13   18.40   14.38   21.39   20.13   18.16   12.89   11.23   17.11   16.91   15.72   13.01   21.63   19.11   15.49   20.31   5.909   23.45   24.11   24.80   20.57   18.50   19.27   19.46   17.10   16.51   24.49   19.40   16.39   13.30   13.93   17.78   13.49   15.68   13.54   17.36   16.15   14.33   9.060   10.65   14.63   13.64   10.57   12.24   18.84   18.34   23.64   23.93   22.97   26.60   25.55   17.35   16.76   21.35   17.18   
   22.0    2.282   2.780   3.562   7.276   8.644   11.07   7.304   6.016   6.820   6.796   12.38   15.18   14.16   13.54   14.81   11.65   3.508   8.315   10.51   10.58   16.26   14.87   15.86   12.29   11.73   12.87   11.75   12.14   11.61   10.94   11.73   15.12   17.46   15.29   5.251   7.681   19.22   19.23   19.51   15.25   22.68   21.35   19.26   13.67   11.91   18.15   17.94   16.67   13.79   22.94   20.27   16.43   21.54   6.267   24.87   25.58   26.31   21.81   19.62   20.44   20.64   18.13   17.51   25.98   20.57   17.38   14.10   14.78   18.86   14.30   16.63   14.36   18.41   17.13   15.20   9.610   11.30   15.52   14.47   11.21   12.98   19.98   19.46   25.07   25.38   24.37   28.22   27.10   18.40   17.78   22.65   18.23   
   25.0    2.405   2.930   3.755   7.670   9.111   11.67   7.699   6.342   7.189   7.163   13.05   16.00   14.93   14.27   15.61   12.28   3.697   8.765   11.07   11.15   17.14   15.67   16.72   12.96   12.36   13.57   12.39   12.79   12.23   11.53   12.37   15.93   18.41   16.12   5.535   8.096   20.26   20.27   20.57   16.08   23.91   22.51   20.30   14.41   12.56   19.13   18.91   17.57   14.54   24.18   21.37   17.32   22.71   6.606   26.22   26.96   27.73   22.99   20.68   21.55   21.76   19.11   18.45   27.38   21.69   18.32   14.87   15.58   19.88   15.08   17.53   15.14   19.41   18.06   16.02   10.13   11.91   16.36   15.25   11.81   13.68   21.06   20.51   26.43   26.76   25.69   29.74   28.56   19.40   18.74   23.87   19.21   
   27.0    2.523   3.073   3.938   8.044   9.556   12.24   8.075   6.651   7.540   7.513   13.69   16.78   15.66   14.97   16.37   12.88   3.878   9.192   11.61   11.70   17.98   16.44   17.54   13.59   12.96   14.23   12.99   13.42   12.83   12.09   12.97   16.71   19.31   16.91   5.805   8.491   21.25   21.26   21.57   16.86   25.08   23.60   21.29   15.12   13.17   20.07   19.83   18.43   15.25   25.36   22.41   18.17   23.82   6.929   27.50   28.27   29.08   24.12   21.69   22.60   22.82   20.05   19.36   28.72   22.75   19.21   15.59   16.34   20.85   15.81   18.39   15.88   20.35   18.94   16.81   10.62   12.49   17.16   16.00   12.39   14.35   22.09   21.51   27.72   28.06   26.94   31.19   29.96   20.35   19.65   25.04   20.15   
   30.0    2.635   3.210   4.113   8.402   9.981   12.79   8.434   6.947   7.875   7.847   14.30   17.53   16.36   15.63   17.10   13.45   4.050   9.601   12.13   12.22   18.78   17.17   18.32   14.20   13.54   14.87   13.57   14.01   13.40   12.63   13.55   17.45   20.16   17.66   6.063   8.869   22.19   22.21   22.53   17.61   26.19   24.65   22.24   15.79   13.76   20.96   20.71   19.25   15.93   26.49   23.41   18.97   24.88   7.237   28.72   29.53   30.38   25.19   22.65   23.61   23.84   20.94   20.22   29.99   23.76   20.07   16.29   17.06   21.78   16.52   19.21   16.59   21.26   19.78   17.55   11.10   13.04   17.92   16.71   12.94   14.99   23.07   22.47   28.95   29.31   28.14   32.58   31.29   21.25   20.53   26.15   21.04   
   32.0    2.742   3.341   4.281   8.745   10.39   13.31   8.778   7.231   8.197   8.168   14.88   18.24   17.02   16.27   17.80   14.00   4.216   9.993   12.63   12.72   19.55   17.87   19.06   14.78   14.09   15.47   14.13   14.59   13.95   13.14   14.10   18.17   20.99   18.38   6.311   9.231   23.10   23.11   23.45   18.33   27.26   25.66   23.15   16.44   14.32   21.82   21.56   20.04   16.58   27.57   24.37   19.75   25.89   7.532   29.89   30.74   31.62   26.22   23.58   24.57   24.81   21.79   21.04   31.22   24.73   20.89   16.95   17.76   22.67   17.19   19.99   17.26   22.13   20.59   18.27   11.55   13.58   18.65   17.39   13.47   15.60   24.01   23.38   30.13   30.51   29.29   33.91   32.56   22.12   21.37   27.22   21.90   
   35.0    2.846   3.467   4.443   9.075   10.78   13.81   9.110   7.504   8.506   8.476   15.45   18.93   17.67   16.89   18.47   14.53   4.375   10.37   13.10   13.20   20.29   18.54   19.78   15.33   14.62   16.06   14.66   15.14   14.48   13.64   14.64   18.85   21.78   19.07   6.549   9.580   23.97   23.99   24.34   19.03   28.29   26.63   24.02   17.06   14.86   22.64   22.37   20.79   17.21   28.61   25.29   20.49   26.87   7.817   31.02   31.90   32.81   27.21   24.47   25.50   25.75   22.62   21.84   32.40   25.66   21.68   17.59   18.43   23.52   17.84   20.75   17.91   22.96   21.37   18.96   11.99   14.09   19.36   18.05   13.98   16.19   24.92   24.27   31.27   31.66   30.39   35.19   33.79   22.95   22.17   28.24   22.73   
   37.0    2.946   3.589   4.598   9.394   11.16   14.30   9.429   7.767   8.805   8.773   15.99   19.60   18.29   17.48   19.12   15.04   4.528   10.73   13.56   13.66   21.00   19.19   20.48   15.87   15.14   16.62   15.17   15.67   14.98   14.12   15.15   19.52   22.54   19.74   6.779   9.916   24.81   24.83   25.19   19.69   29.29   27.56   24.86   17.65   15.38   23.43   23.16   21.52   17.81   29.61   26.17   21.21   27.81   8.091   32.11   33.02   33.96   28.16   25.33   26.39   26.65   23.41   22.60   33.53   26.56   22.44   18.21   19.08   24.35   18.47   21.47   18.54   23.77   22.12   19.63   12.41   14.58   20.04   18.68   14.47   16.75   25.79   25.12   32.37   32.77   31.46   36.43   34.98   23.76   22.95   29.24   23.53   
   40.0    3.042   3.707   4.749   9.702   11.52   14.76   9.739   8.022   9.093   9.061   16.51   20.24   18.89   18.05   19.74   15.53   4.677   11.09   14.01   14.11   21.69   19.82   21.15   16.39   15.63   17.16   15.67   16.18   15.48   14.58   15.65   20.16   23.28   20.39   7.001   10.24   25.63   25.64   26.02   20.34   30.25   28.47   25.68   18.23   15.88   24.20   23.91   22.23   18.39   30.58   27.03   21.91   28.72   8.357   33.16   34.10   35.08   29.09   26.16   27.26   27.52   24.18   23.34   34.63   27.43   23.17   18.81   19.70   25.15   19.07   22.18   19.15   24.55   22.85   20.27   12.81   15.06   20.69   19.29   14.94   17.30   26.64   25.94   33.43   33.84   32.49   37.62   36.13   24.54   23.70   30.19   24.30   
   45.0    3.227   3.931   5.037   10.29   12.22   15.66   10.33   8.509   9.645   9.611   17.51   21.47   20.03   19.15   20.94   16.48   4.961   11.76   14.86   14.97   23.00   21.02   22.43   17.39   16.58   18.21   16.62   17.16   16.41   15.47   16.60   21.38   24.70   21.63   7.426   10.86   27.18   27.20   27.60   21.57   32.08   30.19   27.24   19.34   16.85   25.67   25.37   23.58   19.51   32.44   28.67   23.24   30.47   8.863   35.17   36.17   37.21   30.85   27.74   28.91   29.19   25.65   24.76   36.74   29.10   24.58   19.95   20.90   26.67   20.23   23.52   20.31   26.04   24.23   21.50   13.59   15.97   21.95   20.46   15.85   18.35   28.26   27.52   35.46   35.90   34.46   39.90   38.32   26.03   25.14   32.03   25.77   
   50.0    3.401   4.144   5.310   10.85   12.89   16.51   10.89   8.969   10.17   10.13   18.46   22.63   21.11   20.18   22.07   17.37   5.229   12.40   15.66   15.78   24.25   22.16   23.65   18.33   17.48   19.19   17.52   18.09   17.30   16.30   17.49   22.53   26.03   22.80   7.828   11.45   28.65   28.67   29.09   22.74   33.82   31.83   28.71   20.39   17.76   27.06   26.74   24.85   20.56   34.19   30.22   24.49   32.12   9.343   37.07   38.13   39.22   32.52   29.24   30.48   30.77   27.03   26.10   38.72   30.67   25.91   21.03   22.03   28.12   21.32   24.80   21.41   27.44   25.54   22.66   14.33   16.84   23.13   21.57   16.71   19.35   29.79   29.00   37.37   37.84   36.32   42.06   40.39   27.43   26.50   33.76   27.17   
   55.0    3.567   4.346   5.569   11.38   13.51   17.31   11.42   9.407   10.66   10.63   19.36   23.73   22.15   21.17   23.15   18.21   5.484   13.00   16.42   16.55   25.43   23.24   24.80   19.22   18.33   20.13   18.38   18.98   18.15   17.10   18.35   23.63   27.30   23.91   8.210   12.01   30.05   30.07   30.51   23.85   35.47   33.38   30.11   21.38   18.63   28.38   28.04   26.07   21.57   35.86   31.70   25.69   33.68   9.799   38.88   39.99   41.13   34.11   30.67   31.96   32.27   28.35   27.37   40.61   32.17   27.17   22.05   23.11   29.49   22.36   26.01   22.46   28.78   26.79   23.77   15.03   17.66   24.26   22.62   17.52   20.29   31.24   30.42   39.20   39.69   38.10   44.11   42.36   28.77   27.80   35.41   28.49   
   60.0    3.726   4.540   5.817   11.88   14.11   18.08   11.93   9.825   11.14   11.10   20.22   24.79   23.13   22.11   24.18   19.02   5.728   13.58   17.16   17.28   26.56   24.28   25.90   20.08   19.15   21.02   19.19   19.82   18.95   17.86   19.16   24.69   28.52   24.97   8.575   12.54   31.39   31.40   31.87   24.91   37.04   34.87   31.45   22.33   19.45   29.64   29.29   27.22   22.53   37.46   33.11   26.83   35.18   10.23   40.61   41.76   42.96   35.62   32.04   33.39   33.71   29.61   28.59   42.42   33.60   28.38   23.03   24.13   30.80   23.36   27.16   23.46   30.06   27.98   24.82   15.69   18.45   25.34   23.63   18.30   21.19   32.63   31.77   40.94   41.45   39.79   46.08   44.25   30.05   29.03   36.98   29.76   
   65.0    3.878   4.725   6.054   12.37   14.69   18.82   12.41   10.23   11.59   11.55   21.05   25.80   24.07   23.01   25.17   19.80   5.962   14.13   17.86   17.99   27.64   25.27   26.96   20.90   19.93   21.88   19.98   20.63   19.73   18.59   19.95   25.69   29.68   25.99   8.925   13.05   32.67   32.69   33.17   25.93   38.56   36.29   32.73   23.24   20.25   30.85   30.49   28.34   23.45   38.99   34.46   27.93   36.62   10.65   42.27   43.47   44.71   37.08   33.34   34.75   35.08   30.82   29.76   44.15   34.97   29.54   23.97   25.12   32.06   24.31   28.27   24.41   31.29   29.12   25.84   16.33   19.20   26.38   24.59   19.05   22.06   33.96   33.07   42.61   43.14   41.42   47.96   46.05   31.28   30.22   38.49   30.98   
   70.0    4.025   4.903   6.283   12.83   15.25   19.53   12.88   10.61   12.03   11.99   21.84   26.77   24.98   23.88   26.12   20.55   6.187   14.67   18.53   18.67   28.69   26.22   27.98   21.69   20.68   22.71   20.73   21.41   20.47   19.29   20.70   26.66   30.80   26.98   9.262   13.55   33.90   33.92   34.42   26.91   40.01   37.66   33.97   24.12   21.01   32.02   31.64   29.41   24.33   40.46   35.76   28.98   38.00   11.05   43.87   45.11   46.40   38.48   34.60   36.06   36.41   31.99   30.88   45.82   36.29   30.65   24.88   26.07   33.27   25.23   29.34   25.34   32.47   30.22   26.81   16.95   19.92   27.37   25.52   19.77   22.89   35.24   34.32   44.22   44.77   42.98   49.77   47.79   32.46   31.36   39.94   32.15   
   80.0    4.302   5.242   6.717   13.72   16.30   20.88   13.77   11.34   12.86   12.81   23.35   28.62   26.71   25.53   27.92   21.97   6.614   15.68   19.81   19.95   30.67   28.03   29.91   23.18   22.11   24.27   22.16   22.89   21.89   20.62   22.13   28.50   32.93   28.84   9.901   14.48   36.24   36.26   36.80   28.76   42.77   40.26   36.32   25.79   22.46   34.23   33.82   31.44   26.01   43.25   38.23   30.98   40.62   11.82   46.90   48.23   49.61   41.13   36.99   38.55   38.92   34.19   33.01   48.98   38.79   32.77   26.59   27.87   35.56   26.97   31.36   27.08   34.71   32.31   28.66   18.12   21.30   29.26   27.28   21.13   24.47   37.68   36.69   47.27   47.86   45.95   53.20   51.09   34.70   33.52   42.70   34.37   
   90.0    4.563   5.560   7.124   14.55   17.29   22.15   14.61   12.03   13.64   13.59   24.77   30.36   28.33   27.08   29.62   23.30   7.015   16.63   21.01   21.16   32.53   29.73   31.72   24.59   23.45   25.75   23.51   24.27   23.21   21.87   23.47   30.23   34.93   30.59   10.50   15.36   38.44   38.46   39.03   30.51   45.37   42.70   38.52   27.35   23.83   36.30   35.87   33.34   27.59   45.88   40.55   32.86   43.09   12.53   49.74   51.15   52.62   43.63   39.24   40.89   41.28   36.27   35.02   51.95   41.15   34.76   28.21   29.56   37.72   28.61   33.27   28.73   36.82   34.27   30.40   19.22   22.59   31.04   28.94   22.42   25.96   39.96   38.91   50.14   50.77   48.73   56.43   54.19   36.81   35.56   45.29   36.45   
   100.    4.810   5.861   7.509   15.34   18.22   23.34   15.40   12.68   14.38   14.33   26.11   32.00   29.86   28.54   31.22   24.56   7.395   17.53   22.15   22.31   34.29   31.34   33.44   25.92   24.72   27.14   24.78   25.59   24.47   23.06   24.74   31.87   36.81   32.24   11.07   16.19   40.52   40.54   41.14   32.16   47.82   45.01   40.60   28.83   25.12   38.27   37.81   35.15   29.08   48.36   42.74   34.64   45.42   13.21   52.43   53.92   55.46   45.99   41.36   43.10   43.52   38.23   36.91   54.76   43.37   36.64   29.73   31.16   39.76   30.16   35.07   30.28   38.81   36.12   32.05   20.26   23.81   32.72   30.50   23.63   27.36   42.12   41.02   52.85   53.51   51.37   59.48   57.12   38.80   37.48   47.74   38.42   
   110.    5.045   6.147   7.876   16.09   19.11   24.48   16.15   13.30   15.08   15.03   27.38   33.56   31.32   29.93   32.74   25.76   7.756   18.38   23.23   23.40   35.96   32.87   35.07   27.18   25.93   28.46   25.99   26.84   25.66   24.18   25.95   33.42   38.61   33.82   11.61   16.98   42.50   42.52   43.15   33.73   50.16   47.21   42.58   30.24   26.34   40.13   39.66   36.86   30.50   50.72   44.83   36.33   47.63   13.86   54.99   56.55   58.17   48.23   43.38   45.20   45.64   40.10   38.71   57.43   45.49   38.43   31.19   32.68   41.70   31.63   36.78   31.76   40.71   37.88   33.61   21.25   24.98   34.31   31.99   24.78   28.70   44.18   43.02   55.43   56.13   53.88   62.39   59.91   40.69   39.31   50.07   40.30   
   120.    5.269   6.420   8.226   16.80   19.96   25.57   16.87   13.89   15.75   15.69   28.60   35.05   32.71   31.27   34.20   26.90   8.101   19.20   24.26   24.44   37.56   34.33   36.63   28.39   27.08   29.73   27.14   28.03   26.80   25.26   27.10   34.91   40.33   35.32   12.13   17.74   44.39   44.41   45.07   35.23   52.39   49.31   44.48   31.58   27.51   41.92   41.42   38.50   31.86   52.97   46.82   37.95   49.75   14.47   57.44   59.06   60.76   50.38   45.31   47.21   47.67   41.88   40.43   59.99   47.51   40.14   32.57   34.13   43.56   33.03   38.41   33.17   42.52   39.57   35.11   22.19   26.09   35.84   33.42   25.88   29.97   46.14   44.93   57.90   58.62   56.27   65.16   62.57   42.50   41.06   52.30   42.09   
   130.    5.485   6.682   8.562   17.49   20.78   26.62   17.56   14.46   16.39   16.34   29.77   36.48   34.05   32.54   35.59   28.00   8.431   19.99   25.25   25.44   39.09   35.74   38.13   29.55   28.18   30.94   28.25   29.17   27.90   26.29   28.21   36.34   41.97   36.76   12.62   18.46   46.20   46.23   46.91   36.67   54.53   51.32   46.29   32.87   28.64   43.63   43.11   40.07   33.16   55.13   48.73   39.50   51.78   15.06   59.78   61.48   63.24   52.43   47.16   49.14   49.62   43.59   42.08   62.44   49.45   41.78   33.90   35.52   45.34   34.38   39.98   34.53   44.25   41.18   36.54   23.10   27.15   37.30   34.78   26.94   31.20   48.03   46.77   60.26   61.01   58.57   67.82   65.13   44.24   42.73   54.43   43.81   
   140.    5.692   6.934   8.885   18.15   21.56   27.62   18.22   15.01   17.01   16.95   30.89   37.86   35.33   33.77   36.94   29.06   8.750   20.74   26.20   26.40   40.57   37.08   39.57   30.67   29.25   32.11   29.32   30.28   28.95   27.28   29.27   37.71   43.56   38.15   13.10   19.16   47.94   47.97   48.68   38.05   56.59   53.26   48.04   34.11   29.72   45.28   44.74   41.59   34.41   57.22   50.57   40.99   53.74   15.63   62.04   63.80   65.62   54.41   48.94   51.00   51.49   45.23   43.67   64.79   51.32   43.35   35.18   36.86   47.05   35.68   41.49   35.83   45.92   42.74   37.92   23.97   28.18   38.71   36.09   27.96   32.37   49.84   48.53   62.54   63.32   60.78   70.38   67.59   45.91   44.35   56.49   45.46   
   150.    5.891   7.178   9.197   18.79   22.32   28.59   18.86   15.53   17.61   17.55   31.98   39.19   36.57   34.96   38.23   30.08   9.057   21.47   27.12   27.32   41.99   38.39   40.95   31.74   30.28   33.24   30.35   31.34   29.97   28.24   30.30   39.03   45.09   39.49   13.56   19.83   49.63   49.66   50.39   39.39   58.57   55.13   49.73   35.31   30.76   46.87   46.31   43.05   35.62   59.22   52.35   42.42   55.63   16.18   64.22   66.04   67.93   56.32   50.65   52.79   53.30   46.82   45.21   67.07   53.12   44.87   36.42   38.16   48.70   36.93   42.95   37.09   47.53   44.24   39.25   24.81   29.17   40.07   37.36   28.94   33.51   51.59   50.24   64.73   65.54   62.92   72.85   69.96   47.52   45.90   58.47   47.06   
   160.    6.085   7.413   9.499   19.40   23.05   29.53   19.48   16.04   18.19   18.12   33.02   40.48   37.77   36.10   39.49   31.07   9.354   22.17   28.01   28.22   43.37   39.65   42.30   32.78   31.27   34.33   31.34   32.37   30.95   29.17   31.29   40.31   46.57   40.78   14.00   20.48   51.25   51.28   52.04   40.68   60.49   56.93   51.36   36.47   31.77   48.40   47.83   44.46   36.79   61.17   54.06   43.82   57.45   16.71   66.32   68.20   70.15   58.17   52.31   54.52   55.05   48.36   46.69   69.27   54.86   46.35   37.61   39.41   50.30   38.14   44.36   38.30   49.09   45.69   40.54   25.63   30.12   41.38   38.58   29.89   34.61   53.28   51.89   66.86   67.69   64.98   75.24   72.25   49.08   47.41   60.39   48.60   
   170.    6.272   7.641   9.791   20.00   23.76   30.44   20.08   16.54   18.75   18.68   34.04   41.72   38.93   37.21   40.70   32.02   9.642   22.86   28.88   29.09   44.71   40.87   43.60   33.79   32.23   35.39   32.31   33.36   31.90   30.06   32.26   41.55   48.00   42.04   14.43   21.11   52.83   52.86   53.64   41.93   62.35   58.69   52.94   37.59   32.75   49.89   49.30   45.83   37.92   63.05   55.73   45.16   59.22   17.23   68.36   70.30   72.31   59.96   53.92   56.20   56.74   49.85   48.12   71.40   56.55   47.77   38.77   40.62   51.84   39.32   45.72   39.48   50.60   47.10   41.79   26.42   31.05   42.66   39.77   30.81   35.67   54.92   53.48   68.91   69.77   66.98   77.56   74.48   50.59   48.87   62.25   50.10   
   180.    6.454   7.863   10.07   20.58   24.45   31.32   20.66   17.02   19.29   19.22   35.03   42.93   40.06   38.29   41.88   32.95   9.921   23.52   29.71   29.93   46.00   42.05   44.86   34.77   33.17   36.41   33.24   34.33   32.83   30.93   33.19   42.76   49.39   43.26   14.85   21.72   54.36   54.39   55.20   43.15   64.16   60.39   54.47   38.68   33.70   51.34   50.73   47.16   39.02   64.88   57.34   46.47   60.93   17.73   70.34   72.34   74.41   61.70   55.49   57.82   58.38   51.29   49.52   73.47   58.19   49.16   39.89   41.80   53.35   40.46   47.05   40.63   52.07   48.46   43.00   27.18   31.95   43.90   40.92   31.70   36.71   56.51   55.03   70.91   71.80   68.92   79.81   76.64   52.05   50.28   64.05   51.55   
   200.    6.803   8.288   10.62   21.69   25.77   33.01   21.78   17.94   20.33   20.26   36.92   45.25   42.23   40.36   44.15   34.73   10.46   24.79   31.32   31.55   48.49   44.32   47.29   36.65   34.96   38.38   35.04   36.19   34.60   32.61   34.99   45.07   52.06   45.60   15.66   22.90   57.30   57.34   58.18   45.48   67.63   63.66   57.42   40.77   35.52   54.12   53.47   49.71   41.13   68.39   60.45   48.99   64.23   18.69   74.15   76.25   78.44   65.04   58.49   60.95   61.54   54.07   52.20   77.44   61.34   51.82   42.05   44.06   56.23   42.65   49.59   42.82   54.89   51.08   45.32   28.65   33.68   46.27   43.14   33.41   38.69   59.57   58.01   74.75   75.68   72.65   84.12   80.78   54.87   53.00   67.52   54.34   
   225.    7.215   8.791   11.26   23.01   27.33   35.02   23.10   19.03   21.57   21.49   39.16   48.00   44.79   42.81   46.83   36.84   11.09   26.29   33.22   33.46   51.43   47.01   50.16   38.88   37.08   40.71   37.17   38.38   36.70   34.59   37.11   47.80   55.22   48.36   16.61   24.29   60.78   60.81   61.71   48.24   71.74   67.52   60.90   43.24   37.67   57.40   56.72   52.72   43.62   72.53   64.11   51.96   68.13   19.82   78.65   80.88   83.19   68.98   62.04   64.65   65.28   57.34   55.36   82.14   65.06   54.96   44.60   46.73   59.64   45.23   52.60   45.42   58.22   54.18   48.07   30.39   35.72   49.08   45.76   35.44   41.04   63.18   61.53   79.28   80.27   77.06   89.22   85.68   58.20   56.22   71.61   57.63   
   250.    7.606   9.267   11.87   24.25   28.81   36.91   24.35   20.05   22.73   22.65   41.28   50.59   47.21   45.13   49.36   38.83   11.69   27.72   35.02   35.27   54.21   49.56   52.87   40.98   39.09   42.91   39.18   40.46   38.69   36.46   39.12   50.39   58.21   50.98   17.50   25.60   64.07   64.10   65.05   50.85   75.62   71.17   64.20   45.58   39.71   60.51   59.79   55.57   45.98   76.46   67.58   54.77   71.81   20.89   82.90   85.25   87.69   72.71   65.39   68.15   68.81   60.45   58.36   86.59   68.58   57.93   47.01   49.26   62.87   47.68   55.44   47.88   61.37   57.11   50.67   32.03   37.65   51.73   48.23   37.36   43.26   66.60   64.86   83.57   84.61   81.22   94.05   90.32   61.35   59.26   75.49   60.75   
   275.    7.977   9.719   12.45   25.44   30.22   38.71   25.54   21.03   23.84   23.76   43.30   53.06   49.52   47.33   51.77   40.73   12.26   29.07   36.73   37.00   56.86   51.98   55.45   42.98   40.99   45.01   41.09   42.43   40.58   38.24   41.02   52.85   61.05   53.47   18.36   26.85   67.20   67.23   68.22   53.33   79.31   74.64   67.33   47.81   41.65   63.46   62.70   58.29   48.23   80.19   70.88   57.44   75.32   21.91   86.95   89.41   91.97   76.26   68.58   71.47   72.17   63.40   61.21   90.81   71.93   60.76   49.31   51.67   65.94   50.01   58.15   50.22   64.36   59.90   53.15   33.60   39.49   54.26   50.58   39.18   45.37   69.85   68.02   87.65   88.74   85.19   98.64   94.73   64.34   62.15   79.17   63.72   
   300.    8.332   10.15   13.01   26.57   31.56   40.43   26.67   21.97   24.90   24.82   45.22   55.42   51.72   49.43   54.07   42.54   12.81   30.36   38.36   38.64   59.39   54.29   57.92   44.89   42.82   47.01   42.92   44.32   42.38   39.94   42.85   55.20   63.76   55.84   19.17   28.05   70.18   70.22   71.26   55.70   82.83   77.96   70.32   49.93   43.50   66.28   65.49   60.88   50.37   83.76   74.03   60.00   78.67   22.89   90.81   93.39   96.06   79.65   71.63   74.65   75.37   66.22   63.93   94.85   75.13   63.46   51.50   53.96   68.87   52.23   60.74   52.45   67.22   62.56   55.51   35.09   41.25   56.67   52.83   40.92   47.39   72.96   71.05   91.55   92.69   88.98   103.0   98.94   67.20   64.92   82.69   66.55   
   325.    8.672   10.57   13.54   27.65   32.85   42.09   27.76   22.87   25.92   25.83   47.07   57.69   53.83   51.45   56.28   44.28   13.33   31.60   39.93   40.22   61.81   56.50   60.28   46.73   44.56   48.93   44.67   46.13   44.11   41.57   44.60   57.45   66.37   58.12   19.96   29.19   73.05   73.09   74.17   57.98   86.22   81.14   73.20   51.97   45.28   68.99   68.17   63.36   52.43   87.18   77.05   62.45   81.88   23.82   94.52   97.20   99.99   82.91   74.56   77.70   78.45   68.92   66.54   98.72   78.19   66.05   53.60   56.17   71.68   54.36   63.22   54.59   69.97   65.12   57.78   36.52   42.93   58.98   54.99   42.60   49.32   75.94   73.95   95.28   96.47   92.61   107.2   103.0   69.95   67.57   86.07   69.27   
   350.    8.999   10.96   14.05   28.70   34.09   43.67   28.81   23.73   26.90   26.80   48.84   59.86   55.86   53.40   58.40   45.95   13.83   32.79   41.43   41.74   64.15   58.64   62.56   48.49   46.25   50.77   46.36   47.87   45.78   43.14   46.28   59.62   68.87   60.32   20.71   30.29   75.81   75.85   76.97   60.16   89.47   84.21   75.96   53.93   46.99   71.59   70.74   65.75   54.41   90.47   79.96   64.80   84.97   24.72   98.09   100.9   103.8   86.04   77.37   80.63   81.41   71.52   69.05   102.4   81.14   68.55   55.63   58.29   74.39   56.42   65.60   56.65   72.61   67.58   59.96   37.90   44.55   61.21   57.07   44.20   51.19   78.80   76.74   98.88   100.1   96.11   111.3   106.9   72.59   70.12   89.32   71.88   
   375.    9.315   11.35   14.54   29.71   35.29   45.21   29.82   24.56   27.84   27.74   50.56   61.97   57.82   55.27   60.45   47.56   14.32   33.95   42.89   43.20   66.40   60.69   64.76   50.19   47.87   52.56   47.98   49.55   47.38   44.65   47.91   61.71   71.29   62.44   21.44   31.36   78.47   78.51   79.67   62.28   92.61   87.16   78.63   55.83   48.64   74.10   73.22   68.06   56.32   93.64   82.77   67.08   87.95   25.59   101.5   104.4   107.4   89.06   80.09   83.46   84.27   74.03   71.48   106.0   83.99   70.95   57.58   60.33   77.00   58.40   67.91   58.64   75.16   69.95   62.06   39.23   46.12   63.36   59.07   45.75   52.98   81.57   79.43   102.4   103.6   99.48   115.2   110.6   75.13   72.58   92.45   74.40   
   400.    9.621   11.72   15.02   30.68   36.44   46.69   30.80   25.37   28.76   28.65   52.22   64.00   59.72   57.08   62.44   49.12   14.79   35.06   44.29   44.62   68.58   62.68   66.88   51.84   49.44   54.28   49.56   51.18   48.94   46.11   49.48   63.74   73.63   64.48   22.14   32.39   81.04   81.09   82.28   64.32   95.65   90.02   81.20   57.66   50.23   76.53   75.62   70.29   58.16   96.71   85.48   69.28   90.84   26.43   104.9   107.8   110.9   91.98   82.72   86.20   87.04   76.46   73.82   109.5   86.75   73.28   59.47   62.31   79.52   60.31   70.13   60.56   77.62   72.24   64.10   40.52   47.63   65.44   61.01   47.26   54.72   84.25   82.04   105.7   107.0   102.7   119.0   114.2   77.60   74.96   95.48   76.84   
   450.    10.20   12.43   15.93   32.54   38.66   49.52   32.66   26.91   30.50   30.39   55.38   67.88   63.34   60.55   66.22   52.10   15.69   37.19   46.98   47.33   72.74   66.49   70.94   54.98   52.44   57.57   52.56   54.28   51.91   48.91   52.48   67.60   78.09   68.39   23.48   34.35   85.96   86.01   87.27   68.22   101.4   95.48   86.13   61.16   53.28   81.18   80.21   74.56   61.69   102.6   90.67   73.48   96.35   28.03   111.2   114.4   117.7   97.56   87.73   91.43   92.31   81.10   78.30   116.2   92.01   77.72   63.08   66.09   84.35   63.97   74.39   64.24   82.33   76.63   67.98   42.98   50.52   69.40   64.71   50.12   58.04   89.36   87.01   112.1   113.5   109.0   126.2   121.2   82.30   79.51   101.3   81.51   
   500.    10.76   13.10   16.79   34.30   40.75   52.20   34.43   28.36   32.15   32.04   58.38   71.55   66.77   63.82   69.81   54.92   16.54   39.20   49.52   49.89   76.67   70.08   74.77   57.96   55.28   60.69   55.41   57.22   54.71   51.56   55.32   71.26   82.32   72.09   24.75   36.21   90.61   90.66   91.99   71.91   106.9   100.6   90.79   64.46   56.16   85.57   84.55   78.59   65.03   108.1   95.57   77.46   101.6   29.54   117.2   120.6   124.0   102.8   92.48   96.37   97.31   85.48   82.53   122.5   96.99   81.93   66.49   69.67   88.91   67.43   78.41   67.71   86.79   80.77   71.66   45.30   53.25   73.16   68.21   52.83   61.18   94.19   91.72   118.2   119.7   114.9   133.0   127.7   86.76   83.81   106.8   85.92   
   550.    11.28   13.74   17.61   35.98   42.73   54.75   36.11   29.75   33.72   33.60   61.23   75.04   70.03   66.94   73.21   57.60   17.34   41.11   51.94   52.32   80.41   73.50   78.42   60.78   57.97   63.65   58.11   60.01   57.38   54.07   58.02   74.74   86.34   75.61   25.96   37.97   95.03   95.08   96.48   75.42   112.2   105.6   95.22   67.61   58.90   89.74   88.68   82.43   68.20   113.4   100.2   81.24   106.5   30.99   123.0   126.4   130.1   107.9   96.99   101.1   102.1   89.66   86.56   128.4   101.7   85.93   69.73   73.07   93.25   70.72   82.24   71.02   91.02   84.71   75.16   47.51   55.85   76.73   71.54   55.41   64.17   98.79   96.20   124.0   125.5   120.5   139.5   134.0   90.99   87.90   112.0   90.11   
   600.    11.78   14.36   18.39   37.57   44.63   57.18   37.72   31.07   35.22   35.09   63.95   78.38   73.14   69.91   76.47   60.16   18.11   42.94   54.25   54.65   83.99   76.77   81.91   63.49   60.55   66.48   60.70   62.68   59.94   56.48   60.60   78.06   90.18   78.98   27.12   39.66   99.25   99.31   100.8   78.77   117.1   110.3   99.45   70.62   61.52   93.73   92.62   86.09   71.24   118.4   104.7   84.85   111.3   32.36   128.4   132.1   135.9   112.6   101.3   105.6   106.6   93.64   90.41   134.1   106.2   89.75   72.83   76.32   97.40   73.87   85.89   74.17   95.07   88.48   78.50   49.63   58.33   80.14   74.72   57.88   67.02   103.2   100.5   129.5   131.1   125.8   145.7   139.9   95.04   91.81   116.9   94.12   
   650.    12.26   14.94   19.15   39.11   46.46   59.52   39.26   32.34   36.66   36.53   66.56   81.58   76.13   72.77   79.59   62.62   18.85   44.69   56.46   56.88   87.42   79.91   85.25   66.08   63.02   69.19   63.17   65.24   62.38   58.79   63.07   81.25   93.86   82.20   28.22   41.28   103.3   103.4   104.9   81.99   121.9   114.8   103.5   73.50   64.03   97.56   96.40   89.61   74.14   123.3   109.0   88.31   115.8   33.69   133.7   137.5   141.4   117.2   105.4   109.9   110.9   97.47   94.10   139.6   110.6   93.41   75.81   79.43   101.4   76.88   89.40   77.20   98.95   92.09   81.71   51.65   60.71   83.41   77.77   60.24   69.76   107.4   104.6   134.8   136.4   131.0   151.7   145.6   98.92   95.56   121.7   97.96   
   700.    12.73   15.51   19.87   40.59   48.21   61.76   40.74   33.56   38.04   37.91   69.08   84.66   79.00   75.51   82.60   64.98   19.56   46.38   58.60   59.03   90.72   82.92   88.47   68.57   65.40   71.81   65.56   67.70   64.74   61.00   65.45   84.32   97.40   85.30   29.29   42.84   107.2   107.3   108.8   85.09   126.5   119.1   107.4   76.27   66.45   101.2   100.0   92.99   76.94   127.9   113.1   91.65   120.2   34.96   138.7   142.7   146.7   121.7   109.4   114.0   115.1   101.1   97.65   144.9   114.8   96.94   78.67   82.43   105.2   79.78   92.78   80.12   102.7   95.57   84.79   53.60   63.01   86.56   80.70   62.51   72.39   111.4   108.5   139.8   141.6   135.9   157.4   151.1   102.7   99.16   126.3   101.7   
   800.    13.61   16.58   21.24   43.39   51.54   66.03   43.55   35.88   40.67   40.52   73.85   90.51   84.46   80.73   88.30   69.47   20.92   49.58   62.64   63.10   96.98   88.65   94.58   73.31   69.92   76.76   70.09   72.37   69.21   65.22   69.97   90.14   104.1   91.19   31.31   45.80   114.6   114.7   116.4   90.96   135.3   127.3   114.8   81.54   71.04   108.2   106.9   99.41   82.26   136.8   120.9   97.98   128.5   37.37   148.3   152.5   156.9   130.1   117.0   121.9   123.1   108.1   104.4   154.9   122.7   103.6   84.10   88.12   112.5   85.29   99.18   85.65   109.8   102.2   90.65   57.30   67.36   92.54   86.28   66.83   77.39   119.1   116.0   149.5   151.4   145.3   168.2   161.6   109.7   106.0   135.0   108.7   
   900.    14.43   17.58   22.53   46.02   54.67   70.03   46.19   38.05   43.13   42.98   78.33   96.00   89.58   85.62   93.66   73.68   22.18   52.59   66.44   66.93   102.9   94.03   100.3   77.76   74.16   81.42   74.34   76.76   73.41   69.17   74.22   95.60   110.4   96.72   33.21   48.58   121.6   121.6   123.4   96.48   143.5   135.0   121.8   86.49   75.35   114.8   113.4   105.4   87.25   145.1   128.2   103.9   136.3   39.64   157.3   161.8   166.4   138.0   124.1   129.3   130.6   114.7   110.7   164.3   130.1   109.9   89.20   93.47   119.3   90.47   105.2   90.84   116.4   108.4   96.15   60.78   71.44   98.15   91.51   70.88   82.08   126.4   123.1   158.6   160.5   154.1   178.4   171.4   116.4   112.4   143.2   115.3   
   1.00e3  15.21   18.53   23.75   48.51   57.62   73.82   48.69   40.11   45.47   45.31   82.56   101.2   94.43   90.26   98.72   77.67   23.38   55.43   70.04   70.55   108.4   99.11   105.7   81.96   78.17   85.82   78.36   80.91   77.38   72.91   78.23   100.8   116.4   102.0   35.01   51.21   128.1   128.2   130.1   101.7   151.2   142.3   128.4   91.17   79.42   121.0   119.6   111.1   91.97   152.9   135.2   109.5   143.6   41.78   165.8   170.5   175.4   145.4   130.8   136.3   137.6   120.9   116.7   173.2   137.2   115.9   94.03   98.52   125.7   95.36   110.9   95.76   122.7   114.2   101.3   64.07   75.31   103.5   96.46   74.72   86.52   133.2   129.7   167.1   169.2   162.4   188.1   180.6   122.7   118.5   151.0   121.5   
   1.10e3  15.95   19.44   24.91   50.88   60.44   77.43   51.07   42.07   47.69   47.52   86.59   106.1   99.04   94.66   103.5   81.46   24.53   58.14   73.45   73.99   113.7   104.0   110.9   85.96   81.99   90.01   82.18   84.86   81.15   76.47   82.05   105.7   122.1   106.9   36.72   53.70   134.4   134.5   136.4   106.7   158.6   149.3   134.7   95.61   83.30   126.9   125.4   116.6   96.45   160.4   141.8   114.9   150.6   43.82   173.9   178.8   183.9   152.5   137.2   142.9   144.3   126.8   122.4   181.6   143.9   121.5   98.62   103.3   131.9   100.0   116.3   100.4   128.7   119.8   106.3   67.19   78.98   108.5   101.2   78.36   90.74   139.7   136.0   175.3   177.5   170.4   197.3   189.5   128.7   124.3   158.3   127.4   
   1.20e3  16.66   20.30   26.01   53.14   63.12   80.87   53.34   43.94   49.81   49.63   90.44   110.8   103.4   98.87   108.1   85.08   25.62   60.72   76.72   77.28   118.8   108.6   115.8   89.78   85.63   94.01   85.84   88.64   84.76   79.87   85.70   110.4   127.5   111.7   38.35   56.09   140.4   140.4   142.5   111.4   165.7   155.9   140.6   99.87   87.00   132.6   131.0   121.8   100.7   167.5   148.1   120.0   157.3   45.77   181.6   186.8   192.1   159.3   143.3   149.3   150.7   132.4   127.9   189.7   150.3   126.9   103.0   107.9   137.7   104.5   121.5   104.9   134.4   125.1   111.0   70.18   82.49   113.3   105.7   81.85   94.78   145.9   142.1   183.1   185.4   178.0   206.1   197.9   134.4   129.8   165.4   133.1   
   1.30e3  17.34   21.13   27.08   55.31   65.70   84.17   55.52   45.73   51.84   51.66   94.14   115.4   107.7   102.9   112.6   88.55   26.66   63.20   79.85   80.44   123.6   113.0   120.6   93.45   89.13   97.85   89.34   92.26   88.22   83.13   89.20   114.9   132.7   116.2   39.91   58.38   146.1   146.2   148.3   116.0   172.4   162.3   146.4   103.9   90.55   138.0   136.3   126.7   104.9   174.4   154.1   124.9   163.8   47.64   189.0   194.4   200.0   165.8   149.1   155.4   156.9   137.8   133.1   197.4   156.4   132.1   107.2   112.3   143.4   108.7   126.4   109.2   139.9   130.2   115.6   73.05   85.86   118.0   110.0   85.19   98.65   151.9   147.9   190.6   192.9   185.2   214.5   206.0   139.9   135.1   172.1   138.5   
   1.40e3  18.00   21.93   28.10   57.40   68.18   87.35   57.62   47.46   53.80   53.61   97.69   119.7   111.7   106.8   116.8   91.90   27.67   65.59   82.87   83.47   128.3   117.3   125.1   96.98   92.49   101.5   92.72   95.74   91.55   86.27   92.56   119.2   137.7   120.6   41.42   60.59   151.6   151.7   153.9   120.3   178.9   168.4   151.9   107.9   93.97   143.2   141.5   131.5   108.8   180.9   159.9   129.6   169.9   49.44   196.2   201.7   207.5   172.1   154.7   161.3   162.8   143.0   138.1   204.9   162.3   137.1   111.3   116.6   148.8   112.8   131.2   113.3   145.2   135.2   119.9   75.81   89.10   122.4   114.1   88.41   102.4   157.6   153.5   197.8   200.2   192.2   222.6   213.7   145.2   140.2   178.6   143.8   
   1.50e3  18.63   22.70   29.08   59.41   70.57   90.41   59.64   49.12   55.69   55.49   101.1   123.9   115.6   110.5   120.9   95.12   28.64   67.89   85.78   86.40   132.8   121.4   129.5   100.4   95.74   105.1   95.97   99.10   94.77   89.30   95.81   123.4   142.6   124.9   42.87   62.71   156.9   157.0   159.3   124.6   185.2   174.3   157.3   111.7   97.27   148.2   146.4   136.1   112.6   187.3   165.5   134.2   175.9   51.17   203.1   208.8   214.8   178.1   160.2   166.9   168.5   148.1   143.0   212.1   168.0   141.9   115.2   120.7   154.0   116.8   135.8   117.3   150.3   139.9   124.1   78.47   92.23   126.7   118.1   91.51   106.0   163.1   158.9   204.7   207.3   199.0   230.4   221.2   150.3   145.2   184.9   148.8   
   1.60e3  19.24   23.44   30.04   61.36   72.89   93.38   61.59   50.74   57.51   57.31   104.4   128.0   119.4   114.2   124.9   98.24   29.58   70.12   88.59   89.24   137.2   125.4   133.8   103.7   98.88   108.6   99.12   102.4   97.87   92.23   98.96   127.5   147.3   129.0   44.28   64.77   162.1   162.2   164.6   128.6   191.3   180.0   162.4   115.3   100.5   153.1   151.2   140.6   116.3   193.4   171.0   138.6   181.7   52.85   209.7   215.7   221.8   184.0   165.4   172.4   174.1   152.9   147.6   219.0   173.5   146.6   118.9   124.6   159.0   120.6   140.3   121.1   155.2   144.5   128.2   81.04   95.26   130.9   122.0   94.51   109.4   168.5   164.1   211.4   214.1   205.5   237.9   228.5   155.2   149.9   191.0   153.7   
   1.70e3  19.83   24.16   30.96   63.25   75.13   96.25   63.49   52.30   59.28   59.07   107.6   131.9   123.1   117.7   128.7   101.3   30.49   72.28   91.31   91.98   141.4   129.2   137.9   106.9   101.9   111.9   102.2   105.5   100.9   95.07   102.0   131.4   151.8   132.9   45.64   66.76   167.1   167.2   169.6   132.6   197.2   185.6   167.4   118.9   103.6   157.8   155.9   144.9   119.9   199.4   176.2   142.8   187.3   54.48   216.2   222.3   228.7   189.6   170.5   177.7   179.4   157.6   152.2   225.8   178.8   151.1   122.6   128.5   163.9   124.3   144.6   124.9   160.0   148.9   132.1   83.53   98.19   134.9   125.8   97.42   112.8   173.7   169.1   217.9   220.6   211.8   245.3   235.5   160.0   154.5   196.8   158.4   
   1.80e3  20.41   24.86   31.86   65.08   77.31   99.04   65.33   53.81   61.00   60.78   110.8   135.8   126.7   121.1   132.4   104.2   31.37   74.37   93.96   94.65   145.5   133.0   141.9   110.0   104.9   115.1   105.1   108.6   103.8   97.82   105.0   135.2   156.2   136.8   46.97   68.70   171.9   172.0   174.5   136.4   202.9   191.0   172.3   122.3   106.6   162.4   160.4   149.1   123.4   205.2   181.3   147.0   192.7   56.06   222.4   228.8   235.3   195.1   175.5   182.9   184.6   162.2   156.6   232.3   184.0   155.4   126.2   132.2   168.7   127.9   148.8   128.5   164.7   153.3   136.0   85.96   101.0   138.8   129.4   100.2   116.1   178.7   174.0   224.2   227.0   217.9   252.4   242.3   164.6   159.0   202.6   163.0   
   2.00e3  21.51   26.21   33.58   68.60   81.49   104.4   68.86   56.72   64.30   64.07   116.8   143.1   133.5   127.6   139.6   109.8   33.07   78.39   99.04   99.77   153.3   140.2   149.5   115.9   110.6   121.4   110.8   114.4   109.4   103.1   110.6   142.5   164.6   144.2   49.51   72.42   181.2   181.3   184.0   143.8   213.9   201.3   181.6   128.9   112.3   171.1   169.1   157.2   130.1   216.3   191.1   154.9   203.1   59.09   234.5   241.1   248.0   205.7   185.0   192.7   194.6   171.0   165.1   244.9   194.0   163.9   133.0   139.3   177.8   134.9   156.8   135.4   173.6   161.5   143.3   90.60   106.5   146.3   136.4   105.7   122.4   188.4   183.4   236.4   239.3   229.7   266.0   255.5   173.5   167.6   213.5   171.8   
   2.25e3  22.82   27.80   35.62   72.76   86.44   110.7   73.04   60.16   68.20   67.96   123.8   151.8   141.6   135.4   148.1   116.5   35.08   83.15   105.1   105.8   162.6   148.7   158.6   122.9   117.3   128.7   117.5   121.4   116.1   109.4   117.3   151.2   174.6   152.9   52.51   76.81   192.2   192.3   195.1   152.5   226.8   213.5   192.6   136.7   119.1   181.5   179.4   166.7   137.9   229.4   202.7   164.3   215.4   62.67   248.7   255.8   263.1   218.1   196.2   204.4   206.4   181.3   175.1   259.8   205.7   173.8   141.0   147.8   188.6   143.0   166.3   143.6   184.1   171.3   152.0   96.10   113.0   155.2   144.7   112.1   129.8   199.8   194.6   250.7   253.8   243.7   282.2   271.0   184.0   177.8   226.5   182.3   
   2.50e3  24.05   29.30   37.55   76.70   91.11   116.7   76.99   63.42   71.89   71.63   130.5   160.0   149.3   142.7   156.1   122.8   36.97   87.65   110.7   111.5   171.4   156.7   167.2   129.6   123.6   135.7   123.9   127.9   122.3   115.3   123.7   159.3   184.1   161.2   55.35   80.96   202.6   202.7   205.7   160.8   239.1   225.1   203.0   144.1   125.6   191.3   189.1   175.7   145.4   241.8   213.7   173.2   227.1   66.06   262.2   269.6   277.3   229.9   206.8   215.5   217.6   191.1   184.5   273.8   216.9   183.2   148.7   155.8   198.8   150.8   175.3   151.4   194.1   180.6   160.2   101.3   119.1   163.6   152.5   118.1   136.8   210.6   205.1   264.3   267.6   256.9   297.4   285.6   194.0   187.4   238.7   192.1   
   2.75e3  25.23   30.73   39.38   80.44   95.56   122.4   80.75   66.51   75.40   75.13   136.9   167.8   156.6   149.7   163.7   128.8   38.78   91.92   116.1   117.0   179.8   164.4   175.4   135.9   129.6   142.3   129.9   134.2   128.3   120.9   129.7   167.1   193.1   169.1   58.05   84.91   212.5   212.6   215.7   168.6   250.8   236.0   212.9   151.2   131.7   200.7   198.3   184.3   152.5   253.6   224.1   181.7   238.2   69.29   275.0   282.7   290.8   241.2   216.9   226.0   228.2   200.5   193.6   287.2   227.5   192.1   155.9   163.4   208.5   158.1   183.9   158.8   203.5   189.4   168.1   106.2   124.9   171.6   160.0   123.9   143.5   220.9   215.1   277.2   280.6   269.4   311.9   299.6   203.5   196.5   250.4   201.5   
   3.00e3  26.35   32.10   41.13   84.02   99.81   127.9   84.34   69.47   78.75   78.47   143.0   175.3   163.6   156.3   171.0   134.5   40.50   96.01   121.3   122.2   187.8   171.7   183.2   142.0   135.4   148.7   135.7   140.1   134.0   126.3   135.5   174.5   201.6   176.6   60.63   88.69   221.9   222.1   225.3   176.1   261.9   246.5   222.4   157.9   137.6   209.6   207.1   192.5   159.3   264.9   234.1   189.7   248.8   72.37   287.2   295.3   303.8   251.9   226.5   236.1   238.4   209.4   202.2   299.9   237.6   200.7   162.9   170.6   217.8   165.2   192.1   165.9   212.6   197.8   175.5   111.0   130.4   179.2   167.1   129.4   149.9   230.7   224.7   289.5   293.1   281.4   325.8   312.9   212.5   205.3   261.5   210.4   
   3.25e3  27.42   33.41   42.81   87.45   103.9   133.1   87.78   72.31   81.97   81.68   148.8   182.4   170.2   162.7   178.0   140.0   42.16   99.93   126.3   127.2   195.5   178.7   190.6   147.8   140.9   154.7   141.3   145.9   139.5   131.4   141.0   181.7   209.9   183.8   63.11   92.31   231.0   231.1   234.5   183.3   272.6   256.6   231.5   164.4   143.2   218.2   215.6   200.4   165.8   275.7   243.7   197.5   258.9   75.32   298.9   307.4   316.2   262.2   235.8   245.7   248.1   217.9   210.4   312.2   247.3   208.9   169.5   177.6   226.7   171.9   199.9   172.6   221.3   205.9   182.7   115.5   135.8   186.5   173.9   134.7   156.0   240.1   233.8   301.3   305.1   292.9   339.1   325.6   221.2   213.7   272.2   219.0   
   3.50e3  28.46   34.67   44.43   90.75   107.8   138.1   91.10   75.04   85.06   84.76   154.5   189.3   176.7   168.9   184.7   145.3   43.75   103.7   131.0   132.0   202.9   185.4   197.8   153.3   146.2   160.6   146.6   151.4   144.8   136.4   146.4   188.5   217.8   190.7   65.49   95.80   239.7   239.9   243.4   190.3   282.9   266.3   240.2   170.6   148.6   226.4   223.7   207.9   172.1   286.1   252.9   204.9   268.7   78.17   310.2   319.0   328.1   272.1   244.7   255.0   257.5   226.2   218.4   324.0   256.6   216.8   175.9   184.3   235.2   178.4   207.5   179.1   229.6   213.7   189.6   119.9   140.9   193.6   180.5   139.8   161.9   249.2   242.7   312.7   316.6   303.9   351.9   337.9   229.5   221.7   282.4   227.3   
   3.75e3  29.46   35.89   45.98   93.94   111.6   143.0   94.30   77.67   88.05   87.73   159.9   196.0   182.9   174.8   191.2   150.4   45.28   107.3   135.6   136.6   210.0   191.9   204.8   158.7   151.4   166.2   151.7   156.7   149.8   141.2   151.5   195.2   225.4   197.4   67.79   99.16   248.1   248.3   251.9   196.9   292.9   275.6   248.6   176.5   153.8   234.3   231.6   215.2   178.1   296.1   261.7   212.1   278.1   80.91   321.1   330.2   339.6   281.6   253.3   263.9   266.5   234.1   226.0   335.3   265.6   224.4   182.1   190.8   243.5   184.7   214.7   185.4   237.7   221.2   196.3   124.1   145.8   200.4   186.8   144.7   167.5   257.9   251.2   323.7   327.7   314.6   364.3   349.8   237.6   229.5   292.4   235.3   
   4.00e3  30.42   37.07   47.49   97.02   115.2   147.6   97.39   80.22   90.93   90.61   165.1   202.4   188.9   180.5   197.4   155.3   46.77   110.9   140.1   141.1   216.9   198.2   211.5   163.9   156.3   171.6   156.7   161.8   154.8   145.8   156.5   201.6   232.8   203.9   70.01   102.4   256.3   256.4   260.2   203.4   302.5   284.7   256.8   182.3   158.8   242.0   239.1   222.3   183.9   305.8   270.3   219.1   287.3   83.57   331.6   341.0   350.8   290.9   261.6   272.6   275.2   241.8   233.4   346.3   274.3   231.7   188.1   197.0   251.5   190.7   221.8   191.5   245.5   228.5   202.7   128.1   150.6   206.9   192.9   149.4   173.0   266.4   259.4   334.3   338.4   324.9   376.2   361.3   245.4   237.0   301.9   243.0   
   4.50e3  32.27   39.31   50.37   102.9   122.2   156.6   103.3   85.09   96.45   96.11   175.1   214.7   200.3   191.5   209.4   164.8   49.61   117.6   148.6   149.7   230.0   210.2   224.3   173.9   165.8   182.1   166.2   171.6   164.1   154.7   166.0   213.8   247.0   216.3   74.26   108.6   271.8   272.0   276.0   215.7   320.8   301.9   272.4   193.4   168.5   256.7   253.7   235.8   195.1   324.4   286.7   232.4   304.7   88.63   351.7   361.7   372.1   308.5   277.4   289.1   291.9   256.5   247.6   367.4   291.0   245.8   199.5   209.0   266.7   202.3   235.2   203.1   260.4   242.3   215.0   135.9   159.7   219.5   204.6   158.5   183.5   282.6   275.2   354.6   359.0   344.6   399.0   383.2   260.3   251.4   320.3   257.7   
   5.00e3  34.01   41.44   53.10   108.5   128.9   165.1   108.9   89.69   101.7   101.3   184.6   226.3   211.1   201.8   220.7   173.7   52.29   124.0   156.6   157.8   242.5   221.6   236.5   183.3   174.8   191.9   175.2   180.9   173.0   163.0   174.9   225.3   260.3   228.0   78.28   114.5   286.5   286.7   290.9   227.4   338.2   318.3   287.1   203.9   177.6   270.6   267.4   248.5   205.6   341.9   302.2   244.9   321.2   93.43   370.7   381.3   392.2   325.2   292.4   304.8   307.7   270.3   261.0   387.2   306.7   259.1   210.3   220.3   281.2   213.2   248.0   214.1   274.4   255.4   226.6   143.3   168.4   231.3   215.7   167.1   193.5   297.9   290.0   373.7   378.4   363.2   420.6   403.9   274.3   265.0   337.6   271.7   
   5.50e3  35.67   43.46   55.69   113.8   135.1   173.1   114.2   94.07   106.6   106.3   193.6   237.3   221.5   211.7   231.5   182.1   54.84   130.0   164.2   165.5   254.3   232.4   248.0   192.2   183.3   201.3   183.8   189.8   181.5   171.0   183.5   236.3   273.0   239.1   82.10   120.1   300.5   300.7   305.1   238.5   354.7   333.8   301.1   213.8   186.3   283.8   280.4   260.7   215.7   358.6   317.0   256.9   336.8   97.99   388.8   399.9   411.3   341.1   306.7   319.6   322.7   283.5   273.7   406.1   321.7   271.7   220.5   231.1   294.9   223.6   260.1   224.6   287.8   267.9   237.7   150.3   176.6   242.6   226.2   175.2   202.9   312.4   304.2   392.0   396.9   381.0   441.1   423.6   287.7   278.0   354.1   284.9   
   6.00e3  37.26   45.40   58.17   118.8   141.1   180.8   119.3   98.25   111.4   111.0   202.2   247.9   231.3   221.1   241.8   190.2   57.28   135.8   171.6   172.8   265.6   242.8   259.0   200.8   191.5   210.2   191.9   198.2   189.5   178.6   191.6   246.9   285.2   249.7   85.75   125.4   313.9   314.0   318.7   249.1   370.4   348.7   314.5   223.3   194.5   296.4   292.9   272.2   225.3   374.6   331.1   268.3   351.8   102.3   406.1   417.6   429.6   356.2   320.4   333.9   337.1   296.1   285.9   424.2   336.0   283.8   230.3   241.3   308.0   233.6   271.6   234.6   300.6   279.8   248.2   156.9   184.5   253.4   236.3   183.0   211.9   326.3   317.7   409.4   414.5   397.9   460.8   442.5   300.5   290.3   369.8   297.6   
   6.50e3  38.78   47.25   60.54   123.7   146.9   188.2   124.1   102.3   115.9   115.5   210.5   258.0   240.7   230.1   251.7   198.0   59.62   141.3   178.6   179.9   276.4   252.7   269.6   209.0   199.3   218.8   199.8   206.3   197.3   185.9   199.5   256.9   296.8   259.9   89.25   130.5   326.7   326.9   331.7   259.3   385.6   362.9   327.3   232.4   202.5   308.5   304.9   283.4   234.5   389.9   344.6   279.3   366.2   106.5   422.7   434.7   447.1   370.8   333.4   347.5   350.8   308.2   297.6   441.5   349.7   295.4   239.7   251.2   320.6   243.1   282.7   244.1   312.9   291.2   258.4   163.3   192.0   263.8   245.9   190.5   220.6   339.6   330.7   426.1   431.4   414.2   479.6   460.5   312.8   302.2   384.9   309.8   
   7.00e3  40.25   49.03   62.83   128.3   152.5   195.3   128.8   106.1   120.3   119.9   218.4   267.7   249.8   238.8   261.2   205.5   61.87   146.7   185.3   186.7   286.9   262.2   279.8   216.9   206.8   227.1   207.3   214.1   204.7   192.9   207.0   266.6   308.0   269.8   92.62   135.5   339.0   339.2   344.2   269.1   400.1   376.6   339.7   241.2   210.1   320.2   316.4   294.1   243.3   404.6   357.6   289.8   380.0   110.5   438.7   451.1   464.0   384.8   346.0   360.6   364.1   319.9   308.8   458.2   362.9   306.5   248.8   260.7   332.7   252.3   293.4   253.4   324.7   302.2   268.1   169.5   199.2   273.7   255.2   197.7   228.9   352.4   343.2   442.2   447.7   429.8   497.7   477.9   324.6   313.6   399.4   321.5   
   8.00e3  43.02   52.42   67.17   137.2   163.0   208.8   137.7   113.4   128.6   128.1   233.5   286.2   267.1   255.3   279.2   219.7   66.14   156.8   198.1   199.5   306.7   280.3   299.1   231.8   221.1   242.7   221.6   228.9   218.9   206.2   221.3   285.0   329.3   288.4   99.01   144.8   362.4   362.6   368.0   287.6   427.7   402.6   363.2   257.9   224.6   342.3   338.2   314.4   260.1   432.5   382.3   309.8   406.2   118.2   469.0   482.3   496.1   411.3   369.9   385.5   389.2   341.9   330.1   489.8   387.9   327.7   265.9   278.7   355.6   269.7   313.6   270.8   347.1   323.1   286.6   181.2   213.0   292.6   272.8   211.3   244.7   376.8   366.9   472.7   478.6   459.5   532.0   510.9   347.0   335.2   427.0   343.7   
   9.00e3  45.63   55.60   71.24   145.5   172.9   221.5   146.1   120.3   136.4   135.9   247.7   303.6   283.3   270.8   296.2   233.0   70.15   166.3   210.1   211.6   325.3   297.3   317.2   245.9   234.5   257.5   235.1   242.7   232.1   218.7   234.7   302.3   349.3   305.9   105.0   153.6   384.4   384.6   390.3   305.1   453.7   427.0   385.2   273.5   238.3   363.0   358.7   333.4   275.9   458.8   405.5   328.6   430.9   125.3   497.4   511.5   526.2   436.3   392.4   408.9   412.8   362.7   350.2   519.5   411.5   347.6   282.1   295.6   377.2   286.1   332.7   287.3   368.2   342.7   304.0   192.2   225.9   310.4   289.4   224.2   259.6   399.6   389.1   501.4   507.7   487.3   564.3   541.9   368.1   355.6   452.9   364.5   
   10.0e3  48.10   58.61   75.09   153.4   182.2   233.4   154.0   126.8   143.8   143.3   261.1   320.0   298.6   285.4   312.2   245.6   73.95   175.3   221.5   223.1   342.9   313.4   334.4   259.2   247.2   271.4   247.8   255.9   244.7   230.6   247.4   318.7   368.1   322.4   110.7   161.9   405.2   405.4   411.4   321.6   478.2   450.1   406.0   288.3   251.2   382.7   378.1   351.5   290.8   483.6   427.4   346.4   454.2   132.1   524.3   539.2   554.6   459.9   413.6   431.0   435.2   382.3   369.1   547.6   433.7   366.4   297.3   311.6   397.6   301.6   350.7   302.8   388.1   361.2   320.5   202.6   238.1   327.2   305.0   236.3   273.6   421.2   410.2   528.5   535.1   513.7   594.8   571.2   388.0   374.8   477.4   384.2   
   11.0e3  50.45   61.47   78.76   160.9   191.1   244.8   161.5   133.0   150.8   150.3   273.8   335.6   313.2   299.3   327.4   257.6   77.56   183.8   232.3   234.0   359.6   328.7   350.7   271.8   259.3   284.6   259.9   268.4   256.6   241.8   259.5   334.2   386.1   338.2   116.1   169.8   425.0   425.2   431.5   337.3   501.6   472.1   425.8   302.4   263.4   401.3   396.6   368.6   305.0   507.2   448.3   363.3   476.4   138.6   549.9   565.5   581.7   482.3   433.8   452.0   456.4   401.0   387.1   574.3   454.9   384.3   311.9   326.8   417.0   316.3   367.8   317.6   407.1   378.8   336.1   212.5   249.8   343.1   319.9   247.8   287.0   441.8   430.2   554.3   561.3   538.8   623.9   599.1   406.9   393.1   500.7   403.0   
   12.0e3  52.69   64.20   82.26   168.0   199.6   255.7   168.7   138.9   157.5   156.9   286.0   350.5   327.1   312.7   342.0   269.0   81.01   192.0   242.6   244.4   375.6   343.3   366.3   283.9   270.8   297.3   271.4   280.3   268.0   252.6   271.0   349.1   403.3   353.2   121.3   177.4   443.9   444.1   450.7   352.3   523.9   493.1   444.8   315.8   275.1   419.2   414.2   385.0   318.6   529.7   468.2   379.5   497.5   144.7   574.4   590.6   607.6   503.8   453.1   472.1   476.7   418.8   404.3   599.9   475.1   401.4   325.7   341.3   435.6   330.3   384.1   331.7   425.2   395.7   351.1   221.9   260.9   358.4   334.2   258.8   299.7   461.4   449.3   579.0   586.2   562.7   651.6   625.7   425.0   410.6   523.0   420.9   
   13.0e3  54.85   66.82   85.62   174.9   207.8   266.2   175.6   144.6   163.9   163.4   297.7   364.8   340.5   325.4   355.9   280.0   84.31   199.9   252.5   254.4   390.9   357.4   381.3   295.5   281.8   309.4   282.5   291.7   279.0   262.9   282.1   363.4   419.7   367.6   126.2   184.6   462.0   462.3   469.1   366.7   545.3   513.2   462.9   328.7   286.4   436.3   431.1   400.7   331.6   551.3   487.3   395.0   517.9   150.6   597.8   614.8   632.4   524.3   471.6   491.4   496.2   435.9   420.8   624.4   494.5   417.8   339.0   355.2   453.4   343.8   399.8   345.3   442.5   411.8   365.4   231.0   271.5   373.0   347.8   269.4   312.0   480.3   467.7   602.6   610.2   585.7   678.2   651.3   442.4   427.3   544.3   438.1   
   14.0e3  56.92   69.34   88.85   181.5   215.6   276.2   182.2   150.1   170.1   169.5   308.9   378.6   353.3   337.7   369.4   290.6   87.50   207.4   262.0   264.0   405.7   370.8   395.7   306.7   292.5   321.1   293.2   302.8   289.5   272.8   292.7   377.1   435.6   381.5   131.0   191.6   479.4   479.7   486.8   380.5   565.9   532.6   480.4   341.1   297.2   452.8   447.4   415.9   344.1   572.2   505.7   409.9   537.4   156.3   620.4   638.0   656.2   544.1   489.4   510.0   514.9   452.3   436.7   647.9   513.2   433.5   351.8   368.6   470.5   356.8   414.9   358.3   459.2   427.4   379.2   239.7   281.8   387.1   360.9   279.6   323.7   498.4   485.3   625.4   633.2   607.8   703.8   675.9   459.1   443.5   564.9   454.6   
   15.0e3  58.91   71.78   91.97   187.9   223.2   285.9   188.6   155.3   176.1   175.5   319.8   391.9   365.7   349.6   382.3   300.8   90.57   214.7   271.2   273.2   419.9   383.9   409.5   317.4   302.8   332.4   303.5   313.4   299.7   282.4   303.0   390.3   450.9   394.9   135.6   198.3   496.3   496.6   503.9   393.9   585.7   551.3   497.3   353.1   307.6   468.7   463.1   430.5   356.2   592.2   523.5   424.2   556.3   161.8   642.2   660.4   679.3   563.2   506.5   527.9   533.0   468.2   452.1   670.7   531.2   448.7   364.2   381.6   487.0   369.3   429.5   370.9   475.3   442.4   392.5   248.1   291.7   400.7   373.6   289.4   335.1   515.9   502.4   647.3   655.4   629.2   728.5   699.6   475.2   459.0   584.7   470.6   
   16.0e3  60.85   74.13   94.99   194.0   230.5   295.3   194.8   160.4   181.9   181.2   330.2   404.8   377.7   361.0   394.9   310.7   93.54   221.7   280.1   282.2   433.7   396.5   423.0   327.8   312.7   343.3   313.4   323.7   309.5   291.7   312.9   403.1   465.7   407.8   140.0   204.8   512.5   512.8   520.4   406.8   604.9   569.3   513.6   364.7   317.7   484.0   478.3   444.6   367.9   611.7   540.6   438.2   574.5   167.1   663.2   682.0   701.5   581.7   523.1   545.2   550.5   483.6   466.9   692.7   548.6   463.5   376.1   394.1   503.0   381.4   443.6   383.0   490.9   456.9   405.4   256.3   301.2   413.8   385.8   298.9   346.1   532.8   518.9   668.6   676.9   649.8   752.4   722.5   490.8   474.1   603.9   486.0   
   17.0e3  62.72   76.41   97.91   200.0   237.6   304.4   200.8   165.4   187.5   186.8   340.4   417.2   389.3   372.1   407.0   320.2   96.42   228.6   288.8   290.9   447.1   408.7   436.0   337.9   322.3   353.9   323.1   333.6   319.0   300.6   322.6   415.5   480.0   420.4   144.3   211.1   528.3   528.6   536.4   419.3   623.5   586.9   529.4   375.9   327.5   498.9   493.0   458.3   379.2   630.5   557.3   451.6   592.2   172.3   683.6   703.0   723.1   599.6   539.2   562.0   567.4   498.5   481.2   714.0   565.5   477.7   387.7   406.2   518.4   393.2   457.2   394.8   506.0   471.0   417.9   264.2   310.5   426.6   397.7   308.1   356.7   549.2   534.8   689.1   697.7   669.8   775.6   744.8   505.9   488.7   622.5   501.0   
   18.0e3  64.54   78.63   100.7   205.8   244.5   313.2   206.6   170.2   192.9   192.2   350.3   429.3   400.6   382.9   418.8   329.5   99.21   235.2   297.1   299.3   460.0   420.5   448.6   347.7   331.7   364.1   332.4   343.3   328.3   309.3   331.9   427.6   493.9   432.6   148.5   217.2   543.6   543.9   552.0   431.5   641.6   603.9   544.7   386.8   337.0   513.4   507.3   471.6   390.2   648.8   573.4   464.7   609.4   177.3   703.4   723.4   744.1   617.0   554.9   578.2   583.8   512.9   495.2   734.7   581.9   491.6   398.9   418.0   533.5   404.6   470.5   406.3   520.7   484.6   430.0   271.8   319.5   439.0   409.2   317.0   367.1   565.1   550.3   709.1   718.0   689.2   798.1   766.4   520.5   502.8   640.5   515.5   
   20.0e3  68.03   82.88   106.2   216.9   257.7   330.1   217.8   179.4   203.3   202.6   369.2   452.5   422.3   403.6   441.5   347.3   104.6   247.9   313.2   315.5   484.9   443.2   472.9   366.5   349.6   383.8   350.4   361.9   346.0   326.1   349.9   450.7   520.6   456.0   156.6   229.0   573.0   573.4   581.8   454.8   676.3   636.6   574.2   407.7   355.2   541.2   534.7   497.1   411.3   683.9   604.5   489.9   642.3   186.9   741.5   762.5   784.4   650.4   584.9   609.5   615.4   540.7   522.0   774.4   613.4   518.2   420.5   440.6   562.3   426.5   495.9   428.2   548.9   510.8   453.2   286.5   336.8   462.7   431.4   334.1   386.9   595.7   580.1   747.5   756.8   726.5   841.2   807.8   548.7   530.0   675.2   543.4   
   22.5e3  72.16   87.91   112.6   230.1   273.3   350.2   231.0   190.3   215.7   214.9   391.6   480.0   447.9   428.1   468.3   368.4   110.9   262.9   332.2   334.6   514.3   470.1   501.6   388.8   370.8   407.1   371.7   383.8   367.0   345.9   371.1   478.0   552.2   483.6   166.1   242.9   607.8   608.1   617.1   482.4   717.4   675.2   609.0   432.4   376.7   574.0   567.2   527.2   436.2   725.3   641.1   519.6   681.3   198.2   786.5   808.8   831.9   689.8   620.4   646.5   652.8   573.4   553.6   821.4   650.6   549.6   446.0   467.3   596.4   452.3   526.0   454.2   582.2   541.8   480.7   303.9   357.2   490.8   457.6   354.4   410.4   631.8   615.3   792.8   802.7   770.6   892.2   856.8   582.0   562.2   716.1   576.3   
   25.0e3  76.06   92.67   118.7   242.5   288.1   369.1   243.5   200.6   227.3   226.5   412.8   505.9   472.1   451.3   493.6   388.3   116.9   277.2   350.2   352.7   542.1   495.6   528.7   409.8   390.9   429.1   391.8   404.6   386.9   364.6   391.2   503.9   582.1   509.8   175.0   256.0   640.7   641.0   650.5   508.5   756.2   711.7   642.0   455.8   397.1   605.1   597.9   555.7   459.8   764.6   675.8   547.7   718.1   208.9   829.0   852.5   876.9   727.1   653.9   681.5   688.1   604.5   583.6   865.9   685.8   579.3   470.1   492.6   628.7   476.8   554.4   478.8   613.7   571.1   506.7   320.3   376.5   517.3   482.3   373.6   432.6   666.0   648.6   835.7   846.1   812.2   940.5   903.2   613.5   592.6   754.9   607.5   
   27.5e3  79.77   97.19   124.5   254.4   302.2   387.1   255.4   210.3   238.4   237.6   433.0   530.6   495.2   473.3   517.7   407.3   122.6   290.7   367.3   370.0   568.6   519.8   554.5   429.8   409.9   450.1   410.9   424.3   405.8   382.4   410.2   528.5   610.5   534.7   183.6   268.5   672.0   672.3   682.2   533.3   793.1   746.4   673.3   478.1   416.5   634.6   627.0   582.9   482.3   801.9   708.8   574.4   753.2   219.1   869.5   894.1   919.7   762.6   685.8   714.7   721.7   634.0   612.1   908.1   719.3   607.6   493.1   516.7   659.4   500.1   581.5   502.2   643.6   599.0   531.5   336.0   394.9   542.6   505.8   391.8   453.7   698.5   680.2   876.5   887.4   851.9   986.4   947.3   643.4   621.5   791.7   637.2   
   30.0e3  83.32   101.5   130.1   265.7   315.6   404.3   266.7   219.7   249.0   248.2   452.2   554.2   517.2   494.3   540.7   425.4   128.1   303.6   383.6   386.4   593.9   542.9   579.2   448.9   428.2   470.1   429.2   443.2   423.8   399.4   428.5   552.0   637.6   558.4   191.7   280.5   701.8   702.2   712.6   557.0   828.3   779.6   703.2   499.3   435.0   662.8   654.9   608.8   503.7   837.6   740.3   600.0   786.7   228.9   908.1   933.9   960.6   796.5   716.3   746.5   753.7   662.2   639.3   948.5   751.3   634.6   515.0   539.6   688.7   522.3   607.4   524.5   672.2   625.6   555.1   350.9   412.5   566.7   528.3   409.2   473.9   729.6   710.5   915.5   926.9   889.8   1.030e3 989.4   672.0   649.2   826.9   665.5   
   32.5e3  86.72   105.7   135.4   276.5   328.5   420.9   277.6   228.7   259.2   258.3   470.7   576.9   538.3   514.5   562.8   442.8   133.3   316.0   399.3   402.2   618.1   565.0   602.8   467.3   445.6   489.3   446.7   461.3   441.1   415.7   446.0   574.5   663.7   581.2   199.6   291.9   730.5   730.9   741.7   579.8   862.2   811.4   732.0   519.7   452.8   689.9   681.7   633.6   524.3   871.8   770.5   624.5   818.8   238.2   945.2   972.0   999.9   829.1   745.6   777.0   784.5   689.2   665.4   987.2   781.9   660.5   536.0   561.7   716.8   543.6   632.2   545.9   699.7   651.2   577.8   365.2   429.3   589.8   549.9   426.0   493.2   759.4   739.5   952.8   964.8   926.1   1.072e3 1.030e3 699.5   675.7   860.7   692.7   
   35.0e3  89.99   109.6   140.5   287.0   340.9   436.7   288.1   237.3   269.0   268.0   488.4   598.6   558.6   534.0   584.0   459.5   138.3   327.9   414.3   417.4   641.5   586.4   625.6   484.9   462.5   507.7   463.6   478.7   457.8   431.4   462.8   596.2   688.7   603.2   207.1   302.9   758.1   758.5   769.7   601.6   894.7   842.1   759.6   539.3   469.9   715.9   707.4   657.5   544.1   904.7   799.6   648.0   849.7   247.2   980.9   1.009e3 1.038e3 860.4   773.7   806.3   814.1   715.2   690.5   1.024e3 811.4   685.5   556.3   582.9   743.9   564.2   656.0   566.5   726.1   675.8   599.6   379.0   445.5   612.1   570.7   442.0   511.9   788.0   767.4   988.8   1.001e3 961.1   1.113e3 1.069e3 725.9   701.2   893.2   718.8   
   37.5e3  93.15   113.5   145.4   297.1   352.9   452.1   298.2   245.6   278.4   277.4   505.6   619.7   578.2   552.7   604.5   475.6   143.2   339.5   428.9   432.0   664.0   606.9   647.6   501.9   478.7   525.6   479.8   495.5   473.8   446.5   479.1   617.1   712.9   624.4   214.4   313.6   784.7   785.1   796.7   622.8   926.1   871.6   786.3   558.3   486.4   741.0   732.2   680.6   563.2   936.4   827.7   670.8   879.5   255.9   1.015e3 1.044e3 1.074e3 890.6   800.9   834.6   842.7   740.3   714.8   1.060e3 839.9   709.5   575.8   603.3   770.0   584.0   679.1   586.4   751.6   699.5   620.6   392.3   461.2   633.6   590.7   457.5   529.8   815.7   794.3   1.024e3 1.036e3 994.8   1.152e3 1.106e3 751.3   725.8   924.5   744.0   
   40.0e3  96.21   117.2   150.2   306.8   364.4   466.9   308.0   253.7   287.6   286.5   522.2   640.0   597.2   570.8   624.4   491.2   147.9   350.6   442.9   446.2   685.8   626.8   668.8   518.4   494.4   542.8   495.6   511.8   489.4   461.1   494.8   637.4   736.3   644.8   221.4   323.9   810.4   810.9   822.8   643.2   956.5   900.2   812.0   576.6   502.3   765.3   756.2   702.9   581.6   967.1   854.8   692.8   908.4   264.3   1.049e3 1.078e3 1.109e3 919.8   827.2   862.0   870.4   764.6   738.2   1.095e3 867.5   732.8   594.7   623.1   795.2   603.1   701.3   605.6   776.2   722.4   641.0   405.2   476.3   654.4   610.1   472.6   547.2   842.5   820.4   1.057e3 1.070e3 1.027e3 1.190e3 1.142e3 776.0   749.6   954.8   768.4   
   45.0e3  102.0   124.3   159.3   325.4   386.6   495.2   326.7   269.1   305.0   303.9   553.8   678.8   633.4   605.5   662.2   521.0   156.9   371.9   469.8   473.3   727.4   664.9   709.4   549.8   524.4   575.7   525.6   542.8   519.1   489.1   524.8   676.0   780.9   683.9   234.8   343.5   859.6   860.1   872.7   682.2   1.014e3 954.8   861.3   611.6   532.8   811.8   802.1   745.6   616.9   1.026e3 906.7   734.8   963.5   280.3   1.112e3 1.144e3 1.177e3 975.6   877.3   914.3   923.1   811.0   783.0   1.162e3 920.1   777.2   630.8   660.9   843.5   639.7   743.9   642.4   823.3   766.3   679.8   429.8   505.2   694.0   647.1   501.2   580.4   893.6   870.1   1.121e3 1.135e3 1.090e3 1.262e3 1.212e3 823.0   795.1   1.013e3 815.1   
   50.0e3  107.6   131.0   167.9   343.0   407.5   522.0   344.3   283.6   321.5   320.4   583.8   715.5   667.7   638.2   698.1   549.2   165.4   392.0   495.2   498.9   766.7   700.8   747.7   579.6   552.8   606.9   554.1   572.2   547.1   515.6   553.2   712.6   823.2   720.9   247.5   362.1   906.1   906.6   919.9   719.1   1.069e3 1.006e3 907.9   644.6   561.6   855.7   845.5   785.9   650.3   1.081e3 955.7   774.6   1.016e3 295.4   1.172e3 1.206e3 1.240e3 1.028e3 924.8   963.7   973.1   854.8   825.3   1.225e3 969.9   819.3   664.9   696.7   889.1   674.3   784.1   677.1   867.9   807.7   716.6   453.0   532.5   731.6   682.1   528.3   611.8   941.9   917.2   1.182e3 1.197e3 1.149e3 1.330e3 1.277e3 867.6   838.1   1.068e3 859.2   
   55.0e3  112.8   137.4   176.1   359.8   427.3   547.5   361.1   297.5   337.2   336.0   612.3   750.4   700.3   669.4   732.1   576.0   173.4   411.1   519.4   523.2   804.1   735.0   784.2   607.8   579.7   636.5   581.1   600.1   573.8   540.7   580.2   747.4   863.4   756.1   259.6   379.7   950.3   950.8   964.8   754.2   1.122e3 1.056e3 952.2   676.1   589.0   897.4   886.8   824.3   682.0   1.134e3 1.002e3 812.4   1.065e3 309.9   1.230e3 1.264e3 1.301e3 1.079e3 969.9   1.011e3 1.021e3 896.6   865.6   1.284e3 1.017e3 859.3   697.3   730.7   932.5   707.2   822.4   710.2   910.2   847.1   751.6   475.1   558.5   767.3   715.4   554.1   641.7   987.9   962.0   1.240e3 1.255e3 1.205e3 1.395e3 1.340e3 909.9   879.0   1.120e3 901.1   
   60.0e3  117.8   143.6   183.9   375.7   446.3   571.8   377.2   310.7   352.2   350.9   639.5   783.8   731.4   699.1   764.7   601.6   181.1   429.4   542.5   546.5   839.9   767.7   819.1   634.9   605.5   664.8   607.0   626.8   599.4   564.8   606.0   780.6   901.8   789.8   271.2   396.6   992.5   993.1   1.008e3 787.7   1.171e3 1.103e3 994.5   706.2   615.2   937.3   926.2   860.9   712.4   1.184e3 1.047e3 848.5   1.113e3 323.6   1.284e3 1.321e3 1.359e3 1.126e3 1.013e3 1.056e3 1.066e3 936.4   904.1   1.341e3 1.062e3 897.5   728.3   763.2   974.0   738.7   858.9   741.7   950.7   884.8   785.0   496.3   583.3   801.4   747.2   578.8   670.2   1.032e3 1.005e3 1.295e3 1.311e3 1.258e3 1.457e3 1.399e3 950.4   918.1   1.169e3 941.2   
   65.0e3  122.6   149.4   191.5   391.1   464.6   595.2   392.6   323.4   366.6   365.3   665.6   815.8   761.3   727.7   795.9   626.2   188.5   446.9   564.6   568.8   874.2   799.1   852.5   660.8   630.2   691.9   631.7   652.4   623.8   587.9   630.7   812.5   938.6   822.0   282.2   412.8   1.033e3 1.034e3 1.049e3 819.9   1.219e3 1.148e3 1.035e3 735.0   640.3   975.6   964.0   896.1   741.4   1.233e3 1.090e3 883.1   1.158e3 336.9   1.337e3 1.375e3 1.414e3 1.172e3 1.054e3 1.099e3 1.109e3 974.7   941.0   1.396e3 1.106e3 934.1   758.1   794.3   1.014e3 768.8   894.0   772.0   989.5   920.9   817.1   516.5   607.1   834.1   777.7   602.4   697.6   1.074e3 1.046e3 1.348e3 1.364e3 1.310e3 1.517e3 1.456e3 989.2   955.6   1.217e3 979.6   
   70.0e3  127.3   155.1   198.7   405.9   482.1   617.6   407.4   335.6   380.4   379.1   690.8   846.6   790.0   755.1   826.0   649.8   195.7   463.8   586.0   590.3   907.2   829.2   884.7   685.7   654.0   718.1   655.6   677.0   647.4   610.0   654.5   843.2   974.0   853.0   292.9   428.4   1.072e3 1.073e3 1.088e3 850.9   1.265e3 1.191e3 1.074e3 762.7   664.5   1.012e3 1.000e3 929.9   769.4   1.279e3 1.131e3 916.5   1.202e3 349.6   1.387e3 1.427e3 1.467e3 1.217e3 1.094e3 1.140e3 1.151e3 1.011e3 976.5   1.449e3 1.148e3 969.4   786.7   824.3   1.052e3 797.8   927.8   801.2   1.027e3 955.7   847.9   536.0   630.1   865.6   807.0   625.1   723.9   1.114e3 1.085e3 1.398e3 1.416e3 1.359e3 1.574e3 1.511e3 1.027e3 991.6   1.263e3 1.017e3 
   80.0e3  136.1   165.8   212.4   433.9   515.4   660.3   435.5   358.8   406.7   405.2   738.5   905.1   844.6   807.3   883.0   694.7   209.2   495.8   626.4   631.0   969.8   886.5   945.8   733.1   699.2   767.6   700.9   723.7   692.1   652.2   699.7   901.4   1.041e3 911.9   313.1   458.0   1.146e3 1.147e3 1.164e3 909.6   1.353e3 1.273e3 1.148e3 815.4   710.4   1.082e3 1.069e3 994.1   822.6   1.368e3 1.209e3 979.8   1.285e3 373.7   1.483e3 1.525e3 1.569e3 1.301e3 1.170e3 1.219e3 1.231e3 1.081e3 1.044e3 1.549e3 1.227e3 1.036e3 841.0   881.2   1.125e3 852.9   991.8   856.5   1.098e3 1.022e3 906.5   573.0   673.6   925.4   862.8   668.3   773.9   1.191e3 1.160e3 1.495e3 1.514e3 1.453e3 1.682e3 1.616e3 1.097e3 1.060e3 1.350e3 1.087e3 
   90.0e3  144.3   175.8   225.3   460.2   546.7   700.3   462.0   380.5   431.4   429.8   783.3   960.0   895.8   856.2   936.6   736.8   221.9   525.9   664.4   669.3   1.029e3 940.3   1.003e3 777.6   741.6   814.2   743.4   767.6   734.1   691.7   742.2   956.0   1.104e3 967.2   332.1   485.8   1.216e3 1.216e3 1.234e3 964.8   1.435e3 1.350e3 1.218e3 864.9   753.5   1.148e3 1.134e3 1.054e3 872.5   1.451e3 1.282e3 1.039e3 1.363e3 396.4   1.573e3 1.618e3 1.664e3 1.380e3 1.241e3 1.293e3 1.306e3 1.147e3 1.107e3 1.643e3 1.301e3 1.099e3 892.0   934.7   1.193e3 904.7   1.052e3 908.4   1.164e3 1.084e3 961.5   607.8   714.4   981.5   915.1   708.8   820.8   1.264e3 1.231e3 1.586e3 1.605e3 1.541e3 1.784e3 1.714e3 1.164e3 1.124e3 1.432e3 1.153e3 
   100.e3  152.1   185.3   237.5   485.1   576.2   738.2   487.0   401.1   454.7   453.1   825.6   1.012e3 944.3   902.6   987.2   776.7   233.9   554.3   700.4   705.5   1.084e3 991.1   1.057e3 819.6   781.7   858.2   783.6   809.1   773.8   729.1   782.3   1.008e3 1.164e3 1.020e3 350.1   512.1   1.281e3 1.282e3 1.301e3 1.017e3 1.512e3 1.423e3 1.284e3 911.7   794.2   1.210e3 1.196e3 1.111e3 919.7   1.529e3 1.352e3 1.095e3 1.436e3 417.8   1.658e3 1.705e3 1.754e3 1.454e3 1.308e3 1.363e3 1.376e3 1.209e3 1.167e3 1.732e3 1.372e3 1.159e3 940.3   985.2   1.257e3 953.6   1.109e3 957.6   1.227e3 1.142e3 1.013e3 640.7   753.1   1.035e3 964.6   747.2   865.2   1.332e3 1.297e3 1.671e3 1.692e3 1.624e3 1.881e3 1.806e3 1.227e3 1.185e3 1.510e3 1.215e3 
   110.e3  159.5   194.4   249.1   508.8   604.4   774.3   510.7   420.7   476.9   475.2   865.9   1.061e3 990.4   946.6   1.035e3 814.6   245.3   581.4   734.5   739.9   1.137e3 1.040e3 1.109e3 859.6   819.9   900.1   821.8   848.6   811.5   764.7   820.5   1.057e3 1.221e3 1.069e3 367.2   537.0   1.344e3 1.345e3 1.364e3 1.067e3 1.586e3 1.493e3 1.347e3 956.1   833.0   1.269e3 1.254e3 1.166e3 964.5   1.604e3 1.418e3 1.149e3 1.506e3 438.2   1.739e3 1.788e3 1.839e3 1.525e3 1.372e3 1.429e3 1.443e3 1.268e3 1.224e3 1.816e3 1.439e3 1.215e3 986.2   1.033e3 1.319e3 1.000e3 1.163e3 1.004e3 1.287e3 1.198e3 1.063e3 671.9   789.8   1.085e3 1.012e3 783.6   907.4   1.397e3 1.360e3 1.753e3 1.775e3 1.704e3 1.973e3 1.895e3 1.287e3 1.243e3 1.583e3 1.274e3 
   120.e3  166.6   203.0   260.1   531.4   631.2   808.7   533.4   439.4   498.1   496.3   904.4   1.108e3 1.034e3 988.7   1.081e3 850.8   256.2   607.2   767.2   772.8   1.188e3 1.086e3 1.158e3 897.8   856.3   940.1   858.4   886.4   847.6   798.7   857.0   1.104e3 1.275e3 1.117e3 383.5   560.9   1.404e3 1.404e3 1.425e3 1.114e3 1.657e3 1.559e3 1.406e3 998.7   870.0   1.326e3 1.310e3 1.218e3 1.007e3 1.675e3 1.481e3 1.200e3 1.573e3 457.7   1.816e3 1.868e3 1.921e3 1.593e3 1.433e3 1.493e3 1.507e3 1.324e3 1.279e3 1.897e3 1.503e3 1.269e3 1.030e3 1.079e3 1.377e3 1.045e3 1.215e3 1.049e3 1.344e3 1.251e3 1.110e3 701.8   824.9   1.133e3 1.057e3 818.5   947.8   1.459e3 1.421e3 1.831e3 1.854e3 1.780e3 2.061e3 1.979e3 1.344e3 1.298e3 1.654e3 1.331e3 
   130.e3  173.4   211.3   270.8   553.1   657.0   841.7   555.2   457.4   518.4   516.6   941.4   1.154e3 1.077e3 1.029e3 1.126e3 885.5   266.6   632.0   798.5   804.4   1.236e3 1.130e3 1.206e3 934.5   891.3   978.5   893.4   922.6   882.2   831.3   892.0   1.149e3 1.327e3 1.162e3 399.2   583.8   1.461e3 1.462e3 1.483e3 1.160e3 1.724e3 1.623e3 1.464e3 1.039e3 905.5   1.380e3 1.363e3 1.267e3 1.049e3 1.744e3 1.541e3 1.249e3 1.638e3 476.4   1.890e3 1.944e3 2.000e3 1.658e3 1.491e3 1.554e3 1.569e3 1.378e3 1.331e3 1.974e3 1.564e3 1.321e3 1.072e3 1.123e3 1.434e3 1.087e3 1.264e3 1.092e3 1.399e3 1.302e3 1.156e3 730.5   858.6   1.180e3 1.100e3 851.9   986.5   1.519e3 1.479e3 1.906e3 1.930e3 1.852e3 2.145e3 2.060e3 1.399e3 1.351e3 1.721e3 1.385e3 
   140.e3  180.0   219.3   281.0   574.0   681.8   873.5   576.2   474.6   538.0   536.1   976.9   1.197e3 1.117e3 1.068e3 1.168e3 919.0   276.7   655.9   828.7   834.7   1.283e3 1.173e3 1.251e3 969.8   924.9   1.015e3 927.2   957.4   915.5   862.7   925.6   1.192e3 1.377e3 1.206e3 414.2   605.9   1.516e3 1.517e3 1.539e3 1.203e3 1.789e3 1.684e3 1.519e3 1.079e3 939.7   1.432e3 1.415e3 1.315e3 1.088e3 1.809e3 1.599e3 1.296e3 1.700e3 494.4   1.962e3 2.017e3 2.075e3 1.721e3 1.547e3 1.613e3 1.628e3 1.430e3 1.381e3 2.049e3 1.623e3 1.371e3 1.113e3 1.166e3 1.488e3 1.128e3 1.312e3 1.133e3 1.452e3 1.352e3 1.199e3 758.1   891.0   1.224e3 1.141e3 884.1   1.024e3 1.576e3 1.535e3 1.978e3 2.002e3 1.922e3 2.226e3 2.137e3 1.452e3 1.402e3 1.786e3 1.438e3 
   150.e3  186.3   227.0   290.8   594.1   705.7   904.1   596.4   491.3   556.9   554.9   1.011e3 1.239e3 1.156e3 1.105e3 1.209e3 951.2   286.4   678.9   857.8   864.0   1.328e3 1.214e3 1.295e3 1.004e3 957.4   1.051e3 959.7   991.0   947.7   893.0   958.1   1.234e3 1.426e3 1.249e3 428.8   627.1   1.569e3 1.570e3 1.593e3 1.246e3 1.852e3 1.743e3 1.573e3 1.117e3 972.7   1.482e3 1.464e3 1.361e3 1.126e3 1.873e3 1.655e3 1.342e3 1.759e3 511.7   2.031e3 2.088e3 2.148e3 1.781e3 1.602e3 1.669e3 1.685e3 1.481e3 1.430e3 2.121e3 1.680e3 1.419e3 1.152e3 1.207e3 1.540e3 1.168e3 1.358e3 1.173e3 1.503e3 1.399e3 1.241e3 784.7   922.3   1.267e3 1.181e3 915.1   1.060e3 1.631e3 1.589e3 2.047e3 2.073e3 1.990e3 2.304e3 2.212e3 1.503e3 1.452e3 1.849e3 1.488e3 
   160.e3  192.4   234.4   300.4   613.6   728.9   933.8   616.0   507.4   575.2   573.1   1.044e3 1.280e3 1.194e3 1.142e3 1.249e3 982.4   295.8   701.2   885.9   892.4   1.372e3 1.254e3 1.338e3 1.037e3 988.8   1.086e3 991.2   1.024e3 978.7   922.3   989.6   1.275e3 1.473e3 1.290e3 442.8   647.7   1.621e3 1.622e3 1.646e3 1.286e3 1.913e3 1.800e3 1.624e3 1.153e3 1.005e3 1.531e3 1.512e3 1.406e3 1.163e3 1.934e3 1.710e3 1.386e3 1.817e3 528.5   2.097e3 2.157e3 2.218e3 1.840e3 1.654e3 1.724e3 1.741e3 1.529e3 1.476e3 2.190e3 1.735e3 1.466e3 1.189e3 1.246e3 1.590e3 1.206e3 1.403e3 1.211e3 1.552e3 1.445e3 1.282e3 810.4   952.6   1.309e3 1.220e3 945.1   1.094e3 1.685e3 1.641e3 2.114e3 2.141e3 2.055e3 2.379e3 2.285e3 1.552e3 1.499e3 1.910e3 1.537e3 
   170.e3  198.3   241.6   309.6   632.5   751.3   962.5   634.9   523.0   592.9   590.7   1.076e3 1.319e3 1.231e3 1.177e3 1.287e3 1.013e3 304.9   722.8   913.1   919.8   1.414e3 1.292e3 1.379e3 1.069e3 1.019e3 1.119e3 1.022e3 1.055e3 1.009e3 950.7   1.020e3 1.314e3 1.518e3 1.329e3 456.5   667.6   1.671e3 1.672e3 1.696e3 1.326e3 1.972e3 1.856e3 1.674e3 1.189e3 1.036e3 1.578e3 1.559e3 1.449e3 1.199e3 1.994e3 1.762e3 1.428e3 1.873e3 544.8   2.162e3 2.223e3 2.287e3 1.896e3 1.705e3 1.777e3 1.794e3 1.576e3 1.522e3 2.258e3 1.788e3 1.511e3 1.226e3 1.285e3 1.639e3 1.243e3 1.446e3 1.249e3 1.600e3 1.489e3 1.321e3 835.3   981.9   1.349e3 1.258e3 974.2   1.128e3 1.737e3 1.691e3 2.179e3 2.207e3 2.118e3 2.453e3 2.355e3 1.600e3 1.545e3 1.968e3 1.584e3 
   180.e3  204.1   248.6   318.6   650.8   773.1   990.4   653.3   538.2   610.0   607.8   1.108e3 1.358e3 1.267e3 1.211e3 1.324e3 1.042e3 313.8   743.7   939.6   946.5   1.455e3 1.330e3 1.419e3 1.100e3 1.049e3 1.151e3 1.051e3 1.086e3 1.038e3 978.2   1.050e3 1.352e3 1.562e3 1.368e3 469.7   687.0   1.719e3 1.720e3 1.745e3 1.364e3 2.029e3 1.910e3 1.723e3 1.223e3 1.066e3 1.624e3 1.604e3 1.491e3 1.234e3 2.052e3 1.813e3 1.470e3 1.927e3 560.6   2.224e3 2.288e3 2.353e3 1.951e3 1.755e3 1.829e3 1.846e3 1.622e3 1.566e3 2.323e3 1.840e3 1.554e3 1.262e3 1.322e3 1.687e3 1.279e3 1.488e3 1.285e3 1.647e3 1.533e3 1.360e3 859.6   1.010e3 1.388e3 1.294e3 1.002e3 1.161e3 1.787e3 1.740e3 2.242e3 2.271e3 2.179e3 2.524e3 2.423e3 1.646e3 1.590e3 2.026e3 1.630e3 
   200.e3  215.1   262.1   335.8   686.0   814.9   1.044e3 688.7   567.3   643.1   640.7   1.168e3 1.431e3 1.335e3 1.276e3 1.396e3 1.098e3 330.7   783.9   990.4   997.7   1.533e3 1.402e3 1.495e3 1.159e3 1.106e3 1.214e3 1.108e3 1.144e3 1.094e3 1.031e3 1.106e3 1.425e3 1.646e3 1.442e3 495.1   724.2   1.812e3 1.813e3 1.840e3 1.438e3 2.139e3 2.013e3 1.816e3 1.289e3 1.123e3 1.711e3 1.691e3 1.572e3 1.301e3 2.163e3 1.911e3 1.549e3 2.031e3 590.9   2.345e3 2.411e3 2.480e3 2.057e3 1.850e3 1.927e3 1.946e3 1.710e3 1.651e3 2.449e3 1.940e3 1.639e3 1.330e3 1.393e3 1.778e3 1.349e3 1.568e3 1.354e3 1.736e3 1.615e3 1.433e3 906.0   1.065e3 1.463e3 1.364e3 1.057e3 1.224e3 1.884e3 1.834e3 2.364e3 2.393e3 2.297e3 2.660e3 2.555e3 1.735e3 1.676e3 2.135e3 1.718e3 
   225.e3  228.2   278.0   356.2   727.6   864.4   1.107e3 730.5   601.7   682.1   679.6   1.238e3 1.518e3 1.416e3 1.354e3 1.481e3 1.165e3 350.8   831.5   1.051e3 1.058e3 1.626e3 1.487e3 1.586e3 1.229e3 1.173e3 1.287e3 1.175e3 1.214e3 1.161e3 1.094e3 1.173e3 1.512e3 1.746e3 1.529e3 525.1   768.1   1.922e3 1.923e3 1.951e3 1.525e3 2.268e3 2.135e3 1.926e3 1.367e3 1.191e3 1.815e3 1.794e3 1.667e3 1.379e3 2.294e3 2.027e3 1.643e3 2.155e3 626.7   2.487e3 2.558e3 2.631e3 2.181e3 1.962e3 2.044e3 2.064e3 1.813e3 1.751e3 2.598e3 2.057e3 1.738e3 1.410e3 1.478e3 1.886e3 1.430e3 1.663e3 1.436e3 1.841e3 1.713e3 1.520e3 961.0   1.130e3 1.552e3 1.447e3 1.121e3 1.298e3 1.998e3 1.946e3 2.507e3 2.539e3 2.437e3 2.822e3 2.710e3 1.840e3 1.778e3 2.265e3 1.823e3 
   250.e3  240.5   293.0   375.5   767.0   911.1   1.167e3 770.0   634.3   719.0   716.3   1.305e3 1.600e3 1.493e3 1.427e3 1.561e3 1.228e3 369.8   876.5   1.107e3 1.115e3 1.714e3 1.567e3 1.672e3 1.296e3 1.236e3 1.357e3 1.239e3 1.279e3 1.223e3 1.153e3 1.237e3 1.593e3 1.841e3 1.612e3 553.6   809.6   2.026e3 2.027e3 2.057e3 1.608e3 2.391e3 2.251e3 2.030e3 1.441e3 1.256e3 1.913e3 1.891e3 1.757e3 1.454e3 2.418e3 2.137e3 1.732e3 2.271e3 660.6   2.622e3 2.696e3 2.773e3 2.299e3 2.068e3 2.155e3 2.176e3 1.911e3 1.845e3 2.738e3 2.169e3 1.832e3 1.487e3 1.558e3 1.988e3 1.508e3 1.753e3 1.514e3 1.941e3 1.806e3 1.602e3 1.013e3 1.191e3 1.636e3 1.525e3 1.181e3 1.368e3 2.106e3 2.051e3 2.643e3 2.676e3 2.569e3 2.974e3 2.856e3 1.940e3 1.874e3 2.387e3 1.921e3 
   275.e3  252.3   307.3   393.8   804.4   955.6   1.224e3 807.6   665.2   754.1   751.3   1.369e3 1.678e3 1.566e3 1.497e3 1.637e3 1.288e3 387.8   919.2   1.161e3 1.170e3 1.798e3 1.644e3 1.754e3 1.359e3 1.296e3 1.423e3 1.299e3 1.342e3 1.283e3 1.209e3 1.297e3 1.671e3 1.931e3 1.691e3 580.6   849.1   2.125e3 2.126e3 2.157e3 1.686e3 2.508e3 2.360e3 2.129e3 1.512e3 1.317e3 2.007e3 1.983e3 1.843e3 1.525e3 2.536e3 2.241e3 1.817e3 2.382e3 692.9   2.750e3 2.827e3 2.908e3 2.412e3 2.169e3 2.260e3 2.282e3 2.005e3 1.936e3 2.872e3 2.275e3 1.921e3 1.559e3 1.634e3 2.085e3 1.581e3 1.839e3 1.588e3 2.035e3 1.894e3 1.681e3 1.062e3 1.249e3 1.716e3 1.600e3 1.239e3 1.435e3 2.209e3 2.151e3 2.772e3 2.807e3 2.694e3 3.119e3 2.996e3 2.035e3 1.965e3 2.504e3 2.015e3 
   300.e3  263.5   321.0   411.3   840.2   998.1   1.279e3 843.5   694.8   787.6   784.7   1.430e3 1.753e3 1.636e3 1.563e3 1.710e3 1.345e3 405.1   960.1   1.213e3 1.222e3 1.878e3 1.717e3 1.832e3 1.420e3 1.354e3 1.487e3 1.357e3 1.401e3 1.340e3 1.263e3 1.355e3 1.745e3 2.016e3 1.766e3 606.4   886.9   2.219e3 2.221e3 2.253e3 1.761e3 2.619e3 2.465e3 2.224e3 1.579e3 1.376e3 2.096e3 2.071e3 1.925e3 1.593e3 2.649e3 2.341e3 1.897e3 2.488e3 723.7   2.872e3 2.953e3 3.038e3 2.519e3 2.265e3 2.361e3 2.384e3 2.094e3 2.022e3 2.999e3 2.376e3 2.007e3 1.629e3 1.706e3 2.178e3 1.652e3 1.921e3 1.659e3 2.126e3 1.978e3 1.755e3 1.110e3 1.304e3 1.792e3 1.671e3 1.294e3 1.499e3 2.307e3 2.247e3 2.895e3 2.931e3 2.814e3 3.258e3 3.129e3 2.125e3 2.053e3 2.615e3 2.104e3 
   325.e3  274.3   334.1   428.1   874.5   1.039e3 1.331e3 877.9   723.2   819.8   816.8   1.488e3 1.824e3 1.702e3 1.627e3 1.780e3 1.400e3 421.6   999.3   1.263e3 1.272e3 1.955e3 1.787e3 1.906e3 1.478e3 1.409e3 1.547e3 1.413e3 1.459e3 1.395e3 1.314e3 1.410e3 1.817e3 2.099e3 1.838e3 631.2   923.1   2.310e3 2.311e3 2.345e3 1.833e3 2.726e3 2.566e3 2.315e3 1.644e3 1.432e3 2.182e3 2.156e3 2.004e3 1.658e3 2.757e3 2.437e3 1.975e3 2.590e3 753.2   2.989e3 3.074e3 3.162e3 2.622e3 2.358e3 2.457e3 2.481e3 2.179e3 2.104e3 3.122e3 2.473e3 2.089e3 1.695e3 1.776e3 2.267e3 1.719e3 1.999e3 1.726e3 2.213e3 2.059e3 1.827e3 1.155e3 1.358e3 1.865e3 1.739e3 1.347e3 1.560e3 2.401e3 2.338e3 3.013e3 3.051e3 2.929e3 3.391e3 3.256e3 2.212e3 2.137e3 2.722e3 2.190e3 
   350.e3  265.6   319.9   396.0   859.7   1.082e3 1.267e3 850.8   704.0   767.4   805.9   1.433e3 1.771e3 1.695e3 1.614e3 1.708e3 1.352e3 506.2   997.1   1.219e3 1.237e3 1.896e3 1.789e3 1.840e3 1.475e3 1.324e3 1.463e3 1.353e3 1.423e3 1.330e3 1.294e3 1.377e3 1.773e3 2.025e3 1.770e3 581.8   930.4   2.240e3 2.241e3 2.252e3 1.757e3 2.600e3 2.471e3 2.238e3 1.607e3 1.427e3 2.128e3 2.116e3 1.938e3 1.725e3 2.566e3 2.348e3 1.933e3 2.506e3 759.7   2.917e3 2.979e3 3.092e3 2.548e3 2.295e3 2.374e3 2.398e3 2.147e3 2.045e3 2.959e3 2.403e3 2.006e3 1.652e3 1.708e3 2.204e3 1.722e3 1.887e3 1.649e3 2.114e3 1.992e3 1.808e3 1.116e3 1.351e3 1.845e3 1.684e3 1.314e3 1.521e3 2.378e3 2.269e3 2.940e3 3.003e3 2.837e3 3.305e3 3.190e3 2.175e3 2.092e3 2.682e3 2.119e3 
   375.e3  257.8   310.4   371.6   847.4   1.111e3 1.215e3 828.0   689.5   728.6   797.3   1.392e3 1.729e3 1.698e3 1.608e3 1.648e3 1.318e3 556.1   989.7   1.187e3 1.213e3 1.851e3 1.796e3 1.787e3 1.473e3 1.259e3 1.394e3 1.312e3 1.398e3 1.271e3 1.280e3 1.353e3 1.750e3 1.970e3 1.720e3 542.7   939.0   2.187e3 2.187e3 2.181e3 1.701e3 2.505e3 2.399e3 2.184e3 1.584e3 1.431e3 2.087e3 2.090e3 1.891e3 1.767e3 2.421e3 2.283e3 1.905e3 2.441e3 767.4   2.863e3 2.896e3 3.042e3 2.491e3 2.251e3 2.312e3 2.335e3 2.128e3 2.001e3 2.829e3 2.353e3 1.937e3 1.622e3 1.657e3 2.159e3 1.734e3 1.797e3 1.592e3 2.034e3 1.943e3 1.800e3 1.089e3 1.352e3 1.834e3 1.651e3 1.293e3 1.495e3 2.363e3 2.219e3 2.884e3 2.980e3 2.772e3 3.240e3 3.141e3 2.159e3 2.069e3 2.658e3 2.065e3 
   400.e3  254.2   309.2   361.5   846.9   1.133e3 1.193e3 820.9   687.7   714.1   799.2   1.382e3 1.719e3 1.722e3 1.624e3 1.623e3 1.314e3 576.5   989.4   1.182e3 1.214e3 1.843e3 1.821e3 1.770e3 1.487e3 1.235e3 1.361e3 1.305e3 1.399e3 1.238e3 1.285e3 1.354e3 1.763e3 1.960e3 1.708e3 524.3   956.0   2.177e3 2.178e3 2.162e3 1.689e3 2.476e3 2.380e3 2.177e3 1.590e3 1.454e3 2.083e3 2.099e3 1.885e3 1.801e3 2.362e3 2.268e3 1.909e3 2.426e3 782.5   2.862e3 2.866e3 3.046e3 2.482e3 2.252e3 2.300e3 2.322e3 2.143e3 1.997e3 2.776e3 2.349e3 1.909e3 1.624e3 1.646e3 2.156e3 1.768e3 1.757e3 1.578e3 2.004e3 1.936e3 1.819e3 1.087e3 1.374e3 1.851e3 1.658e3 1.298e3 1.500e3 2.380e3 2.216e3 2.880e3 3.009e3 2.767e3 3.235e3 3.144e3 2.183e3 2.087e3 2.675e3 2.054e3 
   450.e3  255.4   320.7   366.7   869.5   1.179e3 1.206e3 836.8   708.3   727.3   823.4   1.421e3 1.759e3 1.815e3 1.695e3 1.640e3 1.364e3 580.9   1.008e3 1.223e3 1.266e3 1.897e3 1.912e3 1.804e3 1.546e3 1.261e3 1.363e3 1.356e3 1.453e3 1.230e3 1.332e3 1.403e3 1.857e3 2.022e3 1.757e3 524.1   1.009e3 2.239e3 2.241e3 2.219e3 1.747e3 2.537e3 2.442e3 2.254e3 1.659e3 1.536e3 2.149e3 2.183e3 1.952e3 1.869e3 2.396e3 2.335e3 1.984e3 2.490e3 830.8   2.959e3 2.918e3 3.158e3 2.556e3 2.339e3 2.372e3 2.390e3 2.239e3 2.066e3 2.810e3 2.428e3 1.932e3 1.687e3 1.700e3 2.231e3 1.884e3 1.770e3 1.627e3 2.034e3 2.003e3 1.909e3 1.130e3 1.459e3 1.938e3 1.739e3 1.359e3 1.568e3 2.477e3 2.299e3 2.970e3 3.167e3 2.870e3 3.340e3 3.252e3 2.312e3 2.202e3 2.790e3 2.113e3 
   500.e3  262.5   341.3   390.5   909.2   1.229e3 1.260e3 875.6   746.5   768.9   861.6   1.501e3 1.842e3 1.937e3 1.793e3 1.717e3 1.456e3 570.0   1.044e3 1.301e3 1.356e3 2.001e3 2.034e3 1.887e3 1.631e3 1.343e3 1.427e3 1.455e3 1.541e3 1.285e3 1.407e3 1.487e3 1.998e3 2.143e3 1.858e3 550.9   1.077e3 2.363e3 2.366e3 2.344e3 1.868e3 2.686e3 2.576e3 2.397e3 1.772e3 1.637e3 2.268e3 2.316e3 2.076e3 1.946e3 2.538e3 2.472e3 2.107e3 2.624e3 896.0   3.130e3 3.070e3 3.347e3 2.696e3 2.491e3 2.512e3 2.528e3 2.382e3 2.191e3 2.947e3 2.571e3 2.015e3 1.796e3 1.811e3 2.366e3 2.037e3 1.854e3 1.738e3 2.133e3 2.128e3 2.038e3 1.211e3 1.575e3 2.068e3 1.868e3 1.459e3 1.682e3 2.621e3 2.451e3 3.133e3 3.401e3 3.060e3 3.529e3 3.434e3 2.501e3 2.378e3 2.966e3 2.232e3 
   550.e3  271.9   364.7   423.0   955.5   1.284e3 1.331e3 924.9   792.1   821.5   904.1   1.600e3 1.944e3 2.068e3 1.901e3 1.832e3 1.568e3 559.5   1.091e3 1.397e3 1.464e3 2.128e3 2.167e3 1.992e3 1.725e3 1.453e3 1.538e3 1.577e3 1.645e3 1.380e3 1.494e3 1.586e3 2.154e3 2.292e3 1.982e3 591.0   1.151e3 2.512e3 2.519e3 2.498e3 2.020e3 2.873e3 2.743e3 2.569e3 1.904e3 1.732e3 2.412e3 2.468e3 2.224e3 2.032e3 2.729e3 2.640e3 2.252e3 2.789e3 971.1   3.335e3 3.276e3 3.569e3 2.867e3 2.672e3 2.683e3 2.698e3 2.544e3 2.342e3 3.134e3 2.740e3 2.126e3 1.926e3 1.953e3 2.528e3 2.207e3 1.973e3 1.879e3 2.265e3 2.281e3 2.182e3 1.312e3 1.706e3 2.216e3 2.013e3 1.578e3 1.819e3 2.784e3 2.636e3 3.328e3 3.667e3 3.291e3 3.754e3 3.648e3 2.717e3 2.581e3 3.166e3 2.378e3 
   600.e3  282.1   388.0   458.8   1.003e3 1.340e3 1.408e3 978.3   839.8   876.2   946.0   1.704e3 2.049e3 2.195e3 2.008e3 1.967e3 1.687e3 555.3   1.145e3 1.498e3 1.579e3 2.261e3 2.302e3 2.104e3 1.821e3 1.574e3 1.676e3 1.708e3 1.751e3 1.489e3 1.583e3 1.689e3 2.310e3 2.448e3 2.113e3 637.4   1.226e3 2.670e3 2.682e3 2.661e3 2.185e3 3.073e3 2.920e3 2.750e3 2.043e3 1.810e3 2.563e3 2.624e3 2.380e3 2.122e3 2.936e3 2.818e3 2.402e3 2.965e3 1.052e3 3.550e3 3.506e3 3.799e3 3.046e3 2.862e3 2.864e3 2.878e3 2.708e3 2.502e3 3.339e3 2.915e3 2.249e3 2.062e3 2.107e3 2.698e3 2.381e3 2.109e3 2.034e3 2.411e3 2.443e3 2.328e3 1.421e3 1.841e3 2.370e3 2.161e3 1.706e3 1.964e3 2.949e3 2.834e3 3.532e3 3.941e3 3.539e3 3.989e3 3.869e3 2.943e3 2.794e3 3.371e3 2.533e3 
   650.e3  292.1   409.5   494.7   1.049e3 1.396e3 1.486e3 1.032e3 886.7   928.6   984.9   1.806e3 2.152e3 2.313e3 2.111e3 2.111e3 1.808e3 559.8   1.202e3 1.600e3 1.696e3 2.392e3 2.433e3 2.216e3 1.914e3 1.700e3 1.823e3 1.840e3 1.854e3 1.598e3 1.670e3 1.789e3 2.455e3 2.603e3 2.243e3 686.1   1.299e3 2.826e3 2.843e3 2.823e3 2.354e3 3.273e3 3.095e3 2.929e3 2.182e3 1.875e3 2.714e3 2.776e3 2.535e3 2.215e3 3.144e3 2.996e3 2.551e3 3.140e3 1.136e3 3.763e3 3.739e3 4.026e3 3.225e3 3.052e3 3.043e3 3.059e3 2.867e3 2.661e3 3.547e3 3.082e3 2.375e3 2.197e3 2.266e3 2.867e3 2.553e3 2.252e3 2.192e3 2.561e3 2.605e3 2.469e3 1.533e3 1.975e3 2.522e3 2.302e3 1.834e3 2.111e3 3.107e3 3.034e3 3.733e3 4.210e3 3.789e3 4.220e3 4.085e3 3.167e3 3.006e3 3.570e3 2.688e3 
   700.e3  301.7   428.7   528.6   1.092e3 1.451e3 1.560e3 1.084e3 931.3   976.4   1.020e3 1.904e3 2.249e3 2.419e3 2.208e3 2.255e3 1.925e3 573.4   1.261e3 1.698e3 1.811e3 2.517e3 2.556e3 2.323e3 2.003e3 1.825e3 1.968e3 1.968e3 1.952e3 1.703e3 1.754e3 1.885e3 2.586e3 2.752e3 2.367e3 735.0   1.369e3 2.975e3 2.999e3 2.976e3 2.522e3 3.464e3 3.263e3 3.101e3 2.315e3 1.942e3 2.860e3 2.920e3 2.683e3 2.309e3 3.342e3 3.166e3 2.694e3 3.307e3 1.221e3 3.968e3 3.966e3 4.242e3 3.396e3 3.234e3 3.215e3 3.235e3 3.016e3 2.815e3 3.748e3 3.237e3 2.499e3 2.328e3 2.424e3 3.028e3 2.719e3 2.395e3 2.349e3 2.708e3 2.762e3 2.603e3 1.645e3 2.104e3 2.668e3 2.434e3 1.960e3 2.254e3 3.256e3 3.230e3 3.925e3 4.467e3 4.034e3 4.440e3 4.289e3 3.383e3 3.211e3 3.760e3 2.837e3 
   800.e3  318.9   459.7   586.7   1.169e3 1.557e3 1.693e3 1.180e3 1.012e3 1.055e3 1.077e3 2.078e3 2.419e3 2.595e3 2.377e3 2.525e3 2.145e3 625.8   1.384e3 1.880e3 2.028e3 2.742e3 2.778e3 2.517e3 2.168e3 2.060e3 2.235e3 2.205e3 2.125e3 1.892e3 1.906e3 2.058e3 2.810e3 3.021e3 2.592e3 828.5   1.496e3 3.245e3 3.284e3 3.252e3 2.838e3 3.809e3 3.567e3 3.411e3 2.561e3 2.122e3 3.129e3 3.177e3 2.950e3 2.499e3 3.693e3 3.477e3 2.956e3 3.613e3 1.391e3 4.343e3 4.380e3 4.632e3 3.709e3 3.569e3 3.526e3 3.557e3 3.280e3 3.097e3 4.113e3 3.503e3 2.733e3 2.567e3 2.723e3 3.321e3 3.023e3 2.671e3 2.647e3 2.984e3 3.049e3 2.844e3 1.861e3 2.342e3 2.937e3 2.663e3 2.197e3 2.524e3 3.518e3 3.597e3 4.272e3 4.931e3 4.491e3 4.836e3 4.655e3 3.783e3 3.591e3 4.100e3 3.109e3 
   900.e3  333.7   481.9   631.5   1.233e3 1.653e3 1.803e3 1.263e3 1.081e3 1.112e3 1.121e3 2.222e3 2.557e3 2.728e3 2.515e3 2.760e3 2.339e3 704.0   1.509e3 2.040e3 2.223e3 2.932e3 2.967e3 2.684e3 2.315e3 2.271e3 2.464e3 2.410e3 2.271e3 2.053e3 2.037e3 2.204e3 2.996e3 3.250e3 2.782e3 913.1   1.607e3 3.475e3 3.531e3 3.483e3 3.122e3 4.099e3 3.825e3 3.676e3 2.776e3 2.354e3 3.364e3 3.393e3 3.176e3 2.685e3 3.979e3 3.744e3 3.183e3 3.875e3 1.558e3 4.669e3 4.737e3 4.964e3 3.980e3 3.860e3 3.793e3 3.839e3 3.499e3 3.342e3 4.419e3 3.712e3 2.945e3 2.774e3 2.994e3 3.571e3 3.289e3 2.924e3 2.913e3 3.229e3 3.298e3 3.049e3 2.059e3 2.551e3 3.173e3 2.851e3 2.408e3 2.765e3 3.734e3 3.926e3 4.568e3 5.328e3 4.897e3 5.172e3 4.962e3 4.135e3 3.925e3 4.390e3 3.344e3 
   1.00e6  346.6   497.4   667.5   1.287e3 1.738e3 1.892e3 1.334e3 1.139e3 1.152e3 1.153e3 2.341e3 2.668e3 2.827e3 2.625e3 2.960e3 2.510e3 798.2   1.631e3 2.178e3 2.396e3 3.089e3 3.129e3 2.825e3 2.448e3 2.454e3 2.657e3 2.585e3 2.392e3 2.190e3 2.152e3 2.327e3 3.159e3 3.442e3 2.942e3 988.1   1.705e3 3.668e3 3.743e3 3.675e3 3.374e3 4.339e3 4.041e3 3.899e3 2.963e3 2.586e3 3.570e3 3.574e3 3.366e3 2.863e3 4.204e3 3.971e3 3.380e3 4.096e3 1.720e3 4.949e3 5.042e3 5.245e3 4.212e3 4.109e3 4.018e3 4.082e3 3.681e3 3.552e3 4.667e3 3.882e3 3.133e3 2.951e3 3.235e3 3.782e3 3.521e3 3.151e3 3.147e3 3.442e3 3.511e3 3.224e3 2.240e3 2.733e3 3.379e3 3.004e3 2.596e3 2.977e3 3.910e3 4.215e3 4.819e3 5.664e3 5.252e3 5.454e3 5.218e3 4.442e3 4.216e3 4.636e3 3.545e3 
   1.10e6  357.8   508.3   700.6   1.333e3 1.812e3 1.962e3 1.394e3 1.189e3 1.178e3 1.178e3 2.439e3 2.758e3 2.900e3 2.715e3 3.130e3 2.661e3 900.3   1.751e3 2.299e3 2.549e3 3.221e3 3.268e3 2.946e3 2.571e3 2.614e3 2.819e3 2.733e3 2.495e3 2.306e3 2.253e3 2.431e3 3.305e3 3.604e3 3.075e3 1.055e3 1.792e3 3.831e3 3.925e3 3.833e3 3.594e3 4.537e3 4.222e3 4.086e3 3.125e3 2.795e3 3.749e3 3.728e3 3.526e3 3.032e3 4.378e3 4.164e3 3.551e3 4.284e3 1.875e3 5.192e3 5.302e3 5.484e3 4.413e3 4.323e3 4.209e3 4.293e3 3.832e3 3.734e3 4.866e3 4.027e3 3.301e3 3.104e3 3.449e3 3.959e3 3.721e3 3.354e3 3.352e3 3.626e3 3.692e3 3.375e3 2.404e3 2.892e3 3.559e3 3.131e3 2.761e3 3.165e3 4.056e3 4.470e3 5.031e3 5.948e3 5.562e3 5.691e3 5.433e3 4.710e3 4.470e3 4.846e3 3.718e3 
   1.20e6  367.8   516.1   733.9   1.373e3 1.876e3 2.018e3 1.444e3 1.232e3 1.195e3 1.198e3 2.519e3 2.831e3 2.955e3 2.788e3 3.274e3 2.795e3 1.005e3 1.866e3 2.405e3 2.686e3 3.331e3 3.388e3 3.050e3 2.686e3 2.752e3 2.956e3 2.860e3 2.583e3 2.407e3 2.343e3 2.519e3 3.434e3 3.742e3 3.188e3 1.114e3 1.870e3 3.970e3 4.083e3 3.967e3 3.789e3 4.701e3 4.376e3 4.246e3 3.267e3 2.979e3 3.908e3 3.861e3 3.661e3 3.191e3 4.514e3 4.331e3 3.702e3 4.444e3 2.024e3 5.405e3 5.527e3 5.689e3 4.588e3 4.509e3 4.373e3 4.478e3 3.962e3 3.892e3 5.024e3 4.160e3 3.451e3 3.236e3 3.638e3 4.110e3 3.897e3 3.536e3 3.532e3 3.787e3 3.848e3 3.509e3 2.554e3 3.032e3 3.719e3 3.239e3 2.907e3 3.331e3 4.177e3 4.696e3 5.213e3 6.191e3 5.835e3 5.893e3 5.616e3 4.946e3 4.692e3 5.028e3 3.868e3 
   1.30e6  376.8   522.0   767.6   1.408e3 1.930e3 2.062e3 1.486e3 1.271e3 1.206e3 1.214e3 2.587e3 2.891e3 2.998e3 2.849e3 3.399e3 2.916e3 1.108e3 1.976e3 2.499e3 2.809e3 3.425e3 3.494e3 3.141e3 2.794e3 2.874e3 3.072e3 2.968e3 2.661e3 2.495e3 2.425e3 2.595e3 3.549e3 3.860e3 3.286e3 1.167e3 1.941e3 4.090e3 4.222e3 4.080e3 3.962e3 4.840e3 4.507e3 4.384e3 3.393e3 3.142e3 4.050e3 3.977e3 3.777e3 3.338e3 4.619e3 4.477e3 3.838e3 4.582e3 2.167e3 5.593e3 5.724e3 5.867e3 4.743e3 4.672e3 4.517e3 4.642e3 4.074e3 4.031e3 5.151e3 4.286e3 3.588e3 3.351e3 3.808e3 4.239e3 4.051e3 3.699e3 3.691e3 3.927e3 3.984e3 3.628e3 2.691e3 3.157e3 3.861e3 3.333e3 3.038e3 3.480e3 4.280e3 4.898e3 5.372e3 6.402e3 6.076e3 6.066e3 5.773e3 5.157e3 4.890e3 5.188e3 4.000e3 
   1.40e6  385.1   526.8   801.0   1.439e3 1.975e3 2.096e3 1.522e3 1.305e3 1.213e3 1.228e3 2.645e3 2.942e3 3.031e3 2.902e3 3.507e3 3.027e3 1.208e3 2.082e3 2.585e3 2.920e3 3.507e3 3.589e3 3.223e3 2.899e3 2.981e3 3.173e3 3.063e3 2.731e3 2.573e3 2.500e3 2.662e3 3.649e3 3.964e3 3.371e3 1.216e3 2.006e3 4.195e3 4.347e3 4.179e3 4.117e3 4.959e3 4.622e3 4.505e3 3.507e3 3.286e3 4.178e3 4.080e3 3.879e3 3.475e3 4.703e3 4.606e3 3.961e3 4.704e3 2.304e3 5.762e3 5.899e3 6.025e3 4.883e3 4.818e3 4.645e3 4.790e3 4.173e3 4.156e3 5.254e3 4.408e3 3.712e3 3.454e3 3.960e3 4.352e3 4.190e3 3.847e3 3.833e3 4.050e3 4.103e3 3.737e3 2.818e3 3.269e3 3.990e3 3.419e3 3.156e3 3.613e3 4.369e3 5.080e3 5.511e3 6.586e3 6.292e3 6.218e3 5.911e3 5.347e3 5.068e3 5.331e3 4.118e3 
   1.50e6  392.6   531.0   833.4   1.468e3 2.013e3 2.124e3 1.554e3 1.337e3 1.218e3 1.241e3 2.696e3 2.986e3 3.059e3 2.949e3 3.604e3 3.129e3 1.304e3 2.184e3 2.664e3 3.022e3 3.579e3 3.675e3 3.297e3 3.000e3 3.077e3 3.261e3 3.147e3 2.795e3 2.643e3 2.571e3 2.722e3 3.738e3 4.057e3 3.447e3 1.261e3 2.068e3 4.289e3 4.460e3 4.266e3 4.256e3 5.063e3 4.724e3 4.614e3 3.611e3 3.417e3 4.295e3 4.174e3 3.970e3 3.603e3 4.771e3 4.724e3 4.075e3 4.812e3 2.436e3 5.916e3 6.058e3 6.167e3 5.011e3 4.949e3 4.761e3 4.926e3 4.264e3 4.270e3 5.340e3 4.528e3 3.828e3 3.547e3 4.099e3 4.452e3 4.315e3 3.983e3 3.961e3 4.161e3 4.210e3 3.838e3 2.936e3 3.372e3 4.108e3 3.497e3 3.263e3 3.735e3 4.449e3 5.246e3 5.637e3 6.751e3 6.487e3 6.354e3 6.034e3 5.521e3 5.229e3 5.462e3 4.225e3 
   1.60e6  399.7   535.2   864.3   1.495e3 2.044e3 2.145e3 1.580e3 1.367e3 1.222e3 1.253e3 2.741e3 3.024e3 3.083e3 2.992e3 3.690e3 3.225e3 1.395e3 2.282e3 2.737e3 3.116e3 3.644e3 3.755e3 3.365e3 3.098e3 3.164e3 3.339e3 3.222e3 2.855e3 2.707e3 2.638e3 2.777e3 3.817e3 4.141e3 3.516e3 1.304e3 2.126e3 4.374e3 4.564e3 4.346e3 4.384e3 5.155e3 4.816e3 4.712e3 3.706e3 3.537e3 4.404e3 4.261e3 4.052e3 3.722e3 4.827e3 4.831e3 4.181e3 4.911e3 2.563e3 6.057e3 6.204e3 6.297e3 5.130e3 5.070e3 4.869e3 5.051e3 4.347e3 4.375e3 5.413e3 4.646e3 3.936e3 3.632e3 4.227e3 4.542e3 4.430e3 4.108e3 4.078e3 4.261e3 4.306e3 3.933e3 3.047e3 3.466e3 4.217e3 3.572e3 3.363e3 3.848e3 4.521e3 5.399e3 5.752e3 6.899e3 6.666e3 6.477e3 6.147e3 5.682e3 5.379e3 5.583e3 4.325e3 
   1.70e6  406.3   539.5   893.7   1.520e3 2.071e3 2.162e3 1.604e3 1.395e3 1.226e3 1.266e3 2.783e3 3.059e3 3.106e3 3.033e3 3.769e3 3.315e3 1.481e3 2.376e3 2.807e3 3.204e3 3.703e3 3.828e3 3.429e3 3.194e3 3.244e3 3.409e3 3.291e3 2.912e3 2.766e3 2.701e3 2.828e3 3.888e3 4.219e3 3.580e3 1.344e3 2.182e3 4.454e3 4.662e3 4.419e3 4.503e3 5.239e3 4.902e3 4.803e3 3.796e3 3.648e3 4.505e3 4.343e3 4.128e3 3.833e3 4.876e3 4.932e3 4.283e3 5.001e3 2.686e3 6.190e3 6.340e3 6.417e3 5.242e3 5.183e3 4.970e3 5.169e3 4.426e3 4.473e3 5.476e3 4.763e3 4.038e3 3.711e3 4.345e3 4.624e3 4.536e3 4.224e3 4.186e3 4.353e3 4.395e3 4.024e3 3.152e3 3.554e3 4.320e3 3.645e3 3.455e3 3.952e3 4.588e3 5.542e3 5.859e3 7.035e3 6.832e3 6.590e3 6.251e3 5.833e3 5.518e3 5.696e3 4.419e3 
   1.80e6  412.5   544.0   921.5   1.544e3 2.093e3 2.176e3 1.625e3 1.422e3 1.230e3 1.278e3 2.821e3 3.091e3 3.127e3 3.072e3 3.842e3 3.402e3 1.562e3 2.467e3 2.873e3 3.287e3 3.758e3 3.898e3 3.489e3 3.289e3 3.318e3 3.474e3 3.354e3 2.967e3 2.822e3 2.763e3 2.875e3 3.953e3 4.291e3 3.640e3 1.383e3 2.237e3 4.528e3 4.755e3 4.489e3 4.613e3 5.317e3 4.981e3 4.889e3 3.882e3 3.752e3 4.600e3 4.420e3 4.199e3 3.937e3 4.921e3 5.028e3 4.380e3 5.086e3 2.805e3 6.315e3 6.469e3 6.531e3 5.348e3 5.289e3 5.066e3 5.282e3 4.502e3 4.566e3 5.534e3 4.877e3 4.135e3 3.786e3 4.456e3 4.701e3 4.636e3 4.333e3 4.287e3 4.438e3 4.478e3 4.112e3 3.253e3 3.638e3 4.418e3 3.715e3 3.542e3 4.051e3 4.652e3 5.677e3 5.960e3 7.162e3 6.987e3 6.695e3 6.350e3 5.977e3 5.650e3 5.805e3 4.508e3 
   2.00e6  424.1   554.1   973.3   1.590e3 2.130e3 2.198e3 1.661e3 1.474e3 1.241e3 1.304e3 2.893e3 3.149e3 3.170e3 3.150e3 3.976e3 3.569e3 1.711e3 2.641e3 3.000e3 3.442e3 3.861e3 4.028e3 3.604e3 3.475e3 3.453e3 3.590e3 3.469e3 3.075e3 2.926e3 2.882e3 2.965e3 4.070e3 4.427e3 3.753e3 1.459e3 2.343e3 4.668e3 4.930e3 4.620e3 4.816e3 5.461e3 5.130e3 5.050e3 4.043e3 3.946e3 4.777e3 4.568e3 4.332e3 4.128e3 5.001e3 5.208e3 4.568e3 5.244e3 3.036e3 6.549e3 6.710e3 6.744e3 5.552e3 5.490e3 5.251e3 5.494e3 4.647e3 4.742e3 5.636e3 5.101e3 4.319e3 3.927e3 4.660e3 4.843e3 4.822e3 4.534e3 4.473e3 4.593e3 4.632e3 4.281e3 3.444e3 3.794e3 4.601e3 3.856e3 3.704e3 4.234e3 4.774e3 5.928e3 6.148e3 7.395e3 7.274e3 6.892e3 6.537e3 6.246e3 5.896e3 6.011e3 4.678e3 
   2.25e6  437.4   569.1   1.033e3 1.644e3 2.167e3 2.219e3 1.699e3 1.537e3 1.261e3 1.339e3 2.978e3 3.218e3 3.227e3 3.247e3 4.129e3 3.768e3 1.876e3 2.845e3 3.151e3 3.620e3 3.981e3 4.179e3 3.740e3 3.703e3 3.604e3 3.721e3 3.600e3 3.207e3 3.047e3 3.025e3 3.070e3 4.200e3 4.586e3 3.886e3 1.552e3 2.473e3 4.833e3 5.138e3 4.777e3 5.046e3 5.628e3 5.306e3 5.240e3 4.233e3 4.171e3 4.978e3 4.746e3 4.490e3 4.341e3 5.100e3 5.423e3 4.794e3 5.428e3 3.311e3 6.821e3 6.993e3 6.995e3 5.796e3 5.726e3 5.473e3 5.746e3 4.825e3 4.951e3 5.752e3 5.374e3 4.535e3 4.093e3 4.894e3 5.007e3 5.037e3 4.763e3 4.688e3 4.769e3 4.809e3 4.485e3 3.669e3 3.975e3 4.816e3 4.033e3 3.891e3 4.446e3 4.923e3 6.218e3 6.370e3 7.662e3 7.602e3 7.121e3 6.759e3 6.562e3 6.184e3 6.257e3 4.882e3 
   2.50e6  449.6   586.4   1.088e3 1.696e3 2.200e3 2.240e3 1.733e3 1.600e3 1.290e3 1.379e3 3.062e3 3.285e3 3.290e3 3.349e3 4.272e3 3.961e3 2.023e3 3.037e3 3.300e3 3.788e3 4.097e3 4.324e3 3.873e3 3.928e3 3.743e3 3.843e3 3.723e3 3.339e3 3.164e3 3.165e3 3.172e3 4.322e3 4.739e3 4.017e3 1.646e3 2.603e3 4.994e3 5.341e3 4.934e3 5.261e3 5.788e3 5.477e3 5.425e3 4.417e3 4.384e3 5.163e3 4.920e3 4.643e3 4.535e3 5.205e3 5.634e3 5.017e3 5.606e3 3.577e3 7.081e3 7.267e3 7.237e3 6.035e3 5.955e3 5.694e3 5.991e3 5.003e3 5.152e3 5.865e3 5.642e3 4.743e3 4.254e3 5.112e3 5.164e3 5.241e3 4.977e3 4.891e3 4.933e3 4.978e3 4.687e3 3.884e3 4.148e3 5.021e3 4.214e3 4.068e3 4.646e3 5.074e3 6.493e3 6.585e3 7.913e3 7.910e3 7.342e3 6.977e3 6.866e3 6.458e3 6.497e3 5.084e3 
   2.75e6  461.1   605.4   1.141e3 1.748e3 2.232e3 2.265e3 1.763e3 1.663e3 1.325e3 1.421e3 3.146e3 3.354e3 3.361e3 3.456e3 4.411e3 4.153e3 2.155e3 3.217e3 3.448e3 3.949e3 4.213e3 4.465e3 4.005e3 4.149e3 3.875e3 3.961e3 3.841e3 3.473e3 3.277e3 3.304e3 3.273e3 4.440e3 4.890e3 4.147e3 1.742e3 2.735e3 5.155e3 5.542e3 5.093e3 5.466e3 5.947e3 5.648e3 5.609e3 4.598e3 4.590e3 5.335e3 5.093e3 4.797e3 4.714e3 5.320e3 5.843e3 5.239e3 5.781e3 3.837e3 7.334e3 7.536e3 7.476e3 6.274e3 6.181e3 5.915e3 6.232e3 5.185e3 5.351e3 5.978e3 5.907e3 4.945e3 4.415e3 5.320e3 5.319e3 5.440e3 5.179e3 5.089e3 5.091e3 5.144e3 4.886e3 4.094e3 4.315e3 5.220e3 4.400e3 4.239e3 4.839e3 5.230e3 6.757e3 6.799e3 8.155e3 8.206e3 7.560e3 7.197e3 7.162e3 6.726e3 6.737e3 5.288e3 
   3.00e6  472.0   625.8   1.192e3 1.799e3 2.264e3 2.294e3 1.793e3 1.726e3 1.367e3 1.467e3 3.232e3 3.423e3 3.438e3 3.567e3 4.547e3 4.344e3 2.274e3 3.386e3 3.597e3 4.105e3 4.329e3 4.604e3 4.137e3 4.367e3 4.001e3 4.077e3 3.956e3 3.608e3 3.390e3 3.441e3 3.375e3 4.557e3 5.041e3 4.278e3 1.841e3 2.870e3 5.317e3 5.743e3 5.255e3 5.665e3 6.103e3 5.820e3 5.794e3 4.779e3 4.791e3 5.497e3 5.267e3 4.951e3 4.883e3 5.447e3 6.052e3 5.462e3 5.957e3 4.093e3 7.582e3 7.802e3 7.714e3 6.515e3 6.408e3 6.138e3 6.471e3 5.369e3 5.547e3 6.093e3 6.171e3 5.145e3 4.575e3 5.521e3 5.475e3 5.637e3 5.374e3 5.283e3 5.246e3 5.308e3 5.084e3 4.300e3 4.479e3 5.416e3 4.590e3 4.406e3 5.029e3 5.391e3 7.015e3 7.012e3 8.391e3 8.494e3 7.778e3 7.421e3 7.455e3 6.990e3 6.977e3 5.495e3 
   3.25e6  482.4   646.9   1.243e3 1.849e3 2.298e3 2.327e3 1.822e3 1.791e3 1.415e3 1.516e3 3.320e3 3.494e3 3.520e3 3.683e3 4.681e3 4.534e3 2.383e3 3.542e3 3.746e3 4.257e3 4.447e3 4.742e3 4.270e3 4.581e3 4.123e3 4.192e3 4.069e3 3.744e3 3.502e3 3.579e3 3.477e3 4.675e3 5.191e3 4.411e3 1.944e3 3.008e3 5.481e3 5.946e3 5.420e3 5.860e3 6.259e3 5.994e3 5.981e3 4.960e3 4.990e3 5.648e3 5.441e3 5.108e3 5.044e3 5.584e3 6.262e3 5.685e3 6.133e3 4.346e3 7.827e3 8.068e3 7.951e3 6.757e3 6.635e3 6.362e3 6.710e3 5.558e3 5.742e3 6.211e3 6.434e3 5.342e3 4.737e3 5.717e3 5.631e3 5.833e3 5.562e3 5.476e3 5.399e3 5.472e3 5.282e3 4.503e3 4.640e3 5.610e3 4.785e3 4.571e3 5.215e3 5.558e3 7.268e3 7.227e3 8.622e3 8.776e3 7.996e3 7.647e3 7.744e3 7.251e3 7.218e3 5.706e3 
   3.50e6  492.4   668.6   1.293e3 1.899e3 2.333e3 2.365e3 1.850e3 1.855e3 1.468e3 1.566e3 3.409e3 3.566e3 3.606e3 3.801e3 4.814e3 4.724e3 2.483e3 3.686e3 3.897e3 4.407e3 4.566e3 4.879e3 4.403e3 4.791e3 4.241e3 4.307e3 4.179e3 3.881e3 3.614e3 3.715e3 3.580e3 4.793e3 5.341e3 4.545e3 2.051e3 3.149e3 5.647e3 6.149e3 5.589e3 6.051e3 6.414e3 6.170e3 6.169e3 5.141e3 5.186e3 5.791e3 5.616e3 5.266e3 5.198e3 5.730e3 6.473e3 5.908e3 6.311e3 4.597e3 8.071e3 8.333e3 8.189e3 7.001e3 6.863e3 6.586e3 6.947e3 5.749e3 5.936e3 6.331e3 6.697e3 5.538e3 4.900e3 5.910e3 5.788e3 6.027e3 5.746e3 5.668e3 5.551e3 5.635e3 5.477e3 4.704e3 4.799e3 5.802e3 4.982e3 4.734e3 5.399e3 5.730e3 7.517e3 7.443e3 8.848e3 9.054e3 8.215e3 7.878e3 8.032e3 7.511e3 7.460e3 5.921e3 
   3.75e6  502.0   690.4   1.342e3 1.949e3 2.369e3 2.407e3 1.879e3 1.921e3 1.525e3 1.618e3 3.499e3 3.639e3 3.696e3 3.922e3 4.946e3 4.913e3 2.574e3 3.816e3 4.047e3 4.554e3 4.686e3 5.015e3 4.537e3 4.995e3 4.355e3 4.423e3 4.288e3 4.018e3 3.726e3 3.851e3 3.684e3 4.911e3 5.490e3 4.679e3 2.161e3 3.293e3 5.814e3 6.352e3 5.760e3 6.240e3 6.566e3 6.347e3 6.358e3 5.323e3 5.380e3 5.927e3 5.791e3 5.425e3 5.346e3 5.884e3 6.683e3 6.132e3 6.490e3 4.846e3 8.312e3 8.598e3 8.426e3 7.248e3 7.092e3 6.809e3 7.183e3 5.943e3 6.127e3 6.454e3 6.958e3 5.733e3 5.064e3 6.099e3 5.945e3 6.222e3 5.926e3 5.860e3 5.702e3 5.799e3 5.671e3 4.903e3 4.956e3 5.992e3 5.181e3 4.895e3 5.582e3 5.907e3 7.762e3 7.659e3 9.070e3 9.328e3 8.435e3 8.111e3 8.318e3 7.770e3 7.703e3 6.139e3 
   4.00e6  511.2   712.4   1.390e3 1.998e3 2.405e3 2.451e3 1.907e3 1.986e3 1.585e3 1.672e3 3.590e3 3.712e3 3.789e3 4.045e3 5.076e3 5.100e3 2.658e3 3.934e3 4.199e3 4.698e3 4.806e3 5.150e3 4.671e3 5.194e3 4.467e3 4.537e3 4.394e3 4.155e3 3.838e3 3.985e3 3.788e3 5.030e3 5.638e3 4.814e3 2.275e3 3.440e3 5.983e3 6.556e3 5.934e3 6.427e3 6.717e3 6.525e3 6.548e3 5.504e3 5.572e3 6.058e3 5.966e3 5.586e3 5.490e3 6.046e3 6.893e3 6.354e3 6.670e3 5.094e3 8.552e3 8.860e3 8.663e3 7.495e3 7.321e3 7.030e3 7.417e3 6.139e3 6.316e3 6.580e3 7.219e3 5.926e3 5.230e3 6.284e3 6.104e3 6.416e3 6.102e3 6.051e3 5.852e3 5.964e3 5.862e3 5.100e3 5.110e3 6.180e3 5.381e3 5.056e3 5.764e3 6.088e3 8.003e3 7.876e3 9.288e3 9.598e3 8.655e3 8.347e3 8.602e3 8.027e3 7.947e3 6.362e3 
   4.50e6  529.0   756.7   1.486e3 2.094e3 2.481e3 2.546e3 1.965e3 2.118e3 1.712e3 1.781e3 3.772e3 3.860e3 3.977e3 4.292e3 5.330e3 5.471e3 2.809e3 4.135e3 4.501e3 4.980e3 5.048e3 5.418e3 4.939e3 5.575e3 4.684e3 4.766e3 4.599e3 4.424e3 4.059e3 4.250e3 3.997e3 5.268e3 5.930e3 5.085e3 2.512e3 3.742e3 6.322e3 6.963e3 6.284e3 6.794e3 7.013e3 6.883e3 6.928e3 5.865e3 5.950e3 6.306e3 6.314e3 5.908e3 5.767e3 6.385e3 7.308e3 6.794e3 7.031e3 5.589e3 9.026e3 9.380e3 9.131e3 7.992e3 7.778e3 7.461e3 7.880e3 6.534e3 6.682e3 6.835e3 7.734e3 6.307e3 5.562e3 6.647e3 6.422e3 6.803e3 6.444e3 6.432e3 6.151e3 6.291e3 6.236e3 5.487e3 5.413e3 6.550e3 5.783e3 5.374e3 6.122e3 6.458e3 8.475e3 8.309e3 9.709e3 10.13e3 9.094e3 8.825e3 9.162e3 8.537e3 8.433e3 6.816e3 
   5.00e6  546.0   801.5   1.579e3 2.187e3 2.558e3 2.646e3 2.024e3 2.250e3 1.847e3 1.893e3 3.954e3 4.007e3 4.169e3 4.538e3 5.575e3 5.832e3 2.949e3 4.300e3 4.803e3 5.252e3 5.288e3 5.681e3 5.205e3 5.932e3 4.893e3 4.993e3 4.796e3 4.687e3 4.278e3 4.508e3 4.205e3 5.506e3 6.215e3 5.354e3 2.762e3 4.054e3 6.662e3 7.367e3 6.637e3 7.154e3 7.303e3 7.240e3 7.306e3 6.224e3 6.318e3 6.544e3 6.657e3 6.230e3 6.030e3 6.739e3 7.714e3 7.223e3 7.392e3 6.080e3 9.491e3 9.891e3 9.592e3 8.488e3 8.230e3 7.873e3 8.333e3 6.932e3 7.034e3 7.096e3 8.241e3 6.683e3 5.894e3 6.998e3 6.740e3 7.188e3 6.774e3 6.810e3 6.448e3 6.617e3 6.598e3 5.865e3 5.706e3 6.913e3 6.182e3 5.687e3 6.475e3 6.837e3 8.931e3 8.740e3 10.11e3 10.64e3 9.530e3 9.307e3 9.713e3 9.039e3 8.917e3 7.279e3 
   5.50e6  562.6   847.4   1.670e3 2.276e3 2.637e3 2.749e3 2.085e3 2.381e3 1.985e3 2.005e3 4.133e3 4.153e3 4.360e3 4.781e3 5.812e3 6.182e3 3.087e3 4.446e3 5.101e3 5.515e3 5.527e3 5.940e3 5.469e3 6.266e3 5.097e3 5.217e3 4.986e3 4.941e3 4.494e3 4.758e3 4.411e3 5.742e3 6.491e3 5.620e3 3.023e3 4.373e3 7.000e3 7.766e3 6.990e3 7.506e3 7.589e3 7.595e3 7.679e3 6.578e3 6.676e3 6.779e3 6.994e3 6.550e3 6.283e3 7.103e3 8.109e3 7.640e3 7.752e3 6.569e3 9.947e3 10.39e3 10.04e3 8.983e3 8.675e3 8.263e3 8.776e3 7.329e3 7.369e3 7.359e3 8.737e3 7.053e3 6.225e3 7.337e3 7.055e3 7.569e3 7.091e3 7.184e3 6.743e3 6.939e3 6.948e3 6.232e3 5.990e3 7.266e3 6.577e3 5.995e3 6.821e3 7.221e3 9.371e3 9.167e3 10.49e3 11.14e3 9.961e3 9.790e3 10.25e3 9.532e3 9.396e3 7.750e3 
   6.00e6  578.9   894.6   1.758e3 2.362e3 2.717e3 2.853e3 2.146e3 2.511e3 2.127e3 2.118e3 4.308e3 4.296e3 4.548e3 5.019e3 6.038e3 6.520e3 3.234e3 4.587e3 5.394e3 5.770e3 5.762e3 6.194e3 5.729e3 6.579e3 5.297e3 5.437e3 5.171e3 5.186e3 4.707e3 5.001e3 4.616e3 5.975e3 6.758e3 5.881e3 3.294e3 4.698e3 7.337e3 8.158e3 7.340e3 7.850e3 7.876e3 7.946e3 8.046e3 6.927e3 7.025e3 7.015e3 7.324e3 6.867e3 6.529e3 7.471e3 8.490e3 8.044e3 8.109e3 7.056e3 10.39e3 10.87e3 10.48e3 9.473e3 9.112e3 8.630e3 9.208e3 7.725e3 7.689e3 7.625e3 9.222e3 7.417e3 6.554e3 7.667e3 7.367e3 7.945e3 7.398e3 7.552e3 7.035e3 7.258e3 7.287e3 6.587e3 6.266e3 7.612e3 6.966e3 6.299e3 7.162e3 7.607e3 9.795e3 9.588e3 10.85e3 11.62e3 10.39e3 10.27e3 10.78e3 10.02e3 9.869e3 8.226e3 
   6.50e6  595.2   943.0   1.843e3 2.445e3 2.797e3 2.956e3 2.210e3 2.640e3 2.270e3 2.231e3 4.479e3 4.437e3 4.733e3 5.250e3 6.256e3 6.845e3 3.396e3 4.735e3 5.683e3 6.016e3 5.994e3 6.444e3 5.986e3 6.873e3 5.495e3 5.654e3 5.353e3 5.422e3 4.916e3 5.235e3 4.818e3 6.205e3 7.016e3 6.137e3 3.572e3 5.029e3 7.670e3 8.543e3 7.687e3 8.188e3 8.165e3 8.292e3 8.407e3 7.271e3 7.364e3 7.254e3 7.648e3 7.180e3 6.769e3 7.842e3 8.858e3 8.433e3 8.464e3 7.541e3 10.83e3 11.35e3 10.91e3 9.959e3 9.539e3 8.975e3 9.628e3 8.118e3 7.995e3 7.893e3 9.693e3 7.775e3 6.879e3 7.987e3 7.675e3 8.317e3 7.695e3 7.916e3 7.324e3 7.574e3 7.617e3 6.932e3 6.535e3 7.950e3 7.349e3 6.599e3 7.498e3 7.995e3 10.20e3 10.00e3 11.20e3 12.08e3 10.80e3 10.75e3 11.30e3 10.49e3 10.34e3 8.707e3 
   7.00e6  611.7   992.6   1.926e3 2.525e3 2.878e3 3.059e3 2.275e3 2.768e3 2.413e3 2.343e3 4.646e3 4.576e3 4.913e3 5.475e3 6.464e3 7.158e3 3.574e3 4.896e3 5.967e3 6.256e3 6.222e3 6.690e3 6.240e3 7.151e3 5.692e3 5.868e3 5.535e3 5.649e3 5.121e3 5.461e3 5.019e3 6.432e3 7.266e3 6.389e3 3.858e3 5.364e3 8.000e3 8.921e3 8.031e3 8.521e3 8.458e3 8.634e3 8.761e3 7.609e3 7.693e3 7.498e3 7.966e3 7.489e3 7.007e3 8.213e3 9.212e3 8.809e3 8.816e3 8.024e3 11.25e3 11.81e3 11.33e3 10.44e3 9.957e3 9.302e3 10.04e3 8.507e3 8.290e3 8.161e3 10.15e3 8.128e3 7.201e3 8.298e3 7.979e3 8.685e3 7.984e3 8.274e3 7.612e3 7.885e3 7.939e3 7.266e3 6.799e3 8.281e3 7.724e3 6.896e3 7.829e3 8.383e3 10.60e3 10.41e3 11.54e3 12.54e3 11.22e3 11.23e3 11.81e3 10.96e3 10.80e3 9.191e3 
   8.00e6  646.0   1.094e3 2.082e3 2.678e3 3.042e3 3.262e3 2.412e3 3.020e3 2.698e3 2.569e3 4.968e3 4.846e3 5.262e3 5.904e3 6.855e3 7.746e3 3.985e3 5.262e3 6.520e3 6.715e3 6.668e3 7.172e3 6.738e3 7.669e3 6.083e3 6.286e3 5.901e3 6.080e3 5.523e3 5.893e3 5.414e3 6.877e3 7.743e3 6.878e3 4.448e3 6.045e3 8.650e3 9.655e3 8.706e3 9.172e3 9.060e3 9.303e3 9.448e3 8.268e3 8.329e3 7.998e3 8.584e3 8.095e3 7.481e3 8.950e3 9.883e3 9.524e3 9.511e3 8.987e3 12.07e3 12.69e3 12.14e3 11.38e3 10.76e3 9.912e3 10.83e3 9.277e3 8.854e3 8.703e3 11.03e3 8.823e3 7.833e3 8.901e3 8.577e3 9.409e3 8.543e3 8.976e3 8.183e3 8.499e3 8.565e3 7.903e3 7.314e3 8.925e3 8.457e3 7.480e3 8.478e3 9.156e3 11.35e3 11.21e3 12.18e3 13.41e3 12.03e3 12.19e3 12.79e3 11.87e3 11.71e3 10.17e3 
   9.00e6  683.0   1.198e3 2.230e3 2.823e3 3.206e3 3.461e3 2.558e3 3.268e3 2.980e3 2.796e3 5.274e3 5.109e3 5.593e3 6.306e3 7.217e3 8.289e3 4.459e3 5.683e3 7.054e3 7.154e3 7.102e3 7.644e3 7.227e3 8.150e3 6.474e3 6.694e3 6.274e3 6.489e3 5.916e3 6.300e3 5.805e3 7.312e3 8.197e3 7.350e3 5.057e3 6.737e3 9.290e3 10.36e3 9.368e3 9.809e3 9.685e3 9.958e3 10.11e3 8.909e3 8.937e3 8.514e3 9.183e3 8.686e3 7.962e3 9.678e3 10.51e3 10.20e3 10.20e3 9.945e3 12.86e3 13.54e3 12.92e3 12.30e3 11.53e3 10.49e3 11.60e3 10.03e3 9.401e3 9.250e3 11.87e3 9.505e3 8.451e3 9.484e3 9.163e3 10.12e3 9.083e3 9.661e3 8.753e3 9.103e3 9.176e3 8.508e3 7.822e3 9.550e3 9.167e3 8.057e3 9.116e3 9.927e3 12.07e3 12.00e3 12.80e3 14.24e3 12.82e3 13.14e3 13.75e3 12.76e3 12.59e3 11.16e3 
   10.0e6  723.3   1.302e3 2.368e3 2.962e3 3.371e3 3.657e3 2.712e3 3.514e3 3.257e3 3.025e3 5.569e3 5.367e3 5.910e3 6.686e3 7.558e3 8.793e3 4.983e3 6.146e3 7.571e3 7.577e3 7.527e3 8.110e3 7.708e3 8.607e3 6.866e3 7.095e3 6.657e3 6.882e3 6.303e3 6.687e3 6.192e3 7.740e3 8.633e3 7.810e3 5.680e3 7.436e3 9.921e3 11.05e3 10.02e3 10.44e3 10.33e3 10.60e3 10.76e3 9.534e3 9.524e3 9.041e3 9.768e3 9.268e3 8.460e3 10.40e3 11.11e3 10.85e3 10.88e3 10.90e3 13.62e3 14.35e3 13.67e3 13.20e3 12.28e3 11.05e3 12.34e3 10.78e3 9.943e3 9.806e3 12.67e3 10.18e3 9.058e3 10.06e3 9.741e3 10.82e3 9.612e3 10.33e3 9.324e3 9.702e3 9.780e3 9.087e3 8.328e3 10.16e3 9.860e3 8.631e3 9.748e3 10.69e3 12.76e3 12.77e3 13.42e3 15.04e3 13.61e3 14.09e3 14.68e3 13.62e3 13.47e3 12.16e3 
   11.0e6  767.3   1.406e3 2.500e3 3.096e3 3.537e3 3.849e3 2.876e3 3.758e3 3.532e3 3.258e3 5.854e3 5.622e3 6.215e3 7.047e3 7.881e3 9.263e3 5.543e3 6.640e3 8.074e3 7.989e3 7.947e3 8.572e3 8.185e3 9.050e3 7.259e3 7.492e3 7.049e3 7.267e3 6.686e3 7.060e3 6.579e3 8.165e3 9.058e3 8.260e3 6.314e3 8.141e3 10.55e3 11.72e3 10.66e3 11.07e3 10.99e3 11.24e3 11.39e3 10.15e3 10.10e3 9.579e3 10.35e3 9.842e3 8.976e3 11.10e3 11.69e3 11.48e3 11.55e3 11.85e3 14.36e3 15.14e3 14.40e3 14.08e3 13.00e3 11.61e3 13.06e3 11.53e3 10.49e3 10.37e3 13.44e3 10.86e3 9.656e3 10.62e3 10.31e3 11.52e3 10.14e3 11.00e3 9.900e3 10.30e3 10.38e3 9.649e3 8.837e3 10.77e3 10.54e3 9.207e3 10.38e3 11.46e3 13.42e3 13.54e3 14.04e3 15.83e3 14.39e3 15.04e3 15.60e3 14.48e3 14.34e3 13.17e3 
   12.0e6  815.1   1.509e3 2.626e3 3.228e3 3.704e3 4.040e3 3.048e3 4.001e3 3.802e3 3.496e3 6.132e3 5.876e3 6.511e3 7.392e3 8.191e3 9.707e3 6.129e3 7.154e3 8.565e3 8.394e3 8.363e3 9.034e3 8.660e3 9.483e3 7.655e3 7.887e3 7.449e3 7.647e3 7.068e3 7.424e3 6.968e3 8.587e3 9.474e3 8.703e3 6.957e3 8.850e3 11.17e3 12.37e3 11.30e3 11.70e3 11.66e3 11.87e3 12.00e3 10.75e3 10.66e3 10.13e3 10.92e3 10.41e3 9.511e3 11.80e3 12.25e3 12.10e3 12.22e3 12.80e3 15.08e3 15.91e3 15.12e3 14.94e3 13.70e3 12.18e3 13.77e3 12.27e3 11.04e3 10.95e3 14.18e3 11.53e3 10.25e3 11.18e3 10.89e3 12.21e3 10.66e3 11.66e3 10.48e3 10.90e3 10.99e3 10.20e3 9.352e3 11.38e3 11.21e3 9.787e3 11.01e3 12.23e3 14.08e3 14.30e3 14.66e3 16.59e3 15.17e3 15.99e3 16.50e3 15.32e3 15.20e3 14.19e3 
   13.0e6  866.7   1.611e3 2.747e3 3.358e3 3.871e3 4.229e3 3.229e3 4.245e3 4.071e3 3.738e3 6.405e3 6.130e3 6.799e3 7.723e3 8.492e3 10.13e3 6.732e3 7.682e3 9.047e3 8.794e3 8.777e3 9.497e3 9.133e3 9.912e3 8.053e3 8.283e3 7.858e3 8.026e3 7.451e3 7.782e3 7.359e3 9.010e3 9.887e3 9.141e3 7.605e3 9.561e3 11.79e3 13.01e3 11.93e3 12.33e3 12.35e3 12.50e3 12.62e3 11.35e3 11.21e3 10.68e3 11.49e3 10.98e3 10.07e3 12.50e3 12.80e3 12.71e3 12.89e3 13.75e3 15.79e3 16.66e3 15.83e3 15.79e3 14.39e3 12.76e3 14.47e3 13.00e3 11.61e3 11.53e3 14.90e3 12.21e3 10.83e3 11.75e3 11.46e3 12.90e3 11.19e3 12.31e3 11.08e3 11.50e3 11.59e3 10.75e3 9.875e3 11.99e3 11.88e3 10.37e3 11.65e3 12.99e3 14.73e3 15.06e3 15.30e3 17.35e3 15.95e3 16.95e3 17.40e3 16.16e3 16.06e3 15.23e3 
   14.0e6  922.0   1.711e3 2.864e3 3.487e3 4.039e3 4.417e3 3.419e3 4.489e3 4.337e3 3.985e3 6.675e3 6.385e3 7.081e3 8.045e3 8.786e3 10.53e3 7.344e3 8.219e3 9.521e3 9.190e3 9.190e3 9.963e3 9.606e3 10.34e3 8.454e3 8.679e3 8.274e3 8.407e3 7.836e3 8.138e3 7.755e3 9.435e3 10.30e3 9.577e3 8.257e3 10.27e3 12.42e3 13.65e3 12.56e3 12.96e3 13.04e3 13.12e3 13.22e3 11.95e3 11.76e3 11.24e3 12.06e3 11.55e3 10.64e3 13.19e3 13.35e3 13.32e3 13.55e3 14.69e3 16.49e3 17.41e3 16.54e3 16.62e3 15.07e3 13.36e3 15.17e3 13.74e3 12.19e3 12.13e3 15.61e3 12.90e3 11.42e3 12.32e3 12.03e3 13.59e3 11.72e3 12.97e3 11.68e3 12.10e3 12.21e3 11.30e3 10.41e3 12.60e3 12.55e3 10.97e3 12.29e3 13.76e3 15.38e3 15.82e3 15.95e3 18.11e3 16.73e3 17.92e3 18.29e3 17.00e3 16.92e3 16.27e3 
   15.0e6  980.7   1.811e3 2.978e3 3.616e3 4.208e3 4.605e3 3.617e3 4.733e3 4.601e3 4.236e3 6.944e3 6.642e3 7.359e3 8.357e3 9.074e3 10.92e3 7.960e3 8.761e3 9.989e3 9.586e3 9.605e3 10.43e3 10.08e3 10.76e3 8.859e3 9.079e3 8.696e3 8.791e3 8.223e3 8.494e3 8.155e3 9.862e3 10.71e3 10.01e3 8.913e3 10.99e3 13.04e3 14.28e3 13.19e3 13.61e3 13.74e3 13.75e3 13.82e3 12.54e3 12.31e3 11.81e3 12.63e3 12.12e3 11.23e3 13.88e3 13.89e3 13.93e3 14.21e3 15.63e3 17.19e3 18.15e3 17.24e3 17.43e3 15.75e3 13.97e3 15.86e3 14.48e3 12.78e3 12.74e3 16.30e3 13.59e3 12.00e3 12.89e3 12.61e3 14.28e3 12.26e3 13.62e3 12.29e3 12.71e3 12.83e3 11.85e3 10.95e3 13.22e3 13.22e3 11.58e3 12.94e3 14.53e3 16.03e3 16.58e3 16.61e3 18.86e3 17.53e3 18.90e3 19.18e3 17.83e3 17.78e3 17.32e3 
   16.0e6  1.043e3 1.909e3 3.088e3 3.744e3 4.376e3 4.793e3 3.822e3 4.979e3 4.864e3 4.492e3 7.212e3 6.901e3 7.633e3 8.662e3 9.359e3 11.29e3 8.577e3 9.306e3 10.45e3 9.981e3 10.02e3 10.90e3 10.55e3 11.19e3 9.267e3 9.481e3 9.123e3 9.178e3 8.614e3 8.851e3 8.560e3 10.29e3 11.12e3 10.45e3 9.569e3 11.70e3 13.66e3 14.90e3 13.82e3 14.26e3 14.44e3 14.39e3 14.42e3 13.13e3 12.85e3 12.39e3 13.21e3 12.69e3 11.84e3 14.56e3 14.44e3 14.55e3 14.86e3 16.56e3 17.89e3 18.88e3 17.94e3 18.23e3 16.42e3 14.60e3 16.55e3 15.23e3 13.38e3 13.37e3 16.99e3 14.29e3 12.59e3 13.47e3 13.20e3 14.97e3 12.81e3 14.28e3 12.91e3 13.33e3 13.46e3 12.40e3 11.50e3 13.84e3 13.88e3 12.19e3 13.60e3 15.31e3 16.68e3 17.35e3 17.28e3 19.61e3 18.33e3 19.88e3 20.06e3 18.67e3 18.64e3 18.38e3 
   17.0e6  1.108e3 2.006e3 3.197e3 3.873e3 4.545e3 4.980e3 4.033e3 5.226e3 5.126e3 4.753e3 7.479e3 7.162e3 7.904e3 8.961e3 9.642e3 11.66e3 9.191e3 9.851e3 10.91e3 10.38e3 10.44e3 11.38e3 11.03e3 11.62e3 9.678e3 9.886e3 9.555e3 9.569e3 9.008e3 9.211e3 8.971e3 10.73e3 11.53e3 10.88e3 10.23e3 12.41e3 14.29e3 15.51e3 14.45e3 14.91e3 15.15e3 15.02e3 15.02e3 13.73e3 13.40e3 12.97e3 13.79e3 13.27e3 12.46e3 15.24e3 14.99e3 15.16e3 15.51e3 17.48e3 18.58e3 19.61e3 18.63e3 19.02e3 17.09e3 15.23e3 17.24e3 15.98e3 14.00e3 14.00e3 17.67e3 14.99e3 13.17e3 14.06e3 13.78e3 15.66e3 13.37e3 14.94e3 13.54e3 13.95e3 14.09e3 12.97e3 12.06e3 14.47e3 14.55e3 12.82e3 14.26e3 16.09e3 17.34e3 18.12e3 17.97e3 20.37e3 19.13e3 20.87e3 20.95e3 19.51e3 19.50e3 19.45e3 
   18.0e6  1.175e3 2.101e3 3.303e3 4.002e3 4.714e3 5.168e3 4.251e3 5.473e3 5.386e3 5.017e3 7.747e3 7.425e3 8.172e3 9.255e3 9.922e3 12.01e3 9.800e3 10.40e3 11.36e3 10.77e3 10.86e3 11.85e3 11.50e3 12.04e3 10.09e3 10.29e3 9.992e3 9.964e3 9.406e3 9.575e3 9.387e3 11.16e3 11.94e3 11.32e3 10.88e3 13.11e3 14.92e3 16.12e3 15.08e3 15.57e3 15.86e3 15.66e3 15.62e3 14.32e3 13.94e3 13.56e3 14.37e3 13.84e3 13.09e3 15.92e3 15.55e3 15.79e3 16.15e3 18.39e3 19.27e3 20.34e3 19.33e3 19.79e3 17.76e3 15.88e3 17.92e3 16.73e3 14.63e3 14.65e3 18.34e3 15.70e3 13.76e3 14.66e3 14.38e3 16.35e3 13.94e3 15.60e3 14.18e3 14.58e3 14.74e3 13.54e3 12.64e3 15.11e3 15.23e3 13.45e3 14.94e3 16.87e3 18.01e3 18.89e3 18.66e3 21.12e3 19.95e3 21.87e3 21.83e3 20.35e3 20.36e3 20.52e3 
   20.0e6  1.316e3 2.289e3 3.509e3 4.260e3 5.051e3 5.541e3 4.701e3 5.968e3 5.904e3 5.556e3 8.282e3 7.957e3 8.702e3 9.829e3 10.48e3 12.70e3 11.00e3 11.48e3 12.26e3 11.56e3 11.70e3 12.81e3 12.45e3 12.90e3 10.93e3 11.12e3 10.87e3 10.77e3 10.21e3 10.32e3 10.23e3 12.05e3 12.78e3 12.19e3 12.19e3 14.52e3 16.18e3 17.33e3 16.34e3 16.91e3 17.28e3 16.94e3 16.81e3 15.50e3 15.04e3 14.75e3 15.55e3 15.01e3 14.37e3 17.28e3 16.67e3 17.04e3 17.41e3 20.18e3 20.64e3 21.79e3 20.73e3 21.29e3 19.10e3 17.21e3 19.30e3 18.24e3 15.91e3 15.97e3 19.67e3 17.13e3 14.94e3 15.87e3 15.58e3 17.72e3 15.10e3 16.93e3 15.49e3 15.86e3 16.05e3 14.71e3 13.81e3 16.40e3 16.58e3 14.76e3 16.31e3 18.44e3 19.35e3 20.45e3 20.07e3 22.64e3 21.60e3 23.89e3 23.60e3 22.03e3 22.09e3 22.66e3 
   22.5e6  1.502e3 2.517e3 3.759e3 4.583e3 5.467e3 6.006e3 5.284e3 6.585e3 6.545e3 6.243e3 8.951e3 8.630e3 9.355e3 10.53e3 11.17e3 13.53e3 12.44e3 12.82e3 13.35e3 12.55e3 12.76e3 14.03e3 13.62e3 13.98e3 11.99e3 12.17e3 11.99e3 11.79e3 11.24e3 11.27e3 11.32e3 13.17e3 13.82e3 13.29e3 13.81e3 16.24e3 17.76e3 18.82e3 17.91e3 18.61e3 19.04e3 18.54e3 18.29e3 16.98e3 16.41e3 16.27e3 17.05e3 16.48e3 16.01e3 18.96e3 18.08e3 18.63e3 18.93e3 22.34e3 22.36e3 23.60e3 22.48e3 23.07e3 20.78e3 18.90e3 21.01e3 20.14e3 17.55e3 17.66e3 21.31e3 18.93e3 16.43e3 17.43e3 17.11e3 19.42e3 16.59e3 18.61e3 17.16e3 17.49e3 17.73e3 16.21e3 15.32e3 18.05e3 18.29e3 16.43e3 18.06e3 20.41e3 21.05e3 22.41e3 21.87e3 24.54e3 23.68e3 26.43e3 25.80e3 24.14e3 24.25e3 25.34e3 
   25.0e6  1.693e3 2.738e3 3.999e3 4.904e3 5.875e3 6.466e3 5.881e3 7.195e3 7.177e3 6.938e3 9.618e3 9.308e3 9.994e3 11.20e3 11.85e3 14.33e3 13.82e3 14.13e3 14.42e3 13.54e3 13.82e3 15.24e3 14.79e3 15.05e3 13.05e3 13.22e3 13.11e3 12.82e3 12.28e3 12.24e3 12.42e3 14.31e3 14.88e3 14.39e3 15.41e3 17.93e3 19.33e3 20.28e3 19.47e3 20.32e3 20.79e3 20.15e3 19.76e3 18.44e3 17.78e3 17.80e3 18.55e3 17.95e3 17.67e3 20.63e3 19.51e3 20.23e3 20.40e3 24.42e3 24.06e3 25.38e3 24.22e3 24.76e3 22.47e3 20.61e3 22.71e3 22.05e3 19.23e3 19.39e3 22.92e3 20.72e3 17.94e3 19.01e3 18.66e3 21.10e3 18.13e3 20.29e3 18.86e3 19.15e3 19.44e3 17.77e3 16.87e3 19.73e3 20.00e3 18.15e3 19.84e3 22.38e3 22.79e3 24.37e3 23.69e3 26.44e3 25.79e3 28.97e3 27.98e3 26.24e3 26.40e3 27.97e3 
   27.5e6  1.886e3 2.951e3 4.230e3 5.223e3 6.273e3 6.917e3 6.481e3 7.793e3 7.796e3 7.635e3 10.28e3 9.986e3 10.62e3 11.85e3 12.52e3 15.09e3 15.14e3 15.40e3 15.46e3 14.52e3 14.88e3 16.44e3 15.93e3 16.12e3 14.11e3 14.28e3 14.23e3 13.86e3 13.33e3 13.24e3 13.53e3 15.45e3 15.93e3 15.48e3 16.97e3 19.57e3 20.87e3 21.69e3 21.01e3 22.02e3 22.50e3 21.75e3 21.21e3 19.90e3 19.16e3 19.34e3 20.07e3 19.43e3 19.33e3 22.28e3 20.95e3 21.83e3 21.80e3 26.43e3 25.74e3 27.15e3 25.95e3 26.35e3 24.15e3 22.32e3 24.40e3 23.96e3 20.93e3 21.15e3 24.52e3 22.49e3 19.45e3 20.62e3 20.22e3 22.73e3 19.70e3 21.96e3 20.57e3 20.81e3 21.17e3 19.35e3 18.45e3 21.42e3 21.72e3 19.91e3 21.64e3 24.35e3 24.53e3 26.31e3 25.51e3 28.33e3 27.90e3 31.49e3 30.13e3 28.33e3 28.53e3 30.54e3 
   30.0e6  2.077e3 3.156e3 4.453e3 5.536e3 6.658e3 7.359e3 7.077e3 8.374e3 8.402e3 8.327e3 10.93e3 10.66e3 11.23e3 12.49e3 13.19e3 15.84e3 16.38e3 16.63e3 16.48e3 15.48e3 15.93e3 17.63e3 17.04e3 17.17e3 15.17e3 15.34e3 15.34e3 14.91e3 14.38e3 14.25e3 14.66e3 16.59e3 16.98e3 16.57e3 18.50e3 21.15e3 22.39e3 23.07e3 22.52e3 23.71e3 24.17e3 23.33e3 22.64e3 21.33e3 20.52e3 20.87e3 21.58e3 20.90e3 20.97e3 23.90e3 22.39e3 23.43e3 23.14e3 28.35e3 27.41e3 28.89e3 27.66e3 27.86e3 25.82e3 24.02e3 26.07e3 25.86e3 22.63e3 22.92e3 26.08e3 24.23e3 20.97e3 22.25e3 21.79e3 24.32e3 21.30e3 23.63e3 22.28e3 22.49e3 22.91e3 20.96e3 20.05e3 23.11e3 23.43e3 21.68e3 23.44e3 26.29e3 26.29e3 28.23e3 27.33e3 30.22e3 30.00e3 33.97e3 32.26e3 30.40e3 30.63e3 33.04e3 
   32.5e6  2.266e3 3.354e3 4.668e3 5.844e3 7.030e3 7.789e3 7.661e3 8.936e3 8.992e3 9.009e3 11.57e3 11.33e3 11.83e3 13.10e3 13.84e3 16.55e3 17.56e3 17.81e3 17.46e3 16.43e3 16.96e3 18.79e3 18.12e3 18.21e3 16.21e3 16.40e3 16.43e3 15.95e3 15.42e3 15.26e3 15.78e3 17.73e3 18.02e3 17.65e3 19.99e3 22.67e3 23.87e3 24.41e3 23.99e3 25.36e3 25.80e3 24.88e3 24.05e3 22.74e3 21.87e3 22.40e3 23.08e3 22.36e3 22.59e3 25.48e3 23.81e3 25.01e3 24.43e3 30.21e3 29.04e3 30.60e3 29.34e3 29.30e3 27.47e3 25.71e3 27.71e3 27.74e3 24.32e3 24.69e3 27.62e3 25.93e3 22.49e3 23.87e3 23.35e3 25.87e3 22.90e3 25.27e3 23.98e3 24.16e3 24.66e3 22.58e3 21.66e3 24.79e3 25.12e3 23.45e3 25.23e3 28.20e3 28.04e3 30.12e3 29.13e3 32.08e3 32.08e3 36.40e3 34.34e3 32.44e3 32.69e3 35.44e3 
   35.0e6  2.449e3 3.545e3 4.875e3 6.143e3 7.386e3 8.206e3 8.230e3 9.475e3 9.565e3 9.678e3 12.19e3 11.98e3 12.41e3 13.69e3 14.47e3 17.25e3 18.67e3 18.95e3 18.41e3 17.37e3 17.97e3 19.93e3 19.17e3 19.23e3 17.24e3 17.43e3 17.50e3 16.98e3 16.46e3 16.28e3 16.89e3 18.85e3 19.05e3 18.71e3 21.44e3 24.14e3 25.31e3 25.70e3 25.42e3 26.98e3 27.37e3 26.41e3 25.42e3 24.13e3 23.20e3 23.90e3 24.57e3 23.80e3 24.16e3 27.03e3 25.22e3 26.56e3 25.68e3 32.01e3 30.64e3 32.27e3 30.99e3 30.66e3 29.10e3 27.37e3 29.32e3 29.60e3 26.01e3 26.44e3 29.13e3 27.59e3 24.01e3 25.50e3 24.91e3 27.36e3 24.51e3 26.90e3 25.66e3 25.81e3 26.40e3 24.21e3 23.27e3 26.46e3 26.80e3 25.22e3 27.01e3 30.08e3 29.78e3 31.97e3 30.90e3 33.91e3 34.13e3 38.75e3 36.37e3 34.44e3 34.70e3 37.75e3 
   37.5e6  2.627e3 3.729e3 5.074e3 6.435e3 7.727e3 8.609e3 8.779e3 9.991e3 10.12e3 10.33e3 12.80e3 12.62e3 12.97e3 14.26e3 15.09e3 17.91e3 19.71e3 20.04e3 19.32e3 18.28e3 18.97e3 21.03e3 20.17e3 20.22e3 18.24e3 18.46e3 18.55e3 18.00e3 17.48e3 17.29e3 18.00e3 19.96e3 20.06e3 19.75e3 22.85e3 25.54e3 26.70e3 26.94e3 26.81e3 28.55e3 28.90e3 27.89e3 26.76e3 25.48e3 24.50e3 25.38e3 26.03e3 25.21e3 25.70e3 28.54e3 26.61e3 28.09e3 26.90e3 33.75e3 32.20e3 33.90e3 32.61e3 31.97e3 30.70e3 29.00e3 30.89e3 31.42e3 27.67e3 28.18e3 30.61e3 29.19e3 25.51e3 27.12e3 26.45e3 28.79e3 26.12e3 28.49e3 27.31e3 27.45e3 28.13e3 25.84e3 24.88e3 28.10e3 28.46e3 26.98e3 28.76e3 31.92e3 31.51e3 33.77e3 32.64e3 35.72e3 36.14e3 41.03e3 38.35e3 36.40e3 36.67e3 39.95e3 
   40.0e6  2.798e3 3.905e3 5.265e3 6.717e3 8.053e3 8.997e3 9.307e3 10.48e3 10.66e3 10.96e3 13.39e3 13.25e3 13.51e3 14.81e3 15.69e3 18.55e3 20.70e3 21.08e3 20.20e3 19.16e3 19.94e3 22.10e3 21.15e3 21.19e3 19.23e3 19.46e3 19.57e3 19.00e3 18.49e3 18.30e3 19.09e3 21.05e3 21.05e3 20.77e3 24.22e3 26.89e3 28.04e3 28.14e3 28.15e3 30.07e3 30.36e3 29.34e3 28.06e3 26.79e3 25.79e3 26.83e3 27.47e3 26.60e3 27.19e3 30.01e3 27.98e3 29.59e3 28.09e3 35.44e3 33.73e3 35.49e3 34.18e3 33.22e3 32.28e3 30.59e3 32.43e3 33.20e3 29.31e3 29.90e3 32.05e3 30.75e3 27.01e3 28.72e3 27.97e3 30.18e3 27.71e3 30.05e3 28.93e3 29.07e3 29.84e3 27.46e3 26.47e3 29.71e3 30.08e3 28.71e3 30.48e3 33.72e3 33.21e3 35.52e3 34.35e3 37.48e3 38.10e3 43.23e3 40.29e3 38.32e3 38.59e3 42.06e3 
   45.0e6  3.122e3 4.239e3 5.626e3 7.253e3 8.659e3 9.728e3 10.29e3 11.40e3 11.68e3 12.16e3 14.52e3 14.45e3 14.55e3 15.85e3 16.85e3 19.77e3 22.49e3 23.00e3 21.87e3 20.86e3 21.79e3 24.13e3 22.98e3 23.06e3 21.13e3 21.41e3 21.53e3 20.95e3 20.45e3 20.28e3 21.21e3 23.16e3 22.97e3 22.76e3 26.82e3 29.40e3 30.57e3 30.39e3 30.69e3 32.94e3 33.13e3 32.10e3 30.56e3 29.32e3 28.27e3 29.65e3 30.25e3 29.28e3 30.03e3 32.82e3 30.63e3 32.49e3 30.42e3 38.68e3 36.66e3 38.53e3 37.22e3 35.60e3 35.32e3 33.66e3 35.39e3 36.65e3 32.50e3 33.25e3 34.84e3 33.74e3 29.94e3 31.87e3 30.93e3 32.79e3 30.86e3 33.08e3 32.06e3 32.21e3 33.19e3 30.65e3 29.61e3 32.83e3 33.25e3 32.10e3 33.81e3 37.17e3 36.54e3 38.85e3 37.67e3 40.91e3 41.88e3 47.35e3 43.98e3 42.01e3 42.28e3 45.99e3 
   50.0e6  3.420e3 4.547e3 5.958e3 7.751e3 9.207e3 10.40e3 11.19e3 12.22e3 12.63e3 13.27e3 15.56e3 15.58e3 15.51e3 16.82e3 17.94e3 20.90e3 24.09e3 24.74e3 23.41e3 22.46e3 23.54e3 26.01e3 24.67e3 24.82e3 22.93e3 23.27e3 23.38e3 22.82e3 22.33e3 22.20e3 23.25e3 25.17e3 24.80e3 24.64e3 29.27e3 31.68e3 32.90e3 32.46e3 33.04e3 35.59e3 35.69e3 34.68e3 32.90e3 31.70e3 30.64e3 32.32e3 32.90e3 31.84e3 32.68e3 35.45e3 33.17e3 35.24e3 32.69e3 41.74e3 39.43e3 41.39e3 40.08e3 37.83e3 38.22e3 36.56e3 38.19e3 39.92e3 35.55e3 36.45e3 37.49e3 36.56e3 32.79e3 34.92e3 33.79e3 35.23e3 33.92e3 35.96e3 35.04e3 35.23e3 36.42e3 33.76e3 32.65e3 35.81e3 36.27e3 35.34e3 36.96e3 40.43e3 39.76e3 41.96e3 40.84e3 44.18e3 45.43e3 51.12e3 47.47e3 45.50e3 45.75e3 49.57e3 
   55.0e6  3.693e3 4.832e3 6.266e3 8.210e3 9.704e3 11.01e3 12.01e3 12.96e3 13.51e3 14.29e3 16.53e3 16.64e3 16.41e3 17.72e3 18.97e3 21.95e3 25.50e3 26.29e3 24.83e3 23.96e3 25.18e3 27.74e3 26.22e3 26.47e3 24.62e3 25.02e3 25.11e3 24.59e3 24.12e3 24.05e3 25.19e3 27.09e3 26.55e3 26.44e3 31.55e3 33.75e3 35.03e3 34.37e3 35.20e3 38.01e3 38.04e3 37.09e3 35.10e3 33.94e3 32.90e3 34.84e3 35.41e3 34.27e3 35.13e3 37.93e3 35.58e3 37.84e3 34.94e3 44.64e3 42.03e3 44.08e3 42.78e3 39.94e3 40.97e3 39.29e3 40.84e3 43.02e3 38.45e3 39.50e3 40.01e3 39.24e3 35.54e3 37.86e3 36.54e3 37.51e3 36.87e3 38.70e3 37.88e3 38.11e3 39.53e3 36.76e3 35.58e3 38.62e3 39.16e3 38.42e3 39.95e3 43.50e3 42.83e3 44.84e3 43.87e3 47.28e3 48.76e3 54.55e3 50.74e3 48.80e3 49.02e3 52.85e3 
   60.0e6  3.943e3 5.096e3 6.550e3 8.634e3 10.15e3 11.58e3 12.75e3 13.63e3 14.33e3 15.22e3 17.43e3 17.62e3 17.26e3 18.57e3 19.93e3 22.92e3 26.75e3 27.68e3 26.14e3 25.37e3 26.71e3 29.32e3 27.66e3 28.02e3 26.21e3 26.68e3 26.73e3 26.27e3 25.81e3 25.81e3 27.03e3 28.90e3 28.20e3 28.15e3 33.68e3 35.63e3 36.97e3 36.12e3 37.19e3 40.20e3 40.21e3 39.32e3 37.15e3 36.04e3 35.03e3 37.22e3 37.78e3 36.56e3 37.41e3 40.25e3 37.87e3 40.29e3 37.16e3 47.38e3 44.48e3 46.59e3 45.31e3 41.96e3 43.58e3 41.86e3 43.34e3 45.93e3 41.21e3 42.40e3 42.40e3 41.79e3 38.20e3 40.68e3 39.16e3 39.66e3 39.71e3 41.30e3 40.57e3 40.85e3 42.49e3 39.65e3 38.40e3 41.29e3 41.92e3 41.34e3 42.75e3 46.39e3 45.78e3 47.52e3 46.76e3 50.24e3 51.87e3 57.66e3 53.81e3 51.92e3 52.10e3 55.86e3 
   65.0e6  4.172e3 5.339e3 6.813e3 9.023e3 10.56e3 12.09e3 13.43e3 14.23e3 15.09e3 16.07e3 18.26e3 18.54e3 18.05e3 19.35e3 20.84e3 23.83e3 27.86e3 28.91e3 27.35e3 26.68e3 28.13e3 30.77e3 28.98e3 29.46e3 27.70e3 28.23e3 28.24e3 27.86e3 27.42e3 27.50e3 28.77e3 30.61e3 29.77e3 29.76e3 35.67e3 37.33e3 38.74e3 37.74e3 39.02e3 42.20e3 42.20e3 41.39e3 39.08e3 38.01e3 37.05e3 39.45e3 40.02e3 38.73e3 39.52e3 42.42e3 40.04e3 42.59e3 39.34e3 49.96e3 46.78e3 48.95e3 47.70e3 43.90e3 46.04e3 44.28e3 45.70e3 48.67e3 43.83e3 45.13e3 44.67e3 44.24e3 40.74e3 43.38e3 41.66e3 41.69e3 42.42e3 43.76e3 43.12e3 43.44e3 45.31e3 42.42e3 41.09e3 43.80e3 44.54e3 44.08e3 45.38e3 49.11e3 48.58e3 50.01e3 49.51e3 53.04e3 54.78e3 60.48e3 56.69e3 54.86e3 55.00e3 58.65e3 
   70.0e6  4.380e3 5.565e3 7.056e3 9.381e3 10.93e3 12.56e3 14.05e3 14.78e3 15.80e3 16.85e3 19.02e3 19.38e3 18.79e3 20.09e3 21.69e3 24.68e3 28.85e3 30.00e3 28.47e3 27.91e3 29.45e3 32.10e3 30.21e3 30.82e3 29.09e3 29.70e3 29.66e3 29.36e3 28.93e3 29.09e3 30.41e3 32.23e3 31.26e3 31.30e3 37.52e3 38.88e3 40.37e3 39.23e3 40.71e3 44.01e3 44.04e3 43.31e3 40.88e3 39.86e3 38.95e3 41.55e3 42.12e3 40.77e3 41.49e3 44.46e3 42.09e3 44.76e3 41.48e3 52.39e3 48.94e3 51.16e3 49.94e3 45.76e3 48.37e3 46.56e3 47.92e3 51.24e3 46.30e3 47.71e3 46.83e3 46.58e3 43.18e3 45.96e3 44.04e3 43.63e3 45.01e3 46.10e3 45.54e3 45.90e3 48.00e3 45.06e3 43.66e3 46.18e3 47.03e3 46.66e3 47.85e3 51.67e3 51.25e3 52.31e3 52.13e3 55.70e3 57.48e3 63.05e3 59.40e3 57.64e3 57.73e3 61.25e3 
   80.0e6  4.741e3 5.969e3 7.493e3 10.01e3 11.58e3 13.38e3 15.13e3 15.73e3 17.08e3 18.22e3 20.38e3 20.90e3 20.14e3 21.44e3 23.26e3 26.21e3 30.50e3 31.84e3 30.48e3 30.12e3 31.83e3 34.42e3 32.41e3 33.28e3 31.63e3 32.37e3 32.23e3 32.12e3 31.71e3 32.05e3 33.41e3 35.18e3 34.01e3 34.13e3 40.85e3 41.58e3 43.21e3 41.91e3 43.71e3 47.14e3 47.30e3 46.73e3 44.15e3 43.23e3 42.46e3 45.36e3 45.96e3 44.53e3 45.03e3 48.19e3 45.88e3 48.73e3 45.61e3 56.79e3 52.88e3 55.18e3 54.04e3 49.28e3 52.64e3 50.71e3 52.00e3 55.93e3 50.86e3 52.44e3 50.84e3 51.00e3 47.74e3 50.77e3 48.48e3 47.26e3 49.83e3 50.43e3 50.03e3 50.44e3 52.97e3 49.99e3 48.45e3 50.58e3 51.65e3 51.36e3 52.35e3 56.36e3 56.21e3 56.47e3 57.00e3 60.64e3 62.36e3 67.54e3 64.35e3 62.73e3 62.74e3 65.97e3 
   90.0e6  5.033e3 6.316e3 7.873e3 10.55e3 12.12e3 14.08e3 16.04e3 16.53e3 18.18e3 19.36e3 21.54e3 22.21e3 21.35e3 22.65e3 24.65e3 27.56e3 31.80e3 33.29e3 32.23e3 32.07e3 33.88e3 36.37e3 34.33e3 35.44e3 33.86e3 34.72e3 34.49e3 34.58e3 34.19e3 34.70e3 36.08e3 37.82e3 36.49e3 36.69e3 43.72e3 43.84e3 45.63e3 44.23e3 46.29e3 49.75e3 50.10e3 49.68e3 47.04e3 46.21e3 45.60e3 48.72e3 49.35e3 47.90e3 48.14e3 51.50e3 49.28e3 52.24e3 49.48e3 60.64e3 56.38e3 58.72e3 57.67e3 52.54e3 56.47e3 54.40e3 55.66e3 60.07e3 54.95e3 56.65e3 54.49e3 55.07e3 51.91e3 55.14e3 52.50e3 50.61e3 54.19e3 54.36e3 54.11e3 54.51e3 57.45e3 54.46e3 52.80e3 54.57e3 55.83e3 55.53e3 56.35e3 60.56e3 60.69e3 60.12e3 61.39e3 65.11e3 66.63e3 71.36e3 68.76e3 67.30e3 67.22e3 70.17e3 
   100.e6  5.267e3 6.616e3 8.205e3 11.00e3 12.59e3 14.67e3 16.81e3 17.21e3 19.14e3 20.33e3 22.54e3 23.33e3 22.44e3 23.74e3 25.90e3 28.76e3 32.82e3 34.43e3 33.75e3 33.78e3 35.66e3 38.02e3 36.01e3 37.34e3 35.83e3 36.80e3 36.48e3 36.77e3 36.41e3 37.07e3 38.45e3 40.16e3 38.73e3 39.02e3 46.19e3 45.74e3 47.70e3 46.28e3 48.53e3 51.93e3 52.52e3 52.24e3 49.61e3 48.88e3 48.41e3 51.69e3 52.36e3 50.92e3 50.90e3 54.47e3 52.36e3 55.37e3 53.06e3 63.99e3 59.50e3 61.85e3 60.92e3 55.56e3 59.91e3 57.70e3 58.95e3 63.73e3 58.63e3 60.39e3 57.81e3 58.82e3 55.73e3 59.12e3 56.16e3 53.75e3 58.13e3 57.93e3 57.82e3 58.18e3 61.49e3 58.52e3 56.75e3 58.21e3 59.63e3 59.24e3 59.93e3 64.35e3 64.76e3 63.36e3 65.37e3 69.17e3 70.40e3 74.66e3 72.71e3 71.41e3 71.26e3 73.98e3 
   110.e6  5.449e3 6.875e3 8.497e3 11.39e3 12.99e3 15.18e3 17.45e3 17.79e3 19.98e3 21.14e3 23.39e3 24.30e3 23.42e3 24.74e3 27.03e3 29.84e3 33.64e3 35.34e3 35.09e3 35.29e3 37.21e3 39.41e3 37.51e3 39.02e3 37.58e3 38.64e3 38.25e3 38.73e3 38.40e3 39.19e3 40.57e3 42.26e3 40.78e3 41.14e3 48.32e3 47.37e3 49.50e3 48.11e3 50.50e3 53.79e3 54.61e3 54.46e3 51.91e3 51.26e3 50.94e3 54.31e3 55.03e3 53.64e3 53.39e3 57.14e3 55.15e3 58.17e3 56.35e3 66.90e3 62.29e3 64.64e3 63.84e3 58.37e3 63.00e3 60.66e3 61.92e3 66.98e3 61.94e3 63.74e3 60.86e3 62.26e3 59.22e3 62.73e3 59.50e3 56.70e3 61.70e3 61.21e3 61.22e3 61.50e3 65.14e3 62.20e3 60.35e3 61.55e3 63.10e3 62.57e3 63.17e3 67.79e3 68.45e3 66.29e3 68.98e3 72.87e3 73.75e3 77.57e3 76.26e3 75.13e3 74.91e3 77.44e3 
   120.e6  5.589e3 7.099e3 8.754e3 11.72e3 13.35e3 15.62e3 18.00e3 18.29e3 20.71e3 21.84e3 24.13e3 25.14e3 24.32e3 25.64e3 28.05e3 30.80e3 34.29e3 36.07e3 36.28e3 36.64e3 38.56e3 40.61e3 38.84e3 40.52e3 39.13e3 40.27e3 39.83e3 40.49e3 40.19e3 41.09e3 42.46e3 44.15e3 42.65e3 43.08e3 50.16e3 48.77e3 51.10e3 49.77e3 52.25e3 55.40e3 56.45e3 56.41e3 53.98e3 53.41e3 53.23e3 56.65e3 57.42e3 56.11e3 55.64e3 59.56e3 57.69e3 60.68e3 59.34e3 69.43e3 64.80e3 67.14e3 66.47e3 60.98e3 65.80e3 63.33e3 64.62e3 69.88e3 64.94e3 66.75e3 63.67e3 65.43e3 62.42e3 66.02e3 62.55e3 59.49e3 64.94e3 64.24e3 64.32e3 64.51e3 68.44e3 65.55e3 63.64e3 64.64e3 66.27e3 65.59e3 66.14e3 70.93e3 71.81e3 68.97e3 72.26e3 76.27e3 76.76e3 80.19e3 79.48e3 78.51e3 78.23e3 80.63e3 
   130.e6  5.693e3 7.294e3 8.983e3 12.01e3 13.66e3 16.00e3 18.46e3 18.73e3 21.35e3 22.44e3 24.78e3 25.88e3 25.14e3 26.48e3 28.99e3 31.68e3 34.83e3 36.65e3 37.35e3 37.84e3 39.75e3 41.64e3 40.03e3 41.85e3 40.53e3 41.73e3 41.25e3 42.08e3 41.81e3 42.81e3 44.15e3 45.85e3 44.36e3 44.86e3 51.76e3 49.99e3 52.52e3 51.29e3 53.83e3 56.81e3 58.06e3 58.13e3 55.84e3 55.36e3 55.30e3 58.73e3 59.56e3 58.35e3 57.70e3 61.76e3 60.01e3 62.95e3 62.06e3 71.62e3 67.07e3 69.39e3 68.86e3 63.40e3 68.34e3 65.75e3 67.09e3 72.48e3 67.67e3 69.45e3 66.27e3 68.34e3 65.35e3 69.03e3 65.35e3 62.12e3 67.89e3 67.03e3 67.18e3 67.26e3 71.44e3 68.60e3 66.65e3 67.51e3 69.17e3 68.35e3 68.87e3 73.82e3 74.87e3 71.45e3 75.27e3 79.40e3 79.50e3 82.59e3 82.42e3 81.60e3 81.26e3 83.57e3 
   140.e6  5.768e3 7.463e3 9.186e3 12.25e3 13.93e3 16.33e3 18.86e3 19.12e3 21.92e3 22.96e3 25.34e3 26.52e3 25.90e3 27.26e3 29.84e3 32.47e3 35.27e3 37.13e3 38.30e3 38.92e3 40.78e3 42.54e3 41.11e3 43.04e3 41.78e3 43.03e3 42.54e3 43.51e3 43.28e3 44.35e3 45.68e3 47.38e3 45.94e3 46.50e3 53.17e3 51.07e3 53.81e3 52.69e3 55.26e3 58.07e3 59.48e3 59.66e3 57.54e3 57.13e3 57.18e3 60.60e3 61.49e3 60.40e3 59.59e3 63.78e3 62.14e3 65.01e3 64.53e3 73.53e3 69.13e3 71.41e3 71.03e3 65.65e3 70.66e3 67.95e3 69.34e3 74.81e3 70.15e3 71.91e3 68.67e3 71.00e3 68.06e3 71.78e3 67.93e3 64.61e3 70.59e3 69.64e3 69.81e3 69.78e3 74.17e3 71.39e3 69.41e3 70.19e3 71.85e3 70.90e3 71.41e3 76.49e3 77.68e3 73.77e3 78.04e3 82.28e3 82.00e3 84.82e3 85.10e3 84.43e3 84.04e3 86.30e3 
   150.e6  5.818e3 7.609e3 9.368e3 12.47e3 14.18e3 16.63e3 19.19e3 19.46e3 22.43e3 23.41e3 25.83e3 27.08e3 26.60e3 27.98e3 30.62e3 33.19e3 35.65e3 37.51e3 39.17e3 39.89e3 41.70e3 43.33e3 42.09e3 44.11e3 42.91e3 44.20e3 43.69e3 44.80e3 44.62e3 45.74e3 47.07e3 48.78e3 47.40e3 48.03e3 54.42e3 52.03e3 54.99e3 53.99e3 56.58e3 59.20e3 60.75e3 61.01e3 59.09e3 58.74e3 58.89e3 62.29e3 63.22e3 62.29e3 61.35e3 65.63e3 64.11e3 66.87e3 66.77e3 75.19e3 71.00e3 73.25e3 73.02e3 67.75e3 72.78e3 69.96e3 71.42e3 76.92e3 72.42e3 74.13e3 70.91e3 73.44e3 70.55e3 74.30e3 70.31e3 66.98e3 73.06e3 72.07e3 72.25e3 72.10e3 76.66e3 73.95e3 71.95e3 72.69e3 74.32e3 73.27e3 73.79e3 78.97e3 80.26e3 75.95e3 80.61e3 84.96e3 84.32e3 86.90e3 87.56e3 87.04e3 86.61e3 88.84e3 
   160.e6  5.849e3 7.737e3 9.531e3 12.66e3 14.40e3 16.89e3 19.47e3 19.78e3 22.88e3 23.80e3 26.26e3 27.57e3 27.25e3 28.65e3 31.34e3 33.86e3 35.98e3 37.84e3 39.95e3 40.77e3 42.50e3 44.03e3 42.98e3 45.07e3 43.93e3 45.25e3 44.75e3 45.98e3 45.85e3 47.00e3 48.33e3 50.05e3 48.76e3 49.44e3 55.54e3 52.89e3 56.09e3 55.22e3 57.80e3 60.24e3 61.87e3 62.23e3 60.50e3 60.22e3 60.46e3 63.81e3 64.80e3 64.02e3 62.99e3 67.33e3 65.92e3 68.57e3 68.80e3 76.63e3 72.72e3 74.91e3 74.85e3 69.70e3 74.72e3 71.79e3 73.33e3 78.83e3 74.50e3 76.16e3 73.00e3 75.67e3 72.86e3 76.62e3 72.51e3 69.23e3 75.34e3 74.34e3 74.50e3 74.24e3 78.94e3 76.30e3 74.30e3 75.03e3 76.60e3 75.49e3 76.04e3 81.27e3 82.63e3 78.04e3 83.01e3 87.45e3 86.48e3 88.87e3 89.83e3 89.45e3 88.98e3 91.21e3 
   170.e6  5.864e3 7.848e3 9.678e3 12.83e3 14.60e3 17.12e3 19.72e3 20.06e3 23.29e3 24.14e3 26.63e3 28.01e3 27.85e3 29.28e3 32.00e3 34.47e3 36.27e3 38.11e3 40.66e3 41.56e3 43.22e3 44.64e3 43.79e3 45.94e3 44.86e3 46.19e3 45.71e3 47.04e3 46.97e3 48.14e3 49.47e3 51.22e3 50.02e3 50.77e3 56.55e3 53.68e3 57.11e3 56.38e3 58.94e3 61.20e3 62.88e3 63.33e3 61.81e3 61.58e3 61.89e3 65.18e3 66.23e3 65.62e3 64.52e3 68.90e3 67.60e3 70.13e3 70.64e3 77.89e3 74.29e3 76.44e3 76.53e3 71.53e3 76.51e3 73.48e3 75.09e3 80.56e3 76.41e3 78.02e3 74.95e3 77.71e3 75.00e3 78.75e3 74.55e3 71.37e3 77.44e3 76.48e3 76.59e3 76.23e3 81.03e3 78.46e3 76.47e3 77.23e3 78.73e3 77.58e3 78.16e3 83.43e3 84.82e3 80.03e3 85.25e3 89.77e3 88.51e3 90.75e3 91.92e3 91.68e3 91.18e3 93.42e3 
   180.e6  5.866e3 7.945e3 9.810e3 12.97e3 14.78e3 17.33e3 19.92e3 20.32e3 23.66e3 24.45e3 26.97e3 28.39e3 28.42e3 29.87e3 32.62e3 35.03e3 36.54e3 38.35e3 41.31e3 42.28e3 43.85e3 45.20e3 44.54e3 46.72e3 45.71e3 47.05e3 46.59e3 48.02e3 48.01e3 49.17e3 50.52e3 52.29e3 51.20e3 52.00e3 57.47e3 54.40e3 58.07e3 57.49e3 60.01e3 62.10e3 63.79e3 64.32e3 63.01e3 62.84e3 63.21e3 66.44e3 67.53e3 67.10e3 65.95e3 70.35e3 69.17e3 71.56e3 72.32e3 79.00e3 75.73e3 77.83e3 78.08e3 73.23e3 78.16e3 75.03e3 76.73e3 82.14e3 78.18e3 79.72e3 76.78e3 79.59e3 76.98e3 80.71e3 76.46e3 73.41e3 79.40e3 78.50e3 78.53e3 78.08e3 82.95e3 80.46e3 78.49e3 79.29e3 80.70e3 79.56e3 80.19e3 85.46e3 86.85e3 81.95e3 87.35e3 91.94e3 90.42e3 92.55e3 93.87e3 93.75e3 93.23e3 95.51e3 
   200.e6  5.840e3 8.101e3 10.04e3 13.22e3 15.09e3 17.69e3 20.25e3 20.77e3 24.29e3 24.95e3 27.52e3 29.03e3 29.44e3 30.95e3 33.72e3 36.03e3 37.00e3 38.74e3 42.46e3 43.54e3 44.92e3 46.16e3 45.85e3 48.08e3 47.18e3 48.52e3 48.13e3 49.72e3 49.84e3 50.97e3 52.36e3 54.17e3 53.33e3 54.25e3 59.09e3 55.69e3 59.85e3 59.58e3 61.98e3 63.74e3 65.35e3 66.03e3 65.15e3 65.08e3 65.55e3 68.63e3 69.81e3 69.77e3 68.57e3 72.94e3 71.98e3 74.09e3 75.22e3 80.81e3 78.29e3 80.28e3 80.87e3 76.32e3 81.10e3 77.79e3 79.68e3 84.92e3 81.32e3 82.75e3 80.11e3 82.88e3 80.54e3 84.21e3 79.88e3 77.20e3 82.93e3 82.22e3 82.03e3 81.43e3 86.35e3 84.02e3 82.12e3 83.06e3 84.27e3 83.24e3 83.96e3 89.16e3 90.48e3 85.60e3 91.23e3 95.89e3 93.97e3 95.93e3 97.37e3 97.50e3 96.94e3 99.31e3 
   225.e6  5.771e3 8.242e3 10.26e3 13.45e3 15.41e3 18.05e3 20.53e3 21.25e3 24.91e3 25.42e3 28.03e3 29.65e3 30.56e3 32.14e3 34.90e3 37.09e3 37.50e3 39.13e3 43.65e3 44.84e3 45.97e3 47.14e3 47.22e3 49.45e3 48.71e3 50.02e3 49.73e3 51.48e3 51.77e3 52.81e3 54.28e3 56.15e3 55.65e3 56.70e3 60.84e3 57.10e3 61.87e3 62.00e3 64.22e3 65.58e3 66.92e3 67.78e3 67.43e3 67.45e3 68.00e3 70.89e3 72.16e3 72.62e3 71.44e3 75.70e3 75.02e3 76.74e3 78.18e3 82.53e3 80.99e3 82.84e3 83.85e3 79.69e3 84.20e3 80.70e3 82.83e3 87.82e3 84.63e3 85.93e3 83.77e3 86.28e3 84.35e3 87.90e3 83.58e3 81.46e3 86.79e3 86.36e3 85.80e3 85.06e3 89.92e3 87.81e3 86.02e3 87.19e3 88.13e3 87.40e3 88.27e3 93.23e3 94.34e3 89.88e3 95.55e3 100.2e3 98.01e3 99.83e3 101.1e3 101.5e3 100.9e3 103.5e3 
   250.e6  5.678e3 8.339e3 10.44e3 13.63e3 15.65e3 18.33e3 20.72e3 21.66e3 25.41e3 25.78e3 28.41e3 30.10e3 31.51e3 33.17e3 35.90e3 37.99e3 37.95e3 39.47e3 44.64e3 45.90e3 46.78e3 47.95e3 48.36e3 50.53e3 49.95e3 51.21e3 51.05e3 52.90e3 53.39e3 54.28e3 55.87e3 57.79e3 57.65e3 58.83e3 62.38e3 58.36e3 63.72e3 64.26e3 66.25e3 67.25e3 68.16e3 69.20e3 69.35e3 69.46e3 70.05e3 72.75e3 74.08e3 75.05e3 73.94e3 78.01e3 77.62e3 78.95e3 80.54e3 83.80e3 83.26e3 84.96e3 86.38e3 82.58e3 86.80e3 83.12e3 85.52e3 90.21e3 87.41e3 88.59e3 86.95e3 89.03e3 87.57e3 90.98e3 86.74e3 85.27e3 90.19e3 90.05e3 89.01e3 88.22e3 92.88e3 91.00e3 89.34e3 90.76e3 91.46e3 91.20e3 92.20e3 96.78e3 97.62e3 93.91e3 99.40e3 104.0e3 101.7e3 103.4e3 104.4e3 105.0e3 104.4e3 107.2e3 
   275.e6  5.574e3 8.401e3 10.58e3 13.77e3 15.83e3 18.55e3 20.85e3 22.00e3 25.79e3 26.05e3 28.68e3 30.45e3 32.34e3 34.07e3 36.76e3 38.74e3 38.36e3 39.79e3 45.46e3 46.77e3 47.43e3 48.63e3 49.30e3 51.40e3 50.97e3 52.17e3 52.14e3 54.07e3 54.75e3 55.48e3 57.19e3 59.18e3 59.40e3 60.71e3 63.79e3 59.52e3 65.42e3 66.40e3 68.13e3 68.79e3 69.16e3 70.36e3 70.99e3 71.17e3 71.77e3 74.28e3 75.67e3 77.15e3 76.12e3 79.97e3 79.87e3 80.80e3 82.44e3 84.77e3 85.18e3 86.73e3 88.57e3 85.10e3 89.00e3 85.16e3 87.83e3 92.23e3 89.75e3 90.85e3 89.74e3 91.26e3 90.32e3 93.57e3 89.47e3 88.69e3 93.25e3 93.38e3 91.77e3 90.99e3 95.36e3 93.73e3 92.20e3 93.87e3 94.36e3 94.68e3 95.81e3 99.92e3 100.4e3 97.72e3 102.9e3 107.4e3 105.1e3 106.7e3 107.2e3 108.0e3 107.4e3 110.4e3 
   300.e6  5.466e3 8.439e3 10.69e3 13.87e3 15.97e3 18.72e3 20.92e3 22.30e3 26.09e3 26.26e3 28.86e3 30.71e3 33.06e3 34.86e3 37.49e3 39.38e3 38.74e3 40.10e3 46.16e3 47.49e3 47.97e3 49.23e3 50.09e3 52.10e3 51.81e3 52.95e3 53.05e3 55.03e3 55.91e3 56.44e3 58.32e3 60.36e3 60.94e3 62.36e3 65.11e3 60.61e3 67.02e3 68.43e3 69.89e3 70.23e3 69.97e3 71.33e3 72.40e3 72.64e3 73.23e3 75.57e3 77.00e3 78.97e3 78.03e3 81.63e3 81.82e3 82.37e3 83.97e3 85.51e3 86.82e3 88.24e3 90.47e3 87.31e3 90.87e3 86.89e3 89.82e3 93.95e3 91.75e3 92.78e3 92.22e3 93.08e3 92.68e3 95.77e3 91.85e3 91.76e3 96.08e3 96.41e3 94.15e3 93.45e3 97.44e3 96.09e3 94.68e3 96.59e3 96.92e3 97.90e3 99.15e3 102.7e3 102.9e3 101.3e3 106.1e3 110.3e3 108.3e3 109.8e3 109.6e3 110.7e3 110.1e3 113.4e3 
   325.e6  5.359e3 8.458e3 10.78e3 13.95e3 16.07e3 18.85e3 20.97e3 22.57e3 26.32e3 26.42e3 28.99e3 30.90e3 33.69e3 35.56e3 38.13e3 39.93e3 39.09e3 40.41e3 46.74e3 48.10e3 48.44e3 49.75e3 50.75e3 52.66e3 52.51e3 53.59e3 53.81e3 55.82e3 56.90e3 57.22e3 59.27e3 61.37e3 62.30e3 63.84e3 66.36e3 61.66e3 68.51e3 70.37e3 71.54e3 71.58e3 70.63e3 72.14e3 73.63e3 73.91e3 74.48e3 76.66e3 78.11e3 80.56e3 79.70e3 83.04e3 83.52e3 83.71e3 85.22e3 86.10e3 88.23e3 89.52e3 92.13e3 89.25e3 92.47e3 88.36e3 91.57e3 95.44e3 93.45e3 94.44e3 94.42e3 94.57e3 94.72e3 97.65e3 93.94e3 94.52e3 98.72e3 99.19e3 96.22e3 95.65e3 99.19e3 98.14e3 96.85e3 98.98e3 99.19e3 100.9e3 102.3e3 105.2e3 105.0e3 104.8e3 109.0e3 113.0e3 111.4e3 112.7e3 111.7e3 113.0e3 112.5e3 116.0e3 
   350.e6  5.390e3 8.570e3 10.84e3 14.01e3 16.27e3 19.08e3 21.25e3 22.95e3 26.60e3 26.72e3 29.36e3 31.27e3 34.26e3 36.19e3 38.62e3 40.42e3 40.07e3 40.94e3 47.35e3 48.68e3 49.14e3 50.49e3 51.72e3 53.41e3 53.36e3 54.39e3 54.84e3 56.91e3 57.89e3 58.33e3 60.51e3 62.28e3 63.49e3 65.04e3 66.78e3 62.62e3 69.86e3 71.74e3 73.05e3 72.81e3 71.90e3 73.45e3 75.21e3 75.41e3 76.12e3 78.25e3 79.51e3 82.33e3 81.70e3 84.83e3 85.42e3 85.41e3 86.32e3 86.73e3 89.92e3 91.23e3 94.22e3 91.35e3 94.50e3 90.46e3 93.68e3 97.14e3 95.54e3 96.67e3 96.45e3 96.52e3 96.96e3 99.89e3 96.39e3 97.05e3 100.9e3 101.9e3 98.62e3 98.25e3 101.7e3 100.4e3 99.47e3 101.6e3 101.6e3 103.5e3 104.7e3 107.9e3 107.5e3 107.5e3 111.1e3 115.0e3 114.0e3 115.2e3 114.4e3 115.9e3 115.3e3 118.7e3 
   375.e6  5.435e3 8.654e3 10.81e3 13.98e3 16.39e3 19.21e3 21.49e3 23.24e3 26.72e3 26.91e3 29.63e3 31.50e3 34.60e3 36.57e3 38.84e3 40.64e3 41.07e3 41.34e3 47.67e3 48.98e3 49.62e3 51.02e3 52.47e3 53.90e3 53.96e3 54.92e3 55.64e3 57.78e3 58.57e3 59.23e3 61.53e3 62.85e3 64.30e3 65.82e3 66.66e3 63.30e3 70.79e3 72.58e3 74.12e3 73.64e3 72.98e3 74.52e3 76.52e3 76.59e3 77.49e3 79.60e3 80.58e3 83.74e3 83.37e3 86.27e3 86.92e3 86.79e3 86.90e3 86.95e3 91.24e3 92.59e3 95.95e3 93.06e3 96.17e3 92.29e3 95.45e3 98.45e3 97.27e3 98.60e3 97.97e3 98.15e3 98.79e3 101.8e3 98.52e3 99.07e3 102.5e3 104.0e3 100.7e3 100.5e3 103.9e3 102.3e3 101.8e3 103.9e3 103.6e3 105.6e3 106.5e3 110.3e3 109.5e3 109.6e3 112.3e3 116.1e3 115.9e3 117.1e3 116.7e3 118.5e3 117.7e3 121.0e3 
   400.e6  5.438e3 8.677e3 10.73e3 13.88e3 16.42e3 19.22e3 21.60e3 23.39e3 26.69e3 26.97e3 29.73e3 31.57e3 34.74e3 36.76e3 38.85e3 40.65e3 41.81e3 41.56e3 47.74e3 49.02e3 49.83e3 51.31e3 52.92e3 54.12e3 54.27e3 55.18e3 56.16e3 58.36e3 58.97e3 59.83e3 62.23e3 63.14e3 64.80e3 66.28e3 66.36e3 63.74e3 71.38e3 73.07e3 74.82e3 74.14e3 73.71e3 75.25e3 77.44e3 77.40e3 78.47e3 80.57e3 81.28e3 84.74e3 84.59e3 87.27e3 87.99e3 87.75e3 87.14e3 86.89e3 92.12e3 93.52e3 97.20e3 94.34e3 97.37e3 93.66e3 96.75e3 99.34e3 98.53e3 100.0e3 99.05e3 99.35e3 100.2e3 103.1e3 100.2e3 100.6e3 103.6e3 105.6e3 102.3e3 102.4e3 105.6e3 103.7e3 103.6e3 105.6e3 105.2e3 107.2e3 107.9e3 112.1e3 111.1e3 111.2e3 113.2e3 116.8e3 117.3e3 118.4e3 118.5e3 120.5e3 119.6e3 122.8e3 
   450.e6  5.232e3 8.606e3 10.70e3 13.81e3 16.54e3 19.36e3 21.68e3 23.65e3 26.81e3 27.05e3 29.94e3 31.80e3 35.25e3 37.33e3 39.16e3 40.99e3 42.26e3 42.12e3 48.18e3 49.48e3 50.36e3 52.14e3 53.73e3 54.64e3 55.11e3 55.91e3 57.11e3 59.40e3 60.04e3 61.06e3 63.35e3 64.09e3 66.01e3 67.51e3 67.53e3 64.86e3 72.66e3 74.36e3 76.31e3 75.28e3 75.04e3 76.77e3 79.04e3 78.92e3 80.07e3 82.20e3 82.89e3 86.60e3 86.81e3 89.12e3 90.07e3 89.47e3 88.90e3 87.93e3 93.97e3 95.38e3 99.32e3 96.81e3 99.39e3 95.82e3 98.93e3 100.9e3 100.8e3 102.4e3 101.4e3 101.7e3 102.6e3 105.4e3 102.9e3 103.6e3 105.8e3 108.8e3 105.4e3 105.5e3 108.4e3 106.5e3 106.9e3 108.5e3 108.0e3 110.2e3 110.9e3 115.5e3 113.9e3 114.5e3 117.5e3 120.2e3 120.9e3 121.7e3 122.1e3 123.9e3 123.1e3 126.2e3 
   500.e6  5.065e3 8.530e3 10.66e3 13.73e3 16.59e3 19.43e3 21.73e3 23.85e3 26.83e3 27.10e3 30.06e3 31.95e3 35.60e3 37.73e3 39.33e3 41.20e3 42.60e3 42.63e3 48.45e3 49.78e3 50.72e3 52.83e3 54.29e3 54.97e3 55.72e3 56.44e3 57.82e3 60.19e3 60.85e3 62.03e3 64.20e3 64.81e3 66.91e3 68.43e3 68.65e3 65.89e3 73.63e3 75.34e3 77.40e3 76.17e3 76.10e3 77.97e3 80.27e3 80.09e3 81.31e3 83.49e3 84.15e3 88.05e3 88.51e3 90.52e3 91.71e3 90.80e3 90.35e3 88.90e3 95.43e3 96.85e3 101.0e3 98.82e3 100.9e3 97.52e3 100.6e3 102.2e3 102.5e3 104.2e3 103.2e3 103.6e3 104.5e3 107.2e3 105.1e3 105.9e3 107.5e3 111.3e3 108.0e3 108.0e3 110.6e3 108.8e3 109.5e3 110.7e3 110.3e3 112.6e3 113.4e3 118.1e3 116.3e3 117.3e3 121.2e3 123.1e3 123.9e3 124.4e3 125.0e3 126.7e3 126.0e3 129.1e3 
   550.e6  4.929e3 8.453e3 10.61e3 13.65e3 16.58e3 19.46e3 21.77e3 24.02e3 26.80e3 27.12e3 30.10e3 32.05e3 35.84e3 38.01e3 39.41e3 41.30e3 42.85e3 43.07e3 48.59e3 49.98e3 50.95e3 53.39e3 54.66e3 55.17e3 56.17e3 56.83e3 58.34e3 60.79e3 61.45e3 62.78e3 64.84e3 65.36e3 67.58e3 69.12e3 69.71e3 66.85e3 74.35e3 76.06e3 78.18e3 76.87e3 76.94e3 78.92e3 81.22e3 80.99e3 82.28e3 84.51e3 85.14e3 89.17e3 89.76e3 91.59e3 93.01e3 91.84e3 91.58e3 89.82e3 96.59e3 98.03e3 102.4e3 100.5e3 102.1e3 98.86e3 101.9e3 103.2e3 103.9e3 105.7e3 104.7e3 105.2e3 106.0e3 108.5e3 106.8e3 107.7e3 108.8e3 113.3e3 110.2e3 110.2e3 112.3e3 110.7e3 111.7e3 112.5e3 112.3e3 114.7e3 115.5e3 120.2e3 118.2e3 119.5e3 124.3e3 125.6e3 126.4e3 126.6e3 127.4e3 129.0e3 128.3e3 131.5e3 
   600.e6  4.819e3 8.375e3 10.56e3 13.56e3 16.54e3 19.45e3 21.80e3 24.15e3 26.73e3 27.12e3 30.09e3 32.09e3 35.98e3 38.19e3 39.41e3 41.32e3 43.03e3 43.45e3 48.64e3 50.09e3 51.08e3 53.84e3 54.88e3 55.26e3 56.49e3 57.12e3 58.73e3 61.23e3 61.89e3 63.36e3 65.31e3 65.77e3 68.07e3 69.63e3 70.72e3 67.73e3 74.89e3 76.60e3 78.72e3 77.44e3 77.62e3 79.67e3 81.94e3 81.67e3 83.04e3 85.31e3 85.92e3 90.03e3 90.67e3 92.39e3 94.01e3 92.65e3 92.64e3 90.69e3 97.53e3 98.99e3 103.4e3 101.8e3 103.0e3 99.92e3 103.0e3 104.1e3 105.0e3 106.9e3 105.8e3 106.5e3 107.2e3 109.6e3 108.2e3 109.2e3 110.0e3 114.9e3 111.9e3 111.9e3 113.7e3 112.4e3 113.5e3 113.9e3 114.0e3 116.4e3 117.2e3 121.8e3 119.9e3 121.4e3 127.1e3 127.8e3 128.5e3 128.5e3 129.4e3 130.9e3 130.3e3 133.5e3 
   650.e6  4.729e3 8.298e3 10.50e3 13.47e3 16.48e3 19.42e3 21.81e3 24.25e3 26.62e3 27.12e3 30.04e3 32.11e3 36.05e3 38.28e3 39.36e3 41.28e3 43.13e3 43.75e3 48.62e3 50.14e3 51.14e3 54.20e3 54.99e3 55.28e3 56.71e3 57.34e3 59.00e3 61.56e3 62.19e3 63.80e3 65.65e3 66.08e3 68.40e3 69.98e3 71.66e3 68.53e3 75.28e3 76.98e3 79.07e3 77.91e3 78.17e3 80.27e3 82.47e3 82.19e3 83.64e3 85.94e3 86.52e3 90.68e3 91.29e3 92.99e3 94.79e3 93.27e3 93.58e3 91.52e3 98.28e3 99.77e3 104.3e3 102.9e3 103.7e3 100.8e3 103.8e3 104.8e3 105.8e3 107.9e3 106.8e3 107.6e3 108.1e3 110.4e3 109.4e3 110.3e3 111.0e3 116.1e3 113.3e3 113.4e3 114.8e3 113.8e3 115.0e3 115.1e3 115.4e3 117.8e3 118.7e3 123.1e3 121.3e3 122.9e3 129.4e3 129.7e3 130.3e3 130.0e3 131.1e3 132.5e3 131.9e3 135.2e3 
   700.e6  4.655e3 8.221e3 10.45e3 13.37e3 16.39e3 19.36e3 21.81e3 24.32e3 26.51e3 27.10e3 29.95e3 32.10e3 36.06e3 38.30e3 39.27e3 41.20e3 43.18e3 43.97e3 48.53e3 50.14e3 51.13e3 54.47e3 55.00e3 55.24e3 56.84e3 57.49e3 59.18e3 61.80e3 62.39e3 64.12e3 65.87e3 66.31e3 68.62e3 70.22e3 72.53e3 69.26e3 75.55e3 77.24e3 79.26e3 78.29e3 78.61e3 80.73e3 82.85e3 82.57e3 84.11e3 86.42e3 86.99e3 91.16e3 91.68e3 93.42e3 95.37e3 93.75e3 94.41e3 92.31e3 98.89e3 100.4e3 105.0e3 103.8e3 104.3e3 101.5e3 104.4e3 105.3e3 106.5e3 108.6e3 107.5e3 108.6e3 108.8e3 111.1e3 110.3e3 111.2e3 111.8e3 117.1e3 114.5e3 114.7e3 115.7e3 115.0e3 116.3e3 116.1e3 116.7e3 119.0e3 119.9e3 124.1e3 122.5e3 124.2e3 131.5e3 131.3e3 131.7e3 131.2e3 132.5e3 133.8e3 133.3e3 136.7e3 
   800.e6  4.542e3 8.073e3 10.33e3 13.19e3 16.18e3 19.19e3 21.77e3 24.39e3 26.24e3 27.06e3 29.72e3 32.02e3 35.94e3 38.20e3 38.99e3 40.92e3 43.13e3 44.22e3 48.23e3 50.04e3 50.99e3 54.79e3 54.84e3 55.04e3 56.93e3 57.66e3 59.34e3 62.05e3 62.55e3 64.49e3 66.06e3 66.58e3 68.76e3 70.40e3 74.06e3 70.50e3 75.83e3 77.48e3 79.31e3 78.87e3 79.24e3 81.34e3 83.24e3 83.04e3 84.75e3 87.03e3 87.61e3 91.71e3 91.96e3 93.91e3 96.07e3 94.38e3 95.83e3 93.74e3 99.78e3 101.4e3 106.0e3 105.2e3 104.9e3 102.4e3 105.3e3 106.2e3 107.5e3 109.6e3 108.6e3 110.1e3 109.8e3 112.0e3 111.7e3 112.5e3 113.2e3 118.5e3 116.1e3 116.6e3 116.9e3 117.0e3 118.2e3 117.5e3 118.8e3 121.0e3 121.9e3 125.5e3 124.4e3 126.0e3 134.7e3 134.0e3 134.0e3 133.0e3 134.6e3 135.8e3 135.4e3 139.0e3 
   900.e6  4.460e3 7.929e3 10.22e3 13.00e3 15.95e3 18.97e3 21.68e3 24.39e3 25.95e3 26.99e3 29.42e3 31.88e3 35.70e3 37.96e3 38.62e3 40.56e3 42.95e3 44.24e3 47.81e3 49.83e3 50.73e3 54.87e3 54.50e3 54.75e3 56.85e3 57.69e3 59.31e3 62.10e3 62.47e3 64.59e3 65.99e3 66.66e3 68.65e3 70.32e3 75.28e3 71.46e3 75.84e3 77.47e3 79.04e3 79.26e3 79.62e3 81.63e3 83.30e3 83.22e3 85.10e3 87.29e3 87.92e3 91.87e3 91.79e3 94.06e3 96.32e3 94.70e3 96.99e3 94.98e3 100.3e3 102.0e3 106.5e3 106.1e3 105.3e3 103.0e3 105.8e3 106.9e3 108.1e3 110.2e3 109.3e3 111.3e3 110.4e3 112.6e3 112.6e3 113.1e3 114.3e3 119.2e3 117.1e3 118.0e3 117.6e3 118.5e3 119.6e3 118.6e3 120.3e3 122.4e3 123.4e3 126.2e3 125.9e3 127.2e3 137.1e3 136.1e3 135.6e3 134.2e3 136.0e3 137.1e3 136.9e3 140.5e3 
   1.00e9  4.394e3 7.789e3 10.11e3 12.81e3 15.72e3 18.72e3 21.54e3 24.32e3 25.66e3 26.91e3 29.09e3 31.71e3 35.36e3 37.63e3 38.21e3 40.14e3 42.68e3 44.07e3 47.32e3 49.57e3 50.39e3 54.76e3 54.06e3 54.41e3 56.64e3 57.64e3 59.17e3 62.00e3 62.23e3 64.49e3 65.73e3 66.61e3 68.35e3 70.04e3 76.20e3 72.18e3 75.69e3 77.29e3 78.57e3 79.50e3 79.82e3 81.71e3 83.10e3 83.21e3 85.24e3 87.28e3 88.01e3 91.73e3 91.33e3 93.99e3 96.25e3 94.81e3 97.92e3 96.00e3 100.7e3 102.4e3 106.8e3 106.6e3 105.3e3 103.4e3 106.0e3 107.4e3 108.4e3 110.4e3 109.8e3 112.1e3 110.7e3 112.9e3 113.2e3 113.4e3 115.2e3 119.6e3 117.5e3 118.8e3 118.0e3 119.7e3 120.5e3 119.3e3 121.6e3 123.5e3 124.5e3 126.5e3 127.0e3 128.0e3 138.7e3 137.6e3 136.6e3 134.9e3 137.0e3 138.0e3 137.9e3 141.6e3 
   1.10e9  4.337e3 7.651e3 9.993e3 12.63e3 15.49e3 18.46e3 21.36e3 24.19e3 25.38e3 26.81e3 28.74e3 31.51e3 34.98e3 37.24e3 37.78e3 39.70e3 42.36e3 43.76e3 46.78e3 49.25e3 50.01e3 54.49e3 53.57e3 54.04e3 56.36e3 57.52e3 58.93e3 61.79e3 61.89e3 64.26e3 65.34e3 66.47e3 67.92e3 69.64e3 76.83e3 72.67e3 75.42e3 77.00e3 77.97e3 79.62e3 79.88e3 81.61e3 82.74e3 83.07e3 85.23e3 87.07e3 87.94e3 91.40e3 90.73e3 93.77e3 95.95e3 94.76e3 98.66e3 96.80e3 100.8e3 102.6e3 106.8e3 106.8e3 105.3e3 103.6e3 106.0e3 107.7e3 108.5e3 110.4e3 110.0e3 112.7e3 110.9e3 113.1e3 113.5e3 113.5e3 115.9e3 119.7e3 117.5e3 119.4e3 118.1e3 120.5e3 121.0e3 119.8e3 122.5e3 124.3e3 125.3e3 126.5e3 127.8e3 128.4e3 139.8e3 138.8e3 137.1e3 135.3e3 137.5e3 138.5e3 138.6e3 142.2e3 
   1.20e9  4.282e3 7.514e3 9.882e3 12.45e3 15.27e3 18.19e3 21.15e3 24.03e3 25.10e3 26.70e3 28.39e3 31.28e3 34.57e3 36.81e3 37.32e3 39.23e3 42.02e3 43.34e3 46.22e3 48.90e3 49.61e3 54.10e3 53.04e3 53.65e3 56.01e3 57.34e3 58.63e3 61.49e3 61.47e3 63.92e3 64.85e3 66.26e3 67.41e3 69.15e3 77.19e3 72.97e3 75.07e3 76.63e3 77.29e3 79.62e3 79.83e3 81.39e3 82.26e3 82.84e3 85.10e3 86.70e3 87.76e3 90.93e3 90.06e3 93.46e3 95.49e3 94.60e3 99.21e3 97.39e3 100.8e3 102.7e3 106.7e3 106.9e3 105.1e3 103.7e3 105.9e3 107.9e3 108.6e3 110.2e3 110.1e3 113.1e3 110.9e3 113.2e3 113.7e3 113.3e3 116.4e3 119.5e3 117.2e3 119.6e3 118.1e3 121.2e3 121.3e3 120.1e3 123.1e3 124.8e3 125.8e3 126.3e3 128.4e3 128.5e3 140.3e3 139.6e3 137.4e3 135.5e3 137.8e3 138.8e3 138.9e3 142.6e3 
   1.30e9  4.227e3 7.379e3 9.770e3 12.28e3 15.07e3 17.93e3 20.92e3 23.82e3 24.83e3 26.56e3 28.02e3 31.03e3 34.13e3 36.36e3 36.87e3 38.76e3 41.65e3 42.87e3 45.65e3 48.53e3 49.18e3 53.63e3 52.50e3 53.26e3 55.63e3 57.11e3 58.29e3 61.14e3 61.01e3 63.50e3 64.29e3 66.00e3 66.84e3 68.59e3 77.31e3 73.10e3 74.66e3 76.21e3 76.57e3 79.53e3 79.68e3 81.08e3 81.69e3 82.54e3 84.88e3 86.22e3 87.49e3 90.35e3 89.36e3 93.08e3 94.90e3 94.36e3 99.57e3 97.78e3 100.7e3 102.6e3 106.4e3 106.8e3 104.8e3 103.7e3 105.7e3 107.9e3 108.5e3 109.9e3 110.1e3 113.3e3 110.8e3 113.2e3 113.7e3 113.1e3 116.7e3 119.3e3 116.8e3 119.7e3 117.9e3 121.6e3 121.5e3 120.3e3 123.6e3 125.2e3 126.2e3 126.0e3 128.8e3 128.5e3 140.5e3 140.1e3 137.3e3 135.5e3 137.9e3 138.8e3 139.1e3 142.6e3 
   1.40e9  4.169e3 7.245e3 9.658e3 12.11e3 14.87e3 17.66e3 20.66e3 23.59e3 24.56e3 26.40e3 27.66e3 30.77e3 33.69e3 35.90e3 36.41e3 38.29e3 41.29e3 42.36e3 45.07e3 48.13e3 48.74e3 53.09e3 51.96e3 52.87e3 55.22e3 56.84e3 57.92e3 60.73e3 60.51e3 63.03e3 63.68e3 65.69e3 66.24e3 68.00e3 77.22e3 73.08e3 74.21e3 75.75e3 75.83e3 79.35e3 79.45e3 80.69e3 81.06e3 82.19e3 84.59e3 85.64e3 87.14e3 89.70e3 88.68e3 92.66e3 94.24e3 94.06e3 99.76e3 97.98e3 100.5e3 102.5e3 106.1e3 106.5e3 104.5e3 103.6e3 105.5e3 107.8e3 108.3e3 109.5e3 110.0e3 113.3e3 110.6e3 113.1e3 113.6e3 112.8e3 116.9e3 118.9e3 116.1e3 119.6e3 117.6e3 121.8e3 121.4e3 120.3e3 123.8e3 125.4e3 126.4e3 125.7e3 129.0e3 128.3e3 140.3e3 140.3e3 137.1e3 135.3e3 137.8e3 138.7e3 139.0e3 142.4e3 
   1.50e9  4.108e3 7.112e3 9.545e3 11.94e3 14.69e3 17.41e3 20.39e3 23.33e3 24.29e3 26.23e3 27.31e3 30.49e3 33.24e3 35.44e3 35.95e3 37.82e3 40.92e3 41.83e3 44.50e3 47.72e3 48.30e3 52.49e3 51.42e3 52.47e3 54.78e3 56.52e3 57.52e3 60.28e3 59.99e3 62.52e3 63.04e3 65.34e3 65.61e3 67.38e3 76.93e3 72.95e3 73.73e3 75.27e3 75.08e3 79.08e3 79.15e3 80.25e3 80.39e3 81.81e3 84.23e3 84.99e3 86.74e3 89.00e3 88.02e3 92.20e3 93.52e3 93.70e3 99.79e3 98.00e3 100.2e3 102.2e3 105.6e3 106.1e3 104.1e3 103.4e3 105.1e3 107.7e3 108.0e3 109.1e3 109.8e3 113.3e3 110.3e3 112.9e3 113.3e3 112.4e3 117.0e3 118.5e3 115.4e3 119.3e3 117.3e3 121.9e3 121.2e3 120.3e3 123.9e3 125.4e3 126.4e3 125.3e3 129.0e3 128.0e3 139.9e3 140.3e3 136.7e3 135.0e3 137.5e3 138.4e3 138.8e3 142.1e3 
   1.60e9  4.043e3 6.979e3 9.431e3 11.78e3 14.51e3 17.16e3 20.11e3 23.06e3 24.01e3 26.03e3 26.96e3 30.21e3 32.80e3 34.97e3 35.50e3 37.35e3 40.56e3 41.31e3 43.94e3 47.29e3 47.85e3 51.87e3 50.90e3 52.08e3 54.33e3 56.18e3 57.10e3 59.79e3 59.47e3 61.98e3 62.38e3 64.97e3 64.97e3 66.74e3 76.49e3 72.71e3 73.23e3 74.76e3 74.34e3 78.74e3 78.80e3 79.77e3 79.70e3 81.40e3 83.82e3 84.29e3 86.30e3 88.26e3 87.41e3 91.71e3 92.76e3 93.31e3 99.67e3 97.85e3 99.83e3 101.9e3 105.1e3 105.6e3 103.7e3 103.2e3 104.7e3 107.4e3 107.7e3 108.6e3 109.5e3 113.0e3 110.0e3 112.6e3 113.0e3 112.0e3 116.9e3 118.0e3 114.6e3 119.0e3 117.0e3 121.8e3 121.0e3 120.2e3 123.8e3 125.3e3 126.3e3 124.8e3 128.9e3 127.7e3 139.2e3 140.1e3 136.1e3 134.6e3 137.1e3 138.1e3 138.4e3 141.6e3 
   1.70e9  3.975e3 6.848e3 9.316e3 11.63e3 14.34e3 16.92e3 19.81e3 22.77e3 23.74e3 25.82e3 26.61e3 29.91e3 32.36e3 34.51e3 35.06e3 36.89e3 40.20e3 40.80e3 43.38e3 46.85e3 47.40e3 51.23e3 50.39e3 51.69e3 53.87e3 55.80e3 56.66e3 59.28e3 58.93e3 61.42e3 61.71e3 64.56e3 64.32e3 66.09e3 75.90e3 72.39e3 72.72e3 74.25e3 73.60e3 78.32e3 78.39e3 79.25e3 78.99e3 80.96e3 83.36e3 83.54e3 85.81e3 87.51e3 86.83e3 91.20e3 91.98e3 92.87e3 99.40e3 97.57e3 99.40e3 101.5e3 104.5e3 105.1e3 103.3e3 102.9e3 104.3e3 107.1e3 107.3e3 108.0e3 109.2e3 112.7e3 109.7e3 112.3e3 112.7e3 111.5e3 116.6e3 117.5e3 113.7e3 118.5e3 116.6e3 121.6e3 120.6e3 119.9e3 123.6e3 125.0e3 126.1e3 124.4e3 128.7e3 127.2e3 138.4e3 139.6e3 135.5e3 134.1e3 136.6e3 137.6e3 138.0e3 141.0e3 
   1.80e9  3.904e3 6.717e3 9.201e3 11.48e3 14.17e3 16.68e3 19.52e3 22.47e3 23.46e3 25.58e3 26.27e3 29.60e3 31.93e3 34.06e3 34.62e3 36.44e3 39.85e3 40.31e3 42.84e3 46.39e3 46.95e3 50.57e3 49.89e3 51.29e3 53.40e3 55.40e3 56.21e3 58.74e3 58.40e3 60.85e3 61.03e3 64.14e3 63.67e3 65.44e3 75.21e3 71.99e3 72.19e3 73.72e3 72.89e3 77.85e3 77.93e3 78.71e3 78.27e3 80.51e3 82.86e3 82.77e3 85.29e3 86.74e3 86.28e3 90.67e3 91.18e3 92.41e3 98.99e3 97.16e3 98.90e3 101.0e3 103.8e3 104.4e3 102.8e3 102.5e3 103.9e3 106.7e3 106.9e3 107.5e3 108.8e3 112.3e3 109.3e3 111.9e3 112.2e3 111.1e3 116.3e3 117.0e3 112.8e3 118.0e3 116.2e3 121.2e3 120.2e3 119.6e3 123.2e3 124.7e3 125.8e3 123.9e3 128.4e3 126.8e3 137.4e3 139.0e3 134.8e3 133.6e3 136.0e3 137.0e3 137.4e3 140.4e3 
   2.00e9  3.753e3 6.461e3 8.966e3 11.19e3 13.85e3 16.25e3 18.92e3 21.85e3 22.89e3 25.08e3 25.61e3 28.97e3 31.09e3 33.18e3 33.78e3 35.56e3 39.16e3 39.44e3 41.80e3 45.47e3 46.05e3 49.24e3 48.93e3 50.51e3 52.44e3 54.51e3 55.26e3 57.61e3 57.33e3 59.67e3 59.67e3 63.23e3 62.39e3 64.15e3 73.55e3 71.04e3 71.10e3 72.65e3 71.50e3 76.73e3 76.91e3 77.57e3 76.83e3 79.55e3 81.77e3 81.16e3 84.18e3 85.19e3 85.29e3 89.55e3 89.57e3 91.40e3 97.84e3 96.01e3 97.76e3 99.82e3 102.4e3 103.0e3 101.7e3 101.7e3 102.8e3 105.6e3 105.8e3 106.3e3 107.8e3 111.2e3 108.4e3 110.9e3 111.1e3 110.1e3 115.3e3 115.7e3 111.0e3 116.7e3 115.2e3 120.3e3 119.1e3 118.8e3 122.3e3 123.7e3 124.8e3 123.0e3 127.4e3 125.7e3 135.1e3 137.4e3 133.1e3 132.4e3 134.7e3 135.7e3 136.0e3 138.8e3 
