# SRIM-2013 Electronic stopping power table for Z1=51
# Converted from a table provided by H.Hofsaess
# units of energy:         eV
# units of stopping power: eV A^2
#      \Z2 1       2       3       4       5       6       7       8       9       10      11      12      13      14      15      16      17      18      19      20      21      22      23      24      25      26      27      28      29      30      31      32      33      34      35      36      37      38      39      40      41      42      43      44      45      46      47      48      49      50      51      52      53      54      55      56      57      58      59      60      61      62      63      64      65      66      67      68      69      70      71      72      73      74      75      76      77      78      79      80      81      82      83      84      85      86      87      88      89      90      91      92      
# energy\  H       He      Li      Be      B       C       N       O       F       Ne      Na      Mg      Al      Si      P       S       Cl      Ar      K       Ca      Sc      Ti      V       Cr      Mn      Fe      Co      Ni      Cu      Zn      Ga      Ge      As      Se      Br      Kr      Rb      Sr      Y       Zr      Nb      Mo      Tc      Ru      Rh      Pd      Ag      Cd      In      Sn      Sb      Te      I       Xe      Cs      Ba      La      Ce      Pr      Nd      Pm      Sm      Eu      Gd      Tb      Dy      Ho      Er      Tm      Yb      Lu      Hf      Ta      W       Re      Os      Ir      Pt      Au      Hg      Tl      Pb      Bi      Po      At      Rn      Fr      Ra      Ac      Th      Pa      U       
   0.00    0.0     0.0     0.0     0.0     0.0     0.0     0.0     0.0     0.0     0.0     0.0     0.0     0.0     0.0     0.0     0.0     0.0     0.0     0.0     0.0     0.0     0.0     0.0     0.0     0.0     0.0     0.0     0.0     0.0     0.0     0.0     0.0     0.0     0.0     0.0     0.0     0.0     0.0     0.0     0.0     0.0     0.0     0.0     0.0     0.0     0.0     0.0     0.0     0.0     0.0     0.0     0.0     0.0     0.0     0.0     0.0     0.0     0.0     0.0     0.0     0.0     0.0     0.0     0.0     0.0     0.0     0.0     0.0     0.0     0.0     0.0     0.0     0.0     0.0     0.0     0.0     0.0     0.0     0.0     0.0     0.0     0.0     0.0     0.0     0.0     0.0     0.0     0.0     0.0     0.0     0.0     0.0     
   10.0    0.601   0.729   0.935   1.909   2.268   2.905   1.916   1.579   1.789   1.783   3.249   3.982   3.716   3.552   3.885   3.057   0.920   2.182   2.756   2.777   4.267   3.901   4.162   3.226   3.076   3.378   3.084   3.184   3.045   2.870   3.079   3.966   4.582   4.013   1.378   2.015   5.043   5.046   5.120   4.002   5.952   5.602   5.053   3.588   3.126   4.763   4.706   4.374   3.619   6.018   5.319   4.311   5.652   1.644   6.525   6.710   6.903   5.723   5.165   5.364   5.416   4.758   4.594   6.815   5.398   4.560   3.701   3.877   4.949   3.753   4.364   3.769   4.830   4.496   3.989   2.521   2.964   4.072   3.796   2.941   3.405   5.242   5.105   6.578   6.660   6.393   7.403   7.109   4.829   4.665   5.942   4.782   
   11.0    0.630   0.765   0.980   2.002   2.379   3.047   2.010   1.656   1.877   1.870   3.408   4.177   3.898   3.725   4.075   3.206   0.965   2.288   2.891   2.912   4.476   4.091   4.365   3.383   3.227   3.543   3.234   3.340   3.194   3.010   3.229   4.160   4.805   4.208   1.445   2.114   5.289   5.292   5.370   4.198   6.242   5.875   5.300   3.763   3.278   4.995   4.936   4.588   3.796   6.312   5.579   4.521   5.928   1.725   6.844   7.038   7.239   6.003   5.417   5.626   5.680   4.990   4.818   7.148   5.662   4.782   3.881   4.067   5.190   3.936   4.577   3.953   5.066   4.715   4.183   2.645   3.108   4.271   3.982   3.084   3.571   5.498   5.354   6.899   6.985   6.705   7.764   7.456   5.064   4.892   6.232   5.015   
   12.0    0.658   0.799   1.024   2.091   2.484   3.183   2.099   1.729   1.960   1.953   3.559   4.363   4.071   3.891   4.256   3.348   1.008   2.390   3.019   3.042   4.675   4.273   4.559   3.534   3.370   3.700   3.378   3.488   3.336   3.143   3.373   4.345   5.019   4.396   1.509   2.208   5.524   5.527   5.609   4.384   6.520   6.137   5.535   3.930   3.424   5.217   5.155   4.792   3.965   6.593   5.827   4.723   6.192   1.801   7.148   7.351   7.561   6.270   5.658   5.876   5.933   5.212   5.032   7.466   5.913   4.995   4.054   4.248   5.421   4.111   4.781   4.128   5.291   4.925   4.369   2.762   3.247   4.461   4.159   3.221   3.730   5.743   5.592   7.206   7.296   7.004   8.110   7.788   5.290   5.110   6.509   5.238   
   13.0    0.685   0.832   1.066   2.177   2.586   3.313   2.185   1.800   2.040   2.033   3.705   4.541   4.237   4.050   4.430   3.485   1.049   2.487   3.143   3.166   4.866   4.447   4.745   3.678   3.508   3.851   3.516   3.631   3.472   3.272   3.510   4.522   5.224   4.575   1.571   2.298   5.750   5.753   5.838   4.563   6.786   6.387   5.761   4.091   3.564   5.430   5.366   4.987   4.127   6.862   6.065   4.915   6.445   1.875   7.440   7.651   7.870   6.526   5.889   6.116   6.175   5.425   5.238   7.771   6.155   5.199   4.219   4.421   5.642   4.279   4.976   4.297   5.507   5.126   4.548   2.875   3.379   4.643   4.328   3.353   3.882   5.977   5.821   7.500   7.594   7.290   8.441   8.106   5.506   5.318   6.775   5.452   
   14.0    0.711   0.863   1.106   2.259   2.683   3.438   2.267   1.868   2.117   2.110   3.845   4.712   4.397   4.203   4.597   3.617   1.089   2.581   3.261   3.285   5.049   4.615   4.924   3.817   3.640   3.997   3.649   3.768   3.603   3.395   3.643   4.693   5.421   4.748   1.630   2.384   5.967   5.970   6.058   4.736   7.042   6.628   5.979   4.245   3.698   5.635   5.568   5.176   4.283   7.121   6.294   5.101   6.688   1.946   7.721   7.940   8.167   6.772   6.112   6.347   6.408   5.630   5.435   8.064   6.387   5.395   4.379   4.588   5.855   4.441   5.164   4.459   5.715   5.319   4.719   2.983   3.507   4.818   4.492   3.479   4.029   6.203   6.040   7.783   7.880   7.565   8.759   8.412   5.713   5.519   7.030   5.658   
   15.0    0.736   0.893   1.145   2.338   2.778   3.558   2.347   1.933   2.192   2.184   3.980   4.877   4.551   4.350   4.758   3.744   1.127   2.672   3.376   3.401   5.226   4.777   5.097   3.951   3.768   4.137   3.777   3.900   3.730   3.515   3.771   4.858   5.611   4.914   1.687   2.468   6.176   6.180   6.271   4.902   7.290   6.861   6.189   4.394   3.828   5.833   5.764   5.357   4.433   7.371   6.515   5.280   6.923   2.014   7.992   8.219   8.454   7.010   6.326   6.570   6.633   5.827   5.626   8.347   6.611   5.585   4.532   4.749   6.061   4.597   5.345   4.616   5.916   5.506   4.885   3.088   3.630   4.987   4.650   3.601   4.170   6.421   6.252   8.056   8.157   7.830   9.067   8.707   5.914   5.713   7.277   5.857   
   16.0    0.760   0.923   1.182   2.415   2.869   3.675   2.424   1.997   2.263   2.255   4.110   5.037   4.701   4.493   4.915   3.866   1.164   2.760   3.486   3.512   5.398   4.934   5.264   4.080   3.891   4.272   3.901   4.028   3.852   3.630   3.894   5.017   5.795   5.076   1.743   2.549   6.379   6.382   6.477   5.063   7.529   7.086   6.392   4.538   3.954   6.024   5.953   5.533   4.578   7.612   6.729   5.453   7.150   2.080   8.254   8.488   8.731   7.240   6.533   6.785   6.851   6.018   5.811   8.621   6.828   5.768   4.681   4.905   6.260   4.747   5.520   4.767   6.110   5.686   5.045   3.189   3.749   5.151   4.802   3.720   4.307   6.631   6.457   8.320   8.424   8.087   9.364   8.992   6.108   5.900   7.516   6.049   
   17.0    0.783   0.951   1.219   2.489   2.957   3.788   2.499   2.058   2.333   2.325   4.237   5.192   4.845   4.631   5.066   3.985   1.200   2.844   3.594   3.620   5.564   5.086   5.426   4.206   4.011   4.404   4.021   4.152   3.971   3.742   4.014   5.171   5.974   5.232   1.796   2.628   6.575   6.579   6.676   5.218   7.760   7.304   6.588   4.678   4.075   6.210   6.136   5.703   4.719   7.847   6.936   5.621   7.370   2.144   8.508   8.749   9.000   7.462   6.735   6.994   7.062   6.204   5.989   8.886   7.038   5.945   4.825   5.056   6.452   4.893   5.690   4.914   6.298   5.861   5.200   3.288   3.864   5.309   4.950   3.834   4.440   6.835   6.656   8.577   8.684   8.336   9.652   9.269   6.296   6.082   7.747   6.235   
   18.0    0.806   0.979   1.254   2.561   3.043   3.898   2.571   2.118   2.401   2.392   4.359   5.343   4.986   4.766   5.213   4.101   1.235   2.927   3.698   3.725   5.725   5.233   5.584   4.328   4.128   4.532   4.137   4.272   4.086   3.850   4.131   5.321   6.147   5.383   1.848   2.704   6.766   6.770   6.869   5.370   7.985   7.516   6.779   4.814   4.194   6.390   6.314   5.869   4.856   8.074   7.137   5.784   7.584   2.206   8.755   9.003   9.261   7.679   6.930   7.197   7.266   6.383   6.163   9.144   7.242   6.118   4.965   5.202   6.639   5.035   5.855   5.056   6.481   6.031   5.351   3.383   3.976   5.463   5.093   3.945   4.568   7.033   6.849   8.825   8.935   8.578   9.932   9.538   6.478   6.258   7.972   6.416   
   20.0    0.850   1.032   1.322   2.700   3.207   4.109   2.710   2.232   2.531   2.522   4.595   5.632   5.256   5.023   5.495   4.323   1.302   3.085   3.898   3.927   6.035   5.516   5.886   4.562   4.351   4.777   4.361   4.504   4.307   4.058   4.354   5.609   6.480   5.675   1.948   2.850   7.132   7.136   7.241   5.660   8.417   7.922   7.146   5.074   4.420   6.735   6.655   6.186   5.119   8.511   7.523   6.097   7.994   2.326   9.228   9.490   9.762   8.094   7.305   7.586   7.659   6.729   6.496   9.638   7.634   6.449   5.233   5.484   6.998   5.308   6.172   5.330   6.831   6.358   5.641   3.566   4.191   5.758   5.369   4.159   4.816   7.414   7.220   9.303   9.419   9.042   10.47   10.05   6.829   6.597   8.403   6.763   
   22.0    0.901   1.094   1.402   2.864   3.402   4.358   2.875   2.368   2.684   2.675   4.874   5.974   5.574   5.328   5.828   4.585   1.380   3.272   4.134   4.165   6.401   5.851   6.243   4.839   4.615   5.067   4.626   4.777   4.568   4.304   4.618   5.949   6.873   6.019   2.067   3.023   7.564   7.569   7.680   6.004   8.928   8.403   7.580   5.382   4.689   7.144   7.059   6.561   5.429   9.027   7.979   6.467   8.479   2.467   9.788   10.07   10.35   8.585   7.748   8.046   8.124   7.137   6.890   10.22   8.097   6.840   5.551   5.816   7.423   5.630   6.546   5.653   7.246   6.743   5.983   3.782   4.446   6.108   5.694   4.411   5.108   7.864   7.658   9.867   9.990   9.590   11.10   10.66   7.243   6.997   8.913   7.173   
   25.0    0.950   1.153   1.478   3.019   3.586   4.594   3.030   2.496   2.829   2.819   5.138   6.297   5.876   5.616   6.143   4.833   1.455   3.449   4.358   4.390   6.747   6.168   6.580   5.100   4.864   5.341   4.876   5.035   4.815   4.537   4.868   6.271   7.244   6.345   2.178   3.186   7.974   7.978   8.096   6.328   9.411   8.857   7.990   5.673   4.942   7.530   7.441   6.916   5.723   9.516   8.411   6.816   8.937   2.600   10.32   10.61   10.91   9.050   8.167   8.481   8.563   7.523   7.263   10.78   8.535   7.210   5.851   6.131   7.824   5.934   6.900   5.959   7.637   7.108   6.306   3.987   4.686   6.438   6.003   4.649   5.384   8.289   8.072   10.40   10.53   10.11   11.71   11.24   7.635   7.375   9.395   7.561   
   27.0    0.996   1.210   1.550   3.166   3.761   4.818   3.178   2.618   2.967   2.957   5.388   6.604   6.163   5.890   6.443   5.069   1.526   3.618   4.571   4.604   7.077   6.469   6.901   5.349   5.102   5.601   5.114   5.281   5.050   4.759   5.106   6.577   7.598   6.654   2.285   3.342   8.363   8.368   8.491   6.637   9.870   9.290   8.380   5.950   5.183   7.898   7.804   7.254   6.002   9.980   8.821   7.149   9.374   2.727   10.82   11.13   11.45   9.491   8.565   8.895   8.981   7.890   7.618   11.30   8.952   7.562   6.137   6.430   8.206   6.224   7.237   6.250   8.010   7.455   6.614   4.181   4.915   6.752   6.295   4.876   5.647   8.694   8.466   10.91   11.04   10.60   12.28   11.79   8.007   7.735   9.853   7.930   
   30.0    1.041   1.263   1.619   3.307   3.928   5.032   3.319   2.734   3.099   3.088   5.628   6.898   6.437   6.152   6.729   5.294   1.594   3.779   4.774   4.809   7.391   6.756   7.208   5.587   5.329   5.850   5.341   5.516   5.275   4.970   5.333   6.870   7.936   6.950   2.386   3.490   8.735   8.740   8.868   6.932   10.31   9.703   8.752   6.214   5.414   8.249   8.151   7.576   6.269   10.42   9.213   7.467   9.790   2.848   11.30   11.62   11.96   9.913   8.946   9.291   9.381   8.241   7.956   11.80   9.350   7.898   6.410   6.716   8.571   6.500   7.559   6.528   8.366   7.786   6.908   4.367   5.133   7.053   6.575   5.093   5.898   9.080   8.842   11.39   11.54   11.07   12.82   12.31   8.364   8.079   10.29   8.282   
   32.0    1.083   1.315   1.685   3.442   4.088   5.238   3.455   2.846   3.226   3.214   5.858   7.179   6.700   6.404   7.004   5.511   1.659   3.933   4.969   5.005   7.693   7.032   7.503   5.815   5.546   6.089   5.560   5.741   5.490   5.173   5.551   7.150   8.260   7.234   2.484   3.633   9.091   9.096   9.231   7.215   10.73   10.10   9.110   6.468   5.635   8.586   8.484   7.886   6.525   10.85   9.590   7.772   10.19   2.964   11.76   12.10   12.44   10.32   9.312   9.670   9.764   8.577   8.281   12.29   9.732   8.221   6.671   6.990   8.921   6.766   7.868   6.794   8.708   8.104   7.191   4.546   5.343   7.341   6.844   5.301   6.139   9.451   9.203   11.86   12.01   11.53   13.35   12.82   8.705   8.409   10.71   8.621   
   35.0    1.124   1.365   1.748   3.572   4.243   5.435   3.585   2.953   3.348   3.336   6.079   7.450   6.953   6.645   7.269   5.719   1.722   4.081   5.157   5.194   7.984   7.298   7.786   6.035   5.756   6.319   5.769   5.958   5.697   5.369   5.760   7.420   8.572   7.507   2.577   3.770   9.435   9.440   9.579   7.488   11.13   10.48   9.453   6.712   5.848   8.910   8.804   8.183   6.771   11.26   9.952   8.065   10.57   3.076   12.21   12.55   12.91   10.71   9.663   10.04   10.13   8.901   8.594   12.75   10.10   8.531   6.923   7.254   9.258   7.021   8.165   7.051   9.037   8.410   7.462   4.717   5.545   7.618   7.102   5.501   6.370   9.808   9.551   12.31   12.46   11.96   13.85   13.30   9.034   8.727   11.12   8.946   
   37.0    1.163   1.412   1.810   3.697   4.392   5.626   3.711   3.057   3.465   3.453   6.292   7.712   7.197   6.879   7.524   5.919   1.782   4.225   5.338   5.377   8.264   7.554   8.059   6.247   5.958   6.541   5.972   6.167   5.897   5.557   5.962   7.680   8.872   7.770   2.668   3.902   9.766   9.771   9.915   7.751   11.53   10.85   9.785   6.948   6.053   9.223   9.113   8.471   7.009   11.65   10.30   8.348   10.95   3.184   12.64   12.99   13.37   11.08   10.00   10.39   10.49   9.214   8.896   13.20   10.45   8.830   7.166   7.509   9.583   7.268   8.451   7.298   9.354   8.706   7.724   4.883   5.739   7.885   7.352   5.694   6.594   10.15   9.886   12.74   12.90   12.38   14.34   13.77   9.351   9.033   11.51   9.260   
   40.0    1.202   1.459   1.869   3.818   4.536   5.811   3.833   3.157   3.579   3.566   6.499   7.965   7.433   7.104   7.771   6.113   1.841   4.363   5.513   5.553   8.535   7.801   8.323   6.451   6.153   6.755   6.168   6.369   6.090   5.739   6.158   7.932   9.163   8.025   2.755   4.030   10.09   10.09   10.24   8.005   11.90   11.20   10.11   7.176   6.251   9.525   9.412   8.748   7.239   12.04   10.64   8.622   11.30   3.289   13.05   13.42   13.81   11.45   10.33   10.73   10.83   9.516   9.187   13.63   10.80   9.120   7.401   7.755   9.897   7.506   8.728   7.537   9.661   8.991   7.977   5.043   5.928   8.144   7.593   5.881   6.810   10.48   10.21   13.16   13.32   12.79   14.81   14.22   9.657   9.329   11.88   9.564   
   45.0    1.274   1.547   1.983   4.050   4.811   6.163   4.065   3.349   3.796   3.782   6.893   8.448   7.883   7.535   8.242   6.484   1.952   4.628   5.847   5.890   9.052   8.275   8.828   6.843   6.526   7.165   6.542   6.755   6.460   6.087   6.531   8.413   9.719   8.512   2.923   4.275   10.70   10.70   10.86   8.490   12.63   11.88   10.72   7.611   6.631   10.10   9.983   9.279   7.678   12.77   11.28   9.145   11.99   3.488   13.84   14.23   14.64   12.14   10.96   11.38   11.49   10.09   9.745   14.46   11.45   9.673   7.850   8.225   10.50   7.961   9.258   7.995   10.25   9.536   8.461   5.349   6.287   8.638   8.053   6.238   7.223   11.12   10.83   13.95   14.13   13.56   15.70   15.08   10.24   9.895   12.60   10.14   
   50.0    1.343   1.631   2.090   4.269   5.071   6.497   4.285   3.530   4.001   3.987   7.266   8.905   8.310   7.943   8.688   6.835   2.058   4.878   6.163   6.209   9.542   8.722   9.306   7.213   6.879   7.553   6.896   7.121   6.809   6.417   6.885   8.869   10.25   8.972   3.081   4.506   11.28   11.28   11.45   8.950   13.31   12.53   11.30   8.023   6.989   10.65   10.52   9.781   8.093   13.46   11.89   9.640   12.64   3.677   14.59   15.00   15.43   12.80   11.55   11.99   12.11   10.64   10.27   15.24   12.07   10.20   8.275   8.670   11.07   8.392   9.759   8.427   10.80   10.05   8.919   5.638   6.627   9.105   8.489   6.575   7.614   11.72   11.42   14.71   14.89   14.30   16.55   15.90   10.80   10.43   13.29   10.69   
   55.0    1.409   1.711   2.192   4.477   5.319   6.814   4.494   3.702   4.196   4.182   7.620   9.340   8.715   8.330   9.112   7.169   2.158   5.116   6.464   6.512   10.01   9.148   9.760   7.565   7.215   7.921   7.232   7.468   7.142   6.730   7.221   9.301   10.75   9.410   3.231   4.726   11.83   11.83   12.01   9.386   13.96   13.14   11.85   8.414   7.330   11.17   11.04   10.26   8.488   14.11   12.48   10.11   13.26   3.856   15.30   15.74   16.19   13.42   12.11   12.58   12.70   11.16   10.77   15.98   12.66   10.69   8.679   9.093   11.61   8.802   10.23   8.838   11.33   10.54   9.354   5.913   6.951   9.549   8.903   6.896   7.986   12.29   11.97   15.43   15.62   14.99   17.36   16.67   11.32   10.94   13.93   11.21   
   60.0    1.472   1.787   2.289   4.676   5.555   7.117   4.694   3.867   4.383   4.368   7.959   9.755   9.103   8.701   9.517   7.487   2.254   5.344   6.752   6.801   10.45   9.555   10.19   7.901   7.536   8.274   7.554   7.800   7.459   7.029   7.542   9.715   11.22   9.829   3.375   4.936   12.35   12.36   12.54   9.804   14.58   13.72   12.38   8.789   7.656   11.67   11.53   10.71   8.866   14.74   13.03   10.56   13.85   4.028   15.98   16.44   16.91   14.02   12.65   13.14   13.27   11.65   11.25   16.69   13.22   11.17   9.064   9.498   12.12   9.193   10.69   9.231   11.83   11.01   9.770   6.176   7.260   9.974   9.299   7.203   8.341   12.84   12.50   16.11   16.31   15.66   18.13   17.41   11.83   11.43   14.55   11.71   
   65.0    1.532   1.860   2.383   4.867   5.782   7.407   4.886   4.025   4.562   4.546   8.284   10.15   9.475   9.056   9.906   7.793   2.346   5.562   7.027   7.079   10.88   9.945   10.61   8.224   7.844   8.611   7.862   8.119   7.764   7.316   7.850   10.11   11.68   10.23   3.512   5.138   12.86   12.86   13.05   10.20   15.17   14.28   12.88   9.147   7.969   12.14   12.00   11.15   9.228   15.34   13.56   10.99   14.41   4.192   16.64   17.11   17.60   14.59   13.17   13.68   13.81   12.13   11.71   17.38   13.76   11.63   9.435   9.886   12.62   9.568   11.13   9.608   12.32   11.46   10.17   6.428   7.556   10.38   9.679   7.497   8.681   13.37   13.02   16.77   16.98   16.30   18.87   18.12   12.31   11.89   15.15   12.19   
   70.0    1.589   1.930   2.473   5.051   6.000   7.687   5.070   4.176   4.734   4.718   8.597   10.54   9.832   9.398   10.28   8.087   2.435   5.772   7.293   7.346   11.29   10.32   11.01   8.534   8.140   8.936   8.159   8.425   8.057   7.592   8.146   10.49   12.12   10.62   3.645   5.332   13.34   13.35   13.55   10.59   15.75   14.82   13.37   9.493   8.270   12.60   12.45   11.57   9.576   15.92   14.07   11.41   14.96   4.351   17.26   17.75   18.26   15.14   13.67   14.19   14.33   12.59   12.15   18.03   14.28   12.06   9.791   10.26   13.09   9.930   11.55   9.971   12.78   11.89   10.55   6.671   7.841   10.77   10.04   7.780   9.009   13.87   13.51   17.40   17.62   16.92   19.59   18.81   12.78   12.34   15.72   12.65   
   80.0    1.699   2.063   2.643   5.400   6.414   8.218   5.420   4.465   5.061   5.043   9.190   11.26   10.51   10.05   10.99   8.646   2.603   6.171   7.796   7.853   12.07   11.03   11.77   9.124   8.702   9.554   8.723   9.007   8.613   8.116   8.708   11.22   12.96   11.35   3.897   5.700   14.26   14.27   14.48   11.32   16.83   15.84   14.29   10.15   8.841   13.47   13.31   12.37   10.24   17.02   15.05   12.19   15.99   4.651   18.46   18.98   19.52   16.19   14.61   15.17   15.32   13.46   12.99   19.28   15.27   12.90   10.47   10.97   14.00   10.62   12.34   10.66   13.66   12.72   11.28   7.132   8.383   11.52   10.74   8.317   9.631   14.83   14.44   18.61   18.84   18.08   20.94   20.11   13.66   13.19   16.81   13.53   
   90.0    1.802   2.188   2.804   5.727   6.803   8.716   5.749   4.736   5.368   5.349   9.748   11.95   11.15   10.66   11.66   9.170   2.761   6.545   8.269   8.330   12.80   11.70   12.49   9.677   9.229   10.13   9.252   9.553   9.136   8.609   9.237   11.90   13.75   12.04   4.133   6.046   15.13   15.14   15.36   12.01   17.86   16.81   15.16   10.76   9.377   14.29   14.12   13.12   10.86   18.05   15.96   12.93   16.96   4.933   19.58   20.13   20.71   17.17   15.50   16.09   16.25   14.27   13.78   20.45   16.19   13.68   11.10   11.63   14.85   11.26   13.09   11.31   14.49   13.49   11.97   7.564   8.891   12.22   11.39   8.822   10.22   15.73   15.32   19.73   19.98   19.18   22.21   21.33   14.49   13.99   17.83   14.35   
   100.    1.900   2.307   2.955   6.037   7.172   9.188   6.060   4.992   5.659   5.639   10.28   12.59   11.75   11.23   12.29   9.666   2.910   6.899   8.716   8.780   13.49   12.34   13.16   10.20   9.729   10.68   9.752   10.07   9.630   9.074   9.736   12.54   14.49   12.69   4.357   6.373   15.95   15.96   16.19   12.66   18.82   17.71   15.98   11.35   9.884   15.06   14.88   13.83   11.45   19.03   16.82   13.63   17.87   5.200   20.64   21.22   21.83   18.10   16.33   16.96   17.13   15.05   14.53   21.55   17.07   14.42   11.70   12.26   15.65   11.87   13.80   11.92   15.27   14.22   12.61   7.973   9.372   12.88   12.01   9.299   10.77   16.58   16.14   20.80   21.06   20.22   23.41   22.48   15.27   14.75   18.79   15.12   
   110.    1.992   2.419   3.100   6.332   7.522   9.636   6.356   5.235   5.935   5.914   10.78   13.21   12.33   11.78   12.89   10.14   3.052   7.236   9.142   9.209   14.15   12.94   13.80   10.70   10.20   11.20   10.23   10.56   10.10   9.517   10.21   13.15   15.20   13.31   4.569   6.684   16.73   16.74   16.98   13.27   19.74   18.58   16.76   11.90   10.37   15.80   15.61   14.51   12.00   19.96   17.64   14.30   18.75   5.454   21.64   22.26   22.89   18.98   17.13   17.79   17.96   15.78   15.24   22.60   17.90   15.12   12.27   12.86   16.41   12.45   14.47   12.50   16.02   14.91   13.23   8.363   9.830   13.50   12.59   9.753   11.29   17.39   16.93   21.82   22.09   21.20   24.55   23.58   16.01   15.47   19.71   15.86   
   120.    2.081   2.527   3.237   6.613   7.856   10.06   6.639   5.468   6.199   6.177   11.26   13.80   12.87   12.30   13.46   10.59   3.188   7.557   9.548   9.618   14.78   13.51   14.42   11.17   10.66   11.70   10.68   11.03   10.55   9.941   10.67   13.74   15.87   13.90   4.773   6.981   17.47   17.48   17.74   13.86   20.62   19.41   17.50   12.43   10.83   16.50   16.30   15.15   12.54   20.85   18.43   14.93   19.58   5.696   22.60   23.25   23.91   19.83   17.89   18.58   18.76   16.48   15.91   23.61   18.70   15.80   12.82   13.43   17.14   13.00   15.12   13.06   16.73   15.57   13.82   8.735   10.27   14.11   13.15   10.19   11.80   18.16   17.68   22.79   23.07   22.15   25.64   24.63   16.73   16.16   20.58   16.56   
   130.    2.166   2.630   3.370   6.883   8.177   10.48   6.910   5.692   6.452   6.429   11.72   14.36   13.40   12.81   14.01   11.02   3.318   7.866   9.938   10.01   15.39   14.06   15.01   11.63   11.09   12.18   11.12   11.48   10.98   10.35   11.10   14.30   16.52   14.47   4.967   7.266   18.18   18.19   18.46   14.43   21.46   20.20   18.22   12.94   11.27   17.17   16.97   15.77   13.05   21.70   19.18   15.54   20.38   5.929   23.53   24.19   24.89   20.64   18.62   19.34   19.53   17.15   16.56   24.57   19.46   16.44   13.34   13.98   17.84   13.53   15.74   13.59   17.42   16.21   14.38   9.091   10.69   14.68   13.69   10.60   12.28   18.90   18.41   23.72   24.01   23.05   26.69   25.63   17.41   16.82   21.42   17.24   
   140.    2.248   2.729   3.497   7.143   8.485   10.87   7.170   5.906   6.695   6.672   12.16   14.90   13.91   13.29   14.54   11.44   3.443   8.163   10.31   10.39   15.97   14.60   15.57   12.07   11.51   12.64   11.54   11.92   11.39   10.74   11.52   14.84   17.14   15.01   5.155   7.540   18.87   18.88   19.16   14.98   22.27   20.96   18.91   13.42   11.70   17.82   17.61   16.37   13.54   22.52   19.90   16.13   21.15   6.153   24.42   25.11   25.83   21.42   19.33   20.07   20.26   17.80   17.19   25.50   20.20   17.06   13.85   14.51   18.52   14.04   16.33   14.10   18.07   16.82   14.92   9.434   11.09   15.24   14.20   11.00   12.74   19.62   19.10   24.61   24.92   23.92   27.70   26.60   18.07   17.45   22.23   17.89   
   150.    2.327   2.825   3.620   7.394   8.783   11.25   7.422   6.114   6.930   6.906   12.58   15.42   14.39   13.76   15.05   11.84   3.564   8.449   10.68   10.75   16.53   15.11   16.12   12.49   11.92   13.08   11.94   12.33   11.79   11.11   11.92   15.36   17.74   15.54   5.336   7.805   19.53   19.54   19.83   15.50   23.05   21.70   19.57   13.90   12.11   18.45   18.23   16.94   14.02   23.31   20.60   16.70   21.89   6.369   25.27   25.99   26.73   22.17   20.00   20.77   20.98   18.43   17.79   26.40   20.91   17.66   14.33   15.02   19.17   14.54   16.90   14.60   18.71   17.41   15.45   9.765   11.48   15.77   14.70   11.39   13.19   20.30   19.77   25.48   25.79   24.76   28.67   27.53   18.70   18.07   23.01   18.52   
   160.    2.403   2.918   3.738   7.636   9.071   11.62   7.666   6.314   7.158   7.132   13.00   15.93   14.87   14.21   15.54   12.23   3.681   8.726   11.03   11.11   17.07   15.60   16.65   12.90   12.31   13.51   12.34   12.74   12.18   11.48   12.32   15.86   18.33   16.05   5.511   8.061   20.17   20.18   20.48   16.01   23.81   22.41   20.21   14.35   12.50   19.05   18.82   17.50   14.48   24.07   21.28   17.24   22.61   6.578   26.10   26.84   27.61   22.89   20.66   21.46   21.66   19.03   18.37   27.26   21.59   18.24   14.80   15.51   19.79   15.01   17.46   15.07   19.32   17.98   15.95   10.09   11.86   16.29   15.19   11.76   13.62   20.97   20.42   26.31   26.64   25.57   29.61   28.44   19.31   18.66   23.77   19.13   
   170.    2.477   3.007   3.853   7.871   9.351   11.98   7.901   6.509   7.378   7.352   13.40   16.42   15.32   14.65   16.02   12.60   3.795   8.995   11.36   11.45   17.59   16.08   17.16   13.30   12.68   13.93   12.72   13.13   12.56   11.83   12.69   16.35   18.89   16.54   5.680   8.309   20.79   20.80   21.11   16.50   24.54   23.10   20.83   14.79   12.89   19.64   19.40   18.04   14.92   24.81   21.93   17.77   23.31   6.780   26.90   27.67   28.46   23.60   21.30   22.12   22.33   19.62   18.94   28.10   22.26   18.80   15.26   15.99   20.40   15.47   17.99   15.54   19.92   18.54   16.45   10.40   12.22   16.79   15.65   12.12   14.04   21.61   21.05   27.12   27.46   26.36   30.52   29.31   19.91   19.23   24.50   19.72   
   180.    2.549   3.095   3.965   8.100   9.622   12.33   8.131   6.697   7.592   7.565   13.79   16.90   15.77   15.07   16.48   12.97   3.905   9.256   11.69   11.78   18.10   16.55   17.66   13.69   13.05   14.33   13.08   13.51   12.92   12.17   13.06   16.83   19.44   17.02   5.845   8.550   21.40   21.41   21.72   16.98   25.25   23.77   21.44   15.22   13.26   20.21   19.97   18.56   15.36   25.53   22.57   18.29   23.98   6.977   27.68   28.47   29.28   24.28   21.91   22.76   22.98   20.19   19.49   28.92   22.90   19.35   15.70   16.45   21.00   15.92   18.52   15.99   20.49   19.07   16.92   10.70   12.57   17.28   16.11   12.48   14.45   22.24   21.66   27.91   28.26   27.12   31.41   30.16   20.49   19.79   25.21   20.29   
   200.    2.687   3.262   4.180   8.538   10.14   12.99   8.570   7.060   8.002   7.974   14.53   17.81   16.62   15.89   17.38   13.67   4.116   9.756   12.33   12.42   19.08   17.44   18.61   14.43   13.76   15.11   13.79   14.24   13.62   12.83   13.77   17.74   20.49   17.94   6.161   9.012   22.55   22.57   22.90   17.90   26.62   25.05   22.60   16.05   13.98   21.30   21.05   19.56   16.19   26.91   23.79   19.28   25.28   7.354   29.18   30.01   30.87   25.60   23.10   23.99   24.22   21.28   20.54   30.48   24.14   20.39   16.55   17.34   22.13   16.78   19.52   16.85   21.60   20.10   17.84   11.28   13.25   18.21   16.98   13.15   15.23   23.44   22.83   29.42   29.78   28.59   33.11   31.79   21.59   20.86   26.57   21.39   
   225.    2.850   3.460   4.433   9.056   10.76   13.78   9.090   7.488   8.488   8.458   15.41   18.89   17.63   16.85   18.43   14.50   4.365   10.35   13.07   13.17   20.24   18.50   19.74   15.30   14.59   16.02   14.63   15.11   14.44   13.61   14.60   18.81   21.73   19.03   6.535   9.559   23.92   23.93   24.29   18.98   28.23   26.57   23.97   17.02   14.83   22.59   22.32   20.75   17.17   28.55   25.23   20.45   26.81   7.800   30.95   31.83   32.74   27.15   24.50   25.44   25.69   22.57   21.79   32.33   25.61   21.63   17.55   18.39   23.47   17.80   20.70   17.88   22.91   21.32   18.92   11.96   14.06   19.31   18.01   13.95   16.15   24.87   24.22   31.20   31.59   30.33   35.12   33.72   22.90   22.13   28.18   22.68   
   250.    3.004   3.647   4.673   9.546   11.34   14.53   9.582   7.893   8.947   8.915   16.25   19.91   18.58   17.76   19.43   15.28   4.602   10.91   13.78   13.88   21.34   19.50   20.81   16.13   15.38   16.89   15.42   15.92   15.23   14.35   15.39   19.83   22.91   20.06   6.889   10.08   25.21   25.23   25.60   20.01   29.76   28.01   25.27   17.94   15.63   23.81   23.53   21.87   18.10   30.09   26.60   21.56   28.26   8.222   32.63   33.55   34.51   28.62   25.83   26.82   27.08   23.79   22.97   34.08   26.99   22.80   18.50   19.39   24.74   18.77   21.82   18.84   24.15   22.48   19.94   12.61   14.82   20.36   18.98   14.70   17.03   26.21   25.53   32.89   33.30   31.97   37.01   35.55   24.14   23.32   29.71   23.91   
   275.    3.150   3.825   4.901   10.01   11.89   15.24   10.05   8.278   9.384   9.350   17.04   20.88   19.49   18.63   20.37   16.03   4.826   11.44   14.45   14.56   22.38   20.46   21.82   16.92   16.13   17.71   16.17   16.70   15.97   15.05   16.15   20.80   24.03   21.04   7.225   10.57   26.45   26.46   26.85   20.99   31.21   29.38   26.50   18.82   16.39   24.97   24.68   22.94   18.98   31.56   27.90   22.61   29.64   8.623   34.22   35.19   36.20   30.01   27.09   28.13   28.40   24.95   24.09   35.74   28.31   23.91   19.41   20.33   25.95   19.68   22.89   19.76   25.33   23.57   20.92   13.22   15.54   21.35   19.91   15.42   17.86   27.49   26.77   34.49   34.93   33.53   38.82   37.28   25.32   24.46   31.16   25.08   
   300.    3.290   3.995   5.119   10.46   12.42   15.91   10.50   8.646   9.801   9.766   17.80   21.81   20.35   19.46   21.28   16.74   5.041   11.95   15.10   15.21   23.37   21.36   22.79   17.67   16.85   18.50   16.89   17.44   16.68   15.72   16.86   21.72   25.10   21.98   7.546   11.04   27.62   27.64   28.04   21.92   32.60   30.68   27.68   19.65   17.12   26.09   25.78   23.96   19.82   32.96   29.14   23.61   30.96   9.007   35.74   36.75   37.81   31.35   28.29   29.38   29.66   26.06   25.16   37.33   29.57   24.98   20.27   21.24   27.10   20.56   23.90   20.64   26.46   24.62   21.85   13.81   16.23   22.30   20.79   16.11   18.65   28.71   27.96   36.03   36.48   35.02   40.55   38.94   26.45   25.55   32.54   26.19   
   325.    3.425   4.158   5.328   10.88   12.93   16.56   10.93   8.999   10.20   10.17   18.52   22.70   21.19   20.25   22.15   17.43   5.247   12.44   15.71   15.83   24.33   22.24   23.73   18.39   17.54   19.26   17.58   18.15   17.36   16.36   17.55   22.61   26.12   22.88   7.854   11.49   28.75   28.77   29.19   22.82   33.93   31.94   28.81   20.45   17.82   27.15   26.83   24.94   20.63   34.31   30.33   24.58   32.22   9.375   37.20   38.26   39.35   32.63   29.45   30.58   30.88   27.12   26.19   38.85   30.77   26.00   21.10   22.11   28.21   21.40   24.88   21.48   27.54   25.63   22.74   14.37   16.90   23.21   21.64   16.76   19.41   29.89   29.10   37.50   37.97   36.45   42.20   40.53   27.53   26.59   33.87   27.26   
   350.    3.554   4.315   5.529   11.29   13.42   17.19   11.34   9.339   10.59   10.55   19.22   23.56   21.99   21.01   22.99   18.08   5.445   12.91   16.31   16.43   25.25   23.08   24.62   19.08   18.20   19.98   18.24   18.84   18.02   16.98   18.21   23.46   27.11   23.74   8.151   11.92   29.83   29.85   30.29   23.68   35.21   33.14   29.89   21.23   18.49   28.18   27.84   25.88   21.41   35.60   31.47   25.50   33.44   9.728   38.60   39.70   40.84   33.86   30.56   31.73   32.04   28.15   27.18   40.32   31.94   26.98   21.89   22.94   29.28   22.20   25.82   22.30   28.58   26.60   23.60   14.92   17.53   24.09   22.46   17.40   20.15   31.01   30.20   38.92   39.40   37.82   43.80   42.06   28.57   27.60   35.15   28.29   
   375.    3.679   4.467   5.723   11.69   13.89   17.79   11.74   9.667   10.96   10.92   19.90   24.39   22.76   21.75   23.79   18.72   5.636   13.36   16.88   17.00   26.13   23.89   25.49   19.75   18.84   20.68   18.88   19.50   18.65   17.57   18.85   24.29   28.06   24.57   8.437   12.34   30.88   30.90   31.35   24.51   36.45   34.30   30.94   21.97   19.14   29.16   28.82   26.79   22.16   36.85   32.57   26.40   34.61   10.07   39.96   41.09   42.27   35.05   31.63   32.85   33.17   29.14   28.13   41.74   33.06   27.92   22.66   23.74   30.30   22.98   26.72   23.08   29.58   27.53   24.42   15.44   18.15   24.93   23.25   18.01   20.85   32.10   31.26   40.28   40.78   39.15   45.33   43.53   29.57   28.56   36.39   29.28   
   400.    3.800   4.613   5.911   12.07   14.34   18.38   12.12   9.984   11.32   11.28   20.55   25.19   23.50   22.47   24.57   19.33   5.821   13.80   17.43   17.56   26.99   24.67   26.32   20.40   19.46   21.36   19.50   20.14   19.26   18.15   19.47   25.08   28.98   25.38   8.713   12.75   31.89   31.91   32.38   25.31   37.64   35.43   31.96   22.69   19.77   30.12   29.76   27.67   22.89   38.06   33.64   27.27   35.75   10.40   41.27   42.44   43.66   36.20   32.67   33.93   34.25   30.09   29.05   43.10   34.14   28.84   23.40   24.52   31.30   23.74   27.60   23.84   30.55   28.43   25.23   15.95   18.74   25.75   24.01   18.60   21.54   33.16   32.29   41.60   42.12   40.43   46.82   44.96   30.54   29.50   37.58   30.24   
   450.    4.030   4.893   6.269   12.81   15.21   19.49   12.86   10.59   12.00   11.96   21.80   26.71   24.93   23.83   26.06   20.50   6.174   14.63   18.49   18.63   28.63   26.17   27.92   21.64   20.64   22.66   20.69   21.36   20.43   19.25   20.65   26.61   30.74   26.92   9.242   13.52   33.83   33.85   34.35   26.85   39.93   37.58   33.90   24.07   20.97   31.95   31.57   29.34   24.28   40.37   35.68   28.92   37.92   11.03   43.77   45.01   46.30   38.39   34.65   35.98   36.33   31.92   30.81   45.72   36.21   30.59   24.82   26.01   33.20   25.18   29.28   25.28   32.40   30.16   26.76   16.91   19.88   27.31   25.47   19.73   22.84   35.17   34.25   44.13   44.68   42.89   49.66   47.69   32.39   31.29   39.86   32.08   
   500.    4.248   5.158   6.608   13.50   16.04   20.54   13.55   11.16   12.65   12.61   22.98   28.16   26.28   25.12   27.47   21.61   6.508   15.43   19.49   19.63   30.17   27.58   29.43   22.81   21.75   23.88   21.81   22.52   21.53   20.29   21.77   28.04   32.40   28.37   9.742   14.25   35.66   35.68   36.21   28.30   42.09   39.61   35.73   25.37   22.10   33.68   33.28   30.93   25.59   42.56   37.61   30.48   39.97   11.63   46.14   47.45   48.81   40.47   36.52   37.93   38.30   33.64   32.48   48.19   38.17   32.24   26.17   27.42   34.99   26.54   30.86   26.65   34.16   31.79   28.20   17.83   20.96   28.79   26.84   20.79   24.08   37.07   36.10   46.51   47.09   45.21   52.35   50.27   34.14   32.98   42.01   33.81   
   550.    4.455   5.409   6.931   14.16   16.82   21.55   14.21   11.71   13.27   13.22   24.10   29.53   27.56   26.34   28.81   22.67   6.825   16.18   20.44   20.59   31.65   28.93   30.86   23.92   22.82   25.05   22.87   23.62   22.58   21.28   22.83   29.41   33.98   29.76   10.22   14.95   37.40   37.42   37.97   29.68   44.14   41.54   37.47   26.61   23.18   35.32   34.90   32.44   26.84   44.63   39.45   31.97   41.92   12.20   48.39   49.77   51.19   42.45   38.31   39.78   40.17   35.29   34.07   50.54   40.03   33.82   27.44   28.76   36.70   27.83   32.37   27.95   35.82   33.34   29.58   18.70   21.98   30.20   28.15   21.81   25.25   38.88   37.86   48.78   49.39   47.41   54.90   52.72   35.81   34.59   44.06   35.46   
   600.    4.653   5.650   7.239   14.79   17.57   22.50   14.84   12.23   13.86   13.81   25.17   30.85   28.79   27.51   30.10   23.68   7.129   16.90   21.35   21.51   33.05   30.21   32.24   24.99   23.83   26.16   23.89   24.67   23.59   22.23   23.85   30.72   35.49   31.08   10.67   15.61   39.06   39.08   39.66   31.00   46.10   43.39   39.14   27.79   24.21   36.89   36.45   33.88   28.04   46.62   41.20   33.39   43.78   12.74   50.55   51.98   53.47   44.33   40.01   41.55   41.95   36.85   35.58   52.79   41.81   35.32   28.66   30.03   38.33   29.07   33.80   29.19   37.42   34.82   30.90   19.53   22.96   31.54   29.41   22.78   26.38   40.61   39.54   50.95   51.59   49.52   57.34   55.07   37.40   36.13   46.02   37.04   
   650.    4.843   5.881   7.535   15.39   18.28   23.42   15.45   12.73   14.43   14.38   26.20   32.11   29.96   28.64   31.32   24.64   7.420   17.59   22.22   22.39   34.40   31.45   33.55   26.01   24.80   27.23   24.86   25.67   24.55   23.14   24.82   31.98   36.94   32.35   11.11   16.25   40.66   40.68   41.28   32.27   47.99   45.16   40.74   28.93   25.20   38.40   37.94   35.27   29.18   48.52   42.89   34.76   45.57   13.26   52.61   54.10   55.65   46.14   41.64   43.25   43.66   38.36   37.03   54.95   43.52   36.76   29.83   31.26   39.90   30.26   35.18   30.38   38.94   36.24   32.16   20.33   23.89   32.83   30.61   23.71   27.45   42.27   41.16   53.03   53.69   51.54   59.68   57.32   38.93   37.61   47.90   38.55   
   700.    5.026   6.103   7.819   15.97   18.97   24.31   16.03   13.21   14.97   14.92   27.19   33.32   31.09   29.72   32.51   25.57   7.700   18.25   23.06   23.23   35.70   32.64   34.82   26.99   25.74   28.26   25.80   26.64   25.48   24.01   25.76   33.18   38.33   33.57   11.53   16.86   42.19   42.22   42.84   33.49   49.80   46.87   42.28   30.02   26.15   39.85   39.37   36.60   30.28   50.35   44.51   36.07   47.29   13.76   54.60   56.14   57.75   47.89   43.21   44.88   45.31   39.81   38.43   57.02   45.16   38.15   30.96   32.44   41.40   31.40   36.51   31.53   40.41   37.61   33.37   21.10   24.80   34.07   31.76   24.60   28.49   43.86   42.71   55.03   55.72   53.49   61.94   59.48   40.40   39.03   49.71   40.01   
   800.    5.373   6.524   8.359   17.08   20.28   25.99   17.14   14.12   16.00   15.95   29.06   35.62   33.24   31.77   34.75   27.34   8.232   19.51   24.65   24.83   38.17   34.89   37.22   28.85   27.52   30.21   27.58   28.48   27.24   25.67   27.54   35.47   40.98   35.89   12.32   18.02   45.11   45.13   45.80   35.80   53.24   50.10   45.20   32.09   27.96   42.60   42.09   39.12   32.37   53.83   47.58   38.56   50.56   14.71   58.36   60.02   61.74   51.19   46.20   47.98   48.44   42.56   41.09   60.96   48.28   40.79   33.10   34.68   44.26   33.57   39.03   33.71   43.20   40.21   35.67   22.55   26.51   36.42   33.96   26.30   30.46   46.89   45.66   58.83   59.57   57.18   66.21   63.59   43.19   41.72   53.14   42.77   
   900.    5.699   6.920   8.866   18.11   21.51   27.56   18.18   14.98   16.98   16.92   30.83   37.78   35.26   33.70   36.86   29.00   8.731   20.70   26.15   26.34   40.48   37.01   39.48   30.60   29.19   32.04   29.26   30.21   28.89   27.22   29.21   37.63   43.47   38.07   13.07   19.12   47.84   47.87   48.57   37.97   56.46   53.14   47.94   34.04   29.65   45.18   44.64   41.50   34.34   57.09   50.46   40.90   53.62   15.60   61.91   63.66   65.48   54.30   49.00   50.89   51.38   45.14   43.58   64.66   51.21   43.26   35.11   36.78   46.95   35.60   41.40   35.75   45.82   42.65   37.84   23.92   28.12   38.63   36.02   27.90   32.30   49.73   48.43   62.40   63.18   60.65   70.23   67.44   45.81   44.25   56.37   45.36   
   1.00e3  6.008   7.294   9.346   19.09   22.68   29.05   19.16   15.79   17.89   17.83   32.49   39.82   37.16   35.52   38.85   30.57   9.203   21.82   27.56   27.77   42.67   39.01   41.62   32.26   30.76   33.78   30.84   31.84   30.45   28.70   30.79   39.66   45.82   40.13   13.78   20.15   50.43   50.46   51.20   40.02   59.52   56.02   50.53   35.88   31.26   47.63   47.06   43.74   36.19   60.18   53.19   43.11   56.53   16.44   65.25   67.10   69.03   57.23   51.65   53.64   54.16   47.58   45.94   68.15   53.98   45.60   37.01   38.77   49.49   37.53   43.64   37.69   48.30   44.96   39.89   25.21   29.64   40.72   37.96   29.41   34.05   52.42   51.05   65.78   66.60   63.93   74.03   71.09   48.29   46.65   59.42   47.82   
   1.10e3  6.301   7.650   9.802   20.02   23.79   30.47   20.10   16.56   18.77   18.70   34.08   41.77   38.98   37.25   40.75   32.06   9.652   22.88   28.91   29.12   44.76   40.91   43.65   33.83   32.27   35.43   32.34   33.40   31.94   30.10   32.29   41.60   48.05   42.08   14.45   21.14   52.89   52.92   53.70   41.98   62.42   58.75   53.00   37.63   32.78   49.95   49.36   45.88   37.96   63.12   55.79   45.21   59.28   17.25   68.44   70.38   72.39   60.03   54.17   56.26   56.80   49.90   48.18   71.48   56.62   47.82   38.81   40.67   51.90   39.36   45.77   39.53   50.66   47.15   41.83   26.45   31.08   42.71   39.82   30.84   35.71   54.98   53.54   68.99   69.85   67.05   77.64   74.56   50.64   48.92   62.32   50.15   
   1.20e3  6.581   7.990   10.24   20.91   24.84   31.83   20.99   17.29   19.60   19.53   35.59   43.63   40.71   38.91   42.56   33.48   10.08   23.90   30.19   30.42   46.75   42.73   45.59   35.34   33.70   37.00   33.78   34.88   33.36   31.43   33.73   43.45   50.19   43.96   15.09   22.08   55.24   55.27   56.09   43.84   65.20   61.37   55.35   39.30   34.24   52.17   51.55   47.92   39.65   65.93   58.27   47.23   61.92   18.01   71.48   73.51   75.61   62.70   56.58   58.76   59.33   52.12   50.32   74.66   59.13   49.95   40.54   42.48   54.21   41.11   47.81   41.28   52.91   49.25   43.69   27.62   32.47   44.61   41.59   32.21   37.30   57.43   55.92   72.06   72.96   70.04   81.10   77.88   52.90   51.10   65.09   52.38   
   1.30e3  6.850   8.316   10.66   21.77   25.86   33.13   21.85   18.00   20.40   20.33   37.05   45.41   42.37   40.50   44.30   34.85   10.49   24.87   31.43   31.66   48.66   44.47   47.45   36.78   35.08   38.51   35.16   36.31   34.72   32.72   35.10   45.22   52.24   45.75   15.71   22.98   57.50   57.53   58.38   45.63   67.86   63.87   57.61   40.91   35.64   54.30   53.66   49.87   41.27   68.62   60.65   49.15   64.45   18.75   74.40   76.51   78.70   65.26   58.89   61.16   61.75   54.25   52.38   77.71   61.55   51.99   42.19   44.21   56.42   42.79   49.76   42.97   55.07   51.26   45.48   28.75   33.79   46.43   43.28   33.53   38.82   59.77   58.21   75.00   75.94   72.90   84.41   81.06   55.06   53.18   67.75   54.52   
   1.40e3  7.108   8.630   11.06   22.59   26.83   34.38   22.68   18.68   21.17   21.10   38.45   47.12   43.97   42.03   45.97   36.17   10.89   25.81   32.61   32.85   50.49   46.15   49.24   38.17   36.40   39.97   36.49   37.68   36.03   33.95   36.43   46.93   54.21   47.48   16.30   23.84   59.67   59.70   60.58   47.36   70.42   66.28   59.79   42.45   36.98   56.35   55.68   51.76   42.83   71.21   62.94   51.01   66.88   19.46   77.21   79.40   81.67   67.72   61.12   63.47   64.08   56.30   54.35   80.64   63.87   53.95   43.79   45.88   58.55   44.41   51.64   44.59   57.15   53.19   47.19   29.83   35.07   48.18   44.92   34.79   40.29   62.03   60.40   77.83   78.80   75.65   87.59   84.12   57.13   55.19   70.30   56.58   
   1.50e3  7.358   8.933   11.45   23.38   27.78   35.58   23.47   19.33   21.92   21.84   39.80   48.77   45.51   43.50   47.58   37.44   11.27   26.72   33.76   34.01   52.26   47.77   50.97   39.51   37.68   41.37   37.77   39.00   37.30   35.15   37.71   48.58   56.11   49.14   16.87   24.68   61.76   61.80   62.71   49.02   72.90   68.61   61.89   43.94   38.28   58.33   57.64   53.57   44.33   73.71   65.15   52.80   69.23   20.14   79.92   82.19   84.54   70.10   63.26   65.70   66.33   58.27   56.26   83.47   66.11   55.85   45.32   47.49   60.61   45.97   53.45   46.16   59.16   55.06   48.85   30.88   36.30   49.87   46.50   36.01   41.70   64.21   62.52   80.56   81.57   78.30   90.67   87.07   59.14   57.13   72.77   58.57   
   1.60e3  7.599   9.226   11.82   24.15   28.69   36.75   24.24   19.97   22.63   22.55   41.10   50.37   47.01   44.93   49.15   38.66   11.64   27.60   34.86   35.12   53.98   49.34   52.64   40.80   38.91   42.72   39.01   40.28   38.52   36.30   38.94   50.17   57.95   50.76   17.43   25.49   63.79   63.82   64.77   50.63   75.29   70.86   63.92   45.38   39.54   60.24   59.53   55.33   45.78   76.12   67.29   54.53   71.50   20.80   82.54   84.88   87.31   72.40   65.33   67.85   68.51   60.18   58.11   86.21   68.28   57.68   46.81   49.05   62.60   47.47   55.20   47.67   61.10   56.86   50.45   31.89   37.49   51.51   48.02   37.20   43.07   66.31   64.57   83.20   84.24   80.87   93.64   89.92   61.08   59.00   75.16   60.49   
   1.70e3  7.833   9.510   12.19   24.89   29.57   37.88   24.99   20.58   23.33   23.25   42.37   51.92   48.45   46.31   50.66   39.85   12.00   28.44   35.94   36.20   55.64   50.86   54.26   42.06   40.11   44.04   40.21   41.52   39.71   37.42   40.14   51.71   59.74   52.32   17.96   26.28   65.75   65.79   66.76   52.18   77.60   73.04   65.88   46.78   40.75   62.10   61.36   57.03   47.19   78.47   69.36   56.21   73.70   21.44   85.08   87.49   90.00   74.62   67.35   69.94   70.62   62.04   59.89   88.86   70.38   59.45   48.25   50.56   64.52   48.93   56.90   49.14   62.98   58.61   52.00   32.88   38.64   53.09   49.50   38.34   44.40   68.35   66.56   85.77   86.84   83.36   96.52   92.69   62.96   60.82   77.47   62.35   
   1.80e3  8.060   9.786   12.54   25.61   30.43   38.98   25.71   21.18   24.01   23.92   43.59   53.43   49.86   47.66   52.13   41.01   12.35   29.27   36.98   37.25   57.25   52.33   55.84   43.28   41.28   45.32   41.37   42.72   40.86   38.50   41.31   53.21   61.47   53.83   18.48   27.04   67.66   67.70   68.69   53.70   79.85   75.16   67.79   48.14   41.94   63.90   63.14   58.69   48.56   80.74   71.37   57.84   75.84   22.06   87.55   90.03   92.61   76.79   69.30   71.97   72.66   63.83   61.63   91.44   72.42   61.18   49.65   52.02   66.39   50.35   58.55   50.56   64.81   60.31   53.51   33.83   39.76   54.63   50.93   39.45   45.68   70.33   68.49   88.25   89.35   85.78   99.32   95.38   64.78   62.58   79.72   64.16   
   2.00e3  8.496   10.32   13.22   27.00   32.07   41.09   27.10   22.32   25.31   25.22   45.95   56.32   52.56   50.23   54.95   43.23   13.02   30.85   38.98   39.27   60.35   55.16   58.86   45.62   43.51   47.77   43.61   45.04   43.07   40.58   43.54   56.09   64.80   56.75   19.48   28.50   71.32   71.36   72.41   56.60   84.17   79.22   71.46   50.74   44.20   67.35   66.55   61.86   51.19   85.11   75.23   60.97   79.94   23.26   92.28   94.90   97.62   80.94   73.05   75.86   76.59   67.29   64.96   96.38   76.34   64.49   52.33   54.84   69.98   53.08   61.72   53.30   68.31   63.58   56.41   35.66   41.91   57.58   53.69   41.59   48.16   74.14   72.20   93.03   94.19   90.42   104.7   100.5   68.29   65.97   84.03   67.63   
   2.25e3  9.011   10.94   14.02   28.64   34.02   43.58   28.75   23.68   26.84   26.75   48.74   59.74   55.74   53.28   58.28   45.85   13.80   32.72   41.34   41.65   64.01   58.51   62.43   48.39   46.15   50.67   46.26   47.77   45.68   43.04   46.18   59.49   68.73   60.19   20.67   30.23   75.64   75.69   76.80   60.04   89.28   84.03   75.80   53.82   46.89   71.44   70.59   65.61   54.29   90.27   79.79   64.67   84.79   24.67   97.88   100.7   103.5   85.85   77.48   80.46   81.24   71.37   68.90   102.2   80.97   68.40   55.51   58.16   74.23   56.30   65.46   56.53   72.46   67.43   59.83   37.82   44.46   61.08   56.94   44.11   51.08   78.64   76.58   98.67   99.90   95.90   111.0   106.6   72.43   69.97   89.13   71.73   
   2.50e3  9.499   11.53   14.78   30.19   35.86   45.94   30.30   24.96   28.29   28.19   51.38   62.97   58.76   56.16   61.43   48.33   14.55   34.49   43.58   43.90   67.47   61.68   65.80   51.00   48.64   53.41   48.76   50.35   48.15   45.37   48.68   62.71   72.44   63.45   21.78   31.86   79.74   79.78   80.96   63.28   94.11   88.57   79.90   56.73   49.42   75.30   74.41   69.16   57.23   95.16   84.11   68.16   89.37   26.00   103.2   106.1   109.1   90.50   81.67   84.81   85.63   75.23   72.63   107.8   85.35   72.10   58.51   61.31   78.24   59.34   69.00   59.59   76.37   71.08   63.06   39.87   46.86   64.38   60.03   46.49   53.84   82.89   80.72   104.0   105.3   101.1   117.1   112.4   76.35   73.75   93.95   75.61   
   2.75e3  9.962   12.10   15.50   31.66   37.61   48.18   31.78   26.18   29.67   29.57   53.88   66.04   61.63   58.90   64.43   50.69   15.26   36.18   45.71   46.04   70.77   64.69   69.01   53.49   51.02   56.01   51.14   52.81   50.50   47.59   51.06   65.77   75.98   66.54   22.85   33.42   83.63   83.68   84.91   66.37   98.70   92.90   83.80   59.50   51.83   78.98   78.04   72.54   60.02   99.80   88.21   71.49   93.74   27.27   108.2   111.3   114.5   94.91   85.65   88.95   89.81   78.90   76.18   113.0   89.52   75.62   61.37   64.30   82.06   62.24   72.37   62.50   80.10   74.55   66.14   41.81   49.15   67.52   62.95   48.76   56.47   86.94   84.66   109.1   110.4   106.0   122.8   117.9   80.07   77.35   98.53   79.30   
   3.00e3  10.41   12.63   16.19   33.07   39.28   50.32   33.19   27.34   30.99   30.88   56.28   68.98   64.37   61.52   67.29   52.94   15.94   37.79   47.74   48.09   73.91   67.56   72.08   55.87   53.29   58.50   53.41   55.16   52.75   49.70   53.33   68.70   79.36   69.50   23.86   34.90   87.35   87.40   88.68   69.32   103.1   97.03   87.52   62.14   54.14   82.49   81.51   75.76   62.69   104.2   92.13   74.67   97.90   28.48   113.0   116.2   119.6   99.13   89.46   92.91   93.81   82.41   79.56   118.0   93.50   78.98   64.10   67.16   85.71   65.00   75.59   65.28   83.66   77.86   69.08   43.67   51.33   70.53   65.75   50.93   58.98   90.80   88.42   113.9   115.4   110.7   128.2   123.1   83.64   80.79   102.9   82.82   
   3.25e3  10.83   13.15   16.85   34.42   40.88   52.38   34.55   28.46   32.26   32.14   58.58   71.79   67.00   64.04   70.04   55.11   16.59   39.33   49.69   50.05   76.93   70.32   75.03   58.15   55.46   60.89   55.60   57.41   54.90   51.73   55.51   71.50   82.60   72.34   24.84   36.33   90.91   90.96   92.31   72.15   107.3   101.0   91.10   64.68   56.35   85.86   84.84   78.86   65.25   108.5   95.90   77.72   101.9   29.64   117.6   121.0   124.4   103.2   93.12   96.70   97.64   85.77   82.81   122.9   97.32   82.21   66.71   69.90   89.21   67.66   78.68   67.94   87.08   81.04   71.91   45.46   53.43   73.41   68.44   53.01   61.39   94.51   92.03   118.6   120.1   115.3   133.5   128.2   87.05   84.09   107.1   86.21   
   3.50e3  11.24   13.65   17.48   35.72   42.43   54.35   35.85   29.53   33.48   33.36   60.79   74.50   69.53   66.45   72.69   57.19   17.22   40.81   51.57   51.94   79.84   72.98   77.86   60.35   57.56   63.19   57.69   59.58   56.97   53.69   57.60   74.20   85.72   75.07   25.77   37.70   94.35   94.40   95.79   74.88   111.3   104.8   94.53   67.12   58.48   89.10   88.04   81.83   67.71   112.6   99.52   80.65   105.7   30.76   122.1   125.5   129.1   107.1   96.63   100.4   101.3   89.01   85.94   127.5   101.0   85.31   69.23   72.54   92.58   70.21   81.65   70.51   90.37   84.10   74.62   47.17   55.45   76.18   71.02   55.01   63.70   98.08   95.51   123.1   124.6   119.6   138.5   133.0   90.34   87.27   111.2   89.46   
   3.75e3  11.63   14.12   18.10   36.97   43.92   56.26   37.11   30.57   34.65   34.53   62.92   77.12   71.97   68.79   75.24   59.19   17.82   42.25   53.38   53.77   82.64   75.54   80.59   62.47   59.58   65.41   59.72   61.67   58.97   55.57   59.62   76.80   88.72   77.70   26.68   39.02   97.66   97.71   99.15   77.51   115.3   108.5   97.85   69.48   60.53   92.23   91.13   84.71   70.09   116.5   103.0   83.48   109.5   31.84   126.4   129.9   133.7   110.8   100.0   103.9   104.9   92.14   88.96   132.0   104.5   88.30   71.66   75.09   95.83   72.68   84.51   72.98   93.54   87.06   77.24   48.83   57.39   78.85   73.52   56.94   65.94   101.5   98.86   127.4   129.0   123.8   143.4   137.7   93.51   90.33   115.1   92.60   
   4.00e3  12.02   14.59   18.69   38.18   45.36   58.11   38.33   31.57   35.79   35.66   64.99   79.65   74.33   71.04   77.71   61.13   18.41   43.63   55.13   55.53   85.35   78.01   83.23   64.51   61.53   67.55   61.68   63.69   60.90   57.39   61.58   79.32   91.63   80.25   27.55   40.30   100.9   100.9   102.4   80.05   119.0   112.0   101.1   71.76   62.51   95.25   94.12   87.48   72.39   120.4   106.4   86.22   113.1   32.89   130.5   134.2   138.1   114.5   103.3   107.3   108.3   95.16   91.87   136.3   108.0   91.20   74.01   77.55   98.97   75.06   87.28   75.37   96.61   89.91   79.77   50.43   59.28   81.44   75.93   58.81   68.10   104.8   102.1   131.6   133.2   127.9   148.1   142.2   96.57   93.29   118.8   95.64   
   4.50e3  12.74   15.47   19.83   40.50   48.11   61.63   40.65   33.49   37.96   37.82   68.93   84.48   78.83   75.35   82.42   64.84   19.52   46.28   58.47   58.90   90.52   82.75   88.28   68.43   65.26   71.65   65.42   67.55   64.60   60.87   65.31   84.13   97.19   85.12   29.23   42.75   107.0   107.0   108.6   84.90   126.3   118.8   107.2   76.11   66.31   101.0   99.83   92.79   76.78   127.7   112.8   91.45   119.9   34.88   138.4   142.3   146.4   121.4   109.6   113.8   114.9   100.9   97.45   144.6   114.5   96.73   78.50   82.25   105.0   79.61   92.58   79.95   102.5   95.36   84.61   53.49   62.87   86.38   80.53   62.38   72.23   111.2   108.3   139.5   141.3   135.6   157.0   150.8   102.4   98.95   126.0   101.4   
   5.00e3  13.43   16.31   20.90   42.69   50.71   64.97   42.85   35.30   40.01   39.87   72.66   89.05   83.10   79.43   86.88   68.35   20.58   48.78   61.63   62.09   95.42   87.22   93.06   72.13   68.79   75.53   68.96   71.21   68.09   64.17   68.85   88.69   102.5   89.72   30.81   45.06   112.8   112.8   114.5   89.50   133.1   125.3   113.0   80.23   69.89   106.5   105.2   97.81   80.93   134.6   118.9   96.40   126.4   36.77   145.9   150.0   154.3   128.0   115.5   119.9   121.1   106.4   102.7   152.4   120.7   102.0   82.75   86.70   110.7   83.92   97.59   84.27   108.0   100.5   89.19   56.38   66.27   91.05   84.89   65.75   76.14   117.2   114.2   147.1   148.9   143.0   165.5   159.0   108.0   104.3   132.9   106.9   
   5.50e3  14.09   17.11   21.92   44.77   53.19   68.14   44.94   37.02   41.97   41.82   76.20   93.40   87.15   83.30   91.12   71.69   21.58   51.16   64.64   65.12   100.1   91.48   97.60   75.65   72.15   79.21   72.32   74.68   71.42   67.30   72.21   93.01   107.5   94.10   32.31   47.26   118.3   118.3   120.1   93.86   139.6   131.4   118.5   84.14   73.30   111.7   110.4   102.6   84.88   141.1   124.8   101.1   132.6   38.56   153.0   157.4   161.9   134.2   121.1   125.8   127.0   111.6   107.7   159.8   126.6   106.9   86.79   90.93   116.1   88.02   102.3   88.38   113.3   105.4   93.54   59.13   69.51   95.49   89.03   68.96   79.86   122.9   119.7   154.3   156.2   149.9   173.6   166.7   113.2   109.4   139.3   112.1   
   6.00e3  14.72   17.87   22.89   46.76   55.55   71.17   46.94   38.67   43.83   43.68   79.59   97.55   91.03   87.01   95.17   74.87   22.54   53.44   67.52   68.01   104.5   95.55   101.9   79.01   75.36   82.74   75.54   78.00   74.59   70.29   75.42   97.15   112.2   98.29   33.75   49.36   123.5   123.6   125.4   98.04   145.8   137.2   123.8   87.89   76.56   116.7   115.3   107.1   88.66   147.4   130.3   105.6   138.5   40.28   159.8   164.4   169.1   140.2   126.5   131.4   132.7   116.5   112.5   166.9   132.2   111.7   90.64   94.98   121.2   91.93   106.9   92.31   118.3   110.1   97.70   61.76   72.60   99.74   92.99   72.03   83.41   128.4   125.0   161.1   163.1   156.6   181.3   174.1   118.3   114.3   145.5   117.1   
   6.50e3  15.32   18.60   23.83   48.67   57.82   74.07   48.86   40.25   45.62   45.46   82.84   101.5   94.75   90.56   99.06   77.93   23.46   55.62   70.27   70.79   108.8   99.45   106.1   82.24   78.44   86.11   78.62   81.19   77.64   73.16   78.50   101.1   116.8   102.3   35.13   51.38   128.6   128.6   130.5   102.0   151.7   142.8   128.8   91.47   79.69   121.4   120.0   111.5   92.28   153.4   135.6   109.9   144.1   41.92   166.4   171.1   176.0   145.9   131.7   136.8   138.1   121.3   117.1   173.8   137.6   116.3   94.35   98.86   126.2   95.68   111.3   96.08   123.2   114.6   101.7   64.28   75.56   103.8   96.79   74.97   86.81   133.7   130.2   167.7   169.8   163.0   188.7   181.2   123.1   118.9   151.5   121.9   
   7.00e3  15.89   19.30   24.73   50.51   60.00   76.87   50.70   41.77   47.34   47.18   85.97   105.4   98.32   93.98   102.8   80.87   24.35   57.72   72.93   73.46   112.9   103.2   110.1   85.34   81.40   89.36   81.59   84.25   80.57   75.92   81.46   104.9   121.2   106.2   36.45   53.32   133.4   133.5   135.5   105.9   157.5   148.2   133.7   94.93   82.70   126.0   124.5   115.7   95.76   159.2   140.7   114.1   149.6   43.51   172.6   177.5   182.6   151.4   136.7   141.9   143.3   125.9   121.5   180.3   142.8   120.6   97.91   102.6   130.9   99.30   115.5   99.71   127.8   118.9   105.5   66.71   78.41   107.7   100.4   77.80   90.09   138.7   135.1   174.0   176.2   169.2   195.9   188.1   127.8   123.4   157.2   126.5   
   8.00e3  16.99   20.63   26.43   54.00   64.14   82.18   54.20   44.65   50.61   50.43   91.90   112.6   105.1   100.5   109.9   86.46   26.03   61.71   77.96   78.53   120.7   110.3   117.7   91.24   87.02   95.54   87.23   90.07   86.13   81.16   87.08   112.2   129.6   113.5   38.97   57.00   142.6   142.7   144.8   113.2   168.3   158.4   142.9   101.5   88.41   134.7   133.1   123.7   102.4   170.2   150.5   121.9   159.9   46.51   184.6   189.8   195.2   161.9   146.1   151.7   153.2   134.6   129.9   192.8   152.7   129.0   104.7   109.7   140.0   106.2   123.4   106.6   136.6   127.2   112.8   71.32   83.83   115.2   107.4   83.17   96.31   148.3   144.4   186.1   188.4   180.8   209.4   201.1   136.6   131.9   168.1   135.3   
   9.00e3  18.02   21.88   28.04   57.27   68.03   87.16   57.49   47.36   53.68   53.49   97.48   119.5   111.5   106.6   116.6   91.70   27.61   65.45   82.69   83.30   128.0   117.0   124.9   96.77   92.29   101.3   92.52   95.53   91.36   86.09   92.37   119.0   137.5   120.4   41.33   60.46   151.3   151.4   153.6   120.1   178.6   168.1   151.6   107.6   93.77   142.9   141.2   131.2   108.6   180.5   159.6   129.3   169.6   49.33   195.8   201.3   207.1   171.7   155.0   160.9   162.5   142.7   137.8   204.5   161.9   136.8   111.0   116.3   148.5   112.6   130.9   113.1   144.9   134.9   119.7   75.64   88.91   122.2   113.9   88.22   102.2   157.3   153.2   197.3   199.8   191.8   222.1   213.3   144.9   139.9   178.3   143.5   
   10.0e3  19.00   23.07   29.55   60.37   71.72   91.88   60.60   49.92   56.59   56.39   102.8   125.9   117.5   112.3   122.9   96.66   29.10   68.99   87.16   87.80   134.9   123.4   131.6   102.0   97.29   106.8   97.52   100.7   96.30   90.74   97.36   125.4   144.9   126.9   43.57   63.73   159.5   159.6   161.9   126.6   188.2   177.1   159.8   113.5   98.84   150.6   148.8   138.3   114.5   190.3   168.2   136.3   178.8   52.00   206.4   212.2   218.3   181.0   163.3   169.6   171.3   150.5   145.3   215.5   170.7   144.2   117.0   122.6   156.5   118.7   138.0   119.2   152.7   142.2   126.1   79.73   93.72   128.8   120.1   92.99   107.7   165.8   161.4   208.0   210.6   202.2   234.1   224.8   152.7   147.5   187.9   151.2   
   11.0e3  19.93   24.19   31.00   63.32   75.22   96.36   63.56   52.36   59.35   59.14   107.8   132.1   123.3   117.8   128.9   101.4   30.52   72.36   91.42   92.09   141.5   129.4   138.0   107.0   102.0   112.0   102.3   105.6   101.0   95.17   102.1   131.5   152.0   133.1   45.69   66.84   167.3   167.4   169.8   132.7   197.4   185.8   167.6   119.0   103.7   158.0   156.1   145.1   120.0   199.6   176.4   143.0   187.5   54.54   216.4   222.6   228.9   189.8   171.3   177.9   179.6   157.8   152.4   226.0   179.0   151.2   122.7   128.6   164.1   124.5   144.7   125.0   160.2   149.1   132.3   83.63   98.30   135.0   125.9   97.53   112.9   173.9   169.3   218.2   220.9   212.0   245.5   235.8   160.1   154.7   197.1   158.6   
   12.0e3  20.81   25.27   32.37   66.13   78.56   100.6   66.39   54.68   61.99   61.77   112.6   138.0   128.7   123.0   134.6   105.9   31.88   75.57   95.48   96.18   147.8   135.1   144.2   111.7   106.6   117.0   106.8   110.3   105.5   99.41   106.7   137.4   158.7   139.0   47.73   69.81   174.7   174.8   177.4   138.6   206.2   194.1   175.0   124.3   108.3   165.0   163.0   151.5   125.4   208.5   184.3   149.3   195.8   56.96   226.0   232.5   239.1   198.3   178.9   185.8   187.6   164.8   159.1   236.1   187.0   158.0   128.2   134.3   171.4   130.0   151.2   130.6   167.3   155.7   138.2   87.35   102.7   141.1   131.5   101.9   118.0   181.6   176.8   227.9   230.7   221.5   256.4   246.3   167.3   161.6   205.8   165.6   
   13.0e3  21.66   26.30   33.70   68.83   81.77   104.8   69.10   56.92   64.52   64.29   117.2   143.6   134.0   128.1   140.1   110.2   33.18   78.66   99.38   100.1   153.9   140.6   150.1   116.3   110.9   121.8   111.2   114.8   109.8   103.5   111.0   143.0   165.2   144.7   49.68   72.66   181.8   181.9   184.6   144.3   214.6   202.0   182.2   129.4   112.7   171.7   169.7   157.7   130.5   217.0   191.8   155.4   203.8   59.29   235.3   241.9   248.9   206.4   186.2   193.4   195.3   171.5   165.6   245.7   194.6   164.4   133.4   139.8   178.4   135.3   157.4   135.9   174.2   162.1   143.8   90.91   106.9   146.8   136.9   106.0   122.8   189.0   184.1   237.2   240.1   230.5   266.9   256.3   174.1   168.2   214.2   172.4   
   14.0e3  22.48   27.29   34.97   71.43   84.85   108.7   71.71   59.07   66.95   66.72   121.6   149.0   139.1   132.9   145.4   114.4   34.44   81.63   103.1   103.9   159.7   146.0   155.7   120.7   115.1   126.4   115.4   119.2   113.9   107.4   115.2   148.4   171.4   150.1   51.55   75.40   188.7   188.8   191.6   149.8   222.7   209.6   189.1   134.2   117.0   178.2   176.1   163.7   135.4   225.2   199.0   161.3   211.5   61.53   244.2   251.1   258.3   214.2   193.3   200.7   202.6   178.0   171.9   255.0   202.0   170.6   138.5   145.1   185.2   140.4   163.3   141.0   180.7   168.2   149.2   94.34   110.9   152.4   142.0   110.0   127.4   196.2   191.0   246.1   249.2   239.2   277.0   266.0   180.7   174.5   222.3   178.9   
   15.0e3  23.27   28.25   36.20   73.94   87.83   112.5   74.22   61.14   69.30   69.06   125.8   154.2   143.9   137.6   150.5   118.4   35.64   84.49   106.8   107.5   165.3   151.1   161.2   124.9   119.2   130.8   119.4   123.3   117.9   111.1   119.2   153.6   177.4   155.4   53.36   78.05   195.3   195.4   198.3   155.0   230.5   217.0   195.7   139.0   121.1   184.5   182.3   169.4   140.2   233.1   206.0   167.0   218.9   63.69   252.7   259.9   267.3   221.7   200.0   207.7   209.8   184.3   177.9   264.0   209.1   176.6   143.3   150.2   191.7   145.4   169.0   146.0   187.1   174.1   154.5   97.65   114.8   157.7   147.0   113.9   131.9   203.0   197.7   254.8   257.9   247.6   286.7   275.3   187.0   180.7   230.1   185.2   
   16.0e3  24.03   29.18   37.38   76.36   90.71   116.2   76.66   63.14   71.58   71.32   130.0   159.3   148.7   142.1   155.4   122.3   36.81   87.26   110.3   111.1   170.7   156.0   166.5   129.0   123.1   135.1   123.4   127.4   121.8   114.8   123.2   158.6   183.3   160.5   55.11   80.61   201.7   201.8   204.8   160.1   238.1   224.1   202.1   143.5   125.0   190.5   188.2   175.0   144.8   240.7   212.8   172.4   226.1   65.78   261.0   268.4   276.1   228.9   206.6   214.6   216.6   190.3   183.7   272.6   215.9   182.4   148.0   155.1   197.9   150.1   174.6   150.7   193.2   179.8   159.5   100.9   118.6   162.9   151.9   117.6   136.2   209.7   204.2   263.1   266.4   255.7   296.1   284.4   193.1   186.6   237.7   191.3   
   17.0e3  24.77   30.07   38.53   78.71   93.51   119.8   79.02   65.09   73.78   73.52   134.0   164.2   153.2   146.5   160.2   126.0   37.95   89.95   113.6   114.5   175.9   160.8   171.6   133.0   126.8   139.3   127.2   131.3   125.6   118.3   126.9   163.5   188.9   165.4   56.81   83.09   207.9   208.0   211.1   165.0   245.4   231.0   208.3   147.9   128.9   196.4   194.0   180.4   149.2   248.1   219.3   177.7   233.1   67.80   269.0   276.7   284.6   236.0   213.0   221.2   223.3   196.2   189.4   281.0   222.6   188.0   152.6   159.9   204.0   154.7   179.9   155.4   199.2   185.4   164.5   104.0   122.2   167.9   156.5   121.2   140.4   216.1   210.5   271.2   274.6   263.6   305.2   293.1   199.1   192.3   245.0   197.2   
   18.0e3  25.49   30.95   39.65   81.00   96.22   123.3   81.31   66.97   75.92   75.65   137.9   169.0   157.7   150.7   164.8   129.7   39.05   92.56   116.9   117.8   181.0   165.5   176.6   136.9   130.5   143.3   130.8   135.1   129.2   121.7   130.6   168.3   194.4   170.2   58.45   85.50   214.0   214.1   217.2   169.8   252.5   237.7   214.4   152.2   132.6   202.1   199.7   185.6   153.6   255.3   225.7   182.9   239.8   69.77   276.8   284.7   292.8   242.8   219.1   227.6   229.8   201.9   194.9   289.2   229.0   193.5   157.0   164.5   210.0   159.2   185.2   159.9   204.9   190.7   169.2   107.0   125.7   172.8   161.1   124.8   144.5   222.4   216.6   279.1   282.6   271.2   314.1   301.6   204.9   197.9   252.1   202.9   
   20.0e3  26.87   32.62   41.80   85.38   101.4   129.9   85.71   70.60   80.03   79.74   145.3   178.1   166.2   158.9   173.8   136.7   41.16   97.56   123.3   124.2   190.8   174.4   186.1   144.3   137.6   151.1   137.9   142.4   136.2   128.3   137.7   177.4   204.9   179.4   61.61   90.12   225.5   225.7   229.0   179.0   266.2   250.5   226.0   160.5   139.8   213.0   210.5   195.6   161.9   269.1   237.9   192.8   252.8   73.54   291.8   300.1   308.7   256.0   231.0   239.9   242.2   212.8   205.4   304.8   241.4   203.9   165.5   173.4   221.3   167.8   195.2   168.5   216.0   201.0   178.4   112.8   132.5   182.1   169.8   131.5   152.3   234.4   228.3   294.2   297.9   285.9   331.1   317.9   215.9   208.6   265.7   213.9   
   22.5e3  28.50   34.60   44.33   90.56   107.6   137.8   90.90   74.88   84.88   84.58   154.1   188.9   176.3   168.5   184.3   145.0   43.66   103.5   130.7   131.7   202.4   185.0   197.4   153.0   145.9   160.2   146.3   151.1   144.4   136.1   146.0   188.1   217.3   190.3   65.35   95.59   239.2   239.3   242.9   189.8   282.3   265.7   239.7   170.2   148.3   225.9   223.2   207.5   171.7   285.5   252.3   204.5   268.1   78.00   309.5   318.3   327.4   271.5   245.0   254.4   256.9   225.7   217.9   323.3   256.1   216.3   175.5   183.9   234.7   178.0   207.0   178.8   229.1   213.2   189.2   119.6   140.6   193.1   180.1   139.5   161.5   248.7   242.2   312.0   315.9   303.3   351.2   337.2   229.0   221.3   281.8   226.8   
   25.0e3  30.04   36.47   46.73   95.46   113.4   145.3   95.82   78.93   89.47   89.15   162.5   199.1   185.8   177.6   194.3   152.8   46.02   109.1   137.8   138.8   213.4   195.0   208.1   161.3   153.8   168.9   154.2   159.2   152.3   143.5   153.9   198.3   229.1   200.6   68.89   100.8   252.1   252.3   256.0   200.1   297.6   280.1   252.7   179.4   156.3   238.1   235.3   218.7   181.0   300.9   266.0   215.6   282.6   82.22   326.3   335.5   345.1   286.2   258.3   268.2   270.8   237.9   229.7   340.8   269.9   228.0   185.0   193.9   247.4   187.7   218.2   188.4   241.5   224.8   199.4   126.1   148.2   203.6   189.8   147.0   170.3   262.1   255.3   328.9   333.0   319.7   370.1   355.5   241.4   233.2   297.1   239.1   
   27.5e3  31.50   38.25   49.01   100.1   118.9   152.4   100.5   82.78   93.84   93.50   170.4   208.8   194.9   186.3   203.7   160.3   48.26   114.4   144.5   145.6   223.8   204.6   218.2   169.2   161.3   177.1   161.7   167.0   159.7   150.5   161.5   208.0   240.3   210.4   72.25   105.7   264.5   264.6   268.5   209.9   312.1   293.8   265.0   188.2   163.9   249.7   246.8   229.4   189.8   315.6   279.0   226.1   296.4   86.23   342.2   351.9   362.0   300.1   270.9   281.3   284.0   249.5   240.9   357.4   283.1   239.1   194.1   203.3   259.5   196.8   228.9   197.6   253.3   235.7   209.2   132.2   155.4   213.5   199.1   154.2   178.6   274.9   267.7   344.9   349.3   335.3   388.2   372.8   253.2   244.6   311.6   250.8   
   30.0e3  32.91   39.95   51.19   104.6   124.2   159.1   105.0   86.46   98.01   97.66   178.0   218.1   203.5   194.6   212.8   167.4   50.41   119.5   151.0   152.1   233.7   213.6   227.9   176.7   168.5   185.0   168.9   174.4   166.8   157.2   168.6   217.2   251.0   219.8   75.46   110.4   276.2   276.4   280.4   219.2   326.0   306.8   276.8   196.5   171.2   260.9   257.8   239.6   198.2   329.6   291.4   236.1   309.6   90.07   357.4   367.5   378.1   313.5   282.9   293.8   296.6   260.6   251.6   373.3   295.7   249.8   202.7   212.4   271.0   205.6   239.0   206.4   264.6   246.2   218.5   138.1   162.3   223.0   207.9   161.1   186.5   287.1   279.6   360.3   364.8   350.2   405.5   389.4   264.5   255.5   325.4   261.9   
   32.5e3  34.25   41.58   53.28   108.8   129.3   165.6   109.3   89.99   102.0   101.7   185.2   227.0   211.9   202.5   221.5   174.3   52.47   124.4   157.1   158.3   243.3   222.4   237.3   183.9   175.4   192.6   175.8   181.5   173.6   163.6   175.5   226.1   261.2   228.8   78.54   114.9   287.5   287.7   291.9   228.2   339.3   319.4   288.1   204.5   178.2   271.5   268.3   249.4   206.3   343.1   303.3   245.8   322.3   93.75   372.0   382.6   393.5   326.3   294.5   305.8   308.8   271.2   261.9   388.5   307.7   260.0   211.0   221.1   282.1   214.0   248.8   214.8   275.4   256.3   227.4   143.7   169.0   232.1   216.4   167.6   194.1   298.9   291.0   375.0   379.7   364.5   422.0   405.3   275.3   265.9   338.7   272.6   
   35.0e3  35.54   43.15   55.29   112.9   134.2   171.9   113.4   93.39   105.9   105.5   192.2   235.6   219.9   210.1   229.9   180.8   54.45   129.1   163.1   164.3   252.5   230.8   246.2   190.8   182.0   199.8   182.4   188.4   180.2   169.8   182.1   234.6   271.1   237.4   81.51   119.2   298.3   298.5   302.9   236.8   352.1   331.4   298.9   212.3   184.9   281.8   278.4   258.8   214.1   356.0   314.7   255.0   334.4   97.28   386.0   397.0   408.4   338.6   305.6   317.3   320.4   281.5   271.8   403.2   319.4   269.8   218.9   229.4   292.8   222.0   258.2   223.0   285.8   266.0   236.0   149.2   175.3   240.9   224.6   174.0   201.5   310.1   302.0   389.2   394.0   378.2   438.0   420.6   285.7   276.0   351.5   282.9   
   37.5e3  36.79   44.67   57.23   116.9   138.9   177.9   117.4   96.67   109.6   109.2   199.0   243.9   227.6   217.5   237.9   187.2   56.36   133.6   168.8   170.0   261.3   238.9   254.9   197.5   188.4   206.8   188.8   195.0   186.5   175.7   188.5   242.9   280.6   245.7   84.37   123.4   308.8   309.0   313.5   245.1   364.5   343.0   309.4   219.7   191.4   291.6   288.2   267.9   221.6   368.5   325.7   264.0   346.2   100.7   399.6   410.9   422.7   350.5   316.3   328.5   331.7   291.4   281.3   417.4   330.6   279.2   226.6   237.4   303.0   229.8   267.2   230.8   295.8   275.3   244.2   154.4   181.5   249.3   232.5   180.1   208.5   321.0   312.6   402.8   407.9   391.5   453.3   435.3   295.7   285.6   363.9   292.8   
   40.0e3  38.00   46.13   59.11   120.7   143.4   183.8   121.2   99.84   113.2   112.8   205.5   251.9   235.0   224.7   245.7   193.3   58.21   138.0   174.3   175.6   269.9   246.7   263.2   204.0   194.6   213.6   195.0   201.4   192.6   181.5   194.7   250.8   289.8   253.8   87.14   127.5   318.9   319.1   323.8   253.1   376.4   354.3   319.6   226.9   197.7   301.2   297.6   276.7   228.9   380.6   336.4   272.7   357.5   104.0   412.7   424.4   436.6   362.0   326.7   339.3   342.5   300.9   290.5   431.0   341.4   288.4   234.0   245.2   313.0   237.4   276.0   238.4   305.5   284.3   252.3   159.5   187.4   257.5   240.1   186.0   215.4   331.6   322.9   416.0   421.2   404.3   468.2   449.6   305.4   295.0   375.8   302.4   
   45.0e3  40.30   48.93   62.69   128.1   152.1   194.9   128.6   105.9   120.0   119.6   218.0   267.1   249.3   238.3   260.6   205.0   61.74   146.3   184.9   186.3   286.3   261.7   279.2   216.4   206.4   226.6   206.9   213.6   204.3   192.5   206.5   266.1   307.4   269.2   92.42   135.2   338.3   338.5   343.5   268.5   399.3   375.8   339.0   240.7   209.7   319.5   315.7   293.4   242.8   403.7   356.8   289.2   379.2   110.3   437.7   450.1   463.0   383.9   346.5   359.8   363.3   319.2   308.1   457.2   362.1   305.9   248.2   260.1   332.0   251.8   292.8   252.8   324.0   301.6   267.6   169.1   198.8   273.1   254.7   197.3   228.4   351.7   342.5   441.3   446.8   428.9   496.6   476.9   323.9   312.9   398.6   320.8   
   50.0e3  42.48   51.58   66.08   135.0   160.4   205.4   135.5   111.6   126.5   126.1   229.8   281.6   262.8   251.2   274.7   216.1   65.08   154.3   194.9   196.3   301.7   275.8   294.3   228.1   217.5   238.8   218.1   225.2   215.3   202.9   217.7   280.4   324.0   283.7   97.42   142.5   356.6   356.8   362.1   283.0   420.9   396.1   357.3   253.7   221.0   336.8   332.8   309.3   255.9   425.6   376.1   304.8   399.7   116.3   461.4   474.5   488.1   404.7   365.2   379.3   383.0   336.4   324.8   481.9   381.7   322.4   261.7   274.2   349.9   265.4   308.6   266.5   341.6   317.9   282.0   178.3   209.6   287.9   268.4   207.9   240.8   370.7   361.0   465.1   471.0   452.1   523.5   502.7   341.4   329.8   420.1   338.1   
   55.0e3  44.56   54.09   69.31   141.6   168.2   215.5   142.1   117.1   132.7   132.2   241.0   295.3   275.6   263.4   288.1   226.7   68.26   161.8   204.4   205.9   316.5   289.3   308.6   239.2   228.2   250.5   228.7   236.2   225.8   212.8   228.3   294.1   339.8   297.6   102.2   149.5   374.0   374.2   379.7   296.8   441.4   415.4   374.7   266.1   231.8   353.2   349.0   324.4   268.4   446.3   394.5   319.7   419.2   122.0   483.9   497.7   511.9   424.5   383.1   397.8   401.7   352.9   340.7   505.4   400.3   338.2   274.4   287.6   367.0   278.3   323.7   279.5   358.2   333.4   295.8   187.0   219.8   302.0   281.5   218.1   252.5   388.8   378.6   487.8   493.9   474.1   549.0   527.2   358.1   345.9   440.6   354.6   
   60.0e3  46.54   56.50   72.39   147.9   175.7   225.0   148.4   122.3   138.6   138.1   251.7   308.5   287.9   275.1   301.0   236.8   71.29   169.0   213.5   215.1   330.5   302.1   322.4   249.9   238.3   261.6   238.9   246.7   235.9   222.3   238.5   307.2   354.9   310.8   106.7   156.1   390.6   390.8   396.6   310.0   461.0   433.9   391.4   277.9   242.1   368.9   364.5   338.8   280.4   466.2   412.0   333.9   437.9   127.4   505.5   519.8   534.7   443.3   400.1   415.5   419.5   368.5   355.8   527.9   418.1   353.2   286.6   300.3   383.3   290.7   338.0   291.9   374.2   348.2   309.0   195.3   229.6   315.4   294.1   227.8   263.8   406.1   395.4   509.5   515.9   495.2   573.4   550.7   374.0   361.3   460.2   370.4   
   65.0e3  48.44   58.81   75.35   153.9   182.8   234.2   154.5   127.3   144.3   143.8   262.0   321.1   299.6   286.4   313.2   246.4   74.20   175.9   222.2   223.9   344.0   314.5   335.5   260.1   248.0   272.3   248.6   256.7   245.5   231.4   248.2   319.8   369.4   323.5   111.1   162.5   406.6   406.8   412.8   322.7   479.9   451.6   407.4   289.3   252.0   384.0   379.4   352.7   291.8   485.2   428.9   347.6   455.7   132.6   526.1   541.0   556.5   461.4   416.4   432.5   436.6   383.6   370.3   549.5   435.2   367.6   298.3   312.6   399.0   302.6   351.8   303.8   389.4   362.4   321.6   203.3   238.9   328.3   306.1   237.1   274.5   422.7   411.6   530.3   537.0   515.4   596.8   573.2   389.3   376.1   479.0   385.5   
   70.0e3  50.27   61.03   78.19   159.7   189.7   243.1   160.3   132.1   149.7   149.2   271.9   333.2   310.9   297.2   325.1   255.7   77.00   182.5   230.6   232.3   357.0   326.4   348.2   269.9   257.4   282.6   258.0   266.4   254.8   240.1   257.6   331.8   383.3   335.7   115.3   168.6   421.9   422.2   428.4   334.9   498.0   468.7   422.8   300.2   261.5   398.5   393.7   366.0   302.8   503.5   445.1   360.7   472.9   137.6   546.0   561.4   577.5   478.9   432.1   448.8   453.1   398.1   384.3   570.2   451.6   381.5   309.6   324.4   414.0   314.0   365.1   315.3   404.1   376.1   333.7   211.0   248.0   340.7   317.6   246.0   284.9   438.6   427.1   550.3   557.2   534.9   619.4   594.8   404.0   390.3   497.1   400.1   
   80.0e3  53.74   65.24   83.59   170.8   202.8   259.9   171.4   141.2   160.1   159.5   290.6   356.2   332.4   317.7   347.5   273.4   82.32   195.1   246.5   248.3   381.7   348.9   372.2   288.5   275.2   302.1   275.8   284.8   272.4   256.7   275.4   354.7   409.8   358.9   123.2   180.2   451.1   451.3   458.0   358.0   532.4   501.0   452.0   320.9   279.6   426.0   420.9   391.2   323.7   538.3   475.8   385.6   505.6   147.1   583.6   600.2   617.4   511.9   462.0   479.8   484.4   425.6   410.9   609.6   482.8   407.9   331.0   346.8   442.6   335.7   390.3   337.1   432.0   402.1   356.7   225.5   265.1   364.2   339.6   263.0   304.6   468.9   456.6   588.3   595.7   571.8   662.1   635.9   431.9   417.2   531.4   427.7   
   90.0e3  57.00   69.20   88.66   181.1   215.1   275.6   181.8   149.8   169.8   169.2   308.3   377.8   352.6   337.0   368.6   290.0   87.31   207.0   261.5   263.4   404.8   370.1   394.8   306.0   291.9   320.4   292.6   302.1   288.9   272.2   292.1   376.3   434.7   380.7   130.7   191.2   478.4   478.7   485.7   379.7   564.6   531.4   479.4   340.4   296.5   451.8   446.4   415.0   343.4   570.9   504.6   409.0   536.3   156.0   619.1   636.6   654.8   543.0   490.0   508.9   513.8   451.4   435.8   646.6   512.1   432.6   351.1   367.8   469.5   356.0   414.0   357.5   458.2   426.5   378.4   239.2   281.2   386.3   360.2   279.0   323.0   497.3   484.3   624.0   631.9   606.5   702.3   674.4   458.1   442.5   563.7   453.6   
   100.e3  60.08   72.94   93.46   190.9   226.8   290.5   191.7   157.9   179.0   178.3   324.9   398.2   371.6   355.2   388.5   305.7   92.04   218.2   275.6   277.7   426.7   390.1   416.2   322.6   307.6   337.8   308.4   318.4   304.5   287.0   307.9   396.6   458.2   401.3   137.8   201.5   504.3   504.6   512.0   400.2   595.2   560.2   505.3   358.8   312.6   476.3   470.6   437.4   361.9   601.8   531.9   431.1   565.3   164.4   652.5   671.0   690.3   572.3   516.5   536.4   541.6   475.8   459.4   681.5   539.8   456.0   370.1   387.7   494.9   375.3   436.4   376.9   483.0   449.6   398.9   252.1   296.4   407.2   379.6   294.1   340.5   524.2   510.5   657.8   666.0   639.3   740.3   710.9   482.9   466.5   594.2   478.2   
   110.e3  63.01   76.50   98.02   200.2   237.9   304.7   201.0   165.6   187.7   187.0   340.8   417.7   389.8   372.5   407.5   320.6   96.53   228.8   289.1   291.2   447.6   409.1   436.5   338.3   322.7   354.3   323.4   334.0   319.4   301.0   322.9   416.0   480.5   420.8   144.5   211.4   528.9   529.2   537.0   419.8   624.2   587.5   530.0   376.3   327.8   499.5   493.6   458.8   379.6   631.2   557.9   452.1   592.9   172.5   684.4   703.8   723.9   600.3   541.7   562.6   568.0   499.0   481.8   714.8   566.2   478.2   388.1   406.7   519.0   393.6   457.7   395.3   506.6   471.5   418.3   264.5   310.8   427.1   398.2   308.4   357.1   549.8   535.4   689.9   698.6   670.5   776.4   745.6   506.4   489.2   623.2   501.5   
   120.e3  65.81   79.90   102.4   209.1   248.4   318.3   209.9   172.9   196.0   195.3   355.9   436.3   407.1   389.1   425.6   334.8   100.8   239.0   301.9   304.2   467.5   427.3   455.9   353.4   337.0   370.0   337.8   348.8   333.6   314.3   337.3   434.5   501.9   439.6   150.9   220.8   552.4   552.7   560.9   438.4   652.0   613.7   553.5   393.0   342.4   521.7   515.5   479.2   396.5   659.3   582.7   472.3   619.2   180.1   714.8   735.1   756.1   627.0   565.8   587.6   593.3   521.2   503.2   746.6   591.3   499.5   405.4   424.8   542.1   411.1   478.1   412.8   529.1   492.5   436.9   276.2   324.7   446.1   415.9   322.1   373.0   574.3   559.2   720.6   729.6   700.4   811.0   778.8   529.0   511.0   650.9   523.8   
   130.e3  68.50   83.16   106.6   217.7   258.6   331.3   218.5   180.0   204.0   203.3   370.5   454.1   423.7   405.0   443.0   348.5   104.9   248.7   314.3   316.6   486.6   444.7   474.5   367.8   350.8   385.1   351.6   363.1   347.2   327.2   351.0   452.2   522.4   457.5   157.1   229.8   575.0   575.3   583.8   456.3   678.6   638.7   576.1   409.1   356.4   543.0   536.6   498.7   412.7   686.2   606.5   491.5   644.5   187.5   744.0   765.1   787.0   652.6   588.9   611.6   617.5   542.5   523.8   777.1   615.5   519.9   421.9   442.1   564.2   427.9   497.6   429.7   550.7   512.6   454.8   287.5   337.9   464.3   432.8   335.3   388.2   597.7   582.1   750.0   759.4   729.0   844.1   810.6   550.6   531.8   677.5   545.2   
   140.e3  71.09   86.30   110.6   225.9   268.3   343.8   226.8   186.8   211.7   211.0   384.5   471.2   439.7   420.3   459.7   361.7   108.9   258.1   326.1   328.5   504.9   461.5   492.4   381.7   364.0   399.7   364.9   376.8   360.3   339.5   364.3   469.3   542.1   474.8   163.0   238.4   596.7   597.0   605.8   473.6   704.2   662.8   597.9   424.5   369.8   563.5   556.8   517.6   428.3   712.1   629.4   510.1   668.9   194.6   772.1   794.0   816.7   677.2   611.2   634.7   640.8   563.0   543.5   806.4   638.7   539.5   437.9   458.8   585.5   444.1   516.4   445.9   571.5   531.9   471.9   298.3   350.7   481.8   449.2   347.9   402.9   620.3   604.0   778.3   788.1   756.5   875.9   841.2   571.3   551.9   703.0   565.8   
   150.e3  73.58   89.33   114.5   233.8   277.8   355.8   234.7   193.3   219.2   218.4   398.0   487.7   455.1   435.0   475.8   374.4   112.7   267.2   337.6   340.1   522.6   477.7   509.7   395.1   376.8   413.7   377.7   390.0   373.0   351.5   377.1   485.8   561.1   491.4   168.7   246.8   617.6   618.0   627.1   490.2   729.0   686.1   618.9   439.4   382.8   583.3   576.4   535.7   443.3   737.1   651.5   528.0   692.3   201.4   799.2   821.9   845.4   701.0   632.6   657.0   663.3   582.7   562.6   834.7   661.1   558.5   453.2   474.9   606.1   459.7   534.5   461.6   591.6   550.6   488.5   308.8   363.0   498.7   465.0   360.1   417.0   642.1   625.2   805.6   815.7   783.0   906.7   870.7   591.4   571.3   727.7   585.7   
   160.e3  76.00   92.26   118.2   241.5   286.9   367.5   242.4   199.7   226.4   225.5   411.0   503.7   470.1   449.3   491.5   386.6   116.4   276.0   348.6   351.2   539.8   493.4   526.4   408.0   389.1   427.2   390.1   402.8   385.2   363.0   389.4   501.7   579.5   507.6   174.3   254.9   637.9   638.2   647.7   506.3   752.9   708.6   639.2   453.8   395.4   602.4   595.3   553.3   457.8   761.2   672.9   545.3   715.1   208.0   825.4   848.8   873.1   724.0   653.3   678.5   685.1   601.8   581.1   862.1   682.8   576.8   468.1   490.5   626.0   474.7   552.0   476.7   611.0   568.6   504.5   318.9   374.9   515.1   480.2   372.0   430.7   663.1   645.7   832.0   842.5   808.7   936.4   899.2   610.8   590.0   751.6   604.9   
   170.e3  78.34   95.10   121.9   248.9   295.7   378.8   249.9   205.8   233.3   232.5   423.7   519.2   484.5   463.1   506.6   398.5   120.0   284.4   359.4   362.0   556.4   508.6   542.6   420.6   401.1   440.4   402.1   415.2   397.1   374.2   401.4   517.1   597.4   523.2   179.6   262.8   657.5   657.9   667.6   521.8   776.0   730.4   658.8   467.8   407.5   621.0   613.6   570.3   471.9   784.7   693.6   562.1   737.1   214.4   850.8   874.9   900.0   746.2   673.5   699.4   706.2   620.4   598.9   888.6   703.8   594.5   482.5   505.6   645.2   489.3   569.0   491.4   629.8   586.1   520.0   328.8   386.4   530.9   495.0   383.4   444.0   683.5   665.6   857.7   868.4   833.6   965.2   926.9   629.6   608.2   774.7   623.5   
   180.e3  80.61   97.86   125.4   256.1   304.3   389.8   257.1   211.8   240.1   239.2   435.9   534.3   498.6   476.6   521.3   410.1   123.5   292.7   369.8   372.5   572.5   523.3   558.4   432.8   412.8   453.2   413.7   427.2   408.6   385.0   413.1   532.1   614.7   538.3   184.9   270.4   676.6   677.0   686.9   537.0   798.5   751.6   677.9   481.4   419.4   639.0   631.4   586.9   485.6   807.4   713.7   578.4   758.4   220.6   875.5   900.3   926.1   767.9   693.0   719.7   726.6   638.3   616.3   914.4   724.2   611.8   496.5   520.2   663.9   503.5   585.5   505.6   648.1   603.1   535.1   338.3   397.6   546.3   509.3   394.5   456.8   703.3   684.9   882.5   893.6   857.8   993.2   953.8   647.8   625.8   797.2   641.6   
   200.e3  84.97   103.2   132.2   270.0   320.7   410.9   271.0   223.3   253.1   252.2   459.5   563.2   525.6   502.3   549.5   432.3   130.2   308.5   389.8   392.7   603.5   551.6   588.6   456.2   435.1   477.7   436.1   450.4   430.7   405.8   435.4   560.9   648.0   567.5   194.9   285.0   713.2   713.6   724.1   566.0   841.7   792.2   714.6   507.4   442.0   673.5   665.5   618.6   511.9   851.1   752.3   609.7   799.5   232.6   922.8   949.0   976.2   809.4   730.5   758.6   765.9   672.9   649.6   963.8   763.4   644.9   523.3   548.4   699.8   530.8   617.2   533.0   683.1   635.8   564.1   356.6   419.1   575.8   536.9   415.9   481.6   741.4   722.0   930.3   942.0   904.2   1.047e3 1.005e3 682.9   659.7   840.3   676.3   
   225.e3  90.12   109.4   140.2   286.4   340.2   435.8   287.5   236.8   268.4   267.5   487.4   597.4   557.4   532.8   582.8   458.5   138.1   327.2   413.4   416.5   640.1   585.1   624.3   483.9   461.5   506.7   462.6   477.7   456.8   430.4   461.8   594.9   687.3   601.9   206.7   302.3   756.4   756.9   768.0   600.4   892.8   840.3   758.0   538.2   468.9   714.4   705.9   656.1   542.9   902.7   797.9   646.7   848.0   246.7   978.8   1.007e3 1.035e3 858.5   774.8   804.6   812.4   713.7   689.0   1.022e3 809.7   684.0   555.1   581.6   742.3   563.0   654.6   565.3   724.6   674.3   598.3   378.2   444.6   610.8   569.4   441.1   510.8   786.4   765.8   986.7   999.1   959.0   1.110e3 1.066e3 724.3   699.7   891.3   717.3   
   250.e3  99.11   118.6   149.5   314.6   384.7   471.4   313.6   258.9   287.9   294.3   530.0   652.2   615.8   587.6   632.9   499.1   168.7   362.3   450.0   454.9   698.5   648.3   679.8   535.3   495.9   546.3   501.6   522.5   494.7   473.1   505.4   650.7   747.9   654.5   220.2   336.0   825.4   825.7   833.9   651.2   966.2   913.7   825.7   589.4   518.0   781.6   774.6   714.8   613.5   965.7   867.9   708.7   924.3   274.2   1.071e3 1.098e3 1.134e3 937.6   854.0   876.2   884.9   784.4   752.4   1.104e3 884.3   743.0   607.0   632.0   810.8   623.6   705.4   612.3   785.1   734.7   659.0   411.9   490.8   672.6   620.4   482.5   558.5   866.6   835.6   1.080e3 1.097e3 1.046e3 1.214e3 1.169e3 795.1   766.6   979.8   781.7   
   275.e3  111.7   133.6   160.4   364.3   476.1   523.5   356.4   296.6   314.1   342.7   599.1   743.9   728.7   690.8   709.8   567.0   237.5   425.4   510.7   521.5   796.5   770.8   769.2   632.6   542.9   600.8   564.7   601.0   547.8   550.2   581.7   752.0   847.8   740.1   234.4   402.9   940.9   941.1   939.0   732.3   1.079e3 1.032e3 939.4   680.8   614.0   897.5   898.3   813.4   757.6   1.044e3 982.4   818.8   1.050e3 329.2   1.231e3 1.247e3 1.308e3 1.072e3 975.9   994.8   1.005e3 914.3   860.6   1.219e3 1.012e3 834.0   697.5   713.3   928.4   743.9   774.7   685.7   876.3   836.0   773.3   468.5   580.5   787.9   709.9   555.7   642.7   1.015e3 954.5   1.240e3 1.280e3 1.192e3 1.393e3 1.350e3 927.2   889.0   1.142e3 888.4   
   300.e3  119.3   145.0   168.8   397.1   533.1   557.9   384.3   322.4   333.9   375.0   647.6   805.2   810.6   763.2   758.6   616.5   271.1   463.7   554.4   570.1   864.1   856.7   828.5   698.6   577.7   635.2   612.2   656.8   577.1   603.2   635.3   829.1   918.8   800.3   244.3   450.1   1.020e3 1.021e3 1.013e3 791.8   1.159e3 1.115e3 1.021e3 746.7   684.6   977.1   985.6   884.3   846.9   1.103e3 1.063e3 896.4   1.137e3 368.6   1.342e3 1.341e3 1.430e3 1.164e3 1.063e3 1.078e3 1.088e3 1.007e3 936.7   1.297e3 1.102e3 892.7   762.1   771.5   1.011e3 833.2   820.3   739.2   937.0   908.1   855.5   509.9   647.1   869.9   778.8   609.6   704.4   1.118e3 1.040e3 1.351e3 1.415e3 1.298e3 1.518e3 1.475e3 1.027e3 981.4   1.257e3 962.6   
   325.e3  123.8   154.0   176.5   418.9   567.4   582.1   403.4   340.8   350.2   396.5   683.6   847.3   870.4   814.2   791.5   654.8   282.4   486.5   587.8   607.7   912.8   917.5   869.4   743.5   606.9   658.5   650.8   698.0   594.9   640.5   674.3   889.8   972.1   845.1   253.0   483.8   1.078e3 1.078e3 1.068e3 839.2   1.221e3 1.175e3 1.083e3 796.4   736.5   1.034e3 1.049e3 938.1   899.9   1.154e3 1.123e3 953.3   1.199e3 397.8   1.423e3 1.407e3 1.518e3 1.230e3 1.129e3 1.141e3 1.150e3 1.075e3 992.9   1.355e3 1.167e3 932.5   810.4   816.7   1.072e3 901.2   854.1   781.9   980.6   962.6   916.0   542.4   698.2   930.1   833.7   651.5   752.3   1.190e3 1.104e3 1.429e3 1.518e3 1.378e3 1.607e3 1.564e3 1.107e3 1.055e3 1.340e3 1.017e3 
   350.e3  126.5   161.3   184.1   433.7   587.7   600.6   417.2   354.5   364.2   411.0   711.8   877.6   915.0   850.5   816.9   686.4   281.6   500.3   614.8   638.5   949.7   962.0   899.2   774.8   633.5   678.0   684.2   729.5   610.9   667.7   704.1   939.2   1.014e3 880.3   261.3   508.6   1.121e3 1.122e3 1.111e3 879.8   1.272e3 1.222e3 1.133e3 835.8   774.3   1.076e3 1.096e3 981.0   931.0   1.200e3 1.171e3 996.9   1.246e3 420.7   1.484e3 1.458e3 1.585e3 1.280e3 1.181e3 1.190e3 1.198e3 1.126e3 1.037e3 1.402e3 1.218e3 961.6   848.5   854.6   1.120e3 955.1   881.9   818.9   1.015e3 1.006e3 962.1   569.9   739.1   976.2   878.6   686.0   791.6   1.243e3 1.157e3 1.487e3 1.600e3 1.444e3 1.674e3 1.629e3 1.172e3 1.115e3 1.403e3 1.058e3 
   375.e3  128.0   167.2   191.6   444.2   600.0   615.7   428.0   365.2   376.6   420.9   735.0   900.5   949.2   877.4   840.2   713.8   275.4   509.5   637.9   665.2   979.4   995.9   922.4   797.6   658.9   699.1   714.4   754.9   629.4   688.6   728.2   980.3   1.050e3 909.6   269.8   527.7   1.156e3 1.158e3 1.147e3 916.5   1.316e3 1.261e3 1.175e3 868.8   801.1   1.110e3 1.134e3 1.017e3 949.8   1.244e3 1.211e3 1.032e3 1.284e3 439.9   1.533e3 1.503e3 1.639e3 1.320e3 1.225e3 1.230e3 1.238e3 1.167e3 1.073e3 1.442e3 1.259e3 984.9   880.3   888.4   1.159e3 1.000e3 907.0   852.6   1.043e3 1.043e3 998.8   594.5   773.4   1.014e3 916.3   716.0   825.6   1.283e3 1.202e3 1.533e3 1.668e3 1.500e3 1.727e3 1.681e3 1.229e3 1.168e3 1.453e3 1.093e3 
   400.e3  129.1   172.1   199.1   452.2   608.1   629.1   437.2   374.2   387.7   428.0   755.4   919.1   976.4   898.3   864.1   738.8   267.6   516.7   658.6   689.7   1.005e3 1.023e3 941.9   815.4   683.9   724.0   742.6   776.4   650.2   705.7   748.6   1.015e3 1.081e3 935.4   278.6   543.3   1.186e3 1.190e3 1.179e3 951.1   1.355e3 1.295e3 1.212e3 897.9   819.2   1.139e3 1.165e3 1.049e3 962.4   1.286e3 1.246e3 1.063e3 1.317e3 457.2   1.575e3 1.546e3 1.685e3 1.354e3 1.264e3 1.266e3 1.273e3 1.201e3 1.105e3 1.480e3 1.294e3 1.005e3 908.3   920.1   1.193e3 1.039e3 931.3   884.8   1.070e3 1.076e3 1.030e3 617.5   803.5   1.045e3 949.0   743.4   856.7   1.315e3 1.242e3 1.572e3 1.728e3 1.551e3 1.773e3 1.723e3 1.279e3 1.215e3 1.494e3 1.123e3 
   450.e3  130.5   180.1   213.9   464.8   620.4   653.7   454.0   389.9   407.2   438.0   791.7   950.4   1.019e3 931.6   916.1   785.6   255.1   530.6   697.0   735.7   1.050e3 1.069e3 976.3   844.5   734.1   782.5   796.2   813.4   693.4   734.8   784.5   1.074e3 1.138e3 981.9   297.0   569.6   1.240e3 1.246e3 1.237e3 1.018e3 1.429e3 1.356e3 1.279e3 950.7   837.4   1.191e3 1.219e3 1.107e3 982.6   1.367e3 1.310e3 1.117e3 1.377e3 490.4   1.649e3 1.631e3 1.765e3 1.415e3 1.336e3 1.331e3 1.338e3 1.258e3 1.163e3 1.552e3 1.354e3 1.044e3 959.0   981.8   1.254e3 1.109e3 981.1   947.9   1.121e3 1.137e3 1.082e3 662.4   857.6   1.102e3 1.005e3 794.8   915.0   1.368e3 1.319e3 1.640e3 1.834e3 1.647e3 1.852e3 1.796e3 1.372e3 1.302e3 1.566e3 1.177e3 
   500.e3  132.3   186.7   228.2   476.7   633.8   678.4   471.3   404.9   424.5   446.3   826.5   980.0   1.054e3 961.8   973.1   832.0   251.5   548.3   734.8   781.7   1.093e3 1.111e3 1.011e3 872.2   785.7   845.2   848.8   847.8   735.8   762.6   818.6   1.123e3 1.193e3 1.027e3 316.7   594.3   1.292e3 1.301e3 1.292e3 1.087e3 1.501e3 1.416e3 1.343e3 1.002e3 848.7   1.242e3 1.269e3 1.162e3 1.007e3 1.445e3 1.373e3 1.169e3 1.436e3 525.1   1.722e3 1.717e3 1.842e3 1.475e3 1.405e3 1.394e3 1.402e3 1.311e3 1.220e3 1.625e3 1.408e3 1.085e3 1.008e3 1.045e3 1.313e3 1.175e3 1.035e3 1.012e3 1.174e3 1.196e3 1.130e3 708.4   909.1   1.156e3 1.055e3 845.7   972.7   1.417e3 1.396e3 1.706e3 1.934e3 1.743e3 1.929e3 1.865e3 1.460e3 1.386e3 1.633e3 1.231e3 
   550.e3  134.7   192.7   241.6   489.8   651.1   704.5   490.1   420.7   440.5   454.8   862.0   1.011e3 1.087e3 993.2   1.033e3 880.0   257.5   571.5   774.0   829.8   1.139e3 1.155e3 1.048e3 902.7   839.5   908.3   902.2   882.8   777.7   792.1   853.7   1.169e3 1.249e3 1.073e3 337.8   619.9   1.347e3 1.360e3 1.348e3 1.158e3 1.574e3 1.479e3 1.409e3 1.055e3 874.1   1.296e3 1.320e3 1.219e3 1.040e3 1.523e3 1.438e3 1.223e3 1.498e3 563.3   1.799e3 1.806e3 1.921e3 1.538e3 1.478e3 1.459e3 1.469e3 1.363e3 1.279e3 1.701e3 1.461e3 1.132e3 1.059e3 1.112e3 1.374e3 1.242e3 1.095e3 1.080e3 1.231e3 1.257e3 1.179e3 757.1   961.4   1.213e3 1.104e3 898.4   1.033e3 1.467e3 1.476e3 1.775e3 2.034e3 1.843e3 2.008e3 1.937e3 1.550e3 1.471e3 1.702e3 1.287e3 
   600.e3  137.8   198.4   254.2   504.7   672.8   732.3   510.7   437.8   455.9   464.5   899.1   1.045e3 1.121e3 1.027e3 1.096e3 930.5   272.0   600.2   815.2   880.4   1.187e3 1.202e3 1.089e3 937.5   895.3   971.3   956.9   919.6   820.3   824.4   890.8   1.215e3 1.308e3 1.122e3 360.0   647.7   1.405e3 1.422e3 1.408e3 1.233e3 1.650e3 1.544e3 1.478e3 1.110e3 921.5   1.355e3 1.374e3 1.278e3 1.081e3 1.600e3 1.506e3 1.280e3 1.564e3 605.5   1.881e3 1.898e3 2.005e3 1.606e3 1.553e3 1.527e3 1.541e3 1.419e3 1.342e3 1.781e3 1.514e3 1.184e3 1.112e3 1.183e3 1.438e3 1.311e3 1.159e3 1.150e3 1.293e3 1.322e3 1.231e3 808.8   1.016e3 1.273e3 1.153e3 953.7   1.096e3 1.521e3 1.561e3 1.849e3 2.137e3 1.948e3 2.093e3 2.013e3 1.642e3 1.559e3 1.775e3 1.346e3 
   650.e3  141.7   204.2   266.3   521.5   698.1   761.6   533.0   456.1   470.9   475.3   937.8   1.081e3 1.155e3 1.063e3 1.160e3 983.5   293.5   633.9   858.4   933.6   1.237e3 1.252e3 1.133e3 976.7   953.0   1.034e3 1.013e3 958.4   864.0   859.6   929.9   1.265e3 1.370e3 1.173e3 383.2   677.6   1.466e3 1.488e3 1.470e3 1.311e3 1.728e3 1.613e3 1.549e3 1.169e3 985.1   1.418e3 1.432e3 1.339e3 1.131e3 1.677e3 1.578e3 1.341e3 1.634e3 651.6   1.968e3 1.995e3 2.094e3 1.678e3 1.633e3 1.599e3 1.617e3 1.477e3 1.408e3 1.863e3 1.569e3 1.241e3 1.168e3 1.257e3 1.505e3 1.384e3 1.228e3 1.223e3 1.360e3 1.389e3 1.286e3 863.4   1.073e3 1.336e3 1.203e3 1.012e3 1.161e3 1.578e3 1.650e3 1.928e3 2.244e3 2.059e3 2.182e3 2.095e3 1.738e3 1.650e3 1.852e3 1.409e3 
   700.e3  146.2   209.9   278.3   539.9   726.3   792.0   556.5   475.5   485.6   487.3   977.9   1.120e3 1.191e3 1.102e3 1.225e3 1.039e3 320.5   671.9   903.5   989.1   1.290e3 1.306e3 1.180e3 1.020e3 1.012e3 1.097e3 1.070e3 999.1   908.9   897.4   970.9   1.318e3 1.434e3 1.226e3 407.2   709.5   1.530e3 1.558e3 1.534e3 1.391e3 1.808e3 1.686e3 1.623e3 1.229e3 1.057e3 1.485e3 1.493e3 1.402e3 1.188e3 1.754e3 1.653e3 1.406e3 1.708e3 701.3   2.060e3 2.095e3 2.187e3 1.755e3 1.715e3 1.673e3 1.697e3 1.538e3 1.477e3 1.947e3 1.627e3 1.302e3 1.227e3 1.334e3 1.575e3 1.459e3 1.301e3 1.298e3 1.429e3 1.459e3 1.344e3 920.6   1.132e3 1.403e3 1.255e3 1.072e3 1.230e3 1.638e3 1.744e3 2.011e3 2.355e3 2.174e3 2.277e3 2.181e3 1.837e3 1.744e3 1.934e3 1.476e3 
   800.e3  156.4   221.7   304.2   580.2   788.1   854.2   605.9   516.9   514.0   513.9   1.061e3 1.201e3 1.264e3 1.182e3 1.358e3 1.154e3 386.6   757.6   997.7   1.105e3 1.401e3 1.420e3 1.281e3 1.116e3 1.133e3 1.223e3 1.186e3 1.085e3 1.001e3 979.1   1.057e3 1.436e3 1.566e3 1.337e3 457.0   778.2   1.666e3 1.705e3 1.667e3 1.558e3 1.972e3 1.836e3 1.776e3 1.356e3 1.209e3 1.628e3 1.621e3 1.532e3 1.315e3 1.905e3 1.809e3 1.542e3 1.862e3 809.8   2.256e3 2.302e3 2.384e3 1.918e3 1.887e3 1.829e3 1.864e3 1.667e3 1.622e3 2.116e3 1.752e3 1.433e3 1.348e3 1.495e3 1.721e3 1.615e3 1.454e3 1.453e3 1.574e3 1.603e3 1.467e3 1.041e3 1.255e3 1.545e3 1.361e3 1.197e3 1.372e3 1.765e3 1.939e3 2.187e3 2.584e3 2.413e3 2.474e3 2.363e3 2.043e3 1.939e3 2.106e3 1.615e3 
   900.e3  167.7   233.7   334.5   623.5   852.7   916.1   656.3   560.3   541.2   542.7   1.145e3 1.285e3 1.339e3 1.265e3 1.491e3 1.274e3 463.1   852.7   1.095e3 1.225e3 1.514e3 1.541e3 1.386e3 1.223e3 1.255e3 1.346e3 1.302e3 1.174e3 1.095e3 1.066e3 1.145e3 1.562e3 1.702e3 1.450e3 508.1   851.2   1.805e3 1.857e3 1.803e3 1.728e3 2.137e3 1.989e3 1.931e3 1.488e3 1.361e3 1.779e3 1.755e3 1.665e3 1.455e3 2.049e3 1.970e3 1.685e3 2.021e3 927.3   2.459e3 2.515e3 2.587e3 2.087e3 2.063e3 1.989e3 2.038e3 1.800e3 1.771e3 2.282e3 1.891e3 1.572e3 1.473e3 1.659e3 1.869e3 1.775e3 1.612e3 1.610e3 1.724e3 1.751e3 1.596e3 1.166e3 1.381e3 1.693e3 1.472e3 1.325e3 1.519e3 1.897e3 2.140e3 2.370e3 2.817e3 2.658e3 2.678e3 2.552e3 2.254e3 2.138e3 2.286e3 1.760e3 
   1.00e6  179.5   245.8   368.3   668.0   916.3   975.5   706.0   604.5   567.2   572.6   1.228e3 1.368e3 1.414e3 1.349e3 1.621e3 1.395e3 545.2   953.3   1.194e3 1.345e3 1.626e3 1.662e3 1.493e3 1.336e3 1.375e3 1.466e3 1.416e3 1.265e3 1.189e3 1.156e3 1.234e3 1.689e3 1.836e3 1.562e3 559.6   926.4   1.944e3 2.011e3 1.938e3 1.897e3 2.299e3 2.142e3 2.086e3 1.620e3 1.510e3 1.931e3 1.890e3 1.797e3 1.600e3 2.187e3 2.132e3 1.830e3 2.179e3 1.051e3 2.665e3 2.728e3 2.790e3 2.259e3 2.240e3 2.150e3 2.214e3 1.935e3 1.922e3 2.441e3 2.040e3 1.714e3 1.597e3 1.824e3 2.016e3 1.935e3 1.772e3 1.767e3 1.872e3 1.898e3 1.728e3 1.294e3 1.509e3 1.843e3 1.584e3 1.454e3 1.665e3 2.029e3 2.343e3 2.554e3 3.048e3 2.904e3 2.882e3 2.741e3 2.466e3 2.338e3 2.468e3 1.905e3 
   1.10e6  191.4   258.0   403.6   712.4   976.8   1.031e3 753.8   648.6   592.0   602.7   1.308e3 1.449e3 1.486e3 1.431e3 1.747e3 1.516e3 629.4   1.057e3 1.291e3 1.464e3 1.737e3 1.783e3 1.599e3 1.453e3 1.491e3 1.581e3 1.526e3 1.356e3 1.281e3 1.247e3 1.321e3 1.813e3 1.968e3 1.672e3 611.0   1.002e3 2.081e3 2.163e3 2.070e3 2.063e3 2.456e3 2.292e3 2.238e3 1.750e3 1.655e3 2.083e3 2.025e3 1.926e3 1.746e3 2.316e3 2.291e3 1.975e3 2.334e3 1.178e3 2.869e3 2.938e3 2.991e3 2.430e3 2.413e3 2.309e3 2.388e3 2.069e3 2.070e3 2.592e3 2.196e3 1.855e3 1.720e3 1.986e3 2.160e3 2.092e3 1.930e3 1.920e3 2.018e3 2.041e3 1.861e3 1.422e3 1.634e3 1.991e3 1.697e3 1.581e3 1.810e3 2.159e3 2.543e3 2.735e3 3.274e3 3.145e3 3.083e3 2.928e3 2.676e3 2.535e3 2.649e3 2.049e3 
   1.20e6  203.1   270.0   439.1   756.1   1.033e3 1.083e3 799.1   692.1   615.9   632.8   1.386e3 1.527e3 1.556e3 1.512e3 1.869e3 1.636e3 713.7   1.161e3 1.388e3 1.581e3 1.843e3 1.900e3 1.703e3 1.572e3 1.604e3 1.691e3 1.632e3 1.445e3 1.371e3 1.337e3 1.405e3 1.932e3 2.096e3 1.779e3 661.8   1.078e3 2.213e3 2.311e3 2.198e3 2.223e3 2.607e3 2.437e3 2.385e3 1.878e3 1.796e3 2.231e3 2.156e3 2.050e3 1.889e3 2.437e3 2.446e3 2.119e3 2.485e3 1.307e3 3.068e3 3.142e3 3.187e3 2.598e3 2.582e3 2.465e3 2.559e3 2.200e3 2.216e3 2.734e3 2.355e3 1.995e3 1.839e3 2.144e3 2.298e3 2.245e3 2.084e3 2.068e3 2.158e3 2.180e3 1.992e3 1.548e3 1.757e3 2.137e3 1.808e3 1.706e3 1.951e3 2.286e3 2.738e3 2.911e3 3.492e3 3.379e3 3.276e3 3.109e3 2.881e3 2.727e3 2.826e3 2.190e3 
   1.30e6  214.4   282.1   473.9   798.6   1.085e3 1.130e3 841.4   734.6   639.1   662.4   1.460e3 1.602e3 1.623e3 1.591e3 1.985e3 1.753e3 796.4   1.265e3 1.482e3 1.694e3 1.944e3 2.014e3 1.803e3 1.692e3 1.712e3 1.795e3 1.732e3 1.533e3 1.457e3 1.425e3 1.487e3 2.044e3 2.218e3 1.882e3 711.9   1.153e3 2.341e3 2.455e3 2.322e3 2.378e3 2.751e3 2.576e3 2.527e3 2.003e3 1.931e3 2.374e3 2.284e3 2.171e3 2.028e3 2.551e3 2.597e3 2.260e3 2.629e3 1.436e3 3.261e3 3.340e3 3.375e3 2.761e3 2.745e3 2.617e3 2.725e3 2.327e3 2.357e3 2.868e3 2.514e3 2.132e3 1.955e3 2.296e3 2.431e3 2.392e3 2.233e3 2.210e3 2.292e3 2.314e3 2.122e3 1.672e3 1.876e3 2.279e3 1.919e3 1.826e3 2.088e3 2.408e3 2.927e3 3.081e3 3.701e3 3.605e3 3.462e3 3.284e3 3.081e3 2.913e3 2.999e3 2.328e3 
   1.40e6  225.2   294.1   507.6   839.6   1.132e3 1.172e3 880.9   775.9   661.9   691.5   1.531e3 1.672e3 1.687e3 1.667e3 2.095e3 1.867e3 876.6   1.368e3 1.573e3 1.803e3 2.041e3 2.124e3 1.900e3 1.811e3 1.814e3 1.893e3 1.828e3 1.619e3 1.540e3 1.512e3 1.565e3 2.150e3 2.336e3 1.981e3 761.2   1.227e3 2.464e3 2.595e3 2.440e3 2.526e3 2.888e3 2.709e3 2.663e3 2.123e3 2.062e3 2.512e3 2.408e3 2.286e3 2.161e3 2.659e3 2.742e3 2.397e3 2.768e3 1.564e3 3.446e3 3.531e3 3.557e3 2.920e3 2.903e3 2.764e3 2.887e3 2.451e3 2.494e3 2.993e3 2.672e3 2.265e3 2.066e3 2.442e3 2.557e3 2.534e3 2.376e3 2.347e3 2.420e3 2.441e3 2.248e3 1.794e3 1.991e3 2.416e3 2.028e3 1.941e3 2.220e3 2.525e3 3.109e3 3.244e3 3.901e3 3.821e3 3.641e3 3.453e3 3.274e3 3.093e3 3.165e3 2.461e3 
   1.50e6  235.5   306.0   540.1   878.9   1.175e3 1.211e3 917.4   816.1   684.4   720.1   1.599e3 1.739e3 1.749e3 1.741e3 2.200e3 1.979e3 954.0   1.468e3 1.662e3 1.908e3 2.134e3 2.228e3 1.994e3 1.929e3 1.912e3 1.986e3 1.919e3 1.702e3 1.620e3 1.596e3 1.640e3 2.250e3 2.448e3 2.075e3 809.8   1.299e3 2.581e3 2.729e3 2.554e3 2.668e3 3.018e3 2.837e3 2.793e3 2.239e3 2.189e3 2.644e3 2.528e3 2.396e3 2.288e3 2.760e3 2.883e3 2.531e3 2.900e3 1.691e3 3.625e3 3.714e3 3.731e3 3.074e3 3.054e3 2.906e3 3.043e3 2.571e3 2.626e3 3.111e3 2.827e3 2.393e3 2.174e3 2.582e3 2.678e3 2.670e3 2.513e3 2.478e3 2.541e3 2.563e3 2.371e3 1.912e3 2.101e3 2.548e3 2.135e3 2.053e3 2.346e3 2.639e3 3.284e3 3.400e3 4.091e3 4.028e3 3.810e3 3.614e3 3.461e3 3.267e3 3.326e3 2.590e3 
   1.60e6  245.2   317.9   571.3   916.6   1.215e3 1.247e3 951.3   855.0   706.8   748.2   1.663e3 1.801e3 1.808e3 1.812e3 2.300e3 2.087e3 1.028e3 1.566e3 1.749e3 2.009e3 2.222e3 2.328e3 2.083e3 2.045e3 2.004e3 2.074e3 2.006e3 1.783e3 1.696e3 1.679e3 1.711e3 2.344e3 2.556e3 2.166e3 857.6   1.370e3 2.694e3 2.858e3 2.664e3 2.803e3 3.142e3 2.959e3 2.919e3 2.351e3 2.310e3 2.770e3 2.643e3 2.502e3 2.409e3 2.856e3 3.018e3 2.661e3 3.026e3 1.816e3 3.796e3 3.890e3 3.897e3 3.222e3 3.200e3 3.044e3 3.193e3 2.687e3 2.753e3 3.221e3 2.979e3 2.517e3 2.277e3 2.716e3 2.793e3 2.800e3 2.644e3 2.604e3 2.657e3 2.679e3 2.491e3 2.027e3 2.208e3 2.675e3 2.240e3 2.159e3 2.468e3 2.748e3 3.453e3 3.550e3 4.271e3 4.226e3 3.972e3 3.769e3 3.642e3 3.433e3 3.482e3 2.714e3 
   1.70e6  254.4   329.6   601.3   952.7   1.252e3 1.280e3 982.6   892.7   729.2   775.6   1.725e3 1.861e3 1.865e3 1.882e3 2.395e3 2.193e3 1.099e3 1.662e3 1.832e3 2.105e3 2.306e3 2.424e3 2.170e3 2.160e3 2.092e3 2.157e3 2.088e3 1.862e3 1.769e3 1.759e3 1.780e3 2.433e3 2.659e3 2.253e3 904.8   1.439e3 2.802e3 2.983e3 2.769e3 2.932e3 3.260e3 3.076e3 3.039e3 2.459e3 2.428e3 2.889e3 2.753e3 2.603e3 2.524e3 2.948e3 3.148e3 2.787e3 3.147e3 1.939e3 3.959e3 4.060e3 4.057e3 3.366e3 3.341e3 3.178e3 3.338e3 2.799e3 2.875e3 3.325e3 3.126e3 2.637e3 2.376e3 2.845e3 2.902e3 2.925e3 2.769e3 2.724e3 2.766e3 2.790e3 2.607e3 2.139e3 2.310e3 2.798e3 2.343e3 2.262e3 2.584e3 2.852e3 3.614e3 3.694e3 4.442e3 4.415e3 4.127e3 3.918e3 3.815e3 3.594e3 3.631e3 2.835e3 
   1.80e6  263.0   341.3   630.2   987.2   1.285e3 1.311e3 1.012e3 929.3   751.8   802.6   1.784e3 1.917e3 1.920e3 1.949e3 2.485e3 2.295e3 1.166e3 1.754e3 1.914e3 2.198e3 2.386e3 2.515e3 2.252e3 2.271e3 2.176e3 2.237e3 2.166e3 1.939e3 1.839e3 1.836e3 1.846e3 2.517e3 2.757e3 2.337e3 951.5   1.508e3 2.906e3 3.103e3 2.871e3 3.055e3 3.372e3 3.188e3 3.155e3 2.564e3 2.541e3 3.002e3 2.860e3 2.701e3 2.633e3 3.037e3 3.274e3 2.910e3 3.262e3 2.060e3 4.116e3 4.223e3 4.210e3 3.505e3 3.476e3 3.308e3 3.479e3 2.909e3 2.993e3 3.423e3 3.270e3 2.752e3 2.472e3 2.967e3 3.006e3 3.045e3 2.889e3 2.840e3 2.870e3 2.896e3 2.720e3 2.247e3 2.408e3 2.915e3 2.445e3 2.361e3 2.696e3 2.954e3 3.769e3 3.831e3 4.605e3 4.596e3 4.274e3 4.061e3 3.983e3 3.748e3 3.776e3 2.952e3 
   2.00e6  278.8   364.2   684.8   1.052e3 1.347e3 1.367e3 1.064e3 999.5   797.7   855.2   1.895e3 2.021e3 2.025e3 2.079e3 2.654e3 2.493e3 1.291e3 1.928e3 2.071e3 2.373e3 2.536e3 2.687e3 2.409e3 2.488e3 2.331e3 2.384e3 2.311e3 2.087e3 1.971e3 1.984e3 1.970e3 2.674e3 2.943e3 2.495e3 1.044e3 1.641e3 3.102e3 3.332e3 3.064e3 3.286e3 3.581e3 3.399e3 3.374e3 2.763e3 2.756e3 3.210e3 3.063e3 2.886e3 2.834e3 3.206e3 3.513e3 3.146e3 3.479e3 2.295e3 4.411e3 4.531e3 4.498e3 3.771e3 3.734e3 3.556e3 3.745e3 3.118e3 3.217e3 3.604e3 3.546e3 2.971e3 2.654e3 3.197e3 3.202e3 3.271e3 3.113e3 3.058e3 3.064e3 3.095e3 2.935e3 2.456e3 2.593e3 3.138e3 2.642e3 2.547e3 2.908e3 3.147e3 4.061e3 4.091e3 4.908e3 4.934e3 4.551e3 4.331e3 4.303e3 4.042e3 4.051e3 3.178e3 
   2.25e6  296.1   392.0   748.3   1.126e3 1.413e3 1.432e3 1.119e3 1.082e3 856.7   919.0   2.023e3 2.139e3 2.150e3 2.234e3 2.847e3 2.727e3 1.429e3 2.127e3 2.257e3 2.574e3 2.709e3 2.883e3 2.591e3 2.744e3 2.505e3 2.552e3 2.476e3 2.262e3 2.124e3 2.159e3 2.113e3 2.851e3 3.156e3 2.679e3 1.158e3 1.803e3 3.329e3 3.599e3 3.291e3 3.550e3 3.818e3 3.644e3 3.629e3 2.997e3 3.006e3 3.440e3 3.299e3 3.101e3 3.059e3 3.406e3 3.792e3 3.426e3 3.729e3 2.578e3 4.749e3 4.889e3 4.830e3 4.084e3 4.034e3 3.848e3 4.057e3 3.365e3 3.477e3 3.807e3 3.873e3 3.226e3 2.867e3 3.460e3 3.427e3 3.532e3 3.368e3 3.312e3 3.284e3 3.324e3 3.189e3 2.701e3 2.807e3 3.395e3 2.881e3 2.762e3 3.153e3 3.376e3 4.397e3 4.391e3 5.251e3 5.322e3 4.868e3 4.646e3 4.675e3 4.382e3 4.372e3 3.445e3 
   2.50e6  311.2   418.8   807.5   1.193e3 1.473e3 1.493e3 1.168e3 1.161e3 917.9   981.0   2.142e3 2.246e3 2.268e3 2.383e3 3.023e3 2.949e3 1.551e3 2.303e3 2.434e3 2.759e3 2.869e3 3.063e3 2.761e3 2.986e3 2.663e3 2.706e3 2.625e3 2.428e3 2.266e3 2.323e3 2.247e3 3.013e3 3.353e3 2.851e3 1.273e3 1.961e3 3.542e3 3.851e3 3.505e3 3.792e3 4.033e3 3.872e3 3.868e3 3.217e3 3.241e3 3.642e3 3.520e3 3.302e3 3.261e3 3.600e3 4.055e3 3.692e3 3.961e3 2.850e3 5.061e3 5.222e3 5.138e3 4.381e3 4.317e3 4.123e3 4.349e3 3.600e3 3.719e3 3.991e3 4.182e3 3.465e3 3.068e3 3.702e3 3.634e3 3.776e3 3.601e3 3.548e3 3.485e3 3.536e3 3.426e3 2.933e3 3.006e3 3.634e3 3.111e3 2.963e3 3.380e3 3.593e3 4.708e3 4.670e3 5.561e3 5.677e3 5.160e3 4.942e3 5.024e3 4.701e3 4.673e3 3.702e3 
   2.75e6  324.6   444.6   863.6   1.256e3 1.528e3 1.552e3 1.212e3 1.237e3 981.2   1.042e3 2.255e3 2.346e3 2.382e3 2.526e3 3.187e3 3.162e3 1.657e3 2.457e3 2.605e3 2.932e3 3.019e3 3.231e3 2.923e3 3.214e3 2.806e3 2.850e3 2.763e3 2.587e3 2.400e3 2.479e3 2.373e3 3.165e3 3.537e3 3.014e3 1.389e3 2.118e3 3.745e3 4.091e3 3.710e3 4.019e3 4.232e3 4.089e3 4.095e3 3.427e3 3.463e3 3.821e3 3.730e3 3.494e3 3.444e3 3.791e3 4.304e3 3.947e3 4.181e3 3.115e3 5.354e3 5.537e3 5.428e3 4.666e3 4.587e3 4.385e3 4.625e3 3.827e3 3.946e3 4.162e3 4.478e3 3.691e3 3.261e3 3.928e3 3.831e3 4.007e3 3.817e3 3.773e3 3.674e3 3.736e3 3.651e3 3.155e3 3.192e3 3.859e3 3.334e3 3.152e3 3.594e3 3.805e3 4.999e3 4.934e3 5.845e3 6.008e3 5.435e3 5.225e3 5.355e3 5.003e3 4.961e3 3.952e3 
   3.00e6  336.9   469.6   917.4   1.315e3 1.579e3 1.611e3 1.252e3 1.310e3 1.047e3 1.102e3 2.363e3 2.440e3 2.493e3 2.666e3 3.341e3 3.367e3 1.752e3 2.591e3 2.771e3 3.097e3 3.163e3 3.391e3 3.078e3 3.430e3 2.940e3 2.987e3 2.891e3 2.740e3 2.528e3 2.629e3 2.495e3 3.310e3 3.712e3 3.171e3 1.507e3 2.275e3 3.941e3 4.322e3 3.910e3 4.234e3 4.418e3 4.298e3 4.314e3 3.630e3 3.676e3 3.983e3 3.931e3 3.680e3 3.615e3 3.982e3 4.543e3 4.193e3 4.392e3 3.373e3 5.633e3 5.839e3 5.705e3 4.943e3 4.848e3 4.634e3 4.890e3 4.048e3 4.162e3 4.324e3 4.764e3 3.908e3 3.448e3 4.141e3 4.019e3 4.229e3 4.020e3 3.990e3 3.852e3 3.928e3 3.865e3 3.368e3 3.368e3 4.073e3 3.553e3 3.334e3 3.800e3 4.012e3 5.274e3 5.187e3 6.110e3 6.322e3 5.697e3 5.499e3 5.673e3 5.293e3 5.238e3 4.198e3 
   3.25e6  348.3   494.2   969.5   1.371e3 1.629e3 1.669e3 1.291e3 1.382e3 1.114e3 1.162e3 2.468e3 2.531e3 2.603e3 2.803e3 3.489e3 3.567e3 1.837e3 2.708e3 2.935e3 3.254e3 3.304e3 3.545e3 3.229e3 3.635e3 3.067e3 3.119e3 3.012e3 2.888e3 2.653e3 2.774e3 2.613e3 3.450e3 3.880e3 3.325e3 1.629e3 2.433e3 4.133e3 4.548e3 4.106e3 4.442e3 4.595e3 4.501e3 4.528e3 3.828e3 3.882e3 4.134e3 4.126e3 3.861e3 3.775e3 4.173e3 4.775e3 4.432e3 4.598e3 3.629e3 5.902e3 6.130e3 5.972e3 5.215e3 5.102e3 4.874e3 5.147e3 4.266e3 4.368e3 4.482e3 5.043e3 4.118e3 3.631e3 4.345e3 4.202e3 4.445e3 4.214e3 4.200e3 4.025e3 4.114e3 4.072e3 3.576e3 3.537e3 4.280e3 3.769e3 3.509e3 3.999e3 4.218e3 5.539e3 5.434e3 6.361e3 6.622e3 5.951e3 5.768e3 5.981e3 5.574e3 5.509e3 4.444e3 
   3.50e6  359.1   518.5   1.020e3 1.425e3 1.678e3 1.728e3 1.328e3 1.454e3 1.184e3 1.223e3 2.572e3 2.620e3 2.712e3 2.939e3 3.631e3 3.762e3 1.917e3 2.810e3 3.096e3 3.406e3 3.441e3 3.695e3 3.377e3 3.832e3 3.189e3 3.249e3 3.128e3 3.033e3 2.775e3 2.915e3 2.730e3 3.587e3 4.044e3 3.475e3 1.754e3 2.593e3 4.322e3 4.770e3 4.301e3 4.643e3 4.767e3 4.701e3 4.738e3 4.024e3 4.084e3 4.279e3 4.318e3 4.040e3 3.928e3 4.367e3 5.001e3 4.666e3 4.801e3 3.882e3 6.165e3 6.415e3 6.234e3 5.485e3 5.353e3 5.106e3 5.397e3 4.482e3 4.567e3 4.638e3 5.317e3 4.324e3 3.813e3 4.543e3 4.381e3 4.657e3 4.401e3 4.408e3 4.194e3 4.297e3 4.272e3 3.779e3 3.702e3 4.482e3 3.982e3 3.682e3 4.193e3 4.424e3 5.795e3 5.676e3 6.600e3 6.913e3 6.200e3 6.035e3 6.283e3 5.850e3 5.775e3 4.690e3 
   3.75e6  369.5   543.1   1.070e3 1.478e3 1.726e3 1.788e3 1.366e3 1.525e3 1.255e3 1.283e3 2.674e3 2.707e3 2.820e3 3.074e3 3.770e3 3.954e3 1.995e3 2.903e3 3.257e3 3.555e3 3.577e3 3.843e3 3.524e3 4.020e3 3.308e3 3.377e3 3.241e3 3.175e3 2.896e3 3.054e3 2.846e3 3.723e3 4.204e3 3.624e3 1.883e3 2.756e3 4.510e3 4.990e3 4.495e3 4.842e3 4.935e3 4.900e3 4.946e3 4.218e3 4.281e3 4.419e3 4.506e3 4.218e3 4.077e3 4.564e3 5.223e3 4.896e3 5.003e3 4.135e3 6.423e3 6.696e3 6.490e3 5.753e3 5.600e3 5.330e3 5.644e3 4.698e3 4.760e3 4.793e3 5.588e3 4.528e3 3.994e3 4.736e3 4.560e3 4.868e3 4.583e3 4.613e3 4.362e3 4.478e3 4.468e3 3.978e3 3.862e3 4.680e3 4.194e3 3.852e3 4.385e3 4.632e3 6.045e3 5.915e3 6.830e3 7.198e3 6.446e3 6.301e3 6.581e3 6.123e3 6.039e3 4.938e3 
   4.00e6  379.9   568.1   1.120e3 1.530e3 1.775e3 1.848e3 1.403e3 1.596e3 1.328e3 1.344e3 2.776e3 2.793e3 2.928e3 3.207e3 3.906e3 4.144e3 2.073e3 2.991e3 3.418e3 3.702e3 3.712e3 3.990e3 3.670e3 4.203e3 3.426e3 3.504e3 3.352e3 3.315e3 3.016e3 3.191e3 2.961e3 3.858e3 4.361e3 3.772e3 2.016e3 2.922e3 4.698e3 5.209e3 4.689e3 5.039e3 5.102e3 5.099e3 5.154e3 4.411e3 4.477e3 4.559e3 4.694e3 4.396e3 4.223e3 4.764e3 5.442e3 5.123e3 5.204e3 4.390e3 6.678e3 6.973e3 6.745e3 6.022e3 5.847e3 5.547e3 5.888e3 4.914e3 4.949e3 4.949e3 5.856e3 4.731e3 4.175e3 4.926e3 4.738e3 5.078e3 4.762e3 4.818e3 4.529e3 4.659e3 4.662e3 4.175e3 4.021e3 4.877e3 4.406e3 4.022e3 4.576e3 4.842e3 6.291e3 6.154e3 7.055e3 7.478e3 6.690e3 6.569e3 6.876e3 6.394e3 6.303e3 5.190e3 
   4.50e6  400.6   620.0   1.217e3 1.632e3 1.874e3 1.971e3 1.481e3 1.740e3 1.478e3 1.468e3 2.978e3 2.966e3 3.145e3 3.474e3 4.172e3 4.517e3 2.239e3 3.166e3 3.739e3 3.991e3 3.984e3 4.283e3 3.965e3 4.553e3 3.661e3 3.759e3 3.572e3 3.589e3 3.257e3 3.462e3 3.194e3 4.130e3 4.671e3 4.069e3 2.296e3 3.266e3 5.078e3 5.648e3 5.082e3 5.431e3 5.441e3 5.497e3 5.568e3 4.798e3 4.864e3 4.844e3 5.068e3 4.753e3 4.511e3 5.174e3 5.874e3 5.571e3 5.610e3 4.905e3 7.187e3 7.524e3 7.250e3 6.564e3 6.339e3 5.967e3 6.373e3 5.352e3 5.316e3 5.266e3 6.389e3 5.136e3 4.539e3 5.302e3 5.095e3 5.500e3 5.115e3 5.229e3 4.864e3 5.021e3 5.043e3 4.565e3 4.334e3 5.267e3 4.830e3 4.362e3 4.958e3 5.270e3 6.774e3 6.633e3 7.493e3 8.032e3 7.181e3 7.111e3 7.465e3 6.935e3 6.833e3 5.707e3 
   5.00e6  422.0   675.0   1.314e3 1.732e3 1.978e3 2.097e3 1.563e3 1.886e3 1.634e3 1.595e3 3.181e3 3.141e3 3.363e3 3.740e3 4.433e3 4.884e3 2.430e3 3.355e3 4.064e3 4.278e3 4.258e3 4.579e3 4.263e3 4.890e3 3.899e3 4.016e3 3.795e3 3.860e3 3.499e3 3.730e3 3.430e3 4.405e3 4.978e3 4.367e3 2.594e3 3.627e3 5.464e3 6.090e3 5.481e3 5.825e3 5.793e3 5.901e3 5.986e3 5.189e3 5.251e3 5.141e3 5.444e3 5.115e3 4.801e3 5.598e3 6.300e3 6.013e3 6.024e3 5.432e3 7.697e3 8.073e3 7.756e3 7.114e3 6.833e3 6.372e3 6.858e3 5.798e3 5.677e3 5.595e3 6.921e3 5.546e3 4.910e3 5.677e3 5.457e3 5.928e3 5.466e3 5.645e3 5.207e3 5.389e3 5.424e3 4.952e3 4.648e3 5.659e3 5.258e3 4.706e3 5.344e3 5.711e3 7.253e3 7.117e3 7.924e3 8.583e3 7.677e3 7.667e3 8.057e3 7.480e3 7.370e3 6.243e3 
   5.50e6  444.5   733.1   1.411e3 1.833e3 2.084e3 2.225e3 1.650e3 2.035e3 1.795e3 1.726e3 3.385e3 3.318e3 3.582e3 4.005e3 4.692e3 5.246e3 2.649e3 3.568e3 4.392e3 4.566e3 4.537e3 4.879e3 4.566e3 5.219e3 4.144e3 4.278e3 4.025e3 4.129e3 3.745e3 3.996e3 3.671e3 4.685e3 5.285e3 4.669e3 2.910e3 4.004e3 5.858e3 6.536e3 5.887e3 6.226e3 6.162e3 6.312e3 6.408e3 5.585e3 5.638e3 5.453e3 5.824e3 5.483e3 5.099e3 6.035e3 6.723e3 6.452e3 6.448e3 5.973e3 8.209e3 8.624e3 8.264e3 7.674e3 7.329e3 6.767e3 7.345e3 6.254e3 6.036e3 5.935e3 7.453e3 5.962e3 5.288e3 6.054e3 5.826e3 6.365e3 5.818e3 6.068e3 5.558e3 5.765e3 5.807e3 5.337e3 4.966e3 6.055e3 5.690e3 5.056e3 5.736e3 6.166e3 7.729e3 7.610e3 8.354e3 9.134e3 8.181e3 8.238e3 8.654e3 8.032e3 7.916e3 6.801e3 
   6.00e6  468.4   793.9   1.506e3 1.933e3 2.195e3 2.357e3 1.742e3 2.188e3 1.960e3 1.862e3 3.590e3 3.498e3 3.802e3 4.270e3 4.948e3 5.604e3 2.898e3 3.808e3 4.723e3 4.854e3 4.820e3 5.184e3 4.875e3 5.542e3 4.396e3 4.543e3 4.264e3 4.396e3 3.995e3 4.262e3 3.917e3 4.970e3 5.593e3 4.974e3 3.243e3 4.396e3 6.260e3 6.986e3 6.302e3 6.633e3 6.550e3 6.729e3 6.834e3 5.986e3 6.027e3 5.780e3 6.208e3 5.857e3 5.406e3 6.482e3 7.143e3 6.890e3 6.881e3 6.530e3 8.726e3 9.177e3 8.776e3 8.243e3 7.829e3 7.158e3 7.836e3 6.719e3 6.397e3 6.288e3 7.986e3 6.387e3 5.672e3 6.434e3 6.202e3 6.810e3 6.174e3 6.497e3 5.918e3 6.148e3 6.196e3 5.722e3 5.290e3 6.455e3 6.127e3 5.415e3 6.136e3 6.634e3 8.205e3 8.111e3 8.788e3 9.688e3 8.695e3 8.824e3 9.259e3 8.591e3 8.472e3 7.380e3 
   6.50e6  493.9   856.9   1.602e3 2.034e3 2.309e3 2.490e3 1.840e3 2.343e3 2.128e3 2.002e3 3.795e3 3.680e3 4.023e3 4.532e3 5.201e3 5.956e3 3.174e3 4.072e3 5.058e3 5.143e3 5.106e3 5.495e3 5.189e3 5.863e3 4.655e3 4.813e3 4.511e3 4.664e3 4.249e3 4.527e3 4.168e3 5.259e3 5.901e3 5.282e3 3.592e3 4.803e3 6.669e3 7.440e3 6.722e3 7.047e3 6.956e3 7.153e3 7.264e3 6.392e3 6.417e3 6.120e3 6.597e3 6.237e3 5.724e3 6.939e3 7.562e3 7.327e3 7.323e3 7.100e3 9.245e3 9.732e3 9.291e3 8.820e3 8.330e3 7.549e3 8.331e3 7.194e3 6.763e3 6.652e3 8.519e3 6.819e3 6.062e3 6.819e3 6.584e3 7.263e3 6.533e3 6.933e3 6.287e3 6.538e3 6.590e3 6.106e3 5.619e3 6.860e3 6.570e3 5.780e3 6.542e3 7.113e3 8.681e3 8.619e3 9.227e3 10.24e3 9.217e3 9.425e3 9.870e3 9.157e3 9.038e3 7.978e3 
   7.00e6  521.0   921.6   1.696e3 2.134e3 2.426e3 2.626e3 1.942e3 2.501e3 2.299e3 2.146e3 4.000e3 3.864e3 4.244e3 4.793e3 5.452e3 6.303e3 3.475e3 4.357e3 5.394e3 5.434e3 5.396e3 5.810e3 5.508e3 6.182e3 4.919e3 5.085e3 4.768e3 4.932e3 4.506e3 4.791e3 4.424e3 5.552e3 6.209e3 5.592e3 3.954e3 5.223e3 7.084e3 7.897e3 7.149e3 7.467e3 7.378e3 7.582e3 7.697e3 6.801e3 6.809e3 6.473e3 6.989e3 6.621e3 6.054e3 7.402e3 7.977e3 7.764e3 7.771e3 7.683e3 9.766e3 10.29e3 9.808e3 9.404e3 8.832e3 7.942e3 8.828e3 7.676e3 7.134e3 7.027e3 9.051e3 7.259e3 6.457e3 7.207e3 6.972e3 7.723e3 6.895e3 7.374e3 6.665e3 6.935e3 6.990e3 6.490e3 5.955e3 7.271e3 7.016e3 6.153e3 6.956e3 7.603e3 9.157e3 9.135e3 9.671e3 10.80e3 9.747e3 10.04e3 10.49e3 9.729e3 9.612e3 8.594e3 
   8.00e6  580.3   1.054e3 1.882e3 2.334e3 2.664e3 2.898e3 2.162e3 2.822e3 2.647e3 2.444e3 4.408e3 4.236e3 4.681e3 5.306e3 5.943e3 6.975e3 4.137e3 4.978e3 6.067e3 6.014e3 5.981e3 6.450e3 6.155e3 6.815e3 5.461e3 5.638e3 5.302e3 5.469e3 5.028e3 5.314e3 4.946e3 6.145e3 6.823e3 6.214e3 4.714e3 6.093e3 7.929e3 8.813e3 8.013e3 8.323e3 8.260e3 8.451e3 8.566e3 7.628e3 7.594e3 7.204e3 7.782e3 7.400e3 6.748e3 8.342e3 8.801e3 8.635e3 8.685e3 8.881e3 10.81e3 11.40e3 10.84e3 10.58e3 9.833e3 8.742e3 9.826e3 8.657e3 7.894e3 7.802e3 10.11e3 8.157e3 7.256e3 7.992e3 7.759e3 8.658e3 7.630e3 8.267e3 7.444e3 7.743e3 7.806e3 7.256e3 6.645e3 8.102e3 7.918e3 6.917e3 7.800e3 8.604e3 10.11e3 10.18e3 10.58e3 11.92e3 10.82e3 11.30e3 11.73e3 10.88e3 10.78e3 9.872e3 
   9.00e6  645.9   1.189e3 2.061e3 2.531e3 2.906e3 3.171e3 2.398e3 3.149e3 2.998e3 2.756e3 4.811e3 4.609e3 5.109e3 5.801e3 6.418e3 7.616e3 4.858e3 5.644e3 6.736e3 6.590e3 6.568e3 7.098e3 6.808e3 7.442e3 6.014e3 6.195e3 5.856e3 6.006e3 5.556e3 5.830e3 5.479e3 6.744e3 7.433e3 6.836e3 5.509e3 6.991e3 8.783e3 9.722e3 8.883e3 9.193e3 9.176e3 9.326e3 9.431e3 8.456e3 8.374e3 7.960e3 8.579e3 8.186e3 7.482e3 9.288e3 9.611e3 9.502e3 9.607e3 10.10e3 11.84e3 12.49e3 11.87e3 11.75e3 10.82e3 9.561e3 10.82e3 9.653e3 8.675e3 8.603e3 11.14e3 9.074e3 8.060e3 8.785e3 8.555e3 9.603e3 8.373e3 9.167e3 8.244e3 8.566e3 8.637e3 8.018e3 7.353e3 8.943e3 8.824e3 7.702e3 8.660e3 9.626e3 11.05e3 11.24e3 11.50e3 13.02e3 11.92e3 12.58e3 12.97e3 12.05e3 11.95e3 11.20e3 
   10.0e6  717.3   1.323e3 2.233e3 2.724e3 3.148e3 3.441e3 2.647e3 3.478e3 3.349e3 3.076e3 5.206e3 4.980e3 5.524e3 6.276e3 6.874e3 8.221e3 5.613e3 6.335e3 7.394e3 7.158e3 7.152e3 7.746e3 7.460e3 8.059e3 6.571e3 6.752e3 6.422e3 6.541e3 6.086e3 6.337e3 6.017e3 7.342e3 8.032e3 7.451e3 6.324e3 7.904e3 9.638e3 10.61e3 9.751e3 10.07e3 10.11e3 10.20e3 10.29e3 9.278e3 9.144e3 8.727e3 9.374e3 8.970e3 8.245e3 10.23e3 10.41e3 10.36e3 10.52e3 11.33e3 12.85e3 13.56e3 12.88e3 12.90e3 11.79e3 10.40e3 11.80e3 10.65e3 9.473e3 9.421e3 12.15e3 9.999e3 8.861e3 9.579e3 9.352e3 10.55e3 9.119e3 10.07e3 9.059e3 9.394e3 9.476e3 8.777e3 8.075e3 9.787e3 9.729e3 8.499e3 9.530e3 10.65e3 11.98e3 12.29e3 12.43e3 14.11e3 13.01e3 13.89e3 14.21e3 13.20e3 13.13e3 12.55e3 
   11.0e6  793.6   1.455e3 2.397e3 2.911e3 3.386e3 3.706e3 2.906e3 3.805e3 3.697e3 3.403e3 5.590e3 5.346e3 5.924e3 6.728e3 7.309e3 8.791e3 6.382e3 7.036e3 8.034e3 7.714e3 7.728e3 8.391e3 8.106e3 8.663e3 7.126e3 7.304e3 6.992e3 7.072e3 6.613e3 6.835e3 6.557e3 7.935e3 8.619e3 8.055e3 7.149e3 8.819e3 10.49e3 11.49e3 10.61e3 10.94e3 11.05e3 11.06e3 11.12e3 10.09e3 9.899e3 9.498e3 10.16e3 9.747e3 9.028e3 11.16e3 11.18e3 11.21e3 11.43e3 12.56e3 13.84e3 14.61e3 13.87e3 14.02e3 12.74e3 11.24e3 12.76e3 11.64e3 10.28e3 10.25e3 13.12e3 10.93e3 9.652e3 10.37e3 10.14e3 11.48e3 9.865e3 10.96e3 9.881e3 10.22e3 10.32e3 9.529e3 8.804e3 10.63e3 10.63e3 9.305e3 10.40e3 11.68e3 12.90e3 13.34e3 13.37e3 15.18e3 14.10e3 15.19e3 15.43e3 14.34e3 14.29e3 13.91e3 
   12.0e6  874.0   1.583e3 2.552e3 3.093e3 3.619e3 3.964e3 3.173e3 4.129e3 4.038e3 3.733e3 5.961e3 5.705e3 6.307e3 7.156e3 7.723e3 9.323e3 7.152e3 7.734e3 8.654e3 8.255e3 8.293e3 9.026e3 8.740e3 9.252e3 7.674e3 7.848e3 7.560e3 7.597e3 7.136e3 7.323e3 7.095e3 8.519e3 9.190e3 8.646e3 7.973e3 9.726e3 11.32e3 12.33e3 11.45e3 11.81e3 11.98e3 11.91e3 11.93e3 10.88e3 10.64e3 10.27e3 10.94e3 10.51e3 9.821e3 12.06e3 11.94e3 12.04e3 12.31e3 13.75e3 14.79e3 15.62e3 14.83e3 15.10e3 13.66e3 12.08e3 13.70e3 12.63e3 11.09e3 11.08e3 14.05e3 11.85e3 10.43e3 11.16e3 10.93e3 12.40e3 10.61e3 11.83e3 10.70e3 11.04e3 11.15e3 10.27e3 9.535e3 11.46e3 11.51e3 10.11e3 11.27e3 12.70e3 13.80e3 14.37e3 14.29e3 16.22e3 15.18e3 16.49e3 16.62e3 15.46e3 15.44e3 15.28e3 
   13.0e6  957.5   1.707e3 2.697e3 3.268e3 3.844e3 4.213e3 3.445e3 4.446e3 4.371e3 4.064e3 6.321e3 6.056e3 6.672e3 7.560e3 8.116e3 9.821e3 7.909e3 8.423e3 9.251e3 8.780e3 8.844e3 9.649e3 9.358e3 9.822e3 8.213e3 8.382e3 8.123e3 8.113e3 7.651e3 7.801e3 7.628e3 9.092e3 9.744e3 9.220e3 8.789e3 10.62e3 12.14e3 13.14e3 12.27e3 12.67e3 12.89e3 12.74e3 12.72e3 11.65e3 11.35e3 11.02e3 11.70e3 11.26e3 10.62e3 12.95e3 12.68e3 12.86e3 13.15e3 14.92e3 15.71e3 16.59e3 15.76e3 16.12e3 14.55e3 12.93e3 14.60e3 13.59e3 11.89e3 11.90e3 14.95e3 12.75e3 11.19e3 11.93e3 11.70e3 13.30e3 11.34e3 12.69e3 11.52e3 11.86e3 11.98e3 11.01e3 10.27e3 12.29e3 12.38e3 10.92e3 12.14e3 13.70e3 14.68e3 15.37e3 15.21e3 17.22e3 16.23e3 17.77e3 17.77e3 16.56e3 16.56e3 16.62e3 
   14.0e6  1.043e3 1.826e3 2.834e3 3.436e3 4.062e3 4.454e3 3.719e3 4.757e3 4.694e3 4.393e3 6.667e3 6.397e3 7.020e3 7.940e3 8.488e3 10.28e3 8.646e3 9.096e3 9.823e3 9.287e3 9.380e3 10.26e3 9.959e3 10.37e3 8.741e3 8.904e3 8.675e3 8.619e3 8.156e3 8.270e3 8.156e3 9.653e3 10.28e3 9.777e3 9.590e3 11.49e3 12.93e3 13.92e3 13.07e3 13.51e3 13.78e3 13.55e3 13.48e3 12.40e3 12.05e3 11.77e3 12.44e3 12.00e3 11.41e3 13.81e3 13.40e3 13.65e3 13.96e3 16.04e3 16.60e3 17.53e3 16.66e3 17.09e3 15.41e3 13.76e3 15.48e3 14.54e3 12.69e3 12.72e3 15.81e3 13.65e3 11.93e3 12.69e3 12.46e3 14.17e3 12.07e3 13.53e3 12.34e3 12.66e3 12.80e3 11.74e3 10.99e3 13.10e3 13.22e3 11.72e3 12.99e3 14.68e3 15.53e3 16.36e3 16.11e3 18.20e3 17.27e3 19.03e3 18.89e3 17.62e3 17.65e3 17.95e3 
   15.0e6  1.130e3 1.940e3 2.963e3 3.598e3 4.270e3 4.685e3 3.994e3 5.059e3 5.008e3 4.720e3 7.000e3 6.728e3 7.350e3 8.298e3 8.840e3 10.72e3 9.356e3 9.749e3 10.37e3 9.777e3 9.900e3 10.85e3 10.54e3 10.91e3 9.255e3 9.413e3 9.216e3 9.114e3 8.652e3 8.730e3 8.675e3 10.20e3 10.80e3 10.32e3 10.37e3 12.33e3 13.71e3 14.66e3 13.84e3 14.33e3 14.64e3 14.34e3 14.22e3 13.13e3 12.73e3 12.50e3 13.17e3 12.71e3 12.20e3 14.63e3 14.09e3 14.43e3 14.73e3 17.12e3 17.45e3 18.42e3 17.53e3 18.00e3 16.24e3 14.57e3 16.33e3 15.46e3 13.48e3 13.54e3 16.63e3 14.52e3 12.66e3 13.44e3 13.20e3 15.01e3 12.79e3 14.34e3 13.14e3 13.44e3 13.60e3 12.46e3 11.71e3 13.90e3 14.05e3 12.52e3 13.83e3 15.64e3 16.37e3 17.32e3 16.98e3 19.14e3 18.29e3 20.26e3 19.98e3 18.66e3 18.71e3 19.25e3 
   16.0e6  1.217e3 2.048e3 3.083e3 3.753e3 4.469e3 4.908e3 4.267e3 5.351e3 5.311e3 5.043e3 7.320e3 7.049e3 7.664e3 8.634e3 9.174e3 11.12e3 10.04e3 10.38e3 10.89e3 10.25e3 10.40e3 11.42e3 11.10e3 11.42e3 9.756e3 9.910e3 9.744e3 9.598e3 9.138e3 9.181e3 9.186e3 10.73e3 11.30e3 10.84e3 11.13e3 13.14e3 14.45e3 15.37e3 14.59e3 15.13e3 15.48e3 15.10e3 14.93e3 13.83e3 13.38e3 13.22e3 13.88e3 13.41e3 12.97e3 15.43e3 14.77e3 15.18e3 15.46e3 18.14e3 18.27e3 19.29e3 18.36e3 18.86e3 17.05e3 15.37e3 17.14e3 16.36e3 14.26e3 14.33e3 17.41e3 15.37e3 13.36e3 14.18e3 13.92e3 15.82e3 13.50e3 15.14e3 13.92e3 14.21e3 14.40e3 13.17e3 12.42e3 14.68e3 14.86e3 13.31e3 14.66e3 16.57e3 17.18e3 18.25e3 17.84e3 20.05e3 19.28e3 21.46e3 21.02e3 19.66e3 19.74e3 20.51e3 
   17.0e6  1.304e3 2.151e3 3.196e3 3.901e3 4.659e3 5.121e3 4.538e3 5.633e3 5.603e3 5.360e3 7.628e3 7.360e3 7.962e3 8.951e3 9.491e3 11.49e3 10.69e3 10.99e3 11.39e3 10.70e3 10.89e3 11.98e3 11.64e3 11.91e3 10.24e3 10.39e3 10.26e3 10.07e3 9.612e3 9.623e3 9.687e3 11.25e3 11.78e3 11.34e3 11.87e3 13.93e3 15.18e3 16.05e3 15.31e3 15.92e3 16.29e3 15.84e3 15.60e3 14.50e3 14.01e3 13.92e3 14.57e3 14.08e3 13.73e3 16.21e3 15.42e3 15.91e3 16.15e3 19.12e3 19.06e3 20.11e3 19.17e3 19.66e3 17.82e3 16.15e3 17.93e3 17.24e3 15.02e3 15.12e3 18.16e3 16.20e3 14.05e3 14.90e3 14.63e3 16.59e3 14.19e3 15.91e3 14.70e3 14.97e3 15.17e3 13.87e3 13.13e3 15.44e3 15.64e3 14.09e3 15.47e3 17.47e3 17.97e3 19.15e3 18.67e3 20.92e3 20.24e3 22.63e3 22.03e3 20.62e3 20.73e3 21.72e3 
   18.0e6  1.390e3 2.249e3 3.302e3 4.044e3 4.840e3 5.324e3 4.805e3 5.905e3 5.885e3 5.671e3 7.923e3 7.660e3 8.245e3 9.248e3 9.791e3 11.84e3 11.30e3 11.57e3 11.87e3 11.14e3 11.36e3 12.52e3 12.15e3 12.39e3 10.72e3 10.86e3 10.76e3 10.53e3 10.07e3 10.06e3 10.18e3 11.76e3 12.25e3 11.83e3 12.58e3 14.68e3 15.87e3 16.69e3 16.00e3 16.68e3 17.06e3 16.56e3 16.26e3 15.16e3 14.62e3 14.60e3 15.24e3 14.74e3 14.47e3 16.95e3 16.06e3 16.62e3 16.80e3 20.05e3 19.81e3 20.91e3 19.94e3 20.41e3 18.57e3 16.91e3 18.68e3 18.09e3 15.77e3 15.89e3 18.88e3 16.99e3 14.72e3 15.60e3 15.32e3 17.34e3 14.88e3 16.66e3 15.45e3 15.70e3 15.93e3 14.57e3 13.82e3 16.19e3 16.41e3 14.86e3 16.26e3 18.35e3 18.74e3 20.02e3 19.48e3 21.76e3 21.18e3 23.76e3 23.00e3 21.56e3 21.68e3 22.90e3 
   20.0e6  1.558e3 2.431e3 3.496e3 4.311e3 5.176e3 5.706e3 5.322e3 6.416e3 6.416e3 6.271e3 8.480e3 8.233e3 8.770e3 9.794e3 10.35e3 12.48e3 12.44e3 12.67e3 12.75e3 11.97e3 12.26e3 13.54e3 13.13e3 13.29e3 11.62e3 11.76e3 11.71e3 11.42e3 10.97e3 10.90e3 11.13e3 12.73e3 13.14e3 12.76e3 13.94e3 16.09e3 17.19e3 17.90e3 17.31e3 18.13e3 18.53e3 17.92e3 17.49e3 16.39e3 15.78e3 15.91e3 16.52e3 16.00e3 15.89e3 18.35e3 17.27e3 17.98e3 17.99e3 21.76e3 21.24e3 22.40e3 21.40e3 21.76e3 20.00e3 18.37e3 20.11e3 19.72e3 17.22e3 17.39e3 20.22e3 18.51e3 16.01e3 16.97e3 16.65e3 18.73e3 16.21e3 18.08e3 16.92e3 17.13e3 17.41e3 15.92e3 15.17e3 17.63e3 17.87e3 16.36e3 17.80e3 20.03e3 20.22e3 21.67e3 21.02e3 23.37e3 22.98e3 25.92e3 24.83e3 23.34e3 23.50e3 25.12e3 
   22.5e6  1.756e3 2.635e3 3.708e3 4.615e3 5.551e3 6.139e3 5.930e3 6.997e3 7.025e3 6.977e3 9.117e3 8.898e3 9.360e3 10.40e3 10.98e3 13.18e3 13.70e3 13.91e3 13.75e3 12.92e3 13.30e3 14.72e3 14.23e3 14.33e3 12.67e3 12.82e3 12.82e3 12.46e3 12.02e3 11.91e3 12.27e3 13.87e3 14.17e3 13.84e3 15.50e3 17.69e3 18.71e3 19.24e3 18.81e3 19.82e3 20.20e3 19.49e3 18.90e3 17.82e3 17.14e3 17.46e3 18.04e3 17.47e3 17.55e3 19.96e3 18.69e3 19.57e3 19.29e3 23.68e3 22.86e3 24.10e3 23.08e3 23.21e3 21.66e3 20.08e3 21.76e3 21.63e3 18.93e3 19.18e3 21.76e3 20.26e3 17.54e3 18.61e3 18.22e3 20.31e3 17.82e3 19.75e3 18.65e3 18.81e3 19.18e3 17.54e3 16.79e3 19.33e3 19.59e3 18.16e3 19.62e3 21.99e3 21.96e3 23.59e3 22.83e3 25.22e3 25.08e3 28.41e3 26.94e3 25.40e3 25.59e3 27.63e3 
   25.0e6  1.939e3 2.816e3 3.893e3 4.891e3 5.883e3 6.528e3 6.491e3 7.516e3 7.577e3 7.633e3 9.698e3 9.513e3 9.888e3 10.93e3 11.55e3 13.79e3 14.79e3 15.01e3 14.64e3 13.79e3 14.26e3 15.81e3 15.22e3 15.28e3 13.65e3 13.81e3 13.85e3 13.44e3 13.02e3 12.88e3 13.34e3 14.93e3 15.13e3 14.84e3 16.92e3 19.12e3 20.08e3 20.45e3 20.17e3 21.37e3 21.71e3 20.94e3 20.19e3 19.13e3 18.39e3 18.90e3 19.45e3 18.84e3 19.09e3 21.44e3 20.01e3 21.05e3 20.45e3 25.40e3 24.35e3 25.66e3 24.62e3 24.46e3 23.19e3 21.67e3 23.27e3 23.41e3 20.55e3 20.88e3 23.16e3 21.85e3 18.98e3 20.16e3 19.70e3 21.72e3 19.36e3 21.30e3 20.27e3 20.40e3 20.85e3 19.11e3 18.35e3 20.92e3 21.20e3 19.88e3 21.33e3 23.80e3 23.60e3 25.35e3 24.50e3 26.93e3 27.03e3 30.69e3 28.86e3 27.30e3 27.51e3 29.89e3 
   27.5e6  2.107e3 2.979e3 4.058e3 5.143e3 6.176e3 6.879e3 7.004e3 7.980e3 8.081e3 8.240e3 10.23e3 10.08e3 10.37e3 11.40e3 12.06e3 14.33e3 15.74e3 16.00e3 15.44e3 14.60e3 15.15e3 16.80e3 16.12e3 16.16e3 14.57e3 14.74e3 14.81e3 14.37e3 13.95e3 13.80e3 14.36e3 15.93e3 16.02e3 15.77e3 18.23e3 20.40e3 21.33e3 21.53e3 21.41e3 22.79e3 23.08e3 22.27e3 21.38e3 20.34e3 19.57e3 20.26e3 20.78e3 20.13e3 20.51e3 22.79e3 21.25e3 22.43e3 21.50e3 26.95e3 25.73e3 27.09e3 26.05e3 25.56e3 24.63e3 23.15e3 24.67e3 25.08e3 22.08e3 22.49e3 24.46e3 23.31e3 20.36e3 21.64e3 21.11e3 23.00e3 20.84e3 22.75e3 21.79e3 21.91e3 22.44e3 20.61e3 19.84e3 22.43e3 22.71e3 21.52e3 22.95e3 25.48e3 25.16e3 26.97e3 26.07e3 28.53e3 28.85e3 32.76e3 30.63e3 29.07e3 29.29e3 31.90e3 
   30.0e6  2.261e3 3.126e3 4.206e3 5.373e3 6.439e3 7.199e3 7.471e3 8.395e3 8.543e3 8.801e3 10.72e3 10.61e3 10.80e3 11.83e3 12.54e3 14.82e3 16.57e3 16.89e3 16.17e3 15.35e3 15.97e3 17.71e3 16.93e3 16.97e3 15.42e3 15.61e3 15.69e3 15.24e3 14.84e3 14.69e3 15.33e3 16.88e3 16.86e3 16.65e3 19.44e3 21.55e3 22.47e3 22.51e3 22.55e3 24.10e3 24.33e3 23.51e3 22.47e3 21.47e3 20.67e3 21.53e3 22.03e3 21.33e3 21.82e3 24.05e3 22.42e3 23.73e3 22.48e3 28.39e3 27.00e3 28.41e3 27.38e3 26.55e3 25.97e3 24.54e3 25.98e3 26.64e3 23.53e3 24.02e3 25.66e3 24.65e3 21.68e3 23.06e3 22.44e3 24.16e3 22.26e3 24.10e3 23.22e3 23.33e3 23.97e3 22.06e3 21.28e3 23.84e3 24.14e3 23.08e3 24.47e3 27.05e3 26.63e3 28.46e3 27.54e3 30.03e3 30.55e3 34.65e3 32.27e3 30.71e3 30.93e3 33.71e3 
   32.5e6  2.403e3 3.262e3 4.341e3 5.586e3 6.675e3 7.491e3 7.896e3 8.768e3 8.971e3 9.320e3 11.17e3 11.11e3 11.21e3 12.23e3 12.99e3 15.26e3 17.31e3 17.69e3 16.84e3 16.04e3 16.75e3 18.55e3 17.68e3 17.73e3 16.22e3 16.43e3 16.53e3 16.07e3 15.68e3 15.54e3 16.25e3 17.77e3 17.65e3 17.48e3 20.57e3 22.59e3 23.51e3 23.40e3 23.60e3 25.31e3 25.47e3 24.66e3 23.50e3 22.52e3 21.71e3 22.74e3 23.21e3 22.47e3 23.04e3 25.22e3 23.53e3 24.95e3 23.41e3 29.73e3 28.20e3 29.64e3 28.62e3 27.45e3 27.25e3 25.83e3 27.20e3 28.11e3 24.91e3 25.47e3 26.80e3 25.91e3 22.94e3 24.42e3 23.72e3 25.23e3 23.63e3 25.39e3 24.57e3 24.69e3 25.42e3 23.46e3 22.65e3 25.18e3 25.49e3 24.57e3 25.91e3 28.52e3 28.04e3 29.85e3 28.93e3 31.44e3 32.15e3 36.38e3 33.81e3 32.26e3 32.47e3 35.35e3 
   35.0e6  2.534e3 3.387e3 4.466e3 5.784e3 6.889e3 7.759e3 8.284e3 9.105e3 9.368e3 9.800e3 11.59e3 11.58e3 11.59e3 12.60e3 13.41e3 15.68e3 17.96e3 18.41e3 17.45e3 16.70e3 17.47e3 19.33e3 18.37e3 18.45e3 16.98e3 17.22e3 17.31e3 16.86e3 16.49e3 16.37e3 17.13e3 18.62e3 18.41e3 18.27e3 21.62e3 23.55e3 24.47e3 24.23e3 24.57e3 26.42e3 26.53e3 25.74e3 24.46e3 23.52e3 22.70e3 23.88e3 24.33e3 23.55e3 24.17e3 26.31e3 24.59e3 26.10e3 24.31e3 30.99e3 29.32e3 30.80e3 29.79e3 28.30e3 28.46e3 27.06e3 28.36e3 29.51e3 26.22e3 26.85e3 27.87e3 27.09e3 24.17e3 25.73e3 24.94e3 26.22e3 24.95e3 26.60e3 25.86e3 25.99e3 26.82e3 24.81e3 23.98e3 26.45e3 26.79e3 25.98e3 27.27e3 29.90e3 29.40e3 31.15e3 30.25e3 32.79e3 33.65e3 37.96e3 35.25e3 33.72e3 33.92e3 36.84e3 
   37.5e6  2.655e3 3.503e3 4.583e3 5.969e3 7.085e3 8.008e3 8.640e3 9.411e3 9.740e3 10.25e3 11.99e3 12.02e3 11.94e3 12.94e3 13.81e3 16.07e3 18.55e3 19.06e3 18.03e3 17.32e3 18.16e3 20.05e3 19.01e3 19.13e3 17.69e3 17.96e3 18.04e3 17.62e3 17.25e3 17.16e3 17.97e3 19.44e3 19.13e3 19.02e3 22.60e3 24.42e3 25.36e3 24.99e3 25.47e3 27.45e3 27.51e3 26.75e3 25.36e3 24.45e3 23.65e3 24.96e3 25.40e3 24.58e3 25.23e3 27.35e3 25.60e3 27.20e3 25.21e3 32.20e3 30.39e3 31.90e3 30.90e3 29.11e3 29.61e3 28.22e3 29.46e3 30.83e3 27.47e3 28.18e3 28.90e3 28.21e3 25.35e3 26.99e3 26.11e3 27.15e3 26.23e3 27.77e3 27.08e3 27.23e3 28.16e3 26.12e3 25.26e3 27.66e3 28.02e3 27.34e3 28.56e3 31.22e3 30.70e3 32.36e3 31.52e3 34.08e3 35.06e3 39.42e3 36.61e3 35.11e3 35.30e3 38.22e3 
   40.0e6  2.767e3 3.613e3 4.692e3 6.142e3 7.265e3 8.240e3 8.968e3 9.693e3 10.09e3 10.66e3 12.36e3 12.43e3 12.28e3 13.27e3 14.19e3 16.44e3 19.08e3 19.66e3 18.57e3 17.91e3 18.81e3 20.73e3 19.61e3 19.78e3 18.38e3 18.67e3 18.74e3 18.34e3 17.99e3 17.93e3 18.78e3 20.21e3 19.82e3 19.74e3 23.54e3 25.23e3 26.18e3 25.71e3 26.31e3 28.40e3 28.43e3 27.70e3 26.22e3 25.34e3 24.56e3 25.99e3 26.42e3 25.57e3 26.22e3 28.33e3 26.56e3 28.25e3 26.09e3 33.35e3 31.41e3 32.94e3 31.96e3 29.89e3 30.71e3 29.33e3 30.51e3 32.09e3 28.67e3 29.45e3 29.89e3 29.29e3 26.49e3 28.22e3 27.24e3 28.04e3 27.47e3 28.88e3 28.25e3 28.42e3 29.46e3 27.38e3 26.50e3 28.81e3 29.21e3 28.63e3 29.79e3 32.46e3 31.96e3 33.50e3 32.74e3 35.31e3 36.40e3 40.76e3 37.90e3 36.44e3 36.60e3 39.50e3 
   45.0e6  2.970e3 3.815e3 4.896e3 6.460e3 7.589e3 8.661e3 9.556e3 10.19e3 10.74e3 11.41e3 13.05e3 13.20e3 12.91e3 13.88e3 14.91e3 17.13e3 20.00e3 20.71e3 19.56e3 19.00e3 20.01e3 21.96e3 20.71e3 20.99e3 19.65e3 20.01e3 20.04e3 19.71e3 19.38e3 19.39e3 20.30e3 21.68e3 21.14e3 21.11e3 25.27e3 26.67e3 27.68e3 27.02e3 27.85e3 30.11e3 30.11e3 29.46e3 27.83e3 27.01e3 26.27e3 27.93e3 28.35e3 27.43e3 28.05e3 30.16e3 28.40e3 30.21e3 27.87e3 35.51e3 33.32e3 34.90e3 33.95e3 31.40e3 32.80e3 31.40e3 32.48e3 34.46e3 30.94e3 31.84e3 31.77e3 31.35e3 28.69e3 30.56e3 29.40e3 29.71e3 29.84e3 30.98e3 30.45e3 30.67e3 31.92e3 29.81e3 28.86e3 30.98e3 31.47e3 31.06e3 32.09e3 34.80e3 34.35e3 35.60e3 35.07e3 37.66e3 38.89e3 43.17e3 40.32e3 38.93e3 39.06e3 41.83e3 
   50.0e6  3.149e3 3.998e3 5.083e3 6.746e3 7.876e3 9.036e3 10.07e3 10.63e3 11.33e3 12.08e3 13.67e3 13.91e3 13.50e3 14.46e3 15.59e3 17.78e3 20.79e3 21.60e3 20.47e3 20.01e3 21.11e3 23.05e3 21.70e3 22.10e3 20.83e3 21.25e3 21.24e3 20.99e3 20.67e3 20.76e3 21.71e3 23.05e3 22.38e3 22.39e3 26.85e3 27.94e3 29.00e3 28.22e3 29.23e3 31.61e3 31.62e3 31.06e3 29.32e3 28.55e3 27.87e3 29.71e3 30.13e3 29.16e3 29.71e3 31.86e3 30.12e3 32.04e3 29.64e3 37.53e3 35.10e3 36.71e3 35.80e3 32.86e3 34.75e3 33.32e3 34.33e3 36.65e3 33.06e3 34.06e3 33.55e3 33.31e3 30.79e3 32.78e3 31.44e3 31.28e3 32.08e3 32.96e3 32.52e3 32.77e3 34.23e3 32.10e3 31.10e3 33.01e3 33.59e3 33.29e3 34.20e3 36.96e3 36.62e3 37.52e3 37.28e3 39.88e3 41.17e3 45.29e3 42.57e3 41.26e3 41.34e3 43.96e3 
   55.0e6  3.307e3 4.167e3 5.257e3 7.007e3 8.135e3 9.376e3 10.54e3 11.03e3 11.87e3 12.67e3 14.24e3 14.55e3 14.06e3 15.00e3 16.23e3 18.39e3 21.46e3 22.36e3 21.30e3 20.95e3 22.13e3 24.03e3 22.62e3 23.15e3 21.92e3 22.40e3 22.34e3 22.19e3 21.88e3 22.06e3 23.03e3 24.33e3 23.55e3 23.61e3 28.30e3 29.08e3 30.20e3 29.31e3 30.50e3 32.94e3 33.00e3 32.52e3 30.70e3 29.99e3 29.38e3 31.37e3 31.79e3 30.79e3 31.24e3 33.45e3 31.75e3 33.75e3 31.40e3 39.42e3 36.76e3 38.40e3 37.54e3 34.30e3 36.60e3 35.11e3 36.07e3 38.68e3 35.06e3 36.14e3 35.25e3 35.20e3 32.79e3 34.89e3 33.37e3 32.80e3 34.21e3 34.83e3 34.48e3 34.76e3 36.42e3 34.28e3 33.22e3 34.92e3 35.60e3 35.37e3 36.16e3 38.99e3 38.77e3 39.29e3 39.38e3 41.99e3 43.27e3 47.19e3 44.68e3 43.45e3 43.49e3 45.94e3 
   60.0e6  3.447e3 4.323e3 5.422e3 7.247e3 8.374e3 9.688e3 10.96e3 11.38e3 12.38e3 13.21e3 14.76e3 15.15e3 14.59e3 15.53e3 16.85e3 18.97e3 22.05e3 23.03e3 22.08e3 21.84e3 23.07e3 24.93e3 23.48e3 24.12e3 22.94e3 23.49e3 23.38e3 23.32e3 23.03e3 23.29e3 24.27e3 25.54e3 24.68e3 24.78e3 29.64e3 30.10e3 31.29e3 30.34e3 31.66e3 34.14e3 34.27e3 33.87e3 32.01e3 31.35e3 30.82e3 32.93e3 33.35e3 32.33e3 32.66e3 34.95e3 33.30e3 35.36e3 33.14e3 41.19e3 38.34e3 39.99e3 39.18e3 35.72e3 38.34e3 36.80e3 37.72e3 40.60e3 36.95e3 38.09e3 36.89e3 37.03e3 34.71e3 36.90e3 35.22e3 34.28e3 36.23e3 36.62e3 36.35e3 36.64e3 38.50e3 36.35e3 35.24e3 36.73e3 37.52e3 37.32e3 38.01e3 40.91e3 40.82e3 40.94e3 41.38e3 44.01e3 45.23e3 48.92e3 46.67e3 45.52e3 45.52e3 47.81e3 
   65.0e6  3.572e3 4.470e3 5.578e3 7.470e3 8.596e3 9.976e3 11.35e3 11.71e3 12.85e3 13.69e3 15.25e3 15.70e3 15.10e3 16.03e3 17.44e3 19.53e3 22.57e3 23.62e3 22.81e3 22.67e3 23.95e3 25.75e3 24.29e3 25.05e3 23.91e3 24.51e3 24.36e3 24.39e3 24.11e3 24.45e3 25.44e3 26.69e3 25.75e3 25.89e3 30.88e3 31.05e3 32.30e3 31.32e3 32.75e3 35.23e3 35.45e3 35.13e3 33.25e3 32.64e3 32.18e3 34.39e3 34.83e3 33.79e3 34.00e3 36.38e3 34.78e3 36.88e3 34.85e3 42.84e3 39.84e3 41.51e3 40.75e3 37.12e3 40.01e3 38.40e3 39.31e3 42.39e3 38.74e3 39.94e3 38.46e3 38.82e3 36.55e3 38.84e3 36.99e3 35.73e3 38.16e3 38.33e3 38.14e3 38.43e3 40.48e3 38.34e3 37.17e3 38.48e3 39.35e3 39.14e3 39.75e3 42.74e3 42.79e3 42.50e3 43.30e3 45.95e3 47.07e3 50.51e3 48.57e3 47.50e3 47.46e3 49.61e3 
   70.0e6  3.681e3 4.607e3 5.727e3 7.676e3 8.804e3 10.24e3 11.70e3 12.02e3 13.30e3 14.14e3 15.70e3 16.22e3 15.60e3 16.52e3 18.01e3 20.06e3 23.03e3 24.14e3 23.50e3 23.46e3 24.77e3 26.50e3 25.06e3 25.92e3 24.82e3 25.47e3 25.28e3 25.41e3 25.15e3 25.56e3 26.55e3 27.77e3 26.79e3 26.96e3 32.03e3 31.92e3 33.25e3 32.24e3 33.78e3 36.23e3 36.56e3 36.31e3 34.43e3 33.87e3 33.48e3 35.77e3 36.23e3 35.19e3 35.28e3 37.74e3 36.20e3 38.33e3 36.51e3 44.40e3 41.28e3 42.95e3 42.24e3 38.49e3 41.60e3 39.93e3 40.82e3 44.10e3 40.45e3 41.69e3 39.99e3 40.55e3 38.33e3 40.69e3 38.69e3 37.16e3 40.00e3 39.99e3 39.86e3 40.13e3 42.36e3 40.23e3 39.01e3 40.16e3 41.12e3 40.88e3 41.41e3 44.49e3 44.68e3 43.98e3 45.14e3 47.82e3 48.81e3 52.01e3 50.39e3 49.40e3 49.32e3 51.34e3 
   80.0e6  3.862e3 4.857e3 6.006e3 8.050e3 9.189e3 10.73e3 12.33e3 12.58e3 14.10e3 14.94e3 16.53e3 17.16e3 16.53e3 17.47e3 19.08e3 21.08e3 23.82e3 25.02e3 24.79e3 24.91e3 26.27e3 27.86e3 26.49e3 27.54e3 26.51e3 27.25e3 26.99e3 27.31e3 27.07e3 27.61e3 28.59e3 29.80e3 28.75e3 29.00e3 34.10e3 33.48e3 34.98e3 33.99e3 35.67e3 38.02e3 38.58e3 38.46e3 36.63e3 36.16e3 35.92e3 38.31e3 38.81e3 37.81e3 37.66e3 40.31e3 38.88e3 41.03e3 39.68e3 47.22e3 43.96e3 45.63e3 45.04e3 41.17e3 44.59e3 42.78e3 43.67e3 47.24e3 43.65e3 44.93e3 42.91e3 43.86e3 41.69e3 44.17e3 41.91e3 39.96e3 43.45e3 43.13e3 43.12e3 43.33e3 45.88e3 43.79e3 42.49e3 43.36e3 44.45e3 44.09e3 44.53e3 47.79e3 48.23e3 46.78e3 48.61e3 51.37e3 52.03e3 54.80e3 53.80e3 52.97e3 52.82e3 54.65e3 
   90.0e6  3.999e3 5.078e3 6.260e3 8.379e3 9.539e3 11.17e3 12.87e3 13.07e3 14.82e3 15.63e3 17.26e3 17.99e3 17.42e3 18.36e3 20.09e3 22.04e3 24.48e3 25.75e3 25.96e3 26.24e3 27.61e3 29.04e3 27.80e3 29.01e3 28.04e3 28.86e3 28.54e3 29.03e3 28.82e3 29.48e3 30.45e3 31.65e3 30.58e3 30.90e3 35.91e3 34.87e3 36.55e3 35.62e3 37.40e3 39.61e3 40.39e3 40.38e3 38.66e3 38.27e3 38.16e3 40.60e3 41.15e3 40.23e3 39.87e3 42.68e3 41.37e3 43.49e3 42.60e3 49.71e3 46.42e3 48.08e3 47.63e3 43.72e3 47.34e3 45.40e3 46.32e3 50.08e3 46.59e3 47.87e3 45.66e3 46.96e3 44.82e3 47.39e3 44.89e3 42.69e3 46.62e3 46.09e3 46.16e3 46.28e3 49.11e3 47.06e3 45.70e3 46.39e3 47.55e3 47.05e3 47.43e3 50.87e3 51.52e3 49.41e3 51.83e3 54.70e3 54.99e3 57.39e3 56.96e3 56.29e3 56.08e3 57.77e3 
   100.e6  4.102e3 5.275e3 6.494e3 8.671e3 9.861e3 11.56e3 13.34e3 13.53e3 15.47e3 16.23e3 17.91e3 18.73e3 18.25e3 19.21e3 21.03e3 22.93e3 25.04e3 26.36e3 27.04e3 27.44e3 28.79e3 30.09e3 29.01e3 30.35e3 29.43e3 30.31e3 29.96e3 30.61e3 30.44e3 31.17e3 32.13e3 33.34e3 32.30e3 32.68e3 37.52e3 36.12e3 38.01e3 37.17e3 39.00e3 41.06e3 42.01e3 42.11e3 40.54e3 40.22e3 40.22e3 42.67e3 43.29e3 42.47e3 41.94e3 44.89e3 43.69e3 45.76e3 45.29e3 51.89e3 48.70e3 50.34e3 50.02e3 46.15e3 49.88e3 47.81e3 48.79e3 52.67e3 49.29e3 50.56e3 48.26e3 49.84e3 47.73e3 50.37e3 47.68e3 45.33e3 49.54e3 48.88e3 49.00e3 49.02e3 52.08e3 50.08e3 48.67e3 49.25e3 50.44e3 49.80e3 50.17e3 53.75e3 54.57e3 51.92e3 54.83e3 57.82e3 57.74e3 59.84e3 59.90e3 59.38e3 59.11e3 60.74e3 
   110.e6  4.175e3 5.448e3 6.707e3 8.931e3 10.16e3 11.91e3 13.74e3 13.94e3 16.06e3 16.76e3 18.49e3 19.39e3 19.03e3 20.02e3 21.91e3 23.76e3 25.55e3 26.88e3 28.03e3 28.55e3 29.85e3 31.03e3 30.12e3 31.57e3 30.70e3 31.62e3 31.26e3 32.05e3 31.92e3 32.71e3 33.67e3 34.90e3 33.90e3 34.35e3 38.95e3 37.25e3 39.37e3 38.64e3 40.49e3 42.39e3 43.49e3 43.67e3 42.28e3 42.02e3 42.13e3 44.56e3 45.23e3 44.55e3 43.89e3 46.95e3 45.85e3 47.84e3 47.74e3 53.82e3 50.80e3 52.41e3 52.24e3 48.45e3 52.23e3 50.04e3 51.08e3 55.03e3 51.79e3 53.02e3 50.71e3 52.51e3 50.44e3 53.12e3 50.27e3 47.88e3 52.24e3 51.52e3 51.65e3 51.56e3 54.82e3 52.87e3 51.44e3 51.97e3 53.14e3 52.39e3 52.77e3 56.47e3 57.39e3 54.33e3 57.65e3 60.76e3 60.32e3 62.19e3 62.64e3 62.25e3 61.95e3 63.55e3 
   120.e6  4.226e3 5.602e3 6.903e3 9.164e3 10.43e3 12.23e3 14.09e3 14.32e3 16.58e3 17.23e3 19.01e3 19.97e3 19.77e3 20.79e3 22.73e3 24.54e3 26.01e3 27.35e3 28.95e3 29.56e3 30.80e3 31.87e3 31.15e3 32.67e3 31.86e3 32.82e3 32.46e3 33.37e3 33.28e3 34.11e3 35.07e3 36.32e3 35.41e3 35.91e3 40.25e3 38.30e3 40.65e3 40.05e3 41.91e3 43.63e3 44.82e3 45.10e3 43.89e3 43.69e3 43.88e3 46.29e3 47.01e3 46.48e3 45.72e3 48.86e3 47.87e3 49.76e3 49.98e3 55.52e3 52.75e3 54.32e3 54.31e3 50.62e3 54.41e3 52.10e3 53.22e3 57.19e3 54.10e3 55.29e3 53.02e3 54.97e3 52.96e3 55.67e3 52.69e3 50.34e3 54.74e3 54.03e3 54.13e3 53.93e3 57.33e3 55.44e3 54.00e3 54.53e3 55.65e3 54.84e3 55.24e3 59.03e3 60.02e3 56.66e3 60.29e3 63.51e3 62.76e3 64.46e3 65.19e3 64.94e3 64.60e3 66.20e3 
   130.e6  4.259e3 5.738e3 7.081e3 9.373e3 10.68e3 12.52e3 14.40e3 14.67e3 17.06e3 17.65e3 19.47e3 20.49e3 20.46e3 21.51e3 23.50e3 25.26e3 26.44e3 27.76e3 29.79e3 30.48e3 31.64e3 32.64e3 32.11e3 33.68e3 32.93e3 33.90e3 33.56e3 34.57e3 34.55e3 35.39e3 36.36e3 37.64e3 36.82e3 37.39e3 41.44e3 39.27e3 41.87e3 41.41e3 43.24e3 44.81e3 46.04e3 46.39e3 45.38e3 45.24e3 45.50e3 47.86e3 48.64e3 48.28e3 47.45e3 50.64e3 49.75e3 51.53e3 52.01e3 57.02e3 54.55e3 56.08e3 56.22e3 52.66e3 56.43e3 54.01e3 55.22e3 59.16e3 56.24e3 57.37e3 55.20e3 57.23e3 55.30e3 58.02e3 54.95e3 52.69e3 57.06e3 56.40e3 56.44e3 56.14e3 59.65e3 57.83e3 56.39e3 56.96e3 58.01e3 57.17e3 57.62e3 61.44e3 62.45e3 58.92e3 62.79e3 66.11e3 65.07e3 66.64e3 67.57e3 67.45e3 67.08e3 68.72e3 
   140.e6  4.277e3 5.858e3 7.244e3 9.560e3 10.91e3 12.78e3 14.66e3 15.00e3 17.50e3 18.03e3 19.89e3 20.96e3 21.12e3 22.20e3 24.21e3 25.94e3 26.84e3 28.13e3 30.57e3 31.33e3 32.41e3 33.34e3 32.99e3 34.60e3 33.90e3 34.89e3 34.57e3 35.68e3 35.71e3 36.55e3 37.55e3 38.85e3 38.14e3 38.77e3 42.54e3 40.17e3 43.03e3 42.71e3 44.51e3 45.92e3 47.14e3 47.58e3 46.77e3 46.68e3 46.99e3 49.30e3 50.13e3 49.95e3 49.09e3 52.29e3 51.51e3 53.16e3 53.86e3 58.34e3 56.21e3 57.71e3 58.01e3 54.58e3 58.30e3 55.78e3 57.08e3 60.98e3 58.21e3 59.30e3 57.25e3 59.30e3 57.49e3 60.19e3 57.05e3 54.95e3 59.24e3 58.64e3 58.60e3 58.21e3 61.79e3 60.03e3 58.61e3 59.24e3 60.20e3 59.39e3 59.89e3 63.72e3 64.72e3 61.12e3 65.16e3 68.54e3 67.28e3 68.76e3 69.79e3 69.79e3 69.40e3 71.09e3 
   150.e6  4.283e3 5.963e3 7.392e3 9.729e3 11.11e3 13.03e3 14.90e3 15.30e3 17.90e3 18.37e3 20.26e3 21.38e3 21.73e3 22.84e3 24.88e3 26.56e3 27.21e3 28.48e3 31.29e3 32.10e3 33.09e3 33.99e3 33.80e3 35.44e3 34.80e3 35.78e3 35.50e3 36.69e3 36.79e3 37.61e3 38.64e3 39.97e3 39.38e3 40.07e3 43.56e3 41.02e3 44.14e3 43.98e3 45.73e3 46.98e3 48.14e3 48.66e3 48.06e3 48.02e3 48.37e3 50.62e3 51.49e3 51.51e3 50.63e3 53.83e3 53.16e3 54.67e3 55.53e3 59.52e3 57.75e3 59.20e3 59.67e3 56.37e3 60.03e3 57.41e3 58.81e3 62.65e3 60.04e3 61.07e3 59.18e3 61.20e3 59.51e3 62.20e3 59.02e3 57.10e3 61.27e3 60.77e3 60.61e3 60.15e3 63.76e3 62.07e3 60.68e3 61.39e3 62.26e3 61.52e3 62.07e3 65.86e3 66.82e3 63.26e3 67.41e3 70.84e3 69.39e3 70.81e3 71.87e3 71.99e3 71.57e3 73.33e3 
   160.e6  4.280e3 6.056e3 7.527e3 9.881e3 11.31e3 13.24e3 15.10e3 15.58e3 18.25e3 18.67e3 20.59e3 21.75e3 22.30e3 23.45e3 25.50e3 27.15e3 27.57e3 28.80e3 31.96e3 32.81e3 33.71e3 34.58e3 34.55e3 36.20e3 35.62e3 36.59e3 36.35e3 37.61e3 37.78e3 38.58e3 39.64e3 41.01e3 40.55e3 41.29e3 44.52e3 41.83e3 45.21e3 45.20e3 46.89e3 47.99e3 49.06e3 49.65e3 49.26e3 49.26e3 49.65e3 51.83e3 52.74e3 52.96e3 52.08e3 55.26e3 54.69e3 56.06e3 57.06e3 60.56e3 59.18e3 60.58e3 61.22e3 58.06e3 61.63e3 58.92e3 60.43e3 64.18e3 61.73e3 62.72e3 61.00e3 62.93e3 61.40e3 64.06e3 60.86e3 59.15e3 63.18e3 62.80e3 62.48e3 61.96e3 65.58e3 63.96e3 62.61e3 63.42e3 64.18e3 63.55e3 64.16e3 67.89e3 68.77e3 65.35e3 69.54e3 72.99e3 71.41e3 72.78e3 73.81e3 74.03e3 73.61e3 75.45e3 
   170.e6  4.269e3 6.136e3 7.650e3 10.02e3 11.48e3 13.44e3 15.28e3 15.85e3 18.58e3 18.94e3 20.88e3 22.09e3 22.84e3 24.03e3 26.08e3 27.69e3 27.91e3 29.11e3 32.57e3 33.47e3 34.26e3 35.13e3 35.25e3 36.89e3 36.37e3 37.34e3 37.14e3 38.46e3 38.70e3 39.46e3 40.56e3 41.96e3 41.64e3 42.44e3 45.42e3 42.59e3 46.23e3 46.39e3 48.00e3 48.96e3 49.89e3 50.56e3 50.38e3 50.41e3 50.83e3 52.94e3 53.89e3 54.31e3 53.45e3 56.58e3 56.12e3 57.34e3 58.44e3 61.49e3 60.51e3 61.85e3 62.67e3 59.64e3 63.11e3 60.31e3 61.94e3 65.59e3 63.29e3 64.24e3 62.71e3 64.52e3 63.15e3 65.77e3 62.57e3 61.10e3 64.99e3 64.72e3 64.23e3 63.67e3 67.25e3 65.72e3 64.41e3 65.32e3 65.98e3 65.50e3 66.17e3 69.79e3 70.58e3 67.37e3 71.56e3 75.03e3 73.36e3 74.69e3 75.62e3 75.95e3 75.51e3 77.44e3 
   180.e6  4.253e3 6.207e3 7.761e3 10.14e3 11.63e3 13.63e3 15.43e3 16.09e3 18.87e3 19.18e3 21.14e3 22.39e3 23.35e3 24.57e3 26.61e3 28.19e3 28.24e3 29.39e3 33.14e3 34.07e3 34.77e3 35.64e3 35.89e3 37.52e3 37.06e3 38.01e3 37.86e3 39.23e3 39.56e3 40.25e3 41.41e3 42.84e3 42.67e3 43.52e3 46.27e3 43.32e3 47.21e3 47.54e3 49.07e3 49.88e3 50.65e3 51.39e3 51.41e3 51.48e3 51.91e3 53.96e3 54.95e3 55.58e3 54.73e3 57.81e3 57.46e3 58.53e3 59.70e3 62.32e3 61.73e3 63.03e3 64.01e3 61.11e3 64.48e3 61.60e3 63.34e3 66.90e3 64.74e3 65.64e3 64.32e3 65.96e3 64.78e3 67.35e3 64.17e3 62.95e3 66.69e3 66.54e3 65.86e3 65.27e3 68.80e3 67.35e3 66.08e3 67.10e3 67.66e3 67.37e3 68.09e3 71.59e3 72.27e3 69.35e3 73.49e3 76.94e3 75.23e3 76.52e3 77.31e3 77.74e3 77.30e3 79.33e3 
   200.e6  4.207e3 6.320e3 7.954e3 10.35e3 11.90e3 13.94e3 15.68e3 16.53e3 19.38e3 19.59e3 21.57e3 22.89e3 24.26e3 25.55e3 27.58e3 29.09e3 28.84e3 29.93e3 34.14e3 35.12e3 35.65e3 36.54e3 37.02e3 38.61e3 38.26e3 39.18e3 39.14e3 40.58e3 41.07e3 41.64e3 42.92e3 44.41e3 44.53e3 45.49e3 47.87e3 44.68e3 49.06e3 49.74e3 51.08e3 51.62e3 51.97e3 52.85e3 53.27e3 53.40e3 53.85e3 55.76e3 56.80e3 57.85e3 57.07e3 59.99e3 59.88e3 60.63e3 61.87e3 63.73e3 63.92e3 65.11e3 66.44e3 63.79e3 66.92e3 63.90e3 65.87e3 69.22e3 67.32e3 68.15e3 67.25e3 68.47e3 67.70e3 70.17e3 67.06e3 66.38e3 69.86e3 69.93e3 68.79e3 68.19e3 71.52e3 70.27e3 69.10e3 70.33e3 70.72e3 70.88e3 71.72e3 74.88e3 75.30e3 73.13e3 77.06e3 80.45e3 78.76e3 79.99e3 80.37e3 80.99e3 80.55e3 82.78e3 
   225.e6  4.135e3 6.420e3 8.146e3 10.56e3 12.16e3 14.25e3 15.92e3 17.00e3 19.87e3 19.99e3 21.97e3 23.38e3 25.24e3 26.61e3 28.61e3 30.03e3 29.51e3 30.53e3 35.18e3 36.20e3 36.55e3 37.51e3 38.19e3 39.70e3 39.50e3 40.36e3 40.45e3 41.96e3 42.66e3 43.04e3 44.49e3 46.05e3 46.54e3 47.64e3 49.69e3 46.24e3 51.18e3 52.31e3 53.39e3 53.60e3 53.30e3 54.36e3 55.24e3 55.42e3 55.87e3 57.63e3 58.72e3 60.28e3 59.58e3 62.28e3 62.47e3 62.83e3 64.04e3 65.11e3 66.23e3 67.29e3 69.04e3 66.68e3 69.48e3 66.29e3 68.56e3 71.66e3 70.02e3 70.80e3 70.45e3 71.01e3 70.79e3 73.11e3 70.16e3 70.18e3 73.44e3 73.72e3 71.90e3 71.39e3 74.36e3 73.38e3 72.32e3 73.81e3 74.04e3 74.89e3 75.85e3 78.46e3 78.53e3 77.55e3 81.07e3 84.31e3 82.83e3 83.94e3 83.65e3 84.49e3 84.07e3 86.58e3 
   250.e6  4.116e3 6.523e3 8.293e3 10.72e3 12.39e3 14.54e3 16.17e3 17.45e3 20.29e3 20.36e3 22.36e3 23.82e3 26.07e3 27.53e3 29.45e3 30.82e3 30.32e3 31.18e3 36.08e3 37.12e3 37.41e3 38.43e3 39.28e3 40.66e3 40.60e3 41.40e3 41.65e3 43.22e3 44.03e3 44.30e3 45.93e3 47.43e3 48.27e3 49.46e3 51.12e3 47.67e3 53.10e3 54.56e3 55.48e3 55.39e3 54.62e3 55.80e3 57.07e3 57.26e3 57.74e3 59.38e3 60.44e3 62.47e3 61.90e3 64.37e3 64.80e3 64.84e3 65.80e3 66.26e3 68.32e3 69.30e3 71.46e3 69.27e3 71.88e3 68.55e3 71.04e3 73.84e3 72.47e3 73.27e3 73.24e3 73.26e3 73.52e3 75.75e3 73.00e3 73.53e3 76.62e3 77.15e3 74.72e3 74.36e3 76.99e3 76.15e3 75.29e3 76.94e3 77.03e3 78.47e3 79.46e3 81.74e3 81.46e3 81.51e3 84.47e3 87.52e3 86.50e3 87.48e3 86.72e3 87.77e3 87.34e3 90.03e3 
   275.e6  4.191e3 6.667e3 8.342e3 10.79e3 12.63e3 14.80e3 16.55e3 17.90e3 20.60e3 20.74e3 22.83e3 24.27e3 26.66e3 28.18e3 29.93e3 31.32e3 31.59e3 31.84e3 36.74e3 37.75e3 38.23e3 39.30e3 40.40e3 41.53e3 41.56e3 42.31e3 42.85e3 44.49e3 45.11e3 45.60e3 47.37e3 48.43e3 49.52e3 50.69e3 51.41e3 48.76e3 54.52e3 55.90e3 57.08e3 56.72e3 56.19e3 57.38e3 58.91e3 58.97e3 59.65e3 61.28e3 62.06e3 64.47e3 64.16e3 66.41e3 66.91e3 66.82e3 66.97e3 67.03e3 70.25e3 71.29e3 73.85e3 71.63e3 74.18e3 71.02e3 73.47e3 75.82e3 74.87e3 75.88e3 75.43e3 75.56e3 76.04e3 78.32e3 75.81e3 76.24e3 78.91e3 80.03e3 77.47e3 77.35e3 79.92e3 78.71e3 78.31e3 79.91e3 79.74e3 81.26e3 82.01e3 84.88e3 84.31e3 84.34e3 86.53e3 89.43e3 89.20e3 90.12e3 89.84e3 91.15e3 90.60e3 93.14e3 
   300.e6  4.181e3 6.714e3 8.307e3 10.74e3 12.73e3 14.91e3 16.74e3 18.15e3 20.69e3 20.90e3 23.06e3 24.48e3 26.97e3 28.53e3 30.13e3 31.52e3 32.43e3 32.25e3 37.03e3 38.02e3 38.66e3 39.83e3 41.08e3 41.98e3 42.13e3 42.82e3 43.60e3 45.31e3 45.79e3 46.47e3 48.33e3 49.01e3 50.32e3 51.47e3 51.52e3 49.48e3 55.43e3 56.74e3 58.12e3 57.55e3 57.24e3 58.45e3 60.15e3 60.12e3 60.95e3 62.58e3 63.13e3 65.84e3 65.76e3 67.80e3 68.38e3 68.16e3 67.69e3 67.40e3 71.56e3 72.64e3 75.52e3 73.34e3 75.76e3 72.78e3 75.17e3 77.12e3 76.56e3 77.74e3 76.97e3 77.20e3 77.84e3 80.14e3 77.89e3 78.26e3 80.50e3 82.17e3 79.56e3 79.63e3 82.09e3 80.61e3 80.61e3 82.12e3 81.75e3 83.35e3 83.90e3 87.21e3 86.37e3 86.46e3 88.15e3 90.81e3 91.23e3 92.06e3 92.18e3 93.68e3 93.04e3 95.47e3 
   325.e6  4.087e3 6.700e3 8.321e3 10.75e3 12.84e3 15.03e3 16.84e3 18.34e3 20.82e3 21.01e3 23.25e3 24.69e3 27.33e3 28.94e3 30.39e3 31.82e3 32.78e3 32.65e3 37.39e3 38.39e3 39.07e3 40.41e3 41.65e3 42.40e3 42.72e3 43.35e3 44.26e3 46.03e3 46.52e3 47.29e3 49.08e3 49.68e3 51.14e3 52.30e3 52.31e3 50.24e3 56.30e3 57.62e3 59.11e3 58.35e3 58.14e3 59.46e3 61.21e3 61.13e3 62.01e3 63.66e3 64.21e3 67.05e3 67.17e3 69.01e3 69.72e3 69.30e3 68.85e3 68.19e3 72.78e3 73.87e3 76.90e3 74.90e3 77.08e3 74.18e3 76.59e3 78.24e3 78.01e3 79.25e3 78.48e3 78.70e3 79.41e3 81.63e3 79.59e3 80.08e3 81.91e3 84.12e3 81.50e3 81.54e3 83.85e3 82.37e3 82.59e3 83.90e3 83.54e3 85.22e3 85.79e3 89.27e3 88.16e3 88.54e3 90.71e3 92.95e3 93.45e3 94.14e3 94.38e3 95.83e3 95.20e3 97.61e3 
   350.e6  4.002e3 6.677e3 8.321e3 10.73e3 12.91e3 15.11e3 16.91e3 18.50e3 20.90e3 21.10e3 23.38e3 24.84e3 27.61e3 29.25e3 30.58e3 32.03e3 33.06e3 33.01e3 37.65e3 38.67e3 39.39e3 40.89e3 42.09e3 42.71e3 43.18e3 43.77e3 44.78e3 46.60e3 47.10e3 47.96e3 49.70e3 50.22e3 51.79e3 52.97e3 53.04e3 50.93e3 57.00e3 58.33e3 59.89e3 59.01e3 58.89e3 60.29e3 62.07e3 61.96e3 62.87e3 64.56e3 65.09e3 68.05e3 68.32e3 70.00e3 70.83e3 70.24e3 69.83e3 68.88e3 73.79e3 74.89e3 78.05e3 76.22e3 78.15e3 75.33e3 77.75e3 79.15e3 79.21e3 80.50e3 79.72e3 79.97e3 80.69e3 82.84e3 81.02e3 81.61e3 83.08e3 85.75e3 83.16e3 83.18e3 85.31e3 83.88e3 84.29e3 85.39e3 85.06e3 86.82e3 87.40e3 91.00e3 89.69e3 90.31e3 92.97e3 94.81e3 95.36e3 95.90e3 96.26e3 97.66e3 97.04e3 99.46e3 
   375.e6  3.926e3 6.647e3 8.311e3 10.70e3 12.94e3 15.17e3 16.97e3 18.63e3 20.94e3 21.15e3 23.46e3 24.95e3 27.82e3 29.48e3 30.71e3 32.17e3 33.28e3 33.32e3 37.83e3 38.87e3 39.62e3 41.30e3 42.42e3 42.93e3 43.54e3 44.10e3 45.19e3 47.05e3 47.57e3 48.51e3 50.18e3 50.65e3 52.31e3 53.50e3 53.70e3 51.54e3 57.55e3 58.89e3 60.50e3 59.53e3 59.50e3 60.97e3 62.77e3 62.62e3 63.58e3 65.29e3 65.80e3 68.86e3 69.24e3 70.79e3 71.74e3 71.00e3 70.67e3 69.49e3 74.62e3 75.73e3 79.00e3 77.33e3 79.01e3 76.28e3 78.70e3 79.89e3 80.19e3 81.54e3 80.74e3 81.03e3 81.75e3 83.82e3 82.21e3 82.87e3 84.04e3 87.12e3 84.58e3 84.59e3 86.52e3 85.16e3 85.74e3 86.62e3 86.36e3 88.17e3 88.77e3 92.43e3 90.98e3 91.82e3 94.96e3 96.42e3 97.00e3 97.39e3 97.85e3 99.21e3 98.60e3 101.0e3 
   400.e6  3.858e3 6.611e3 8.293e3 10.67e3 12.95e3 15.20e3 17.00e3 18.74e3 20.94e3 21.18e3 23.51e3 25.02e3 27.96e3 29.66e3 30.77e3 32.25e3 33.44e3 33.58e3 37.94e3 39.01e3 39.77e3 41.63e3 42.65e3 43.06e3 43.82e3 44.34e3 45.51e3 47.40e3 47.92e3 48.94e3 50.56e3 50.98e3 52.71e3 53.90e3 54.31e3 52.09e3 57.99e3 59.32e3 60.97e3 59.95e3 59.99e3 61.52e3 63.32e3 63.14e3 64.14e3 65.88e3 66.38e3 69.51e3 69.96e3 71.41e3 72.49e3 71.60e3 71.37e3 70.03e3 75.30e3 76.42e3 79.78e3 78.26e3 79.69e3 77.05e3 79.47e3 80.50e3 80.98e3 82.40e3 81.58e3 81.94e3 82.61e3 84.61e3 83.20e3 83.92e3 84.84e3 88.24e3 85.78e3 85.78e3 87.52e3 86.26e3 86.97e3 87.64e3 87.48e3 89.32e3 89.93e3 93.61e3 92.09e3 93.08e3 96.72e3 97.82e3 98.41e3 98.64e3 99.21e3 100.5e3 99.92e3 102.4e3 
   450.e6  3.742e3 6.528e3 8.237e3 10.57e3 12.91e3 15.19e3 17.03e3 18.87e3 20.86e3 21.18e3 23.49e3 25.07e3 28.11e3 29.84e3 30.77e3 32.27e3 33.62e3 33.97e3 37.98e3 39.12e3 39.90e3 42.10e3 42.88e3 43.16e3 44.15e3 44.64e3 45.90e3 47.87e3 48.38e3 49.55e3 51.06e3 51.41e3 53.21e3 54.43e3 55.37e3 53.01e3 58.55e3 59.88e3 61.53e3 60.55e3 60.70e3 62.31e3 64.07e3 63.86e3 64.94e3 66.72e3 67.19e3 70.41e3 70.91e3 72.25e3 73.54e3 72.45e3 72.49e3 70.94e3 76.28e3 77.42e3 80.92e3 79.67e3 80.62e3 78.17e3 80.55e3 81.37e3 82.12e3 83.64e3 82.79e3 83.33e3 83.84e3 85.71e3 84.69e3 85.45e3 86.04e3 89.90e3 87.63e3 87.66e3 88.99e3 87.99e3 88.89e3 89.16e3 89.25e3 91.10e3 91.75e3 95.35e3 93.82e3 95.03e3 99.60e3 100.1e3 100.6e3 100.6e3 101.3e3 102.5e3 102.0e3 104.5e3 
   500.e6  3.647e3 6.435e3 8.163e3 10.46e3 12.81e3 15.11e3 17.00e3 18.93e3 20.70e3 21.13e3 23.38e3 25.02e3 28.11e3 29.85e3 30.64e3 32.14e3 33.64e3 34.20e3 37.86e3 39.08e3 39.86e3 42.37e3 42.87e3 43.07e3 44.26e3 44.76e3 46.07e3 48.09e3 48.57e3 49.87e3 51.27e3 51.61e3 53.42e3 54.66e3 56.23e3 53.73e3 58.80e3 60.12e3 61.72e3 60.89e3 61.12e3 62.77e3 64.45e3 64.23e3 65.40e3 67.20e3 67.65e3 70.90e3 71.34e3 72.67e3 74.14e3 72.92e3 73.30e3 71.67e3 76.88e3 78.05e3 81.61e3 80.61e3 81.11e3 78.85e3 81.19e3 81.90e3 82.80e3 84.40e3 83.55e3 84.30e3 84.58e3 86.35e3 85.66e3 86.41e3 86.86e3 90.95e3 88.86e3 88.97e3 89.90e3 89.24e3 90.22e3 90.15e3 90.53e3 92.36e3 93.03e3 96.42e3 95.05e3 96.35e3 101.8e3 101.8e3 102.2e3 101.8e3 102.8e3 103.9e3 103.4e3 106.0e3 
   550.e6  3.568e3 6.336e3 8.077e3 10.32e3 12.67e3 14.99e3 16.94e3 18.93e3 20.50e3 21.05e3 23.20e3 24.92e3 27.99e3 29.74e3 30.42e3 31.92e3 33.55e3 34.28e3 37.62e3 38.93e3 39.69e3 42.46e3 42.70e3 42.86e3 44.22e3 44.74e3 46.06e3 48.13e3 48.56e3 49.98e3 51.28e3 51.64e3 53.40e3 54.65e3 56.92e3 54.28e3 58.83e3 60.13e3 61.64e3 61.05e3 61.32e3 62.97e3 64.55e3 64.35e3 65.61e3 67.40e3 67.84e3 71.07e3 71.39e3 72.80e3 74.40e3 73.10e3 73.88e3 72.24e3 77.19e3 78.39e3 81.97e3 81.19e3 81.29e3 79.21e3 81.49e3 82.19e3 83.15e3 84.79e3 83.96e3 84.94e3 84.95e3 86.66e3 86.25e3 86.92e3 87.39e3 91.53e3 89.61e3 89.86e3 90.39e3 90.12e3 91.11e3 90.76e3 91.45e3 93.23e3 93.92e3 97.00e3 95.90e3 97.19e3 103.4e3 103.0e3 103.2e3 102.6e3 103.7e3 104.7e3 104.4e3 107.1e3 
   600.e6  3.500e3 6.233e3 7.985e3 10.18e3 12.50e3 14.83e3 16.84e3 18.88e3 20.27e3 20.93e3 22.97e3 24.77e3 27.79e3 29.55e3 30.14e3 31.63e3 33.36e3 34.23e3 37.28e3 38.70e3 39.43e3 42.42e3 42.41e3 42.57e3 44.05e3 44.63e3 45.92e3 48.03e3 48.40e3 49.92e3 51.12e3 51.54e3 53.21e3 54.48e3 57.45e3 54.66e3 58.69e3 59.97e3 61.36e3 61.08e3 61.37e3 62.98e3 64.44e3 64.29e3 65.63e3 67.39e3 67.84e3 71.00e3 71.16e3 72.70e3 74.39e3 73.08e3 74.28e3 72.67e3 77.29e3 78.52e3 82.08e3 81.49e3 81.23e3 79.34e3 81.54e3 82.30e3 83.25e3 84.90e3 84.13e3 85.34e3 85.06e3 86.74e3 86.55e3 87.12e3 87.72e3 91.77e3 89.99e3 90.41e3 90.58e3 90.71e3 91.65e3 91.08e3 92.08e3 93.78e3 94.49e3 97.20e3 96.45e3 97.65e3 104.5e3 103.9e3 103.9e3 103.1e3 104.3e3 105.2e3 105.0e3 107.7e3 
   650.e6  3.441e3 6.129e3 7.888e3 10.04e3 12.32e3 14.64e3 16.71e3 18.79e3 20.03e3 20.80e3 22.71e3 24.58e3 27.54e3 29.28e3 29.81e3 31.30e3 33.11e3 34.09e3 36.89e3 38.42e3 39.12e3 42.26e3 42.04e3 42.22e3 43.80e3 44.44e3 45.70e3 47.83e3 48.14e3 49.74e3 50.85e3 51.34e3 52.90e3 54.19e3 57.82e3 54.91e3 58.43e3 59.69e3 60.94e3 61.00e3 61.28e3 62.85e3 64.17e3 64.08e3 65.50e3 67.21e3 67.68e3 70.75e3 70.74e3 72.44e3 74.17e3 72.91e3 74.54e3 72.98e3 77.22e3 78.49e3 81.99e3 81.58e3 81.01e3 79.30e3 81.41e3 82.26e3 83.17e3 84.80e3 84.11e3 85.54e3 84.98e3 86.64e3 86.63e3 87.06e3 87.89e3 91.74e3 90.06e3 90.69e3 90.53e3 91.08e3 91.93e3 91.19e3 92.48e3 94.11e3 94.83e3 97.12e3 96.78e3 97.83e3 105.3e3 104.5e3 104.2e3 103.2e3 104.6e3 105.5e3 105.3e3 108.0e3 
   700.e6  3.387e3 6.024e3 7.788e3 9.891e3 12.14e3 14.45e3 16.56e3 18.67e3 19.78e3 20.66e3 22.43e3 24.37e3 27.24e3 28.97e3 29.45e3 30.93e3 32.82e3 33.85e3 36.46e3 38.09e3 38.75e3 42.02e3 41.61e3 41.83e3 43.49e3 44.20e3 45.41e3 47.56e3 47.79e3 49.47e3 50.49e3 51.07e3 52.51e3 53.80e3 58.06e3 55.05e3 58.07e3 59.31e3 60.41e3 60.84e3 61.10e3 62.60e3 63.78e3 63.78e3 65.28e3 66.90e3 67.42e3 70.37e3 70.19e3 72.06e3 73.81e3 72.63e3 74.69e3 73.18e3 77.04e3 78.34e3 81.76e3 81.49e3 80.67e3 79.12e3 81.15e3 82.12e3 82.96e3 84.54e3 83.95e3 85.59e3 84.75e3 86.41e3 86.54e3 86.83e3 87.93e3 91.52e3 89.90e3 90.75e3 90.31e3 91.28e3 91.99e3 91.14e3 92.70e3 94.25e3 94.98e3 96.84e3 96.92e3 97.79e3 105.7e3 104.9e3 104.3e3 103.1e3 104.6e3 105.4e3 105.3e3 108.1e3 
   800.e6  3.288e3 5.815e3 7.587e3 9.593e3 11.77e3 14.02e3 16.21e3 18.35e3 19.27e3 20.33e3 21.83e3 23.90e3 26.56e3 28.27e3 28.68e3 30.14e3 32.15e3 33.20e3 35.52e3 37.36e3 37.95e3 41.33e3 40.66e3 41.00e3 42.75e3 43.61e3 44.69e3 46.85e3 46.95e3 48.73e3 49.57e3 50.40e3 51.53e3 52.83e3 58.16e3 55.02e3 57.19e3 58.39e3 59.16e3 60.33e3 60.54e3 61.87e3 62.75e3 62.97e3 64.60e3 66.02e3 66.66e3 69.31e3 68.84e3 71.09e3 72.76e3 71.82e3 74.69e3 73.27e3 76.39e3 77.76e3 80.97e3 80.95e3 79.73e3 78.51e3 80.34e3 81.58e3 82.25e3 83.68e3 83.34e3 85.34e3 84.01e3 85.71e3 86.01e3 85.99e3 87.73e3 90.68e3 89.05e3 90.42e3 89.51e3 91.26e3 91.66e3 90.70e3 92.72e3 94.11e3 94.86e3 95.87e3 96.79e3 97.24e3 105.8e3 105.1e3 103.9e3 102.5e3 104.2e3 104.9e3 105.0e3 107.7e3 
   900.e6  3.194e3 5.609e3 7.386e3 9.302e3 11.41e3 13.59e3 15.81e3 17.97e3 18.76e3 19.98e3 21.21e3 23.40e3 25.83e3 27.51e3 27.89e3 29.32e3 31.42e3 32.40e3 34.54e3 36.58e3 37.10e3 40.46e3 39.65e3 40.13e3 41.91e3 42.92e3 43.87e3 46.02e3 45.98e3 47.82e3 48.50e3 49.60e3 50.42e3 51.72e3 57.85e3 54.68e3 56.17e3 57.34e3 57.79e3 59.64e3 59.78e3 60.93e3 61.54e3 62.01e3 63.72e3 64.88e3 65.70e3 68.03e3 67.36e3 69.96e3 71.45e3 70.83e3 74.37e3 73.02e3 75.51e3 76.93e3 79.90e3 80.05e3 78.61e3 77.68e3 79.32e3 80.81e3 81.30e3 82.53e3 82.48e3 84.75e3 83.03e3 84.80e3 85.16e3 84.87e3 87.23e3 89.52e3 87.76e3 89.64e3 88.42e3 90.83e3 90.92e3 89.98e3 92.31e3 93.57e3 94.33e3 94.59e3 96.25e3 96.27e3 105.1e3 104.7e3 102.9e3 101.5e3 103.3e3 104.0e3 104.1e3 106.8e3 
   1.00e9  3.100e3 5.409e3 7.188e3 9.021e3 11.08e3 13.17e3 15.39e3 17.55e3 18.27e3 19.60e3 20.60e3 22.87e3 25.09e3 26.73e3 27.11e3 28.51e3 30.69e3 31.53e3 33.56e3 35.77e3 36.23e3 39.49e3 38.65e3 39.27e3 41.02e3 42.17e3 43.01e3 45.10e3 44.97e3 46.83e3 47.36e3 48.74e3 49.25e3 50.55e3 57.22e3 54.12e3 55.10e3 56.24e3 56.39e3 58.82e3 58.90e3 59.88e3 60.23e3 60.97e3 62.73e3 63.61e3 64.64e3 66.63e3 65.88e3 68.75e3 70.00e3 69.74e3 73.81e3 72.49e3 74.48e3 75.94e3 78.66e3 78.94e3 77.40e3 76.72e3 78.17e3 79.88e3 80.22e3 81.24e3 81.46e3 83.91e3 81.93e3 83.76e3 84.12e3 83.60e3 86.51e3 88.19e3 86.20e3 88.58e3 87.19e3 90.12e3 89.92e3 89.07e3 91.60e3 92.76e3 93.53e3 93.17e3 95.44e3 95.07e3 103.9e3 103.8e3 101.6e3 100.2e3 102.1e3 102.7e3 103.0e3 105.5e3 
   1.10e9  3.004e3 5.215e3 6.994e3 8.753e3 10.76e3 12.76e3 14.94e3 17.10e3 17.79e3 19.21e3 20.01e3 22.34e3 24.36e3 25.97e3 26.35e3 27.71e3 29.98e3 30.65e3 32.61e3 34.95e3 35.38e3 38.46e3 37.67e3 38.43e3 40.13e3 41.39e3 42.13e3 44.15e3 43.95e3 45.80e3 46.19e3 47.85e3 48.06e3 49.36e3 56.33e3 53.40e3 54.00e3 55.12e3 55.00e3 57.90e3 57.95e3 58.77e3 58.89e3 59.90e3 61.67e3 62.25e3 63.51e3 65.19e3 64.47e3 67.51e3 68.50e3 68.61e3 73.04e3 71.72e3 73.36e3 74.84e3 77.33e3 77.69e3 76.14e3 75.69e3 76.96e3 78.83e3 79.06e3 79.88e3 80.36e3 82.90e3 80.76e3 82.63e3 82.97e3 82.28e3 85.60e3 86.77e3 84.51e3 87.35e3 85.89e3 89.19e3 88.75e3 88.04e3 90.67e3 91.76e3 92.53e3 91.70e3 94.43e3 93.73e3 102.4e3 102.7e3 100.1e3 98.80e3 100.7e3 101.3e3 101.6e3 104.0e3 
   1.20e9  2.905e3 5.027e3 6.804e3 8.499e3 10.47e3 12.37e3 14.50e3 16.64e3 17.33e3 18.80e3 19.44e3 21.81e3 23.66e3 25.22e3 25.61e3 26.95e3 29.29e3 29.80e3 31.70e3 34.14e3 34.55e3 37.42e3 36.74e3 37.62e3 39.24e3 40.59e3 41.24e3 43.18e3 42.94e3 44.76e3 45.02e3 46.94e3 46.90e3 48.18e3 55.26e3 52.57e3 52.91e3 54.01e3 53.66e3 56.91e3 56.95e3 57.63e3 57.55e3 58.83e3 60.58e3 60.87e3 62.37e3 63.74e3 63.15e3 66.28e3 66.99e3 67.45e3 72.09e3 70.77e3 72.17e3 73.66e3 75.93e3 76.34e3 74.88e3 74.60e3 75.73e3 77.69e3 77.86e3 78.49e3 79.19e3 81.76e3 79.56e3 81.45e3 81.74e3 80.95e3 84.55e3 85.33e3 82.77e3 86.01e3 84.58e3 88.11e3 87.48e3 86.93e3 89.56e3 90.61e3 91.39e3 90.25e3 93.28e3 92.32e3 100.6e3 101.3e3 98.41e3 97.31e3 99.14e3 99.83e3 100.1e3 102.4e3 
   1.30e9  2.806e3 4.845e3 6.619e3 8.259e3 10.19e3 12.01e3 14.06e3 16.17e3 16.87e3 18.38e3 18.90e3 21.28e3 22.98e3 24.51e3 24.91e3 26.21e3 28.63e3 28.99e3 30.82e3 33.34e3 33.74e3 36.39e3 35.86e3 36.83e3 38.36e3 39.78e3 40.37e3 42.21e3 41.96e3 43.72e3 43.88e3 46.04e3 45.77e3 47.03e3 54.05e3 51.66e3 51.83e3 52.93e3 52.38e3 55.87e3 55.92e3 56.50e3 56.24e3 57.77e3 59.47e3 59.47e3 61.21e3 62.31e3 61.92e3 65.06e3 65.50e3 66.29e3 70.99e3 69.68e3 70.95e3 72.43e3 74.51e3 74.95e3 73.61e3 73.50e3 74.48e3 76.48e3 76.63e3 77.11e3 77.98e3 80.52e3 78.35e3 80.23e3 80.46e3 79.65e3 83.37e3 83.89e3 81.03e3 84.61e3 83.28e3 86.90e3 86.15e3 85.75e3 88.34e3 89.36e3 90.13e3 88.84e3 92.01e3 90.89e3 98.63e3 99.72e3 96.68e3 95.79e3 97.56e3 98.27e3 98.53e3 100.7e3 
   1.40e9  2.705e3 4.671e3 6.439e3 8.033e3 9.930e3 11.67e3 13.62e3 15.71e3 16.43e3 17.96e3 18.38e3 20.76e3 22.33e3 23.83e3 24.24e3 25.51e3 28.00e3 28.25e3 29.99e3 32.56e3 32.96e3 35.38e3 35.02e3 36.07e3 37.51e3 38.96e3 39.51e3 41.24e3 41.01e3 42.71e3 42.77e3 45.14e3 44.67e3 45.92e3 52.74e3 50.70e3 50.78e3 51.87e3 51.16e3 54.79e3 54.88e3 55.38e3 54.96e3 56.72e3 58.35e3 58.10e3 60.06e3 60.93e3 60.78e3 63.87e3 64.05e3 65.14e3 69.78e3 68.48e3 69.70e3 71.17e3 73.09e3 73.53e3 72.36e3 72.37e3 73.24e3 75.23e3 75.38e3 75.75e3 76.74e3 79.21e3 77.14e3 78.97e3 79.16e3 78.37e3 82.09e3 82.46e3 79.33e3 83.18e3 81.99e3 85.60e3 84.79e3 84.52e3 87.02e3 88.04e3 88.80e3 87.47e3 90.66e3 89.46e3 96.58e3 98.00e3 94.93e3 94.25e3 95.95e3 96.67e3 96.90e3 98.94e3 
   1.50e9  2.605e3 4.505e3 6.264e3 7.819e3 9.682e3 11.35e3 13.21e3 15.25e3 15.99e3 17.53e3 17.89e3 20.25e3 21.72e3 23.18e3 23.60e3 24.85e3 27.40e3 27.58e3 29.21e3 31.79e3 32.20e3 34.40e3 34.22e3 35.34e3 36.68e3 38.14e3 38.66e3 40.28e3 40.10e3 41.73e3 41.71e3 44.25e3 43.62e3 44.86e3 51.39e3 49.72e3 49.76e3 50.84e3 50.01e3 53.69e3 53.83e3 54.28e3 53.73e3 55.69e3 57.23e3 56.76e3 58.92e3 59.59e3 59.73e3 62.69e3 62.65e3 64.00e3 68.48e3 67.20e3 68.44e3 69.88e3 71.67e3 72.10e3 71.13e3 71.24e3 72.01e3 73.95e3 74.13e3 74.42e3 75.49e3 77.85e3 75.93e3 77.70e3 77.84e3 77.13e3 80.74e3 81.05e3 77.69e3 81.74e3 80.74e3 84.24e3 83.42e3 83.26e3 85.63e3 86.65e3 87.41e3 86.16e3 89.25e3 88.04e3 94.49e3 96.18e3 93.18e3 92.72e3 94.32e3 95.06e3 95.25e3 97.18e3 
   1.60e9  2.506e3 4.345e3 6.093e3 7.617e3 9.444e3 11.05e3 12.80e3 14.81e3 15.56e3 17.11e3 17.43e3 19.75e3 21.14e3 22.56e3 23.00e3 24.22e3 26.82e3 26.96e3 28.47e3 31.04e3 31.47e3 33.46e3 33.47e3 34.64e3 35.88e3 37.32e3 37.84e3 39.35e3 39.23e3 40.78e3 40.69e3 43.38e3 42.62e3 43.84e3 50.01e3 48.72e3 48.76e3 49.85e3 48.92e3 52.58e3 52.78e3 53.21e3 52.56e3 54.69e3 56.12e3 55.45e3 57.81e3 58.30e3 58.74e3 61.54e3 61.31e3 62.88e3 67.11e3 65.87e3 67.18e3 68.58e3 70.26e3 70.68e3 69.91e3 70.09e3 70.79e3 72.64e3 72.87e3 73.13e3 74.22e3 76.46e3 74.73e3 76.41e3 76.52e3 75.93e3 79.33e3 79.67e3 76.12e3 80.30e3 79.52e3 82.83e3 82.04e3 81.97e3 84.20e3 85.22e3 85.97e3 84.89e3 87.79e3 86.65e3 92.39e3 94.29e3 91.44e3 91.21e3 92.71e3 93.46e3 93.58e3 95.43e3 
   1.70e9  2.410e3 4.194e3 5.927e3 7.426e3 9.215e3 10.78e3 12.42e3 14.38e3 15.15e3 16.69e3 16.99e3 19.27e3 20.59e3 21.98e3 22.42e3 23.62e3 26.27e3 26.42e3 27.76e3 30.32e3 30.77e3 32.57e3 32.76e3 33.96e3 35.10e3 36.52e3 37.03e3 38.43e3 38.40e3 39.86e3 39.72e3 42.52e3 41.67e3 42.87e3 48.63e3 47.74e3 47.80e3 48.88e3 47.88e3 51.46e3 51.74e3 52.17e3 51.43e3 53.70e3 55.03e3 54.19e3 56.71e3 57.06e3 57.81e3 60.41e3 60.02e3 61.77e3 65.69e3 64.52e3 65.93e3 67.28e3 68.88e3 69.28e3 68.71e3 68.95e3 69.59e3 71.33e3 71.62e3 71.88e3 72.96e3 75.05e3 73.54e3 75.10e3 75.20e3 74.76e3 77.88e3 78.31e3 74.62e3 78.89e3 78.32e3 81.38e3 80.67e3 80.66e3 82.74e3 83.77e3 84.52e3 83.66e3 86.31e3 85.28e3 90.30e3 92.35e3 89.73e3 89.71e3 91.10e3 91.86e3 91.91e3 93.70e3 
   1.80e9  2.316e3 4.049e3 5.767e3 7.245e3 8.993e3 10.51e3 12.06e3 13.96e3 14.74e3 16.27e3 16.57e3 18.80e3 20.06e3 21.42e3 21.88e3 23.05e3 25.73e3 25.92e3 27.10e3 29.61e3 30.10e3 31.72e3 32.08e3 33.29e3 34.34e3 35.73e3 36.24e3 37.53e3 37.59e3 38.98e3 38.80e3 41.68e3 40.76e3 41.94e3 47.26e3 46.76e3 46.86e3 47.94e3 46.91e3 50.34e3 50.71e3 51.15e3 50.35e3 52.74e3 53.95e3 52.97e3 55.64e3 55.88e3 56.92e3 59.30e3 58.79e3 60.69e3 64.23e3 63.15e3 64.68e3 65.98e3 67.52e3 67.89e3 67.53e3 67.81e3 68.40e3 70.01e3 70.38e3 70.67e3 71.69e3 73.64e3 72.36e3 73.79e3 73.89e3 73.62e3 76.40e3 76.98e3 73.20e3 77.49e3 77.15e3 79.92e3 79.30e3 79.33e3 81.27e3 82.30e3 83.04e3 82.47e3 84.81e3 83.94e3 88.25e3 90.40e3 88.05e3 88.24e3 89.51e3 90.29e3 90.26e3 92.00e3 
   2.00e9  2.140e3 3.784e3 5.462e3 6.909e3 8.568e3 10.04e3 11.39e3 13.18e3 13.96e3 15.45e3 15.79e3 17.90e3 19.09e3 20.40e3 20.87e3 21.99e3 24.71e3 25.08e3 25.89e3 28.27e3 28.81e3 30.16e3 30.81e3 32.02e3 32.90e3 34.18e3 34.73e3 35.82e3 36.09e3 37.31e3 37.09e3 40.06e3 39.08e3 40.22e3 44.63e3 44.86e3 45.07e3 46.15e3 45.10e3 48.15e3 48.70e3 49.22e3 48.35e3 50.88e3 51.86e3 50.70e3 53.56e3 53.68e3 55.23e3 57.14e3 56.49e3 58.58e3 61.30e3 60.45e3 62.23e3 63.42e3 64.89e3 65.20e3 65.21e3 65.54e3 66.08e3 67.40e3 67.92e3 68.34e3 69.17e3 70.82e3 70.02e3 71.17e3 71.29e3 71.43e3 73.43e3 74.39e3 70.58e3 74.78e3 74.88e3 76.98e3 76.63e3 76.67e3 78.33e3 79.37e3 80.08e3 80.17e3 81.80e3 81.34e3 84.32e3 86.51e3 84.84e3 85.38e3 86.42e3 87.21e3 87.03e3 88.73e3 
