# SRIM-2013 Electronic stopping power table for Z1=34
# Converted from a table provided by H.Hofsaess
# units of energy:         eV
# units of stopping power: eV A^2
#      \Z2 1       2       3       4       5       6       7       8       9       10      11      12      13      14      15      16      17      18      19      20      21      22      23      24      25      26      27      28      29      30      31      32      33      34      35      36      37      38      39      40      41      42      43      44      45      46      47      48      49      50      51      52      53      54      55      56      57      58      59      60      61      62      63      64      65      66      67      68      69      70      71      72      73      74      75      76      77      78      79      80      81      82      83      84      85      86      87      88      89      90      91      92      
# energy\  H       He      Li      Be      B       C       N       O       F       Ne      Na      Mg      Al      Si      P       S       Cl      Ar      K       Ca      Sc      Ti      V       Cr      Mn      Fe      Co      Ni      Cu      Zn      Ga      Ge      As      Se      Br      Kr      Rb      Sr      Y       Zr      Nb      Mo      Tc      Ru      Rh      Pd      Ag      Cd      In      Sn      Sb      Te      I       Xe      Cs      Ba      La      Ce      Pr      Nd      Pm      Sm      Eu      Gd      Tb      Dy      Ho      Er      Tm      Yb      Lu      Hf      Ta      W       Re      Os      Ir      Pt      Au      Hg      Tl      Pb      Bi      Po      At      Rn      Fr      Ra      Ac      Th      Pa      U       
   0.00    0.0     0.0     0.0     0.0     0.0     0.0     0.0     0.0     0.0     0.0     0.0     0.0     0.0     0.0     0.0     0.0     0.0     0.0     0.0     0.0     0.0     0.0     0.0     0.0     0.0     0.0     0.0     0.0     0.0     0.0     0.0     0.0     0.0     0.0     0.0     0.0     0.0     0.0     0.0     0.0     0.0     0.0     0.0     0.0     0.0     0.0     0.0     0.0     0.0     0.0     0.0     0.0     0.0     0.0     0.0     0.0     0.0     0.0     0.0     0.0     0.0     0.0     0.0     0.0     0.0     0.0     0.0     0.0     0.0     0.0     0.0     0.0     0.0     0.0     0.0     0.0     0.0     0.0     0.0     0.0     0.0     0.0     0.0     0.0     0.0     0.0     0.0     0.0     0.0     0.0     0.0     0.0     
   10.0    0.653   0.801   1.026   2.095   2.489   3.170   2.091   1.733   1.964   1.957   3.567   4.371   4.079   3.875   4.265   3.335   1.004   2.395   3.025   3.048   4.684   4.281   4.568   3.541   3.377   3.707   3.385   3.495   3.343   3.150   3.379   4.353   5.029   4.378   1.512   2.212   5.535   5.538   5.620   4.393   6.533   6.112   5.546   3.938   3.431   5.227   5.165   4.801   3.973   6.606   5.839   4.732   6.204   1.805   7.119   7.365   7.576   6.282   5.616   5.888   5.945   5.222   5.042   7.481   5.925   5.005   4.062   4.256   5.432   4.119   4.790   4.137   5.302   4.934   4.378   2.768   3.253   4.469   4.167   3.228   3.738   5.754   5.603   7.220   7.310   7.017   8.126   7.803   5.300   5.120   6.522   5.249   
   11.0    0.685   0.840   1.076   2.198   2.611   3.324   2.193   1.817   2.060   2.053   3.741   4.585   4.278   4.064   4.473   3.498   1.053   2.511   3.173   3.196   4.913   4.490   4.791   3.713   3.542   3.888   3.550   3.666   3.506   3.303   3.544   4.566   5.274   4.591   1.586   2.320   5.805   5.809   5.894   4.607   6.852   6.410   5.817   4.130   3.598   5.483   5.417   5.036   4.167   6.928   6.124   4.963   6.507   1.893   7.467   7.725   7.946   6.589   5.890   6.175   6.235   5.477   5.288   7.846   6.214   5.249   4.260   4.464   5.697   4.320   5.024   4.338   5.561   5.175   4.592   2.903   3.412   4.687   4.370   3.385   3.920   6.035   5.877   7.572   7.667   7.360   8.522   8.184   5.559   5.370   6.840   5.505   
   12.0    0.715   0.877   1.124   2.295   2.727   3.472   2.290   1.898   2.152   2.144   3.907   4.788   4.468   4.245   4.672   3.653   1.100   2.623   3.314   3.338   5.131   4.690   5.004   3.878   3.699   4.061   3.708   3.829   3.662   3.450   3.702   4.769   5.509   4.796   1.657   2.423   6.064   6.067   6.156   4.812   7.156   6.695   6.076   4.314   3.758   5.726   5.658   5.259   4.352   7.236   6.396   5.184   6.796   1.977   7.799   8.068   8.299   6.882   6.152   6.450   6.512   5.721   5.523   8.195   6.491   5.483   4.449   4.662   5.950   4.513   5.247   4.531   5.808   5.405   4.796   3.032   3.564   4.896   4.565   3.536   4.094   6.303   6.138   7.909   8.008   7.687   8.901   8.548   5.806   5.609   7.144   5.750   
   13.0    0.745   0.913   1.170   2.389   2.838   3.614   2.384   1.976   2.239   2.231   4.066   4.984   4.651   4.419   4.862   3.802   1.145   2.730   3.449   3.475   5.340   4.882   5.208   4.037   3.850   4.227   3.859   3.985   3.811   3.591   3.853   4.964   5.734   4.991   1.724   2.522   6.311   6.315   6.408   5.009   7.449   6.968   6.324   4.490   3.912   5.960   5.889   5.474   4.530   7.532   6.657   5.395   7.074   2.058   8.117   8.398   8.638   7.163   6.403   6.713   6.778   5.954   5.749   8.529   6.756   5.707   4.631   4.853   6.193   4.697   5.462   4.716   6.045   5.626   4.992   3.156   3.709   5.096   4.751   3.680   4.261   6.561   6.389   8.232   8.335   8.001   9.265   8.897   6.043   5.838   7.436   5.984   
   14.0    0.773   0.947   1.214   2.479   2.945   3.751   2.474   2.050   2.324   2.316   4.220   5.172   4.826   4.585   5.046   3.946   1.188   2.833   3.580   3.606   5.542   5.066   5.405   4.189   3.995   4.387   4.005   4.136   3.955   3.727   3.999   5.151   5.950   5.180   1.789   2.617   6.549   6.553   6.650   5.198   7.730   7.231   6.563   4.660   4.059   6.185   6.112   5.681   4.701   7.816   6.908   5.599   7.341   2.136   8.424   8.715   8.964   7.433   6.644   6.966   7.034   6.179   5.966   8.851   7.011   5.922   4.806   5.036   6.427   4.874   5.668   4.894   6.273   5.838   5.180   3.275   3.849   5.288   4.930   3.819   4.422   6.808   6.630   8.543   8.649   8.303   9.614   9.233   6.271   6.058   7.717   6.210   
   15.0    0.800   0.980   1.256   2.566   3.049   3.882   2.561   2.122   2.405   2.397   4.368   5.354   4.996   4.746   5.223   4.084   1.230   2.933   3.705   3.732   5.737   5.244   5.595   4.336   4.136   4.541   4.146   4.281   4.094   3.858   4.139   5.332   6.159   5.362   1.852   2.709   6.779   6.783   6.883   5.380   8.001   7.485   6.793   4.823   4.202   6.402   6.326   5.880   4.866   8.090   7.151   5.795   7.599   2.211   8.719   9.021   9.279   7.694   6.878   7.211   7.281   6.396   6.175   9.162   7.257   6.130   4.975   5.212   6.652   5.045   5.867   5.066   6.493   6.043   5.362   3.390   3.984   5.474   5.103   3.953   4.578   7.047   6.863   8.843   8.953   8.595   9.952   9.557   6.491   6.271   7.987   6.428   
   16.0    0.826   1.013   1.298   2.651   3.149   4.009   2.645   2.192   2.484   2.476   4.511   5.529   5.160   4.902   5.394   4.218   1.270   3.029   3.827   3.855   5.925   5.416   5.778   4.479   4.271   4.690   4.282   4.421   4.228   3.984   4.275   5.507   6.361   5.538   1.913   2.798   7.002   7.006   7.109   5.557   8.264   7.731   7.016   4.981   4.340   6.612   6.534   6.073   5.025   8.356   7.385   5.985   7.848   2.283   9.005   9.317   9.583   7.946   7.103   7.447   7.519   6.606   6.378   9.462   7.495   6.331   5.138   5.383   6.871   5.211   6.059   5.232   6.706   6.242   5.538   3.501   4.115   5.653   5.271   4.083   4.728   7.278   7.088   9.133   9.247   8.876   10.28   9.870   6.704   6.476   8.249   6.639   
   17.0    0.852   1.044   1.337   2.732   3.246   4.133   2.726   2.259   2.561   2.552   4.650   5.699   5.318   5.053   5.560   4.348   1.309   3.122   3.945   3.974   6.107   5.582   5.956   4.616   4.403   4.834   4.413   4.557   4.358   4.107   4.406   5.676   6.557   5.708   1.972   2.884   7.217   7.221   7.328   5.728   8.518   7.969   7.232   5.135   4.473   6.816   6.735   6.260   5.180   8.613   7.613   6.170   8.089   2.353   9.282   9.603   9.878   8.191   7.322   7.677   7.751   6.809   6.574   9.754   7.725   6.526   5.296   5.549   7.082   5.371   6.246   5.393   6.913   6.434   5.708   3.608   4.242   5.827   5.433   4.208   4.873   7.502   7.306   9.414   9.531   9.150   10.59   10.17   6.910   6.676   8.503   6.843   
   18.0    0.876   1.074   1.376   2.811   3.340   4.253   2.805   2.325   2.635   2.626   4.785   5.865   5.473   5.199   5.721   4.474   1.347   3.213   4.059   4.089   6.284   5.744   6.129   4.750   4.530   4.974   4.541   4.689   4.484   4.226   4.534   5.841   6.747   5.873   2.029   2.968   7.426   7.430   7.540   5.894   8.765   8.200   7.441   5.284   4.603   7.013   6.930   6.442   5.330   8.862   7.833   6.348   8.324   2.422   9.551   9.882   10.16   8.428   7.534   7.899   7.976   7.007   6.765   10.04   7.949   6.715   5.449   5.710   7.287   5.527   6.427   5.550   7.113   6.620   5.874   3.713   4.364   5.996   5.590   4.330   5.014   7.720   7.518   9.687   9.807   9.415   10.90   10.47   7.111   6.869   8.750   7.042   
   20.0    0.924   1.132   1.451   2.963   3.520   4.483   2.957   2.450   2.778   2.768   5.044   6.182   5.769   5.481   6.031   4.716   1.420   3.386   4.279   4.310   6.624   6.055   6.460   5.007   4.776   5.243   4.787   4.943   4.727   4.454   4.779   6.157   7.112   6.191   2.139   3.128   7.828   7.832   7.948   6.213   9.239   8.643   7.844   5.569   4.852   7.393   7.305   6.790   5.618   9.342   8.257   6.692   8.774   2.553   10.07   10.42   10.71   8.884   7.942   8.326   8.407   7.386   7.131   10.58   8.379   7.078   5.744   6.019   7.682   5.826   6.774   5.850   7.498   6.978   6.191   3.914   4.601   6.321   5.893   4.565   5.286   8.138   7.924   10.21   10.34   9.924   11.49   11.04   7.495   7.241   9.223   7.423   
   22.0    0.980   1.201   1.539   3.143   3.734   4.755   3.136   2.599   2.946   2.936   5.350   6.557   6.119   5.813   6.397   5.002   1.506   3.592   4.538   4.571   7.026   6.422   6.852   5.311   5.065   5.561   5.077   5.243   5.014   4.725   5.069   6.530   7.543   6.567   2.268   3.318   8.303   8.308   8.430   6.590   9.799   9.167   8.320   5.907   5.146   7.841   7.748   7.202   5.959   9.909   8.758   7.098   9.306   2.707   10.68   11.05   11.36   9.423   8.423   8.831   8.917   7.834   7.563   11.22   8.888   7.508   6.093   6.384   8.147   6.179   7.185   6.205   7.953   7.402   6.567   4.151   4.880   6.704   6.250   4.841   5.606   8.631   8.405   10.83   10.97   10.53   12.19   11.70   7.950   7.680   9.783   7.873   
   25.0    1.033   1.266   1.622   3.313   3.936   5.012   3.306   2.740   3.105   3.094   5.639   6.911   6.450   6.127   6.743   5.273   1.588   3.786   4.784   4.819   7.406   6.770   7.223   5.598   5.339   5.862   5.352   5.527   5.285   4.980   5.343   6.883   7.951   6.922   2.391   3.497   8.752   8.757   8.886   6.946   10.33   9.663   8.770   6.227   5.425   8.265   8.167   7.591   6.281   10.44   9.232   7.482   9.810   2.854   11.26   11.65   11.98   9.933   8.879   9.309   9.399   8.257   7.972   11.83   9.368   7.914   6.422   6.729   8.588   6.513   7.574   6.540   8.383   7.802   6.922   4.376   5.144   7.067   6.588   5.103   5.910   9.098   8.860   11.42   11.56   11.10   12.85   12.34   8.380   8.095   10.31   8.299   
   27.0    1.083   1.328   1.701   3.475   4.128   5.256   3.467   2.873   3.257   3.246   5.914   7.249   6.764   6.427   7.072   5.530   1.665   3.971   5.017   5.054   7.767   7.100   7.575   5.871   5.600   6.148   5.613   5.796   5.543   5.223   5.604   7.219   8.340   7.260   2.508   3.668   9.179   9.184   9.320   7.285   10.83   10.13   9.198   6.531   5.689   8.669   8.566   7.962   6.588   10.95   9.682   7.847   10.29   2.993   11.81   12.21   12.56   10.42   9.312   9.764   9.858   8.660   8.361   12.41   9.826   8.300   6.736   7.058   9.007   6.831   7.944   6.860   8.792   8.183   7.260   4.589   5.395   7.412   6.910   5.352   6.198   9.542   9.292   11.97   12.12   11.64   13.47   12.94   8.789   8.490   10.81   8.704   
   30.0    1.131   1.387   1.777   3.629   4.311   5.490   3.621   3.001   3.402   3.390   6.177   7.571   7.065   6.712   7.386   5.776   1.739   4.148   5.240   5.279   8.113   7.416   7.912   6.132   5.849   6.421   5.863   6.054   5.789   5.455   5.853   7.540   8.710   7.583   2.619   3.831   9.587   9.593   9.734   7.609   11.32   10.59   9.607   6.821   5.942   9.054   8.947   8.316   6.881   11.44   10.11   8.196   10.75   3.126   12.33   12.76   13.12   10.88   9.726   10.20   10.30   9.045   8.733   12.96   10.26   8.669   7.035   7.372   9.408   7.135   8.297   7.165   9.183   8.547   7.583   4.794   5.635   7.741   7.217   5.590   6.474   9.966   9.705   12.51   12.66   12.15   14.07   13.52   9.180   8.868   11.30   9.091   
   32.0    1.177   1.443   1.849   3.778   4.487   5.714   3.769   3.124   3.541   3.528   6.430   7.880   7.354   6.986   7.688   6.012   1.810   4.317   5.454   5.494   8.444   7.718   8.235   6.383   6.088   6.684   6.102   6.301   6.026   5.678   6.092   7.848   9.066   7.892   2.726   3.988   9.979   9.984   10.13   7.920   11.78   11.02   9.999   7.100   6.185   9.424   9.312   8.656   7.162   11.91   10.53   8.531   11.18   3.254   12.83   13.28   13.66   11.33   10.12   10.61   10.72   9.415   9.090   13.49   10.68   9.023   7.322   7.673   9.792   7.426   8.636   7.457   9.558   8.896   7.892   4.989   5.865   8.057   7.512   5.819   6.738   10.37   10.10   13.02   13.18   12.65   14.65   14.07   9.555   9.230   11.76   9.462   
   35.0    1.222   1.498   1.919   3.920   4.657   5.930   3.911   3.241   3.674   3.661   6.672   8.178   7.631   7.250   7.978   6.239   1.878   4.480   5.660   5.701   8.763   8.010   8.546   6.624   6.317   6.936   6.333   6.539   6.253   5.893   6.322   8.144   9.408   8.190   2.829   4.138   10.36   10.36   10.51   8.219   12.22   11.43   10.38   7.368   6.419   9.780   9.663   8.982   7.432   12.36   10.92   8.853   11.61   3.377   13.32   13.78   14.17   11.75   10.51   11.01   11.12   9.770   9.433   13.99   11.08   9.364   7.599   7.962   10.16   7.707   8.962   7.739   9.919   9.231   8.190   5.178   6.086   8.361   7.796   6.038   6.992   10.76   10.48   13.51   13.68   13.13   15.20   14.60   9.916   9.578   12.20   9.819   
   37.0    1.265   1.550   1.986   4.058   4.820   6.138   4.049   3.355   3.803   3.790   6.907   8.465   7.899   7.505   8.258   6.458   1.944   4.637   5.859   5.902   9.070   8.291   8.846   6.856   6.539   7.179   6.555   6.769   6.473   6.099   6.544   8.430   9.739   8.478   2.928   4.283   10.72   10.72   10.88   8.507   12.65   11.84   10.74   7.626   6.644   10.12   10.00   9.298   7.693   12.79   11.31   9.163   12.01   3.495   13.79   14.26   14.67   12.17   10.87   11.40   11.51   10.11   9.764   14.49   11.47   9.692   7.866   8.242   10.52   7.977   9.276   8.010   10.27   9.555   8.478   5.359   6.300   8.655   8.069   6.250   7.238   11.14   10.85   13.98   14.16   13.59   15.74   15.11   10.26   9.915   12.63   10.16   
   40.0    1.306   1.601   2.052   4.191   4.978   6.340   4.182   3.465   3.928   3.914   7.133   8.742   8.158   7.751   8.529   6.670   2.008   4.789   6.051   6.095   9.368   8.563   9.136   7.081   6.754   7.415   6.770   6.991   6.685   6.299   6.759   8.707   10.06   8.756   3.024   4.424   11.07   11.08   11.24   8.786   13.07   12.22   11.09   7.876   6.862   10.45   10.33   9.602   7.945   13.21   11.68   9.464   12.41   3.610   14.24   14.73   15.15   12.56   11.23   11.78   11.89   10.44   10.08   14.96   11.85   10.01   8.124   8.512   10.86   8.239   9.580   8.273   10.60   9.869   8.756   5.535   6.506   8.939   8.334   6.455   7.475   11.51   11.21   14.44   14.62   14.03   16.25   15.61   10.60   10.24   13.04   10.50   
   45.0    1.386   1.698   2.176   4.445   5.280   6.724   4.435   3.675   4.166   4.152   7.566   9.273   8.653   8.221   9.046   7.074   2.130   5.080   6.418   6.465   9.936   9.082   9.690   7.511   7.163   7.865   7.181   7.415   7.091   6.682   7.169   9.235   10.67   9.287   3.208   4.692   11.74   11.75   11.92   9.319   13.86   12.96   11.77   8.354   7.278   11.09   10.96   10.18   8.427   14.01   12.39   10.04   13.16   3.829   15.10   15.62   16.07   13.33   11.91   12.49   12.61   11.08   10.70   15.87   12.57   10.62   8.616   9.028   11.52   8.739   10.16   8.775   11.25   10.47   9.287   5.871   6.901   9.481   8.839   6.847   7.928   12.21   11.89   15.32   15.51   14.89   17.24   16.55   11.24   10.86   13.83   11.13   
   50.0    1.460   1.790   2.294   4.686   5.566   7.088   4.675   3.874   4.392   4.376   7.975   9.774   9.121   8.666   9.536   7.457   2.245   5.354   6.765   6.815   10.47   9.574   10.21   7.917   7.551   8.290   7.569   7.816   7.474   7.043   7.557   9.734   11.25   9.789   3.381   4.946   12.38   12.38   12.57   9.823   14.61   13.67   12.40   8.806   7.672   11.69   11.55   10.74   8.883   14.77   13.06   10.58   13.87   4.036   15.92   16.47   16.94   14.05   12.56   13.17   13.29   11.68   11.27   16.73   13.25   11.19   9.082   9.517   12.15   9.211   10.71   9.250   11.86   11.03   9.789   6.188   7.274   9.994   9.317   7.217   8.357   12.87   12.53   16.14   16.35   15.69   18.17   17.45   11.85   11.45   14.58   11.74   
   55.0    1.532   1.878   2.406   4.914   5.838   7.434   4.903   4.063   4.606   4.590   8.364   10.25   9.566   9.088   10.00   7.821   2.355   5.616   7.095   7.147   10.98   10.04   10.71   8.303   7.919   8.695   7.938   8.197   7.839   7.387   7.925   10.21   11.79   10.27   3.546   5.187   12.98   12.99   13.18   10.30   15.32   14.33   13.01   9.236   8.046   12.26   12.11   11.26   9.317   15.49   13.69   11.10   14.55   4.233   16.70   17.27   17.77   14.73   13.17   13.81   13.94   12.25   11.82   17.54   13.90   11.74   9.526   9.981   12.74   9.661   11.23   9.701   12.43   11.57   10.27   6.491   7.629   10.48   9.772   7.569   8.765   13.49   13.14   16.93   17.14   16.46   19.06   18.30   12.43   12.01   15.29   12.31   
   60.0    1.600   1.961   2.513   5.133   6.097   7.764   5.121   4.244   4.811   4.794   8.736   10.71   9.992   9.493   10.45   8.169   2.459   5.865   7.411   7.465   11.47   10.49   11.19   8.673   8.271   9.081   8.291   8.562   8.187   7.715   8.278   10.66   12.32   10.72   3.704   5.418   13.56   13.57   13.77   10.76   16.00   14.97   13.59   9.646   8.404   12.80   12.65   11.76   9.731   16.18   14.30   11.59   15.20   4.421   17.44   18.04   18.56   15.39   13.76   14.42   14.56   12.79   12.35   18.32   14.51   12.26   9.949   10.42   13.30   10.09   11.73   10.13   12.99   12.09   10.72   6.779   7.968   10.95   10.21   7.906   9.155   14.09   13.73   17.69   17.91   17.19   19.90   19.11   12.98   12.54   15.97   12.86   
   65.0    1.665   2.041   2.615   5.342   6.346   8.081   5.330   4.417   5.007   4.990   9.093   11.14   10.40   9.880   10.87   8.502   2.560   6.105   7.713   7.770   11.94   10.92   11.65   9.027   8.609   9.452   8.630   8.911   8.522   8.030   8.616   11.10   12.82   11.16   3.855   5.639   14.11   14.12   14.33   11.20   16.66   15.58   14.14   10.04   8.747   13.33   13.17   12.24   10.13   16.84   14.89   12.06   15.82   4.602   18.15   18.78   19.32   16.02   14.32   15.01   15.16   13.31   12.85   19.07   15.11   12.76   10.36   10.85   13.85   10.50   12.21   10.55   13.52   12.58   11.16   7.056   8.294   11.39   10.62   8.229   9.529   14.67   14.29   18.41   18.64   17.89   20.72   19.89   13.51   13.05   16.63   13.38   
   70.0    1.728   2.118   2.714   5.544   6.586   8.386   5.532   4.584   5.196   5.178   9.436   11.56   10.79   10.25   11.28   8.823   2.656   6.335   8.004   8.063   12.39   11.33   12.09   9.367   8.934   9.809   8.956   9.248   8.843   8.333   8.941   11.52   13.31   11.58   4.001   5.852   14.64   14.65   14.87   11.62   17.28   16.17   14.67   10.42   9.077   13.83   13.67   12.70   10.51   17.48   15.45   12.52   16.41   4.775   18.84   19.49   20.05   16.62   14.86   15.58   15.73   13.82   13.34   19.79   15.68   13.24   10.75   11.26   14.37   10.90   12.67   10.94   14.03   13.06   11.58   7.322   8.607   11.82   11.02   8.539   9.889   15.22   14.83   19.10   19.34   18.57   21.50   20.64   14.02   13.55   17.25   13.89   
   80.0    1.847   2.264   2.901   5.927   7.041   8.965   5.914   4.901   5.555   5.536   10.09   12.36   11.54   10.96   12.06   9.432   2.840   6.773   8.557   8.620   13.25   12.11   12.92   10.01   9.551   10.49   9.574   9.886   9.454   8.909   9.558   12.31   14.22   12.38   4.277   6.256   15.66   15.66   15.90   12.43   18.48   17.29   15.69   11.14   9.704   14.79   14.61   13.58   11.24   18.68   16.51   13.38   17.55   5.105   20.14   20.83   21.43   17.77   15.88   16.65   16.81   14.77   14.26   21.16   16.76   14.16   11.49   12.04   15.36   11.65   13.55   11.70   15.00   13.96   12.38   7.828   9.201   12.64   11.79   9.129   10.57   16.28   15.85   20.42   20.68   19.85   22.98   22.07   14.99   14.48   18.45   14.85   
   90.0    1.959   2.402   3.077   6.286   7.468   9.509   6.272   5.198   5.892   5.871   10.70   13.11   12.24   11.63   12.79   10.00   3.012   7.184   9.076   9.143   14.05   12.84   13.70   10.62   10.13   11.12   10.15   10.49   10.03   9.449   10.14   13.06   15.09   13.13   4.537   6.636   16.61   16.62   16.86   13.18   19.60   18.33   16.64   11.81   10.29   15.68   15.50   14.40   11.92   19.82   17.52   14.20   18.61   5.415   21.36   22.10   22.73   18.85   16.85   17.66   17.83   15.67   15.13   22.44   17.78   15.02   12.19   12.77   16.29   12.36   14.37   12.41   15.91   14.80   13.13   8.303   9.759   13.41   12.50   9.683   11.21   17.26   16.81   21.66   21.93   21.05   24.38   23.41   15.90   15.36   19.57   15.75   
   100.    2.065   2.532   3.244   6.626   7.872   10.02   6.612   5.479   6.211   6.189   11.28   13.82   12.90   12.25   13.49   10.55   3.175   7.572   9.567   9.637   14.81   13.54   14.45   11.20   10.68   11.72   10.70   11.05   10.57   9.960   10.69   13.77   15.90   13.84   4.782   6.995   17.50   17.51   17.77   13.89   20.66   19.33   17.54   12.45   10.85   16.53   16.33   15.18   12.56   20.89   18.46   14.96   19.62   5.708   22.51   23.29   23.96   19.87   17.76   18.62   18.80   16.51   15.94   23.66   18.74   15.83   12.84   13.46   17.18   13.03   15.15   13.08   16.77   15.60   13.84   8.752   10.29   14.13   13.18   10.21   11.82   18.20   17.72   22.83   23.12   22.19   25.70   24.68   16.76   16.19   20.62   16.60   
   110.    2.166   2.655   3.402   6.950   8.256   10.51   6.934   5.747   6.514   6.491   11.83   14.50   13.53   12.85   14.14   11.06   3.330   7.942   10.03   10.11   15.53   14.20   15.15   11.74   11.20   12.30   11.23   11.59   11.09   10.45   11.21   14.44   16.68   14.52   5.015   7.336   18.36   18.37   18.64   14.57   21.67   20.27   18.40   13.06   11.38   17.34   17.13   15.92   13.18   21.91   19.36   15.69   20.58   5.986   23.61   24.43   25.13   20.84   18.62   19.53   19.72   17.32   16.72   24.81   19.65   16.60   13.47   14.12   18.01   13.66   15.89   13.72   17.58   16.37   14.52   9.179   10.79   14.82   13.82   10.70   12.40   19.08   18.58   23.95   24.24   23.27   26.95   25.88   17.58   16.98   21.63   17.41   
   120.    2.263   2.773   3.553   7.259   8.623   10.98   7.243   6.002   6.804   6.780   12.35   15.14   14.13   13.42   14.77   11.55   3.478   8.295   10.48   10.56   16.23   14.83   15.82   12.26   11.70   12.84   11.73   12.11   11.58   10.91   11.71   15.08   17.42   15.17   5.238   7.662   19.17   19.19   19.47   15.22   22.63   21.17   19.21   13.64   11.88   18.11   17.89   16.63   13.76   22.88   20.23   16.39   21.49   6.252   24.66   25.51   26.25   21.76   19.45   20.40   20.59   18.09   17.47   25.91   20.52   17.34   14.07   14.74   18.82   14.27   16.59   14.33   18.37   17.09   15.17   9.587   11.27   15.48   14.43   11.18   12.95   19.93   19.41   25.01   25.32   24.31   28.15   27.03   18.36   17.74   22.59   18.18   
   130.    2.355   2.887   3.699   7.555   8.975   11.43   7.538   6.247   7.082   7.056   12.86   15.76   14.71   13.97   15.38   12.02   3.620   8.634   10.91   10.99   16.89   15.44   16.47   12.77   12.18   13.37   12.20   12.60   12.05   11.36   12.18   15.70   18.13   15.78   5.452   7.975   19.96   19.97   20.26   15.84   23.55   22.04   20.00   14.20   12.37   18.85   18.62   17.31   14.32   23.82   21.05   17.06   22.37   6.508   25.67   26.56   27.32   22.65   20.25   21.23   21.43   18.83   18.18   26.97   21.36   18.05   14.64   15.35   19.58   14.85   17.27   14.91   19.12   17.79   15.78   9.979   11.73   16.11   15.02   11.64   13.48   20.75   20.20   26.03   26.36   25.30   29.30   28.13   19.11   18.46   23.51   18.92   
   140.    2.444   2.996   3.838   7.841   9.314   11.86   7.823   6.483   7.349   7.323   13.34   16.36   15.26   14.50   15.96   12.48   3.757   8.960   11.32   11.40   17.53   16.02   17.09   13.25   12.63   13.87   12.67   13.08   12.51   11.79   12.64   16.29   18.82   16.38   5.658   8.276   20.71   20.72   21.03   16.44   24.44   22.87   20.75   14.74   12.84   19.56   19.33   17.96   14.86   24.72   21.85   17.71   23.21   6.753   26.64   27.56   28.35   23.51   21.01   22.03   22.24   19.54   18.87   27.99   22.17   18.73   15.20   15.92   20.32   15.41   17.92   15.48   19.84   18.46   16.38   10.36   12.17   16.72   15.59   12.08   13.98   21.53   20.97   27.01   27.35   26.26   30.40   29.20   19.83   19.16   24.40   19.64   
   150.    2.530   3.101   3.973   8.116   9.641   12.28   8.098   6.711   7.607   7.580   13.81   16.93   15.80   15.01   16.52   12.92   3.889   9.274   11.72   11.80   18.14   16.58   17.69   13.71   13.08   14.36   13.11   13.54   12.95   12.20   13.09   16.86   19.48   16.96   5.857   8.567   21.44   21.45   21.77   17.01   25.30   23.67   21.48   15.25   13.29   20.25   20.01   18.60   15.39   25.58   22.61   18.33   24.03   6.990   27.57   28.53   29.34   24.33   21.75   22.80   23.02   20.23   19.53   28.97   22.95   19.38   15.73   16.48   21.04   15.95   18.55   16.02   20.53   19.11   16.96   10.72   12.60   17.31   16.14   12.50   14.48   22.29   21.70   27.96   28.31   27.18   31.47   30.22   20.53   19.83   25.26   20.33   
   160.    2.613   3.202   4.103   8.382   9.957   12.68   8.363   6.931   7.856   7.828   14.27   17.48   16.32   15.50   17.06   13.34   4.016   9.578   12.10   12.19   18.74   17.13   18.27   14.16   13.51   14.83   13.54   13.98   13.37   12.60   13.52   17.41   20.12   17.51   6.049   8.848   22.14   22.15   22.48   17.57   26.13   24.45   22.19   15.75   13.72   20.91   20.66   19.20   15.89   26.42   23.35   18.93   24.82   7.220   28.48   29.46   30.31   25.13   22.46   23.55   23.78   20.89   20.17   29.92   23.70   20.02   16.25   17.02   21.73   16.48   19.16   16.55   21.21   19.74   17.51   11.07   13.01   17.88   16.67   12.91   14.95   23.02   22.41   28.88   29.24   28.07   32.50   31.21   21.20   20.48   26.09   20.99   
   170.    2.693   3.301   4.229   8.640   10.26   13.07   8.621   7.144   8.098   8.069   14.71   18.02   16.82   15.98   17.58   13.75   4.140   9.873   12.47   12.57   19.31   17.65   18.83   14.60   13.92   15.29   13.96   14.41   13.78   12.99   13.93   17.95   20.73   18.05   6.235   9.120   22.82   22.84   23.17   18.11   26.94   25.20   22.87   16.24   14.15   21.55   21.30   19.80   16.38   27.24   24.07   19.51   25.58   7.442   29.35   30.37   31.24   25.90   23.15   24.28   24.51   21.53   20.79   30.84   24.43   20.64   16.75   17.55   22.40   16.98   19.75   17.06   21.86   20.34   18.05   11.41   13.41   18.43   17.18   13.31   15.41   23.72   23.10   29.77   30.14   28.93   33.50   32.17   21.85   21.11   26.89   21.64   
   180.    2.771   3.397   4.352   8.890   10.56   13.45   8.870   7.351   8.333   8.303   15.13   18.55   17.31   16.44   18.09   14.15   4.260   10.16   12.84   12.93   19.87   18.16   19.38   15.02   14.33   15.73   14.36   14.83   14.18   13.36   14.34   18.47   21.34   18.57   6.416   9.385   23.48   23.50   23.84   18.64   27.72   25.93   23.53   16.71   14.56   22.18   21.91   20.37   16.85   28.03   24.77   20.08   26.32   7.658   30.20   31.25   32.14   26.65   23.82   24.98   25.22   22.16   21.39   31.74   25.14   21.23   17.23   18.06   23.04   17.48   20.32   17.55   22.49   20.93   18.57   11.74   13.80   18.96   17.68   13.69   15.86   24.41   23.77   30.63   31.01   29.77   34.47   33.11   22.49   21.72   27.67   22.27   
   200.    2.921   3.580   4.587   9.371   11.13   14.18   9.350   7.749   8.784   8.752   15.95   19.55   18.24   17.33   19.07   14.91   4.490   10.71   13.53   13.63   20.95   19.15   20.43   15.83   15.10   16.58   15.14   15.63   14.95   14.09   15.11   19.47   22.49   19.58   6.763   9.892   24.75   24.77   25.13   19.65   29.22   27.33   24.80   17.61   15.34   23.38   23.10   21.47   17.77   29.54   26.11   21.16   27.75   8.072   31.84   32.94   33.88   28.09   25.11   26.33   26.59   23.36   22.55   33.45   26.50   22.38   18.16   19.03   24.29   18.42   21.42   18.50   23.71   22.07   19.58   12.38   14.55   19.99   18.63   14.43   16.71   25.73   25.06   32.29   32.69   31.38   36.34   34.90   23.70   22.90   29.17   23.47   
   225.    3.098   3.798   4.866   9.940   11.81   15.04   9.917   8.219   9.316   9.283   16.92   20.73   19.35   18.38   20.23   15.82   4.763   11.36   14.35   14.46   22.22   20.31   21.67   16.79   16.02   17.59   16.06   16.58   15.85   14.94   16.03   20.65   23.85   20.77   7.173   10.49   26.26   26.27   26.66   20.84   30.99   28.99   26.31   18.68   16.27   24.80   24.50   22.77   18.84   31.33   27.70   22.45   29.43   8.561   33.77   34.94   35.94   29.80   26.64   27.93   28.20   24.77   23.92   35.48   28.10   23.74   19.27   20.19   25.76   19.54   22.72   19.62   25.15   23.41   20.77   13.13   15.43   21.20   19.77   15.31   17.73   27.29   26.58   34.25   34.67   33.29   38.54   37.01   25.14   24.29   30.93   24.90   
   250.    3.266   4.003   5.129   10.48   12.45   15.85   10.45   8.663   9.820   9.786   17.83   21.86   20.40   19.38   21.32   16.67   5.020   11.97   15.13   15.24   23.42   21.41   22.84   17.70   16.88   18.54   16.92   17.48   16.71   15.75   16.90   21.77   25.14   21.89   7.561   11.06   27.68   27.69   28.10   21.97   32.66   30.56   27.73   19.69   17.15   26.14   25.83   24.01   19.86   33.03   29.19   23.66   31.02   9.025   35.60   36.83   37.88   31.41   28.08   29.44   29.72   26.11   25.21   37.40   29.63   25.03   20.31   21.28   27.16   20.60   23.95   20.68   26.51   24.67   21.89   13.84   16.27   22.35   20.83   16.14   18.69   28.77   28.02   36.10   36.55   35.09   40.63   39.02   26.50   25.60   32.61   26.24   
   275.    3.425   4.198   5.379   10.99   13.05   16.62   10.96   9.086   10.30   10.26   18.70   22.92   21.39   20.32   22.36   17.49   5.265   12.56   15.87   15.98   24.56   22.45   23.95   18.57   17.71   19.44   17.75   18.33   17.53   16.52   17.72   22.83   26.37   22.96   7.930   11.60   29.03   29.04   29.47   23.04   34.26   32.05   29.09   20.65   17.99   27.41   27.09   25.18   20.83   34.64   30.62   24.81   32.54   9.465   37.33   38.62   39.73   32.94   29.45   30.87   31.17   27.39   26.44   39.23   31.07   26.25   21.30   22.32   28.48   21.60   25.12   21.69   27.80   25.88   22.96   14.51   17.06   23.44   21.85   16.93   19.60   30.17   29.38   37.86   38.33   36.80   42.61   40.92   27.79   26.85   34.20   27.52   
   300.    3.577   4.385   5.619   11.48   13.63   17.36   11.45   9.490   10.76   10.72   19.53   23.94   22.34   21.23   23.36   18.27   5.499   13.12   16.57   16.69   25.65   23.45   25.02   19.39   18.50   20.31   18.54   19.14   18.31   17.25   18.51   23.84   27.54   23.98   8.283   12.12   30.32   30.33   30.78   24.06   35.78   33.47   30.38   21.57   18.79   28.63   28.29   26.30   21.76   36.18   31.98   25.92   33.98   9.886   38.99   40.34   41.50   34.41   30.76   32.25   32.56   28.60   27.62   40.97   32.45   27.41   22.25   23.31   29.75   22.56   26.24   22.66   29.04   27.03   23.98   15.16   17.82   24.48   22.82   17.68   20.47   31.52   30.69   39.55   40.04   38.44   44.51   42.74   29.03   28.04   35.72   28.75   
   325.    3.723   4.564   5.848   11.95   14.19   18.07   11.92   9.878   11.20   11.16   20.33   24.92   23.25   22.09   24.31   19.01   5.724   13.65   17.25   17.37   26.70   24.41   26.04   20.18   19.25   21.14   19.30   19.93   19.06   17.96   19.27   24.82   28.67   24.96   8.621   12.61   31.56   31.57   32.04   25.04   37.24   34.84   31.62   22.45   19.56   29.80   29.45   27.37   22.65   37.66   33.29   26.98   35.37   10.29   40.59   41.99   43.19   35.81   32.01   33.56   33.89   29.77   28.74   42.65   33.78   28.53   23.16   24.26   30.97   23.48   27.31   23.58   30.23   28.13   24.96   15.78   18.55   25.48   23.75   18.40   21.31   32.80   31.94   41.16   41.67   40.01   46.32   44.48   30.22   29.19   37.18   29.92   
   350.    3.864   4.736   6.069   12.40   14.73   18.75   12.37   10.25   11.62   11.58   21.10   25.86   24.13   22.93   25.23   19.73   5.940   14.17   17.90   18.03   27.71   25.33   27.02   20.95   19.98   21.93   20.03   20.68   19.77   18.63   19.99   25.75   29.75   25.90   8.946   13.09   32.75   32.77   33.25   25.99   38.65   36.16   32.81   23.30   20.30   30.93   30.56   28.40   23.50   39.08   34.54   27.99   36.71   10.68   42.12   43.57   44.82   37.17   33.22   34.83   35.17   30.90   29.83   44.26   35.05   29.61   24.03   25.18   32.13   24.37   28.34   24.47   31.37   29.19   25.90   16.37   19.25   26.44   24.65   19.09   22.11   34.04   33.15   42.71   43.25   41.52   48.07   46.16   31.36   30.29   38.58   31.05   
   375.    4.000   4.903   6.282   12.83   15.24   19.41   12.80   10.61   12.03   11.98   21.84   26.77   24.98   23.73   26.11   20.42   6.149   14.66   18.53   18.66   28.68   26.22   27.97   21.68   20.68   22.70   20.73   21.40   20.47   19.29   20.69   26.66   30.80   26.81   9.260   13.55   33.90   33.92   34.42   26.90   40.01   37.43   33.96   24.12   21.01   32.01   31.63   29.40   24.33   40.45   35.75   28.98   37.99   11.05   43.60   45.10   46.40   38.47   34.39   36.05   36.40   31.98   30.88   45.81   36.28   30.65   24.87   26.06   33.26   25.23   29.33   25.33   32.47   30.22   26.81   16.95   19.92   27.37   25.52   19.77   22.89   35.24   34.31   44.21   44.77   42.97   49.76   47.78   32.46   31.35   39.94   32.14   
   400.    4.131   5.063   6.488   13.25   15.74   20.05   13.22   10.96   12.42   12.38   22.56   27.65   25.80   24.51   26.97   21.09   6.350   15.14   19.13   19.27   29.62   27.08   28.89   22.39   21.36   23.45   21.41   22.11   21.14   19.92   21.37   27.53   31.81   27.69   9.564   13.99   35.01   35.03   35.54   27.78   41.32   38.65   35.08   24.91   21.70   33.06   32.67   30.37   25.13   41.78   36.93   29.93   39.24   11.42   45.03   46.58   47.92   39.73   35.52   37.24   37.60   33.03   31.89   47.31   37.47   31.65   25.69   26.92   34.35   26.05   30.30   26.16   33.53   31.21   27.69   17.50   20.57   28.27   26.35   20.41   23.64   36.39   35.44   45.66   46.23   44.38   51.39   49.35   33.52   32.38   41.25   33.20   
   450.    4.381   5.371   6.881   14.06   16.70   21.26   14.03   11.62   13.18   13.13   23.92   29.32   27.36   26.00   28.61   22.37   6.735   16.06   20.29   20.44   31.42   28.72   30.64   23.75   22.65   24.87   22.71   23.45   22.42   21.13   22.67   29.20   33.74   29.37   10.14   14.84   37.13   37.15   37.70   29.47   43.82   41.00   37.21   26.42   23.01   35.07   34.65   32.21   26.65   44.31   39.17   31.74   41.62   12.11   47.76   49.41   50.82   42.14   37.67   39.50   39.88   35.03   33.82   50.18   39.75   33.57   27.25   28.55   36.44   27.63   32.13   27.75   35.57   33.10   29.37   18.57   21.82   29.98   27.95   21.65   25.07   38.60   37.59   48.43   49.04   47.07   54.51   52.34   35.55   34.35   43.75   35.21   
   500.    4.618   5.661   7.253   14.82   17.60   22.41   14.78   12.25   13.89   13.84   25.22   30.91   28.84   27.40   30.15   23.58   7.100   16.93   21.39   21.55   33.12   30.27   32.30   25.04   23.88   26.22   23.94   24.72   23.64   22.27   23.90   30.78   35.56   30.96   10.69   15.64   39.14   39.16   39.74   31.06   46.19   43.22   39.22   27.85   24.26   36.96   36.52   33.95   28.09   46.71   41.29   33.46   43.87   12.76   50.34   52.08   53.57   44.42   39.71   41.63   42.04   36.93   35.65   52.90   41.90   35.39   28.72   30.09   38.41   29.13   33.87   29.25   37.49   34.89   30.96   19.57   23.00   31.60   29.46   22.82   26.43   40.69   39.62   51.05   51.69   49.62   57.46   55.18   37.48   36.20   46.12   37.11   
   550.    4.844   5.937   7.607   15.54   18.46   23.51   15.51   12.85   14.57   14.51   26.45   32.42   30.25   28.74   31.63   24.73   7.446   17.76   22.44   22.60   34.74   31.75   33.88   26.26   25.04   27.49   25.10   25.92   24.79   23.36   25.06   32.29   37.30   32.47   11.21   16.40   41.05   41.07   41.68   32.58   48.45   45.33   41.13   29.21   25.44   38.77   38.31   35.61   29.46   48.99   43.30   35.09   46.01   13.39   52.80   54.62   56.19   46.59   41.65   43.66   44.09   38.73   37.39   55.48   43.94   37.12   30.12   31.56   40.28   30.55   35.52   30.68   39.32   36.59   32.47   20.52   24.13   33.15   30.90   23.94   27.72   42.67   41.56   53.54   54.21   52.04   60.26   57.87   39.31   37.97   48.37   38.92   
   600.    5.059   6.201   7.946   16.23   19.28   24.55   16.20   13.42   15.21   15.16   27.63   33.86   31.60   30.02   33.03   25.83   7.777   18.55   23.43   23.61   36.28   33.16   35.38   27.43   26.16   28.72   26.22   27.07   25.89   24.40   26.18   33.72   38.95   33.91   11.71   17.13   42.88   42.90   43.53   34.03   50.60   47.34   42.96   30.50   26.58   40.49   40.01   37.19   30.77   51.17   45.23   36.65   48.06   13.98   55.15   57.05   58.69   48.66   43.50   45.61   46.05   40.45   39.06   57.94   45.89   38.77   31.46   32.97   42.07   31.91   37.10   32.04   41.07   38.22   33.91   21.44   25.20   34.62   32.28   25.00   28.95   44.57   43.40   55.93   56.62   54.36   62.94   60.44   41.05   39.66   50.52   40.66   
   650.    5.266   6.455   8.270   16.89   20.07   25.56   16.86   13.97   15.83   15.78   28.75   35.24   32.89   31.24   34.38   26.89   8.095   19.31   24.39   24.57   37.76   34.52   36.83   28.54   27.22   29.89   27.29   28.18   26.95   25.39   27.25   35.10   40.54   35.29   12.19   17.83   44.63   44.65   45.31   35.42   52.67   49.27   44.72   31.75   27.66   42.14   41.64   38.71   32.03   53.26   47.07   38.15   50.02   14.55   57.40   59.38   61.08   50.65   45.27   47.47   47.93   42.10   40.65   60.31   47.77   40.35   32.75   34.31   43.79   33.21   38.62   33.35   42.75   39.78   35.30   22.31   26.23   36.03   33.59   26.02   30.13   46.39   45.18   58.21   58.94   56.58   65.51   62.91   42.73   41.28   52.58   42.32   
   700.    5.465   6.698   8.582   17.53   20.83   26.52   17.49   14.50   16.43   16.37   29.84   36.57   34.13   32.42   35.68   27.90   8.401   20.03   25.31   25.50   39.19   35.82   38.22   29.62   28.25   31.02   28.32   29.24   27.97   26.35   28.27   36.42   42.08   36.63   12.65   18.51   46.31   46.34   47.02   36.75   54.66   51.13   46.40   32.95   28.70   43.74   43.22   40.17   33.24   55.27   48.85   39.59   51.91   15.10   59.56   61.62   63.39   52.56   46.98   49.26   49.74   43.69   42.18   62.59   49.57   41.88   33.98   35.61   45.44   34.47   40.08   34.61   44.36   41.28   36.63   23.16   27.22   37.39   34.86   27.00   31.27   48.14   46.88   60.41   61.16   58.71   67.98   65.29   44.34   42.84   54.56   43.91   
   800.    5.842   7.161   9.175   18.74   22.26   28.35   18.70   15.50   17.57   17.50   31.90   39.10   36.48   34.66   38.14   29.83   8.981   21.42   27.06   27.26   41.89   38.29   40.86   31.67   30.20   33.16   30.28   31.26   29.90   28.17   30.23   38.94   44.98   39.16   13.53   19.78   49.51   49.54   50.27   39.29   58.43   54.66   49.61   35.22   30.69   46.76   46.20   42.94   35.53   59.08   52.22   42.32   55.49   16.14   63.68   65.88   67.76   56.19   50.23   52.66   53.17   46.71   45.10   66.91   52.99   44.77   36.33   38.07   48.58   36.84   42.84   37.00   47.42   44.13   39.16   24.75   29.10   39.98   37.27   28.87   33.43   51.47   50.12   64.58   65.38   62.77   72.68   69.79   47.41   45.79   58.33   46.95   
   900.    6.196   7.595   9.732   19.88   23.61   30.07   19.83   16.44   18.63   18.57   33.83   41.47   38.70   36.76   40.46   31.64   9.525   22.72   28.70   28.91   44.44   40.62   43.34   33.59   32.04   35.17   32.11   33.16   31.71   29.88   32.06   41.30   47.71   41.53   14.35   20.98   52.51   52.54   53.32   41.68   61.98   57.98   52.62   37.36   32.55   49.59   49.00   45.55   37.69   62.67   55.39   44.89   58.86   17.12   67.54   69.87   71.88   59.60   53.27   55.85   56.40   49.54   47.83   70.97   56.21   47.48   38.53   40.38   51.53   39.08   45.44   39.24   50.30   46.81   41.53   26.26   30.86   42.40   39.53   30.62   35.46   54.59   53.16   68.49   69.35   66.57   77.09   74.03   50.28   48.57   61.87   49.79   
   1.00e3  6.531   8.006   10.26   20.95   24.89   31.70   20.91   17.33   19.64   19.57   35.67   43.71   40.79   38.75   42.65   33.35   10.04   23.95   30.25   30.48   46.84   42.81   45.68   35.41   33.77   37.07   33.85   34.95   33.43   31.50   33.79   43.53   50.29   43.78   15.12   22.12   55.35   55.38   56.20   43.93   65.33   61.12   55.46   39.38   34.31   52.27   51.65   48.01   39.73   66.06   58.39   47.32   62.04   18.05   71.19   73.65   75.76   62.82   56.16   58.88   59.45   52.22   50.42   74.81   59.25   50.05   40.62   42.56   54.32   41.19   47.90   41.37   53.02   49.34   43.78   27.68   32.53   44.69   41.67   32.28   37.38   57.54   56.03   72.20   73.10   70.17   81.26   78.03   53.00   51.20   65.22   52.49   
   1.10e3  6.850   8.397   10.76   21.98   26.11   33.24   21.93   18.17   20.60   20.53   37.41   45.85   42.78   40.64   44.73   34.98   10.53   25.11   31.73   31.96   49.13   44.90   47.91   37.13   35.42   38.88   35.50   36.66   35.06   33.03   35.44   45.66   52.74   45.91   15.86   23.20   58.05   58.09   58.94   46.07   68.52   64.10   58.17   41.30   35.98   54.83   54.17   50.36   41.67   69.28   61.24   49.63   65.07   18.93   74.67   77.25   79.46   65.89   58.90   61.75   62.35   54.77   52.88   78.46   62.14   52.49   42.60   44.64   56.97   43.20   50.24   43.38   55.61   51.75   45.92   29.03   34.12   46.87   43.70   33.85   39.20   60.35   58.77   75.72   76.67   73.60   85.22   81.84   55.59   53.70   68.40   55.05   
   1.20e3  7.155   8.770   11.24   22.95   27.27   34.72   22.90   18.98   21.52   21.44   39.07   47.88   44.68   42.45   46.72   36.53   11.00   26.23   33.14   33.38   51.31   46.90   50.04   38.78   36.99   40.61   37.08   38.29   36.62   34.50   37.02   47.69   55.09   47.96   16.57   24.23   60.64   60.67   61.56   48.12   71.56   66.95   60.76   43.14   37.58   57.26   56.58   52.59   43.52   72.36   63.96   51.84   67.96   19.77   77.99   80.68   82.99   68.82   61.52   64.50   65.12   57.21   55.23   81.95   64.91   54.83   44.49   46.62   59.50   45.13   52.47   45.31   58.08   54.05   47.96   30.32   35.64   48.96   45.65   35.36   40.94   63.03   61.38   79.09   80.08   76.87   89.01   85.48   58.06   56.09   71.44   57.50   
   1.30e3  7.447   9.128   11.70   23.89   28.38   36.14   23.84   19.76   22.39   22.31   40.66   49.84   46.51   44.19   48.62   38.02   11.45   27.30   34.49   34.75   53.40   48.82   52.08   40.37   38.50   42.27   38.59   39.85   38.11   35.91   38.53   49.64   57.34   49.91   17.24   25.22   63.11   63.15   64.08   50.09   74.49   69.68   63.24   44.90   39.12   59.60   58.89   54.74   45.30   75.32   66.57   53.95   70.74   20.58   81.17   83.98   86.38   71.63   64.03   67.13   67.78   59.54   57.49   85.29   67.56   57.07   46.31   48.53   61.93   46.97   54.62   47.16   60.45   56.26   49.92   31.56   37.09   50.96   47.51   36.80   42.61   65.61   63.89   82.32   83.35   80.01   92.65   88.97   60.43   58.38   74.36   59.84   
   1.40e3  7.728   9.473   12.14   24.79   29.45   37.51   24.74   20.50   23.24   23.16   42.20   51.72   48.26   45.85   50.46   39.46   11.88   28.33   35.80   36.06   55.42   50.66   54.05   41.89   39.95   43.87   40.05   41.36   39.55   37.27   39.99   51.51   59.50   51.80   17.89   26.17   65.49   65.53   66.50   51.98   77.30   72.31   65.63   46.60   40.59   61.85   61.12   56.81   47.01   78.16   69.08   55.99   73.41   21.36   84.24   87.15   89.64   74.33   66.44   69.66   70.34   61.79   59.66   88.51   70.11   59.22   48.06   50.36   64.27   48.74   56.68   48.94   62.73   58.38   51.80   32.75   38.49   52.88   49.30   38.19   44.22   68.08   66.30   85.43   86.49   83.03   96.14   92.33   62.71   60.58   77.17   62.10   
   1.50e3  7.999   9.805   12.56   25.66   30.49   38.82   25.61   21.22   24.05   23.97   43.68   53.54   49.96   47.46   52.23   40.84   12.30   29.33   37.05   37.32   57.37   52.44   55.95   43.36   41.36   45.41   41.46   42.81   40.94   38.58   41.39   53.32   61.59   53.62   18.52   27.09   67.79   67.83   68.83   53.80   80.01   74.85   67.93   48.23   42.02   64.02   63.26   58.80   48.66   80.90   71.51   57.95   75.99   22.11   87.19   90.21   92.79   76.94   68.78   72.11   72.81   63.96   61.75   91.62   72.57   61.30   49.75   52.12   66.52   50.45   58.67   50.66   64.93   60.43   53.62   33.90   39.84   54.74   51.03   39.53   45.78   70.47   68.63   88.43   89.53   85.95   99.52   95.57   64.91   62.71   79.87   64.28   
   1.60e3  8.262   10.13   12.98   26.51   31.49   40.09   26.45   21.92   24.84   24.76   45.11   55.29   51.60   49.02   53.94   42.18   12.70   30.29   38.27   38.55   59.25   54.16   57.78   44.79   42.71   46.90   42.82   44.21   42.28   39.84   42.75   55.07   63.61   55.38   19.13   27.98   70.02   70.06   71.09   55.57   82.64   77.31   70.16   49.81   43.40   66.12   65.34   60.73   50.25   83.56   73.85   59.85   78.48   22.83   90.05   93.17   95.83   79.46   71.03   74.47   75.19   66.06   63.78   94.62   74.95   63.31   51.38   53.83   68.71   52.11   60.59   52.32   67.06   62.42   55.38   35.01   41.15   56.53   52.71   40.83   47.28   72.78   70.88   91.33   92.47   88.76   102.8   98.70   67.04   64.76   82.49   66.39   
   1.70e3  8.516   10.44   13.37   27.32   32.46   41.33   27.26   22.59   25.61   25.52   46.50   56.99   53.18   50.53   55.60   43.48   13.09   31.22   39.45   39.74   61.07   55.82   59.56   46.16   44.03   48.34   44.13   45.57   43.58   41.07   44.06   56.76   65.57   57.08   19.72   28.84   72.17   72.21   73.28   57.28   85.18   79.69   72.32   51.35   44.73   68.16   67.35   62.60   51.80   86.13   76.13   61.70   80.89   23.53   92.82   96.03   98.78   81.91   73.22   76.77   77.51   68.09   65.74   97.54   77.25   65.26   52.96   55.49   70.82   53.71   62.46   53.93   69.13   64.34   57.08   36.08   42.42   58.27   54.33   42.08   48.73   75.02   73.06   94.14   95.31   91.50   105.9   101.7   69.10   66.76   85.03   68.43   
   1.80e3  8.763   10.74   13.76   28.11   33.40   42.53   28.05   23.25   26.35   26.26   47.85   58.65   54.73   51.99   57.21   44.74   13.47   32.13   40.59   40.89   62.84   57.44   61.29   47.50   45.30   49.74   45.41   46.89   44.84   42.26   45.34   58.41   67.47   58.73   20.29   29.68   74.26   74.30   75.40   58.94   87.65   82.00   74.41   52.84   46.03   70.13   69.30   64.42   53.30   88.62   78.33   63.48   83.24   24.22   95.51   98.82   101.6   84.28   75.34   78.99   79.76   70.07   67.65   100.4   79.49   67.15   54.49   57.10   72.87   55.27   64.27   55.50   71.13   66.20   58.74   37.13   43.64   59.96   55.90   43.30   50.14   77.20   75.18   96.87   98.08   94.15   109.0   104.7   71.11   68.69   87.50   70.42   
   2.00e3  9.237   11.32   14.51   29.63   35.20   44.83   29.57   24.50   27.78   27.68   50.44   61.82   57.69   54.81   60.31   47.16   14.20   33.86   42.79   43.10   66.24   60.55   64.60   50.07   47.76   52.43   47.87   49.43   47.27   44.54   47.79   61.57   71.12   61.91   21.39   31.28   78.28   78.32   79.48   62.13   92.39   86.43   78.44   55.69   48.52   73.93   73.05   67.90   56.18   93.42   82.57   66.92   87.74   25.53   100.7   104.2   107.1   88.84   79.42   83.26   84.07   73.86   71.31   105.8   83.79   70.78   57.44   60.19   76.82   58.26   67.74   58.50   74.98   69.78   61.91   39.14   46.01   63.21   58.93   45.65   52.86   81.38   79.24   102.1   103.4   99.24   114.9   110.4   74.95   72.41   92.23   74.23   
   2.25e3  9.797   12.01   15.39   31.43   37.34   47.55   31.36   25.99   29.46   29.36   53.50   65.57   61.19   58.13   63.97   50.02   15.06   35.92   45.38   45.71   70.26   64.22   68.52   53.11   50.65   55.61   50.77   52.43   50.14   47.25   50.69   65.30   75.43   65.67   22.68   33.18   83.03   83.08   84.30   65.90   97.99   91.67   83.20   59.07   51.46   78.41   77.48   72.02   59.59   99.09   87.58   70.98   93.06   27.07   106.8   110.5   113.6   94.23   84.23   88.31   89.17   78.34   75.63   112.2   88.88   75.08   60.93   63.84   81.47   61.79   71.85   62.05   79.53   74.02   65.67   41.51   48.80   67.04   62.50   48.41   56.06   86.31   84.05   108.3   109.7   105.3   121.9   117.0   79.50   76.80   97.83   78.73   
   2.50e3  10.33   12.66   16.22   33.13   39.36   50.12   33.06   27.40   31.05   30.94   56.39   69.11   64.50   61.27   67.43   52.73   15.88   37.86   47.84   48.19   74.06   67.70   72.23   55.98   53.39   58.62   53.52   55.27   52.85   49.80   53.43   68.83   79.51   69.22   23.91   34.97   87.52   87.57   88.86   69.46   103.3   96.63   87.70   62.27   54.25   82.65   81.67   75.91   62.81   104.4   92.32   74.82   98.10   28.54   112.6   116.5   119.8   99.33   88.79   93.09   93.99   82.57   79.72   118.3   93.68   79.14   64.22   67.29   85.88   65.13   75.74   65.40   83.83   78.02   69.22   43.76   51.44   70.67   65.88   51.03   59.10   90.98   88.60   114.2   115.6   111.0   128.5   123.4   83.80   80.95   103.1   82.99   
   2.75e3  10.83   13.28   17.01   34.75   41.28   52.56   34.67   28.73   32.57   32.46   59.14   72.49   67.64   64.27   70.72   55.30   16.65   39.71   50.17   50.54   77.67   71.00   75.75   58.71   56.00   61.48   56.13   57.96   55.43   52.23   56.04   72.19   83.40   72.60   25.08   36.68   91.79   91.84   93.20   72.85   108.3   101.3   91.98   65.31   56.89   86.69   85.66   79.62   65.88   109.5   96.82   78.47   102.9   29.93   118.1   122.1   125.6   104.2   93.12   97.64   98.58   86.60   83.61   124.1   98.26   83.00   67.36   70.58   90.07   68.31   79.44   68.60   87.92   81.83   72.60   45.89   53.95   74.12   69.10   53.52   61.98   95.42   92.92   119.7   121.2   116.4   134.7   129.4   87.89   84.90   108.1   87.04   
   3.00e3  11.31   13.87   17.77   36.29   43.11   54.90   36.21   30.01   34.02   33.90   61.77   75.71   70.65   67.12   73.86   57.76   17.39   41.48   52.40   52.79   81.13   74.16   79.12   61.32   58.49   64.21   58.63   60.54   57.89   54.55   58.53   75.40   87.10   75.83   26.19   38.31   95.87   95.93   97.34   76.09   113.2   105.9   96.07   68.21   59.42   90.54   89.47   83.16   68.81   114.4   101.1   81.96   107.5   31.26   123.3   127.6   131.2   108.8   97.26   102.0   103.0   90.45   87.33   129.6   102.6   86.69   70.35   73.72   94.08   71.35   82.97   71.65   91.83   85.47   75.83   47.94   56.35   77.41   72.17   55.90   64.74   99.66   97.05   125.1   126.6   121.5   140.7   135.2   91.80   88.68   113.0   90.91   
   3.25e3  11.77   14.43   18.49   37.78   44.87   57.14   37.69   31.24   35.41   35.28   64.30   78.80   73.54   69.86   76.88   60.12   18.10   43.17   54.54   54.94   84.44   77.18   82.35   63.83   60.88   66.84   61.02   63.01   60.26   56.78   60.92   78.48   90.66   78.92   27.26   39.88   99.79   99.84   101.3   79.20   117.8   110.2   99.99   71.00   61.85   94.24   93.12   86.56   71.62   119.1   105.3   85.31   111.9   32.54   128.3   132.8   136.6   113.3   101.2   106.1   107.2   94.15   90.90   134.9   106.8   90.23   73.22   76.73   97.92   74.26   86.36   74.57   95.58   88.96   78.92   49.89   58.65   80.57   75.12   58.19   67.38   103.7   101.0   130.2   131.8   126.5   146.5   140.7   95.55   92.30   117.6   94.62   
   3.50e3  12.22   14.98   19.19   39.20   46.57   59.30   39.12   32.42   36.74   36.61   66.72   81.78   76.31   72.50   79.78   62.39   18.78   44.80   56.60   57.01   87.63   80.10   85.46   66.24   63.17   69.36   63.33   65.39   62.53   58.93   63.22   81.44   94.08   81.90   28.29   41.38   103.6   103.6   105.1   82.19   122.2   114.3   103.8   73.68   64.19   97.80   96.63   89.82   74.32   123.6   109.2   88.53   116.1   33.77   133.2   137.8   141.7   117.5   105.1   110.1   111.2   97.70   94.33   139.9   110.8   93.64   75.99   79.62   101.6   77.07   89.62   77.39   99.19   92.31   81.90   51.78   60.86   83.61   77.96   60.38   69.92   107.6   104.8   135.1   136.8   131.3   152.0   146.0   99.16   95.78   122.0   98.19   
   3.75e3  12.65   15.50   19.86   40.58   48.20   61.38   40.49   33.55   38.03   37.90   69.07   84.65   78.99   75.05   82.58   64.58   19.44   46.37   58.59   59.02   90.70   82.91   88.46   68.56   65.39   71.79   65.55   67.69   64.73   60.99   65.44   84.30   97.39   84.78   29.28   42.83   107.2   107.2   108.8   85.07   126.5   118.4   107.4   76.26   66.44   101.2   100.0   92.98   76.93   127.9   113.1   91.63   120.1   34.95   137.9   142.6   146.7   121.7   108.7   114.0   115.1   101.1   97.64   144.9   114.7   96.92   78.66   82.42   105.2   79.77   92.76   80.10   102.7   95.55   84.78   53.59   63.00   86.55   80.69   62.50   72.38   111.4   108.5   139.8   141.6   135.9   157.4   151.1   102.6   99.15   126.3   101.6   
   4.00e3  13.06   16.01   20.52   41.91   49.78   63.40   41.82   34.65   39.28   39.14   71.33   87.42   81.58   77.51   85.29   66.70   20.08   47.89   60.51   60.95   93.68   85.63   91.36   70.81   67.54   74.15   67.70   69.91   66.85   62.99   67.59   87.07   100.6   87.56   30.24   44.24   110.7   110.8   112.4   87.86   130.7   122.2   110.9   78.76   68.62   104.5   103.3   96.02   79.45   132.1   116.8   94.64   124.1   36.10   142.4   147.3   151.5   125.6   112.3   117.8   118.9   104.4   100.8   149.6   118.5   100.1   81.24   85.12   108.6   82.39   95.80   82.73   106.0   98.69   87.56   55.35   65.06   89.39   83.34   64.55   74.75   115.1   112.1   144.4   146.2   140.3   162.5   156.1   106.0   102.4   130.4   105.0   
   4.50e3  13.86   16.98   21.76   44.45   52.80   67.24   44.35   36.76   41.66   41.52   75.66   92.73   86.53   82.21   90.46   70.74   21.30   50.80   64.18   64.65   99.36   90.82   96.90   75.11   71.63   78.65   71.81   74.15   70.91   66.82   71.69   92.35   106.7   92.87   32.08   46.92   117.4   117.5   119.2   93.19   138.6   129.6   117.7   83.54   72.78   110.9   109.6   101.8   84.27   140.1   123.9   100.4   131.6   38.29   151.0   156.2   160.7   133.3   119.1   124.9   126.1   110.8   107.0   158.7   125.7   106.2   86.16   90.28   115.2   87.39   101.6   87.75   112.5   104.7   92.87   58.71   69.01   94.81   88.39   68.47   79.28   122.1   118.9   153.2   155.1   148.9   172.4   165.5   112.4   108.6   138.3   111.3   
   5.00e3  14.60   17.90   22.94   46.86   55.66   70.88   46.75   38.74   43.92   43.76   79.75   97.74   91.21   86.66   95.36   74.57   22.45   53.54   67.65   68.15   104.7   95.74   102.1   79.17   75.51   82.90   75.69   78.16   74.74   70.43   75.57   97.34   112.5   97.89   33.81   49.46   123.8   123.8   125.7   98.23   146.1   136.7   124.0   88.06   76.72   116.9   115.5   107.4   88.83   147.7   130.6   105.8   138.7   40.36   159.2   164.7   169.4   140.5   125.6   131.7   132.9   116.8   112.7   167.3   132.5   111.9   90.82   95.17   121.5   92.11   107.1   92.50   118.6   110.3   97.89   61.88   72.74   99.94   93.17   72.17   83.57   128.7   125.3   161.4   163.5   156.9   181.7   174.5   118.5   114.5   145.8   117.4   
   5.50e3  15.32   18.78   24.06   49.14   58.38   74.34   49.03   40.63   46.06   45.90   83.64   102.5   95.66   90.88   100.0   78.21   23.55   56.16   70.95   71.47   109.8   100.4   107.1   83.03   79.19   86.95   79.38   81.97   78.39   73.87   79.25   102.1   117.9   102.7   35.46   51.87   129.8   129.9   131.8   103.0   153.2   143.3   130.1   92.36   80.46   122.6   121.1   112.6   93.17   154.9   136.9   111.0   145.5   42.33   167.0   172.7   177.7   147.3   131.7   138.1   139.4   122.5   118.2   175.4   139.0   117.4   95.26   99.81   127.4   96.61   112.3   97.01   124.3   115.7   102.7   64.91   76.29   104.8   97.72   75.69   87.65   134.9   131.4   169.3   171.4   164.6   190.6   183.0   124.3   120.1   152.9   123.1   
   6.00e3  16.00   19.61   25.13   51.33   60.97   77.64   51.21   42.44   48.11   47.94   87.36   107.1   99.92   94.93   104.5   81.69   24.59   58.65   74.11   74.65   114.7   104.9   111.9   86.73   82.71   90.81   82.91   85.62   81.87   77.15   82.78   106.6   123.2   107.2   37.04   54.18   135.6   135.7   137.7   107.6   160.0   149.7   135.9   96.46   84.04   128.0   126.5   117.6   97.31   161.8   143.0   115.9   152.0   44.21   174.4   180.4   185.6   153.9   137.6   144.2   145.6   127.9   123.5   183.2   145.1   122.6   99.49   104.2   133.0   100.9   117.3   101.3   129.9   120.9   107.2   67.79   79.68   109.5   102.1   79.06   91.55   140.9   137.3   176.9   179.1   171.9   199.0   191.1   129.8   125.4   159.7   128.6   
   6.50e3  16.65   20.41   26.15   53.42   63.46   80.81   53.31   44.17   50.07   49.90   90.93   111.4   104.0   98.80   108.7   85.02   25.60   61.05   77.13   77.70   119.4   109.2   116.5   90.27   86.09   94.52   86.30   89.11   85.22   80.30   86.16   111.0   128.2   111.6   38.55   56.39   141.1   141.2   143.3   112.0   166.6   155.8   141.4   100.4   87.47   133.3   131.7   122.4   101.3   168.4   148.9   120.6   158.2   46.02   181.5   187.8   193.2   160.2   143.2   150.1   151.6   133.1   128.5   190.7   151.1   127.6   103.6   108.5   138.5   105.0   122.1   105.5   135.2   125.8   111.6   70.56   82.94   113.9   106.2   82.29   95.29   146.7   142.9   184.1   186.4   178.9   207.2   198.9   135.1   130.5   166.3   133.8   
   7.00e3  17.28   21.18   27.14   55.44   65.86   83.86   55.32   45.84   51.97   51.78   94.36   115.6   107.9   102.5   112.8   88.23   26.57   63.35   80.04   80.63   123.9   113.3   120.9   93.67   89.34   98.09   89.56   92.48   88.43   83.33   89.41   115.2   133.1   115.8   40.01   58.52   146.4   146.5   148.7   116.2   172.8   161.7   146.7   104.2   90.77   138.3   136.7   127.0   105.1   174.8   154.5   125.2   164.2   47.75   188.4   194.9   200.5   166.2   148.6   155.8   157.3   138.2   133.4   197.9   156.8   132.4   107.5   112.6   143.7   109.0   126.7   109.4   140.3   130.6   115.8   73.22   86.07   118.2   110.2   85.39   98.89   152.2   148.3   191.0   193.4   185.7   215.0   206.4   140.2   135.5   172.5   138.9   
   8.00e3  18.47   22.64   29.01   59.27   70.41   89.65   59.14   49.01   55.55   55.36   100.9   123.6   115.4   109.6   120.6   94.32   28.40   67.73   85.57   86.20   132.5   121.1   129.2   100.1   95.51   104.9   95.74   98.86   94.54   89.09   95.58   123.1   142.2   123.8   42.77   62.56   156.6   156.6   159.0   124.3   184.8   172.9   156.9   111.4   97.04   147.9   146.1   135.8   112.4   186.8   165.1   133.8   175.5   51.05   201.4   208.3   214.3   177.7   158.8   166.5   168.1   147.7   142.6   211.6   167.6   141.6   114.9   120.4   153.6   116.5   135.5   117.0   150.0   139.6   123.8   78.28   92.01   126.4   117.9   91.29   105.7   162.8   158.5   204.2   206.8   198.5   229.8   220.7   149.9   144.8   184.5   148.5   
   9.00e3  19.59   24.02   30.77   62.86   74.68   95.09   62.72   51.98   58.92   58.71   107.0   131.1   122.4   116.3   127.9   100.0   30.12   71.84   90.76   91.43   140.5   128.4   137.0   106.2   101.3   111.2   101.5   104.9   100.3   94.49   101.4   130.6   150.9   131.3   45.37   66.36   166.1   166.2   168.6   131.8   196.0   183.3   166.4   118.1   102.9   156.8   155.0   144.0   119.2   198.2   175.2   142.0   186.1   54.15   213.6   221.0   227.3   188.5   168.5   176.6   178.3   156.7   151.3   224.4   177.8   150.2   121.9   127.7   162.9   123.6   143.7   124.1   159.1   148.0   131.3   83.03   97.59   134.1   125.0   96.83   112.1   172.6   168.1   216.6   219.3   210.5   243.8   234.1   159.0   153.6   195.7   157.5   
   10.0e3  20.65   25.32   32.44   66.26   78.72   100.2   66.12   54.79   62.11   61.89   112.8   138.2   129.0   122.5   134.9   105.5   31.75   75.72   95.67   96.37   148.1   135.4   144.5   112.0   106.8   117.2   107.0   110.5   105.7   99.60   106.9   137.7   159.0   138.4   47.82   69.95   175.0   175.1   177.7   138.9   206.6   193.3   175.4   124.5   108.5   165.3   163.3   151.8   125.6   208.9   184.6   149.6   196.2   57.08   225.1   232.9   239.6   198.7   177.6   186.2   188.0   165.1   159.4   236.6   187.4   158.3   128.4   134.6   171.8   130.3   151.5   130.8   167.7   156.0   138.4   87.52   102.9   141.3   131.8   102.1   118.2   182.0   177.2   228.3   231.2   221.9   257.0   246.8   167.6   161.9   206.2   166.0   
   11.0e3  21.66   26.55   34.02   69.50   82.56   105.1   69.34   57.47   65.14   64.91   118.3   145.0   135.3   128.5   141.4   110.6   33.30   79.42   100.3   101.1   155.3   142.0   151.5   117.4   112.0   123.0   112.3   115.9   110.9   104.5   112.1   144.4   166.8   145.2   50.16   73.36   183.6   183.7   186.4   145.7   216.7   202.7   184.0   130.6   113.8   173.4   171.3   159.2   131.8   219.1   193.6   156.9   205.8   59.86   236.1   244.3   251.3   208.4   186.2   195.3   197.2   173.2   167.2   248.1   196.5   166.0   134.7   141.2   180.1   136.6   158.9   137.2   175.8   163.7   145.2   91.79   107.9   148.2   138.2   107.0   124.0   190.8   185.8   239.5   242.5   232.7   269.5   258.8   175.8   169.8   216.3   174.1   
   12.0e3  22.63   27.73   35.53   72.59   86.23   109.8   72.43   60.02   68.04   67.80   123.5   151.4   141.3   134.2   147.7   115.5   34.78   82.95   104.8   105.6   162.3   148.3   158.2   122.6   117.0   128.4   117.3   121.1   115.8   109.1   117.1   150.8   174.2   151.7   52.39   76.62   191.7   191.9   194.7   152.2   226.3   211.7   192.1   136.4   118.8   181.1   178.9   166.3   137.6   228.8   202.3   163.9   214.9   62.52   246.6   255.1   262.5   217.6   194.5   204.0   205.9   180.9   174.7   259.1   205.2   173.4   140.7   147.4   188.2   142.7   165.9   143.3   183.7   170.9   151.7   95.87   112.7   154.8   144.3   111.8   129.5   199.3   194.1   250.1   253.2   243.1   281.5   270.3   183.6   177.4   225.9   181.8   
   13.0e3  23.55   28.87   36.99   75.55   89.75   114.3   75.39   62.47   70.82   70.56   128.6   157.6   147.1   139.7   153.8   120.2   36.20   86.34   109.1   109.9   168.9   154.4   164.7   127.7   121.8   133.7   122.0   126.0   120.5   113.6   121.8   157.0   181.3   157.8   54.52   79.75   199.6   199.7   202.6   158.4   235.5   220.4   200.0   142.0   123.7   188.5   186.2   173.1   143.2   238.2   210.5   170.6   223.7   65.08   256.7   265.6   273.2   226.5   202.5   212.3   214.3   188.3   181.8   269.7   213.6   180.5   146.4   153.5   195.8   148.5   172.7   149.1   191.2   177.9   157.8   99.79   117.3   161.1   150.2   116.4   134.8   207.5   202.0   260.3   263.6   253.0   293.0   281.3   191.1   184.6   235.1   189.2   
   14.0e3  24.44   29.96   38.38   78.41   93.14   118.6   78.23   64.83   73.49   73.23   133.4   163.6   152.6   145.0   159.6   124.8   37.57   89.60   113.2   114.0   175.3   160.2   170.9   132.5   126.3   138.7   126.7   130.8   125.1   117.9   126.4   162.9   188.2   163.8   56.58   82.76   207.1   207.2   210.3   164.4   244.4   228.7   207.5   147.4   128.4   195.6   193.3   179.6   148.6   247.2   218.5   177.1   232.1   67.53   266.4   275.6   283.5   235.1   210.1   220.3   222.4   195.4   188.7   279.9   221.7   187.3   152.0   159.2   203.2   154.1   179.2   154.8   198.4   184.6   163.8   103.6   121.7   167.2   155.9   120.8   139.8   215.3   209.7   270.1   273.5   262.6   304.0   292.0   198.3   191.6   244.0   196.4   
   15.0e3  25.30   31.01   39.73   81.16   96.41   122.8   80.98   67.11   76.07   75.80   138.1   169.3   158.0   150.1   165.2   129.2   38.89   92.74   117.2   118.0   181.4   165.8   176.9   137.1   130.8   143.6   131.1   135.4   129.5   122.0   130.9   168.6   194.8   169.6   58.57   85.67   214.4   214.5   217.7   170.1   253.0   236.7   214.8   152.5   132.9   202.5   200.1   186.0   153.9   255.8   226.1   183.3   240.3   69.90   275.7   285.3   293.4   243.3   217.5   228.0   230.2   202.3   195.3   289.7   229.5   193.8   157.3   164.8   210.4   159.5   185.5   160.2   205.3   191.1   169.6   107.2   126.0   173.1   161.4   125.0   144.8   222.9   217.0   279.6   283.1   271.8   314.7   302.2   205.3   198.3   252.6   203.3   
   16.0e3  26.13   32.02   41.03   83.82   99.57   126.8   83.63   69.31   78.56   78.28   142.7   174.8   163.2   155.0   170.6   133.4   40.16   95.78   121.0   121.9   187.4   171.3   182.7   141.6   135.1   148.3   135.4   139.8   133.7   126.0   135.2   174.1   201.2   175.1   60.49   88.48   221.4   221.5   224.8   175.7   261.3   244.5   221.9   157.5   137.2   209.1   206.6   192.0   158.9   264.2   233.5   189.3   248.2   72.20   284.8   294.6   303.1   251.3   224.6   235.5   237.8   208.9   201.7   299.2   237.0   200.2   162.5   170.2   217.3   164.8   191.6   165.5   212.1   197.4   175.1   110.7   130.1   178.8   166.7   129.1   149.5   230.2   224.1   288.8   292.4   280.7   325.0   312.1   212.0   204.8   260.9   209.9   
   17.0e3  26.93   33.01   42.29   86.40   102.6   130.7   86.21   71.44   80.98   80.69   147.1   180.2   168.2   159.8   175.8   137.5   41.40   98.73   124.7   125.7   193.1   176.5   188.3   146.0   139.2   152.9   139.6   144.1   137.8   129.9   139.3   179.5   207.3   180.5   62.35   91.20   228.2   228.4   231.7   181.1   269.4   252.0   228.7   162.4   141.5   215.5   213.0   198.0   163.8   272.4   240.7   195.1   255.8   74.42   293.5   303.7   312.4   259.0   231.5   242.8   245.1   215.3   207.9   308.4   244.3   206.4   167.5   175.5   224.0   169.8   197.5   170.6   218.6   203.4   180.5   114.1   134.1   184.3   171.8   133.1   154.1   237.2   231.0   297.7   301.4   289.3   335.0   321.7   218.5   211.1   268.9   216.4   
   18.0e3  27.71   33.97   43.52   88.90   105.6   134.5   88.71   73.51   83.33   83.03   151.3   185.5   173.1   164.4   180.9   141.5   42.60   101.6   128.4   129.3   198.7   181.6   193.8   150.2   143.3   157.3   143.6   148.3   141.8   133.6   143.4   184.7   213.4   185.7   64.16   93.85   234.8   235.0   238.4   186.4   277.2   259.3   235.3   167.1   145.6   221.8   219.1   203.7   168.5   280.3   247.7   200.8   263.2   76.58   302.0   312.5   321.4   266.5   238.2   249.8   252.2   221.6   213.9   317.4   251.4   212.3   172.3   180.6   230.4   174.8   203.2   175.5   224.9   209.3   185.7   117.4   138.0   189.6   176.8   136.9   158.6   244.1   237.7   306.3   310.2   297.7   344.7   331.1   224.9   217.2   276.7   222.7   
   20.0e3  29.21   35.80   45.87   93.71   111.3   141.8   93.51   77.49   87.84   87.52   159.5   195.5   182.4   173.3   190.7   149.1   44.90   107.1   135.3   136.3   209.5   191.5   204.3   158.3   151.0   165.8   151.4   156.3   149.5   140.9   151.1   194.7   224.9   195.8   67.63   98.92   247.5   247.7   251.3   196.5   292.2   273.3   248.0   176.1   153.4   233.8   231.0   214.7   177.7   295.4   261.1   211.6   277.5   80.72   318.4   329.4   338.8   280.9   251.1   263.3   265.9   233.6   225.5   334.5   265.0   223.8   181.6   190.3   242.9   184.2   214.2   185.0   237.1   220.7   195.8   123.8   145.5   199.9   186.3   144.3   167.1   257.3   250.6   322.9   326.9   313.8   363.4   349.0   237.0   229.0   291.7   234.7   
   22.5e3  30.98   37.98   48.66   99.40   118.1   150.4   99.18   82.19   93.17   92.83   169.2   207.3   193.5   183.8   202.3   158.2   47.63   113.6   143.5   144.6   222.2   203.1   216.7   167.9   160.2   175.9   160.6   165.8   158.5   149.4   160.3   206.5   238.5   207.7   71.73   104.9   262.6   262.7   266.6   208.4   309.9   289.9   263.1   186.8   162.7   248.0   245.0   227.7   188.4   313.3   277.0   224.5   294.3   85.61   337.7   349.4   359.4   298.0   266.4   279.3   282.0   247.7   239.2   354.8   281.0   237.4   192.7   201.9   257.6   195.4   227.2   196.2   251.5   234.1   207.7   131.3   154.3   212.0   197.7   153.1   177.3   272.9   265.8   342.5   346.8   332.9   385.4   370.1   251.4   242.9   309.3   249.0   
   25.0e3  32.66   40.03   51.29   104.8   124.5   158.5   104.5   86.64   98.21   97.86   178.3   218.6   204.0   193.8   213.2   166.7   50.20   119.7   151.3   152.4   234.2   214.1   228.4   177.0   168.8   185.4   169.2   174.8   167.1   157.5   169.0   217.7   251.4   218.9   75.61   110.6   276.8   276.9   281.0   219.7   326.6   305.6   277.3   196.9   171.5   261.4   258.3   240.1   198.6   330.3   291.9   236.6   310.2   90.25   356.0   368.3   378.8   314.1   280.8   294.4   297.2   261.1   252.1   374.0   296.3   250.3   203.1   212.8   271.6   206.0   239.5   206.8   265.1   246.7   218.9   138.4   162.7   223.5   208.3   161.4   186.9   287.7   280.2   361.0   365.5   350.9   406.3   390.2   265.0   256.0   326.1   262.4   
   27.5e3  34.25   41.98   53.79   109.9   130.5   166.2   109.6   90.86   103.0   102.6   187.0   229.2   213.9   203.2   223.6   174.9   52.66   125.6   158.7   159.8   245.6   224.5   239.5   185.7   177.1   194.4   177.5   183.3   175.3   165.2   177.2   228.3   263.7   229.6   79.30   116.0   290.3   290.4   294.7   230.4   342.6   320.5   290.9   206.5   179.9   274.1   270.9   251.8   208.3   346.4   306.2   248.1   325.4   94.65   373.3   386.2   397.3   329.4   294.5   308.7   311.7   273.9   264.4   392.3   310.7   262.5   213.0   223.2   284.8   216.0   251.2   216.9   278.0   258.8   229.6   145.1   170.6   234.4   218.5   169.3   196.0   301.7   293.8   378.6   383.4   368.0   426.1   409.2   277.9   268.5   342.0   275.2   
   30.0e3  35.78   43.85   56.19   114.8   136.3   173.6   114.5   94.91   107.6   107.2   195.3   239.4   223.4   212.3   233.6   182.7   55.00   131.2   165.7   166.9   256.5   234.5   250.2   193.9   185.0   203.1   185.4   191.4   183.1   172.5   185.1   238.4   275.4   239.8   82.83   121.2   303.2   303.3   307.8   240.6   357.8   334.7   303.8   215.7   187.9   286.3   282.9   263.0   217.6   361.8   319.8   259.2   339.8   98.86   389.9   403.4   415.0   344.1   307.6   322.5   325.6   286.0   276.2   409.7   324.5   274.1   222.5   233.1   297.5   225.6   262.4   226.6   290.4   270.3   239.8   151.6   178.2   244.8   228.2   176.8   204.7   315.2   306.9   395.5   400.4   384.4   445.1   427.4   290.3   280.4   357.2   287.5   
   32.5e3  37.24   45.64   58.48   119.5   141.9   180.7   119.2   98.78   112.0   111.6   203.3   249.2   232.5   220.9   243.1   190.1   57.24   136.5   172.5   173.7   267.0   244.1   260.4   201.8   192.5   211.4   193.0   199.3   190.6   179.6   192.7   248.2   286.7   249.6   86.21   126.1   315.6   315.7   320.4   250.4   372.4   348.4   316.2   224.5   195.6   298.0   294.5   273.7   226.5   376.6   332.9   269.8   353.7   102.9   405.9   419.9   431.9   358.1   320.1   335.6   338.9   297.7   287.4   426.5   337.8   285.3   231.6   242.6   309.7   234.8   273.1   235.8   302.3   281.3   249.6   157.8   185.5   254.8   237.5   184.0   213.1   328.0   319.4   411.6   416.8   400.1   463.2   444.8   302.2   291.9   371.8   299.2   
   35.0e3  38.64   47.36   60.69   124.0   147.3   187.5   123.7   102.5   116.2   115.8   211.0   258.6   241.3   229.3   252.3   197.3   59.40   141.7   179.0   180.3   277.1   253.3   270.2   209.5   199.8   219.3   200.3   206.8   197.7   186.3   199.9   257.5   297.5   259.0   89.47   130.9   327.5   327.7   332.5   259.9   386.5   361.6   328.1   233.0   203.0   309.3   305.6   284.0   235.0   390.8   345.4   279.9   367.1   106.8   421.2   435.7   448.2   371.7   332.2   348.3   351.7   309.0   298.3   442.6   350.5   296.1   240.3   251.8   321.3   243.7   283.4   244.7   313.7   291.9   259.0   163.7   192.5   264.4   246.5   190.9   221.1   340.4   331.5   427.1   432.5   415.2   480.7   461.6   313.6   302.9   385.8   310.5   
   37.5e3  40.00   49.03   62.82   128.3   152.4   194.1   128.0   106.1   120.3   119.8   218.4   267.7   249.8   237.3   261.1   204.2   61.49   146.6   185.3   186.6   286.8   262.2   279.7   216.8   206.8   227.0   207.3   214.0   204.7   192.9   206.9   266.6   308.0   268.1   92.61   135.5   339.0   339.2   344.2   269.0   400.1   374.3   339.6   241.2   210.1   320.1   316.3   294.0   243.3   404.5   357.5   289.8   380.0   110.5   436.0   451.0   464.0   384.7   343.9   360.5   364.0   319.8   308.8   458.1   362.8   306.5   248.7   260.6   332.6   252.3   293.3   253.3   324.7   302.2   268.1   169.5   199.2   273.7   255.2   197.7   228.9   352.4   343.1   442.1   447.7   429.7   497.6   477.8   324.6   313.5   399.4   321.4   
   40.0e3  41.31   50.63   64.88   132.5   157.4   200.5   132.2   109.6   124.2   123.8   225.6   276.5   258.0   245.1   269.7   210.9   63.51   151.4   191.3   192.7   296.2   270.8   288.9   223.9   213.6   234.5   214.1   221.1   211.4   199.2   213.7   275.3   318.1   276.9   95.65   139.9   350.1   350.3   355.4   277.8   413.2   386.5   350.8   249.1   217.0   330.6   326.7   303.7   251.3   417.8   369.3   299.3   392.4   114.2   450.3   465.8   479.2   397.3   355.2   372.4   376.0   330.3   318.9   473.1   374.7   316.5   256.9   269.2   343.5   260.5   303.0   261.6   335.3   312.1   276.9   175.0   205.7   282.7   263.5   204.1   236.4   363.9   354.4   456.6   462.4   443.8   513.9   493.5   335.2   323.8   412.5   332.0   
   45.0e3  43.82   53.71   68.81   140.6   167.0   212.6   140.3   116.2   131.8   131.3   239.2   293.2   273.6   260.0   286.1   223.7   67.36   160.6   202.9   204.4   314.2   287.2   306.4   237.5   226.5   248.7   227.1   234.5   224.2   211.3   226.7   292.0   337.4   293.7   101.4   148.4   371.3   371.5   377.0   294.7   438.2   410.0   372.1   264.2   230.1   350.7   346.5   322.1   266.5   443.1   391.7   317.4   416.2   121.1   477.6   494.1   508.2   421.4   376.7   395.0   398.8   350.3   338.2   501.8   397.5   335.7   272.5   285.5   364.4   276.3   321.3   277.5   355.7   331.0   293.7   185.7   218.2   299.8   279.5   216.5   250.7   386.0   375.9   484.3   490.4   470.7   545.1   523.4   355.5   343.5   437.5   352.1   
   50.0e3  46.19   56.61   72.53   148.2   176.0   224.1   147.8   122.5   138.9   138.4   252.2   309.1   288.4   274.0   301.5   235.8   71.00   169.3   213.9   215.5   331.2   302.7   323.0   250.4   238.8   262.2   239.4   247.2   236.4   222.7   239.0   307.8   355.6   309.6   106.9   156.4   391.4   391.6   397.4   310.6   461.9   432.2   392.2   278.5   242.6   369.6   365.2   339.5   280.9   467.1   412.9   334.6   438.7   127.6   503.4   520.8   535.7   444.2   397.1   416.3   420.4   369.3   356.5   529.0   419.0   353.9   287.2   300.9   384.1   291.3   338.7   292.5   374.9   348.9   309.6   195.7   230.0   316.0   294.6   228.2   264.3   406.9   396.2   510.5   516.9   496.2   574.6   551.8   374.8   362.0   461.2   371.1   
   55.0e3  48.44   59.37   76.07   155.4   184.6   235.1   155.1   128.5   145.7   145.1   264.5   324.2   302.5   287.4   316.3   247.3   74.47   177.6   224.4   226.0   347.4   317.5   338.8   262.6   250.4   274.9   251.0   259.2   247.9   233.6   250.6   322.9   373.0   324.7   112.2   164.0   410.5   410.7   416.8   325.8   484.5   453.3   411.3   292.1   254.4   387.7   383.1   356.1   294.6   489.9   433.0   350.9   460.1   133.9   528.0   546.2   561.9   465.9   416.5   436.6   440.9   387.3   373.9   554.8   439.4   371.2   301.2   315.6   402.8   305.5   355.2   306.8   393.2   365.9   324.7   205.2   241.3   331.5   309.0   239.4   277.2   426.7   415.6   535.4   542.2   520.4   602.6   578.7   393.1   379.7   483.7   389.2   
   60.0e3  50.60   62.01   79.46   162.3   192.8   245.5   162.0   134.2   152.1   151.6   276.3   338.6   316.0   300.2   330.3   258.3   77.78   185.5   234.3   236.1   362.8   331.6   353.8   274.3   261.6   287.2   262.2   270.7   258.9   244.0   261.8   337.2   389.5   339.1   117.1   171.3   428.8   429.0   435.3   340.3   506.0   473.4   429.6   305.0   265.8   404.9   400.1   371.9   307.7   511.7   452.3   366.5   480.6   139.8   551.5   570.5   586.9   486.6   435.0   456.1   460.5   404.5   390.6   579.4   458.9   387.7   314.6   329.7   420.7   319.1   371.0   320.4   410.7   382.2   339.1   214.4   252.0   346.2   322.8   250.0   289.5   445.7   434.0   559.3   566.3   543.6   629.4   604.4   410.5   396.6   505.2   406.6   
   65.0e3  52.66   64.55   82.70   168.9   200.7   255.6   168.6   139.7   158.4   157.8   287.5   352.4   328.9   312.4   343.8   268.9   80.96   193.1   243.9   245.7   377.6   345.2   368.3   285.4   272.2   298.9   272.9   281.8   269.5   253.9   272.5   351.0   405.4   352.9   121.9   178.3   446.3   446.5   453.1   354.2   526.7   492.7   447.2   317.5   276.6   421.4   416.4   387.1   320.3   532.6   470.7   381.5   500.2   145.5   574.0   593.8   610.8   506.5   452.7   474.7   479.3   421.0   406.5   603.1   477.7   403.5   327.5   343.1   437.9   332.1   386.2   333.5   427.5   397.8   353.0   223.1   262.3   360.3   335.9   260.2   301.3   463.9   451.8   582.1   589.4   565.8   655.1   629.1   427.3   412.8   525.8   423.2   
   70.0e3  54.65   66.98   85.82   175.3   208.3   265.2   174.9   145.0   164.3   163.7   298.4   365.7   341.3   324.2   356.8   279.0   84.01   200.3   253.1   255.0   391.9   358.2   382.2   296.2   282.5   310.2   283.2   292.4   279.7   263.5   282.7   364.2   420.8   366.3   126.5   185.1   463.1   463.4   470.2   367.5   546.6   511.3   464.0   329.5   287.0   437.4   432.2   401.7   332.4   552.7   488.5   395.9   519.1   151.0   595.6   616.2   633.9   525.6   469.8   492.6   497.4   436.9   421.8   625.9   495.7   418.8   339.8   356.1   454.4   344.7   400.8   346.1   443.6   412.8   366.3   231.6   272.2   373.9   348.6   270.0   312.7   481.4   468.8   604.1   611.6   587.1   679.8   652.9   443.4   428.4   545.6   439.1   
   80.0e3  58.42   71.61   91.75   187.4   222.6   283.5   187.0   155.0   175.7   175.0   319.0   391.0   364.8   346.6   381.4   298.3   89.81   214.2   270.6   272.6   418.9   382.9   408.6   316.7   302.0   331.6   302.8   312.6   299.0   281.7   302.3   389.4   449.8   391.6   135.3   197.8   495.1   495.4   502.7   392.9   584.3   546.6   496.1   352.2   306.9   467.6   462.0   429.4   355.3   590.8   522.2   423.2   555.0   161.4   636.8   658.8   677.6   561.9   502.3   526.6   531.7   467.1   451.0   669.1   529.9   447.7   363.3   380.7   485.8   368.4   428.4   370.0   474.2   441.3   391.6   247.5   291.0   399.8   372.7   288.7   334.3   514.7   501.2   645.8   653.9   627.7   726.8   697.9   474.1   457.9   583.3   469.5   
   90.0e3  61.97   75.95   97.32   198.8   236.1   300.7   198.4   164.4   186.3   185.7   338.3   414.7   387.0   367.6   404.6   316.4   95.26   227.2   287.0   289.1   444.4   406.2   433.4   335.9   320.4   351.7   321.1   331.6   317.1   298.8   320.6   413.0   477.1   415.3   143.5   209.8   525.1   525.4   533.2   416.8   619.8   579.8   526.2   373.6   325.5   495.9   490.0   455.5   376.9   626.7   553.9   448.9   588.6   171.2   675.4   698.7   718.8   596.0   532.7   558.5   564.0   495.4   478.3   709.7   562.1   474.8   385.3   403.8   515.3   390.8   454.4   392.4   503.0   468.1   415.3   262.6   308.6   424.0   395.3   306.2   354.6   545.9   531.6   684.9   693.6   665.7   770.9   740.3   502.8   485.7   618.7   497.9   
   100.e3  65.32   80.06   102.6   209.5   248.9   317.0   209.1   173.3   196.4   195.7   356.7   437.1   407.9   387.5   426.5   333.5   100.4   239.5   302.5   304.8   468.4   428.1   456.8   354.1   337.7   370.7   338.5   349.5   334.3   315.0   337.9   435.3   502.9   437.8   151.2   221.2   553.5   553.8   562.0   439.3   653.3   611.2   554.6   393.8   343.1   522.7   516.5   480.1   397.3   660.6   583.9   473.2   620.5   180.5   711.9   736.5   757.6   628.2   561.6   588.8   594.5   522.2   504.2   748.1   592.5   500.5   406.2   425.6   543.2   411.9   479.0   413.7   530.2   493.4   437.8   276.8   325.3   446.9   416.7   322.8   373.8   575.4   560.3   722.0   731.1   701.7   812.6   780.3   530.0   512.0   652.2   524.9   
   110.e3  68.51   83.97   107.6   219.8   261.1   332.4   219.3   181.7   206.0   205.3   374.1   458.5   427.8   406.4   447.3   349.8   105.3   251.1   317.3   319.6   491.3   449.0   479.1   371.3   354.2   388.8   355.0   366.6   350.6   330.3   354.4   456.6   527.4   459.1   158.6   232.0   580.5   580.9   589.4   460.7   685.2   641.0   581.7   413.0   359.8   548.3   541.7   503.6   416.7   692.8   612.4   496.3   650.8   189.3   746.7   772.5   794.6   658.9   589.0   617.5   623.5   547.7   528.8   784.6   621.4   524.9   426.0   446.4   569.7   432.0   502.4   433.8   556.1   517.5   459.2   290.3   341.2   468.7   437.0   338.5   392.0   603.5   587.7   757.2   766.8   736.0   852.2   818.4   555.9   537.0   684.0   550.5   
   120.e3  71.56   87.70   112.4   229.5   272.7   347.2   229.1   189.8   215.2   214.4   390.7   478.8   446.8   424.5   467.2   365.3   110.0   262.3   331.4   333.8   513.1   469.0   500.4   387.8   369.9   406.1   370.8   382.9   366.2   345.0   370.2   476.9   550.9   479.6   165.7   242.3   606.4   606.7   615.6   481.2   715.6   669.5   607.6   431.4   375.8   572.6   565.8   525.9   435.2   723.6   639.6   518.4   679.7   197.7   779.9   806.8   829.9   688.2   615.2   645.0   651.2   572.1   552.3   819.5   649.1   548.3   444.9   466.2   595.0   451.3   524.7   453.1   580.8   540.5   479.6   303.2   356.4   489.6   456.5   353.6   409.4   630.3   613.8   790.9   800.9   768.7   890.1   854.8   580.6   560.9   714.4   575.0   
   130.e3  74.48   91.28   117.0   238.9   283.8   361.4   238.4   197.6   224.0   223.1   406.6   498.4   465.1   441.9   486.2   380.2   114.5   273.0   344.9   347.5   534.0   488.2   520.8   403.7   385.0   422.7   385.9   398.5   381.1   359.1   385.3   496.4   573.4   499.1   172.4   252.2   631.1   631.5   640.8   500.9   744.9   696.8   632.4   449.0   391.2   596.0   588.9   547.4   453.0   753.2   665.7   539.5   707.5   205.8   811.7   839.8   863.8   716.3   640.3   671.3   677.8   595.4   574.9   852.9   675.6   570.7   463.1   485.3   619.3   469.7   546.2   471.6   604.5   562.6   499.2   315.6   370.9   509.6   475.1   368.0   426.1   656.1   638.9   823.2   833.6   800.1   926.5   889.7   604.3   583.8   743.6   598.4   
   140.e3  77.29   94.73   121.4   247.9   294.5   375.1   247.4   205.0   232.4   231.6   422.0   517.2   482.6   458.5   504.6   394.6   118.8   283.3   358.0   360.6   554.2   506.6   540.5   418.9   399.5   438.7   400.5   413.6   395.5   372.7   399.9   515.1   595.0   518.0   178.9   261.7   654.9   655.3   665.0   519.8   773.0   723.1   656.3   466.0   405.9   618.5   611.2   568.1   470.1   781.6   690.8   559.9   734.2   213.6   842.4   871.5   896.4   743.3   664.4   696.6   703.4   617.9   596.6   885.1   701.1   592.2   480.6   503.6   642.7   487.4   566.8   489.4   627.3   583.8   518.0   327.5   384.9   528.8   493.0   381.9   442.2   680.8   663.0   854.3   865.0   830.3   961.4   923.3   627.1   605.8   771.7   621.0   
   150.e3  80.00   98.05   125.6   256.6   304.9   388.2   256.1   212.2   240.6   239.7   436.8   535.4   499.6   474.6   522.3   408.4   123.0   293.3   370.5   373.2   573.7   524.4   559.5   433.6   413.6   454.1   414.6   428.1   409.4   385.8   413.9   533.2   615.9   536.2   185.2   270.9   677.9   678.3   688.3   538.0   800.1   748.5   679.3   482.3   420.2   640.2   632.6   588.0   486.6   809.0   715.1   579.5   760.0   221.1   871.9   902.1   927.9   769.4   687.8   721.1   728.1   639.6   617.5   916.2   725.7   613.0   497.5   521.2   665.2   504.5   586.7   506.6   649.3   604.3   536.2   339.0   398.4   547.4   510.3   395.3   457.8   704.7   686.3   884.3   895.4   859.5   995.2   955.7   649.1   627.1   798.7   642.8   
   160.e3  82.70   102.0   129.7   268.9   324.3   401.2   264.7   221.8   249.0   251.3   455.2   559.2   524.9   490.8   544.0   422.2   127.8   308.5   386.4   389.9   599.0   551.8   583.5   456.0   428.4   471.2   431.4   447.5   425.8   404.3   432.8   557.3   642.2   554.2   191.0   285.5   707.8   708.2   716.8   560.0   831.9   773.6   708.6   504.5   441.5   669.4   662.4   613.4   517.4   836.2   745.4   606.4   793.0   233.0   901.4   941.9   970.7   803.7   711.0   752.1   759.5   670.2   645.0   951.3   758.0   638.6   520.0   543.1   694.9   530.8   608.7   527.0   675.6   630.5   562.5   353.5   418.5   574.2   532.3   413.2   478.4   739.6   716.5   924.6   938.0   897.0   1.040e3 1.000e3 679.7   656.0   837.1   670.7   
   170.e3  88.82   108.1   132.8   291.9   371.3   423.4   284.5   238.6   258.1   273.8   484.7   599.9   577.4   540.2   577.0   452.1   170.3   339.3   412.4   419.1   642.1   609.9   622.5   502.2   445.5   492.6   457.4   482.4   448.4   439.7   466.9   601.7   685.0   591.9   194.9   317.6   758.6   758.9   761.1   593.6   877.6   826.3   757.6   545.4   486.0   721.4   718.6   656.0   591.4   861.7   794.4   656.0   848.2   259.4   975.6   1.008e3 1.049e3 863.1   767.6   803.3   811.4   729.5   692.7   997.2   814.4   677.7   560.2   577.5   746.9   587.2   635.5   557.0   713.6   674.3   615.1   377.8   460.0   627.4   570.4   445.6   515.6   808.8   768.6   996.7   1.021e3 960.8   1.120e3 1.082e3 739.0   710.4   911.4   717.2   
   180.e3  93.35   113.5   135.7   309.8   406.4   440.5   299.7   252.0   266.1   291.5   508.7   631.9   621.0   580.5   602.0   476.8   199.0   361.9   433.8   443.4   676.6   656.9   653.0   538.7   459.9   508.9   479.5   511.0   463.9   468.1   494.5   639.9   720.0   622.5   198.1   343.6   799.3   799.5   797.0   621.7   915.2   868.4   798.1   579.1   523.3   762.8   764.2   691.1   646.7   883.9   834.2   696.3   892.1   280.8   1.035e3 1.058e3 1.112e3 910.5   813.8   844.9   853.3   778.1   731.3   1.033e3 860.0   707.5   593.0   605.6   789.0   634.4   656.1   581.9   743.2   710.2   658.5   398.0   494.7   670.8   603.7   472.6   546.6   864.2   811.2   1.054e3 1.090e3 1.013e3 1.184e3 1.148e3 789.5   756.6   971.9   754.6   
   200.e3  99.23   122.5   141.6   335.0   451.7   465.8   321.4   272.1   280.7   316.6   546.0   678.4   688.1   640.6   637.0   516.6   227.1   390.6   468.1   482.3   728.9   726.7   697.3   591.3   485.8   532.0   517.2   555.3   482.4   510.0   536.8   703.2   775.3   669.9   204.4   382.3   860.7   861.0   853.5   668.3   976.3   933.0   862.4   632.0   581.6   824.8   833.7   746.9   717.1   926.3   896.6   758.0   958.3   313.4   1.125e3 1.128e3 1.208e3 981.8   885.9   909.9   917.9   852.8   791.1   1.089e3 930.3   750.0   644.3   651.0   854.1   708.9   688.0   623.4   787.5   766.8   725.3   431.0   550.1   737.1   659.9   516.2   596.4   946.1   878.5   1.140e3 1.200e3 1.097e3 1.281e3 1.246e3 872.5   832.7   1.064e3 811.8   
   225.e3  103.2   131.8   150.4   355.0   481.1   489.3   339.8   290.0   297.8   336.3   582.0   718.2   747.6   691.0   668.6   556.8   232.2   409.8   502.4   521.5   776.7   786.2   735.9   633.7   517.7   555.0   558.8   596.3   500.1   546.0   575.7   766.9   829.3   715.3   213.8   415.5   917.0   918.0   908.7   718.8   1.040e3 993.7   925.8   682.9   632.7   880.2   896.3   801.8   762.3   981.4   957.2   814.8   1.019e3 343.4   1.205e3 1.192e3 1.296e3 1.047e3 954.8   972.6   979.5   920.4   847.6   1.147e3 995.9   787.3   693.4   698.3   915.4   779.6   721.7   669.0   830.2   822.4   786.1   465.5   603.3   797.7   717.5   560.3   646.5   1.016e3 945.2   1.216e3 1.307e3 1.180e3 1.369e3 1.333e3 956.6   910.3   1.147e3 865.6   
   250.e3  105.5   139.5   160.5   368.9   497.4   509.6   354.2   304.1   314.2   349.4   612.8   748.6   792.0   726.7   700.3   592.6   225.2   422.3   532.8   556.6   816.0   830.5   766.9   663.6   551.5   584.2   598.4   629.6   525.5   573.5   607.2   820.3   876.1   754.0   225.3   440.4   963.3   965.5   956.6   767.1   1.098e3 1.045e3 980.9   726.1   667.0   925.0   945.6   849.4   787.2   1.040e3 1.010e3 861.3   1.070e3 368.5   1.270e3 1.253e3 1.367e3 1.099e3 1.013e3 1.026e3 1.032e3 973.6   895.5   1.201e3 1.050e3 818.6   735.2   742.9   966.9   837.8   755.6   713.6   868.8   871.0   833.9   497.8   647.9   846.4   766.6   599.5   691.1   1.069e3 1.004e3 1.277e3 1.396e3 1.254e3 1.439e3 1.400e3 1.030e3 978.7   1.212e3 911.0   
   275.e3  107.4   146.3   171.2   380.6   509.8   529.4   367.8   317.0   329.8   359.6   641.8   775.8   828.5   755.9   737.2   627.4   217.2   434.2   562.2   590.9   852.5   868.4   795.7   688.8   587.5   623.4   637.9   659.6   556.9   597.7   636.1   867.4   920.6   790.4   238.4   461.8   1.007e3 1.010e3 1.002e3 816.3   1.155e3 1.093e3 1.033e3 766.7   689.1   966.4   989.4   894.4   806.8   1.100e3 1.060e3 904.0   1.118e3 392.7   1.330e3 1.317e3 1.431e3 1.149e3 1.068e3 1.077e3 1.083e3 1.020e3 940.8   1.257e3 1.099e3 849.7   774.5   788.2   1.015e3 891.0   792.5   759.5   908.0   917.6   876.1   530.4   689.0   890.8   811.0   637.7   734.5   1.114e3 1.062e3 1.333e3 1.478e3 1.326e3 1.504e3 1.460e3 1.099e3 1.044e3 1.270e3 954.0   
   300.e3  109.3   152.4   182.2   391.8   522.2   549.7   381.8   329.7   344.8   368.7   670.5   802.3   861.2   782.8   779.0   662.5   212.5   447.8   591.8   625.9   888.6   904.4   824.9   713.1   625.6   668.5   678.0   688.6   589.8   621.3   664.3   910.4   964.9   826.7   252.8   482.3   1.050e3 1.055e3 1.047e3 867.3   1.212e3 1.142e3 1.085e3 807.1   703.6   1.008e3 1.032e3 939.0   827.6   1.162e3 1.110e3 946.2   1.166e3 417.8   1.388e3 1.384e3 1.495e3 1.198e3 1.122e3 1.128e3 1.134e3 1.065e3 986.2   1.315e3 1.146e3 882.9   813.6   835.5   1.063e3 942.8   832.8   807.4   949.5   964.5   916.4   564.4   729.2   934.4   852.9   676.4   778.5   1.157e3 1.121e3 1.388e3 1.557e3 1.400e3 1.568e3 1.519e3 1.168e3 1.108e3 1.326e3 997.2   
   325.e3  111.4   158.0   193.2   403.4   536.3   570.8   396.5   342.7   359.3   377.6   699.7   829.4   892.1   809.7   824.1   698.7   212.3   464.1   622.2   662.1   925.6   940.5   855.5   738.2   665.5   716.0   718.9   717.7   623.1   645.5   693.0   950.9   1.010e3 863.5   268.3   503.1   1.094e3 1.102e3 1.094e3 920.5   1.271e3 1.191e3 1.137e3 848.3   718.1   1.051e3 1.074e3 984.2   852.1   1.224e3 1.162e3 989.3   1.216e3 444.8   1.448e3 1.454e3 1.559e3 1.248e3 1.177e3 1.180e3 1.187e3 1.109e3 1.033e3 1.376e3 1.192e3 918.8   853.6   885.2   1.112e3 994.9   876.7   857.4   993.7   1.013e3 956.7   600.1   769.8   978.9   893.5   716.2   823.8   1.200e3 1.182e3 1.444e3 1.637e3 1.476e3 1.633e3 1.579e3 1.237e3 1.174e3 1.382e3 1.042e3 
   350.e3  113.9   163.4   203.9   415.6   552.4   592.8   412.1   356.2   373.2   386.7   729.5   857.5   922.2   837.3   871.2   736.0   216.9   483.3   653.6   699.6   963.7   977.8   887.6   764.9   706.9   764.2   760.6   747.3   656.4   670.8   722.4   989.9   1.056e3 901.4   284.5   524.5   1.140e3 1.150e3 1.141e3 975.7   1.331e3 1.242e3 1.191e3 890.8   740.1   1.096e3 1.118e3 1.030e3 880.9   1.286e3 1.215e3 1.034e3 1.267e3 473.8   1.511e3 1.525e3 1.625e3 1.301e3 1.234e3 1.234e3 1.242e3 1.154e3 1.081e3 1.439e3 1.237e3 957.6   894.8   937.1   1.162e3 1.048e3 923.6   909.4   1.041e3 1.062e3 997.7   637.5   811.3   1.025e3 933.8   757.4   870.7   1.243e3 1.245e3 1.502e3 1.718e3 1.555e3 1.700e3 1.640e3 1.307e3 1.240e3 1.440e3 1.088e3 
   375.e3  116.6   168.6   214.2   428.6   570.5   615.5   428.6   370.3   386.7   396.0   759.8   886.5   951.9   865.8   919.6   774.6   225.8   505.3   686.0   738.5   1.003e3 1.016e3 921.4   793.4   749.5   812.4   803.0   777.5   690.0   697.2   752.6   1.029e3 1.104e3 940.2   301.4   546.8   1.187e3 1.200e3 1.189e3 1.033e3 1.391e3 1.294e3 1.246e3 934.5   773.2   1.144e3 1.162e3 1.077e3 914.1   1.348e3 1.270e3 1.080e3 1.321e3 504.9   1.575e3 1.599e3 1.693e3 1.356e3 1.292e3 1.289e3 1.299e3 1.200e3 1.131e3 1.503e3 1.283e3 998.9   937.1   991.0   1.214e3 1.102e3 973.1   963.0   1.090e3 1.113e3 1.040e3 676.4   853.7   1.072e3 973.8   799.9   919.1   1.289e3 1.311e3 1.563e3 1.800e3 1.637e3 1.769e3 1.704e3 1.378e3 1.308e3 1.500e3 1.136e3 
   400.e3  119.7   173.7   224.0   442.3   590.3   638.8   445.7   384.7   399.7   405.7   790.7   916.3   981.5   895.0   968.6   814.1   238.6   529.8   719.1   778.5   1.043e3 1.056e3 956.4   823.8   792.8   860.4   845.8   808.4   723.8   724.7   783.5   1.068e3 1.152e3 979.8   318.7   570.0   1.235e3 1.252e3 1.238e3 1.091e3 1.453e3 1.348e3 1.302e3 979.3   816.2   1.193e3 1.208e3 1.125e3 951.2   1.410e3 1.326e3 1.127e3 1.376e3 538.0   1.642e3 1.674e3 1.764e3 1.413e3 1.352e3 1.345e3 1.358e3 1.247e3 1.182e3 1.568e3 1.329e3 1.042e3 980.4   1.047e3 1.266e3 1.158e3 1.025e3 1.018e3 1.140e3 1.165e3 1.083e3 716.8   897.1   1.122e3 1.014e3 843.5   968.7   1.335e3 1.379e3 1.625e3 1.884e3 1.721e3 1.840e3 1.769e3 1.451e3 1.378e3 1.561e3 1.185e3 
   450.e3  126.5   183.5   242.7   471.3   633.7   685.9   481.4   414.8   424.2   426.0   853.0   977.5   1.040e3 955.0   1.067e3 895.6   273.4   584.8   787.2   861.2   1.125e3 1.139e3 1.030e3 889.4   881.0   955.2   932.0   871.5   792.0   782.6   846.8   1.150e3 1.250e3 1.061e3 354.4   618.6   1.335e3 1.359e3 1.338e3 1.211e3 1.577e3 1.458e3 1.415e3 1.071e3 918.9   1.295e3 1.302e3 1.222e3 1.035e3 1.530e3 1.441e3 1.226e3 1.489e3 609.4   1.781e3 1.826e3 1.908e3 1.530e3 1.474e3 1.459e3 1.479e3 1.342e3 1.287e3 1.698e3 1.420e3 1.134e3 1.069e3 1.161e3 1.374e3 1.271e3 1.133e3 1.130e3 1.245e3 1.271e3 1.172e3 800.9   985.9   1.223e3 1.094e3 933.1   1.071e3 1.430e3 1.519e3 1.754e3 2.053e3 1.893e3 1.986e3 1.903e3 1.600e3 1.519e3 1.687e3 1.287e3 
   500.e3  134.0   192.8   261.7   501.8   679.8   732.8   517.8   445.6   446.8   446.8   915.4   1.040e3 1.098e3 1.016e3 1.165e3 979.1   317.5   646.1   856.6   945.8   1.208e3 1.225e3 1.105e3 960.2   969.4   1.048e3 1.018e3 935.8   860.5   843.2   911.0   1.237e3 1.349e3 1.142e3 390.7   669.3   1.436e3 1.468e3 1.438e3 1.333e3 1.700e3 1.569e3 1.529e3 1.165e3 1.029e3 1.401e3 1.398e3 1.320e3 1.127e3 1.644e3 1.557e3 1.327e3 1.604e3 686.4   1.924e3 1.980e3 2.054e3 1.651e3 1.599e3 1.575e3 1.603e3 1.439e3 1.394e3 1.826e3 1.514e3 1.231e3 1.159e3 1.278e3 1.482e3 1.386e3 1.244e3 1.243e3 1.353e3 1.379e3 1.263e3 887.9   1.076e3 1.328e3 1.175e3 1.025e3 1.175e3 1.526e3 1.662e3 1.886e3 2.223e3 2.069e3 2.134e3 2.040e3 1.751e3 1.662e3 1.815e3 1.390e3 
   550.e3  141.8   201.8   282.3   532.9   726.6   778.3   554.1   476.8   467.7   468.0   976.6   1.101e3 1.153e3 1.076e3 1.261e3 1.063e3 367.6   711.8   926.3   1.031e3 1.291e3 1.311e3 1.181e3 1.035e3 1.057e3 1.138e3 1.102e3 1.000e3 928.3   905.1   974.9   1.327e3 1.447e3 1.223e3 427.1   721.1   1.537e3 1.577e3 1.536e3 1.454e3 1.820e3 1.679e3 1.641e3 1.259e3 1.137e3 1.508e3 1.495e3 1.416e3 1.225e3 1.752e3 1.673e3 1.429e3 1.719e3 767.6   2.068e3 2.133e3 2.201e3 1.773e3 1.723e3 1.690e3 1.728e3 1.535e3 1.502e3 1.949e3 1.612e3 1.330e3 1.249e3 1.396e3 1.589e3 1.500e3 1.357e3 1.356e3 1.460e3 1.485e3 1.356e3 976.3   1.167e3 1.433e3 1.254e3 1.116e3 1.279e3 1.622e3 1.805e3 2.018e3 2.391e3 2.245e3 2.282e3 2.176e3 1.902e3 1.804e3 1.945e3 1.494e3 
   600.e3  149.9   210.5   304.7   564.2   772.4   821.8   589.6   507.9   487.1   489.1   1.036e3 1.161e3 1.207e3 1.135e3 1.355e3 1.147e3 421.6   780.1   995.5   1.116e3 1.371e3 1.397e3 1.256e3 1.112e3 1.142e3 1.224e3 1.183e3 1.064e3 994.9   967.7   1.038e3 1.417e3 1.543e3 1.302e3 463.2   773.4   1.636e3 1.686e3 1.633e3 1.574e3 1.936e3 1.787e3 1.752e3 1.352e3 1.243e3 1.615e3 1.590e3 1.510e3 1.325e3 1.853e3 1.788e3 1.530e3 1.832e3 851.5   2.211e3 2.283e3 2.345e3 1.894e3 1.846e3 1.804e3 1.851e3 1.630e3 1.608e3 2.065e3 1.713e3 1.429e3 1.337e3 1.512e3 1.694e3 1.613e3 1.469e3 1.467e3 1.566e3 1.590e3 1.448e3 1.065e3 1.256e3 1.538e3 1.333e3 1.207e3 1.383e3 1.716e3 1.948e3 2.148e3 2.556e3 2.418e3 2.427e3 2.311e3 2.051e3 1.945e3 2.073e3 1.597e3 
   650.e3  157.9   218.9   328.3   595.1   816.4   862.7   623.8   538.6   505.1   509.9   1.094e3 1.219e3 1.259e3 1.193e3 1.445e3 1.231e3 477.7   850.1   1.064e3 1.199e3 1.449e3 1.481e3 1.331e3 1.191e3 1.225e3 1.306e3 1.262e3 1.127e3 1.060e3 1.030e3 1.099e3 1.505e3 1.636e3 1.380e3 498.9   825.7   1.732e3 1.792e3 1.726e3 1.691e3 2.049e3 1.892e3 1.859e3 1.443e3 1.346e3 1.721e3 1.684e3 1.601e3 1.426e3 1.948e3 1.900e3 1.631e3 1.942e3 937.3   2.353e3 2.431e3 2.486e3 2.013e3 1.966e3 1.916e3 1.973e3 1.724e3 1.712e3 2.175e3 1.817e3 1.527e3 1.423e3 1.626e3 1.796e3 1.724e3 1.580e3 1.575e3 1.669e3 1.691e3 1.540e3 1.154e3 1.345e3 1.642e3 1.411e3 1.296e3 1.484e3 1.807e3 2.088e3 2.275e3 2.716e3 2.588e3 2.568e3 2.442e3 2.198e3 2.084e3 2.199e3 1.698e3 
   700.e3  165.9   227.2   352.4   625.5   857.9   900.9   656.4   568.8   522.0   530.5   1.149e3 1.274e3 1.308e3 1.249e3 1.531e3 1.313e3 534.6   920.8   1.131e3 1.281e3 1.524e3 1.564e3 1.403e3 1.271e3 1.305e3 1.385e3 1.337e3 1.189e3 1.123e3 1.092e3 1.159e3 1.590e3 1.726e3 1.455e3 534.0   877.5   1.826e3 1.896e3 1.817e3 1.804e3 2.156e3 1.994e3 1.963e3 1.533e3 1.446e3 1.825e3 1.776e3 1.689e3 1.526e3 2.037e3 2.008e3 1.730e3 2.048e3 1.024e3 2.491e3 2.574e3 2.624e3 2.130e3 2.083e3 2.025e3 2.092e3 1.815e3 1.814e3 2.278e3 1.924e3 1.624e3 1.507e3 1.737e3 1.895e3 1.832e3 1.688e3 1.679e3 1.768e3 1.790e3 1.631e3 1.241e3 1.431e3 1.744e3 1.488e3 1.383e3 1.584e3 1.896e3 2.225e3 2.399e3 2.871e3 2.753e3 2.705e3 2.570e3 2.342e3 2.218e3 2.323e3 1.796e3 
   800.e3  181.4   243.3   400.2   684.0   932.9   969.3   716.7   627.1   553.7   570.6   1.253e3 1.378e3 1.401e3 1.356e3 1.694e3 1.472e3 647.5   1.062e3 1.260e3 1.437e3 1.666e3 1.721e3 1.542e3 1.431e3 1.456e3 1.532e3 1.479e3 1.309e3 1.243e3 1.213e3 1.272e3 1.749e3 1.897e3 1.597e3 602.5   979.4   2.003e3 2.095e3 1.988e3 2.020e3 2.358e3 2.187e3 2.160e3 1.705e3 1.635e3 2.024e3 1.953e3 1.856e3 1.718e3 2.198e3 2.217e3 1.923e3 2.249e3 1.198e3 2.756e3 2.849e3 2.886e3 2.355e3 2.308e3 2.234e3 2.322e3 1.991e3 2.010e3 2.468e3 2.138e3 1.812e3 1.668e3 1.949e3 2.080e3 2.037e3 1.895e3 1.878e3 1.956e3 1.976e3 1.807e3 1.411e3 1.596e3 1.940e3 1.638e3 1.550e3 1.773e3 2.066e3 2.487e3 2.635e3 3.163e3 3.067e3 2.965e3 2.813e3 2.618e3 2.477e3 2.561e3 1.986e3 
   900.e3  195.9   259.1   445.9   739.1   997.5   1.028e3 770.4   682.6   583.6   609.2   1.348e3 1.473e3 1.487e3 1.457e3 1.843e3 1.625e3 756.1   1.200e3 1.383e3 1.585e3 1.797e3 1.869e3 1.672e3 1.591e3 1.596e3 1.666e3 1.609e3 1.424e3 1.355e3 1.330e3 1.377e3 1.893e3 2.056e3 1.729e3 668.7   1.078e3 2.169e3 2.283e3 2.148e3 2.221e3 2.543e3 2.366e3 2.343e3 1.867e3 1.812e3 2.210e3 2.119e3 2.012e3 1.899e3 2.343e3 2.413e3 2.108e3 2.436e3 1.371e3 3.006e3 3.106e3 3.130e3 2.569e3 2.518e3 2.431e3 2.539e3 2.157e3 2.194e3 2.637e3 2.349e3 1.991e3 1.818e3 2.147e3 2.251e3 2.229e3 2.088e3 2.064e3 2.129e3 2.148e3 1.977e3 1.575e3 1.751e3 2.125e3 1.784e3 1.707e3 1.952e3 2.224e3 2.734e3 2.855e3 3.433e3 3.360e3 3.205e3 3.039e3 2.879e3 2.720e3 2.785e3 2.165e3 
   1.00e6  209.2   274.8   488.9   790.7   1.053e3 1.078e3 818.0   735.6   613.0   646.7   1.437e3 1.560e3 1.567e3 1.553e3 1.981e3 1.771e3 858.6   1.334e3 1.501e3 1.723e3 1.918e3 2.006e3 1.795e3 1.748e3 1.724e3 1.788e3 1.728e3 1.534e3 1.460e3 1.441e3 1.475e3 2.023e3 2.204e3 1.853e3 733.2   1.174e3 2.323e3 2.460e3 2.298e3 2.408e3 2.713e3 2.533e3 2.515e3 2.020e3 1.979e3 2.383e3 2.276e3 2.157e3 2.067e3 2.475e3 2.597e3 2.284e3 2.610e3 1.540e3 3.239e3 3.347e3 3.359e3 2.771e3 2.716e3 2.619e3 2.744e3 2.315e3 2.367e3 2.790e3 2.554e3 2.161e3 1.959e3 2.332e3 2.409e3 2.408e3 2.269e3 2.237e3 2.289e3 2.308e3 2.140e3 1.732e3 1.897e3 2.299e3 1.925e3 1.854e3 2.119e3 2.372e3 2.965e3 3.060e3 3.682e3 3.633e3 3.427e3 3.251e3 3.126e3 2.949e3 2.997e3 2.335e3 
   1.10e6  221.6   290.4   529.4   839.1   1.103e3 1.122e3 860.3   786.1   642.4   683.2   1.519e3 1.639e3 1.643e3 1.645e3 2.109e3 1.912e3 954.4   1.462e3 1.614e3 1.854e3 2.031e3 2.135e3 1.911e3 1.901e3 1.843e3 1.900e3 1.839e3 1.640e3 1.558e3 1.548e3 1.568e3 2.143e3 2.342e3 1.969e3 796.5   1.267e3 2.468e3 2.627e3 2.439e3 2.582e3 2.871e3 2.689e3 2.677e3 2.166e3 2.137e3 2.544e3 2.425e3 2.293e3 2.222e3 2.598e3 2.772e3 2.454e3 2.772e3 1.706e3 3.458e3 3.575e3 3.573e3 2.964e3 2.903e3 2.799e3 2.940e3 2.466e3 2.532e3 2.930e3 2.753e3 2.322e3 2.093e3 2.505e3 2.556e3 2.576e3 2.438e3 2.399e3 2.436e3 2.457e3 2.295e3 1.883e3 2.034e3 2.464e3 2.063e3 1.992e3 2.276e3 2.513e3 3.182e3 3.253e3 3.913e3 3.888e3 3.635e3 3.451e3 3.360e3 3.165e3 3.198e3 2.497e3 
   1.20e6  232.9   305.9   567.8   884.7   1.147e3 1.162e3 898.3   834.8   672.6   719.1   1.597e3 1.713e3 1.716e3 1.734e3 2.229e3 2.048e3 1.044e3 1.585e3 1.722e3 1.977e3 2.137e3 2.256e3 2.020e3 2.050e3 1.953e3 2.005e3 1.942e3 1.742e3 1.650e3 1.651e3 1.655e3 2.254e3 2.472e3 2.080e3 859.0   1.358e3 2.605e3 2.787e3 2.574e3 2.745e3 3.019e3 2.836e3 2.830e3 2.305e3 2.288e3 2.694e3 2.567e3 2.422e3 2.366e3 2.714e3 2.939e3 2.618e3 2.924e3 1.868e3 3.665e3 3.791e3 3.775e3 3.149e3 3.081e3 2.971e3 3.126e3 2.610e3 2.688e3 3.058e3 2.944e3 2.475e3 2.220e3 2.667e3 2.694e3 2.735e3 2.597e3 2.552e3 2.574e3 2.597e3 2.445e3 2.027e3 2.164e3 2.620e3 2.199e3 2.123e3 2.424e3 2.647e3 3.388e3 3.435e3 4.128e3 4.127e3 3.830e3 3.640e3 3.583e3 3.370e3 3.390e3 2.653e3 
   1.30e6  243.4   321.3   604.3   927.9   1.187e3 1.200e3 932.7   881.8   703.6   754.4   1.671e3 1.783e3 1.786e3 1.821e3 2.341e3 2.179e3 1.127e3 1.702e3 1.827e3 2.093e3 2.237e3 2.370e3 2.125e3 2.196e3 2.056e3 2.103e3 2.039e3 1.841e3 1.739e3 1.751e3 1.737e3 2.358e3 2.596e3 2.185e3 921.3   1.448e3 2.736e3 2.940e3 2.703e3 2.899e3 3.158e3 2.977e3 2.976e3 2.438e3 2.432e3 2.832e3 2.702e3 2.546e3 2.500e3 2.827e3 3.099e3 2.776e3 3.069e3 2.026e3 3.861e3 3.997e3 3.968e3 3.327e3 3.252e3 3.137e3 3.305e3 2.750e3 2.838e3 3.178e3 3.129e3 2.622e3 2.341e3 2.821e3 2.824e3 2.886e3 2.746e3 2.698e3 2.703e3 2.730e3 2.590e3 2.167e3 2.288e3 2.768e3 2.332e3 2.247e3 2.566e3 2.776e3 3.583e3 3.609e3 4.330e3 4.353e3 4.014e3 3.820e3 3.796e3 3.566e3 3.574e3 2.804e3 
   1.40e6  253.1   336.6   639.4   968.9   1.225e3 1.235e3 964.2   927.5   735.7   789.4   1.742e3 1.848e3 1.855e3 1.905e3 2.448e3 2.307e3 1.204e3 1.812e3 1.930e3 2.205e3 2.333e3 2.479e3 2.226e3 2.337e3 2.153e3 2.196e3 2.131e3 1.938e3 1.823e3 1.847e3 1.817e3 2.457e3 2.714e3 2.286e3 983.8   1.537e3 2.862e3 3.087e3 2.828e3 3.045e3 3.290e3 3.111e3 3.117e3 2.567e3 2.570e3 2.960e3 2.833e3 2.665e3 2.626e3 2.938e3 3.254e3 2.931e3 3.208e3 2.182e3 4.048e3 4.195e3 4.152e3 3.500e3 3.417e3 3.298e3 3.477e3 2.887e3 2.982e3 3.291e3 3.309e3 2.763e3 2.459e3 2.967e3 2.949e3 3.031e3 2.888e3 2.839e3 2.825e3 2.857e3 2.730e3 2.303e3 2.407e3 2.911e3 2.463e3 2.366e3 2.701e3 2.902e3 3.769e3 3.775e3 4.520e3 4.568e3 4.190e3 3.995e3 4.002e3 3.754e3 3.751e3 2.951e3 
   1.50e6  262.2   351.8   673.3   1.008e3 1.260e3 1.270e3 993.4   972.2   768.9   824.3   1.811e3 1.911e3 1.922e3 1.989e3 2.551e3 2.432e3 1.276e3 1.917e3 2.030e3 2.312e3 2.425e3 2.583e3 2.324e3 2.475e3 2.246e3 2.285e3 2.218e3 2.032e3 1.905e3 1.941e3 1.894e3 2.551e3 2.828e3 2.384e3 1.047e3 1.625e3 2.984e3 3.231e3 2.950e3 3.186e3 3.416e3 3.242e3 3.254e3 2.692e3 2.705e3 3.081e3 2.960e3 2.780e3 2.744e3 3.047e3 3.404e3 3.082e3 3.341e3 2.335e3 4.227e3 4.387e3 4.330e3 3.669e3 3.577e3 3.456e3 3.644e3 3.020e3 3.121e3 3.399e3 3.485e3 2.899e3 2.574e3 3.107e3 3.069e3 3.170e3 3.023e3 2.974e3 2.942e3 2.979e3 2.866e3 2.435e3 2.521e3 3.048e3 2.592e3 2.482e3 2.832e3 3.026e3 3.948e3 3.936e3 4.702e3 4.774e3 4.359e3 4.164e3 4.202e3 3.937e3 3.924e3 3.096e3 
   1.60e6  270.6   366.7   706.3   1.046e3 1.294e3 1.304e3 1.021e3 1.016e3 803.2   859.0   1.878e3 1.971e3 1.989e3 2.071e3 2.649e3 2.555e3 1.343e3 2.014e3 2.129e3 2.415e3 2.515e3 2.684e3 2.419e3 2.609e3 2.333e3 2.372e3 2.301e3 2.125e3 1.984e3 2.032e3 1.969e3 2.642e3 2.938e3 2.479e3 1.110e3 1.713e3 3.103e3 3.371e3 3.070e3 3.321e3 3.537e3 3.369e3 3.388e3 2.815e3 2.835e3 3.193e3 3.083e3 2.893e3 2.857e3 3.157e3 3.550e3 3.230e3 3.471e3 2.485e3 4.401e3 4.573e3 4.502e3 3.834e3 3.733e3 3.609e3 3.807e3 3.152e3 3.256e3 3.503e3 3.657e3 3.032e3 2.686e3 3.242e3 3.186e3 3.307e3 3.153e3 3.106e3 3.055e3 3.098e3 2.998e3 2.564e3 2.631e3 3.181e3 2.720e3 2.593e3 2.959e3 3.148e3 4.122e3 4.092e3 4.875e3 4.972e3 4.523e3 4.330e3 4.396e3 4.115e3 4.092e3 3.239e3 
   1.70e6  278.7   381.5   738.5   1.083e3 1.327e3 1.338e3 1.047e3 1.059e3 838.7   893.8   1.943e3 2.030e3 2.055e3 2.152e3 2.745e3 2.675e3 1.406e3 2.105e3 2.226e3 2.515e3 2.602e3 2.782e3 2.512e3 2.740e3 2.417e3 2.455e3 2.382e3 2.216e3 2.062e3 2.122e3 2.042e3 2.731e3 3.045e3 2.573e3 1.175e3 1.802e3 3.221e3 3.509e3 3.188e3 3.453e3 3.654e3 3.493e3 3.519e3 2.936e3 2.963e3 3.299e3 3.204e3 3.004e3 2.964e3 3.266e3 3.694e3 3.375e3 3.599e3 2.635e3 4.569e3 4.755e3 4.670e3 3.998e3 3.886e3 3.760e3 3.966e3 3.282e3 3.387e3 3.604e3 3.827e3 3.162e3 2.797e3 3.372e3 3.299e3 3.440e3 3.279e3 3.236e3 3.164e3 3.214e3 3.128e3 2.690e3 2.739e3 3.311e3 2.847e3 2.702e3 3.082e3 3.269e3 4.290e3 4.244e3 5.042e3 5.165e3 4.683e3 4.493e3 4.587e3 4.288e3 4.257e3 3.382e3 
   1.80e6  286.3   396.2   770.1   1.118e3 1.358e3 1.373e3 1.072e3 1.102e3 875.2   928.6   2.007e3 2.087e3 2.120e3 2.233e3 2.838e3 2.794e3 1.465e3 2.190e3 2.323e3 2.613e3 2.688e3 2.877e3 2.603e3 2.867e3 2.499e3 2.537e3 2.460e3 2.306e3 2.138e3 2.210e3 2.114e3 2.817e3 3.150e3 2.665e3 1.241e3 1.891e3 3.336e3 3.645e3 3.305e3 3.581e3 3.767e3 3.615e3 3.648e3 3.055e3 3.088e3 3.400e3 3.323e3 3.113e3 3.067e3 3.376e3 3.835e3 3.519e3 3.724e3 2.783e3 4.734e3 4.933e3 4.835e3 4.159e3 4.037e3 3.908e3 4.122e3 3.411e3 3.516e3 3.702e3 3.994e3 3.290e3 2.906e3 3.500e3 3.411e3 3.570e3 3.401e3 3.363e3 3.271e3 3.328e3 3.254e3 2.815e3 2.844e3 3.438e3 2.974e3 2.809e3 3.203e3 3.390e3 4.454e3 4.395e3 5.203e3 5.352e3 4.839e3 4.654e3 4.774e3 4.459e3 4.420e3 3.524e3 
   2.00e6  300.6   425.2   831.9   1.187e3 1.420e3 1.442e3 1.120e3 1.187e3 951.2   998.7   2.134e3 2.199e3 2.251e3 2.394e3 3.017e3 3.028e3 1.572e3 2.342e3 2.515e3 2.803e3 2.857e3 3.063e3 2.784e3 3.114e3 2.654e3 2.697e3 2.609e3 2.483e3 2.287e3 2.383e3 2.255e3 2.987e3 3.354e3 2.846e3 1.377e3 2.071e3 3.564e3 3.913e3 3.538e3 3.830e3 3.985e3 3.856e3 3.903e3 3.289e3 3.333e3 3.590e3 3.556e3 3.329e3 3.265e3 3.600e3 4.112e3 3.802e3 3.970e3 3.078e3 5.055e3 5.283e3 5.156e3 4.480e3 4.334e3 4.196e3 4.428e3 3.667e3 3.765e3 3.895e3 4.323e3 3.540e3 3.123e3 3.746e3 3.631e3 3.827e3 3.636e3 3.613e3 3.480e3 3.551e3 3.501e3 3.059e3 3.048e3 3.686e3 3.226e3 3.019e3 3.441e3 3.631e3 4.773e3 4.689e3 5.513e3 5.715e3 5.145e3 4.973e3 5.140e3 4.794e3 4.742e3 3.809e3 
   2.25e6  317.4   461.4   907.5   1.270e3 1.496e3 1.530e3 1.178e3 1.293e3 1.051e3 1.087e3 2.290e3 2.335e3 2.415e3 2.593e3 3.234e3 3.314e3 1.694e3 2.504e3 2.753e3 3.032e3 3.064e3 3.290e3 3.006e3 3.408e3 2.840e3 2.893e3 2.787e3 2.699e3 2.470e3 2.594e3 2.430e3 3.195e3 3.601e3 3.069e3 1.555e3 2.303e3 3.847e3 4.244e3 3.827e3 4.133e3 4.247e3 4.153e3 4.217e3 3.579e3 3.632e3 3.813e3 3.843e3 3.596e3 3.499e3 3.887e3 4.451e3 4.150e3 4.274e3 3.446e3 5.446e3 5.710e3 5.550e3 4.879e3 4.701e3 4.544e3 4.803e3 3.987e3 4.065e3 4.133e3 4.729e3 3.847e3 3.392e3 4.044e3 3.901e3 4.144e3 3.918e3 3.922e3 3.735e3 3.825e3 3.801e3 3.359e3 3.295e3 3.989e3 3.540e3 3.276e3 3.731e3 3.937e3 5.158e3 5.053e3 5.880e3 6.155e3 5.521e3 5.371e3 5.590e3 5.205e3 5.139e3 4.170e3 
   2.50e6  333.6   498.2   982.0   1.350e3 1.572e3 1.621e3 1.236e3 1.400e3 1.157e3 1.178e3 2.445e3 2.469e3 2.579e3 2.793e3 3.445e3 3.597e3 1.810e3 2.647e3 2.992e3 3.256e3 3.271e3 3.514e3 3.227e3 3.688e3 3.022e3 3.088e3 2.959e3 2.911e3 2.652e3 2.801e3 2.605e3 3.402e3 3.843e3 3.291e3 1.744e3 2.543e3 4.130e3 4.574e3 4.119e3 4.432e3 4.505e3 4.449e3 4.530e3 3.869e3 3.927e3 4.030e3 4.127e3 3.864e3 3.725e3 4.183e3 4.784e3 4.492e3 4.579e3 3.818e3 5.831e3 6.131e3 5.938e3 5.280e3 5.066e3 4.880e3 5.172e3 4.310e3 4.356e3 4.373e3 5.131e3 4.152e3 3.663e3 4.335e3 4.171e3 4.460e3 4.193e3 4.230e3 3.989e3 4.099e3 4.095e3 3.655e3 3.536e3 4.287e3 3.855e3 3.531e3 4.019e3 4.248e3 5.534e3 5.414e3 6.233e3 6.585e3 5.894e3 5.772e3 6.035e3 5.613e3 5.535e3 4.539e3 
   2.75e6  349.5   536.3   1.056e3 1.429e3 1.649e3 1.713e3 1.295e3 1.507e3 1.266e3 1.270e3 2.600e3 2.603e3 2.744e3 2.992e3 3.651e3 3.876e3 1.929e3 2.782e3 3.232e3 3.476e3 3.477e3 3.738e3 3.449e3 3.957e3 3.202e3 3.282e3 3.129e3 3.120e3 2.834e3 3.006e3 2.780e3 3.609e3 4.081e3 3.513e3 1.944e3 2.792e3 4.416e3 4.904e3 4.413e3 4.730e3 4.763e3 4.747e3 4.844e3 4.160e3 4.220e3 4.248e3 4.410e3 4.133e3 3.947e3 4.488e3 5.113e3 4.831e3 4.885e3 4.195e3 6.214e3 6.550e3 6.323e3 5.684e3 5.430e3 5.204e3 5.539e3 4.636e3 4.639e3 4.615e3 5.531e3 4.457e3 3.936e3 4.622e3 4.442e3 4.778e3 4.463e3 4.538e3 4.243e3 4.373e3 4.385e3 3.948e3 3.775e3 4.583e3 4.171e3 3.787e3 4.307e3 4.566e3 5.904e3 5.776e3 6.575e3 7.009e3 6.267e3 6.179e3 6.478e3 6.021e3 5.933e3 4.919e3 
   3.00e6  365.4   576.1   1.129e3 1.507e3 1.728e3 1.807e3 1.356e3 1.615e3 1.379e3 1.363e3 2.754e3 2.737e3 2.909e3 3.191e3 3.853e3 4.151e3 2.058e3 2.920e3 3.474e3 3.695e3 3.685e3 3.961e3 3.673e3 4.218e3 3.382e3 3.476e3 3.298e3 3.326e3 3.016e3 3.209e3 2.957e3 3.818e3 4.317e3 3.735e3 2.154e3 3.051e3 4.704e3 5.236e3 4.711e3 5.027e3 5.026e3 5.046e3 5.158e3 4.451e3 4.511e3 4.471e3 4.694e3 4.404e3 4.168e3 4.800e3 5.438e3 5.166e3 5.195e3 4.579e3 6.595e3 6.966e3 6.707e3 6.093e3 5.794e3 5.519e3 5.905e3 4.967e3 4.916e3 4.862e3 5.931e3 4.763e3 4.212e3 4.907e3 4.715e3 5.098e3 4.731e3 4.849e3 4.500e3 4.649e3 4.672e3 4.239e3 4.013e3 4.878e3 4.489e3 4.044e3 4.596e3 4.891e3 6.269e3 6.141e3 6.911e3 7.429e3 6.642e3 6.591e3 6.922e3 6.430e3 6.334e3 5.310e3 
   3.25e6  381.7   617.4   1.202e3 1.584e3 1.807e3 1.902e3 1.418e3 1.725e3 1.495e3 1.459e3 2.908e3 2.871e3 3.074e3 3.388e3 4.053e3 4.423e3 2.199e3 3.067e3 3.717e3 3.912e3 3.893e3 4.186e3 3.898e3 4.471e3 3.565e3 3.672e3 3.469e3 3.529e3 3.200e3 3.411e3 3.136e3 4.027e3 4.551e3 3.958e3 2.375e3 3.319e3 4.996e3 5.568e3 5.012e3 5.326e3 5.296e3 5.348e3 5.473e3 4.745e3 4.801e3 4.699e3 4.978e3 4.677e3 4.389e3 5.120e3 5.760e3 5.498e3 5.508e3 4.970e3 6.977e3 7.381e3 7.091e3 6.506e3 6.159e3 5.825e3 6.270e3 5.302e3 5.190e3 5.114e3 6.329e3 5.071e3 4.490e3 5.191e3 4.990e3 5.421e3 4.997e3 5.162e3 4.760e3 4.928e3 4.959e3 4.529e3 4.250e3 5.174e3 4.809e3 4.303e3 4.887e3 5.223e3 6.631e3 6.507e3 7.242e3 7.847e3 7.018e3 7.011e3 7.367e3 6.840e3 6.739e3 5.711e3 
   3.50e6  398.3   660.3   1.274e3 1.660e3 1.889e3 1.997e3 1.483e3 1.836e3 1.613e3 1.556e3 3.062e3 3.006e3 3.240e3 3.585e3 4.249e3 4.692e3 2.355e3 3.226e3 3.960e3 4.128e3 4.103e3 4.412e3 4.125e3 4.718e3 3.749e3 3.869e3 3.642e3 3.731e3 3.384e3 3.610e3 3.316e3 4.238e3 4.783e3 4.181e3 2.605e3 3.595e3 5.290e3 5.902e3 5.315e3 5.626e3 5.573e3 5.651e3 5.789e3 5.040e3 5.091e3 4.934e3 5.262e3 4.952e3 4.613e3 5.444e3 6.078e3 5.827e3 5.825e3 5.368e3 7.358e3 7.795e3 7.473e3 6.922e3 6.523e3 6.124e3 6.635e3 5.641e3 5.461e3 5.371e3 6.726e3 5.382e3 4.771e3 5.474e3 5.266e3 5.747e3 5.262e3 5.478e3 5.023e3 5.209e3 5.246e3 4.816e3 4.488e3 5.471e3 5.130e3 4.565e3 5.180e3 5.561e3 6.989e3 6.876e3 7.570e3 8.262e3 7.398e3 7.436e3 7.813e3 7.252e3 7.147e3 6.122e3 
   3.75e6  415.5   704.5   1.345e3 1.735e3 1.971e3 2.094e3 1.550e3 1.948e3 1.733e3 1.655e3 3.215e3 3.140e3 3.404e3 3.780e3 4.442e3 4.956e3 2.526e3 3.398e3 4.205e3 4.342e3 4.313e3 4.638e3 4.353e3 4.961e3 3.936e3 4.066e3 3.819e3 3.930e3 3.569e3 3.808e3 3.498e3 4.450e3 5.013e3 4.405e3 2.843e3 3.879e3 5.587e3 6.235e3 5.621e3 5.928e3 5.858e3 5.956e3 6.105e3 5.336e3 5.379e3 5.175e3 5.547e3 5.228e3 4.840e3 5.773e3 6.392e3 6.153e3 6.145e3 5.772e3 7.738e3 8.207e3 7.855e3 7.341e3 6.886e3 6.418e3 7.000e3 5.984e3 5.730e3 5.632e3 7.121e3 5.695e3 5.054e3 5.757e3 5.545e3 6.075e3 5.527e3 5.794e3 5.290e3 5.492e3 5.534e3 5.101e3 4.728e3 5.767e3 5.452e3 4.828e3 5.474e3 5.904e3 7.345e3 7.247e3 7.896e3 8.676e3 7.779e3 7.868e3 8.260e3 7.665e3 7.557e3 6.544e3 
   4.00e6  433.2   749.8   1.416e3 1.810e3 2.055e3 2.191e3 1.619e3 2.061e3 1.855e3 1.756e3 3.366e3 3.275e3 3.567e3 3.973e3 4.631e3 5.216e3 2.711e3 3.583e3 4.449e3 4.556e3 4.523e3 4.866e3 4.583e3 5.199e3 4.125e3 4.263e3 3.999e3 4.128e3 3.754e3 4.004e3 3.681e3 4.662e3 5.241e3 4.628e3 3.090e3 4.170e3 5.886e3 6.569e3 5.928e3 6.231e3 6.151e3 6.263e3 6.421e3 5.633e3 5.666e3 5.422e3 5.832e3 5.506e3 5.071e3 6.105e3 6.703e3 6.475e3 6.467e3 6.183e3 8.116e3 8.616e3 8.235e3 7.763e3 7.249e3 6.707e3 7.363e3 6.329e3 5.999e3 5.897e3 7.513e3 6.010e3 5.339e3 6.039e3 5.825e3 6.406e3 5.791e3 6.113e3 5.559e3 5.777e3 5.822e3 5.384e3 4.969e3 6.064e3 5.774e3 5.095e3 5.771e3 6.251e3 7.697e3 7.620e3 8.221e3 9.086e3 8.161e3 8.304e3 8.708e3 8.080e3 7.970e3 6.974e3 
   4.50e6  470.6   842.5   1.554e3 1.957e3 2.224e3 2.385e3 1.763e3 2.288e3 2.101e3 1.962e3 3.666e3 3.543e3 3.889e3 4.351e3 5.000e3 5.720e3 3.122e3 3.985e3 4.936e3 4.978e3 4.943e3 5.322e3 5.043e3 5.665e3 4.507e3 4.659e3 4.367e3 4.518e3 4.127e3 4.388e3 4.051e3 5.087e3 5.691e3 5.073e3 3.605e3 4.768e3 6.486e3 7.231e3 6.545e3 6.839e3 6.756e3 6.876e3 7.049e3 6.226e3 6.235e3 5.929e3 6.401e3 6.063e3 5.546e3 6.774e3 7.310e3 7.111e3 7.116e3 7.019e3 8.866e3 9.425e3 8.987e3 8.606e3 7.966e3 7.280e3 8.085e3 7.024e3 6.537e3 6.437e3 8.287e3 6.645e3 5.910e3 6.602e3 6.386e3 7.070e3 6.318e3 6.750e3 6.104e3 6.350e3 6.401e3 5.942e3 5.454e3 6.659e3 6.420e3 5.632e3 6.368e3 6.956e3 8.392e3 8.366e3 8.869e3 9.899e3 8.929e3 9.188e3 9.601e3 8.908e3 8.799e3 7.856e3 
   5.00e6  510.8   936.9   1.687e3 2.100e3 2.394e3 2.577e3 1.915e3 2.517e3 2.348e3 2.174e3 3.958e3 3.808e3 4.202e3 4.716e3 5.353e3 6.201e3 3.575e3 4.421e3 5.417e3 5.393e3 5.360e3 5.778e3 5.504e3 6.119e3 4.892e3 5.053e3 4.746e3 4.901e3 4.498e3 4.763e3 4.422e3 5.510e3 6.131e3 5.513e3 4.142e3 5.384e3 7.087e3 7.885e3 7.160e3 7.448e3 7.380e3 7.489e3 7.670e3 6.815e3 6.796e3 6.448e3 6.966e3 6.618e3 6.036e3 7.443e3 7.900e3 7.733e3 7.766e3 7.869e3 9.603e3 10.22e3 9.727e3 9.445e3 8.670e3 7.849e3 8.798e3 7.722e3 7.077e3 6.987e3 9.042e3 7.283e3 6.479e3 7.162e3 6.946e3 7.736e3 6.842e3 7.386e3 6.656e3 6.926e3 6.982e3 6.489e3 5.943e3 7.251e3 7.062e3 6.175e3 6.968e3 7.667e3 9.071e3 9.111e3 9.514e3 10.70e3 9.696e3 10.08e3 10.49e3 9.731e3 9.628e3 8.761e3 
   5.50e6  553.7   1.031e3 1.815e3 2.239e3 2.563e3 2.767e3 2.074e3 2.745e3 2.595e3 2.389e3 4.242e3 4.069e3 4.505e3 5.066e3 5.690e3 6.657e3 4.060e3 4.879e3 5.889e3 5.799e3 5.772e3 6.231e3 5.961e3 6.560e3 5.278e3 5.443e3 5.130e3 5.278e3 4.868e3 5.127e3 4.794e3 5.929e3 6.559e3 5.946e3 4.694e3 6.011e3 7.685e3 8.526e3 7.770e3 8.055e3 8.016e3 8.095e3 8.279e3 7.397e3 7.345e3 6.972e3 7.525e3 7.168e3 6.540e3 8.107e3 8.472e3 8.343e3 8.412e3 8.724e3 10.32e3 10.99e3 10.45e3 10.27e3 9.358e3 8.418e3 9.497e3 8.419e3 7.619e3 7.543e3 9.774e3 7.922e3 7.044e3 7.716e3 7.503e3 8.398e3 7.360e3 8.017e3 7.213e3 7.500e3 7.561e3 7.025e3 6.436e3 7.839e3 7.699e3 6.721e3 7.568e3 8.381e3 9.735e3 9.850e3 10.16e3 11.47e3 10.46e3 10.98e3 11.36e3 10.55e3 10.45e3 9.681e3 
   6.00e6  599.1   1.125e3 1.937e3 2.373e3 2.729e3 2.953e3 2.238e3 2.973e3 2.839e3 2.608e3 4.518e3 4.326e3 4.796e3 5.400e3 6.011e3 7.088e3 4.566e3 5.350e3 6.349e3 6.194e3 6.177e3 6.679e3 6.413e3 6.989e3 5.661e3 5.827e3 5.517e3 5.648e3 5.233e3 5.480e3 5.164e3 6.342e3 6.976e3 6.370e3 5.254e3 6.641e3 8.277e3 9.150e3 8.372e3 8.658e3 8.655e3 8.694e3 8.874e3 7.968e3 7.881e3 7.498e3 8.075e3 7.711e3 7.056e3 8.761e3 9.026e3 8.939e3 9.050e3 9.578e3 11.02e3 11.74e3 11.15e3 11.08e3 10.03e3 8.986e3 10.18e3 9.109e3 8.163e3 8.101e3 10.48e3 8.559e3 7.600e3 8.264e3 8.053e3 9.052e3 7.874e3 8.640e3 7.770e3 8.070e3 8.138e3 7.551e3 6.929e3 8.421e3 8.326e3 7.268e3 8.166e3 9.091e3 10.38e3 10.58e3 10.79e3 12.23e3 11.21e3 11.87e3 12.22e3 11.35e3 11.27e3 10.61e3 
   6.50e6  647.0   1.217e3 2.052e3 2.503e3 2.893e3 3.134e3 2.406e3 3.197e3 3.080e3 2.828e3 4.784e3 4.576e3 5.076e3 5.718e3 6.315e3 7.492e3 5.082e3 5.826e3 6.796e3 6.578e3 6.573e3 7.120e3 6.857e3 7.406e3 6.039e3 6.205e3 5.903e3 6.012e3 5.594e3 5.823e3 5.531e3 6.747e3 7.381e3 6.784e3 5.819e3 7.270e3 8.859e3 9.756e3 8.963e3 9.254e3 9.294e3 9.282e3 9.453e3 8.528e3 8.404e3 8.022e3 8.615e3 8.245e3 7.579e3 9.403e3 9.562e3 9.522e3 9.674e3 10.42e3 11.70e3 12.46e3 11.84e3 11.86e3 10.68e3 9.554e3 10.84e3 9.791e3 8.706e3 8.660e3 11.16e3 9.192e3 8.145e3 8.804e3 8.595e3 9.695e3 8.381e3 9.252e3 8.327e3 8.635e3 8.710e3 8.067e3 7.422e3 8.996e3 8.944e3 7.813e3 8.760e3 9.795e3 11.01e3 11.30e3 11.43e3 12.97e3 11.96e3 12.76e3 13.06e3 12.13e3 12.07e3 11.54e3 
   7.00e6  697.0   1.306e3 2.162e3 2.627e3 3.052e3 3.310e3 2.579e3 3.418e3 3.315e3 3.050e3 5.040e3 4.821e3 5.343e3 6.019e3 6.604e3 7.872e3 5.603e3 6.302e3 7.228e3 6.950e3 6.959e3 7.552e3 7.292e3 7.810e3 6.412e3 6.576e3 6.287e3 6.368e3 5.949e3 6.157e3 5.895e3 7.145e3 7.772e3 7.186e3 6.382e3 7.893e3 9.430e3 10.34e3 9.540e3 9.842e3 9.925e3 9.858e3 10.01e3 9.073e3 8.912e3 8.541e3 9.144e3 8.768e3 8.107e3 10.03e3 10.08e3 10.09e3 10.28e3 11.25e3 12.36e3 13.16e3 12.50e3 12.62e3 11.30e3 10.12e3 11.49e3 10.46e3 9.248e3 9.215e3 11.82e3 9.816e3 8.679e3 9.335e3 9.128e3 10.33e3 8.881e3 9.852e3 8.880e3 9.192e3 9.275e3 8.573e3 7.913e3 9.562e3 9.549e3 8.357e3 9.348e3 10.49e3 11.63e3 12.00e3 12.05e3 13.68e3 12.69e3 13.65e3 13.88e3 12.90e3 12.85e3 12.47e3 
   8.00e6  802.0   1.476e3 2.363e3 2.863e3 3.356e3 3.646e3 2.930e3 3.847e3 3.769e3 3.491e3 5.525e3 5.289e3 5.841e3 6.574e3 7.136e3 8.561e3 6.630e3 7.236e3 8.044e3 7.659e3 7.701e3 8.389e3 8.128e3 8.578e3 7.135e3 7.291e3 7.039e3 7.058e3 6.639e3 6.797e3 6.607e3 7.913e3 8.517e3 7.956e3 7.491e3 9.107e3 10.53e3 11.45e3 10.65e3 10.99e3 11.16e3 10.97e3 11.08e3 10.12e3 9.882e3 9.555e3 10.17e3 9.779e3 9.163e3 11.23e3 11.07e3 11.19e3 11.44e3 12.85e3 13.60e3 14.48e3 13.76e3 14.03e3 12.50e3 11.23e3 12.72e3 11.76e3 10.32e3 10.31e3 13.04e3 11.04e3 9.706e3 10.37e3 10.16e3 11.54e3 9.859e3 11.01e3 9.972e3 10.28e3 10.38e3 9.557e3 8.883e3 10.66e3 10.72e3 9.431e3 10.50e3 11.84e3 12.80e3 13.36e3 13.26e3 15.04e3 14.11e3 15.37e3 15.45e3 14.38e3 14.37e3 14.29e3 
   9.00e6  911.5   1.634e3 2.541e3 3.081e3 3.639e3 3.958e3 3.285e3 4.256e3 4.198e3 3.926e3 5.974e3 5.731e3 6.293e3 7.069e3 7.614e3 9.163e3 7.612e3 8.129e3 8.797e3 8.320e3 8.400e3 9.184e3 8.915e3 9.295e3 7.825e3 7.972e3 7.763e3 7.717e3 7.300e3 7.407e3 7.297e3 8.644e3 9.213e3 8.680e3 8.560e3 10.26e3 11.58e3 12.47e3 11.70e3 12.09e3 12.33e3 12.02e3 12.08e3 11.10e3 10.79e3 10.53e3 11.14e3 10.74e3 10.20e3 12.36e3 12.00e3 12.22e3 12.50e3 14.34e3 14.75e3 15.70e3 14.93e3 15.31e3 13.61e3 12.31e3 13.86e3 13.01e3 11.36e3 11.38e3 14.16e3 12.21e3 10.68e3 11.36e3 11.15e3 12.68e3 10.81e3 12.11e3 11.03e3 11.33e3 11.45e3 10.51e3 9.833e3 11.72e3 11.83e3 10.48e3 11.62e3 13.13e3 13.91e3 14.64e3 14.43e3 16.31e3 15.46e3 17.02e3 16.92e3 15.78e3 15.80e3 16.04e3 
   10.0e6  1.023e3 1.779e3 2.700e3 3.281e3 3.900e3 4.247e3 3.637e3 4.641e3 4.600e3 4.349e3 6.391e3 6.147e3 6.703e3 7.510e3 8.045e3 9.691e3 8.532e3 8.971e3 9.487e3 8.936e3 9.058e3 9.935e3 9.652e3 9.963e3 8.479e3 8.619e3 8.454e3 8.346e3 7.933e3 7.989e3 7.962e3 9.337e3 9.862e3 9.358e3 9.578e3 11.35e3 12.56e3 13.40e3 12.68e3 13.14e3 13.43e3 13.02e3 13.00e3 12.02e3 11.64e3 11.47e3 12.06e3 11.65e3 11.22e3 13.41e3 12.88e3 13.21e3 13.47e3 15.72e3 15.82e3 16.83e3 16.02e3 16.45e3 14.65e3 13.35e3 14.93e3 14.19e3 12.37e3 12.42e3 15.19e3 13.33e3 11.60e3 12.32e3 12.09e3 13.75e3 11.72e3 13.15e3 12.06e3 12.33e3 12.48e3 11.43e3 10.76e3 12.74e3 12.89e3 11.51e3 12.70e3 14.36e3 14.97e3 15.86e3 15.53e3 17.49e3 16.75e3 18.60e3 18.29e3 17.09e3 17.15e3 17.71e3 
   11.0e6  1.134e3 1.911e3 2.840e3 3.467e3 4.140e3 4.515e3 3.983e3 5.003e3 4.976e3 4.759e3 6.777e3 6.538e3 7.075e3 7.904e3 8.435e3 10.16e3 9.380e3 9.757e3 10.12e3 9.509e3 9.676e3 10.64e3 10.34e3 10.59e3 9.098e3 9.232e3 9.110e3 8.945e3 8.537e3 8.548e3 8.603e3 9.995e3 10.47e3 9.995e3 10.54e3 12.37e3 13.48e3 14.26e3 13.59e3 14.14e3 14.47e3 13.95e3 13.86e3 12.88e3 12.44e3 12.36e3 12.94e3 12.51e3 12.19e3 14.39e3 13.70e3 14.14e3 14.35e3 16.98e3 16.81e3 17.87e3 17.03e3 17.47e3 15.63e3 14.35e3 15.93e3 15.31e3 13.34e3 13.43e3 16.14e3 14.38e3 12.48e3 13.23e3 12.99e3 14.74e3 12.60e3 14.13e3 13.05e3 13.29e3 13.47e3 12.32e3 11.66e3 13.71e3 13.89e3 12.51e3 13.73e3 15.52e3 15.96e3 17.01e3 16.59e3 18.59e3 17.98e3 20.09e3 19.57e3 18.32e3 18.41e3 19.29e3 
   12.0e6  1.242e3 2.032e3 2.966e3 3.638e3 4.359e3 4.763e3 4.319e3 5.340e3 5.327e3 5.152e3 7.136e3 6.906e3 7.414e3 8.258e3 8.790e3 10.57e3 10.16e3 10.49e3 10.70e3 10.04e3 10.26e3 11.31e3 10.97e3 11.17e3 9.684e3 9.814e3 9.732e3 9.516e3 9.114e3 9.086e3 9.218e3 10.62e3 11.04e3 10.59e3 11.44e3 13.31e3 14.34e3 15.04e3 14.45e3 15.08e3 15.43e3 14.83e3 14.66e3 13.69e3 13.20e3 13.21e3 13.77e3 13.33e3 13.12e3 15.31e3 14.48e3 15.01e3 15.13e3 18.13e3 17.72e3 18.83e3 17.97e3 18.37e3 16.54e3 15.29e3 16.85e3 16.37e3 14.28e3 14.40e3 17.01e3 15.38e3 13.31e3 14.11e3 13.85e3 15.66e3 13.46e3 15.06e3 14.00e3 14.21e3 14.43e3 13.19e3 12.53e3 14.64e3 14.85e3 13.48e3 14.73e3 16.62e3 16.91e3 18.08e3 17.58e3 19.62e3 19.14e3 21.51e3 20.76e3 19.48e3 19.59e3 20.76e3 
   13.0e6  1.347e3 2.142e3 3.078e3 3.797e3 4.560e3 4.992e3 4.642e3 5.654e3 5.654e3 5.528e3 7.470e3 7.253e3 7.725e3 8.578e3 9.115e3 10.94e3 10.86e3 11.16e3 11.23e3 10.54e3 10.80e3 11.93e3 11.56e3 11.71e3 10.24e3 10.37e3 10.32e3 10.06e3 9.665e3 9.605e3 9.810e3 11.21e3 11.58e3 11.16e3 12.29e3 14.18e3 15.15e3 15.76e3 15.25e3 15.97e3 16.33e3 15.66e3 15.41e3 14.44e3 13.91e3 14.02e3 14.56e3 14.10e3 14.01e3 16.17e3 15.22e3 15.85e3 15.84e3 19.18e3 18.58e3 19.73e3 18.85e3 19.16e3 17.40e3 16.19e3 17.72e3 17.38e3 15.17e3 15.33e3 17.82e3 16.31e3 14.11e3 14.96e3 14.67e3 16.50e3 14.29e3 15.93e3 14.91e3 15.09e3 15.35e3 14.03e3 13.37e3 15.53e3 15.75e3 14.42e3 15.68e3 17.65e3 17.81e3 19.10e3 18.52e3 20.58e3 20.24e3 22.84e3 21.88e3 20.56e3 20.70e3 22.14e3 
   14.0e6  1.448e3 2.244e3 3.180e3 3.945e3 4.744e3 5.205e3 4.950e3 5.945e3 5.959e3 5.886e3 7.782e3 7.581e3 8.010e3 8.868e3 9.415e3 11.27e3 11.50e3 11.79e3 11.73e3 11.01e3 11.32e3 12.52e3 12.11e3 12.22e3 10.76e3 10.89e3 10.88e3 10.58e3 10.19e3 10.11e3 10.38e3 11.78e3 12.08e3 11.69e3 13.08e3 14.99e3 15.90e3 16.43e3 16.00e3 16.82e3 17.16e3 16.44e3 16.10e3 15.15e3 14.58e3 14.80e3 15.31e3 14.83e3 14.85e3 16.97e3 15.91e3 16.64e3 16.49e3 20.14e3 19.37e3 20.57e3 19.68e3 19.87e3 18.22e3 17.04e3 18.53e3 18.33e3 16.03e3 16.23e3 18.57e3 17.19e3 14.87e3 15.77e3 15.45e3 17.29e3 15.09e3 16.76e3 15.78e3 15.94e3 16.23e3 14.84e3 14.19e3 16.38e3 16.61e3 15.33e3 16.60e3 18.63e3 18.67e3 20.05e3 19.42e3 21.49e3 21.29e3 24.09e3 22.92e3 21.59e3 21.75e3 23.41e3 
   15.0e6  1.543e3 2.337e3 3.272e3 4.083e3 4.912e3 5.402e3 5.242e3 6.214e3 6.245e3 6.226e3 8.074e3 7.890e3 8.274e3 9.132e3 9.693e3 11.57e3 12.09e3 12.37e3 12.18e3 11.45e3 11.80e3 13.07e3 12.62e3 12.70e3 11.26e3 11.39e3 11.40e3 11.08e3 10.70e3 10.59e3 10.93e3 12.32e3 12.56e3 12.19e3 13.82e3 15.74e3 16.61e3 17.04e3 16.69e3 17.61e3 17.94e3 17.18e3 16.76e3 15.82e3 15.21e3 15.53e3 16.03e3 15.53e3 15.64e3 17.73e3 16.58e3 17.38e3 17.07e3 21.02e3 20.12e3 21.35e3 20.46e3 20.51e3 18.99e3 17.85e3 19.30e3 19.24e3 16.86e3 17.09e3 19.27e3 18.01e3 15.60e3 16.55e3 16.20e3 18.02e3 15.87e3 17.55e3 16.61e3 16.74e3 17.08e3 15.63e3 14.98e3 17.19e3 17.43e3 16.20e3 17.47e3 19.56e3 19.50e3 20.95e3 20.26e3 22.36e3 22.29e3 25.27e3 23.90e3 22.56e3 22.73e3 24.59e3 
   16.0e6  1.634e3 2.423e3 3.357e3 4.212e3 5.067e3 5.586e3 5.517e3 6.463e3 6.512e3 6.549e3 8.348e3 8.184e3 8.519e3 9.376e3 9.954e3 11.84e3 12.62e3 12.90e3 12.60e3 11.87e3 12.26e3 13.59e3 13.09e3 13.15e3 11.74e3 11.87e3 11.90e3 11.55e3 11.18e3 11.06e3 11.45e3 12.83e3 13.02e3 12.67e3 14.52e3 16.43e3 17.27e3 17.61e3 17.35e3 18.37e3 18.66e3 17.87e3 17.37e3 16.45e3 15.82e3 16.24e3 16.72e3 16.19e3 16.39e3 18.43e3 17.21e3 18.10e3 17.61e3 21.84e3 20.83e3 22.08e3 21.19e3 21.09e3 19.72e3 18.62e3 20.02e3 20.11e3 17.65e3 17.92e3 19.94e3 18.78e3 16.31e3 17.31e3 16.93e3 18.69e3 16.62e3 18.30e3 17.40e3 17.52e3 17.90e3 16.40e3 15.74e3 17.97e3 18.21e3 17.05e3 18.31e3 20.44e3 20.29e3 21.79e3 21.07e3 23.17e3 23.23e3 26.37e3 24.82e3 23.47e3 23.65e3 25.68e3 
   17.0e6  1.720e3 2.503e3 3.435e3 4.334e3 5.209e3 5.757e3 5.777e3 6.694e3 6.762e3 6.854e3 8.606e3 8.462e3 8.748e3 9.601e3 10.20e3 12.09e3 13.10e3 13.40e3 12.99e3 12.26e3 12.70e3 14.08e3 13.54e3 13.57e3 12.19e3 12.33e3 12.38e3 12.01e3 11.64e3 11.52e3 11.96e3 13.33e3 13.45e3 13.13e3 15.18e3 17.07e3 17.88e3 18.13e3 17.96e3 19.07e3 19.34e3 18.53e3 17.95e3 17.05e3 16.39e3 16.91e3 17.37e3 16.83e3 17.10e3 19.10e3 17.82e3 18.78e3 18.12e3 22.61e3 21.50e3 22.78e3 21.88e3 21.61e3 20.42e3 19.36e3 20.71e3 20.94e3 18.41e3 18.72e3 20.56e3 19.50e3 16.99e3 18.04e3 17.62e3 19.32e3 17.35e3 19.02e3 18.16e3 18.27e3 18.69e3 17.15e3 16.49e3 18.72e3 18.96e3 17.87e3 19.12e3 21.28e3 21.05e3 22.59e3 21.84e3 23.95e3 24.13e3 27.40e3 25.69e3 24.34e3 24.53e3 26.69e3 
   18.0e6  1.800e3 2.578e3 3.507e3 4.448e3 5.341e3 5.917e3 6.021e3 6.907e3 6.998e3 7.144e3 8.850e3 8.727e3 8.963e3 9.810e3 10.43e3 12.33e3 13.54e3 13.86e3 13.36e3 12.63e3 13.11e3 14.54e3 13.95e3 13.98e3 12.62e3 12.76e3 12.83e3 12.45e3 12.09e3 11.96e3 12.45e3 13.80e3 13.87e3 13.56e3 15.81e3 17.66e3 18.46e3 18.62e3 18.54e3 19.74e3 19.98e3 19.15e3 18.50e3 17.62e3 16.94e3 17.55e3 18.00e3 17.43e3 17.78e3 19.73e3 18.40e3 19.43e3 18.59e3 23.33e3 22.13e3 23.43e3 22.54e3 22.09e3 21.09e3 20.05e3 21.36e3 21.73e3 19.14e3 19.49e3 21.16e3 20.19e3 17.64e3 18.75e3 18.29e3 19.90e3 18.06e3 19.70e3 18.89e3 18.99e3 19.46e3 17.87e3 17.21e3 19.43e3 19.68e3 18.66e3 19.89e3 22.08e3 21.79e3 23.35e3 22.57e3 24.69e3 24.99e3 28.37e3 26.52e3 25.17e3 25.36e3 27.63e3 
   20.0e6  1.948e3 2.713e3 3.636e3 4.657e3 5.576e3 6.209e3 6.464e3 7.289e3 7.431e3 7.678e3 9.298e3 9.220e3 9.357e3 10.19e3 10.86e3 12.75e3 14.31e3 14.68e3 14.02e3 13.33e3 13.89e3 15.39e3 14.70e3 14.74e3 13.42e3 13.59e3 13.66e3 13.28e3 12.94e3 12.81e3 13.38e3 14.69e3 14.65e3 14.38e3 16.95e3 18.74e3 19.52e3 19.51e3 19.59e3 20.97e3 21.14e3 20.31e3 19.52e3 18.67e3 17.98e3 18.76e3 19.18e3 18.57e3 19.02e3 20.91e3 19.50e3 20.65e3 19.49e3 24.67e3 23.30e3 24.65e3 23.77e3 22.97e3 22.34e3 21.36e3 22.57e3 23.21e3 20.52e3 20.96e3 22.27e3 21.45e3 18.90e3 20.11e3 19.56e3 20.97e3 19.43e3 20.99e3 20.25e3 20.35e3 20.92e3 19.27e3 18.59e3 20.78e3 21.04e3 20.17e3 21.35e3 23.56e3 23.18e3 24.75e3 23.95e3 26.09e3 26.59e3 30.14e3 28.05e3 26.71e3 26.90e3 29.31e3 
   22.5e6  2.111e3 2.862e3 3.778e3 4.890e3 5.826e3 6.527e3 6.945e3 7.694e3 7.911e3 8.270e3 9.799e3 9.778e3 9.796e3 10.61e3 11.34e3 13.22e3 15.11e3 15.55e3 14.75e3 14.11e3 14.76e3 16.33e3 15.52e3 15.59e3 14.33e3 14.53e3 14.61e3 14.23e3 13.91e3 13.81e3 14.45e3 15.72e3 15.55e3 15.33e3 18.24e3 19.89e3 20.67e3 20.48e3 20.75e3 22.31e3 22.41e3 21.61e3 20.66e3 19.86e3 19.17e3 20.15e3 20.54e3 19.88e3 20.40e3 22.22e3 20.76e3 22.04e3 20.54e3 26.18e3 24.64e3 26.03e3 25.17e3 23.94e3 23.78e3 22.84e3 23.95e3 24.90e3 22.12e3 22.65e3 23.55e3 22.87e3 20.39e3 21.70e3 21.04e3 22.16e3 21.04e3 22.46e3 21.82e3 21.92e3 22.62e3 20.92e3 20.22e3 22.32e3 22.60e3 21.91e3 23.01e3 25.24e3 24.81e3 26.31e3 25.54e3 27.69e3 28.41e3 32.06e3 29.77e3 28.48e3 28.65e3 31.12e3 
   25.0e6  2.253e3 2.993e3 3.904e3 5.095e3 6.039e3 6.805e3 7.358e3 8.038e3 8.339e3 8.790e3 10.24e3 10.28e3 10.19e3 10.99e3 11.78e3 13.63e3 15.76e3 16.29e3 15.40e3 14.81e3 15.54e3 17.15e3 16.24e3 16.36e3 15.16e3 15.40e3 15.47e3 15.12e3 14.81e3 14.74e3 15.44e3 16.67e3 16.38e3 16.19e3 19.40e3 20.88e3 21.68e3 21.33e3 21.78e3 23.49e3 23.53e3 22.77e3 21.70e3 20.94e3 20.27e3 21.42e3 21.79e3 21.08e3 21.63e3 23.41e3 21.93e3 23.31e3 21.57e3 27.56e3 25.85e3 27.27e3 26.44e3 24.82e3 25.11e3 24.19e3 25.21e3 26.45e3 23.59e3 24.21e3 24.73e3 24.17e3 21.78e3 23.20e3 22.42e3 23.21e3 22.56e3 23.81e3 23.25e3 23.38e3 24.21e3 22.47e3 21.74e3 23.73e3 24.05e3 23.51e3 24.52e3 26.77e3 26.33e3 27.70e3 27.02e3 29.17e3 30.05e3 33.72e3 31.33e3 30.08e3 30.23e3 32.69e3 
   27.5e6  2.378e3 3.111e3 4.016e3 5.279e3 6.224e3 7.050e3 7.717e3 8.333e3 8.724e3 9.248e3 10.64e3 10.74e3 10.55e3 11.33e3 12.19e3 14.01e3 16.31e3 16.92e3 15.97e3 15.46e3 16.26e3 17.88e3 16.89e3 17.07e3 15.93e3 16.20e3 16.24e3 15.94e3 15.65e3 15.62e3 16.36e3 17.54e3 17.15e3 17.00e3 20.44e3 21.74e3 22.57e3 22.09e3 22.69e3 24.51e3 24.52e3 23.81e3 22.64e3 21.93e3 21.28e3 22.58e3 22.94e3 22.19e3 22.73e3 24.50e3 23.01e3 24.48e3 22.58e3 28.84e3 26.97e3 28.41e3 27.60e3 25.66e3 26.34e3 25.43e3 26.38e3 27.87e3 24.96e3 25.66e3 25.82e3 25.39e3 23.10e3 24.60e3 23.72e3 24.18e3 23.99e3 25.07e3 24.58e3 24.74e3 25.70e3 23.94e3 23.18e3 25.04e3 25.40e3 24.99e3 25.91e3 28.17e3 27.76e3 28.95e3 28.40e3 30.56e3 31.54e3 35.17e3 32.76e3 31.56e3 31.69e3 34.07e3 
   30.0e6  2.489e3 3.218e3 4.120e3 5.445e3 6.387e3 7.269e3 8.033e3 8.591e3 9.076e3 9.655e3 11.01e3 11.15e3 10.89e3 11.65e3 12.57e3 14.36e3 16.78e3 17.45e3 16.50e3 16.05e3 16.91e3 18.54e3 17.47e3 17.73e3 16.63e3 16.94e3 16.96e3 16.70e3 16.42e3 16.45e3 17.22e3 18.36e3 17.88e3 17.76e3 21.40e3 22.50e3 23.35e3 22.78e3 23.51e3 25.42e3 25.42e3 24.76e3 23.51e3 22.84e3 22.23e3 23.66e3 24.00e3 23.23e3 23.73e3 25.50e3 24.03e3 25.57e3 23.59e3 30.03e3 28.00e3 29.47e3 28.69e3 26.47e3 27.48e3 26.58e3 27.46e3 29.19e3 26.24e3 27.01e3 26.86e3 26.54e3 24.36e3 25.94e3 24.94e3 25.09e3 25.34e3 26.24e3 25.82e3 26.01e3 27.09e3 25.33e3 24.53e3 26.25e3 26.67e3 26.36e3 27.19e3 29.46e3 29.11e3 30.08e3 29.70e3 31.86e3 32.90e3 36.44e3 34.08e3 32.94e3 33.04e3 35.32e3 
   32.5e6  2.588e3 3.316e3 4.215e3 5.596e3 6.532e3 7.465e3 8.316e3 8.819e3 9.399e3 10.02e3 11.34e3 11.54e3 11.20e3 11.95e3 12.93e3 14.69e3 17.18e3 17.91e3 16.98e3 16.60e3 17.52e3 19.12e3 18.00e3 18.34e3 17.28e3 17.63e3 17.62e3 17.42e3 17.15e3 17.23e3 18.02e3 19.12e3 18.57e3 18.47e3 22.28e3 23.18e3 24.06e3 23.40e3 24.25e3 26.22e3 26.23e3 25.63e3 24.32e3 23.69e3 23.13e3 24.65e3 25.00e3 24.19e3 24.65e3 26.43e3 24.99e3 26.58e3 24.59e3 31.14e3 28.97e3 30.45e3 29.70e3 27.26e3 28.56e3 27.64e3 28.48e3 30.41e3 27.44e3 28.26e3 27.84e3 27.64e3 25.55e3 27.20e3 26.09e3 25.95e3 26.62e3 27.35e3 26.99e3 27.20e3 28.41e3 26.64e3 25.81e3 27.39e3 27.87e3 27.63e3 28.38e3 30.67e3 30.39e3 31.13e3 30.93e3 33.09e3 34.16e3 37.57e3 35.32e3 34.23e3 34.30e3 36.47e3 
   35.0e6  2.676e3 3.406e3 4.304e3 5.733e3 6.663e3 7.644e3 8.570e3 9.024e3 9.697e3 10.35e3 11.64e3 11.89e3 11.50e3 12.23e3 13.27e3 15.00e3 17.53e3 18.31e3 17.42e3 17.12e3 18.07e3 19.65e3 18.49e3 18.90e3 17.89e3 18.27e3 18.23e3 18.09e3 17.84e3 17.97e3 18.76e3 19.84e3 19.22e3 19.15e3 23.09e3 23.78e3 24.70e3 23.98e3 24.93e3 26.93e3 26.97e3 26.43e3 25.08e3 24.48e3 23.97e3 25.58e3 25.93e3 25.11e3 25.50e3 27.31e3 25.90e3 27.53e3 25.58e3 32.18e3 29.88e3 31.37e3 30.65e3 28.03e3 29.58e3 28.64e3 29.44e3 31.55e3 28.56e3 29.44e3 28.77e3 28.69e3 26.69e3 28.40e3 27.19e3 26.78e3 27.84e3 28.40e3 28.09e3 28.32e3 29.66e3 27.89e3 27.02e3 28.46e3 29.01e3 28.81e3 29.48e3 31.80e3 31.60e3 32.09e3 32.10e3 34.26e3 35.32e3 38.58e3 36.47e3 35.44e3 35.49e3 37.53e3 
   37.5e6  2.755e3 3.490e3 4.388e3 5.858e3 6.782e3 7.806e3 8.801e3 9.210e3 9.973e3 10.64e3 11.92e3 12.21e3 11.78e3 12.50e3 13.60e3 15.29e3 17.83e3 18.65e3 17.83e3 17.59e3 18.59e3 20.13e3 18.95e3 19.44e3 18.45e3 18.88e3 18.81e3 18.72e3 18.48e3 18.66e3 19.46e3 20.52e3 19.84e3 19.79e3 23.83e3 24.33e3 25.28e3 24.52e3 25.55e3 27.58e3 27.65e3 27.17e3 25.79e3 25.23e3 24.76e3 26.45e3 26.80e3 25.96e3 26.28e3 28.13e3 26.75e3 28.42e3 26.55e3 33.15e3 30.73e3 32.23e3 31.55e3 28.78e3 30.54e3 29.58e3 30.35e3 32.61e3 29.63e3 30.55e3 29.67e3 29.72e3 27.78e3 29.55e3 28.23e3 27.58e3 28.99e3 29.39e3 29.14e3 29.38e3 30.83e3 29.07e3 28.18e3 29.48e3 30.08e3 29.91e3 30.52e3 32.87e3 32.75e3 32.99e3 33.22e3 35.37e3 36.40e3 39.50e3 37.57e3 36.59e3 36.61e3 38.54e3 
   40.0e6  2.826e3 3.567e3 4.466e3 5.974e3 6.892e3 7.955e3 9.011e3 9.379e3 10.23e3 10.91e3 12.18e3 12.51e3 12.04e3 12.76e3 13.91e3 15.57e3 18.09e3 18.95e3 18.21e3 18.04e3 19.07e3 20.56e3 19.38e3 19.94e3 18.98e3 19.44e3 19.34e3 19.32e3 19.09e3 19.32e3 20.12e3 21.15e3 20.43e3 20.40e3 24.52e3 24.82e3 25.81e3 25.02e3 26.13e3 28.15e3 28.28e3 27.85e3 26.45e3 25.93e3 25.51e3 27.27e3 27.62e3 26.78e3 27.02e3 28.90e3 27.57e3 29.26e3 27.50e3 34.06e3 31.54e3 33.04e3 32.40e3 29.52e3 31.45e3 30.46e3 31.21e3 33.61e3 30.63e3 31.59e3 30.52e3 30.70e3 28.82e3 30.64e3 29.22e3 28.36e3 30.09e3 30.34e3 30.14e3 30.38e3 31.95e3 30.20e3 29.28e3 30.45e3 31.11e3 30.95e3 31.49e3 33.88e3 33.84e3 33.83e3 34.29e3 36.43e3 37.41e3 40.35e3 38.60e3 37.68e3 37.67e3 39.50e3 
   45.0e6  2.943e3 3.707e3 4.610e3 6.178e3 7.088e3 8.219e3 9.379e3 9.677e3 10.69e3 11.37e3 12.64e3 13.05e3 12.54e3 13.24e3 14.48e3 16.09e3 18.51e3 19.44e3 18.91e3 18.86e3 19.92e3 21.33e3 20.16e3 20.85e3 19.95e3 20.48e3 20.32e3 20.42e3 20.20e3 20.53e3 21.33e3 22.32e3 21.53e3 21.55e3 25.75e3 25.69e3 26.75e3 25.94e3 27.17e3 29.15e3 29.41e3 29.08e3 27.68e3 27.23e3 26.91e3 28.75e3 29.11e3 28.28e3 28.36e3 30.34e3 29.09e3 30.81e3 29.32e3 35.70e3 33.03e3 34.54e3 33.96e3 30.95e3 33.14e3 32.09e3 32.81e3 35.44e3 32.49e3 33.49e3 32.14e3 32.57e3 30.77e3 32.67e3 31.08e3 29.86e3 32.12e3 32.12e3 32.02e3 32.24e3 34.02e3 32.30e3 31.32e3 32.26e3 33.03e3 32.84e3 33.28e3 35.75e3 35.89e3 35.37e3 36.27e3 38.43e3 39.24e3 41.85e3 40.51e3 39.70e3 39.64e3 41.28e3 
   50.0e6  3.033e3 3.827e3 4.739e3 6.352e3 7.260e3 8.445e3 9.687e3 9.931e3 11.10e3 11.77e3 13.03e3 13.51e3 13.00e3 13.70e3 15.01e3 16.57e3 18.84e3 19.81e3 19.53e3 19.59e3 20.67e3 21.97e3 20.85e3 21.66e3 20.81e3 21.39e3 21.19e3 21.40e3 21.21e3 21.61e3 22.40e3 23.37e3 22.54e3 22.60e3 26.80e3 26.42e3 27.58e3 26.78e3 28.09e3 30.00e3 30.39e3 30.14e3 28.79e3 28.39e3 28.17e3 30.05e3 30.45e3 29.64e3 29.57e3 31.64e3 30.48e3 32.19e3 31.00e3 37.12e3 34.38e3 35.87e3 35.38e3 32.30e3 34.67e3 33.56e3 34.27e3 37.06e3 34.17e3 35.19e3 33.64e3 34.31e3 32.57e3 34.53e3 32.78e3 31.30e3 33.96e3 33.77e3 33.73e3 33.92e3 35.89e3 34.21e3 33.18e3 33.94e3 34.78e3 34.52e3 34.89e3 37.46e3 37.75e3 36.76e3 38.08e3 40.26e3 40.87e3 43.18e3 42.24e3 41.54e3 41.44e3 42.93e3 
   55.0e6  3.100e3 3.932e3 4.854e3 6.502e3 7.411e3 8.641e3 9.946e3 10.15e3 11.45e3 12.10e3 13.37e3 13.91e3 13.43e3 14.12e3 15.50e3 17.00e3 19.09e3 20.10e3 20.08e3 20.24e3 21.32e3 22.52e3 21.48e3 22.38e3 21.58e3 22.20e3 21.97e3 22.29e3 22.11e3 22.59e3 23.36e3 24.31e3 23.47e3 23.57e3 27.71e3 27.05e3 28.30e3 27.54e3 28.91e3 30.72e3 31.25e3 31.08e3 29.79e3 29.45e3 29.31e3 31.22e3 31.64e3 30.87e3 30.67e3 32.83e3 31.74e3 33.44e3 32.55e3 38.36e3 35.60e3 37.08e3 36.66e3 33.57e3 36.06e3 34.88e3 35.60e3 38.51e3 35.70e3 36.71e3 35.03e3 35.92e3 34.22e3 36.22e3 34.33e3 32.68e3 35.63e3 35.29e3 35.32e3 35.45e3 37.58e3 35.94e3 34.88e3 35.50e3 36.39e3 36.05e3 36.38e3 39.02e3 39.46e3 38.05e3 39.73e3 41.96e3 42.34e3 44.38e3 43.82e3 43.22e3 43.08e3 44.47e3 
   60.0e6  3.147e3 4.023e3 4.957e3 6.630e3 7.545e3 8.812e3 10.16e3 10.34e3 11.76e3 12.38e3 13.67e3 14.26e3 13.82e3 14.51e3 15.94e3 17.40e3 19.28e3 20.32e3 20.58e3 20.82e3 21.89e3 22.99e3 22.04e3 23.02e3 22.27e3 22.93e3 22.67e3 23.09e3 22.93e3 23.46e3 24.22e3 25.16e3 24.33e3 24.46e3 28.49e3 27.60e3 28.96e3 28.24e3 29.65e3 31.35e3 32.00e3 31.90e3 30.70e3 30.41e3 30.34e3 32.26e3 32.71e3 32.00e3 31.68e3 33.92e3 32.91e3 34.57e3 33.95e3 39.43e3 36.71e3 38.16e3 37.83e3 34.77e3 37.33e3 36.09e3 36.82e3 39.80e3 37.08e3 38.08e3 36.33e3 37.41e3 35.73e3 37.77e3 35.77e3 34.00e3 37.15e3 36.70e3 36.77e3 36.84e3 39.12e3 37.52e3 36.44e3 36.95e3 37.87e3 37.45e3 37.74e3 40.47e3 41.01e3 39.25e3 41.25e3 43.52e3 43.68e3 45.49e3 45.26e3 44.76e3 44.59e3 45.90e3 
   65.0e6  3.179e3 4.101e3 5.049e3 6.741e3 7.666e3 8.961e3 10.34e3 10.51e3 12.03e3 12.62e3 13.93e3 14.56e3 14.19e3 14.88e3 16.35e3 17.77e3 19.44e3 20.49e3 21.03e3 21.34e3 22.38e3 23.39e3 22.55e3 23.60e3 22.89e3 23.57e3 23.30e3 23.80e3 23.67e3 24.24e3 24.99e3 25.93e3 25.12e3 25.29e3 29.17e3 28.08e3 29.55e3 28.90e3 30.32e3 31.92e3 32.67e3 32.63e3 31.52e3 31.28e3 31.28e3 33.19e3 33.66e3 33.03e3 32.62e3 34.91e3 33.98e3 35.58e3 35.23e3 40.35e3 37.72e3 39.14e3 38.90e3 35.89e3 38.49e3 37.18e3 37.94e3 40.96e3 38.34e3 39.32e3 37.53e3 38.77e3 37.13e3 39.18e3 37.08e3 35.26e3 38.53e3 38.02e3 38.12e3 38.12e3 40.51e3 38.96e3 37.86e3 38.31e3 39.23e3 38.74e3 39.02e3 41.81e3 42.44e3 40.38e3 42.65e3 44.97e3 44.90e3 46.53e3 46.58e3 46.18e3 45.97e3 47.23e3 
   70.0e6  3.198e3 4.168e3 5.131e3 6.836e3 7.773e3 9.093e3 10.50e3 10.67e3 12.27e3 12.82e3 14.15e3 14.82e3 14.53e3 15.23e3 16.73e3 18.11e3 19.57e3 20.62e3 21.43e3 21.81e3 22.82e3 23.74e3 23.02e3 24.11e3 23.44e3 24.14e3 23.87e3 24.45e3 24.34e3 24.95e3 25.68e3 26.62e3 25.85e3 26.06e3 29.77e3 28.50e3 30.09e3 29.51e3 30.94e3 32.42e3 33.25e3 33.28e3 32.28e3 32.07e3 32.14e3 34.02e3 34.52e3 33.97e3 33.48e3 35.82e3 34.96e3 36.51e3 36.38e3 41.14e3 38.64e3 40.03e3 39.87e3 36.94e3 39.54e3 38.18e3 38.97e3 42.00e3 39.48e3 40.44e3 38.66e3 40.01e3 38.41e3 40.47e3 38.30e3 36.46e3 39.80e3 39.25e3 39.35e3 39.30e3 41.78e3 40.27e3 39.17e3 39.58e3 40.49e3 39.93e3 40.22e3 43.05e3 43.75e3 41.45e3 43.94e3 46.32e3 46.04e3 47.51e3 47.79e3 47.48e3 47.25e3 48.48e3 
   80.0e6  3.205e3 4.274e3 5.268e3 6.987e3 7.953e3 9.308e3 10.72e3 10.92e3 12.67e3 13.15e3 14.50e3 15.25e3 15.13e3 15.86e3 17.39e3 18.70e3 19.77e3 20.80e3 22.12e3 22.60e3 23.52e3 24.31e3 23.82e3 24.98e3 24.38e3 25.11e3 24.84e3 25.56e3 25.51e3 26.14e3 26.87e3 27.82e3 27.15e3 27.43e3 30.76e3 29.22e3 31.06e3 30.64e3 32.05e3 33.31e3 34.22e3 34.36e3 33.59e3 33.46e3 33.62e3 35.43e3 35.99e3 35.63e3 35.03e3 37.42e3 36.70e3 38.10e3 38.34e3 42.39e3 40.23e3 41.55e3 41.58e3 38.82e3 41.39e3 39.91e3 40.78e3 43.78e3 41.48e3 42.37e3 40.67e3 42.17e3 40.67e3 42.72e3 40.44e3 38.68e3 42.01e3 41.48e3 41.55e3 41.37e3 43.98e3 42.56e3 41.47e3 41.88e3 42.71e3 42.09e3 42.40e3 45.28e3 46.03e3 43.44e3 46.26e3 48.72e3 48.07e3 49.32e3 49.93e3 49.78e3 49.51e3 50.73e3 
   90.0e6  3.184e3 4.349e3 5.376e3 7.097e3 8.095e3 9.474e3 10.88e3 11.13e3 12.98e3 13.38e3 14.76e3 15.56e3 15.65e3 16.40e3 17.95e3 19.19e3 19.92e3 20.90e3 22.68e3 23.24e3 24.05e3 24.75e3 24.47e3 25.67e3 25.14e3 25.87e3 25.63e3 26.45e3 26.47e3 27.10e3 27.84e3 28.80e3 28.27e3 28.61e3 31.56e3 29.81e3 31.91e3 31.67e3 33.01e3 34.07e3 34.98e3 35.22e3 34.68e3 34.61e3 34.84e3 36.56e3 37.17e3 37.02e3 36.38e3 38.77e3 38.17e3 39.41e3 39.91e3 43.30e3 41.55e3 42.80e3 43.01e3 40.44e3 42.93e3 41.35e3 42.31e3 45.21e3 43.14e3 43.95e3 42.42e3 43.95e3 42.58e3 44.60e3 42.27e3 40.68e3 43.89e3 43.44e3 43.41e3 43.13e3 45.79e3 44.47e3 43.42e3 43.88e3 44.60e3 44.00e3 44.36e3 47.21e3 47.96e3 45.28e3 48.28e3 50.79e3 49.87e3 50.98e3 51.74e3 51.73e3 51.43e3 52.69e3 
   100.e6  3.144e3 4.398e3 5.458e3 7.176e3 8.203e3 9.599e3 10.97e3 11.30e3 13.22e3 13.55e3 14.95e3 15.78e3 16.10e3 16.87e3 18.42e3 19.60e3 20.04e3 20.97e3 23.14e3 23.74e3 24.44e3 25.09e3 25.00e3 26.20e3 25.75e3 26.47e3 26.28e3 27.17e3 27.26e3 27.86e3 28.62e3 29.61e3 29.22e3 29.63e3 32.21e3 30.31e3 32.67e3 32.60e3 33.86e3 34.73e3 35.56e3 35.89e3 35.59e3 35.57e3 35.84e3 37.47e3 38.12e3 38.19e3 37.54e3 39.89e3 39.42e3 40.49e3 41.17e3 43.94e3 42.64e3 43.81e3 44.20e3 41.83e3 44.21e3 42.53e3 43.60e3 46.38e3 44.52e3 45.26e3 43.93e3 45.38e3 44.19e3 46.15e3 43.82e3 42.47e3 45.49e3 45.16e3 44.99e3 44.63e3 47.29e3 46.07e3 45.06e3 45.61e3 46.21e3 45.70e3 46.12e3 48.89e3 49.56e3 46.99e3 50.05e3 52.57e3 51.47e3 52.49e3 53.26e3 53.38e3 53.07e3 54.39e3 
   110.e6  3.091e3 4.428e3 5.520e3 7.229e3 8.282e3 9.691e3 11.02e3 11.43e3 13.41e3 13.66e3 15.07e3 15.94e3 16.48e3 17.28e3 18.81e3 19.93e3 20.13e3 21.01e3 23.50e3 24.14e3 24.72e3 25.35e3 25.43e3 26.62e3 26.24e3 26.94e3 26.79e3 27.74e3 27.92e3 28.46e3 29.26e3 30.27e3 30.03e3 30.50e3 32.77e3 30.73e3 33.35e3 33.46e3 34.63e3 35.32e3 36.00e3 36.42e3 36.34e3 36.36e3 36.66e3 38.19e3 38.88e3 39.18e3 38.55e3 40.81e3 40.48e3 41.36e3 42.16e3 44.37e3 43.54e3 44.62e3 45.21e3 43.01e3 45.28e3 43.51e3 44.68e3 47.32e3 45.65e3 46.34e3 45.23e3 46.54e3 45.55e3 47.44e3 45.13e3 44.06e3 46.87e3 46.67e3 46.32e3 45.92e3 48.51e3 47.40e3 46.45e3 47.11e3 47.59e3 47.24e3 47.72e3 50.34e3 50.91e3 48.59e3 51.61e3 54.11e3 52.91e3 53.87e3 54.55e3 54.78e3 54.47e3 55.86e3 
   120.e6  3.032e3 4.442e3 5.564e3 7.262e3 8.336e3 9.756e3 11.04e3 11.54e3 13.54e3 13.74e3 15.14e3 16.04e3 16.80e3 17.63e3 19.13e3 20.21e3 20.21e3 21.03e3 23.79e3 24.46e3 24.93e3 25.55e3 25.77e3 26.93e3 26.62e3 27.29e3 27.21e3 28.19e3 28.45e3 28.93e3 29.77e3 30.80e3 30.73e3 31.26e3 33.25e3 31.10e3 33.96e3 34.26e3 35.31e3 35.84e3 36.32e3 36.82e3 36.96e3 37.02e3 37.33e3 38.77e3 39.48e3 40.01e3 39.41e3 41.58e3 41.38e3 42.08e3 42.93e3 44.65e3 44.28e3 45.28e3 46.04e3 44.02e3 46.15e3 44.30e3 45.58e3 48.08e3 46.59e3 47.22e3 46.35e3 47.45e3 46.68e3 48.50e3 46.24e3 45.47e3 48.08e3 48.01e3 47.45e3 47.03e3 49.51e3 48.51e3 47.63e3 48.39e3 48.76e3 48.62e3 49.16e3 51.59e3 52.04e3 50.07e3 52.99e3 55.45e3 54.22e3 55.13e3 55.63e3 55.97e3 55.65e3 57.14e3 
   130.e6  2.969e3 4.444e3 5.593e3 7.279e3 8.368e3 9.798e3 11.03e3 11.62e3 13.63e3 13.77e3 15.16e3 16.10e3 17.06e3 17.93e3 19.40e3 20.43e3 20.27e3 21.04e3 24.01e3 24.70e3 25.07e3 25.70e3 26.04e3 27.16e3 26.91e3 27.56e3 27.53e3 28.55e3 28.89e3 29.29e3 30.19e3 31.24e3 31.32e3 31.91e3 33.67e3 31.43e3 34.51e3 35.00e3 35.94e3 36.31e3 36.55e3 37.13e3 37.47e3 37.56e3 37.88e3 39.22e3 39.95e3 40.70e3 40.15e3 42.20e3 42.13e3 42.65e3 43.52e3 44.81e3 44.88e3 45.79e3 46.74e3 44.88e3 46.86e3 44.95e3 46.34e3 48.69e3 47.35e3 47.94e3 47.31e3 48.16e3 47.63e3 49.36e3 47.18e3 46.71e3 49.15e3 49.20e3 48.39e3 47.98e3 50.31e3 49.43e3 48.61e3 49.48e3 49.75e3 49.88e3 50.47e3 52.68e3 52.97e3 51.46e3 54.22e3 56.60e3 55.41e3 56.28e3 56.53e3 56.98e3 56.66e3 58.24e3 
   140.e6  2.904e3 4.435e3 5.611e3 7.284e3 8.382e3 9.821e3 11.00e3 11.69e3 13.68e3 13.79e3 15.16e3 16.12e3 17.29e3 18.18e3 19.62e3 20.60e3 20.32e3 21.05e3 24.18e3 24.88e3 25.16e3 25.81e3 26.24e3 27.31e3 27.13e3 27.75e3 27.78e3 28.81e3 29.24e3 29.55e3 30.51e3 31.58e3 31.83e3 32.47e3 34.05e3 31.72e3 35.01e3 35.68e3 36.50e3 36.73e3 36.69e3 37.36e3 37.88e3 38.00e3 38.31e3 39.57e3 40.31e3 41.27e3 40.76e3 42.70e3 42.75e3 43.10e3 43.96e3 44.88e3 45.36e3 46.20e3 47.31e3 45.60e3 47.44e3 45.46e3 46.96e3 49.17e3 47.97e3 48.52e3 48.14e3 48.71e3 48.41e3 50.06e3 47.97e3 47.81e3 50.11e3 50.26e3 49.18e3 48.79e3 50.95e3 50.20e3 49.44e3 50.41e3 50.60e3 51.01e3 51.65e3 53.61e3 53.75e3 52.75e3 55.31e3 57.60e3 56.51e3 57.31e3 57.29e3 57.82e3 57.52e3 59.19e3 
   150.e6  2.840e3 4.419e3 5.618e3 7.278e3 8.379e3 9.828e3 10.96e3 11.74e3 13.71e3 13.78e3 15.13e3 16.11e3 17.47e3 18.40e3 19.79e3 20.73e3 20.35e3 21.05e3 24.30e3 25.01e3 25.22e3 25.89e3 26.38e3 27.41e3 27.29e3 27.88e3 27.96e3 29.00e3 29.52e3 29.74e3 30.77e3 31.85e3 32.25e3 32.95e3 34.40e3 31.99e3 35.46e3 36.33e3 37.01e3 37.10e3 36.78e3 37.51e3 38.21e3 38.35e3 38.65e3 39.83e3 40.58e3 41.75e3 41.28e3 43.09e3 43.27e3 43.46e3 44.27e3 44.89e3 45.74e3 46.51e3 47.78e3 46.21e3 47.90e3 45.86e3 47.47e3 49.55e3 48.47e3 48.99e3 48.85e3 49.10e3 49.05e3 50.62e3 48.63e3 48.77e3 50.98e3 51.20e3 49.82e3 49.49e3 51.46e3 50.83e3 50.13e3 51.19e3 51.33e3 52.04e3 52.72e3 54.40e3 54.39e3 53.95e3 56.28e3 58.46e3 57.51e3 58.25e3 57.92e3 58.53e3 58.24e3 60.02e3 
   160.e6  2.778e3 4.410e3 5.618e3 7.266e3 8.381e3 9.822e3 10.91e3 11.79e3 13.73e3 13.77e3 15.12e3 16.11e3 17.62e3 18.57e3 19.92e3 20.83e3 20.38e3 21.08e3 24.41e3 25.11e3 25.29e3 25.98e3 26.53e3 27.50e3 27.44e3 27.99e3 28.14e3 29.19e3 29.76e3 29.92e3 31.02e3 32.07e3 32.62e3 33.36e3 34.64e3 32.24e3 35.88e3 36.88e3 37.48e3 37.45e3 36.90e3 37.61e3 38.54e3 38.67e3 38.99e3 40.10e3 40.84e3 42.19e3 41.77e3 43.47e3 43.75e3 43.80e3 44.51e3 44.86e3 46.05e3 46.81e3 48.24e3 46.77e3 48.27e3 46.27e3 47.96e3 49.90e3 48.93e3 49.46e3 49.47e3 49.47e3 49.63e3 51.14e3 49.25e3 49.62e3 51.76e3 52.06e3 50.43e3 50.17e3 51.95e3 51.41e3 50.79e3 51.91e3 52.00e3 52.96e3 53.66e3 55.15e3 54.99e3 55.02e3 57.09e3 59.17e3 58.41e3 59.08e3 58.53e3 59.22e3 58.94e3 60.78e3 
   170.e6  2.787e3 4.436e3 5.597e3 7.236e3 8.419e3 9.866e3 10.99e3 11.88e3 13.76e3 13.82e3 15.20e3 16.17e3 17.73e3 18.72e3 19.97e3 20.90e3 20.74e3 21.18e3 24.49e3 25.18e3 25.43e3 26.13e3 26.79e3 27.64e3 27.63e3 28.15e3 28.41e3 29.49e3 29.98e3 30.22e3 31.36e3 32.23e3 32.88e3 33.64e3 34.48e3 32.41e3 36.18e3 37.14e3 37.85e3 37.69e3 37.25e3 37.99e3 38.99e3 39.07e3 39.46e3 40.56e3 41.18e3 42.67e3 42.38e3 43.97e3 44.28e3 44.26e3 44.65e3 44.82e3 46.51e3 47.26e3 48.85e3 47.36e3 48.88e3 46.91e3 48.57e3 50.31e3 49.53e3 50.13e3 49.98e3 50.02e3 50.27e3 51.79e3 50.01e3 50.34e3 52.28e3 52.84e3 51.15e3 50.98e3 52.73e3 52.05e3 51.62e3 52.72e3 52.69e3 53.69e3 54.28e3 56.00e3 55.72e3 55.75e3 57.51e3 59.51e3 59.06e3 59.71e3 59.35e3 60.14e3 59.81e3 61.56e3 
   180.e6  2.789e3 4.440e3 5.546e3 7.171e3 8.410e3 9.860e3 11.02e3 11.92e3 13.71e3 13.81e3 15.20e3 16.16e3 17.75e3 18.77e3 19.92e3 20.87e3 21.03e3 21.21e3 24.45e3 25.12e3 25.46e3 26.18e3 26.92e3 27.66e3 27.68e3 28.18e3 28.56e3 29.65e3 30.05e3 30.39e3 31.58e3 32.25e3 32.99e3 33.76e3 34.18e3 32.48e3 36.33e3 37.24e3 38.04e3 37.78e3 37.45e3 38.21e3 39.27e3 39.31e3 39.77e3 40.85e3 41.35e3 42.98e3 42.79e3 44.28e3 44.61e3 44.54e3 44.58e3 44.60e3 46.79e3 47.52e3 49.25e3 47.76e3 49.30e3 47.37e3 48.99e3 50.52e3 49.92e3 50.61e3 50.28e3 50.37e3 50.71e3 52.23e3 50.57e3 50.85e3 52.60e3 53.38e3 51.67e3 51.61e3 53.32e3 52.49e3 52.25e3 53.31e3 53.18e3 54.20e3 54.68e3 56.62e3 56.23e3 56.24e3 57.64e3 59.56e3 59.46e3 60.07e3 59.92e3 60.81e3 60.43e3 62.11e3 
   200.e6  2.729e3 4.380e3 5.427e3 7.015e3 8.338e3 9.768e3 10.96e3 11.89e3 13.54e3 13.67e3 15.10e3 16.03e3 17.69e3 18.72e3 19.73e3 20.66e3 21.26e3 21.14e3 24.26e3 24.91e3 25.33e3 26.13e3 26.95e3 27.50e3 27.64e3 28.08e3 28.62e3 29.75e3 30.06e3 30.53e3 31.72e3 32.15e3 33.04e3 33.78e3 33.81e3 32.47e3 36.39e3 37.24e3 38.17e3 37.76e3 37.57e3 38.37e3 39.51e3 39.48e3 40.04e3 41.10e3 41.46e3 43.26e3 43.26e3 44.54e3 44.95e3 44.76e3 44.45e3 44.18e3 46.97e3 47.70e3 49.62e3 48.24e3 49.66e3 47.83e3 49.40e3 50.60e3 50.32e3 51.10e3 50.60e3 50.74e3 51.18e3 52.66e3 51.24e3 51.51e3 52.88e3 54.09e3 52.38e3 52.42e3 54.00e3 53.03e3 53.08e3 54.02e3 53.78e3 54.84e3 55.20e3 57.41e3 56.80e3 56.92e3 58.13e3 59.77e3 60.07e3 60.58e3 60.68e3 61.65e3 61.23e3 62.82e3 
   225.e6  2.584e3 4.270e3 5.320e3 6.861e3 8.248e3 9.668e3 10.82e3 11.82e3 13.36e3 13.48e3 14.94e3 15.87e3 17.63e3 18.69e3 19.54e3 20.49e3 21.13e3 21.08e3 24.05e3 24.70e3 25.16e3 26.11e3 26.88e3 27.28e3 27.57e3 27.95e3 28.59e3 29.75e3 30.07e3 30.61e3 31.73e3 32.07e3 33.06e3 33.82e3 33.85e3 32.51e3 36.39e3 37.24e3 38.23e3 37.68e3 37.59e3 38.48e3 39.62e3 39.55e3 40.13e3 41.21e3 41.54e3 43.43e3 43.59e3 44.68e3 45.20e3 44.84e3 44.57e3 43.98e3 47.10e3 47.80e3 49.81e3 48.63e3 49.82e3 48.07e3 49.62e3 50.53e3 50.55e3 51.37e3 50.87e3 51.03e3 51.49e3 52.87e3 51.69e3 52.06e3 53.03e3 54.70e3 53.04e3 53.06e3 54.43e3 53.51e3 53.76e3 54.48e3 54.27e3 55.38e3 55.76e3 58.05e3 57.22e3 57.61e3 59.27e3 60.47e3 60.82e3 61.18e3 61.40e3 62.30e3 61.90e3 63.45e3 
   250.e6  2.463e3 4.161e3 5.210e3 6.707e3 8.125e3 9.541e3 10.67e3 11.72e3 13.14e3 13.28e3 14.73e3 15.67e3 17.49e3 18.57e3 19.28e3 20.24e3 20.95e3 20.98e3 23.77e3 24.43e3 24.90e3 26.00e3 26.68e3 26.97e3 27.40e3 27.73e3 28.44e3 29.62e3 29.94e3 30.55e3 31.59e3 31.87e3 32.93e3 33.70e3 33.86e3 32.48e3 36.23e3 37.07e3 38.09e3 37.47e3 37.46e3 38.42e3 39.54e3 39.43e3 40.04e3 41.12e3 41.44e3 43.38e3 43.64e3 44.58e3 45.22e3 44.71e3 44.53e3 43.74e3 47.02e3 47.70e3 49.78e3 48.77e3 49.73e3 48.07e3 49.59e3 50.29e3 50.53e3 51.40e3 50.89e3 51.09e3 51.53e3 52.81e3 51.85e3 52.28e3 52.95e3 54.97e3 53.39e3 53.40e3 54.56e3 53.73e3 54.13e3 54.63e3 54.49e3 55.63e3 56.01e3 58.32e3 57.38e3 57.95e3 60.06e3 60.87e3 61.24e3 61.45e3 61.76e3 62.60e3 62.22e3 63.76e3 
   275.e6  2.360e3 4.054e3 5.100e3 6.554e3 7.982e3 9.396e3 10.52e3 11.60e3 12.90e3 13.07e3 14.50e3 15.45e3 17.31e3 18.39e3 18.99e3 19.95e3 20.72e3 20.84e3 23.43e3 24.11e3 24.58e3 25.83e3 26.39e3 26.60e3 27.14e3 27.45e3 28.21e3 29.40e3 29.72e3 30.39e3 31.36e3 31.59e3 32.68e3 33.47e3 33.83e3 32.42e3 35.96e3 36.78e3 37.80e3 37.18e3 37.24e3 38.24e3 39.31e3 39.19e3 39.83e3 40.91e3 41.21e3 43.18e3 43.48e3 44.33e3 45.06e3 44.45e3 44.38e3 43.48e3 46.80e3 47.47e3 49.58e3 48.73e3 49.47e3 47.89e3 49.38e3 49.94e3 50.32e3 51.23e3 50.72e3 50.99e3 51.36e3 52.55e3 51.80e3 52.27e3 52.72e3 54.97e3 53.51e3 53.51e3 54.46e3 53.76e3 54.26e3 54.55e3 54.52e3 55.66e3 56.05e3 58.31e3 57.35e3 58.04e3 60.57e3 61.05e3 61.41e3 61.46e3 61.87e3 62.64e3 62.30e3 63.84e3 
   300.e6  2.272e3 3.951e3 4.992e3 6.404e3 7.827e3 9.238e3 10.36e3 11.47e3 12.65e3 12.86e3 14.25e3 15.22e3 17.08e3 18.16e3 18.67e3 19.63e3 20.47e3 20.68e3 23.06e3 23.76e3 24.23e3 25.62e3 26.05e3 26.20e3 26.84e3 27.14e3 27.91e3 29.12e3 29.42e3 30.15e3 31.05e3 31.26e3 32.36e3 33.16e3 33.77e3 32.32e3 35.61e3 36.42e3 37.42e3 36.83e3 36.94e3 37.97e3 38.99e3 38.86e3 39.53e3 40.61e3 40.89e3 42.86e3 43.15e3 43.96e3 44.78e3 44.09e3 44.16e3 43.20e3 46.49e3 47.13e3 49.27e3 48.55e3 49.10e3 47.59e3 49.04e3 49.51e3 50.00e3 50.93e3 50.42e3 50.77e3 51.05e3 52.17e3 51.60e3 52.07e3 52.40e3 54.79e3 53.43e3 53.46e3 54.21e3 53.65e3 54.21e3 54.32e3 54.42e3 55.54e3 55.94e3 58.10e3 57.19e3 57.94e3 60.86e3 61.07e3 61.38e3 61.29e3 61.78e3 62.49e3 62.18e3 63.74e3 
   325.e6  2.197e3 3.851e3 4.886e3 6.259e3 7.667e3 9.072e3 10.20e3 11.34e3 12.39e3 12.65e3 13.99e3 14.98e3 16.83e3 17.91e3 18.34e3 19.30e3 20.19e3 20.48e3 22.67e3 23.40e3 23.86e3 25.37e3 25.67e3 25.79e3 26.50e3 26.80e3 27.58e3 28.79e3 29.08e3 29.86e3 30.70e3 30.90e3 31.98e3 32.79e3 33.68e3 32.18e3 35.21e3 36.00e3 36.96e3 36.46e3 36.60e3 37.64e3 38.59e3 38.46e3 39.16e3 40.24e3 40.51e3 42.45e3 42.72e3 43.52e3 44.40e3 43.66e3 43.89e3 42.92e3 46.10e3 46.74e3 48.87e3 48.27e3 48.63e3 47.21e3 48.61e3 49.04e3 49.58e3 50.54e3 50.03e3 50.48e3 50.64e3 51.71e3 51.30e3 51.74e3 52.01e3 54.46e3 53.22e3 53.28e3 53.83e3 53.44e3 54.03e3 53.99e3 54.22e3 55.31e3 55.72e3 57.74e3 56.92e3 57.70e3 60.97e3 60.96e3 61.20e3 60.98e3 61.55e3 62.20e3 61.93e3 63.51e3 
   350.e6  2.131e3 3.756e3 4.784e3 6.118e3 7.504e3 8.902e3 10.05e3 11.19e3 12.14e3 12.45e3 13.73e3 14.74e3 16.56e3 17.64e3 18.01e3 18.96e3 19.89e3 20.25e3 22.26e3 23.03e3 23.48e3 25.09e3 25.26e3 25.36e3 26.14e3 26.45e3 27.23e3 28.44e3 28.71e3 29.53e3 30.31e3 30.52e3 31.57e3 32.38e3 33.56e3 32.02e3 34.77e3 35.54e3 36.45e3 36.07e3 36.22e3 37.27e3 38.15e3 38.03e3 38.76e3 39.82e3 40.08e3 41.99e3 42.20e3 43.02e3 43.95e3 43.19e3 43.60e3 42.63e3 45.67e3 46.29e3 48.41e3 47.93e3 48.12e3 46.78e3 48.13e3 48.55e3 49.11e3 50.07e3 49.58e3 50.13e3 50.17e3 51.19e3 50.91e3 51.32e3 51.59e3 54.04e3 52.89e3 53.01e3 53.37e3 53.16e3 53.75e3 53.58e3 53.94e3 55.00e3 55.41e3 57.27e3 56.58e3 57.35e3 60.93e3 60.75e3 60.91e3 60.58e3 61.20e3 61.81e3 61.58e3 63.17e3 
   375.e6  2.073e3 3.666e3 4.686e3 5.983e3 7.343e3 8.731e3 9.888e3 11.04e3 11.90e3 12.25e3 13.47e3 14.50e3 16.28e3 17.36e3 17.67e3 18.61e3 19.59e3 20.01e3 21.86e3 22.66e3 23.10e3 24.79e3 24.84e3 24.93e3 25.77e3 26.09e3 26.86e3 28.08e3 28.31e3 29.17e3 29.90e3 30.12e3 31.13e3 31.95e3 33.42e3 31.83e3 34.31e3 35.07e3 35.91e3 35.66e3 35.83e3 36.86e3 37.66e3 37.56e3 38.32e3 39.36e3 39.62e3 41.49e3 41.63e3 42.48e3 43.45e3 42.69e3 43.28e3 42.33e3 45.20e3 45.83e3 47.91e3 47.52e3 47.57e3 46.31e3 47.61e3 48.04e3 48.60e3 49.56e3 49.09e3 49.74e3 49.65e3 50.64e3 50.47e3 50.84e3 51.15e3 53.54e3 52.47e3 52.67e3 52.86e3 52.83e3 53.40e3 53.11e3 53.62e3 54.64e3 55.04e3 56.72e3 56.19e3 56.92e3 60.78e3 60.47e3 60.52e3 60.09e3 60.78e3 61.34e3 61.16e3 62.76e3 
   400.e6  2.022e3 3.579e3 4.592e3 5.853e3 7.184e3 8.560e3 9.730e3 10.89e3 11.66e3 12.06e3 13.21e3 14.27e3 16.00e3 17.07e3 17.34e3 18.27e3 19.28e3 19.74e3 21.46e3 22.30e3 22.71e3 24.47e3 24.42e3 24.51e3 25.39e3 25.73e3 26.48e3 27.70e3 27.90e3 28.80e3 29.47e3 29.72e3 30.67e3 31.50e3 33.25e3 31.62e3 33.84e3 34.58e3 35.35e3 35.26e3 35.42e3 36.43e3 37.16e3 37.09e3 37.88e3 38.88e3 39.15e3 40.96e3 41.02e3 41.93e3 42.92e3 42.17e3 42.95e3 42.03e3 44.72e3 45.34e3 47.39e3 47.08e3 46.99e3 45.81e3 47.07e3 47.52e3 48.06e3 49.01e3 48.58e3 49.32e3 49.11e3 50.07e3 50.00e3 50.30e3 50.69e3 53.00e3 51.99e3 52.27e3 52.30e3 52.46e3 52.99e3 52.62e3 53.26e3 54.23e3 54.64e3 56.12e3 55.77e3 56.44e3 60.53e3 60.14e3 60.07e3 59.56e3 60.30e3 60.82e3 60.68e3 62.28e3 
   450.e6  1.932e3 3.416e3 4.415e3 5.608e3 6.883e3 8.226e3 9.418e3 10.57e3 11.21e3 11.70e3 12.71e3 13.81e3 15.44e3 16.48e3 16.69e3 17.60e3 18.66e3 19.18e3 20.66e3 21.58e3 21.96e3 23.80e3 23.58e3 23.70e3 24.64e3 25.03e3 25.72e3 26.94e3 27.07e3 28.02e3 28.60e3 28.93e3 29.75e3 30.58e3 32.84e3 31.15e3 32.89e3 33.60e3 34.23e3 34.44e3 34.60e3 35.55e3 36.12e3 36.12e3 36.96e3 37.89e3 38.18e3 39.85e3 39.76e3 40.81e3 41.80e3 41.12e3 42.26e3 41.40e3 43.72e3 44.35e3 46.29e3 46.13e3 45.83e3 44.79e3 45.95e3 46.49e3 46.97e3 47.87e3 47.52e3 48.44e3 47.99e3 48.92e3 48.99e3 49.16e3 49.77e3 51.82e3 50.89e3 51.36e3 51.13e3 51.65e3 52.06e3 51.59e3 52.45e3 53.33e3 53.75e3 54.83e3 54.84e3 55.35e3 59.81e3 59.35e3 59.03e3 58.38e3 59.21e3 59.68e3 59.61e3 61.20e3 
   500.e6  1.856e3 3.267e3 4.252e3 5.383e3 6.604e3 7.906e3 9.113e3 10.26e3 10.80e3 11.36e3 12.24e3 13.37e3 14.88e3 15.91e3 16.08e3 16.97e3 18.06e3 18.58e3 19.91e3 20.90e3 21.24e3 23.11e3 22.77e3 22.94e3 23.90e3 24.35e3 24.98e3 26.18e3 26.25e3 27.23e3 27.73e3 28.15e3 28.83e3 29.66e3 32.35e3 30.62e3 31.96e3 32.63e3 33.12e3 33.64e3 33.77e3 34.65e3 35.08e3 35.16e3 36.05e3 36.88e3 37.21e3 38.74e3 38.51e3 39.71e3 40.65e3 40.09e3 41.56e3 40.76e3 42.73e3 43.35e3 45.18e3 45.13e3 44.68e3 43.78e3 44.83e3 45.47e3 45.87e3 46.70e3 46.46e3 47.52e3 46.86e3 47.80e3 47.94e3 47.98e3 48.84e3 50.59e3 49.70e3 50.37e3 49.93e3 50.78e3 51.06e3 50.53e3 51.59e3 52.39e3 52.80e3 53.50e3 53.87e3 54.20e3 58.88e3 58.44e3 57.87e3 57.15e3 58.04e3 58.47e3 58.46e3 60.02e3 
   550.e6  1.788e3 3.130e3 4.102e3 5.177e3 6.350e3 7.605e3 8.816e3 9.954e3 10.42e3 11.04e3 11.79e3 12.96e3 14.36e3 15.36e3 15.50e3 16.37e3 17.49e3 17.98e3 19.20e3 20.26e3 20.56e3 22.42e3 22.00e3 22.23e3 23.19e3 23.71e3 24.27e3 25.45e3 25.46e3 26.46e3 26.87e3 27.40e3 27.94e3 28.77e3 31.80e3 30.06e3 31.06e3 31.71e3 32.05e3 32.87e3 32.96e3 33.76e3 34.06e3 34.24e3 35.16e3 35.87e3 36.27e3 37.64e3 37.32e3 38.65e3 39.52e3 39.09e3 40.84e3 40.08e3 41.75e3 42.38e3 44.08e3 44.12e3 43.56e3 42.79e3 43.74e3 44.49e3 44.81e3 45.54e3 45.43e3 46.60e3 45.77e3 46.71e3 46.90e3 46.81e3 47.94e3 49.38e3 48.45e3 49.34e3 48.75e3 49.89e3 50.03e3 49.50e3 50.70e3 51.42e3 51.84e3 52.18e3 52.89e3 53.02e3 57.82e3 57.47e3 56.66e3 55.90e3 56.84e3 57.24e3 57.28e3 58.79e3 
   600.e6  1.725e3 3.003e3 3.964e3 4.987e3 6.119e3 7.324e3 8.528e3 9.653e3 10.07e3 10.74e3 11.38e3 12.57e3 13.86e3 14.83e3 14.96e3 15.81e3 16.95e3 17.39e3 18.53e3 19.65e3 19.93e3 21.73e3 21.29e3 21.57e3 22.52e3 23.09e3 23.59e3 24.74e3 24.71e3 25.71e3 26.05e3 26.68e3 27.08e3 27.91e3 31.19e3 29.48e3 30.21e3 30.83e3 31.04e3 32.12e3 32.18e3 32.90e3 33.07e3 33.37e3 34.30e3 34.89e3 35.36e3 36.57e3 36.19e3 37.64e3 38.41e3 38.13e3 40.12e3 39.39e3 40.80e3 41.44e3 43.01e3 43.11e3 42.50e3 41.85e3 42.70e3 43.54e3 43.79e3 44.42e3 44.43e3 45.68e3 44.72e3 45.68e3 45.88e3 45.69e3 47.04e3 48.19e3 47.21e3 48.30e3 47.61e3 48.99e3 49.00e3 48.50e3 49.79e3 50.46e3 50.87e3 50.92e3 51.91e3 51.86e3 56.67e3 56.46e3 55.43e3 54.67e3 55.64e3 56.02e3 56.11e3 57.55e3 
   650.e6  1.666e3 2.885e3 3.835e3 4.812e3 5.908e3 7.062e3 8.251e3 9.361e3 9.748e3 10.46e3 10.99e3 12.20e3 13.39e3 14.34e3 14.46e3 15.29e3 16.45e3 16.82e3 17.91e3 19.08e3 19.33e3 21.07e3 20.62e3 20.95e3 21.89e3 22.50e3 22.95e3 24.07e3 23.99e3 24.99e3 25.27e3 26.01e3 26.28e3 27.09e3 30.54e3 28.88e3 29.40e3 30.01e3 30.09e3 31.39e3 31.43e3 32.08e3 32.14e3 32.54e3 33.47e3 33.94e3 34.49e3 35.55e3 35.15e3 36.68e3 37.35e3 37.22e3 39.39e3 38.69e3 39.89e3 40.53e3 41.98e3 42.13e3 41.50e3 40.94e3 41.71e3 42.63e3 42.81e3 43.35e3 43.47e3 44.78e3 43.72e3 44.70e3 44.89e3 44.61e3 46.17e3 47.06e3 46.00e3 47.27e3 46.53e3 48.10e3 47.99e3 47.54e3 48.89e3 49.51e3 49.92e3 49.72e3 50.94e3 50.73e3 55.47e3 55.42e3 54.21e3 53.48e3 54.46e3 54.83e3 54.95e3 56.32e3 
   700.e6  1.610e3 2.775e3 3.715e3 4.651e3 5.716e3 6.820e3 7.984e3 9.079e3 9.449e3 10.19e3 10.63e3 11.85e3 12.94e3 13.87e3 14.00e3 14.80e3 15.98e3 16.28e3 17.32e3 18.55e3 18.78e3 20.43e3 20.00e3 20.39e3 21.29e3 21.95e3 22.34e3 23.42e3 23.32e3 24.30e3 24.52e3 25.37e3 25.51e3 26.32e3 29.86e3 28.29e3 28.64e3 29.23e3 29.20e3 30.68e3 30.71e3 31.29e3 31.25e3 31.75e3 32.69e3 33.03e3 33.67e3 34.58e3 34.20e3 35.79e3 36.34e3 36.36e3 38.66e3 37.97e3 39.01e3 39.65e3 40.99e3 41.17e3 40.56e3 40.09e3 40.78e3 41.75e3 41.88e3 42.33e3 42.56e3 43.90e3 42.78e3 43.76e3 43.95e3 43.60e3 45.31e3 45.98e3 44.82e3 46.27e3 45.50e3 47.21e3 47.00e3 46.61e3 47.99e3 48.58e3 48.98e3 48.59e3 49.99e3 49.65e3 54.26e3 54.37e3 53.02e3 52.34e3 53.31e3 53.68e3 53.81e3 55.11e3 
   800.e6  1.504e3 2.575e3 3.496e3 4.365e3 5.379e3 6.389e3 7.486e3 8.546e3 8.906e3 9.676e3 9.986e3 11.22e3 12.15e3 13.03e3 13.16e3 13.92e3 15.15e3 15.31e3 16.28e3 17.56e3 17.77e3 19.22e3 18.90e3 19.37e3 20.19e3 20.91e3 21.23e3 22.22e3 22.09e3 23.03e3 23.15e3 24.18e3 24.12e3 24.91e3 28.45e3 27.10e3 27.25e3 27.82e3 27.60e3 29.33e3 29.36e3 29.82e3 29.61e3 30.32e3 31.22e3 31.32e3 32.14e3 32.80e3 32.53e3 34.16e3 34.48e3 34.77e3 37.20e3 36.52e3 37.37e3 37.99e3 39.13e3 39.35e3 38.82e3 38.49e3 39.05e3 40.08e3 40.16e3 40.46e3 40.85e3 42.18e3 41.05e3 42.03e3 42.16e3 41.75e3 43.64e3 44.00e3 42.62e3 44.36e3 43.63e3 45.49e3 45.14e3 44.87e3 46.24e3 46.78e3 47.18e3 46.55e3 48.15e3 47.63e3 51.83e3 52.26e3 50.73e3 50.20e3 51.14e3 51.50e3 51.64e3 52.81e3 
   900.e6  1.404e3 2.397e3 3.301e3 4.118e3 5.090e3 6.020e3 7.034e3 8.055e3 8.421e3 9.203e3 9.425e3 10.64e3 11.45e3 12.29e3 12.43e3 13.16e3 14.42e3 14.48e3 15.38e3 16.68e3 16.89e3 18.14e3 17.94e3 18.48e3 19.22e3 19.96e3 20.24e3 21.13e3 21.01e3 21.89e3 21.92e3 23.12e3 22.89e3 23.66e3 27.03e3 25.96e3 26.01e3 26.57e3 26.21e3 28.06e3 28.11e3 28.50e3 28.16e3 29.04e3 29.88e3 29.77e3 30.76e3 31.21e3 31.13e3 32.71e3 32.82e3 33.35e3 35.73e3 35.07e3 35.85e3 36.44e3 37.43e3 37.66e3 37.27e3 37.05e3 37.50e3 38.52e3 38.59e3 38.79e3 39.29e3 40.56e3 39.49e3 40.43e3 40.53e3 40.12e3 42.03e3 42.22e3 40.64e3 42.59e3 41.97e3 43.82e3 43.41e3 43.26e3 44.54e3 45.07e3 45.46e3 44.78e3 46.41e3 45.80e3 49.48e3 50.18e3 48.61e3 48.25e3 49.12e3 49.49e3 49.61e3 50.66e3 
   1.00e9  1.310e3 2.240e3 3.125e3 3.903e3 4.837e3 5.702e3 6.627e3 7.605e3 7.982e3 8.761e3 8.933e3 10.12e3 10.84e3 11.64e3 11.78e3 12.48e3 13.78e3 13.79e3 14.58e3 15.89e3 16.10e3 17.16e3 17.12e3 17.69e3 18.34e3 19.08e3 19.34e3 20.14e3 20.06e3 20.86e3 20.84e3 22.15e3 21.81e3 22.55e3 25.65e3 24.89e3 24.91e3 25.45e3 25.01e3 26.87e3 26.95e3 27.31e3 26.87e3 27.90e3 28.66e3 28.37e3 29.51e3 29.80e3 29.94e3 31.40e3 31.34e3 32.07e3 34.28e3 33.64e3 34.45e3 35.00e3 35.88e3 36.10e3 35.87e3 35.72e3 36.09e3 37.05e3 37.15e3 37.29e3 37.84e3 39.01e3 38.08e3 38.95e3 39.01e3 38.68e3 40.46e3 40.62e3 38.88e3 40.96e3 40.50e3 42.23e3 41.82e3 41.76e3 42.93e3 43.44e3 43.82e3 43.22e3 44.75e3 44.15e3 47.25e3 48.15e3 46.67e3 46.48e3 47.27e3 47.65e3 47.73e3 48.68e3 
   1.10e9  1.223e3 2.099e3 2.966e3 3.715e3 4.610e3 5.426e3 6.262e3 7.195e3 7.579e3 8.348e3 8.498e3 9.642e3 10.30e3 11.07e3 11.22e3 11.89e3 13.21e3 13.21e3 13.89e3 15.17e3 15.40e3 16.30e3 16.39e3 16.98e3 17.56e3 18.27e3 18.52e3 19.22e3 19.21e3 19.94e3 19.87e3 21.27e3 20.85e3 21.57e3 24.33e3 23.88e3 23.91e3 24.45e3 23.95e3 25.74e3 25.88e3 26.23e3 25.73e3 26.86e3 27.53e3 27.11e3 28.37e3 28.55e3 28.91e3 30.21e3 30.02e3 30.90e3 32.86e3 32.27e3 33.14e3 33.65e3 34.45e3 34.65e3 34.60e3 34.49e3 34.81e3 35.68e3 35.82e3 35.95e3 36.49e3 37.54e3 36.78e3 37.56e3 37.61e3 37.39e3 38.96e3 39.17e3 37.33e3 39.46e3 39.17e3 40.70e3 40.35e3 40.34e3 41.38e3 41.90e3 42.27e3 41.84e3 43.17e3 42.65e3 45.18e3 46.20e3 44.88e3 44.87e3 45.57e3 45.95e3 45.97e3 46.87e3 
   1.20e9  1.143e3 1.973e3 2.820e3 3.548e3 4.404e3 5.183e3 5.935e3 6.822e3 7.207e3 7.962e3 8.113e3 9.207e3 9.821e3 10.56e3 10.72e3 11.36e3 12.70e3 12.74e3 13.28e3 14.51e3 14.76e3 15.52e3 15.74e3 16.34e3 16.84e3 17.52e3 17.78e3 18.39e3 18.44e3 19.11e3 19.01e3 20.46e3 19.99e3 20.69e3 23.09e3 22.94e3 23.01e3 23.54e3 23.02e3 24.68e3 24.89e3 25.25e3 24.70e3 25.91e3 26.48e3 25.97e3 27.32e3 27.42e3 28.00e3 29.12e3 28.85e3 29.82e3 31.48e3 30.97e3 31.93e3 32.39e3 33.14e3 33.32e3 33.42e3 33.33e3 33.62e3 34.38e3 34.58e3 34.74e3 35.22e3 36.15e3 35.58e3 36.26e3 36.30e3 36.22e3 37.51e3 37.84e3 35.95e3 38.07e3 37.96e3 39.25e3 38.98e3 39.00e3 39.92e3 40.44e3 40.80e3 40.59e3 41.67e3 41.28e3 43.25e3 44.33e3 43.25e3 43.39e3 43.99e3 44.37e3 44.34e3 45.20e3 
   1.30e9  1.069e3 1.861e3 2.687e3 3.399e3 4.215e3 4.969e3 5.643e3 6.482e3 6.864e3 7.601e3 7.768e3 8.807e3 9.392e3 10.10e3 10.27e3 10.89e3 12.23e3 12.34e3 12.73e3 13.91e3 14.18e3 14.83e3 15.16e3 15.75e3 16.19e3 16.81e3 17.09e3 17.62e3 17.76e3 18.35e3 18.25e3 19.71e3 19.22e3 19.91e3 21.95e3 22.07e3 22.18e3 22.71e3 22.19e3 23.69e3 23.96e3 24.35e3 23.79e3 25.03e3 25.51e3 24.94e3 26.35e3 26.41e3 27.18e3 28.11e3 27.79e3 28.82e3 30.15e3 29.74e3 30.79e3 31.20e3 31.93e3 32.08e3 32.33e3 32.25e3 32.51e3 33.16e3 33.42e3 33.63e3 34.03e3 34.84e3 34.45e3 35.02e3 35.08e3 35.15e3 36.13e3 36.60e3 34.73e3 36.79e3 36.85e3 37.88e3 37.71e3 37.72e3 38.54e3 39.05e3 39.40e3 39.45e3 40.25e3 40.02e3 41.48e3 42.56e3 41.74e3 42.02e3 42.52e3 42.91e3 42.82e3 43.66e3 
   1.40e9  1.002e3 1.760e3 2.564e3 3.264e3 4.038e3 4.776e3 5.383e3 6.174e3 6.547e3 7.265e3 7.459e3 8.440e3 9.006e3 9.689e3 9.862e3 10.46e3 11.79e3 12.00e3 12.25e3 13.35e3 13.64e3 14.22e3 14.63e3 15.21e3 15.58e3 16.16e3 16.45e3 16.91e3 17.13e3 17.66e3 17.56e3 19.01e3 18.54e3 19.20e3 20.90e3 21.26e3 21.41e3 21.93e3 21.44e3 22.76e3 23.09e3 23.52e3 22.96e3 24.21e3 24.61e3 24.01e3 25.46e3 25.50e3 26.41e3 27.17e3 26.84e3 27.89e3 28.90e3 28.59e3 29.73e3 30.09e3 30.80e3 30.93e3 31.31e3 31.22e3 31.48e3 32.01e3 32.32e3 32.60e3 32.91e3 33.60e3 33.39e3 33.85e3 33.93e3 34.15e3 34.82e3 35.45e3 33.64e3 35.61e3 35.81e3 36.57e3 36.51e3 36.51e3 37.24e3 37.74e3 38.08e3 38.39e3 38.90e3 38.85e3 39.86e3 40.89e3 40.36e3 40.74e3 41.16e3 41.54e3 41.40e3 42.23e3 
   1.50e9  942.3   1.671e3 2.452e3 3.141e3 3.874e3 4.601e3 5.151e3 5.895e3 6.257e3 6.954e3 7.181e3 8.102e3 8.655e3 9.314e3 9.497e3 10.08e3 11.38e3 11.69e3 11.81e3 12.84e3 13.15e3 13.66e3 14.14e3 14.69e3 15.03e3 15.55e3 15.86e3 16.26e3 16.55e3 17.03e3 16.95e3 18.36e3 17.91e3 18.56e3 19.95e3 20.51e3 20.69e3 21.22e3 20.77e3 21.89e3 22.28e3 22.75e3 22.21e3 23.45e3 23.77e3 23.17e3 24.62e3 24.67e3 25.68e3 26.28e3 25.97e3 27.01e3 27.71e3 27.53e3 28.73e3 29.04e3 29.75e3 29.86e3 30.34e3 30.24e3 30.50e3 30.93e3 31.29e3 31.64e3 31.84e3 32.44e3 32.39e3 32.73e3 32.84e3 33.20e3 33.58e3 34.37e3 32.66e3 34.50e3 34.82e3 35.34e3 35.39e3 35.36e3 36.01e3 36.50e3 36.83e3 37.38e3 37.63e3 37.75e3 38.37e3 39.33e3 39.07e3 39.53e3 39.88e3 40.26e3 40.08e3 40.91e3 
   1.60e9  889.4   1.591e3 2.348e3 3.027e3 3.720e3 4.440e3 4.945e3 5.642e3 5.991e3 6.666e3 6.928e3 7.790e3 8.334e3 8.972e3 9.167e3 9.728e3 10.99e3 11.41e3 11.41e3 12.36e3 12.69e3 13.16e3 13.68e3 14.21e3 14.51e3 14.98e3 15.30e3 15.65e3 16.01e3 16.45e3 16.40e3 17.75e3 17.35e3 17.98e3 19.09e3 19.81e3 20.03e3 20.54e3 20.15e3 21.08e3 21.53e3 22.03e3 21.53e3 22.72e3 22.98e3 22.41e3 23.83e3 23.92e3 24.98e3 25.44e3 25.17e3 26.18e3 26.61e3 26.55e3 27.78e3 28.06e3 28.77e3 28.86e3 29.42e3 29.31e3 29.58e3 29.92e3 30.31e3 30.73e3 30.83e3 31.35e3 31.43e3 31.68e3 31.82e3 32.30e3 32.42e3 33.34e3 31.76e3 33.46e3 33.88e3 34.18e3 34.33e3 34.26e3 34.86e3 35.32e3 35.65e3 36.41e3 36.42e3 36.70e3 37.02e3 37.89e3 37.88e3 38.40e3 38.68e3 39.05e3 38.84e3 39.68e3 
   1.70e9  843.3   1.521e3 2.254e3 2.921e3 3.575e3 4.290e3 4.762e3 5.414e3 5.751e3 6.400e3 6.700e3 7.502e3 8.039e3 8.657e3 8.868e3 9.412e3 10.62e3 11.13e3 11.05e3 11.92e3 12.26e3 12.70e3 13.25e3 13.74e3 14.02e3 14.45e3 14.78e3 15.10e3 15.51e3 15.91e3 15.90e3 17.17e3 16.83e3 17.44e3 18.32e3 19.16e3 19.40e3 19.90e3 19.57e3 20.33e3 20.82e3 21.36e3 20.91e3 22.03e3 22.23e3 21.73e3 23.08e3 23.23e3 24.29e3 24.65e3 24.44e3 25.39e3 25.59e3 25.67e3 26.90e3 27.14e3 27.85e3 27.93e3 28.55e3 28.42e3 28.70e3 28.96e3 29.37e3 29.87e3 29.87e3 30.33e3 30.51e3 30.68e3 30.85e3 31.43e3 31.34e3 32.37e3 30.95e3 32.48e3 32.97e3 33.09e3 33.32e3 33.22e3 33.78e3 34.22e3 34.54e3 35.46e3 35.29e3 35.71e3 35.79e3 36.56e3 36.76e3 37.32e3 37.55e3 37.91e3 37.68e3 38.52e3 
   1.80e9  803.7   1.460e3 2.168e3 2.822e3 3.440e3 4.149e3 4.598e3 5.208e3 5.537e3 6.158e3 6.492e3 7.237e3 7.766e3 8.365e3 8.596e3 9.124e3 10.27e3 10.85e3 10.72e3 11.51e3 11.86e3 12.28e3 12.83e3 13.30e3 13.56e3 13.96e3 14.30e3 14.58e3 15.04e3 15.41e3 15.45e3 16.62e3 16.36e3 16.96e3 17.65e3 18.54e3 18.80e3 19.30e3 19.04e3 19.64e3 20.15e3 20.72e3 20.33e3 21.37e3 21.53e3 21.10e3 22.38e3 22.60e3 23.61e3 23.89e3 23.76e3 24.64e3 24.67e3 24.87e3 26.07e3 26.28e3 26.99e3 27.07e3 27.71e3 27.57e3 27.86e3 28.07e3 28.49e3 29.03e3 28.96e3 29.37e3 29.63e3 29.74e3 29.93e3 30.58e3 30.34e3 31.43e3 30.19e3 31.55e3 32.08e3 32.07e3 32.37e3 32.23e3 32.78e3 33.18e3 33.49e3 34.53e3 34.22e3 34.75e3 34.67e3 35.35e3 35.72e3 36.28e3 36.48e3 36.83e3 36.59e3 37.43e3 
   2.00e9  742.8   1.360e3 2.018e3 2.639e3 3.198e3 3.885e3 4.322e3 4.858e3 5.184e3 5.740e3 6.131e3 6.767e3 7.276e3 7.841e3 8.122e3 8.622e3 9.608e3 10.23e3 10.14e3 10.78e3 11.12e3 11.52e3 12.05e3 12.45e3 12.73e3 13.07e3 13.42e3 13.68e3 14.17e3 14.50e3 14.67e3 15.61e3 15.52e3 16.09e3 16.54e3 17.42e3 17.69e3 18.16e3 18.07e3 18.42e3 18.94e3 19.54e3 19.32e3 20.14e3 20.26e3 20.02e3 21.07e3 21.47e3 22.25e3 22.49e3 22.53e3 23.23e3 23.10e3 23.52e3 24.55e3 24.72e3 25.43e3 25.50e3 26.14e3 25.99e3 26.28e3 26.45e3 26.85e3 27.43e3 27.28e3 27.66e3 27.96e3 28.02e3 28.23e3 28.93e3 28.59e3 29.67e3 28.81e3 29.81e3 30.34e3 30.24e3 30.59e3 30.41e3 30.95e3 31.31e3 31.60e3 32.69e3 32.30e3 32.90e3 32.74e3 33.27e3 33.79e3 34.33e3 34.49e3 34.81e3 34.62e3 35.42e3 
