# SRIM-2013 Electronic stopping power table for Z1=36
# Converted from a table provided by H.Hofsaess
# units of energy:         eV
# units of stopping power: eV A^2
#      \Z2 1       2       3       4       5       6       7       8       9       10      11      12      13      14      15      16      17      18      19      20      21      22      23      24      25      26      27      28      29      30      31      32      33      34      35      36      37      38      39      40      41      42      43      44      45      46      47      48      49      50      51      52      53      54      55      56      57      58      59      60      61      62      63      64      65      66      67      68      69      70      71      72      73      74      75      76      77      78      79      80      81      82      83      84      85      86      87      88      89      90      91      92      
# energy\  H       He      Li      Be      B       C       N       O       F       Ne      Na      Mg      Al      Si      P       S       Cl      Ar      K       Ca      Sc      Ti      V       Cr      Mn      Fe      Co      Ni      Cu      Zn      Ga      Ge      As      Se      Br      Kr      Rb      Sr      Y       Zr      Nb      Mo      Tc      Ru      Rh      Pd      Ag      Cd      In      Sn      Sb      Te      I       Xe      Cs      Ba      La      Ce      Pr      Nd      Pm      Sm      Eu      Gd      Tb      Dy      Ho      Er      Tm      Yb      Lu      Hf      Ta      W       Re      Os      Ir      Pt      Au      Hg      Tl      Pb      Bi      Po      At      Rn      Fr      Ra      Ac      Th      Pa      U       
   0.00    0.0     0.0     0.0     0.0     0.0     0.0     0.0     0.0     0.0     0.0     0.0     0.0     0.0     0.0     0.0     0.0     0.0     0.0     0.0     0.0     0.0     0.0     0.0     0.0     0.0     0.0     0.0     0.0     0.0     0.0     0.0     0.0     0.0     0.0     0.0     0.0     0.0     0.0     0.0     0.0     0.0     0.0     0.0     0.0     0.0     0.0     0.0     0.0     0.0     0.0     0.0     0.0     0.0     0.0     0.0     0.0     0.0     0.0     0.0     0.0     0.0     0.0     0.0     0.0     0.0     0.0     0.0     0.0     0.0     0.0     0.0     0.0     0.0     0.0     0.0     0.0     0.0     0.0     0.0     0.0     0.0     0.0     0.0     0.0     0.0     0.0     0.0     0.0     0.0     0.0     0.0     0.0     
   10.0    1.020   1.243   1.593   3.255   3.866   4.953   3.267   2.691   3.050   3.040   5.539   6.789   6.335   6.051   6.623   5.211   1.569   3.719   4.699   4.733   7.275   6.650   7.095   5.499   5.245   5.758   5.257   5.425   5.191   4.892   5.249   6.757   7.811   6.840   2.349   3.433   8.597   8.602   8.729   6.823   10.15   9.550   8.614   6.116   5.328   8.119   8.022   7.457   6.170   10.26   9.068   7.349   9.636   2.803   11.12   11.44   11.77   9.757   8.769   9.144   9.233   8.111   7.831   11.62   9.202   7.773   6.308   6.610   8.436   6.398   7.440   6.425   8.234   7.664   6.799   4.298   5.052   6.941   6.472   5.013   5.805   8.937   8.703   11.21   11.35   10.90   12.62   12.12   8.232   7.952   10.13   8.152   
   11.0    1.070   1.304   1.671   3.413   4.055   5.195   3.426   2.822   3.199   3.188   5.810   7.120   6.644   6.347   6.947   5.465   1.645   3.901   4.928   4.964   7.630   6.974   7.441   5.767   5.501   6.039   5.514   5.690   5.445   5.131   5.505   7.086   8.192   7.174   2.463   3.601   9.017   9.022   9.155   7.156   10.64   10.02   9.035   6.415   5.589   8.515   8.414   7.821   6.471   10.76   9.511   7.708   10.11   2.940   11.67   12.00   12.34   10.23   9.197   9.591   9.683   8.507   8.213   12.19   9.651   8.153   6.616   6.933   8.848   6.710   7.803   6.738   8.636   8.038   7.131   4.508   5.299   7.280   6.788   5.258   6.088   9.373   9.127   11.76   11.91   11.43   13.24   12.71   8.633   8.340   10.62   8.550   
   12.0    1.117   1.362   1.745   3.565   4.235   5.426   3.579   2.948   3.342   3.330   6.068   7.437   6.940   6.629   7.256   5.708   1.719   4.074   5.147   5.185   7.969   7.284   7.772   6.024   5.745   6.308   5.759   5.943   5.687   5.359   5.750   7.402   8.556   7.493   2.573   3.761   9.417   9.423   9.562   7.474   11.11   10.46   9.436   6.700   5.837   8.894   8.788   8.169   6.759   11.24   9.934   8.051   10.56   3.071   12.19   12.53   12.89   10.69   9.606   10.02   10.11   8.885   8.578   12.73   10.08   8.515   6.911   7.241   9.241   7.009   8.150   7.038   9.020   8.395   7.448   4.709   5.535   7.604   7.089   5.491   6.359   9.790   9.533   12.28   12.44   11.94   13.82   13.28   9.017   8.711   11.10   8.930   
   13.0    1.163   1.418   1.817   3.711   4.408   5.647   3.725   3.068   3.478   3.466   6.316   7.741   7.223   6.900   7.552   5.941   1.789   4.240   5.357   5.397   8.294   7.582   8.089   6.270   5.980   6.565   5.994   6.186   5.919   5.578   5.984   7.704   8.905   7.799   2.678   3.914   9.802   9.807   9.952   7.779   11.57   10.89   9.822   6.974   6.075   9.257   9.147   8.502   7.035   11.70   10.34   8.379   10.99   3.196   12.68   13.04   13.42   11.12   9.998   10.43   10.53   9.248   8.929   13.25   10.49   8.863   7.193   7.537   9.619   7.295   8.483   7.325   9.389   8.738   7.753   4.901   5.761   7.914   7.379   5.716   6.619   10.19   9.923   12.79   12.94   12.43   14.39   13.82   9.385   9.066   11.55   9.294   
   14.0    1.207   1.471   1.885   3.851   4.574   5.860   3.865   3.184   3.609   3.597   6.554   8.033   7.496   7.160   7.837   6.166   1.856   4.400   5.560   5.600   8.608   7.868   8.394   6.506   6.205   6.813   6.220   6.419   6.142   5.788   6.210   7.995   9.242   8.094   2.779   4.062   10.17   10.18   10.33   8.073   12.01   11.30   10.19   7.237   6.305   9.606   9.492   8.823   7.301   12.14   10.73   8.696   11.40   3.317   13.16   13.54   13.92   11.54   10.38   10.82   10.92   9.597   9.266   13.75   10.89   9.198   7.464   7.821   9.982   7.570   8.803   7.602   9.743   9.068   8.045   5.086   5.978   8.213   7.657   5.931   6.868   10.57   10.30   13.27   13.43   12.90   14.93   14.34   9.740   9.409   11.98   9.645   
   15.0    1.249   1.523   1.951   3.986   4.735   6.066   4.001   3.296   3.736   3.723   6.784   8.315   7.759   7.411   8.112   6.382   1.921   4.555   5.755   5.797   8.910   8.144   8.689   6.735   6.423   7.052   6.439   6.644   6.358   5.991   6.428   8.275   9.566   8.378   2.876   4.205   10.53   10.53   10.69   8.356   12.43   11.70   10.55   7.491   6.526   9.943   9.825   9.133   7.557   12.57   11.11   9.001   11.80   3.433   13.62   14.01   14.41   11.95   10.74   11.20   11.31   9.934   9.591   14.23   11.27   9.520   7.726   8.096   10.33   7.836   9.112   7.868   10.09   9.386   8.328   5.264   6.188   8.501   7.926   6.139   7.109   10.95   10.66   13.73   13.91   13.35   15.46   14.84   10.08   9.739   12.41   9.984   
   16.0    1.290   1.573   2.015   4.117   4.890   6.265   4.132   3.404   3.858   3.845   7.007   8.587   8.014   7.654   8.378   6.591   1.984   4.704   5.944   5.987   9.202   8.411   8.974   6.956   6.634   7.283   6.650   6.862   6.567   6.188   6.639   8.547   9.880   8.653   2.971   4.343   10.87   10.88   11.04   8.630   12.83   12.08   10.90   7.737   6.740   10.27   10.15   9.432   7.805   12.98   11.47   9.296   12.19   3.546   14.07   14.47   14.88   12.34   11.09   11.57   11.68   10.26   9.905   14.70   11.64   9.833   7.980   8.361   10.67   8.093   9.411   8.126   10.42   9.694   8.601   5.437   6.391   8.780   8.186   6.341   7.343   11.30   11.01   14.18   14.36   13.79   15.96   15.33   10.41   10.06   12.81   10.31   
   17.0    1.330   1.621   2.077   4.243   5.041   6.458   4.260   3.509   3.977   3.963   7.222   8.852   8.260   7.890   8.636   6.794   2.046   4.849   6.126   6.171   9.485   8.670   9.250   7.170   6.838   7.508   6.855   7.073   6.769   6.378   6.843   8.810   10.18   8.919   3.062   4.476   11.21   11.22   11.38   8.896   13.23   12.45   11.23   7.975   6.948   10.59   10.46   9.723   8.045   13.38   11.82   9.582   12.56   3.655   14.50   14.92   15.34   12.72   11.43   11.92   12.04   10.58   10.21   15.15   12.00   10.14   8.225   8.618   11.00   8.342   9.700   8.377   10.74   9.992   8.865   5.604   6.588   9.050   8.438   6.536   7.569   11.65   11.35   14.62   14.80   14.21   16.45   15.80   10.73   10.37   13.21   10.63   
   18.0    1.368   1.668   2.137   4.366   5.187   6.645   4.383   3.610   4.093   4.078   7.432   9.108   8.500   8.119   8.886   6.991   2.105   4.990   6.304   6.350   9.760   8.921   9.518   7.378   7.036   7.725   7.053   7.278   6.965   6.563   7.042   9.065   10.48   9.177   3.151   4.606   11.53   11.54   11.71   9.154   13.61   12.81   11.56   8.206   7.149   10.89   10.76   10.00   8.278   13.76   12.17   9.860   12.93   3.761   14.92   15.35   15.79   13.09   11.76   12.27   12.39   10.88   10.51   15.59   12.35   10.43   8.464   8.868   11.32   8.584   9.981   8.619   11.05   10.28   9.122   5.767   6.779   9.313   8.683   6.725   7.788   11.99   11.68   15.04   15.23   14.62   16.93   16.26   11.04   10.67   13.59   10.94   
   20.0    1.442   1.758   2.253   4.603   5.467   7.004   4.620   3.806   4.314   4.299   7.834   9.601   8.959   8.558   9.367   7.369   2.219   5.260   6.645   6.694   10.29   9.404   10.03   7.777   7.417   8.143   7.435   7.672   7.342   6.918   7.423   9.555   11.05   9.674   3.321   4.855   12.16   12.16   12.34   9.649   14.35   13.51   12.18   8.650   7.536   11.48   11.35   10.55   8.726   14.51   12.82   10.39   13.63   3.964   15.73   16.18   16.64   13.80   12.40   12.93   13.06   11.47   11.07   16.43   13.01   10.99   8.921   9.348   11.93   9.048   10.52   9.086   11.65   10.84   9.616   6.079   7.145   9.817   9.152   7.089   8.209   12.64   12.31   15.86   16.06   15.41   17.85   17.14   11.64   11.25   14.32   11.53   
   22.0    1.530   1.865   2.390   4.882   5.799   7.429   4.900   4.036   4.576   4.559   8.309   10.18   9.503   9.077   9.935   7.816   2.353   5.579   7.048   7.100   10.91   9.974   10.64   8.248   7.867   8.637   7.886   8.138   7.787   7.338   7.873   10.14   11.72   10.26   3.523   5.150   12.90   12.90   13.09   10.23   15.22   14.32   12.92   9.175   7.993   12.18   12.03   11.19   9.255   15.39   13.60   11.02   14.45   4.205   16.69   17.16   17.65   14.64   13.15   13.72   13.85   12.17   11.75   17.43   13.80   11.66   9.463   9.915   12.65   9.597   11.16   9.637   12.35   11.50   10.20   6.448   7.579   10.41   9.708   7.519   8.707   13.41   13.05   16.82   17.03   16.35   18.93   18.18   12.35   11.93   15.19   12.23   
   25.0    1.613   1.966   2.519   5.146   6.113   7.831   5.165   4.255   4.823   4.806   8.758   10.73   10.02   9.568   10.47   8.239   2.481   5.880   7.429   7.484   11.50   10.51   11.22   8.695   8.292   9.104   8.312   8.578   8.208   7.735   8.299   10.68   12.35   10.82   3.714   5.428   13.59   13.60   13.80   10.79   16.04   15.10   13.62   9.671   8.425   12.84   12.68   11.79   9.756   16.22   14.34   11.62   15.24   4.432   17.59   18.09   18.61   15.43   13.86   14.46   14.60   12.82   12.38   18.37   14.55   12.29   9.974   10.45   13.34   10.12   11.76   10.16   13.02   12.12   10.75   6.796   7.989   10.98   10.23   7.926   9.178   14.13   13.76   17.73   17.95   17.23   19.95   19.16   13.02   12.57   16.02   12.89   
   27.0    1.691   2.062   2.642   5.397   6.411   8.213   5.418   4.463   5.059   5.041   9.186   11.26   10.51   10.03   10.98   8.641   2.602   6.167   7.792   7.849   12.06   11.03   11.77   9.119   8.697   9.549   8.718   8.996   8.609   8.112   8.704   11.20   12.95   11.34   3.895   5.693   14.26   14.26   14.47   11.31   16.83   15.84   14.28   10.14   8.836   13.46   13.30   12.37   10.23   17.01   15.04   12.19   15.98   4.649   18.45   18.97   19.51   16.18   14.54   15.16   15.31   13.45   12.99   19.27   15.26   12.89   10.46   10.96   13.99   10.61   12.34   10.65   13.66   12.71   11.28   7.128   8.378   11.51   10.73   8.313   9.626   14.82   14.43   18.60   18.83   18.07   20.93   20.10   13.65   13.19   16.80   13.52   
   30.0    1.766   2.154   2.759   5.637   6.696   8.579   5.658   4.661   5.283   5.265   9.594   11.76   10.97   10.48   11.47   9.025   2.717   6.442   8.138   8.198   12.60   11.52   12.29   9.524   9.084   9.973   9.106   9.396   8.992   8.473   9.091   11.70   13.53   11.85   4.068   5.946   14.89   14.90   15.12   11.82   17.57   16.54   14.92   10.59   9.229   14.06   13.90   12.92   10.69   17.77   15.71   12.73   16.69   4.855   19.27   19.81   20.38   16.90   15.19   15.84   15.99   14.05   13.56   20.12   15.94   13.46   10.93   11.45   14.61   11.08   12.89   11.13   14.26   13.27   11.78   7.445   8.751   12.02   11.21   8.683   10.05   15.48   15.07   19.42   19.66   18.88   21.86   20.99   14.26   13.77   17.54   14.12   
   32.0    1.839   2.242   2.872   5.867   6.970   8.929   5.889   4.851   5.499   5.480   9.986   12.24   11.42   10.91   11.94   9.394   2.828   6.705   8.471   8.533   13.11   11.99   12.79   9.913   9.455   10.38   9.478   9.780   9.359   8.819   9.462   12.18   14.08   12.33   4.234   6.189   15.50   15.51   15.74   12.30   18.29   17.22   15.53   11.03   9.606   14.64   14.46   13.44   11.12   18.50   16.35   13.25   17.37   5.054   20.05   20.62   21.21   17.59   15.81   16.48   16.64   14.62   14.12   20.95   16.59   14.01   11.37   11.92   15.21   11.53   13.41   11.58   14.84   13.82   12.26   7.749   9.108   12.51   11.67   9.037   10.46   16.11   15.69   20.22   20.47   19.65   22.75   21.85   14.84   14.34   18.26   14.70   
   35.0    1.908   2.326   2.981   6.089   7.233   9.266   6.112   5.034   5.707   5.687   10.36   12.70   11.85   11.32   12.39   9.749   2.935   6.958   8.791   8.855   13.61   12.44   13.27   10.29   9.812   10.77   9.835   10.15   9.712   9.152   9.819   12.64   14.61   12.80   4.394   6.423   16.08   16.09   16.33   12.76   18.98   17.87   16.12   11.44   9.969   15.19   15.01   13.95   11.54   19.19   16.96   13.75   18.03   5.244   20.81   21.40   22.01   18.25   16.40   17.11   17.27   15.17   14.65   21.74   17.22   14.54   11.80   12.37   15.78   11.97   13.92   12.02   15.41   14.34   12.72   8.041   9.452   12.99   12.11   9.378   10.86   16.72   16.28   20.98   21.24   20.39   23.61   22.67   15.40   14.88   18.95   15.25   
   37.0    1.975   2.408   3.085   6.302   7.487   9.591   6.326   5.211   5.907   5.886   10.73   13.15   12.27   11.72   12.83   10.09   3.038   7.202   9.099   9.166   14.09   12.88   13.74   10.65   10.16   11.15   10.18   10.51   10.05   9.473   10.16   13.08   15.13   13.25   4.548   6.648   16.65   16.66   16.90   13.21   19.65   18.49   16.68   11.84   10.32   15.72   15.54   14.44   11.95   19.87   17.56   14.23   18.66   5.428   21.54   22.15   22.79   18.89   16.98   17.71   17.88   15.71   15.16   22.50   17.82   15.05   12.22   12.80   16.34   12.39   14.41   12.44   15.95   14.84   13.17   8.324   9.784   13.44   12.53   9.707   11.24   17.31   16.85   21.71   21.99   21.11   24.44   23.47   15.94   15.40   19.61   15.79   
   40.0    2.040   2.487   3.186   6.509   7.732   9.906   6.534   5.382   6.101   6.079   11.08   13.58   12.67   12.10   13.25   10.42   3.138   7.438   9.398   9.466   14.55   13.30   14.19   11.00   10.49   11.52   10.51   10.85   10.38   9.784   10.50   13.51   15.62   13.68   4.697   6.866   17.19   17.20   17.46   13.65   20.29   19.10   17.23   12.23   10.66   16.24   16.04   14.91   12.34   20.52   18.14   14.70   19.27   5.607   22.25   22.88   23.53   19.51   17.54   18.29   18.47   16.22   15.66   23.24   18.40   15.55   12.62   13.22   16.87   12.80   14.88   12.85   16.47   15.33   13.60   8.597   10.10   13.88   12.94   10.03   11.61   17.87   17.41   22.43   22.71   21.80   25.24   24.24   16.46   15.90   20.26   16.30   
   45.0    2.163   2.638   3.380   6.904   8.201   10.51   6.930   5.708   6.471   6.448   11.75   14.40   13.44   12.84   14.05   11.05   3.328   7.889   9.968   10.04   15.43   14.11   15.05   11.66   11.13   12.21   11.15   11.51   11.01   10.38   11.13   14.33   16.57   14.51   4.982   7.283   18.24   18.25   18.52   14.47   21.52   20.26   18.27   12.97   11.30   17.22   17.02   15.82   13.09   21.76   19.24   15.59   20.44   5.947   23.60   24.27   24.96   20.70   18.60   19.40   19.59   17.21   16.61   24.65   19.52   16.49   13.38   14.02   17.90   13.57   15.78   13.63   17.47   16.26   14.42   9.118   10.72   14.72   13.73   10.63   12.31   18.96   18.46   23.79   24.08   23.12   26.77   25.71   17.46   16.87   21.49   17.29   
   50.0    2.280   2.780   3.562   7.277   8.645   11.07   7.305   6.017   6.821   6.797   12.39   15.18   14.17   13.53   14.81   11.65   3.508   8.316   10.51   10.58   16.27   14.87   15.86   12.30   11.73   12.88   11.76   12.13   11.61   10.94   11.74   15.11   17.46   15.30   5.252   7.677   19.22   19.23   19.52   15.26   22.69   21.35   19.26   13.68   11.91   18.15   17.94   16.67   13.80   22.94   20.28   16.43   21.55   6.268   24.87   25.58   26.31   21.82   19.61   20.45   20.65   18.14   17.51   25.98   20.58   17.38   14.11   14.78   18.86   14.31   16.64   14.37   18.41   17.14   15.20   9.611   11.30   15.52   14.47   11.21   12.98   19.98   19.46   25.07   25.39   24.37   28.22   27.10   18.41   17.78   22.65   18.23   
   55.0    2.392   2.916   3.736   7.633   9.067   11.62   7.662   6.311   7.154   7.129   12.99   15.92   14.86   14.19   15.53   12.22   3.679   8.722   11.02   11.10   17.06   15.59   16.64   12.90   12.30   13.50   12.33   12.72   12.17   11.47   12.31   15.85   18.32   16.04   5.508   8.051   20.16   20.17   20.47   16.00   23.80   22.40   20.20   14.34   12.50   19.04   18.81   17.49   14.47   24.06   21.27   17.24   22.60   6.574   26.09   26.83   27.60   22.88   20.56   21.45   21.65   19.02   18.37   27.25   21.58   18.23   14.79   15.50   19.78   15.00   17.45   15.07   19.31   17.97   15.95   10.08   11.85   16.28   15.18   11.76   13.61   20.96   20.41   26.30   26.63   25.56   29.60   28.42   19.30   18.65   23.75   19.12   
   60.0    2.498   3.046   3.902   7.972   9.470   12.13   8.002   6.592   7.472   7.446   13.57   16.63   15.52   14.82   16.22   12.76   3.843   9.110   11.51   11.59   17.82   16.29   17.38   13.47   12.85   14.10   12.88   13.29   12.72   11.98   12.86   16.55   19.13   16.76   5.753   8.409   21.06   21.07   21.38   16.71   24.85   23.39   21.10   14.98   13.05   19.89   19.65   18.27   15.11   25.13   22.21   18.00   23.60   6.867   27.25   28.02   28.82   23.90   21.48   22.40   22.62   19.87   19.18   28.46   22.54   19.04   15.45   16.19   20.66   15.67   18.22   15.74   20.17   18.77   16.66   10.53   12.38   17.00   15.85   12.28   14.22   21.89   21.32   27.47   27.81   26.70   30.91   29.69   20.16   19.48   24.81   19.97   
   65.0    2.600   3.170   4.062   8.297   9.856   12.63   8.329   6.861   7.777   7.750   14.12   17.31   16.15   15.43   16.89   13.29   4.000   9.482   11.98   12.07   18.55   16.95   18.09   14.02   13.37   14.68   13.40   13.83   13.24   12.47   13.38   17.23   19.91   17.44   5.988   8.753   21.92   21.93   22.25   17.40   25.87   24.35   21.96   15.59   13.59   20.70   20.45   19.01   15.73   26.16   23.12   18.74   24.57   7.147   28.36   29.16   30.00   24.88   22.36   23.31   23.54   20.68   19.96   29.62   23.46   19.82   16.08   16.85   21.51   16.31   18.97   16.38   20.99   19.54   17.34   10.96   12.88   17.70   16.50   12.78   14.80   22.78   22.19   28.59   28.95   27.79   32.17   30.90   20.99   20.27   25.82   20.78   
   70.0    2.698   3.290   4.215   8.611   10.23   13.10   8.643   7.120   8.071   8.042   14.66   17.96   16.76   16.01   17.52   13.79   4.151   9.840   12.43   12.52   19.25   17.59   18.77   14.55   13.88   15.23   13.91   14.35   13.73   12.94   13.89   17.88   20.66   18.10   6.214   9.083   22.75   22.76   23.09   18.05   26.84   25.27   22.79   16.18   14.10   21.48   21.23   19.73   16.32   27.14   23.99   19.44   25.49   7.417   29.43   30.27   31.13   25.81   23.20   24.19   24.43   21.46   20.72   30.74   24.35   20.57   16.69   17.49   22.32   16.93   19.68   17.00   21.79   20.28   17.99   11.37   13.37   18.37   17.12   13.26   15.36   23.64   23.03   29.67   30.04   28.84   33.39   32.06   21.78   21.04   26.80   21.57   
   80.0    2.885   3.517   4.506   9.205   10.93   14.01   9.240   7.611   8.628   8.597   15.67   19.20   17.92   17.12   18.73   14.74   4.437   10.52   13.29   13.39   20.58   18.81   20.07   15.55   14.83   16.29   14.87   15.34   14.68   13.84   14.85   19.11   22.09   19.35   6.643   9.710   24.32   24.33   24.69   19.30   28.70   27.01   24.36   17.30   15.07   22.96   22.69   21.09   17.45   29.02   25.65   20.79   27.25   7.929   31.46   32.36   33.28   27.60   24.80   25.86   26.11   22.94   22.15   32.86   26.03   21.99   17.84   18.70   23.86   18.10   21.04   18.17   23.29   21.68   19.23   12.16   14.29   19.63   18.30   14.18   16.42   25.28   24.61   31.72   32.11   30.83   35.69   34.28   23.28   22.49   28.65   23.06   
   90.0    3.060   3.730   4.780   9.764   11.60   14.86   9.801   8.073   9.151   9.119   16.62   20.37   19.01   18.15   19.87   15.63   4.707   11.16   14.10   14.20   21.82   19.95   21.28   16.50   15.73   17.27   15.77   16.28   15.57   14.68   15.75   20.27   23.43   20.52   7.046   10.30   25.79   25.81   26.19   20.47   30.44   28.65   25.84   18.35   15.99   24.36   24.07   22.37   18.51   30.78   27.20   22.05   28.91   8.410   33.37   34.32   35.30   29.27   26.31   27.43   27.70   24.33   23.49   34.85   27.61   23.32   18.93   19.83   25.31   19.19   22.32   19.27   24.70   22.99   20.40   12.90   15.16   20.82   19.42   15.04   17.41   26.81   26.11   33.64   34.06   32.70   37.86   36.36   24.69   23.86   30.39   24.46   
   100.    3.225   3.932   5.038   10.29   12.23   15.66   10.33   8.510   9.646   9.612   17.52   21.47   20.03   19.14   20.94   16.48   4.961   11.76   14.86   14.97   23.00   21.03   22.44   17.39   16.58   18.21   16.62   17.16   16.42   15.47   16.60   21.37   24.70   21.63   7.427   10.86   27.19   27.20   27.60   21.58   32.09   30.20   27.24   19.34   16.85   25.67   25.37   23.58   19.51   32.44   28.68   23.24   30.47   8.865   35.18   36.17   37.21   30.85   27.73   28.92   29.20   25.65   24.76   36.74   29.10   24.58   19.95   20.90   26.68   20.23   23.53   20.32   26.04   24.23   21.50   13.59   15.98   21.95   20.47   15.85   18.36   28.26   27.52   35.46   35.90   34.47   39.91   38.32   26.03   25.15   32.03   25.78   
   110.    3.383   4.124   5.284   10.79   12.82   16.43   10.84   8.925   10.12   10.08   18.37   22.52   21.01   20.07   21.97   17.28   5.203   12.33   15.58   15.70   24.13   22.05   23.53   18.24   17.39   19.10   17.44   17.99   17.22   16.22   17.41   22.41   25.90   22.69   7.790   11.39   28.51   28.53   28.95   22.63   33.65   31.67   28.57   20.29   17.67   26.93   26.61   24.73   20.46   34.03   30.08   24.37   31.96   9.297   36.89   37.94   39.03   32.36   29.08   30.33   30.62   26.90   25.97   38.53   30.52   25.78   20.92   21.92   27.98   21.22   24.67   21.31   27.31   25.42   22.55   14.26   16.76   23.02   21.46   16.63   19.25   29.64   28.86   37.19   37.66   36.15   41.86   40.19   27.30   26.37   33.59   27.04   
   120.    3.533   4.307   5.519   11.27   13.39   17.16   11.32   9.322   10.57   10.53   19.19   23.52   21.95   20.96   22.94   18.05   5.435   12.88   16.28   16.40   25.20   23.03   24.58   19.05   18.17   19.95   18.21   18.79   17.98   16.95   18.18   23.41   27.06   23.70   8.136   11.89   29.78   29.80   30.24   23.64   35.15   33.08   29.84   21.19   18.46   28.12   27.79   25.83   21.37   35.54   31.41   25.46   33.38   9.711   38.53   39.63   40.76   33.80   30.38   31.68   31.98   28.10   27.13   40.25   31.88   26.93   21.85   22.90   29.22   22.16   25.77   22.26   28.52   26.55   23.55   14.89   17.50   24.05   22.42   17.37   20.11   30.96   30.15   38.84   39.33   37.75   43.72   41.98   28.52   27.55   35.09   28.24   
   130.    3.677   4.483   5.744   11.73   13.94   17.86   11.78   9.703   11.00   10.96   19.97   24.48   22.84   21.82   23.88   18.79   5.657   13.41   16.94   17.07   26.23   23.98   25.58   19.83   18.91   20.76   18.96   19.56   18.72   17.64   18.92   24.36   28.16   24.66   8.468   12.38   31.00   31.01   31.47   24.60   36.58   34.43   31.06   22.05   19.21   29.27   28.92   26.89   22.25   36.99   32.70   26.50   34.74   10.11   40.11   41.25   42.43   35.18   31.62   32.97   33.29   29.24   28.23   41.89   33.18   28.03   22.75   23.83   30.42   23.07   26.82   23.16   29.69   27.63   24.52   15.50   18.22   25.03   23.33   18.07   20.93   32.22   31.38   40.43   40.94   39.30   45.50   43.70   29.68   28.67   36.52   29.39   
   140.    3.816   4.652   5.961   12.18   14.47   18.53   12.22   10.07   11.41   11.37   20.73   25.40   23.70   22.64   24.78   19.50   5.870   13.92   17.58   17.71   27.22   24.88   26.55   20.58   19.62   21.54   19.67   20.30   19.42   18.30   19.64   25.28   29.22   25.59   8.788   12.85   32.17   32.18   32.66   25.53   37.96   35.73   32.23   22.89   19.94   30.38   30.02   27.90   23.09   38.39   33.93   27.50   36.05   10.49   41.62   42.80   44.03   36.51   32.81   34.21   34.55   30.35   29.30   43.47   34.43   29.09   23.60   24.73   31.56   23.94   27.84   24.04   30.81   28.67   25.44   16.08   18.90   25.97   24.21   18.76   21.72   33.44   32.56   41.96   42.48   40.78   47.22   45.35   30.80   29.75   37.90   30.50   
   150.    3.950   4.816   6.170   12.60   14.97   19.18   12.65   10.42   11.81   11.77   21.45   26.29   24.54   23.44   25.65   20.18   6.076   14.40   18.20   18.33   28.17   25.75   27.48   21.30   20.31   22.30   20.36   21.01   20.11   18.95   20.33   26.17   30.25   26.49   9.096   13.30   33.30   33.31   33.81   26.43   39.30   36.99   33.36   23.69   20.64   31.44   31.07   28.88   23.90   39.73   35.12   28.46   37.32   10.86   43.08   44.30   45.57   37.79   33.96   35.42   35.76   31.41   30.33   45.00   35.64   30.11   24.43   25.60   32.67   24.78   28.81   24.88   31.89   29.68   26.33   16.65   19.57   26.88   25.06   19.41   22.48   34.61   33.71   43.43   43.97   42.21   48.88   46.94   31.88   30.80   39.23   31.57   
   160.    4.079   4.974   6.373   13.02   15.46   19.81   13.07   10.76   12.20   12.16   22.16   27.16   25.34   24.21   26.49   20.84   6.276   14.88   18.80   18.93   29.10   26.60   28.38   22.00   20.98   23.03   21.03   21.70   20.77   19.57   20.99   27.03   31.24   27.36   9.395   13.73   34.39   34.41   34.91   27.29   40.59   38.20   34.46   24.47   21.31   32.48   32.09   29.83   24.68   41.04   36.27   29.40   38.54   11.21   44.50   45.76   47.07   39.03   35.07   36.58   36.93   32.44   31.32   46.47   36.81   31.09   25.23   26.44   33.74   25.59   29.76   25.70   32.94   30.65   27.20   17.19   20.21   27.77   25.89   20.05   23.22   35.75   34.81   44.85   45.41   43.60   50.48   48.48   32.93   31.81   40.52   32.61   
   170.    4.205   5.127   6.569   13.42   15.94   20.42   13.47   11.10   12.58   12.53   22.84   27.99   26.12   24.95   27.31   21.48   6.469   15.33   19.37   19.52   29.99   27.42   29.25   22.67   21.62   23.74   21.68   22.37   21.40   20.17   21.64   27.86   32.20   28.20   9.684   14.16   35.45   35.47   35.99   28.13   41.83   39.37   35.52   25.22   21.97   33.47   33.08   30.75   25.44   42.30   37.39   30.30   39.73   11.56   45.87   47.17   48.52   40.23   36.15   37.70   38.07   33.44   32.29   47.90   37.94   32.05   26.01   27.25   34.78   26.38   30.67   26.49   33.95   31.60   28.03   17.72   20.83   28.62   26.68   20.67   23.93   36.85   35.88   46.23   46.81   44.94   52.03   49.97   33.94   32.79   41.76   33.61   
   180.    4.327   5.275   6.759   13.81   16.40   21.01   13.86   11.42   12.94   12.90   23.50   28.80   26.88   25.67   28.10   22.11   6.656   15.78   19.94   20.08   30.86   28.21   30.10   23.33   22.25   24.43   22.30   23.02   22.02   20.75   22.27   28.67   33.14   29.02   9.964   14.57   36.47   36.49   37.03   28.95   43.05   40.52   36.55   25.95   22.61   34.45   34.04   31.64   26.18   43.53   38.47   31.18   40.88   11.89   47.19   48.53   49.92   41.40   37.20   38.80   39.17   34.41   33.22   49.29   39.04   32.98   26.76   28.04   35.79   27.14   31.56   27.26   34.94   32.51   28.85   18.24   21.44   29.45   27.46   21.27   24.63   37.92   36.92   47.57   48.17   46.24   53.54   51.42   34.92   33.74   42.97   34.58   
   200.    4.561   5.561   7.125   14.55   17.29   22.15   14.61   12.03   13.64   13.59   24.77   30.36   28.33   27.06   29.62   23.30   7.016   16.63   21.01   21.17   32.53   29.74   31.73   24.59   23.45   25.75   23.51   24.26   23.22   21.88   23.47   30.22   34.93   30.59   10.50   15.35   38.45   38.47   39.04   30.51   45.38   42.71   38.52   27.35   23.83   36.31   35.88   33.35   27.59   45.88   40.55   32.87   43.09   12.54   49.75   51.16   52.62   43.63   39.21   40.89   41.29   36.27   35.02   51.96   41.15   34.76   28.21   29.56   37.73   28.61   33.27   28.73   36.83   34.27   30.41   19.22   22.60   31.04   28.94   22.42   25.96   39.97   38.92   50.15   50.77   48.74   56.44   54.20   36.81   35.56   45.30   36.46   
   225.    4.838   5.898   7.557   15.44   18.34   23.49   15.50   12.76   14.47   14.42   26.27   32.20   30.05   28.70   31.42   24.72   7.442   17.64   22.29   22.45   34.51   31.54   33.65   26.08   24.88   27.31   24.94   25.73   24.62   23.20   24.90   32.05   37.05   32.45   11.14   16.28   40.78   40.80   41.40   32.36   48.13   45.30   40.86   29.01   25.28   38.51   38.05   35.37   29.27   48.66   43.01   34.86   45.71   13.30   52.77   54.26   55.82   46.28   41.59   43.37   43.79   38.47   37.15   55.11   43.65   36.87   29.92   31.35   40.02   30.35   35.29   30.47   39.06   36.35   32.25   20.39   23.97   32.93   30.70   23.78   27.53   42.39   41.28   53.19   53.85   51.70   59.86   57.49   39.05   37.72   48.05   38.67   
   250.    5.099   6.217   7.966   16.27   19.33   24.76   16.33   13.46   15.25   15.20   27.70   33.94   31.68   30.26   33.12   26.05   7.844   18.60   23.49   23.67   36.37   33.25   35.47   27.49   26.22   28.79   26.29   27.13   25.96   24.46   26.24   33.78   39.05   34.20   11.74   17.17   42.98   43.01   43.64   34.11   50.73   47.75   43.07   30.58   26.64   40.59   40.11   37.28   30.85   51.30   45.34   36.75   48.18   14.02   55.62   57.20   58.83   48.78   43.84   45.72   46.16   40.55   39.15   58.09   46.01   38.87   31.54   33.05   42.18   31.99   37.20   32.12   41.17   38.32   34.00   21.49   25.26   34.71   32.36   25.06   29.02   44.68   43.51   56.07   56.77   54.49   63.10   60.60   41.16   39.76   50.64   40.76   
   275.    5.348   6.521   8.355   17.07   20.27   25.97   17.13   14.11   16.00   15.94   29.05   35.60   33.22   31.73   34.73   27.33   8.227   19.50   24.64   24.82   38.15   34.87   37.20   28.84   27.50   30.20   27.57   28.45   27.22   25.65   27.52   35.43   40.96   35.87   12.32   18.00   45.08   45.11   45.77   35.78   53.21   50.08   45.17   32.07   27.94   42.58   42.07   39.10   32.36   53.80   47.55   38.54   50.53   14.70   58.33   59.99   61.71   51.17   45.98   47.95   48.42   42.53   41.07   60.93   48.26   40.76   33.08   34.66   44.24   33.55   39.01   33.69   43.18   40.19   35.66   22.54   26.50   36.40   33.94   26.29   30.44   46.87   45.64   58.80   59.54   57.15   66.18   63.55   43.17   41.70   53.12   42.75   
   300.    5.586   6.810   8.726   17.83   21.18   27.13   17.89   14.74   16.71   16.65   30.34   37.18   34.70   33.14   36.28   28.54   8.593   20.37   25.74   25.92   39.85   36.42   38.86   30.12   28.73   31.54   28.79   29.71   28.43   26.79   28.75   37.01   42.78   37.47   12.86   18.80   47.09   47.11   47.81   37.37   55.57   52.31   47.18   33.50   29.19   44.47   43.94   40.84   33.79   56.19   49.67   40.25   52.78   15.35   60.93   62.66   64.45   53.44   48.03   50.08   50.57   44.43   42.89   63.64   50.40   42.58   34.55   36.20   46.21   35.04   40.75   35.19   45.10   41.98   37.24   23.54   27.67   38.02   35.45   27.46   31.79   48.95   47.67   61.42   62.19   59.70   69.12   66.38   45.09   43.55   55.48   44.65   
   325.    5.814   7.089   9.083   18.55   22.04   28.24   18.62   15.34   17.39   17.33   31.58   38.70   36.12   34.50   37.76   29.71   8.944   21.20   26.79   26.98   41.47   37.91   40.45   31.35   29.90   32.83   29.97   30.93   29.60   27.89   29.92   38.52   44.53   39.00   13.39   19.57   49.01   49.04   49.76   38.90   57.84   54.44   49.11   34.87   30.38   46.28   45.73   42.51   35.17   58.49   51.70   41.90   54.93   15.98   63.42   65.21   67.08   55.62   49.99   52.13   52.63   46.24   44.64   66.23   52.46   44.32   35.96   37.68   48.09   36.47   42.41   36.63   46.94   43.69   38.76   24.50   28.80   39.57   36.89   28.58   33.09   50.95   49.61   63.93   64.72   62.13   71.95   69.09   46.93   45.33   57.74   46.47   
   350.    6.034   7.356   9.425   19.25   22.87   29.30   19.33   15.92   18.05   17.98   32.77   40.16   37.48   35.80   39.18   30.83   9.282   22.00   27.80   28.00   43.04   39.34   41.97   32.53   31.03   34.06   31.10   32.10   30.71   28.94   31.05   39.97   46.21   40.47   13.89   20.31   50.86   50.89   51.64   40.37   60.03   56.50   50.96   36.19   31.52   48.03   47.46   44.12   36.50   60.70   53.65   43.48   57.01   16.58   65.81   67.68   69.61   57.72   51.88   54.10   54.62   47.98   46.33   68.73   54.44   45.99   37.32   39.11   49.91   37.85   44.01   38.01   48.72   45.34   40.23   25.43   29.89   41.07   38.29   29.66   34.34   52.87   51.49   66.34   67.17   64.48   74.66   71.70   48.70   47.04   59.92   48.23   
   375.    6.245   7.614   9.756   19.93   23.67   30.33   20.01   16.48   18.68   18.61   33.92   41.57   38.80   37.06   40.56   31.91   9.607   22.77   28.77   28.99   44.55   40.72   43.45   33.67   32.12   35.26   32.19   33.22   31.79   29.96   32.14   41.38   47.83   41.89   14.38   21.02   52.65   52.67   53.45   41.78   62.13   58.48   52.75   37.46   32.63   49.72   49.13   45.66   37.78   62.83   55.53   45.00   59.01   17.17   68.12   70.05   72.06   59.75   53.70   56.00   56.54   49.67   47.95   71.15   56.35   47.60   38.63   40.48   51.66   39.18   45.56   39.34   50.43   46.93   41.64   26.32   30.94   42.51   39.63   30.70   35.55   54.73   53.29   68.67   69.53   66.74   77.28   74.21   50.41   48.69   62.03   49.92   
   400.    6.450   7.864   10.08   20.58   24.45   31.32   20.66   17.02   19.29   19.22   35.03   42.94   40.07   38.27   41.89   32.96   9.922   23.52   29.72   29.94   46.01   42.06   44.87   34.78   33.17   36.42   33.25   34.31   32.83   30.94   33.20   42.73   49.40   43.26   14.85   21.71   54.37   54.40   55.20   43.15   64.17   60.40   54.48   38.68   33.70   51.35   50.74   47.16   39.02   64.89   57.35   46.48   60.94   17.73   70.35   72.35   74.42   61.71   55.46   57.83   58.39   51.30   49.53   73.48   58.20   49.16   39.90   41.81   53.35   40.46   47.05   40.63   52.08   48.47   43.00   27.19   31.95   43.90   40.93   31.70   36.71   56.52   55.04   70.92   71.81   68.93   79.82   76.65   52.06   50.29   64.06   51.56   
   450.    6.842   8.341   10.69   21.83   25.93   33.22   21.92   18.05   20.46   20.39   37.16   45.54   42.50   40.59   44.43   34.96   10.52   24.95   31.52   31.75   48.80   44.61   47.59   36.89   35.18   38.63   35.27   36.39   34.82   32.82   35.21   45.33   52.39   45.89   15.76   23.03   57.67   57.70   58.55   45.77   68.06   64.06   57.79   41.03   35.74   54.46   53.82   50.02   41.39   68.82   60.83   49.30   64.64   18.80   74.62   76.74   78.93   65.45   58.82   61.34   61.94   54.41   52.53   77.94   61.73   52.15   42.32   44.34   56.59   42.92   49.91   43.10   55.24   51.41   45.61   28.83   33.89   46.56   43.41   33.63   38.94   59.95   58.38   75.22   76.16   73.11   84.66   81.30   55.22   53.34   67.95   54.68   
   500.    7.212   8.792   11.27   23.01   27.34   35.02   23.10   19.03   21.57   21.49   39.17   48.00   44.80   42.79   46.83   36.85   11.09   26.30   33.23   33.47   51.44   47.02   50.17   38.88   37.08   40.72   37.17   38.36   36.71   34.59   37.11   47.78   55.23   48.37   16.61   24.28   60.79   60.82   61.72   48.25   71.75   67.53   60.91   43.25   37.68   57.41   56.73   52.73   43.63   72.54   64.12   51.97   68.14   19.82   78.66   80.89   83.20   68.99   62.00   64.66   65.29   57.35   55.37   82.15   65.07   54.97   44.61   46.74   59.65   45.24   52.61   45.43   58.23   54.19   48.08   30.39   35.73   49.08   45.76   35.45   41.05   63.19   61.54   79.29   80.28   77.07   89.24   85.69   58.21   56.23   71.62   57.64   
   550.    7.564   9.221   11.82   24.14   28.67   36.73   24.23   19.96   22.62   22.54   41.08   50.35   46.98   44.88   49.12   38.64   11.64   27.58   34.85   35.10   53.95   49.31   52.61   40.78   38.89   42.70   38.99   40.23   38.50   36.28   38.92   50.11   57.92   50.73   17.42   25.46   63.76   63.79   64.73   50.60   75.25   70.82   63.88   45.36   39.52   60.21   59.50   55.30   45.76   76.09   67.25   54.50   71.46   20.79   82.50   84.84   87.27   72.36   65.03   67.82   68.47   60.15   58.08   86.16   68.25   57.65   46.78   49.02   62.56   47.45   55.17   47.65   61.07   56.83   50.43   31.88   37.47   51.48   48.00   37.18   43.05   66.28   64.54   83.16   84.20   80.83   93.59   89.88   61.05   58.97   75.12   60.45   
   600.    7.900   9.631   12.34   25.21   29.95   38.36   25.31   20.84   23.63   23.54   42.91   52.59   49.07   46.87   51.30   40.36   12.15   28.81   36.40   36.66   56.35   51.51   54.95   42.59   40.62   44.60   40.72   42.02   40.21   37.89   40.66   52.34   60.50   52.99   18.19   26.59   66.59   66.63   67.61   52.85   78.59   73.97   66.72   47.38   41.27   62.89   62.14   57.76   47.79   79.47   70.24   56.93   74.64   21.71   86.17   88.61   91.15   75.58   67.92   70.83   71.52   62.83   60.66   89.99   71.28   60.21   48.86   51.20   65.35   49.56   57.63   49.76   63.78   59.36   52.67   33.29   39.14   53.77   50.13   38.83   44.96   69.22   67.41   86.86   87.94   84.42   97.75   93.87   63.76   61.59   78.46   63.14   
   650.    8.222   10.02   12.84   26.24   31.17   39.93   26.34   21.70   24.59   24.51   44.66   54.73   51.08   48.79   53.40   42.01   12.65   29.98   37.88   38.16   58.65   53.61   57.20   44.33   42.28   46.42   42.38   43.74   41.85   39.44   42.32   54.47   62.97   55.15   18.94   27.68   69.31   69.35   70.37   55.01   81.80   76.99   69.45   49.31   42.96   65.46   64.68   60.12   49.74   82.71   73.11   59.25   77.69   22.60   89.68   92.23   94.87   78.66   70.70   73.72   74.44   65.39   63.13   93.67   74.19   62.67   50.86   53.29   68.01   51.58   59.98   51.80   66.39   61.79   54.82   34.65   40.73   55.96   52.18   40.42   46.80   72.05   70.16   90.41   91.53   87.87   101.7   97.71   66.37   64.11   81.66   65.72   
   700.    8.533   10.40   13.33   27.23   32.35   41.44   27.33   22.51   25.52   25.43   46.34   56.80   53.00   50.63   55.41   43.60   13.13   31.12   39.31   39.60   60.86   55.63   59.36   46.01   43.88   48.17   43.98   45.39   43.43   40.93   43.91   56.53   65.35   57.23   19.65   28.72   71.93   71.97   73.03   57.08   84.89   79.90   72.07   51.17   44.58   67.93   67.12   62.39   51.62   85.84   75.87   61.49   80.62   23.45   93.07   95.71   98.45   81.63   73.36   76.51   77.25   67.86   65.52   97.21   76.99   65.04   52.78   55.30   70.58   53.53   62.24   53.75   68.89   64.12   56.89   35.96   42.27   58.08   54.15   41.94   48.57   74.77   72.81   93.82   94.99   91.19   105.6   101.4   68.87   66.53   84.74   68.20   
   800.    9.122   11.12   14.25   29.11   34.58   44.30   29.22   24.07   27.28   27.19   49.54   60.72   56.66   54.12   59.24   46.61   14.03   33.26   42.03   42.34   65.07   59.48   63.46   49.18   46.91   51.50   47.02   48.52   46.43   43.75   46.95   60.43   69.86   61.18   21.01   30.71   76.89   76.94   78.07   61.03   90.75   85.41   77.05   54.71   47.66   72.62   71.75   66.70   55.19   91.76   81.11   65.73   86.19   25.07   99.50   102.3   105.2   87.27   78.43   81.79   82.58   72.55   70.04   103.9   82.31   69.53   56.42   59.12   75.45   57.22   66.54   57.46   73.65   68.55   60.82   38.45   45.19   62.09   57.88   44.84   51.92   79.93   77.84   100.3   101.5   97.48   112.9   108.4   73.63   71.12   90.60   72.91   
   900.    9.675   11.80   15.11   30.88   36.68   46.99   30.99   25.53   28.94   28.84   52.55   64.41   60.10   57.41   62.83   49.43   14.88   35.28   44.58   44.90   69.01   63.08   67.31   52.17   49.75   54.63   49.87   51.47   49.25   46.41   49.79   64.10   74.10   64.89   22.28   32.57   81.56   81.60   82.81   64.73   96.26   90.60   81.72   58.03   50.55   77.02   76.11   70.74   58.53   97.33   86.03   69.72   91.42   26.59   105.5   108.5   111.6   92.56   83.19   86.75   87.59   76.95   74.29   110.2   87.30   73.75   59.85   62.71   80.03   60.70   70.58   60.95   78.12   72.70   64.51   40.78   47.93   65.85   61.40   47.56   55.07   84.78   82.56   106.4   107.7   103.4   119.7   115.0   78.09   75.44   96.09   77.33   
   1.00e3  10.20   12.43   15.93   32.55   38.66   49.53   32.67   26.91   30.50   30.40   55.39   67.89   63.35   60.51   66.23   52.11   15.69   37.19   46.99   47.33   72.75   66.50   70.95   54.99   52.45   57.58   52.57   54.25   51.91   48.92   52.49   67.57   78.11   68.40   23.49   34.33   85.97   86.02   87.29   68.23   101.5   95.50   86.14   61.16   53.28   81.19   80.22   74.57   61.70   102.6   90.68   73.49   96.36   28.03   111.2   114.4   117.7   97.57   87.69   91.44   92.33   81.11   78.31   116.2   92.02   77.73   63.08   66.10   84.36   63.98   74.40   64.25   82.34   76.64   67.99   42.98   50.52   69.41   64.72   50.13   58.05   89.37   87.03   112.1   113.5   109.0   126.2   121.2   82.32   79.52   101.3   81.52   
   1.10e3  10.70   13.04   16.71   34.13   40.55   51.95   34.26   28.22   31.99   31.88   58.10   71.20   66.44   63.47   69.47   54.65   16.45   39.01   49.28   49.64   76.30   69.74   74.41   57.67   55.01   60.39   55.14   56.90   54.45   51.31   55.05   70.86   81.92   71.74   24.63   36.01   90.17   90.22   91.55   71.56   106.4   100.2   90.35   64.15   55.89   85.15   84.14   78.21   64.71   107.6   95.11   77.08   101.1   29.40   116.7   120.0   123.4   102.3   91.97   95.91   96.83   85.07   82.13   121.9   96.51   81.53   66.16   69.33   88.48   67.10   78.03   67.38   86.36   80.38   71.31   45.08   52.99   72.80   67.88   52.58   60.88   93.73   91.27   117.6   119.1   114.3   132.4   127.1   86.33   83.40   106.2   85.50   
   1.20e3  11.17   13.62   17.45   35.65   42.35   54.26   35.79   29.48   33.42   33.30   60.68   74.37   69.40   66.29   72.56   57.08   17.19   40.74   51.47   51.85   79.69   72.84   77.72   60.24   57.45   63.08   57.59   59.43   56.87   53.59   57.50   74.02   85.56   74.93   25.73   37.61   94.17   94.23   95.62   74.74   111.1   104.6   94.36   67.00   58.37   88.94   87.88   81.69   67.59   112.4   99.34   80.51   105.6   30.71   121.9   125.3   128.9   106.9   96.06   100.2   101.1   88.85   85.78   127.3   100.8   85.15   69.11   72.41   92.41   70.09   81.50   70.38   90.20   83.95   74.48   47.09   55.35   76.04   70.89   54.91   63.59   97.90   95.33   122.8   124.4   119.4   138.2   132.8   90.17   87.11   111.0   89.30   
   1.30e3  11.63   14.18   18.17   37.11   44.08   56.47   37.25   30.68   34.78   34.66   63.16   77.41   72.23   69.00   75.52   59.41   17.89   42.40   53.57   53.97   82.94   75.82   80.89   62.70   59.80   65.65   59.94   61.86   59.19   55.78   59.84   77.04   89.05   77.99   26.78   39.14   98.02   98.07   99.52   77.79   115.7   108.9   98.22   69.74   60.75   92.57   91.47   85.02   70.35   117.0   103.4   83.79   109.9   31.96   126.8   130.4   134.2   111.2   99.98   104.3   105.3   92.48   89.29   132.5   104.9   88.63   71.93   75.37   96.19   72.95   84.83   73.25   93.89   87.38   77.53   49.01   57.61   79.14   73.79   57.16   66.19   101.9   99.23   127.9   129.4   124.3   143.9   138.2   93.85   90.66   115.5   92.94   
   1.40e3  12.07   14.71   18.85   38.51   45.74   58.60   38.65   31.84   36.09   35.97   65.54   80.33   74.96   71.60   78.37   61.66   18.56   44.00   55.60   56.00   86.08   78.68   83.94   65.06   62.05   68.13   62.20   64.19   61.42   57.88   62.10   79.95   92.42   80.94   27.79   40.62   101.7   101.8   103.3   80.73   120.1   113.0   101.9   72.37   63.05   96.06   94.92   88.23   73.01   121.4   107.3   86.96   114.0   33.17   131.6   135.4   139.2   115.4   103.8   108.2   109.2   95.97   92.66   137.5   108.9   91.98   74.64   78.21   99.82   75.70   88.03   76.02   97.43   90.68   80.45   50.86   59.78   82.13   76.57   59.31   68.68   105.7   103.0   132.7   134.3   129.0   149.3   143.4   97.40   94.09   119.8   96.45   
   1.50e3  12.49   15.23   19.51   39.86   47.35   60.66   40.01   32.96   37.36   37.23   67.84   83.15   77.59   74.11   81.12   63.82   19.21   45.55   57.55   57.97   89.10   81.44   86.89   67.35   64.23   70.52   64.39   66.44   63.58   59.91   64.28   82.75   95.66   83.78   28.76   42.05   105.3   105.3   106.9   83.56   124.3   117.0   105.5   74.91   65.26   99.43   98.25   91.33   75.57   125.7   111.1   90.01   118.0   34.33   136.2   140.1   144.1   119.5   107.4   112.0   113.1   99.34   95.91   142.3   112.7   95.20   77.26   80.96   103.3   78.36   91.12   78.68   100.9   93.86   83.28   52.64   61.88   85.01   79.26   61.39   71.09   109.5   106.6   137.3   139.1   133.5   154.6   148.4   100.8   97.39   124.1   99.84   
   1.60e3  12.90   15.73   20.15   41.17   48.90   62.65   41.32   34.04   38.59   38.45   70.07   85.87   80.14   76.54   83.78   65.91   19.85   47.04   59.44   59.87   92.02   84.11   89.74   69.56   66.34   72.83   66.50   68.62   65.67   61.88   66.39   85.47   98.80   86.53   29.71   43.43   108.7   108.8   110.4   86.30   128.3   120.8   109.0   77.37   67.40   102.7   101.5   94.32   78.05   129.8   114.7   92.96   121.9   35.46   140.7   144.7   148.8   123.4   110.9   115.7   116.8   102.6   99.05   147.0   116.4   98.33   79.80   83.61   106.7   80.93   94.11   81.26   104.2   96.94   86.01   54.37   63.91   87.80   81.86   63.41   73.43   113.0   110.1   141.8   143.6   137.9   159.6   153.3   104.1   100.6   128.1   103.1   
   1.70e3  13.30   16.21   20.77   42.43   50.41   64.58   42.60   35.09   39.77   39.63   72.22   88.52   82.60   78.90   86.36   67.94   20.46   48.49   61.26   61.71   94.85   86.70   92.50   71.70   68.38   75.08   68.55   70.73   67.69   63.78   68.43   88.10   101.8   89.19   30.62   44.76   112.1   112.2   113.8   88.96   132.3   124.5   112.3   79.75   69.48   105.9   104.6   97.23   80.45   133.8   118.2   95.82   125.6   36.55   145.0   149.2   153.4   127.2   114.3   119.2   120.4   105.8   102.1   151.5   120.0   101.4   82.25   86.18   110.0   83.42   97.00   83.77   107.4   99.92   88.65   56.04   65.88   90.50   84.38   65.36   75.69   116.5   113.5   146.2   148.0   142.1   164.5   158.0   107.3   103.7   132.1   106.3   
   1.80e3  13.68   16.68   21.37   43.66   51.87   66.45   43.83   36.10   40.93   40.78   74.32   91.08   85.00   81.19   88.86   69.91   21.05   49.90   63.04   63.50   97.60   89.21   95.18   73.78   70.36   77.25   70.53   72.78   69.65   65.63   70.42   90.65   104.8   91.77   31.51   46.06   115.3   115.4   117.1   91.54   136.1   128.1   115.6   82.06   71.49   108.9   107.6   100.0   82.78   137.6   121.7   98.60   129.3   37.61   149.2   153.5   157.9   130.9   117.6   122.7   123.9   108.8   105.1   155.9   123.5   104.3   84.64   88.68   113.2   85.84   99.81   86.19   110.5   102.8   91.22   57.67   67.79   93.13   86.83   67.25   77.88   119.9   116.8   150.4   152.3   146.2   169.3   162.6   110.4   106.7   135.9   109.4   
   2.00e3  14.42   17.58   22.53   46.03   54.67   70.04   46.20   38.06   43.14   42.99   78.34   96.01   89.59   85.58   93.67   73.69   22.19   52.60   66.45   66.94   102.9   94.04   100.3   77.77   74.17   81.43   74.35   76.72   73.42   69.18   74.23   95.55   110.5   96.74   33.21   48.55   121.6   121.6   123.4   96.49   143.5   135.1   121.8   86.50   75.36   114.8   113.5   105.5   87.26   145.1   128.2   103.9   136.3   39.64   157.3   161.8   166.4   138.0   124.0   129.3   130.6   114.7   110.7   164.3   130.1   109.9   89.21   93.48   119.3   90.48   105.2   90.86   116.5   108.4   96.16   60.79   71.45   98.17   91.52   70.89   82.09   126.4   123.1   158.6   160.6   154.1   178.5   171.4   116.4   112.5   143.2   115.3   
   2.25e3  15.30   18.65   23.90   48.82   57.99   74.29   49.00   40.37   45.76   45.59   83.09   101.8   95.03   90.77   99.35   78.16   23.53   55.79   70.48   71.00   109.1   99.74   106.4   82.48   78.67   86.37   78.86   81.38   77.87   73.38   78.73   101.4   117.2   102.6   35.23   51.50   129.0   129.0   130.9   102.3   152.2   143.2   129.2   91.75   79.93   121.8   120.3   111.9   92.55   153.9   136.0   110.2   144.5   42.05   166.9   171.6   176.5   146.4   131.5   137.2   138.5   121.7   117.5   174.3   138.0   116.6   94.63   99.15   126.5   95.97   111.6   96.37   123.5   115.0   102.0   64.48   75.79   104.1   97.08   75.19   87.07   134.1   130.5   168.2   170.3   163.5   189.3   181.8   123.5   119.3   151.9   122.3   
   2.50e3  16.13   19.66   25.19   51.46   61.13   78.31   51.65   42.55   48.23   48.06   87.58   107.3   100.2   95.68   104.7   82.39   24.81   58.80   74.29   74.84   115.0   105.1   112.2   86.95   82.92   91.04   83.12   85.78   82.08   77.35   82.99   106.8   123.5   108.2   37.14   54.28   135.9   136.0   138.0   107.9   160.4   151.0   136.2   96.71   84.25   128.4   126.8   117.9   97.56   162.2   143.4   116.2   152.4   44.32   175.9   180.9   186.1   154.3   138.6   144.6   146.0   128.2   123.8   183.7   145.5   122.9   99.74   104.5   133.4   101.2   117.6   101.6   130.2   121.2   107.5   67.96   79.89   109.8   102.3   79.26   91.78   141.3   137.6   177.3   179.5   172.3   199.5   191.6   130.2   125.7   160.2   128.9   
   2.75e3  16.91   20.62   26.42   53.97   64.11   82.13   54.18   44.63   50.59   50.41   91.86   112.6   105.1   100.3   109.8   86.41   26.02   61.67   77.92   78.49   120.6   110.3   117.7   91.19   86.97   95.49   87.18   89.96   86.09   81.12   87.04   112.0   129.5   113.4   38.95   56.93   142.6   142.6   144.7   113.1   168.3   158.4   142.8   101.4   88.36   134.6   133.0   123.7   102.3   170.1   150.4   121.9   159.8   46.49   184.5   189.7   195.1   161.8   145.4   151.6   153.1   134.5   129.9   192.7   152.6   128.9   104.6   109.6   139.9   106.1   123.4   106.5   136.6   127.1   112.8   71.28   83.78   115.1   107.3   83.13   96.26   148.2   144.3   186.0   188.3   180.7   209.3   201.0   136.5   131.9   168.0   135.2   
   3.00e3  17.66   21.54   27.59   56.37   66.96   85.79   56.59   46.61   52.84   52.65   95.94   117.6   109.7   104.8   114.7   90.25   27.17   64.42   81.38   81.98   126.0   115.2   122.9   95.24   90.84   99.73   91.06   93.96   89.92   84.73   90.91   117.0   135.3   118.5   40.68   59.46   148.9   149.0   151.2   118.2   175.7   165.4   149.2   105.9   92.29   140.6   139.0   129.2   106.9   177.7   157.1   127.3   166.9   48.55   192.7   198.1   203.8   169.0   151.9   158.4   159.9   140.5   135.6   201.2   159.4   134.6   109.3   114.5   146.1   110.8   128.9   111.3   142.6   132.7   117.8   74.45   87.51   120.2   112.1   86.83   100.5   154.8   150.7   194.2   196.6   188.8   218.6   209.9   142.6   137.7   175.4   141.2   
   3.25e3  18.39   22.42   28.72   58.67   69.70   89.29   58.90   48.51   54.99   54.80   99.86   122.4   114.2   109.1   119.4   93.94   28.28   67.05   84.71   85.33   131.1   119.9   127.9   99.13   94.55   103.8   94.78   97.80   93.59   88.19   94.62   121.8   140.8   123.3   42.34   61.89   155.0   155.1   157.4   123.0   182.9   172.2   155.3   110.3   96.06   146.4   144.6   134.4   111.2   185.0   163.5   132.5   173.7   50.54   200.5   206.2   212.1   175.9   158.1   164.8   166.4   146.2   141.2   209.5   165.9   140.1   113.7   119.2   152.1   115.3   134.1   115.8   148.4   138.2   122.6   77.49   91.08   125.1   116.7   90.37   104.6   161.1   156.9   202.2   204.7   196.5   227.5   218.5   148.4   143.4   182.6   147.0   
   3.50e3  19.08   23.26   29.81   60.89   72.33   92.66   61.12   50.34   57.07   56.87   103.6   127.0   118.5   113.2   123.9   97.49   29.35   69.58   87.91   88.55   136.1   124.4   132.7   102.9   98.12   107.7   98.35   101.5   97.12   91.52   98.19   126.4   146.1   128.0   43.94   64.23   160.8   160.9   163.3   127.6   189.8   178.7   161.2   114.4   99.69   151.9   150.1   139.5   115.4   191.9   169.6   137.5   180.3   52.44   208.1   214.0   220.1   182.5   164.0   171.1   172.7   151.7   146.5   217.4   172.2   145.4   118.0   123.7   157.8   119.7   139.2   120.2   154.1   143.4   127.2   80.41   94.52   129.9   121.1   93.78   108.6   167.2   162.8   209.8   212.4   203.9   236.1   226.7   154.0   148.8   189.5   152.5   
   3.75e3  19.75   24.08   30.85   63.02   74.87   95.91   63.26   52.11   59.07   58.86   107.3   131.5   122.7   117.2   128.3   100.9   30.38   72.02   90.99   91.66   140.9   128.8   137.4   106.5   101.6   111.5   101.8   105.1   100.5   94.73   101.6   130.8   151.3   132.5   45.48   66.48   166.5   166.6   169.0   132.1   196.5   184.9   166.8   118.4   103.2   157.2   155.4   144.4   119.5   198.7   175.6   142.3   186.6   54.28   215.4   221.5   227.9   188.9   169.8   177.1   178.8   157.1   151.6   225.0   178.2   150.5   122.2   128.0   163.4   123.9   144.1   124.4   159.5   148.4   131.7   83.24   97.84   134.4   125.3   97.07   112.4   173.1   168.5   217.1   219.9   211.1   244.4   234.7   159.4   154.0   196.1   157.9   
   4.00e3  20.40   24.87   31.86   65.09   77.32   99.06   65.34   53.82   61.01   60.79   110.8   135.8   126.7   121.0   132.5   104.2   31.38   74.38   93.98   94.66   145.5   133.0   141.9   110.0   104.9   115.2   105.1   108.5   103.8   97.84   105.0   135.1   156.2   136.8   46.97   68.66   171.9   172.0   174.6   136.5   202.9   191.0   172.3   122.3   106.6   162.4   160.4   149.1   123.4   205.2   181.4   147.0   192.7   56.07   222.5   228.8   235.3   195.1   175.4   182.9   184.7   162.2   156.6   232.4   184.0   155.5   126.2   132.2   168.7   128.0   148.8   128.5   164.7   153.3   136.0   85.97   101.0   138.8   129.4   100.3   116.1   178.7   174.1   224.3   227.1   218.0   252.4   242.4   164.6   159.0   202.6   163.0   
   4.50e3  21.64   26.38   33.80   69.04   82.01   105.1   69.30   57.09   64.71   64.48   117.5   144.0   134.4   128.4   140.5   110.5   33.28   78.89   99.68   100.4   154.3   141.1   150.5   116.6   111.3   122.1   111.5   115.1   110.1   103.8   111.3   143.3   165.7   145.1   49.82   72.83   182.4   182.5   185.2   144.7   215.2   202.6   182.7   129.7   113.0   172.2   170.2   158.2   130.9   217.6   192.4   155.9   204.4   59.47   236.0   242.7   249.6   207.0   186.0   194.0   195.9   172.1   166.1   246.5   195.2   164.9   133.8   140.2   179.0   135.7   157.8   136.3   174.7   162.6   144.2   91.18   107.2   147.2   137.3   106.3   123.1   189.6   184.6   237.9   240.8   231.2   267.7   257.1   174.6   168.7   214.9   172.9   
   5.00e3  22.81   27.80   35.62   72.77   86.45   110.7   73.05   60.17   68.21   67.97   123.9   151.8   141.7   135.3   148.1   116.5   35.08   83.16   105.1   105.8   162.7   148.7   158.6   123.0   117.3   128.8   117.6   121.3   116.1   109.4   117.4   151.1   174.6   153.0   52.52   76.77   192.2   192.3   195.2   152.6   226.9   213.5   192.6   136.8   119.1   181.5   179.4   166.7   138.0   229.4   202.8   164.3   215.5   62.68   248.7   255.8   263.1   218.2   196.1   204.5   206.5   181.4   175.1   259.8   205.8   173.8   141.1   147.8   188.6   143.1   166.4   143.7   184.1   171.4   152.0   96.11   113.0   155.2   144.7   112.1   129.8   199.8   194.6   250.7   253.9   243.7   282.2   271.0   184.1   177.8   226.5   182.3   
   5.50e3  23.92   29.16   37.36   76.33   90.67   116.2   76.62   63.11   71.54   71.29   129.9   159.2   148.6   141.9   155.3   122.2   36.79   87.22   110.2   111.0   170.6   155.9   166.4   129.0   123.0   135.0   123.3   127.2   121.7   114.7   123.1   158.5   183.2   160.4   55.08   80.51   201.6   201.7   204.7   160.0   238.0   224.0   202.0   143.4   125.0   190.4   188.1   174.9   144.7   240.6   212.7   172.4   226.0   65.74   260.9   268.3   276.0   228.8   205.6   214.5   216.5   190.2   183.7   272.5   215.8   182.3   147.9   155.0   197.8   150.0   174.5   150.7   193.1   179.7   159.5   100.8   118.5   162.8   151.8   117.6   136.1   209.6   204.1   263.0   266.3   255.6   296.0   284.2   193.0   186.5   237.5   191.2   
   6.00e3  24.98   30.46   39.02   79.72   94.70   121.3   80.02   65.92   74.72   74.46   135.7   166.3   155.2   148.2   162.2   127.6   38.43   91.10   115.1   115.9   178.2   162.9   173.8   134.7   128.5   141.0   128.8   132.9   127.2   119.8   128.6   165.5   191.3   167.6   57.53   84.09   210.6   210.7   213.8   167.1   248.5   233.9   211.0   149.8   130.5   198.9   196.5   182.7   151.1   251.3   222.1   180.0   236.0   68.67   272.5   280.2   288.2   239.0   214.8   224.0   226.2   198.7   191.8   284.6   225.4   190.4   154.5   161.9   206.6   156.7   182.2   157.4   201.7   187.7   166.6   105.3   123.8   170.0   158.5   122.8   142.2   218.9   213.2   274.7   278.1   267.0   309.1   296.9   201.6   194.8   248.1   199.7   
   6.50e3  26.00   31.70   40.62   82.97   98.56   126.3   83.29   68.61   77.77   77.50   141.2   173.1   161.5   154.3   168.9   132.9   40.00   94.82   119.8   120.7   185.5   169.5   180.9   140.2   133.7   146.8   134.0   138.3   132.4   124.7   133.8   172.3   199.1   174.4   59.88   87.53   219.2   219.3   222.5   174.0   258.7   243.5   219.6   155.9   135.9   207.0   204.5   190.1   157.3   261.6   231.2   187.4   245.7   71.47   283.6   291.6   300.0   248.8   223.6   233.1   235.4   206.8   199.6   296.2   234.6   198.2   160.8   168.5   215.1   163.1   189.7   163.8   209.9   195.4   173.4   109.6   128.8   177.0   165.0   127.8   148.0   227.8   221.9   285.9   289.5   277.9   321.7   309.0   209.9   202.7   258.2   207.8   
   7.00e3  26.98   32.90   42.15   86.11   102.3   131.0   86.44   71.20   80.71   80.42   146.6   179.6   167.6   160.1   175.2   137.9   41.51   98.40   124.3   125.2   192.5   175.9   187.7   145.5   138.8   152.3   139.1   143.5   137.3   129.4   138.9   178.8   206.6   181.0   62.14   90.83   227.5   227.6   230.9   180.5   268.4   252.7   227.9   161.8   141.0   214.8   212.3   197.3   163.2   271.4   239.9   194.4   254.9   74.17   294.3   302.7   311.3   258.1   232.0   241.9   244.3   214.6   207.2   307.4   243.5   205.7   166.9   174.9   223.2   169.3   196.8   170.0   217.9   202.8   179.9   113.7   133.7   183.7   171.2   132.6   153.6   236.4   230.3   296.7   300.4   288.4   333.9   320.6   217.8   210.4   268.0   215.7   
   8.00e3  28.85   35.17   45.06   92.05   109.3   140.1   92.40   76.11   86.28   85.97   156.7   192.0   179.2   171.2   187.3   147.4   44.38   105.2   132.9   133.9   205.8   188.1   200.7   155.5   148.3   162.9   148.7   153.4   146.8   138.4   148.5   191.1   220.9   193.5   66.43   97.10   243.2   243.3   246.9   193.0   287.0   270.1   243.6   173.0   150.7   229.6   226.9   210.9   174.5   290.2   256.5   207.9   272.6   79.29   314.6   323.6   332.8   276.0   248.0   258.6   261.1   229.4   221.5   328.6   260.3   219.9   178.4   187.0   238.6   181.0   210.4   181.7   232.9   216.8   192.3   121.6   142.9   196.3   183.0   141.8   164.2   252.8   246.1   317.2   321.1   308.3   356.9   342.8   232.8   224.9   286.5   230.6   
   9.00e3  30.60   37.30   47.80   97.64   116.0   148.6   98.01   80.73   91.51   91.19   166.2   203.7   190.1   181.5   198.7   156.3   47.07   111.6   141.0   142.0   218.2   199.5   212.8   165.0   157.3   172.7   157.7   162.8   155.7   146.8   157.5   202.7   234.3   205.2   70.46   103.0   257.9   258.1   261.9   204.7   304.4   286.5   258.4   183.5   159.9   243.6   240.7   223.7   185.1   307.8   272.0   220.5   289.1   84.10   333.7   343.2   353.0   292.7   263.1   274.3   277.0   243.3   234.9   348.5   276.1   233.2   189.3   198.3   253.1   191.9   223.2   192.7   247.0   229.9   204.0   129.0   151.6   208.2   194.2   150.4   174.1   268.1   261.1   336.4   340.6   327.0   378.6   363.6   246.9   238.6   303.9   244.6   
   10.0e3  32.25   39.32   50.38   102.9   122.3   156.6   103.3   85.10   96.46   96.12   175.2   214.7   200.3   191.4   209.4   164.8   49.61   117.6   148.6   149.7   230.0   210.3   224.4   173.9   165.8   182.1   166.2   171.6   164.2   154.7   166.0   213.7   247.0   216.3   74.27   108.6   271.9   272.0   276.0   215.8   320.9   302.0   272.4   193.4   168.5   256.7   253.7   235.8   195.1   324.4   286.8   232.4   304.7   88.65   351.8   361.7   372.1   308.5   277.3   289.2   292.0   256.5   247.6   367.4   291.0   245.8   199.5   209.0   266.8   202.3   235.3   203.2   260.4   242.3   215.0   135.9   159.8   219.5   204.7   158.5   183.6   282.6   275.2   354.6   359.0   344.7   399.1   383.2   260.3   251.5   320.3   257.8   
   11.0e3  33.83   41.24   52.84   107.9   128.2   164.3   108.4   89.25   101.2   100.8   183.7   225.2   210.1   200.7   219.7   172.8   52.03   123.3   155.8   157.0   241.3   220.5   235.3   182.4   173.9   191.0   174.4   179.9   172.2   162.2   174.1   224.1   259.0   226.9   77.90   113.9   285.1   285.3   289.5   226.3   336.5   316.7   285.7   202.9   176.7   269.3   266.1   247.3   204.6   340.3   300.8   243.7   319.6   92.97   368.9   379.4   390.3   323.6   290.8   303.3   306.2   269.0   259.7   385.3   305.2   257.8   209.2   219.2   279.8   212.2   246.7   213.1   273.1   254.2   225.5   142.6   167.6   230.2   214.6   166.3   192.5   296.4   288.6   371.9   376.6   361.5   418.6   401.9   273.0   263.7   335.9   270.4   
   12.0e3  35.33   43.07   55.19   112.7   133.9   171.6   113.2   93.22   105.7   105.3   191.9   235.2   219.5   209.6   229.4   180.5   54.35   128.8   162.8   164.0   252.0   230.3   245.8   190.5   181.7   199.5   182.1   187.9   179.8   169.5   181.8   234.1   270.6   237.0   81.36   118.9   297.8   298.0   302.4   236.4   351.5   330.8   298.4   211.9   184.6   281.2   277.9   258.3   213.7   355.4   314.1   254.6   333.8   97.11   385.3   396.3   407.6   338.0   303.8   316.8   319.8   281.0   271.3   402.5   318.8   269.3   218.5   229.0   292.2   221.6   257.7   222.6   285.2   265.5   235.5   148.9   175.0   240.5   224.2   173.7   201.1   309.6   301.5   388.4   393.3   377.5   437.2   419.8   285.2   275.5   350.9   282.4   
   13.0e3  36.77   44.83   57.44   117.3   139.4   178.6   117.8   97.03   110.0   109.6   199.7   244.8   228.4   218.2   238.8   187.9   56.57   134.1   169.4   170.7   262.3   239.8   255.8   198.3   189.1   207.6   189.6   195.6   187.2   176.4   189.2   243.6   281.6   246.6   84.68   123.8   310.0   310.1   314.7   246.0   365.8   344.3   310.6   220.5   192.1   292.7   289.2   268.9   222.5   369.9   327.0   265.0   347.4   101.1   401.1   412.5   424.3   351.8   316.2   329.7   332.9   292.4   282.3   418.9   331.8   280.3   227.5   238.3   304.2   230.7   268.2   231.6   296.9   276.3   245.2   155.0   182.2   250.3   233.3   180.7   209.3   322.2   313.8   404.3   409.4   393.0   455.0   437.0   296.8   286.7   365.2   293.9   
   14.0e3  38.16   46.52   59.61   121.8   144.7   185.3   122.2   100.7   114.1   113.7   207.3   254.0   237.0   226.4   247.8   195.0   58.70   139.2   175.8   177.1   272.2   248.8   265.5   205.8   196.2   215.4   196.7   203.0   194.2   183.0   196.4   252.8   292.2   255.9   87.88   128.5   321.7   321.8   326.6   255.3   379.6   357.3   322.3   228.9   199.4   303.8   300.2   279.0   230.9   383.9   339.3   275.0   360.6   104.9   416.2   428.0   440.3   365.1   328.1   342.1   345.5   303.5   293.0   434.7   344.3   290.9   236.0   247.3   315.6   239.4   278.4   240.4   308.1   286.7   254.4   160.8   189.0   259.7   242.1   187.6   217.2   334.4   325.6   419.6   424.8   407.8   472.2   453.5   308.0   297.5   379.0   305.0   
   15.0e3  39.50   48.16   61.70   126.0   149.7   191.8   126.5   104.2   118.1   117.7   214.5   262.9   245.4   234.4   256.5   201.8   60.76   144.0   182.0   183.3   281.7   257.5   274.8   213.0   203.1   223.0   203.6   210.1   201.1   189.5   203.3   261.7   302.5   264.9   90.96   133.0   333.0   333.1   338.1   264.3   393.0   369.9   333.6   236.9   206.4   314.4   310.7   288.8   239.0   397.3   351.2   284.6   373.2   108.6   430.8   443.0   455.7   377.9   339.6   354.2   357.6   314.1   303.3   450.0   356.4   301.1   244.3   256.0   326.7   247.8   288.1   248.8   318.9   296.8   263.3   166.5   195.7   268.8   250.6   194.1   224.8   346.1   337.1   434.3   439.7   422.1   488.8   469.4   318.8   308.0   392.3   315.7   
   16.0e3  40.80   49.74   63.73   130.2   154.6   198.1   130.7   107.6   122.0   121.6   221.6   271.6   253.4   242.1   264.9   208.4   62.76   148.8   188.0   189.3   291.0   266.0   283.8   220.0   209.8   230.3   210.3   217.0   207.7   195.7   209.9   270.3   312.4   273.6   93.95   137.3   343.9   344.1   349.1   272.9   405.9   382.0   344.6   244.7   213.1   324.8   320.9   298.3   246.8   410.4   362.7   294.0   385.5   112.1   445.0   457.6   470.7   390.3   350.7   365.8   369.3   324.4   313.2   464.7   368.1   310.9   252.3   264.4   337.4   255.9   297.6   257.0   329.4   306.5   272.0   171.9   202.1   277.7   258.9   200.5   232.2   357.5   348.1   448.5   454.2   436.0   504.8   484.8   329.3   318.1   405.2   326.1   
   17.0e3  42.05   51.27   65.69   134.2   159.4   204.2   134.7   111.0   125.8   125.3   228.4   279.9   261.2   249.5   273.1   214.8   64.69   153.3   193.7   195.2   299.9   274.2   292.5   226.7   216.2   237.4   216.8   223.7   214.0   201.7   216.4   278.6   322.0   282.0   96.84   141.6   354.5   354.7   359.9   281.3   418.3   393.7   355.2   252.2   219.7   334.7   330.8   307.5   254.4   423.0   373.9   303.0   397.3   115.6   458.7   471.7   485.2   402.3   361.5   377.0   380.7   334.4   322.9   479.0   379.4   320.5   260.1   272.5   347.8   263.8   306.7   264.9   339.5   316.0   280.3   177.2   208.3   286.2   266.8   206.7   239.3   368.5   358.8   462.3   468.1   449.4   520.3   499.7   339.4   327.9   417.6   336.1   
   18.0e3  43.27   52.75   67.59   138.1   164.0   210.1   138.6   114.2   129.4   129.0   235.0   288.0   268.8   256.7   281.0   221.1   66.56   157.8   199.4   200.8   308.6   282.1   301.0   233.3   222.5   244.3   223.0   230.2   220.2   207.5   222.7   286.7   331.4   290.2   99.65   145.7   364.7   364.9   370.3   289.5   430.5   405.2   365.5   259.5   226.1   344.5   340.4   316.4   261.8   435.3   384.7   311.8   408.8   118.9   471.9   485.3   499.2   414.0   372.0   388.0   391.7   344.1   332.2   492.9   390.4   329.8   267.6   280.4   357.9   271.4   315.6   272.6   349.4   325.1   288.5   182.4   214.4   294.5   274.6   212.7   246.3   379.2   369.2   475.7   481.7   462.4   535.4   514.2   349.2   337.4   429.7   345.8   
   20.0e3  45.61   55.61   71.25   145.5   172.9   221.5   146.1   120.3   136.4   135.9   247.7   303.6   283.3   270.6   296.2   233.0   70.16   166.3   210.1   211.7   325.3   297.4   317.3   245.9   234.5   257.5   235.1   242.6   232.2   218.8   234.7   302.2   349.3   305.9   105.0   153.5   384.5   384.7   390.4   305.1   453.8   427.1   385.2   273.5   238.3   363.1   358.8   333.5   275.9   458.8   405.5   328.7   430.9   125.4   497.5   511.6   526.2   436.3   392.1   408.9   412.9   362.7   350.2   519.6   411.5   347.6   282.1   295.6   377.3   286.1   332.7   287.3   368.3   342.7   304.1   192.2   226.0   310.4   289.4   224.2   259.6   399.7   389.2   501.5   507.8   487.4   564.4   542.0   368.1   355.6   453.0   364.6   
   22.5e3  48.38   58.98   75.57   154.4   183.4   234.9   155.0   127.7   144.7   144.2   262.7   322.0   300.5   287.0   314.2   247.2   74.42   176.4   222.9   224.5   345.1   315.4   336.5   260.8   248.8   273.1   249.4   257.3   246.2   232.0   249.0   320.5   370.5   324.5   111.4   162.8   407.8   408.0   414.0   323.6   481.3   453.0   408.6   290.1   252.8   385.1   380.5   353.7   292.7   486.6   430.1   348.6   457.1   133.0   527.7   542.6   558.2   462.8   415.9   433.7   437.9   384.7   371.5   551.1   436.5   368.7   299.2   313.5   400.2   303.5   352.9   304.7   390.6   363.5   322.5   203.9   239.7   329.3   307.0   237.8   275.3   423.9   412.8   531.9   538.6   517.0   598.6   574.9   390.5   377.2   480.5   386.7   
   25.0e3  51.00   62.17   79.66   162.7   193.3   247.6   163.4   134.6   152.5   152.0   277.0   339.4   316.8   302.6   331.2   260.5   78.45   186.0   234.9   236.7   363.7   332.5   354.7   274.9   262.2   287.9   262.9   271.3   259.6   244.6   262.4   337.8   390.5   342.0   117.4   171.7   429.8   430.1   436.4   341.1   507.3   477.5   430.7   305.8   266.4   405.9   401.1   372.8   308.5   513.0   453.4   367.5   481.8   140.2   556.2   572.0   588.3   487.8   438.4   457.2   461.6   405.5   391.5   580.9   460.1   388.7   315.4   330.5   421.8   319.9   372.0   321.2   411.7   383.2   340.0   214.9   252.6   347.1   323.6   250.6   290.2   446.8   435.1   560.7   567.7   544.9   631.0   606.0   411.6   397.6   506.4   407.6   
   27.5e3  53.48   65.21   83.55   170.7   202.7   259.7   171.3   141.1   160.0   159.4   290.5   356.0   332.2   317.3   347.3   273.3   82.28   195.0   246.4   248.2   381.5   348.7   372.0   288.4   275.0   302.0   275.7   284.5   272.2   256.5   275.2   354.3   409.6   358.7   123.2   180.0   450.8   451.1   457.7   357.8   532.1   500.8   451.7   320.7   279.4   425.8   420.7   391.0   323.6   538.0   475.5   385.4   505.3   147.0   583.3   599.9   617.1   511.7   459.8   479.5   484.2   425.3   410.7   609.3   482.6   407.6   330.8   346.6   442.4   335.5   390.1   336.9   431.8   401.9   356.6   225.4   265.0   364.0   339.4   262.9   304.4   468.7   456.4   588.0   595.4   571.5   661.8   635.5   431.7   417.0   531.2   427.5   
   30.0e3  55.86   68.10   87.26   178.3   211.8   271.3   178.9   147.4   167.1   166.5   303.4   371.8   347.0   331.4   362.8   285.4   85.93   203.7   257.4   259.2   398.5   364.2   388.6   301.2   287.3   315.4   287.9   297.1   284.3   267.9   287.5   370.1   427.8   374.7   128.6   188.0   470.9   471.1   478.1   373.7   555.7   523.1   471.8   335.0   291.9   444.7   439.4   408.4   337.9   561.9   496.7   402.5   527.8   153.5   609.3   626.6   644.5   534.4   480.3   500.8   505.7   444.3   428.9   636.4   504.0   425.8   345.5   362.0   462.1   350.4   407.5   351.9   451.0   419.8   372.4   235.4   276.7   380.2   354.5   274.6   317.9   489.5   476.7   614.2   621.9   597.0   691.2   663.8   450.9   435.5   554.8   446.5   
   32.5e3  58.14   70.89   90.83   185.5   220.4   282.4   186.3   153.4   173.9   173.3   315.8   387.0   361.2   345.0   377.6   297.1   89.44   212.0   267.9   269.8   414.7   379.1   404.5   313.5   299.0   328.3   299.7   309.3   296.0   278.9   299.2   385.2   445.3   390.0   133.9   195.7   490.1   490.4   497.6   389.0   578.4   544.4   491.1   348.7   303.8   462.8   457.3   425.1   351.7   584.9   517.0   419.0   549.4   159.8   634.2   652.1   670.8   556.2   499.9   521.3   526.3   462.4   446.4   662.3   524.6   443.2   359.6   376.8   480.9   364.7   424.1   366.3   469.4   436.9   387.6   245.0   288.0   395.7   368.9   285.8   330.9   509.5   496.1   639.3   647.3   621.3   719.5   690.9   469.3   453.3   577.4   464.7   
   35.0e3  60.34   73.56   94.25   192.5   228.7   293.0   193.3   159.2   180.5   179.8   327.7   401.6   374.8   358.0   391.8   308.3   92.82   220.0   278.0   280.0   430.4   393.4   419.7   325.3   310.3   340.6   311.0   321.0   307.1   289.4   310.5   399.7   462.1   404.7   139.0   203.1   508.6   508.9   516.4   403.7   600.3   565.0   509.6   361.9   315.2   480.3   474.6   441.2   365.0   607.0   536.5   434.8   570.1   165.8   658.1   676.8   696.1   577.2   518.8   541.0   546.2   479.8   463.3   687.3   544.4   459.9   373.2   391.1   499.1   378.5   440.1   380.1   487.2   453.4   402.3   254.3   298.9   410.7   382.9   296.6   343.4   528.7   514.9   663.4   671.7   644.8   746.6   717.0   487.0   470.4   599.2   482.3   
   37.5e3  62.46   76.14   97.56   199.3   236.7   303.3   200.1   164.8   186.8   186.1   339.2   415.7   388.0   370.6   405.6   319.1   96.08   227.7   287.7   289.9   445.5   407.2   434.5   336.7   321.2   352.6   321.9   332.2   317.9   299.6   321.4   413.8   478.3   418.9   143.8   210.2   526.5   526.7   534.5   417.8   621.3   584.8   527.5   374.6   326.3   497.2   491.3   456.6   377.8   628.3   555.3   450.0   590.1   171.7   681.2   700.5   720.6   597.5   537.0   560.0   565.4   496.7   479.5   711.5   563.5   476.0   386.3   404.8   516.6   391.8   455.6   393.4   504.3   469.3   416.4   263.2   309.4   425.1   396.3   307.0   355.5   547.3   532.9   686.7   695.3   667.4   772.8   742.1   504.1   486.9   620.3   499.2   
   40.0e3  64.51   78.64   100.8   205.8   244.5   313.2   206.6   170.2   192.9   192.2   350.3   429.4   400.7   382.7   418.9   329.6   99.23   235.2   297.2   299.4   460.1   420.6   448.7   347.8   331.7   364.2   332.5   343.1   328.3   309.4   332.0   427.3   494.0   432.6   148.5   217.1   543.7   544.0   552.0   431.5   641.7   604.0   544.8   386.8   337.0   513.5   507.4   471.6   390.2   648.9   573.5   464.8   609.5   177.3   703.5   723.5   744.2   617.1   554.6   578.3   583.9   513.0   495.3   734.8   582.0   491.6   399.0   418.1   533.5   404.6   470.5   406.3   520.8   484.7   430.0   271.9   319.5   439.0   409.3   317.0   367.1   565.2   550.4   709.2   718.1   689.3   798.2   766.5   520.6   502.9   640.6   515.6   
   45.0e3  68.42   83.41   106.9   218.3   259.3   332.2   219.2   180.5   204.6   203.9   371.6   455.4   425.0   405.9   444.3   349.6   105.2   249.5   315.2   317.5   488.0   446.1   475.9   368.9   351.8   386.3   352.7   363.9   348.2   328.2   352.1   453.3   523.9   458.9   157.6   230.3   576.7   577.0   585.5   457.7   680.6   640.6   577.9   410.3   357.4   544.6   538.2   500.2   413.9   688.2   608.3   493.0   646.4   188.0   746.2   767.4   789.3   654.5   588.2   613.4   619.4   544.1   525.3   779.4   617.3   521.5   423.2   443.4   565.9   429.2   499.1   431.0   552.4   514.1   456.1   288.3   338.9   465.6   434.1   336.3   389.4   599.5   583.8   752.2   761.7   731.1   846.6   813.0   552.2   533.4   679.5   546.8   
   50.0e3  72.12   87.92   112.7   230.1   273.4   350.2   231.0   190.3   215.7   214.9   391.7   480.0   448.0   427.9   468.3   368.5   110.9   263.0   332.3   334.7   514.4   470.2   501.7   388.8   370.8   407.2   371.7   383.6   367.1   345.9   371.1   477.8   552.3   483.7   166.1   242.8   607.9   608.2   617.2   482.5   717.5   675.3   609.1   432.5   376.8   574.1   567.3   527.3   436.3   725.4   641.2   519.7   681.4   198.2   786.6   808.9   832.0   689.9   620.0   646.6   652.9   573.5   553.7   821.5   650.7   549.7   446.1   467.4   596.5   452.4   526.1   454.3   582.3   541.9   480.8   303.9   357.3   490.8   457.6   354.5   410.5   631.9   615.4   792.9   802.9   770.7   892.4   856.9   582.1   562.3   716.2   576.4   
   55.0e3  75.64   92.21   118.2   241.4   286.7   367.3   242.3   199.6   226.2   225.4   410.8   503.5   469.8   448.8   491.2   386.4   116.4   275.8   348.5   351.0   539.5   493.1   526.1   407.8   388.9   427.0   389.9   402.3   385.0   362.8   389.2   501.1   579.2   507.3   174.2   254.6   637.6   637.9   647.3   506.0   752.5   708.2   638.8   453.6   395.2   602.1   595.0   553.0   457.6   760.9   672.5   545.0   714.7   207.9   825.0   848.4   872.7   723.6   650.3   678.2   684.7   601.5   580.8   861.6   682.5   576.5   467.8   490.2   625.6   474.5   551.7   476.5   610.7   568.3   504.3   318.8   374.7   514.8   480.0   371.8   430.5   662.8   645.4   831.6   842.0   808.3   935.9   898.8   610.5   589.7   751.2   604.5   
   60.0e3  79.00   96.31   123.4   252.1   299.5   383.6   253.1   208.5   236.3   235.4   429.1   525.9   490.7   468.7   513.0   403.6   121.5   288.1   364.0   366.6   563.5   515.1   549.5   425.9   406.2   446.0   407.2   420.2   402.1   378.9   406.6   523.4   605.0   529.9   181.9   265.9   665.9   666.3   676.1   528.5   785.9   739.7   667.2   473.8   412.7   628.9   621.4   577.6   477.9   794.7   702.4   569.3   746.4   217.1   861.7   886.1   911.5   755.8   679.2   708.3   715.2   628.3   606.6   899.9   712.8   602.1   488.6   512.0   653.5   495.6   576.3   497.6   637.8   593.6   526.7   332.9   391.4   537.7   501.3   388.3   449.6   692.2   674.1   868.6   879.5   844.2   977.5   938.7   637.6   615.9   784.6   631.4   
   65.0e3  82.23   100.2   128.4   262.4   311.7   399.3   263.4   217.0   245.9   245.1   446.6   547.3   510.8   487.9   534.0   420.1   126.5   299.8   378.8   381.6   586.5   536.1   572.0   443.3   422.8   464.2   423.8   437.4   418.5   394.4   423.2   544.7   629.7   551.5   189.4   276.8   693.1   693.5   703.7   550.1   818.0   769.9   694.5   493.1   429.6   654.6   646.8   601.2   497.4   827.1   731.1   592.5   776.9   226.0   896.8   922.3   948.7   786.6   707.0   737.2   744.4   653.9   631.3   936.7   741.9   626.7   508.6   532.9   680.1   515.8   599.8   518.0   663.9   617.9   548.2   346.5   407.3   559.6   521.8   404.2   468.0   720.5   701.6   904.1   915.4   878.7   1.017e3 977.1   663.7   641.1   816.6   657.2   
   70.0e3  85.33   104.0   133.3   272.3   323.5   414.4   273.3   225.2   255.2   254.3   463.4   568.0   530.0   506.3   554.1   436.0   131.3   311.2   393.1   396.0   608.6   556.3   593.6   460.1   438.8   481.7   439.8   453.9   434.3   409.3   439.1   565.3   653.5   572.3   196.5   287.2   719.3   719.7   730.3   570.8   848.9   799.0   720.7   511.7   445.8   679.3   671.2   623.9   516.2   858.4   758.7   614.9   806.3   234.5   930.7   957.1   984.5   816.3   733.6   765.1   772.5   678.6   655.2   972.1   769.9   650.4   527.8   553.0   705.8   535.3   622.4   537.5   688.9   641.2   568.9   359.6   422.7   580.8   541.5   419.4   485.7   747.7   728.1   938.2   950.0   911.9   1.056e3 1.014e3 688.7   665.3   847.4   682.0   
   80.0e3  91.23   111.2   142.5   291.1   345.8   443.0   292.2   240.7   272.9   271.9   495.4   607.2   566.6   541.2   592.4   466.1   140.3   332.6   420.3   423.4   650.7   594.8   634.6   491.8   469.1   515.0   470.2   485.2   464.3   437.5   469.5   604.3   698.6   611.8   210.1   307.1   768.9   769.4   780.7   610.3   907.5   854.1   770.5   547.1   476.6   726.2   717.5   667.0   551.9   917.6   811.1   657.3   861.9   250.7   995.0   1.023e3 1.052e3 872.7   784.3   817.9   825.8   725.5   700.4   1.039e3 823.1   695.3   564.2   591.2   754.5   572.2   665.4   574.6   736.5   685.5   608.2   384.5   451.9   620.9   578.8   448.4   519.2   799.3   778.4   1.003e3 1.016e3 974.8   1.129e3 1.084e3 736.3   711.2   906.0   729.1   
   90.0e3  96.76   118.0   151.1   308.8   366.8   469.9   310.0   255.3   289.4   288.4   525.5   644.1   601.0   574.1   628.3   494.3   148.8   352.8   445.8   449.0   690.1   630.8   673.1   521.7   497.5   546.3   498.7   514.7   492.5   464.1   497.9   641.0   741.0   648.9   222.8   325.7   815.6   816.0   828.1   647.3   962.6   906.0   817.2   580.3   505.5   770.2   761.1   707.4   585.3   973.3   860.3   697.2   914.2   265.9   1.055e3 1.085e3 1.116e3 925.6   831.9   867.5   875.9   769.5   742.9   1.102e3 873.0   737.5   598.5   627.1   800.3   607.0   705.8   609.5   781.2   727.0   645.1   407.8   479.3   658.5   614.0   475.6   550.7   847.8   825.6   1.064e3 1.077e3 1.034e3 1.197e3 1.150e3 780.9   754.4   960.9   773.3   
   100.e3  102.0   124.3   159.3   325.5   386.6   495.3   326.7   269.1   305.1   304.0   553.9   678.9   633.5   605.1   662.3   521.1   156.9   371.9   469.9   473.3   727.5   665.0   709.5   549.9   524.5   575.8   525.7   542.5   519.1   489.2   524.9   675.7   781.1   684.0   234.9   343.3   859.7   860.2   872.9   682.3   1.015e3 955.0   861.4   611.6   532.8   811.9   802.2   745.7   617.0   1.026e3 906.8   734.9   963.7   280.3   1.112e3 1.144e3 1.177e3 975.7   876.9   914.4   923.3   811.1   783.1   1.162e3 920.2   777.3   630.8   661.0   843.6   639.8   744.0   642.5   823.4   766.4   679.9   429.8   505.2   694.1   647.2   501.3   580.5   893.7   870.3   1.121e3 1.135e3 1.090e3 1.262e3 1.212e3 823.2   795.2   1.013e3 815.2   
   110.e3  107.0   130.4   167.1   341.3   405.5   519.5   342.7   282.3   320.0   318.8   581.0   712.0   664.4   634.7   694.7   546.5   164.6   390.1   492.8   496.4   763.0   697.4   744.1   576.7   550.1   603.9   551.4   569.0   544.5   513.1   550.5   708.6   819.2   717.4   246.3   360.1   901.7   902.2   915.5   715.6   1.064e3 1.002e3 903.5   641.5   558.9   851.5   841.4   782.1   647.1   1.076e3 951.1   770.8   1.011e3 294.0   1.167e3 1.200e3 1.234e3 1.023e3 919.7   959.1   968.3   850.7   821.3   1.219e3 965.1   815.3   661.6   693.3   884.8   671.0   780.3   673.8   863.6   803.8   713.1   450.8   529.9   728.0   678.8   525.8   608.8   937.3   912.7   1.176e3 1.191e3 1.143e3 1.324e3 1.271e3 863.3   834.0   1.062e3 855.0   
   120.e3  111.7   136.2   174.5   356.5   423.5   542.6   357.9   294.8   334.2   333.0   606.8   743.7   694.0   662.9   725.6   570.8   171.9   407.4   514.7   518.5   796.9   728.4   777.2   602.4   574.5   630.8   575.9   594.3   568.7   535.9   575.0   740.2   855.6   749.3   257.3   376.1   941.7   942.3   956.2   747.4   1.111e3 1.046e3 943.6   670.0   583.7   889.4   878.8   816.9   675.9   1.124e3 993.4   805.1   1.056e3 307.1   1.219e3 1.253e3 1.289e3 1.069e3 960.6   1.002e3 1.011e3 888.5   857.8   1.273e3 1.008e3 851.5   691.1   724.1   924.1   700.9   815.0   703.8   902.0   839.5   744.8   470.9   553.5   760.4   708.9   549.1   635.9   979.0   953.3   1.228e3 1.244e3 1.194e3 1.382e3 1.328e3 901.7   871.1   1.110e3 893.0   
   130.e3  116.3   141.8   181.7   371.1   440.8   564.7   372.5   306.9   347.8   346.6   631.6   774.1   722.3   690.0   755.2   594.1   178.9   424.0   535.7   539.7   829.4   758.2   808.9   627.0   598.0   656.5   599.4   618.6   591.9   557.8   598.4   770.4   890.5   779.9   267.8   391.4   980.2   980.7   995.2   777.9   1.157e3 1.089e3 982.2   697.4   607.5   925.7   914.7   850.2   703.5   1.170e3 1.034e3 837.9   1.099e3 319.6   1.268e3 1.304e3 1.342e3 1.112e3 999.8   1.043e3 1.053e3 924.8   892.9   1.325e3 1.049e3 886.3   719.3   753.7   961.9   729.5   848.3   732.5   938.9   873.8   775.3   490.1   576.1   791.4   737.9   571.6   661.9   1.019e3 992.3   1.279e3 1.295e3 1.243e3 1.439e3 1.382e3 938.5   906.6   1.155e3 929.4   
   140.e3  120.7   147.1   188.5   385.1   457.4   586.0   386.6   318.4   361.0   359.7   655.4   803.3   749.6   716.0   783.7   616.6   185.7   440.0   556.0   560.0   860.8   786.8   839.4   650.6   620.5   681.3   622.0   641.9   614.2   578.8   621.0   799.5   924.2   809.4   277.9   406.2   1.017e3 1.018e3 1.033e3 807.3   1.201e3 1.130e3 1.019e3 723.7   630.5   960.6   949.2   882.3   730.1   1.214e3 1.073e3 869.6   1.140e3 331.7   1.316e3 1.354e3 1.392e3 1.154e3 1.038e3 1.082e3 1.092e3 959.7   926.6   1.375e3 1.089e3 919.8   746.4   782.1   998.2   757.0   880.3   760.2   974.3   906.8   804.5   508.6   597.8   821.3   765.7   593.1   686.8   1.057e3 1.030e3 1.327e3 1.343e3 1.290e3 1.493e3 1.434e3 974.0   940.9   1.198e3 964.5   
   150.e3  124.9   152.3   195.1   398.6   473.5   606.6   400.2   329.6   373.6   372.3   678.4   831.5   775.9   741.1   811.2   638.2   192.2   455.5   575.5   579.7   891.0   814.4   868.9   673.5   642.3   705.2   643.9   664.4   635.8   599.1   642.8   827.5   956.6   837.8   287.7   420.5   1.053e3 1.053e3 1.069e3 835.6   1.243e3 1.170e3 1.055e3 749.1   652.6   994.3   982.5   913.3   755.7   1.257e3 1.111e3 900.1   1.180e3 343.3   1.362e3 1.401e3 1.441e3 1.195e3 1.074e3 1.120e3 1.131e3 993.4   959.1   1.423e3 1.127e3 952.0   772.6   809.6   1.033e3 783.6   911.2   786.8   1.009e3 938.6   832.8   526.4   618.8   850.1   792.6   613.9   710.9   1.095e3 1.066e3 1.373e3 1.391e3 1.335e3 1.546e3 1.484e3 1.008e3 973.9   1.241e3 998.4   
   160.e3  129.0   157.3   201.5   411.7   489.0   626.5   413.3   340.4   385.9   384.5   700.7   858.7   801.4   765.4   837.8   659.1   198.5   470.4   594.4   598.7   920.2   841.1   897.4   695.6   663.4   728.3   665.0   686.2   656.7   618.8   663.9   854.7   988.0   865.3   297.1   434.3   1.087e3 1.088e3 1.104e3 863.0   1.283e3 1.208e3 1.090e3 773.7   674.0   1.027e3 1.015e3 943.2   780.5   1.298e3 1.147e3 929.6   1.219e3 354.6   1.407e3 1.447e3 1.488e3 1.234e3 1.109e3 1.157e3 1.168e3 1.026e3 990.5   1.470e3 1.164e3 983.3   798.0   836.1   1.067e3 809.3   941.1   812.6   1.042e3 969.4   860.1   543.7   639.1   878.0   818.6   634.1   734.3   1.130e3 1.101e3 1.418e3 1.436e3 1.379e3 1.596e3 1.533e3 1.041e3 1.006e3 1.281e3 1.031e3 
   170.e3  129.1   156.3   198.6   412.4   498.0   622.2   412.4   340.1   381.4   385.5   697.9   857.3   805.1   770.2   833.9   656.9   211.4   473.4   592.3   597.8   918.3   846.5   894.6   699.5   656.5   722.1   661.3   687.7   652.7   620.0   663.6   856.4   984.4   861.8   292.6   438.7   1.085e3 1.086e3 1.099e3 858.4   1.275e3 1.203e3 1.086e3 773.7   677.2   1.026e3 1.016e3 940.4   794.5   1.281e3 1.143e3 929.9   1.216e3 357.6   1.406e3 1.444e3 1.488e3 1.232e3 1.111e3 1.153e3 1.164e3 1.028e3 988.9   1.458e3 1.162e3 978.9   797.3   832.5   1.066e3 814.3   932.7   807.7   1.036e3 966.6   862.8   542.0   641.9   880.7   816.1   633.6   733.6   1.134e3 1.099e3 1.418e3 1.439e3 1.375e3 1.595e3 1.534e3 1.042e3 1.006e3 1.284e3 1.028e3 
   180.e3  117.7   141.3   173.8   381.1   484.0   558.5   376.2   311.7   337.5   357.5   633.4   783.7   753.6   718.0   754.0   597.7   230.4   442.9   538.8   547.5   838.8   795.9   813.4   655.4   582.6   644.1   597.7   631.2   586.2   574.1   609.8   787.2   895.0   782.3   255.1   414.9   991.0   991.3   994.5   775.8   1.147e3 1.092e3 989.8   712.3   634.3   942.2   938.3   857.0   771.1   1.127e3 1.038e3 856.7   1.108e3 338.4   1.292e3 1.317e3 1.370e3 1.127e3 1.018e3 1.049e3 1.060e3 952.5   904.8   1.304e3 1.064e3 885.6   731.6   754.5   975.6   766.3   830.9   727.9   932.7   880.9   803.0   493.6   600.3   819.0   745.1   582.0   673.4   1.056e3 1.004e3 1.302e3 1.333e3 1.255e3 1.463e3 1.413e3 964.9   927.6   1.190e3 937.0   
   200.e3  103.4   125.1   147.1   342.8   456.8   484.8   332.8   278.4   290.1   323.3   560.0   696.3   694.5   656.1   658.9   531.8   232.2   400.6   478.6   491.0   746.5   734.5   717.6   600.4   501.7   553.6   528.4   566.5   504.0   519.5   547.5   712.4   793.7   691.9   213.7   385.5   881.6   881.8   876.3   684.2   1.004e3 964.5   881.1   642.5   586.1   843.2   848.3   763.1   726.1   960.4   918.8   772.0   982.8   315.2   1.158e3 1.162e3 1.232e3 1.005e3 911.6   931.6   940.5   865.5   808.2   1.128e3 950.5   774.9   656.7   666.8   872.2   712.0   714.2   639.4   813.3   783.9   734.2   439.7   553.8   747.1   669.7   524.4   606.1   961.4   896.6   1.165e3 1.214e3 1.119e3 1.309e3 1.272e3 880.7   842.3   1.081e3 831.8   
   225.e3  95.94   119.8   137.2   325.5   441.0   452.2   313.4   264.9   272.2   308.2   531.4   658.5   677.3   633.2   614.7   509.3   219.0   377.8   457.1   472.7   709.5   713.8   675.5   578.1   471.8   511.3   506.3   542.8   461.8   498.0   524.3   692.4   755.8   656.9   196.5   376.4   837.7   838.3   830.0   652.7   949.1   913.5   842.3   619.5   573.1   803.7   815.6   729.5   699.4   896.8   873.2   741.3   931.8   309.6   1.106e3 1.093e3 1.180e3 955.9   873.9   886.8   893.9   836.0   772.1   1.053e3 907.7   724.3   630.3   635.1   833.7   701.6   663.4   608.0   761.8   748.5   712.7   421.9   543.5   723.5   648.7   506.9   585.3   925.6   858.9   1.111e3 1.181e3 1.072e3 1.249e3 1.216e3 861.5   820.8   1.042e3 790.3   
   250.e3  94.91   122.7   140.3   328.0   443.8   454.2   315.7   268.9   276.7   310.8   540.5   664.2   696.8   645.4   618.6   523.1   207.9   377.1   468.0   487.1   720.7   731.7   680.4   587.6   482.7   513.8   522.5   554.3   462.8   506.8   535.2   716.9   771.2   668.6   198.3   387.1   850.8   852.1   843.7   671.0   966.4   927.6   862.1   636.9   589.1   816.8   833.4   746.6   702.7   912.8   889.6   758.1   945.2   321.6   1.127e3 1.105e3 1.205e3 971.0   895.2   904.1   909.9   856.9   788.3   1.062e3 925.5   726.9   645.9   651.1   851.3   730.9   667.9   624.4   768.5   765.6   732.9   435.0   565.3   743.6   670.8   523.9   604.3   943.8   881.1   1.128e3 1.222e3 1.100e3 1.271e3 1.237e3 897.3   853.2   1.067e3 803.6   
   275.e3  97.10   129.6   149.9   340.6   458.1   473.8   329.3   281.8   291.9   322.4   568.8   692.2   735.3   676.0   650.6   556.3   201.7   389.2   495.9   519.3   756.8   770.7   709.3   614.1   514.9   545.1   559.1   584.1   489.5   531.5   563.8   763.8   814.2   704.4   209.7   408.8   893.4   895.8   888.0   716.1   1.021e3 975.2   912.4   676.1   617.0   857.8   877.6   790.1   724.9   968.4   938.1   800.2   992.1   344.2   1.186e3 1.164e3 1.269e3 1.020e3 947.9   953.5   958.8   904.3   832.2   1.114e3 974.4   757.1   683.9   692.7   898.3   782.4   701.3   666.2   805.5   810.2   775.3   464.9   605.0   787.2   714.5   559.7   645.0   990.4   935.5   1.184e3 1.301e3 1.168e3 1.335e3 1.298e3 963.0   914.8   1.125e3 845.6   
   300.e3  100.8   138.2   162.8   358.0   478.7   501.9   348.6   299.2   311.8   337.9   606.5   730.8   782.0   715.3   698.9   599.4   200.1   408.4   532.5   560.8   805.0   819.9   750.1   649.1   558.5   593.7   606.1   622.7   528.5   564.0   601.1   820.4   870.9   751.9   226.3   436.0   950.6   954.6   947.2   775.4   1.093e3 1.039e3 977.9   726.3   647.0   912.8   934.5   846.6   757.9   1.043e3 1.003e3 854.8   1.056e3 373.1   1.264e3 1.246e3 1.352e3 1.085e3 1.016e3 1.019e3 1.024e3 964.2   890.0   1.188e3 1.038e3 801.4   733.2   748.2   960.0   845.6   750.0   721.6   858.2   868.8   828.4   504.1   653.9   843.0   768.2   605.5   697.3   1.051e3 1.007e3 1.258e3 1.401e3 1.257e3 1.420e3 1.378e3 1.044e3 991.6   1.200e3 901.7   
   325.e3  105.2   147.1   176.9   377.3   502.5   533.5   370.5   318.3   333.2   354.6   648.0   773.5   830.9   758.0   755.4   647.1   202.5   431.8   573.0   606.9   858.4   873.3   795.9   687.7   607.6   650.4   657.9   664.6   571.9   599.8   642.0   879.3   933.3   804.4   245.3   465.6   1.014e3 1.020e3 1.012e3 841.8   1.173e3 1.110e3 1.050e3 781.5   675.9   973.9   996.4   908.5   796.8   1.125e3 1.074e3 914.9   1.126e3 405.8   1.350e3 1.340e3 1.444e3 1.157e3 1.092e3 1.091e3 1.097e3 1.029e3 954.0   1.272e3 1.106e3 852.5   787.4   810.5   1.028e3 913.8   806.5   783.7   918.2   933.5   885.8   548.0   706.9   903.9   825.2   656.1   755.0   1.116e3 1.086e3 1.340e3 1.508e3 1.357e3 1.514e3 1.466e3 1.133e3 1.075e3 1.281e3 964.0   
   350.e3  109.7   155.7   191.1   397.0   527.6   566.1   393.3   337.9   354.2   371.2   690.2   816.8   878.6   801.0   815.1   696.4   208.8   457.5   614.7   654.8   912.8   927.2   843.0   727.2   658.9   709.7   711.2   707.0   615.9   636.3   683.5   936.8   997.0   857.9   265.5   495.7   1.079e3 1.087e3 1.079e3 910.9   1.255e3 1.183e3 1.123e3 838.0   706.0   1.037e3 1.059e3 971.7   838.8   1.209e3 1.147e3 976.3   1.199e3 440.5   1.438e3 1.436e3 1.538e3 1.231e3 1.170e3 1.165e3 1.172e3 1.094e3 1.020e3 1.358e3 1.175e3 906.1   842.9   875.7   1.097e3 983.4   866.4   848.6   981.0   1.000e3 943.7   594.1   761.0   966.4   881.9   708.4   814.8   1.182e3 1.168e3 1.424e3 1.617e3 1.459e3 1.610e3 1.556e3 1.223e3 1.161e3 1.363e3 1.028e3 
   375.e3  114.2   163.7   204.7   416.1   553.1   597.9   415.9   357.0   374.0   386.8   731.3   858.8   923.4   842.6   875.1   745.5   218.5   484.7   656.0   702.7   966.1   980.0   889.4   766.3   710.5   768.4   764.0   748.3   659.0   672.2   724.2   991.1   1.060e3 910.5   285.9   525.3   1.142e3 1.153e3 1.144e3 980.4   1.335e3 1.254e3 1.195e3 893.9   741.7   1.099e3 1.120e3 1.034e3 882.5   1.291e3 1.219e3 1.037e3 1.271e3 476.4   1.526e3 1.531e3 1.629e3 1.305e3 1.246e3 1.237e3 1.246e3 1.157e3 1.085e3 1.443e3 1.240e3 960.1   897.8   941.4   1.165e3 1.052e3 927.3   913.8   1.044e3 1.066e3 1.000e3 640.7   814.5   1.028e3 936.4   760.8   874.5   1.246e3 1.250e3 1.506e3 1.724e3 1.561e3 1.704e3 1.644e3 1.312e3 1.246e3 1.444e3 1.091e3 
   400.e3  118.6   170.9   217.3   434.4   578.3   628.4   437.8   375.4   392.0   401.1   770.6   898.5   964.7   882.1   933.5   793.4   231.3   512.7   696.0   749.7   1.017e3 1.031e3 934.2   804.4   761.0   825.0   815.1   787.6   700.2   707.0   763.2   1.042e3 1.120e3 960.9   306.0   554.0   1.204e3 1.217e3 1.206e3 1.049e3 1.411e3 1.323e3 1.264e3 948.2   784.8   1.160e3 1.178e3 1.093e3 926.9   1.368e3 1.288e3 1.095e3 1.340e3 513.0   1.610e3 1.622e3 1.717e3 1.375e3 1.320e3 1.307e3 1.318e3 1.217e3 1.147e3 1.524e3 1.301e3 1.013e3 950.8   1.006e3 1.231e3 1.119e3 987.7   977.8   1.105e3 1.129e3 1.054e3 687.0   866.4   1.088e3 987.7   812.0   933.0   1.306e3 1.331e3 1.585e3 1.826e3 1.661e3 1.794e3 1.727e3 1.399e3 1.328e3 1.521e3 1.152e3 
   450.e3  126.7   183.1   239.1   467.9   626.6   683.6   478.6   409.4   422.4   426.2   842.0   970.2   1.036e3 953.3   1.043e3 883.8   264.3   569.8   771.2   839.2   1.111e3 1.124e3 1.017e3 876.9   856.8   929.8   910.4   859.6   776.3   771.8   834.9   1.134e3 1.230e3 1.054e3 344.5   607.9   1.316e3 1.337e3 1.320e3 1.178e3 1.552e3 1.449e3 1.391e3 1.050e3 886.3   1.274e3 1.286e3 1.202e3 1.016e3 1.506e3 1.417e3 1.205e3 1.467e3 586.4   1.767e3 1.792e3 1.880e3 1.507e3 1.459e3 1.436e3 1.452e3 1.326e3 1.264e3 1.673e3 1.408e3 1.114e3 1.049e3 1.130e3 1.352e3 1.243e3 1.104e3 1.099e3 1.221e3 1.248e3 1.155e3 776.5   964.0   1.200e3 1.080e3 909.4   1.044e3 1.416e3 1.483e3 1.731e3 2.016e3 1.850e3 1.959e3 1.881e3 1.562e3 1.483e3 1.663e3 1.266e3 
   500.e3  134.0   192.7   257.6   497.7   671.3   731.2   515.0   439.8   446.2   446.9   904.1   1.032e3 1.095e3 1.015e3 1.140e3 966.7   304.4   627.2   839.4   922.0   1.193e3 1.208e3 1.091e3 944.6   944.2   1.023e3 995.5   923.0   844.0   830.7   898.4   1.219e3 1.328e3 1.135e3 380.1   657.1   1.416e3 1.444e3 1.419e3 1.298e3 1.675e3 1.560e3 1.504e3 1.142e3 992.1   1.377e3 1.380e3 1.299e3 1.103e3 1.623e3 1.532e3 1.304e3 1.581e3 659.4   1.909e3 1.944e3 2.025e3 1.625e3 1.583e3 1.550e3 1.574e3 1.422e3 1.370e3 1.802e3 1.501e3 1.208e3 1.138e3 1.245e3 1.459e3 1.356e3 1.213e3 1.211e3 1.327e3 1.354e3 1.244e3 860.9   1.053e3 1.303e3 1.160e3 998.9   1.146e3 1.511e3 1.623e3 1.860e3 2.184e3 2.023e3 2.106e3 2.016e3 1.710e3 1.623e3 1.790e3 1.368e3 
   550.e3  140.7   200.4   274.8   524.3   712.1   771.8   547.4   467.0   464.6   464.5   958.3   1.085e3 1.143e3 1.067e3 1.227e3 1.043e3 348.9   684.3   901.3   998.2   1.266e3 1.283e3 1.157e3 1.009e3 1.023e3 1.104e3 1.071e3 979.4   904.6   884.6   954.8   1.297e3 1.415e3 1.208e3 412.8   702.5   1.505e3 1.541e3 1.506e3 1.407e3 1.782e3 1.658e3 1.604e3 1.225e3 1.092e3 1.471e3 1.465e3 1.384e3 1.188e3 1.721e3 1.635e3 1.393e3 1.682e3 731.2   2.038e3 2.080e3 2.154e3 1.732e3 1.695e3 1.652e3 1.684e3 1.506e3 1.465e3 1.912e3 1.583e3 1.294e3 1.218e3 1.350e3 1.555e3 1.459e3 1.313e3 1.313e3 1.422e3 1.449e3 1.325e3 940.1   1.134e3 1.396e3 1.230e3 1.081e3 1.240e3 1.595e3 1.751e3 1.976e3 2.334e3 2.180e3 2.236e3 2.135e3 1.846e3 1.751e3 1.903e3 1.459e3 
   600.e3  146.9   206.8   292.2   548.6   749.1   806.9   576.4   491.9   479.1   479.8   1.006e3 1.132e3 1.183e3 1.114e3 1.305e3 1.113e3 395.7   740.8   958.3   1.069e3 1.330e3 1.352e3 1.218e3 1.070e3 1.096e3 1.177e3 1.140e3 1.031e3 959.6   934.7   1.006e3 1.369e3 1.493e3 1.273e3 443.1   744.8   1.585e3 1.629e3 1.584e3 1.508e3 1.877e3 1.747e3 1.694e3 1.302e3 1.183e3 1.558e3 1.541e3 1.461e3 1.270e3 1.804e3 1.728e3 1.476e3 1.774e3 802.0   2.156e3 2.204e3 2.270e3 1.830e3 1.796e3 1.745e3 1.786e3 1.582e3 1.552e3 2.007e3 1.661e3 1.375e3 1.290e3 1.448e3 1.640e3 1.553e3 1.407e3 1.406e3 1.510e3 1.535e3 1.400e3 1.015e3 1.208e3 1.482e3 1.293e3 1.157e3 1.326e3 1.669e3 1.870e3 2.081e3 2.470e3 2.324e3 2.353e3 2.243e3 1.970e3 1.869e3 2.007e3 1.543e3 
   650.e3  152.8   212.4   310.1   571.3   782.7   837.4   602.7   515.0   491.1   493.7   1.050e3 1.174e3 1.219e3 1.156e3 1.376e3 1.179e3 443.3   796.6   1.011e3 1.135e3 1.389e3 1.416e3 1.274e3 1.130e3 1.162e3 1.243e3 1.202e3 1.078e3 1.010e3 982.2   1.052e3 1.437e3 1.565e3 1.332e3 471.6   784.9   1.658e3 1.710e3 1.655e3 1.602e3 1.963e3 1.827e3 1.777e3 1.373e3 1.268e3 1.640e3 1.612e3 1.531e3 1.349e3 1.875e3 1.814e3 1.554e3 1.857e3 871.8   2.265e3 2.318e3 2.378e3 1.922e3 1.890e3 1.830e3 1.880e3 1.652e3 1.632e3 2.091e3 1.737e3 1.452e3 1.357e3 1.539e3 1.718e3 1.639e3 1.495e3 1.492e3 1.590e3 1.613e3 1.470e3 1.086e3 1.277e3 1.563e3 1.351e3 1.228e3 1.407e3 1.737e3 1.981e3 2.178e3 2.593e3 2.458e3 2.460e3 2.341e3 2.086e3 1.978e3 2.102e3 1.620e3 
   700.e3  158.5   217.5   328.4   592.8   813.3   864.5   626.8   537.0   501.5   506.9   1.089e3 1.213e3 1.251e3 1.195e3 1.442e3 1.242e3 490.9   851.8   1.062e3 1.198e3 1.444e3 1.477e3 1.326e3 1.190e3 1.224e3 1.304e3 1.259e3 1.123e3 1.057e3 1.028e3 1.096e3 1.500e3 1.631e3 1.387e3 498.8   823.5   1.726e3 1.787e3 1.720e3 1.690e3 2.041e3 1.902e3 1.853e3 1.441e3 1.347e3 1.717e3 1.679e3 1.596e3 1.426e3 1.939e3 1.894e3 1.628e3 1.935e3 940.8   2.369e3 2.425e3 2.479e3 2.008e3 1.979e3 1.910e3 1.969e3 1.718e3 1.708e3 2.165e3 1.813e3 1.525e3 1.420e3 1.625e3 1.791e3 1.721e3 1.579e3 1.573e3 1.665e3 1.687e3 1.536e3 1.154e3 1.343e3 1.639e3 1.407e3 1.295e3 1.483e3 1.800e3 2.086e3 2.268e3 2.709e3 2.584e3 2.559e3 2.433e3 2.195e3 2.081e3 2.193e3 1.693e3 
   800.e3  169.3   227.5   364.8   633.8   867.4   911.3   670.2   579.0   520.0   532.4   1.163e3 1.284e3 1.310e3 1.269e3 1.562e3 1.363e3 584.3   961.1   1.158e3 1.317e3 1.545e3 1.590e3 1.426e3 1.309e3 1.338e3 1.414e3 1.364e3 1.208e3 1.146e3 1.116e3 1.177e3 1.616e3 1.755e3 1.490e3 550.7   898.4   1.854e3 1.933e3 1.842e3 1.854e3 2.186e3 2.041e3 1.996e3 1.568e3 1.493e3 1.864e3 1.805e3 1.717e3 1.572e3 2.050e3 2.046e3 1.769e3 2.081e3 1.078e3 2.564e3 2.626e3 2.668e3 2.172e3 2.145e3 2.062e3 2.138e3 1.842e3 1.852e3 2.297e3 1.966e3 1.665e3 1.538e3 1.786e3 1.925e3 1.874e3 1.736e3 1.724e3 1.804e3 1.824e3 1.665e3 1.286e3 1.466e3 1.784e3 1.513e3 1.421e3 1.627e3 1.918e3 2.283e3 2.437e3 2.922e3 2.820e3 2.745e3 2.606e3 2.403e3 2.275e3 2.364e3 1.831e3 
   900.e3  179.9   237.8   400.4   673.7   914.7   952.0   709.6   619.9   538.5   558.5   1.232e3 1.350e3 1.368e3 1.341e3 1.675e3 1.480e3 674.4   1.070e3 1.251e3 1.430e3 1.640e3 1.700e3 1.522e3 1.429e3 1.445e3 1.514e3 1.462e3 1.293e3 1.230e3 1.203e3 1.254e3 1.723e3 1.872e3 1.588e3 601.4   972.6   1.975e3 2.072e3 1.958e3 2.008e3 2.321e3 2.173e3 2.132e3 1.690e3 1.631e3 2.004e3 1.927e3 1.831e3 1.712e3 2.151e3 2.191e3 1.907e3 2.218e3 1.214e3 2.752e3 2.819e3 2.848e3 2.331e3 2.303e3 2.208e3 2.301e3 1.963e3 1.990e3 2.418e3 2.123e3 1.800e3 1.650e3 1.939e3 2.051e3 2.019e3 1.885e3 1.866e3 1.934e3 1.952e3 1.791e3 1.413e3 1.584e3 1.924e3 1.619e3 1.542e3 1.763e3 2.031e3 2.471e3 2.599e3 3.123e3 3.043e3 2.921e3 2.771e3 2.601e3 2.460e3 2.530e3 1.964e3 
   1.00e6  190.3   249.1   435.2   713.5   957.9   989.4   746.6   661.0   558.6   585.9   1.299e3 1.416e3 1.426e3 1.413e3 1.783e3 1.597e3 761.0   1.178e3 1.344e3 1.541e3 1.733e3 1.807e3 1.617e3 1.554e3 1.547e3 1.611e3 1.556e3 1.378e3 1.312e3 1.291e3 1.330e3 1.826e3 1.987e3 1.684e3 652.5   1.048e3 2.095e3 2.211e3 2.074e3 2.157e3 2.452e3 2.303e3 2.266e3 1.811e3 1.766e3 2.141e3 2.049e3 1.944e3 1.848e3 2.249e3 2.336e3 2.046e3 2.353e3 1.352e3 2.936e3 3.008e3 3.026e3 2.489e3 2.459e3 2.354e3 2.462e3 2.085e3 2.126e3 2.534e3 2.284e3 1.934e3 1.761e3 2.087e3 2.174e3 2.161e3 2.030e3 2.004e3 2.060e3 2.078e3 1.918e3 1.539e3 1.700e3 2.062e3 1.728e3 1.659e3 1.896e3 2.144e3 2.655e3 2.759e3 3.318e3 3.260e3 3.094e3 2.934e3 2.797e3 2.641e3 2.695e3 2.097e3 
   1.10e6  200.6   261.4   469.6   753.6   999.1   1.026e3 782.2   702.9   581.2   615.1   1.368e3 1.481e3 1.487e3 1.489e3 1.891e3 1.716e3 844.7   1.287e3 1.437e3 1.651e3 1.827e3 1.914e3 1.713e3 1.681e3 1.648e3 1.705e3 1.649e3 1.465e3 1.394e3 1.380e3 1.407e3 1.926e3 2.101e3 1.781e3 704.9   1.125e3 2.215e3 2.350e3 2.190e3 2.304e3 2.583e3 2.433e3 2.400e3 1.933e3 1.899e3 2.277e3 2.173e3 2.057e3 1.980e3 2.349e3 2.481e3 2.187e3 2.488e3 1.492e3 3.120e3 3.198e3 3.204e3 2.649e3 2.615e3 2.503e3 2.625e3 2.209e3 2.263e3 2.649e3 2.448e3 2.069e3 1.872e3 2.233e3 2.296e3 2.302e3 2.173e3 2.140e3 2.184e3 2.202e3 2.047e3 1.666e3 1.815e3 2.199e3 1.841e3 1.775e3 2.029e3 2.259e3 2.838e3 2.919e3 3.511e3 3.474e3 3.266e3 3.099e3 2.993e3 2.822e3 2.862e3 2.231e3 
   1.20e6  210.8   274.6   503.8   794.1   1.039e3 1.061e3 816.7   745.6   606.4   646.1   1.436e3 1.547e3 1.550e3 1.567e3 1.997e3 1.836e3 925.8   1.397e3 1.533e3 1.761e3 1.921e3 2.022e3 1.810e3 1.812e3 1.747e3 1.799e3 1.741e3 1.554e3 1.476e3 1.471e3 1.484e3 2.025e3 2.217e3 1.879e3 759.1   1.204e3 2.336e3 2.491e3 2.309e3 2.450e3 2.715e3 2.564e3 2.535e3 2.056e3 2.033e3 2.411e3 2.298e3 2.171e3 2.110e3 2.451e3 2.628e3 2.331e3 2.624e3 1.634e3 3.305e3 3.390e3 3.384e3 2.812e3 2.774e3 2.654e3 2.790e3 2.336e3 2.401e3 2.764e3 2.617e3 2.205e3 1.984e3 2.378e3 2.419e3 2.443e3 2.315e3 2.277e3 2.307e3 2.327e3 2.179e3 1.794e3 1.931e3 2.338e3 1.959e3 1.892e3 2.161e3 2.377e3 3.021e3 3.080e3 3.704e3 3.688e3 3.439e3 3.266e3 3.191e3 3.004e3 3.032e3 2.368e3 
   1.30e6  221.0   288.8   538.0   835.0   1.079e3 1.098e3 850.6   789.3   634.2   678.6   1.506e3 1.614e3 1.616e3 1.648e3 2.104e3 1.959e3 1.005e3 1.506e3 1.630e3 1.870e3 2.016e3 2.130e3 1.908e3 1.946e3 1.845e3 1.892e3 1.833e3 1.646e3 1.560e3 1.563e3 1.562e3 2.125e3 2.334e3 1.978e3 815.3   1.286e3 2.460e3 2.634e3 2.430e3 2.595e3 2.848e3 2.697e3 2.673e3 2.180e3 2.167e3 2.544e3 2.425e3 2.287e3 2.238e3 2.557e3 2.778e3 2.478e3 2.760e3 1.779e3 3.491e3 3.583e3 3.565e3 2.978e3 2.934e3 2.809e3 2.956e3 2.466e3 2.541e3 2.880e3 2.788e3 2.342e3 2.098e3 2.523e3 2.542e3 2.585e3 2.456e3 2.414e3 2.430e3 2.453e3 2.314e3 1.923e3 2.047e3 2.477e3 2.081e3 2.008e3 2.294e3 2.498e3 3.204e3 3.244e3 3.896e3 3.901e3 3.614e3 3.436e3 3.390e3 3.188e3 3.204e3 2.508e3 
   1.40e6  231.0   303.6   572.2   876.2   1.119e3 1.135e3 883.9   833.8   664.4   712.6   1.577e3 1.681e3 1.685e3 1.731e3 2.212e3 2.083e3 1.081e3 1.614e3 1.729e3 1.980e3 2.112e3 2.239e3 2.008e3 2.081e3 1.943e3 1.986e3 1.926e3 1.740e3 1.643e3 1.657e3 1.641e3 2.224e3 2.452e3 2.079e3 873.8   1.370e3 2.585e3 2.779e3 2.553e3 2.741e3 2.981e3 2.832e3 2.812e3 2.306e3 2.302e3 2.675e3 2.554e3 2.405e3 2.364e3 2.667e3 2.930e3 2.627e3 2.899e3 1.925e3 3.677e3 3.779e3 3.748e3 3.146e3 3.097e3 2.966e3 3.125e3 2.600e3 2.683e3 2.996e3 2.963e3 2.480e3 2.214e3 2.668e3 2.667e3 2.728e3 2.597e3 2.552e3 2.553e3 2.579e3 2.450e3 2.054e3 2.164e3 2.618e3 2.207e3 2.126e3 2.427e3 2.622e3 3.388e3 3.409e3 4.089e3 4.115e3 3.790e3 3.609e3 3.592e3 3.373e3 3.378e3 2.652e3 
   1.50e6  240.8   318.9   606.5   917.5   1.158e3 1.173e3 916.6   879.1   696.9   747.8   1.649e3 1.749e3 1.755e3 1.817e3 2.319e3 2.209e3 1.155e3 1.720e3 1.830e3 2.090e3 2.209e3 2.348e3 2.109e3 2.219e3 2.040e3 2.080e3 2.018e3 1.835e3 1.728e3 1.751e3 1.721e3 2.324e3 2.570e3 2.181e3 934.3   1.457e3 2.711e3 2.926e3 2.679e3 2.886e3 3.115e3 2.968e3 2.953e3 2.433e3 2.438e3 2.803e3 2.684e3 2.524e3 2.488e3 2.781e3 3.083e3 2.779e3 3.038e3 2.074e3 3.864e3 3.975e3 3.933e3 3.317e3 3.261e3 3.126e3 3.295e3 2.735e3 2.826e3 3.113e3 3.139e3 2.619e3 2.331e3 2.812e3 2.792e3 2.872e3 2.737e3 2.690e3 2.675e3 2.706e3 2.588e3 2.185e3 2.281e3 2.759e3 2.335e3 2.243e3 2.560e3 2.749e3 3.572e3 3.575e3 4.280e3 4.328e3 3.967e3 3.784e3 3.795e3 3.559e3 3.555e3 2.797e3 
   1.60e6  250.5   334.6   640.8   958.7   1.197e3 1.213e3 948.8   924.9   731.4   784.0   1.722e3 1.816e3 1.827e3 1.904e3 2.426e3 2.336e3 1.227e3 1.824e3 1.932e3 2.200e3 2.306e3 2.457e3 2.210e3 2.356e3 2.135e3 2.173e3 2.109e3 1.932e3 1.812e3 1.847e3 1.801e3 2.423e3 2.689e3 2.284e3 996.9   1.545e3 2.838e3 3.074e3 2.806e3 3.030e3 3.248e3 3.105e3 3.095e3 2.562e3 2.574e3 2.929e3 2.815e3 2.644e3 2.610e3 2.897e3 3.238e3 2.933e3 3.178e3 2.224e3 4.051e3 4.173e3 4.118e3 3.490e3 3.426e3 3.287e3 3.467e3 2.873e3 2.969e3 3.230e3 3.317e3 2.759e3 2.449e3 2.956e3 2.918e3 3.016e3 2.876e3 2.830e3 2.798e3 2.833e3 2.727e3 2.318e3 2.398e3 2.900e3 2.467e3 2.361e3 2.694e3 2.878e3 3.756e3 3.743e3 4.471e3 4.541e3 4.145e3 3.960e3 3.998e3 3.746e3 3.732e3 2.946e3 
   1.70e6  259.9   350.5   675.1   999.7   1.236e3 1.253e3 980.4   971.2   767.7   821.0   1.794e3 1.884e3 1.901e3 1.992e3 2.532e3 2.465e3 1.296e3 1.925e3 2.035e3 2.309e3 2.403e3 2.565e3 2.312e3 2.494e3 2.230e3 2.267e3 2.199e3 2.029e3 1.897e3 1.943e3 1.881e3 2.523e3 2.808e3 2.387e3 1.062e3 1.636e3 2.966e3 3.222e3 2.934e3 3.174e3 3.380e3 3.243e3 3.238e3 2.691e3 2.710e3 3.052e3 2.947e3 2.765e3 2.730e3 3.017e3 3.393e3 3.087e3 3.318e3 2.376e3 4.238e3 4.371e3 4.303e3 3.665e3 3.593e3 3.450e3 3.638e3 3.012e3 3.112e3 3.347e3 3.496e3 2.898e3 2.568e3 3.098e3 3.044e3 3.160e3 3.014e3 2.969e3 2.920e3 2.961e3 2.866e3 2.451e3 2.515e3 3.041e3 2.600e3 2.479e3 2.828e3 3.009e3 3.939e3 3.911e3 4.659e3 4.753e3 4.323e3 4.138e3 4.202e3 3.933e3 3.911e3 3.096e3 
   1.80e6  269.2   366.6   709.4   1.040e3 1.275e3 1.293e3 1.011e3 1.018e3 805.6   858.7   1.867e3 1.951e3 1.975e3 2.082e3 2.637e3 2.593e3 1.362e3 2.022e3 2.139e3 2.417e3 2.501e3 2.673e3 2.414e3 2.631e3 2.323e3 2.359e3 2.289e3 2.127e3 1.981e3 2.038e3 1.962e3 2.622e3 2.926e3 2.491e3 1.128e3 1.728e3 3.094e3 3.372e3 3.063e3 3.317e3 3.511e3 3.381e3 3.381e3 2.820e3 2.846e3 3.171e3 3.079e3 2.886e3 2.848e3 3.138e3 3.549e3 3.243e3 3.458e3 2.530e3 4.423e3 4.569e3 4.487e3 3.841e3 3.760e3 3.612e3 3.810e3 3.153e3 3.255e3 3.464e3 3.676e3 3.038e3 2.687e3 3.240e3 3.170e3 3.305e3 3.150e3 3.108e3 3.041e3 3.088e3 3.005e3 2.584e3 2.631e3 3.181e3 2.735e3 2.596e3 2.961e3 3.141e3 4.122e3 4.078e3 4.846e3 4.963e3 4.500e3 4.317e3 4.406e3 4.120e3 4.090e3 3.249e3 
   2.00e6  286.9   398.8   777.5   1.120e3 1.352e3 1.376e3 1.072e3 1.111e3 885.3   935.4   2.012e3 2.084e3 2.124e3 2.262e3 2.845e3 2.851e3 1.488e3 2.203e3 2.347e3 2.630e3 2.694e3 2.886e3 2.616e3 2.902e3 2.505e3 2.544e3 2.464e3 2.322e3 2.149e3 2.229e3 2.122e3 2.818e3 3.160e3 2.697e3 1.267e3 1.917e3 3.351e3 3.670e3 3.323e3 3.599e3 3.768e3 3.656e3 3.667e3 3.079e3 3.116e3 3.399e3 3.341e3 3.128e3 3.077e3 3.388e3 3.859e3 3.553e3 3.737e3 2.839e3 4.791e3 4.961e3 4.854e3 4.193e3 4.093e3 3.935e3 4.151e3 3.435e3 3.536e3 3.694e3 4.035e3 3.316e3 2.927e3 3.519e3 3.421e3 3.592e3 3.418e3 3.387e3 3.280e3 3.341e3 3.280e3 2.849e3 2.861e3 3.460e3 3.007e3 2.830e3 3.226e3 3.409e3 4.481e3 4.412e3 5.209e3 5.376e3 4.851e3 4.675e3 4.812e3 4.492e3 4.449e3 3.557e3 
   2.25e6  307.7   438.9   861.2   1.217e3 1.445e3 1.481e3 1.145e3 1.228e3 990.4   1.033e3 2.191e3 2.245e3 2.311e3 2.487e3 3.097e3 3.169e3 1.631e3 2.403e3 2.608e3 2.889e3 2.932e3 3.147e3 2.867e3 3.230e3 2.722e3 2.769e3 2.673e3 2.563e3 2.356e3 2.464e3 2.320e3 3.059e3 3.445e3 2.952e3 1.449e3 2.160e3 3.669e3 4.039e3 3.646e3 3.944e3 4.078e3 3.996e3 4.021e3 3.401e3 3.449e3 3.668e3 3.664e3 3.429e3 3.350e3 3.706e3 4.240e3 3.937e3 4.082e3 3.228e3 5.240e3 5.444e3 5.302e3 4.633e3 4.506e3 4.329e3 4.571e3 3.789e3 3.878e3 3.976e3 4.481e3 3.658e3 3.225e3 3.858e3 3.730e3 3.947e3 3.741e3 3.730e3 3.573e3 3.652e3 3.616e3 3.178e3 3.141e3 3.801e3 3.349e3 3.117e3 3.551e3 3.746e3 4.918e3 4.824e3 5.644e3 5.879e3 5.283e3 5.122e3 5.313e3 4.951e3 4.892e3 3.948e3 
   2.50e6  327.2   478.7   942.9   1.309e3 1.534e3 1.585e3 1.214e3 1.343e3 1.100e3 1.130e3 2.365e3 2.401e3 2.494e3 2.708e3 3.337e3 3.480e3 1.764e3 2.576e3 2.866e3 3.139e3 3.164e3 3.399e3 3.112e3 3.542e3 2.929e3 2.987e3 2.872e3 2.797e3 2.558e3 2.692e3 2.514e3 3.293e3 3.719e3 3.201e3 1.640e3 2.409e3 3.982e3 4.401e3 3.966e3 4.277e3 4.374e3 4.329e3 4.367e3 3.717e3 3.773e3 3.921e3 3.979e3 3.724e3 3.609e3 4.027e3 4.611e3 4.312e3 4.420e3 3.617e3 5.676e3 5.912e3 5.737e3 5.068e3 4.911e3 4.706e3 4.979e3 4.140e3 4.206e3 4.251e3 4.918e3 3.992e3 3.520e3 4.184e3 4.031e3 4.295e3 4.051e3 4.068e3 3.858e3 3.957e3 3.942e3 3.499e3 3.411e3 4.132e3 3.688e3 3.397e3 3.868e3 4.084e3 5.339e3 5.226e3 6.055e3 6.363e3 5.702e3 5.562e3 5.801e3 5.399e3 5.328e3 4.342e3 
   2.75e6  345.5   518.5   1.022e3 1.397e3 1.621e3 1.687e3 1.281e3 1.457e3 1.211e3 1.227e3 2.534e3 2.550e3 2.673e3 2.925e3 3.566e3 3.782e3 1.892e3 2.731e3 3.119e3 3.379e3 3.389e3 3.642e3 3.350e3 3.836e3 3.127e3 3.199e3 3.060e3 3.022e3 2.753e3 2.913e3 2.703e3 3.519e3 3.981e3 3.443e3 1.839e3 2.663e3 4.288e3 4.755e3 4.280e3 4.599e3 4.658e3 4.654e3 4.704e3 4.026e3 4.086e3 4.163e3 4.285e3 4.013e3 3.855e3 4.348e3 4.968e3 4.676e3 4.750e3 4.006e3 6.096e3 6.365e3 6.157e3 5.497e3 5.306e3 5.064e3 5.375e3 4.485e3 4.517e3 4.518e3 5.345e3 4.318e3 3.810e3 4.497e3 4.325e3 4.635e3 4.347e3 4.398e3 4.134e3 4.253e3 4.255e3 3.811e3 3.670e3 4.451e3 4.021e3 3.671e3 4.177e3 4.419e3 5.743e3 5.617e3 6.441e3 6.827e3 6.108e3 5.996e3 6.276e3 5.836e3 5.753e3 4.737e3 
   3.00e6  362.9   558.5   1.098e3 1.480e3 1.704e3 1.787e3 1.346e3 1.569e3 1.324e3 1.322e3 2.696e3 2.693e3 2.846e3 3.134e3 3.782e3 4.073e3 2.022e3 2.876e3 3.367e3 3.609e3 3.606e3 3.877e3 3.583e3 4.113e3 3.317e3 3.403e3 3.239e3 3.239e3 2.943e3 3.125e3 2.887e3 3.738e3 4.231e3 3.678e3 2.044e3 2.920e3 4.587e3 5.099e3 4.588e3 4.910e3 4.933e3 4.970e3 5.031e3 4.328e3 4.389e3 4.396e3 4.581e3 4.294e3 4.089e3 4.668e3 5.310e3 5.026e3 5.072e3 4.392e3 6.502e3 6.802e3 6.561e3 5.917e3 5.689e3 5.400e3 5.756e3 4.825e3 4.812e3 4.778e3 5.759e3 4.635e3 4.095e3 4.797e3 4.609e3 4.966e3 4.630e3 4.720e3 4.402e3 4.540e3 4.556e3 4.113e3 3.919e3 4.760e3 4.348e3 3.937e3 4.477e3 4.752e3 6.128e3 5.997e3 6.803e3 7.270e3 6.500e3 6.421e3 6.737e3 6.260e3 6.168e3 5.131e3 
   3.25e6  379.5   598.8   1.172e3 1.559e3 1.785e3 1.884e3 1.410e3 1.678e3 1.438e3 1.417e3 2.853e3 2.830e3 3.013e3 3.336e3 3.987e3 4.351e3 2.157e3 3.019e3 3.610e3 3.829e3 3.817e3 4.103e3 3.808e3 4.373e3 3.501e3 3.601e3 3.412e3 3.446e3 3.127e3 3.329e3 3.066e3 3.949e3 4.469e3 3.905e3 2.255e3 3.179e3 4.879e3 5.433e3 4.888e3 5.211e3 5.202e3 5.277e3 5.348e3 4.621e3 4.682e3 4.624e3 4.866e3 4.567e3 4.313e3 4.984e3 5.637e3 5.362e3 5.386e3 4.776e3 6.892e3 7.221e3 6.949e3 6.328e3 6.060e3 5.716e3 6.125e3 5.158e3 5.092e3 5.030e3 6.159e3 4.943e3 4.372e3 5.084e3 4.885e3 5.289e3 4.900e3 5.033e3 4.663e3 4.819e3 4.845e3 4.404e3 4.159e3 5.058e3 4.666e3 4.196e3 4.768e3 5.080e3 6.496e3 6.365e3 7.144e3 7.695e3 6.880e3 6.839e3 7.184e3 6.672e3 6.573e3 5.524e3 
   3.50e6  395.7   639.3   1.242e3 1.633e3 1.863e3 1.978e3 1.473e3 1.785e3 1.551e3 1.510e3 3.002e3 2.961e3 3.174e3 3.530e3 4.180e3 4.618e3 2.301e3 3.165e3 3.846e3 4.040e3 4.020e3 4.322e3 4.028e3 4.618e3 3.679e3 3.791e3 3.579e3 3.643e3 3.306e3 3.525e3 3.240e3 4.153e3 4.697e3 4.125e3 2.471e3 3.440e3 5.163e3 5.756e3 5.181e3 5.502e3 5.466e3 5.574e3 5.655e3 4.907e3 4.964e3 4.848e3 5.143e3 4.833e3 4.530e3 5.296e3 5.949e3 5.684e3 5.691e3 5.156e3 7.267e3 7.625e3 7.322e3 6.730e3 6.419e3 6.012e3 6.480e3 5.485e3 5.357e3 5.277e3 6.546e3 5.243e3 4.644e3 5.360e3 5.153e3 5.604e3 5.159e3 5.338e3 4.916e3 5.091e3 5.125e3 4.685e3 4.390e3 5.346e3 4.977e3 4.449e3 5.051e3 5.404e3 6.847e3 6.723e3 7.466e3 8.101e3 7.247e3 7.248e3 7.617e3 7.071e3 6.967e3 5.916e3 
   3.75e6  411.6   680.0   1.310e3 1.705e3 1.939e3 2.069e3 1.534e3 1.889e3 1.663e3 1.602e3 3.146e3 3.086e3 3.329e3 3.717e3 4.364e3 4.872e3 2.455e3 3.316e3 4.076e3 4.243e3 4.217e3 4.534e3 4.242e3 4.850e3 3.852e3 3.976e3 3.742e3 3.832e3 3.479e3 3.712e3 3.410e3 4.351e3 4.914e3 4.338e3 2.691e3 3.703e3 5.441e3 6.070e3 5.467e3 5.784e3 5.728e3 5.864e3 5.952e3 5.185e3 5.236e3 5.069e3 5.411e3 5.092e3 4.740e3 5.602e3 6.248e3 5.993e3 5.990e3 5.534e3 7.629e3 8.013e3 7.681e3 7.123e3 6.765e3 6.292e3 6.823e3 5.805e3 5.611e3 5.518e3 6.920e3 5.536e3 4.909e3 5.626e3 5.414e3 5.911e3 5.408e3 5.635e3 5.164e3 5.356e3 5.395e3 4.955e3 4.614e3 5.625e3 5.280e3 4.695e3 5.327e3 5.723e3 7.183e3 7.070e3 7.772e3 8.491e3 7.603e3 7.649e3 8.037e3 7.459e3 7.351e3 6.307e3 
   4.00e6  427.3   720.8   1.375e3 1.773e3 2.014e3 2.158e3 1.596e3 1.992e3 1.774e3 1.693e3 3.285e3 3.208e3 3.479e3 3.896e3 4.537e3 5.115e3 2.619e3 3.474e3 4.300e3 4.438e3 4.407e3 4.740e3 4.450e3 5.070e3 4.022e3 4.155e3 3.902e3 4.014e3 3.648e3 3.893e3 3.576e3 4.543e3 5.122e3 4.544e3 2.914e3 3.966e3 5.712e3 6.375e3 5.747e3 6.059e3 5.987e3 6.145e3 6.241e3 5.456e3 5.499e3 5.289e3 5.670e3 5.345e3 4.946e3 5.904e3 6.533e3 6.290e3 6.282e3 5.909e3 7.978e3 8.388e3 8.027e3 7.508e3 7.100e3 6.557e3 7.155e3 6.119e3 5.855e3 5.755e3 7.281e3 5.823e3 5.168e3 5.883e3 5.667e3 6.211e3 5.648e3 5.924e3 5.407e3 5.614e3 5.657e3 5.216e3 4.832e3 5.895e3 5.576e3 4.937e3 5.597e3 6.038e3 7.506e3 7.408e3 8.065e3 8.865e3 7.950e3 8.044e3 8.445e3 7.837e3 7.726e3 6.696e3 
   4.50e6  459.0   802.2   1.498e3 1.900e3 2.158e3 2.328e3 1.720e3 2.192e3 1.993e3 1.873e3 3.547e3 3.439e3 3.761e3 4.234e3 4.860e3 5.569e3 2.975e3 3.810e3 4.732e3 4.809e3 4.774e3 5.137e3 4.853e3 5.481e3 4.352e3 4.499e3 4.217e3 4.357e3 3.974e3 4.233e3 3.898e3 4.912e3 5.515e3 4.939e3 3.369e3 4.494e3 6.237e3 6.959e3 6.288e3 6.590e3 6.505e3 6.689e3 6.793e3 5.979e3 6.002e3 5.722e3 6.169e3 5.833e3 5.352e3 6.492e3 7.069e3 6.852e3 6.848e3 6.650e3 8.643e3 9.099e3 8.686e3 8.252e3 7.740e3 7.055e3 7.790e3 6.731e3 6.322e3 6.219e3 7.968e3 6.379e3 5.671e3 6.375e3 6.157e3 6.794e3 6.107e3 6.485e3 5.880e3 6.114e3 6.163e3 5.711e3 5.255e3 6.415e3 6.147e3 5.407e3 6.119e3 6.656e3 8.115e3 8.060e3 8.620e3 9.576e3 8.618e3 8.816e3 9.231e3 8.565e3 8.454e3 7.470e3 
   5.00e6  491.7   882.8   1.612e3 2.019e3 2.297e3 2.490e3 1.845e3 2.386e3 2.207e3 2.052e3 3.793e3 3.657e3 4.025e3 4.547e3 5.154e3 5.985e3 3.363e3 4.169e3 5.143e3 5.158e3 5.123e3 5.518e3 5.241e3 5.862e3 4.672e3 4.829e3 4.529e3 4.679e3 4.286e3 4.551e3 4.210e3 5.264e3 5.882e3 5.314e3 3.832e3 5.023e3 6.744e3 7.514e3 6.809e3 7.100e3 7.022e3 7.210e3 7.317e3 6.480e3 6.477e3 6.151e3 6.645e3 6.301e3 5.754e3 7.061e3 7.566e3 7.380e3 7.395e3 7.382e3 9.270e3 9.768e3 9.307e3 8.967e3 8.343e3 7.525e3 8.393e3 7.324e3 6.769e3 6.673e3 8.614e3 6.918e3 6.155e3 6.843e3 6.627e3 7.356e3 6.544e3 7.024e3 6.341e3 6.597e3 6.651e3 6.178e3 5.664e3 6.914e3 6.696e3 5.865e3 6.625e3 7.260e3 8.686e3 8.686e3 9.147e3 10.24e3 9.259e3 9.570e3 9.982e3 9.262e3 9.155e3 8.241e3 
   5.50e6  526.0   962.3   1.718e3 2.131e3 2.432e3 2.646e3 1.974e3 2.576e3 2.416e3 2.231e3 4.025e3 3.867e3 4.273e3 4.839e3 5.426e3 6.367e3 3.774e3 4.543e3 5.538e3 5.490e3 5.459e3 5.888e3 5.618e3 6.222e3 4.985e3 5.147e3 4.839e3 4.988e3 4.590e3 4.851e3 4.515e3 5.605e3 6.229e3 5.673e3 4.301e3 5.551e3 7.237e3 8.044e3 7.314e3 7.597e3 7.539e3 7.714e3 7.819e3 6.962e3 6.932e3 6.576e3 7.103e3 6.755e3 6.160e3 7.614e3 8.034e3 7.882e3 7.927e3 8.104e3 9.865e3 10.40e3 9.899e3 9.656e3 8.917e3 7.981e3 8.969e3 7.902e3 7.206e3 7.122e3 9.224e3 7.446e3 6.623e3 7.295e3 7.082e3 7.903e3 6.965e3 7.546e3 6.794e3 7.068e3 7.126e3 6.623e3 6.065e3 7.396e3 7.227e3 6.314e3 7.119e3 7.853e3 9.228e3 9.293e3 9.657e3 10.88e3 9.881e3 10.31e3 10.71e3 9.935e3 9.836e3 9.009e3 
   6.00e6  562.1   1.040e3 1.818e3 2.237e3 2.565e3 2.796e3 2.106e3 2.762e3 2.620e3 2.410e3 4.246e3 4.070e3 4.509e3 5.113e3 5.681e3 6.722e3 4.202e3 4.928e3 5.918e3 5.809e3 5.786e3 6.249e3 5.985e3 6.567e3 5.294e3 5.456e3 5.149e3 5.286e3 4.886e3 5.138e3 4.815e3 5.936e3 6.562e3 6.020e3 4.773e3 6.078e3 7.719e3 8.555e3 7.806e3 8.085e3 8.057e3 8.205e3 8.303e3 7.430e3 7.369e3 6.999e3 7.549e3 7.197e3 6.571e3 8.152e3 8.480e3 8.366e3 8.446e3 8.817e3 10.44e3 11.01e3 10.47e3 10.32e3 9.467e3 8.430e3 9.525e3 8.469e3 7.639e3 7.569e3 9.805e3 7.965e3 7.079e3 7.736e3 7.527e3 8.437e3 7.377e3 8.054e3 7.244e3 7.530e3 7.592e3 7.052e3 6.463e3 7.867e3 7.743e3 6.758e3 7.606e3 8.437e3 9.748e3 9.884e3 10.16e3 11.49e3 10.49e3 11.04e3 11.41e3 10.59e3 10.50e3 9.777e3 
   6.50e6  600.4   1.117e3 1.912e3 2.340e3 2.695e3 2.943e3 2.241e3 2.946e3 2.820e3 2.590e3 4.459e3 4.269e3 4.734e3 5.373e3 5.922e3 7.054e3 4.640e3 5.319e3 6.285e3 6.119e3 6.105e3 6.604e3 6.346e3 6.900e3 5.598e3 5.760e3 5.460e3 5.578e3 5.178e3 5.415e3 5.112e3 6.262e3 6.885e3 6.357e3 5.247e3 6.603e3 8.193e3 9.049e3 8.287e3 8.566e3 8.574e3 8.685e3 8.773e3 7.887e3 7.794e3 7.421e3 7.986e3 7.630e3 6.989e3 8.679e3 8.911e3 8.837e3 8.955e3 9.522e3 10.99e3 11.60e3 11.02e3 10.97e3 9.998e3 8.878e3 10.06e3 9.027e3 8.072e3 8.015e3 10.36e3 8.479e3 7.525e3 8.170e3 7.965e3 8.962e3 7.782e3 8.553e3 7.693e3 7.987e3 8.055e3 7.471e3 6.860e3 8.331e3 8.249e3 7.201e3 8.088e3 9.014e3 10.25e3 10.46e3 10.65e3 12.08e3 11.09e3 11.77e3 12.09e3 11.23e3 11.15e3 10.54e3 
   7.00e6  640.7   1.191e3 2.002e3 2.440e3 2.823e3 3.087e3 2.382e3 3.128e3 3.017e3 2.772e3 4.667e3 4.464e3 4.951e3 5.620e3 6.152e3 7.366e3 5.084e3 5.713e3 6.642e3 6.421e3 6.418e3 6.955e3 6.702e3 7.226e3 5.900e3 6.060e3 5.771e3 5.865e3 5.467e3 5.685e3 5.408e3 6.583e3 7.199e3 6.688e3 5.722e3 7.125e3 8.660e3 9.529e3 8.761e3 9.044e3 9.090e3 9.159e3 9.232e3 8.335e3 8.209e3 7.841e3 8.416e3 8.058e3 7.415e3 9.195e3 9.330e3 9.299e3 9.454e3 10.22e3 11.52e3 12.16e3 11.55e3 11.59e3 10.51e3 9.329e3 10.59e3 9.578e3 8.506e3 8.464e3 10.90e3 8.990e3 7.964e3 8.599e3 8.398e3 9.478e3 8.185e3 9.045e3 8.142e3 8.440e3 8.514e3 7.883e3 7.257e3 8.791e3 8.748e3 7.644e3 8.567e3 9.586e3 10.75e3 11.04e3 11.15e3 12.66e3 11.68e3 12.49e3 12.76e3 11.86e3 11.80e3 11.31e3 
   8.00e6  727.3   1.336e3 2.171e3 2.633e3 3.074e3 3.366e3 2.673e3 3.488e3 3.403e3 3.140e3 5.068e3 4.848e3 5.365e3 6.085e3 6.588e3 7.943e3 5.973e3 6.503e3 7.331e3 7.009e3 7.033e3 7.648e3 7.400e3 7.861e3 6.500e3 6.652e3 6.394e3 6.434e3 6.040e3 6.214e3 5.999e3 7.217e3 7.812e3 7.332e3 6.669e3 8.158e3 9.580e3 10.46e3 9.690e3 9.995e3 10.12e3 10.09e3 10.12e3 9.210e3 9.017e3 8.683e3 9.265e3 8.900e3 8.287e3 10.20e3 10.15e3 10.21e3 10.42e3 11.58e3 12.56e3 13.26e3 12.60e3 12.79e3 11.51e3 10.24e3 11.62e3 10.67e3 9.385e3 9.369e3 11.93e3 10.01e3 8.824e3 9.452e3 9.255e3 10.49e3 8.989e3 10.01e3 9.046e3 9.343e3 9.432e3 8.698e3 8.059e3 9.704e3 9.728e3 8.536e3 9.526e3 10.72e3 11.72e3 12.17e3 12.14e3 13.78e3 12.86e3 13.92e3 14.07e3 13.09e3 13.06e3 12.85e3 
   9.00e6  820.8   1.476e3 2.328e3 2.821e3 3.319e3 3.638e3 2.979e3 3.843e3 3.779e3 3.515e3 5.457e3 5.228e3 5.759e3 6.519e3 7.002e3 8.474e3 6.848e3 7.285e3 7.991e3 7.581e3 7.638e3 8.335e3 8.085e3 8.480e3 7.095e3 7.240e3 7.019e3 7.001e3 6.610e3 6.737e3 6.593e3 7.845e3 8.412e3 7.963e3 7.608e3 9.173e3 10.49e3 11.35e3 10.60e3 10.94e3 11.14e3 11.01e3 10.99e3 10.07e3 9.807e3 9.526e3 10.10e3 9.731e3 9.180e3 11.19e3 10.95e3 11.10e3 11.36e3 12.90e3 13.57e3 14.32e3 13.61e3 13.92e3 12.49e3 11.17e3 12.61e3 11.75e3 10.28e3 10.29e3 12.91e3 11.02e3 9.669e3 10.31e3 10.11e3 11.49e3 9.799e3 10.96e3 9.959e3 10.24e3 10.35e3 9.515e3 8.872e3 10.62e3 10.70e3 9.440e3 10.49e3 11.84e3 12.67e3 13.28e3 13.13e3 14.87e3 14.02e3 15.36e3 15.35e3 14.30e3 14.31e3 14.38e3 
   10.0e6  919.8   1.609e3 2.476e3 3.004e3 3.559e3 3.904e3 3.296e3 4.194e3 4.146e3 3.895e3 5.837e3 5.606e3 6.138e3 6.930e3 7.400e3 8.968e3 7.697e3 8.054e3 8.627e3 8.143e3 8.236e3 9.016e3 8.757e3 9.090e3 7.688e3 7.825e3 7.644e3 7.567e3 7.181e3 7.261e3 7.190e3 8.472e3 9.003e3 8.583e3 8.533e3 10.17e3 11.38e3 12.21e3 11.49e3 11.89e3 12.14e3 11.92e3 11.83e3 10.90e3 10.58e3 10.37e3 10.94e3 10.56e3 10.09e3 12.15e3 11.74e3 11.99e3 12.26e3 14.17e3 14.55e3 15.36e3 14.61e3 14.99e3 13.44e3 12.10e3 13.59e3 12.82e3 11.18e3 11.22e3 13.86e3 12.03e3 10.51e3 11.16e3 10.96e3 12.46e3 10.62e3 11.91e3 10.88e3 11.15e3 11.28e3 10.34e3 9.699e3 11.53e3 11.65e3 10.36e3 11.46e3 12.95e3 13.63e3 14.39e3 14.13e3 15.95e3 15.19e3 16.78e3 16.61e3 15.50e3 15.53e3 15.90e3 
   11.0e6  1.022e3 1.738e3 2.616e3 3.184e3 3.792e3 4.164e3 3.619e3 4.539e3 4.505e3 4.277e3 6.211e3 5.980e3 6.503e3 7.321e3 7.785e3 9.434e3 8.513e3 8.805e3 9.242e3 8.696e3 8.827e3 9.692e3 9.416e3 9.690e3 8.277e3 8.407e3 8.266e3 8.134e3 7.752e3 7.789e3 7.792e3 9.097e3 9.588e3 9.196e3 9.442e3 11.13e3 12.26e3 13.04e3 12.37e3 12.84e3 13.13e3 12.81e3 12.66e3 11.73e3 11.35e3 11.21e3 11.77e3 11.37e3 11.00e3 13.09e3 12.53e3 12.88e3 13.12e3 15.39e3 15.50e3 16.36e3 15.58e3 16.00e3 14.38e3 13.04e3 14.54e3 13.88e3 12.10e3 12.16e3 14.77e3 13.04e3 11.34e3 12.03e3 11.81e3 13.42e3 11.45e3 12.84e3 11.81e3 12.06e3 12.21e3 11.18e3 10.54e3 12.45e3 12.61e3 11.29e3 12.43e3 14.05e3 14.57e3 15.48e3 15.13e3 17.01e3 16.35e3 18.20e3 17.84e3 16.68e3 16.74e3 17.39e3 
   12.0e6  1.127e3 1.861e3 2.750e3 3.361e3 4.018e3 4.418e3 3.947e3 4.878e3 4.856e3 4.660e3 6.578e3 6.352e3 6.857e3 7.695e3 8.160e3 9.877e3 9.293e3 9.535e3 9.837e3 9.239e3 9.411e3 10.36e3 10.06e3 10.28e3 8.861e3 8.987e3 8.883e3 8.701e3 8.322e3 8.321e3 8.396e3 9.719e3 10.17e3 9.800e3 10.33e3 12.08e3 13.13e3 13.85e3 13.24e3 13.78e3 14.10e3 13.70e3 13.47e3 12.54e3 12.11e3 12.06e3 12.60e3 12.19e3 11.92e3 14.02e3 13.31e3 13.76e3 13.94e3 16.56e3 16.44e3 17.35e3 16.54e3 16.95e3 15.30e3 13.98e3 15.48e3 14.93e3 13.01e3 13.11e3 15.67e3 14.03e3 12.16e3 12.89e3 12.66e3 14.35e3 12.29e3 13.77e3 12.74e3 12.96e3 13.15e3 12.02e3 11.39e3 13.37e3 13.55e3 12.23e3 13.41e3 15.14e3 15.52e3 16.56e3 16.13e3 18.05e3 17.51e3 19.61e3 19.04e3 17.84e3 17.93e3 18.86e3 
   13.0e6  1.232e3 1.979e3 2.877e3 3.534e3 4.237e3 4.665e3 4.274e3 5.208e3 5.198e3 5.041e3 6.937e3 6.720e3 7.199e3 8.054e3 8.525e3 10.30e3 10.03e3 10.24e3 10.41e3 9.772e3 9.987e3 11.02e3 10.69e3 10.86e3 9.439e3 9.563e3 9.493e3 9.265e3 8.890e3 8.855e3 9.000e3 10.34e3 10.74e3 10.40e3 11.20e3 12.99e3 13.98e3 14.63e3 14.08e3 14.71e3 15.04e3 14.57e3 14.27e3 13.34e3 12.85e3 12.89e3 13.42e3 12.99e3 12.82e3 14.92e3 14.09e3 14.63e3 14.72e3 17.68e3 17.36e3 18.31e3 17.48e3 17.84e3 16.21e3 14.91e3 16.40e3 15.97e3 13.93e3 14.06e3 16.54e3 15.00e3 12.98e3 13.76e3 13.51e3 15.25e3 13.13e3 14.68e3 13.67e3 13.87e3 14.08e3 12.87e3 12.24e3 14.28e3 14.48e3 13.18e3 14.38e3 16.22e3 16.46e3 17.62e3 17.12e3 19.08e3 18.66e3 20.99e3 20.22e3 18.98e3 19.10e3 20.29e3 
   14.0e6  1.337e3 2.093e3 2.999e3 3.703e3 4.449e3 4.906e3 4.599e3 5.528e3 5.531e3 5.418e3 7.289e3 7.082e3 7.531e3 8.398e3 8.879e3 10.70e3 10.74e3 10.92e3 10.97e3 10.29e3 10.55e3 11.66e3 11.30e3 11.43e3 10.01e3 10.13e3 10.09e3 9.825e3 9.454e3 9.391e3 9.602e3 10.95e3 11.30e3 10.98e3 12.04e3 13.86e3 14.81e3 15.39e3 14.90e3 15.62e3 15.96e3 15.43e3 15.05e3 14.11e3 13.59e3 13.72e3 14.24e3 13.78e3 13.71e3 15.80e3 14.86e3 15.49e3 15.46e3 18.74e3 18.26e3 19.26e3 18.40e3 18.69e3 17.11e3 15.83e3 17.31e3 17.00e3 14.85e3 15.01e3 17.39e3 15.95e3 13.80e3 14.63e3 14.35e3 16.12e3 13.98e3 15.58e3 14.59e3 14.77e3 15.02e3 13.73e3 13.09e3 15.19e3 15.41e3 14.12e3 15.35e3 17.27e3 17.40e3 18.66e3 18.10e3 20.10e3 19.79e3 22.34e3 21.37e3 20.10e3 20.24e3 21.67e3 
   15.0e6  1.440e3 2.202e3 3.116e3 3.868e3 4.652e3 5.139e3 4.919e3 5.837e3 5.854e3 5.789e3 7.633e3 7.439e3 7.852e3 8.728e3 9.225e3 11.09e3 11.41e3 11.58e3 11.50e3 10.81e3 11.11e3 12.29e3 11.89e3 11.99e3 10.57e3 10.69e3 10.68e3 10.38e3 10.01e3 9.926e3 10.20e3 11.55e3 11.85e3 11.56e3 12.86e3 14.71e3 15.61e3 16.11e3 15.70e3 16.52e3 16.85e3 16.27e3 15.80e3 14.88e3 14.31e3 14.54e3 15.04e3 14.57e3 14.59e3 16.66e3 15.62e3 16.33e3 16.17e3 19.77e3 19.13e3 20.17e3 19.31e3 19.48e3 17.99e3 16.74e3 18.19e3 18.01e3 15.75e3 15.95e3 18.21e3 16.88e3 14.61e3 15.49e3 15.18e3 16.97e3 14.83e3 16.46e3 15.51e3 15.66e3 15.95e3 14.59e3 13.95e3 16.09e3 16.32e3 15.07e3 16.31e3 18.31e3 18.33e3 19.68e3 19.06e3 21.09e3 20.91e3 23.66e3 22.50e3 21.20e3 21.35e3 23.00e3 
   16.0e6  1.540e3 2.306e3 3.227e3 4.028e3 4.846e3 5.364e3 5.230e3 6.135e3 6.166e3 6.152e3 7.967e3 7.788e3 8.162e3 9.045e3 9.560e3 11.46e3 12.03e3 12.21e3 12.02e3 11.30e3 11.65e3 12.90e3 12.46e3 12.53e3 11.12e3 11.25e3 11.26e3 10.93e3 10.56e3 10.46e3 10.79e3 12.15e3 12.40e3 12.12e3 13.66e3 15.52e3 16.39e3 16.81e3 16.48e3 17.39e3 17.71e3 17.09e3 16.54e3 15.62e3 15.02e3 15.34e3 15.83e3 15.33e3 15.45e3 17.50e3 16.37e3 17.16e3 16.84e3 20.75e3 19.99e3 21.07e3 20.19e3 20.23e3 18.86e3 17.63e3 19.05e3 19.00e3 16.65e3 16.88e3 19.02e3 17.78e3 15.41e3 16.35e3 16.00e3 17.78e3 15.67e3 17.33e3 16.41e3 16.54e3 16.87e3 15.44e3 14.80e3 16.98e3 17.21e3 16.01e3 17.26e3 19.32e3 19.25e3 20.68e3 20.00e3 22.06e3 22.01e3 24.95e3 23.59e3 22.27e3 22.44e3 24.28e3 
   17.0e6  1.638e3 2.407e3 3.334e3 4.184e3 5.032e3 5.582e3 5.533e3 6.420e3 6.469e3 6.506e3 8.292e3 8.129e3 8.461e3 9.349e3 9.885e3 11.81e3 12.63e3 12.82e3 12.52e3 11.79e3 12.18e3 13.50e3 13.01e3 13.06e3 11.66e3 11.79e3 11.82e3 11.46e3 11.11e3 10.99e3 11.38e3 12.74e3 12.93e3 12.68e3 14.43e3 16.30e3 17.15e3 17.49e3 17.23e3 18.24e3 18.54e3 17.88e3 17.26e3 16.34e3 15.71e3 16.13e3 16.61e3 16.09e3 16.28e3 18.31e3 17.10e3 17.98e3 17.49e3 21.70e3 20.82e3 21.94e3 21.05e3 20.94e3 19.71e3 18.50e3 19.89e3 19.98e3 17.53e3 17.81e3 19.80e3 18.65e3 16.20e3 17.20e3 16.81e3 18.56e3 16.51e3 18.18e3 17.29e3 17.41e3 17.78e3 16.29e3 15.64e3 17.85e3 18.09e3 16.94e3 18.19e3 20.31e3 20.15e3 21.65e3 20.93e3 23.02e3 23.08e3 26.19e3 24.66e3 23.32e3 23.50e3 25.51e3 
   18.0e6  1.733e3 2.503e3 3.436e3 4.334e3 5.210e3 5.791e3 5.825e3 6.693e3 6.761e3 6.851e3 8.606e3 8.461e3 8.749e3 9.641e3 10.20e3 12.15e3 13.19e3 13.39e3 12.99e3 12.26e3 12.70e3 14.08e3 13.53e3 13.57e3 12.18e3 12.32e3 12.37e3 11.99e3 11.64e3 11.51e3 11.95e3 13.31e3 13.45e3 13.22e3 15.17e3 17.05e3 17.88e3 18.13e3 17.96e3 19.07e3 19.34e3 18.66e3 17.95e3 17.05e3 16.39e3 16.90e3 17.37e3 16.82e3 17.09e3 19.10e3 17.82e3 18.77e3 18.12e3 22.61e3 21.63e3 22.78e3 21.88e3 21.61e3 20.54e3 19.35e3 20.70e3 20.93e3 18.40e3 18.71e3 20.56e3 19.50e3 16.98e3 18.04e3 17.61e3 19.32e3 17.34e3 19.01e3 18.15e3 18.26e3 18.68e3 17.14e3 16.48e3 18.71e3 18.95e3 17.86e3 19.11e3 21.27e3 21.05e3 22.59e3 21.83e3 23.95e3 24.13e3 27.39e3 25.69e3 24.34e3 24.52e3 26.68e3 
   20.0e6  1.913e3 2.683e3 3.626e3 4.619e3 5.540e3 6.185e3 6.376e3 7.200e3 7.313e3 7.507e3 9.204e3 9.098e3 9.295e3 10.19e3 10.80e3 12.78e3 14.21e3 14.47e3 13.89e3 13.16e3 13.69e3 15.17e3 14.53e3 14.56e3 13.19e3 13.35e3 13.42e3 13.02e3 12.67e3 12.54e3 13.07e3 14.42e3 14.45e3 14.26e3 16.59e3 18.44e3 19.26e3 19.35e3 19.33e3 20.63e3 20.85e3 20.14e3 19.28e3 18.39e3 17.70e3 18.39e3 18.84e3 18.24e3 18.64e3 20.60e3 19.21e3 20.30e3 19.31e3 24.33e3 23.17e3 24.39e3 23.48e3 22.87e3 22.14e3 20.98e3 22.27e3 22.76e3 20.08e3 20.48e3 22.02e3 21.10e3 18.51e3 19.68e3 19.17e3 20.73e3 18.98e3 20.61e3 19.82e3 19.92e3 20.44e3 18.80e3 18.12e3 20.37e3 20.62e3 19.65e3 20.88e3 23.12e3 22.78e3 24.38e3 23.57e3 25.74e3 26.14e3 29.66e3 27.66e3 26.29e3 26.49e3 28.87e3 
   22.5e6  2.118e3 2.888e3 3.841e3 4.946e3 5.908e3 6.632e3 6.998e3 7.764e3 7.947e3 8.262e3 9.893e3 9.840e3 9.921e3 10.81e3 11.50e3 13.50e3 15.33e3 15.67e3 14.91e3 14.21e3 14.84e3 16.43e3 15.66e3 15.71e3 14.37e3 14.56e3 14.64e3 14.23e3 13.90e3 13.78e3 14.41e3 15.73e3 15.64e3 15.48e3 18.23e3 20.00e3 20.82e3 20.72e3 20.90e3 22.42e3 22.56e3 21.85e3 20.81e3 19.95e3 19.24e3 20.15e3 20.57e3 19.91e3 20.42e3 22.34e3 20.85e3 22.10e3 20.73e3 26.33e3 24.97e3 26.25e3 25.35e3 24.29e3 24.02e3 22.89e3 24.09e3 24.92e3 22.08e3 22.58e3 23.73e3 22.95e3 20.34e3 21.65e3 21.02e3 22.34e3 20.95e3 22.50e3 21.78e3 21.89e3 22.54e3 20.80e3 20.09e3 22.32e3 22.60e3 21.79e3 22.97e3 25.27e3 24.85e3 26.44e3 25.63e3 27.85e3 28.49e3 32.23e3 29.95e3 28.58e3 28.77e3 31.31e3 
   25.0e6  2.302e3 3.072e3 4.034e3 5.240e3 6.230e3 7.031e3 7.550e3 8.257e3 8.522e3 8.943e3 10.52e3 10.52e3 10.49e3 11.38e3 12.14e3 14.15e3 16.28e3 16.71e3 15.82e3 15.17e3 15.89e3 17.56e3 16.67e3 16.76e3 15.46e3 15.69e3 15.77e3 15.37e3 15.05e3 14.95e3 15.66e3 16.96e3 16.74e3 16.63e3 19.73e3 21.38e3 22.22e3 21.95e3 22.31e3 24.03e3 24.10e3 23.41e3 22.22e3 21.39e3 20.67e3 21.78e3 22.18e3 21.47e3 22.04e3 23.93e3 22.38e3 23.77e3 22.08e3 28.18e3 26.63e3 27.96e3 27.07e3 25.59e3 25.77e3 24.66e3 25.78e3 26.91e3 23.95e3 24.55e3 25.32e3 24.66e3 22.09e3 23.52e3 22.77e3 23.80e3 22.83e3 24.25e3 23.61e3 23.74e3 24.53e3 22.72e3 21.97e3 24.13e3 24.45e3 23.79e3 24.91e3 27.26e3 26.80e3 28.32e3 27.55e3 29.82e3 30.65e3 34.51e3 32.04e3 30.70e3 30.87e3 33.48e3 
   27.5e6  2.466e3 3.238e3 4.206e3 5.505e3 6.512e3 7.386e3 8.037e3 8.687e3 9.043e3 9.554e3 11.08e3 11.14e3 11.01e3 11.89e3 12.72e3 14.74e3 17.10e3 17.62e3 16.64e3 16.05e3 16.86e3 18.58e3 17.57e3 17.73e3 16.47e3 16.73e3 16.80e3 16.42e3 16.12e3 16.06e3 16.83e3 18.10e3 17.77e3 17.69e3 21.09e3 22.59e3 23.47e3 23.04e3 23.58e3 25.45e3 25.48e3 24.83e3 23.50e3 22.71e3 22.01e3 23.29e3 23.68e3 22.91e3 23.50e3 25.39e3 23.81e3 25.31e3 23.39e3 29.88e3 28.15e3 29.53e3 28.64e3 26.79e3 27.39e3 26.28e3 27.34e3 28.76e3 25.69e3 26.39e3 26.79e3 26.25e3 23.74e3 25.28e3 24.41e3 25.13e3 24.61e3 25.88e3 25.31e3 25.46e3 26.39e3 24.54e3 23.74e3 25.82e3 26.18e3 25.65e3 26.69e3 29.09e3 28.64e3 30.02e3 29.34e3 31.65e3 32.62e3 36.53e3 33.97e3 32.65e3 32.80e3 35.40e3 
   30.0e6  2.613e3 3.387e3 4.360e3 5.742e3 6.759e3 7.700e3 8.467e3 9.063e3 9.515e3 10.10e3 11.59e3 11.70e3 11.48e3 12.35e3 13.26e3 15.26e3 17.80e3 18.40e3 17.38e3 16.85e3 17.73e3 19.48e3 18.38e3 18.61e3 17.39e3 17.70e3 17.74e3 17.40e3 17.11e3 17.10e3 17.91e3 19.15e3 18.72e3 18.68e3 22.34e3 23.66e3 24.57e3 24.02e3 24.71e3 26.71e3 26.72e3 26.11e3 24.68e3 23.92e3 23.24e3 24.68e3 25.06e3 24.25e3 24.82e3 26.72e3 25.13e3 26.73e3 24.65e3 31.46e3 29.54e3 30.96e3 30.09e3 27.91e3 28.90e3 27.77e3 28.77e3 30.46e3 27.31e3 28.09e3 28.16e3 27.73e3 25.30e3 26.94e3 25.95e3 26.35e3 26.29e3 27.39e3 26.89e3 27.07e3 28.14e3 26.25e3 25.41e3 27.37e3 27.79e3 27.38e3 28.34e3 30.77e3 30.35e3 31.56e3 31.02e3 33.35e3 34.43e3 38.31e3 35.73e3 34.46e3 34.58e3 37.12e3 
   32.5e6  2.744e3 3.521e3 4.499e3 5.953e3 6.974e3 7.979e3 8.847e3 9.391e3 9.943e3 10.58e3 12.04e3 12.21e3 11.91e3 12.77e3 13.75e3 15.74e3 18.40e3 19.08e3 18.04e3 17.58e3 18.53e3 20.29e3 19.11e3 19.42e3 18.23e3 18.58e3 18.59e3 18.31e3 18.03e3 18.07e3 18.91e3 20.13e3 19.60e3 19.59e3 23.47e3 24.60e3 25.55e3 24.90e3 25.73e3 27.82e3 27.82e3 27.27e3 25.75e3 25.03e3 24.38e3 25.96e3 26.33e3 25.48e3 26.02e3 27.94e3 26.35e3 28.04e3 25.88e3 32.90e3 30.82e3 32.26e3 31.43e3 28.95e3 30.29e3 29.15e3 30.10e3 32.02e3 28.82e3 29.67e3 29.42e3 29.11e3 26.77e3 28.51e3 27.39e3 27.47e3 27.87e3 28.79e3 28.35e3 28.56e3 29.78e3 27.86e3 26.98e3 28.81e3 29.29e3 28.97e3 29.85e3 32.32e3 31.95e3 32.95e3 32.58e3 34.92e3 36.07e3 39.88e3 37.34e3 36.12e3 36.21e3 38.66e3 
   35.0e6  2.860e3 3.642e3 4.623e3 6.142e3 7.163e3 8.225e3 9.184e3 9.678e3 10.33e3 11.01e3 12.45e3 12.68e3 12.30e3 13.15e3 14.20e3 16.17e3 18.91e3 19.65e3 18.64e3 18.25e3 19.25e3 21.00e3 19.77e3 20.15e3 19.01e3 19.40e3 19.38e3 19.15e3 18.88e3 18.98e3 19.84e3 21.03e3 20.42e3 20.44e3 24.51e3 25.43e3 26.42e3 25.69e3 26.64e3 28.80e3 28.81e3 28.32e3 26.73e3 26.05e3 25.44e3 27.13e3 27.50e3 26.62e3 27.11e3 29.06e3 27.49e3 29.24e3 27.07e3 34.23e3 32.00e3 33.46e3 32.65e3 29.94e3 31.57e3 30.41e3 31.32e3 33.46e3 30.21e3 31.13e3 30.60e3 30.41e3 28.15e3 29.97e3 28.73e3 28.52e3 29.34e3 30.10e3 29.71e3 29.95e3 31.30e3 29.37e3 28.45e3 30.15e3 30.69e3 30.43e3 31.23e3 33.74e3 33.45e3 34.21e3 34.04e3 36.39e3 37.56e3 41.26e3 38.83e3 37.65e3 37.72e3 40.06e3 
   37.5e6  2.962e3 3.751e3 4.736e3 6.310e3 7.329e3 8.444e3 9.484e3 9.931e3 10.68e3 11.40e3 12.82e3 13.09e3 12.66e3 13.50e3 14.61e3 16.56e3 19.34e3 20.14e3 19.17e3 18.85e3 19.91e3 21.63e3 20.36e3 20.82e3 19.71e3 20.14e3 20.09e3 19.93e3 19.67e3 19.82e3 20.69e3 21.86e3 21.18e3 21.23e3 25.45e3 26.16e3 27.19e3 26.39e3 27.45e3 29.65e3 29.70e3 29.26e3 27.62e3 26.98e3 26.42e3 28.20e3 28.58e3 27.68e3 28.09e3 30.09e3 28.54e3 30.34e3 28.21e3 35.45e3 33.07e3 34.55e3 33.77e3 30.87e3 32.76e3 31.57e3 32.44e3 34.78e3 31.50e3 32.47e3 31.70e3 31.64e3 29.45e3 31.34e3 29.99e3 29.50e3 30.72e3 31.31e3 30.98e3 31.23e3 32.72e3 30.78e3 29.83e3 31.38e3 31.99e3 31.78e3 32.51e3 35.06e3 34.84e3 35.35e3 35.39e3 37.75e3 38.92e3 42.48e3 40.19e3 39.07e3 39.11e3 41.34e3 
   40.0e6  3.052e3 3.849e3 4.837e3 6.459e3 7.476e3 8.637e3 9.750e3 10.15e3 11.00e3 11.74e3 13.14e3 13.47e3 12.99e3 13.83e3 14.99e3 16.92e3 19.70e3 20.56e3 19.66e3 19.41e3 20.50e3 22.20e3 20.90e3 21.44e3 20.36e3 20.83e3 20.75e3 20.65e3 20.39e3 20.60e3 21.48e3 22.62e3 21.89e3 21.96e3 26.30e3 26.81e3 27.87e3 27.03e3 28.18e3 30.41e3 30.50e3 30.11e3 28.44e3 27.83e3 27.32e3 29.19e3 29.57e3 28.65e3 28.99e3 31.03e3 29.52e3 31.36e3 29.31e3 36.57e3 34.07e3 35.55e3 34.80e3 31.75e3 33.86e3 32.64e3 33.48e3 35.99e3 32.70e3 33.71e3 32.73e3 32.79e3 30.67e3 32.62e3 31.16e3 30.43e3 32.01e3 32.44e3 32.17e3 32.43e3 34.04e3 32.10e3 31.11e3 32.53e3 33.20e3 33.02e3 33.68e3 36.27e3 36.14e3 36.38e3 36.66e3 39.02e3 40.15e3 43.56e3 41.44e3 40.38e3 40.39e3 42.51e3 
   45.0e6  3.198e3 4.016e3 5.011e3 6.710e3 7.720e3 8.961e3 10.20e3 10.52e3 11.55e3 12.31e3 13.70e3 14.11e3 13.57e3 14.40e3 15.67e3 17.54e3 20.26e3 21.21e3 20.49e3 20.37e3 21.53e3 23.13e3 21.83e3 22.51e3 21.50e3 22.04e3 21.90e3 21.92e3 21.69e3 22.00e3 22.88e3 23.98e3 23.16e3 23.28e3 27.76e3 27.88e3 29.02e3 28.14e3 29.43e3 31.65e3 31.86e3 31.57e3 29.89e3 29.35e3 28.94e3 30.92e3 31.32e3 30.39e3 30.57e3 32.70e3 31.27e3 33.16e3 31.35e3 38.51e3 35.82e3 37.31e3 36.63e3 33.37e3 35.82e3 34.53e3 35.34e3 38.12e3 34.84e3 35.92e3 34.58e3 34.92e3 32.89e3 34.94e3 33.28e3 32.13e3 34.33e3 34.48e3 34.31e3 34.56e3 36.41e3 34.50e3 33.44e3 34.61e3 35.40e3 35.21e3 35.75e3 38.43e3 38.49e3 38.20e3 38.94e3 41.32e3 42.31e3 45.39e3 43.66e3 42.71e3 42.67e3 44.59e3 
   50.0e6  3.306e3 4.153e3 5.154e3 6.909e3 7.912e3 9.217e3 10.55e3 10.81e3 12.01e3 12.75e3 14.15e3 14.64e3 14.08e3 14.89e3 16.25e3 18.06e3 20.65e3 21.66e3 21.18e3 21.18e3 22.37e3 23.87e3 22.60e3 23.42e3 22.45e3 23.06e3 22.86e3 23.01e3 22.80e3 23.20e3 24.07e3 25.14e3 24.26e3 24.43e3 28.96e3 28.72e3 29.95e3 29.05e3 30.46e3 32.61e3 32.96e3 32.77e3 31.11e3 30.63e3 30.32e3 32.38e3 32.80e3 31.89e3 31.90e3 34.14e3 32.79e3 34.69e3 33.19e3 40.12e3 37.30e3 38.79e3 38.19e3 34.82e3 37.51e3 36.15e3 36.94e3 39.93e3 36.70e3 37.81e3 36.21e3 36.81e3 34.85e3 36.98e3 35.14e3 33.66e3 36.36e3 36.27e3 36.18e3 36.41e3 38.47e3 36.59e3 35.48e3 36.43e3 37.32e3 37.08e3 37.53e3 40.30e3 40.53e3 39.73e3 40.93e3 43.32e3 44.13e3 46.87e3 45.57e3 44.73e3 44.64e3 46.38e3 
   55.0e6  3.381e3 4.263e3 5.271e3 7.066e3 8.066e3 9.419e3 10.82e3 11.04e3 12.38e3 13.11e3 14.51e3 15.06e3 14.51e3 15.32e3 16.75e3 18.51e3 20.91e3 21.96e3 21.76e3 21.87e3 23.06e3 24.45e3 23.25e3 24.17e3 23.26e3 23.92e3 23.68e3 23.95e3 23.75e3 24.23e3 25.09e3 26.14e3 25.23e3 25.45e3 29.93e3 29.38e3 30.70e3 29.83e3 31.31e3 33.37e3 33.86e3 33.75e3 32.15e3 31.74e3 31.52e3 33.62e3 34.06e3 33.18e3 33.05e3 35.37e3 34.12e3 36.00e3 34.81e3 41.44e3 38.58e3 40.05e3 39.53e3 36.13e3 38.97e3 37.54e3 38.33e3 41.46e3 38.30e3 39.42e3 37.66e3 38.49e3 36.58e3 38.76e3 36.77e3 35.07e3 38.13e3 37.85e3 37.84e3 38.02e3 40.26e3 38.42e3 37.28e3 38.05e3 39.01e3 38.69e3 39.08e3 41.94e3 42.32e3 41.06e3 42.66e3 45.08e3 45.67e3 48.10e3 47.21e3 46.49e3 46.36e3 47.96e3 
   60.0e6  3.431e3 4.352e3 5.369e3 7.189e3 8.190e3 9.581e3 11.04e3 11.22e3 12.69e3 13.39e3 14.80e3 15.41e3 14.89e3 15.70e3 17.18e3 18.88e3 21.07e3 22.16e3 22.24e3 22.44e3 23.63e3 24.91e3 23.79e3 24.81e3 23.95e3 24.65e3 24.38e3 24.76e3 24.58e3 25.12e3 25.96e3 26.99e3 26.08e3 26.34e3 30.72e3 29.91e3 31.33e3 30.50e3 32.02e3 33.98e3 34.60e3 34.56e3 33.05e3 32.69e3 32.56e3 34.66e3 35.13e3 34.31e3 34.05e3 36.45e3 35.28e3 37.13e3 36.25e3 42.53e3 39.67e3 41.12e3 40.69e3 37.30e3 40.23e3 38.75e3 39.54e3 42.76e3 39.70e3 40.81e3 38.94e3 39.98e3 38.12e3 40.33e3 38.22e3 36.36e3 39.67e3 39.26e3 39.31e3 39.43e3 41.82e3 40.04e3 38.86e3 39.50e3 40.50e3 40.10e3 40.44e3 43.38e3 43.89e3 42.22e3 44.18e3 46.64e3 46.99e3 49.15e3 48.64e3 48.02e3 47.85e3 49.35e3 
   65.0e6  3.459e3 4.424e3 5.449e3 7.286e3 8.290e3 9.709e3 11.20e3 11.37e3 12.94e3 13.61e3 15.03e3 15.69e3 15.23e3 16.04e3 17.56e3 19.21e3 21.17e3 22.28e3 22.64e3 22.93e3 24.09e3 25.27e3 24.26e3 25.35e3 24.54e3 25.27e3 24.98e3 25.45e3 25.30e3 25.89e3 26.72e3 27.73e3 26.84e3 27.13e3 31.37e3 30.33e3 31.85e3 31.08e3 32.63e3 34.47e3 35.20e3 35.24e3 33.82e3 33.51e3 33.46e3 35.56e3 36.06e3 35.30e3 34.93e3 37.39e3 36.31e3 38.11e3 37.51e3 43.41e3 40.62e3 42.03e3 41.69e3 38.36e3 41.34e3 39.79e3 40.60e3 43.88e3 40.92e3 42.02e3 40.09e3 41.31e3 39.49e3 41.72e3 39.50e3 37.55e3 41.03e3 40.53e3 40.61e3 40.67e3 43.19e3 41.45e3 40.27e3 40.81e3 41.82e3 41.34e3 41.65e3 44.65e3 45.28e3 43.26e3 45.52e3 48.03e3 48.13e3 50.06e3 49.89e3 49.37e3 49.17e3 50.59e3 
   70.0e6  3.471e3 4.481e3 5.516e3 7.362e3 8.371e3 9.811e3 11.33e3 11.48e3 13.15e3 13.79e3 15.21e3 15.92e3 15.53e3 16.34e3 17.89e3 19.49e3 21.22e3 22.34e3 22.98e3 23.34e3 24.47e3 25.55e3 24.66e3 25.81e3 25.04e3 25.79e3 25.50e3 26.05e3 25.92e3 26.56e3 27.36e3 28.38e3 27.51e3 27.84e3 31.90e3 30.66e3 32.30e3 31.60e3 33.15e3 34.87e3 35.70e3 35.79e3 34.49e3 34.23e3 34.25e3 36.32e3 36.85e3 36.17e3 35.70e3 38.22e3 37.21e3 38.95e3 38.61e3 44.12e3 41.44e3 42.82e3 42.57e3 39.31e3 42.31e3 40.71e3 41.54e3 44.83e3 42.00e3 43.06e3 41.12e3 42.49e3 40.71e3 42.95e3 40.65e3 38.65e3 42.23e3 41.67e3 41.77e3 41.77e3 44.39e3 42.71e3 41.51e3 41.99e3 43.00e3 42.44e3 42.75e3 45.80e3 46.50e3 44.20e3 46.72e3 49.26e3 49.15e3 50.88e3 50.99e3 50.57e3 50.34e3 51.71e3 
   80.0e6  3.458e3 4.560e3 5.616e3 7.465e3 8.491e3 9.958e3 11.48e3 11.66e3 13.48e3 14.03e3 15.48e3 16.25e3 16.03e3 16.85e3 18.44e3 19.94e3 21.25e3 22.35e3 23.53e3 24.00e3 25.04e3 25.95e3 25.30e3 26.53e3 25.85e3 26.62e3 26.33e3 27.03e3 26.95e3 27.63e3 28.41e3 29.42e3 28.65e3 29.05e3 32.70e3 31.17e3 33.03e3 32.50e3 34.02e3 35.50e3 36.45e3 36.65e3 35.60e3 35.42e3 35.55e3 37.54e3 38.11e3 37.63e3 37.03e3 39.59e3 38.74e3 40.33e3 40.42e3 45.14e3 42.78e3 44.09e3 44.02e3 40.96e3 43.92e3 42.22e3 43.11e3 46.37e3 43.78e3 44.77e3 42.89e3 44.45e3 42.78e3 45.00e3 42.59e3 40.63e3 44.25e3 43.66e3 43.75e3 43.62e3 46.38e3 44.81e3 43.62e3 44.05e3 44.99e3 44.34e3 44.66e3 47.75e3 48.55e3 45.87e3 48.77e3 51.38e3 50.86e3 52.30e3 52.82e3 52.58e3 52.31e3 53.62e3 
   90.0e6  3.413e3 4.606e3 5.684e3 7.522e3 8.570e3 10.05e3 11.55e3 11.78e3 13.70e3 14.17e3 15.63e3 16.45e3 16.44e3 17.27e3 18.87e3 20.28e3 21.21e3 22.27e3 23.92e3 24.48e3 25.40e3 26.20e3 25.78e3 27.05e3 26.45e3 27.23e3 26.95e3 27.76e3 27.75e3 28.43e3 29.21e3 30.23e3 29.59e3 30.04e3 33.28e3 31.52e3 33.62e3 33.26e3 34.73e3 35.97e3 36.96e3 37.25e3 36.45e3 36.34e3 36.55e3 38.44e3 39.06e3 38.79e3 38.12e3 40.68e3 39.97e3 41.39e3 41.79e3 45.77e3 43.81e3 45.04e3 45.16e3 42.31e3 45.18e3 43.39e3 44.36e3 47.52e3 45.18e3 46.09e3 44.36e3 45.99e3 44.45e3 46.63e3 44.16e3 42.36e3 45.86e3 45.33e3 45.36e3 45.11e3 47.93e3 46.47e3 45.32e3 45.78e3 46.62e3 45.95e3 46.31e3 49.37e3 50.18e3 47.35e3 50.46e3 53.12e3 52.28e3 53.53e3 54.28e3 54.19e3 53.89e3 55.21e3 
   100.e6  3.349e3 4.627e3 5.728e3 7.549e3 8.618e3 10.10e3 11.57e3 11.86e3 13.85e3 14.24e3 15.71e3 16.57e3 16.77e3 17.63e3 19.22e3 20.55e3 21.15e3 22.15e3 24.22e3 24.83e3 25.64e3 26.35e3 26.15e3 27.42e3 26.90e3 27.66e3 27.43e3 28.32e3 28.38e3 29.04e3 29.83e3 30.85e3 30.35e3 30.87e3 33.70e3 31.78e3 34.12e3 33.94e3 35.32e3 36.36e3 37.29e3 37.67e3 37.13e3 37.08e3 37.34e3 39.12e3 39.78e3 39.72e3 39.04e3 41.55e3 40.98e3 42.21e3 42.83e3 46.13e3 44.62e3 45.76e3 46.07e3 43.44e3 46.18e3 44.31e3 45.37e3 48.40e3 46.30e3 47.13e3 45.59e3 47.18e3 45.82e3 47.93e3 45.45e3 43.88e3 47.19e3 46.76e3 46.68e3 46.34e3 49.16e3 47.81e3 46.71e3 47.24e3 47.95e3 47.34e3 47.75e3 50.74e3 51.50e3 48.70e3 51.91e3 54.57e3 53.50e3 54.63e3 55.46e3 55.51e3 55.19e3 56.54e3 
   110.e6  3.275e3 4.630e3 5.755e3 7.555e3 8.644e3 10.13e3 11.55e3 11.91e3 13.96e3 14.27e3 15.74e3 16.63e3 17.05e3 17.93e3 19.49e3 20.75e3 21.08e3 22.03e3 24.43e3 25.09e3 25.77e3 26.44e3 26.42e3 27.68e3 27.23e3 27.98e3 27.79e3 28.75e3 28.88e3 29.49e3 30.30e3 31.34e3 31.00e3 31.57e3 34.04e3 31.98e3 34.56e3 34.56e3 35.85e3 36.69e3 37.51e3 37.96e3 37.66e3 37.66e3 37.96e3 39.63e3 40.32e3 40.49e3 39.81e3 42.24e3 41.81e3 42.86e3 43.62e3 46.31e3 45.25e3 46.32e3 46.81e3 44.38e3 46.97e3 45.04e3 46.20e3 49.07e3 47.19e3 47.95e3 46.63e3 48.11e3 46.94e3 48.97e3 46.52e3 45.21e3 48.30e3 48.00e3 47.76e3 47.37e3 50.13e3 48.90e3 47.86e3 48.48e3 49.06e3 48.58e3 49.04e3 51.90e3 52.57e3 49.95e3 53.16e3 55.80e3 54.59e3 55.64e3 56.43e3 56.60e3 56.27e3 57.68e3 
   120.e6  3.197e3 4.622e3 5.769e3 7.548e3 8.653e3 10.14e3 11.50e3 11.95e3 14.02e3 14.27e3 15.73e3 16.65e3 17.28e3 18.18e3 19.72e3 20.91e3 21.02e3 21.90e3 24.60e3 25.28e3 25.84e3 26.49e3 26.63e3 27.85e3 27.48e3 28.20e3 28.07e3 29.07e3 29.28e3 29.83e3 30.68e3 31.73e3 31.54e3 32.16e3 34.32e3 32.15e3 34.96e3 35.14e3 36.32e3 36.99e3 37.64e3 38.16e3 38.09e3 38.13e3 38.45e3 40.01e3 40.73e3 41.12e3 40.47e3 42.81e3 42.50e3 43.36e3 44.21e3 46.35e3 45.75e3 46.74e3 47.40e3 45.18e3 47.61e3 45.62e3 46.88e3 49.59e3 47.91e3 48.60e3 47.52e3 48.83e3 47.86e3 49.81e3 47.42e3 46.40e3 49.26e3 49.10e3 48.67e3 48.24e3 50.91e3 49.79e3 48.82e3 49.53e3 50.00e3 49.70e3 50.21e3 52.89e3 53.45e3 51.13e3 54.26e3 56.85e3 55.58e3 56.57e3 57.22e3 57.51e3 57.18e3 58.65e3 
   130.e6  3.117e3 4.604e3 5.774e3 7.531e3 8.648e3 10.13e3 11.44e3 11.98e3 14.05e3 14.24e3 15.69e3 16.64e3 17.48e3 18.39e3 19.90e3 21.04e3 20.97e3 21.79e3 24.71e3 25.41e3 25.87e3 26.51e3 26.78e3 27.97e3 27.67e3 28.35e3 28.28e3 29.31e3 29.61e3 30.08e3 30.97e3 32.03e3 32.00e3 32.67e3 34.56e3 32.31e3 35.34e3 35.69e3 36.76e3 37.26e3 37.70e3 38.29e3 38.44e3 38.51e3 38.84e3 40.30e3 41.04e3 41.64e3 41.04e3 43.26e3 43.08e3 43.76e3 44.65e3 46.32e3 46.14e3 47.06e3 47.90e3 45.85e3 48.12e3 46.09e3 47.44e3 49.99e3 48.49e3 49.13e3 48.29e3 49.37e3 48.63e3 50.49e3 48.17e3 47.45e3 50.11e3 50.07e3 49.42e3 48.99e3 51.52e3 50.52e3 49.62e3 50.44e3 50.79e3 50.72e3 51.29e3 53.76e3 54.18e3 52.25e3 55.24e3 57.76e3 56.50e3 57.43e3 57.89e3 58.27e3 57.94e3 59.50e3 
   140.e6  3.039e3 4.581e3 5.771e3 7.507e3 8.632e3 10.11e3 11.37e3 12.00e3 14.06e3 14.20e3 15.64e3 16.60e3 17.64e3 18.58e3 20.05e3 21.13e3 20.92e3 21.70e3 24.79e3 25.51e3 25.87e3 26.52e3 26.89e3 28.03e3 27.80e3 28.45e3 28.44e3 29.49e3 29.86e3 30.26e3 31.19e3 32.27e3 32.40e3 33.11e3 34.79e3 32.46e3 35.69e3 36.22e3 37.17e3 37.52e3 37.71e3 38.37e3 38.72e3 38.82e3 39.14e3 40.51e3 41.27e3 42.08e3 41.52e3 43.62e3 43.56e3 44.07e3 44.96e3 46.22e3 46.46e3 47.30e3 48.31e3 46.42e3 48.53e3 46.45e3 47.90e3 50.30e3 48.95e3 49.55e3 48.95e3 49.78e3 49.27e3 51.04e3 48.81e3 48.39e3 50.87e3 50.95e3 50.06e3 49.63e3 52.01e3 51.13e3 50.29e3 51.21e3 51.47e3 51.65e3 52.27e3 54.51e3 54.78e3 53.32e3 56.13e3 58.56e3 57.35e3 58.23e3 58.45e3 58.92e3 58.60e3 60.24e3 
   150.e6  2.963e3 4.552e3 5.763e3 7.479e3 8.607e3 10.09e3 11.29e3 12.01e3 14.06e3 14.15e3 15.56e3 16.55e3 17.78e3 18.74e3 20.17e3 21.20e3 20.87e3 21.61e3 24.85e3 25.57e3 25.84e3 26.52e3 26.96e3 28.06e3 27.89e3 28.51e3 28.55e3 29.61e3 30.07e3 30.37e3 31.37e3 32.46e3 32.74e3 33.50e3 35.01e3 32.61e3 36.02e3 36.73e3 37.55e3 37.77e3 37.69e3 38.41e3 38.95e3 39.07e3 39.39e3 40.67e3 41.44e3 42.45e3 41.93e3 43.90e3 43.97e3 44.31e3 45.18e3 46.09e3 46.70e3 47.48e3 48.65e3 46.91e3 48.86e3 46.74e3 48.29e3 50.55e3 49.33e3 49.89e3 49.53e3 50.07e3 49.80e3 51.48e3 49.35e3 49.23e3 51.58e3 51.74e3 50.59e3 50.20e3 52.39e3 51.64e3 50.87e3 51.87e3 52.07e3 52.52e3 53.19e3 55.16e3 55.28e3 54.33e3 56.93e3 59.27e3 58.16e3 58.98e3 58.92e3 59.47e3 59.17e3 60.90e3 
   160.e6  2.891e3 4.521e3 5.750e3 7.447e3 8.575e3 10.06e3 11.21e3 12.02e3 14.03e3 14.10e3 15.48e3 16.49e3 17.89e3 18.87e3 20.26e3 21.25e3 20.83e3 21.55e3 24.88e3 25.60e3 25.81e3 26.50e3 27.01e3 28.05e3 27.94e3 28.54e3 28.63e3 29.69e3 30.23e3 30.45e3 31.51e3 32.61e3 33.04e3 33.84e3 35.23e3 32.75e3 36.33e3 37.22e3 37.91e3 38.00e3 37.64e3 38.42e3 39.13e3 39.27e3 39.58e3 40.78e3 41.55e3 42.76e3 42.28e3 44.13e3 44.32e3 44.50e3 45.33e3 45.93e3 46.90e3 47.62e3 48.93e3 47.33e3 49.12e3 46.96e3 48.61e3 50.74e3 49.63e3 50.17e3 50.04e3 50.28e3 50.24e3 51.84e3 49.81e3 49.98e3 52.24e3 52.47e3 51.04e3 50.70e3 52.69e3 52.07e3 51.35e3 52.44e3 52.58e3 53.33e3 54.04e3 55.73e3 55.70e3 55.30e3 57.67e3 59.89e3 58.93e3 59.68e3 59.31e3 59.95e3 59.65e3 61.48e3 
   170.e6  2.838e3 4.502e3 5.734e3 7.416e3 8.556e3 10.04e3 11.16e3 12.04e3 14.01e3 14.06e3 15.43e3 16.45e3 17.99e3 18.99e3 20.34e3 21.29e3 20.88e3 21.52e3 24.92e3 25.63e3 25.82e3 26.52e3 27.09e3 28.07e3 28.01e3 28.58e3 28.73e3 29.80e3 30.38e3 30.55e3 31.67e3 32.74e3 33.30e3 34.12e3 35.36e3 32.91e3 36.63e3 37.65e3 38.27e3 38.23e3 37.67e3 38.49e3 39.35e3 39.49e3 39.81e3 40.95e3 41.69e3 43.07e3 42.65e3 44.38e3 44.67e3 44.71e3 45.44e3 45.79e3 47.12e3 47.80e3 49.26e3 47.75e3 49.41e3 47.24e3 48.97e3 50.95e3 49.96e3 50.50e3 50.51e3 50.51e3 50.68e3 52.22e3 50.29e3 50.66e3 52.84e3 53.16e3 51.49e3 51.23e3 53.05e3 52.49e3 51.86e3 53.01e3 53.09e3 54.08e3 54.79e3 56.32e3 56.15e3 56.18e3 58.29e3 60.41e3 59.64e3 60.32e3 59.77e3 60.47e3 60.18e3 62.06e3 
   180.e6  2.840e3 4.518e3 5.704e3 7.373e3 8.576e3 10.05e3 11.20e3 12.10e3 14.01e3 14.08e3 15.48e3 16.48e3 18.06e3 19.08e3 20.35e3 21.29e3 21.18e3 21.58e3 24.95e3 25.65e3 25.91e3 26.62e3 27.29e3 28.15e3 28.14e3 28.67e3 28.94e3 30.03e3 30.53e3 30.78e3 31.94e3 32.83e3 33.49e3 34.30e3 35.14e3 33.02e3 36.85e3 37.83e3 38.55e3 38.39e3 37.94e3 38.75e3 39.70e3 39.80e3 40.18e3 41.31e3 41.95e3 43.46e3 43.15e3 44.78e3 45.09e3 45.08e3 45.48e3 45.66e3 47.45e3 48.14e3 49.74e3 48.23e3 49.88e3 47.77e3 49.46e3 51.24e3 50.44e3 51.05e3 50.90e3 50.95e3 51.19e3 52.74e3 50.92e3 51.26e3 53.25e3 53.80e3 52.09e3 51.91e3 53.70e3 53.01e3 52.56e3 53.68e3 53.66e3 54.67e3 55.28e3 57.02e3 56.74e3 56.77e3 58.57e3 60.62e3 60.15e3 60.81e3 60.44e3 61.23e3 60.90e3 62.69e3 
   200.e6  2.829e3 4.501e3 5.569e3 7.207e3 8.508e3 9.963e3 11.19e3 12.11e3 13.84e3 13.98e3 15.41e3 16.36e3 17.99e3 19.03e3 20.13e3 21.06e3 21.62e3 21.52e3 24.74e3 25.40e3 25.81e3 26.56e3 27.38e3 28.03e3 28.09e3 28.57e3 29.05e3 30.19e3 30.51e3 30.94e3 32.19e3 32.69e3 33.52e3 34.29e3 34.39e3 32.99e3 36.93e3 37.81e3 38.70e3 38.37e3 38.13e3 38.92e3 40.04e3 40.03e3 40.57e3 41.66e3 42.05e3 43.81e3 43.70e3 45.13e3 45.48e3 45.38e3 45.11e3 45.02e3 47.65e3 48.37e3 50.25e3 48.75e3 50.34e3 48.40e3 50.01e3 51.40e3 50.93e3 51.70e3 51.21e3 51.36e3 51.76e3 53.31e3 51.74e3 51.98e3 53.58e3 54.56e3 52.82e3 52.86e3 54.55e3 53.57e3 53.50e3 54.55e3 54.33e3 55.37e3 55.75e3 57.91e3 57.42e3 57.42e3 58.49e3 60.37e3 60.60e3 61.19e3 61.21e3 62.21e3 61.79e3 63.44e3 
   225.e6  2.685e3 4.397e3 5.463e3 7.054e3 8.433e3 9.870e3 11.06e3 12.05e3 13.67e3 13.80e3 15.27e3 16.22e3 17.96e3 19.01e3 19.96e3 20.90e3 21.54e3 21.45e3 24.56e3 25.22e3 25.67e3 26.55e3 27.37e3 27.85e3 28.07e3 28.48e3 29.08e3 30.25e3 30.57e3 31.08e3 32.26e3 32.65e3 33.61e3 34.37e3 34.38e3 33.02e3 37.00e3 37.87e3 38.85e3 38.34e3 38.21e3 39.08e3 40.23e3 40.18e3 40.76e3 41.84e3 42.20e3 44.07e3 44.16e3 45.36e3 45.83e3 45.55e3 45.25e3 44.80e3 47.83e3 48.55e3 50.55e3 49.24e3 50.59e3 48.76e3 50.34e3 51.41e3 51.28e3 52.09e3 51.59e3 51.73e3 52.20e3 53.66e3 52.33e3 52.66e3 53.84e3 55.31e3 53.59e3 53.62e3 55.12e3 54.16e3 54.31e3 55.16e3 54.92e3 56.03e3 56.41e3 58.70e3 57.96e3 58.22e3 59.67e3 61.12e3 61.45e3 61.90e3 62.06e3 63.01e3 62.59e3 64.18e3 
   250.e6  2.562e3 4.299e3 5.367e3 6.916e3 8.344e3 9.773e3 10.93e3 11.99e3 13.50e3 13.63e3 15.12e3 16.07e3 17.89e3 18.96e3 19.78e3 20.72e3 21.41e3 21.41e3 24.36e3 25.03e3 25.50e3 26.53e3 27.28e3 27.64e3 28.00e3 28.36e3 29.05e3 30.23e3 30.56e3 31.14e3 32.24e3 32.56e3 33.61e3 34.37e3 34.46e3 33.08e3 36.98e3 37.84e3 38.87e3 38.27e3 38.22e3 39.15e3 40.31e3 40.22e3 40.82e3 41.92e3 42.26e3 44.20e3 44.42e3 45.45e3 46.03e3 45.60e3 45.36e3 44.66e3 47.91e3 48.63e3 50.71e3 49.58e3 50.68e3 48.95e3 50.51e3 51.34e3 51.46e3 52.32e3 51.81e3 51.98e3 52.45e3 53.81e3 52.71e3 53.11e3 53.95e3 55.82e3 54.17e3 54.17e3 55.48e3 54.58e3 54.91e3 55.54e3 55.35e3 56.50e3 56.89e3 59.23e3 58.33e3 58.81e3 60.69e3 61.75e3 62.11e3 62.41e3 62.68e3 63.57e3 63.17e3 64.74e3 
   275.e6  2.461e3 4.207e3 5.277e3 6.788e3 8.243e3 9.668e3 10.82e3 11.92e3 13.32e3 13.47e3 14.96e3 15.92e3 17.79e3 18.87e3 19.58e3 20.52e3 21.28e3 21.37e3 24.14e3 24.82e3 25.30e3 26.48e3 27.14e3 27.40e3 27.88e3 28.21e3 28.95e3 30.16e3 30.49e3 31.14e3 32.17e3 32.44e3 33.53e3 34.29e3 34.55e3 33.14e3 36.89e3 37.74e3 38.79e3 38.14e3 38.17e3 39.14e3 40.29e3 40.17e3 40.81e3 41.91e3 42.23e3 44.22e3 44.51e3 45.43e3 46.11e3 45.55e3 45.41e3 44.55e3 47.90e3 48.62e3 50.76e3 49.78e3 50.65e3 49.02e3 50.55e3 51.21e3 51.52e3 52.42e3 51.90e3 52.13e3 52.55e3 53.83e3 52.93e3 53.39e3 53.97e3 56.13e3 54.57e3 54.57e3 55.68e3 54.87e3 55.33e3 55.75e3 55.65e3 56.82e3 57.21e3 59.55e3 58.58e3 59.21e3 61.52e3 62.22e3 62.60e3 62.75e3 63.11e3 63.94e3 63.57e3 65.14e3 
   300.e6  2.378e3 4.121e3 5.192e3 6.668e3 8.132e3 9.558e3 10.71e3 11.85e3 13.14e3 13.32e3 14.78e3 15.76e3 17.67e3 18.75e3 19.36e3 20.30e3 21.12e3 21.31e3 23.89e3 24.60e3 25.09e3 26.41e3 26.94e3 27.14e3 27.72e3 28.04e3 28.82e3 30.05e3 30.37e3 31.08e3 32.04e3 32.28e3 33.40e3 34.16e3 34.65e3 33.19e3 36.75e3 37.58e3 38.63e3 37.99e3 38.07e3 39.07e3 40.19e3 40.06e3 40.73e3 41.84e3 42.14e3 44.16e3 44.47e3 45.32e3 46.10e3 45.44e3 45.42e3 44.47e3 47.83e3 48.54e3 50.72e3 49.89e3 50.54e3 48.99e3 50.50e3 51.05e3 51.48e3 52.42e3 51.89e3 52.19e3 52.55e3 53.75e3 53.04e3 53.51e3 53.93e3 56.29e3 54.83e3 54.84e3 55.75e3 55.07e3 55.61e3 55.85e3 55.85e3 57.02e3 57.42e3 59.71e3 58.73e3 59.47e3 62.18e3 62.58e3 62.94e3 62.95e3 63.39e3 64.16e3 63.82e3 65.41e3 
   325.e6  2.308e3 4.041e3 5.111e3 6.555e3 8.017e3 9.443e3 10.60e3 11.78e3 12.95e3 13.18e3 14.61e3 15.61e3 17.52e3 18.60e3 19.14e3 20.07e3 20.96e3 21.24e3 23.64e3 24.37e3 24.85e3 26.31e3 26.72e3 26.87e3 27.55e3 27.85e3 28.65e3 29.90e3 30.21e3 30.97e3 31.88e3 32.10e3 33.22e3 33.99e3 34.74e3 33.23e3 36.56e3 37.38e3 38.41e3 37.83e3 37.95e3 38.96e3 40.04e3 39.90e3 40.60e3 41.72e3 42.00e3 44.02e3 44.32e3 45.15e3 46.01e3 45.28e3 45.40e3 44.40e3 47.70e3 48.42e3 50.62e3 49.92e3 50.36e3 48.91e3 50.38e3 50.85e3 51.37e3 52.34e3 51.81e3 52.20e3 52.46e3 53.60e3 53.05e3 53.53e3 53.84e3 56.33e3 54.96e3 55.00e3 55.72e3 55.18e3 55.77e3 55.85e3 55.98e3 57.13e3 57.54e3 59.73e3 58.81e3 59.60e3 62.69e3 62.85e3 63.15e3 63.03e3 63.55e3 64.27e3 63.96e3 65.57e3 
   350.e6  2.249e3 3.965e3 5.035e3 6.447e3 7.899e3 9.324e3 10.50e3 11.70e3 12.77e3 13.05e3 14.43e3 15.45e3 17.36e3 18.44e3 18.91e3 19.84e3 20.78e3 21.14e3 23.37e3 24.14e3 24.61e3 26.19e3 26.48e3 26.59e3 27.35e3 27.66e3 28.47e3 29.73e3 30.01e3 30.83e3 31.69e3 31.90e3 33.01e3 33.78e3 34.82e3 33.26e3 36.34e3 37.15e3 38.14e3 37.64e3 37.79e3 38.81e3 39.84e3 39.71e3 40.44e3 41.55e3 41.82e3 43.83e3 44.10e3 44.92e3 45.85e3 45.08e3 45.36e3 44.35e3 47.54e3 48.27e3 50.47e3 49.88e3 50.14e3 48.76e3 50.20e3 50.64e3 51.21e3 52.20e3 51.67e3 52.16e3 52.31e3 53.40e3 53.00e3 53.46e3 53.73e3 56.27e3 55.00e3 55.08e3 55.61e3 55.24e3 55.85e3 55.78e3 56.04e3 57.17e3 57.59e3 59.65e3 58.83e3 59.63e3 63.08e3 63.03e3 63.27e3 63.02e3 63.62e3 64.28e3 64.01e3 65.65e3 
   375.e6  2.198e3 3.894e3 4.962e3 6.344e3 7.781e3 9.204e3 10.40e3 11.62e3 12.59e3 12.92e3 14.25e3 15.30e3 17.19e3 18.26e3 18.68e3 19.60e3 20.59e3 21.03e3 23.10e3 23.90e3 24.37e3 26.05e3 26.21e3 26.31e3 27.14e3 27.46e3 28.26e3 29.54e3 29.80e3 30.66e3 31.47e3 31.69e3 32.77e3 33.54e3 34.89e3 33.27e3 36.10e3 36.90e3 37.83e3 37.45e3 37.62e3 38.63e3 39.61e3 39.48e3 40.25e3 41.35e3 41.62e3 43.60e3 43.81e3 44.66e3 45.64e3 44.85e3 45.30e3 44.29e3 47.35e3 48.08e3 50.28e3 49.79e3 49.87e3 48.59e3 49.99e3 50.42e3 51.00e3 52.01e3 51.50e3 52.08e3 52.11e3 53.16e3 52.89e3 53.31e3 53.59e3 56.13e3 54.95e3 55.09e3 55.44e3 55.24e3 55.85e3 55.66e3 56.06e3 57.15e3 57.58e3 59.49e3 58.80e3 59.59e3 63.35e3 63.14e3 63.29e3 62.93e3 63.60e3 64.22e3 63.99e3 65.65e3 
   400.e6  2.154e3 3.825e3 4.892e3 6.245e3 7.664e3 9.082e3 10.30e3 11.53e3 12.42e3 12.80e3 14.06e3 15.14e3 17.00e3 18.08e3 18.45e3 19.37e3 20.40e3 20.90e3 22.82e3 23.66e3 24.12e3 25.89e3 25.94e3 26.04e3 26.91e3 27.25e3 28.05e3 29.33e3 29.57e3 30.47e3 31.23e3 31.47e3 32.51e3 33.28e3 34.93e3 33.26e3 35.84e3 36.62e3 37.50e3 37.26e3 37.43e3 38.42e3 39.34e3 39.24e3 40.03e3 41.12e3 41.39e3 43.34e3 43.47e3 44.38e3 45.39e3 44.59e3 45.22e3 44.23e3 47.13e3 47.87e3 50.05e3 49.65e3 49.58e3 48.38e3 49.74e3 50.18e3 50.77e3 51.77e3 51.29e3 51.97e3 51.87e3 52.90e3 52.74e3 53.11e3 53.44e3 55.94e3 54.82e3 55.04e3 55.22e3 55.21e3 55.80e3 55.49e3 56.03e3 57.09e3 57.52e3 59.26e3 58.72e3 59.48e3 63.53e3 63.20e3 63.24e3 62.79e3 63.51e3 64.10e3 63.90e3 65.58e3 
   450.e6  2.080e3 3.697e3 4.760e3 6.057e3 7.436e3 8.837e3 10.09e3 11.34e3 12.09e3 12.56e3 13.70e3 14.84e3 16.62e3 17.68e3 17.99e3 18.89e3 19.99e3 20.58e3 22.27e3 23.19e3 23.61e3 25.52e3 25.37e3 25.49e3 26.45e3 26.83e3 27.59e3 28.89e3 29.06e3 30.04e3 30.70e3 31.01e3 31.94e3 32.71e3 34.94e3 33.18e3 35.28e3 36.04e3 36.79e3 36.84e3 37.01e3 37.95e3 38.74e3 38.70e3 39.56e3 40.59e3 40.87e3 42.72e3 42.71e3 43.74e3 44.79e3 44.03e3 45.04e3 44.09e3 46.64e3 47.41e3 49.52e3 49.28e3 48.95e3 47.89e3 49.17e3 49.68e3 50.23e3 51.21e3 50.80e3 51.68e3 51.32e3 52.32e3 52.33e3 52.58e3 53.09e3 55.41e3 54.40e3 54.78e3 54.68e3 55.03e3 55.53e3 55.08e3 55.87e3 56.85e3 57.29e3 58.66e3 58.47e3 59.10e3 63.63e3 63.16e3 62.97e3 62.35e3 63.18e3 63.70e3 63.59e3 65.27e3 
   500.e6  2.018e3 3.578e3 4.637e3 5.882e3 7.218e3 8.594e3 9.877e3 11.15e3 11.78e3 12.33e3 13.35e3 14.54e3 16.22e3 17.27e3 17.53e3 18.42e3 19.57e3 20.20e3 21.71e3 22.73e3 23.11e3 25.09e3 24.80e3 24.95e3 25.96e3 26.41e3 27.11e3 28.42e3 28.53e3 29.55e3 30.13e3 30.53e3 31.33e3 32.11e3 34.85e3 33.02e3 34.68e3 35.42e3 36.03e3 36.40e3 36.55e3 37.43e3 38.09e3 38.12e3 39.04e3 39.98e3 40.31e3 42.04e3 41.87e3 43.06e3 44.10e3 43.42e3 44.79e3 43.90e3 46.10e3 46.89e3 48.91e3 48.79e3 48.26e3 47.35e3 48.53e3 49.16e3 49.64e3 50.56e3 50.25e3 51.29e3 50.71e3 51.71e3 51.82e3 51.94e3 52.70e3 54.76e3 53.79e3 54.38e3 54.03e3 54.74e3 55.12e3 54.59e3 55.60e3 56.50e3 56.95e3 57.93e3 58.11e3 58.57e3 63.44e3 62.95e3 62.50e3 61.77e3 62.68e3 63.16e3 63.11e3 64.80e3 
   550.e6  1.963e3 3.465e3 4.521e3 5.717e3 7.013e3 8.356e3 9.660e3 10.93e3 11.48e3 12.12e3 13.01e3 14.24e3 15.83e3 16.85e3 17.09e3 17.96e3 19.15e3 19.78e3 21.16e3 22.26e3 22.61e3 24.63e3 24.23e3 24.43e3 25.47e3 25.98e3 26.63e3 27.92e3 27.97e3 29.03e3 29.54e3 30.03e3 30.70e3 31.48e3 34.65e3 32.78e3 34.08e3 34.79e3 35.25e3 35.94e3 36.07e3 36.86e3 37.39e3 37.52e3 38.49e3 39.33e3 39.72e3 41.30e3 41.02e3 42.36e3 43.35e3 42.79e3 44.49e3 43.65e3 45.51e3 46.33e3 48.24e3 48.23e3 47.55e3 46.78e3 47.87e3 48.60e3 49.00e3 49.85e3 49.65e3 50.84e3 50.05e3 51.07e3 51.24e3 51.23e3 52.27e3 54.03e3 53.06e3 53.87e3 53.33e3 54.37e3 54.61e3 54.04e3 55.23e3 56.06e3 56.51e3 57.12e3 57.66e3 57.93e3 63.04e3 62.59e3 61.88e3 61.08e3 62.07e3 62.51e3 62.53e3 64.18e3 
   600.e6  1.912e3 3.358e3 4.410e3 5.560e3 6.821e3 8.125e3 9.440e3 10.72e3 11.20e3 11.90e3 12.67e3 13.95e3 15.43e3 16.44e3 16.66e3 17.51e3 18.74e3 19.34e3 20.63e3 21.81e3 22.13e3 24.13e3 23.67e3 23.93e3 24.98e3 25.55e3 26.14e3 27.42e3 27.41e3 28.50e3 28.92e3 29.54e3 30.07e3 30.84e3 34.36e3 32.48e3 33.46e3 34.16e3 34.48e3 35.46e3 35.56e3 36.27e3 36.68e3 36.91e3 37.91e3 38.65e3 39.10e3 40.54e3 40.17e3 41.65e3 42.57e3 42.15e3 44.14e3 43.33e3 44.91e3 45.74e3 47.54e3 47.60e3 46.83e3 46.18e3 47.18e3 48.03e3 48.35e3 49.11e3 49.03e3 50.33e3 49.38e3 50.41e3 50.62e3 50.49e3 51.79e3 53.26e3 52.24e3 53.27e3 52.59e3 53.91e3 54.02e3 53.45e3 54.79e3 55.56e3 56.01e3 56.28e3 57.15e3 57.23e3 62.45e3 62.12e3 61.16e3 60.33e3 61.37e3 61.79e3 61.85e3 63.47e3 
   650.e6  1.864e3 3.255e3 4.304e3 5.411e3 6.641e3 7.903e3 9.216e3 10.49e3 10.94e3 11.69e3 12.35e3 13.66e3 15.04e3 16.03e3 16.24e3 17.08e3 18.34e3 18.89e3 20.11e3 21.36e3 21.65e3 23.61e3 23.12e3 23.44e3 24.48e3 25.12e3 25.65e3 26.91e3 26.85e3 27.95e3 28.31e3 29.04e3 29.43e3 30.20e3 33.97e3 32.12e3 32.85e3 33.53e3 33.72e3 34.96e3 35.03e3 35.66e3 35.95e3 36.30e3 37.33e3 37.94e3 38.48e3 39.76e3 39.34e3 40.95e3 41.77e3 41.50e3 43.73e3 42.95e3 44.27e3 45.12e3 46.81e3 46.93e3 46.11e3 45.57e3 46.48e3 47.43e3 47.67e3 48.34e3 48.38e3 49.78e3 48.69e3 49.75e3 49.97e3 49.73e3 51.27e3 52.46e3 51.36e3 52.61e3 51.83e3 53.40e3 53.37e3 52.84e3 54.27e3 54.99e3 55.44e3 55.42e3 56.57e3 56.48e3 61.73e3 61.54e3 60.36e3 59.54e3 60.60e3 61.01e3 61.12e3 62.68e3 
   700.e6  1.815e3 3.156e3 4.201e3 5.270e3 6.471e3 7.689e3 8.991e3 10.26e3 10.68e3 11.47e3 12.04e3 13.38e3 14.66e3 15.63e3 15.84e3 16.66e3 17.95e3 18.43e3 19.61e3 20.92e3 21.19e3 23.09e3 22.60e3 22.98e3 24.00e3 24.69e3 25.17e3 26.40e3 26.30e3 27.40e3 27.69e3 28.54e3 28.80e3 29.56e3 33.52e3 31.72e3 32.24e3 32.91e3 32.97e3 34.45e3 34.50e3 35.05e3 35.23e3 35.70e3 36.73e3 37.22e3 37.84e3 38.98e3 38.54e3 40.25e3 40.96e3 40.84e3 43.27e3 42.50e3 43.63e3 44.48e3 46.06e3 46.23e3 45.39e3 44.95e3 45.78e3 46.80e3 46.99e3 47.57e3 47.73e3 49.18e3 47.99e3 49.07e3 49.29e3 48.96e3 50.71e3 51.64e3 50.45e3 51.90e3 51.07e3 52.83e3 52.69e3 52.20e3 53.70e3 54.38e3 54.83e3 54.56e3 55.95e3 55.69e3 60.90e3 60.87e3 59.51e3 58.71e3 59.79e3 60.19e3 60.33e3 61.82e3 
   800.e6  1.720e3 2.969e3 4.004e3 5.005e3 6.160e3 7.289e3 8.542e3 9.791e3 10.19e3 11.04e3 11.45e3 12.82e3 13.93e3 14.86e3 15.08e3 15.86e3 17.21e3 17.54e3 18.66e3 20.06e3 20.30e3 22.02e3 21.60e3 22.09e3 23.05e3 23.82e3 24.21e3 25.37e3 25.23e3 26.30e3 26.48e3 27.55e3 27.57e3 28.32e3 32.43e3 30.82e3 31.05e3 31.70e3 31.55e3 33.37e3 33.39e3 33.82e3 33.81e3 34.50e3 35.53e3 35.76e3 36.58e3 37.44e3 37.06e3 38.88e3 39.35e3 39.54e3 42.21e3 41.44e3 42.30e3 43.17e3 44.54e3 44.77e3 43.96e3 43.69e3 44.38e3 45.50e3 45.62e3 46.02e3 46.38e3 47.88e3 46.61e3 47.70e3 47.88e3 47.44e3 49.48e3 50.02e3 48.59e3 50.40e3 49.55e3 51.57e3 51.24e3 50.88e3 52.42e3 53.04e3 53.49e3 52.88e3 54.59e3 54.08e3 59.00e3 59.32e3 57.69e3 57.01e3 58.08e3 58.48e3 58.64e3 60.01e3 
   900.e6  1.624e3 2.792e3 3.817e3 4.763e3 5.878e3 6.925e3 8.104e3 9.325e3 9.732e3 10.60e3 10.90e3 12.27e3 13.25e3 14.14e3 14.37e3 15.12e3 16.52e3 16.72e3 17.78e3 19.23e3 19.46e3 20.98e3 20.68e3 21.25e3 22.13e3 22.95e3 23.29e3 24.36e3 24.21e3 25.22e3 25.31e3 26.58e3 26.40e3 27.13e3 31.18e3 29.82e3 29.91e3 30.54e3 30.22e3 32.24e3 32.27e3 32.60e3 32.44e3 33.34e3 34.32e3 34.31e3 35.32e3 35.95e3 35.73e3 37.55e3 37.79e3 38.26e3 40.98e3 40.22e3 40.95e3 41.80e3 43.00e3 43.25e3 42.57e3 42.43e3 42.99e3 44.15e3 44.23e3 44.50e3 45.01e3 46.48e3 45.23e3 46.31e3 46.44e3 45.97e3 48.13e3 48.42e3 46.75e3 48.84e3 48.07e3 50.17e3 49.73e3 49.50e3 51.00e3 51.59e3 52.03e3 51.28e3 53.12e3 52.47e3 56.91e3 57.56e3 55.80e3 55.29e3 56.31e3 56.72e3 56.87e3 58.11e3 
   1.00e9  1.528e3 2.628e3 3.639e3 4.541e3 5.618e3 6.594e3 7.685e3 8.869e3 9.288e3 10.17e3 10.39e3 11.75e3 12.62e3 13.47e3 13.70e3 14.43e3 15.87e3 15.99e3 16.96e3 18.44e3 18.67e3 19.99e3 19.84e3 20.46e3 21.26e3 22.09e3 22.40e3 23.37e3 23.24e3 24.19e3 24.20e3 25.63e3 25.30e3 26.01e3 29.84e3 28.79e3 28.81e3 29.43e3 28.98e3 31.09e3 31.15e3 31.42e3 31.14e3 32.21e3 33.12e3 32.91e3 34.10e3 34.53e3 34.53e3 36.27e3 36.30e3 37.01e3 39.63e3 38.89e3 39.59e3 40.42e3 41.48e3 41.73e3 41.21e3 41.16e3 41.63e3 42.75e3 42.85e3 43.03e3 43.63e3 45.02e3 43.87e3 44.90e3 44.99e3 44.56e3 46.67e3 46.86e3 44.99e3 47.26e3 46.64e3 48.68e3 48.21e3 48.09e3 49.48e3 50.07e3 50.50e3 49.76e3 51.56e3 50.87e3 54.75e3 55.65e3 53.90e3 53.58e3 54.53e3 54.95e3 55.07e3 56.20e3 
   1.10e9  1.435e3 2.474e3 3.469e3 4.336e3 5.376e3 6.293e3 7.290e3 8.431e3 8.860e3 9.739e3 9.921e3 11.25e3 12.03e3 12.85e3 13.09e3 13.79e3 15.27e3 15.35e3 16.20e3 17.67e3 17.92e3 19.05e3 19.05e3 19.72e3 20.42e3 21.25e3 21.54e3 22.41e3 22.33e3 23.21e3 23.16e3 24.70e3 24.26e3 24.96e3 28.47e3 27.75e3 27.76e3 28.37e3 27.84e3 29.93e3 30.04e3 30.29e3 29.92e3 31.13e3 31.94e3 31.56e3 32.90e3 33.18e3 33.43e3 35.03e3 34.90e3 35.79e3 38.20e3 37.49e3 38.24e3 39.03e3 39.99e3 40.23e3 39.89e3 39.89e3 40.29e3 41.35e3 41.48e3 41.62e3 42.25e3 43.52e3 42.53e3 43.49e3 43.55e3 43.21e3 45.15e3 45.34e3 43.33e3 45.71e3 45.26e3 47.14e3 46.69e3 46.65e3 47.92e3 48.51e3 48.93e3 48.31e3 49.97e3 49.32e3 52.59e3 53.67e3 52.04e3 51.91e3 52.76e3 53.19e3 53.26e3 54.31e3 
   1.20e9  1.345e3 2.331e3 3.307e3 4.147e3 5.147e3 6.018e3 6.921e3 8.014e3 8.450e3 9.317e3 9.485e3 10.76e3 11.49e3 12.28e3 12.52e3 13.19e3 14.70e3 14.79e3 15.51e3 16.94e3 17.21e3 18.18e3 18.33e3 19.00e3 19.63e3 20.42e3 20.71e3 21.49e3 21.48e3 22.28e3 22.19e3 23.81e3 23.30e3 23.97e3 27.11e3 26.72e3 26.75e3 27.36e3 26.79e3 28.78e3 28.95e3 29.20e3 28.77e3 30.08e3 30.80e3 30.29e3 31.75e3 31.92e3 32.42e3 33.83e3 33.58e3 34.61e3 36.73e3 36.09e3 36.91e3 37.66e3 38.55e3 38.77e3 38.60e3 38.64e3 38.99e3 39.94e3 40.13e3 40.28e3 40.87e3 42.02e3 41.22e3 42.08e3 42.13e3 41.92e3 43.60e3 43.88e3 41.77e3 44.19e3 43.93e3 45.58e3 45.20e3 45.21e3 46.35e3 46.93e3 47.35e3 46.93e3 48.36e3 47.81e3 50.47e3 51.66e3 50.24e3 50.28e3 51.04e3 51.47e3 51.48e3 52.48e3 
   1.30e9  1.260e3 2.200e3 3.153e3 3.972e3 4.930e3 5.767e3 6.581e3 7.622e3 8.058e3 8.908e3 9.082e3 10.30e3 10.99e3 11.75e3 12.00e3 12.64e3 14.15e3 14.30e3 14.87e3 16.25e3 16.53e3 17.37e3 17.65e3 18.33e3 18.87e3 19.62e3 19.92e3 20.61e3 20.68e3 21.41e3 21.29e3 22.96e3 22.40e3 23.06e3 25.81e3 25.73e3 25.80e3 26.40e3 25.81e3 27.65e3 27.90e3 28.16e3 27.69e3 29.07e3 29.69e3 29.09e3 30.64e3 30.74e3 31.46e3 32.67e3 32.34e3 33.46e3 35.25e3 34.70e3 35.62e3 36.32e3 37.16e3 37.35e3 37.35e3 37.42e3 37.73e3 38.57e3 38.81e3 39.00e3 39.53e3 40.54e3 39.95e3 40.68e3 40.74e3 40.69e3 42.06e3 42.47e3 40.33e3 42.72e3 42.64e3 44.03e3 43.75e3 43.78e3 44.79e3 45.37e3 45.78e3 45.62e3 46.76e3 46.36e3 48.44e3 49.67e3 48.51e3 48.71e3 49.36e3 49.80e3 49.75e3 50.71e3 
   1.40e9  1.182e3 2.080e3 3.009e3 3.811e3 4.724e3 5.536e3 6.270e3 7.257e3 7.686e3 8.516e3 8.710e3 9.871e3 10.53e3 11.25e3 11.51e3 12.13e3 13.64e3 13.87e3 14.28e3 15.59e3 15.90e3 16.63e3 17.01e3 17.68e3 18.16e3 18.86e3 19.17e3 19.77e3 19.93e3 20.59e3 20.47e3 22.13e3 21.57e3 22.21e3 24.57e3 24.78e3 24.89e3 25.49e3 24.91e3 26.56e3 26.88e3 27.18e3 26.70e3 28.11e3 28.63e3 27.98e3 29.58e3 29.64e3 30.55e3 31.56e3 31.19e3 32.37e3 33.80e3 33.35e3 34.37e3 35.02e3 35.83e3 36.00e3 36.15e3 36.22e3 36.51e3 37.22e3 37.53e3 37.77e3 38.21e3 39.10e3 38.70e3 39.32e3 39.39e3 39.50e3 40.54e3 41.11e3 39.00e3 41.32e3 41.41e3 42.52e3 42.35e3 42.37e3 43.27e3 43.84e3 44.24e3 44.35e3 45.19e3 44.97e3 46.51e3 47.73e3 46.86e3 47.20e3 47.75e3 48.19e3 48.08e3 49.02e3 
   1.50e9  1.110e3 1.971e3 2.874e3 3.661e3 4.528e3 5.323e3 5.987e3 6.918e3 7.337e3 8.144e3 8.367e3 9.464e3 10.10e3 10.80e3 11.06e3 11.66e3 13.15e3 13.48e3 13.74e3 14.97e3 15.30e3 15.94e3 16.42e3 17.07e3 17.49e3 18.13e3 18.46e3 18.98e3 19.22e3 19.82e3 19.71e3 21.35e3 20.80e3 21.42e3 23.42e3 23.87e3 24.03e3 24.62e3 24.07e3 25.53e3 25.92e3 26.25e3 25.77e3 27.19e3 27.62e3 26.95e3 28.57e3 28.62e3 29.67e3 30.50e3 30.13e3 31.31e3 32.40e3 32.07e3 33.17e3 33.77e3 34.57e3 34.71e3 34.99e3 35.05e3 35.34e3 35.93e3 36.29e3 36.61e3 36.94e3 37.71e3 37.50e3 37.99e3 38.09e3 38.36e3 39.07e3 39.81e3 37.78e3 39.98e3 40.22e3 41.05e3 41.00e3 40.99e3 41.80e3 42.36e3 42.75e3 43.13e3 43.67e3 43.64e3 44.71e3 45.87e3 45.31e3 45.75e3 46.22e3 46.65e3 46.48e3 47.42e3 
   1.60e9  1.045e3 1.872e3 2.748e3 3.522e3 4.343e3 5.126e3 5.731e3 6.607e3 7.013e3 7.795e3 8.053e3 9.084e3 9.705e3 10.38e3 10.65e3 11.23e3 12.68e3 13.12e3 13.25e3 14.39e3 14.75e3 15.32e3 15.86e3 16.48e3 16.85e3 17.44e3 17.78e3 18.25e3 18.57e3 19.11e3 19.01e3 20.61e3 20.10e3 20.70e3 22.36e3 23.02e3 23.22e3 23.80e3 23.30e3 24.55e3 25.00e3 25.37e3 24.92e3 26.31e3 26.66e3 26.00e3 27.62e3 27.68e3 28.83e3 29.48e3 29.13e3 30.31e3 31.07e3 30.87e3 32.03e3 32.58e3 33.37e3 33.49e3 33.87e3 33.93e3 34.22e3 34.70e3 35.10e3 35.50e3 35.72e3 36.39e3 36.34e3 36.72e3 36.85e3 37.27e3 37.66e3 38.57e3 36.65e3 38.71e3 39.08e3 39.64e3 39.71e3 39.67e3 40.40e3 40.94e3 41.32e3 41.95e3 42.21e3 42.36e3 43.04e3 44.11e3 43.84e3 44.36e3 44.75e3 45.18e3 44.96e3 45.90e3 
   1.70e9  987.2   1.783e3 2.632e3 3.393e3 4.169e3 4.943e3 5.501e3 6.324e3 6.715e3 7.471e3 7.766e3 8.732e3 9.342e3 9.994e3 10.28e3 10.83e3 12.24e3 12.79e3 12.79e3 13.85e3 14.22e3 14.75e3 15.33e3 15.92e3 16.26e3 16.79e3 17.15e3 17.56e3 17.95e3 18.44e3 18.38e3 19.91e3 19.45e3 20.03e3 21.39e3 22.22e3 22.45e3 23.03e3 22.58e3 23.63e3 24.13e3 24.55e3 24.14e3 25.47e3 25.76e3 25.13e3 26.71e3 26.82e3 28.00e3 28.52e3 28.22e3 29.35e3 29.82e3 29.76e3 30.95e3 31.45e3 32.25e3 32.36e3 32.81e3 32.86e3 33.16e3 33.54e3 33.97e3 34.45e3 34.56e3 35.14e3 35.23e3 35.51e3 35.67e3 36.21e3 36.34e3 37.38e3 35.61e3 37.51e3 37.98e3 38.31e3 38.49e3 38.41e3 39.08e3 39.60e3 39.96e3 40.82e3 40.83e3 41.15e3 41.50e3 42.47e3 42.46e3 43.05e3 43.37e3 43.78e3 43.54e3 44.48e3 
   1.80e9  936.8   1.705e3 2.526e3 3.273e3 4.006e3 4.773e3 5.295e3 6.067e3 6.445e3 7.172e3 7.506e3 8.406e3 9.007e3 9.638e3 9.935e3 10.47e3 11.82e3 12.47e3 12.38e3 13.35e3 13.73e3 14.23e3 14.84e3 15.39e3 15.71e3 16.19e3 16.56e3 16.93e3 17.38e3 17.83e3 17.81e3 19.25e3 18.86e3 19.42e3 20.53e3 21.48e3 21.73e3 22.30e3 21.92e3 22.78e3 23.32e3 23.78e3 23.42e3 24.68e3 24.91e3 24.34e3 25.86e3 26.02e3 27.21e3 27.61e3 27.37e3 28.45e3 28.68e3 28.75e3 29.94e3 30.40e3 31.20e3 31.29e3 31.81e3 31.84e3 32.15e3 32.44e3 32.90e3 33.45e3 33.46e3 33.97e3 34.18e3 34.37e3 34.55e3 35.20e3 35.11e3 36.25e3 34.66e3 36.38e3 36.93e3 37.07e3 37.33e3 37.21e3 37.85e3 38.33e3 38.69e3 39.72e3 39.53e3 39.99e3 40.09e3 40.96e3 41.18e3 41.80e3 42.06e3 42.47e3 42.20e3 43.15e3 
   2.00e9  857.1   1.576e3 2.342e3 3.058e3 3.716e3 4.465e3 4.952e3 5.631e3 5.993e3 6.657e3 7.058e3 7.836e3 8.418e3 9.010e3 9.348e3 9.859e3 11.04e3 11.82e3 11.67e3 12.47e3 12.86e3 13.32e3 13.93e3 14.42e3 14.71e3 15.12e3 15.51e3 15.83e3 16.35e3 16.74e3 16.83e3 18.06e3 17.83e3 18.37e3 19.11e3 20.14e3 20.42e3 20.97e3 20.76e3 21.29e3 21.87e3 22.38e3 22.17e3 23.23e3 23.39e3 22.99e3 24.32e3 24.64e3 25.68e3 25.96e3 25.89e3 26.79e3 26.71e3 27.04e3 28.13e3 28.53e3 29.33e3 29.41e3 29.96e3 29.97e3 30.29e3 30.50e3 30.96e3 31.60e3 31.47e3 31.90e3 32.23e3 32.31e3 32.54e3 33.31e3 32.96e3 34.19e3 32.99e3 34.33e3 34.94e3 34.85e3 35.23e3 35.04e3 35.65e3 36.08e3 36.42e3 37.63e3 37.21e3 37.86e3 37.69e3 38.37e3 38.89e3 39.51e3 39.71e3 40.08e3 39.83e3 40.76e3 
