# SRIM-2013 Electronic stopping power table for Z1=63
# Converted from a table provided by H.Hofsaess
# units of energy:         eV
# units of stopping power: eV A^2
#      \Z2 1       2       3       4       5       6       7       8       9       10      11      12      13      14      15      16      17      18      19      20      21      22      23      24      25      26      27      28      29      30      31      32      33      34      35      36      37      38      39      40      41      42      43      44      45      46      47      48      49      50      51      52      53      54      55      56      57      58      59      60      61      62      63      64      65      66      67      68      69      70      71      72      73      74      75      76      77      78      79      80      81      82      83      84      85      86      87      88      89      90      91      92      
# energy\  H       He      Li      Be      B       C       N       O       F       Ne      Na      Mg      Al      Si      P       S       Cl      Ar      K       Ca      Sc      Ti      V       Cr      Mn      Fe      Co      Ni      Cu      Zn      Ga      Ge      As      Se      Br      Kr      Rb      Sr      Y       Zr      Nb      Mo      Tc      Ru      Rh      Pd      Ag      Cd      In      Sn      Sb      Te      I       Xe      Cs      Ba      La      Ce      Pr      Nd      Pm      Sm      Eu      Gd      Tb      Dy      Ho      Er      Tm      Yb      Lu      Hf      Ta      W       Re      Os      Ir      Pt      Au      Hg      Tl      Pb      Bi      Po      At      Rn      Fr      Ra      Ac      Th      Pa      U       
   0.00    0.0     0.0     0.0     0.0     0.0     0.0     0.0     0.0     0.0     0.0     0.0     0.0     0.0     0.0     0.0     0.0     0.0     0.0     0.0     0.0     0.0     0.0     0.0     0.0     0.0     0.0     0.0     0.0     0.0     0.0     0.0     0.0     0.0     0.0     0.0     0.0     0.0     0.0     0.0     0.0     0.0     0.0     0.0     0.0     0.0     0.0     0.0     0.0     0.0     0.0     0.0     0.0     0.0     0.0     0.0     0.0     0.0     0.0     0.0     0.0     0.0     0.0     0.0     0.0     0.0     0.0     0.0     0.0     0.0     0.0     0.0     0.0     0.0     0.0     0.0     0.0     0.0     0.0     0.0     0.0     0.0     0.0     0.0     0.0     0.0     0.0     0.0     0.0     0.0     0.0     0.0     0.0     
   10.0    1.158   1.415   1.813   3.703   4.399   5.635   3.717   3.062   3.471   3.458   6.302   7.724   7.208   6.890   7.536   5.929   1.785   4.231   5.346   5.385   8.277   7.566   8.072   6.257   5.967   6.551   5.981   6.177   5.907   5.566   5.972   7.693   8.887   7.783   2.672   3.909   9.781   9.787   9.931   7.763   11.54   10.87   9.801   6.959   6.063   9.237   9.128   8.484   7.020   11.67   10.32   8.362   10.96   3.189   12.66   13.02   13.39   11.10   9.952   10.40   10.50   9.228   8.910   13.22   10.47   8.844   7.178   7.521   9.598   7.279   8.465   7.310   9.369   8.719   7.736   4.891   5.749   7.898   7.363   5.704   6.605   10.17   9.902   12.76   12.92   12.40   14.36   13.79   9.366   9.047   11.52   9.275   
   11.0    1.214   1.484   1.901   3.884   4.613   5.910   3.898   3.211   3.640   3.627   6.610   8.101   7.560   7.226   7.904   6.218   1.872   4.438   5.607   5.648   8.681   7.935   8.466   6.562   6.258   6.871   6.273   6.478   6.195   5.838   6.263   8.068   9.320   8.163   2.803   4.100   10.26   10.26   10.42   8.142   12.11   11.40   10.28   7.299   6.359   9.688   9.573   8.898   7.363   12.24   10.82   8.770   11.50   3.345   13.27   13.65   14.04   11.64   10.44   10.91   11.02   9.679   9.345   13.86   10.98   9.276   7.528   7.888   10.07   7.635   8.878   7.666   9.826   9.145   8.114   5.129   6.029   8.283   7.723   5.982   6.927   10.66   10.38   13.38   13.55   13.01   15.06   14.46   9.823   9.489   12.09   9.728   
   12.0    1.268   1.550   1.986   4.056   4.819   6.173   4.072   3.354   3.802   3.788   6.904   8.461   7.896   7.547   8.255   6.495   1.955   4.635   5.856   5.899   9.067   8.288   8.842   6.854   6.537   7.177   6.552   6.766   6.470   6.097   6.542   8.427   9.735   8.526   2.927   4.282   10.71   10.72   10.88   8.504   12.65   11.90   10.74   7.623   6.641   10.12   9.999   9.294   7.690   12.79   11.30   9.160   12.01   3.494   13.86   14.26   14.67   12.16   10.90   11.40   11.51   10.11   9.760   14.48   11.47   9.689   7.863   8.239   10.51   7.974   9.273   8.007   10.26   9.552   8.475   5.357   6.297   8.652   8.066   6.248   7.235   11.14   10.85   13.98   14.15   13.58   15.73   15.10   10.26   9.911   12.62   10.16   
   13.0    1.320   1.613   2.067   4.222   5.015   6.425   4.238   3.491   3.957   3.943   7.186   8.807   8.218   7.855   8.592   6.760   2.035   4.825   6.096   6.140   9.437   8.626   9.204   7.134   6.804   7.470   6.820   7.042   6.734   6.346   6.809   8.771   10.13   8.874   3.047   4.457   11.15   11.16   11.32   8.851   13.16   12.39   11.17   7.935   6.912   10.53   10.41   9.674   8.004   13.31   11.76   9.534   12.50   3.637   14.43   14.84   15.26   12.66   11.35   11.86   11.98   10.52   10.16   15.07   11.94   10.08   8.184   8.575   10.94   8.300   9.651   8.334   10.68   9.942   8.821   5.576   6.554   9.005   8.395   6.503   7.530   11.59   11.29   14.55   14.73   14.14   16.37   15.72   10.68   10.32   13.14   10.57   
   14.0    1.370   1.674   2.145   4.381   5.205   6.668   4.398   3.623   4.107   4.092   7.457   9.139   8.529   8.152   8.917   7.015   2.112   5.007   6.326   6.372   9.793   8.952   9.551   7.403   7.060   7.752   7.077   7.308   6.989   6.586   7.066   9.102   10.51   9.209   3.162   4.625   11.57   11.58   11.75   9.185   13.66   12.86   11.60   8.234   7.173   10.93   10.80   10.04   8.306   13.81   12.21   9.894   12.97   3.774   14.98   15.40   15.84   13.14   11.78   12.31   12.43   10.92   10.54   15.64   12.39   10.46   8.493   8.899   11.36   8.613   10.02   8.649   11.09   10.32   9.154   5.787   6.802   9.345   8.712   6.748   7.815   12.03   11.72   15.10   15.28   14.67   16.99   16.32   11.08   10.70   13.64   10.97   
   15.0    1.418   1.733   2.220   4.535   5.387   6.902   4.552   3.750   4.251   4.236   7.719   9.460   8.828   8.438   9.230   7.261   2.186   5.182   6.548   6.596   10.14   9.266   9.886   7.663   7.308   8.024   7.326   7.565   7.234   6.817   7.314   9.422   10.88   9.532   3.273   4.787   11.98   11.99   12.16   9.508   14.14   13.31   12.00   8.523   7.425   11.31   11.18   10.39   8.598   14.30   12.64   10.24   13.43   3.906   15.50   15.94   16.40   13.60   12.19   12.74   12.87   11.30   10.91   16.19   12.82   10.83   8.791   9.211   11.76   8.915   10.37   8.952   11.47   10.68   9.475   5.990   7.040   9.673   9.018   6.985   8.089   12.45   12.13   15.63   15.82   15.19   17.59   16.89   11.47   11.08   14.11   11.36   
   16.0    1.464   1.790   2.293   4.684   5.564   7.128   4.702   3.873   4.390   4.375   7.972   9.770   9.118   8.715   9.532   7.499   2.258   5.352   6.762   6.812   10.47   9.570   10.21   7.914   7.548   8.287   7.566   7.813   7.471   7.040   7.554   9.731   11.24   9.845   3.380   4.944   12.37   12.38   12.56   9.819   14.60   13.74   12.40   8.803   7.669   11.68   11.55   10.73   8.880   14.77   13.05   10.58   13.87   4.034   16.01   16.46   16.93   14.04   12.59   13.16   13.29   11.67   11.27   16.72   13.24   11.19   9.079   9.513   12.14   9.208   10.71   9.246   11.85   11.03   9.786   6.186   7.271   9.990   9.314   7.214   8.354   12.86   12.52   16.14   16.34   15.69   18.16   17.44   11.85   11.44   14.58   11.73   
   17.0    1.509   1.845   2.363   4.828   5.735   7.347   4.846   3.992   4.525   4.509   8.217   10.07   9.398   8.983   9.826   7.730   2.327   5.517   6.970   7.022   10.79   9.865   10.52   8.158   7.780   8.542   7.799   8.053   7.701   7.257   7.786   10.03   11.59   10.15   3.484   5.096   12.75   12.76   12.95   10.12   15.05   14.17   12.78   9.074   7.905   12.04   11.90   11.06   9.153   15.22   13.45   10.90   14.29   4.159   16.50   16.97   17.46   14.47   12.98   13.57   13.70   12.03   11.62   17.24   13.65   11.53   9.358   9.806   12.51   9.491   11.04   9.531   12.22   11.37   10.09   6.377   7.495   10.30   9.601   7.436   8.611   13.26   12.91   16.63   16.84   16.17   18.72   17.98   12.21   11.80   15.03   12.09   
   18.0    1.553   1.898   2.432   4.968   5.901   7.560   4.987   4.108   4.656   4.640   8.455   10.36   9.671   9.243   10.11   7.954   2.395   5.677   7.173   7.225   11.10   10.15   10.83   8.394   8.006   8.790   8.025   8.287   7.924   7.467   8.012   10.32   11.92   10.44   3.585   5.244   13.12   13.13   13.32   10.42   15.49   14.58   13.15   9.337   8.134   12.39   12.25   11.38   9.418   15.66   13.84   11.22   14.71   4.279   16.98   17.46   17.96   14.89   13.35   13.96   14.09   12.38   11.95   17.74   14.05   11.87   9.630   10.09   12.88   9.766   11.36   9.807   12.57   11.70   10.38   6.561   7.712   10.60   9.879   7.652   8.861   13.64   13.28   17.12   17.33   16.64   19.26   18.50   12.57   12.14   15.46   12.44   
   20.0    1.637   2.001   2.564   5.237   6.221   7.969   5.257   4.330   4.908   4.891   8.913   10.92   10.19   9.743   10.66   8.384   2.524   5.984   7.561   7.616   11.71   10.70   11.42   8.848   8.439   9.265   8.459   8.735   8.353   7.871   8.445   10.88   12.57   11.01   3.779   5.528   13.83   13.84   14.04   10.98   16.33   15.37   13.86   9.842   8.574   13.06   12.91   12.00   9.928   16.51   14.59   11.83   15.50   4.511   17.90   18.41   18.93   15.70   14.07   14.71   14.86   13.05   12.60   18.69   14.81   12.51   10.15   10.64   13.57   10.29   11.97   10.34   13.25   12.33   10.94   6.916   8.130   11.17   10.41   8.066   9.340   14.38   14.00   18.04   18.27   17.54   20.31   19.50   13.25   12.79   16.30   13.12   
   22.0    1.736   2.122   2.719   5.554   6.598   8.453   5.575   4.593   5.206   5.188   9.454   11.59   10.81   10.33   11.30   8.893   2.678   6.347   8.019   8.078   12.42   11.35   12.11   9.385   8.951   9.827   8.972   9.265   8.860   8.349   8.958   11.54   13.33   11.67   4.008   5.863   14.67   14.68   14.90   11.64   17.32   16.30   14.70   10.44   9.094   13.86   13.69   12.73   10.53   17.51   15.48   12.54   16.45   4.784   18.98   19.52   20.08   16.65   14.93   15.61   15.76   13.84   13.36   19.83   15.71   13.27   10.77   11.28   14.40   10.92   12.70   10.96   14.05   13.08   11.60   7.336   8.623   11.85   11.04   8.555   9.907   15.25   14.85   19.14   19.38   18.60   21.54   20.68   14.05   13.57   17.29   13.91   
   25.0    1.830   2.237   2.866   5.855   6.955   8.910   5.877   4.841   5.488   5.468   9.965   12.21   11.40   10.89   11.92   9.374   2.822   6.691   8.453   8.515   13.09   11.96   12.76   9.892   9.435   10.36   9.458   9.766   9.339   8.800   9.442   12.16   14.05   12.31   4.225   6.180   15.47   15.47   15.70   12.27   18.25   17.18   15.50   11.00   9.586   14.61   14.43   13.41   11.10   18.46   16.31   13.22   17.33   5.043   20.01   20.58   21.17   17.55   15.74   16.45   16.61   14.59   14.09   20.90   16.55   13.98   11.35   11.89   15.18   11.51   13.38   11.56   14.81   13.79   12.23   7.733   9.089   12.49   11.64   9.018   10.44   16.08   15.66   20.17   20.42   19.61   22.70   21.80   14.81   14.31   18.22   14.66   
   27.0    1.920   2.346   3.006   6.141   7.294   9.345   6.164   5.077   5.755   5.735   10.45   12.81   11.95   11.43   12.50   9.832   2.960   7.017   8.866   8.931   13.73   12.55   13.39   10.38   9.895   10.86   9.919   10.24   9.795   9.230   9.903   12.76   14.74   12.91   4.431   6.482   16.22   16.23   16.47   12.87   19.14   18.02   16.25   11.54   10.05   15.32   15.14   14.07   11.64   19.36   17.11   13.87   18.18   5.289   20.99   21.58   22.20   18.41   16.50   17.25   17.42   15.30   14.78   21.92   17.36   14.67   11.90   12.47   15.92   12.07   14.04   12.12   15.54   14.46   12.83   8.110   9.533   13.10   12.21   9.458   10.95   16.86   16.42   21.16   21.42   20.56   23.81   22.87   15.53   15.00   19.11   15.38   
   30.0    2.005   2.450   3.140   6.414   7.619   9.761   6.438   5.303   6.011   5.990   10.92   13.38   12.48   11.93   13.05   10.27   3.092   7.329   9.260   9.328   14.34   13.10   13.98   10.84   10.34   11.35   10.36   10.70   10.23   9.640   10.34   13.32   15.39   13.48   4.628   6.770   16.94   16.95   17.20   13.45   20.00   18.82   16.98   12.05   10.50   16.00   15.81   14.70   12.16   20.22   17.87   14.48   18.99   5.524   21.92   22.54   23.19   19.23   17.24   18.02   18.19   15.98   15.43   22.90   18.13   15.32   12.43   13.03   16.62   12.61   14.66   12.66   16.23   15.10   13.40   8.471   9.957   13.68   12.75   9.879   11.44   17.61   17.15   22.10   22.37   21.48   24.87   23.88   16.22   15.67   19.96   16.06   
   32.0    2.087   2.550   3.268   6.676   7.930   10.16   6.701   5.520   6.257   6.235   11.36   13.93   12.99   12.42   13.59   10.69   3.218   7.628   9.638   9.709   14.92   13.64   14.55   11.28   10.76   11.81   10.78   11.14   10.65   10.03   10.77   13.87   16.02   14.03   4.817   7.047   17.63   17.64   17.90   13.99   20.81   19.59   17.67   12.55   10.93   16.65   16.46   15.30   12.66   21.04   18.60   15.07   19.76   5.750   22.82   23.46   24.14   20.01   17.94   18.76   18.94   16.64   16.06   23.83   18.88   15.94   12.94   13.56   17.30   13.12   15.26   13.18   16.89   15.72   13.95   8.817   10.36   14.24   13.27   10.28   11.91   18.33   17.85   23.00   23.29   22.36   25.89   24.86   16.88   16.31   20.78   16.72   
   35.0    2.166   2.647   3.391   6.928   8.229   10.54   6.954   5.728   6.493   6.470   11.79   14.45   13.49   12.89   14.10   11.09   3.339   7.916   10.00   10.08   15.48   14.15   15.10   11.70   11.16   12.26   11.19   11.56   11.05   10.41   11.17   14.39   16.63   14.56   4.999   7.313   18.30   18.31   18.58   14.52   21.60   20.33   18.34   13.02   11.34   17.28   17.08   15.87   13.13   21.84   19.30   15.64   20.51   5.967   23.68   24.35   25.05   20.77   18.62   19.46   19.65   17.26   16.67   24.73   19.59   16.55   13.43   14.07   17.96   13.62   15.84   13.68   17.53   16.31   14.47   9.149   10.75   14.78   13.78   10.67   12.36   19.02   18.52   23.87   24.17   23.20   26.86   25.80   17.52   16.93   21.56   17.35   
   37.0    2.242   2.740   3.510   7.171   8.518   10.91   7.198   5.929   6.721   6.697   12.20   14.96   13.96   13.34   14.59   11.48   3.457   8.194   10.35   10.43   16.03   14.65   15.63   12.12   11.56   12.69   11.58   11.96   11.44   10.78   11.56   14.90   17.21   15.07   5.175   7.569   18.94   18.95   19.23   15.03   22.36   21.04   18.98   13.48   11.74   17.89   17.68   16.43   13.59   22.60   19.98   16.19   21.23   6.176   24.51   25.20   25.93   21.50   19.27   20.15   20.34   17.87   17.25   25.60   20.28   17.13   13.90   14.56   18.59   14.10   16.39   14.16   18.14   16.89   14.98   9.471   11.13   15.29   14.26   11.04   12.79   19.69   19.17   24.71   25.01   24.01   27.81   26.70   18.14   17.52   22.32   17.96   
   40.0    2.315   2.829   3.625   7.406   8.797   11.27   7.434   6.123   6.941   6.917   12.60   15.45   14.42   13.78   15.07   11.86   3.570   8.463   10.69   10.77   16.55   15.13   16.14   12.51   11.93   13.10   11.96   12.35   11.81   11.13   11.94   15.39   17.77   15.57   5.344   7.817   19.56   19.57   19.86   15.53   23.09   21.73   19.60   13.92   12.13   18.47   18.26   16.97   14.04   23.35   20.63   16.72   21.93   6.379   25.31   26.03   26.78   22.20   19.90   20.81   21.01   18.46   17.82   26.44   20.94   17.69   14.36   15.04   19.20   14.56   16.93   14.62   18.74   17.44   15.47   9.781   11.50   15.80   14.73   11.41   13.21   20.34   19.80   25.52   25.84   24.80   28.72   27.58   18.73   18.09   23.05   18.55   
   45.0    2.456   3.001   3.845   7.855   9.331   11.95   7.885   6.495   7.362   7.336   13.37   16.39   15.29   14.62   15.99   12.58   3.787   8.976   11.34   11.42   17.56   16.05   17.12   13.27   12.66   13.90   12.69   13.10   12.53   11.81   12.67   16.32   18.85   16.51   5.669   8.292   20.75   20.76   21.07   16.47   24.49   23.05   20.79   14.76   12.86   19.60   19.36   18.00   14.89   24.76   21.89   17.74   23.26   6.766   26.85   27.61   28.40   23.55   21.11   22.07   22.28   19.58   18.90   28.04   22.21   18.76   15.23   15.95   20.36   15.44   17.96   15.51   19.87   18.50   16.41   10.37   12.19   16.75   15.62   12.10   14.01   21.57   21.00   27.06   27.40   26.31   30.46   29.25   19.87   19.19   24.45   19.67   
   50.0    2.588   3.163   4.053   8.280   9.836   12.60   8.311   6.846   7.761   7.733   14.09   17.27   16.12   15.41   16.85   13.26   3.991   9.462   11.95   12.04   18.51   16.92   18.05   13.99   13.34   14.65   13.38   13.81   13.21   12.45   13.35   17.20   19.87   17.40   5.975   8.740   21.87   21.88   22.21   17.36   25.81   24.30   21.92   15.56   13.56   20.66   20.41   18.97   15.70   26.10   23.07   18.70   24.52   7.132   28.30   29.10   29.94   24.82   22.25   23.26   23.49   20.64   19.92   29.56   23.41   19.78   16.05   16.82   21.46   16.28   18.93   16.34   20.95   19.50   17.30   10.94   12.85   17.66   16.46   12.75   14.77   22.74   22.14   28.53   28.88   27.73   32.11   30.83   20.94   20.23   25.77   20.74   
   55.0    2.715   3.318   4.251   8.684   10.32   13.22   8.717   7.180   8.139   8.111   14.78   18.11   16.90   16.16   17.67   13.90   4.186   9.924   12.54   12.63   19.41   17.74   18.93   14.67   13.99   15.36   14.03   14.49   13.85   13.05   14.00   18.04   20.84   18.25   6.267   9.167   22.94   22.95   23.29   18.21   27.07   25.48   22.99   16.32   14.22   21.66   21.41   19.90   16.46   27.38   24.20   19.61   25.71   7.480   29.68   30.52   31.40   26.03   23.34   24.40   24.64   21.64   20.90   31.00   24.55   20.74   16.83   17.64   22.51   17.07   19.85   17.14   21.97   20.45   18.14   11.47   13.48   18.52   17.27   13.38   15.49   23.85   23.22   29.92   30.29   29.08   33.67   32.34   21.96   21.22   27.03   21.75   
   60.0    2.835   3.465   4.440   9.070   10.77   13.80   9.105   7.500   8.501   8.471   15.44   18.92   17.66   16.88   18.46   14.52   4.372   10.36   13.10   13.19   20.27   18.53   19.77   15.33   14.62   16.05   14.65   15.13   14.47   13.63   14.63   18.84   21.77   19.06   6.546   9.574   23.96   23.97   24.33   19.02   28.28   26.61   24.01   17.05   14.85   22.63   22.36   20.78   17.20   28.59   25.27   20.48   26.86   7.813   31.00   31.88   32.79   27.19   24.38   25.48   25.73   22.60   21.82   32.38   25.65   21.66   17.58   18.42   23.51   17.83   20.73   17.90   22.95   21.36   18.95   11.98   14.08   19.35   18.04   13.97   16.18   24.91   24.25   31.25   31.64   30.37   35.17   33.78   22.94   22.16   28.23   22.72   
   65.0    2.951   3.607   4.621   9.441   11.21   14.37   9.477   7.806   8.849   8.817   16.07   19.69   18.38   17.57   19.21   15.12   4.551   10.79   13.63   13.73   21.10   19.29   20.58   15.95   15.21   16.70   15.25   15.75   15.06   14.19   15.23   19.61   22.66   19.84   6.813   9.965   24.94   24.95   25.32   19.79   29.43   27.70   24.99   17.74   15.46   23.55   23.27   21.63   17.90   29.76   26.30   21.32   27.95   8.132   32.27   33.18   34.13   28.30   25.37   26.53   26.78   23.53   22.72   33.70   26.69   22.55   18.30   19.17   24.47   18.56   21.58   18.64   23.89   22.23   19.72   12.47   14.66   20.14   18.77   14.54   16.84   25.92   25.24   32.53   32.93   31.62   36.61   35.15   23.88   23.07   29.38   23.65   
   70.0    3.063   3.743   4.796   9.797   11.64   14.91   9.834   8.101   9.183   9.150   16.67   20.44   19.07   18.23   19.94   15.69   4.723   11.20   14.14   14.25   21.90   20.02   21.36   16.55   15.79   17.33   15.83   16.34   15.63   14.73   15.80   20.35   23.51   20.59   7.070   10.34   25.88   25.89   26.28   20.54   30.54   28.75   25.93   18.41   16.04   24.44   24.15   22.45   18.57   30.88   27.30   22.12   29.01   8.439   33.49   34.44   35.42   29.37   26.33   27.53   27.79   24.42   23.57   34.97   27.70   23.40   18.99   19.90   25.39   19.26   22.40   19.34   24.79   23.07   20.47   12.94   15.21   20.90   19.48   15.09   17.47   26.90   26.20   33.76   34.18   32.81   37.99   36.48   24.78   23.94   30.49   24.54   
   80.0    3.274   4.001   5.127   10.47   12.44   15.94   10.51   8.660   9.817   9.782   17.83   21.85   20.39   19.49   21.31   16.77   5.049   11.97   15.12   15.23   23.41   21.40   22.83   17.70   16.88   18.53   16.92   17.47   16.71   15.74   16.89   21.76   25.14   22.01   7.558   11.06   27.67   27.68   28.09   21.96   32.65   30.73   27.72   19.68   17.15   26.13   25.82   24.00   19.86   33.02   29.18   23.65   31.01   9.021   35.80   36.81   37.87   31.40   28.15   29.43   29.71   26.10   25.20   37.39   29.61   25.02   20.30   21.27   27.15   20.59   23.94   20.67   26.50   24.66   21.88   13.83   16.26   22.34   20.83   16.13   18.68   28.76   28.01   36.09   36.54   35.07   40.61   39.00   26.49   25.59   32.60   26.23   
   90.0    3.473   4.244   5.438   11.11   13.20   16.91   11.15   9.185   10.41   10.38   18.91   23.17   21.62   20.67   22.61   17.79   5.355   12.69   16.04   16.16   24.83   22.70   24.22   18.77   17.90   19.65   17.94   18.53   17.72   16.70   17.92   23.08   26.66   23.35   8.017   11.73   29.34   29.36   29.79   23.29   34.63   32.60   29.40   20.88   18.19   27.71   27.38   25.45   21.06   35.02   30.95   25.09   32.89   9.568   37.97   39.05   40.16   33.30   29.86   31.21   31.51   27.69   26.73   39.66   31.41   26.53   21.53   22.56   28.79   21.84   25.39   21.93   28.11   26.16   23.21   14.67   17.25   23.69   22.09   17.11   19.81   30.50   29.71   38.28   38.75   37.20   43.08   41.37   28.10   27.14   34.57   27.82   
   100.    3.660   4.474   5.732   11.71   13.91   17.82   11.75   9.682   10.98   10.94   19.93   24.43   22.79   21.79   23.83   18.75   5.645   13.38   16.91   17.03   26.17   23.92   25.53   19.78   18.87   20.72   18.92   19.53   18.68   17.60   18.88   24.33   28.10   24.61   8.450   12.36   30.93   30.95   31.40   24.55   36.51   34.36   30.99   22.01   19.17   29.21   28.86   26.83   22.20   36.91   32.63   26.44   34.67   10.09   40.02   41.16   42.34   35.10   31.47   32.90   33.22   29.18   28.18   41.80   33.11   27.97   22.70   23.78   30.35   23.02   26.77   23.12   29.63   27.57   24.46   15.47   18.18   24.97   23.28   18.04   20.89   32.15   31.31   40.35   40.85   39.21   45.41   43.60   29.62   28.61   36.44   29.33   
   110.    3.839   4.692   6.012   12.28   14.59   18.69   12.33   10.15   11.51   11.47   20.90   25.62   23.91   22.85   24.99   19.66   5.920   14.03   17.73   17.86   27.45   25.09   26.77   20.75   19.79   21.73   19.84   20.49   19.59   18.46   19.81   25.51   29.47   25.81   8.863   12.96   32.44   32.46   32.94   25.75   38.29   36.04   32.51   23.08   20.11   30.64   30.27   28.14   23.28   38.71   34.22   27.73   36.36   10.58   41.98   43.17   44.40   36.82   33.01   34.51   34.84   30.61   29.55   43.84   34.73   29.33   23.81   24.94   31.83   24.14   28.07   24.24   31.07   28.92   25.66   16.22   19.07   26.19   24.42   18.92   21.90   33.72   32.84   42.31   42.84   41.13   47.62   45.73   31.06   30.01   38.22   30.76   
   120.    4.010   4.901   6.279   12.83   15.24   19.52   12.88   10.61   12.02   11.98   21.83   26.76   24.97   23.87   26.10   20.54   6.184   14.66   18.52   18.66   28.67   26.21   27.96   21.67   20.67   22.69   20.72   21.40   20.46   19.28   20.69   26.65   30.78   26.96   9.257   13.54   33.88   33.90   34.40   26.89   39.99   37.64   33.95   24.11   21.00   32.00   31.62   29.39   24.32   40.44   35.74   28.97   37.98   11.05   43.84   45.09   46.38   38.46   34.48   36.04   36.39   31.97   30.86   45.79   36.27   30.64   24.86   26.05   33.25   25.22   29.32   25.32   32.45   30.21   26.80   16.94   19.91   27.36   25.51   19.76   22.88   35.22   34.30   44.20   44.75   42.96   49.74   47.77   32.44   31.34   39.92   32.13   
   130.    4.174   5.101   6.536   13.35   15.86   20.32   13.40   11.04   12.51   12.47   22.72   27.85   25.99   24.84   27.17   21.38   6.436   15.26   19.28   19.42   29.84   27.28   29.10   22.56   21.51   23.62   21.57   22.27   21.30   20.07   21.53   27.74   32.04   28.06   9.635   14.09   35.27   35.29   35.81   27.99   41.62   39.18   35.34   25.09   21.86   33.31   32.91   30.59   25.31   42.09   37.20   30.15   39.53   11.50   45.63   46.93   48.27   40.03   35.88   37.51   37.88   33.27   32.12   47.66   37.75   31.89   25.88   27.12   34.61   26.25   30.52   26.36   33.78   31.44   27.89   17.63   20.73   28.48   26.55   20.56   23.81   36.66   35.70   46.00   46.58   44.71   51.77   49.72   33.77   32.62   41.55   33.44   
   140.    4.331   5.293   6.782   13.86   16.46   21.09   13.91   11.46   12.99   12.94   23.58   28.90   26.97   25.78   28.20   22.18   6.679   15.83   20.00   20.15   30.97   28.31   30.20   23.41   22.33   24.51   22.38   23.11   22.10   20.83   22.34   28.78   33.25   29.12   9.998   14.63   36.60   36.62   37.16   29.05   43.19   40.65   36.67   26.04   22.68   34.56   34.15   31.75   26.27   43.68   38.60   31.29   41.02   11.93   47.36   48.70   50.09   41.54   37.24   38.93   39.31   34.53   33.34   49.46   39.18   33.09   26.86   28.14   35.91   27.24   31.67   27.35   35.06   32.63   28.95   18.30   21.51   29.55   27.55   21.34   24.71   38.05   37.05   47.74   48.33   46.40   53.73   51.59   35.04   33.85   43.12   34.70   
   150.    4.483   5.479   7.020   14.34   17.04   21.83   14.40   11.86   13.44   13.39   24.41   29.92   27.92   26.68   29.19   22.96   6.913   16.39   20.71   20.86   32.06   29.30   31.26   24.23   23.11   25.37   23.17   23.92   22.88   21.56   23.13   29.79   34.42   30.14   10.35   15.14   37.88   37.90   38.46   30.07   44.71   42.08   37.96   26.95   23.48   35.78   35.35   32.86   27.19   45.21   39.96   32.38   42.46   12.35   49.02   50.41   51.85   42.99   38.55   40.29   40.68   35.74   34.51   51.20   40.55   34.25   27.80   29.13   37.17   28.19   32.78   28.31   36.29   33.77   29.96   18.94   22.26   30.59   28.52   22.09   25.58   39.38   38.35   49.41   50.03   48.03   55.61   53.40   36.27   35.04   44.63   35.92   
   160.    4.630   5.659   7.251   14.81   17.59   22.54   14.87   12.25   13.88   13.83   25.21   30.90   28.83   27.56   30.14   23.71   7.140   16.93   21.38   21.54   33.11   30.26   32.29   25.03   23.87   26.21   23.93   24.71   23.63   22.26   23.89   30.77   35.55   31.13   10.69   15.63   39.13   39.15   39.72   31.05   46.18   43.46   39.20   27.84   24.25   36.95   36.51   33.94   28.08   46.69   41.27   33.45   43.85   12.76   50.63   52.06   53.55   44.40   39.81   41.62   42.02   36.91   35.64   52.88   41.88   35.38   28.71   30.08   38.39   29.12   33.86   29.24   37.48   34.88   30.94   19.56   22.99   31.59   29.45   22.81   26.42   40.67   39.61   51.03   51.67   49.60   57.43   55.16   37.46   36.19   46.10   37.10   
   170.    4.773   5.833   7.474   15.27   18.14   23.23   15.33   12.62   14.31   14.26   25.99   31.85   29.72   28.41   31.07   24.44   7.360   17.45   22.04   22.20   34.13   31.19   33.28   25.80   24.60   27.01   24.66   25.47   24.35   22.95   24.62   31.72   36.64   32.09   11.02   16.12   40.33   40.35   40.95   32.01   47.60   44.80   40.41   28.69   25.00   38.09   37.63   34.98   28.94   48.13   42.54   34.48   45.20   13.15   52.18   53.66   55.20   45.77   41.03   42.90   43.31   38.05   36.74   54.50   43.17   36.47   29.59   31.01   39.57   30.01   34.90   30.14   38.63   35.95   31.90   20.16   23.70   32.56   30.36   23.52   27.23   41.92   40.83   52.60   53.26   51.13   59.20   56.85   38.62   37.30   47.52   38.24   
   180.    4.911   6.002   7.691   15.71   18.66   23.91   15.77   12.99   14.72   14.67   26.74   32.77   30.58   29.23   31.97   25.15   7.573   17.95   22.68   22.85   35.12   32.10   34.25   26.54   25.32   27.79   25.38   26.21   25.06   23.61   25.34   32.64   37.70   33.02   11.34   16.58   41.50   41.52   42.13   32.94   48.98   46.10   41.58   29.52   25.72   39.19   38.73   36.00   29.78   49.52   43.77   35.48   46.51   13.53   53.70   55.22   56.80   47.10   42.22   44.14   44.57   39.15   37.80   56.08   44.42   37.52   30.45   31.91   40.72   30.88   35.91   31.01   39.75   36.99   32.82   20.75   24.39   33.51   31.24   24.20   28.02   43.14   42.01   54.13   54.80   52.61   60.92   58.50   39.74   38.38   48.89   39.35   
   200.    5.177   6.327   8.107   16.56   19.67   25.20   16.62   13.69   15.52   15.47   28.18   34.54   32.24   30.81   33.70   26.51   7.983   18.92   23.91   24.08   37.02   33.84   36.10   27.98   26.69   29.30   26.75   27.62   26.41   24.89   26.71   34.40   39.74   34.81   11.95   17.48   43.74   43.77   44.41   34.72   51.63   48.59   43.83   31.12   27.11   41.31   40.82   37.94   31.39   52.20   46.14   37.39   49.03   14.26   56.60   58.21   59.87   49.65   44.51   46.53   46.98   41.27   39.85   59.12   46.82   39.55   32.10   33.63   42.92   32.55   37.86   32.69   41.90   38.99   34.60   21.87   25.71   35.32   32.93   25.51   29.54   45.47   44.28   57.06   57.77   55.46   64.21   61.67   41.88   40.46   51.54   41.48   
   225.    5.491   6.711   8.598   17.56   20.86   26.73   17.63   14.52   16.46   16.40   29.89   36.64   34.19   32.68   35.75   28.12   8.467   20.07   25.36   25.54   39.26   35.89   38.29   29.68   28.30   31.08   28.37   29.30   28.02   26.40   28.33   36.49   42.15   36.92   12.68   18.54   46.40   46.42   47.11   36.82   54.76   51.54   46.49   33.01   28.76   43.82   43.30   40.24   33.30   55.37   48.94   39.66   52.00   15.13   60.04   61.74   63.51   52.66   47.21   49.35   49.83   43.77   42.26   62.70   49.66   41.95   34.05   35.67   45.53   34.53   40.15   34.67   44.44   41.36   36.70   23.20   27.27   37.46   34.93   27.05   31.33   48.23   46.97   60.52   61.27   58.82   68.11   65.41   44.43   42.92   54.67   43.99   
   250.    5.788   7.074   9.063   18.51   21.99   28.18   18.58   15.31   17.35   17.29   31.51   38.62   36.04   34.45   37.68   29.64   8.925   21.16   26.73   26.93   41.38   37.83   40.36   31.28   29.84   32.76   29.91   30.88   29.53   27.83   29.86   38.46   44.43   38.91   13.36   19.54   48.91   48.93   49.66   38.81   57.72   54.33   49.00   34.80   30.31   46.19   45.64   42.42   35.10   58.36   51.59   41.81   54.82   15.95   63.28   65.08   66.94   55.51   49.76   52.02   52.52   46.14   44.55   66.09   52.35   44.22   35.89   37.60   47.99   36.40   42.32   36.55   46.84   43.60   38.68   24.45   28.74   39.49   36.82   28.52   33.02   50.84   49.51   63.79   64.59   62.00   71.79   68.94   46.83   45.24   57.62   46.37   
   275.    6.070   7.419   9.506   19.42   23.07   29.55   19.49   16.06   18.20   18.14   33.05   40.51   37.80   36.13   39.52   31.09   9.361   22.19   28.04   28.24   43.40   39.68   42.33   32.81   31.29   34.36   31.37   32.39   30.97   29.19   31.32   40.34   46.60   40.81   14.01   20.50   51.29   51.32   52.08   40.71   60.54   56.98   51.40   36.49   31.79   48.44   47.87   44.49   36.81   61.21   54.10   43.85   57.49   16.73   66.37   68.25   70.21   58.21   52.19   54.56   55.09   48.39   46.72   69.32   54.91   46.38   37.64   39.44   50.33   38.17   44.39   38.33   49.13   45.73   40.57   25.65   30.15   41.42   38.61   29.91   34.63   53.32   51.92   66.91   67.74   65.03   75.30   72.31   49.11   47.44   60.43   48.64   
   300.    6.340   7.749   9.928   20.28   24.09   30.87   20.36   16.77   19.01   18.94   34.52   42.31   39.48   37.74   41.28   32.47   9.777   23.18   29.28   29.50   45.33   41.44   44.21   34.27   32.68   35.88   32.76   33.83   32.35   30.49   32.71   42.13   48.67   42.63   14.64   21.41   53.57   53.60   54.39   42.52   63.23   59.51   53.68   38.12   33.21   50.59   49.99   46.47   38.45   63.93   56.51   45.80   60.05   17.47   69.32   71.29   73.33   60.80   54.51   56.99   57.54   50.55   48.80   72.40   57.35   48.44   39.31   41.19   52.57   39.87   46.36   40.04   51.32   47.76   42.37   26.79   31.49   43.26   40.33   31.24   36.17   55.69   54.23   69.88   70.75   67.92   78.65   75.52   51.30   49.55   63.12   50.80   
   325.    6.599   8.065   10.33   21.11   25.08   32.13   21.19   17.45   19.79   19.72   35.93   44.04   41.09   39.28   42.96   33.80   10.18   24.12   30.48   30.70   47.19   43.13   46.02   35.67   34.02   37.35   34.10   35.21   33.67   31.73   34.04   43.86   50.66   44.37   15.23   22.28   55.76   55.79   56.62   44.26   65.81   61.94   55.87   39.67   34.56   52.66   52.04   48.37   40.02   66.55   58.82   47.67   62.50   18.18   72.15   74.20   76.32   63.29   56.74   59.31   59.89   52.61   50.79   75.36   59.69   50.42   40.92   42.87   54.72   41.50   48.26   41.67   53.41   49.71   44.10   27.88   32.77   45.02   41.98   32.52   37.65   57.97   56.45   72.73   73.64   70.69   81.86   78.61   53.39   51.58   65.70   52.87   
   350.    6.848   8.370   10.72   21.91   26.02   33.34   21.99   18.11   20.53   20.46   37.29   45.70   42.64   40.76   44.58   35.07   10.56   25.03   31.63   31.86   48.97   44.76   47.75   37.01   35.30   38.76   35.39   36.54   34.94   32.93   35.33   45.51   52.57   46.04   15.81   23.12   57.87   57.90   58.75   45.93   68.30   64.28   57.98   41.17   35.87   54.65   54.00   50.19   41.53   69.06   61.04   49.47   64.86   18.87   74.88   77.00   79.20   65.68   58.88   61.55   62.15   54.60   52.71   78.20   61.94   52.32   42.46   44.49   56.78   43.07   50.08   43.24   55.43   51.58   45.77   28.93   34.01   46.72   43.56   33.74   39.07   60.16   58.58   75.48   76.42   73.36   84.95   81.58   55.41   53.52   68.18   54.87   
   375.    7.088   8.663   11.10   22.68   26.94   34.51   22.76   18.75   21.25   21.18   38.59   47.30   44.14   42.19   46.15   36.31   10.93   25.91   32.74   32.98   50.69   46.33   49.43   38.31   36.54   40.12   36.63   37.82   36.17   34.08   36.57   47.11   54.42   47.66   16.36   23.94   59.90   59.93   60.82   47.54   70.69   66.54   60.02   42.62   37.13   56.57   55.89   51.96   42.99   71.48   63.18   51.20   67.14   19.53   77.51   79.70   81.98   67.98   60.95   63.71   64.33   56.51   54.56   80.95   64.12   54.16   43.95   46.05   58.78   44.58   51.84   44.76   57.37   53.40   47.37   29.95   35.20   48.36   45.09   34.93   40.44   62.27   60.64   78.13   79.10   75.94   87.93   84.44   57.35   55.40   70.57   56.80   
   400.    7.321   8.948   11.46   23.42   27.82   35.64   23.51   19.36   21.95   21.87   39.86   48.85   45.59   43.57   47.66   37.50   11.29   26.76   33.81   34.06   52.35   47.85   51.05   39.57   37.74   41.43   37.83   39.06   37.36   35.20   37.77   48.65   56.20   49.22   16.90   24.72   61.86   61.90   62.81   49.10   73.01   68.72   61.99   44.01   38.34   58.42   57.73   53.66   44.40   73.83   65.25   52.88   69.34   20.17   80.05   82.32   84.67   70.21   62.94   65.80   66.44   58.37   56.35   83.60   66.22   55.94   45.39   47.57   60.70   46.04   53.54   46.23   59.25   55.15   48.93   30.93   36.36   49.95   46.57   36.07   41.77   64.31   62.62   80.69   81.70   78.43   90.81   87.21   59.23   57.22   72.89   58.66   
   450.    7.765   9.490   12.16   24.84   29.51   37.80   24.93   20.54   23.28   23.20   42.28   51.82   48.35   46.22   50.55   39.77   11.97   28.39   35.86   36.13   55.52   50.75   54.15   41.97   40.03   43.95   40.13   41.43   39.62   37.34   40.06   51.60   59.61   52.21   17.93   26.22   65.62   65.65   66.62   52.08   77.44   72.89   65.75   46.68   40.67   61.97   61.23   56.91   47.09   78.30   69.21   56.09   73.55   21.40   84.90   87.31   89.81   74.47   66.76   69.79   70.47   61.91   59.77   88.68   70.24   59.33   48.15   50.45   64.39   48.83   56.78   49.03   62.85   58.49   51.90   32.81   38.56   52.98   49.39   38.26   44.30   68.21   66.42   85.59   86.65   83.18   96.32   92.50   62.83   60.69   77.31   62.22   
   500.    8.185   10.00   12.82   26.18   31.10   39.85   26.28   21.65   24.54   24.45   44.56   54.62   50.97   48.72   53.29   41.92   12.62   29.92   37.80   38.08   58.53   53.50   57.08   44.24   42.19   46.32   42.30   43.68   41.77   39.36   42.23   54.40   62.84   55.03   18.90   27.64   69.16   69.20   70.22   54.89   81.63   76.83   69.30   49.21   42.87   65.32   64.54   59.99   49.64   82.54   72.96   59.13   77.52   22.55   89.50   92.03   94.67   78.50   70.37   73.57   74.28   65.25   63.00   93.47   74.03   62.54   50.75   53.18   67.87   51.47   59.85   51.69   66.25   61.66   54.70   34.58   40.65   55.85   52.07   40.33   46.70   71.90   70.02   90.22   91.34   87.68   101.5   97.50   66.23   63.97   81.49   65.58   
   550.    8.585   10.49   13.44   27.46   32.62   41.79   27.57   22.71   25.74   25.65   46.74   57.28   53.46   51.09   55.89   43.97   13.24   31.38   39.65   39.94   61.38   56.11   59.86   46.40   44.25   48.59   44.36   45.81   43.80   41.28   44.29   57.05   65.91   57.72   19.82   28.99   72.54   72.58   73.65   57.57   85.61   80.58   72.69   51.61   44.96   68.51   67.69   62.92   52.06   86.57   76.52   62.01   81.31   23.65   93.86   96.52   99.29   82.33   73.81   77.16   77.91   68.44   66.08   98.03   77.65   65.59   53.23   55.78   71.18   53.99   62.78   54.21   69.48   64.67   57.37   36.27   42.63   58.57   54.61   42.30   48.98   75.41   73.43   94.62   95.80   91.96   106.5   102.3   69.46   67.10   85.47   68.78   
   600.    8.966   10.96   14.04   28.68   34.07   43.65   28.79   23.72   26.88   26.79   48.82   59.83   55.83   53.37   58.37   45.92   13.83   32.78   41.41   41.71   64.11   58.60   62.53   48.46   46.22   50.75   46.33   47.84   45.75   43.11   46.26   59.59   68.84   60.29   20.70   30.28   75.77   75.81   76.93   60.13   89.42   84.16   75.92   53.90   46.96   71.55   70.70   65.72   54.38   90.42   79.92   64.77   84.92   24.71   98.04   100.8   103.7   85.99   77.09   80.59   81.37   71.48   69.01   102.4   81.10   68.51   55.60   58.26   74.35   56.39   65.57   56.62   72.57   67.54   59.92   37.88   44.53   61.18   57.04   44.18   51.16   78.76   76.70   98.83   100.1   96.05   111.2   106.8   72.55   70.08   89.27   71.84   
   650.    9.332   11.41   14.61   29.85   35.46   45.43   29.97   24.68   27.98   27.88   50.81   62.27   58.11   55.55   60.76   47.80   14.39   34.12   43.10   43.42   66.73   61.00   65.08   50.44   48.11   52.82   48.22   49.80   47.62   44.87   48.15   62.02   71.65   62.75   21.54   31.51   78.86   78.90   80.07   62.59   93.07   87.60   79.02   56.11   48.88   74.47   73.59   68.40   56.60   94.11   83.18   67.41   88.39   25.71   102.0   104.9   107.9   89.50   80.24   83.88   84.69   74.40   71.83   106.6   84.41   71.31   57.87   60.63   77.38   58.69   68.24   58.93   75.53   70.30   62.37   39.43   46.35   63.67   59.36   45.98   53.25   81.98   79.83   102.9   104.1   99.98   115.8   111.2   75.51   72.94   92.91   74.78   
   700.    9.685   11.84   15.17   30.98   36.80   47.15   31.10   25.62   29.04   28.94   52.73   64.63   60.31   57.64   63.05   49.60   14.93   35.40   44.73   45.06   69.25   63.30   67.54   52.35   49.92   54.81   50.04   51.68   49.42   46.57   49.96   64.36   74.35   65.12   22.36   32.70   81.84   81.88   83.09   64.95   96.59   90.91   82.00   58.22   50.72   77.29   76.37   70.98   58.73   97.66   86.32   69.96   91.73   26.69   105.9   108.9   112.0   92.88   83.27   87.05   87.89   77.21   74.54   110.6   87.60   74.00   60.05   62.92   80.30   60.90   70.82   61.16   78.39   72.95   64.73   40.92   48.10   66.08   61.61   47.72   55.26   85.07   82.84   106.7   108.1   103.7   120.1   115.4   78.36   75.70   96.42   77.60   
   800.    10.35   12.65   16.21   33.12   39.34   50.40   33.25   27.39   31.04   30.93   56.37   69.09   64.47   61.62   67.40   53.03   15.97   37.85   47.82   48.17   74.03   67.67   72.20   55.96   53.37   58.60   53.50   55.25   52.83   49.78   53.41   68.81   79.48   69.61   23.90   34.96   87.49   87.54   88.83   69.43   103.3   97.18   87.66   62.24   54.23   82.62   81.64   75.89   62.79   104.4   92.28   74.79   98.06   28.53   113.2   116.4   119.7   99.29   89.02   93.06   93.96   82.54   79.69   118.2   93.65   79.11   64.20   67.27   85.85   65.11   75.71   65.38   83.80   77.99   69.19   43.74   51.42   70.64   65.86   51.01   59.07   90.95   88.56   114.1   115.5   110.9   128.4   123.3   83.77   80.92   103.1   82.96   
   900.    10.98   13.42   17.20   35.13   41.73   53.46   35.26   29.05   32.93   32.81   59.79   73.28   68.38   65.36   71.49   56.24   16.93   40.14   50.72   51.09   78.52   71.77   76.58   59.35   56.61   62.15   56.75   58.60   56.03   52.80   56.65   72.98   84.31   73.83   25.35   37.08   92.79   92.85   94.21   73.65   109.5   103.1   92.98   66.02   57.52   87.63   86.59   80.49   66.60   110.7   97.88   79.33   104.0   30.26   120.1   123.5   127.0   105.3   94.42   98.70   99.66   87.55   84.53   125.4   99.33   83.91   68.09   71.35   91.06   69.06   80.30   69.35   88.88   82.72   73.39   46.40   54.54   74.92   69.85   54.11   62.66   96.46   93.94   121.0   122.5   117.6   136.2   130.8   88.85   85.83   109.3   87.99   
   1.00e3  11.58   14.15   18.13   37.03   43.99   56.35   37.17   30.62   34.71   34.58   63.02   77.24   72.08   68.90   75.36   59.29   17.85   42.31   53.46   53.85   82.77   75.66   80.72   62.57   59.67   65.51   59.81   61.77   59.07   55.66   59.72   76.93   88.87   77.83   26.72   39.09   97.81   97.87   99.31   77.63   115.4   108.7   98.01   69.59   60.63   92.37   91.28   84.84   70.20   116.7   103.2   83.62   109.6   31.89   126.6   130.2   133.9   111.0   99.52   104.0   105.0   92.28   89.10   132.2   104.7   88.44   71.78   75.21   95.98   72.79   84.65   73.10   93.69   87.19   77.36   48.91   57.49   78.98   73.63   57.04   66.05   101.7   99.02   127.6   129.2   124.0   143.6   137.9   93.66   90.47   115.2   92.75   
   1.10e3  12.14   14.84   19.01   38.84   46.13   59.10   38.98   32.11   36.40   36.27   66.10   81.01   75.60   72.26   79.04   62.18   18.72   44.38   56.07   56.48   86.81   79.35   84.66   65.62   62.58   68.71   62.73   64.78   61.95   58.38   62.63   80.68   93.20   81.63   28.03   41.00   102.6   102.6   104.2   81.42   121.1   114.0   102.8   72.99   63.59   96.88   95.73   88.98   73.63   122.4   108.2   87.70   115.0   33.45   132.7   136.5   140.4   116.4   104.4   109.1   110.2   96.79   93.45   138.6   109.8   92.76   75.28   78.88   100.7   76.35   88.78   76.66   98.26   91.45   81.14   51.29   60.29   82.83   77.23   59.82   69.27   106.6   103.8   133.8   135.5   130.1   150.6   144.6   98.23   94.89   120.9   97.28   
   1.20e3  12.68   15.50   19.86   40.56   48.19   61.73   40.72   33.54   38.02   37.88   69.04   84.61   78.96   75.47   82.55   64.95   19.55   46.35   58.56   58.99   90.67   82.88   88.42   68.54   65.37   71.77   65.52   67.66   64.70   60.97   65.42   84.27   97.35   85.26   29.27   42.82   107.1   107.2   108.8   85.04   126.5   119.0   107.4   76.23   66.41   101.2   99.99   92.94   76.90   127.9   113.0   91.60   120.1   34.94   138.6   142.6   146.7   121.6   109.0   114.0   115.1   101.1   97.60   144.8   114.7   96.89   78.63   82.39   105.1   79.74   92.73   80.07   102.6   95.52   84.75   53.57   62.97   86.52   80.66   62.48   72.35   111.4   108.5   139.8   141.5   135.8   157.3   151.0   102.6   99.11   126.2   101.6   
   1.30e3  13.20   16.13   20.67   42.22   50.15   64.25   42.38   34.91   39.57   39.43   71.86   88.07   82.18   78.55   85.92   67.60   20.35   48.25   60.96   61.40   94.37   86.26   92.04   71.34   68.04   74.70   68.20   70.42   67.34   63.46   68.09   87.71   101.3   88.74   30.47   44.57   111.5   111.6   113.2   88.51   131.6   123.9   111.7   79.35   69.12   105.3   104.1   96.74   80.04   133.1   117.6   95.34   125.0   36.37   144.3   148.4   152.6   126.6   113.5   118.6   119.8   105.2   101.6   150.7   119.4   100.8   81.84   85.75   109.4   83.00   96.51   83.34   106.8   99.42   88.21   55.76   65.54   90.05   83.95   65.03   75.30   115.9   112.9   145.5   147.3   141.4   163.7   157.2   106.8   103.2   131.4   105.7   
   1.40e3  13.70   16.74   21.45   43.81   52.05   66.68   43.98   36.23   41.07   40.92   74.57   91.39   85.29   81.52   89.17   70.15   21.12   50.07   63.26   63.72   97.93   89.52   95.51   74.03   70.60   77.52   70.77   73.08   69.89   65.86   70.66   91.02   105.1   92.09   31.62   46.25   115.7   115.8   117.5   91.85   136.6   128.6   116.0   82.34   71.73   109.3   108.0   100.4   83.06   138.1   122.1   98.94   129.7   37.74   149.8   154.0   158.4   131.4   117.8   123.1   124.3   109.2   105.4   156.4   123.9   104.6   84.93   88.99   113.6   86.13   100.2   86.49   110.9   103.2   91.54   57.87   68.02   93.45   87.12   67.48   78.15   120.3   117.2   151.0   152.8   146.7   169.9   163.2   110.8   107.0   136.4   109.7   
   1.50e3  14.18   17.33   22.20   45.35   53.87   69.02   45.52   37.50   42.51   42.36   77.19   94.60   88.28   84.38   92.30   72.61   21.86   51.82   65.48   65.96   101.4   92.66   98.86   76.63   73.08   80.24   73.26   75.65   72.34   68.17   73.14   94.22   108.8   95.32   32.73   47.87   119.8   119.9   121.6   95.08   141.4   133.1   120.0   85.23   74.25   113.1   111.8   103.9   85.98   143.0   126.4   102.4   134.3   39.06   155.0   159.4   164.0   136.0   121.9   127.4   128.7   113.0   109.1   161.9   128.2   108.3   87.91   92.11   117.6   89.15   103.7   89.52   114.7   106.8   94.75   59.90   70.40   96.73   90.18   69.85   80.89   124.5   121.3   156.3   158.2   151.9   175.9   168.9   114.7   110.8   141.1   113.6   
   1.60e3  14.64   17.90   22.93   46.84   55.64   71.28   47.02   38.73   43.90   43.75   79.72   97.70   91.18   87.15   95.32   74.99   22.58   53.52   67.62   68.12   104.7   95.70   102.1   79.14   75.48   82.87   75.66   78.13   74.71   70.40   75.54   97.31   112.4   98.45   33.80   49.44   123.7   123.8   125.6   98.19   146.0   137.4   124.0   88.03   76.69   116.8   115.5   107.3   88.80   147.7   130.5   105.8   138.7   40.34   160.1   164.6   169.3   140.4   125.9   131.6   132.9   116.7   112.7   167.2   132.4   111.9   90.79   95.13   121.4   92.08   107.1   92.46   118.5   110.3   97.86   61.86   72.71   99.90   93.14   72.14   83.54   128.6   125.2   161.4   163.4   156.9   181.6   174.4   118.5   114.4   145.8   117.3   
   1.70e3  15.09   18.45   23.63   48.28   57.35   73.47   48.46   39.92   45.25   45.09   82.17   100.7   93.98   89.83   98.26   77.30   23.27   55.17   69.70   70.22   107.9   98.65   105.2   81.58   77.80   85.42   77.99   80.53   77.01   72.57   77.86   100.3   115.9   101.5   34.84   50.96   127.5   127.6   129.5   101.2   150.5   141.7   127.8   90.74   79.05   120.4   119.0   110.6   91.53   152.2   134.5   109.0   142.9   41.59   165.0   169.7   174.6   144.7   129.8   135.7   137.0   120.3   116.2   172.4   136.5   115.3   93.58   98.06   125.1   94.91   110.4   95.31   122.2   113.7   100.9   63.77   74.95   103.0   96.01   74.36   86.11   132.6   129.1   166.3   168.4   161.7   187.2   179.8   122.1   118.0   150.3   120.9   
   1.80e3  15.53   18.98   24.32   49.68   59.01   75.60   49.87   41.08   46.56   46.40   84.55   103.6   96.71   92.43   101.1   79.54   23.95   56.77   71.73   72.25   111.0   101.5   108.3   83.94   80.06   87.90   80.25   82.87   79.24   74.67   80.12   103.2   119.2   104.4   35.85   52.44   131.2   131.3   133.2   104.2   154.9   145.8   131.5   93.37   81.34   123.9   122.5   113.8   94.18   156.6   138.4   112.2   147.1   42.79   169.8   174.6   179.6   148.9   133.5   139.6   140.9   123.8   119.5   177.4   140.5   118.7   96.30   100.9   128.8   97.66   113.6   98.07   125.7   117.0   103.8   65.61   77.12   106.0   98.79   76.52   88.61   136.4   132.8   171.2   173.3   166.4   192.6   185.0   125.7   121.4   154.6   124.4   
   2.00e3  16.37   20.01   25.64   52.37   62.21   79.69   52.57   43.30   49.08   48.91   89.13   109.2   101.9   97.43   106.6   83.84   25.24   59.84   75.61   76.16   117.1   107.0   114.2   88.48   84.39   92.65   84.59   87.35   83.53   78.71   84.45   108.8   125.7   110.1   37.79   55.28   138.3   138.4   140.4   109.8   163.3   153.7   138.6   98.42   85.74   130.6   129.1   120.0   99.28   165.1   145.9   118.3   155.0   45.11   179.0   184.1   189.3   157.0   140.7   147.1   148.6   130.5   126.0   186.9   148.1   125.1   101.5   106.4   135.7   102.9   119.7   103.4   132.5   123.3   109.4   69.16   81.30   111.7   104.1   80.66   93.40   143.8   140.0   180.4   182.7   175.4   203.1   195.0   132.5   127.9   163.0   131.2   
   2.25e3  17.36   21.22   27.19   55.54   65.98   84.53   55.76   45.93   52.06   51.88   94.54   115.9   108.1   103.3   113.0   88.93   26.78   63.47   80.19   80.78   124.2   113.5   121.1   93.85   89.51   98.27   89.72   92.65   88.60   83.49   89.58   115.4   133.3   116.7   40.08   58.63   146.7   146.8   149.0   116.4   173.2   163.0   147.0   104.4   90.94   138.6   136.9   127.3   105.3   175.1   154.8   125.4   164.5   47.84   189.8   195.2   200.8   166.5   149.3   156.1   157.6   138.4   133.6   198.3   157.1   132.7   107.7   112.8   144.0   109.2   127.0   109.6   140.5   130.8   116.0   73.36   86.23   118.5   110.4   85.55   99.07   152.5   148.5   191.4   193.8   186.0   215.4   206.8   140.5   135.7   172.9   139.1   
   2.50e3  18.30   22.37   28.66   58.55   69.55   89.10   58.77   48.41   54.88   54.68   99.65   122.1   114.0   108.9   119.2   93.74   28.22   66.91   84.53   85.15   130.9   119.6   127.6   98.92   94.35   103.6   94.58   97.66   93.39   88.00   94.42   121.6   140.5   123.1   42.25   61.80   154.7   154.7   157.0   122.7   182.5   171.8   155.0   110.0   95.86   146.1   144.3   134.1   111.0   184.6   163.1   132.2   173.3   50.43   200.1   205.8   211.7   175.5   157.4   164.5   166.1   145.9   140.9   209.0   165.5   139.8   113.5   118.9   151.8   115.1   133.8   115.6   148.1   137.9   122.3   77.33   90.89   124.9   116.4   90.18   104.4   160.8   156.6   201.7   204.2   196.1   227.0   218.0   148.1   143.1   182.2   146.6   
   2.75e3  19.20   23.46   30.06   61.41   72.94   93.45   61.64   50.77   57.56   57.35   104.5   128.1   119.5   114.3   125.0   98.32   29.60   70.17   88.66   89.31   137.3   125.5   133.9   103.8   98.95   108.6   99.19   102.4   97.95   92.30   99.03   127.6   147.4   129.1   44.31   64.82   162.2   162.3   164.7   128.7   191.4   180.2   162.5   115.4   100.5   153.2   151.4   140.7   116.4   193.6   171.1   138.7   181.8   52.89   209.9   215.8   222.0   184.1   165.0   172.5   174.2   153.0   147.8   219.2   173.6   146.7   119.0   124.7   159.2   120.7   140.4   121.2   155.4   144.6   128.3   81.10   95.33   131.0   122.1   94.58   109.5   168.6   164.2   211.6   214.2   205.6   238.1   228.7   155.3   150.0   191.1   153.8   
   3.00e3  20.05   24.50   31.40   64.14   76.19   97.61   64.38   53.03   60.11   59.90   109.2   133.8   124.8   119.3   130.5   102.7   30.92   73.29   92.60   93.28   143.4   131.0   139.8   108.4   103.4   113.5   103.6   107.0   102.3   96.40   103.4   133.2   153.9   134.8   46.28   67.70   169.4   169.5   172.0   134.5   200.0   188.2   169.8   120.5   105.0   160.0   158.1   147.0   121.6   202.2   178.7   144.8   189.9   55.24   219.2   225.4   231.9   192.3   172.4   180.2   181.9   159.8   154.3   229.0   181.3   153.2   124.3   130.3   166.2   126.1   146.6   126.6   162.3   151.0   134.0   84.71   99.57   136.8   127.5   98.79   114.4   176.1   171.5   221.0   223.7   214.8   248.7   238.8   162.2   156.7   199.6   160.6   
   3.25e3  20.87   25.50   32.68   66.76   79.30   101.6   67.01   55.20   62.57   62.35   113.6   139.3   129.9   124.2   135.9   106.9   32.18   76.28   96.38   97.09   149.2   136.4   145.5   112.8   107.6   118.1   107.8   111.4   106.5   100.3   107.7   138.7   160.2   140.3   48.17   70.47   176.3   176.4   179.0   139.9   208.1   195.9   176.7   125.5   109.3   166.5   164.6   153.0   126.6   210.4   186.0   150.7   197.6   57.50   228.2   234.6   241.4   200.1   179.4   187.6   189.4   166.4   160.6   238.3   188.8   159.4   129.4   135.6   173.0   131.2   152.6   131.8   168.9   157.2   139.5   88.17   103.6   142.4   132.7   102.8   119.1   183.3   178.5   230.0   232.9   223.6   258.9   248.6   168.8   163.1   207.8   167.2   
   3.50e3  21.66   26.47   33.91   69.28   82.29   105.4   69.54   57.28   64.93   64.70   117.9   144.5   134.9   128.9   141.0   110.9   33.40   79.16   100.0   100.8   154.8   141.5   151.0   117.0   111.6   122.6   111.9   115.6   110.5   104.1   111.7   143.9   166.3   145.6   49.99   73.13   183.0   183.1   185.8   145.2   216.0   203.3   183.4   130.2   113.4   172.8   170.8   158.7   131.3   218.4   193.0   156.4   205.1   59.67   236.8   243.5   250.5   207.7   186.2   194.6   196.5   172.6   166.7   247.3   195.9   165.5   134.3   140.7   179.6   136.2   158.4   136.8   175.3   163.1   144.7   91.49   107.5   147.8   137.8   106.7   123.6   190.2   185.2   238.7   241.7   232.0   268.6   258.0   175.2   169.3   215.6   173.5   
   3.75e3  22.42   27.40   35.10   71.71   85.18   109.1   71.98   59.29   67.21   66.97   122.0   149.6   139.6   133.4   145.9   114.8   34.57   81.94   103.5   104.3   160.3   146.5   156.3   121.2   115.6   126.9   115.8   119.6   114.4   107.8   115.6   149.0   172.1   150.7   51.75   75.69   189.4   189.5   192.3   150.3   223.6   210.4   189.8   134.8   117.4   178.9   176.8   164.3   135.9   226.0   199.8   161.9   212.3   61.76   245.1   252.0   259.3   215.0   192.7   201.5   203.4   178.7   172.5   256.0   202.8   171.3   139.0   145.6   185.9   141.0   163.9   141.6   181.4   168.9   149.8   94.71   111.3   152.9   142.6   110.4   127.9   196.9   191.7   247.1   250.2   240.1   278.1   267.0   181.4   175.2   223.2   179.6   
   4.00e3  23.15   28.29   36.25   74.06   87.97   112.7   74.34   61.24   69.41   69.17   126.0   154.5   144.2   137.8   150.7   118.6   35.70   84.63   106.9   107.7   165.5   151.3   161.4   125.1   119.3   131.0   119.6   123.5   118.1   111.3   119.4   153.9   177.7   155.7   53.44   78.17   195.6   195.7   198.6   155.3   230.9   217.3   196.0   139.2   121.3   184.7   182.6   169.7   140.4   233.5   206.3   167.2   219.3   63.79   253.1   260.3   267.8   222.0   199.0   208.1   210.1   184.6   178.2   264.4   209.4   176.9   143.6   150.4   192.0   145.6   169.3   146.2   187.4   174.4   154.7   97.81   115.0   158.0   147.3   114.1   132.1   203.4   198.0   255.2   258.4   248.0   287.2   275.8   187.3   180.9   230.5   185.5   
   4.50e3  24.56   30.01   38.45   78.55   93.31   119.5   78.85   64.95   73.62   73.36   133.7   163.9   152.9   146.2   159.9   125.8   37.87   89.76   113.4   114.2   175.6   160.5   171.2   132.7   126.6   139.0   126.9   131.0   125.3   118.1   126.7   163.2   188.5   165.1   56.69   82.92   207.5   207.6   210.7   164.7   244.9   230.5   207.9   147.6   128.6   196.0   193.6   180.0   148.9   247.6   218.9   177.4   232.6   67.66   268.5   276.1   284.0   235.5   211.1   220.7   222.8   195.8   189.0   280.4   222.1   187.6   152.3   159.5   203.6   154.4   179.6   155.1   198.7   185.0   164.1   103.7   121.9   167.5   156.2   121.0   140.1   215.7   210.0   270.6   274.0   263.1   304.6   292.5   198.7   191.9   244.5   196.7   
   5.00e3  25.88   31.63   40.53   82.80   98.36   126.0   83.12   68.46   77.61   77.33   140.9   172.7   161.2   154.1   168.5   132.6   39.91   94.62   119.5   120.4   185.1   169.2   180.5   139.9   133.4   146.5   133.8   138.1   132.1   124.5   133.5   172.0   198.7   174.0   59.75   87.40   218.7   218.8   222.1   173.6   258.1   243.0   219.2   155.6   135.6   206.6   204.1   189.7   157.0   261.0   230.7   187.0   245.2   71.32   283.0   291.0   299.4   248.2   222.5   232.6   234.9   206.4   199.2   295.6   234.1   197.8   160.5   168.2   214.6   162.8   189.3   163.4   209.5   195.0   173.0   109.4   128.5   176.6   164.6   127.5   147.7   227.4   221.4   285.3   288.8   277.3   321.1   308.3   209.4   202.3   257.7   207.4   
   5.50e3  27.15   33.18   42.51   86.84   103.2   132.2   87.17   71.81   81.40   81.11   147.8   181.1   169.0   161.6   176.7   139.0   41.86   99.24   125.4   126.3   194.1   177.4   189.3   146.7   139.9   153.6   140.3   144.9   138.5   130.5   140.0   180.4   208.4   182.5   62.67   91.67   229.4   229.5   232.9   182.1   270.7   254.8   229.9   163.2   142.2   216.6   214.1   199.0   164.6   273.8   242.0   196.1   257.1   74.80   296.8   305.2   314.0   260.3   233.4   244.0   246.4   216.4   209.0   310.0   245.5   207.4   168.3   176.4   225.1   170.7   198.5   171.4   219.7   204.5   181.4   114.7   134.8   185.2   172.7   133.8   154.9   238.5   232.2   299.2   302.9   290.8   336.7   323.4   219.6   212.2   270.3   217.5   
   6.00e3  28.35   34.65   44.40   90.70   107.7   138.0   91.05   75.00   85.01   84.71   154.4   189.2   176.6   168.8   184.6   145.2   43.72   103.6   131.0   131.9   202.7   185.3   197.7   153.3   146.2   160.5   146.5   151.3   144.7   136.3   146.3   188.4   217.7   190.6   65.46   95.74   239.6   239.7   243.3   190.2   282.8   266.1   240.1   170.5   148.5   226.3   223.6   207.8   172.0   285.9   252.7   204.8   268.6   78.13   310.0   318.8   327.9   271.9   243.8   254.8   257.3   226.0   218.2   323.8   256.5   216.6   175.8   184.2   235.1   178.3   207.3   179.0   229.5   213.6   189.5   119.8   140.8   193.5   180.4   139.7   161.8   249.1   242.5   312.5   316.4   303.7   351.7   337.8   229.4   221.6   282.3   227.2   
   6.50e3  29.51   36.07   46.21   94.41   112.1   143.7   94.77   78.06   88.49   88.17   160.7   196.9   183.8   175.7   192.1   151.2   45.51   107.9   136.3   137.3   211.0   192.9   205.8   159.5   152.1   167.0   152.5   157.5   150.6   141.9   152.3   196.1   226.6   198.4   68.13   99.65   249.4   249.5   253.2   197.9   294.3   277.0   249.9   177.4   154.6   235.5   232.7   216.3   179.0   297.6   263.0   213.2   279.5   81.32   322.7   331.8   341.3   283.0   253.7   265.3   267.8   235.3   227.2   337.0   266.9   225.5   183.0   191.7   244.7   185.6   215.8   186.4   238.9   222.3   197.2   124.7   146.6   201.4   187.7   145.4   168.4   259.2   252.4   325.3   329.3   316.2   366.1   351.5   238.8   230.7   293.8   236.5   
   7.00e3  30.63   37.43   47.96   97.97   116.4   149.1   98.34   81.01   91.83   91.50   166.7   204.4   190.7   182.3   199.4   156.9   47.23   112.0   141.4   142.5   219.0   200.2   213.6   165.5   157.9   173.3   158.3   163.4   156.3   147.3   158.0   203.5   235.1   205.9   70.70   103.4   258.8   258.9   262.8   205.4   305.4   287.5   259.3   184.1   160.4   244.4   241.5   224.5   185.7   308.8   273.0   221.2   290.1   84.39   334.9   344.4   354.2   293.7   263.3   275.3   277.9   244.2   235.7   349.7   277.0   234.0   189.9   199.0   253.9   192.6   224.0   193.4   247.9   230.7   204.7   129.4   152.1   209.0   194.8   150.9   174.7   269.0   262.0   337.6   341.8   328.1   379.9   364.8   247.8   239.4   304.9   245.4   
   8.00e3  32.74   40.01   51.27   104.7   124.4   159.4   105.1   86.60   98.17   97.82   178.3   218.5   203.9   194.9   213.1   167.7   50.49   119.7   151.2   152.3   234.1   214.0   228.3   177.0   168.8   185.3   169.2   174.7   167.1   157.4   168.9   217.6   251.4   220.1   75.58   110.6   276.7   276.8   280.9   219.6   326.5   307.3   277.2   196.8   171.5   261.3   258.2   240.0   198.6   330.2   291.8   236.5   310.1   90.21   358.0   368.1   378.7   314.0   281.5   294.3   297.1   261.0   252.0   373.9   296.1   250.2   203.0   212.7   271.5   205.9   239.4   206.7   265.0   246.6   218.8   138.3   162.6   223.4   208.3   161.3   186.8   287.6   280.1   360.9   365.4   350.7   406.1   390.0   264.9   255.9   326.0   262.3   
   9.00e3  34.73   42.44   54.38   111.1   132.0   169.1   111.5   91.85   104.1   103.8   189.1   231.7   216.2   206.7   226.1   177.9   53.55   126.9   160.4   161.6   248.3   227.0   242.2   187.7   179.0   196.5   179.4   185.3   177.2   167.0   179.2   230.8   266.6   233.5   80.17   117.3   293.4   293.6   297.9   232.9   346.3   326.0   294.0   208.8   181.9   277.1   273.8   254.5   210.6   350.2   309.5   250.9   328.9   95.68   379.7   390.5   401.6   333.0   298.6   312.1   315.1   276.9   267.3   396.6   314.1   265.3   215.3   225.6   287.9   218.4   253.9   219.3   281.1   261.6   232.1   146.7   172.5   236.9   220.9   171.1   198.1   305.0   297.1   382.8   387.5   372.0   430.8   413.7   281.0   271.4   345.7   278.2   
   10.0e3  36.61   44.74   57.32   117.1   139.1   178.2   117.5   96.82   109.8   109.4   199.3   244.3   227.9   217.9   238.3   187.5   56.45   133.8   169.1   170.3   261.7   239.2   255.3   197.8   188.7   207.2   189.2   195.3   186.8   176.0   188.8   243.3   281.0   246.1   84.50   123.6   309.3   309.5   314.0   245.5   365.1   343.6   309.9   220.1   191.7   292.1   288.6   268.3   222.0   369.1   326.3   264.4   346.7   100.9   400.2   411.6   423.4   351.0   314.7   329.0   332.2   291.8   281.8   418.0   331.1   279.7   227.0   237.8   303.5   230.2   267.7   231.2   296.3   275.7   244.6   154.7   181.8   249.7   232.8   180.4   208.9   321.5   313.1   403.5   408.5   392.1   454.1   436.0   296.2   286.1   364.4   293.3   
   11.0e3  38.39   46.92   60.12   122.8   145.9   186.9   123.3   101.5   115.1   114.7   209.0   256.2   239.1   228.5   249.9   196.6   59.20   140.3   177.3   178.6   274.5   250.9   267.7   207.5   197.9   217.3   198.4   204.9   195.9   184.6   198.1   255.1   294.7   258.1   88.63   129.6   324.4   324.6   329.4   257.5   382.9   360.4   325.1   230.8   201.1   306.4   302.7   281.4   232.8   387.1   342.2   277.3   363.6   105.8   419.8   431.7   444.0   368.2   330.1   345.1   348.4   306.1   295.5   438.4   347.3   293.3   238.1   249.4   318.3   241.4   280.7   242.4   310.7   289.2   256.6   162.2   190.7   261.9   244.2   189.2   219.0   337.2   328.4   423.1   428.4   411.3   476.2   457.3   310.6   300.1   382.2   307.6   
   12.0e3  40.10   49.01   62.79   128.3   152.4   195.2   128.8   106.1   120.2   119.8   218.3   267.6   249.7   238.7   261.0   205.4   61.84   146.6   185.2   186.6   286.7   262.1   279.6   216.7   206.7   226.9   207.2   214.0   204.6   192.8   206.9   266.5   307.8   269.6   92.57   135.4   338.8   339.0   344.0   268.9   399.9   376.4   339.5   241.1   210.0   320.0   316.2   293.9   243.2   404.4   357.4   289.7   379.8   110.5   438.4   450.9   463.8   384.6   344.8   360.4   363.9   319.7   308.6   457.9   362.7   306.4   248.6   260.5   332.5   252.2   293.2   253.2   324.5   302.1   268.0   169.4   199.1   273.6   255.1   197.6   228.8   352.2   343.0   442.0   447.5   429.6   497.4   477.7   324.4   313.4   399.2   321.3   
   13.0e3  41.74   51.01   65.36   133.5   158.6   203.2   134.0   110.4   125.1   124.7   227.2   278.5   259.9   248.4   271.7   213.8   64.36   152.6   192.8   194.2   298.4   272.8   291.0   225.6   215.1   236.2   215.7   222.7   213.0   200.7   215.3   277.4   320.4   280.6   96.35   140.9   352.7   352.9   358.1   279.9   416.2   391.8   353.4   250.9   218.6   333.1   329.1   305.9   253.1   420.9   372.0   301.5   395.3   115.0   456.3   469.3   482.7   400.3   358.8   375.1   378.8   332.7   321.2   476.6   377.5   318.9   258.8   271.2   346.1   262.5   305.2   263.6   337.8   314.4   278.9   176.3   207.3   284.8   265.5   205.6   238.1   366.6   357.0   460.0   465.8   447.1   517.7   497.2   337.7   326.2   415.5   334.4   
   14.0e3  43.31   52.93   67.82   138.6   164.6   210.9   139.1   114.6   129.9   129.4   235.8   289.0   269.7   257.8   282.0   221.8   66.79   158.3   200.0   201.5   309.7   283.1   302.0   234.1   223.3   245.1   223.8   231.1   221.0   208.3   223.4   287.8   332.5   291.2   99.99   146.3   366.0   366.2   371.6   290.5   431.9   406.5   366.7   260.4   226.8   345.6   341.5   317.5   262.7   436.8   386.0   312.9   410.2   119.3   473.6   487.0   500.9   415.4   372.4   389.3   393.1   345.3   333.4   494.6   391.8   330.9   268.6   281.4   359.1   272.4   316.7   273.5   350.6   326.3   289.5   183.0   215.1   295.5   275.5   213.4   247.1   380.5   370.5   477.4   483.3   464.0   537.3   515.9   350.4   338.5   431.2   347.0   
   15.0e3  44.83   54.79   70.20   143.4   170.4   218.3   144.0   118.6   134.4   133.9   244.1   299.2   279.2   266.8   291.9   229.6   69.14   163.9   207.1   208.6   320.6   293.0   312.6   242.3   231.1   253.7   231.7   239.2   228.8   215.6   231.3   297.9   344.2   301.4   103.5   151.4   378.8   379.0   384.6   300.7   447.1   420.8   379.6   269.5   234.8   357.8   353.5   328.6   271.9   452.1   399.6   323.8   424.6   123.5   490.2   504.1   518.5   429.9   385.5   402.9   406.8   357.4   345.1   512.0   405.5   342.5   278.0   291.3   371.7   281.9   327.8   283.1   362.9   337.7   299.6   189.4   222.6   305.9   285.2   220.9   255.8   393.8   383.5   494.1   500.3   480.3   556.1   534.0   362.7   350.4   446.3   359.2   
   16.0e3  46.30   56.59   72.51   148.1   175.9   225.4   148.7   122.5   138.8   138.3   252.1   309.0   288.3   275.6   301.4   237.1   71.40   169.3   213.8   215.4   331.1   302.6   322.9   250.3   238.7   262.1   239.3   247.1   236.3   222.6   238.9   307.7   355.5   311.3   106.9   156.3   391.3   391.5   397.2   310.5   461.8   434.6   392.0   278.4   242.5   369.5   365.1   339.4   280.8   466.9   412.7   334.5   438.6   127.6   506.3   520.6   535.5   444.0   398.1   416.2   420.2   369.1   356.4   528.8   418.8   353.8   287.1   300.8   383.9   291.2   338.6   292.4   374.8   348.8   309.4   195.6   229.9   315.9   294.5   228.1   264.2   406.7   396.1   510.3   516.7   496.0   574.3   551.6   374.6   361.9   461.0   371.0   
   17.0e3  47.73   58.33   74.74   152.7   181.4   232.3   153.3   126.2   143.1   142.6   259.9   318.5   297.2   284.1   310.7   244.4   73.60   174.5   220.4   222.0   341.3   311.9   332.8   258.0   246.0   270.1   246.6   254.7   243.5   229.5   246.2   317.2   366.4   320.9   110.2   161.2   403.3   403.5   409.5   320.1   476.0   448.0   404.1   286.9   250.0   380.9   376.3   349.8   289.4   481.3   425.4   344.8   452.0   131.5   521.8   536.6   552.0   457.7   410.3   429.0   433.1   380.5   367.4   545.0   431.7   364.7   295.9   310.1   395.7   300.1   349.0   301.4   386.3   359.5   319.0   201.6   237.0   325.6   303.6   235.2   272.3   419.2   408.3   526.0   532.6   511.3   592.0   568.5   386.2   373.0   475.2   382.4   
   18.0e3  49.11   60.02   76.91   157.1   186.6   239.1   157.7   129.9   147.3   146.7   267.4   327.7   305.8   292.3   319.7   251.5   75.73   179.5   226.8   228.5   351.2   321.0   342.5   265.4   253.2   277.9   253.8   262.1   250.6   236.1   253.4   326.4   377.0   330.2   113.4   165.8   415.0   415.2   421.3   329.4   489.8   461.0   415.8   295.2   257.2   391.9   387.3   360.0   297.8   495.2   437.7   354.8   465.2   135.3   537.0   552.2   568.0   471.0   422.2   441.4   445.7   391.5   378.0   560.8   444.2   375.2   304.5   319.1   407.2   308.8   359.1   310.1   397.5   369.9   328.2   207.5   243.9   335.1   312.4   242.0   280.2   431.4   420.1   541.3   548.1   526.1   609.2   585.0   397.4   383.8   488.9   393.5   
   20.0e3  51.77   63.27   81.07   165.6   196.7   252.0   166.2   136.9   155.2   154.7   281.8   345.4   322.4   308.1   337.0   265.1   79.83   189.2   239.1   240.8   370.2   338.4   361.0   279.8   266.9   293.0   267.5   276.2   264.1   248.9   267.1   344.0   397.4   348.1   119.5   174.8   437.4   437.7   444.1   347.2   516.3   485.9   438.3   311.2   271.1   413.1   408.2   379.4   313.9   522.0   461.4   373.9   490.3   142.6   566.0   582.1   598.7   496.5   445.1   465.3   469.8   412.7   398.5   591.2   468.2   395.5   321.0   336.3   429.2   325.5   378.6   326.9   419.0   389.9   346.0   218.7   257.1   353.2   329.3   255.1   295.4   454.7   442.8   570.6   577.7   554.6   642.1   616.7   418.8   404.6   515.4   414.8   
   22.5e3  54.91   67.11   85.98   175.6   208.6   267.3   176.3   145.2   164.6   164.0   298.9   366.4   341.9   326.8   357.5   281.2   84.67   200.7   253.6   255.4   392.6   358.9   382.9   296.8   283.0   310.8   283.7   293.0   280.2   264.0   283.3   364.9   421.5   369.2   126.8   185.4   464.0   464.2   471.1   368.2   547.6   515.4   464.9   330.1   287.6   438.2   433.0   402.4   333.0   553.7   489.4   396.6   520.1   151.3   600.4   617.4   635.1   526.6   472.1   493.5   498.3   437.7   422.6   627.0   496.6   419.5   340.5   356.7   455.3   345.3   401.5   346.7   444.4   413.6   367.0   232.0   272.7   374.6   349.3   270.5   313.3   482.3   469.7   605.2   612.8   588.2   681.1   654.1   444.3   429.2   546.7   439.9   
   25.0e3  57.88   70.74   90.63   185.1   219.9   281.8   185.9   153.1   173.5   172.9   315.1   386.2   360.4   344.5   376.8   296.4   89.25   211.6   267.3   269.3   413.8   378.3   403.6   312.8   298.4   327.6   299.1   308.8   295.3   278.3   298.6   384.6   444.3   389.1   133.6   195.4   489.1   489.3   496.6   388.1   577.2   543.3   490.0   348.0   303.1   461.9   456.4   424.2   351.0   583.6   515.9   418.1   548.2   159.5   632.8   650.8   669.4   555.1   497.6   520.2   525.2   461.4   445.5   660.9   523.5   442.2   358.9   376.0   479.9   364.0   423.2   365.5   468.4   436.0   386.8   244.5   287.4   394.9   368.2   285.2   330.2   508.4   495.1   637.9   645.9   620.0   717.9   689.4   468.3   452.4   576.2   463.7   
   27.5e3  60.70   74.19   95.06   194.2   230.7   295.5   194.9   160.6   182.0   181.4   330.5   405.1   378.0   361.3   395.2   310.9   93.61   221.9   280.4   282.4   434.0   396.8   423.3   328.1   312.9   343.6   313.7   323.9   309.7   291.9   313.2   403.4   466.0   408.1   140.1   205.0   512.9   513.2   520.8   407.1   605.4   569.8   514.0   364.9   317.9   484.4   478.7   444.9   368.1   612.1   541.0   438.5   574.9   167.3   663.7   682.5   702.1   582.1   521.9   545.6   550.9   483.9   467.2   693.2   549.1   463.8   376.4   394.4   503.3   381.7   443.9   383.3   491.3   457.3   405.7   256.5   301.5   414.2   386.1   299.1   346.3   533.2   519.2   669.1   677.4   650.3   753.0   723.1   491.1   474.4   604.3   486.4   
   30.0e3  63.40   77.49   99.28   202.8   240.9   308.7   203.6   167.7   190.1   189.4   345.2   423.1   394.8   377.4   412.8   324.7   97.77   231.8   292.8   295.0   453.3   414.4   442.1   342.7   326.8   358.8   327.6   338.3   323.5   304.9   327.1   421.3   486.7   426.3   146.4   214.1   535.7   536.0   543.9   425.2   632.3   595.1   536.8   381.2   332.1   505.9   499.9   464.7   384.5   639.3   565.1   458.0   600.5   174.7   693.2   712.9   733.3   608.0   545.1   569.9   575.4   505.5   488.0   724.0   573.5   484.4   393.1   411.9   525.7   398.7   463.6   400.4   513.2   477.6   423.7   267.9   314.9   432.6   403.3   312.4   361.7   556.9   542.3   698.8   707.5   679.2   786.5   755.2   513.0   495.5   631.2   508.0   
   32.5e3  65.99   80.65   103.3   211.1   250.8   321.3   211.9   174.6   197.9   197.2   359.3   440.4   410.9   392.8   429.6   338.0   101.8   241.2   304.8   307.0   471.9   431.3   460.2   356.7   340.2   373.5   341.0   352.1   336.7   317.3   340.4   438.6   506.6   443.7   152.3   222.8   557.6   557.9   566.2   442.6   658.1   619.4   558.7   396.7   345.6   526.6   520.4   483.7   400.2   665.5   588.2   476.7   625.0   181.8   721.5   742.0   763.2   632.9   567.4   593.1   598.9   526.1   507.9   753.6   596.9   504.2   409.2   428.7   547.2   415.0   482.6   416.7   534.1   497.1   441.0   278.8   327.7   450.2   419.8   325.2   376.5   579.7   564.5   727.3   736.4   706.9   818.6   786.1   533.9   515.8   657.0   528.7   
   35.0e3  68.48   83.70   107.2   219.1   260.2   333.4   219.9   181.1   205.3   204.6   372.9   457.0   426.4   407.6   445.8   350.7   105.6   250.3   316.3   318.6   489.7   447.6   477.5   370.1   353.0   387.6   353.9   365.4   349.4   329.3   353.3   455.1   525.7   460.4   158.1   231.2   578.7   579.0   587.5   459.3   683.0   642.8   579.8   411.7   358.7   546.5   540.0   501.9   415.3   690.6   610.4   494.7   648.6   188.7   748.8   770.0   792.0   656.8   588.8   615.5   621.5   546.0   527.1   782.0   619.4   523.2   424.6   444.9   567.8   430.7   500.8   432.4   554.3   515.8   457.7   289.3   340.1   467.2   435.6   337.4   390.7   601.6   585.8   754.8   764.2   733.6   849.5   815.8   554.1   535.2   681.8   548.7   
   37.5e3  70.89   86.63   111.0   226.8   269.4   345.1   227.6   187.5   212.5   211.8   385.9   473.0   441.4   421.9   461.5   363.1   109.3   259.1   327.4   329.8   506.9   463.3   494.3   383.1   365.4   401.2   366.3   378.2   361.7   340.8   365.7   471.1   544.2   476.6   163.6   239.4   599.0   599.3   608.2   475.4   706.9   665.4   600.2   426.2   371.3   565.7   558.9   519.6   429.9   714.8   631.8   512.0   671.4   195.3   775.1   797.0   819.8   679.8   609.5   637.1   643.3   565.1   545.6   809.5   641.2   541.6   439.5   460.5   587.8   445.8   518.4   447.6   573.7   534.0   473.7   299.5   352.0   483.6   450.9   349.3   404.4   622.7   606.4   781.3   791.1   759.4   879.3   844.4   573.5   554.0   705.7   568.0   
   40.0e3  73.21   89.48   114.6   234.2   278.2   356.4   235.1   193.6   219.5   218.7   398.6   488.5   455.9   435.7   476.6   375.0   112.9   267.6   338.1   340.6   523.5   478.5   510.5   395.7   377.4   414.3   378.3   390.6   373.6   352.0   377.7   486.5   562.0   492.2   169.0   247.2   618.6   619.0   628.1   491.0   730.1   687.2   619.9   440.1   383.4   584.2   577.3   536.6   444.0   738.3   652.5   528.8   693.4   201.7   800.5   823.2   846.7   702.1   629.4   658.0   664.4   583.7   563.5   836.0   662.2   559.4   453.9   475.7   607.0   460.4   535.4   462.3   592.5   551.5   489.3   309.3   363.6   499.5   465.7   360.7   417.7   643.1   626.2   806.9   817.0   784.3   908.1   872.1   592.3   572.2   728.9   586.6   
   45.0e3  77.65   94.90   121.6   248.4   295.1   378.0   249.4   205.4   232.8   232.0   422.8   518.2   483.5   462.2   505.5   397.7   119.7   283.9   358.6   361.3   555.2   507.5   541.5   419.7   400.3   439.5   401.3   414.3   396.2   373.4   400.6   516.0   596.1   522.1   179.3   262.2   656.2   656.5   666.2   520.8   774.4   728.9   657.5   466.8   406.7   619.7   612.3   569.1   470.9   783.0   692.1   560.9   735.5   214.0   849.0   873.1   898.1   744.7   667.6   697.9   704.7   619.1   597.7   886.8   702.4   593.3   481.5   504.5   643.9   488.3   567.8   490.3   628.5   584.9   519.0   328.1   385.6   529.8   493.9   382.6   443.0   682.1   664.2   855.9   866.6   831.8   963.2   925.0   628.3   606.9   773.1   622.2   
   50.0e3  81.85   100.0   128.2   261.8   311.0   398.5   262.8   216.5   245.4   244.5   445.6   546.2   509.7   487.2   532.9   419.2   126.2   299.2   378.0   380.8   585.3   535.0   570.8   442.4   421.9   463.2   423.0   436.8   417.7   393.6   422.3   544.0   628.4   550.3   189.0   276.4   691.6   692.0   702.2   548.9   816.3   768.3   693.0   492.1   428.7   653.2   645.4   599.9   496.4   825.4   729.6   591.3   775.3   225.5   895.0   920.3   946.7   785.0   703.7   735.7   742.8   652.5   630.0   934.7   740.3   625.4   507.5   531.8   678.7   514.7   598.5   516.9   662.5   616.6   547.0   345.8   406.5   558.5   520.7   403.3   467.0   719.0   700.2   902.2   913.5   876.8   1.015e3 975.0   662.3   639.7   814.9   655.8   
   55.0e3  85.85   104.9   134.4   274.6   326.2   417.9   275.7   227.1   257.4   256.5   467.4   572.8   534.6   510.9   558.9   439.7   132.4   313.8   396.5   399.4   613.8   561.1   598.6   464.0   442.5   485.9   443.6   458.1   438.0   412.8   442.9   570.5   659.1   577.2   198.2   289.9   725.4   725.8   736.5   575.7   856.1   805.8   726.9   516.1   449.6   685.1   676.9   629.2   520.6   865.7   765.2   620.1   813.1   236.5   938.6   965.2   992.9   823.3   738.1   771.6   779.1   684.4   660.8   980.3   776.5   655.9   532.3   557.8   711.8   539.9   627.8   542.1   694.8   646.7   573.7   362.7   426.3   585.7   546.1   423.0   489.8   754.1   734.3   946.2   958.0   919.6   1.065e3 1.023e3 694.6   671.0   854.7   687.8   
   60.0e3  89.67   109.6   140.4   286.8   340.7   436.5   287.9   237.2   268.8   267.9   488.2   598.3   558.3   533.7   583.7   459.2   138.3   327.8   414.1   417.1   641.1   586.0   625.3   484.6   462.2   507.5   463.3   478.4   457.5   431.1   462.6   595.9   688.4   602.9   207.0   302.8   757.7   758.1   769.3   601.3   894.2   841.6   759.2   539.0   469.6   715.5   707.0   657.2   543.8   904.2   799.2   647.7   849.3   247.1   980.4   1.008e3 1.037e3 859.9   770.9   805.9   813.7   714.8   690.1   1.024e3 811.0   685.1   556.0   582.6   743.5   563.9   655.7   566.2   725.7   675.4   599.2   378.8   445.3   611.8   570.4   441.8   511.6   787.6   767.0   988.3   1.001e3 960.5   1.112e3 1.068e3 725.5   700.8   892.7   718.4   
   65.0e3  93.33   114.1   146.1   298.5   354.6   454.3   299.7   246.9   279.8   278.8   508.1   622.7   581.1   555.5   607.6   478.0   143.9   341.2   431.0   434.2   667.3   610.0   650.8   504.4   481.1   528.2   482.2   498.0   476.2   448.7   481.5   620.2   716.5   627.5   215.5   315.1   788.6   789.0   800.7   625.9   930.7   876.0   790.2   561.1   488.8   744.7   735.9   684.0   566.0   941.1   831.8   674.1   884.0   257.1   1.020e3 1.049e3 1.079e3 895.0   802.4   838.8   846.9   744.0   718.3   1.066e3 844.1   713.1   578.7   606.3   773.8   586.9   682.4   589.3   755.3   703.0   623.7   394.3   463.5   636.7   593.6   459.8   532.5   819.8   798.3   1.029e3 1.042e3 999.8   1.158e3 1.112e3 755.1   729.4   929.1   747.8   
   70.0e3  96.85   118.4   151.7   309.8   368.0   471.5   311.0   256.2   290.4   289.4   527.3   646.3   603.1   576.4   630.5   496.0   149.4   354.0   447.3   450.6   692.5   633.0   675.4   523.5   499.2   548.1   500.4   516.8   494.2   465.7   499.6   643.6   743.5   651.2   223.6   327.0   818.4   818.8   830.9   649.5   965.9   909.1   820.0   582.2   507.2   772.9   763.7   709.8   587.3   976.6   863.2   699.6   917.3   266.9   1.059e3 1.089e3 1.120e3 928.8   832.7   870.5   878.9   772.1   745.4   1.106e3 876.0   740.0   600.5   629.2   803.0   609.0   708.2   611.6   783.9   729.5   647.3   409.2   481.0   660.8   616.1   477.2   552.6   850.7   828.4   1.067e3 1.081e3 1.037e3 1.201e3 1.154e3 783.6   757.0   964.2   776.0   
   80.0e3  103.5   126.5   162.1   331.2   393.4   504.0   332.5   273.9   310.4   309.3   563.7   690.9   644.7   616.2   674.0   530.3   159.7   378.5   478.2   481.7   740.3   676.7   722.0   559.6   533.7   586.0   535.0   552.5   528.3   497.8   534.1   688.1   794.8   696.1   239.0   349.6   874.9   875.4   888.3   694.3   1.033e3 971.8   876.6   622.4   542.3   826.2   816.4   758.9   627.9   1.044e3 922.8   747.9   980.7   285.3   1.132e3 1.164e3 1.197e3 992.9   890.2   930.6   939.6   825.4   796.9   1.182e3 936.5   791.1   642.0   672.7   858.5   651.1   757.1   653.8   838.0   779.9   691.9   437.4   514.2   706.4   658.6   510.1   590.7   909.5   885.6   1.141e3 1.155e3 1.109e3 1.284e3 1.233e3 837.7   809.2   1.031e3 829.6   
   90.0e3  109.8   134.2   172.0   351.3   417.3   534.6   352.6   290.5   329.3   328.1   597.9   732.8   683.8   653.6   714.9   562.4   169.4   401.4   507.2   510.9   785.2   717.7   765.8   593.5   566.1   621.5   567.5   586.0   560.3   528.0   566.5   729.8   843.1   738.3   253.5   370.8   927.9   928.5   942.1   736.5   1.095e3 1.031e3 929.8   660.2   575.2   876.3   865.9   804.9   666.0   1.107e3 978.8   793.3   1.040e3 302.6   1.201e3 1.235e3 1.270e3 1.053e3 944.2   987.0   996.6   875.5   845.3   1.254e3 993.3   839.1   680.9   713.5   910.6   690.6   803.0   693.5   888.8   827.2   733.9   464.0   545.4   749.2   698.5   541.1   626.6   964.6   939.4   1.210e3 1.226e3 1.176e3 1.362e3 1.308e3 888.5   858.3   1.093e3 879.9   
   100.e3  115.8   141.5   181.3   370.3   439.9   563.5   371.7   306.2   347.1   345.8   630.2   772.4   720.8   689.0   753.6   592.9   178.5   423.1   534.6   538.5   827.7   756.6   807.2   625.7   596.7   655.1   598.1   617.7   590.7   556.6   597.2   769.3   888.7   778.3   267.2   390.9   978.1   978.7   993.1   776.3   1.154e3 1.087e3 980.1   695.9   606.3   923.7   912.8   848.4   702.0   1.167e3 1.032e3 836.2   1.096e3 318.9   1.266e3 1.302e3 1.339e3 1.110e3 995.2   1.040e3 1.050e3 922.8   891.0   1.322e3 1.047e3 884.4   717.8   752.1   959.8   727.9   846.5   731.0   936.9   871.9   773.6   489.1   574.9   789.8   736.3   570.4   660.5   1.017e3 990.2   1.276e3 1.292e3 1.240e3 1.436e3 1.379e3 936.6   904.7   1.152e3 927.5   
   110.e3  121.4   148.4   190.1   388.4   461.3   591.0   389.9   321.1   364.0   362.7   661.0   810.1   756.0   722.6   790.4   621.8   187.2   443.8   560.7   564.8   868.1   793.5   846.6   656.2   625.8   687.1   627.3   647.8   619.5   583.8   626.3   806.8   932.0   816.3   280.3   410.0   1.026e3 1.026e3 1.042e3 814.2   1.211e3 1.140e3 1.028e3 729.9   635.9   968.8   957.3   889.8   736.3   1.224e3 1.082e3 877.0   1.150e3 334.5   1.327e3 1.365e3 1.404e3 1.164e3 1.044e3 1.091e3 1.102e3 967.9   934.5   1.386e3 1.098e3 927.6   752.8   788.8   1.007e3 763.5   887.8   766.6   982.6   914.5   811.4   512.9   602.9   828.3   772.3   598.2   692.7   1.066e3 1.038e3 1.338e3 1.355e3 1.301e3 1.506e3 1.446e3 982.3   948.9   1.209e3 972.8   
   120.e3  126.8   155.0   198.6   405.6   481.9   617.3   407.2   335.4   380.2   378.8   690.4   846.1   789.6   754.7   825.5   649.5   195.6   463.5   585.6   589.9   906.7   828.8   884.2   685.4   653.7   717.7   655.2   676.6   647.0   609.7   654.2   842.7   973.5   852.6   292.7   428.2   1.071e3 1.072e3 1.088e3 850.4   1.265e3 1.190e3 1.074e3 762.3   664.1   1.012e3 999.9   929.4   769.0   1.279e3 1.130e3 916.0   1.201e3 349.4   1.386e3 1.426e3 1.467e3 1.216e3 1.090e3 1.140e3 1.151e3 1.011e3 976.0   1.448e3 1.147e3 968.9   786.3   823.9   1.051e3 797.4   927.3   800.7   1.026e3 955.2   847.5   535.7   629.7   865.2   806.6   624.8   723.5   1.114e3 1.085e3 1.398e3 1.415e3 1.358e3 1.573e3 1.510e3 1.026e3 991.1   1.262e3 1.016e3 
   130.e3  132.0   161.3   206.7   422.2   501.5   642.5   423.8   349.1   395.7   394.3   718.6   880.7   821.8   785.5   859.2   676.0   203.5   482.5   609.6   614.0   943.7   862.6   920.4   713.4   680.4   747.0   682.0   704.2   673.4   634.6   680.9   877.1   1.013e3 887.4   304.7   445.7   1.115e3 1.116e3 1.132e3 885.1   1.316e3 1.239e3 1.117e3 793.5   691.2   1.053e3 1.041e3 967.4   800.4   1.331e3 1.176e3 953.4   1.250e3 363.7   1.443e3 1.484e3 1.526e3 1.266e3 1.135e3 1.186e3 1.198e3 1.052e3 1.016e3 1.507e3 1.194e3 1.008e3 818.4   857.5   1.094e3 830.0   965.1   833.4   1.068e3 994.2   882.1   557.6   655.4   900.5   839.5   650.3   753.0   1.159e3 1.129e3 1.455e3 1.473e3 1.414e3 1.637e3 1.572e3 1.068e3 1.032e3 1.314e3 1.057e3 
   140.e3  137.0   167.4   214.5   438.1   520.5   666.8   439.8   362.3   410.7   409.2   745.7   913.9   852.9   815.2   891.7   701.5   211.2   500.7   632.6   637.2   979.3   895.2   955.1   740.3   706.0   775.2   707.7   730.8   698.9   658.6   706.6   910.2   1.051e3 920.9   316.2   462.5   1.157e3 1.158e3 1.175e3 918.5   1.366e3 1.286e3 1.160e3 823.4   717.3   1.093e3 1.080e3 1.004e3 830.6   1.381e3 1.221e3 989.4   1.297e3 377.4   1.498e3 1.540e3 1.584e3 1.314e3 1.178e3 1.231e3 1.243e3 1.092e3 1.054e3 1.564e3 1.239e3 1.046e3 849.3   889.9   1.136e3 861.3   1.002e3 864.9   1.109e3 1.032e3 915.4   578.7   680.2   934.5   871.2   674.8   781.5   1.203e3 1.172e3 1.510e3 1.529e3 1.467e3 1.699e3 1.632e3 1.108e3 1.070e3 1.364e3 1.097e3 
   150.e3  141.8   173.3   222.0   453.5   538.7   690.2   455.3   375.0   425.1   423.6   771.9   946.0   882.8   843.8   923.0   726.1   218.6   518.2   654.8   659.6   1.014e3 926.6   988.6   766.3   730.8   802.4   732.6   756.5   723.4   681.7   731.4   942.2   1.088e3 953.2   327.3   478.7   1.198e3 1.199e3 1.216e3 950.8   1.414e3 1.331e3 1.200e3 852.3   742.5   1.131e3 1.118e3 1.039e3 859.8   1.430e3 1.264e3 1.024e3 1.343e3 390.6   1.550e3 1.594e3 1.640e3 1.360e3 1.219e3 1.274e3 1.287e3 1.130e3 1.091e3 1.619e3 1.282e3 1.083e3 879.1   921.1   1.176e3 891.5   1.037e3 895.2   1.147e3 1.068e3 947.5   599.0   704.0   967.3   901.8   698.5   808.9   1.245e3 1.213e3 1.563e3 1.582e3 1.519e3 1.759e3 1.689e3 1.147e3 1.108e3 1.411e3 1.136e3 
   160.e3  146.4   179.0   229.3   468.4   556.4   712.8   470.2   387.3   439.0   437.5   797.2   977.0   911.8   871.5   953.2   749.9   225.8   535.2   676.2   681.2   1.047e3 957.0   1.021e3 791.4   754.8   828.7   756.6   781.3   747.1   704.0   755.4   973.1   1.124e3 984.5   338.0   494.4   1.237e3 1.238e3 1.256e3 981.9   1.460e3 1.374e3 1.240e3 880.3   766.9   1.168e3 1.155e3 1.073e3 888.0   1.477e3 1.305e3 1.058e3 1.387e3 403.4   1.601e3 1.646e3 1.693e3 1.404e3 1.259e3 1.316e3 1.329e3 1.167e3 1.127e3 1.672e3 1.324e3 1.119e3 907.9   951.3   1.214e3 920.8   1.071e3 924.6   1.185e3 1.103e3 978.6   618.6   727.1   999.0   931.4   721.4   835.4   1.286e3 1.252e3 1.614e3 1.634e3 1.569e3 1.816e3 1.744e3 1.185e3 1.144e3 1.458e3 1.173e3 
   170.e3  150.9   184.5   236.3   482.8   573.5   734.7   484.7   399.2   452.6   450.9   821.7   1.007e3 939.8   898.3   982.6   773.0   232.8   551.7   697.0   702.2   1.079e3 986.5   1.052e3 815.8   778.0   854.2   779.9   805.3   770.1   725.7   778.6   1.003e3 1.159e3 1.015e3 348.4   509.6   1.275e3 1.276e3 1.295e3 1.012e3 1.505e3 1.417e3 1.278e3 907.4   790.5   1.204e3 1.190e3 1.106e3 915.3   1.522e3 1.345e3 1.090e3 1.430e3 415.9   1.650e3 1.697e3 1.746e3 1.447e3 1.298e3 1.357e3 1.370e3 1.203e3 1.162e3 1.724e3 1.365e3 1.153e3 935.8   980.6   1.251e3 949.1   1.104e3 953.1   1.222e3 1.137e3 1.009e3 637.7   749.5   1.030e3 960.1   743.6   861.1   1.326e3 1.291e3 1.663e3 1.684e3 1.617e3 1.872e3 1.798e3 1.221e3 1.180e3 1.503e3 1.209e3 
   180.e3  155.3   189.8   243.2   496.8   590.1   756.0   498.7   410.8   465.7   464.0   845.5   1.036e3 967.1   924.3   1.011e3 795.4   239.5   567.7   717.3   722.5   1.110e3 1.015e3 1.083e3 839.4   800.6   879.0   802.5   828.7   792.4   746.7   801.2   1.032e3 1.192e3 1.044e3 358.5   524.4   1.312e3 1.313e3 1.332e3 1.042e3 1.549e3 1.458e3 1.315e3 933.7   813.4   1.239e3 1.225e3 1.138e3 941.8   1.566e3 1.384e3 1.122e3 1.471e3 427.9   1.698e3 1.746e3 1.796e3 1.489e3 1.335e3 1.396e3 1.409e3 1.238e3 1.195e3 1.774e3 1.405e3 1.187e3 963.0   1.009e3 1.288e3 976.6   1.136e3 980.7   1.257e3 1.170e3 1.038e3 656.1   771.2   1.060e3 987.9   765.2   886.1   1.364e3 1.328e3 1.712e3 1.733e3 1.664e3 1.926e3 1.850e3 1.257e3 1.214e3 1.546e3 1.244e3 
   200.e3  163.7   200.1   256.4   523.7   622.1   796.9   525.7   433.0   490.9   489.1   891.3   1.092e3 1.019e3 974.3   1.066e3 838.4   252.5   598.4   756.1   761.6   1.171e3 1.070e3 1.142e3 884.8   843.9   926.5   845.9   873.5   835.3   787.1   844.5   1.088e3 1.257e3 1.101e3 377.9   552.8   1.383e3 1.384e3 1.404e3 1.098e3 1.633e3 1.537e3 1.386e3 984.2   857.4   1.306e3 1.291e3 1.200e3 992.8   1.651e3 1.459e3 1.183e3 1.551e3 451.1   1.790e3 1.841e3 1.893e3 1.570e3 1.407e3 1.471e3 1.486e3 1.305e3 1.260e3 1.869e3 1.481e3 1.251e3 1.015e3 1.064e3 1.357e3 1.029e3 1.197e3 1.034e3 1.325e3 1.233e3 1.094e3 691.6   813.0   1.117e3 1.041e3 806.6   934.0   1.438e3 1.400e3 1.804e3 1.827e3 1.754e3 2.031e3 1.950e3 1.325e3 1.279e3 1.630e3 1.312e3 
   225.e3  173.6   212.2   271.9   555.4   659.8   845.3   557.6   459.3   520.7   518.8   945.4   1.159e3 1.081e3 1.033e3 1.130e3 889.3   267.8   634.7   801.9   807.8   1.242e3 1.135e3 1.211e3 938.5   895.1   982.7   897.2   926.5   886.0   834.9   895.8   1.154e3 1.333e3 1.167e3 400.9   586.3   1.467e3 1.468e3 1.490e3 1.164e3 1.732e3 1.630e3 1.470e3 1.044e3 909.4   1.386e3 1.369e3 1.273e3 1.053e3 1.751e3 1.548e3 1.254e3 1.645e3 478.4   1.898e3 1.952e3 2.008e3 1.665e3 1.493e3 1.561e3 1.576e3 1.384e3 1.336e3 1.983e3 1.571e3 1.327e3 1.077e3 1.128e3 1.440e3 1.092e3 1.270e3 1.096e3 1.405e3 1.308e3 1.160e3 733.6   862.3   1.185e3 1.104e3 855.5   990.7   1.525e3 1.485e3 1.914e3 1.938e3 1.860e3 2.154e3 2.068e3 1.405e3 1.357e3 1.729e3 1.391e3 
   250.e3  183.0   223.7   286.6   585.5   695.5   891.0   587.8   484.2   548.8   546.8   996.5   1.221e3 1.140e3 1.089e3 1.192e3 937.4   282.3   669.1   845.3   851.5   1.309e3 1.196e3 1.276e3 989.2   943.5   1.036e3 945.8   976.6   933.9   880.0   944.2   1.216e3 1.405e3 1.231e3 422.6   618.0   1.547e3 1.547e3 1.570e3 1.227e3 1.825e3 1.718e3 1.550e3 1.100e3 958.6   1.461e3 1.443e3 1.341e3 1.110e3 1.846e3 1.631e3 1.322e3 1.734e3 504.3   2.001e3 2.058e3 2.117e3 1.755e3 1.574e3 1.645e3 1.661e3 1.459e3 1.409e3 2.090e3 1.655e3 1.398e3 1.135e3 1.189e3 1.518e3 1.151e3 1.338e3 1.156e3 1.481e3 1.379e3 1.223e3 773.3   908.9   1.249e3 1.164e3 901.8   1.044e3 1.608e3 1.566e3 2.017e3 2.043e3 1.961e3 2.270e3 2.180e3 1.481e3 1.431e3 1.822e3 1.466e3 
   275.e3  192.0   234.6   300.6   614.1   729.4   934.5   616.5   507.8   575.6   573.5   1.045e3 1.281e3 1.195e3 1.143e3 1.250e3 983.2   296.0   701.7   886.6   893.1   1.373e3 1.255e3 1.339e3 1.038e3 989.5   1.086e3 991.9   1.024e3 979.5   923.0   990.3   1.276e3 1.474e3 1.291e3 443.2   648.2   1.622e3 1.623e3 1.647e3 1.287e3 1.914e3 1.802e3 1.625e3 1.154e3 1.005e3 1.532e3 1.514e3 1.407e3 1.164e3 1.936e3 1.711e3 1.387e3 1.818e3 528.9   2.099e3 2.158e3 2.220e3 1.841e3 1.650e3 1.725e3 1.742e3 1.530e3 1.478e3 2.192e3 1.736e3 1.467e3 1.190e3 1.247e3 1.592e3 1.207e3 1.404e3 1.212e3 1.554e3 1.446e3 1.283e3 811.0   953.3   1.310e3 1.221e3 945.8   1.095e3 1.686e3 1.642e3 2.116e3 2.142e3 2.056e3 2.381e3 2.287e3 1.553e3 1.500e3 1.911e3 1.538e3 
   300.e3  200.5   245.0   314.0   641.4   761.9   976.1   643.9   530.4   601.2   599.0   1.092e3 1.338e3 1.248e3 1.193e3 1.305e3 1.027e3 309.2   732.9   926.0   932.8   1.434e3 1.310e3 1.398e3 1.084e3 1.034e3 1.135e3 1.036e3 1.070e3 1.023e3 964.0   1.034e3 1.332e3 1.539e3 1.348e3 462.9   677.0   1.694e3 1.695e3 1.720e3 1.345e3 2.000e3 1.882e3 1.698e3 1.205e3 1.050e3 1.600e3 1.581e3 1.470e3 1.216e3 2.022e3 1.787e3 1.448e3 1.899e3 552.4   2.192e3 2.254e3 2.319e3 1.923e3 1.724e3 1.802e3 1.819e3 1.598e3 1.543e3 2.290e3 1.813e3 1.532e3 1.243e3 1.303e3 1.662e3 1.261e3 1.466e3 1.266e3 1.623e3 1.510e3 1.340e3 847.1   995.7   1.368e3 1.275e3 987.9   1.144e3 1.761e3 1.715e3 2.210e3 2.238e3 2.148e3 2.487e3 2.388e3 1.622e3 1.567e3 1.996e3 1.606e3 
   325.e3  210.0   253.6   312.6   683.3   865.0   1.003e3 675.0   559.0   606.7   640.8   1.137e3 1.406e3 1.350e3 1.284e3 1.354e3 1.073e3 409.3   793.4   966.8   981.9   1.505e3 1.425e3 1.460e3 1.174e3 1.047e3 1.157e3 1.073e3 1.130e3 1.053e3 1.029e3 1.093e3 1.409e3 1.606e3 1.404e3 459.0   741.6   1.778e3 1.779e3 1.785e3 1.393e3 2.060e3 1.960e3 1.776e3 1.277e3 1.136e3 1.690e3 1.682e3 1.538e3 1.378e3 2.027e3 1.863e3 1.536e3 1.988e3 605.6   2.316e3 2.363e3 2.456e3 2.022e3 1.815e3 1.883e3 1.902e3 1.707e3 1.623e3 2.342e3 1.908e3 1.590e3 1.312e3 1.354e3 1.750e3 1.372e3 1.493e3 1.307e3 1.675e3 1.581e3 1.439e3 885.7   1.075e3 1.468e3 1.337e3 1.044e3 1.208e3 1.892e3 1.801e3 2.335e3 2.388e3 2.252e3 2.624e3 2.534e3 1.729e3 1.663e3 2.133e3 1.681e3 
   350.e3  217.3   262.7   312.8   718.2   946.1   1.026e3 700.4   584.0   614.4   676.2   1.178e3 1.463e3 1.443e3 1.366e3 1.392e3 1.116e3 476.6   839.2   1.005e3 1.028e3 1.567e3 1.527e3 1.511e3 1.251e3 1.062e3 1.175e3 1.110e3 1.185e3 1.071e3 1.086e3 1.146e3 1.485e3 1.667e3 1.455e3 456.3   799.0   1.851e3 1.852e3 1.845e3 1.439e3 2.117e3 2.029e3 1.849e3 1.343e3 1.217e3 1.768e3 1.773e3 1.601e3 1.505e3 2.039e3 1.931e3 1.615e3 2.066e3 653.1   2.426e3 2.449e3 2.579e3 2.109e3 1.900e3 1.957e3 1.976e3 1.806e3 1.695e3 2.387e3 1.993e3 1.636e3 1.375e3 1.402e3 1.828e3 1.475e3 1.515e3 1.346e3 1.718e3 1.645e3 1.529e3 922.1   1.150e3 1.557e3 1.400e3 1.096e3 1.267e3 2.006e3 1.880e3 2.443e3 2.530e3 2.348e3 2.745e3 2.662e3 1.833e3 1.756e3 2.255e3 1.748e3 
   375.e3  222.6   272.3   316.7   745.5   1.001e3 1.047e3 721.4   605.3   626.7   704.0   1.216e3 1.511e3 1.522e3 1.433e3 1.424e3 1.157e3 509.0   870.4   1.041e3 1.070e3 1.622e3 1.609e3 1.555e3 1.312e3 1.084e3 1.192e3 1.149e3 1.233e3 1.083e3 1.133e3 1.193e3 1.557e3 1.725e3 1.502e3 458.5   845.3   1.916e3 1.916e3 1.901e3 1.486e3 2.176e3 2.093e3 1.917e3 1.402e3 1.286e3 1.834e3 1.851e3 1.660e3 1.590e3 2.071e3 1.996e3 1.683e3 2.134e3 692.3   2.520e3 2.518e3 2.684e3 2.185e3 1.977e3 2.025e3 2.043e3 1.891e3 1.759e3 2.435e3 2.068e3 1.675e3 1.431e3 1.448e3 1.898e3 1.565e3 1.539e3 1.388e3 1.759e3 1.705e3 1.606e3 957.3   1.215e3 1.633e3 1.462e3 1.145e3 1.323e3 2.099e3 1.952e3 2.535e3 2.657e3 2.437e3 2.849e3 2.770e3 1.929e3 1.843e3 2.360e3 1.807e3 
   400.e3  226.6   281.8   323.5   767.8   1.039e3 1.068e3 739.8   624.3   641.9   726.5   1.252e3 1.553e3 1.590e3 1.489e3 1.453e3 1.198e3 520.0   892.6   1.076e3 1.111e3 1.672e3 1.677e3 1.594e3 1.361e3 1.112e3 1.210e3 1.190e3 1.277e3 1.094e3 1.173e3 1.234e3 1.625e3 1.780e3 1.548e3 464.6   884.0   1.974e3 1.975e3 1.956e3 1.536e3 2.237e3 2.153e3 1.982e3 1.456e3 1.345e3 1.893e3 1.919e3 1.717e3 1.648e3 2.116e3 2.057e3 1.744e3 2.196e3 726.2   2.605e3 2.579e3 2.778e3 2.253e3 2.049e3 2.089e3 2.106e3 1.966e3 1.818e3 2.486e3 2.137e3 1.711e3 1.483e3 1.495e3 1.963e3 1.644e3 1.568e3 1.431e3 1.799e3 1.762e3 1.674e3 992.1   1.274e3 1.700e3 1.523e3 1.191e3 1.375e3 2.178e3 2.021e3 2.617e3 2.773e3 2.522e3 2.942e3 2.863e3 2.020e3 1.926e3 2.451e3 1.862e3 
   450.e3  232.4   300.1   342.8   802.9   1.087e3 1.112e3 772.7   657.9   676.7   760.9   1.322e3 1.626e3 1.704e3 1.580e3 1.514e3 1.279e3 511.6   923.9   1.144e3 1.190e3 1.763e3 1.789e3 1.665e3 1.438e3 1.180e3 1.257e3 1.277e3 1.356e3 1.132e3 1.240e3 1.309e3 1.753e3 1.886e3 1.635e3 485.0   946.9   2.081e3 2.084e3 2.064e3 1.640e3 2.363e3 2.269e3 2.108e3 1.557e3 1.441e3 1.998e3 2.038e3 1.825e3 1.721e3 2.232e3 2.176e3 1.854e3 2.312e3 785.7   2.756e3 2.704e3 2.946e3 2.375e3 2.183e3 2.211e3 2.226e3 2.095e3 1.928e3 2.598e3 2.264e3 1.780e3 1.579e3 1.591e3 2.082e3 1.785e3 1.634e3 1.526e3 1.881e3 1.872e3 1.792e3 1.063e3 1.381e3 1.818e3 1.639e3 1.280e3 1.477e3 2.309e3 2.154e3 2.761e3 2.985e3 2.688e3 3.109e3 3.026e3 2.191e3 2.084e3 2.609e3 1.966e3 
   500.e3  236.8   316.6   366.3   831.5   1.118e3 1.157e3 804.1   688.3   713.0   787.0   1.389e3 1.690e3 1.796e3 1.652e3 1.589e3 1.359e3 491.5   950.0   1.212e3 1.269e3 1.848e3 1.882e3 1.732e3 1.500e3 1.258e3 1.332e3 1.366e3 1.428e3 1.196e3 1.298e3 1.377e3 1.868e3 1.989e3 1.720e3 512.4   999.4   2.182e3 2.188e3 2.169e3 1.750e3 2.493e3 2.382e3 2.229e3 1.652e3 1.507e3 2.095e3 2.143e3 1.930e3 1.770e3 2.366e3 2.291e3 1.955e3 2.423e3 841.2   2.896e3 2.843e3 3.099e3 2.490e3 2.310e3 2.329e3 2.342e3 2.209e3 2.033e3 2.721e3 2.380e3 1.849e3 1.671e3 1.693e3 2.194e3 1.912e3 1.713e3 1.628e3 1.967e3 1.979e3 1.894e3 1.136e3 1.478e3 1.923e3 1.746e3 1.368e3 1.576e3 2.419e3 2.285e3 2.891e3 3.179e3 2.854e3 3.261e3 3.169e3 2.353e3 2.235e3 2.749e3 2.065e3 
   550.e3  240.9   331.3   391.3   857.1   1.145e3 1.203e3 835.5   717.2   748.0   808.6   1.455e3 1.751e3 1.875e3 1.715e3 1.679e3 1.440e3 475.9   977.9   1.278e3 1.347e3 1.930e3 1.966e3 1.797e3 1.555e3 1.343e3 1.429e3 1.457e3 1.495e3 1.270e3 1.352e3 1.442e3 1.971e3 2.090e3 1.804e3 543.7   1.047e3 2.280e3 2.290e3 2.272e3 1.864e3 2.623e3 2.493e3 2.347e3 1.744e3 1.548e3 2.189e3 2.241e3 2.032e3 1.813e3 2.505e3 2.406e3 2.051e3 2.532e3 897.0   3.031e3 2.992e3 3.244e3 2.601e3 2.434e3 2.445e3 2.457e3 2.312e3 2.136e3 2.850e3 2.489e3 1.921e3 1.760e3 1.798e3 2.303e3 2.031e3 1.800e3 1.734e3 2.058e3 2.085e3 1.987e3 1.212e3 1.571e3 2.023e3 1.844e3 1.455e3 1.675e3 2.518e3 2.418e3 3.016e3 3.363e3 3.020e3 3.406e3 3.304e3 2.510e3 2.383e3 2.878e3 2.163e3 
   600.e3  245.1   344.1   416.0   881.4   1.173e3 1.249e3 867.3   745.2   780.5   827.5   1.518e3 1.809e3 1.944e3 1.774e3 1.775e3 1.520e3 470.1   1.010e3 1.345e3 1.426e3 2.010e3 2.045e3 1.862e3 1.608e3 1.430e3 1.533e3 1.547e3 1.558e3 1.344e3 1.404e3 1.504e3 2.063e3 2.188e3 1.885e3 576.9   1.092e3 2.375e3 2.390e3 2.372e3 1.980e3 2.751e3 2.601e3 2.462e3 1.834e3 1.575e3 2.281e3 2.334e3 2.131e3 1.861e3 2.643e3 2.518e3 2.144e3 2.639e3 954.8   3.163e3 3.143e3 3.384e3 2.710e3 2.556e3 2.558e3 2.572e3 2.410e3 2.237e3 2.981e3 2.590e3 1.996e3 1.847e3 1.905e3 2.410e3 2.146e3 1.893e3 1.843e3 2.153e3 2.190e3 2.076e3 1.289e3 1.661e3 2.120e3 1.935e3 1.542e3 1.775e3 2.612e3 2.550e3 3.138e3 3.539e3 3.186e3 3.546e3 3.433e3 2.663e3 2.527e3 3.001e3 2.259e3 
   650.e3  249.5   355.5   439.3   905.2   1.203e3 1.294e3 899.5   772.6   810.0   844.8   1.580e3 1.865e3 2.006e3 1.831e3 1.874e3 1.600e3 475.0   1.047e3 1.410e3 1.505e3 2.089e3 2.121e3 1.927e3 1.661e3 1.517e3 1.637e3 1.636e3 1.619e3 1.415e3 1.455e3 1.565e3 2.146e3 2.284e3 1.965e3 611.1   1.136e3 2.469e3 2.489e3 2.470e3 2.096e3 2.876e3 2.708e3 2.574e3 1.923e3 1.609e3 2.374e3 2.423e3 2.227e3 1.915e3 2.776e3 2.628e3 2.236e3 2.745e3 1.015e3 3.293e3 3.293e3 3.520e3 2.818e3 2.676e3 2.669e3 2.685e3 2.502e3 2.337e3 3.111e3 2.685e3 2.074e3 1.933e3 2.014e3 2.514e3 2.258e3 1.990e3 1.953e3 2.249e3 2.294e3 2.160e3 1.368e3 1.748e3 2.215e3 2.020e3 1.629e3 1.873e3 2.701e3 2.683e3 3.257e3 3.709e3 3.351e3 3.684e3 3.558e3 2.812e3 2.669e3 3.120e3 2.354e3 
   700.e3  254.1   365.4   460.6   928.8   1.235e3 1.339e3 931.7   799.5   836.5   860.8   1.639e3 1.919e3 2.062e3 1.885e3 1.972e3 1.678e3 489.9   1.088e3 1.475e3 1.584e3 2.165e3 2.195e3 1.991e3 1.715e3 1.604e3 1.737e3 1.722e3 1.678e3 1.483e3 1.505e3 1.623e3 2.222e3 2.378e3 2.042e3 645.4   1.179e3 2.561e3 2.587e3 2.565e3 2.212e3 2.997e3 2.812e3 2.683e3 2.010e3 1.663e3 2.465e3 2.509e3 2.321e3 1.975e3 2.901e3 2.736e3 2.327e3 2.849e3 1.078e3 3.422e3 3.440e3 3.653e3 2.925e3 2.793e3 2.776e3 2.797e3 2.591e3 2.435e3 3.238e3 2.774e3 2.153e3 2.017e3 2.124e3 2.615e3 2.368e3 2.088e3 2.062e3 2.345e3 2.395e3 2.243e3 1.447e3 1.834e3 2.309e3 2.100e3 1.715e3 1.971e3 2.786e3 2.815e3 3.374e3 3.874e3 3.515e3 3.818e3 3.680e3 2.957e3 2.807e3 3.236e3 2.448e3 
   800.e3  264.0   382.1   496.9   975.2   1.304e3 1.423e3 994.9   851.6   880.9   890.4   1.751e3 2.021e3 2.161e3 1.988e3 2.160e3 1.832e3 543.9   1.180e3 1.600e3 1.738e3 2.310e3 2.338e3 2.116e3 1.823e3 1.773e3 1.924e3 1.886e3 1.790e3 1.610e3 1.605e3 1.736e3 2.362e3 2.556e3 2.190e3 712.8   1.264e3 2.737e3 2.777e3 2.743e3 2.439e3 3.224e3 3.011e3 2.890e3 2.178e3 1.830e3 2.646e3 2.674e3 2.497e3 2.110e3 3.129e3 2.944e3 2.502e3 3.050e3 1.210e3 3.672e3 3.720e3 3.908e3 3.132e3 3.020e3 2.983e3 3.016e3 2.759e3 2.625e3 3.477e3 2.933e3 2.314e3 2.179e3 2.339e3 2.809e3 2.578e3 2.287e3 2.275e3 2.535e3 2.590e3 2.400e3 1.605e3 1.999e3 2.492e3 2.246e3 1.883e3 2.162e3 2.948e3 3.074e3 3.599e3 4.185e3 3.835e3 4.074e3 3.913e3 3.237e3 3.072e3 3.457e3 2.630e3 
   900.e3  274.4   395.5   527.7   1.020e3 1.376e3 1.499e3 1.055e3 901.1   915.5   917.3   1.853e3 2.116e3 2.246e3 2.082e3 2.333e3 1.978e3 620.3   1.283e3 1.718e3 1.886e3 2.445e3 2.475e3 2.236e3 1.935e3 1.931e3 2.092e3 2.038e3 1.893e3 1.728e3 1.702e3 1.841e3 2.499e3 2.721e3 2.326e3 777.3   1.347e3 2.901e3 2.957e3 2.907e3 2.655e3 3.430e3 3.196e3 3.081e3 2.338e3 2.027e3 2.820e3 2.828e3 2.660e3 2.258e3 3.325e3 3.138e3 2.670e3 3.239e3 1.347e3 3.911e3 3.981e3 4.148e3 3.330e3 3.233e3 3.175e3 3.223e3 2.913e3 2.805e3 3.692e3 3.077e3 2.473e3 2.331e3 2.546e3 2.989e3 2.776e3 2.481e3 2.477e3 2.717e3 2.772e3 2.549e3 1.760e3 2.155e3 2.667e3 2.377e3 2.044e3 2.345e3 3.098e3 3.321e3 3.812e3 4.473e3 4.140e3 4.315e3 4.131e3 3.500e3 3.322e3 3.667e3 2.801e3 
   1.00e6  285.0   406.5   557.9   1.064e3 1.445e3 1.566e3 1.111e3 947.7   942.3   942.1   1.945e3 2.202e3 2.318e3 2.167e3 2.491e3 2.117e3 709.7   1.390e3 1.830e3 2.027e3 2.568e3 2.605e3 2.349e3 2.047e3 2.078e3 2.242e3 2.175e3 1.989e3 1.836e3 1.795e3 1.938e3 2.634e3 2.872e3 2.451e3 838.2   1.427e3 3.054e3 3.127e3 3.057e3 2.858e3 3.616e3 3.366e3 3.256e3 2.488e3 2.218e3 2.986e3 2.973e3 2.810e3 2.412e3 3.492e3 3.318e3 2.829e3 3.414e3 1.486e3 4.137e3 4.222e3 4.371e3 3.516e3 3.431e3 3.354e3 3.419e3 3.056e3 2.974e3 3.881e3 3.213e3 2.628e3 2.472e3 2.741e3 3.155e3 2.962e3 2.667e3 2.665e3 2.887e3 2.940e3 2.690e3 1.909e3 2.301e3 2.834e3 2.496e3 2.195e3 2.517e3 3.236e3 3.556e3 4.011e3 4.738e3 4.426e3 4.537e3 4.333e3 3.747e3 3.556e3 3.863e3 2.962e3 
   1.10e6  295.4   415.8   590.1   1.105e3 1.510e3 1.625e3 1.162e3 991.6   963.2   964.9   2.028e3 2.279e3 2.380e3 2.245e3 2.633e3 2.248e3 805.1   1.499e3 1.934e3 2.159e3 2.681e3 2.726e3 2.454e3 2.160e3 2.213e3 2.377e3 2.300e3 2.079e3 1.936e3 1.885e3 2.027e3 2.763e3 3.011e3 2.566e3 895.3   1.504e3 3.195e3 3.285e3 3.192e3 3.046e3 3.783e3 3.521e3 3.416e3 2.628e3 2.394e3 3.144e3 3.107e3 2.946e3 2.565e3 3.633e3 3.484e3 2.978e3 3.576e3 1.625e3 4.348e3 4.446e3 4.577e3 3.691e3 3.615e3 3.519e3 3.602e3 3.188e3 3.131e3 4.044e3 3.348e3 2.776e3 2.603e3 2.925e3 3.307e3 3.134e3 2.842e3 2.840e3 3.046e3 3.095e3 2.823e3 2.052e3 2.438e3 2.991e3 2.606e3 2.337e3 2.678e3 3.362e3 3.776e3 4.195e3 4.981e3 4.692e3 4.742e3 4.519e3 3.977e3 3.773e3 4.045e3 3.111e3 
   1.20e6  305.4   424.0   624.0   1.144e3 1.568e3 1.675e3 1.208e3 1.033e3 979.8   986.2   2.102e3 2.349e3 2.435e3 2.315e3 2.762e3 2.370e3 902.0   1.607e3 2.031e3 2.283e3 2.783e3 2.840e3 2.553e3 2.271e3 2.336e3 2.497e3 2.413e3 2.162e3 2.027e3 1.971e3 2.109e3 2.884e3 3.137e3 2.670e3 948.9   1.577e3 3.323e3 3.431e3 3.315e3 3.220e3 3.933e3 3.662e3 3.563e3 2.758e3 2.554e3 3.291e3 3.231e3 3.070e3 2.714e3 3.753e3 3.638e3 3.119e3 3.724e3 1.762e3 4.545e3 4.652e3 4.768e3 3.855e3 3.785e3 3.671e3 3.773e3 3.310e3 3.276e3 4.185e3 3.483e3 2.916e3 2.724e3 3.095e3 3.445e3 3.293e3 3.007e3 3.000e3 3.191e3 3.237e3 2.948e3 2.188e3 2.566e3 3.138e3 2.709e3 2.469e3 2.828e3 3.477e3 3.981e3 4.365e3 5.202e3 4.939e3 4.929e3 4.691e3 4.192e3 3.975e3 4.216e3 3.250e3 
   1.30e6  315.0   431.4   658.3   1.180e3 1.620e3 1.718e3 1.249e3 1.071e3 993.3   1.006e3 2.169e3 2.411e3 2.483e3 2.379e3 2.879e3 2.486e3 997.4   1.713e3 2.122e3 2.399e3 2.876e3 2.945e3 2.644e3 2.381e3 2.448e3 2.604e3 2.514e3 2.240e3 2.111e3 2.052e3 2.184e3 2.994e3 3.252e3 2.765e3 999.1   1.647e3 3.441e3 3.567e3 3.427e3 3.381e3 4.067e3 3.791e3 3.696e3 2.879e3 2.701e3 3.429e3 3.347e3 3.182e3 2.855e3 3.855e3 3.780e3 3.251e3 3.859e3 1.897e3 4.729e3 4.841e3 4.943e3 4.007e3 3.942e3 3.811e3 3.932e3 3.423e3 3.411e3 4.307e3 3.618e3 3.048e3 2.835e3 3.253e3 3.570e3 3.440e3 3.161e3 3.148e3 3.324e3 3.367e3 3.067e3 2.316e3 2.684e3 3.275e3 2.804e3 2.592e3 2.968e3 3.582e3 4.172e3 4.521e3 5.404e3 5.166e3 5.101e3 4.848e3 4.391e3 4.161e3 4.374e3 3.379e3 
   1.40e6  324.0   438.3   691.9   1.215e3 1.664e3 1.754e3 1.285e3 1.107e3 1.005e3 1.025e3 2.230e3 2.467e3 2.525e3 2.438e3 2.984e3 2.594e3 1.090e3 1.816e3 2.208e3 2.506e3 2.960e3 3.042e3 2.728e3 2.488e3 2.551e3 2.700e3 2.606e3 2.313e3 2.189e3 2.130e3 2.253e3 3.094e3 3.358e3 2.852e3 1.046e3 1.714e3 3.549e3 3.693e3 3.529e3 3.529e3 4.188e3 3.909e3 3.819e3 2.992e3 2.836e3 3.558e3 3.454e3 3.285e3 2.989e3 3.942e3 3.911e3 3.376e3 3.983e3 2.028e3 4.899e3 5.017e3 5.104e3 4.149e3 4.087e3 3.942e3 4.080e3 3.528e3 3.536e3 4.413e3 3.751e3 3.173e3 2.937e3 3.399e3 3.684e3 3.575e3 3.303e3 3.284e3 3.446e3 3.485e3 3.179e3 2.438e3 2.794e3 3.404e3 2.895e3 2.706e3 3.097e3 3.679e3 4.349e3 4.665e3 5.588e3 5.376e3 5.257e3 4.992e3 4.577e3 4.335e3 4.521e3 3.499e3 
   1.50e6  332.4   445.0   724.1   1.246e3 1.703e3 1.784e3 1.317e3 1.141e3 1.015e3 1.043e3 2.284e3 2.517e3 2.564e3 2.492e3 3.080e3 2.697e3 1.178e3 1.915e3 2.288e3 2.606e3 3.037e3 3.133e3 2.807e3 2.593e3 2.644e3 2.787e3 2.690e3 2.382e3 2.260e3 2.203e3 2.316e3 3.184e3 3.454e3 2.932e3 1.091e3 1.777e3 3.648e3 3.810e3 3.623e3 3.666e3 4.297e3 4.016e3 3.931e3 3.096e3 2.961e3 3.678e3 3.554e3 3.380e3 3.114e3 4.017e3 4.032e3 3.493e3 4.096e3 2.155e3 5.057e3 5.180e3 5.253e3 4.282e3 4.221e3 4.063e3 4.219e3 3.626e3 3.653e3 4.506e3 3.882e3 3.290e3 3.032e3 3.535e3 3.788e3 3.700e3 3.436e3 3.409e3 3.557e3 3.594e3 3.285e3 2.553e3 2.897e3 3.524e3 2.981e3 2.812e3 3.217e3 3.767e3 4.514e3 4.798e3 5.757e3 5.570e3 5.400e3 5.125e3 4.750e3 4.496e3 4.659e3 3.611e3 
   1.60e6  340.2   451.5   754.4   1.276e3 1.735e3 1.809e3 1.345e3 1.173e3 1.024e3 1.060e3 2.334e3 2.562e3 2.598e3 2.543e3 3.168e3 2.794e3 1.261e3 2.011e3 2.363e3 2.700e3 3.107e3 3.216e3 2.880e3 2.695e3 2.730e3 2.865e3 2.766e3 2.447e3 2.326e3 2.273e3 2.375e3 3.265e3 3.543e3 3.006e3 1.134e3 1.838e3 3.740e3 3.919e3 3.709e3 3.792e3 4.396e3 4.115e3 4.035e3 3.194e3 3.076e3 3.789e3 3.648e3 3.467e3 3.231e3 4.083e3 4.145e3 3.604e3 4.200e3 2.278e3 5.204e3 5.331e3 5.391e3 4.407e3 4.346e3 4.177e3 4.348e3 3.717e3 3.762e3 4.588e3 4.009e3 3.400e3 3.120e3 3.660e3 3.883e3 3.816e3 3.558e3 3.524e3 3.659e3 3.694e3 3.385e3 2.662e3 2.992e3 3.635e3 3.063e3 2.910e3 3.329e3 3.849e3 4.667e3 4.920e3 5.911e3 5.750e3 5.532e3 5.247e3 4.912e3 4.646e3 4.787e3 3.715e3 
   1.70e6  347.5   458.0   782.9   1.304e3 1.763e3 1.829e3 1.370e3 1.203e3 1.033e3 1.076e3 2.380e3 2.603e3 2.630e3 2.591e3 3.248e3 2.885e3 1.339e3 2.102e3 2.434e3 2.787e3 3.172e3 3.294e3 2.948e3 2.793e3 2.809e3 2.936e3 2.835e3 2.509e3 2.387e3 2.340e3 2.429e3 3.338e3 3.625e3 3.074e3 1.175e3 1.896e3 3.824e3 4.021e3 3.790e3 3.908e3 4.487e3 4.206e3 4.131e3 3.286e3 3.184e3 3.892e3 3.735e3 3.547e3 3.339e3 4.142e3 4.251e3 3.709e3 4.296e3 2.397e3 5.341e3 5.471e3 5.518e3 4.524e3 4.462e3 4.284e3 4.470e3 3.803e3 3.863e3 4.661e3 4.132e3 3.503e3 3.202e3 3.776e3 3.970e3 3.924e3 3.673e3 3.631e3 3.752e3 3.785e3 3.480e3 2.765e3 3.081e3 3.740e3 3.142e3 3.002e3 3.433e3 3.925e3 4.810e3 5.034e3 6.052e3 5.915e3 5.653e3 5.361e3 5.064e3 4.786e3 4.907e3 3.813e3 
   1.80e6  354.2   464.4   809.6   1.330e3 1.787e3 1.846e3 1.392e3 1.231e3 1.042e3 1.092e3 2.422e3 2.640e3 2.660e3 2.636e3 3.322e3 2.972e3 1.412e3 2.190e3 2.501e3 2.868e3 3.231e3 3.366e3 3.012e3 2.889e3 2.881e3 3.001e3 2.899e3 2.568e3 2.444e3 2.403e3 2.479e3 3.404e3 3.701e3 3.138e3 1.214e3 1.952e3 3.903e3 4.117e3 3.864e3 4.016e3 4.570e3 4.291e3 4.221e3 3.373e3 3.285e3 3.988e3 3.818e3 3.622e3 3.439e3 4.195e3 4.350e3 3.809e3 4.385e3 2.511e3 5.469e3 5.603e3 5.637e3 4.635e3 4.571e3 4.385e3 4.585e3 3.884e3 3.959e3 4.726e3 4.251e3 3.601e3 3.279e3 3.885e3 4.050e3 4.024e3 3.779e3 3.731e3 3.838e3 3.870e3 3.571e3 2.863e3 3.164e3 3.839e3 3.219e3 3.088e3 3.530e3 3.996e3 4.943e3 5.140e3 6.182e3 6.070e3 5.765e3 5.467e3 5.207e3 4.917e3 5.021e3 3.905e3 
   2.00e6  366.0   477.3   858.3   1.377e3 1.824e3 1.872e3 1.428e3 1.284e3 1.061e3 1.123e3 2.498e3 2.705e3 2.715e3 2.721e3 3.454e3 3.135e3 1.545e3 2.354e3 2.627e3 3.017e3 3.337e3 3.497e3 3.129e3 3.073e3 3.010e3 3.115e3 3.012e3 2.678e3 2.547e3 2.522e3 2.570e3 3.520e3 3.839e3 3.253e3 1.288e3 2.058e3 4.046e3 4.293e3 4.001e3 4.210e3 4.718e3 4.444e3 4.384e3 3.532e3 3.471e3 4.160e3 3.969e3 3.758e3 3.619e3 4.289e3 4.532e3 3.996e3 4.545e3 2.729e3 5.701e3 5.843e3 5.853e3 4.840e3 4.771e3 4.572e3 4.796e3 4.036e3 4.134e3 4.837e3 4.474e3 3.781e3 3.420e3 4.080e3 4.194e3 4.206e3 3.971e3 3.911e3 3.990e3 4.023e3 3.741e3 3.045e3 3.316e3 4.019e3 3.365e3 3.244e3 3.707e3 4.126e3 5.186e3 5.332e3 6.414e3 6.347e3 5.966e3 5.660e3 5.470e3 5.157e3 5.229e3 4.077e3 
   2.25e6  378.4   493.8   912.0   1.428e3 1.859e3 1.896e3 1.463e3 1.345e3 1.088e3 1.161e3 2.580e3 2.773e3 2.778e3 2.820e3 3.596e3 3.322e3 1.688e3 2.538e3 2.770e3 3.180e3 3.452e3 3.639e3 3.259e3 3.287e3 3.148e3 3.236e3 3.133e3 2.806e3 2.661e3 2.657e3 2.670e3 3.642e3 3.989e3 3.381e3 1.377e3 2.182e3 4.204e3 4.490e3 4.154e3 4.420e3 4.878e3 4.612e3 4.564e3 3.710e3 3.677e3 4.344e3 4.139e3 3.908e3 3.809e3 4.393e3 4.737e3 4.211e3 4.720e3 2.982e3 5.955e3 6.110e3 6.091e3 5.072e3 4.994e3 4.786e3 5.033e3 4.208e3 4.330e3 4.952e3 4.732e3 3.982e3 3.577e3 4.293e3 4.349e3 4.405e3 4.180e3 4.109e3 4.152e3 4.189e3 3.935e3 3.252e3 3.484e3 4.218e3 3.538e3 3.416e3 3.902e3 4.273e3 5.453e3 5.543e3 6.663e3 6.649e3 6.184e3 5.875e3 5.764e3 5.424e3 5.463e3 4.272e3 
   2.50e6  388.6   510.4   959.8   1.474e3 1.886e3 1.915e3 1.490e3 1.401e3 1.118e3 1.198e3 2.655e3 2.832e3 2.838e3 2.914e3 3.719e3 3.494e3 1.809e3 2.703e3 2.902e3 3.325e3 3.554e3 3.765e3 3.376e3 3.487e3 3.266e3 3.341e3 3.239e3 2.925e3 2.762e3 2.781e3 2.760e3 3.746e3 4.123e3 3.496e3 1.463e3 2.300e3 4.346e3 4.669e3 4.294e3 4.605e3 5.017e3 4.763e3 4.728e3 3.872e3 3.862e3 4.498e3 4.293e3 4.044e3 3.972e3 4.492e3 4.923e3 4.410e3 4.875e3 3.218e3 6.181e3 6.350e3 6.303e3 5.285e3 5.196e3 4.983e3 5.249e3 4.369e3 4.508e3 5.049e3 4.970e3 4.164e3 3.719e3 4.481e3 4.487e3 4.584e3 4.362e3 4.286e3 4.293e3 4.337e3 4.114e3 3.442e3 3.634e3 4.397e3 3.703e3 3.569e3 4.075e3 4.410e3 5.691e3 5.732e3 6.878e3 6.915e3 6.377e3 6.069e3 6.030e3 5.664e3 5.677e3 4.453e3 
   2.75e6  397.3   527.1   1.004e3 1.515e3 1.909e3 1.934e3 1.512e3 1.454e3 1.152e3 1.236e3 2.724e3 2.885e3 2.897e3 3.005e3 3.831e3 3.656e3 1.913e3 2.849e3 3.028e3 3.457e3 3.648e3 3.879e3 3.485e3 3.675e3 3.370e3 3.435e3 3.333e3 3.038e3 2.855e3 2.897e3 2.843e3 3.840e3 4.246e3 3.604e3 1.549e3 2.415e3 4.479e3 4.837e3 4.426e3 4.771e3 5.143e3 4.903e3 4.880e3 4.024e3 4.033e3 4.631e3 4.436e3 4.171e3 4.113e3 4.590e3 5.097e3 4.598e3 5.018e3 3.441e3 6.386e3 6.571e3 6.498e3 5.486e3 5.384e3 5.169e3 5.449e3 4.522e3 4.672e3 5.136e3 5.194e3 4.332e3 3.853e3 4.649e3 4.612e3 4.747e3 4.525e3 4.449e3 4.420e3 4.471e3 4.281e3 3.618e3 3.772e3 4.561e3 3.864e3 3.710e3 4.234e3 4.542e3 5.907e3 5.907e3 7.069e3 7.154e3 6.553e3 6.251e3 6.276e3 5.886e3 5.876e3 4.626e3 
   3.00e6  404.8   543.7   1.045e3 1.554e3 1.930e3 1.955e3 1.530e3 1.505e3 1.190e3 1.274e3 2.790e3 2.935e3 2.958e3 3.095e3 3.934e3 3.812e3 2.003e3 2.978e3 3.149e3 3.578e3 3.737e3 3.985e3 3.589e3 3.851e3 3.465e3 3.523e3 3.419e3 3.147e3 2.943e3 3.008e3 2.922e3 3.928e3 4.362e3 3.707e3 1.635e3 2.528e3 4.606e3 4.997e3 4.555e3 4.925e3 5.259e3 5.037e3 5.026e3 4.169e3 4.194e3 4.746e3 4.573e3 4.292e3 4.239e3 4.692e3 5.263e3 4.779e3 5.154e3 3.654e3 6.578e3 6.781e3 6.682e3 5.679e3 5.563e3 5.347e3 5.640e3 4.671e3 4.826e3 5.218e3 5.409e3 4.490e3 3.981e3 4.805e3 4.732e3 4.902e3 4.675e3 4.602e3 4.537e3 4.598e3 4.439e3 3.786e3 3.900e3 4.715e3 4.022e3 3.842e3 4.383e3 4.671e3 6.108e3 6.073e3 7.245e3 7.376e3 6.719e3 6.427e3 6.509e3 6.095e3 6.066e3 4.796e3 
   3.25e6  411.5   560.3   1.084e3 1.591e3 1.951e3 1.979e3 1.548e3 1.555e3 1.231e3 1.312e3 2.855e3 2.984e3 3.020e3 3.185e3 4.032e3 3.962e3 2.082e3 3.090e3 3.268e3 3.694e3 3.824e3 4.087e3 3.689e3 4.019e3 3.552e3 3.608e3 3.500e3 3.254e3 3.028e3 3.115e3 2.999e3 4.013e3 4.474e3 3.807e3 1.722e3 2.642e3 4.731e3 5.153e3 4.683e3 5.071e3 5.370e3 5.168e3 5.169e3 4.310e3 4.349e3 4.849e3 4.706e3 4.412e3 4.354e3 4.799e3 5.424e3 4.954e3 5.287e3 3.861e3 6.762e3 6.983e3 6.860e3 5.869e3 5.738e3 5.520e3 5.823e3 4.819e3 4.974e3 5.298e3 5.616e3 4.643e3 4.107e3 4.952e3 4.847e3 5.051e3 4.815e3 4.751e3 4.649e3 4.721e3 4.591e3 3.947e3 4.022e3 4.862e3 4.178e3 3.968e3 4.526e3 4.801e3 6.299e3 6.235e3 7.409e3 7.586e3 6.880e3 6.600e3 6.734e3 6.296e3 6.252e3 4.964e3 
   3.50e6  417.8   576.8   1.122e3 1.626e3 1.973e3 2.005e3 1.564e3 1.605e3 1.275e3 1.352e3 2.920e3 3.033e3 3.084e3 3.276e3 4.128e3 4.110e3 2.151e3 3.189e3 3.385e3 3.805e3 3.910e3 4.186e3 3.789e3 4.180e3 3.635e3 3.691e3 3.577e3 3.358e3 3.112e3 3.219e3 3.076e3 4.097e3 4.583e3 3.907e3 1.812e3 2.758e3 4.855e3 5.307e3 4.811e3 5.212e3 5.477e3 5.299e3 5.310e3 4.449e3 4.499e3 4.943e3 4.837e3 4.530e3 4.463e3 4.912e3 5.583e3 5.127e3 5.418e3 4.064e3 6.941e3 7.181e3 7.035e3 6.058e3 5.911e3 5.690e3 6.002e3 4.966e3 5.118e3 5.379e3 5.820e3 4.791e3 4.232e3 5.094e3 4.962e3 5.198e3 4.949e3 4.896e3 4.759e3 4.842e3 4.739e3 4.103e3 4.140e3 5.006e3 4.334e3 4.091e3 4.664e3 4.934e3 6.484e3 6.395e3 7.567e3 7.789e3 7.039e3 6.773e3 6.953e3 6.493e3 6.436e3 5.133e3 
   3.75e6  423.8   593.4   1.159e3 1.661e3 1.995e3 2.035e3 1.582e3 1.656e3 1.323e3 1.393e3 2.986e3 3.083e3 3.150e3 3.369e3 4.221e3 4.255e3 2.213e3 3.274e3 3.503e3 3.913e3 3.997e3 4.284e3 3.889e3 4.335e3 3.715e3 3.774e3 3.653e3 3.463e3 3.195e3 3.322e3 3.153e3 4.182e3 4.690e3 4.007e3 1.905e3 2.875e3 4.980e3 5.461e3 4.941e3 5.351e3 5.582e3 5.430e3 5.452e3 4.587e3 4.646e3 5.032e3 4.967e3 4.650e3 4.567e3 5.031e3 5.741e3 5.299e3 5.550e3 4.264e3 7.118e3 7.378e3 7.208e3 6.247e3 6.083e3 5.856e3 6.179e3 5.115e3 5.259e3 5.463e3 6.021e3 4.938e3 4.357e3 5.232e3 5.078e3 5.344e3 5.080e3 5.041e3 4.868e3 4.963e3 4.885e3 4.257e3 4.256e3 5.147e3 4.491e3 4.212e3 4.802e3 5.070e3 6.665e3 6.554e3 7.720e3 7.988e3 7.198e3 6.948e3 7.169e3 6.688e3 6.619e3 5.306e3 
   4.00e6  429.6   610.3   1.196e3 1.696e3 2.019e3 2.067e3 1.600e3 1.706e3 1.373e3 1.435e3 3.053e3 3.134e3 3.219e3 3.463e3 4.315e3 4.400e3 2.271e3 3.349e3 3.621e3 4.020e3 4.085e3 4.383e3 3.989e3 4.485e3 3.794e3 3.858e3 3.727e3 3.566e3 3.278e3 3.424e3 3.230e3 4.268e3 4.798e3 4.109e3 2.002e3 2.996e3 5.107e3 5.617e3 5.073e3 5.489e3 5.687e3 5.563e3 5.595e3 4.726e3 4.792e3 5.119e3 5.098e3 4.771e3 4.669e3 5.157e3 5.898e3 5.469e3 5.684e3 4.464e3 7.295e3 7.574e3 7.383e3 6.438e3 6.256e3 6.021e3 6.356e3 5.267e3 5.397e3 5.550e3 6.222e3 5.085e3 4.484e3 5.369e3 5.195e3 5.490e3 5.208e3 5.187e3 4.977e3 5.085e3 5.028e3 4.410e3 4.370e3 5.287e3 4.648e3 4.334e3 4.938e3 5.210e3 6.843e3 6.716e3 7.871e3 8.185e3 7.359e3 7.127e3 7.385e3 6.883e3 6.804e3 5.482e3 
   4.50e6  441.5   645.2   1.271e3 1.766e3 2.072e3 2.139e3 1.640e3 1.810e3 1.480e3 1.522e3 3.190e3 3.241e3 3.364e3 3.655e3 4.502e3 4.689e3 2.379e3 3.478e3 3.860e3 4.233e3 4.268e3 4.584e3 4.195e3 4.773e3 3.952e3 4.030e3 3.875e3 3.774e3 3.448e3 3.628e3 3.390e3 4.446e3 5.016e3 4.316e3 2.205e3 3.247e3 5.369e3 5.933e3 5.347e3 5.767e3 5.902e3 5.838e3 5.888e3 5.009e3 5.084e3 5.293e3 5.365e3 5.021e3 4.869e3 5.429e3 6.216e3 5.811e3 5.961e3 4.866e3 7.654e3 7.971e3 7.737e3 6.830e3 6.607e3 6.345e3 6.712e3 5.579e3 5.672e3 5.738e3 6.627e3 5.381e3 4.745e3 5.642e3 5.437e3 5.790e3 5.463e3 5.483e3 5.203e3 5.335e3 5.314e3 4.713e3 4.599e3 5.570e3 4.967e3 4.579e3 5.215e3 5.504e3 7.199e3 7.048e3 8.171e3 8.581e3 7.691e3 7.499e3 7.819e3 7.278e3 7.181e3 5.849e3 
   5.00e6  454.1   682.6   1.345e3 1.838e3 2.132e3 2.220e3 1.686e3 1.918e3 1.596e3 1.615e3 3.335e3 3.355e3 3.518e3 3.854e3 4.692e3 4.979e3 2.490e3 3.593e3 4.107e3 4.448e3 4.460e3 4.793e3 4.410e3 5.050e3 4.115e3 4.210e3 4.026e3 3.983e3 3.624e3 3.835e3 3.558e3 4.635e3 5.239e3 4.532e3 2.423e3 3.512e3 5.645e3 6.259e3 5.634e3 6.053e3 6.129e3 6.126e3 6.192e3 5.300e3 5.379e3 5.477e3 5.640e3 5.281e3 5.073e3 5.724e3 6.538e3 6.155e3 6.252e3 5.276e3 8.024e3 8.378e3 8.103e3 7.236e3 6.969e3 6.665e3 7.074e3 5.905e3 5.945e3 5.945e3 7.037e3 5.684e3 5.016e3 5.918e3 5.692e3 6.101e3 5.721e3 5.789e3 5.441e3 5.597e3 5.601e3 5.017e3 4.831e3 5.859e3 5.295e3 4.832e3 5.498e3 5.818e3 7.558e3 7.393e3 8.474e3 8.984e3 8.038e3 7.892e3 8.262e3 7.682e3 7.573e3 6.237e3 
   5.50e6  467.7   723.1   1.421e3 1.912e3 2.199e3 2.308e3 1.738e3 2.030e3 1.718e3 1.712e3 3.485e3 3.477e3 3.679e3 4.058e3 4.886e3 5.271e3 2.615e3 3.713e3 4.360e3 4.667e3 4.662e3 5.011e3 4.634e3 5.320e3 4.286e3 4.399e3 4.184e3 4.194e3 3.807e3 4.044e3 3.733e3 4.834e3 5.468e3 4.757e3 2.657e3 3.794e3 5.933e3 6.597e3 5.935e3 6.349e3 6.373e3 6.427e3 6.507e3 5.601e3 5.680e3 5.677e3 5.924e3 5.554e3 5.283e3 6.041e3 6.867e3 6.504e3 6.559e3 5.698e3 8.406e3 8.796e3 8.481e3 7.659e3 7.342e3 6.981e3 7.446e3 6.245e3 6.220e3 6.171e3 7.455e3 5.997e3 5.299e3 6.201e3 5.959e3 6.425e3 5.985e3 6.107e3 5.691e3 5.871e3 5.893e3 5.325e3 5.068e3 6.156e3 5.631e3 5.094e3 5.792e3 6.150e3 7.923e3 7.755e3 8.784e3 9.398e3 8.402e3 8.307e3 8.717e3 8.099e3 7.980e3 6.647e3 
   6.00e6  482.5   766.8   1.498e3 1.987e3 2.273e3 2.403e3 1.796e3 2.147e3 1.846e3 1.814e3 3.641e3 3.606e3 3.847e3 4.268e3 5.084e3 5.565e3 2.761e3 3.848e3 4.621e3 4.890e3 4.872e3 5.238e3 4.866e3 5.587e3 4.467e3 4.596e3 4.351e3 4.407e3 3.996e3 4.256e3 3.917e3 5.044e3 5.703e3 4.989e3 2.906e3 4.090e3 6.235e3 6.945e3 6.249e3 6.656e3 6.636e3 6.741e3 6.834e3 5.911e3 5.986e3 5.896e3 6.217e3 5.837e3 5.502e3 6.375e3 7.200e3 6.856e3 6.880e3 6.133e3 8.800e3 9.224e3 8.872e3 8.097e3 7.726e3 7.295e3 7.827e3 6.600e3 6.499e3 6.415e3 7.881e3 6.321e3 5.593e3 6.492e3 6.239e3 6.762e3 6.255e3 6.435e3 5.954e3 6.157e3 6.192e3 5.636e3 5.312e3 6.463e3 5.975e3 5.365e3 6.095e3 6.500e3 8.294e3 8.131e3 9.103e3 9.822e3 8.782e3 8.743e3 9.185e3 8.530e3 8.403e3 7.080e3 
   6.50e6  498.6   813.4   1.576e3 2.065e3 2.353e3 2.502e3 1.860e3 2.267e3 1.979e3 1.920e3 3.801e3 3.741e3 4.020e3 4.481e3 5.285e3 5.861e3 2.930e3 4.005e3 4.888e3 5.119e3 5.091e3 5.474e3 5.108e3 5.852e3 4.656e3 4.801e3 4.527e3 4.623e3 4.191e3 4.470e3 4.108e3 5.262e3 5.943e3 5.229e3 3.170e3 4.401e3 6.549e3 7.303e3 6.575e3 6.973e3 6.919e3 7.066e3 7.170e3 6.230e3 6.299e3 6.132e3 6.520e3 6.130e3 5.731e3 6.726e3 7.538e3 7.212e3 7.216e3 6.582e3 9.206e3 9.663e3 9.273e3 8.549e3 8.118e3 7.609e3 8.217e3 6.967e3 6.781e3 6.675e3 8.313e3 6.655e3 5.897e3 6.790e3 6.530e3 7.110e3 6.532e3 6.774e3 6.229e3 6.454e3 6.498e3 5.950e3 5.564e3 6.777e3 6.328e3 5.646e3 6.409e3 6.866e3 8.672e3 8.521e3 9.431e3 10.26e3 9.178e3 9.198e3 9.666e3 8.972e3 8.841e3 7.534e3 
   7.00e6  516.1   862.6   1.655e3 2.144e3 2.438e3 2.606e3 1.930e3 2.391e3 2.116e3 2.030e3 3.965e3 3.881e3 4.197e3 4.697e3 5.489e3 6.156e3 3.122e3 4.183e3 5.161e3 5.351e3 5.316e3 5.717e3 5.357e3 6.116e3 4.854e3 5.012e3 4.713e3 4.841e3 4.393e3 4.687e3 4.305e3 5.488e3 6.188e3 5.475e3 3.447e3 4.726e3 6.873e3 7.669e3 6.910e3 7.300e3 7.221e3 7.402e3 7.515e3 6.557e3 6.616e3 6.385e3 6.830e3 6.432e3 5.971e3 7.089e3 7.879e3 7.570e3 7.563e3 7.044e3 9.621e3 10.11e3 9.684e3 9.014e3 8.519e3 7.923e3 8.616e3 7.346e3 7.070e3 6.950e3 8.751e3 6.999e3 6.209e3 7.095e3 6.830e3 7.470e3 6.816e3 7.123e3 6.515e3 6.761e3 6.811e3 6.267e3 5.823e3 7.100e3 6.688e3 5.935e3 6.732e3 7.246e3 9.056e3 8.923e3 9.768e3 10.70e3 9.587e3 9.670e3 10.16e3 9.426e3 9.291e3 8.007e3 
   8.00e6  555.0   967.3   1.813e3 2.306e3 2.619e3 2.822e3 2.085e3 2.649e3 2.400e3 2.261e3 4.300e3 4.173e3 4.558e3 5.133e3 5.900e3 6.744e3 3.573e3 4.603e3 5.718e3 5.826e3 5.784e3 6.223e3 5.873e3 6.643e3 5.273e3 5.451e3 5.111e3 5.282e3 4.810e3 5.126e3 4.717e3 5.958e3 6.689e3 5.980e3 4.037e3 5.411e3 7.546e3 8.420e3 7.605e3 7.978e3 7.875e3 8.097e3 8.223e3 7.230e3 7.263e3 6.932e3 7.469e3 7.058e3 6.483e3 7.845e3 8.567e3 8.295e3 8.287e3 8.006e3 10.47e3 11.02e3 10.53e3 9.974e3 9.336e3 8.558e3 9.431e3 8.133e3 7.663e3 7.536e3 9.639e3 7.713e3 6.856e3 7.723e3 7.455e3 8.217e3 7.401e3 7.843e3 7.118e3 7.400e3 7.459e3 6.908e3 6.362e3 7.766e3 7.426e3 6.538e3 7.402e3 8.040e3 9.836e3 9.758e3 10.47e3 11.61e3 10.44e3 10.66e3 11.17e3 10.36e3 10.22e3 9.004e3 
   9.00e6  599.3   1.078e3 1.971e3 2.471e3 2.811e3 3.046e3 2.257e3 2.916e3 2.693e3 2.506e3 4.640e3 4.476e3 4.924e3 5.567e3 6.309e3 7.320e3 4.097e3 5.091e3 6.286e3 6.309e3 6.266e3 6.749e3 6.408e3 7.172e3 5.714e3 5.906e3 5.539e3 5.728e3 5.241e3 5.566e3 5.147e3 6.445e3 7.197e3 6.498e3 4.668e3 6.135e3 8.245e3 9.186e3 8.323e3 8.682e3 8.584e3 8.816e3 8.947e3 7.920e3 7.920e3 7.522e3 8.125e3 7.703e3 7.036e3 8.628e3 9.256e3 9.024e3 9.041e3 9.007e3 11.34e3 11.95e3 11.38e3 10.96e3 10.16e3 9.208e3 10.26e3 8.949e3 8.280e3 8.161e3 10.53e3 8.455e3 7.522e3 8.370e3 8.103e3 8.992e3 8.004e3 8.585e3 7.752e3 8.066e3 8.131e3 7.553e3 6.925e3 8.453e3 8.181e3 7.167e3 8.098e3 8.870e3 10.63e3 10.62e3 11.20e3 12.53e3 11.32e3 11.70e3 12.20e3 11.32e3 11.19e3 10.06e3 
   10.0e6  648.5   1.192e3 2.126e3 2.636e3 3.010e3 3.274e3 2.443e3 3.189e3 2.992e3 2.762e3 4.980e3 4.785e3 5.288e3 5.994e3 6.713e3 7.880e3 4.678e3 5.626e3 6.856e3 6.794e3 6.757e3 7.287e3 6.954e3 7.700e3 6.171e3 6.370e3 5.990e3 6.179e3 5.681e3 6.004e3 5.589e3 6.943e3 7.708e3 7.021e3 5.330e3 6.887e3 8.959e3 9.957e3 9.054e3 9.404e3 9.333e3 9.548e3 9.678e3 8.619e3 8.580e3 8.140e3 8.792e3 8.362e3 7.625e3 9.426e3 9.943e3 9.756e3 9.813e3 10.04e3 12.21e3 12.87e3 12.25e3 11.95e3 11.00e3 9.876e3 11.10e3 9.783e3 8.918e3 8.815e3 11.42e3 9.218e3 8.199e3 9.029e3 8.766e3 9.783e3 8.620e3 9.341e3 8.411e3 8.749e3 8.820e3 8.198e3 7.508e3 9.155e3 8.947e3 7.817e3 8.814e3 9.723e3 11.42e3 11.50e3 11.95e3 13.46e3 12.23e3 12.76e3 13.25e3 12.30e3 12.18e3 11.16e3 
   11.0e6  702.4   1.307e3 2.277e3 2.800e3 3.212e3 3.504e3 2.642e3 3.467e3 3.293e3 3.028e3 5.318e3 5.097e3 5.647e3 6.411e3 7.108e3 8.419e3 5.299e3 6.194e3 7.424e3 7.279e3 7.251e3 7.833e3 7.506e3 8.225e3 6.636e3 6.839e3 6.457e3 6.631e3 6.127e3 6.438e3 6.039e3 7.446e3 8.218e3 7.545e3 6.016e3 7.659e3 9.682e3 10.73e3 9.791e3 10.14e3 10.11e3 10.29e3 10.41e3 9.320e3 9.239e3 8.777e3 9.465e3 9.026e3 8.243e3 10.23e3 10.62e3 10.49e3 10.59e3 11.09e3 13.08e3 13.79e3 13.11e3 12.95e3 11.82e3 10.56e3 11.94e3 10.63e3 9.575e3 9.490e3 12.29e3 9.994e3 8.881e3 9.696e3 9.438e3 10.58e3 9.244e3 10.10e3 9.087e3 9.444e3 9.522e3 8.843e3 8.106e3 9.864e3 9.717e3 8.481e3 9.542e3 10.59e3 12.21e3 12.39e3 12.72e3 14.39e3 13.15e3 13.86e3 14.31e3 13.28e3 13.17e3 12.29e3 
   12.0e6  760.5   1.422e3 2.424e3 2.963e3 3.416e3 3.732e3 2.850e3 3.746e3 3.594e3 3.300e3 5.651e3 5.409e3 5.999e3 6.815e3 7.491e3 8.935e3 5.946e3 6.783e3 7.985e3 7.759e3 7.745e3 8.381e3 8.060e3 8.746e3 7.107e3 7.309e3 6.935e3 7.083e3 6.576e3 6.867e3 6.495e3 7.951e3 8.723e3 8.067e3 6.717e3 8.442e3 10.41e3 11.48e3 10.53e3 10.88e3 10.90e3 11.03e3 11.13e3 10.02e3 9.893e3 9.425e3 10.14e3 9.691e3 8.885e3 11.03e3 11.29e3 11.21e3 11.37e3 12.14e3 13.93e3 14.70e3 13.97e3 13.93e3 12.64e3 11.26e3 12.77e3 11.48e3 10.25e3 10.18e3 13.15e3 10.78e3 9.562e3 10.37e3 10.11e3 11.39e3 9.874e3 10.87e3 9.775e3 10.15e3 10.23e3 9.486e3 8.715e3 10.58e3 10.49e3 9.157e3 10.28e3 11.47e3 13.00e3 13.29e3 13.50e3 15.31e3 14.07e3 14.96e3 15.36e3 14.26e3 14.17e3 13.44e3 
   13.0e6  822.5   1.536e3 2.565e3 3.122e3 3.618e3 3.957e3 3.068e3 4.026e3 3.893e3 3.577e3 5.979e3 5.719e3 6.341e3 7.204e3 7.862e3 9.428e3 6.608e3 7.381e3 8.536e3 8.234e3 8.235e3 8.929e3 8.611e3 9.260e3 7.578e3 7.778e3 7.418e3 7.534e3 7.025e3 7.291e3 6.954e3 8.455e3 9.222e3 8.583e3 7.427e3 9.229e3 11.13e3 12.23e3 11.26e3 11.62e3 11.70e3 11.76e3 11.85e3 10.71e3 10.54e3 10.08e3 10.81e3 10.35e3 9.545e3 11.83e3 11.96e3 11.94e3 12.15e3 13.19e3 14.78e3 15.60e3 14.81e3 14.90e3 13.44e3 11.97e3 13.59e3 12.33e3 10.93e3 10.88e3 13.99e3 11.57e3 10.24e3 11.04e3 10.79e3 12.19e3 10.51e3 11.63e3 10.47e3 10.85e3 10.95e3 10.13e3 9.332e3 11.29e3 11.26e3 9.841e3 11.02e3 12.35e3 13.78e3 14.18e3 14.28e3 16.22e3 15.00e3 16.07e3 16.40e3 15.24e3 15.17e3 14.61e3 
   14.0e6  887.8   1.648e3 2.701e3 3.278e3 3.818e3 4.179e3 3.292e3 4.305e3 4.189e3 3.859e3 6.299e3 6.026e3 6.674e3 7.579e3 8.221e3 9.896e3 7.275e3 7.983e3 9.075e3 8.700e3 8.721e3 9.474e3 9.158e3 9.766e3 8.048e3 8.245e3 7.904e3 7.983e3 7.472e3 7.710e3 7.413e3 8.955e3 9.712e3 9.091e3 8.140e3 10.02e3 11.85e3 12.96e3 11.99e3 12.36e3 12.49e3 12.49e3 12.55e3 11.40e3 11.18e3 10.74e3 11.47e3 11.01e3 10.22e3 12.61e3 12.61e3 12.65e3 12.91e3 14.24e3 15.60e3 16.47e3 15.64e3 15.84e3 14.23e3 12.69e3 14.40e3 13.17e3 11.61e3 11.58e3 14.80e3 12.36e3 10.91e3 11.71e3 11.46e3 12.98e3 11.14e3 12.38e3 11.17e3 11.55e3 11.66e3 10.76e3 9.955e3 12.01e3 12.02e3 10.53e3 11.76e3 13.22e3 14.55e3 15.06e3 15.07e3 17.11e3 15.92e3 17.19e3 17.42e3 16.20e3 16.16e3 15.78e3 
   15.0e6  956.0   1.757e3 2.831e3 3.431e3 4.015e3 4.397e3 3.521e3 4.581e3 4.481e3 4.143e3 6.613e3 6.329e3 6.996e3 7.938e3 8.566e3 10.34e3 7.940e3 8.584e3 9.602e3 9.158e3 9.200e3 10.01e3 9.697e3 10.26e3 8.515e3 8.707e3 8.389e3 8.428e3 7.917e3 8.124e3 7.873e3 9.451e3 10.19e3 9.592e3 8.851e3 10.80e3 12.56e3 13.68e3 12.70e3 13.10e3 13.29e3 13.22e3 13.24e3 12.07e3 11.80e3 11.39e3 12.13e3 11.66e3 10.90e3 13.39e3 13.25e3 13.36e3 13.65e3 15.26e3 16.41e3 17.32e3 16.46e3 16.75e3 15.00e3 13.41e3 15.19e3 14.01e3 12.30e3 12.29e3 15.59e3 13.14e3 11.57e3 12.38e3 12.13e3 13.76e3 11.77e3 13.13e3 11.88e3 12.25e3 12.37e3 11.40e3 10.58e3 12.72e3 12.77e3 11.22e3 12.51e3 14.09e3 15.31e3 15.94e3 15.86e3 17.99e3 16.84e3 18.29e3 18.44e3 17.16e3 17.13e3 16.95e3 
   16.0e6  1.027e3 1.864e3 2.955e3 3.580e3 4.208e3 4.611e3 3.755e3 4.855e3 4.768e3 4.428e3 6.920e3 6.628e3 7.308e3 8.283e3 8.899e3 10.77e3 8.597e3 9.179e3 10.11e3 9.607e3 9.672e3 10.55e3 10.23e3 10.75e3 8.977e3 9.164e3 8.872e3 8.870e3 8.359e3 8.533e3 8.331e3 9.942e3 10.67e3 10.08e3 9.558e3 11.57e3 13.26e3 14.37e3 13.41e3 13.84e3 14.07e3 13.93e3 13.92e3 12.73e3 12.42e3 12.04e3 12.79e3 12.31e3 11.58e3 14.15e3 13.88e3 14.06e3 14.38e3 16.27e3 17.20e3 18.16e3 17.25e3 17.63e3 15.76e3 14.13e3 15.97e3 14.84e3 12.99e3 13.00e3 16.36e3 13.93e3 12.23e3 13.04e3 12.79e3 14.53e3 12.40e3 13.87e3 12.58e3 12.95e3 13.09e3 12.03e3 11.21e3 13.43e3 13.52e3 11.92e3 13.25e3 14.95e3 16.06e3 16.80e3 16.64e3 18.85e3 17.75e3 19.40e3 19.43e3 18.10e3 18.09e3 18.12e3 
   17.0e6  1.099e3 1.968e3 3.074e3 3.726e3 4.396e3 4.820e3 3.992e3 5.124e3 5.050e3 4.714e3 7.220e3 6.923e3 7.610e3 8.613e3 9.221e3 11.17e3 9.243e3 9.766e3 10.61e3 10.05e3 10.14e3 11.08e3 10.75e3 11.23e3 9.434e3 9.616e3 9.351e3 9.308e3 8.797e3 8.938e3 8.787e3 10.43e3 11.13e3 10.57e3 10.26e3 12.33e3 13.95e3 15.05e3 14.10e3 14.57e3 14.85e3 14.63e3 14.58e3 13.38e3 13.02e3 12.69e3 13.43e3 12.95e3 12.27e3 14.89e3 14.50e3 14.75e3 15.08e3 17.25e3 17.97e3 18.97e3 18.03e3 18.48e3 16.50e3 14.85e3 16.73e3 15.66e3 13.69e3 13.71e3 17.11e3 14.70e3 12.87e3 13.70e3 13.44e3 15.29e3 13.03e3 14.59e3 13.28e3 13.64e3 13.79e3 12.66e3 11.84e3 14.13e3 14.25e3 12.61e3 13.99e3 15.80e3 16.80e3 17.66e3 17.41e3 19.70e3 18.64e3 20.49e3 20.40e3 19.02e3 19.04e3 19.27e3 
   18.0e6  1.173e3 2.068e3 3.188e3 3.868e3 4.580e3 5.023e3 4.231e3 5.390e3 5.327e3 5.000e3 7.512e3 7.213e3 7.901e3 8.930e3 9.532e3 11.55e3 9.873e3 10.34e3 11.10e3 10.48e3 10.59e3 11.59e3 11.26e3 11.70e3 9.885e3 10.06e3 9.825e3 9.741e3 9.231e3 9.340e3 9.241e3 10.91e3 11.59e3 11.04e3 10.95e3 13.07e3 14.63e3 15.71e3 14.78e3 15.29e3 15.61e3 15.32e3 15.22e3 14.02e3 13.61e3 13.33e3 14.07e3 13.57e3 12.96e3 15.62e3 15.11e3 15.42e3 15.77e3 18.20e3 18.72e3 19.76e3 18.79e3 19.29e3 17.22e3 15.56e3 17.48e3 16.47e3 14.37e3 14.42e3 17.83e3 15.47e3 13.51e3 14.35e3 14.09e3 16.03e3 13.65e3 15.31e3 13.98e3 14.33e3 14.50e3 13.29e3 12.46e3 14.83e3 14.98e3 13.31e3 14.72e3 16.64e3 17.53e3 18.50e3 18.18e3 20.52e3 19.53e3 21.57e3 21.36e3 19.93e3 19.97e3 20.41e3 
   20.0e6  1.324e3 2.261e3 3.402e3 4.141e3 4.932e3 5.416e3 4.712e3 5.906e3 5.863e3 5.568e3 8.078e3 7.779e3 8.457e3 9.527e3 10.12e3 12.27e3 11.08e3 11.46e3 12.02e3 11.31e3 11.48e3 12.61e3 12.25e3 12.60e3 10.77e3 10.94e3 10.76e3 10.59e3 10.09e3 10.13e3 10.14e3 11.85e3 12.47e3 11.96e3 12.29e3 14.51e3 15.95e3 16.96e3 16.10e3 16.70e3 17.09e3 16.67e3 16.47e3 15.26e3 14.77e3 14.59e3 15.32e3 14.80e3 14.32e3 17.04e3 16.30e3 16.75e3 17.06e3 20.03e3 20.17e3 21.28e3 20.27e3 20.81e3 18.63e3 16.97e3 18.92e3 18.06e3 15.74e3 15.82e3 19.22e3 16.97e3 14.75e3 15.65e3 15.37e3 17.46e3 14.90e3 16.71e3 15.37e3 15.69e3 15.89e3 14.54e3 13.71e3 16.20e3 16.40e3 14.69e3 16.18e3 18.29e3 18.96e3 20.14e3 19.69e3 22.12e3 21.28e3 23.69e3 23.20e3 21.69e3 21.78e3 22.64e3 
   22.5e6  1.514e3 2.485e3 3.646e3 4.466e3 5.346e3 5.880e3 5.309e3 6.523e3 6.501e3 6.266e3 8.750e3 8.461e3 9.105e3 10.21e3 10.81e3 13.08e3 12.49e3 12.78e3 13.11e3 12.31e3 12.55e3 13.83e3 13.42e3 13.68e3 11.84e3 12.00e3 11.88e3 11.63e3 11.13e3 11.11e3 11.24e3 12.99e3 13.53e3 13.07e3 13.90e3 16.22e3 17.53e3 18.44e3 17.67e3 18.42e3 18.85e3 18.29e3 17.96e3 16.74e3 16.15e3 16.13e3 16.83e3 16.28e3 15.98e3 18.72e3 17.73e3 18.36e3 18.55e3 22.14e3 21.88e3 23.09e3 22.02e3 22.54e3 20.32e3 18.68e3 20.64e3 19.98e3 17.42e3 17.56e3 20.85e3 18.77e3 16.26e3 17.24e3 16.92e3 19.15e3 16.43e3 18.40e3 17.07e3 17.35e3 17.60e3 16.09e3 15.26e3 17.88e3 18.13e3 16.41e3 17.96e3 20.27e3 20.70e3 22.11e3 21.51e3 24.04e3 23.39e3 26.25e3 25.40e3 23.81e3 23.95e3 25.30e3 
   25.0e6  1.701e3 2.692e3 3.869e3 4.772e3 5.731e3 6.317e3 5.894e3 7.105e3 7.105e3 6.945e3 9.388e3 9.115e3 9.708e3 10.84e3 11.46e3 13.82e3 13.78e3 14.03e3 14.12e3 13.25e3 13.58e3 14.99e3 14.53e3 14.71e3 12.87e3 13.03e3 12.97e3 12.64e3 12.14e3 12.07e3 12.33e3 14.09e3 14.55e3 14.13e3 15.44e3 17.82e3 19.04e3 19.81e3 19.16e3 20.07e3 20.52e3 19.84e3 19.36e3 18.15e3 17.48e3 17.62e3 18.30e3 17.72e3 17.60e3 20.32e3 19.12e3 19.91e3 19.91e3 24.10e3 23.51e3 24.80e3 23.69e3 24.08e3 21.94e3 20.35e3 22.27e3 21.84e3 19.06e3 19.26e3 22.39e3 20.50e3 17.73e3 18.79e3 18.43e3 20.74e3 17.95e3 20.02e3 18.73e3 18.96e3 19.28e3 17.62e3 16.80e3 19.52e3 19.79e3 18.11e3 19.71e3 22.18e3 22.38e3 24.00e3 23.28e3 25.87e3 25.44e3 28.70e3 27.49e3 25.84e3 26.02e3 27.81e3 
   27.5e6  1.884e3 2.885e3 4.075e3 5.063e3 6.089e3 6.729e3 6.461e3 7.653e3 7.677e3 7.603e3 9.995e3 9.745e3 10.27e3 11.42e3 12.06e3 14.49e3 14.96e3 15.19e3 15.07e3 14.15e3 14.56e3 16.11e3 15.58e3 15.70e3 13.86e3 14.02e3 14.01e3 13.62e3 13.13e3 13.02e3 13.39e3 15.16e3 15.53e3 15.15e3 16.89e3 19.32e3 20.46e3 21.10e3 20.58e3 21.66e3 22.09e3 21.32e3 20.70e3 19.50e3 18.75e3 19.07e3 19.72e3 19.10e3 19.15e3 21.84e3 20.46e3 21.41e3 21.16e3 25.91e3 25.06e3 26.42e3 25.29e3 25.49e3 23.49e3 21.95e3 23.83e3 23.63e3 20.67e3 20.93e3 23.85e3 22.14e3 19.16e3 20.32e3 19.91e3 22.24e3 19.45e3 21.59e3 20.35e3 20.54e3 20.93e3 19.14e3 18.31e3 21.11e3 21.40e3 19.79e3 21.41e3 24.02e3 24.03e3 25.80e3 24.98e3 27.63e3 27.42e3 31.04e3 29.48e3 27.78e3 27.99e3 30.18e3 
   30.0e6  2.059e3 3.066e3 4.266e3 5.341e3 6.425e3 7.119e3 7.006e3 8.168e3 8.221e3 8.238e3 10.57e3 10.35e3 10.81e3 11.97e3 12.64e3 15.13e3 16.05e3 16.29e3 15.96e3 15.02e3 15.50e3 17.18e3 16.56e3 16.64e3 14.82e3 14.99e3 15.02e3 14.58e3 14.10e3 13.95e3 14.43e3 16.21e3 16.47e3 16.13e3 18.28e3 20.73e3 21.82e3 22.31e3 21.93e3 23.19e3 23.58e3 22.75e3 21.98e3 20.79e3 19.99e3 20.48e3 21.10e3 20.44e3 20.65e3 23.30e3 21.77e3 22.86e3 22.33e3 27.62e3 26.54e3 27.97e3 26.82e3 26.77e3 25.00e3 23.51e3 25.33e3 25.36e3 22.24e3 22.57e3 25.25e3 23.71e3 20.56e3 21.83e3 21.35e3 23.64e3 20.94e3 23.11e3 21.92e3 22.09e3 22.55e3 20.65e3 19.81e3 22.67e3 22.97e3 21.44e3 23.07e3 25.79e3 25.63e3 27.54e3 26.62e3 29.32e3 29.33e3 33.28e3 31.39e3 29.65e3 29.88e3 32.40e3 
   32.5e6  2.228e3 3.236e3 4.445e3 5.606e3 6.739e3 7.489e3 7.525e3 8.653e3 8.738e3 8.850e3 11.13e3 10.94e3 11.32e3 12.48e3 13.20e3 15.72e3 17.05e3 17.31e3 16.80e3 15.85e3 16.42e3 18.20e3 17.50e3 17.55e3 15.75e3 15.93e3 15.99e3 15.52e3 15.04e3 14.88e3 15.44e3 17.22e3 17.39e3 17.09e3 19.60e3 22.05e3 23.11e3 23.45e3 23.22e3 24.65e3 25.00e3 24.12e3 23.21e3 22.03e3 21.19e3 21.84e3 22.44e3 21.74e3 22.09e3 24.69e3 23.03e3 24.27e3 23.43e3 29.23e3 27.97e3 29.45e3 28.29e3 27.96e3 26.46e3 25.01e3 26.77e3 27.05e3 23.77e3 24.18e3 26.59e3 25.20e3 21.94e3 23.31e3 22.76e3 24.98e3 22.41e3 24.57e3 23.45e3 23.59e3 24.14e3 22.14e3 21.28e3 24.18e3 24.49e3 23.07e3 24.69e3 27.49e3 27.20e3 29.20e3 28.22e3 30.96e3 31.18e3 35.41e3 33.21e3 31.46e3 31.70e3 34.49e3 
   35.0e6  2.388e3 3.398e3 4.615e3 5.859e3 7.034e3 7.841e3 8.020e3 9.108e3 9.233e3 9.437e3 11.66e3 11.51e3 11.80e3 12.97e3 13.73e3 16.29e3 17.97e3 18.28e3 17.60e3 16.66e3 17.30e3 19.18e3 18.39e3 18.43e3 16.65e3 16.84e3 16.93e3 16.43e3 15.96e3 15.79e3 16.44e3 18.21e3 18.28e3 18.01e3 20.87e3 23.30e3 24.35e3 24.54e3 24.44e3 26.05e3 26.35e3 25.44e3 24.39e3 23.23e3 22.35e3 23.17e3 23.75e3 23.01e3 23.47e3 26.03e3 24.27e3 25.63e3 24.50e3 30.77e3 29.34e3 30.89e3 29.72e3 29.08e3 27.88e3 26.46e3 28.16e3 28.68e3 25.27e3 25.75e3 27.89e3 26.63e3 23.30e3 24.76e3 24.14e3 26.24e3 23.86e3 26.00e3 24.94e3 25.07e3 25.70e3 23.61e3 22.74e3 25.65e3 25.98e3 24.66e3 26.27e3 29.14e3 28.75e3 30.80e3 29.77e3 32.56e3 32.98e3 37.43e3 34.97e3 33.20e3 33.45e3 36.45e3 
   37.5e6  2.542e3 3.551e3 4.777e3 6.103e3 7.313e3 8.177e3 8.489e3 9.537e3 9.706e3 10.00e3 12.18e3 12.06e3 12.27e3 13.44e3 14.25e3 16.83e3 18.83e3 19.19e3 18.37e3 17.43e3 18.15e3 20.12e3 19.23e3 19.28e3 17.52e3 17.74e3 17.83e3 17.32e3 16.86e3 16.69e3 17.42e3 19.18e3 19.15e3 18.92e3 22.09e3 24.48e3 25.52e3 25.57e3 25.62e3 27.39e3 27.63e3 26.71e3 25.53e3 24.39e3 23.48e3 24.47e3 25.03e3 24.24e3 24.80e3 27.32e3 25.48e3 26.96e3 25.53e3 32.25e3 30.68e3 32.27e3 31.10e3 30.15e3 29.26e3 27.88e3 29.51e3 30.27e3 26.74e3 27.29e3 29.15e3 28.01e3 24.63e3 26.20e3 25.50e3 27.45e3 25.29e3 27.39e3 26.39e3 26.51e3 27.23e3 25.07e3 24.18e3 27.09e3 27.43e3 26.23e3 27.81e3 30.73e3 30.26e3 32.34e3 31.28e3 34.11e3 34.71e3 39.37e3 36.67e3 34.89e3 35.14e3 38.30e3 
   40.0e6  2.688e3 3.699e3 4.932e3 6.338e3 7.578e3 8.498e3 8.935e3 9.941e3 10.16e3 10.54e3 12.67e3 12.59e3 12.72e3 13.89e3 14.75e3 17.35e3 19.63e3 20.05e3 19.10e3 18.19e3 18.97e3 21.02e3 20.04e3 20.10e3 18.37e3 18.61e3 18.71e3 18.19e3 17.74e3 17.58e3 18.38e3 20.12e3 20.01e3 19.80e3 23.27e3 25.60e3 26.65e3 26.56e3 26.75e3 28.67e3 28.87e3 27.94e3 26.63e3 25.52e3 24.59e3 25.73e3 26.27e3 25.44e3 26.07e3 28.57e3 26.66e3 28.25e3 26.55e3 33.69e3 31.97e3 33.61e3 32.44e3 31.18e3 30.61e3 29.25e3 30.82e3 31.81e3 28.17e3 28.80e3 30.38e3 29.34e3 25.95e3 27.61e3 26.83e3 28.60e3 26.71e3 28.74e3 27.80e3 27.93e3 28.74e3 26.51e3 25.60e3 28.49e3 28.85e3 27.76e3 29.30e3 32.28e3 31.75e3 33.82e3 32.76e3 35.63e3 36.40e3 41.21e3 38.31e3 36.54e3 36.78e3 40.05e3 
   45.0e6  2.963e3 3.976e3 5.225e3 6.783e3 8.068e3 9.101e3 9.762e3 10.69e3 11.02e3 11.56e3 13.61e3 13.61e3 13.58e3 14.74e3 15.71e3 18.33e3 21.08e3 21.63e3 20.48e3 19.63e3 20.55e3 22.72e3 21.57e3 21.68e3 20.00e3 20.29e3 20.39e3 19.88e3 19.45e3 19.32e3 20.23e3 21.95e3 21.65e3 21.50e3 25.50e3 27.68e3 28.75e3 28.41e3 28.87e3 31.08e3 31.18e3 30.28e3 28.74e3 27.67e3 26.73e3 28.16e3 28.68e3 27.76e3 28.49e3 30.95e3 28.94e3 30.74e3 28.57e3 36.45e3 34.45e3 36.18e3 35.01e3 33.14e3 33.21e3 31.88e3 33.35e3 34.79e3 30.95e3 31.72e3 32.76e3 31.90e3 28.54e3 30.39e3 29.43e3 30.80e3 29.50e3 31.35e3 30.52e3 30.68e3 31.69e3 29.35e3 28.37e3 31.20e3 31.60e3 30.73e3 32.19e3 35.25e3 34.65e3 36.64e3 35.63e3 38.57e3 39.63e3 44.65e3 41.45e3 39.70e3 39.93e3 43.31e3 
   50.0e6  3.215e3 4.235e3 5.499e3 7.199e3 8.515e3 9.658e3 10.51e3 11.36e3 11.83e3 12.50e3 14.49e3 14.57e3 14.39e3 15.55e3 16.63e3 19.27e3 22.36e3 23.04e3 21.77e3 20.99e3 22.05e3 24.30e3 22.98e3 23.19e3 21.54e3 21.89e3 21.97e3 21.51e3 21.09e3 21.02e3 22.02e3 23.70e3 23.24e3 23.14e3 27.60e3 29.57e3 30.69e3 30.14e3 30.84e3 33.29e3 33.33e3 32.48e3 30.74e3 29.71e3 28.79e3 30.48e3 30.98e3 29.98e3 30.74e3 33.21e3 31.14e3 33.11e3 30.59e3 39.09e3 36.82e3 38.62e3 37.47e3 35.03e3 35.71e3 34.38e3 35.76e3 37.63e3 33.62e3 34.53e3 35.04e3 34.34e3 31.06e3 33.08e3 31.94e3 32.87e3 32.21e3 33.86e3 33.12e3 33.32e3 34.54e3 32.11e3 31.07e3 33.78e3 34.25e3 33.57e3 34.93e3 38.06e3 37.47e3 39.27e3 38.39e3 41.40e3 42.68e3 47.78e3 44.43e3 42.72e3 42.91e3 46.30e3 
   55.0e6  3.448e3 4.478e3 5.759e3 7.589e3 8.926e3 10.18e3 11.20e3 11.98e3 12.59e3 13.37e3 15.32e3 15.48e3 15.17e3 16.32e3 17.52e3 20.15e3 23.52e3 24.33e3 22.97e3 22.29e3 23.46e3 25.76e3 24.31e3 24.61e3 23.02e3 23.43e3 23.48e3 23.07e3 22.67e3 22.66e3 23.73e3 25.38e3 24.77e3 24.72e3 29.58e3 31.31e3 32.49e3 31.75e3 32.68e3 35.33e3 35.33e3 34.54e3 32.64e3 31.66e3 30.76e3 32.68e3 33.18e3 32.11e3 32.86e3 35.36e3 33.26e3 35.39e3 32.63e3 41.62e3 39.08e3 40.94e3 39.81e3 36.88e3 38.12e3 36.77e3 38.07e3 40.33e3 36.18e3 37.22e3 37.25e3 36.71e3 33.53e3 35.71e3 34.38e3 34.85e3 34.85e3 36.27e3 35.62e3 35.86e3 37.30e3 34.80e3 33.70e3 36.25e3 36.80e3 36.29e3 37.54e3 40.74e3 40.20e3 41.75e3 41.06e3 44.13e3 45.56e3 50.66e3 47.27e3 45.60e3 45.76e3 49.09e3 
   60.0e6  3.663e3 4.707e3 6.005e3 7.954e3 9.308e3 10.66e3 11.84e3 12.54e3 13.31e3 14.17e3 16.10e3 16.34e3 15.91e3 17.06e3 18.37e3 21.00e3 24.56e3 25.48e3 24.11e3 23.52e3 24.80e3 27.13e3 25.55e3 25.98e3 24.42e3 24.90e3 24.91e3 24.57e3 24.18e3 24.25e3 25.37e3 26.99e3 26.25e3 26.24e3 31.46e3 32.91e3 34.16e3 33.27e3 34.40e3 37.20e3 37.21e3 36.49e3 34.45e3 33.51e3 32.67e3 34.79e3 35.29e3 34.15e3 34.85e3 37.40e3 35.30e3 37.56e3 34.69e3 44.05e3 41.24e3 43.16e3 42.06e3 38.70e3 40.43e3 39.05e3 40.29e3 42.92e3 38.65e3 39.80e3 39.39e3 39.01e3 35.93e3 38.26e3 36.74e3 36.76e3 37.42e3 38.59e3 38.03e3 38.31e3 39.97e3 37.41e3 36.24e3 38.63e3 39.28e3 38.88e3 40.02e3 43.31e3 42.84e3 44.09e3 43.66e3 46.77e3 48.30e3 53.32e3 49.99e3 48.37e3 48.50e3 51.71e3 
   65.0e6  3.863e3 4.924e3 6.240e3 8.298e3 9.664e3 11.11e3 12.43e3 13.07e3 13.99e3 14.92e3 16.83e3 17.16e3 16.63e3 17.77e3 19.19e3 21.82e3 25.51e3 26.53e3 25.19e3 24.70e3 26.07e3 28.40e3 26.73e3 27.28e3 25.76e3 26.30e3 26.27e3 26.01e3 25.63e3 25.78e3 26.95e3 28.54e3 27.68e3 27.72e3 33.23e3 34.40e3 35.71e3 34.71e3 36.03e3 38.94e3 38.97e3 38.33e3 36.18e3 35.29e3 34.50e3 36.80e3 37.31e3 36.12e3 36.74e3 39.36e3 37.27e3 39.64e3 36.75e3 46.38e3 43.32e3 45.28e3 44.21e3 40.49e3 42.65e3 41.23e3 42.43e3 45.39e3 41.03e3 42.28e3 41.46e3 41.26e3 38.27e3 40.74e3 39.03e3 38.62e3 39.90e3 40.84e3 40.35e3 40.67e3 42.54e3 39.95e3 38.71e3 40.91e3 41.67e3 41.35e3 42.39e3 45.76e3 45.41e3 46.31e3 46.18e3 49.33e3 50.90e3 55.79e3 52.59e3 51.04e3 51.12e3 54.20e3 
   70.0e6  4.047e3 5.130e3 6.464e3 8.621e3 9.998e3 11.53e3 12.98e3 13.56e3 14.64e3 15.62e3 17.52e3 17.93e3 17.31e3 18.46e3 19.99e3 22.60e3 26.37e3 27.49e3 26.22e3 25.82e3 27.28e3 29.59e3 27.85e3 28.52e3 27.04e3 27.65e3 27.56e3 27.40e3 27.03e3 27.26e3 28.45e3 30.03e3 29.06e3 29.14e3 34.92e3 35.78e3 37.17e3 36.07e3 37.55e3 40.55e3 40.64e3 40.07e3 37.84e3 36.99e3 36.26e3 38.73e3 39.24e3 38.01e3 38.53e3 41.24e3 39.18e3 41.64e3 38.80e3 48.61e3 45.31e3 47.31e3 46.28e3 42.26e3 44.80e3 43.32e3 44.49e3 47.75e3 43.31e3 44.65e3 43.48e3 43.47e3 40.55e3 43.14e3 41.25e3 40.44e3 42.31e3 43.01e3 42.60e3 42.95e3 45.03e3 42.41e3 41.10e3 43.12e3 43.98e3 43.71e3 44.65e3 48.13e3 47.89e3 48.41e3 48.62e3 51.81e3 53.36e3 58.09e3 55.09e3 53.60e3 53.64e3 56.59e3 
   80.0e6  4.373e3 5.510e3 6.882e3 9.213e3 10.61e3 12.31e3 13.99e3 14.45e3 15.83e3 16.87e3 18.80e3 19.35e3 18.61e3 19.77e3 21.49e3 24.08e3 27.87e3 29.15e3 28.12e3 27.92e3 29.50e3 31.75e3 29.94e3 30.85e3 29.43e3 30.16e3 29.98e3 30.01e3 29.66e3 30.06e3 31.29e3 32.83e3 31.69e3 31.85e3 38.02e3 38.29e3 39.83e3 38.61e3 40.37e3 43.44e3 43.70e3 43.28e3 40.95e3 40.19e3 39.60e3 42.31e3 42.86e3 41.58e3 41.86e3 44.79e3 42.79e3 45.39e3 42.83e3 52.76e3 49.07e3 51.13e3 50.18e3 45.71e3 48.86e3 47.26e3 48.38e3 52.17e3 47.64e3 49.11e3 47.34e3 47.73e3 44.91e3 47.72e3 45.47e3 43.97e3 46.88e3 47.15e3 46.89e3 47.25e3 49.75e3 47.09e3 45.65e3 47.32e3 48.39e3 48.13e3 48.90e3 52.58e3 52.62e3 52.34e3 53.26e3 56.54e3 57.96e3 62.28e3 59.80e3 58.46e3 58.41e3 61.11e3 
   90.0e6  4.647e3 5.851e3 7.264e3 9.738e3 11.16e3 12.99e3 14.86e3 15.24e3 16.91e3 17.97e3 19.94e3 20.62e3 19.83e3 20.99e3 22.89e3 25.46e3 29.13e3 30.54e3 29.85e3 29.84e3 31.51e3 33.64e3 31.84e3 32.98e3 31.62e3 32.46e3 32.19e3 32.41e3 32.09e3 32.64e3 33.88e3 35.41e3 34.15e3 34.39e3 40.78e3 40.49e3 42.21e3 40.94e3 42.91e3 45.97e3 46.44e3 46.16e3 43.81e3 43.13e3 42.69e3 45.59e3 46.18e3 44.88e3 44.93e3 48.07e3 46.16e3 48.84e3 46.68e3 56.51e3 52.54e3 54.63e3 53.78e3 49.03e3 52.63e3 50.89e3 52.01e3 56.21e3 51.64e3 53.21e3 50.98e3 51.79e3 49.02e3 52.02e3 49.44e3 47.38e3 51.15e3 51.04e3 50.91e3 51.24e3 54.13e3 51.47e3 49.91e3 51.27e3 52.51e3 52.18e3 52.82e3 56.73e3 57.04e3 55.96e3 57.60e3 60.98e3 62.14e3 66.04e3 64.17e3 62.97e3 62.85e3 65.33e3 
   100.e6  4.872e3 6.158e3 7.614e3 10.21e3 11.65e3 13.61e3 15.64e3 15.95e3 17.88e3 18.94e3 20.96e3 21.76e3 20.96e3 22.15e3 24.20e3 26.73e3 30.19e3 31.71e3 31.43e3 31.59e3 33.31e3 35.32e3 33.58e3 34.93e3 33.61e3 34.56e3 34.22e3 34.63e3 34.33e3 35.02e3 36.26e3 37.79e3 36.46e3 36.77e3 43.24e3 42.45e3 44.35e3 43.09e3 45.22e3 48.20e3 48.91e3 48.76e3 46.45e3 45.86e3 45.55e3 48.57e3 49.22e3 47.95e3 47.76e3 51.11e3 49.30e3 52.02e3 50.32e3 59.88e3 55.74e3 57.86e3 57.11e3 52.20e3 56.12e3 54.25e3 55.38e3 59.90e3 55.35e3 56.97e3 54.41e3 55.62e3 52.88e3 56.02e3 53.15e3 50.68e3 55.11e3 54.70e3 54.69e3 54.95e3 58.19e3 55.54e3 53.89e3 54.99e3 56.37e3 55.92e3 56.47e3 60.60e3 61.16e3 59.32e3 61.65e3 65.14e3 65.98e3 69.48e3 68.22e3 67.18e3 66.98e3 69.29e3 
   110.e6  5.056e3 6.433e3 7.933e3 10.62e3 12.10e3 14.15e3 16.31e3 16.58e3 18.76e3 19.79e3 21.87e3 22.78e3 22.03e3 23.23e3 25.41e3 27.91e3 31.10e3 32.71e3 32.87e3 33.19e3 34.94e3 36.80e3 35.18e3 36.70e3 35.44e3 36.47e3 36.08e3 36.67e3 36.39e3 37.20e3 38.44e3 39.98e3 38.61e3 39.00e3 45.44e3 44.20e3 46.30e3 45.09e3 47.34e3 50.21e3 51.15e3 51.11e3 48.89e3 48.37e3 48.20e3 51.30e3 52.00e3 50.80e3 50.39e3 53.94e3 52.23e3 54.96e3 53.71e3 62.90e3 58.70e3 60.82e3 60.20e3 55.22e3 59.37e3 57.35e3 58.52e3 63.28e3 58.79e3 60.43e3 57.65e3 59.23e3 56.49e3 59.76e3 56.62e3 53.85e3 58.78e3 58.15e3 58.23e3 58.40e3 61.95e3 59.33e3 57.59e3 58.51e3 59.99e3 59.38e3 59.88e3 64.22e3 65.01e3 62.47e3 65.42e3 69.06e3 69.52e3 72.66e3 71.98e3 71.09e3 70.84e3 73.02e3 
   120.e6  5.202e3 6.679e3 8.225e3 10.99e3 12.51e3 14.65e3 16.91e3 17.15e3 19.55e3 20.55e3 22.69e3 23.70e3 23.02e3 24.25e3 26.55e3 29.01e3 31.88e3 33.55e3 34.20e3 34.66e3 36.40e3 38.13e3 36.66e3 38.33e3 37.12e3 38.22e3 37.78e3 38.54e3 38.30e3 39.21e3 40.44e3 41.99e3 40.63e3 41.09e3 47.40e3 45.77e3 48.09e3 46.97e3 49.30e3 52.02e3 53.16e3 53.23e3 51.14e3 50.70e3 50.65e3 53.79e3 54.55e3 53.45e3 52.84e3 56.57e3 54.97e3 57.66e3 56.85e3 65.59e3 61.43e3 63.55e3 63.07e3 58.07e3 62.38e3 60.22e3 61.45e3 66.38e3 61.98e3 63.62e3 60.70e3 62.60e3 59.87e3 63.23e3 59.86e3 56.90e3 62.19e3 61.40e3 61.54e3 61.61e3 65.44e3 62.84e3 61.05e3 61.84e3 63.36e3 62.61e3 63.08e3 67.62e3 68.58e3 65.44e3 68.95e3 72.72e3 72.81e3 75.63e3 75.48e3 74.74e3 74.43e3 76.54e3 
   130.e6  5.317e3 6.898e3 8.492e3 11.33e3 12.88e3 15.10e3 17.43e3 17.67e3 20.27e3 21.22e3 23.42e3 24.52e3 23.96e3 25.22e3 27.60e3 30.02e3 32.57e3 34.28e3 35.42e3 36.00e3 37.71e3 39.32e3 38.02e3 39.81e3 38.65e3 39.81e3 39.35e3 40.26e3 40.06e3 41.05e3 42.28e3 43.85e3 42.52e3 43.05e3 49.17e3 47.20e3 49.75e3 48.73e3 51.11e3 53.67e3 54.99e3 55.16e3 53.23e3 52.85e3 52.91e3 56.07e3 56.89e3 55.90e3 55.14e3 59.01e3 57.52e3 60.15e3 59.75e3 67.99e3 63.95e3 66.05e3 65.72e3 60.77e3 65.17e3 62.88e3 64.17e3 69.22e3 64.93e3 66.55e3 63.57e3 65.73e3 63.03e3 66.46e3 62.90e3 59.84e3 65.36e3 64.47e3 64.64e3 64.60e3 68.66e3 66.11e3 64.28e3 64.99e3 66.52e3 65.63e3 66.11e3 70.80e3 71.91e3 68.26e3 72.24e3 76.17e3 75.87e3 78.44e3 78.74e3 78.14e3 77.78e3 79.85e3 
   140.e6  5.406e3 7.094e3 8.734e3 11.62e3 13.22e3 15.50e3 17.88e3 18.14e3 20.93e3 21.82e3 24.08e3 25.25e3 24.83e3 26.12e3 28.58e3 30.96e3 33.19e3 34.92e3 36.53e3 37.22e3 38.89e3 40.39e3 39.27e3 41.16e3 40.06e3 41.26e3 40.79e3 41.84e3 41.69e3 42.73e3 43.97e3 45.56e3 44.29e3 44.88e3 50.77e3 48.50e3 51.30e3 50.39e3 52.79e3 55.20e3 56.65e3 56.92e3 55.16e3 54.85e3 55.01e3 58.15e3 59.03e3 58.19e3 57.30e3 61.29e3 59.90e3 62.45e3 62.41e3 70.13e3 66.29e3 68.36e3 68.18e3 63.30e3 67.76e3 65.34e3 66.71e3 71.82e3 67.67e3 69.25e3 66.27e3 68.64e3 65.98e3 69.46e3 65.73e3 62.64e3 68.30e3 67.37e3 67.54e3 67.38e3 71.65e3 69.14e3 67.28e3 67.96e3 69.47e3 68.48e3 68.97e3 73.79e3 75.01e3 70.95e3 75.34e3 79.40e3 78.74e3 81.10e3 81.77e3 81.31e3 80.91e3 82.97e3 
   150.e6  5.472e3 7.268e3 8.956e3 11.89e3 13.53e3 15.86e3 18.28e3 18.58e3 21.52e3 22.36e3 24.66e3 25.91e3 25.65e3 26.97e3 29.49e3 31.84e3 33.74e3 35.47e3 37.56e3 38.35e3 39.96e3 41.35e3 40.42e3 42.40e3 41.35e3 42.58e3 42.12e3 43.30e3 43.19e3 44.27e3 45.52e3 47.14e3 45.95e3 46.61e3 52.23e3 49.69e3 52.74e3 51.97e3 54.37e3 56.61e3 58.16e3 58.51e3 56.95e3 56.70e3 56.94e3 60.06e3 61.00e3 60.32e3 59.33e3 63.40e3 62.12e3 64.57e3 64.86e3 72.03e3 68.45e3 70.49e3 70.47e3 65.69e3 70.17e3 67.61e3 69.07e3 74.21e3 70.21e3 71.75e3 68.81e3 71.34e3 68.73e3 72.25e3 68.38e3 65.33e3 71.04e3 70.12e3 70.25e3 69.98e3 74.41e3 71.96e3 70.09e3 70.77e3 72.23e3 71.17e3 71.70e3 76.61e3 77.89e3 73.53e3 78.25e3 82.43e3 81.44e3 83.64e3 84.59e3 84.27e3 83.83e3 85.91e3 
   160.e6  5.519e3 7.423e3 9.158e3 12.13e3 13.81e3 16.20e3 18.64e3 18.98e3 22.06e3 22.84e3 25.19e3 26.50e3 26.42e3 27.78e3 30.34e3 32.65e3 34.24e3 35.96e3 38.51e3 39.38e3 40.91e3 42.23e3 41.49e3 43.52e3 42.53e3 43.79e3 43.34e3 44.63e3 44.58e3 45.68e3 46.94e3 48.59e3 47.50e3 48.22e3 53.56e3 50.79e3 54.10e3 53.47e3 55.86e3 57.93e3 59.52e3 59.97e3 58.61e3 58.42e3 58.73e3 61.81e3 62.81e3 62.30e3 61.24e3 65.37e3 64.19e3 66.53e3 67.10e3 73.72e3 70.44e3 72.45e3 72.59e3 67.93e3 72.40e3 69.72e3 71.27e3 76.40e3 72.56e3 74.05e3 71.20e3 73.82e3 71.30e3 74.83e3 70.85e3 67.90e3 73.59e3 72.71e3 72.78e3 72.41e3 76.96e3 74.57e3 72.70e3 73.42e3 74.81e3 73.73e3 74.29e3 79.26e3 80.57e3 76.01e3 80.99e3 85.27e3 83.99e3 86.06e3 87.22e3 87.04e3 86.56e3 88.68e3 
   170.e6  5.550e3 7.560e3 9.341e3 12.34e3 14.07e3 16.50e3 18.94e3 19.34e3 22.55e3 23.27e3 25.66e3 27.03e3 27.14e3 28.53e3 31.14e3 33.40e3 34.70e3 36.40e3 39.38e3 40.33e3 41.77e3 43.02e3 42.47e3 44.55e3 43.62e3 44.89e3 44.46e3 45.86e3 45.87e3 46.97e3 48.26e3 49.94e3 48.96e3 49.74e3 54.79e3 51.80e3 55.39e3 54.90e3 57.26e3 59.17e3 60.77e3 61.30e3 60.15e3 60.01e3 60.39e3 63.41e3 64.46e3 64.14e3 63.03e3 67.20e3 66.13e3 68.34e3 69.14e3 75.23e3 72.29e3 74.26e3 74.57e3 70.04e3 74.47e3 71.68e3 73.32e3 78.42e3 74.74e3 76.18e3 73.45e3 76.11e3 73.70e3 77.22e3 73.17e3 70.35e3 75.97e3 75.16e3 75.15e3 74.69e3 79.32e3 76.99e3 75.14e3 75.92e3 77.22e3 76.15e3 76.76e3 81.75e3 83.06e3 78.40e3 83.58e3 87.95e3 86.41e3 88.38e3 89.68e3 89.62e3 89.12e3 91.29e3 
   180.e6  5.567e3 7.682e3 9.509e3 12.53e3 14.31e3 16.77e3 19.21e3 19.68e3 22.99e3 23.65e3 26.09e3 27.51e3 27.82e3 29.24e3 31.87e3 34.10e3 35.13e3 36.80e3 40.18e3 41.19e3 42.55e3 43.75e3 43.38e3 45.49e3 44.62e3 45.89e3 45.50e3 46.99e3 47.07e3 48.16e3 49.47e3 51.18e3 50.32e3 51.17e3 55.92e3 52.74e3 56.60e3 56.28e3 58.59e3 60.33e3 61.90e3 62.51e3 61.58e3 61.49e3 61.92e3 64.89e3 65.99e3 65.86e3 64.72e3 68.90e3 67.94e3 70.01e3 71.02e3 76.57e3 74.00e3 75.92e3 76.41e3 72.01e3 76.39e3 73.49e3 75.24e3 80.27e3 76.76e3 78.15e3 75.57e3 78.22e3 75.93e3 79.44e3 75.33e3 72.69e3 78.21e3 77.49e3 77.36e3 76.82e3 81.50e3 79.25e3 77.42e3 78.28e3 79.48e3 78.46e3 79.13e3 84.10e3 85.38e3 80.71e3 86.03e3 90.46e3 88.71e3 90.60e3 91.97e3 92.03e3 91.51e3 93.74e3 
   200.e6  5.571e3 7.883e3 9.799e3 12.86e3 14.72e3 17.24e3 19.66e3 20.29e3 23.77e3 24.30e3 26.80e3 28.32e3 29.04e3 30.54e3 33.20e3 35.34e3 35.89e3 37.49e3 41.61e3 42.72e3 43.88e3 45.02e3 44.99e3 47.13e3 46.37e3 47.64e3 47.33e3 48.97e3 49.20e3 50.23e3 51.61e3 53.39e3 52.80e3 53.77e3 57.96e3 54.46e3 58.86e3 58.86e3 61.05e3 62.48e3 63.86e3 64.64e3 64.14e3 64.14e3 64.65e3 67.48e3 68.67e3 68.96e3 67.81e3 71.95e3 71.21e3 72.99e3 74.29e3 78.84e3 77.06e3 78.88e3 79.72e3 75.60e3 79.82e3 76.72e3 78.69e3 83.56e3 80.38e3 81.66e3 79.43e3 81.95e3 79.96e3 83.41e3 79.25e3 77.03e3 82.28e3 81.78e3 81.36e3 80.69e3 85.39e3 83.29e3 81.53e3 82.58e3 83.57e3 82.76e3 83.55e3 88.40e3 89.55e3 85.10e3 90.55e3 95.05e3 92.99e3 94.77e3 96.10e3 96.40e3 95.84e3 98.24e3 
   225.e6  5.533e3 8.070e3 10.09e3 13.19e3 15.13e3 17.72e3 20.06e3 20.92e3 24.54e3 24.93e3 27.48e3 29.11e3 30.36e3 31.95e3 34.61e3 36.66e3 36.72e3 38.22e3 43.09e3 44.30e3 45.21e3 46.34e3 46.67e3 48.79e3 48.19e3 49.43e3 49.24e3 51.02e3 51.44e3 52.35e3 53.86e3 55.71e3 55.49e3 56.61e3 60.18e3 56.33e3 61.40e3 61.84e3 63.82e3 64.87e3 65.86e3 66.83e3 66.86e3 66.95e3 67.52e3 70.18e3 71.46e3 72.28e3 71.18e3 75.18e3 74.74e3 76.12e3 77.64e3 81.03e3 80.28e3 81.96e3 83.25e3 79.49e3 83.46e3 80.12e3 82.38e3 87.00e3 84.20e3 85.37e3 83.66e3 85.79e3 84.26e3 87.60e3 83.47e3 81.89e3 86.75e3 86.56e3 85.66e3 84.90e3 89.48e3 87.60e3 85.95e3 87.28e3 88.01e3 87.63e3 88.58e3 93.12e3 94.00e3 90.21e3 95.59e3 100.1e3 97.85e3 99.53e3 100.5e3 101.1e3 100.5e3 103.2e3 
   250.e6  5.466e3 8.201e3 10.32e3 13.43e3 15.44e3 18.09e3 20.35e3 21.45e3 25.15e3 25.42e3 27.99e3 29.70e3 31.49e3 33.16e3 35.80e3 37.75e3 37.42e3 38.83e3 44.31e3 45.58e3 46.26e3 47.42e3 48.04e3 50.11e3 49.66e3 50.85e3 50.80e3 52.67e3 53.31e3 54.04e3 55.70e3 57.63e3 57.80e3 59.06e3 62.13e3 57.99e3 63.68e3 64.57e3 66.31e3 67.00e3 67.44e3 68.59e3 69.14e3 69.30e3 69.89e3 72.37e3 73.72e3 75.09e3 74.07e3 77.87e3 77.73e3 78.69e3 80.29e3 82.69e3 82.96e3 84.50e3 86.24e3 82.81e3 86.49e3 82.93e3 85.50e3 89.84e3 87.38e3 88.46e3 87.30e3 88.87e3 87.88e3 91.07e3 87.05e3 86.18e3 90.69e3 90.78e3 89.29e3 88.52e3 92.84e3 91.21e3 89.69e3 91.29e3 91.80e3 92.02e3 93.11e3 97.19e3 97.74e3 94.94e3 100.0e3 104.4e3 102.2e3 103.8e3 104.3e3 105.1e3 104.6e3 107.5e3 
   275.e6  5.382e3 8.288e3 10.50e3 13.62e3 15.68e3 18.38e3 20.55e3 21.89e3 25.61e3 25.78e3 28.34e3 30.15e3 32.44e3 34.20e3 36.79e3 38.65e3 38.03e3 39.37e3 45.30e3 46.61e3 47.10e3 48.32e3 49.16e3 51.14e3 50.85e3 51.98e3 52.06e3 54.00e3 54.86e3 55.39e3 57.22e3 59.22e3 59.77e3 61.16e3 63.88e3 59.48e3 65.74e3 67.10e3 68.55e3 68.91e3 68.69e3 70.02e3 71.05e3 71.27e3 71.85e3 74.17e3 75.56e3 77.47e3 76.54e3 80.09e3 80.26e3 80.82e3 82.40e3 83.96e3 85.19e3 86.59e3 88.76e3 85.64e3 89.00e3 85.26e3 88.12e3 92.19e3 90.01e3 91.03e3 90.44e3 91.34e3 90.91e3 93.95e3 90.10e3 89.96e3 94.21e3 94.53e3 92.35e3 91.65e3 95.60e3 94.26e3 92.87e3 94.73e3 95.06e3 95.98e3 97.20e3 100.7e3 100.9e3 99.32e3 104.0e3 108.2e3 106.2e3 107.7e3 107.5e3 108.5e3 108.0e3 111.2e3 
   300.e6  5.290e3 8.342e3 10.64e3 13.76e3 15.85e3 18.60e3 20.68e3 22.26e3 25.96e3 26.05e3 28.59e3 30.47e3 33.24e3 35.09e3 37.62e3 39.40e3 38.56e3 39.86e3 46.11e3 47.45e3 47.78e3 49.08e3 50.06e3 51.95e3 51.80e3 52.87e3 53.08e3 55.07e3 56.14e3 56.45e3 58.48e3 60.54e3 61.47e3 62.99e3 65.48e3 60.84e3 67.60e3 69.44e3 70.59e3 70.62e3 69.67e3 71.16e3 72.64e3 72.91e3 73.48e3 75.63e3 77.06e3 79.48e3 78.64e3 81.93e3 82.41e3 82.58e3 84.08e3 84.93e3 87.05e3 88.31e3 90.90e3 88.06e3 91.09e3 87.18e3 90.34e3 94.16e3 92.20e3 93.18e3 93.17e3 93.30e3 93.46e3 96.34e3 92.69e3 93.28e3 97.42e3 97.88e3 94.94e3 94.38e3 97.86e3 96.83e3 95.56e3 97.67e3 97.88e3 99.57e3 100.9e3 103.8e3 103.6e3 103.4e3 107.5e3 111.5e3 109.9e3 111.2e3 110.2e3 111.5e3 111.0e3 114.4e3 
   325.e6  5.331e3 8.487e3 10.72e3 13.86e3 16.11e3 18.89e3 21.05e3 22.73e3 26.33e3 26.45e3 29.08e3 30.96e3 33.93e3 35.85e3 38.23e3 40.01e3 39.75e3 40.54e3 46.87e3 48.20e3 48.67e3 50.00e3 51.25e3 52.89e3 52.86e3 53.86e3 54.34e3 56.40e3 57.35e3 57.80e3 59.97e3 61.68e3 62.90e3 64.42e3 66.05e3 62.02e3 69.21e3 71.06e3 72.38e3 72.11e3 71.25e3 72.77e3 74.55e3 74.73e3 75.45e3 77.56e3 78.77e3 81.60e3 81.01e3 84.07e3 84.66e3 84.64e3 85.45e3 85.82e3 89.10e3 90.39e3 93.39e3 90.55e3 93.48e3 89.68e3 92.86e3 96.23e3 94.70e3 95.84e3 95.58e3 95.66e3 96.11e3 99.01e3 95.59e3 96.23e3 99.98e3 101.0e3 97.77e3 97.43e3 100.8e3 99.52e3 98.65e3 100.8e3 100.7e3 102.6e3 103.8e3 107.0e3 106.5e3 106.6e3 110.0e3 113.9e3 112.9e3 114.2e3 113.5e3 114.9e3 114.3e3 117.7e3 
   350.e6  5.387e3 8.584e3 10.70e3 13.84e3 16.25e3 19.04e3 21.32e3 23.06e3 26.48e3 26.68e3 29.39e3 31.23e3 34.32e3 36.28e3 38.49e3 40.27e3 40.86e3 41.01e3 47.25e3 48.54e3 49.21e3 50.61e3 52.09e3 53.46e3 53.53e3 54.48e3 55.25e3 57.38e3 58.12e3 58.81e3 61.12e3 62.34e3 63.82e3 65.31e3 65.97e3 62.81e3 70.27e3 72.02e3 73.59e3 73.07e3 72.47e3 73.99e3 76.02e3 76.06e3 76.99e3 79.08e3 79.99e3 83.19e3 82.86e3 85.70e3 86.35e3 86.20e3 86.15e3 86.14e3 90.59e3 91.94e3 95.34e3 92.48e3 95.41e3 91.73e3 94.85e3 97.74e3 96.64e3 98.00e3 97.30e3 97.50e3 98.17e3 101.1e3 97.96e3 98.49e3 101.8e3 103.4e3 100.1e3 100.0e3 103.3e3 101.6e3 101.2e3 103.3e3 103.0e3 105.0e3 105.8e3 109.7e3 108.9e3 108.9e3 111.5e3 115.1e3 115.1e3 116.3e3 116.0e3 117.8e3 117.0e3 120.3e3 
   375.e6  5.373e3 8.596e3 10.64e3 13.76e3 16.30e3 19.09e3 21.44e3 23.24e3 26.50e3 26.76e3 29.53e3 31.35e3 34.54e3 36.55e3 38.58e3 40.37e3 41.54e3 41.30e3 47.42e3 48.69e3 49.51e3 51.01e3 52.61e3 53.76e3 53.96e3 54.84e3 55.85e3 58.04e3 58.65e3 59.53e3 61.90e3 62.77e3 64.46e3 65.93e3 65.98e3 63.37e3 70.99e3 72.67e3 74.44e3 73.71e3 73.31e3 74.87e3 77.05e3 77.00e3 78.07e3 80.16e3 80.86e3 84.33e3 84.24e3 86.84e3 87.59e3 87.30e3 86.70e3 86.32e3 91.65e3 93.04e3 96.73e3 93.94e3 96.77e3 93.22e3 96.29e3 98.78e3 98.07e3 99.58e3 98.60e3 98.89e3 99.71e3 102.6e3 99.77e3 100.3e3 103.1e3 105.3e3 101.9e3 102.0e3 105.2e3 103.3e3 103.3e3 105.2e3 104.7e3 106.8e3 107.5e3 111.7e3 110.6e3 110.8e3 112.9e3 116.3e3 116.9e3 117.9e3 118.1e3 120.0e3 119.2e3 122.3e3 
   400.e6  5.262e3 8.562e3 10.63e3 13.73e3 16.38e3 19.17e3 21.49e3 23.39e3 26.57e3 26.82e3 29.66e3 31.49e3 34.83e3 36.88e3 38.77e3 40.58e3 41.80e3 41.62e3 47.68e3 48.97e3 49.82e3 51.49e3 53.08e3 54.07e3 54.44e3 55.26e3 56.39e3 58.64e3 59.26e3 60.23e3 62.54e3 63.32e3 65.15e3 66.63e3 66.64e3 64.01e3 71.72e3 73.41e3 75.29e3 74.37e3 74.07e3 75.73e3 77.96e3 77.87e3 78.98e3 81.09e3 81.78e3 85.39e3 85.50e3 87.89e3 88.76e3 88.28e3 87.69e3 86.92e3 92.70e3 94.09e3 97.93e3 95.33e3 97.93e3 94.45e3 97.53e3 99.69e3 99.34e3 100.9e3 99.92e3 100.2e3 101.1e3 103.9e3 101.3e3 101.9e3 104.3e3 107.0e3 103.7e3 103.7e3 106.7e3 104.8e3 105.1e3 106.8e3 106.3e3 108.5e3 109.2e3 113.6e3 112.2e3 112.6e3 115.3e3 118.3e3 118.9e3 119.8e3 120.1e3 121.9e3 121.1e3 124.2e3 
   450.e6  5.067e3 8.475e3 10.58e3 13.63e3 16.44e3 19.25e3 21.54e3 23.61e3 26.60e3 26.86e3 29.78e3 31.65e3 35.23e3 37.33e3 38.97e3 40.81e3 42.17e3 42.15e3 47.99e3 49.30e3 50.22e3 52.23e3 53.72e3 54.44e3 55.12e3 55.85e3 57.18e3 59.52e3 60.17e3 61.30e3 63.48e3 64.11e3 66.16e3 67.66e3 67.81e3 65.10e3 72.80e3 74.50e3 76.52e3 75.34e3 75.23e3 77.05e3 79.34e3 79.17e3 80.36e3 82.51e3 83.17e3 87.00e3 87.41e3 89.46e3 90.59e3 89.75e3 89.27e3 87.93e3 94.31e3 95.72e3 99.80e3 97.55e3 99.68e3 96.33e3 99.41e3 101.1e3 101.3e3 103.0e3 102.0e3 102.3e3 103.2e3 105.9e3 103.7e3 104.5e3 106.2e3 109.8e3 106.6e3 106.6e3 109.2e3 107.4e3 108.0e3 109.3e3 108.9e3 111.2e3 111.9e3 116.5e3 114.8e3 115.7e3 119.3e3 121.5e3 122.2e3 122.8e3 123.3e3 125.1e3 124.3e3 127.4e3 
   500.e6  4.904e3 8.375e3 10.51e3 13.51e3 16.41e3 19.25e3 21.54e3 23.74e3 26.52e3 26.83e3 29.78e3 31.70e3 35.43e3 37.58e3 38.99e3 40.86e3 42.37e3 42.56e3 48.07e3 49.43e3 50.39e3 52.75e3 54.04e3 54.56e3 55.52e3 56.18e3 57.66e3 60.07e3 60.72e3 62.02e3 64.07e3 64.60e3 66.79e3 68.30e3 68.82e3 66.01e3 73.48e3 75.17e3 77.25e3 75.97e3 76.02e3 77.96e3 80.24e3 80.01e3 81.28e3 83.48e3 84.11e3 88.08e3 88.65e3 90.49e3 91.85e3 90.73e3 90.45e3 88.74e3 95.42e3 96.84e3 101.1e3 99.17e3 100.8e3 97.63e3 100.7e3 102.0e3 102.6e3 104.4e3 103.4e3 103.8e3 104.7e3 107.2e3 105.4e3 106.3e3 107.5e3 111.8e3 108.7e3 108.7e3 110.9e3 109.3e3 110.2e3 111.1e3 110.9e3 113.2e3 114.0e3 118.6e3 116.7e3 118.0e3 122.6e3 124.0e3 124.7e3 125.0e3 125.7e3 127.4e3 126.6e3 129.8e3 
   550.e6  4.768e3 8.266e3 10.42e3 13.38e3 16.32e3 19.19e3 21.50e3 23.81e3 26.37e3 26.76e3 29.68e3 31.66e3 35.49e3 37.66e3 38.88e3 40.76e3 42.44e3 42.84e3 47.98e3 49.41e3 50.39e3 53.09e3 54.13e3 54.51e3 55.71e3 56.34e3 57.91e3 60.38e3 61.03e3 62.47e3 64.40e3 64.86e3 67.12e3 68.66e3 69.70e3 66.76e3 73.85e3 75.53e3 77.63e3 76.36e3 76.53e3 78.55e3 80.79e3 80.53e3 81.87e3 84.11e3 84.71e3 88.77e3 89.39e3 91.10e3 92.69e3 91.35e3 91.33e3 89.41e3 96.15e3 97.59e3 102.0e3 100.3e3 101.6e3 98.51e3 101.5e3 102.6e3 103.5e3 105.4e3 104.3e3 105.0e3 105.7e3 108.0e3 106.7e3 107.6e3 108.4e3 113.2e3 110.3e3 110.3e3 112.1e3 110.8e3 111.9e3 112.3e3 112.4e3 114.7e3 115.5e3 120.1e3 118.1e3 119.6e3 125.2e3 125.9e3 126.6e3 126.6e3 127.5e3 129.1e3 128.4e3 131.6e3 
   600.e6  4.654e3 8.154e3 10.32e3 13.23e3 16.19e3 19.08e3 21.44e3 23.83e3 26.17e3 26.65e3 29.52e3 31.56e3 35.44e3 37.62e3 38.69e3 40.58e3 42.40e3 43.00e3 47.78e3 49.28e3 50.26e3 53.28e3 54.05e3 54.33e3 55.74e3 56.36e3 57.99e3 60.52e3 61.14e3 62.71e3 64.53e3 64.96e3 67.24e3 68.79e3 70.45e3 67.38e3 74.00e3 75.67e3 77.72e3 76.58e3 76.84e3 78.90e3 81.07e3 80.79e3 82.22e3 84.48e3 85.05e3 89.15e3 89.74e3 91.41e3 93.18e3 91.69e3 92.00e3 89.97e3 96.62e3 98.08e3 102.5e3 101.2e3 102.0e3 99.06e3 102.0e3 103.0e3 104.0e3 106.0e3 105.0e3 105.8e3 106.3e3 108.5e3 107.5e3 108.5e3 109.1e3 114.2e3 111.4e3 111.5e3 112.9e3 111.9e3 113.1e3 113.2e3 113.5e3 115.8e3 116.7e3 121.0e3 119.2e3 120.8e3 127.3e3 127.5e3 128.1e3 127.8e3 128.9e3 130.3e3 129.7e3 133.0e3 
   650.e6  4.557e3 8.041e3 10.22e3 13.08e3 16.04e3 18.94e3 21.35e3 23.81e3 25.94e3 26.53e3 29.31e3 31.42e3 35.30e3 37.50e3 38.43e3 40.32e3 42.27e3 43.07e3 47.50e3 49.09e3 50.05e3 53.35e3 53.85e3 54.07e3 55.66e3 56.29e3 57.95e3 60.52e3 61.10e3 62.80e3 64.51e3 64.94e3 67.19e3 68.76e3 71.10e3 67.88e3 73.99e3 75.64e3 77.61e3 76.68e3 77.00e3 79.07e3 81.14e3 80.87e3 82.39e3 84.65e3 85.20e3 89.29e3 89.79e3 91.49e3 93.42e3 91.83e3 92.51e3 90.45e3 96.88e3 98.36e3 102.9e3 101.7e3 102.1e3 99.39e3 102.3e3 103.2e3 104.4e3 106.4e3 105.3e3 106.4e3 106.6e3 108.8e3 108.1e3 109.0e3 109.5e3 114.7e3 112.2e3 112.4e3 113.4e3 112.7e3 114.0e3 113.7e3 114.4e3 116.7e3 117.5e3 121.6e3 120.0e3 121.7e3 128.9e3 128.7e3 129.1e3 128.5e3 129.8e3 131.1e3 130.6e3 134.0e3 
   700.e6  4.475e3 7.929e3 10.12e3 12.93e3 15.86e3 18.78e3 21.25e3 23.76e3 25.69e3 26.40e3 29.07e3 31.26e3 35.11e3 37.31e3 38.13e3 40.02e3 42.09e3 43.05e3 47.16e3 48.84e3 49.78e3 53.33e3 53.56e3 53.75e3 55.49e3 56.16e3 57.81e3 60.43e3 60.95e3 62.76e3 64.37e3 64.83e3 67.02e3 68.60e3 71.64e3 68.28e3 73.86e3 75.48e3 77.35e3 76.69e3 77.04e3 79.10e3 81.05e3 80.81e3 82.41e3 84.66e3 85.21e3 89.26e3 89.62e3 91.41e3 93.45e3 91.82e3 92.90e3 90.85e3 96.98e3 98.50e3 103.0e3 102.1e3 102.1e3 99.53e3 102.4e3 103.3e3 104.5e3 106.5e3 105.5e3 106.8e3 106.7e3 108.9e3 108.4e3 109.2e3 109.9e3 115.0e3 112.7e3 113.0e3 113.6e3 113.4e3 114.6e3 114.1e3 115.0e3 117.3e3 118.1e3 121.9e3 120.6e3 122.2e3 130.2e3 129.7e3 129.9e3 129.0e3 130.5e3 131.7e3 131.3e3 134.7e3 
   800.e6  4.340e3 7.709e3 9.914e3 12.62e3 15.49e3 18.41e3 20.99e3 23.58e3 25.17e3 26.12e3 28.54e3 30.87e3 34.59e3 36.79e3 37.46e3 39.33e3 41.59e3 42.78e3 46.36e3 48.25e3 49.13e3 53.04e3 52.81e3 53.03e3 54.99e3 55.77e3 57.36e3 60.04e3 60.43e3 62.43e3 63.84e3 64.43e3 66.42e3 68.03e3 72.43e3 68.81e3 73.34e3 74.92e3 76.52e3 76.52e3 76.88e3 78.85e3 80.54e3 80.42e3 82.18e3 84.33e3 84.92e3 88.80e3 88.82e3 90.91e3 93.08e3 91.48e3 93.43e3 91.46e3 96.86e3 98.44e3 102.9e3 102.3e3 101.7e3 99.46e3 102.1e3 103.2e3 104.3e3 106.4e3 105.5e3 107.2e3 106.6e3 108.7e3 108.6e3 109.2e3 110.2e3 115.1e3 112.9e3 113.7e3 113.6e3 114.2e3 115.2e3 114.3e3 115.9e3 118.0e3 118.9e3 121.8e3 121.3e3 122.7e3 131.9e3 131.0e3 130.7e3 129.4e3 131.1e3 132.2e3 131.9e3 135.4e3 
   900.e6  4.232e3 7.499e3 9.714e3 12.32e3 15.12e3 18.01e3 20.68e3 23.33e3 24.67e3 25.82e3 27.97e3 30.44e3 33.99e3 36.16e3 36.73e3 38.58e3 40.99e3 42.30e3 45.48e3 47.59e3 48.39e3 52.54e3 51.94e3 52.25e3 54.36e3 55.28e3 56.77e3 59.47e3 59.73e3 61.87e3 63.09e3 63.89e3 65.61e3 67.23e3 72.88e3 69.06e3 72.61e3 74.16e3 75.45e3 76.18e3 76.50e3 78.34e3 79.74e3 79.79e3 81.71e3 83.70e3 84.37e3 88.00e3 87.68e3 90.14e3 92.32e3 90.89e3 93.69e3 91.83e3 96.47e3 98.11e3 102.4e3 102.1e3 101.0e3 99.09e3 101.6e3 102.9e3 103.9e3 105.8e3 105.1e3 107.3e3 106.1e3 108.2e3 108.4e3 108.7e3 110.3e3 114.6e3 112.6e3 113.8e3 113.1e3 114.5e3 115.3e3 114.2e3 116.3e3 118.2e3 119.1e3 121.2e3 121.6e3 122.5e3 132.7e3 131.7e3 130.8e3 129.2e3 131.1e3 132.2e3 132.0e3 135.6e3 
   1.00e9  4.139e3 7.297e3 9.522e3 12.04e3 14.77e3 17.60e3 20.35e3 23.04e3 24.18e3 25.52e3 27.39e3 30.00e3 33.33e3 35.48e3 36.00e3 37.83e3 40.35e3 41.68e3 44.58e3 46.90e3 47.63e3 51.88e3 51.03e3 51.46e3 53.66e3 54.74e3 56.10e3 58.81e3 58.93e3 61.17e3 62.22e3 63.26e3 64.68e3 66.31e3 73.02e3 69.07e3 71.79e3 73.30e3 74.26e3 75.73e3 75.99e3 77.66e3 78.77e3 79.05e3 81.09e3 82.87e3 83.68e3 87.01e3 86.40e3 89.24e3 91.33e3 90.16e3 93.77e3 91.99e3 95.90e3 97.61e3 101.6e3 101.6e3 100.2e3 98.56e3 100.9e3 102.4e3 103.3e3 105.0e3 104.6e3 107.1e3 105.5e3 107.6e3 108.0e3 107.9e3 110.1e3 113.8e3 111.8e3 113.5e3 112.4e3 114.6e3 115.1e3 113.9e3 116.4e3 118.1e3 119.1e3 120.4e3 121.5e3 122.1e3 132.8e3 131.9e3 130.4e3 128.7e3 130.8e3 131.7e3 131.8e3 135.2e3 
   1.10e9  4.053e3 7.105e3 9.340e3 11.77e3 14.44e3 17.20e3 19.99e3 22.70e3 23.73e3 25.22e3 26.83e3 29.56e3 32.67e3 34.79e3 35.28e3 37.08e3 39.71e3 40.97e3 43.69e3 46.21e3 46.88e3 51.13e3 50.13e3 50.70e3 52.93e3 54.17e3 55.40e3 58.10e3 58.08e3 60.39e3 61.28e3 62.60e3 63.70e3 65.34e3 72.89e3 68.90e3 70.92e3 72.40e3 73.04e3 75.21e3 75.40e3 76.89e3 77.72e3 78.25e3 80.39e3 81.92e3 82.90e3 85.91e3 85.10e3 88.29e3 90.22e3 89.36e3 93.67e3 91.96e3 95.23e3 97.00e3 100.8e3 101.0e3 99.33e3 97.95e3 100.0e3 101.9e3 102.5e3 104.1e3 104.0e3 106.8e3 104.7e3 106.9e3 107.4e3 107.1e3 109.9e3 112.9e3 110.7e3 113.0e3 111.5e3 114.4e3 114.6e3 113.4e3 116.3e3 117.9e3 118.8e3 119.3e3 121.3e3 121.4e3 132.5e3 131.8e3 129.7e3 128.0e3 130.2e3 131.1e3 131.2e3 134.6e3 
   1.20e9  3.971e3 6.921e3 9.165e3 11.52e3 14.13e3 16.82e3 19.62e3 22.35e3 23.29e3 24.92e3 26.29e3 29.11e3 32.02e3 34.11e3 34.58e3 36.36e3 39.08e3 40.21e3 42.82e3 45.53e3 46.14e3 50.31e3 49.25e3 49.97e3 52.19e3 53.58e3 54.69e3 57.36e3 57.23e3 59.58e3 60.31e3 61.92e3 62.71e3 64.35e3 72.54e3 68.59e3 70.05e3 71.50e3 71.83e3 74.62e3 74.76e3 76.07e3 76.64e3 77.44e3 79.64e3 80.89e3 82.09e3 84.76e3 83.84e3 87.33e3 89.04e3 88.54e3 93.44e3 91.76e3 94.50e3 96.31e3 99.87e3 100.2e3 98.42e3 97.28e3 99.20e3 101.3e3 101.8e3 103.1e3 103.3e3 106.3e3 103.9e3 106.2e3 106.7e3 106.1e3 109.5e3 111.9e3 109.5e3 112.3e3 110.6e3 114.1e3 114.0e3 112.8e3 116.0e3 117.5e3 118.4e3 118.3e3 120.9e3 120.6e3 131.8e3 131.5e3 128.9e3 127.1e3 129.4e3 130.3e3 130.5e3 133.8e3 
   1.30e9  3.889e3 6.745e3 8.997e3 11.28e3 13.85e3 16.45e3 19.25e3 21.98e3 22.88e3 24.61e3 25.77e3 28.67e3 31.38e3 33.44e3 33.91e3 35.67e3 38.48e3 39.46e3 41.99e3 44.85e3 45.42e3 49.46e3 48.41e3 49.27e3 51.46e3 52.99e3 53.99e3 56.60e3 56.39e3 58.75e3 59.34e3 61.24e3 61.73e3 63.37e3 72.01e3 68.16e3 69.18e3 70.61e3 70.66e3 73.99e3 74.08e3 75.23e3 75.55e3 76.63e3 78.87e3 79.82e3 81.25e3 83.60e3 82.65e3 86.39e3 87.84e3 87.70e3 93.07e3 91.40e3 93.72e3 95.57e3 98.90e3 99.30e3 97.52e3 96.60e3 98.34e3 100.6e3 101.0e3 102.1e3 102.6e3 105.7e3 103.1e3 105.5e3 105.9e3 105.2e3 109.1e3 110.9e3 108.3e3 111.5e3 109.7e3 113.6e3 113.2e3 112.2e3 115.5e3 116.9e3 117.9e3 117.2e3 120.3e3 119.7e3 130.8e3 130.9e3 127.8e3 126.2e3 128.5e3 129.4e3 129.7e3 132.8e3 
   1.40e9  3.807e3 6.575e3 8.836e3 11.05e3 13.59e3 16.10e3 18.87e3 21.60e3 22.49e3 24.30e3 25.27e3 28.24e3 30.76e3 32.79e3 33.28e3 35.01e3 37.90e3 38.72e3 41.19e3 44.20e3 44.73e3 48.60e3 47.62e3 48.62e3 50.75e3 52.39e3 53.29e3 55.85e3 55.57e3 57.92e3 58.38e3 60.56e3 60.76e3 62.40e3 71.31e3 67.65e3 68.32e3 69.75e3 69.53e3 73.32e3 73.38e3 74.38e3 74.47e3 75.84e3 78.08e3 78.74e3 80.41e3 82.45e3 81.56e3 85.46e3 86.64e3 86.87e3 92.58e3 90.91e3 92.91e3 94.80e3 97.90e3 98.37e3 96.63e3 95.90e3 97.47e3 99.88e3 100.2e3 101.1e3 101.8e3 105.1e3 102.3e3 104.7e3 105.1e3 104.2e3 108.5e3 109.9e3 106.9e3 110.7e3 108.8e3 113.1e3 112.5e3 111.6e3 114.9e3 116.3e3 117.3e3 116.1e3 119.7e3 118.7e3 129.7e3 130.2e3 126.7e3 125.2e3 127.5e3 128.4e3 128.7e3 131.8e3 
   1.50e9  3.724e3 6.411e3 8.680e3 10.84e3 13.35e3 15.78e3 18.49e3 21.22e3 22.11e3 23.98e3 24.80e3 27.82e3 30.18e3 32.18e3 32.67e3 34.37e3 37.36e3 38.01e3 40.43e3 43.55e3 44.07e3 47.74e3 46.87e3 47.99e3 50.06e3 51.79e3 52.62e3 55.09e3 54.78e3 57.10e3 57.43e3 59.89e3 59.83e3 61.46e3 70.50e3 67.07e3 67.50e3 68.91e3 68.46e3 72.61e3 72.66e3 73.53e3 73.42e3 75.06e3 77.29e3 77.65e3 79.57e3 81.32e3 80.56e3 84.57e3 85.46e3 86.06e3 91.98e3 90.30e3 92.08e3 93.98e3 96.88e3 97.40e3 95.75e3 95.19e3 96.62e3 99.12e3 99.34e3 100.1e3 101.0e3 104.3e3 101.5e3 103.9e3 104.3e3 103.3e3 107.9e3 108.9e3 105.6e3 109.7e3 107.9e3 112.4e3 111.6e3 110.9e3 114.3e3 115.6e3 116.6e3 115.2e3 119.0e3 117.8e3 128.3e3 129.3e3 125.6e3 124.2e3 126.5e3 127.4e3 127.7e3 130.7e3 
   1.60e9  3.640e3 6.253e3 8.529e3 10.64e3 13.13e3 15.48e3 18.12e3 20.84e3 21.74e3 23.66e3 24.35e3 27.40e3 29.61e3 31.58e3 32.09e3 33.77e3 36.85e3 37.35e3 39.71e3 42.93e3 43.44e3 46.89e3 46.17e3 47.40e3 49.38e3 51.18e3 51.95e3 54.34e3 54.01e3 56.29e3 56.52e3 59.23e3 58.93e3 60.56e3 69.58e3 66.44e3 66.69e3 68.10e3 67.44e3 71.87e3 71.94e3 72.70e3 72.40e3 74.30e3 76.49e3 76.57e3 78.74e3 80.21e3 79.66e3 83.69e3 84.31e3 85.25e3 91.28e3 89.60e3 91.24e3 93.15e3 95.86e3 96.41e3 94.89e3 94.48e3 95.77e3 98.34e3 98.52e3 99.17e3 100.3e3 103.5e3 100.7e3 103.1e3 103.5e3 102.4e3 107.2e3 107.9e3 104.3e3 108.8e3 107.1e3 111.7e3 110.8e3 110.2e3 113.5e3 114.9e3 115.8e3 114.2e3 118.3e3 116.9e3 126.9e3 128.2e3 124.4e3 123.2e3 125.4e3 126.3e3 126.7e3 129.5e3 
   1.70e9  3.555e3 6.101e3 8.381e3 10.45e3 12.92e3 15.19e3 17.76e3 20.46e3 21.38e3 23.34e3 23.93e3 26.99e3 29.08e3 31.02e3 31.54e3 33.20e3 36.37e3 36.74e3 39.03e3 42.32e3 42.83e3 46.05e3 45.51e3 46.83e3 48.73e3 50.58e3 51.30e3 53.59e3 53.28e3 55.51e3 55.63e3 58.58e3 58.07e3 59.69e3 68.58e3 65.77e3 65.91e3 67.32e3 66.48e3 71.11e3 71.20e3 71.88e3 71.41e3 73.56e3 75.70e3 75.50e3 77.92e3 79.15e3 78.83e3 82.84e3 83.20e3 84.46e3 90.49e3 88.80e3 90.39e3 92.29e3 94.84e3 95.41e3 94.06e3 93.77e3 94.94e3 97.52e3 97.70e3 98.22e3 99.45e3 102.7e3 99.95e3 102.3e3 102.6e3 101.6e3 106.4e3 106.9e3 103.0e3 107.8e3 106.2e3 110.9e3 109.9e3 109.5e3 112.7e3 114.1e3 115.0e3 113.3e3 117.4e3 115.9e3 125.4e3 127.1e3 123.1e3 122.1e3 124.4e3 125.3e3 125.6e3 128.3e3 
   1.80e9  3.469e3 5.954e3 8.237e3 10.28e3 12.72e3 14.93e3 17.40e3 20.08e3 21.02e3 23.01e3 23.52e3 26.59e3 28.56e3 30.48e3 31.02e3 32.65e3 35.91e3 36.19e3 38.38e3 41.72e3 42.24e3 45.25e3 44.88e3 46.29e3 48.09e3 49.97e3 50.67e3 52.85e3 52.58e3 54.74e3 54.77e3 57.94e3 57.24e3 58.85e3 67.53e3 65.08e3 65.16e3 66.57e3 65.57e3 70.32e3 70.45e3 71.08e3 70.46e3 72.84e3 74.90e3 74.46e3 77.11e3 78.11e3 78.08e3 82.01e3 82.13e3 83.68e3 89.62e3 87.94e3 89.52e3 91.41e3 93.82e3 94.39e3 93.23e3 93.05e3 94.12e3 96.67e3 96.88e3 97.31e3 98.64e3 101.8e3 99.18e3 101.5e3 101.7e3 100.7e3 105.5e3 105.9e3 101.8e3 106.9e3 105.4e3 110.1e3 109.0e3 108.7e3 111.9e3 113.2e3 114.2e3 112.5e3 116.6e3 115.0e3 123.9e3 125.9e3 121.9e3 121.1e3 123.3e3 124.2e3 124.5e3 127.1e3 
   2.00e9  3.298e3 5.675e3 7.959e3 9.949e3 12.34e3 14.44e3 16.72e3 19.34e3 20.33e3 22.35e3 22.77e3 25.81e3 27.61e3 29.47e3 30.04e3 31.63e3 35.04e3 35.23e3 37.18e3 40.55e3 41.12e3 43.71e3 43.73e3 45.25e3 46.87e3 48.76e3 49.43e3 51.40e3 51.25e3 53.27e3 53.15e3 56.67e3 55.68e3 57.27e3 65.32e3 63.66e3 63.71e3 65.12e3 63.90e3 68.69e3 68.95e3 69.52e3 68.66e3 71.45e3 73.32e3 72.44e3 75.52e3 76.16e3 76.75e3 80.40e3 80.09e3 82.15e3 87.67e3 86.06e3 87.77e3 89.60e3 91.79e3 92.34e3 91.61e3 91.58e3 92.49e3 94.91e3 95.21e3 95.55e3 96.98e3 99.90e3 97.64e3 99.83e3 99.97e3 99.21e3 103.6e3 104.1e3 99.45e3 104.9e3 103.9e3 108.2e3 107.2e3 107.1e3 110.0e3 111.3e3 112.3e3 110.9e3 114.7e3 113.2e3 120.7e3 123.2e3 119.5e3 119.2e3 121.1e3 122.1e3 122.3e3 124.7e3 
