# SRIM-2013 Electronic stopping power table for Z1=39
# Converted from a table provided by H.Hofsaess
# units of energy:         eV
# units of stopping power: eV A^2
#      \Z2 1       2       3       4       5       6       7       8       9       10      11      12      13      14      15      16      17      18      19      20      21      22      23      24      25      26      27      28      29      30      31      32      33      34      35      36      37      38      39      40      41      42      43      44      45      46      47      48      49      50      51      52      53      54      55      56      57      58      59      60      61      62      63      64      65      66      67      68      69      70      71      72      73      74      75      76      77      78      79      80      81      82      83      84      85      86      87      88      89      90      91      92      
# energy\  H       He      Li      Be      B       C       N       O       F       Ne      Na      Mg      Al      Si      P       S       Cl      Ar      K       Ca      Sc      Ti      V       Cr      Mn      Fe      Co      Ni      Cu      Zn      Ga      Ge      As      Se      Br      Kr      Rb      Sr      Y       Zr      Nb      Mo      Tc      Ru      Rh      Pd      Ag      Cd      In      Sn      Sb      Te      I       Xe      Cs      Ba      La      Ce      Pr      Nd      Pm      Sm      Eu      Gd      Tb      Dy      Ho      Er      Tm      Yb      Lu      Hf      Ta      W       Re      Os      Ir      Pt      Au      Hg      Tl      Pb      Bi      Po      At      Rn      Fr      Ra      Ac      Th      Pa      U       
   0.00    0.0     0.0     0.0     0.0     0.0     0.0     0.0     0.0     0.0     0.0     0.0     0.0     0.0     0.0     0.0     0.0     0.0     0.0     0.0     0.0     0.0     0.0     0.0     0.0     0.0     0.0     0.0     0.0     0.0     0.0     0.0     0.0     0.0     0.0     0.0     0.0     0.0     0.0     0.0     0.0     0.0     0.0     0.0     0.0     0.0     0.0     0.0     0.0     0.0     0.0     0.0     0.0     0.0     0.0     0.0     0.0     0.0     0.0     0.0     0.0     0.0     0.0     0.0     0.0     0.0     0.0     0.0     0.0     0.0     0.0     0.0     0.0     0.0     0.0     0.0     0.0     0.0     0.0     0.0     0.0     0.0     0.0     0.0     0.0     0.0     0.0     0.0     0.0     0.0     0.0     0.0     0.0     
   10.0    0.694   0.846   1.084   2.215   2.631   3.370   2.223   1.831   2.076   2.068   3.769   4.620   4.311   4.120   4.507   3.546   1.068   2.531   3.197   3.221   4.950   4.525   4.828   3.742   3.569   3.918   3.577   3.694   3.533   3.329   3.572   4.601   5.315   4.655   1.598   2.338   5.850   5.853   5.939   4.643   6.904   6.498   5.862   4.162   3.626   5.525   5.459   5.074   4.199   6.981   6.171   5.001   6.557   1.908   7.570   7.784   8.007   6.639   5.971   6.222   6.283   5.519   5.329   7.906   6.262   5.290   4.293   4.498   5.740   4.354   5.062   4.372   5.603   5.215   4.627   2.925   3.438   4.723   4.404   3.411   3.950   6.081   5.922   7.630   7.726   7.416   8.588   8.247   5.601   5.411   6.892   5.547   
   11.0    0.728   0.887   1.137   2.323   2.759   3.535   2.332   1.921   2.177   2.169   3.953   4.845   4.521   4.322   4.727   3.719   1.120   2.654   3.353   3.378   5.192   4.746   5.063   3.924   3.743   4.109   3.752   3.874   3.705   3.491   3.746   4.825   5.574   4.882   1.676   2.452   6.135   6.139   6.229   4.869   7.241   6.815   6.148   4.365   3.803   5.794   5.725   5.322   4.403   7.322   6.472   5.245   6.877   2.001   7.939   8.164   8.398   6.963   6.262   6.526   6.589   5.789   5.589   8.292   6.567   5.548   4.502   4.717   6.021   4.566   5.310   4.585   5.877   5.469   4.853   3.068   3.606   4.954   4.619   3.578   4.143   6.378   6.211   8.003   8.103   7.778   9.007   8.649   5.875   5.675   7.229   5.818   
   12.0    0.761   0.927   1.188   2.426   2.882   3.692   2.435   2.006   2.274   2.266   4.129   5.061   4.722   4.514   4.937   3.884   1.169   2.772   3.503   3.528   5.423   4.957   5.288   4.099   3.909   4.292   3.919   4.047   3.870   3.646   3.912   5.040   5.822   5.099   1.751   2.561   6.408   6.412   6.506   5.086   7.563   7.118   6.421   4.559   3.972   6.052   5.980   5.558   4.599   7.648   6.759   5.478   7.183   2.090   8.292   8.527   8.771   7.273   6.541   6.816   6.882   6.046   5.837   8.660   6.860   5.794   4.702   4.927   6.288   4.769   5.546   4.789   6.138   5.713   5.068   3.204   3.766   5.174   4.824   3.737   4.327   6.662   6.487   8.359   8.463   8.124   9.407   9.034   6.136   5.927   7.550   6.076   
   13.0    0.792   0.965   1.236   2.525   2.999   3.843   2.535   2.088   2.367   2.358   4.298   5.267   4.915   4.698   5.139   4.043   1.217   2.885   3.646   3.672   5.644   5.159   5.504   4.266   4.069   4.467   4.079   4.212   4.028   3.795   4.072   5.246   6.060   5.307   1.822   2.665   6.670   6.674   6.772   5.294   7.872   7.409   6.683   4.745   4.134   6.299   6.224   5.785   4.787   7.960   7.036   5.702   7.476   2.175   8.631   8.875   9.129   7.570   6.808   7.095   7.163   6.293   6.076   9.014   7.140   6.031   4.894   5.128   6.545   4.964   5.772   4.985   6.389   5.946   5.275   3.335   3.920   5.386   5.021   3.889   4.504   6.934   6.752   8.700   8.809   8.456   9.791   9.403   6.387   6.169   7.859   6.325   
   14.0    0.822   1.001   1.283   2.620   3.113   3.988   2.630   2.167   2.456   2.447   4.460   5.466   5.101   4.875   5.333   4.195   1.263   2.994   3.783   3.811   5.857   5.354   5.712   4.427   4.223   4.636   4.233   4.371   4.180   3.939   4.226   5.444   6.289   5.508   1.891   2.766   6.922   6.926   7.028   5.493   8.169   7.689   6.936   4.925   4.290   6.537   6.459   6.004   4.968   8.260   7.301   5.917   7.758   2.257   8.956   9.210   9.474   7.856   7.065   7.362   7.434   6.530   6.305   9.354   7.409   6.259   5.079   5.322   6.792   5.151   5.990   5.173   6.630   6.170   5.475   3.461   4.068   5.589   5.211   4.036   4.674   7.195   7.007   9.028   9.141   8.775   10.16   9.758   6.628   6.402   8.155   6.563   
   15.0    0.851   1.036   1.328   2.712   3.222   4.128   2.723   2.243   2.542   2.533   4.616   5.658   5.280   5.047   5.520   4.343   1.308   3.099   3.916   3.945   6.063   5.542   5.913   4.583   4.371   4.799   4.381   4.524   4.326   4.077   4.374   5.635   6.509   5.701   1.957   2.863   7.165   7.169   7.274   5.686   8.456   7.959   7.179   5.097   4.441   6.766   6.686   6.215   5.142   8.550   7.557   6.125   8.031   2.336   9.271   9.534   9.807   8.131   7.313   7.621   7.695   6.760   6.526   9.683   7.669   6.478   5.257   5.509   7.031   5.332   6.200   5.354   6.863   6.387   5.667   3.582   4.211   5.785   5.394   4.178   4.838   7.448   7.253   9.345   9.462   9.083   10.52   10.10   6.860   6.627   8.441   6.794   
   16.0    0.878   1.070   1.371   2.801   3.328   4.263   2.812   2.316   2.626   2.616   4.768   5.843   5.453   5.212   5.701   4.485   1.350   3.201   4.044   4.074   6.262   5.724   6.107   4.733   4.514   4.956   4.525   4.673   4.468   4.211   4.518   5.820   6.723   5.888   2.022   2.957   7.400   7.404   7.513   5.873   8.733   8.220   7.414   5.265   4.586   6.988   6.905   6.418   5.311   8.831   7.805   6.326   8.294   2.413   9.575   9.846   10.13   8.398   7.552   7.871   7.947   6.981   6.740   10.00   7.921   6.691   5.430   5.689   7.261   5.507   6.404   5.530   7.088   6.596   5.853   3.700   4.349   5.975   5.570   4.315   4.996   7.692   7.491   9.652   9.772   9.381   10.86   10.43   7.085   6.844   8.718   7.016   
   17.0    0.905   1.103   1.414   2.887   3.430   4.394   2.898   2.388   2.706   2.697   4.915   6.023   5.621   5.372   5.876   4.623   1.392   3.300   4.169   4.199   6.454   5.900   6.294   4.879   4.653   5.109   4.664   4.816   4.606   4.340   4.657   5.999   6.930   6.069   2.084   3.048   7.627   7.632   7.744   6.053   9.002   8.473   7.643   5.427   4.728   7.203   7.118   6.616   5.474   9.102   8.045   6.520   8.549   2.487   9.869   10.15   10.44   8.657   7.785   8.113   8.192   7.196   6.948   10.31   8.164   6.897   5.597   5.865   7.485   5.676   6.601   5.700   7.306   6.799   6.033   3.814   4.483   6.159   5.742   4.448   5.150   7.929   7.721   9.949   10.07   9.670   11.20   10.75   7.303   7.055   8.987   7.232   
   18.0    0.932   1.135   1.454   2.971   3.529   4.522   2.983   2.457   2.785   2.775   5.057   6.198   5.784   5.528   6.047   4.757   1.432   3.395   4.290   4.321   6.641   6.071   6.477   5.020   4.788   5.257   4.800   4.956   4.739   4.466   4.792   6.173   7.131   6.245   2.144   3.136   7.849   7.853   7.969   6.229   9.263   8.718   7.864   5.584   4.865   7.412   7.324   6.808   5.633   9.366   8.279   6.709   8.797   2.559   10.16   10.44   10.74   8.908   8.011   8.348   8.429   7.405   7.149   10.61   8.401   7.097   5.759   6.035   7.702   5.841   6.792   5.865   7.518   6.996   6.208   3.924   4.613   6.337   5.908   4.576   5.299   8.159   7.945   10.24   10.37   9.950   11.52   11.06   7.515   7.260   9.247   7.442   
   20.0    0.982   1.197   1.533   3.132   3.720   4.766   3.144   2.590   2.935   2.925   5.331   6.533   6.097   5.827   6.374   5.015   1.510   3.579   4.522   4.555   7.001   6.399   6.827   5.292   5.047   5.541   5.059   5.224   4.996   4.708   5.051   6.507   7.516   6.583   2.260   3.306   8.273   8.278   8.400   6.566   9.764   9.190   8.290   5.886   5.128   7.813   7.720   7.176   5.938   9.873   8.726   7.072   9.273   2.698   10.70   11.01   11.32   9.389   8.444   8.800   8.885   7.805   7.536   11.18   8.856   7.481   6.071   6.361   8.118   6.157   7.159   6.183   7.924   7.375   6.543   4.136   4.862   6.680   6.228   4.824   5.586   8.600   8.375   10.79   10.93   10.49   12.14   11.66   7.922   7.652   9.747   7.845   
   22.0    1.042   1.269   1.626   3.322   3.946   5.055   3.335   2.747   3.114   3.103   5.654   6.929   6.466   6.181   6.760   5.319   1.601   3.796   4.796   4.831   7.425   6.787   7.241   5.613   5.353   5.877   5.366   5.541   5.299   4.993   5.357   6.901   7.972   6.982   2.397   3.507   8.775   8.780   8.909   6.964   10.36   9.747   8.792   6.243   5.439   8.287   8.188   7.611   6.298   10.47   9.256   7.501   9.835   2.861   11.35   11.68   12.01   9.959   8.956   9.334   9.424   8.279   7.993   11.86   9.393   7.934   6.439   6.747   8.611   6.530   7.594   6.558   8.405   7.822   6.940   4.387   5.157   7.085   6.606   5.117   5.925   9.122   8.883   11.45   11.59   11.12   12.88   12.37   8.402   8.116   10.34   8.321   
   25.0    1.098   1.338   1.714   3.502   4.160   5.329   3.515   2.895   3.282   3.270   5.960   7.304   6.816   6.515   7.126   5.606   1.688   4.001   5.055   5.093   7.827   7.154   7.633   5.916   5.643   6.195   5.656   5.841   5.585   5.263   5.647   7.274   8.404   7.360   2.527   3.696   9.250   9.255   9.391   7.341   10.92   10.27   9.268   6.581   5.733   8.735   8.631   8.023   6.638   11.04   9.756   7.907   10.37   3.016   11.97   12.31   12.66   10.50   9.441   9.838   9.934   8.727   8.425   12.50   9.901   8.364   6.787   7.112   9.076   6.884   8.004   6.912   8.860   8.245   7.316   4.625   5.436   7.468   6.963   5.393   6.245   9.615   9.363   12.06   12.22   11.73   13.58   13.04   8.857   8.555   10.90   8.771   
   27.0    1.152   1.403   1.798   3.673   4.363   5.589   3.686   3.037   3.442   3.430   6.251   7.661   7.149   6.833   7.474   5.880   1.770   4.197   5.302   5.341   8.209   7.504   8.006   6.205   5.918   6.498   5.932   6.126   5.858   5.520   5.923   7.630   8.814   7.719   2.650   3.877   9.701   9.706   9.850   7.699   11.45   10.78   9.720   6.902   6.013   9.161   9.053   8.415   6.962   11.58   10.23   8.293   10.87   3.163   12.55   12.91   13.28   11.01   9.901   10.32   10.42   9.153   8.837   13.11   10.38   8.772   7.119   7.459   9.519   7.220   8.395   7.250   9.292   8.648   7.673   4.850   5.701   7.833   7.303   5.657   6.550   10.08   9.820   12.65   12.81   12.30   14.24   13.68   9.289   8.973   11.43   9.199   
   30.0    1.203   1.466   1.878   3.836   4.557   5.837   3.850   3.172   3.595   3.583   6.529   8.001   7.467   7.137   7.806   6.142   1.849   4.383   5.538   5.579   8.574   7.837   8.362   6.481   6.181   6.786   6.196   6.398   6.119   5.766   6.186   7.969   9.206   8.062   2.768   4.049   10.13   10.14   10.29   8.042   11.96   11.26   10.15   7.209   6.280   9.569   9.455   8.789   7.272   12.09   10.69   8.662   11.36   3.304   13.11   13.48   13.87   11.50   10.34   10.78   10.88   9.560   9.230   13.69   10.85   9.162   7.435   7.791   9.943   7.541   8.768   7.572   9.705   9.032   8.014   5.066   5.955   8.181   7.628   5.908   6.842   10.53   10.26   13.22   13.38   12.85   14.87   14.28   9.702   9.372   11.94   9.608   
   32.0    1.252   1.525   1.954   3.992   4.743   6.076   4.008   3.301   3.742   3.729   6.795   8.328   7.772   7.428   8.125   6.392   1.925   4.562   5.764   5.806   8.924   8.157   8.703   6.746   6.434   7.064   6.449   6.660   6.368   6.001   6.439   8.294   9.581   8.391   2.881   4.214   10.55   10.55   10.71   8.370   12.45   11.71   10.57   7.503   6.537   9.960   9.841   9.148   7.569   12.59   11.12   9.015   11.82   3.439   13.65   14.03   14.43   11.97   10.76   11.22   11.33   9.950   9.606   14.25   11.29   9.536   7.739   8.109   10.35   7.849   9.126   7.881   10.10   9.401   8.341   5.273   6.198   8.515   7.939   6.149   7.121   10.96   10.68   13.76   13.93   13.37   15.48   14.87   10.10   9.755   12.43   10.00   
   35.0    1.299   1.583   2.028   4.143   4.922   6.305   4.159   3.426   3.883   3.870   7.052   8.643   8.065   7.709   8.432   6.634   1.997   4.735   5.982   6.026   9.261   8.465   9.032   7.000   6.677   7.330   6.693   6.911   6.609   6.228   6.682   8.607   9.943   8.708   2.990   4.373   10.94   10.95   11.11   8.686   12.92   12.16   10.97   7.786   6.783   10.34   10.21   9.493   7.855   13.06   11.54   9.356   12.27   3.569   14.16   14.56   14.98   12.42   11.17   11.64   11.75   10.33   9.969   14.79   11.71   9.896   8.031   8.415   10.74   8.145   9.471   8.179   10.48   9.756   8.656   5.472   6.432   8.837   8.239   6.382   7.390   11.38   11.08   14.28   14.45   13.87   16.07   15.43   10.48   10.12   12.89   10.38   
   37.0    1.345   1.638   2.099   4.289   5.094   6.526   4.305   3.546   4.020   4.005   7.299   8.946   8.348   7.979   8.728   6.866   2.067   4.901   6.192   6.237   9.586   8.762   9.349   7.246   6.911   7.587   6.928   7.154   6.841   6.446   6.916   8.909   10.29   9.014   3.095   4.527   11.33   11.33   11.50   8.991   13.37   12.58   11.35   8.060   7.021   10.70   10.57   9.826   8.130   13.52   11.95   9.684   12.70   3.694   14.66   15.07   15.51   12.86   11.56   12.05   12.17   10.69   10.32   15.31   12.13   10.24   8.313   8.710   11.12   8.431   9.803   8.466   10.85   10.10   8.960   5.664   6.658   9.147   8.528   6.606   7.649   11.78   11.47   14.78   14.96   14.36   16.63   15.97   10.85   10.48   13.35   10.74   
   40.0    1.389   1.692   2.168   4.429   5.261   6.741   4.446   3.662   4.151   4.137   7.539   9.239   8.622   8.241   9.014   7.092   2.135   5.061   6.395   6.442   9.900   9.050   9.655   7.484   7.138   7.836   7.155   7.388   7.065   6.658   7.143   9.202   10.63   9.309   3.196   4.675   11.70   11.71   11.88   9.286   13.81   13.00   11.72   8.324   7.252   11.05   10.92   10.15   8.397   13.96   12.34   10.00   13.11   3.815   15.14   15.57   16.01   13.28   11.94   12.44   12.57   11.04   10.66   15.81   12.52   10.58   8.585   8.996   11.48   8.707   10.12   8.743   11.21   10.43   9.254   5.850   6.876   9.447   8.808   6.822   7.900   12.16   11.84   15.26   15.45   14.83   17.18   16.49   11.20   10.82   13.78   11.09   
   45.0    1.473   1.795   2.300   4.698   5.581   7.149   4.716   3.884   4.403   4.388   7.996   9.800   9.145   8.741   9.561   7.522   2.265   5.368   6.783   6.832   10.50   9.599   10.24   7.938   7.571   8.312   7.589   7.836   7.494   7.061   7.576   9.760   11.27   9.874   3.390   4.959   12.41   12.42   12.60   9.849   14.65   13.78   12.43   8.829   7.692   11.72   11.58   10.76   8.906   14.81   13.09   10.61   13.91   4.046   16.06   16.51   16.99   14.08   12.67   13.20   13.33   11.71   11.30   16.77   13.28   11.22   9.106   9.542   12.18   9.235   10.74   9.274   11.89   11.06   9.815   6.205   7.293   10.02   9.342   7.236   8.379   12.90   12.56   16.19   16.39   15.73   18.22   17.49   11.88   11.48   14.62   11.77   
   50.0    1.553   1.892   2.424   4.952   5.882   7.536   4.971   4.095   4.641   4.625   8.428   10.33   9.640   9.214   10.08   7.929   2.387   5.659   7.150   7.202   11.07   10.12   10.79   8.367   7.980   8.761   7.999   8.260   7.899   7.443   7.986   10.29   11.88   10.41   3.574   5.227   13.08   13.09   13.28   10.38   15.44   14.53   13.11   9.307   8.108   12.35   12.21   11.35   9.388   15.61   13.80   11.18   14.66   4.265   16.93   17.41   17.90   14.85   13.35   13.91   14.05   12.34   11.92   17.68   14.00   11.83   9.599   10.06   12.84   9.735   11.32   9.775   12.53   11.66   10.35   6.540   7.688   10.56   9.847   7.627   8.832   13.60   13.24   17.06   17.28   16.58   19.20   18.44   12.53   12.10   15.41   12.40   
   55.0    1.629   1.984   2.542   5.194   6.170   7.904   5.213   4.294   4.868   4.851   8.840   10.83   10.11   9.663   10.57   8.316   2.504   5.935   7.498   7.553   11.61   10.61   11.32   8.775   8.370   9.189   8.390   8.663   8.285   7.807   8.376   10.79   12.46   10.92   3.748   5.482   13.72   13.73   13.93   10.89   16.19   15.24   13.75   9.761   8.503   12.96   12.80   11.90   9.846   16.37   14.47   11.73   15.38   4.474   17.75   18.26   18.78   15.57   14.00   14.59   14.73   12.94   12.50   18.54   14.69   12.41   10.07   10.55   13.46   10.21   11.87   10.25   13.14   12.23   10.85   6.860   8.063   11.08   10.33   8.000   9.264   14.26   13.89   17.90   18.12   17.39   20.14   19.34   13.14   12.69   16.16   13.01   
   60.0    1.701   2.073   2.656   5.425   6.444   8.255   5.445   4.485   5.084   5.066   9.233   11.32   10.56   10.09   11.04   8.685   2.615   6.199   7.832   7.889   12.13   11.08   11.83   9.166   8.742   9.597   8.763   9.049   8.653   8.154   8.748   11.27   13.02   11.40   3.915   5.726   14.33   14.34   14.55   11.37   16.91   15.92   14.36   10.19   8.882   13.53   13.37   12.43   10.28   17.10   15.11   12.25   16.06   4.672   18.54   19.07   19.61   16.26   14.63   15.24   15.39   13.52   13.05   19.37   15.34   12.96   10.51   11.02   14.06   10.66   12.40   10.71   13.73   12.77   11.33   7.165   8.421   11.57   10.79   8.355   9.675   14.90   14.51   18.69   18.92   18.17   21.04   20.20   13.72   13.25   16.88   13.59   
   65.0    1.771   2.157   2.764   5.646   6.707   8.593   5.668   4.669   5.292   5.273   9.610   11.78   10.99   10.51   11.49   9.040   2.722   6.452   8.152   8.212   12.62   11.54   12.31   9.540   9.099   9.989   9.121   9.418   9.006   8.487   9.106   11.73   13.55   11.87   4.075   5.960   14.91   14.92   15.14   11.84   17.60   16.57   14.94   10.61   9.244   14.08   13.92   12.94   10.70   17.80   15.73   12.75   16.72   4.863   19.30   19.85   20.41   16.93   15.22   15.86   16.02   14.07   13.59   20.16   15.96   13.49   10.94   11.47   14.64   11.10   12.91   11.15   14.29   13.30   11.80   7.457   8.765   12.04   11.23   8.697   10.07   15.50   15.10   19.45   19.70   18.91   21.89   21.02   14.28   13.80   17.57   14.14   
   70.0    1.837   2.239   2.868   5.859   6.960   8.917   5.882   4.845   5.492   5.472   9.973   12.22   11.41   10.90   11.92   9.381   2.825   6.696   8.459   8.521   13.10   11.97   12.77   9.900   9.442   10.37   9.465   9.774   9.346   8.807   9.449   12.17   14.06   12.32   4.228   6.185   15.48   15.49   15.71   12.28   18.27   17.19   15.51   11.01   9.593   14.62   14.44   13.43   11.11   18.47   16.33   13.23   17.35   5.047   20.03   20.59   21.18   17.57   15.80   16.46   16.62   14.60   14.10   20.92   16.57   13.99   11.36   11.90   15.19   11.52   13.39   11.57   14.82   13.80   12.24   7.739   9.096   12.50   11.65   9.025   10.45   16.09   15.67   20.19   20.44   19.62   22.72   21.82   14.82   14.32   18.24   14.68   
   80.0    1.964   2.393   3.066   6.264   7.441   9.533   6.288   5.179   5.871   5.850   10.66   13.07   12.19   11.65   12.75   10.03   3.020   7.158   9.043   9.110   14.00   12.80   13.65   10.58   10.09   11.08   10.12   10.45   9.992   9.415   10.10   13.01   15.03   13.17   4.520   6.612   16.55   16.56   16.80   13.13   19.53   18.38   16.58   11.77   10.26   15.63   15.44   14.35   11.88   19.75   17.45   14.14   18.55   5.395   21.41   22.02   22.65   18.78   16.89   17.60   17.77   15.61   15.07   22.36   17.71   14.96   12.14   12.72   16.24   12.31   14.32   12.37   15.85   14.75   13.09   8.273   9.724   13.36   12.46   9.648   11.17   17.20   16.75   21.58   21.85   20.98   24.29   23.33   15.84   15.30   19.49   15.69   
   90.0    2.083   2.538   3.252   6.644   7.892   10.11   6.669   5.493   6.227   6.205   11.31   13.86   12.93   12.36   13.52   10.64   3.203   7.592   9.592   9.662   14.85   13.57   14.48   11.23   10.71   11.75   10.73   11.08   10.60   9.986   10.71   13.80   15.94   13.96   4.795   7.013   17.55   17.56   17.82   13.93   20.71   19.49   17.58   12.49   10.88   16.57   16.38   15.22   12.60   20.94   18.51   15.00   19.67   5.723   22.71   23.35   24.02   19.92   17.91   18.67   18.85   16.56   15.99   23.72   18.79   15.87   12.88   13.49   17.22   13.06   15.19   13.12   16.81   15.64   13.88   8.775   10.31   14.17   13.21   10.23   11.85   18.24   17.77   22.89   23.18   22.25   25.76   24.74   16.80   16.23   20.68   16.64   
   100.    2.196   2.676   3.428   7.003   8.319   10.66   7.030   5.791   6.564   6.541   11.92   14.61   13.63   13.03   14.25   11.21   3.376   8.003   10.11   10.19   15.65   14.31   15.27   11.83   11.29   12.39   11.31   11.68   11.17   10.53   11.29   14.55   16.81   14.72   5.054   7.392   18.50   18.51   18.78   14.68   21.83   20.55   18.54   13.16   11.47   17.47   17.26   16.05   13.28   22.08   19.51   15.81   20.73   6.032   23.94   24.62   25.32   21.00   18.88   19.68   19.87   17.45   16.85   25.00   19.80   16.73   13.57   14.22   18.15   13.77   16.01   13.82   17.72   16.49   14.63   9.249   10.87   14.94   13.93   10.79   12.49   19.23   18.73   24.13   24.43   23.45   27.16   26.08   17.71   17.11   21.80   17.54   
   110.    2.303   2.806   3.596   7.345   8.725   11.18   7.373   6.073   6.884   6.860   12.50   15.32   14.30   13.67   14.95   11.76   3.541   8.393   10.60   10.68   16.42   15.01   16.01   12.41   11.84   13.00   11.86   12.25   11.72   11.04   11.85   15.26   17.63   15.44   5.301   7.753   19.40   19.41   19.70   15.40   22.90   21.55   19.44   13.80   12.03   18.32   18.11   16.83   13.92   23.15   20.47   16.59   21.75   6.327   25.11   25.82   26.56   22.02   19.80   20.64   20.84   18.31   17.67   26.22   20.77   17.54   14.24   14.92   19.04   14.44   16.79   14.50   18.58   17.30   15.35   9.701   11.40   15.67   14.61   11.31   13.10   20.17   19.64   25.31   25.62   24.60   28.48   27.35   18.58   17.95   22.86   18.40   
   120.    2.406   2.931   3.755   7.672   9.113   11.67   7.701   6.343   7.190   7.165   13.06   16.00   14.93   14.27   15.61   12.28   3.698   8.767   11.08   11.16   17.15   15.67   16.72   12.96   12.36   13.57   12.39   12.80   12.24   11.53   12.37   15.94   18.41   16.12   5.536   8.098   20.26   20.28   20.58   16.08   23.92   22.51   20.31   14.42   12.56   19.14   18.91   17.58   14.54   24.18   21.38   17.32   22.71   6.608   26.22   26.97   27.74   23.00   20.68   21.55   21.76   19.12   18.46   27.39   21.69   18.32   14.87   15.58   19.89   15.08   17.54   15.14   19.41   18.06   16.03   10.13   11.91   16.36   15.26   11.82   13.68   21.07   20.51   26.43   26.76   25.69   29.75   28.57   19.40   18.74   23.88   19.22   
   130.    2.504   3.051   3.909   7.985   9.485   12.15   8.015   6.602   7.484   7.458   13.59   16.66   15.54   14.86   16.25   12.78   3.849   9.125   11.53   11.61   17.85   16.31   17.41   13.49   12.87   14.13   12.90   13.32   12.74   12.00   12.88   16.59   19.16   16.78   5.762   8.429   21.09   21.10   21.42   16.74   24.89   23.43   21.13   15.01   13.07   19.92   19.68   18.30   15.14   25.17   22.25   18.03   23.64   6.878   27.29   28.07   28.87   23.94   21.53   22.43   22.65   19.90   19.21   28.51   22.58   19.07   15.48   16.22   20.70   15.70   18.25   15.76   20.20   18.80   16.68   10.55   12.40   17.03   15.88   12.30   14.24   21.93   21.35   27.51   27.86   26.74   30.96   29.73   20.20   19.51   24.85   20.00   
   140.    2.598   3.166   4.056   8.286   9.843   12.61   8.318   6.852   7.767   7.739   14.10   17.29   16.13   15.42   16.86   13.27   3.994   9.469   11.96   12.05   18.52   16.93   18.06   14.00   13.35   14.66   13.39   13.82   13.22   12.46   13.36   17.21   19.89   17.42   5.980   8.747   21.89   21.90   22.22   17.37   25.83   24.31   21.93   15.57   13.57   20.67   20.43   18.99   15.71   26.12   23.09   18.71   24.53   7.137   28.32   29.13   29.96   24.84   22.34   23.28   23.51   20.65   19.94   29.58   23.43   19.79   16.06   16.83   21.48   16.29   18.94   16.36   20.97   19.51   17.31   10.94   12.86   17.67   16.48   12.76   14.78   22.75   22.16   28.55   28.91   27.75   32.13   30.86   20.96   20.25   25.79   20.76   
   150.    2.690   3.277   4.199   8.577   10.19   13.05   8.610   7.092   8.039   8.011   14.60   17.89   16.70   15.96   17.46   13.73   4.135   9.801   12.38   12.47   19.17   17.52   18.70   14.49   13.82   15.17   13.86   14.31   13.68   12.89   13.83   17.82   20.58   18.03   6.190   9.054   22.66   22.67   23.00   17.98   26.74   25.17   22.70   16.12   14.04   21.40   21.14   19.65   16.26   27.04   23.90   19.37   25.40   7.388   29.32   30.15   31.01   25.71   23.12   24.10   24.33   21.38   20.64   30.62   24.25   20.49   16.63   17.42   22.23   16.86   19.61   16.93   21.70   20.20   17.92   11.33   13.32   18.29   17.06   13.21   15.30   23.55   22.94   29.55   29.92   28.72   33.26   31.94   21.69   20.96   26.69   21.48   
   160.    2.778   3.384   4.336   8.858   10.52   13.48   8.892   7.325   8.303   8.274   15.08   18.48   17.24   16.48   18.03   14.18   4.270   10.12   12.79   12.88   19.80   18.10   19.31   14.97   14.28   15.67   14.31   14.78   14.13   13.32   14.29   18.40   21.26   18.62   6.393   9.351   23.40   23.41   23.76   18.57   27.62   25.99   23.45   16.65   14.50   22.10   21.84   20.30   16.79   27.92   24.68   20.00   26.23   7.630   30.28   31.14   32.03   26.56   23.88   24.89   25.13   22.08   21.31   31.62   25.05   21.16   17.17   17.99   22.96   17.41   20.25   17.49   22.41   20.86   18.51   11.70   13.75   18.89   17.62   13.64   15.80   24.33   23.69   30.52   30.90   29.67   34.35   32.99   22.41   21.64   27.57   22.19   
   170.    2.863   3.489   4.470   9.131   10.85   13.90   9.166   7.550   8.558   8.528   15.54   19.05   17.77   16.99   18.58   14.62   4.402   10.43   13.18   13.28   20.41   18.66   19.90   15.43   14.71   16.15   14.75   15.23   14.57   13.72   14.73   18.97   21.91   19.19   6.589   9.639   24.12   24.13   24.49   19.14   28.47   26.79   24.17   17.16   14.95   22.78   22.51   20.92   17.31   28.78   25.44   20.62   27.04   7.865   31.21   32.09   33.01   27.37   24.62   25.66   25.90   22.76   21.97   32.60   25.82   21.81   17.70   18.55   23.67   17.95   20.87   18.02   23.10   21.50   19.08   12.06   14.18   19.48   18.16   14.06   16.29   25.07   24.42   31.46   31.85   30.58   35.41   34.00   23.10   22.31   28.42   22.87   
   180.    2.946   3.590   4.599   9.396   11.16   14.30   9.432   7.769   8.807   8.775   15.99   19.60   18.29   17.48   19.12   15.04   4.529   10.74   13.57   13.66   21.00   19.20   20.48   15.88   15.14   16.62   15.18   15.67   14.99   14.12   15.15   19.52   22.55   19.75   6.780   9.918   24.82   24.83   25.20   19.70   29.29   27.57   24.87   17.66   15.38   23.44   23.16   21.53   17.81   29.62   26.18   21.22   27.82   8.093   32.11   33.03   33.97   28.17   25.33   26.40   26.65   23.42   22.61   33.54   26.57   22.44   18.21   19.08   24.35   18.47   21.48   18.55   23.77   22.12   19.63   12.41   14.59   20.04   18.68   14.47   16.76   25.80   25.12   32.37   32.78   31.46   36.43   34.99   23.76   22.96   29.24   23.53   
   200.    3.106   3.784   4.848   9.904   11.76   15.07   9.942   8.189   9.283   9.250   16.86   20.66   19.28   18.43   20.16   15.86   4.774   11.32   14.30   14.40   22.14   20.24   21.59   16.73   15.96   17.52   16.00   16.52   15.80   14.89   15.97   20.58   23.77   20.82   7.147   10.45   26.16   26.18   26.56   20.76   30.88   29.06   26.21   18.61   16.22   24.71   24.41   22.69   18.78   31.22   27.60   22.36   29.32   8.531   33.85   34.81   35.81   29.69   26.70   27.83   28.10   24.68   23.83   35.36   28.00   23.66   19.20   20.12   25.67   19.47   22.64   19.55   25.06   23.32   20.69   13.08   15.38   21.12   19.69   15.25   17.66   27.20   26.48   34.12   34.55   33.17   38.40   36.88   25.05   24.20   30.82   24.81   
   225.    3.294   4.013   5.142   10.50   12.48   15.99   10.54   8.686   9.846   9.811   17.88   21.91   20.45   19.55   21.38   16.82   5.064   12.00   15.17   15.28   23.48   21.46   22.90   17.75   16.93   18.59   16.97   17.52   16.76   15.79   16.94   21.82   25.21   22.08   7.581   11.09   27.75   27.76   28.17   22.02   32.75   30.82   27.80   19.74   17.20   26.21   25.89   24.07   19.92   33.11   29.27   23.72   31.10   9.048   35.91   36.92   37.98   31.49   28.32   29.52   29.80   26.18   25.28   37.50   29.70   25.09   20.36   21.34   27.23   20.65   24.01   20.74   26.58   24.74   21.95   13.87   16.31   22.41   20.89   16.18   18.74   28.85   28.09   36.19   36.65   35.18   40.73   39.12   26.57   25.67   32.69   26.31   
   250.    3.472   4.231   5.421   11.07   13.15   16.85   11.12   9.156   10.38   10.34   18.85   23.10   21.55   20.60   22.53   17.73   5.338   12.65   15.99   16.10   24.75   22.62   24.14   18.71   17.84   19.59   17.89   18.47   17.66   16.64   17.86   23.00   26.57   23.27   7.991   11.69   29.25   29.27   29.70   23.21   34.52   32.49   29.31   20.81   18.13   27.62   27.29   25.37   20.99   34.91   30.85   25.00   32.78   9.538   37.85   38.92   40.04   33.20   29.85   31.11   31.41   27.60   26.64   39.53   31.31   26.45   21.46   22.49   28.70   21.77   25.31   21.86   28.02   26.07   23.13   14.62   17.19   23.62   22.02   17.06   19.75   30.41   29.61   38.15   38.63   37.08   42.94   41.23   28.01   27.05   34.46   27.74   
   275.    3.642   4.437   5.685   11.61   13.80   17.67   11.66   9.603   10.89   10.85   19.77   24.23   22.61   21.61   23.63   18.59   5.598   13.27   16.77   16.89   25.96   23.73   25.32   19.62   18.71   20.55   18.76   19.37   18.52   17.46   18.73   24.13   27.87   24.41   8.381   12.26   30.68   30.69   31.15   24.35   36.21   34.08   30.74   21.83   19.01   28.97   28.63   26.61   22.02   36.61   32.36   26.22   34.39   10.00   39.69   40.82   41.99   34.82   31.31   32.63   32.95   28.94   27.94   41.46   32.84   27.74   22.51   23.59   30.10   22.83   26.55   22.93   29.38   27.35   24.26   15.34   18.03   24.77   23.09   17.89   20.71   31.89   31.05   40.01   40.51   38.89   45.03   43.25   29.37   28.38   36.14   29.09   
   300.    3.804   4.634   5.938   12.13   14.41   18.46   12.18   10.03   11.37   11.33   20.65   25.30   23.61   22.57   24.69   19.42   5.847   13.86   17.51   17.64   27.11   24.78   26.44   20.49   19.55   21.46   19.59   20.23   19.35   18.23   19.56   25.20   29.11   25.49   8.754   12.80   32.04   32.06   32.53   25.43   37.82   35.59   32.11   22.80   19.86   30.26   29.90   27.79   23.00   38.24   33.80   27.39   35.91   10.45   41.46   42.64   43.86   36.36   32.70   34.08   34.41   30.23   29.19   43.30   34.30   28.97   23.51   24.64   31.44   23.85   27.73   23.94   30.69   28.56   25.34   16.02   18.83   25.87   24.12   18.68   21.64   33.31   32.44   41.79   42.32   40.62   47.04   45.17   30.68   29.64   37.75   30.38   
   325.    3.959   4.824   6.180   12.63   15.00   19.21   12.67   10.44   11.83   11.79   21.49   26.34   24.58   23.49   25.69   20.21   6.086   14.43   18.23   18.36   28.22   25.80   27.52   21.33   20.35   22.34   20.39   21.06   20.14   18.98   20.36   26.23   30.30   26.54   9.111   13.33   33.35   33.37   33.86   26.47   39.36   37.05   33.42   23.73   20.67   31.49   31.12   28.93   23.94   39.80   35.18   28.51   37.38   10.87   43.15   44.38   45.65   37.85   34.04   35.47   35.82   31.46   30.38   45.07   35.70   30.16   24.47   25.64   32.73   24.82   28.86   24.92   31.94   29.73   26.38   16.67   19.60   26.93   25.11   19.45   22.52   34.67   33.76   43.50   44.04   42.28   48.96   47.01   31.93   30.85   39.29   31.62   
   350.    4.108   5.006   6.414   13.10   15.56   19.94   13.15   10.83   12.28   12.24   22.30   27.33   25.50   24.38   26.66   20.98   6.316   14.97   18.92   19.05   29.29   26.77   28.56   22.14   21.11   23.18   21.16   21.85   20.90   19.69   21.13   27.22   31.44   27.54   9.455   13.83   34.61   34.63   35.14   27.47   40.85   38.44   34.68   24.62   21.45   32.68   32.30   30.02   24.84   41.30   36.51   29.59   38.79   11.29   44.78   46.05   47.37   39.28   35.32   36.81   37.17   32.65   31.52   46.77   37.05   31.29   25.40   26.61   33.96   25.76   29.95   25.86   33.15   30.85   27.37   17.30   20.34   27.94   26.05   20.18   23.37   35.98   35.03   45.14   45.71   43.88   50.80   48.79   33.14   32.01   40.78   32.82   
   375.    4.253   5.181   6.639   13.56   16.11   20.64   13.61   11.21   12.71   12.67   23.08   28.29   26.40   25.23   27.60   21.71   6.538   15.50   19.58   19.72   30.31   27.71   29.56   22.91   21.85   23.99   21.91   22.62   21.63   20.38   21.87   28.17   32.55   28.50   9.787   14.32   35.82   35.84   36.37   28.43   42.28   39.79   35.90   25.49   22.20   33.83   33.43   31.07   25.71   42.75   37.79   30.62   40.15   11.68   46.35   47.67   49.03   40.66   36.56   38.10   38.47   33.80   32.63   48.41   38.35   32.39   26.29   27.54   35.15   26.66   31.00   26.77   34.31   31.93   28.33   17.91   21.05   28.92   26.97   20.89   24.19   37.24   36.26   46.73   47.31   45.42   52.59   50.50   34.30   33.14   42.21   33.97   
   400.    4.392   5.351   6.857   14.01   16.64   21.32   14.06   11.58   13.13   13.08   23.84   29.22   27.26   26.06   28.50   22.43   6.752   16.01   20.22   20.37   31.31   28.62   30.53   23.67   22.57   24.78   22.63   23.36   22.34   21.05   22.59   29.10   33.61   29.44   10.11   14.78   37.00   37.02   37.56   29.36   43.67   41.10   37.07   26.32   22.93   34.94   34.53   32.09   26.55   44.15   39.03   31.63   41.47   12.06   47.87   49.23   50.64   41.99   37.76   39.35   39.73   34.91   33.70   50.00   39.60   33.45   27.15   28.45   36.31   27.53   32.02   27.65   35.44   32.98   29.26   18.50   21.74   29.87   27.85   21.57   24.98   38.46   37.45   48.26   48.86   46.91   54.31   52.16   35.43   34.22   43.59   35.08   
   450.    4.659   5.676   7.272   14.86   17.65   22.61   14.91   12.28   13.92   13.88   25.28   30.99   28.92   27.64   30.23   23.79   7.162   16.98   21.45   21.61   33.21   30.35   32.38   25.10   23.94   26.28   24.00   24.78   23.70   22.33   23.96   30.86   35.65   31.22   10.72   15.68   39.24   39.26   39.84   31.14   46.32   43.59   39.32   27.92   24.32   37.06   36.62   34.04   28.16   46.83   41.39   33.55   43.99   12.80   50.78   52.22   53.71   44.54   40.05   41.74   42.14   37.02   35.75   53.03   42.01   35.48   28.80   30.17   38.51   29.20   33.96   29.33   37.59   34.98   31.04   19.62   23.06   31.69   29.54   22.88   26.50   40.79   39.73   51.19   51.83   49.75   57.61   55.32   37.58   36.30   46.24   37.21   
   500.    4.911   5.983   7.666   15.66   18.60   23.83   15.72   12.95   14.68   14.63   26.65   32.67   30.48   29.14   31.87   25.07   7.549   17.89   22.61   22.77   35.00   32.00   34.14   26.46   25.24   27.71   25.30   26.12   24.98   23.54   25.25   32.53   37.58   32.91   11.30   16.53   41.37   41.39   42.00   32.83   48.82   45.95   41.45   29.43   25.64   39.06   38.60   35.88   29.69   49.36   43.63   35.36   46.36   13.49   53.52   55.04   56.62   46.95   42.22   44.00   44.42   39.03   37.68   55.90   44.28   37.40   30.35   31.81   40.59   30.78   35.80   30.91   39.62   36.87   32.72   20.68   24.31   33.40   31.14   24.12   27.93   43.00   41.87   53.96   54.63   52.44   60.72   58.31   39.61   38.26   48.74   39.22   
   550.    5.150   6.275   8.040   16.42   19.51   24.99   16.49   13.58   15.39   15.34   27.95   34.26   31.97   30.56   33.42   26.30   7.917   18.77   23.71   23.89   36.71   33.56   35.80   27.75   26.47   29.06   26.53   27.40   26.20   24.69   26.49   34.12   39.42   34.52   11.85   17.34   43.38   43.41   44.05   34.43   51.20   48.19   43.47   30.87   26.89   40.97   40.48   37.63   31.14   51.77   45.76   37.09   48.63   14.15   56.14   57.73   59.38   49.24   44.28   46.15   46.59   40.93   39.52   58.63   46.44   39.23   31.84   33.36   42.57   32.29   37.54   32.42   41.56   38.67   34.31   21.69   25.50   35.03   32.66   25.30   29.29   45.10   43.92   56.59   57.30   55.00   63.69   61.16   41.54   40.13   51.12   41.14   
   600.    5.379   6.554   8.397   17.15   20.38   26.11   17.22   14.18   16.08   16.02   29.20   35.78   33.39   31.92   34.91   27.47   8.269   19.60   24.77   24.95   38.34   35.05   37.39   28.98   27.64   30.35   27.71   28.61   27.36   25.78   27.66   35.64   41.17   36.06   12.38   18.11   45.31   45.34   46.01   35.96   53.48   50.33   45.40   32.24   28.09   42.79   42.28   39.30   32.52   54.08   47.80   38.74   50.79   14.78   58.63   60.30   62.02   51.43   46.25   48.20   48.66   42.75   41.28   61.24   48.50   40.97   33.25   34.84   44.47   33.72   39.21   33.86   43.40   40.39   35.84   22.66   26.63   36.59   34.11   26.42   30.60   47.11   45.87   59.11   59.84   57.45   66.52   63.88   43.39   41.91   53.39   42.97   
   650.    5.599   6.822   8.740   17.85   21.21   27.17   17.92   14.76   16.74   16.68   30.39   37.24   34.76   33.22   36.34   28.59   8.607   20.40   25.78   25.97   39.91   36.48   38.92   30.17   28.77   31.59   28.84   29.78   28.48   26.84   28.79   37.09   42.85   37.53   12.88   18.85   47.16   47.19   47.89   37.43   55.66   52.39   47.26   33.56   29.23   44.54   44.01   40.91   33.85   56.28   49.75   40.32   52.86   15.38   61.03   62.76   64.55   53.53   48.14   50.17   50.65   44.50   42.96   63.74   50.48   42.65   34.61   36.26   46.28   35.10   40.81   35.25   45.18   42.04   37.30   23.58   27.72   38.08   35.50   27.50   31.85   49.03   47.74   61.52   62.29   59.79   69.23   66.49   45.16   43.62   55.57   44.72   
   700.    5.810   7.079   9.070   18.53   22.01   28.20   18.60   15.32   17.37   17.31   31.54   38.65   36.07   34.47   37.71   29.67   8.932   21.17   26.75   26.95   41.42   37.86   40.39   31.31   29.86   32.78   29.93   30.91   29.56   27.85   29.88   38.49   44.47   38.94   13.37   19.56   48.94   48.97   49.69   38.84   57.77   54.37   49.04   34.82   30.34   46.22   45.67   42.45   35.13   58.41   51.63   41.84   54.86   15.96   63.33   65.13   66.99   55.55   49.95   52.06   52.56   46.18   44.58   66.15   52.39   44.26   35.92   37.63   48.03   36.42   42.36   36.58   46.88   43.63   38.71   24.47   28.76   39.52   36.84   28.54   33.05   50.88   49.55   63.84   64.64   62.05   71.85   69.00   46.86   45.27   57.67   46.41   
   800.    6.211   7.568   9.697   19.81   23.53   30.14   19.88   16.38   18.57   18.50   33.71   41.32   38.56   36.85   40.31   31.71   9.549   22.64   28.60   28.81   44.28   40.47   43.18   33.47   31.92   35.04   32.00   33.04   31.60   29.77   31.94   41.15   47.54   41.63   14.29   20.91   52.32   52.35   53.12   41.53   61.75   58.12   52.43   37.23   32.43   49.41   48.83   45.38   37.55   62.44   55.19   44.73   58.65   17.06   67.70   69.62   71.62   59.38   53.40   55.65   56.19   49.37   47.66   70.71   56.01   47.31   38.39   40.23   51.34   38.94   45.28   39.10   50.12   46.64   41.38   26.16   30.75   42.25   39.39   30.51   35.33   54.39   52.97   68.25   69.10   66.33   76.81   73.76   50.10   48.40   61.65   49.61   
   900.    6.588   8.027   10.28   21.01   24.96   31.97   21.09   17.37   19.69   19.62   35.76   43.83   40.90   39.09   42.76   33.64   10.13   24.01   30.33   30.56   46.96   42.93   45.80   35.50   33.86   37.17   33.94   35.04   33.51   31.58   33.88   43.65   50.42   44.16   15.16   22.18   55.50   55.53   56.35   44.05   65.50   61.65   55.61   39.48   34.40   52.41   51.79   48.14   39.83   66.23   58.54   47.44   62.21   18.10   71.81   73.85   75.96   62.99   56.64   59.03   59.60   52.36   50.55   75.00   59.41   50.18   40.72   42.67   54.46   41.30   48.03   41.47   53.16   49.47   43.89   27.75   32.62   44.81   41.78   32.36   37.47   57.69   56.18   72.39   73.29   70.36   81.47   78.23   53.14   51.33   65.39   52.62   
   1.00e3  6.945   8.461   10.84   22.15   26.31   33.70   22.23   18.31   20.76   20.68   37.69   46.20   43.11   41.20   45.07   35.46   10.68   25.31   31.97   32.21   49.50   45.25   48.28   37.42   35.69   39.18   35.77   36.94   35.33   33.29   35.72   46.01   53.15   46.55   15.98   23.38   58.50   58.53   59.39   46.43   69.04   64.98   58.62   41.62   36.26   55.25   54.59   50.74   41.99   69.81   61.71   50.01   65.57   19.08   75.70   77.84   80.07   66.39   59.71   62.22   62.83   55.19   53.29   79.06   62.62   52.90   42.93   44.98   57.40   43.54   50.62   43.72   56.03   52.15   46.27   29.25   34.38   47.23   44.04   34.11   39.50   60.81   59.22   76.30   77.26   74.16   85.88   82.47   56.01   54.11   68.92   55.47   
   1.10e3  7.283   8.874   11.37   23.23   27.59   35.35   23.32   19.21   21.77   21.69   39.53   48.45   45.21   43.22   47.27   37.19   11.20   26.54   33.53   33.78   51.92   47.46   50.63   39.24   37.43   41.09   37.52   38.74   37.05   34.91   37.46   48.25   55.74   48.82   16.76   24.52   61.35   61.39   62.29   48.69   72.41   68.15   61.48   43.65   38.03   57.94   57.25   53.22   44.03   73.22   64.72   52.45   68.77   20.01   79.39   81.64   83.98   69.63   62.62   65.26   65.89   57.89   55.89   82.92   65.67   55.48   45.02   47.17   60.21   45.66   53.10   45.85   58.77   54.69   48.53   30.68   36.06   49.54   46.19   35.78   41.43   63.78   62.11   80.03   81.03   77.78   90.07   86.49   58.75   56.75   72.29   58.18   
   1.20e3  7.607   9.269   11.88   24.26   28.82   36.92   24.35   20.06   22.74   22.66   41.29   50.61   47.22   45.14   49.37   38.84   11.69   27.72   35.03   35.28   54.23   49.57   52.88   40.99   39.09   42.92   39.19   40.47   38.70   36.46   39.12   50.40   58.22   50.99   17.51   25.61   64.08   64.12   65.06   50.86   75.63   71.18   64.21   45.59   39.72   60.52   59.80   55.58   45.99   76.48   67.59   54.78   71.83   20.90   82.92   85.27   87.71   72.73   65.41   68.16   68.82   60.46   58.37   86.60   68.60   57.94   47.02   49.27   62.88   47.69   55.46   47.89   61.38   57.13   50.68   32.04   37.66   51.74   48.24   37.37   43.27   66.62   64.87   83.59   84.63   81.24   94.07   90.34   61.36   59.27   75.50   60.76   
   1.30e3  7.918   9.647   12.36   25.25   29.99   38.43   25.35   20.88   23.67   23.58   42.98   52.67   49.15   46.98   51.39   40.43   12.17   28.85   36.46   36.72   56.44   51.59   55.04   42.66   40.69   44.67   40.79   42.12   40.28   37.95   40.72   52.46   60.60   53.07   18.22   26.65   66.70   66.74   67.72   52.94   78.72   74.09   66.83   47.45   41.34   62.99   62.24   57.85   47.87   79.60   70.36   57.02   74.76   21.75   86.31   88.75   91.29   75.70   68.08   70.95   71.63   62.93   60.76   90.14   71.40   60.31   48.94   51.28   65.45   49.64   57.72   49.85   63.89   59.46   52.75   33.35   39.20   53.86   50.21   38.89   45.04   69.34   67.52   87.00   88.09   84.56   97.91   94.03   63.87   61.69   78.59   63.25   
   1.40e3  8.217   10.01   12.83   26.20   31.13   39.88   26.30   21.67   24.56   24.47   44.60   54.66   51.01   48.75   53.33   41.95   12.63   29.94   37.83   38.11   58.57   53.54   57.12   44.27   42.23   46.36   42.33   43.71   41.80   39.39   42.26   54.44   62.89   55.08   18.91   27.66   69.22   69.26   70.28   54.93   81.69   76.89   69.36   49.25   42.90   65.37   64.59   60.04   49.68   82.60   73.01   59.17   77.58   22.57   89.56   92.10   94.74   78.56   70.65   73.62   74.34   65.30   63.05   93.54   74.09   62.59   50.79   53.22   67.92   51.51   59.90   51.73   66.30   61.70   54.75   34.61   40.68   55.89   52.11   40.36   46.74   71.95   70.07   90.28   91.41   87.75   101.6   97.58   66.28   64.02   81.55   65.63   
   1.50e3  8.505   10.36   13.28   27.12   32.22   41.28   27.23   22.43   25.42   25.33   46.16   56.58   52.80   50.47   55.20   43.43   13.08   30.99   39.16   39.45   60.63   55.42   59.13   45.83   43.71   47.99   43.81   45.24   43.26   40.77   43.74   56.35   65.09   57.01   19.57   28.63   71.65   71.69   72.74   56.86   84.56   79.59   71.79   50.97   44.41   67.66   66.86   62.15   51.42   85.50   75.57   61.25   80.31   23.36   92.71   95.34   98.07   81.31   73.13   76.21   76.95   67.60   65.26   96.83   76.69   64.78   52.57   55.09   70.31   53.32   62.00   53.54   68.63   63.87   56.67   35.82   42.11   57.85   53.94   41.78   48.38   74.48   72.53   93.45   94.62   90.83   105.2   101.0   68.60   66.27   84.41   67.94   
   1.60e3  8.784   10.70   13.71   28.01   33.28   42.63   28.12   23.16   26.26   26.16   47.68   58.43   54.53   52.12   57.01   44.85   13.50   32.01   40.44   40.74   62.62   57.24   61.07   47.33   45.14   49.56   45.25   46.73   44.68   42.11   45.18   58.20   67.23   58.88   20.22   29.57   74.00   74.04   75.13   58.73   87.33   82.20   74.14   52.65   45.86   69.88   69.05   64.18   53.11   88.31   78.05   63.26   82.94   24.13   95.75   98.46   101.3   83.98   75.52   78.71   79.47   69.81   67.40   100.0   79.21   66.91   54.30   56.89   72.61   55.07   64.04   55.30   70.88   65.96   58.53   37.00   43.49   59.75   55.70   43.15   49.96   76.92   74.91   96.52   97.72   93.81   108.6   104.3   70.85   68.44   87.18   70.16   
   1.70e3  9.055   11.03   14.14   28.87   34.30   43.94   28.98   23.88   27.06   26.97   49.15   60.23   56.21   53.72   58.76   46.23   13.92   33.00   41.69   41.99   64.54   59.00   62.94   48.79   46.53   51.09   46.64   48.16   46.06   43.40   46.57   59.99   69.30   60.69   20.84   30.48   76.27   76.32   77.44   60.53   90.02   84.73   76.43   54.27   47.28   72.03   71.18   66.16   54.74   91.02   80.45   65.20   85.49   24.87   98.69   101.5   104.4   86.57   77.85   81.13   81.92   71.96   69.48   103.1   81.64   68.97   55.97   58.65   74.85   56.76   66.01   57.00   73.06   67.99   60.33   38.14   44.83   61.59   57.42   44.48   51.50   79.29   77.21   99.49   100.7   96.70   112.0   107.5   73.03   70.55   89.87   72.32   
   1.80e3  9.317   11.35   14.54   29.71   35.29   45.22   29.83   24.57   27.85   27.75   50.57   61.98   57.84   55.28   60.47   47.57   14.32   33.95   42.90   43.21   66.41   60.71   64.77   50.20   47.88   52.57   48.00   49.56   47.39   44.66   47.92   61.73   71.31   62.45   21.44   31.36   78.49   78.53   79.69   62.29   92.63   87.18   78.64   55.84   48.65   74.12   73.24   68.08   56.33   93.66   82.79   67.09   87.97   25.59   101.6   104.4   107.4   89.08   80.11   83.48   84.29   74.05   71.49   106.1   84.01   70.97   57.59   60.35   77.02   58.41   67.92   58.65   75.18   69.96   62.08   39.24   46.13   63.37   59.08   45.76   52.99   81.59   79.45   102.4   103.7   99.50   115.2   110.6   75.15   72.60   92.47   74.42   
   2.00e3  9.821   11.97   15.33   31.32   37.20   47.66   31.44   25.90   29.36   29.25   53.31   65.33   60.97   58.27   63.74   50.15   15.10   35.79   45.22   45.55   70.01   63.99   68.27   52.92   50.47   55.41   50.59   52.24   49.96   47.08   50.51   65.07   75.16   65.83   22.60   33.06   82.73   82.78   84.00   65.66   97.64   91.90   82.90   58.86   51.28   78.13   77.20   71.76   59.38   98.73   87.26   70.72   92.73   26.98   107.0   110.1   113.2   93.89   84.44   88.00   88.85   78.05   75.36   111.8   88.56   74.81   60.71   63.61   81.18   61.57   71.59   61.83   79.24   73.75   65.43   41.36   48.62   66.80   62.28   48.24   55.86   86.00   83.75   107.9   109.3   104.9   121.4   116.6   79.22   76.52   97.47   78.45   
   2.25e3  10.42   12.69   16.26   33.22   39.46   50.55   33.35   27.47   31.14   31.03   56.54   69.29   64.66   61.81   67.60   53.19   16.01   37.96   47.96   48.31   74.25   67.87   72.41   56.13   53.53   58.77   53.66   55.41   52.99   49.93   53.57   69.01   79.72   69.82   23.97   35.07   87.75   87.80   89.09   69.64   103.6   97.47   87.92   62.43   54.39   82.87   81.88   76.11   62.98   104.7   92.56   75.01   98.36   28.61   113.5   116.8   120.1   99.59   89.56   93.34   94.24   82.79   79.93   118.6   93.93   79.34   64.39   67.47   86.11   65.30   75.94   65.58   84.05   78.22   69.40   43.87   51.57   70.85   66.06   51.17   59.25   91.22   88.83   114.5   115.9   111.2   128.8   123.7   84.02   81.16   103.4   83.21   
   2.50e3  10.98   13.38   17.14   35.02   41.60   53.29   35.15   28.95   32.82   32.70   59.60   73.04   68.16   65.15   71.26   56.06   16.88   40.01   50.55   50.93   78.27   71.54   76.33   59.16   56.43   61.95   56.56   58.41   55.85   52.63   56.47   72.74   84.04   73.60   25.27   36.96   92.50   92.55   93.91   73.41   109.2   102.7   92.68   65.81   57.33   87.35   86.31   80.23   66.38   110.4   97.56   79.07   103.7   30.16   119.7   123.1   126.6   105.0   94.41   98.38   99.34   87.27   84.25   125.0   99.01   83.64   67.87   71.12   90.76   68.84   80.04   69.12   88.60   82.45   73.16   46.25   54.36   74.68   69.63   53.93   62.45   96.15   93.63   120.6   122.2   117.3   135.8   130.4   88.57   85.55   109.0   87.71   
   2.75e3  11.52   14.03   17.98   36.73   43.63   55.89   36.87   30.37   34.42   34.30   62.51   76.61   71.49   68.33   74.74   58.80   17.70   41.97   53.02   53.41   82.09   75.04   80.06   62.05   59.18   64.98   59.32   61.26   58.58   55.20   59.23   76.30   88.14   77.19   26.50   38.77   97.01   97.06   98.50   76.99   114.5   107.8   97.20   69.02   60.13   91.61   90.53   84.15   69.62   115.8   102.3   82.93   108.7   31.63   125.5   129.1   132.8   110.1   99.01   103.2   104.2   91.53   88.37   131.1   103.8   87.72   71.19   74.59   95.19   72.20   83.95   72.50   92.92   86.48   76.73   48.50   57.01   78.33   73.03   56.57   65.50   100.8   98.20   126.5   128.1   123.0   142.4   136.8   92.89   89.73   114.3   91.99   
   3.00e3  12.03   14.66   18.78   38.36   45.57   58.37   38.50   31.72   35.95   35.83   65.29   80.01   74.67   71.37   78.06   61.42   18.49   43.83   55.38   55.79   85.74   78.37   83.62   64.81   61.81   67.86   61.96   63.98   61.19   57.66   61.86   79.69   92.06   80.62   27.68   40.49   101.3   101.4   102.9   80.42   119.6   112.6   101.5   72.09   62.80   95.69   94.55   87.89   72.72   120.9   106.9   86.62   113.6   33.04   131.1   134.8   138.7   115.0   103.4   107.8   108.8   95.60   92.30   136.9   108.5   91.62   74.35   77.91   99.43   75.41   87.68   75.72   97.05   90.32   80.14   50.66   59.55   81.81   76.28   59.08   68.42   105.3   102.6   132.2   133.8   128.5   148.7   142.8   97.02   93.72   119.4   96.08   
   3.25e3  12.52   15.25   19.54   39.92   47.43   60.76   40.08   33.01   37.42   37.29   67.95   83.28   77.72   74.28   81.25   63.92   19.25   45.62   57.64   58.06   89.24   81.57   87.03   67.46   64.34   70.64   64.49   66.60   63.68   60.01   64.39   82.94   95.81   83.91   28.81   42.14   105.5   105.5   107.1   83.70   124.5   117.1   105.7   75.03   65.37   99.60   98.41   91.48   75.69   125.9   111.2   90.15   118.2   34.39   136.5   140.3   144.3   119.7   107.6   112.2   113.3   99.50   96.06   142.5   112.9   95.36   77.39   81.09   103.5   78.49   91.26   78.81   101.0   94.01   83.41   52.73   61.98   85.15   79.39   61.49   71.21   109.6   106.8   137.6   139.3   133.7   154.8   148.7   101.0   97.55   124.3   100.0   
   3.50e3  12.99   15.83   20.28   41.43   49.22   63.05   41.59   34.26   38.83   38.70   70.52   86.43   80.65   77.09   84.32   66.34   19.97   47.35   59.82   60.26   92.61   84.65   90.32   70.00   66.77   73.30   66.93   69.11   66.09   62.28   66.82   86.07   99.43   87.08   29.90   43.73   109.4   109.5   111.1   86.86   129.2   121.6   109.7   77.86   67.83   103.4   102.1   94.93   78.55   130.6   115.4   93.56   122.7   35.69   141.6   145.6   149.8   124.2   111.7   116.4   117.5   103.3   99.69   147.9   117.1   98.96   80.31   84.15   107.4   81.45   94.71   81.79   104.8   97.56   86.56   54.72   64.32   88.37   82.39   63.82   73.90   113.8   110.8   142.8   144.5   138.7   160.7   154.3   104.8   101.2   128.9   103.8   
   3.75e3  13.45   16.38   20.99   42.89   50.94   65.26   43.05   35.46   40.20   40.05   72.99   89.46   83.48   79.79   87.28   68.66   20.67   49.01   61.92   62.37   95.86   87.62   93.49   72.46   69.11   75.87   69.28   71.54   68.41   64.46   69.16   89.09   102.9   90.14   30.95   45.27   113.3   113.3   115.0   89.91   133.7   125.8   113.5   80.60   70.21   107.0   105.7   98.26   81.30   135.2   119.5   96.84   127.0   36.94   146.6   150.7   155.1   128.6   115.6   120.5   121.7   106.9   103.2   153.1   121.3   102.4   83.13   87.10   111.2   84.31   98.03   84.66   108.5   101.0   89.60   56.64   66.58   91.47   85.28   66.06   76.49   117.8   114.7   147.8   149.6   143.6   166.3   159.7   108.5   104.8   133.5   107.4   
   4.00e3  13.89   16.92   21.68   44.29   52.61   67.41   44.46   36.62   41.51   41.37   75.39   92.39   86.22   82.41   90.14   70.92   21.35   50.61   63.95   64.42   99.00   90.50   96.55   74.84   71.38   78.36   71.55   73.88   70.65   66.58   71.43   92.02   106.3   93.09   31.96   46.75   117.0   117.1   118.8   92.86   138.1   130.0   117.2   83.24   72.52   110.5   109.2   101.5   83.97   139.6   123.4   100.0   131.1   38.15   151.4   155.7   160.1   132.8   119.4   124.4   125.7   110.4   106.6   158.1   125.2   105.8   85.85   89.96   114.8   87.07   101.2   87.43   112.1   104.3   92.54   58.50   68.76   94.47   88.08   68.22   79.00   121.6   118.4   152.6   154.5   148.3   171.8   164.9   112.0   108.2   137.8   110.9   
   4.50e3  14.73   17.95   23.00   46.98   55.81   71.49   47.16   38.84   44.03   43.88   79.96   98.00   91.45   87.41   95.61   75.22   22.65   53.68   67.83   68.32   105.0   95.99   102.4   79.38   75.71   83.12   75.89   78.36   74.94   70.61   75.76   97.60   112.7   98.74   33.90   49.59   124.1   124.2   126.0   98.49   146.5   137.8   124.3   88.29   76.92   117.2   115.8   107.6   89.06   148.1   130.9   106.1   139.1   40.46   160.6   165.1   169.9   140.8   126.7   132.0   133.3   117.1   113.0   167.7   132.8   112.2   91.06   95.42   121.8   92.35   107.4   92.74   118.9   110.6   98.15   62.05   72.93   100.2   93.42   72.36   83.79   129.0   125.6   161.9   163.9   157.3   182.2   174.9   118.8   114.8   146.2   117.7   
   5.00e3  15.53   18.92   24.24   49.52   58.82   75.36   49.71   40.95   46.42   46.25   84.28   103.3   96.40   92.14   100.8   79.29   23.87   56.59   71.50   72.02   110.7   101.2   107.9   83.67   79.80   87.61   79.99   82.60   78.99   74.43   79.86   102.9   118.8   104.1   35.74   52.27   130.8   130.9   132.8   103.8   154.4   145.3   131.1   93.07   81.08   123.5   122.1   113.5   93.88   156.1   138.0   111.8   146.6   42.65   169.3   174.1   179.0   148.5   133.5   139.1   140.5   123.4   119.2   176.8   140.0   118.3   95.99   100.6   128.4   97.35   113.2   97.75   125.3   116.6   103.5   65.40   76.88   105.6   98.47   76.27   88.32   136.0   132.4   170.6   172.8   165.8   192.0   184.4   125.3   121.0   154.1   124.0   
   5.50e3  16.29   19.84   25.42   51.94   61.70   79.04   52.14   42.94   48.68   48.51   88.40   108.3   101.1   96.63   105.7   83.16   25.04   59.35   74.98   75.53   116.1   106.1   113.2   87.75   83.70   91.89   83.90   86.63   82.85   78.07   83.76   107.9   124.6   109.2   37.48   54.82   137.2   137.3   139.3   108.9   161.9   152.4   137.5   97.61   85.03   129.6   128.0   119.0   98.46   163.7   144.7   117.3   153.8   44.74   177.5   182.6   187.8   155.7   140.0   145.9   147.3   129.4   125.0   185.4   146.9   124.1   100.7   105.5   134.6   102.1   118.7   102.5   131.4   122.3   108.5   68.60   80.63   110.8   103.3   80.00   92.64   142.6   138.9   179.0   181.2   173.9   201.4   193.4   131.4   126.9   161.6   130.1   
   6.00e3  17.01   20.73   26.56   54.25   64.44   82.55   54.45   44.85   50.85   50.66   92.33   113.2   105.6   100.9   110.4   86.85   26.15   61.99   78.32   78.89   121.3   110.8   118.3   91.66   87.42   95.97   87.63   90.49   86.53   81.54   87.48   112.7   130.2   114.0   39.15   57.26   143.3   143.4   145.5   113.7   169.1   159.2   143.6   101.9   88.82   135.3   133.7   124.3   102.8   171.0   151.1   122.5   160.6   46.72   185.4   190.7   196.1   162.6   146.3   152.4   153.9   135.2   130.5   193.7   153.4   129.6   105.1   110.2   140.6   106.6   124.0   107.1   137.3   127.7   113.3   71.65   84.21   115.7   107.9   83.55   96.75   149.0   145.1   186.9   189.2   181.7   210.4   202.0   137.2   132.5   168.8   135.9   
   6.50e3  17.71   21.57   27.64   56.46   67.07   85.93   56.68   46.69   52.92   52.73   96.10   117.8   109.9   105.1   114.9   90.40   27.22   64.52   81.52   82.12   126.2   115.4   123.1   95.40   90.99   99.89   91.21   94.18   90.06   84.87   91.06   117.3   135.5   118.7   40.75   59.60   149.1   149.2   151.4   118.4   176.0   165.7   149.4   106.1   92.44   140.8   139.2   129.4   107.0   178.0   157.3   127.5   167.2   48.63   193.0   198.5   204.1   169.3   152.2   158.6   160.2   140.7   135.9   201.6   159.6   134.9   109.4   114.7   146.4   111.0   129.1   111.5   142.9   133.0   118.0   74.57   87.65   120.4   112.3   86.97   100.7   155.0   151.0   194.5   197.0   189.1   218.9   210.2   142.8   138.0   175.7   141.4   
   7.00e3  18.37   22.39   28.68   58.59   69.60   89.17   58.82   48.45   54.92   54.72   99.73   122.2   114.1   109.0   119.2   93.81   28.25   66.96   84.59   85.21   131.0   119.7   127.7   99.00   94.42   103.7   94.65   97.74   93.46   88.07   94.49   121.7   140.6   123.2   42.28   61.85   154.8   154.9   157.1   122.8   182.7   171.9   155.1   110.1   95.93   146.2   144.4   134.3   111.1   184.7   163.3   132.3   173.5   50.47   200.3   205.9   211.8   175.7   158.0   164.6   166.2   146.0   141.0   209.2   165.7   139.9   113.6   119.0   151.9   115.2   133.9   115.7   148.2   138.0   122.4   77.39   90.96   125.0   116.5   90.25   104.5   160.9   156.7   201.9   204.4   196.2   227.2   218.2   148.2   143.2   182.4   146.8   
   8.00e3  19.64   23.93   30.66   62.64   74.41   95.33   62.88   51.79   58.71   58.50   106.6   130.7   121.9   116.5   127.5   100.3   30.20   71.58   90.43   91.10   140.0   128.0   136.5   105.8   100.9   110.8   101.2   104.5   99.92   94.15   101.0   130.1   150.3   131.7   45.20   66.12   165.5   165.6   168.0   131.3   195.3   183.8   165.8   117.7   102.6   156.3   154.4   143.5   118.8   197.5   174.5   141.4   185.5   53.95   214.1   220.2   226.5   187.8   168.9   176.0   177.7   156.1   150.7   223.6   177.1   149.6   121.4   127.2   162.4   123.1   143.2   123.7   158.5   147.5   130.9   82.73   97.24   133.6   124.6   96.48   111.7   172.0   167.5   215.8   218.5   209.8   242.9   233.3   158.4   153.0   194.9   156.9   
   9.00e3  20.83   25.38   32.52   66.44   78.92   101.1   66.69   54.94   62.27   62.05   113.1   138.6   129.3   123.6   135.2   106.4   32.03   75.92   95.92   96.62   148.5   135.7   144.8   112.3   107.1   117.5   107.3   110.8   106.0   99.86   107.1   138.0   159.4   139.6   47.95   70.13   175.5   175.6   178.2   139.3   207.1   194.9   175.8   124.9   108.8   165.7   163.8   152.2   126.0   209.4   185.1   150.0   196.7   57.23   227.1   233.5   240.2   199.2   179.1   186.7   188.5   165.6   159.9   237.2   187.9   158.7   128.8   134.9   172.2   130.6   151.9   131.2   168.1   156.4   138.8   87.75   103.1   141.7   132.1   102.3   118.5   182.4   177.7   228.9   231.8   222.5   257.6   247.4   168.0   162.3   206.8   166.4   
   10.0e3  21.96   26.76   34.28   70.03   83.19   106.6   70.30   57.91   65.64   65.41   119.2   146.1   136.3   130.3   142.5   112.1   33.76   80.03   101.1   101.9   156.5   143.1   152.7   118.3   112.9   123.9   113.1   116.8   111.7   105.3   112.9   145.5   168.1   147.2   50.54   73.92   185.0   185.1   187.8   146.8   218.3   205.5   185.4   131.6   114.7   174.7   172.6   160.5   132.8   220.8   195.1   158.1   207.4   60.32   239.4   246.2   253.2   210.0   188.8   196.8   198.7   174.5   168.5   250.0   198.0   167.3   135.7   142.2   181.5   137.7   160.1   138.2   177.2   164.9   146.3   92.49   108.7   149.4   139.3   107.9   124.9   192.3   187.3   241.3   244.3   234.5   271.6   260.8   177.1   171.1   218.0   175.4   
   11.0e3  23.03   28.06   35.96   73.45   87.25   111.8   73.73   60.73   68.85   68.60   125.0   153.2   143.0   136.7   149.5   117.6   35.41   83.93   106.0   106.8   164.2   150.1   160.1   124.1   118.4   130.0   118.6   122.5   117.2   110.4   118.5   152.6   176.3   154.4   53.01   77.53   194.0   194.1   197.0   154.0   229.0   215.5   194.4   138.0   120.3   183.2   181.1   168.3   139.2   231.5   204.7   165.9   217.5   63.27   251.1   258.2   265.6   220.2   198.0   206.4   208.4   183.1   176.7   262.2   207.7   175.4   142.4   149.2   190.4   144.4   167.9   145.0   185.8   173.0   153.5   97.01   114.0   156.7   146.1   113.1   131.0   201.7   196.4   253.1   256.2   246.0   284.8   273.5   185.8   179.5   228.6   184.0   
   12.0e3  24.06   29.31   37.55   76.72   91.13   116.7   77.01   63.43   71.91   71.65   130.6   160.0   149.3   142.7   156.1   122.8   36.98   87.67   110.8   111.6   171.5   156.7   167.2   129.6   123.6   135.7   123.9   128.0   122.4   115.3   123.7   159.4   184.1   161.2   55.36   80.98   202.6   202.8   205.8   160.8   239.2   225.1   203.1   144.2   125.6   191.4   189.1   175.8   145.4   241.8   213.8   173.2   227.1   66.08   262.2   269.7   277.4   230.0   206.8   215.5   217.6   191.2   184.6   273.9   216.9   183.2   148.7   155.8   198.9   150.8   175.4   151.4   194.1   180.6   160.3   101.3   119.1   163.6   152.6   118.2   136.8   210.7   205.1   264.3   267.6   256.9   297.5   285.7   194.0   187.4   238.8   192.2   
   13.0e3  25.04   30.51   39.09   79.85   94.85   121.5   80.15   66.02   74.84   74.58   135.9   166.6   155.4   148.6   162.5   127.8   38.49   91.25   115.3   116.1   178.5   163.1   174.1   134.9   128.7   141.3   129.0   133.2   127.4   120.0   128.8   165.9   191.6   167.8   57.62   84.29   210.9   211.0   214.2   167.4   248.9   234.3   211.3   150.1   130.7   199.2   196.8   183.0   151.4   251.7   222.5   180.3   236.4   68.78   272.9   280.7   288.7   239.4   215.3   224.3   226.5   199.0   192.1   285.1   225.8   190.7   154.8   162.2   207.0   157.0   182.5   157.6   202.0   188.0   166.8   105.5   124.0   170.3   158.8   123.0   142.4   219.3   213.5   275.1   278.6   267.4   309.6   297.3   202.0   195.1   248.5   200.0   
   14.0e3  25.98   31.66   40.56   82.86   98.43   126.1   83.18   68.52   77.67   77.39   141.0   172.9   161.3   154.2   168.6   132.7   39.95   94.69   119.6   120.5   185.2   169.3   180.6   140.0   133.5   146.6   133.9   138.2   132.2   124.6   133.6   172.1   198.9   174.2   59.80   87.47   218.9   219.0   222.2   173.7   258.3   243.1   219.3   155.7   135.7   206.7   204.3   189.9   157.1   261.2   230.9   187.1   245.3   71.37   283.2   291.3   299.6   248.4   223.4   232.8   235.1   206.5   199.4   295.8   234.3   197.9   160.6   168.3   214.8   162.9   189.4   163.6   209.7   195.1   173.1   109.4   128.6   176.7   164.8   127.6   147.8   227.5   221.6   285.5   289.1   277.5   321.3   308.6   209.6   202.5   257.9   207.6   
   15.0e3  26.90   32.77   41.99   85.77   101.9   130.5   86.10   70.92   80.39   80.11   146.0   178.9   167.0   159.6   174.6   137.3   41.35   98.01   123.8   124.7   191.7   175.2   187.0   144.9   138.2   151.7   138.6   143.1   136.8   128.9   138.3   178.2   205.8   180.3   61.90   90.54   226.6   226.7   230.0   179.8   267.4   251.7   227.0   161.2   140.4   214.0   211.4   196.5   162.6   270.4   239.0   193.7   254.0   73.88   293.2   301.5   310.1   257.1   231.2   241.0   243.3   213.8   206.4   306.2   242.5   204.9   166.3   174.2   222.3   168.6   196.1   169.3   217.0   202.0   179.2   113.3   133.2   182.9   170.6   132.1   153.0   235.5   229.4   295.5   299.2   287.2   332.6   319.4   216.9   209.6   266.9   214.8   
   16.0e3  27.78   33.84   43.36   88.58   105.2   134.8   88.92   73.25   83.03   82.74   150.8   184.8   172.4   164.8   180.3   141.8   42.70   101.2   127.9   128.8   198.0   181.0   193.1   149.7   142.8   156.7   143.1   147.8   141.3   133.2   142.9   184.0   212.6   186.2   63.93   93.51   234.0   234.1   237.6   185.7   276.2   259.9   234.5   166.5   145.0   221.0   218.4   203.0   167.9   279.2   246.8   200.0   262.3   76.30   302.8   311.4   320.3   265.6   238.8   248.9   251.3   220.8   213.1   316.2   250.5   211.6   171.7   179.9   229.6   174.1   202.5   174.9   224.1   208.6   185.1   117.0   137.5   188.9   176.2   136.4   158.0   243.3   236.9   305.2   309.0   296.7   343.5   329.9   224.1   216.4   275.7   221.9   
   17.0e3  28.63   34.89   44.70   91.31   108.5   139.0   91.66   75.50   85.59   85.28   155.4   190.5   177.7   169.9   185.8   146.2   44.02   104.3   131.8   132.8   204.1   186.6   199.0   154.3   147.1   161.5   147.5   152.3   145.7   137.2   147.3   189.7   219.1   191.9   65.90   96.39   241.2   241.3   244.9   191.4   284.7   267.9   241.7   171.6   149.5   227.8   225.1   209.2   173.1   287.8   254.4   206.2   270.4   78.65   312.1   320.9   330.1   273.7   246.2   256.6   259.0   227.6   219.7   326.0   258.2   218.1   177.0   185.5   236.7   179.5   208.7   180.2   231.0   215.0   190.8   120.6   141.8   194.8   181.6   140.6   162.9   250.7   244.2   314.6   318.5   305.8   354.1   340.0   231.0   223.1   284.2   228.7   
   18.0e3  29.46   35.90   45.99   93.96   111.6   143.0   94.32   77.69   88.07   87.75   159.9   196.0   182.9   174.8   191.2   150.4   45.29   107.4   135.7   136.6   210.0   192.0   204.8   158.8   151.4   166.2   151.8   156.7   149.9   141.2   151.5   195.2   225.5   197.5   67.81   99.18   248.2   248.3   252.0   197.0   292.9   275.7   248.7   176.6   153.8   234.4   231.6   215.3   178.1   296.2   261.8   212.2   278.2   80.93   321.1   330.3   339.7   281.7   253.3   264.0   266.5   234.2   226.1   335.4   265.7   224.4   182.1   190.8   243.5   184.7   214.8   185.5   237.7   221.2   196.3   124.1   145.9   200.4   186.8   144.7   167.6   258.0   251.2   323.7   327.8   314.6   364.3   349.9   237.6   229.6   292.4   235.3   
   20.0e3  31.06   37.84   48.48   99.04   117.6   150.7   99.42   81.89   92.83   92.50   168.6   206.6   192.8   184.3   201.6   158.6   47.74   113.2   143.0   144.0   221.4   202.4   215.9   167.3   159.6   175.2   160.0   165.2   158.0   148.9   159.7   205.8   237.7   208.2   71.47   104.5   261.6   261.8   265.6   207.6   308.8   290.6   262.1   186.1   162.2   247.1   244.1   226.9   187.8   312.2   276.0   223.6   293.2   85.31   338.5   348.1   358.1   296.9   267.0   278.3   281.0   246.8   238.3   353.6   280.0   236.6   192.0   201.2   256.7   194.7   226.4   195.5   250.6   233.2   206.9   130.8   153.8   211.2   196.9   152.5   176.6   272.0   264.8   341.2   345.5   331.7   384.0   368.8   250.5   242.0   308.2   248.1   
   22.5e3  32.94   40.13   51.42   105.0   124.8   159.9   105.5   86.86   98.46   98.11   178.8   219.1   204.5   195.5   213.8   168.2   50.64   120.0   151.7   152.8   234.8   214.6   229.0   177.5   169.3   185.9   169.7   175.2   167.6   157.9   169.4   218.2   252.1   220.8   75.81   110.9   277.5   277.6   281.7   220.2   327.5   308.2   278.0   197.4   172.0   262.1   258.9   240.7   199.2   331.1   292.7   237.2   311.0   90.48   359.1   369.2   379.8   314.9   283.2   295.2   298.0   261.8   252.8   375.0   297.0   250.9   203.6   213.4   272.3   206.5   240.1   207.4   265.8   247.4   219.5   138.7   163.1   224.1   208.9   161.8   187.4   288.5   280.9   361.9   366.5   351.8   407.3   391.2   265.7   256.7   326.9   263.1   
   25.0e3  34.72   42.31   54.21   110.7   131.5   168.5   111.2   91.56   103.8   103.4   188.5   231.0   215.5   206.0   225.3   177.3   53.38   126.5   159.9   161.0   247.5   226.2   241.4   187.1   178.4   195.9   178.9   184.7   176.6   166.4   178.6   230.0   265.7   232.7   79.91   116.9   292.5   292.7   297.0   232.1   345.2   324.9   293.1   208.1   181.3   276.2   272.9   253.7   209.9   349.1   308.5   250.0   327.9   95.38   378.5   389.2   400.4   332.0   298.5   311.1   314.1   276.0   266.4   395.3   313.1   264.5   214.6   224.9   287.0   217.7   253.1   218.6   280.2   260.7   231.3   146.2   171.9   236.2   220.2   170.6   197.5   304.1   296.1   381.5   386.3   370.8   429.4   412.3   280.1   270.5   344.6   277.4   
   27.5e3  36.42   44.37   56.85   116.1   138.0   176.7   116.6   96.03   108.9   108.5   197.7   242.3   226.1   216.1   236.3   185.9   55.99   132.7   167.7   168.9   259.6   237.3   253.2   196.2   187.1   205.5   187.6   193.7   185.2   174.6   187.3   241.3   278.7   244.1   83.81   122.6   306.8   306.9   311.5   243.5   362.1   340.8   307.4   218.3   190.1   289.7   286.3   266.1   220.2   366.1   323.6   262.2   343.9   100.0   396.9   408.2   419.9   348.2   313.1   326.3   329.5   289.4   279.4   414.6   328.4   277.4   225.1   235.9   301.0   228.3   265.5   229.3   293.8   273.5   242.6   153.4   180.3   247.7   230.9   178.9   207.1   318.9   310.5   400.1   405.2   388.9   450.3   432.5   293.7   283.8   361.4   290.9   
   30.0e3  38.04   46.34   59.38   121.3   144.1   184.6   121.8   100.3   113.7   113.3   206.5   253.0   236.1   225.7   246.9   194.2   58.48   138.6   175.1   176.4   271.1   247.8   264.4   204.9   195.5   214.6   195.9   202.3   193.5   182.3   195.6   252.0   291.1   254.9   87.54   128.0   320.4   320.6   325.3   254.3   378.2   355.9   321.1   228.0   198.6   302.6   299.0   277.9   230.0   382.4   338.0   273.9   359.2   104.5   414.6   426.4   438.6   363.6   327.0   340.8   344.1   302.3   291.9   433.0   343.0   289.7   235.1   246.4   314.4   238.5   277.3   239.4   306.9   285.6   253.4   160.2   188.3   258.7   241.2   186.8   216.4   333.1   324.4   417.9   423.2   406.2   470.4   451.7   306.8   296.4   377.5   303.8   
   32.5e3  39.59   48.24   61.80   126.3   150.0   192.1   126.7   104.4   118.3   117.9   214.9   263.4   245.8   234.9   256.9   202.1   60.86   144.3   182.3   183.6   282.2   258.0   275.2   213.3   203.5   223.4   203.9   210.6   201.4   189.8   203.6   262.3   303.0   265.4   91.11   133.3   333.5   333.7   338.6   264.7   393.6   370.5   334.2   237.3   206.7   314.9   311.2   289.3   239.4   398.0   351.8   285.1   373.8   108.7   431.5   443.8   456.5   378.5   340.4   354.7   358.2   314.6   303.8   450.7   357.0   301.6   244.7   256.4   327.3   248.2   288.6   249.2   319.4   297.3   263.8   166.7   196.0   269.3   251.1   194.5   225.2   346.7   337.6   435.0   440.4   422.8   489.6   470.1   319.3   308.5   392.9   316.2   
   35.0e3  41.09   50.06   64.14   131.0   155.6   199.4   131.5   108.3   122.8   122.4   223.0   273.3   255.0   243.8   266.6   209.8   63.16   149.7   189.2   190.5   292.9   267.7   285.6   221.4   211.1   231.8   211.6   218.5   209.0   196.9   211.3   272.2   314.4   275.4   94.55   138.3   346.1   346.3   351.4   274.7   408.5   384.4   346.8   246.2   214.5   326.8   323.0   300.2   248.4   413.0   365.1   295.9   387.9   112.9   447.8   460.5   473.7   392.8   353.2   368.1   371.7   326.5   315.2   467.7   370.5   312.9   254.0   266.1   339.6   257.6   299.5   258.6   331.5   308.5   273.7   173.0   203.4   279.4   260.5   201.8   233.7   359.8   350.3   451.4   457.1   438.8   508.0   487.9   331.4   320.1   407.8   328.2   
   37.5e3  42.53   51.81   66.39   135.6   161.1   206.4   136.1   112.1   127.1   126.7   230.8   282.9   264.0   252.3   276.0   217.1   65.38   155.0   195.8   197.2   303.1   277.1   295.6   229.1   218.5   239.9   219.1   226.2   216.3   203.8   218.7   281.7   325.5   285.0   97.87   143.2   358.2   358.4   363.7   284.3   422.8   397.9   359.0   254.9   222.0   338.3   334.3   310.7   257.1   427.5   377.9   306.2   401.6   116.8   463.5   476.7   490.3   406.6   365.6   381.0   384.7   338.0   326.3   484.1   383.5   323.9   262.9   275.4   351.5   266.6   310.0   267.7   343.1   319.3   283.3   179.1   210.5   289.2   269.7   208.9   241.9   372.4   362.6   467.3   473.1   454.2   525.9   505.0   343.0   331.4   422.1   339.7   
   40.0e3  43.92   53.51   68.57   140.1   166.4   213.2   140.6   115.8   131.3   130.8   238.4   292.2   272.6   260.6   285.0   224.3   67.52   160.1   202.2   203.7   313.1   286.2   305.3   236.7   225.7   247.8   226.3   233.6   223.4   210.5   225.9   291.0   336.1   294.4   101.1   147.8   370.0   370.2   375.6   293.6   436.7   411.0   370.7   263.2   229.3   349.4   345.3   320.9   265.5   441.5   390.3   316.3   414.7   120.6   478.7   492.3   506.4   419.9   377.6   393.5   397.3   349.1   337.0   500.0   396.0   334.5   271.5   284.5   363.1   275.3   320.2   276.5   354.4   329.8   292.6   185.0   217.4   298.7   278.5   215.7   249.8   384.6   374.5   482.6   488.6   469.1   543.1   521.6   354.3   342.2   435.9   350.8   
   45.0e3  46.59   56.76   72.72   148.6   176.5   226.1   149.1   122.8   139.3   138.8   252.8   309.9   289.2   276.4   302.3   237.9   71.62   169.8   214.5   216.1   332.1   303.5   323.8   251.0   239.4   262.8   240.0   247.8   237.0   223.3   239.6   308.6   356.5   312.2   107.2   156.8   392.4   392.6   398.4   311.4   463.2   435.9   393.2   279.2   243.2   370.6   366.2   340.4   281.6   468.3   413.9   335.5   439.9   128.0   507.8   522.2   537.1   445.4   400.5   417.4   421.4   370.2   357.5   530.3   420.1   354.8   288.0   301.7   385.1   292.0   339.6   293.3   375.9   349.8   310.4   196.2   230.6   316.9   295.4   228.8   265.0   407.9   397.3   511.9   518.3   497.5   576.1   553.2   375.8   363.0   462.4   372.1   
   50.0e3  49.11   59.83   76.66   156.6   186.0   238.3   157.2   129.5   146.8   146.3   266.5   326.7   304.8   291.4   318.7   250.7   75.49   178.9   226.1   227.7   350.0   320.0   341.4   264.6   252.4   277.1   253.0   261.2   249.8   235.4   252.5   325.3   375.8   329.1   113.0   165.3   413.7   413.9   420.0   328.3   488.2   459.5   414.5   294.3   256.4   390.6   386.0   358.8   296.9   493.6   436.3   353.6   463.7   134.9   535.2   550.4   566.2   469.5   422.2   440.0   444.2   390.3   376.8   559.0   442.8   374.0   303.5   318.1   405.9   307.8   358.0   309.1   396.2   368.7   327.2   206.8   243.1   334.0   311.4   241.2   279.3   430.0   418.7   539.6   546.3   524.4   607.2   583.1   396.1   382.6   487.4   392.2   
   55.0e3  51.50   62.75   80.40   164.2   195.1   249.9   164.9   135.8   153.9   153.4   279.5   342.6   319.7   305.6   334.2   263.0   79.18   187.7   237.1   238.9   367.1   335.6   358.0   277.5   264.7   290.6   265.3   274.0   262.0   246.9   264.9   341.2   394.2   345.2   118.5   173.4   433.8   434.1   440.5   344.3   512.0   481.9   434.7   308.7   268.9   409.7   404.8   376.3   311.4   517.7   457.6   370.9   486.3   141.5   561.4   577.3   593.8   492.4   442.8   461.5   465.9   409.3   395.2   586.3   464.4   392.3   318.4   333.6   425.7   322.9   375.4   324.2   415.6   386.7   343.1   216.9   255.0   350.3   326.6   253.0   292.9   451.0   439.2   565.9   573.0   550.0   636.9   611.6   415.4   401.3   511.2   411.4   
   60.0e3  53.80   65.54   83.97   171.5   203.8   261.1   172.2   141.8   160.8   160.2   292.0   357.8   333.9   319.2   349.1   274.7   82.70   196.0   247.7   249.5   383.4   350.5   373.9   289.8   276.4   303.5   277.1   286.1   273.6   257.8   276.6   356.4   411.7   360.6   123.8   181.1   453.1   453.4   460.1   359.6   534.8   503.3   454.0   322.4   280.9   427.9   422.8   393.0   325.2   540.8   478.0   387.4   507.9   147.8   586.3   603.0   620.2   514.3   462.5   482.0   486.6   427.5   412.8   612.4   485.0   409.7   332.5   348.4   444.7   337.2   392.1   338.6   434.0   403.9   358.4   226.6   266.3   365.9   341.1   264.2   306.0   471.1   458.7   591.1   598.5   574.5   665.2   638.8   433.9   419.1   533.9   429.7   
   65.0e3  55.99   68.22   87.40   178.5   212.1   271.7   179.2   147.6   167.4   166.8   303.9   372.4   347.6   332.2   363.4   285.9   86.08   204.0   257.8   259.7   399.1   364.8   389.2   301.7   287.7   315.9   288.4   297.8   284.8   268.4   287.9   370.9   428.5   375.3   128.9   188.5   471.6   471.9   478.9   374.3   556.6   523.9   472.6   335.6   292.3   445.4   440.1   409.1   338.5   562.8   497.5   403.2   528.7   153.8   610.3   627.6   645.5   535.3   481.4   501.7   506.5   445.0   429.6   637.4   504.8   426.5   346.1   362.6   462.8   351.0   408.1   352.5   451.8   420.4   373.0   235.8   277.2   380.8   355.0   275.0   318.5   490.3   477.4   615.2   622.9   597.9   692.3   664.9   451.6   436.2   555.7   447.2   
   70.0e3  58.11   70.79   90.70   185.3   220.1   282.0   186.0   153.2   173.7   173.1   315.4   386.5   360.7   344.7   377.1   296.7   89.33   211.7   267.5   269.5   414.2   378.6   403.9   313.1   298.6   327.8   299.3   309.1   295.6   278.5   298.8   384.9   444.7   389.4   133.7   195.6   489.4   489.7   496.9   388.4   577.7   543.7   490.4   348.2   303.4   462.2   456.7   424.5   351.3   584.1   516.3   418.4   548.6   159.6   633.3   651.3   669.9   555.5   499.5   520.6   525.6   461.8   445.8   661.5   523.9   442.6   359.2   376.3   480.3   364.2   423.6   365.8   468.8   436.3   387.1   244.7   287.6   395.2   368.4   285.4   330.5   508.8   495.5   638.4   646.4   620.5   718.5   690.0   468.6   452.7   576.7   464.1   
   80.0e3  62.12   75.68   96.97   198.1   235.3   301.4   198.8   163.8   185.7   185.0   337.1   413.2   385.6   368.5   403.1   317.1   95.49   226.4   286.0   288.1   442.8   404.7   431.8   334.7   319.2   350.4   320.0   330.4   316.0   297.7   319.4   411.5   475.4   416.3   143.0   209.1   523.2   523.5   531.2   415.3   617.5   581.2   524.3   372.3   324.3   494.1   488.3   453.8   375.5   624.4   551.9   447.3   586.5   170.6   677.0   696.2   716.2   593.8   534.0   556.5   561.9   493.7   476.6   707.1   560.1   473.1   383.9   402.3   513.4   389.4   452.8   391.0   501.2   466.4   413.8   261.6   307.5   422.5   393.9   305.1   353.3   543.9   529.7   682.5   691.1   663.3   768.1   737.6   501.0   484.0   616.5   496.1   
   90.0e3  65.89   80.27   102.8   210.1   249.6   319.7   210.9   173.7   196.9   196.2   357.6   438.3   409.0   390.9   427.6   336.4   101.3   240.1   303.3   305.6   469.6   429.3   458.0   355.0   338.6   371.7   339.4   350.4   335.1   315.8   338.8   436.5   504.2   441.6   151.6   221.8   555.0   555.3   563.5   440.5   655.0   616.5   556.1   394.8   344.0   524.1   517.9   481.4   398.3   662.3   585.4   474.4   622.1   181.0   718.1   738.5   759.6   629.9   566.4   590.3   596.0   523.6   505.5   750.0   594.1   501.8   407.2   426.7   544.6   413.0   480.3   414.7   531.6   494.7   438.9   277.5   326.2   448.1   417.8   323.6   374.7   576.9   561.8   723.9   733.0   703.6   814.7   782.3   531.4   513.3   653.9   526.2   
   100.e3  69.45   84.61   108.4   221.5   263.1   337.0   222.3   183.1   207.6   206.8   376.9   462.0   431.1   412.0   450.7   354.6   106.8   253.1   319.7   322.1   495.0   452.5   482.8   374.2   356.9   391.8   357.7   369.4   353.3   332.9   357.2   460.1   531.5   465.5   159.8   233.8   585.0   585.3   593.9   464.3   690.4   649.8   586.2   416.2   362.6   552.5   545.9   507.4   419.9   698.1   617.1   500.1   655.8   190.8   757.0   778.4   800.7   663.9   597.1   622.2   628.3   551.9   532.9   790.6   626.2   529.0   429.3   449.8   574.0   435.4   506.2   437.2   560.3   521.5   462.7   292.5   343.8   472.3   440.4   341.1   395.0   608.1   592.2   763.0   772.6   741.6   858.8   824.7   560.1   541.1   689.2   554.7   
   110.e3  72.84   88.74   113.7   232.3   275.9   353.5   233.2   192.1   217.7   216.9   395.3   484.5   452.1   432.2   472.7   371.9   112.0   265.4   335.3   337.8   519.2   474.6   506.3   392.4   374.3   410.9   375.2   387.4   370.5   349.1   374.6   482.5   557.4   488.2   167.6   245.2   613.5   613.9   622.9   486.9   724.1   681.5   614.8   436.5   380.3   579.4   572.5   532.2   440.3   732.2   647.2   524.5   687.8   200.1   793.9   816.4   839.8   696.3   626.2   652.6   658.9   578.9   558.9   829.2   656.7   554.8   450.2   471.7   602.1   456.6   531.0   458.5   587.7   546.9   485.3   306.8   360.6   495.4   461.9   357.8   414.3   637.8   621.1   800.3   810.3   777.8   900.7   864.9   587.5   567.5   722.9   581.8   
   120.e3  76.08   92.69   118.8   242.6   288.2   369.2   243.5   200.6   227.4   226.6   412.9   506.1   472.2   451.4   493.7   388.4   117.0   277.2   350.3   352.8   542.3   495.7   528.8   409.9   390.9   429.2   391.9   404.7   387.0   364.6   391.2   504.0   582.2   509.9   175.1   256.1   640.8   641.2   650.6   508.6   756.3   711.8   642.1   455.9   397.2   605.2   598.0   555.8   459.9   764.8   675.9   547.8   718.3   209.0   829.2   852.7   877.1   727.3   654.1   681.6   688.2   604.6   583.7   866.0   686.0   579.4   470.2   492.7   628.8   476.9   554.6   478.9   613.8   571.3   506.8   320.4   376.6   517.4   482.4   373.7   432.7   666.2   648.7   835.9   846.4   812.4   940.7   903.4   613.6   592.7   755.0   607.6   
   130.e3  79.19   96.47   123.6   252.5   299.9   384.3   253.5   208.8   236.7   235.8   429.8   526.7   491.5   469.8   513.9   404.3   121.7   288.5   364.6   367.2   564.4   515.9   550.4   426.6   406.9   446.7   407.9   421.2   402.8   379.5   407.2   524.6   606.0   530.7   182.2   266.5   667.0   667.4   677.2   529.4   787.2   740.9   668.3   474.5   413.4   629.9   622.4   578.5   478.7   796.0   703.6   570.2   747.7   217.5   863.1   887.5   912.9   757.0   680.8   709.5   716.3   629.3   607.6   901.4   714.0   603.1   489.4   512.8   654.5   496.4   577.2   498.5   638.9   594.6   527.5   333.5   392.0   538.6   502.1   388.9   450.4   693.4   675.2   870.0   880.9   845.6   979.1   940.3   638.7   616.9   785.9   632.5   
   140.e3  82.18   100.1   128.3   262.0   311.3   398.8   263.1   216.7   245.6   244.7   446.0   546.6   510.1   487.5   533.3   419.5   126.3   299.4   378.3   381.1   585.7   535.4   571.2   442.7   422.3   463.6   423.3   437.1   418.0   393.9   422.6   544.4   628.9   550.8   189.1   276.6   692.2   692.6   702.8   549.3   816.9   768.9   693.6   492.5   429.0   653.7   645.9   600.4   496.8   826.0   730.1   591.7   775.9   225.7   895.6   921.0   947.4   785.6   706.5   736.2   743.4   653.0   630.5   935.4   740.9   625.9   507.9   532.2   679.2   515.1   599.0   517.3   663.0   617.0   547.5   346.1   406.8   558.9   521.1   403.6   467.4   719.5   700.7   902.8   914.2   877.5   1.016e3 975.8   662.8   640.2   815.5   656.3   
   150.e3  85.06   103.6   132.8   271.2   322.2   412.8   272.3   224.3   254.2   253.3   461.6   565.8   528.0   504.7   552.0   434.3   130.8   309.9   391.6   394.5   606.3   554.2   591.3   458.3   437.1   479.9   438.1   452.4   432.6   407.7   437.4   563.5   650.9   570.1   195.8   286.3   716.5   716.9   727.4   568.6   845.6   795.9   717.9   509.7   444.1   676.6   668.6   621.5   514.2   855.0   755.7   612.5   803.1   233.6   927.1   953.4   980.7   813.1   731.3   762.1   769.5   676.0   652.6   968.3   766.9   647.8   525.7   550.9   703.1   533.2   620.0   535.4   686.3   638.7   566.7   358.2   421.1   578.5   539.4   417.8   483.8   744.8   725.3   934.5   946.3   908.3   1.052e3 1.010e3 686.0   662.7   844.1   679.4   
   160.e3  87.85   107.0   137.1   280.1   332.8   426.3   281.2   231.6   262.6   261.6   476.8   584.3   545.3   521.2   570.1   448.5   135.1   320.1   404.4   407.4   626.2   572.4   610.7   473.3   451.4   495.6   452.5   467.3   446.8   421.1   451.8   582.0   672.3   588.8   202.2   295.7   740.0   740.4   751.3   587.3   873.3   822.0   741.4   526.5   458.6   698.8   690.5   641.8   531.1   883.1   780.5   632.6   829.5   241.3   957.5   984.6   1.013e3 839.8   755.2   787.1   794.7   698.1   674.0   1.000e3 792.1   669.1   543.0   568.9   726.1   550.7   640.4   553.0   708.8   659.6   585.3   370.0   434.9   597.5   557.0   431.5   499.6   769.2   749.1   965.2   977.3   938.1   1.086e3 1.043e3 708.5   684.4   871.8   701.6   
   170.e3  90.56   110.3   141.4   288.7   343.0   439.4   289.9   238.8   270.7   269.7   491.5   602.3   562.1   537.2   587.6   462.3   139.2   330.0   416.9   419.9   645.4   590.0   629.4   487.9   465.3   510.9   466.4   481.6   460.6   434.0   465.7   599.9   693.0   606.9   208.4   304.8   762.7   763.2   774.4   605.3   900.2   847.3   764.3   542.7   472.8   720.3   711.8   661.6   547.4   910.2   804.5   652.0   855.0   248.7   986.9   1.015e3 1.044e3 865.7   778.5   811.3   819.2   719.6   694.8   1.031e3 816.4   689.7   559.7   586.5   748.5   567.6   660.1   570.0   730.6   679.9   603.3   381.4   448.3   615.9   574.2   444.8   515.0   792.9   772.1   994.9   1.007e3 967.0   1.120e3 1.075e3 730.3   705.5   898.7   723.2   
   180.e3  94.85   115.2   146.5   303.4   365.6   458.4   303.6   250.3   281.2   283.6   513.9   631.1   592.2   565.6   614.2   483.7   154.4   348.1   436.1   440.1   676.1   622.5   658.7   514.4   483.8   532.1   487.1   505.1   480.8   456.2   488.5   629.0   724.9   634.6   215.8   322.1   798.9   799.3   809.2   632.2   939.2   886.0   799.9   569.4   498.1   755.5   747.5   692.4   583.3   944.4   841.4   684.4   895.2   262.9   1.035e3 1.063e3 1.096e3 907.1   816.0   849.0   857.3   756.4   728.0   1.074e3 855.6   720.9   586.9   613.0   784.4   598.8   687.3   595.0   762.7   711.7   634.7   399.1   472.2   647.9   600.9   466.4   540.0   834.5   808.8   1.044e3 1.059e3 1.013e3 1.174e3 1.129e3 767.1   740.4   944.7   757.1   
   200.e3  109.8   132.2   159.0   360.3   469.9   518.4   352.6   293.4   311.2   338.8   592.9   736.0   720.0   682.7   702.7   560.9   233.8   420.6   505.3   515.8   788.0   761.5   761.3   625.2   537.8   595.2   558.8   594.4   542.7   544.0   575.3   743.5   838.9   732.4   232.4   397.9   930.8   931.1   929.3   724.8   1.068e3 1.022e3 929.3   673.2   606.6   887.8   888.2   804.7   747.9   1.035e3 972.1   809.6   1.039e3 325.1   1.218e3 1.234e3 1.293e3 1.060e3 957.4   984.3   994.1   903.8   851.3   1.208e3 1.001e3 825.7   689.9   705.9   918.3   734.8   767.4   678.7   867.7   827.1   764.2   463.5   573.5   778.7   702.1   549.5   635.6   1.004e3 944.2   1.227e3 1.265e3 1.180e3 1.378e3 1.335e3 916.5   878.8   1.129e3 879.0   
   225.e3  119.3   146.5   169.4   400.7   540.2   560.3   387.0   325.4   335.7   378.7   653.1   811.5   822.8   773.1   762.0   622.9   273.6   467.1   559.9   576.8   871.8   869.0   834.1   707.2   581.1   636.5   618.6   664.1   577.1   609.9   642.0   840.9   927.3   807.2   244.5   457.2   1.029e3 1.030e3 1.021e3 799.3   1.168e3 1.124e3 1.031e3 755.8   695.5   986.5   997.1   893.3   857.7   1.108e3 1.072e3 906.6   1.146e3 374.8   1.356e3 1.350e3 1.445e3 1.174e3 1.068e3 1.088e3 1.098e3 1.020e3 946.1   1.303e3 1.113e3 897.1   770.6   778.6   1.021e3 847.7   823.0   745.6   942.0   917.1   867.4   515.4   657.8   881.5   789.1   617.4   713.2   1.132e3 1.051e3 1.363e3 1.435e3 1.311e3 1.532e3 1.490e3 1.043e3 995.8   1.272e3 971.0   
   250.e3  123.5   156.6   178.7   422.6   572.8   585.5   406.5   344.9   354.1   400.3   692.0   854.8   887.6   826.6   796.0   666.0   278.0   488.5   596.9   619.1   923.7   933.9   876.1   753.6   615.1   660.9   663.2   708.6   595.8   649.2   684.2   909.7   985.7   855.8   254.5   493.4   1.090e3 1.092e3 1.081e3 853.5   1.236e3 1.189e3 1.100e3 810.8   751.3   1.047e3 1.065e3 952.6   907.8   1.167e3 1.138e3 968.2   1.212e3 407.3   1.442e3 1.419e3 1.540e3 1.245e3 1.142e3 1.156e3 1.165e3 1.093e3 1.007e3 1.365e3 1.184e3 937.6   823.7   829.5   1.088e3 924.1   859.2   794.5   988.1   977.1   933.4   552.5   715.3   947.2   851.3   664.8   767.2   1.208e3 1.123e3 1.446e3 1.550e3 1.401e3 1.628e3 1.584e3 1.134e3 1.079e3 1.362e3 1.029e3 
   275.e3  125.3   164.1   188.1   435.5   588.1   603.8   419.7   358.3   369.5   412.7   721.1   883.1   931.4   860.6   824.2   700.6   269.2   499.4   626.0   653.0   960.8   977.1   904.5   782.3   646.8   686.1   701.4   740.7   617.6   675.5   714.4   962.3   1.030e3 892.4   264.8   517.8   1.134e3 1.136e3 1.126e3 899.7   1.291e3 1.237e3 1.153e3 852.7   785.9   1.089e3 1.113e3 998.2   931.0   1.221e3 1.188e3 1.013e3 1.260e3 431.9   1.504e3 1.474e3 1.608e3 1.294e3 1.198e3 1.207e3 1.215e3 1.145e3 1.053e3 1.415e3 1.235e3 965.8   863.8   871.9   1.137e3 981.8   889.7   837.0   1.023e3 1.024e3 980.1   583.6   759.3   994.6   899.4   702.9   810.5   1.258e3 1.179e3 1.504e3 1.638e3 1.472e3 1.695e3 1.649e3 1.206e3 1.147e3 1.425e3 1.072e3 
   300.e3  126.4   170.1   197.7   444.7   597.0   620.0   430.9   369.2   383.2   420.7   746.1   905.2   964.1   885.5   854.8   732.0   258.3   507.7   651.9   683.8   991.9   1.010e3 927.9   803.4   678.8   719.1   737.2   766.9   644.4   696.1   739.5   1.006e3 1.069e3 924.2   276.0   536.9   1.171e3 1.175e3 1.165e3 943.7   1.340e3 1.279e3 1.199e3 889.0   806.0   1.124e3 1.151e3 1.038e3 944.8   1.274e3 1.231e3 1.050e3 1.300e3 453.8   1.555e3 1.528e3 1.664e3 1.336e3 1.247e3 1.252e3 1.258e3 1.186e3 1.093e3 1.461e3 1.278e3 990.5   898.6   912.1   1.179e3 1.031e3 920.3   877.9   1.056e3 1.065e3 1.018e3 613.0   797.1   1.034e3 940.0   737.5   849.7   1.297e3 1.231e3 1.551e3 1.712e3 1.537e3 1.750e3 1.700e3 1.270e3 1.206e3 1.476e3 1.109e3 
   325.e3  127.3   175.3   207.6   452.9   604.9   636.3   441.9   379.4   396.0   427.1   770.1   925.6   991.7   907.1   889.7   763.0   250.1   516.9   677.3   714.3   1.022e3 1.040e3 950.5   822.3   712.2   758.5   772.7   791.2   673.3   715.2   763.1   1.044e3 1.107e3 954.9   288.3   554.1   1.206e3 1.212e3 1.203e3 988.4   1.389e3 1.319e3 1.243e3 923.8   817.0   1.158e3 1.186e3 1.076e3 957.9   1.328e3 1.274e3 1.086e3 1.340e3 475.8   1.604e3 1.585e3 1.717e3 1.376e3 1.294e3 1.294e3 1.301e3 1.224e3 1.131e3 1.509e3 1.317e3 1.016e3 932.1   953.2   1.219e3 1.077e3 953.5   919.9   1.090e3 1.105e3 1.052e3 642.8   832.7   1.071e3 976.9   771.5   888.3   1.332e3 1.281e3 1.596e3 1.782e3 1.600e3 1.802e3 1.748e3 1.331e3 1.264e3 1.523e3 1.145e3 
   350.e3  128.5   180.1   217.5   461.4   614.1   653.5   453.9   390.0   408.4   433.3   794.4   946.6   1.017e3 928.6   928.4   794.9   246.3   528.6   703.4   745.9   1.052e3 1.070e3 974.5   841.8   747.5   801.3   809.0   815.5   702.7   734.6   786.9   1.079e3 1.145e3 986.3   301.7   571.3   1.243e3 1.250e3 1.241e3 1.035e3 1.439e3 1.361e3 1.288e3 959.3   825.0   1.194e3 1.221e3 1.115e3 974.2   1.382e3 1.317e3 1.122e3 1.381e3 499.2   1.655e3 1.644e3 1.770e3 1.418e3 1.342e3 1.338e3 1.345e3 1.261e3 1.170e3 1.560e3 1.355e3 1.044e3 966.2   996.4   1.261e3 1.123e3 990.2   963.9   1.126e3 1.146e3 1.086e3 674.1   868.4   1.109e3 1.012e3 806.5   928.0   1.367e3 1.334e3 1.642e3 1.851e3 1.666e3 1.856e3 1.796e3 1.392e3 1.322e3 1.570e3 1.182e3 
   375.e3  130.1   184.7   227.4   470.8   625.7   672.1   467.0   401.2   420.6   439.9   819.9   969.2   1.043e3 951.4   970.1   828.5   247.3   543.3   730.9   779.2   1.084e3 1.101e3 1.001e3 863.1   784.7   845.7   846.5   840.6   732.7   755.5   811.9   1.114e3 1.185e3 1.019e3 316.1   589.5   1.281e3 1.291e3 1.282e3 1.084e3 1.491e3 1.405e3 1.335e3 996.4   837.1   1.232e3 1.258e3 1.155e3 995.2   1.438e3 1.363e3 1.160e3 1.424e3 524.7   1.709e3 1.707e3 1.827e3 1.463e3 1.392e3 1.384e3 1.393e3 1.299e3 1.212e3 1.614e3 1.395e3 1.076e3 1.002e3 1.042e3 1.304e3 1.170e3 1.031e3 1.010e3 1.166e3 1.189e3 1.121e3 707.4   905.3   1.149e3 1.048e3 843.1   969.6   1.403e3 1.390e3 1.691e3 1.923e3 1.736e3 1.912e3 1.848e3 1.455e3 1.381e3 1.619e3 1.221e3 
   400.e3  132.2   189.4   237.2   481.4   639.9   692.1   481.4   413.3   432.8   447.2   846.7   993.7   1.068e3 976.0   1.014e3 863.8   253.0   561.3   759.9   814.4   1.118e3 1.134e3 1.029e3 886.9   823.7   891.1   885.5   867.2   763.5   778.2   838.5   1.148e3 1.227e3 1.054e3 331.4   608.9   1.323e3 1.335e3 1.324e3 1.136e3 1.546e3 1.452e3 1.384e3 1.036e3 858.6   1.273e3 1.297e3 1.197e3 1.021e3 1.495e3 1.412e3 1.201e3 1.471e3 552.6   1.767e3 1.773e3 1.887e3 1.510e3 1.445e3 1.433e3 1.443e3 1.339e3 1.256e3 1.671e3 1.435e3 1.112e3 1.040e3 1.091e3 1.350e3 1.219e3 1.075e3 1.059e3 1.209e3 1.234e3 1.158e3 742.8   943.8   1.191e3 1.084e3 881.7   1.014e3 1.442e3 1.449e3 1.743e3 1.997e3 1.809e3 1.973e3 1.903e3 1.521e3 1.444e3 1.671e3 1.264e3 
   450.e3  137.6   198.7   256.1   505.9   675.2   735.8   513.7   440.0   457.2   464.1   904.3   1.048e3 1.123e3 1.030e3 1.108e3 939.9   276.1   605.8   822.4   890.3   1.193e3 1.208e3 1.094e3 942.2   906.6   983.8   967.2   924.5   827.7   828.9   896.0   1.221e3 1.317e3 1.129e3 364.5   651.9   1.413e3 1.432e3 1.416e3 1.248e3 1.662e3 1.554e3 1.489e3 1.120e3 933.3   1.364e3 1.382e3 1.287e3 1.088e3 1.612e3 1.517e3 1.289e3 1.574e3 615.1   1.893e3 1.914e3 2.017e3 1.616e3 1.559e3 1.538e3 1.553e3 1.426e3 1.352e3 1.793e3 1.520e3 1.192e3 1.121e3 1.197e3 1.448e3 1.324e3 1.172e3 1.164e3 1.304e3 1.332e3 1.238e3 819.6   1.026e3 1.283e3 1.160e3 964.5   1.108e3 1.527e3 1.577e3 1.859e3 2.154e3 1.968e3 2.104e3 2.023e3 1.660e3 1.575e3 1.785e3 1.355e3 
   500.e3  144.4   208.2   274.7   534.3   717.6   782.8   549.3   469.6   481.3   483.7   965.8   1.108e3 1.180e3 1.090e3 1.206e3 1.022e3 311.8   660.0   889.8   972.2   1.274e3 1.290e3 1.166e3 1.007e3 994.2   1.078e3 1.053e3 986.7   895.3   885.8   958.5   1.302e3 1.414e3 1.210e3 399.9   699.8   1.511e3 1.537e3 1.514e3 1.367e3 1.784e3 1.664e3 1.601e3 1.211e3 1.035e3 1.465e3 1.474e3 1.383e3 1.170e3 1.731e3 1.630e3 1.386e3 1.685e3 686.0   2.032e3 2.065e3 2.159e3 1.732e3 1.682e3 1.651e3 1.673e3 1.520e3 1.456e3 1.922e3 1.610e3 1.283e3 1.209e3 1.311e3 1.554e3 1.436e3 1.279e3 1.275e3 1.408e3 1.438e3 1.326e3 903.1   1.114e3 1.383e3 1.239e3 1.053e3 1.209e3 1.620e3 1.715e3 1.986e3 2.321e3 2.139e3 2.248e3 2.155e3 1.807e3 1.715e3 1.909e3 1.456e3 
   550.e3  152.1   217.9   293.9   565.2   764.5   831.4   587.0   501.0   504.8   505.0   1.030e3 1.171e3 1.239e3 1.153e3 1.306e3 1.108e3 356.7   721.7   960.5   1.058e3 1.359e3 1.377e3 1.242e3 1.078e3 1.084e3 1.173e3 1.140e3 1.052e3 965.2   947.3   1.024e3 1.390e3 1.516e3 1.295e3 436.8   751.2   1.614e3 1.648e3 1.617e3 1.491e3 1.910e3 1.778e3 1.717e3 1.306e3 1.146e3 1.572e3 1.572e3 1.482e3 1.263e3 1.849e3 1.749e3 1.489e3 1.803e3 763.6   2.180e3 2.222e3 2.308e3 1.855e3 1.811e3 1.769e3 1.799e3 1.618e3 1.565e3 2.053e3 1.705e3 1.381e3 1.301e3 1.430e3 1.665e3 1.553e3 1.392e3 1.391e3 1.517e3 1.547e3 1.419e3 991.4   1.206e3 1.489e3 1.321e3 1.147e3 1.315e3 1.718e3 1.861e3 2.120e3 2.495e3 2.318e3 2.399e3 2.295e3 1.961e3 1.861e3 2.040e3 1.561e3 
   600.e3  160.4   227.5   314.8   597.8   813.4   880.1   625.5   533.6   527.4   527.4   1.094e3 1.236e3 1.299e3 1.217e3 1.407e3 1.197e3 408.2   788.6   1.033e3 1.147e3 1.445e3 1.467e3 1.322e3 1.155e3 1.176e3 1.267e3 1.229e3 1.120e3 1.036e3 1.012e3 1.091e3 1.484e3 1.618e3 1.380e3 474.6   805.1   1.720e3 1.763e3 1.720e3 1.617e3 2.037e3 1.895e3 1.835e3 1.404e3 1.260e3 1.684e3 1.673e3 1.583e3 1.364e3 1.964e3 1.870e3 1.595e3 1.923e3 846.4   2.332e3 2.382e3 2.462e3 1.982e3 1.942e3 1.890e3 1.929e3 1.720e3 1.677e3 2.183e3 1.807e3 1.483e3 1.394e3 1.552e3 1.778e3 1.673e3 1.509e3 1.508e3 1.630e3 1.659e3 1.516e3 1.083e3 1.300e3 1.599e3 1.405e3 1.242e3 1.424e3 1.819e3 2.010e3 2.258e3 2.672e3 2.501e3 2.554e3 2.438e3 2.118e3 2.010e3 2.176e3 1.670e3 
   650.e3  169.1   237.1   337.8   631.2   862.7   927.7   664.0   566.7   549.1   550.3   1.158e3 1.301e3 1.358e3 1.281e3 1.506e3 1.286e3 464.1   859.4   1.107e3 1.236e3 1.532e3 1.558e3 1.403e3 1.236e3 1.267e3 1.360e3 1.316e3 1.188e3 1.107e3 1.078e3 1.158e3 1.580e3 1.721e3 1.466e3 512.8   860.3   1.826e3 1.878e3 1.824e3 1.744e3 2.162e3 2.012e3 1.953e3 1.503e3 1.372e3 1.798e3 1.775e3 1.684e3 1.469e3 2.075e3 1.992e3 1.703e3 2.044e3 933.1   2.486e3 2.542e3 2.616e3 2.110e3 2.074e3 2.011e3 2.060e3 1.822e3 1.790e3 2.310e3 1.913e3 1.588e3 1.489e3 1.675e3 1.890e3 1.793e3 1.628e3 1.626e3 1.742e3 1.770e3 1.614e3 1.176e3 1.395e3 1.711e3 1.489e3 1.338e3 1.533e3 1.920e3 2.161e3 2.397e3 2.848e3 2.685e3 2.710e3 2.582e3 2.276e3 2.159e3 2.312e3 1.779e3 
   700.e3  177.9   246.5   362.3   664.7   911.1   973.5   701.6   599.9   569.6   573.2   1.221e3 1.365e3 1.415e3 1.345e3 1.604e3 1.376e3 522.7   932.5   1.180e3 1.326e3 1.617e3 1.650e3 1.483e3 1.319e3 1.356e3 1.450e3 1.401e3 1.256e3 1.178e3 1.145e3 1.225e3 1.675e3 1.822e3 1.551e3 550.9   916.1   1.931e3 1.993e3 1.926e3 1.870e3 2.285e3 2.128e3 2.070e3 1.602e3 1.483e3 1.912e3 1.877e3 1.783e3 1.576e3 2.181e3 2.113e3 1.811e3 2.163e3 1.022e3 2.640e3 2.702e3 2.770e3 2.239e3 2.205e3 2.132e3 2.191e3 1.923e3 1.903e3 2.432e3 2.023e3 1.693e3 1.582e3 1.797e3 2.001e3 1.912e3 1.746e3 1.742e3 1.853e3 1.880e3 1.713e3 1.270e3 1.490e3 1.822e3 1.574e3 1.434e3 1.642e3 2.020e3 2.312e3 2.536e3 3.022e3 2.868e3 2.864e3 2.725e3 2.434e3 2.308e3 2.449e3 1.888e3 
   800.e3  195.4   264.7   413.4   730.6   1.002e3 1.058e3 773.1   665.0   607.7   618.4   1.342e3 1.487e3 1.525e3 1.468e3 1.791e3 1.554e3 643.4   1.082e3 1.324e3 1.500e3 1.781e3 1.828e3 1.640e3 1.489e3 1.529e3 1.621e3 1.564e3 1.390e3 1.314e3 1.278e3 1.354e3 1.859e3 2.018e3 1.715e3 626.0   1.027e3 2.133e3 2.217e3 2.123e3 2.114e3 2.519e3 2.350e3 2.294e3 1.794e3 1.695e3 2.135e3 2.076e3 1.974e3 1.788e3 2.376e3 2.349e3 2.025e3 2.394e3 1.205e3 2.941e3 3.011e3 3.067e3 2.491e3 2.460e3 2.367e3 2.448e3 2.121e3 2.122e3 2.659e3 2.251e3 1.902e3 1.763e3 2.035e3 2.214e3 2.144e3 1.977e3 1.967e3 2.068e3 2.093e3 1.908e3 1.456e3 1.675e3 2.041e3 1.740e3 1.621e3 1.855e3 2.214e3 2.606e3 2.804e3 3.357e3 3.223e3 3.161e3 3.002e3 2.742e3 2.598e3 2.716e3 2.101e3 
   900.e3  212.1   282.3   464.2   793.5   1.082e3 1.132e3 837.9   727.5   642.5   662.0   1.453e3 1.599e3 1.626e3 1.585e3 1.965e3 1.725e3 763.3   1.231e3 1.462e3 1.667e3 1.933e3 1.997e3 1.789e3 1.660e3 1.689e3 1.778e3 1.716e3 1.519e3 1.442e3 1.407e3 1.476e3 2.029e3 2.201e3 1.868e3 698.8   1.136e3 2.324e3 2.431e3 2.307e3 2.344e3 2.736e3 2.558e3 2.506e3 1.978e3 1.896e3 2.347e3 2.265e3 2.154e3 1.993e3 2.551e3 2.572e3 2.231e3 2.610e3 1.390e3 3.226e3 3.305e3 3.348e3 2.732e3 2.701e3 2.591e3 2.693e3 2.310e3 2.331e3 2.863e3 2.480e3 2.102e3 1.935e3 2.261e3 2.413e3 2.363e3 2.198e3 2.179e3 2.269e3 2.292e3 2.097e3 1.637e3 1.851e3 2.250e3 1.901e3 1.798e3 2.057e3 2.397e3 2.885e3 3.057e3 3.670e3 3.558e3 3.439e3 3.263e3 3.037e3 2.873e3 2.971e3 2.303e3 
   1.00e6  227.7   299.3   512.7   852.6   1.152e3 1.195e3 895.8   786.8   675.0   703.6   1.556e3 1.702e3 1.719e3 1.694e3 2.125e3 1.889e3 878.5   1.378e3 1.593e3 1.824e3 2.074e3 2.155e3 1.929e3 1.829e3 1.838e3 1.921e3 1.855e3 1.641e3 1.562e3 1.531e3 1.588e3 2.183e3 2.371e3 2.011e3 769.1   1.241e3 2.501e3 2.631e3 2.478e3 2.558e3 2.934e3 2.751e3 2.702e3 2.150e3 2.085e3 2.547e3 2.443e3 2.320e3 2.186e3 2.707e3 2.781e3 2.427e3 2.810e3 1.571e3 3.494e3 3.580e3 3.609e3 2.960e3 2.927e3 2.803e3 2.925e3 2.487e3 2.528e3 3.046e3 2.705e3 2.293e3 2.095e3 2.472e3 2.596e3 2.568e3 2.404e3 2.376e3 2.455e3 2.476e3 2.277e3 1.811e3 2.016e3 2.448e3 2.056e3 1.965e3 2.247e3 2.566e3 3.148e3 3.293e3 3.959e3 3.871e3 3.697e3 3.506e3 3.315e3 3.132e3 3.210e3 2.495e3 
   1.10e6  242.1   315.9   558.2   907.5   1.213e3 1.250e3 947.0   842.9   706.1   743.3   1.651e3 1.794e3 1.804e3 1.797e3 2.272e3 2.045e3 987.2   1.518e3 1.717e3 1.971e3 2.203e3 2.301e3 2.059e3 1.994e3 1.975e3 2.051e3 1.982e3 1.758e3 1.673e3 1.649e3 1.693e3 2.323e3 2.528e3 2.143e3 836.9   1.342e3 2.666e3 2.819e3 2.637e3 2.756e3 3.116e3 2.929e3 2.885e3 2.313e3 2.262e3 2.731e3 2.610e3 2.474e3 2.364e3 2.848e3 2.977e3 2.614e3 2.995e3 1.749e3 3.744e3 3.836e3 3.852e3 3.175e3 3.139e3 3.002e3 3.143e3 2.655e3 2.712e3 3.211e3 2.921e3 2.472e3 2.245e3 2.668e3 2.765e3 2.758e3 2.596e3 2.560e3 2.624e3 2.646e3 2.449e3 1.976e3 2.171e3 2.632e3 2.205e3 2.121e3 2.424e3 2.724e3 3.393e3 3.511e3 4.224e3 4.161e3 3.934e3 3.732e3 3.576e3 3.375e3 3.435e3 2.675e3 
   1.20e6  255.2   332.0   600.8   958.6   1.266e3 1.297e3 992.1   895.9   736.5   781.4   1.738e3 1.879e3 1.884e3 1.894e3 2.407e3 2.193e3 1.089e3 1.653e3 1.835e3 2.108e3 2.322e3 2.437e3 2.180e3 2.154e3 2.100e3 2.170e3 2.099e3 1.869e3 1.776e3 1.762e3 1.790e3 2.450e3 2.674e3 2.266e3 902.7   1.439e3 2.818e3 2.994e3 2.786e3 2.939e3 3.283e3 3.094e3 3.055e3 2.466e3 2.428e3 2.901e3 2.766e3 2.618e3 2.528e3 2.978e3 3.161e3 2.792e3 3.165e3 1.922e3 3.976e3 4.075e3 4.078e3 3.377e3 3.336e3 3.189e3 3.348e3 2.813e3 2.885e3 3.359e3 3.128e3 2.641e3 2.385e3 2.850e3 2.920e3 2.935e3 2.774e3 2.731e3 2.780e3 2.804e3 2.613e3 2.134e3 2.316e3 2.805e3 2.349e3 2.266e3 2.589e3 2.872e3 3.622e3 3.714e3 4.468e3 4.430e3 4.153e3 3.941e3 3.822e3 3.602e3 3.646e3 2.845e3 
   1.30e6  267.1   347.8   640.8   1.006e3 1.312e3 1.339e3 1.032e3 946.1   766.7   818.0   1.818e3 1.956e3 1.959e3 1.986e3 2.532e3 2.334e3 1.183e3 1.781e3 1.947e3 2.236e3 2.432e3 2.562e3 2.294e3 2.308e3 2.216e3 2.279e3 2.207e3 1.974e3 1.873e3 1.868e3 1.880e3 2.566e3 2.809e3 2.381e3 966.8   1.533e3 2.960e3 3.160e3 2.925e3 3.110e3 3.437e3 3.248e3 3.214e3 2.610e3 2.584e3 3.058e3 2.913e3 2.752e3 2.679e3 3.098e3 3.334e3 2.961e3 3.324e3 2.089e3 4.192e3 4.300e3 4.288e3 3.568e3 3.522e3 3.367e3 3.541e3 2.962e3 3.047e3 3.493e3 3.326e3 2.800e3 2.517e3 3.020e3 3.064e3 3.100e3 2.940e3 2.890e3 2.924e3 2.950e3 2.768e3 2.284e3 2.451e3 2.968e3 2.488e3 2.402e3 2.744e3 3.010e3 3.836e3 3.903e3 4.693e3 4.679e3 4.356e3 4.137e3 4.053e3 3.815e3 3.845e3 3.006e3 
   1.40e6  277.9   363.2   678.5   1.050e3 1.354e3 1.376e3 1.068e3 994.0   797.1   853.5   1.894e3 2.027e3 2.030e3 2.075e3 2.648e3 2.470e3 1.270e3 1.902e3 2.055e3 2.357e3 2.535e3 2.680e3 2.401e3 2.457e3 2.322e3 2.380e3 2.306e3 2.075e3 1.963e3 1.970e3 1.965e3 2.673e3 2.936e3 2.489e3 1.030e3 1.624e3 3.094e3 3.316e3 3.057e3 3.269e3 3.580e3 3.392e3 3.363e3 2.746e3 2.732e3 3.201e3 3.052e3 2.878e3 2.819e3 3.212e3 3.497e3 3.123e3 3.472e3 2.251e3 4.394e3 4.511e3 4.485e3 3.750e3 3.698e3 3.537e3 3.724e3 3.105e3 3.200e3 3.616e3 3.516e3 2.951e3 2.641e3 3.178e3 3.197e3 3.255e3 3.094e3 3.040e3 3.057e3 3.086e3 2.915e3 2.427e3 2.578e3 3.120e3 2.622e3 2.530e3 2.890e3 3.142e3 4.036e3 4.081e3 4.900e3 4.912e3 4.545e3 4.322e3 4.272e3 4.016e3 4.033e3 3.159e3 
   1.50e6  287.8   378.3   714.1   1.092e3 1.391e3 1.411e3 1.100e3 1.040e3 827.8   888.0   1.965e3 2.092e3 2.097e3 2.159e3 2.756e3 2.600e3 1.351e3 2.016e3 2.158e3 2.470e3 2.631e3 2.790e3 2.503e3 2.600e3 2.422e3 2.474e3 2.399e3 2.172e3 2.048e3 2.067e3 2.045e3 2.772e3 3.055e3 2.591e3 1.092e3 1.713e3 3.221e3 3.465e3 3.182e3 3.417e3 3.713e3 3.528e3 3.505e3 2.876e3 2.872e3 3.333e3 3.183e3 2.997e3 2.947e3 3.320e3 3.653e3 3.278e3 3.612e3 2.408e3 4.584e3 4.711e3 4.671e3 3.924e3 3.865e3 3.699e3 3.897e3 3.241e3 3.345e3 3.729e3 3.697e3 3.094e3 2.760e3 3.327e3 3.323e3 3.401e3 3.239e3 3.182e3 3.181e3 3.214e3 3.056e3 2.564e3 2.698e3 3.264e3 2.753e3 2.651e3 3.027e3 3.267e3 4.226e3 4.248e3 5.094e3 5.130e3 4.722e3 4.496e3 4.480e3 4.207e3 4.211e3 3.307e3 
   1.60e6  296.9   393.1   748.1   1.131e3 1.426e3 1.444e3 1.129e3 1.084e3 859.0   921.7   2.032e3 2.154e3 2.162e3 2.241e3 2.858e3 2.725e3 1.425e3 2.123e3 2.257e3 2.577e3 2.722e3 2.893e3 2.599e3 2.738e3 2.514e3 2.563e3 2.486e3 2.265e3 2.129e3 2.160e3 2.121e3 2.865e3 3.168e3 2.688e3 1.153e3 1.799e3 3.341e3 3.607e3 3.302e3 3.558e3 3.838e3 3.658e3 3.640e3 3.000e3 3.007e3 3.455e3 3.309e3 3.111e3 3.067e3 3.425e3 3.801e3 3.427e3 3.744e3 2.561e3 4.763e3 4.901e3 4.847e3 4.090e3 4.024e3 3.854e3 4.063e3 3.372e3 3.484e3 3.834e3 3.872e3 3.230e3 2.873e3 3.467e3 3.441e3 3.540e3 3.374e3 3.317e3 3.297e3 3.335e3 3.192e3 2.696e3 2.812e3 3.401e3 2.880e3 2.766e3 3.157e3 3.388e3 4.405e3 4.407e3 5.274e3 5.336e3 4.889e3 4.663e3 4.679e3 4.388e3 4.382e3 3.449e3 
   1.70e6  305.3   407.5   780.6   1.168e3 1.458e3 1.476e3 1.155e3 1.127e3 890.9   954.9   2.097e3 2.212e3 2.225e3 2.321e3 2.954e3 2.846e3 1.495e3 2.223e3 2.353e3 2.679e3 2.808e3 2.992e3 2.692e3 2.871e3 2.601e3 2.647e3 2.568e3 2.355e3 2.207e3 2.250e3 2.193e3 2.954e3 3.275e3 2.782e3 1.215e3 1.885e3 3.457e3 3.744e3 3.417e3 3.691e3 3.955e3 3.782e3 3.770e3 3.120e3 3.135e3 3.567e3 3.429e3 3.220e3 3.179e3 3.528e3 3.944e3 3.572e3 3.870e3 2.711e3 4.934e3 5.083e3 5.015e3 4.252e3 4.178e3 4.004e3 4.223e3 3.500e3 3.616e3 3.934e3 4.041e3 3.360e3 2.983e3 3.600e3 3.554e3 3.673e3 3.503e3 3.446e3 3.407e3 3.451e3 3.321e3 2.823e3 2.921e3 3.532e3 3.005e3 2.876e3 3.282e3 3.505e3 4.575e3 4.558e3 5.444e3 5.531e3 5.048e3 4.823e3 4.870e3 4.562e3 4.546e3 3.588e3 
   1.80e6  313.0   421.6   811.9   1.203e3 1.488e3 1.507e3 1.180e3 1.168e3 923.4   987.6   2.159e3 2.267e3 2.287e3 2.399e3 3.046e3 2.964e3 1.558e3 2.315e3 2.447e3 2.777e3 2.891e3 3.086e3 2.781e3 2.999e3 2.683e3 2.727e3 2.646e3 2.443e3 2.281e3 2.336e3 2.263e3 3.038e3 3.378e3 2.872e3 1.276e3 1.969e3 3.568e3 3.876e3 3.530e3 3.818e3 4.067e3 3.901e3 3.895e3 3.236e3 3.259e3 3.671e3 3.545e3 3.326e3 3.284e3 3.629e3 4.082e3 3.713e3 3.991e3 2.857e3 5.098e3 5.258e3 5.176e3 4.408e3 4.326e3 4.149e3 4.376e3 3.623e3 3.743e3 4.028e3 4.205e3 3.486e3 3.088e3 3.727e3 3.663e3 3.802e3 3.625e3 3.571e3 3.512e3 3.562e3 3.447e3 2.947e3 3.025e3 3.658e3 3.127e3 2.981e3 3.401e3 3.619e3 4.739e3 4.704e3 5.605e3 5.717e3 5.201e3 4.978e3 5.054e3 4.730e3 4.705e3 3.724e3 
   2.00e6  327.1   449.0   871.9   1.269e3 1.544e3 1.569e3 1.225e3 1.249e3 990.5   1.052e3 2.278e3 2.371e3 2.406e3 2.551e3 3.219e3 3.191e3 1.673e3 2.481e3 2.630e3 2.961e3 3.050e3 3.264e3 2.952e3 3.244e3 2.835e3 2.879e3 2.791e3 2.612e3 2.424e3 2.503e3 2.397e3 3.198e3 3.573e3 3.044e3 1.401e3 2.137e3 3.783e3 4.131e3 3.747e3 4.059e3 4.276e3 4.130e3 4.136e3 3.460e3 3.497e3 3.860e3 3.767e3 3.529e3 3.479e3 3.830e3 4.346e3 3.985e3 4.223e3 3.142e3 5.408e3 5.592e3 5.483e3 4.711e3 4.612e3 4.427e3 4.670e3 3.864e3 3.985e3 4.206e3 4.521e3 3.727e3 3.293e3 3.967e3 3.870e3 4.047e3 3.855e3 3.810e3 3.711e3 3.774e3 3.686e3 3.184e3 3.223e3 3.897e3 3.366e3 3.183e3 3.630e3 3.842e3 5.048e3 4.984e3 5.906e3 6.068e3 5.490e3 5.277e3 5.407e3 5.052e3 5.010e3 3.990e3 
   2.25e6  342.8   482.0   943.1   1.346e3 1.610e3 1.645e3 1.277e3 1.346e3 1.078e3 1.132e3 2.420e3 2.493e3 2.553e3 2.736e3 3.421e3 3.464e3 1.797e3 2.655e3 2.851e3 3.177e3 3.239e3 3.473e3 3.156e3 3.530e3 3.010e3 3.058e3 2.958e3 2.814e3 2.593e3 2.701e3 2.557e3 3.387e3 3.802e3 3.251e3 1.560e3 2.347e3 4.041e3 4.436e3 4.011e3 4.342e3 4.518e3 4.404e3 4.425e3 3.729e3 3.778e3 4.071e3 4.032e3 3.774e3 3.701e3 4.081e3 4.662e3 4.311e3 4.501e3 3.488e3 5.774e3 5.989e3 5.846e3 5.079e3 4.954e3 4.757e3 5.020e3 4.157e3 4.269e3 4.416e3 4.901e3 4.013e3 3.540e3 4.247e3 4.116e3 4.339e3 4.122e3 4.096e3 3.945e3 4.026e3 3.970e3 3.468e3 3.455e3 4.179e3 3.657e3 3.422e3 3.901e3 4.117e3 5.411e3 5.317e3 6.250e3 6.480e3 5.834e3 5.638e3 5.827e3 5.435e3 5.376e3 4.318e3 
   2.50e6  357.2   514.6   1.012e3 1.419e3 1.674e3 1.722e3 1.326e3 1.442e3 1.170e3 1.212e3 2.558e3 2.610e3 2.697e3 2.918e3 3.613e3 3.728e3 1.906e3 2.799e3 3.068e3 3.383e3 3.423e3 3.675e3 3.355e3 3.798e3 3.174e3 3.232e3 3.115e3 3.010e3 2.757e3 2.892e3 2.713e3 3.570e3 4.022e3 3.453e3 1.727e3 2.561e3 4.293e3 4.735e3 4.271e3 4.614e3 4.747e3 4.672e3 4.706e3 3.992e3 4.050e3 4.264e3 4.289e3 4.013e3 3.909e3 4.337e3 4.966e3 4.626e3 4.772e3 3.831e3 6.127e3 6.372e3 6.197e3 5.440e3 5.289e3 5.070e3 5.358e3 4.446e3 4.538e3 4.622e3 5.270e3 4.291e3 3.783e3 4.514e3 4.357e3 4.624e3 4.374e3 4.374e3 4.172e3 4.270e3 4.241e3 3.743e3 3.677e3 4.451e3 3.944e3 3.654e3 4.162e3 4.391e3 5.757e3 5.641e3 6.572e3 6.872e3 6.166e3 5.994e3 6.234e3 5.806e3 5.733e3 4.646e3 
   2.75e6  371.0   547.5   1.079e3 1.489e3 1.738e3 1.801e3 1.375e3 1.538e3 1.266e3 1.294e3 2.695e3 2.726e3 2.842e3 3.098e3 3.798e3 3.987e3 2.010e3 2.924e3 3.284e3 3.583e3 3.604e3 3.872e3 3.552e3 4.053e3 3.333e3 3.403e3 3.265e3 3.201e3 2.919e3 3.079e3 2.868e3 3.751e3 4.235e3 3.652e3 1.901e3 2.781e3 4.545e3 5.030e3 4.531e3 4.880e3 4.971e3 4.938e3 4.985e3 4.252e3 4.316e3 4.451e3 4.542e3 4.251e3 4.107e3 4.600e3 5.264e3 4.936e3 5.041e3 4.173e3 6.472e3 6.748e3 6.540e3 5.800e3 5.619e3 5.371e3 5.689e3 4.736e3 4.797e3 4.828e3 5.634e3 4.564e3 4.026e3 4.773e3 4.595e3 4.906e3 4.618e3 4.650e3 4.395e3 4.513e3 4.504e3 4.011e3 3.892e3 4.717e3 4.230e3 3.883e3 4.420e3 4.669e3 6.092e3 5.961e3 6.880e3 7.253e3 6.495e3 6.351e3 6.634e3 6.172e3 6.088e3 4.980e3 
   3.00e6  384.7   581.4   1.146e3 1.558e3 1.803e3 1.882e3 1.425e3 1.634e3 1.365e3 1.376e3 2.831e3 2.842e3 2.987e3 3.278e3 3.980e3 4.242e3 2.116e3 3.041e3 3.501e3 3.780e3 3.786e3 4.069e3 3.749e3 4.297e3 3.490e3 3.574e3 3.413e3 3.388e3 3.081e3 3.263e3 3.023e3 3.932e3 4.446e3 3.852e3 2.083e3 3.007e3 4.799e3 5.325e3 4.793e3 5.144e3 5.195e3 5.205e3 5.264e3 4.512e3 4.579e3 4.639e3 4.794e3 4.491e3 4.302e3 4.871e3 5.558e3 5.241e3 5.313e3 4.518e3 6.816e3 7.121e3 6.882e3 6.163e3 5.949e3 5.662e3 6.017e3 5.028e3 5.049e3 5.037e3 5.996e3 4.837e3 4.270e3 5.028e3 4.834e3 5.189e3 4.858e3 4.927e3 4.619e3 4.756e3 4.763e3 4.277e3 4.105e3 4.981e3 4.515e3 4.111e3 4.677e3 4.953e3 6.422e3 6.282e3 7.179e3 7.629e3 6.823e3 6.712e3 7.032e3 6.537e3 6.443e3 5.321e3 
   3.25e6  398.4   616.7   1.212e3 1.627e3 1.870e3 1.965e3 1.478e3 1.731e3 1.467e3 1.460e3 2.967e3 2.958e3 3.133e3 3.458e3 4.159e3 4.494e3 2.229e3 3.158e3 3.719e3 3.975e3 3.969e3 4.267e3 3.948e3 4.533e3 3.648e3 3.745e3 3.561e3 3.574e3 3.243e3 3.446e3 3.180e3 4.116e3 4.655e3 4.052e3 2.274e3 3.242e3 5.055e3 5.622e3 5.058e3 5.408e3 5.424e3 5.474e3 5.544e3 4.774e3 4.841e3 4.830e3 5.047e3 4.732e3 4.496e3 5.149e3 5.849e3 5.544e3 5.587e3 4.868e3 7.159e3 7.492e3 7.222e3 6.530e3 6.279e3 5.945e3 6.345e3 5.324e3 5.296e3 5.251e3 6.356e3 5.112e3 4.517e3 5.282e3 5.075e3 5.475e3 5.096e3 5.205e3 4.846e3 5.001e3 5.021e3 4.541e3 4.317e3 5.245e3 4.803e3 4.341e3 4.936e3 5.243e3 6.748e3 6.605e3 7.473e3 8.002e3 7.154e3 7.079e3 7.430e3 6.903e3 6.801e3 5.672e3 
   3.50e6  412.5   653.4   1.277e3 1.695e3 1.939e3 2.049e3 1.532e3 1.830e3 1.572e3 1.546e3 3.104e3 3.076e3 3.280e3 3.638e3 4.336e3 4.744e3 2.353e3 3.282e3 3.938e3 4.170e3 4.154e3 4.466e3 4.149e3 4.763e3 3.809e3 3.919e3 3.710e3 3.757e3 3.407e3 3.628e3 3.339e3 4.301e3 4.863e3 4.253e3 2.474e3 3.484e3 5.315e3 5.920e3 5.327e3 5.675e3 5.659e3 5.747e3 5.826e3 5.038e3 5.103e3 5.028e3 5.301e3 4.976e3 4.692e3 5.434e3 6.139e3 5.844e3 5.866e3 5.224e3 7.503e3 7.864e3 7.564e3 6.901e3 6.611e3 6.220e3 6.673e3 5.625e3 5.541e3 5.470e3 6.717e3 5.388e3 4.767e3 5.535e3 5.319e3 5.764e3 5.333e3 5.486e3 5.076e3 5.249e3 5.279e3 4.803e3 4.529e3 5.510e3 5.092e3 4.573e3 5.196e3 5.540e3 7.072e3 6.932e3 7.764e3 8.375e3 7.488e3 7.453e3 7.830e3 7.271e3 7.163e3 6.033e3 
   3.75e6  427.1   691.7   1.343e3 1.763e3 2.010e3 2.135e3 1.589e3 1.930e3 1.680e3 1.633e3 3.242e3 3.194e3 3.428e3 3.818e3 4.512e3 4.991e3 2.490e3 3.416e3 4.160e3 4.364e3 4.341e3 4.668e3 4.352e3 4.989e3 3.972e3 4.094e3 3.863e3 3.940e3 3.572e3 3.809e3 3.501e3 4.488e3 5.071e3 4.457e3 2.683e3 3.734e3 5.579e3 6.221e3 5.600e3 5.944e3 5.902e3 6.022e3 6.110e3 5.305e3 5.365e3 5.233e3 5.556e3 5.223e3 4.890e3 5.726e3 6.426e3 6.143e3 6.149e3 5.587e3 7.849e3 8.237e3 7.907e3 7.277e3 6.944e3 6.491e3 7.002e3 5.931e3 5.785e3 5.696e3 7.078e3 5.668e3 5.021e3 5.789e3 5.567e3 6.057e3 5.571e3 5.769e3 5.310e3 5.500e3 5.537e3 5.065e3 4.743e3 5.776e3 5.384e3 4.809e3 5.459e3 5.844e3 7.395e3 7.263e3 8.054e3 8.748e3 7.826e3 7.834e3 8.233e3 7.643e3 7.530e3 6.404e3 
   4.00e6  442.2   731.4   1.408e3 1.831e3 2.082e3 2.222e3 1.648e3 2.031e3 1.790e3 1.723e3 3.380e3 3.314e3 3.577e3 3.998e3 4.686e3 5.237e3 2.642e3 3.563e3 4.383e3 4.559e3 4.530e3 4.871e3 4.558e3 5.211e3 4.138e3 4.271e3 4.019e3 4.122e3 3.739e3 3.989e3 3.664e3 4.678e3 5.278e3 4.661e3 2.899e3 3.992e3 5.847e3 6.524e3 5.876e3 6.215e3 6.153e3 6.301e3 6.397e3 5.574e3 5.628e3 5.445e3 5.814e3 5.473e3 5.092e3 6.023e3 6.713e3 6.441e3 6.437e3 5.956e3 8.197e3 8.610e3 8.252e3 7.658e3 7.278e3 6.758e3 7.332e3 6.241e3 6.028e3 5.927e3 7.439e3 5.951e3 5.277e3 6.045e3 5.817e3 6.353e3 5.810e3 6.056e3 5.549e3 5.755e3 5.797e3 5.327e3 4.958e3 6.044e3 5.678e3 5.047e3 5.726e3 6.153e3 7.717e3 7.597e3 8.345e3 9.121e3 8.169e3 8.222e3 8.638e3 8.017e3 7.901e3 6.784e3 
   4.50e6  474.4   814.2   1.538e3 1.966e3 2.232e3 2.400e3 1.773e3 2.238e3 2.014e3 1.907e3 3.656e3 3.557e3 3.874e3 4.355e3 5.030e3 5.719e3 2.985e3 3.891e3 4.832e3 4.948e3 4.913e3 5.285e3 4.977e3 5.647e3 4.480e3 4.631e3 4.343e3 4.484e3 4.078e3 4.348e3 3.998e3 5.063e3 5.693e3 5.074e3 3.355e3 4.527e3 6.392e3 7.134e3 6.438e3 6.767e3 6.681e3 6.866e3 6.974e3 6.118e3 6.154e3 5.889e3 6.335e3 5.980e3 5.508e3 6.630e3 7.280e3 7.033e3 7.024e3 6.714e3 8.895e3 9.358e3 8.944e3 8.430e3 7.949e3 7.285e3 7.997e3 6.873e3 6.516e3 6.405e3 8.160e3 6.527e3 5.798e3 6.559e3 6.326e3 6.957e3 6.290e3 6.638e3 6.037e3 6.274e3 6.324e3 5.847e3 5.396e3 6.587e3 6.271e3 5.533e3 6.267e3 6.789e3 8.360e3 8.276e3 8.930e3 9.869e3 8.864e3 9.018e3 9.457e3 8.775e3 8.656e3 7.573e3 
   5.00e6  509.2   900.4   1.665e3 2.100e3 2.386e3 2.580e3 1.908e3 2.449e3 2.244e3 2.098e3 3.932e3 3.802e3 4.171e3 4.707e3 5.368e3 6.189e3 3.376e3 4.262e3 5.283e3 5.337e3 5.299e3 5.705e3 5.402e3 6.076e3 4.831e3 4.995e3 4.682e3 4.843e3 4.421e3 4.704e3 4.339e3 5.454e3 6.106e3 5.489e3 3.837e3 5.086e3 6.947e3 7.747e3 7.008e3 7.328e3 7.238e3 7.440e3 7.554e3 6.667e3 6.680e3 6.355e3 6.860e3 6.494e3 5.944e3 7.250e3 7.840e3 7.620e3 7.623e3 7.493e3 9.593e3 10.10e3 9.637e3 9.212e3 8.619e3 7.811e3 8.664e3 7.517e3 7.010e3 6.902e3 8.876e3 7.114e3 6.327e3 7.078e3 6.843e3 7.571e3 6.775e3 7.228e3 6.540e3 6.803e3 6.858e3 6.364e3 5.844e3 7.135e3 6.870e3 6.030e3 6.819e3 7.442e3 8.999e3 8.964e3 9.521e3 10.62e3 9.571e3 9.836e3 10.28e3 9.540e3 9.422e3 8.393e3 
   5.50e6  546.9   988.6   1.790e3 2.233e3 2.544e3 2.761e3 2.050e3 2.662e3 2.476e3 2.295e3 4.204e3 4.048e3 4.463e3 5.051e3 5.697e3 6.643e3 3.806e3 4.665e3 5.734e3 5.724e3 5.688e3 6.129e3 5.832e3 6.499e3 5.189e3 5.361e3 5.032e3 5.201e3 4.767e3 5.054e3 4.685e3 5.848e3 6.515e3 5.904e3 4.339e3 5.663e3 7.508e3 8.357e3 7.583e3 7.895e3 7.817e3 8.017e3 8.133e3 7.217e3 7.204e3 6.836e3 7.386e3 7.012e3 6.398e3 7.875e3 8.390e3 8.201e3 8.229e3 8.289e3 10.29e3 10.84e3 10.33e3 9.996e3 9.283e3 8.338e3 9.329e3 8.169e3 7.511e3 7.411e3 9.583e3 7.709e3 6.859e3 7.599e3 7.365e3 8.192e3 7.262e3 7.822e3 7.053e3 7.339e3 7.398e3 6.875e3 6.299e3 7.687e3 7.471e3 6.536e3 7.379e3 8.106e3 9.633e3 9.658e3 10.12e3 11.36e3 10.29e3 10.67e3 11.11e3 10.31e3 10.20e3 9.238e3 
   6.00e6  587.1   1.078e3 1.911e3 2.364e3 2.702e3 2.942e3 2.200e3 2.877e3 2.708e3 2.497e3 4.472e3 4.294e3 4.749e3 5.385e3 6.015e3 7.078e3 4.266e3 5.092e3 6.180e3 6.106e3 6.075e3 6.555e3 6.262e3 6.915e3 5.551e3 5.728e3 5.391e3 5.555e3 5.115e3 5.397e3 5.034e3 6.241e3 6.919e3 6.315e3 4.858e3 6.252e3 8.070e3 8.962e3 8.157e3 8.465e3 8.411e3 8.594e3 8.707e3 7.765e3 7.722e3 7.327e3 7.912e3 7.530e3 6.867e3 8.501e3 8.929e3 8.776e3 8.837e3 9.095e3 10.97e3 11.57e3 11.01e3 10.78e3 9.938e3 8.870e3 9.988e3 8.825e3 8.018e3 7.931e3 10.28e3 8.310e3 7.390e3 8.120e3 7.888e3 8.815e3 7.749e3 8.416e3 7.575e3 7.878e3 7.943e3 7.382e3 6.760e3 8.240e3 8.071e3 7.048e3 7.942e3 8.777e3 10.26e3 10.35e3 10.72e3 12.09e3 11.00e3 11.51e3 11.93e3 11.08e3 10.97e3 10.10e3 
   6.50e6  630.0   1.167e3 2.028e3 2.492e3 2.860e3 3.120e3 2.355e3 3.092e3 2.941e3 2.703e3 4.735e3 4.537e3 5.028e3 5.708e3 6.322e3 7.495e3 4.747e3 5.533e3 6.619e3 6.483e3 6.459e3 6.979e3 6.691e3 7.323e3 5.913e3 6.092e3 5.755e3 5.906e3 5.461e3 5.734e3 5.384e3 6.633e3 7.315e3 6.722e3 5.387e3 6.848e3 8.631e3 9.557e3 8.729e3 9.036e3 9.014e3 9.167e3 9.273e3 8.309e3 8.232e3 7.823e3 8.434e3 8.045e3 7.350e3 9.123e3 9.457e3 9.343e3 9.442e3 9.904e3 11.65e3 12.29e3 11.68e3 11.55e3 10.58e3 9.405e3 10.64e3 9.479e3 8.530e3 8.457e3 10.95e3 8.912e3 7.919e3 8.638e3 8.410e3 9.435e3 8.235e3 9.007e3 8.100e3 8.418e3 8.488e3 7.881e3 7.226e3 8.791e3 8.667e3 7.564e3 8.508e3 9.450e3 10.87e3 11.04e3 11.32e3 12.81e3 11.72e3 12.36e3 12.75e3 11.84e3 11.74e3 10.98e3 
   7.00e6  675.1   1.255e3 2.140e3 2.617e3 3.016e3 3.295e3 2.516e3 3.307e3 3.171e3 2.911e3 4.991e3 4.776e3 5.298e3 6.018e3 6.617e3 7.891e3 5.242e3 5.984e3 7.048e3 6.852e3 6.838e3 7.400e3 7.115e3 7.723e3 6.274e3 6.453e3 6.122e3 6.254e3 5.805e3 6.064e3 5.733e3 7.020e3 7.704e3 7.122e3 5.922e3 7.446e3 9.187e3 10.14e3 9.294e3 9.604e3 9.620e3 9.735e3 9.829e3 8.845e3 8.734e3 8.320e3 8.950e3 8.555e3 7.842e3 9.737e3 9.973e3 9.901e3 10.04e3 10.71e3 12.30e3 12.98e3 12.34e3 12.30e3 11.21e3 9.943e3 11.28e3 10.13e3 9.045e3 8.986e3 11.61e3 9.514e3 8.441e3 9.153e3 8.927e3 10.05e3 8.718e3 9.592e3 8.629e3 8.956e3 9.032e3 8.374e3 7.693e3 9.339e3 9.257e3 8.082e3 9.073e3 10.12e3 11.48e3 11.73e3 11.92e3 13.52e3 12.43e3 13.21e3 13.56e3 12.59e3 12.51e3 11.86e3 
   8.00e6  771.3   1.426e3 2.351e3 2.855e3 3.320e3 3.634e3 2.847e3 3.728e3 3.621e3 3.332e3 5.481e3 5.243e3 5.809e3 6.598e3 7.171e3 8.622e3 6.244e3 6.889e3 7.874e3 7.563e3 7.576e3 8.225e3 7.945e3 8.495e3 6.984e3 7.160e3 6.852e3 6.933e3 6.482e3 6.701e3 6.426e3 7.778e3 8.452e3 7.897e3 6.995e3 8.634e3 10.28e3 11.26e3 10.40e3 10.72e3 10.82e3 10.84e3 10.90e3 9.886e3 9.704e3 9.308e3 9.960e3 9.553e3 8.845e3 10.93e3 10.97e3 10.99e3 11.20e3 12.30e3 13.57e3 14.32e3 13.60e3 13.74e3 12.42e3 11.02e3 12.51e3 11.41e3 10.07e3 10.04e3 12.86e3 10.71e3 9.459e3 10.17e3 9.943e3 11.25e3 9.671e3 10.74e3 9.682e3 10.02e3 10.11e3 9.340e3 8.627e3 10.42e3 10.41e3 9.116e3 10.19e3 11.44e3 12.65e3 13.07e3 13.11e3 14.88e3 13.82e3 14.88e3 15.12e3 14.06e3 14.01e3 13.62e3 
   9.00e6  873.4   1.587e3 2.541e3 3.079e3 3.609e3 3.954e3 3.187e3 4.137e3 4.053e3 3.753e3 5.942e3 5.688e3 6.282e3 7.124e3 7.675e3 9.273e3 7.232e3 7.779e3 8.650e3 8.236e3 8.281e3 9.020e3 8.740e3 9.225e3 7.672e3 7.840e3 7.568e3 7.589e3 7.138e3 7.309e3 7.104e3 8.509e3 9.159e3 8.633e3 8.052e3 9.791e3 11.32e3 12.31e3 11.45e3 11.82e3 12.00e3 11.91e3 11.92e3 10.88e3 10.63e3 10.27e3 10.93e3 10.51e3 9.852e3 12.07e3 11.91e3 12.03e3 12.30e3 13.82e3 14.75e3 15.57e3 14.80e3 15.08e3 13.56e3 12.08e3 13.68e3 12.65e3 11.09e3 11.09e3 14.02e3 11.87e3 10.44e3 11.15e3 10.93e3 12.41e3 10.60e3 11.84e3 10.72e3 11.05e3 11.16e3 10.28e3 9.551e3 11.47e3 11.52e3 10.14e3 11.29e3 12.73e3 13.77e3 14.36e3 14.26e3 16.17e3 15.17e3 16.52e3 16.61e3 15.46e3 15.45e3 15.36e3 
   10.0e6  979.3   1.738e3 2.712e3 3.287e3 3.880e3 4.254e3 3.529e3 4.527e3 4.463e3 4.168e3 6.372e3 6.111e3 6.715e3 7.599e3 8.133e3 9.851e3 8.178e3 8.634e3 9.371e3 8.869e3 8.950e3 9.781e3 9.493e3 9.911e3 8.331e3 8.492e3 8.260e3 8.219e3 7.771e3 7.892e3 7.763e3 9.207e3 9.825e3 9.330e3 9.075e3 10.90e3 12.32e3 13.29e3 12.45e3 12.87e3 13.12e3 12.92e3 12.87e3 11.82e3 11.50e3 11.21e3 11.86e3 11.43e3 10.85e3 13.15e3 12.80e3 13.02e3 13.32e3 15.25e3 15.86e3 16.74e3 15.92e3 16.31e3 14.63e3 13.11e3 14.77e3 13.84e3 12.09e3 12.11e3 15.10e3 12.99e3 11.37e3 12.10e3 11.87e3 13.50e3 11.50e3 12.89e3 11.74e3 12.05e3 12.19e3 11.19e3 10.46e3 12.48e3 12.59e3 11.15e3 12.36e3 13.96e3 14.83e3 15.59e3 15.37e3 17.38e3 16.47e3 18.10e3 18.02e3 16.80e3 16.82e3 17.04e3 
   11.0e6  1.087e3 1.878e3 2.866e3 3.481e3 4.132e3 4.534e3 3.870e3 4.898e3 4.850e3 4.574e3 6.773e3 6.511e3 7.111e3 8.027e3 8.550e3 10.36e3 9.069e3 9.445e3 10.04e3 9.462e3 9.583e3 10.50e3 10.20e3 10.55e3 8.960e3 9.113e3 8.924e3 8.823e3 8.378e3 8.450e3 8.401e3 9.874e3 10.45e3 9.986e3 10.05e3 11.95e3 13.27e3 14.19e3 13.40e3 13.87e3 14.18e3 13.88e3 13.76e3 12.71e3 12.32e3 12.11e3 12.75e3 12.31e3 11.82e3 14.17e3 13.64e3 13.96e3 14.26e3 16.58e3 16.89e3 17.83e3 16.96e3 17.42e3 15.64e3 14.11e3 15.80e3 14.97e3 13.06e3 13.11e3 16.09e3 14.06e3 12.26e3 13.01e3 12.78e3 14.53e3 12.38e3 13.89e3 12.72e3 13.02e3 13.17e3 12.07e3 11.34e3 13.45e3 13.61e3 12.13e3 13.39e3 15.14e3 15.84e3 16.76e3 16.44e3 18.52e3 17.71e3 19.62e3 19.34e3 18.06e3 18.11e3 18.65e3 
   12.0e6  1.193e3 2.007e3 3.004e3 3.661e3 4.365e3 4.795e3 4.204e3 5.249e3 5.215e3 4.967e3 7.147e3 6.888e3 7.474e3 8.412e3 8.929e3 10.82e3 9.897e3 10.21e3 10.65e3 10.02e3 10.18e3 11.19e3 10.87e3 11.16e3 9.558e3 9.704e3 9.557e3 9.400e3 8.959e3 8.987e3 9.016e3 10.51e3 11.04e3 10.60e3 10.98e3 12.93e3 14.16e3 15.02e3 14.29e3 14.84e3 15.18e3 14.79e3 14.60e3 13.54e3 13.09e3 12.97e3 13.59e3 13.14e3 12.75e3 15.12e3 14.43e3 14.86e3 15.11e3 17.81e3 17.85e3 18.84e3 17.94e3 18.42e3 16.59e3 15.07e3 16.76e3 16.05e3 13.99e3 14.07e3 17.01e3 15.08e3 13.10e3 13.89e3 13.64e3 15.49e3 13.23e3 14.84e3 13.67e3 13.94e3 14.13e3 12.92e3 12.20e3 14.39e3 14.58e3 13.09e3 14.39e3 16.26e3 16.80e3 17.87e3 17.45e3 19.59e3 18.89e3 21.06e3 20.58e3 19.25e3 19.34e3 20.17e3 
   13.0e6  1.298e3 2.126e3 3.128e3 3.828e3 4.580e3 5.037e3 4.530e3 5.577e3 5.557e3 5.347e3 7.496e3 7.245e3 7.806e3 8.760e3 9.276e3 11.22e3 10.66e3 10.92e3 11.22e3 10.54e3 10.74e3 11.83e3 11.49e3 11.72e3 10.12e3 10.27e3 10.16e3 9.951e3 9.516e3 9.504e3 9.609e3 11.11e3 11.59e3 11.19e3 11.86e3 13.85e3 15.00e3 15.79e3 15.12e3 15.75e3 16.12e3 15.65e3 15.37e3 14.32e3 13.82e3 13.79e3 14.40e3 13.93e3 13.65e3 16.01e3 15.19e3 15.71e3 15.89e3 18.93e3 18.74e3 19.78e3 18.86e3 19.31e3 17.48e3 15.98e3 17.67e3 17.08e3 14.89e3 15.00e3 17.86e3 16.05e3 13.91e3 14.74e3 14.47e3 16.39e3 14.05e3 15.73e3 14.59e3 14.83e3 15.04e3 13.75e3 13.04e3 15.29e3 15.50e3 14.02e3 15.35e3 17.33e3 17.72e3 18.92e3 18.41e3 20.59e3 20.01e3 22.43e3 21.74e3 20.37e3 20.49e3 21.61e3 
   14.0e6  1.401e3 2.235e3 3.239e3 3.983e3 4.778e3 5.262e3 4.843e3 5.885e3 5.877e3 5.711e3 7.823e3 7.582e3 8.111e3 9.075e3 9.595e3 11.59e3 11.36e3 11.59e3 11.75e3 11.03e3 11.27e3 12.44e3 12.07e3 12.25e3 10.66e3 10.80e3 10.73e3 10.48e3 10.05e3 10.00e3 10.18e3 11.69e3 12.11e3 11.74e3 12.69e3 14.71e3 15.79e3 16.50e3 15.90e3 16.62e3 17.00e3 16.46e3 16.10e3 15.06e3 14.51e3 14.57e3 15.16e3 14.68e3 14.51e3 16.85e3 15.90e3 16.52e3 16.59e3 19.97e3 19.58e3 20.65e3 19.72e3 20.11e3 18.31e3 16.85e3 18.51e3 18.06e3 15.76e3 15.90e3 18.65e3 16.96e3 14.67e3 15.55e3 15.26e3 17.22e3 14.85e3 16.59e3 15.47e3 15.68e3 15.93e3 14.56e3 13.85e3 16.15e3 16.37e3 14.92e3 16.27e3 18.34e3 18.59e3 19.90e3 19.33e3 21.53e3 21.08e3 23.73e3 22.83e3 21.43e3 21.57e3 22.95e3 
   15.0e6  1.499e3 2.335e3 3.341e3 4.128e3 4.960e3 5.471e3 5.144e3 6.172e3 6.177e3 6.059e3 8.128e3 7.901e3 8.393e3 9.361e3 9.890e3 11.92e3 12.00e3 12.20e3 12.23e3 11.48e3 11.78e3 13.01e3 12.61e3 12.75e3 11.17e3 11.31e3 11.27e3 10.98e3 10.56e3 10.48e3 10.73e3 12.23e3 12.60e3 12.25e3 13.47e3 15.51e3 16.53e3 17.16e3 16.63e3 17.44e3 17.82e3 17.22e3 16.78e3 15.75e3 15.16e3 15.32e3 15.89e3 15.39e3 15.33e3 17.64e3 16.58e3 17.29e3 17.23e3 20.92e3 20.36e3 21.47e3 20.53e3 20.82e3 19.11e3 17.68e3 19.31e3 18.99e3 16.59e3 16.77e3 19.39e3 17.82e3 15.41e3 16.34e3 16.02e3 17.99e3 15.62e3 17.40e3 16.31e3 16.50e3 16.78e3 15.34e3 14.64e3 16.97e3 17.21e3 15.79e3 17.16e3 19.29e3 19.42e3 20.83e3 20.20e3 22.42e3 22.10e3 24.96e3 23.85e3 22.43e3 22.59e3 24.21e3 
   16.0e6  1.593e3 2.428e3 3.433e3 4.264e3 5.128e3 5.666e3 5.431e3 6.439e3 6.459e3 6.392e3 8.415e3 8.203e3 8.653e3 9.624e3 10.16e3 12.21e3 12.59e3 12.78e3 12.68e3 11.92e3 12.25e3 13.56e3 13.11e3 13.22e3 11.66e3 11.80e3 11.79e3 11.46e3 11.05e3 10.95e3 11.26e3 12.76e3 13.07e3 12.75e3 14.20e3 16.25e3 17.22e3 17.76e3 17.32e3 18.22e3 18.59e3 17.94e3 17.43e3 16.41e3 15.78e3 16.04e3 16.59e3 16.07e3 16.11e3 18.38e3 17.22e3 18.02e3 17.82e3 21.81e3 21.10e3 22.24e3 21.29e3 21.47e3 19.86e3 18.47e3 20.06e3 19.88e3 17.39e3 17.60e3 20.08e3 18.63e3 16.12e3 17.10e3 16.75e3 18.71e3 16.36e3 18.16e3 17.12e3 17.28e3 17.60e3 16.10e3 15.40e3 17.76e3 18.01e3 16.64e3 18.01e3 20.20e3 20.22e3 21.71e3 21.02e3 23.25e3 23.07e3 26.11e3 24.81e3 23.38e3 23.55e3 25.38e3 
   17.0e6  1.682e3 2.514e3 3.517e3 4.391e3 5.282e3 5.847e3 5.704e3 6.688e3 6.723e3 6.709e3 8.684e3 8.490e3 8.896e3 9.865e3 10.42e3 12.49e3 13.12e3 13.31e3 13.10e3 12.32e3 12.70e3 14.07e3 13.58e3 13.66e3 12.12e3 12.26e3 12.28e3 11.92e3 11.52e3 11.40e3 11.77e3 13.26e3 13.51e3 13.22e3 14.89e3 16.94e3 17.87e3 18.33e3 17.97e3 18.96e3 19.31e3 18.63e3 18.03e3 17.03e3 16.37e3 16.73e3 17.26e3 16.72e3 16.85e3 19.08e3 17.84e3 18.71e3 18.36e3 22.62e3 21.79e3 22.96e3 22.01e3 22.05e3 20.58e3 19.22e3 20.77e3 20.72e3 18.15e3 18.41e3 20.73e3 19.39e3 16.80e3 17.83e3 17.45e3 19.39e3 17.09e3 18.90e3 17.89e3 18.03e3 18.39e3 16.84e3 16.14e3 18.52e3 18.77e3 17.46e3 18.82e3 21.07e3 20.99e3 22.55e3 21.81e3 24.05e3 23.99e3 27.20e3 25.72e3 24.28e3 24.46e3 26.48e3 
   18.0e6  1.767e3 2.594e3 3.595e3 4.511e3 5.426e3 6.018e3 5.962e3 6.920e3 6.972e3 7.011e3 8.939e3 8.762e3 9.122e3 10.09e3 10.66e3 12.74e3 13.61e3 13.81e3 13.49e3 12.71e3 13.13e3 14.55e3 14.02e3 14.08e3 12.56e3 12.71e3 12.74e3 12.37e3 11.97e3 11.84e3 12.26e3 13.74e3 13.94e3 13.66e3 15.55e3 17.59e3 18.49e3 18.85e3 18.57e3 19.66e3 19.98e3 19.28e3 18.60e3 17.61e3 16.93e3 17.38e3 17.90e3 17.34e3 17.55e3 19.74e3 18.43e3 19.38e3 18.86e3 23.39e3 22.44e3 23.65e3 22.69e3 22.58e3 21.26e3 19.94e3 21.44e3 21.53e3 18.89e3 19.19e3 21.35e3 20.11e3 17.46e3 18.53e3 18.12e3 20.01e3 17.79e3 19.60e3 18.63e3 18.76e3 19.16e3 17.56e3 16.85e3 19.24e3 19.50e3 18.25e3 19.61e3 21.89e3 21.72e3 23.33e3 22.56e3 24.81e3 24.87e3 28.23e3 26.58e3 25.13e3 25.32e3 27.49e3 
   20.0e6  1.924e3 2.739e3 3.734e3 4.730e3 5.682e3 6.327e3 6.436e3 7.337e3 7.429e3 7.571e3 9.407e3 9.271e3 9.536e3 10.49e3 11.10e3 13.18e3 14.47e3 14.71e3 14.20e3 13.42e3 13.93e3 15.44e3 14.82e3 14.86e3 13.39e3 13.55e3 13.61e3 13.21e3 12.82e3 12.68e3 13.20e3 14.65e3 14.73e3 14.50e3 16.75e3 18.75e3 19.61e3 19.80e3 19.69e3 20.95e3 21.22e3 20.48e3 19.66e3 18.70e3 17.99e3 18.62e3 19.10e3 18.50e3 18.85e3 20.96e3 19.54e3 20.62e3 19.77e3 24.78e3 23.66e3 24.91e3 23.95e3 23.52e3 22.54e3 21.28e3 22.69e3 23.05e3 20.29e3 20.66e3 22.49e3 21.43e3 18.71e3 19.89e3 19.40e3 21.15e3 19.15e3 20.91e3 20.03e3 20.13e3 20.62e3 18.94e3 18.23e3 20.61e3 20.88e3 19.77e3 21.09e3 23.42e3 23.12e3 24.79e3 23.96e3 26.23e3 26.52e3 30.11e3 28.17e3 26.72e3 26.92e3 29.33e3 
   22.5e6  2.098e3 2.898e3 3.884e3 4.974e3 5.955e3 6.666e3 6.956e3 7.784e3 7.935e3 8.199e3 9.930e3 9.847e3 9.993e3 10.93e3 11.59e3 13.67e3 15.37e3 15.67e3 14.98e3 14.23e3 14.83e3 16.43e3 15.70e3 15.74e3 14.33e3 14.51e3 14.59e3 14.18e3 13.81e3 13.68e3 14.28e3 15.69e3 15.64e3 15.46e3 18.10e3 20.01e3 20.84e3 20.84e3 20.92e3 22.39e3 22.57e3 21.83e3 20.84e3 19.94e3 19.20e3 20.04e3 20.48e3 19.83e3 20.31e3 22.32e3 20.82e3 22.05e3 20.81e3 26.34e3 25.03e3 26.33e3 25.39e3 24.53e3 24.01e3 22.81e3 24.10e3 24.78e3 21.91e3 22.38e3 23.79e3 22.90e3 20.19e3 21.47e3 20.89e3 22.40e3 20.75e3 22.41e3 21.63e3 21.73e3 22.33e3 20.58e3 19.85e3 22.19e3 22.46e3 21.53e3 22.79e3 25.16e3 24.76e3 26.43e3 25.58e3 27.86e3 28.40e3 32.19e3 29.95e3 28.53e3 28.73e3 31.30e3 
   25.0e6  2.251e3 3.037e3 4.015e3 5.191e3 6.188e3 6.963e3 7.407e3 8.165e3 8.386e3 8.756e3 10.40e3 10.37e3 10.40e3 11.32e3 12.04e3 14.10e3 16.11e3 16.50e3 15.66e3 14.96e3 15.65e3 17.31e3 16.47e3 16.53e3 15.19e3 15.40e3 15.48e3 15.07e3 14.73e3 14.61e3 15.29e3 16.65e3 16.49e3 16.35e3 19.31e3 21.09e3 21.93e3 21.74e3 22.01e3 23.65e3 23.77e3 23.05e3 21.91e3 21.05e3 20.31e3 21.34e3 21.76e3 21.06e3 21.61e3 23.56e3 22.00e3 23.35e3 21.80e3 27.76e3 26.28e3 27.61e3 26.69e3 25.43e3 25.37e3 24.20e3 25.40e3 26.37e3 23.41e3 23.97e3 24.98e3 24.24e3 21.58e3 22.97e3 22.28e3 23.50e3 22.26e3 23.79e3 23.09e3 23.21e3 23.93e3 22.12e3 21.38e3 23.63e3 23.93e3 23.17e3 24.35e3 26.74e3 26.28e3 27.89e3 27.07e3 29.36e3 30.10e3 33.99e3 31.57e3 30.18e3 30.36e3 33.00e3 
   27.5e6  2.386e3 3.162e3 4.134e3 5.386e3 6.392e3 7.226e3 7.801e3 8.493e3 8.793e3 9.253e3 10.82e3 10.85e3 10.78e3 11.67e3 12.46e3 14.49e3 16.74e3 17.21e3 16.27e3 15.63e3 16.39e3 18.10e3 17.15e3 17.27e3 15.98e3 16.22e3 16.29e3 15.91e3 15.58e3 15.50e3 16.23e3 17.55e3 17.27e3 17.17e3 20.41e3 22.04e3 22.89e3 22.55e3 22.99e3 24.78e3 24.83e3 24.15e3 22.89e3 22.08e3 21.35e3 22.54e3 22.94e3 22.20e3 22.78e3 24.69e3 23.11e3 24.56e3 22.75e3 29.06e3 27.43e3 28.79e3 27.89e3 26.26e3 26.63e3 25.48e3 26.59e3 27.84e3 24.81e3 25.45e3 26.09e3 25.47e3 22.90e3 24.38e3 23.58e3 24.51e3 23.70e3 25.07e3 24.46e3 24.59e3 25.44e3 23.60e3 22.82e3 24.98e3 25.31e3 24.70e3 25.80e3 28.19e3 27.72e3 29.21e3 28.46e3 30.76e3 31.66e3 35.58e3 33.05e3 31.70e3 31.87e3 34.50e3 
   30.0e6  2.508e3 3.276e3 4.242e3 5.564e3 6.571e3 7.464e3 8.150e3 8.782e3 9.166e3 9.700e3 11.21e3 11.29e3 11.12e3 12.00e3 12.85e3 14.86e3 17.28e3 17.82e3 16.83e3 16.25e3 17.08e3 18.81e3 17.78e3 17.95e3 16.71e3 16.99e3 17.04e3 16.70e3 16.38e3 16.34e3 17.12e3 18.39e3 18.01e3 17.95e3 21.43e3 22.88e3 23.75e3 23.29e3 23.87e3 25.78e3 25.80e3 25.16e3 23.80e3 23.03e3 22.33e3 23.66e3 24.05e3 23.27e3 23.85e3 25.73e3 24.15e3 25.69e3 23.71e3 30.29e3 28.51e3 29.89e3 29.02e3 27.06e3 27.81e3 26.67e3 27.71e3 29.21e3 26.13e3 26.85e3 27.14e3 26.64e3 24.16e3 25.73e3 24.82e3 25.44e3 25.07e3 26.28e3 25.73e3 25.89e3 26.87e3 25.00e3 24.20e3 26.23e3 26.60e3 26.12e3 27.14e3 29.54e3 29.09e3 30.42e3 29.78e3 32.09e3 33.10e3 36.99e3 34.42e3 33.12e3 33.27e3 35.84e3 
   32.5e6  2.618e3 3.381e3 4.344e3 5.728e3 6.733e3 7.680e3 8.464e3 9.039e3 9.511e3 10.10e3 11.56e3 11.70e3 11.45e3 12.31e3 13.22e3 15.20e3 17.74e3 18.36e3 17.34e3 16.84e3 17.72e3 19.46e3 18.35e3 18.59e3 17.40e3 17.71e3 17.74e3 17.44e3 17.14e3 17.14e3 17.95e3 19.19e3 18.72e3 18.69e3 22.36e3 23.64e3 24.53e3 23.96e3 24.68e3 26.68e3 26.68e3 26.10e3 24.66e3 23.92e3 23.25e3 24.71e3 25.09e3 24.27e3 24.83e3 26.71e3 25.14e3 26.75e3 24.67e3 31.45e3 29.52e3 30.92e3 30.07e3 27.84e3 28.93e3 27.79e3 28.77e3 30.50e3 27.37e3 28.16e3 28.14e3 27.75e3 25.37e3 27.02e3 26.01e3 26.32e3 26.38e3 27.42e3 26.94e3 27.13e3 28.22e3 26.34e3 25.51e3 27.41e3 27.84e3 27.46e3 28.39e3 30.80e3 30.40e3 31.54e3 31.04e3 33.35e3 34.44e3 38.26e3 35.71e3 34.47e3 34.58e3 37.07e3 
   35.0e6  2.718e3 3.479e3 4.439e3 5.879e3 6.881e3 7.878e3 8.749e3 9.272e3 9.833e3 10.47e3 11.90e3 12.08e3 11.76e3 12.61e3 13.58e3 15.53e3 18.16e3 18.84e3 17.82e3 17.38e3 18.33e3 20.05e3 18.89e3 19.20e3 18.04e3 18.39e3 18.40e3 18.15e3 17.86e3 17.91e3 18.74e3 19.94e3 19.39e3 19.39e3 23.24e3 24.32e3 25.24e3 24.59e3 25.43e3 27.50e3 27.50e3 26.97e3 25.46e3 24.76e3 24.13e3 25.70e3 26.07e3 25.23e3 25.75e3 27.64e3 26.08e3 27.75e3 25.63e3 32.55e3 30.48e3 31.89e3 31.08e3 28.60e3 30.00e3 28.85e3 29.77e3 31.71e3 28.55e3 29.40e3 29.10e3 28.82e3 26.54e3 28.26e3 27.14e3 27.17e3 27.63e3 28.51e3 28.09e3 28.30e3 29.52e3 27.63e3 26.76e3 28.54e3 29.01e3 28.72e3 29.56e3 31.99e3 31.65e3 32.58e3 32.25e3 34.56e3 35.69e3 39.41e3 36.94e3 35.74e3 35.83e3 38.21e3 
   37.5e6  2.809e3 3.571e3 4.530e3 6.021e3 7.018e3 8.062e3 9.010e3 9.485e3 10.14e3 10.81e3 12.21e3 12.44e3 12.06e3 12.90e3 13.92e3 15.84e3 18.52e3 19.26e3 18.27e3 17.90e3 18.89e3 20.59e3 19.39e3 19.77e3 18.66e3 19.04e3 19.02e3 18.82e3 18.55e3 18.65e3 19.49e3 20.66e3 20.04e3 20.07e3 24.06e3 24.95e3 25.90e3 25.18e3 26.12e3 28.24e3 28.26e3 27.78e3 26.22e3 25.56e3 24.98e3 26.64e3 27.00e3 26.14e3 26.61e3 28.52e3 26.99e3 28.70e3 26.59e3 33.60e3 31.39e3 32.82e3 32.03e3 29.36e3 31.02e3 29.85e3 30.73e3 32.85e3 29.68e3 30.58e3 30.03e3 29.86e3 27.67e3 29.45e3 28.23e3 27.99e3 28.84e3 29.55e3 29.19e3 29.42e3 30.76e3 28.87e3 27.97e3 29.61e3 30.14e3 29.90e3 30.67e3 33.13e3 32.85e3 33.56e3 33.42e3 35.72e3 36.86e3 40.46e3 38.10e3 36.96e3 37.02e3 39.29e3 
   40.0e6  2.892e3 3.658e3 4.617e3 6.153e3 7.145e3 8.233e3 9.251e3 9.683e3 10.42e3 11.12e3 12.50e3 12.77e3 12.34e3 13.17e3 14.25e3 16.15e3 18.85e3 19.64e3 18.70e3 18.39e3 19.42e3 21.10e3 19.86e3 20.32e3 19.24e3 19.66e3 19.61e3 19.47e3 19.20e3 19.35e3 20.20e3 21.35e3 20.67e3 20.72e3 24.83e3 25.53e3 26.51e3 25.74e3 26.77e3 28.92e3 28.97e3 28.54e3 26.95e3 26.32e3 25.78e3 27.53e3 27.89e3 27.01e3 27.41e3 29.35e3 27.86e3 29.61e3 27.55e3 34.59e3 32.27e3 33.70e3 32.95e3 30.11e3 31.99e3 30.81e3 31.65e3 33.94e3 30.76e3 31.70e3 30.94e3 30.88e3 28.76e3 30.60e3 29.28e3 28.79e3 30.00e3 30.56e3 30.25e3 30.49e3 31.95e3 30.06e3 29.13e3 30.63e3 31.23e3 31.03e3 31.73e3 34.21e3 34.01e3 34.48e3 34.55e3 36.84e3 37.98e3 41.43e3 39.21e3 38.12e3 38.16e3 40.32e3 
   45.0e6  3.038e3 3.818e3 4.780e3 6.394e3 7.377e3 8.544e3 9.685e3 10.04e3 10.95e3 11.67e3 13.03e3 13.39e3 12.89e3 13.70e3 14.88e3 16.72e3 19.41e3 20.29e3 19.49e3 19.31e3 20.40e3 22.01e3 20.74e3 21.33e3 20.32e3 20.81e3 20.70e3 20.67e3 20.42e3 20.67e3 21.53e3 22.63e3 21.86e3 21.96e3 26.24e3 26.56e3 27.62e3 26.78e3 27.97e3 30.13e3 30.27e3 29.94e3 28.31e3 27.75e3 27.30e3 29.18e3 29.55e3 28.65e3 28.91e3 30.93e3 29.50e3 31.32e3 29.43e3 36.45e3 33.92e3 35.36e3 34.67e3 31.59e3 33.84e3 32.60e3 33.40e3 35.97e3 32.78e3 33.80e3 32.66e3 32.85e3 30.84e3 32.78e3 31.27e3 30.35e3 32.19e3 32.47e3 32.26e3 32.51e3 34.19e3 32.32e3 31.33e3 32.58e3 33.29e3 33.12e3 33.70e3 36.25e3 36.22e3 36.20e3 36.69e3 38.99e3 40.03e3 43.18e3 41.31e3 40.33e3 40.31e3 42.27e3 
   50.0e6  3.158e3 3.963e3 4.932e3 6.608e3 7.587e3 8.821e3 10.06e3 10.35e3 11.42e3 12.16e3 13.51e3 13.94e3 13.41e3 14.21e3 15.48e3 17.27e3 19.87e3 20.81e3 20.22e3 20.15e3 21.29e3 22.81e3 21.55e3 22.27e3 21.30e3 21.86e3 21.70e3 21.79e3 21.55e3 21.89e3 22.75e3 23.82e3 22.98e3 23.12e3 27.50e3 27.47e3 28.61e3 27.74e3 29.05e3 31.18e3 31.44e3 31.20e3 29.57e3 29.07e3 28.72e3 30.68e3 31.08e3 30.18e3 30.28e3 32.40e3 31.04e3 32.89e3 31.25e3 38.13e3 35.45e3 36.90e3 36.27e3 33.04e3 35.56e3 34.25e3 35.03e3 37.83e3 34.66e3 35.72e3 34.31e3 34.74e3 32.80e3 34.83e3 33.14e3 31.87e3 34.23e3 34.27e3 34.14e3 34.38e3 36.27e3 34.42e3 33.37e3 34.41e3 35.22e3 35.02e3 35.51e3 38.15e3 38.28e3 37.78e3 38.70e3 41.01e3 41.91e3 44.75e3 43.25e3 42.38e3 42.32e3 44.10e3 
   55.0e6  3.257e3 4.094e3 5.073e3 6.801e3 7.778e3 9.070e3 10.40e3 10.64e3 11.86e3 12.58e3 13.94e3 14.44e3 13.90e3 14.70e3 16.04e3 17.79e3 20.25e3 21.25e3 20.88e3 20.93e3 22.09e3 23.51e3 22.29e3 23.13e3 22.21e3 22.82e3 22.62e3 22.82e3 22.60e3 23.02e3 23.87e3 24.92e3 24.03e3 24.22e3 28.62e3 28.28e3 29.51e3 28.64e3 30.04e3 32.11e3 32.50e3 32.34e3 30.74e3 30.30e3 30.04e3 32.06e3 32.48e3 31.60e3 31.56e3 33.77e3 32.49e3 34.34e3 32.98e3 39.65e3 36.87e3 38.32e3 37.76e3 34.46e3 37.16e3 35.79e3 36.56e3 39.53e3 36.40e3 37.49e3 35.87e3 36.53e3 34.65e3 36.74e3 34.89e3 33.36e3 36.13e3 35.97e3 35.92e3 36.13e3 38.21e3 36.38e3 35.29e3 36.15e3 37.04e3 36.78e3 37.19e3 39.93e3 40.21e3 39.26e3 40.58e3 42.92e3 43.63e3 46.19e3 45.08e3 44.30e3 44.20e3 45.84e3 
   60.0e6  3.336e3 4.212e3 5.204e3 6.974e3 7.955e3 9.296e3 10.69e3 10.89e3 12.25e3 12.96e3 14.33e3 14.89e3 14.36e3 15.16e3 16.57e3 18.28e3 20.57e3 21.62e3 21.50e3 21.64e3 22.81e3 24.14e3 22.99e3 23.93e3 23.05e3 23.71e3 23.46e3 23.77e3 23.57e3 24.06e3 24.90e3 25.94e3 25.03e3 25.25e3 29.63e3 29.01e3 30.33e3 29.49e3 30.95e3 32.95e3 33.47e3 33.38e3 31.84e3 31.45e3 31.26e3 33.32e3 33.77e3 32.92e3 32.75e3 35.05e3 33.85e3 35.69e3 34.62e3 41.02e3 38.21e3 39.64e3 39.16e3 35.82e3 38.66e3 37.22e3 38.00e3 41.10e3 38.03e3 39.13e3 37.36e3 38.24e3 36.39e3 38.54e3 36.54e3 34.81e3 37.91e3 37.59e3 37.60e3 37.76e3 40.01e3 38.22e3 37.09e3 37.80e3 38.75e3 38.42e3 38.78e3 41.61e3 42.03e3 40.66e3 42.35e3 44.73e3 45.23e3 47.53e3 46.79e3 46.11e3 45.97e3 47.50e3 
   65.0e6  3.399e3 4.320e3 5.326e3 7.130e3 8.119e3 9.502e3 10.95e3 11.13e3 12.60e3 13.29e3 14.68e3 15.30e3 14.80e3 15.61e3 17.08e3 18.74e3 20.85e3 21.93e3 22.08e3 22.30e3 23.47e3 24.71e3 23.64e3 24.66e3 23.82e3 24.52e3 24.25e3 24.66e3 24.48e3 25.03e3 25.85e3 26.88e3 25.97e3 26.23e3 30.53e3 29.67e3 31.09e3 30.29e3 31.80e3 33.70e3 34.35e3 34.33e3 32.86e3 32.52e3 32.41e3 34.49e3 34.96e3 34.17e3 33.87e3 36.26e3 35.13e3 36.95e3 36.15e3 42.26e3 39.45e3 40.87e3 40.47e3 37.13e3 40.07e3 38.56e3 39.35e3 42.55e3 39.55e3 40.65e3 38.77e3 39.85e3 38.02e3 40.22e3 38.10e3 36.23e3 39.56e3 39.12e3 39.18e3 39.29e3 41.69e3 39.93e3 38.77e3 39.37e3 40.36e3 39.94e3 40.28e3 43.19e3 43.73e3 41.99e3 44.01e3 46.45e3 46.73e3 48.80e3 48.39e3 47.81e3 47.63e3 49.09e3 
   70.0e6  3.448e3 4.417e3 5.440e3 7.271e3 8.272e3 9.689e3 11.18e3 11.34e3 12.93e3 13.59e3 15.00e3 15.67e3 15.22e3 16.04e3 17.55e3 19.18e3 21.10e3 22.20e3 22.62e3 22.92e3 24.07e3 25.22e3 24.24e3 25.34e3 24.54e3 25.27e3 24.98e3 25.48e3 25.32e3 25.92e3 26.74e3 27.76e3 26.86e3 27.16e3 31.35e3 30.27e3 31.81e3 31.06e3 32.60e3 34.40e3 35.16e3 35.20e3 33.81e3 33.52e3 33.48e3 35.56e3 36.06e3 35.33e3 34.94e3 37.40e3 36.34e3 38.12e3 37.58e3 43.37e3 40.61e3 42.02e3 41.70e3 38.39e3 41.38e3 39.81e3 40.62e3 43.89e3 40.97e3 42.05e3 40.12e3 41.37e3 39.57e3 41.79e3 39.57e3 37.61e3 41.11e3 40.59e3 40.67e3 40.72e3 43.25e3 41.53e3 40.35e3 40.87e3 41.88e3 41.38e3 41.70e3 44.70e3 45.33e3 43.26e3 45.57e3 48.07e3 48.14e3 50.02e3 49.90e3 49.41e3 49.20e3 50.60e3 
   80.0e6  3.511e3 4.583e3 5.643e3 7.514e3 8.545e3 10.02e3 11.56e3 11.73e3 13.50e3 14.10e3 15.56e3 16.31e3 16.00e3 16.84e3 18.42e3 19.99e3 21.50e3 22.63e3 23.58e3 24.01e3 25.11e3 26.10e3 25.33e3 26.55e3 25.82e3 26.59e3 26.29e3 26.94e3 26.83e3 27.50e3 28.31e3 29.34e3 28.50e3 28.87e3 32.76e3 31.34e3 33.11e3 32.49e3 34.06e3 35.66e3 36.58e3 36.73e3 35.55e3 35.33e3 35.42e3 37.47e3 38.03e3 37.45e3 36.90e3 39.47e3 38.54e3 40.22e3 40.13e3 45.27e3 42.72e3 44.08e3 43.93e3 40.73e3 43.77e3 42.07e3 42.95e3 46.27e3 43.54e3 44.58e3 42.63e3 44.14e3 42.39e3 44.65e3 42.25e3 40.24e3 43.90e3 43.31e3 43.42e3 43.34e3 46.08e3 44.43e3 43.23e3 43.68e3 44.66e3 44.04e3 44.35e3 47.47e3 48.24e3 45.68e3 48.46e3 51.07e3 50.72e3 52.30e3 52.66e3 52.34e3 52.08e3 53.43e3 
   90.0e6  3.538e3 4.718e3 5.815e3 7.713e3 8.779e3 10.30e3 11.86e3 12.06e3 13.99e3 14.51e3 16.01e3 16.83e3 16.70e3 17.56e3 19.20e3 20.70e3 21.84e3 22.96e3 24.42e3 24.94e3 25.96e3 26.84e3 26.29e3 27.57e3 26.91e3 27.71e3 27.42e3 28.21e3 28.15e3 28.85e3 29.66e3 30.71e3 29.97e3 30.40e3 33.95e3 32.26e3 34.29e3 33.82e3 35.37e3 36.77e3 37.78e3 38.03e3 37.07e3 36.93e3 37.10e3 39.10e3 39.72e3 39.32e3 38.67e3 41.30e3 40.50e3 42.05e3 42.31e3 46.79e3 44.56e3 45.86e3 45.89e3 42.84e3 45.86e3 44.05e3 45.01e3 48.32e3 45.78e3 46.76e3 44.89e3 46.54e3 44.89e3 47.15e3 44.63e3 42.69e3 46.37e3 45.78e3 45.85e3 45.66e3 48.53e3 46.97e3 45.77e3 46.22e3 47.14e3 46.45e3 46.80e3 49.97e3 50.81e3 47.95e3 51.05e3 53.77e3 53.06e3 54.44e3 55.11e3 54.94e3 54.64e3 55.99e3 
   100.e6  3.539e3 4.824e3 5.962e3 7.875e3 8.980e3 10.53e3 12.09e3 12.34e3 14.39e3 14.85e3 16.38e3 17.25e3 17.33e3 18.22e3 19.88e3 21.32e3 22.13e3 23.22e3 25.14e3 25.75e3 26.66e3 27.45e3 27.11e3 28.44e3 27.85e3 28.66e3 28.39e3 29.29e3 29.30e3 30.00e3 30.82e3 31.89e3 31.27e3 31.78e3 34.97e3 33.06e3 35.36e3 35.06e3 36.56e3 37.77e3 38.78e3 39.13e3 38.41e3 38.32e3 38.57e3 40.49e3 41.16e3 40.97e3 40.26e3 42.92e3 42.24e3 43.64e3 44.17e3 48.01e3 46.16e3 47.41e3 47.62e3 44.74e3 47.69e3 45.78e3 46.83e3 50.07e3 47.74e3 48.66e3 46.93e3 48.62e3 47.09e3 49.34e3 46.75e3 44.96e3 48.54e3 48.03e3 48.02e3 47.71e3 50.67e3 49.19e3 48.01e3 48.52e3 49.34e3 48.66e3 49.05e3 52.23e3 53.06e3 50.09e3 53.40e3 56.18e3 55.19e3 56.44e3 57.28e3 57.25e3 56.92e3 58.31e3 
   110.e6  3.521e3 4.908e3 6.085e3 8.007e3 9.148e3 10.72e3 12.26e3 12.59e3 14.73e3 15.12e3 16.67e3 17.60e3 17.90e3 18.81e3 20.49e3 21.87e3 22.39e3 23.43e3 25.76e3 26.43e3 27.24e3 27.98e3 27.83e3 29.18e3 28.65e3 29.46e3 29.23e3 30.21e3 30.30e3 30.98e3 31.82e3 32.92e3 32.44e3 33.01e3 35.86e3 33.77e3 36.35e3 36.22e3 37.66e3 38.68e3 39.63e3 40.06e3 39.58e3 39.55e3 39.84e3 41.68e3 42.40e3 42.43e3 41.70e3 44.33e3 43.78e3 45.02e3 45.74e3 48.99e3 47.56e3 48.75e3 49.14e3 46.44e3 49.30e3 47.28e3 48.44e3 51.59e3 49.45e3 50.30e3 48.75e3 50.41e3 49.03e3 51.24e3 48.62e3 47.05e3 50.48e3 50.07e3 49.93e3 49.55e3 52.52e3 51.13e3 50.00e3 50.58e3 51.29e3 50.69e3 51.14e3 54.26e3 55.04e3 52.12e3 55.53e3 58.35e3 57.16e3 58.32e3 59.19e3 59.29e3 58.95e3 60.40e3 
   120.e6  3.490e3 4.972e3 6.187e3 8.113e3 9.289e3 10.88e3 12.39e3 12.81e3 15.02e3 15.33e3 16.91e3 17.87e3 18.40e3 19.35e3 21.02e3 22.35e3 22.62e3 23.61e3 26.30e3 27.02e3 27.71e3 28.42e3 28.45e3 29.79e3 29.34e3 30.13e3 29.95e3 31.00e3 31.17e3 31.80e3 32.68e3 33.81e3 33.48e3 34.11e3 36.65e3 34.41e3 37.26e3 37.31e3 38.66e3 39.51e3 40.34e3 40.85e3 40.61e3 40.62e3 40.94e3 42.70e3 43.46e3 43.71e3 42.99e3 45.57e3 45.15e3 46.21e3 47.07e3 49.76e3 48.78e3 49.90e3 50.48e3 47.95e3 50.69e3 48.59e3 49.86e3 52.89e3 50.94e3 51.73e3 50.40e3 51.93e3 50.74e3 52.90e3 50.28e3 48.97e3 52.21e3 51.94e3 51.62e3 51.18e3 54.12e3 52.83e3 51.74e3 52.44e3 53.02e3 52.56e3 53.08e3 56.09e3 56.78e3 54.05e3 57.47e3 60.30e3 58.97e3 60.08e3 60.89e3 61.11e3 60.76e3 62.29e3 
   130.e6  3.451e3 5.019e3 6.272e3 8.199e3 9.403e3 11.01e3 12.48e3 13.00e3 15.25e3 15.50e3 17.09e3 18.09e3 18.84e3 19.82e3 21.48e3 22.76e3 22.83e3 23.77e3 26.76e3 27.51e3 28.10e3 28.80e3 28.98e3 30.31e3 29.92e3 30.70e3 30.57e3 31.67e3 31.92e3 32.50e3 33.43e3 34.58e3 34.41e3 35.10e3 37.36e3 34.99e3 38.10e3 38.34e3 39.59e3 40.28e3 40.92e3 41.51e3 41.50e3 41.55e3 41.90e3 43.57e3 44.36e3 44.84e3 44.15e3 46.65e3 46.36e3 47.24e3 48.18e3 50.37e3 49.83e3 50.89e3 51.66e3 49.29e3 51.90e3 49.72e3 51.11e3 54.01e3 52.24e3 52.97e3 51.87e3 53.23e3 52.24e3 54.33e3 51.75e3 50.72e3 53.78e3 53.64e3 53.11e3 52.64e3 55.51e3 54.32e3 53.29e3 54.09e3 54.57e3 54.30e3 54.88e3 57.73e3 58.30e3 55.88e3 59.25e3 62.05e3 60.66e3 61.72e3 62.38e3 62.72e3 62.36e3 63.99e3 
   140.e6  3.405e3 5.052e3 6.341e3 8.266e3 9.495e3 11.12e3 12.55e3 13.16e3 15.44e3 15.64e3 17.23e3 18.27e3 19.23e3 20.25e3 21.89e3 23.12e3 23.02e3 23.91e3 27.16e3 27.93e3 28.41e3 29.12e3 29.43e3 30.73e3 30.42e3 31.17e3 31.10e3 32.24e3 32.57e3 33.08e3 34.06e3 35.24e3 35.24e3 35.98e3 38.01e3 35.52e3 38.89e3 39.31e3 40.46e3 40.98e3 41.41e3 42.08e3 42.28e3 42.36e3 42.72e3 44.31e3 45.13e3 45.84e3 45.18e3 47.59e3 47.42e3 48.13e3 49.11e3 50.85e3 50.75e3 51.74e3 52.70e3 50.49e3 52.96e3 50.70e3 52.21e3 54.97e3 53.36e3 54.05e3 53.19e3 54.32e3 53.56e3 55.58e3 53.05e3 52.32e3 55.20e3 55.19e3 54.43e3 53.95e3 56.70e3 55.62e3 54.65e3 55.57e3 55.94e3 55.91e3 56.54e3 59.21e3 59.64e3 57.62e3 60.87e3 63.62e3 62.24e3 63.25e3 63.71e3 64.15e3 63.79e3 65.52e3 
   150.e6  3.355e3 5.074e3 6.396e3 8.318e3 9.565e3 11.21e3 12.59e3 13.30e3 15.59e3 15.74e3 17.32e3 18.40e3 19.58e3 20.63e3 22.24e3 23.43e3 23.18e3 24.04e3 27.49e3 28.29e3 28.67e3 29.40e3 29.82e3 31.08e3 30.83e3 31.55e3 31.54e3 32.71e3 33.14e3 33.56e3 34.61e3 35.81e3 35.97e3 36.77e3 38.60e3 36.01e3 39.61e3 40.23e3 41.26e3 41.63e3 41.81e3 42.55e3 42.96e3 43.07e3 43.43e3 44.94e3 45.78e3 46.71e3 46.10e3 48.40e3 48.36e3 48.89e3 49.88e3 51.22e3 51.54e3 52.47e3 53.61e3 51.54e3 53.87e3 51.54e3 53.17e3 55.80e3 54.33e3 54.99e3 54.36e3 55.23e3 54.71e3 56.65e3 54.20e3 53.77e3 56.51e3 56.60e3 55.58e3 55.11e3 57.72e3 56.76e3 55.85e3 56.88e3 57.16e3 57.40e3 58.09e3 60.53e3 60.81e3 59.26e3 62.35e3 65.03e3 63.71e3 64.67e3 64.87e3 65.41e3 65.05e3 66.89e3 
   160.e6  3.304e3 5.086e3 6.440e3 8.356e3 9.618e3 11.27e3 12.61e3 13.43e3 15.71e3 15.82e3 17.39e3 18.49e3 19.88e3 20.96e3 22.55e3 23.70e3 23.33e3 24.15e3 27.78e3 28.58e3 28.88e3 29.64e3 30.14e3 31.36e3 31.18e3 31.87e3 31.92e3 33.11e3 33.62e3 33.96e3 35.08e3 36.30e3 36.63e3 37.48e3 39.15e3 36.46e3 40.29e3 41.10e3 42.00e3 42.23e3 42.13e3 42.94e3 43.55e3 43.69e3 44.04e3 45.47e3 46.33e3 47.48e3 46.90e3 49.09e3 49.19e3 49.55e3 50.52e3 51.50e3 52.22e3 53.09e3 54.40e3 52.48e3 54.65e3 52.26e3 54.01e3 56.52e3 55.17e3 55.80e3 55.42e3 55.99e3 55.71e3 57.58e3 55.21e3 55.09e3 57.71e3 57.90e3 56.59e3 56.16e3 58.59e3 57.76e3 56.90e3 58.04e3 58.25e3 58.78e3 59.53e3 61.71e3 61.83e3 60.82e3 63.70e3 66.31e3 65.08e3 65.99e3 65.89e3 66.52e3 66.18e3 68.12e3 
   170.e6  3.251e3 5.089e3 6.473e3 8.384e3 9.653e3 11.32e3 12.61e3 13.53e3 15.80e3 15.87e3 17.43e3 18.56e3 20.15e3 21.26e3 22.82e3 23.92e3 23.46e3 24.26e3 28.01e3 28.83e3 29.06e3 29.84e3 30.41e3 31.59e3 31.46e3 32.13e3 32.23e3 33.44e3 34.04e3 34.28e3 35.48e3 36.72e3 37.20e3 38.10e3 39.67e3 36.88e3 40.91e3 41.92e3 42.70e3 42.79e3 42.38e3 43.26e3 44.06e3 44.22e3 44.57e3 45.92e3 46.78e3 48.15e3 47.61e3 49.69e3 49.91e3 50.10e3 51.04e3 51.71e3 52.81e3 53.61e3 55.10e3 53.30e3 55.32e3 52.88e3 54.74e3 57.13e3 55.89e3 56.49e3 56.35e3 56.61e3 56.58e3 58.38e3 56.09e3 56.29e3 58.84e3 59.09e3 57.47e3 57.09e3 59.33e3 58.63e3 57.83e3 59.06e3 59.21e3 60.07e3 60.86e3 62.76e3 62.73e3 62.29e3 64.95e3 67.45e3 66.37e3 67.21e3 66.79e3 67.51e3 67.18e3 69.23e3 
   180.e6  3.216e3 5.100e3 6.498e3 8.404e3 9.694e3 11.37e3 12.64e3 13.64e3 15.88e3 15.93e3 17.48e3 18.64e3 20.38e3 21.52e3 23.04e3 24.12e3 23.65e3 24.39e3 28.23e3 29.04e3 29.25e3 30.05e3 30.69e3 31.80e3 31.74e3 32.37e3 32.54e3 33.76e3 34.42e3 34.61e3 35.87e3 37.10e3 37.72e3 38.66e3 40.07e3 37.28e3 41.49e3 42.65e3 43.35e3 43.31e3 42.68e3 43.60e3 44.57e3 44.73e3 45.09e3 46.38e3 47.23e3 48.79e3 48.31e3 50.27e3 50.60e3 50.65e3 51.48e3 51.89e3 53.38e3 54.14e3 55.79e3 54.09e3 55.98e3 53.51e3 55.46e3 57.72e3 56.59e3 57.20e3 57.21e3 57.22e3 57.40e3 59.14e3 56.96e3 57.38e3 59.86e3 60.21e3 58.32e3 58.02e3 60.08e3 59.46e3 58.73e3 60.04e3 60.13e3 61.25e3 62.06e3 63.78e3 63.60e3 63.63e3 66.03e3 68.44e3 67.56e3 68.33e3 67.69e3 68.49e3 68.16e3 70.29e3 
   200.e6  3.249e3 5.174e3 6.479e3 8.376e3 9.806e3 11.49e3 12.84e3 13.89e3 15.99e3 16.10e3 17.72e3 18.84e3 20.69e3 21.87e3 23.24e3 24.32e3 24.49e3 24.71e3 28.51e3 29.30e3 29.67e3 30.50e3 31.35e3 32.23e3 32.25e3 32.84e3 33.24e3 34.52e3 35.01e3 35.38e3 36.75e3 37.58e3 38.43e3 39.34e3 39.93e3 37.83e3 42.30e3 43.38e3 44.28e3 44.01e3 43.60e3 44.52e3 45.69e3 45.75e3 46.27e3 47.53e3 48.15e3 50.01e3 49.76e3 51.52e3 51.90e3 51.84e3 51.98e3 52.04e3 54.51e3 55.31e3 57.29e3 55.56e3 57.43e3 55.09e3 56.98e3 58.82e3 58.08e3 58.85e3 58.52e3 58.62e3 58.98e3 60.75e3 58.79e3 59.13e3 61.21e3 62.07e3 60.08e3 59.98e3 61.98e3 61.05e3 60.72e3 61.97e3 61.85e3 63.03e3 63.62e3 65.82e3 65.39e3 65.41e3 67.15e3 69.41e3 69.20e3 69.92e3 69.68e3 70.69e3 70.26e3 72.24e3 
   225.e6  3.188e3 5.145e3 6.374e3 8.240e3 9.793e3 11.46e3 12.86e3 13.97e3 15.90e3 16.06e3 17.73e3 18.83e3 20.77e3 21.99e3 23.17e3 24.25e3 24.96e3 24.83e3 28.49e3 29.26e3 29.75e3 30.69e3 31.65e3 32.30e3 32.46e3 32.98e3 33.61e3 34.94e3 35.31e3 35.85e3 37.26e3 37.76e3 38.80e3 39.69e3 39.71e3 38.14e3 42.73e3 43.74e3 44.83e3 44.34e3 44.13e3 45.09e3 46.41e3 46.37e3 47.02e3 48.27e3 48.69e3 50.81e3 50.80e3 52.31e3 52.79e3 52.57e3 52.21e3 51.89e3 55.19e3 56.03e3 58.27e3 56.65e3 58.35e3 56.18e3 58.02e3 59.43e3 59.09e3 60.01e3 59.42e3 59.59e3 60.10e3 61.84e3 60.17e3 60.49e3 62.10e3 63.52e3 61.51e3 61.56e3 63.41e3 62.27e3 62.33e3 63.44e3 63.15e3 64.40e3 64.83e3 67.42e3 66.70e3 66.85e3 68.25e3 70.19e3 70.54e3 71.14e3 71.26e3 72.40e3 71.91e3 73.77e3 
   250.e6  3.058e3 5.066e3 6.307e3 8.137e3 9.769e3 11.44e3 12.80e3 13.99e3 15.83e3 15.97e3 17.69e3 18.79e3 20.86e3 22.10e3 23.14e3 24.23e3 25.00e3 24.94e3 28.48e3 29.25e3 29.79e3 30.89e3 31.81e3 32.30e3 32.63e3 33.08e3 33.83e3 35.19e3 35.57e3 36.20e3 37.53e3 37.94e3 39.11e3 40.00e3 40.03e3 38.44e3 43.05e3 44.05e3 45.22e3 44.58e3 44.47e3 45.51e3 46.86e3 46.78e3 47.46e3 48.73e3 49.14e3 51.36e3 51.53e3 52.84e3 53.44e3 53.03e3 52.71e3 52.05e3 55.70e3 56.54e3 58.90e3 57.48e3 58.92e3 56.84e3 58.67e3 59.79e3 59.77e3 60.74e3 60.15e3 60.33e3 60.88e3 62.52e3 61.09e3 61.52e3 62.71e3 64.63e3 62.66e3 62.68e3 64.33e3 63.24e3 63.51e3 64.39e3 64.13e3 65.45e3 65.89e3 68.59e3 67.64e3 68.06e3 69.96e3 71.44e3 71.85e3 72.30e3 72.54e3 73.61e3 73.14e3 74.97e3 
   275.e6  2.946e3 4.981e3 6.230e3 8.024e3 9.706e3 11.37e3 12.72e3 13.98e3 15.70e3 15.86e3 17.59e3 18.71e3 20.86e3 22.11e3 23.02e3 24.12e3 24.96e3 25.00e3 28.37e3 29.15e3 29.71e3 30.98e3 31.82e3 32.19e3 32.66e3 33.07e3 33.90e3 35.29e3 35.68e3 36.39e3 37.64e3 37.99e3 39.24e3 40.13e3 40.29e3 38.67e3 43.17e3 44.17e3 45.39e3 44.66e3 44.63e3 45.74e3 47.09e3 46.97e3 47.69e3 48.98e3 49.36e3 51.66e3 51.95e3 53.10e3 53.83e3 53.26e3 53.02e3 52.12e3 55.98e3 56.81e3 59.27e3 58.02e3 59.21e3 57.23e3 59.04e3 59.93e3 60.16e3 61.18e3 60.58e3 60.80e3 61.33e3 62.89e3 61.69e3 62.19e3 63.05e3 65.37e3 63.47e3 63.48e3 64.92e3 63.90e3 64.35e3 65.00e3 64.81e3 66.16e3 66.61e3 69.36e3 68.27e3 68.90e3 71.28e3 72.36e3 72.79e3 73.08e3 73.43e3 74.44e3 73.99e3 75.82e3 
   300.e6  2.848e3 4.895e3 6.148e3 7.905e3 9.613e3 11.28e3 12.63e3 13.94e3 15.53e3 15.72e3 17.45e3 18.58e3 20.79e3 22.05e3 22.85e3 23.95e3 24.86e3 25.00e3 28.18e3 28.99e3 29.55e3 30.99e3 31.71e3 31.99e3 32.59e3 32.98e3 33.86e3 35.28e3 35.66e3 36.45e3 37.63e3 37.93e3 39.23e3 40.12e3 40.49e3 38.83e3 43.15e3 44.14e3 45.37e3 44.62e3 44.66e3 45.82e3 47.15e3 47.01e3 47.76e3 49.06e3 49.43e3 51.77e3 52.12e3 53.17e3 54.01e3 53.31e3 53.18e3 52.14e3 56.08e3 56.91e3 59.43e3 58.35e3 59.28e3 57.40e3 59.19e3 59.91e3 60.32e3 61.40e3 60.78e3 61.07e3 61.55e3 63.01e3 62.03e3 62.58e3 63.19e3 65.81e3 64.01e3 64.01e3 65.24e3 64.34e3 64.91e3 65.34e3 65.25e3 66.62e3 67.08e3 69.81e3 68.67e3 69.45e3 72.30e3 73.01e3 73.45e3 73.57e3 74.02e3 74.97e3 74.55e3 76.39e3 
   325.e6  2.764e3 4.807e3 6.062e3 7.783e3 9.500e3 11.17e3 12.52e3 13.87e3 15.35e3 15.58e3 17.28e3 18.43e3 20.67e3 21.93e3 22.64e3 23.73e3 24.72e3 24.96e3 27.94e3 28.77e3 29.34e3 30.94e3 31.52e3 31.74e3 32.45e3 32.82e3 33.74e3 35.18e3 35.55e3 36.40e3 37.52e3 37.79e3 39.11e3 40.00e3 40.65e3 38.93e3 43.03e3 44.01e3 45.22e3 44.49e3 44.60e3 45.78e3 47.08e3 46.92e3 47.71e3 49.02e3 49.36e3 51.73e3 52.10e3 53.09e3 54.02e3 53.23e3 53.24e3 52.11e3 56.04e3 56.88e3 59.44e3 58.50e3 59.20e3 57.42e3 59.18e3 59.79e3 60.32e3 61.44e3 60.81e3 61.19e3 61.58e3 62.97e3 62.19e3 62.75e3 63.20e3 66.02e3 64.33e3 64.35e3 65.35e3 64.60e3 65.25e3 65.48e3 65.52e3 66.89e3 67.36e3 70.02e3 68.89e3 69.76e3 73.06e3 73.45e3 73.86e3 73.83e3 74.37e3 75.26e3 74.87e3 76.74e3 
   350.e6  2.690e3 4.720e3 5.975e3 7.660e3 9.373e3 11.04e3 12.41e3 13.79e3 15.14e3 15.42e3 17.08e3 18.26e3 20.51e3 21.77e3 22.39e3 23.48e3 24.53e3 24.88e3 27.65e3 28.52e3 29.09e3 30.83e3 31.28e3 31.44e3 32.25e3 32.61e3 33.55e3 35.01e3 35.37e3 36.28e3 37.34e3 37.59e3 38.90e3 39.80e3 40.75e3 38.97e3 42.82e3 43.78e3 44.97e3 44.31e3 44.46e3 45.65e3 46.90e3 46.74e3 47.57e3 48.87e3 49.21e3 51.57e3 51.92e3 52.89e3 53.91e3 53.05e3 53.22e3 52.05e3 55.90e3 56.74e3 59.32e3 58.52e3 59.00e3 57.31e3 59.03e3 59.57e3 60.19e3 61.34e3 60.72e3 61.20e3 61.47e3 62.80e3 62.20e3 62.75e3 63.11e3 66.04e3 64.46e3 64.51e3 65.31e3 64.72e3 65.42e3 65.47e3 65.65e3 67.00e3 67.48e3 70.02e3 68.96e3 69.89e3 73.60e3 73.73e3 74.08e3 73.90e3 74.53e3 75.36e3 75.01e3 76.91e3 
   375.e6  2.625e3 4.634e3 5.887e3 7.537e3 9.237e3 10.91e3 12.29e3 13.69e3 14.94e3 15.27e3 16.87e3 18.08e3 20.31e3 21.57e3 22.12e3 23.21e3 24.32e3 24.76e3 27.34e3 28.24e3 28.80e3 30.67e3 30.98e3 31.11e3 32.01e3 32.37e3 33.32e3 34.80e3 35.13e3 36.10e3 37.09e3 37.34e3 38.64e3 39.54e3 40.81e3 38.98e3 42.54e3 43.49e3 44.64e3 44.08e3 44.25e3 45.45e3 46.65e3 46.49e3 47.35e3 48.65e3 48.97e3 51.33e3 51.62e3 52.60e3 53.69e3 52.78e3 53.14e3 51.95e3 55.67e3 56.53e3 59.11e3 58.43e3 58.70e3 57.11e3 58.79e3 59.30e3 59.97e3 61.13e3 60.52e3 61.11e3 61.26e3 62.53e3 62.09e3 62.62e3 62.93e3 65.92e3 64.44e3 64.54e3 65.14e3 64.73e3 65.45e3 65.34e3 65.67e3 66.99e3 67.48e3 69.87e3 68.93e3 69.87e3 73.96e3 73.88e3 74.14e3 73.83e3 74.54e3 75.32e3 75.01e3 76.92e3 
   400.e6  2.567e3 4.550e3 5.800e3 7.415e3 9.096e3 10.76e3 12.16e3 13.59e3 14.72e3 15.11e3 16.66e3 17.89e3 20.10e3 21.35e3 21.84e3 22.92e3 24.08e3 24.60e3 27.01e3 27.95e3 28.49e3 30.48e3 30.65e3 30.77e3 31.74e3 32.11e3 33.06e3 34.54e3 34.85e3 35.87e3 36.81e3 37.06e3 38.33e3 39.23e3 40.83e3 38.94e3 42.23e3 43.16e3 44.25e3 43.82e3 44.01e3 45.19e3 46.33e3 46.19e3 47.08e3 48.37e3 48.69e3 51.01e3 51.24e3 52.25e3 53.39e3 52.46e3 53.01e3 51.83e3 55.39e3 56.25e3 58.82e3 58.26e3 58.34e3 56.84e3 58.48e3 58.98e3 59.67e3 60.85e3 60.25e3 60.95e3 60.96e3 62.19e3 61.89e3 62.38e3 62.71e3 65.68e3 64.30e3 64.47e3 64.87e3 64.65e3 65.37e3 65.12e3 65.61e3 66.89e3 67.38e3 69.60e3 68.81e3 69.73e3 74.17e3 73.91e3 74.07e3 73.64e3 74.43e3 75.15e3 74.89e3 76.83e3 
   450.e6  2.467e3 4.388e3 5.630e3 7.176e3 8.810e3 10.46e3 11.89e3 13.35e3 14.30e3 14.79e3 16.20e3 17.49e3 19.62e3 20.86e3 21.26e3 22.32e3 23.56e3 24.21e3 26.31e3 27.34e3 27.85e3 30.00e3 29.94e3 30.06e3 31.13e3 31.55e3 32.46e3 33.96e3 34.21e3 35.31e3 36.14e3 36.44e3 37.61e3 38.51e3 40.76e3 38.76e3 41.49e3 42.39e3 43.35e3 43.23e3 43.43e3 44.56e3 45.56e3 45.47e3 46.44e3 47.67e3 48.00e3 50.22e3 50.29e3 51.41e3 52.62e3 51.71e3 52.65e3 51.52e3 54.71e3 55.59e3 58.10e3 57.72e3 57.48e3 56.17e3 57.70e3 58.26e3 58.93e3 60.09e3 59.56e3 60.47e3 60.21e3 61.39e3 61.30e3 61.67e3 62.15e3 64.97e3 63.74e3 64.08e3 64.12e3 64.32e3 64.96e3 64.51e3 65.29e3 66.48e3 66.98e3 68.81e3 68.37e3 69.19e3 74.21e3 73.72e3 73.65e3 73.02e3 73.92e3 74.57e3 74.39e3 76.35e3 
   500.e6  2.383e3 4.235e3 5.468e3 6.948e3 8.528e3 10.15e3 11.62e3 13.08e3 13.89e3 14.48e3 15.74e3 17.09e3 19.11e3 20.33e3 20.67e3 21.71e3 23.02e3 23.73e3 25.59e3 26.71e3 27.18e3 29.44e3 29.19e3 29.34e3 30.49e3 30.96e3 31.82e3 33.32e3 33.50e3 34.66e3 35.39e3 35.78e3 36.81e3 37.71e3 40.56e3 38.47e3 40.69e3 41.56e3 42.36e3 42.58e3 42.77e3 43.84e3 44.69e3 44.67e3 45.70e3 46.86e3 47.21e3 49.30e3 49.21e3 50.48e3 51.70e3 50.85e3 52.20e3 51.14e3 53.92e3 54.82e3 57.23e3 57.02e3 56.52e3 55.38e3 56.81e3 57.46e3 58.07e3 59.18e3 58.75e3 59.85e3 59.33e3 60.48e3 60.55e3 60.78e3 61.49e3 64.06e3 62.92e3 63.46e3 63.21e3 63.80e3 64.33e3 63.75e3 64.79e3 65.89e3 66.40e3 67.79e3 67.76e3 68.41e3 73.86e3 73.29e3 72.94e3 72.16e3 73.17e3 73.75e3 73.65e3 75.61e3 
   550.e6  2.309e3 4.090e3 5.313e3 6.732e3 8.260e3 9.839e3 11.33e3 12.80e3 13.49e3 14.17e3 15.29e3 16.69e3 18.60e3 19.79e3 20.09e3 21.11e3 22.46e3 23.20e3 24.88e3 26.09e3 26.52e3 28.83e3 28.44e3 28.63e3 29.82e3 30.37e3 31.16e3 32.65e3 32.76e3 33.97e3 34.60e3 35.09e3 35.98e3 36.87e3 40.24e3 38.10e3 39.86e3 40.71e3 41.34e3 41.91e3 42.08e3 43.05e3 43.76e3 43.84e3 44.92e3 45.98e3 46.38e3 48.31e3 48.07e3 49.51e3 50.70e3 49.96e3 51.69e3 50.68e3 53.08e3 54.00e3 56.29e3 56.21e3 55.51e3 54.53e3 55.86e3 56.63e3 57.15e3 58.19e3 57.87e3 59.15e3 58.38e3 59.54e3 59.70e3 59.79e3 60.78e3 63.04e3 61.92e3 62.70e3 62.21e3 63.17e3 63.56e3 62.91e3 64.17e3 65.18e3 65.70e3 66.67e3 67.03e3 67.49e3 73.24e3 72.68e3 72.04e3 71.16e3 72.26e3 72.79e3 72.77e3 74.71e3 
   600.e6  2.242e3 3.952e3 5.167e3 6.528e3 8.007e3 9.541e3 11.05e3 12.52e3 13.12e3 13.88e3 14.86e3 16.30e3 18.09e3 19.25e3 19.53e3 20.52e3 21.91e3 22.63e3 24.19e3 25.48e3 25.87e3 28.19e3 27.70e3 27.96e3 29.16e3 29.77e3 30.50e3 31.98e3 32.02e3 33.25e3 33.80e3 34.41e3 35.14e3 36.03e3 39.82e3 37.65e3 39.03e3 39.85e3 40.33e3 41.23e3 41.36e3 42.25e3 42.81e3 43.00e3 44.13e3 45.06e3 45.53e3 47.30e3 46.94e3 48.54e3 49.66e3 49.06e3 51.13e3 50.17e3 52.21e3 53.15e3 55.32e3 55.33e3 54.50e3 53.67e3 54.89e3 55.78e3 56.21e3 57.16e3 56.97e3 58.39e3 57.41e3 58.59e3 58.80e3 58.75e3 60.04e3 61.96e3 60.83e3 61.84e3 61.16e3 62.47e3 62.70e3 62.04e3 63.47e3 64.40e3 64.92e3 65.49e3 66.24e3 66.48e3 72.42e3 71.94e3 71.03e3 70.10e3 71.25e3 71.75e3 71.79e3 73.68e3 
   650.e6  2.179e3 3.822e3 5.028e3 6.335e3 7.772e3 9.257e3 10.77e3 12.23e3 12.77e3 13.59e3 14.44e3 15.92e3 17.59e3 18.73e3 18.99e3 19.96e3 21.38e3 22.06e3 23.52e3 24.89e3 25.25e3 27.54e3 26.99e3 27.31e3 28.51e3 29.19e3 29.85e3 31.30e3 31.29e3 32.54e3 33.01e3 33.73e3 34.31e3 35.19e3 39.31e3 37.16e3 38.21e3 39.01e3 39.34e3 40.54e3 40.64e3 41.44e3 41.87e3 42.17e3 43.33e3 44.14e3 44.68e3 46.28e3 45.84e3 47.58e3 48.61e3 48.17e3 50.53e3 49.61e3 51.34e3 52.30e3 54.33e3 54.42e3 53.51e3 52.81e3 53.93e3 54.93e3 55.27e3 56.12e3 56.06e3 57.59e3 56.45e3 57.64e3 57.89e3 57.71e3 59.27e3 60.87e3 59.68e3 60.93e3 60.12e3 61.71e3 61.79e3 61.15e3 62.72e3 63.58e3 64.10e3 64.32e3 65.40e3 65.44e3 71.46e3 71.11e3 69.95e3 68.99e3 70.19e3 70.67e3 70.76e3 72.59e3 
   700.e6  2.119e3 3.699e3 4.897e3 6.154e3 7.553e3 8.986e3 10.49e3 11.94e3 12.44e3 13.31e3 14.05e3 15.55e3 17.11e3 18.23e3 18.48e3 19.43e3 20.88e3 21.49e3 22.88e3 24.32e3 24.65e3 26.88e3 26.31e3 26.69e3 27.88e3 28.62e3 29.22e3 30.64e3 30.58e3 31.83e3 32.22e3 33.08e3 33.50e3 34.38e3 38.74e3 36.63e3 37.42e3 38.19e3 38.38e3 39.86e3 39.93e3 40.63e3 40.94e3 41.37e3 42.54e3 43.21e3 43.85e3 45.28e3 44.79e3 46.65e3 47.57e3 47.29e3 49.90e3 49.00e3 50.47e3 51.44e3 53.35e3 53.50e3 52.54e3 51.96e3 52.98e3 54.08e3 54.35e3 55.10e3 55.17e3 56.77e3 55.51e3 56.72e3 56.97e3 56.68e3 58.49e3 59.79e3 58.52e3 59.99e3 59.09e3 60.93e3 60.87e3 60.27e3 61.92e3 62.73e3 63.25e3 63.16e3 64.54e3 64.39e3 70.39e3 70.21e3 68.82e3 67.88e3 69.10e3 69.57e3 69.70e3 71.47e3 
   800.e6  2.004e3 3.471e3 4.653e3 5.824e3 7.159e3 8.488e3 9.942e3 11.37e3 11.84e3 12.77e3 13.31e3 14.86e3 16.21e3 17.28e3 17.53e3 18.44e3 19.94e3 20.39e3 21.70e3 23.25e3 23.53e3 25.59e3 25.06e3 25.56e3 26.69e3 27.53e3 28.02e3 29.36e3 29.23e3 30.46e3 30.72e3 31.82e3 31.97e3 32.83e3 37.46e3 35.51e3 35.91e3 36.66e3 36.59e3 38.50e3 38.54e3 39.08e3 39.17e3 39.83e3 41.01e3 41.40e3 42.24e3 43.36e3 42.88e3 44.90e3 45.56e3 45.62e3 48.56e3 47.68e3 48.78e3 49.76e3 51.42e3 51.66e3 50.69e3 50.32e3 51.17e3 52.41e3 52.57e3 53.11e3 53.43e3 55.11e3 53.70e3 54.94e3 55.16e3 54.71e3 56.91e3 57.70e3 56.20e3 58.08e3 57.11e3 59.30e3 59.01e3 58.53e3 60.27e3 61.00e3 61.51e3 60.98e3 62.78e3 62.32e3 68.09e3 68.28e3 66.53e3 65.69e3 66.92e3 67.38e3 67.55e3 69.17e3 
   900.e6  1.893e3 3.263e3 4.430e3 5.531e3 6.817e3 8.048e3 9.429e3 10.83e3 11.29e3 12.26e3 12.66e3 14.21e3 15.39e3 16.42e3 16.67e3 17.54e3 19.10e3 19.40e3 20.63e3 22.26e3 22.52e3 24.36e3 23.94e3 24.54e3 25.59e3 26.49e3 26.91e3 28.16e3 28.00e3 29.18e3 29.33e3 30.65e3 30.57e3 31.40e3 36.05e3 34.34e3 34.53e3 35.25e3 34.98e3 37.17e3 37.20e3 37.62e3 37.52e3 38.42e3 39.56e3 39.69e3 40.73e3 41.57e3 41.22e3 43.28e3 43.69e3 44.06e3 47.14e3 46.27e3 47.16e3 48.13e3 49.58e3 49.86e3 48.99e3 48.78e3 49.48e3 50.78e3 50.89e3 51.27e3 51.77e3 53.45e3 52.01e3 53.25e3 53.43e3 52.90e3 55.30e3 55.75e3 54.00e3 56.21e3 55.29e3 57.63e3 57.19e3 56.86e3 58.59e3 59.27e3 59.78e3 58.99e3 61.02e3 60.35e3 65.68e3 66.23e3 64.29e3 63.61e3 64.80e3 65.25e3 65.44e3 66.91e3 
   1.00e9  1.787e3 3.074e3 4.226e3 5.272e3 6.514e3 7.660e3 8.951e3 10.31e3 10.78e3 11.77e3 12.07e3 13.61e3 14.66e3 15.64e3 15.91e3 16.74e3 18.34e3 18.53e3 19.68e3 21.34e3 21.60e3 23.22e3 22.95e3 23.63e3 24.58e3 25.52e3 25.88e3 27.03e3 26.88e3 28.00e3 28.05e3 29.55e3 29.29e3 30.10e3 34.59e3 33.19e3 33.25e3 33.96e3 33.53e3 35.87e3 35.92e3 36.26e3 36.02e3 37.12e3 38.19e3 38.08e3 39.31e3 39.92e3 39.78e3 41.80e3 41.97e3 42.62e3 45.66e3 44.81e3 45.61e3 46.57e3 47.85e3 48.14e3 47.42e3 47.32e3 47.91e3 49.21e3 49.30e3 49.56e3 50.19e3 51.81e3 50.44e3 51.65e3 51.78e3 51.25e3 53.68e3 53.95e3 51.96e3 54.42e3 53.61e3 55.97e3 55.45e3 55.25e3 56.90e3 57.56e3 58.06e3 57.19e3 59.27e3 58.50e3 63.27e3 64.13e3 62.13e3 61.64e3 62.76e3 63.23e3 63.39e3 64.74e3 
   1.10e9  1.685e3 2.902e3 4.037e3 5.040e3 6.241e3 7.316e3 8.510e3 9.830e3 10.31e3 11.30e3 11.53e3 13.05e3 14.00e3 14.94e3 15.21e3 16.02e3 17.67e3 17.78e3 18.83e3 20.50e3 20.76e3 22.17e3 22.07e3 22.79e3 23.65e3 24.59e3 24.93e3 25.97e3 25.86e3 26.90e3 26.89e3 28.54e3 28.12e3 28.92e3 33.12e3 32.06e3 32.08e3 32.78e3 32.24e3 34.62e3 34.71e3 35.00e3 34.64e3 35.92e3 36.91e3 36.59e3 38.00e3 38.42e3 38.52e3 40.43e3 40.40e3 41.27e3 44.16e3 43.34e3 44.14e3 45.06e3 46.21e3 46.50e3 45.96e3 45.95e3 46.44e3 47.69e3 47.81e3 48.00e3 48.69e3 50.21e3 48.98e3 50.11e3 50.20e3 49.75e3 52.07e3 52.27e3 50.10e3 52.72e3 52.08e3 54.33e3 53.80e3 53.70e3 55.23e3 55.89e3 56.38e3 55.57e3 57.56e3 56.79e3 60.92e3 62.02e3 60.09e3 59.80e3 60.83e3 61.31e3 61.43e3 62.67e3 
   1.20e9  1.588e3 2.744e3 3.861e3 4.831e3 5.993e3 7.011e3 8.104e3 9.378e3 9.866e3 10.86e3 11.05e3 12.53e3 13.40e3 14.31e3 14.59e3 15.36e3 17.05e3 17.14e3 18.06e3 19.71e3 19.99e3 21.21e3 21.27e3 22.02e3 22.79e3 23.71e3 24.04e3 24.98e3 24.93e3 25.90e3 25.82e3 27.58e3 27.07e3 27.85e3 31.69e3 30.98e3 31.01e3 31.70e3 31.08e3 33.41e3 33.56e3 33.84e3 33.39e3 34.80e3 35.69e3 35.21e3 36.77e3 37.04e3 37.41e3 39.15e3 38.96e3 40.02e3 42.65e3 41.87e3 42.74e3 43.62e3 44.68e3 44.94e3 44.59e3 44.64e3 45.07e3 46.23e3 46.39e3 46.55e3 47.25e3 48.65e3 47.60e3 48.64e3 48.71e3 48.37e3 50.48e3 50.72e3 48.40e3 51.11e3 50.66e3 52.72e3 52.24e3 52.21e3 53.60e3 54.26e3 54.74e3 54.10e3 55.90e3 55.19e3 58.67e3 59.94e3 58.17e3 58.08e3 59.01e3 59.50e3 59.56e3 60.72e3 
   1.30e9  1.496e3 2.600e3 3.698e3 4.643e3 5.763e3 6.738e3 7.734e3 8.957e3 9.451e3 10.43e3 10.62e3 12.05e3 12.86e3 13.73e3 14.02e3 14.77e3 16.48e3 16.59e3 17.37e3 18.97e3 19.28e3 20.34e3 20.54e3 21.32e3 21.99e3 22.88e3 23.21e3 24.05e3 24.08e3 24.97e3 24.86e3 26.69e3 26.11e3 26.87e3 30.31e3 29.94e3 30.00e3 30.69e3 30.04e3 32.25e3 32.47e3 32.75e3 32.25e3 33.76e3 34.54e3 33.94e3 35.62e3 35.79e3 36.41e3 37.96e3 37.65e3 38.84e3 41.15e3 40.45e3 41.41e3 42.24e3 43.23e3 43.47e3 43.31e3 43.39e3 43.77e3 44.82e3 45.04e3 45.22e3 45.88e3 47.14e3 46.30e3 47.23e3 47.29e3 47.10e3 48.92e3 49.26e3 46.86e3 49.60e3 49.35e3 51.15e3 50.75e3 50.76e3 52.02e3 52.68e3 53.15e3 52.74e3 54.28e3 53.70e3 56.54e3 57.90e3 56.37e3 56.46e3 57.29e3 57.78e3 57.77e3 58.89e3 
   1.40e9  1.411e3 2.469e3 3.546e3 4.471e3 5.548e3 6.492e3 7.397e3 8.566e3 9.060e3 10.02e3 10.22e3 11.60e3 12.37e3 13.21e3 13.50e3 14.23e3 15.95e3 16.13e3 16.74e3 18.29e3 18.62e3 19.54e3 19.88e3 20.65e3 21.25e3 22.10e3 22.44e3 23.18e3 23.29e3 24.11e3 23.98e3 25.85e3 25.23e3 25.97e3 29.01e3 28.96e3 29.07e3 29.76e3 29.09e3 31.13e3 31.43e3 31.74e3 31.20e3 32.78e3 33.46e3 32.76e3 34.54e3 34.64e3 35.49e3 36.83e3 36.44e3 37.73e3 39.68e3 39.07e3 40.14e3 40.92e3 41.87e3 42.08e3 42.09e3 42.19e3 42.55e3 43.46e3 43.75e3 43.98e3 44.56e3 45.69e3 45.05e3 45.86e3 45.93e3 45.91e3 47.39e3 47.89e3 45.47e3 48.17e3 48.12e3 49.63e3 49.34e3 49.36e3 50.49e3 51.15e3 51.61e3 51.48e3 52.71e3 52.30e3 54.54e3 55.93e3 54.68e3 54.94e3 55.66e3 56.15e3 56.08e3 57.17e3 
   1.50e9  1.332e3 2.350e3 3.403e3 4.314e3 5.346e3 6.267e3 7.091e3 8.205e3 8.693e3 9.634e3 9.859e3 11.17e3 11.91e3 12.73e3 13.03e3 13.73e3 15.45e3 15.72e3 16.17e3 17.65e3 18.00e3 18.81e3 19.27e3 20.03e3 20.56e3 21.35e3 21.71e3 22.36e3 22.57e3 23.31e3 23.17e3 25.05e3 24.43e3 25.15e3 27.78e3 28.04e3 28.19e3 28.88e3 28.22e3 30.07e3 30.45e3 30.79e3 30.24e3 31.85e3 32.43e3 31.68e3 33.51e3 33.58e3 34.63e3 35.76e3 35.34e3 36.67e3 38.25e3 37.76e3 38.93e3 39.66e3 40.58e3 40.77e3 40.94e3 41.04e3 41.38e3 42.17e3 42.52e3 42.81e3 43.30e3 44.29e3 43.87e3 44.55e3 44.63e3 44.78e3 45.91e3 46.59e3 44.20e3 46.82e3 46.95e3 48.16e3 47.99e3 48.01e3 49.02e3 49.67e3 50.12e3 50.29e3 51.20e3 50.98e3 52.66e3 54.03e3 53.10e3 53.50e3 54.11e3 54.61e3 54.47e3 55.54e3 
   1.60e9  1.260e3 2.241e3 3.270e3 4.168e3 5.155e3 6.062e3 6.813e3 7.872e3 8.350e3 9.269e3 9.527e3 10.77e3 11.50e3 12.29e3 12.60e3 13.28e3 14.97e3 15.36e3 15.65e3 17.05e3 17.43e3 18.15e3 18.70e3 19.44e3 19.91e3 20.64e3 21.02e3 21.60e3 21.89e3 22.57e3 22.44e3 24.30e3 23.69e3 24.40e3 26.64e3 27.17e3 27.37e3 28.05e3 27.42e3 29.06e3 29.51e3 29.90e3 29.36e3 30.97e3 31.46e3 30.69e3 32.55e3 32.60e3 33.81e3 34.74e3 34.31e3 35.67e3 36.88e3 36.52e3 37.78e3 38.46e3 39.37e3 39.53e3 39.83e3 39.93e3 40.27e3 40.93e3 41.34e3 41.71e3 42.08e3 42.95e3 42.73e3 43.28e3 43.39e3 43.71e3 44.49e3 45.35e3 43.04e3 45.54e3 45.84e3 46.75e3 46.71e3 46.70e3 47.61e3 48.25e3 48.69e3 49.15e3 49.74e3 49.72e3 50.91e3 52.22e3 51.61e3 52.12e3 52.65e3 53.14e3 52.95e3 54.02e3 
   1.70e9  1.195e3 2.143e3 3.147e3 4.033e3 4.973e3 5.871e3 6.562e3 7.565e3 8.030e3 8.926e3 9.222e3 10.40e3 11.11e3 11.88e3 12.20e3 12.86e3 14.52e3 15.03e3 15.17e3 16.48e3 16.89e3 17.54e3 18.16e3 18.87e3 19.30e3 19.97e3 20.37e3 20.88e3 21.26e3 21.88e3 21.77e3 23.58e3 23.02e3 23.70e3 25.60e3 26.35e3 26.59e3 27.26e3 26.69e3 28.11e3 28.63e3 29.06e3 28.54e3 30.13e3 30.53e3 29.77e3 31.63e3 31.70e3 33.02e3 33.77e3 33.37e3 34.71e3 35.58e3 35.35e3 36.68e3 37.31e3 38.22e3 38.36e3 38.77e3 38.86e3 39.20e3 39.74e3 40.20e3 40.66e3 40.91e3 41.67e3 41.63e3 42.06e3 42.20e3 42.68e3 43.13e3 44.17e3 41.98e3 44.33e3 44.76e3 45.40e3 45.48e3 45.43e3 46.27e3 46.89e3 47.32e3 48.05e3 48.34e3 48.52e3 49.28e3 50.51e3 50.21e3 50.81e3 51.26e3 51.74e3 51.50e3 52.57e3 
   1.80e9  1.136e3 2.054e3 3.031e3 3.907e3 4.801e3 5.692e3 6.335e3 7.283e3 7.734e3 8.604e3 8.942e3 10.05e3 10.76e3 11.50e3 11.83e3 12.47e3 14.09e3 14.72e3 14.73e3 15.95e3 16.38e3 16.99e3 17.65e3 18.33e3 18.72e3 19.34e3 19.75e3 20.21e3 20.67e3 21.23e3 21.16e3 22.90e3 22.39e3 23.06e3 24.64e3 25.57e3 25.85e3 26.51e3 26.00e3 27.21e3 27.78e3 28.26e3 27.79e3 29.32e3 29.65e3 28.93e3 30.75e3 30.87e3 32.24e3 32.83e3 32.49e3 33.79e3 34.34e3 34.27e3 35.63e3 36.22e3 37.13e3 37.25e3 37.75e3 37.83e3 38.17e3 38.61e3 39.11e3 39.66e3 39.78e3 40.46e3 40.56e3 40.89e3 41.06e3 41.69e3 41.84e3 43.03e3 40.99e3 43.18e3 43.72e3 44.11e3 44.31e3 44.21e3 44.99e3 45.59e3 46.01e3 46.98e3 47.01e3 47.37e3 47.78e3 48.90e3 48.89e3 49.56e3 49.92e3 50.40e3 50.12e3 51.21e3 
   2.00e9  1.039e3 1.903e3 2.825e3 3.675e3 4.483e3 5.362e3 5.942e3 6.787e3 7.214e3 8.025e3 8.446e3 9.425e3 10.11e3 10.81e3 11.18e3 11.79e3 13.27e3 14.10e3 13.95e3 14.99e3 15.43e3 15.98e3 16.70e3 17.31e3 17.65e3 18.17e3 18.61e3 18.99e3 19.57e3 20.05e3 20.08e3 21.63e3 21.27e3 21.91e3 22.99e3 24.13e3 24.46e3 25.10e3 24.75e3 25.57e3 26.22e3 26.78e3 26.43e3 27.80e3 28.02e3 27.44e3 29.12e3 29.37e3 30.70e3 31.08e3 30.89e3 32.05e3 32.13e3 32.35e3 33.69e3 34.19e3 35.12e3 35.22e3 35.81e3 35.87e3 36.23e3 36.52e3 37.06e3 37.75e3 37.67e3 38.22e3 38.53e3 38.69e3 38.93e3 39.75e3 39.48e3 40.87e3 39.22e3 41.02e3 41.70e3 41.72e3 42.09e3 41.92e3 42.63e3 43.17e3 43.57e3 44.88e3 44.52e3 45.16e3 45.10e3 46.01e3 46.44e3 47.17e3 47.43e3 47.89e3 47.58e3 48.67e3 
