# SRIM-2013 Electronic stopping power table for Z1=66
# Converted from a table provided by H.Hofsaess
# units of energy:         eV
# units of stopping power: eV A^2
#      \Z2 1       2       3       4       5       6       7       8       9       10      11      12      13      14      15      16      17      18      19      20      21      22      23      24      25      26      27      28      29      30      31      32      33      34      35      36      37      38      39      40      41      42      43      44      45      46      47      48      49      50      51      52      53      54      55      56      57      58      59      60      61      62      63      64      65      66      67      68      69      70      71      72      73      74      75      76      77      78      79      80      81      82      83      84      85      86      87      88      89      90      91      92      
# energy\  H       He      Li      Be      B       C       N       O       F       Ne      Na      Mg      Al      Si      P       S       Cl      Ar      K       Ca      Sc      Ti      V       Cr      Mn      Fe      Co      Ni      Cu      Zn      Ga      Ge      As      Se      Br      Kr      Rb      Sr      Y       Zr      Nb      Mo      Tc      Ru      Rh      Pd      Ag      Cd      In      Sn      Sb      Te      I       Xe      Cs      Ba      La      Ce      Pr      Nd      Pm      Sm      Eu      Gd      Tb      Dy      Ho      Er      Tm      Yb      Lu      Hf      Ta      W       Re      Os      Ir      Pt      Au      Hg      Tl      Pb      Bi      Po      At      Rn      Fr      Ra      Ac      Th      Pa      U       
   0.00    0.0     0.0     0.0     0.0     0.0     0.0     0.0     0.0     0.0     0.0     0.0     0.0     0.0     0.0     0.0     0.0     0.0     0.0     0.0     0.0     0.0     0.0     0.0     0.0     0.0     0.0     0.0     0.0     0.0     0.0     0.0     0.0     0.0     0.0     0.0     0.0     0.0     0.0     0.0     0.0     0.0     0.0     0.0     0.0     0.0     0.0     0.0     0.0     0.0     0.0     0.0     0.0     0.0     0.0     0.0     0.0     0.0     0.0     0.0     0.0     0.0     0.0     0.0     0.0     0.0     0.0     0.0     0.0     0.0     0.0     0.0     0.0     0.0     0.0     0.0     0.0     0.0     0.0     0.0     0.0     0.0     0.0     0.0     0.0     0.0     0.0     0.0     0.0     0.0     0.0     0.0     0.0     
   10.0    1.382   1.692   2.167   4.427   5.259   6.738   4.444   3.661   4.150   4.135   7.536   9.236   8.618   8.238   9.010   7.089   2.134   5.059   6.392   6.439   9.897   9.046   9.651   7.481   7.135   7.833   7.152   7.385   7.062   6.655   7.140   9.198   10.63   9.306   3.195   4.674   11.70   11.70   11.87   9.282   13.80   12.99   11.72   8.321   7.249   11.04   10.91   10.14   8.394   13.96   12.34   9.998   13.11   3.814   15.13   15.56   16.01   13.27   11.88   12.44   12.56   11.03   10.65   15.81   12.52   10.57   8.582   8.992   11.48   8.704   10.12   8.740   11.20   10.43   9.250   5.847   6.873   9.443   8.804   6.820   7.897   12.16   11.84   15.25   15.45   14.83   17.17   16.49   11.20   10.82   13.78   11.09   
   11.0    1.450   1.774   2.273   4.644   5.516   7.067   4.661   3.840   4.352   4.337   7.903   9.686   9.039   8.640   9.450   7.435   2.238   5.306   6.704   6.753   10.38   9.488   10.12   7.846   7.483   8.216   7.501   7.746   7.407   6.980   7.489   9.647   11.14   9.760   3.351   4.902   12.27   12.27   12.45   9.735   14.48   13.63   12.29   8.727   7.603   11.58   11.45   10.64   8.803   14.64   12.94   10.49   13.75   4.000   15.87   16.32   16.79   13.92   12.46   13.05   13.17   11.57   11.17   16.58   13.13   11.09   9.001   9.431   12.04   9.129   10.61   9.167   11.75   10.93   9.701   6.133   7.209   9.904   9.234   7.152   8.282   12.75   12.42   16.00   16.20   15.55   18.01   17.29   11.74   11.35   14.45   11.63   
   12.0    1.514   1.853   2.374   4.850   5.761   7.381   4.868   4.010   4.546   4.530   8.255   10.12   9.441   9.024   9.870   7.765   2.338   5.542   7.002   7.054   10.84   9.910   10.57   8.195   7.816   8.581   7.835   8.090   7.736   7.290   7.822   10.08   11.64   10.19   3.500   5.120   12.81   12.82   13.01   10.17   15.12   14.23   12.84   9.115   7.941   12.10   11.96   11.11   9.195   15.29   13.51   10.95   14.36   4.178   16.58   17.05   17.54   14.54   13.02   13.63   13.76   12.09   11.67   17.31   13.71   11.58   9.401   9.851   12.57   9.534   11.09   9.574   12.27   11.42   10.13   6.406   7.529   10.34   9.644   7.470   8.651   13.32   12.97   16.71   16.92   16.24   18.81   18.06   12.27   11.85   15.09   12.15   
   13.0    1.576   1.929   2.471   5.048   5.997   7.682   5.067   4.174   4.731   4.715   8.592   10.53   9.827   9.392   10.27   8.082   2.433   5.769   7.288   7.342   11.28   10.31   11.00   8.529   8.135   8.931   8.154   8.420   8.052   7.588   8.141   10.49   12.11   10.61   3.643   5.329   13.33   13.34   13.54   10.58   15.74   14.81   13.36   9.487   8.265   12.59   12.44   11.57   9.570   15.91   14.07   11.40   14.95   4.348   17.25   17.74   18.25   15.13   13.55   14.18   14.32   12.58   12.15   18.02   14.27   12.06   9.785   10.25   13.09   9.924   11.54   9.965   12.77   11.89   10.55   6.667   7.837   10.77   10.04   7.775   9.004   13.86   13.50   17.39   17.61   16.91   19.57   18.80   12.77   12.33   15.71   12.64   
   14.0    1.636   2.001   2.564   5.239   6.223   7.972   5.259   4.332   4.910   4.893   8.916   10.93   10.20   9.747   10.66   8.388   2.525   5.986   7.563   7.619   11.71   10.70   11.42   8.851   8.442   9.268   8.462   8.738   8.356   7.874   8.448   10.88   12.57   11.01   3.780   5.530   13.84   13.85   14.05   10.98   16.33   15.37   13.87   9.845   8.577   13.07   12.91   12.00   9.932   16.51   14.60   11.83   15.51   4.512   17.91   18.41   18.94   15.71   14.06   14.72   14.86   13.06   12.60   18.70   14.81   12.51   10.15   10.64   13.58   10.30   11.98   10.34   13.25   12.34   10.94   6.919   8.133   11.17   10.42   8.069   9.344   14.39   14.01   18.05   18.27   17.54   20.31   19.51   13.25   12.80   16.30   13.12   
   15.0    1.693   2.072   2.654   5.423   6.441   8.252   5.443   4.484   5.082   5.064   9.229   11.31   10.56   10.09   11.04   8.682   2.614   6.196   7.829   7.886   12.12   11.08   11.82   9.162   8.738   9.594   8.759   9.045   8.649   8.151   8.745   11.27   13.01   11.40   3.913   5.724   14.32   14.33   14.54   11.37   16.91   15.91   14.35   10.19   8.878   13.53   13.37   12.42   10.28   17.09   15.11   12.24   16.05   4.671   18.53   19.06   19.61   16.26   14.56   15.24   15.38   13.51   13.05   19.36   15.33   12.95   10.51   11.01   14.06   10.66   12.40   10.70   13.72   12.77   11.33   7.162   8.418   11.57   10.78   8.352   9.672   14.89   14.50   18.68   18.92   18.16   21.03   20.19   13.72   13.25   16.88   13.58   
   16.0    1.748   2.140   2.742   5.600   6.653   8.523   5.622   4.631   5.249   5.231   9.532   11.68   10.90   10.42   11.40   8.967   2.700   6.400   8.086   8.145   12.52   11.44   12.21   9.462   9.025   9.908   9.047   9.342   8.933   8.418   9.032   11.63   13.44   11.77   4.041   5.912   14.79   14.80   15.02   11.74   17.46   16.43   14.82   10.53   9.169   13.97   13.80   12.83   10.62   17.65   15.60   12.65   16.58   4.824   19.14   19.68   20.25   16.79   15.03   15.74   15.89   13.96   13.48   19.99   15.84   13.38   10.86   11.37   14.52   11.01   12.80   11.06   14.17   13.19   11.70   7.397   8.694   11.94   11.14   8.626   9.989   15.38   14.98   19.30   19.54   18.75   21.72   20.85   14.16   13.68   17.43   14.03   
   17.0    1.802   2.206   2.826   5.773   6.857   8.785   5.795   4.773   5.411   5.392   9.825   12.04   11.24   10.74   11.75   9.243   2.783   6.597   8.334   8.396   12.90   11.79   12.58   9.754   9.303   10.21   9.325   9.629   9.208   8.677   9.310   11.99   13.85   12.13   4.166   6.094   15.25   15.26   15.48   12.10   18.00   16.94   15.28   10.85   9.451   14.40   14.23   13.23   10.94   18.20   16.08   13.04   17.09   4.972   19.73   20.29   20.87   17.31   15.50   16.22   16.38   14.39   13.89   20.61   16.32   13.79   11.19   11.72   14.96   11.35   13.20   11.40   14.61   13.59   12.06   7.624   8.962   12.31   11.48   8.892   10.30   15.85   15.44   19.89   20.14   19.33   22.38   21.50   14.60   14.10   17.97   14.46   
   18.0    1.855   2.269   2.908   5.940   7.056   9.040   5.963   4.912   5.568   5.548   10.11   12.39   11.56   11.05   12.09   9.511   2.863   6.788   8.576   8.639   13.28   12.14   12.95   10.04   9.572   10.51   9.595   9.908   9.475   8.929   9.580   12.34   14.26   12.48   4.287   6.270   15.69   15.70   15.93   12.45   18.52   17.43   15.72   11.16   9.725   14.82   14.64   13.61   11.26   18.73   16.55   13.41   17.59   5.116   20.30   20.88   21.48   17.81   15.95   16.69   16.85   14.80   14.29   21.21   16.80   14.19   11.51   12.06   15.40   11.68   13.58   11.73   15.03   13.99   12.41   7.845   9.222   12.67   11.81   9.149   10.59   16.31   15.88   20.47   20.72   19.89   23.03   22.12   15.02   14.51   18.49   14.88   
   20.0    1.955   2.392   3.065   6.261   7.438   9.529   6.285   5.177   5.869   5.848   10.66   13.06   12.19   11.65   12.74   10.03   3.018   7.155   9.040   9.106   14.00   12.79   13.65   10.58   10.09   11.08   10.11   10.44   9.988   9.411   10.10   13.01   15.03   13.16   4.519   6.609   16.54   16.55   16.79   13.13   19.52   18.37   16.57   11.77   10.25   15.62   15.43   14.35   11.87   19.74   17.45   14.14   18.54   5.393   21.40   22.01   22.64   18.77   16.81   17.59   17.76   15.60   15.07   22.35   17.70   14.96   12.14   12.72   16.23   12.31   14.31   12.36   15.84   14.74   13.08   8.270   9.720   13.35   12.45   9.644   11.17   17.19   16.74   21.57   21.84   20.97   24.28   23.32   15.84   15.30   19.49   15.68   
   22.0    2.073   2.537   3.251   6.641   7.889   10.11   6.666   5.491   6.225   6.203   11.30   13.85   12.93   12.36   13.52   10.63   3.201   7.589   9.588   9.659   14.84   13.57   14.48   11.22   10.70   11.75   10.73   11.08   10.59   9.982   10.71   13.80   15.94   13.96   4.793   7.010   17.54   17.55   17.81   13.92   20.70   19.49   17.58   12.48   10.87   16.57   16.37   15.22   12.59   20.94   18.50   15.00   19.66   5.720   22.70   23.34   24.01   19.91   17.83   18.66   18.84   16.55   15.98   23.71   18.78   15.86   12.87   13.49   17.21   13.06   15.18   13.11   16.80   15.64   13.87   8.771   10.31   14.16   13.21   10.23   11.85   18.24   17.76   22.88   23.17   22.24   25.75   24.73   16.80   16.23   20.67   16.63   
   25.0    2.186   2.675   3.427   7.000   8.316   10.65   7.027   5.788   6.561   6.538   11.91   14.60   13.63   13.02   14.25   11.21   3.375   8.000   10.11   10.18   15.65   14.30   15.26   11.83   11.28   12.39   11.31   11.68   11.17   10.52   11.29   14.54   16.80   14.71   5.052   7.390   18.49   18.50   18.77   14.68   21.82   20.54   18.53   13.16   11.46   17.46   17.26   16.04   13.27   22.07   19.51   15.81   20.73   6.030   23.93   24.61   25.31   20.99   18.79   19.67   19.86   17.45   16.84   24.99   19.79   16.72   13.57   14.22   18.15   13.76   16.00   13.82   17.71   16.48   14.63   9.246   10.87   14.93   13.92   10.78   12.49   19.22   18.72   24.12   24.42   23.44   27.15   26.07   17.71   17.10   21.79   17.53   
   27.0    2.292   2.805   3.594   7.342   8.722   11.17   7.370   6.071   6.882   6.857   12.50   15.32   14.29   13.66   14.94   11.76   3.539   8.390   10.60   10.68   16.41   15.00   16.01   12.41   11.83   12.99   11.86   12.25   11.71   11.04   11.84   15.25   17.62   15.43   5.298   7.750   19.39   19.41   19.69   15.39   22.89   21.54   19.43   13.80   12.02   18.32   18.10   16.82   13.92   23.14   20.46   16.58   21.74   6.324   25.10   25.81   26.55   22.01   19.71   20.63   20.83   18.30   17.67   26.21   20.76   17.54   14.23   14.91   19.03   14.43   16.78   14.49   18.58   17.29   15.34   9.697   11.40   15.66   14.60   11.31   13.10   20.16   19.63   25.30   25.61   24.59   28.47   27.34   18.57   17.94   22.85   18.39   
   30.0    2.394   2.930   3.754   7.669   9.109   11.67   7.698   6.341   7.188   7.162   13.05   16.00   14.93   14.27   15.61   12.28   3.697   8.763   11.07   11.15   17.14   15.67   16.72   12.96   12.36   13.57   12.39   12.79   12.23   11.53   12.37   15.93   18.40   16.12   5.534   8.095   20.26   20.27   20.57   16.08   23.91   22.50   20.30   14.41   12.56   19.13   18.90   17.57   14.54   24.17   21.37   17.32   22.71   6.605   26.21   26.95   27.73   22.99   20.58   21.55   21.75   19.11   18.45   27.38   21.68   18.32   14.86   15.58   19.88   15.08   17.53   15.14   19.40   18.06   16.02   10.13   11.90   16.36   15.25   11.81   13.68   21.06   20.51   26.42   26.75   25.68   29.74   28.56   19.40   18.74   23.87   19.21   
   32.0    2.492   3.049   3.907   7.982   9.481   12.15   8.012   6.600   7.481   7.455   13.58   16.65   15.54   14.85   16.24   12.78   3.848   9.121   11.52   11.61   17.84   16.31   17.40   13.49   12.86   14.12   12.89   13.31   12.73   12.00   12.87   16.58   19.16   16.78   5.760   8.425   21.08   21.10   21.41   16.73   24.88   23.42   21.13   15.00   13.07   19.91   19.67   18.29   15.13   25.16   22.24   18.02   23.63   6.875   27.28   28.06   28.86   23.93   21.43   22.43   22.64   19.89   19.21   28.49   22.57   19.06   15.47   16.21   20.69   15.69   18.25   15.76   20.19   18.80   16.68   10.54   12.39   17.02   15.87   12.29   14.24   21.92   21.34   27.50   27.84   26.73   30.95   29.72   20.19   19.50   24.84   19.99   
   35.0    2.586   3.165   4.055   8.283   9.839   12.61   8.315   6.849   7.764   7.736   14.10   17.28   16.12   15.41   16.86   13.26   3.993   9.465   11.96   12.05   18.51   16.92   18.06   14.00   13.35   14.65   13.38   13.82   13.21   12.45   13.36   17.21   19.88   17.41   5.977   8.743   21.88   21.89   22.21   17.36   25.82   24.30   21.92   15.57   13.56   20.66   20.42   18.98   15.70   26.11   23.08   18.70   24.52   7.135   28.31   29.11   29.95   24.83   22.23   23.27   23.50   20.64   19.93   29.57   23.42   19.78   16.06   16.82   21.47   16.28   18.93   16.35   20.96   19.50   17.31   10.94   12.86   17.67   16.47   12.76   14.77   22.74   22.15   28.54   28.90   27.74   32.12   30.84   20.95   20.24   25.78   20.75   
   37.0    2.677   3.276   4.197   8.574   10.18   13.05   8.606   7.089   8.036   8.008   14.59   17.88   16.69   15.95   17.45   13.73   4.133   9.798   12.38   12.47   19.16   17.52   18.69   14.49   13.82   15.17   13.85   14.30   13.68   12.89   13.83   17.81   20.58   18.02   6.187   9.050   22.65   22.66   22.99   17.97   26.73   25.16   22.69   16.11   14.04   21.39   21.13   19.64   16.25   27.03   23.89   19.36   25.39   7.385   29.31   30.14   31.00   25.70   23.01   24.09   24.32   21.37   20.63   30.61   24.24   20.48   16.62   17.41   22.22   16.85   19.60   16.92   21.69   20.19   17.91   11.32   13.31   18.29   17.05   13.21   15.29   23.54   22.93   29.54   29.91   28.71   33.25   31.93   21.69   20.95   26.68   21.48   
   40.0    2.765   3.383   4.335   8.855   10.52   13.48   8.889   7.322   8.300   8.270   15.07   18.47   17.24   16.48   18.02   14.18   4.269   10.12   12.78   12.88   19.79   18.09   19.30   14.96   14.27   15.67   14.30   14.77   14.12   13.31   14.28   18.40   21.25   18.61   6.390   9.347   23.39   23.40   23.75   18.56   27.61   25.98   23.44   16.64   14.50   22.09   21.83   20.29   16.79   27.91   24.67   20.00   26.22   7.627   30.27   31.12   32.02   26.55   23.77   24.88   25.12   22.07   21.31   31.61   25.04   21.15   17.16   17.98   22.95   17.41   20.24   17.48   22.40   20.85   18.50   11.69   13.75   18.89   17.61   13.64   15.79   24.32   23.68   30.51   30.89   29.65   34.34   32.97   22.40   21.64   27.56   22.18   
   45.0    2.932   3.588   4.598   9.392   11.16   14.29   9.428   7.766   8.803   8.772   15.99   19.59   18.28   17.47   19.11   15.04   4.528   10.73   13.56   13.66   20.99   19.19   20.47   15.87   15.14   16.62   15.17   15.67   14.98   14.12   15.15   19.51   22.54   19.74   6.778   9.914   24.81   24.82   25.19   19.69   29.28   27.56   24.86   17.65   15.38   23.43   23.15   21.52   17.81   29.61   26.17   21.21   27.81   8.090   32.10   33.01   33.96   28.16   25.21   26.39   26.64   23.41   22.60   33.53   26.56   22.43   18.21   19.08   24.35   18.46   21.47   18.54   23.76   22.12   19.62   12.40   14.58   20.03   18.68   14.47   16.75   25.79   25.11   32.36   32.76   31.45   36.42   34.97   23.76   22.95   29.23   23.52   
   50.0    3.091   3.782   4.846   9.900   11.76   15.07   9.938   8.186   9.279   9.246   16.85   20.65   19.27   18.42   20.15   15.85   4.772   11.31   14.29   14.40   22.13   20.23   21.58   16.73   15.95   17.52   15.99   16.51   15.79   14.88   15.97   20.57   23.76   20.81   7.144   10.45   26.15   26.17   26.55   20.76   30.86   29.05   26.20   18.61   16.21   24.70   24.40   22.68   18.77   31.21   27.58   22.36   29.31   8.527   33.84   34.80   35.79   29.68   26.58   27.82   28.09   24.67   23.82   35.34   27.99   23.65   19.19   20.11   25.66   19.46   22.63   19.54   25.05   23.31   20.68   13.08   15.37   21.12   19.69   15.25   17.66   27.19   26.47   34.11   34.54   33.15   38.39   36.87   25.04   24.19   30.81   24.80   
   55.0    3.242   3.967   5.083   10.38   12.33   15.80   10.42   8.585   9.732   9.698   17.67   21.66   20.21   19.32   21.13   16.62   5.005   11.87   14.99   15.10   23.21   21.22   22.63   17.54   16.73   18.37   16.77   17.32   16.56   15.61   16.75   21.57   24.92   21.82   7.493   10.96   27.43   27.44   27.85   21.77   32.37   30.47   27.48   19.51   17.00   25.90   25.59   23.79   19.69   32.73   28.93   23.45   30.74   8.944   35.49   36.50   37.54   31.13   27.87   29.17   29.46   25.88   24.98   37.07   29.36   24.80   20.13   21.09   26.91   20.41   23.74   20.50   26.27   24.45   21.69   13.71   16.12   22.15   20.65   15.99   18.52   28.51   27.77   35.78   36.22   34.77   40.26   38.67   26.26   25.37   32.32   26.01   
   60.0    3.386   4.143   5.309   10.85   12.88   16.50   10.89   8.967   10.16   10.13   18.46   22.62   21.11   20.18   22.07   17.36   5.228   12.39   15.66   15.77   24.24   22.16   23.64   18.32   17.48   19.19   17.52   18.09   17.30   16.30   17.49   22.53   26.03   22.79   7.826   11.45   28.65   28.66   29.09   22.74   33.81   31.82   28.70   20.38   17.76   27.05   26.73   24.85   20.56   34.19   30.22   24.49   32.11   9.341   37.07   38.12   39.21   32.51   29.11   30.47   30.77   27.03   26.09   38.72   30.66   25.90   21.02   22.03   28.11   21.32   24.79   21.41   27.44   25.54   22.66   14.32   16.84   23.13   21.57   16.70   19.34   29.78   29.00   37.37   37.83   36.32   42.05   40.38   27.43   26.50   33.75   27.16   
   65.0    3.524   4.313   5.526   11.29   13.41   17.18   11.33   9.333   10.58   10.54   19.21   23.55   21.97   21.00   22.97   18.07   5.441   12.90   16.30   16.42   25.23   23.06   24.61   19.07   18.19   19.97   18.23   18.83   18.01   16.97   18.20   23.45   27.09   23.73   8.146   11.92   29.82   29.83   30.27   23.66   35.19   33.12   29.88   21.21   18.48   28.16   27.82   25.86   21.40   35.58   31.45   25.49   33.42   9.723   38.58   39.68   40.81   33.84   30.30   31.72   32.02   28.13   27.16   40.30   31.92   26.96   21.88   22.93   29.26   22.19   25.80   22.28   28.56   26.58   23.58   14.91   17.52   24.08   22.45   17.39   20.13   31.00   30.18   38.89   39.38   37.80   43.77   42.03   28.55   27.58   35.13   28.27   
   70.0    3.657   4.475   5.734   11.71   13.91   17.83   11.76   9.686   10.98   10.94   19.94   24.44   22.80   21.79   23.84   18.76   5.647   13.39   16.91   17.04   26.18   23.93   25.54   19.79   18.88   20.72   18.92   19.54   18.69   17.61   18.89   24.34   28.11   24.62   8.453   12.37   30.94   30.96   31.42   24.56   36.52   34.37   31.00   22.01   19.18   29.22   28.87   26.84   22.21   36.93   32.64   26.45   34.68   10.09   40.04   41.17   42.35   35.12   31.44   32.91   33.23   29.19   28.19   41.82   33.12   27.98   22.71   23.79   30.36   23.03   26.78   23.12   29.64   27.58   24.47   15.47   18.19   24.98   23.29   18.04   20.89   32.17   31.32   40.36   40.86   39.23   45.42   43.62   29.63   28.62   36.46   29.34   
   80.0    3.910   4.784   6.130   12.52   14.88   19.06   12.57   10.35   11.74   11.70   21.31   26.12   24.38   23.30   25.49   20.05   6.037   14.31   18.08   18.21   27.99   25.59   27.30   21.16   20.18   22.16   20.23   20.89   19.98   18.82   20.20   26.02   30.05   26.32   9.037   13.22   33.08   33.10   33.59   26.25   39.04   36.74   33.15   23.53   20.50   31.24   30.87   28.69   23.74   39.48   34.89   28.28   37.08   10.79   42.80   44.02   45.28   37.54   33.62   35.18   35.53   31.21   30.13   44.70   35.41   29.91   24.27   25.43   32.46   24.62   28.63   24.72   31.68   29.49   26.16   16.54   19.44   26.71   24.90   19.29   22.34   34.39   33.49   43.15   43.69   41.94   48.56   46.63   31.67   30.60   38.97   31.37   
   90.0    4.147   5.075   6.502   13.28   15.78   20.21   13.33   10.98   12.45   12.41   22.61   27.71   25.86   24.71   27.03   21.27   6.403   15.18   19.18   19.32   29.69   27.14   28.95   22.44   21.40   23.50   21.46   22.16   21.19   19.96   21.42   27.59   31.88   27.92   9.585   14.02   35.09   35.11   35.62   27.85   41.41   38.97   35.16   24.96   21.75   33.13   32.74   30.43   25.18   41.87   37.01   29.99   39.33   11.44   45.40   46.69   48.02   39.82   35.65   37.32   37.68   33.10   31.96   47.42   37.56   31.72   25.75   26.98   34.43   26.11   30.36   26.22   33.61   31.28   27.75   17.54   20.62   28.33   26.41   20.46   23.69   36.47   35.52   45.76   46.34   44.48   51.50   49.46   33.59   32.45   41.34   33.27   
   100.    4.371   5.349   6.854   14.00   16.63   21.31   14.05   11.58   13.12   13.08   23.83   29.21   27.25   26.05   28.49   22.42   6.749   16.00   20.21   20.36   31.30   28.61   30.52   23.66   22.56   24.77   22.62   23.35   22.33   21.04   22.58   29.09   33.60   29.43   10.10   14.78   36.98   37.00   37.55   29.35   43.65   41.08   37.06   26.31   22.92   34.93   34.51   32.08   26.54   44.14   39.01   31.62   41.45   12.06   47.85   49.21   50.62   41.97   37.58   39.34   39.72   34.89   33.69   49.98   39.59   33.44   27.14   28.44   36.29   27.52   32.01   27.64   35.42   32.97   29.25   18.49   21.74   29.86   27.84   21.57   24.97   38.45   37.44   48.24   48.84   46.89   54.29   52.14   35.41   34.21   43.57   35.07   
   110.    4.585   5.610   7.188   14.68   17.44   22.35   14.74   12.14   13.76   13.71   24.99   30.63   28.58   27.32   29.88   23.51   7.079   16.78   21.20   21.36   32.82   30.00   32.01   24.81   23.66   25.98   23.72   24.49   23.42   22.07   23.68   30.51   35.24   30.86   10.60   15.50   38.79   38.81   39.38   30.78   45.78   43.09   38.87   27.60   24.04   36.63   36.20   33.65   27.84   46.29   40.91   33.16   43.48   12.65   50.19   51.61   53.09   44.02   39.42   41.26   41.66   36.60   35.33   52.42   41.52   35.07   28.46   29.82   38.06   28.87   33.57   28.99   37.15   34.58   30.68   19.39   22.80   31.32   29.20   22.62   26.19   40.32   39.27   50.59   51.23   49.18   56.94   54.68   37.14   35.88   45.70   36.78   
   120.    4.788   5.860   7.508   15.34   18.22   23.34   15.40   12.68   14.38   14.32   26.10   31.99   29.86   28.54   31.21   24.56   7.393   17.53   22.14   22.31   34.28   31.34   33.43   25.91   24.72   27.14   24.77   25.58   24.46   23.05   24.73   31.86   36.81   32.24   11.07   16.19   40.51   40.54   41.13   32.15   47.82   45.00   40.59   28.82   25.11   38.26   37.81   35.14   29.08   48.35   42.73   34.63   45.41   13.21   52.42   53.91   55.45   45.98   41.17   43.09   43.51   38.22   36.90   54.75   43.37   36.63   29.73   31.15   39.76   30.15   35.06   30.28   38.81   36.12   32.04   20.26   23.81   32.71   30.50   23.62   27.36   42.12   41.01   52.84   53.50   51.36   59.47   57.11   38.79   37.47   47.73   38.42   
   130.    4.984   6.099   7.815   15.96   18.96   24.29   16.02   13.20   14.96   14.91   27.17   33.30   31.07   29.70   32.49   25.56   7.695   18.24   23.05   23.22   35.68   32.62   34.80   26.97   25.72   28.24   25.79   26.63   25.46   23.99   25.74   33.16   38.31   33.55   11.52   16.85   42.17   42.19   42.81   33.47   49.77   46.84   42.25   30.00   26.14   39.82   39.35   36.58   30.26   50.32   44.48   36.05   47.26   13.75   54.56   56.11   57.72   47.86   42.85   44.85   45.29   39.78   38.41   56.99   45.14   38.13   30.94   32.42   41.38   31.38   36.49   31.51   40.39   37.59   33.35   21.08   24.78   34.05   31.74   24.59   28.47   43.84   42.69   55.00   55.69   53.46   61.90   59.44   40.38   39.00   49.68   39.98   
   140.    5.172   6.329   8.110   16.57   19.68   25.21   16.63   13.70   15.53   15.47   28.20   34.56   32.25   30.82   33.71   26.52   7.986   18.93   23.92   24.09   37.03   33.85   36.11   27.99   26.70   29.31   26.76   27.63   26.42   24.90   26.72   34.42   39.76   34.82   11.95   17.49   43.76   43.78   44.43   34.73   51.65   48.61   43.85   31.13   27.12   41.33   40.84   37.96   31.41   52.22   46.16   37.41   49.05   14.27   56.62   58.23   59.90   49.66   44.47   46.55   47.00   41.29   39.86   59.14   46.84   39.57   32.11   33.65   42.94   32.57   37.87   32.70   41.91   39.01   34.61   21.88   25.72   35.33   32.94   25.52   29.55   45.49   44.30   57.08   57.79   55.48   64.24   61.69   41.90   40.48   51.56   41.49   
   150.    5.354   6.551   8.394   17.15   20.37   26.10   17.21   14.18   16.07   16.02   29.18   35.77   33.38   31.90   34.90   27.45   8.266   19.60   24.76   24.94   38.33   35.04   37.38   28.97   27.63   30.34   27.70   28.60   27.35   25.77   27.65   35.62   41.15   36.04   12.37   18.10   45.30   45.32   45.99   35.95   53.46   50.32   45.39   32.23   28.07   42.78   42.27   39.29   32.51   54.05   47.78   38.72   50.77   14.77   58.61   60.27   62.00   51.41   46.03   48.18   48.65   42.73   41.26   61.21   48.48   40.96   33.24   34.83   44.45   33.71   39.20   33.85   43.39   40.38   35.82   22.65   26.62   36.57   34.10   26.41   30.58   47.09   45.85   59.08   59.82   57.42   66.49   63.85   43.37   41.90   53.37   42.95   
   160.    5.529   6.766   8.669   17.71   21.04   26.95   17.78   14.64   16.60   16.54   30.14   36.94   34.47   32.95   36.04   28.36   8.537   20.24   25.57   25.76   39.59   36.18   38.61   29.92   28.54   31.33   28.61   29.54   28.25   26.62   28.56   36.79   42.50   37.22   12.78   18.69   46.78   46.81   47.50   37.13   55.21   51.97   46.87   33.28   29.00   44.18   43.65   40.58   33.58   55.83   49.34   39.99   52.44   15.25   60.53   62.25   64.03   53.09   47.54   49.76   50.24   44.14   42.61   63.22   50.08   42.30   34.33   35.97   45.91   34.81   40.48   34.96   44.81   41.70   37.00   23.39   27.49   37.77   35.22   27.28   31.59   48.63   47.36   61.02   61.78   59.31   68.67   65.95   44.79   43.27   55.12   44.36   
   170.    5.699   6.974   8.936   18.25   21.68   27.78   18.32   15.09   17.11   17.05   31.07   38.08   35.53   33.96   37.15   29.23   8.800   20.86   26.36   26.55   40.80   37.30   39.79   30.84   29.42   32.30   29.49   30.45   29.12   27.44   29.44   37.92   43.81   38.37   13.17   19.27   48.22   48.25   48.96   38.27   56.91   53.56   48.32   34.31   29.89   45.54   45.00   41.83   34.61   57.55   50.86   41.22   54.05   15.72   62.40   64.16   66.00   54.73   49.00   51.29   51.79   45.49   43.92   65.17   51.62   43.60   35.38   37.08   47.32   35.89   41.73   36.04   46.19   42.99   38.14   24.11   28.34   38.93   36.30   28.12   32.56   50.13   48.81   62.90   63.68   61.13   70.79   67.98   46.17   44.60   56.81   45.72   
   180.    5.865   7.177   9.195   18.78   22.31   28.59   18.86   15.53   17.61   17.54   31.97   39.18   36.57   34.95   38.23   30.08   9.055   21.47   27.12   27.32   41.99   38.38   40.95   31.74   30.27   33.23   30.34   31.33   29.96   28.23   30.29   39.02   45.08   39.48   13.56   19.83   49.62   49.65   50.38   39.38   58.56   55.12   49.72   35.30   30.75   46.86   46.30   43.04   35.61   59.21   52.34   42.42   55.62   16.18   64.20   66.02   67.91   56.31   50.42   52.78   53.29   46.81   45.20   67.06   53.11   44.87   36.41   38.15   48.69   36.93   42.94   37.08   47.53   44.23   39.24   24.81   29.16   40.06   37.35   28.93   33.50   51.58   50.23   64.72   65.53   62.90   72.84   69.95   47.51   45.90   58.46   47.05   
   200.    6.182   7.565   9.693   19.80   23.52   30.13   19.88   16.37   18.56   18.49   33.70   41.30   38.54   36.84   40.30   31.70   9.545   22.63   28.59   28.80   44.26   40.46   43.16   33.45   31.91   35.03   31.98   33.03   31.58   29.76   31.93   41.13   47.52   41.62   14.29   20.90   52.30   52.33   53.10   41.51   61.73   58.10   52.41   37.21   32.42   49.39   48.81   45.37   37.54   62.42   55.17   44.71   58.62   17.05   67.68   69.60   71.59   59.36   53.15   55.63   56.17   49.35   47.64   70.68   55.99   47.29   38.38   40.21   51.32   38.92   45.26   39.09   50.10   46.62   41.37   26.15   30.74   42.23   39.37   30.50   35.32   54.37   52.95   68.22   69.07   66.31   76.78   73.73   50.08   48.38   61.62   49.59   
   225.    6.557   8.024   10.28   21.00   24.95   31.96   21.08   17.36   19.68   19.61   35.74   43.81   40.88   39.07   42.74   33.63   10.12   24.00   30.32   30.54   46.94   42.91   45.78   35.48   33.84   37.16   33.92   35.03   33.50   31.57   33.87   43.63   50.40   44.14   15.16   22.17   55.48   55.51   56.32   44.03   65.47   61.62   55.59   39.47   34.38   52.39   51.77   48.12   39.82   66.20   58.52   47.42   62.18   18.09   71.78   73.82   75.93   62.96   56.37   59.01   59.58   52.34   50.53   74.97   59.38   50.16   40.71   42.65   54.44   41.29   48.01   41.46   53.14   49.45   43.88   27.74   32.60   44.79   41.76   32.35   37.46   57.67   56.16   72.36   73.26   70.33   81.44   78.20   53.12   51.31   65.36   52.60   
   250.    6.911   8.458   10.84   22.14   26.30   33.69   22.22   18.30   20.75   20.68   37.68   46.18   43.09   41.19   45.05   35.44   10.67   25.30   31.96   32.20   49.48   45.23   48.26   37.40   35.67   39.17   35.76   36.93   35.31   33.27   35.70   45.99   53.13   46.53   15.98   23.37   58.48   58.51   59.37   46.41   69.02   64.96   58.59   41.60   36.24   55.22   54.57   50.72   41.97   69.78   61.68   49.99   65.54   19.07   75.67   77.81   80.04   66.37   59.42   62.20   62.80   55.17   53.27   79.03   62.59   52.87   42.91   44.96   57.38   43.52   50.60   43.70   56.01   52.13   46.25   29.24   34.37   47.22   44.02   34.10   39.48   60.79   59.20   76.27   77.23   74.13   85.84   82.43   55.99   54.09   68.90   55.45   
   275.    7.249   8.871   11.37   23.22   27.58   35.33   23.31   19.20   21.76   21.68   39.52   48.43   45.20   43.20   47.25   37.17   11.19   26.53   33.52   33.77   51.90   47.44   50.61   39.23   37.41   41.08   37.50   38.73   37.03   34.90   37.44   48.23   55.72   48.80   16.76   24.51   61.33   61.36   62.27   48.67   72.38   68.13   61.45   43.63   38.01   57.92   57.23   53.20   44.02   73.19   64.69   52.43   68.74   20.00   79.36   81.61   83.95   69.61   62.32   65.23   65.87   57.86   55.87   82.89   65.65   55.46   45.00   47.16   60.18   45.64   53.07   45.83   58.74   54.67   48.51   30.66   36.04   49.52   46.17   35.76   41.41   63.76   62.09   80.00   81.00   77.75   90.03   86.46   58.72   56.73   72.26   58.15   
   300.    7.571   9.265   11.87   24.25   28.81   36.90   24.34   20.05   22.73   22.65   41.27   50.59   47.21   45.12   49.35   38.83   11.69   27.71   35.01   35.27   54.21   49.55   52.86   40.97   39.08   42.90   39.17   40.45   38.68   36.45   39.11   50.38   58.20   50.97   17.50   25.60   64.06   64.09   65.04   50.84   75.60   71.16   64.19   45.57   39.70   60.49   59.78   55.56   45.97   76.45   67.57   54.76   71.80   20.89   82.89   85.24   87.68   72.70   65.10   68.14   68.80   60.44   58.35   86.57   68.57   57.92   47.01   49.25   62.86   47.67   55.43   47.87   61.36   57.10   50.66   32.03   37.65   51.72   48.22   37.35   43.25   66.59   64.85   83.55   84.60   81.21   94.03   90.30   61.34   59.25   75.47   60.74   
   325.    7.880   9.643   12.36   25.24   29.98   38.41   25.34   20.87   23.66   23.57   42.96   52.65   49.13   46.96   51.37   40.41   12.17   28.84   36.44   36.71   56.42   51.57   55.02   42.65   40.67   44.66   40.77   42.10   40.26   37.94   40.71   52.44   60.57   53.05   18.21   26.64   66.67   66.71   67.69   52.92   78.69   74.06   66.81   47.44   41.33   62.97   62.22   57.83   47.85   79.57   70.33   57.00   74.73   21.74   86.27   88.72   91.26   75.67   67.75   70.92   71.60   62.90   60.73   90.11   71.37   60.29   48.92   51.26   65.43   49.62   57.70   49.83   63.86   59.44   52.73   33.34   39.18   53.83   50.19   38.88   45.02   69.31   67.49   86.97   88.05   84.53   97.87   93.99   63.84   61.67   78.55   63.22   
   350.    8.178   10.01   12.82   26.19   31.11   39.86   26.29   21.66   24.55   24.46   44.58   54.64   50.99   48.73   53.31   41.94   12.63   29.93   37.82   38.09   58.55   53.52   57.10   44.26   42.21   46.34   42.31   43.69   41.78   39.37   42.24   54.42   62.86   55.05   18.90   27.65   69.19   69.23   70.25   54.91   81.66   76.86   69.33   49.23   42.89   65.34   64.57   60.01   49.66   82.57   72.98   59.15   77.55   22.56   89.53   92.07   94.70   78.53   70.31   73.59   74.31   65.28   63.02   93.51   74.06   62.56   50.77   53.20   67.90   51.49   59.88   51.71   66.27   61.68   54.72   34.59   40.66   55.87   52.09   40.34   46.72   71.93   70.04   90.25   91.38   87.72   101.6   97.54   66.25   64.00   81.52   65.61   
   375.    8.465   10.36   13.27   27.11   32.21   41.26   27.22   22.42   25.41   25.32   46.15   56.56   52.78   50.45   55.18   43.41   13.07   30.98   39.14   39.43   60.60   55.40   59.10   45.81   43.69   47.97   43.80   45.22   43.25   40.75   43.72   56.33   65.07   56.99   19.57   28.62   71.62   71.66   72.71   56.84   84.53   79.56   71.76   50.95   44.39   67.64   66.83   62.12   51.40   85.47   75.54   61.22   80.27   23.35   92.67   95.30   98.03   81.28   72.78   76.18   76.92   67.57   65.24   96.79   76.66   64.76   52.55   55.07   70.28   53.30   61.98   53.52   68.60   63.84   56.64   35.81   42.09   57.83   53.91   41.76   48.36   74.45   72.50   93.42   94.58   90.80   105.1   101.0   68.58   66.24   84.38   67.91   
   400.    8.742   10.70   13.71   28.00   33.26   42.61   28.11   23.15   26.25   26.15   47.66   58.41   54.51   52.10   56.99   44.83   13.50   32.00   40.43   40.72   62.59   57.21   61.04   47.31   45.12   49.54   45.23   46.71   44.67   42.09   45.16   58.17   67.20   58.85   20.21   29.56   73.97   74.01   75.10   58.70   87.30   82.16   74.12   52.63   45.85   69.85   69.02   64.16   53.09   88.27   78.02   63.23   82.91   24.12   95.71   98.42   101.2   83.95   75.17   78.68   79.44   69.79   67.38   99.96   79.18   66.88   54.28   56.87   72.58   55.05   64.01   55.28   70.85   65.94   58.50   36.98   43.47   59.72   55.68   43.13   49.94   76.89   74.88   96.48   97.68   93.77   108.6   104.3   70.82   68.42   87.15   70.14   
   450.    9.273   11.35   14.54   29.70   35.28   45.20   29.81   24.56   27.84   27.74   50.55   61.95   57.81   55.26   60.44   47.55   14.32   33.94   42.88   43.19   66.39   60.68   64.74   50.18   47.86   52.55   47.98   49.54   47.38   44.64   47.90   61.70   71.28   62.42   21.43   31.35   78.45   78.50   79.66   62.27   92.59   87.15   78.61   55.82   48.63   74.09   73.21   68.05   56.31   93.63   82.75   67.07   87.94   25.58   101.5   104.4   107.4   89.04   79.73   83.45   84.26   74.02   71.46   106.0   83.98   70.94   57.57   60.32   76.99   58.39   67.89   58.63   75.15   69.94   62.05   39.23   46.11   63.35   59.06   45.75   52.97   81.56   79.42   102.3   103.6   99.46   115.2   110.6   75.12   72.57   92.44   74.39   
   500.    9.774   11.96   15.33   31.31   37.19   47.64   31.43   25.89   29.34   29.24   53.28   65.31   60.94   58.25   63.71   50.13   15.09   35.78   45.20   45.53   69.98   63.97   68.25   52.90   50.45   55.39   50.57   52.22   49.94   47.06   50.49   65.04   75.13   65.80   22.59   33.05   82.70   82.74   83.96   65.63   97.60   91.86   82.86   58.84   51.26   78.10   77.17   71.73   59.35   98.69   87.23   70.70   92.69   26.97   107.0   110.0   113.2   93.86   84.04   87.96   88.81   78.02   75.33   111.8   88.52   74.78   60.68   63.59   81.15   61.54   71.57   61.80   79.21   73.72   65.41   41.35   48.60   66.77   62.25   48.22   55.84   85.97   83.72   107.9   109.2   104.8   121.4   116.6   79.18   76.49   97.44   78.42   
   550.    10.25   12.54   16.07   32.83   39.00   49.97   32.96   27.15   30.78   30.67   55.89   68.49   63.92   61.09   66.82   52.57   15.83   37.52   47.41   47.75   73.39   67.09   71.58   55.48   52.91   58.09   53.04   54.77   52.38   49.35   52.95   68.21   78.80   69.01   23.70   34.66   86.73   86.78   88.06   68.84   102.4   96.35   86.91   61.71   53.76   81.91   80.94   75.23   62.25   103.5   91.49   74.15   97.22   28.28   112.2   115.4   118.7   98.44   88.14   92.26   93.15   81.83   79.01   117.2   92.84   78.43   63.65   66.69   85.11   64.55   75.06   64.82   83.08   77.32   68.60   43.37   50.97   70.03   65.29   50.57   58.56   90.16   87.80   113.1   114.5   110.0   127.3   122.3   83.05   80.23   102.2   82.24   
   600.    10.71   13.10   16.79   34.29   40.74   52.19   34.43   28.36   32.14   32.03   58.37   71.54   66.76   63.81   69.79   54.91   16.53   39.19   49.51   49.88   76.66   70.07   74.76   57.95   55.27   60.68   55.40   57.21   54.70   51.55   55.31   71.25   82.30   72.08   24.75   36.20   90.59   90.64   91.98   71.90   106.9   100.6   90.77   64.45   56.15   85.55   84.54   78.58   65.02   108.1   95.56   77.44   101.5   29.54   117.2   120.5   124.0   102.8   92.06   96.36   97.29   85.47   82.52   122.4   96.97   81.91   66.48   69.65   88.90   67.42   78.40   67.70   86.77   80.76   71.65   45.29   53.24   73.15   68.20   52.82   61.17   94.17   91.71   118.2   119.6   114.8   133.0   127.7   86.74   83.79   106.7   85.90   
   650.    11.14   13.64   17.47   35.70   42.40   54.32   35.83   29.51   33.46   33.34   60.75   74.46   69.48   66.41   72.64   57.15   17.21   40.79   51.54   51.91   79.79   72.93   77.81   60.31   57.52   63.15   57.66   59.54   56.94   53.65   57.57   74.16   85.67   75.03   25.76   37.68   94.29   94.34   95.73   74.83   111.3   104.7   94.48   67.08   58.44   89.05   87.99   81.79   67.67   112.5   99.46   80.60   105.7   30.75   122.0   125.5   129.1   107.0   95.82   100.3   101.3   88.96   85.89   127.4   100.9   85.26   69.19   72.50   92.53   70.17   81.60   70.46   90.31   84.05   74.58   47.14   55.41   76.13   70.98   54.98   63.67   98.02   95.45   123.0   124.5   119.5   138.4   132.9   90.28   87.21   111.1   89.41   
   700.    11.57   14.15   18.13   37.04   44.00   56.37   37.18   30.63   34.72   34.60   63.05   77.27   72.11   68.92   75.39   59.31   17.86   42.33   53.48   53.87   82.80   75.69   80.75   62.59   59.69   65.54   59.84   61.79   59.09   55.68   59.74   76.96   88.90   77.86   26.73   39.10   97.85   97.90   99.35   77.66   115.5   108.7   98.05   69.62   60.65   92.41   91.31   84.87   70.23   116.8   103.2   83.65   109.7   31.91   126.6   130.2   133.9   111.1   99.43   104.1   105.1   92.32   89.13   132.2   104.7   88.48   71.80   75.24   96.02   72.82   84.68   73.12   93.72   87.23   77.39   48.92   57.51   79.01   73.66   57.06   66.07   101.7   99.05   127.6   129.2   124.1   143.6   137.9   93.69   90.51   115.3   92.78   
   800.    12.36   15.13   19.39   39.60   47.04   60.27   39.75   32.74   37.12   36.99   67.40   82.61   77.09   73.68   80.59   63.40   19.09   45.25   57.17   57.59   88.52   80.91   86.33   66.91   63.82   70.06   63.97   66.06   63.17   59.52   63.86   82.27   95.04   83.23   28.58   41.80   104.6   104.7   106.2   83.02   123.5   116.2   104.8   74.42   64.84   98.79   97.61   90.73   75.08   124.8   110.3   89.42   117.2   34.11   135.4   139.2   143.2   118.7   106.3   111.3   112.3   98.69   95.28   141.4   112.0   94.59   76.76   80.43   102.6   77.85   90.52   78.17   100.2   93.25   82.73   52.30   61.48   84.46   78.75   61.00   70.63   108.7   105.9   136.4   138.1   132.6   153.6   147.5   100.2   96.76   123.2   99.19   
   900.    13.11   16.05   20.56   42.00   49.89   63.92   42.16   34.73   39.37   39.23   71.49   87.62   81.76   78.15   85.48   67.25   20.25   48.00   60.64   61.09   93.89   85.82   91.56   70.97   67.69   74.31   67.85   70.06   67.00   63.13   67.74   87.26   100.8   88.28   30.31   44.34   111.0   111.0   112.6   88.06   130.9   123.2   111.2   78.94   68.77   104.8   103.5   96.24   79.63   132.4   117.0   94.85   124.4   36.18   143.6   147.6   151.9   125.9   112.7   118.0   119.2   104.7   101.1   149.9   118.8   100.3   81.42   85.31   108.9   82.57   96.02   82.91   106.3   98.91   87.75   55.47   65.21   89.59   83.52   64.70   74.92   115.3   112.3   144.7   146.5   140.7   162.9   156.4   106.2   102.6   130.7   105.2   
   1.00e3  13.82   16.92   21.67   44.27   52.59   67.38   44.44   36.61   41.50   41.35   75.36   92.36   86.18   82.38   90.10   70.89   21.34   50.59   63.92   64.39   98.97   90.46   96.51   74.81   71.35   78.33   71.52   73.85   70.62   66.55   71.40   91.98   106.3   93.06   31.95   46.74   117.0   117.0   118.7   92.82   138.0   129.9   117.2   83.21   72.49   110.4   109.1   101.4   83.94   139.6   123.4   99.98   131.1   38.14   151.3   155.6   160.1   132.7   118.8   124.4   125.6   110.3   106.5   158.1   125.2   105.7   85.82   89.92   114.8   87.04   101.2   87.40   112.0   104.3   92.50   58.47   68.73   94.43   88.04   68.20   78.97   121.6   118.4   152.5   154.5   148.3   171.7   164.9   112.0   108.2   137.8   110.9   
   1.10e3  14.50   17.74   22.73   46.44   55.16   70.67   46.61   38.40   43.52   43.37   79.03   96.86   90.39   86.40   94.50   74.35   22.38   53.06   67.04   67.53   103.8   94.88   101.2   78.46   74.83   82.16   75.01   77.46   74.07   69.80   74.89   96.47   111.4   97.60   33.51   49.02   122.7   122.7   124.5   97.35   144.8   136.3   122.9   87.27   76.03   115.8   114.5   106.4   88.03   146.4   129.4   104.9   137.5   40.00   158.7   163.2   167.9   139.2   124.6   130.5   131.7   115.7   111.7   165.8   131.3   110.9   90.01   94.31   120.4   91.29   106.1   91.67   117.5   109.3   97.01   61.33   72.09   99.04   92.34   71.52   82.82   127.5   124.2   160.0   162.0   155.5   180.1   172.9   117.4   113.5   144.5   116.3   
   1.20e3  15.14   18.53   23.74   48.50   57.61   73.81   48.69   40.10   45.46   45.30   82.55   101.2   94.41   90.24   98.70   77.65   23.38   55.42   70.02   70.54   108.4   99.10   105.7   81.95   78.16   85.81   78.35   80.90   77.36   72.90   78.22   100.8   116.4   101.9   35.00   51.20   128.1   128.2   130.1   101.7   151.2   142.3   128.4   91.15   79.41   121.0   119.6   111.1   91.95   152.9   135.1   109.5   143.6   41.78   165.8   170.5   175.4   145.4   130.2   136.3   137.6   120.9   116.7   173.1   137.1   115.8   94.01   98.51   125.7   95.34   110.9   95.74   122.7   114.2   101.3   64.06   75.29   103.4   96.44   74.70   86.51   133.2   129.7   167.1   169.2   162.4   188.1   180.6   122.7   118.5   150.9   121.5   
   1.30e3  15.76   19.29   24.71   50.48   59.97   76.82   50.67   41.74   47.32   47.15   85.92   105.3   98.27   93.92   102.7   80.82   24.33   57.69   72.88   73.42   112.8   103.1   110.0   85.29   81.35   89.31   81.54   84.20   80.52   75.88   81.41   104.9   121.1   106.1   36.43   53.29   133.3   133.4   135.4   105.8   157.4   148.1   133.6   94.87   82.65   125.9   124.4   115.7   95.70   159.1   140.7   114.0   149.5   43.48   172.5   177.4   182.5   151.3   135.5   141.8   143.2   125.8   121.5   180.2   142.7   120.6   97.85   102.5   130.9   99.24   115.4   99.65   127.7   118.9   105.5   66.67   78.37   107.7   100.4   77.75   90.04   138.6   135.0   173.9   176.1   169.1   195.7   188.0   127.7   123.3   157.1   126.4   
   1.40e3  16.36   20.01   25.64   52.39   62.23   79.72   52.59   43.32   49.10   48.93   89.16   109.3   102.0   97.47   106.6   83.88   25.25   59.86   75.63   76.19   117.1   107.0   114.2   88.51   84.42   92.68   84.62   87.38   83.56   78.74   84.48   108.8   125.7   110.1   37.80   55.30   138.4   138.5   140.5   109.8   163.3   153.7   138.7   98.45   85.77   130.7   129.1   120.0   99.32   165.1   146.0   118.3   155.1   45.12   179.1   184.1   189.4   157.1   140.6   147.2   148.6   130.6   126.0   187.0   148.1   125.1   101.5   106.4   135.8   103.0   119.8   103.4   132.5   123.4   109.4   69.19   81.33   111.7   104.2   80.69   93.44   143.9   140.1   180.5   182.8   175.4   203.1   195.1   132.5   128.0   163.0   131.2   
   1.50e3  16.93   20.72   26.54   54.23   64.41   82.52   54.43   44.84   50.82   50.64   92.29   113.1   105.6   100.9   110.4   86.82   26.14   61.96   78.29   78.86   121.2   110.8   118.2   91.62   87.38   95.94   87.59   90.45   86.49   81.51   87.45   112.7   130.1   114.0   39.13   57.24   143.2   143.3   145.4   113.7   169.1   159.1   143.5   101.9   88.78   135.3   133.7   124.2   102.8   170.9   151.1   122.4   160.5   46.71   185.3   190.6   196.1   162.6   145.6   152.4   153.8   135.1   130.5   193.6   153.3   129.5   105.1   110.1   140.6   106.6   124.0   107.0   137.2   127.7   113.3   71.62   84.18   115.7   107.8   83.52   96.72   148.9   145.0   186.8   189.2   181.6   210.3   201.9   137.2   132.5   168.8   135.8   
   1.60e3  17.48   21.40   27.42   56.00   66.53   85.23   56.22   46.31   52.49   52.31   95.32   116.8   109.0   104.2   114.0   89.67   27.00   64.00   80.86   81.45   125.2   114.4   122.1   94.62   90.25   99.08   90.47   93.42   89.33   84.18   90.32   116.3   134.4   117.7   40.42   59.12   147.9   148.0   150.2   117.4   174.6   164.3   148.2   105.3   91.69   139.7   138.0   128.3   106.2   176.5   156.0   126.5   165.8   48.24   191.4   196.8   202.5   167.9   150.3   157.4   158.9   139.6   134.8   199.9   158.4   133.8   108.6   113.7   145.2   110.1   128.0   110.6   141.7   131.9   117.0   73.97   86.94   119.4   111.4   86.26   99.89   153.8   149.8   193.0   195.4   187.5   217.2   208.5   141.6   136.8   174.3   140.3   
   1.70e3  18.02   22.06   28.26   57.73   68.57   87.85   57.95   47.73   54.11   53.92   98.25   120.4   112.4   107.4   117.5   92.43   27.83   65.97   83.34   83.96   129.0   117.9   125.8   97.54   93.03   102.1   93.25   96.29   92.08   86.77   93.10   119.9   138.5   121.3   41.66   60.94   152.5   152.6   154.8   121.0   180.0   169.4   152.8   108.5   94.51   144.0   142.3   132.3   109.4   182.0   160.8   130.4   170.9   49.72   197.3   202.9   208.7   173.1   155.0   162.2   163.8   143.9   138.9   206.1   163.2   137.9   111.9   117.2   149.6   113.5   132.0   114.0   146.1   135.9   120.6   76.24   89.62   123.1   114.8   88.92   103.0   158.5   154.4   198.9   201.4   193.3   223.8   215.0   146.0   141.0   179.7   144.6   
   1.80e3  18.55   22.69   29.08   59.40   70.56   90.40   59.63   49.12   55.68   55.48   101.1   123.9   115.6   110.5   120.9   95.11   28.63   67.88   85.76   86.39   132.8   121.4   129.5   100.4   95.72   105.1   95.95   99.08   94.75   89.29   95.80   123.4   142.6   124.8   42.87   62.70   156.9   157.0   159.3   124.5   185.2   174.3   157.2   111.6   97.25   148.2   146.4   136.1   112.6   187.3   165.5   134.1   175.9   51.16   203.0   208.8   214.8   178.1   159.5   166.9   168.5   148.0   142.9   212.1   168.0   141.9   115.1   120.6   154.0   116.8   135.8   117.3   150.3   139.9   124.1   78.45   92.22   126.7   118.1   91.49   105.9   163.1   158.8   204.7   207.2   198.9   230.3   221.2   150.2   145.1   184.9   148.8   
   2.00e3  19.55   23.92   30.65   62.61   74.38   95.29   62.85   51.77   58.69   58.48   106.6   130.6   121.9   116.5   127.4   100.3   30.18   71.55   90.40   91.06   140.0   127.9   136.5   105.8   100.9   110.8   101.1   104.4   99.88   94.11   101.0   130.1   150.3   131.6   45.19   66.09   165.4   165.5   167.9   131.3   195.2   183.7   165.7   117.7   102.5   156.2   154.3   143.5   118.7   197.4   174.5   141.4   185.4   53.93   214.0   220.1   226.4   187.7   168.1   175.9   177.6   156.0   150.7   223.5   177.0   149.6   121.4   127.2   162.3   123.1   143.1   123.6   158.4   147.4   130.8   82.70   97.20   133.5   124.5   96.44   111.7   171.9   167.4   215.7   218.4   209.7   242.8   233.2   158.4   153.0   194.9   156.8   
   2.25e3  20.73   25.37   32.51   66.41   78.89   101.1   66.66   54.91   62.25   62.03   113.0   138.5   129.3   123.6   135.2   106.3   32.01   75.89   95.88   96.59   148.4   135.7   144.8   112.2   107.0   117.5   107.3   110.8   105.9   99.82   107.1   138.0   159.4   139.6   47.93   70.10   175.4   175.5   178.1   139.2   207.0   194.9   175.8   124.8   108.7   165.7   163.7   152.2   125.9   209.4   185.0   150.0   196.6   57.20   227.0   233.4   240.1   199.1   178.3   186.6   188.4   165.5   159.8   237.1   187.8   158.6   128.7   134.9   172.1   130.6   151.8   131.1   168.0   156.4   138.7   87.71   103.1   141.6   132.1   102.3   118.5   182.4   177.6   228.8   231.7   222.4   257.5   247.3   168.0   162.3   206.7   166.3   
   2.50e3  21.86   26.75   34.27   70.00   83.16   106.5   70.27   57.88   65.61   65.38   119.1   146.0   136.3   130.2   142.5   112.1   33.75   80.00   101.1   101.8   156.5   143.0   152.6   118.3   112.8   123.9   113.1   116.8   111.7   105.2   112.9   145.4   168.0   147.1   50.52   73.90   184.9   185.0   187.7   146.8   218.2   205.4   185.3   131.6   114.6   174.6   172.6   160.4   132.7   220.7   195.1   158.1   207.3   60.30   239.3   246.1   253.1   209.9   187.9   196.7   198.6   174.5   168.4   249.9   197.9   167.2   135.7   142.2   181.5   137.6   160.0   138.2   177.1   164.8   146.3   92.46   108.7   149.3   139.2   107.8   124.9   192.2   187.2   241.2   244.2   234.4   271.5   260.7   177.1   171.0   217.9   175.3   
   2.75e3  22.92   28.05   35.94   73.42   87.22   111.7   73.70   60.71   68.82   68.57   125.0   153.2   142.9   136.6   149.4   117.6   35.39   83.90   106.0   106.8   164.1   150.0   160.1   124.1   118.3   129.9   118.6   122.5   117.1   110.4   118.4   152.5   176.2   154.3   52.98   77.50   193.9   194.1   196.9   153.9   228.9   215.4   194.3   138.0   120.2   183.2   181.0   168.2   139.2   231.4   204.6   165.8   217.4   63.24   251.0   258.1   265.5   220.1   197.1   206.3   208.3   183.0   176.7   262.1   207.6   175.4   142.3   149.1   190.3   144.3   167.8   144.9   185.8   172.9   153.4   96.97   114.0   156.6   146.0   113.1   131.0   201.6   196.3   253.0   256.1   245.9   284.7   273.4   185.7   179.4   228.5   183.9   
   3.00e3  23.94   29.30   37.54   76.69   91.09   116.7   76.98   63.41   71.88   71.62   130.5   160.0   149.3   142.7   156.1   122.8   36.97   87.63   110.7   111.5   171.4   156.7   167.2   129.6   123.6   135.7   123.9   127.9   122.3   115.3   123.7   159.3   184.0   161.2   55.34   80.95   202.6   202.7   205.7   160.8   239.1   225.0   203.0   144.1   125.6   191.3   189.0   175.7   145.4   241.7   213.7   173.2   227.1   66.05   262.1   269.5   277.3   229.9   205.8   215.5   217.5   191.1   184.5   273.8   216.8   183.2   148.6   155.8   198.8   150.8   175.3   151.4   194.0   180.6   160.2   101.3   119.0   163.6   152.5   118.1   136.8   210.6   205.1   264.2   267.5   256.8   297.4   285.6   194.0   187.4   238.7   192.1   
   3.25e3  24.92   30.49   39.07   79.82   94.81   121.5   80.12   66.00   74.81   74.55   135.8   166.5   155.4   148.5   162.4   127.8   38.48   91.21   115.2   116.1   178.4   163.1   174.0   134.9   128.6   141.2   128.9   133.1   127.3   120.0   128.7   165.8   191.6   167.8   57.60   84.25   210.8   211.0   214.1   167.3   248.8   234.2   211.3   150.0   130.7   199.1   196.7   182.9   151.3   251.6   222.4   180.2   236.3   68.75   272.8   280.6   288.6   239.3   214.3   224.3   226.4   198.9   192.1   284.9   225.7   190.6   154.7   162.1   206.9   156.9   182.5   157.6   201.9   188.0   166.8   105.4   123.9   170.2   158.7   122.9   142.4   219.2   213.4   275.0   278.4   267.3   309.5   297.2   201.9   195.0   248.4   199.9   
   3.50e3  25.86   31.65   40.55   82.83   98.39   126.1   83.15   68.49   77.64   77.36   141.0   172.8   161.2   154.1   168.6   132.6   39.93   94.65   119.6   120.5   185.1   169.2   180.6   140.0   133.5   146.5   133.8   138.2   132.1   124.5   133.6   172.1   198.8   174.1   59.77   87.43   218.8   218.9   222.1   173.6   258.2   243.0   219.2   155.7   135.6   206.6   204.2   189.8   157.0   261.1   230.8   187.0   245.2   71.35   283.1   291.1   299.5   248.3   222.3   232.7   235.0   206.4   199.3   295.7   234.2   197.8   160.6   168.2   214.7   162.8   189.3   163.5   209.6   195.0   173.1   109.4   128.6   176.7   164.7   127.6   147.7   227.4   221.5   285.4   289.0   277.4   321.2   308.4   209.5   202.4   257.8   207.5   
   3.75e3  26.77   32.76   41.97   85.74   101.8   130.5   86.06   70.89   80.36   80.08   145.9   178.8   166.9   159.5   174.5   137.3   41.33   97.98   123.8   124.7   191.6   175.2   186.9   144.9   138.2   151.7   138.5   143.0   136.8   128.9   138.3   178.1   205.8   180.2   61.87   90.50   226.5   226.6   229.9   179.7   267.3   251.6   226.9   161.1   140.4   213.9   211.3   196.4   162.5   270.3   238.9   193.6   253.9   73.85   293.1   301.4   310.0   257.0   230.1   240.9   243.2   213.7   206.3   306.1   242.4   204.8   166.2   174.1   222.2   168.5   196.0   169.2   216.9   201.9   179.1   113.2   133.1   182.9   170.5   132.1   152.9   235.4   229.3   295.4   299.1   287.1   332.5   319.3   216.9   209.5   266.8   214.8   
   4.00e3  27.65   33.83   43.35   88.55   105.2   134.8   88.89   73.22   83.00   82.70   150.7   184.7   172.4   164.8   180.2   141.8   42.69   101.2   127.8   128.8   197.9   180.9   193.0   149.6   142.7   156.7   143.0   147.7   141.2   133.1   142.8   184.0   212.5   186.1   63.90   93.47   233.9   234.0   237.5   185.6   276.1   259.8   234.4   166.4   145.0   220.9   218.3   202.9   167.9   279.1   246.7   200.0   262.2   76.27   302.7   311.2   320.2   265.5   237.7   248.8   251.2   220.7   213.1   316.1   250.4   211.5   171.6   179.8   229.5   174.1   202.4   174.8   224.0   208.5   185.0   116.9   137.5   188.9   176.1   136.4   157.9   243.2   236.8   305.1   308.9   296.5   343.4   329.7   224.0   216.4   275.6   221.8   
   4.50e3  29.32   35.88   45.98   93.92   111.6   142.9   94.28   77.66   88.03   87.72   159.9   195.9   182.8   174.7   191.1   150.4   45.28   107.3   135.6   136.6   209.9   191.9   204.7   158.7   151.4   166.2   151.7   156.7   149.8   141.2   151.5   195.1   225.4   197.4   67.78   99.14   248.1   248.2   251.9   196.9   292.8   275.6   248.6   176.5   153.8   234.3   231.5   215.2   178.1   296.1   261.7   212.1   278.1   80.90   321.0   330.1   339.6   281.6   252.1   263.9   266.4   234.1   226.0   335.3   265.6   224.3   182.1   190.8   243.5   184.6   214.7   185.4   237.6   221.2   196.2   124.0   145.8   200.3   186.8   144.7   167.5   257.9   251.1   323.6   327.6   314.5   364.2   349.7   237.6   229.5   292.3   235.2   
   5.00e3  30.91   37.82   48.46   99.00   117.6   150.7   99.38   81.86   92.79   92.46   168.5   206.5   192.7   184.2   201.5   158.5   47.72   113.1   142.9   144.0   221.3   202.3   215.8   167.3   159.5   175.2   159.9   165.1   157.9   148.8   159.7   205.7   237.6   208.1   71.44   104.5   261.5   261.7   265.5   207.6   308.6   290.5   262.0   186.1   162.1   247.0   244.0   226.8   187.7   312.1   275.8   223.6   293.1   85.27   338.4   348.0   357.9   296.8   265.8   278.2   280.9   246.7   238.2   353.4   279.9   236.5   191.9   201.1   256.6   194.6   226.3   195.4   250.5   233.1   206.8   130.8   153.7   211.2   196.9   152.5   176.6   271.9   264.7   341.1   345.4   331.5   383.9   368.7   250.4   241.9   308.1   248.0   
   5.50e3  32.42   39.67   50.83   103.8   123.3   158.0   104.2   85.86   97.32   96.98   176.7   216.6   202.1   193.2   211.3   166.2   50.05   118.7   149.9   151.0   232.1   212.2   226.3   175.4   167.3   183.7   167.7   173.2   165.6   156.1   167.5   215.7   249.2   218.2   74.93   109.6   274.3   274.4   278.5   217.7   323.7   304.7   274.8   195.1   170.0   259.0   255.9   237.9   196.9   327.3   289.3   234.5   307.4   89.44   354.9   365.0   375.4   311.3   278.7   291.7   294.6   258.8   249.8   370.7   293.6   248.0   201.3   210.9   269.1   204.1   237.4   205.0   262.7   244.5   216.9   137.1   161.2   221.5   206.5   159.9   185.2   285.1   277.7   357.8   362.2   347.7   402.6   386.7   262.6   253.7   323.2   260.1   
   6.00e3  33.86   41.43   53.09   108.5   128.8   165.0   108.9   89.67   101.6   101.3   184.6   226.2   211.1   201.8   220.7   173.6   52.28   123.9   156.6   157.7   242.4   221.6   236.4   183.2   174.8   191.9   175.2   180.9   173.0   163.0   174.9   225.3   260.3   227.9   78.26   114.5   286.5   286.6   290.9   227.4   338.1   318.2   287.0   203.8   177.6   270.5   267.3   248.5   205.6   341.9   302.2   244.9   321.1   93.41   370.7   381.2   392.1   325.1   291.1   304.7   307.7   270.3   260.9   387.2   306.6   259.0   210.2   220.3   281.1   213.2   247.9   214.1   274.4   255.4   226.6   143.2   168.4   231.3   215.7   167.0   193.4   297.8   290.0   373.7   378.3   363.2   420.5   403.8   274.3   265.0   337.5   271.6   
   6.50e3  35.24   43.13   55.26   112.9   134.1   171.8   113.3   93.33   105.8   105.4   192.1   235.5   219.7   210.0   229.7   180.7   54.41   129.0   163.0   164.2   252.3   230.6   246.1   190.7   181.9   199.7   182.3   188.3   180.1   169.7   182.0   234.5   270.9   237.3   81.46   119.2   298.2   298.3   302.7   236.6   351.9   331.2   298.8   212.1   184.8   281.6   278.2   258.6   214.0   355.8   314.5   254.9   334.2   97.23   385.8   396.8   408.1   338.4   303.0   317.2   320.2   281.3   271.6   403.0   319.2   269.6   218.8   229.3   292.6   221.9   258.0   222.8   285.6   265.8   235.8   149.1   175.2   240.8   224.5   173.9   201.3   310.0   301.8   388.9   393.8   378.0   437.7   420.3   285.5   275.8   351.3   282.7   
   7.00e3  36.57   44.75   57.34   117.1   139.1   178.3   117.6   96.86   109.8   109.4   199.4   244.4   228.0   217.9   238.4   187.6   56.47   133.9   169.1   170.4   261.8   239.3   255.4   197.9   188.8   207.2   189.2   195.4   186.9   176.1   188.9   243.4   281.1   246.2   84.53   123.7   309.4   309.6   314.2   245.6   365.2   343.7   310.0   220.1   191.8   292.2   288.7   268.4   222.1   369.3   326.4   264.5   346.8   100.9   400.4   411.7   423.5   351.2   314.4   329.1   332.3   291.9   281.9   418.2   331.2   279.8   227.1   237.9   303.6   230.3   267.8   231.2   296.4   275.8   244.7   154.7   181.9   249.8   232.9   180.4   208.9   321.7   313.2   403.6   408.6   392.3   454.2   436.2   296.3   286.2   364.6   293.4   
   8.00e3  39.10   47.84   61.30   125.2   148.8   190.6   125.7   103.5   117.4   117.0   213.1   261.2   243.8   233.0   254.9   200.5   60.37   143.1   180.8   182.1   279.9   255.9   273.0   211.6   201.8   221.6   202.3   208.9   199.8   188.2   202.0   260.2   300.5   263.2   90.37   132.2   330.8   331.0   335.9   262.5   390.4   367.4   331.5   235.3   205.0   312.4   308.7   286.9   237.4   394.8   348.9   282.8   370.8   107.9   428.0   440.2   452.8   375.4   336.2   351.8   355.3   312.1   301.3   447.0   354.1   299.1   242.7   254.3   324.6   246.2   286.3   247.2   316.8   294.9   261.6   165.4   194.4   267.1   249.0   192.9   223.4   343.9   334.9   431.5   436.9   419.4   485.6   466.3   316.7   306.0   389.7   313.7   
   9.00e3  41.47   50.75   65.02   132.8   157.8   202.1   133.3   109.8   124.5   124.1   226.1   277.1   258.6   247.1   270.3   212.7   64.03   151.8   191.8   193.2   296.9   271.4   289.5   224.4   214.0   235.0   214.6   221.6   211.9   199.6   214.2   275.9   318.8   279.2   95.85   140.2   350.9   351.1   356.2   278.5   414.1   389.7   351.6   249.6   217.5   331.3   327.4   304.3   251.8   418.7   370.1   299.9   393.3   114.4   454.0   466.9   480.2   398.2   356.5   373.2   376.8   331.0   319.6   474.2   375.6   317.2   257.5   269.8   344.3   261.1   303.6   262.2   336.1   312.8   277.5   175.4   206.2   283.3   264.1   204.6   236.9   364.7   355.2   457.6   463.4   444.8   515.0   494.6   335.9   324.5   413.4   332.7   
   10.0e3  43.71   53.49   68.54   140.0   166.3   213.1   140.5   115.8   131.2   130.8   238.3   292.1   272.5   260.5   284.9   224.2   67.49   160.0   202.1   203.6   313.0   286.1   305.2   236.6   225.6   247.7   226.2   233.5   223.3   210.4   225.8   290.9   336.0   294.3   101.0   147.8   369.8   370.0   375.5   293.5   436.5   410.8   370.6   263.1   229.2   349.3   345.1   320.8   265.4   441.4   390.1   316.2   414.5   120.6   478.5   492.1   506.2   419.7   375.8   393.4   397.2   348.9   336.9   499.8   395.9   334.4   271.4   284.4   362.9   275.2   320.1   276.4   354.2   329.7   292.5   184.9   217.4   298.6   278.4   215.7   249.7   384.5   374.4   482.4   488.4   468.9   542.9   521.4   354.1   342.1   435.7   350.7   
   11.0e3  45.85   56.10   71.88   146.8   174.4   223.5   147.4   121.4   137.6   137.1   249.9   306.3   285.8   273.2   298.8   235.1   70.79   167.8   212.0   213.6   328.2   300.0   320.1   248.1   236.6   259.8   237.2   244.9   234.2   220.7   236.8   305.1   352.4   308.6   106.0   155.0   387.9   388.1   393.8   307.8   457.8   430.9   388.7   276.0   240.4   366.3   362.0   336.5   278.4   462.9   409.1   331.6   434.8   126.5   501.9   516.1   530.9   440.2   394.2   412.6   416.6   366.0   353.3   524.2   415.2   350.7   284.6   298.2   380.6   288.7   335.7   289.9   371.5   345.8   306.8   193.9   228.0   313.2   292.0   226.2   261.9   403.2   392.7   505.9   512.3   491.8   569.4   546.8   371.4   358.8   457.0   367.8   
   12.0e3  47.88   58.60   75.08   153.4   182.2   233.4   154.0   126.8   143.8   143.2   261.0   319.9   298.6   285.4   312.1   245.6   73.94   175.3   221.4   223.1   342.8   313.4   334.3   259.1   247.2   271.4   247.7   255.8   244.6   230.5   247.3   318.6   368.1   322.4   110.7   161.9   405.1   405.4   411.3   321.5   478.2   450.0   405.9   288.2   251.1   382.6   378.1   351.4   290.8   483.5   427.3   346.3   454.1   132.1   524.2   539.1   554.5   459.8   411.7   430.9   435.1   382.2   369.0   547.5   433.7   366.3   297.3   311.5   397.6   301.5   350.6   302.8   388.1   361.2   320.4   202.6   238.1   327.1   305.0   236.2   273.6   421.2   410.1   528.4   535.0   513.6   594.7   571.1   387.9   374.7   477.3   384.2   
   13.0e3  49.84   60.99   78.15   159.6   189.6   242.9   160.2   132.0   149.6   149.1   271.7   333.0   310.7   297.0   324.9   255.6   76.95   182.4   230.5   232.2   356.8   326.2   348.0   269.7   257.2   282.4   257.9   266.3   254.6   239.9   257.4   331.6   383.1   335.5   115.2   168.5   421.7   421.9   428.1   334.7   497.7   468.4   422.5   300.0   261.4   398.2   393.5   365.8   302.6   503.2   444.8   360.5   472.7   137.5   545.6   561.1   577.2   478.6   428.5   448.5   452.9   397.8   384.1   569.9   451.4   381.3   309.4   324.2   413.8   313.8   364.9   315.1   403.9   375.9   333.5   210.8   247.8   340.5   317.4   245.9   284.7   438.4   426.9   550.0   556.9   534.6   619.0   594.4   403.8   390.0   496.8   399.8   
   14.0e3  51.72   63.29   81.10   165.7   196.8   252.1   166.3   137.0   155.3   154.7   282.0   345.6   322.5   308.2   337.1   265.2   79.86   189.3   239.2   240.9   370.3   338.5   361.1   279.9   267.0   293.1   267.6   276.3   264.2   249.0   267.2   344.2   397.6   348.2   119.6   174.9   437.6   437.8   444.3   347.3   516.5   486.1   438.5   311.3   271.2   413.3   408.4   379.6   314.1   522.2   461.6   374.1   490.5   142.7   566.2   582.3   599.0   496.6   444.7   465.5   470.0   412.9   398.6   591.4   468.4   395.7   321.1   336.5   429.4   325.7   378.7   327.0   419.1   390.1   346.1   218.8   257.2   353.3   329.4   255.2   295.5   454.9   443.0   570.8   577.9   554.8   642.4   616.9   419.0   404.8   515.6   414.9   
   15.0e3  53.54   65.51   83.94   171.5   203.7   261.0   172.1   141.8   160.7   160.2   291.8   357.7   333.8   319.0   349.0   274.5   82.66   196.0   247.6   249.4   383.3   350.4   373.8   289.7   276.3   303.4   277.0   286.0   273.5   257.7   276.5   356.2   411.5   360.4   123.7   181.0   453.0   453.2   459.9   359.5   534.6   503.2   453.9   322.3   280.7   427.8   422.7   392.9   325.1   540.5   477.8   387.2   507.7   147.7   586.1   602.7   620.0   514.1   460.3   481.8   486.5   427.3   412.6   612.1   484.8   409.6   332.4   348.3   444.5   337.1   392.0   338.5   433.9   403.8   358.2   226.5   266.2   365.7   341.0   264.1   305.8   470.9   458.5   590.8   598.2   574.2   664.9   638.5   433.7   419.0   533.7   429.5   
   16.0e3  55.29   67.66   86.69   177.1   210.4   269.5   177.8   146.4   166.0   165.4   301.4   369.4   344.7   329.5   360.4   283.6   85.37   202.4   255.7   257.6   395.9   361.8   386.1   299.2   285.4   313.3   286.1   295.4   282.5   266.2   285.6   367.9   425.0   372.2   127.8   186.9   467.8   468.1   475.0   371.3   552.1   519.7   468.7   332.8   290.0   441.8   436.5   405.8   335.8   558.3   493.4   399.9   524.4   152.5   605.3   622.5   640.3   530.9   475.4   497.6   502.4   441.4   426.1   632.2   500.8   423.0   343.3   359.7   459.1   348.1   404.8   349.6   448.1   417.0   370.0   233.9   274.9   377.7   352.2   272.8   315.9   486.3   473.6   610.2   617.8   593.1   686.7   659.5   447.9   432.7   551.2   443.6   
   17.0e3  56.99   69.74   89.36   182.5   216.8   277.8   183.2   150.9   171.1   170.5   310.7   380.8   355.3   339.6   371.5   292.3   88.00   208.6   263.6   265.5   408.0   373.0   397.9   308.4   294.2   323.0   294.9   304.5   291.2   274.4   294.4   379.2   438.1   383.7   131.7   192.7   482.2   482.5   489.6   382.7   569.1   535.6   483.2   343.1   298.9   455.4   450.0   418.3   346.1   575.5   508.6   412.2   540.5   157.2   624.0   641.6   660.0   547.3   490.0   512.9   517.9   454.9   439.2   651.7   516.2   436.0   353.8   370.8   473.2   358.9   417.3   360.4   461.9   429.9   381.4   241.1   283.4   389.3   363.0   281.2   325.6   501.3   488.1   629.0   636.8   611.3   707.9   679.8   461.7   446.0   568.1   457.2   
   18.0e3  58.65   71.77   91.95   187.8   223.1   285.9   188.6   155.3   176.1   175.4   319.7   391.8   365.7   349.5   382.3   300.8   90.55   214.7   271.2   273.2   419.9   383.8   409.5   317.4   302.7   332.3   303.4   313.3   299.6   282.3   302.9   390.2   450.8   394.8   135.6   198.3   496.2   496.5   503.8   393.8   585.6   551.2   497.2   353.0   307.5   468.6   463.0   430.4   356.1   592.1   523.4   424.2   556.2   161.8   642.0   660.2   679.1   563.1   504.2   527.8   532.9   468.1   452.0   670.6   531.1   448.7   364.1   381.5   486.9   369.3   429.4   370.8   475.3   442.3   392.4   248.1   291.6   400.6   373.5   289.3   335.0   515.8   502.3   647.2   655.3   629.0   728.4   699.5   475.1   459.0   584.6   470.5   
   20.0e3  61.82   75.65   96.93   198.0   235.2   301.3   198.8   163.7   185.6   184.9   337.0   413.0   385.4   368.4   403.0   317.0   95.45   226.3   285.9   288.0   442.6   404.6   431.6   334.5   319.1   350.3   319.8   330.3   315.8   297.6   319.3   411.3   475.2   416.2   142.9   209.0   523.0   523.3   531.0   415.1   617.3   581.0   524.1   372.1   324.2   493.9   488.1   453.7   375.4   624.2   551.7   447.1   586.3   170.5   676.8   696.0   715.9   593.6   531.5   556.3   561.7   493.5   476.4   706.8   559.9   472.9   383.8   402.1   513.2   389.2   452.6   390.9   501.0   466.2   413.7   261.5   307.4   422.3   393.7   305.0   353.2   543.7   529.5   682.2   690.7   663.1   767.8   737.3   500.8   483.8   616.2   495.9   
   22.5e3  65.57   80.24   102.8   210.0   249.5   319.6   210.8   173.7   196.8   196.1   357.4   438.1   408.8   390.7   427.4   336.3   101.2   240.0   303.2   305.4   469.4   429.1   457.8   354.8   338.4   371.6   339.2   350.3   335.0   315.7   338.7   436.3   504.0   441.4   151.6   221.7   554.8   555.1   563.2   440.3   654.7   616.2   555.9   394.7   343.8   523.9   517.7   481.2   398.2   662.0   585.2   474.2   621.8   180.9   717.8   738.2   759.3   629.6   563.7   590.1   595.8   523.4   505.3   749.7   593.8   501.6   407.1   426.5   544.4   412.9   480.1   414.6   531.4   494.5   438.8   277.4   326.0   447.9   417.6   323.5   374.6   576.7   561.6   723.6   732.6   703.3   814.4   782.0   531.2   513.1   653.6   526.0   
   25.0e3  69.12   84.58   108.4   221.4   263.0   336.9   222.2   183.0   207.5   206.8   376.8   461.8   430.9   411.9   450.5   354.4   106.7   253.0   319.6   322.0   494.8   452.3   482.6   374.0   356.7   391.7   357.6   369.3   353.1   332.7   357.0   459.9   531.3   465.3   159.8   233.7   584.8   585.1   593.7   464.1   690.2   649.6   585.9   416.0   362.4   552.2   545.7   507.2   419.7   697.8   616.8   499.9   655.5   190.7   756.7   778.1   800.4   663.7   594.2   622.0   628.0   551.7   532.7   790.3   625.9   528.7   429.1   449.6   573.8   435.2   506.0   437.0   560.1   521.3   462.5   292.4   343.7   472.2   440.2   341.0   394.8   607.9   592.0   762.7   772.3   741.3   858.4   824.3   559.9   540.9   689.0   554.5   
   27.5e3  72.49   88.71   113.7   232.2   275.8   353.3   233.1   192.0   217.6   216.8   395.2   484.3   452.0   432.0   472.5   371.7   111.9   265.3   335.2   337.7   519.0   474.4   506.1   392.3   374.1   410.8   375.0   387.3   370.3   349.0   374.4   482.3   557.2   488.0   167.6   245.1   613.3   613.6   622.7   486.7   723.8   681.3   614.5   436.3   380.1   579.2   572.3   532.0   440.2   731.9   646.9   524.3   687.4   200.0   793.6   816.1   839.5   696.1   623.2   652.3   658.7   578.6   558.7   828.9   656.5   554.6   450.0   471.6   601.8   456.4   530.7   458.3   587.4   546.7   485.1   306.6   360.4   495.2   461.7   357.6   414.1   637.6   620.9   800.0   810.0   777.5   900.3   864.6   587.2   567.3   722.6   581.5   
   30.0e3  75.71   92.65   118.7   242.5   288.1   369.0   243.4   200.5   227.3   226.5   412.7   505.9   472.1   451.2   493.5   388.3   116.9   277.1   350.1   352.7   542.1   495.5   528.6   409.7   390.8   429.0   391.7   404.5   386.8   364.5   391.1   503.8   582.0   509.7   175.0   256.0   640.6   640.9   650.4   508.4   756.0   711.6   641.9   455.7   397.0   604.9   597.8   555.6   459.7   764.5   675.7   547.6   718.0   208.9   828.9   852.4   876.8   727.0   651.0   681.4   688.0   604.4   583.5   865.7   685.7   579.2   470.1   492.5   628.6   476.7   554.3   478.7   613.6   571.0   506.6   320.3   376.5   517.2   482.2   373.5   432.5   665.9   648.5   835.5   846.0   812.1   940.3   903.0   613.4   592.5   754.7   607.4   
   32.5e3  78.81   96.43   123.6   252.4   299.8   384.1   253.4   208.7   236.6   235.7   429.6   526.5   491.3   469.6   513.7   404.1   121.7   288.4   364.4   367.1   564.2   515.7   550.2   426.5   406.7   446.6   407.7   421.0   402.6   379.4   407.1   524.4   605.7   530.5   182.2   266.4   666.7   667.1   676.9   529.2   786.9   740.6   668.1   474.4   413.3   629.7   622.2   578.3   478.5   795.7   703.3   570.0   747.3   217.4   862.7   887.2   912.6   756.7   677.5   709.2   716.0   629.0   607.3   901.1   713.7   602.9   489.2   512.6   654.3   496.2   577.0   498.3   638.6   594.4   527.3   333.4   391.8   538.3   501.9   388.8   450.2   693.1   674.9   869.7   880.5   845.3   978.7   939.9   638.4   616.7   785.5   632.2   
   35.0e3  81.78   100.1   128.2   261.9   311.1   398.6   262.9   216.6   245.5   244.6   445.8   546.4   509.9   487.3   533.1   419.4   126.3   299.3   378.2   380.9   585.5   535.2   571.0   442.6   422.1   463.4   423.1   436.9   417.8   393.7   422.4   544.2   628.6   550.5   189.0   276.5   691.9   692.3   702.5   549.1   816.6   768.6   693.3   492.3   428.9   653.4   645.7   600.1   496.6   825.7   729.8   591.5   775.6   225.6   895.3   920.7   947.0   785.3   703.1   735.9   743.1   652.8   630.2   935.1   740.6   625.6   507.7   532.0   679.0   514.9   598.8   517.1   662.7   616.8   547.2   345.9   406.6   558.7   520.9   403.4   467.2   719.3   700.4   902.5   913.8   877.2   1.016e3 975.4   662.5   640.0   815.2   656.1   
   37.5e3  84.65   103.6   132.7   271.1   322.1   412.6   272.2   224.2   254.1   253.2   461.5   565.6   527.8   504.5   551.8   434.1   130.7   309.8   391.4   394.3   606.0   554.0   591.0   458.1   436.9   479.7   438.0   452.2   432.5   407.5   437.2   563.3   650.7   569.9   195.7   286.2   716.2   716.6   727.1   568.4   845.3   795.6   717.6   509.5   443.9   676.4   668.3   621.2   514.0   854.7   755.4   612.2   802.8   233.5   926.7   953.0   980.3   812.8   727.8   761.8   769.2   675.7   652.4   967.9   766.6   647.6   525.5   550.7   702.8   533.0   619.8   535.2   686.0   638.4   566.4   358.1   420.9   578.3   539.1   417.6   483.6   744.5   725.0   934.2   945.9   908.0   1.051e3 1.010e3 685.8   662.4   843.8   679.1   
   40.0e3  87.43   107.0   137.1   280.0   332.6   426.1   281.1   231.5   262.5   261.5   476.6   584.1   545.1   521.0   569.9   448.3   135.0   320.0   404.3   407.2   625.9   572.1   610.4   473.1   451.2   495.4   452.3   467.1   446.7   420.9   451.6   581.7   672.0   588.5   202.1   295.6   739.7   740.1   751.0   587.0   873.0   821.6   741.2   526.3   458.5   698.5   690.2   641.6   530.9   882.7   780.2   632.3   829.1   241.2   957.1   984.2   1.012e3 839.5   751.7   786.8   794.4   697.9   673.8   999.6   791.8   668.8   542.8   568.7   725.8   550.5   640.1   552.8   708.5   659.4   585.0   369.8   434.7   597.2   556.8   431.3   499.4   768.9   748.8   964.8   976.9   937.7   1.086e3 1.043e3 708.2   684.2   871.5   701.4   
   45.0e3  92.73   113.5   145.4   297.0   352.8   452.0   298.1   245.6   278.4   277.4   505.5   619.5   578.1   552.6   604.4   475.5   143.2   339.4   428.8   431.9   663.9   606.8   647.4   501.8   478.6   525.5   479.8   495.4   473.8   446.4   479.0   617.0   712.8   624.2   214.3   313.5   784.5   785.0   796.6   622.7   925.9   871.5   786.1   558.2   486.3   740.9   732.1   680.5   563.1   936.3   827.5   670.7   879.4   255.8   1.015e3 1.044e3 1.074e3 890.4   797.3   834.5   842.6   740.2   714.6   1.060e3 839.8   709.4   575.7   603.2   769.9   583.9   678.9   586.3   751.5   699.4   620.5   392.3   461.1   633.5   590.6   457.5   529.7   815.6   794.2   1.023e3 1.036e3 994.6   1.152e3 1.106e3 751.2   725.7   924.4   743.9   
   50.0e3  97.75   119.6   153.3   313.1   371.9   476.4   314.3   258.9   293.4   292.4   532.8   653.1   609.4   582.5   637.1   501.3   150.9   357.8   452.0   455.3   699.8   639.7   682.5   529.0   504.5   553.9   505.7   522.2   499.4   470.6   504.9   650.4   751.3   658.0   225.9   330.5   827.0   827.4   839.6   656.3   976.0   918.6   828.6   588.4   512.6   781.0   771.7   717.3   593.5   986.9   872.3   707.0   927.0   269.7   1.070e3 1.100e3 1.132e3 938.6   840.4   879.6   888.1   780.2   753.3   1.118e3 885.2   747.8   606.8   635.9   811.5   615.4   715.7   618.0   792.1   737.2   654.1   413.5   486.0   667.7   622.5   482.2   558.4   859.7   837.2   1.079e3 1.092e3 1.048e3 1.214e3 1.166e3 791.8   764.9   974.4   784.2   
   55.0e3  102.5   125.4   160.7   328.3   390.0   499.7   329.6   271.5   307.8   306.7   558.9   684.9   639.2   610.9   668.2   525.7   158.3   375.2   474.1   477.5   733.9   670.9   715.8   554.8   529.1   580.9   530.4   547.7   523.8   493.5   529.5   682.1   788.0   690.1   237.0   346.6   867.3   867.8   880.6   688.4   1.024e3 963.5   869.1   617.1   537.6   819.1   809.4   752.3   622.5   1.035e3 914.9   741.5   972.2   282.8   1.122e3 1.154e3 1.187e3 984.4   881.4   922.6   931.5   818.3   790.1   1.172e3 928.4   784.3   636.5   666.9   851.1   645.5   750.6   648.2   830.8   773.2   686.0   433.7   509.7   700.3   652.9   505.7   585.6   901.6   878.0   1.131e3 1.145e3 1.100e3 1.273e3 1.223e3 830.5   802.3   1.022e3 822.4   
   60.0e3  107.1   131.0   167.9   342.9   407.4   521.9   344.3   283.6   321.5   320.3   583.7   715.4   667.6   638.1   697.9   549.1   165.3   391.9   495.1   498.8   766.6   700.7   747.6   579.5   552.7   606.8   554.0   572.1   547.0   515.5   553.1   712.5   823.0   720.8   247.5   362.0   905.9   906.4   919.8   719.0   1.069e3 1.006e3 907.7   644.5   561.5   855.5   845.4   785.8   650.2   1.081e3 955.6   774.4   1.015e3 295.4   1.172e3 1.205e3 1.240e3 1.028e3 920.6   963.6   972.9   854.7   825.2   1.224e3 969.7   819.1   664.8   696.5   889.0   674.2   784.0   677.0   867.7   807.6   716.5   452.9   532.4   731.5   682.0   528.2   611.7   941.7   917.1   1.182e3 1.196e3 1.148e3 1.330e3 1.277e3 867.4   837.9   1.067e3 859.0   
   65.0e3  111.4   136.4   174.7   357.0   424.0   543.2   358.3   295.2   334.6   333.4   607.5   744.6   694.8   664.1   726.4   571.5   172.1   407.9   515.4   519.1   797.9   729.3   778.1   603.1   575.2   631.5   576.6   595.4   569.4   536.5   575.7   741.6   856.7   750.3   257.6   376.8   942.9   943.4   957.3   748.3   1.113e3 1.047e3 944.8   670.8   584.4   890.5   879.9   817.9   676.7   1.125e3 994.6   806.0   1.057e3 307.5   1.220e3 1.255e3 1.291e3 1.070e3 958.2   1.003e3 1.013e3 889.6   858.9   1.274e3 1.009e3 852.6   691.9   725.0   925.3   701.7   816.0   704.6   903.1   840.5   745.8   471.4   554.1   761.3   709.8   549.8   636.7   980.2   954.5   1.230e3 1.245e3 1.195e3 1.384e3 1.329e3 902.8   872.1   1.111e3 894.1   
   70.0e3  115.7   141.5   181.3   370.4   440.0   563.7   371.9   306.3   347.2   346.0   630.5   772.7   721.1   689.2   753.9   593.1   178.6   423.3   534.8   538.7   828.0   756.9   807.5   625.9   596.9   655.4   598.4   617.9   590.9   556.8   597.4   769.6   889.0   778.6   267.3   391.0   978.5   979.0   993.5   776.6   1.155e3 1.087e3 980.5   696.2   606.5   924.1   913.1   848.7   702.3   1.168e3 1.032e3 836.5   1.097e3 319.1   1.266e3 1.302e3 1.339e3 1.111e3 994.3   1.041e3 1.051e3 923.2   891.3   1.322e3 1.047e3 884.8   718.0   752.4   960.2   728.2   846.8   731.2   937.2   872.3   773.9   489.2   575.1   790.1   736.6   570.6   660.7   1.017e3 990.5   1.276e3 1.292e3 1.241e3 1.436e3 1.379e3 936.9   905.1   1.153e3 927.8   
   80.0e3  123.6   151.3   193.9   396.0   470.4   602.7   397.5   327.5   371.2   369.9   674.0   826.1   770.9   736.8   805.9   634.0   190.9   452.5   571.7   575.9   885.2   809.1   863.3   669.1   638.2   700.6   639.7   660.6   631.7   595.2   638.6   822.7   950.4   832.3   285.8   418.0   1.046e3 1.047e3 1.062e3 830.2   1.235e3 1.162e3 1.048e3 744.2   648.4   987.9   976.1   907.3   750.8   1.248e3 1.103e3 894.2   1.173e3 341.1   1.354e3 1.392e3 1.432e3 1.187e3 1.063e3 1.113e3 1.123e3 986.9   952.8   1.414e3 1.120e3 945.9   767.6   804.3   1.026e3 778.5   905.2   781.7   1.002e3 932.5   827.3   523.0   614.8   844.6   787.5   610.0   706.3   1.087e3 1.059e3 1.364e3 1.382e3 1.326e3 1.536e3 1.475e3 1.002e3 967.6   1.232e3 991.9   
   90.0e3  131.1   160.5   205.6   420.0   498.9   639.2   421.6   347.3   393.7   392.3   714.9   876.2   817.6   781.5   854.8   672.5   202.5   480.0   606.4   610.9   938.9   858.2   915.6   709.7   676.9   743.1   678.5   700.6   670.0   631.3   677.4   872.6   1.008e3 882.8   303.1   443.4   1.110e3 1.110e3 1.126e3 880.6   1.309e3 1.232e3 1.112e3 789.4   687.7   1.048e3 1.035e3 962.4   796.3   1.324e3 1.170e3 948.5   1.244e3 361.8   1.436e3 1.476e3 1.519e3 1.259e3 1.127e3 1.180e3 1.192e3 1.047e3 1.011e3 1.499e3 1.188e3 1.003e3 814.2   853.1   1.089e3 825.7   960.2   829.1   1.063e3 989.1   877.5   554.7   652.1   895.9   835.2   647.0   749.2   1.153e3 1.123e3 1.447e3 1.465e3 1.407e3 1.629e3 1.564e3 1.062e3 1.026e3 1.307e3 1.052e3 
   100.e3  138.2   169.2   216.7   442.7   525.9   673.8   444.5   366.1   415.0   413.5   753.6   923.6   861.8   823.8   901.0   708.9   213.4   505.9   639.2   643.9   989.7   904.6   965.1   748.1   713.5   783.3   715.2   738.5   706.2   665.5   714.0   919.8   1.063e3 930.6   319.5   467.4   1.170e3 1.170e3 1.187e3 928.2   1.380e3 1.299e3 1.172e3 832.1   724.9   1.104e3 1.091e3 1.014e3 839.4   1.396e3 1.234e3 999.8   1.311e3 381.4   1.513e3 1.556e3 1.601e3 1.327e3 1.188e3 1.244e3 1.256e3 1.103e3 1.065e3 1.581e3 1.252e3 1.057e3 858.2   899.2   1.148e3 870.4   1.012e3 874.0   1.120e3 1.043e3 925.0   584.7   687.3   944.3   880.4   682.0   789.7   1.216e3 1.184e3 1.525e3 1.545e3 1.483e3 1.717e3 1.649e3 1.120e3 1.082e3 1.378e3 1.109e3 
   110.e3  145.0   177.4   227.3   464.4   551.6   706.7   466.2   384.0   435.3   433.7   790.3   968.6   903.9   864.0   945.0   743.5   223.9   530.6   670.4   675.3   1.038e3 948.8   1.012e3 784.6   748.3   821.6   750.1   774.6   740.7   698.0   748.9   964.7   1.114e3 976.0   335.1   490.2   1.227e3 1.227e3 1.245e3 973.5   1.448e3 1.363e3 1.229e3 872.7   760.3   1.158e3 1.145e3 1.064e3 880.3   1.464e3 1.294e3 1.049e3 1.375e3 400.0   1.587e3 1.632e3 1.679e3 1.392e3 1.246e3 1.305e3 1.317e3 1.157e3 1.117e3 1.658e3 1.313e3 1.109e3 900.1   943.1   1.204e3 912.9   1.061e3 916.7   1.175e3 1.093e3 970.1   613.3   720.9   990.4   923.4   715.2   828.2   1.275e3 1.242e3 1.600e3 1.620e3 1.555e3 1.801e3 1.729e3 1.174e3 1.135e3 1.445e3 1.163e3 
   120.e3  151.4   185.3   237.4   485.0   576.1   738.1   486.9   401.1   454.6   453.0   825.5   1.012e3 944.1   902.4   987.0   776.5   233.8   554.2   700.2   705.4   1.084e3 991.0   1.057e3 819.5   781.6   858.1   783.5   809.0   773.6   729.0   782.2   1.008e3 1.164e3 1.019e3 350.0   512.0   1.281e3 1.282e3 1.301e3 1.017e3 1.512e3 1.423e3 1.284e3 911.5   794.1   1.210e3 1.196e3 1.111e3 919.5   1.529e3 1.351e3 1.095e3 1.436e3 417.8   1.658e3 1.705e3 1.754e3 1.454e3 1.302e3 1.363e3 1.376e3 1.209e3 1.167e3 1.731e3 1.371e3 1.158e3 940.1   985.1   1.257e3 953.4   1.109e3 957.4   1.227e3 1.142e3 1.013e3 640.6   752.9   1.034e3 964.4   747.0   865.1   1.332e3 1.297e3 1.671e3 1.692e3 1.624e3 1.881e3 1.806e3 1.227e3 1.185e3 1.509e3 1.215e3 
   130.e3  157.6   192.9   247.1   504.8   599.7   768.2   506.8   417.4   473.2   471.5   859.2   1.053e3 982.7   939.2   1.027e3 808.2   243.4   576.9   728.8   734.2   1.128e3 1.031e3 1.100e3 852.9   813.5   893.1   815.4   842.0   805.2   758.8   814.1   1.049e3 1.211e3 1.061e3 364.3   532.9   1.333e3 1.334e3 1.354e3 1.058e3 1.574e3 1.481e3 1.336e3 948.7   826.5   1.259e3 1.244e3 1.157e3 957.0   1.591e3 1.407e3 1.140e3 1.495e3 434.8   1.725e3 1.774e3 1.825e3 1.513e3 1.355e3 1.418e3 1.432e3 1.258e3 1.215e3 1.802e3 1.427e3 1.206e3 978.5   1.025e3 1.309e3 992.4   1.154e3 996.5   1.277e3 1.189e3 1.055e3 666.7   783.7   1.077e3 1.004e3 777.5   900.4   1.386e3 1.350e3 1.739e3 1.761e3 1.691e3 1.957e3 1.880e3 1.277e3 1.233e3 1.571e3 1.264e3 
   140.e3  163.6   200.1   256.4   523.9   622.3   797.2   525.9   433.2   491.0   489.3   891.6   1.093e3 1.020e3 974.7   1.066e3 838.8   252.6   598.6   756.3   761.9   1.171e3 1.070e3 1.142e3 885.1   844.2   926.8   846.2   873.8   835.6   787.4   844.8   1.088e3 1.257e3 1.101e3 378.1   553.0   1.384e3 1.385e3 1.405e3 1.098e3 1.633e3 1.537e3 1.387e3 984.5   857.7   1.307e3 1.291e3 1.200e3 993.2   1.651e3 1.460e3 1.183e3 1.551e3 451.2   1.791e3 1.841e3 1.894e3 1.571e3 1.406e3 1.472e3 1.486e3 1.306e3 1.260e3 1.870e3 1.481e3 1.251e3 1.015e3 1.064e3 1.358e3 1.030e3 1.198e3 1.034e3 1.325e3 1.234e3 1.094e3 691.9   813.3   1.117e3 1.042e3 806.9   934.4   1.439e3 1.401e3 1.805e3 1.828e3 1.754e3 2.031e3 1.951e3 1.325e3 1.280e3 1.630e3 1.312e3 
   150.e3  169.3   207.2   265.4   542.3   644.1   825.2   544.4   448.4   508.3   506.4   922.9   1.131e3 1.056e3 1.009e3 1.104e3 868.2   261.4   619.6   782.9   788.6   1.212e3 1.108e3 1.182e3 916.2   873.8   959.4   875.9   904.5   864.9   815.1   874.5   1.127e3 1.301e3 1.140e3 391.3   572.4   1.432e3 1.433e3 1.454e3 1.137e3 1.691e3 1.591e3 1.435e3 1.019e3 887.8   1.353e3 1.337e3 1.242e3 1.028e3 1.709e3 1.511e3 1.224e3 1.606e3 467.1   1.853e3 1.906e3 1.961e3 1.626e3 1.456e3 1.524e3 1.538e3 1.351e3 1.305e3 1.936e3 1.533e3 1.295e3 1.051e3 1.101e3 1.406e3 1.066e3 1.240e3 1.070e3 1.372e3 1.277e3 1.133e3 716.2   841.8   1.157e3 1.078e3 835.2   967.2   1.489e3 1.450e3 1.868e3 1.892e3 1.816e3 2.103e3 2.019e3 1.372e3 1.325e3 1.688e3 1.358e3 
   160.e3  174.9   214.0   274.2   560.0   665.3   852.3   562.2   463.1   525.0   523.1   953.2   1.168e3 1.090e3 1.042e3 1.140e3 896.7   270.0   640.0   808.6   814.5   1.252e3 1.144e3 1.221e3 946.2   902.5   990.8   904.7   934.2   893.3   841.8   903.2   1.163e3 1.344e3 1.177e3 404.2   591.2   1.479e3 1.480e3 1.502e3 1.174e3 1.746e3 1.643e3 1.482e3 1.053e3 916.9   1.397e3 1.380e3 1.283e3 1.062e3 1.765e3 1.560e3 1.265e3 1.658e3 482.4   1.914e3 1.968e3 2.025e3 1.679e3 1.503e3 1.574e3 1.589e3 1.396e3 1.348e3 1.999e3 1.584e3 1.338e3 1.086e3 1.137e3 1.452e3 1.101e3 1.280e3 1.106e3 1.417e3 1.319e3 1.170e3 739.7   869.4   1.194e3 1.114e3 862.6   998.9   1.538e3 1.498e3 1.930e3 1.954e3 1.875e3 2.172e3 2.085e3 1.416e3 1.368e3 1.743e3 1.403e3 
   170.e3  180.2   220.6   282.6   577.3   685.7   878.5   579.5   477.4   541.1   539.2   982.5   1.204e3 1.124e3 1.074e3 1.175e3 924.3   278.3   659.7   833.4   839.6   1.290e3 1.179e3 1.258e3 975.4   930.3   1.021e3 932.5   962.9   920.8   867.7   931.0   1.199e3 1.385e3 1.213e3 416.6   609.4   1.525e3 1.526e3 1.548e3 1.210e3 1.800e3 1.694e3 1.528e3 1.085e3 945.1   1.440e3 1.423e3 1.323e3 1.094e3 1.820e3 1.608e3 1.304e3 1.709e3 497.2   1.973e3 2.029e3 2.087e3 1.731e3 1.550e3 1.622e3 1.638e3 1.439e3 1.389e3 2.061e3 1.632e3 1.379e3 1.119e3 1.172e3 1.496e3 1.135e3 1.320e3 1.140e3 1.461e3 1.359e3 1.206e3 762.4   896.2   1.231e3 1.148e3 889.2   1.030e3 1.585e3 1.544e3 1.989e3 2.014e3 1.933e3 2.238e3 2.150e3 1.460e3 1.410e3 1.797e3 1.446e3 
   180.e3  185.5   226.9   290.8   594.0   705.6   904.0   596.3   491.2   556.8   554.8   1.011e3 1.239e3 1.156e3 1.105e3 1.209e3 951.1   286.4   678.8   857.6   863.9   1.328e3 1.214e3 1.295e3 1.004e3 957.2   1.051e3 959.5   990.8   947.5   892.9   958.0   1.234e3 1.426e3 1.248e3 428.7   627.0   1.569e3 1.570e3 1.593e3 1.245e3 1.852e3 1.743e3 1.572e3 1.116e3 972.5   1.482e3 1.464e3 1.361e3 1.126e3 1.873e3 1.655e3 1.341e3 1.759e3 511.6   2.030e3 2.088e3 2.148e3 1.781e3 1.595e3 1.669e3 1.685e3 1.480e3 1.429e3 2.121e3 1.680e3 1.419e3 1.151e3 1.206e3 1.540e3 1.168e3 1.358e3 1.173e3 1.503e3 1.399e3 1.241e3 784.5   922.2   1.267e3 1.181e3 914.9   1.059e3 1.631e3 1.588e3 2.047e3 2.072e3 1.989e3 2.303e3 2.212e3 1.502e3 1.451e3 1.849e3 1.488e3 
   200.e3  195.5   239.2   306.5   626.1   743.8   952.9   628.6   517.8   586.9   584.8   1.066e3 1.306e3 1.219e3 1.165e3 1.274e3 1.003e3 301.9   715.5   904.0   910.6   1.400e3 1.279e3 1.365e3 1.058e3 1.009e3 1.108e3 1.011e3 1.044e3 998.8   941.1   1.010e3 1.301e3 1.503e3 1.316e3 451.9   660.9   1.654e3 1.655e3 1.679e3 1.313e3 1.952e3 1.837e3 1.657e3 1.177e3 1.025e3 1.562e3 1.543e3 1.435e3 1.187e3 1.974e3 1.745e3 1.414e3 1.854e3 539.3   2.140e3 2.201e3 2.264e3 1.877e3 1.681e3 1.759e3 1.776e3 1.560e3 1.507e3 2.235e3 1.770e3 1.496e3 1.214e3 1.272e3 1.623e3 1.231e3 1.431e3 1.236e3 1.584e3 1.474e3 1.308e3 827.0   972.0   1.335e3 1.245e3 964.4   1.117e3 1.719e3 1.674e3 2.157e3 2.184e3 2.097e3 2.428e3 2.332e3 1.584e3 1.530e3 1.949e3 1.568e3 
   225.e3  207.4   253.7   325.1   664.1   788.9   1.011e3 666.7   549.2   622.5   620.3   1.130e3 1.385e3 1.293e3 1.236e3 1.352e3 1.063e3 320.2   758.9   958.8   965.9   1.484e3 1.357e3 1.448e3 1.122e3 1.070e3 1.175e3 1.073e3 1.108e3 1.059e3 998.2   1.071e3 1.380e3 1.594e3 1.396e3 479.3   701.0   1.754e3 1.755e3 1.781e3 1.392e3 2.070e3 1.949e3 1.758e3 1.248e3 1.087e3 1.657e3 1.637e3 1.522e3 1.259e3 2.094e3 1.850e3 1.500e3 1.967e3 572.0   2.270e3 2.334e3 2.401e3 1.991e3 1.783e3 1.866e3 1.884e3 1.655e3 1.598e3 2.371e3 1.878e3 1.586e3 1.287e3 1.349e3 1.721e3 1.306e3 1.518e3 1.311e3 1.680e3 1.564e3 1.387e3 877.1   1.031e3 1.416e3 1.321e3 1.023e3 1.185e3 1.824e3 1.776e3 2.288e3 2.317e3 2.224e3 2.575e3 2.473e3 1.680e3 1.623e3 2.067e3 1.663e3 
   250.e3  218.6   267.5   342.7   700.0   831.6   1.065e3 702.8   578.9   656.2   653.8   1.191e3 1.460e3 1.363e3 1.302e3 1.425e3 1.121e3 337.5   800.0   1.011e3 1.018e3 1.565e3 1.430e3 1.526e3 1.183e3 1.128e3 1.239e3 1.131e3 1.168e3 1.117e3 1.052e3 1.129e3 1.454e3 1.680e3 1.471e3 505.2   739.0   1.849e3 1.850e3 1.877e3 1.468e3 2.182e3 2.054e3 1.853e3 1.316e3 1.146e3 1.746e3 1.726e3 1.604e3 1.327e3 2.207e3 1.951e3 1.581e3 2.073e3 603.0   2.393e3 2.461e3 2.531e3 2.099e3 1.879e3 1.967e3 1.986e3 1.745e3 1.684e3 2.499e3 1.979e3 1.672e3 1.357e3 1.422e3 1.815e3 1.376e3 1.600e3 1.382e3 1.771e3 1.648e3 1.463e3 924.6   1.087e3 1.493e3 1.392e3 1.078e3 1.249e3 1.922e3 1.872e3 2.412e3 2.442e3 2.344e3 2.715e3 2.607e3 1.771e3 1.710e3 2.179e3 1.753e3 
   275.e3  229.3   280.5   359.4   734.2   872.2   1.117e3 737.1   607.1   688.2   685.7   1.250e3 1.532e3 1.429e3 1.366e3 1.494e3 1.176e3 354.0   839.0   1.060e3 1.068e3 1.641e3 1.500e3 1.601e3 1.241e3 1.183e3 1.299e3 1.186e3 1.225e3 1.171e3 1.104e3 1.184e3 1.525e3 1.762e3 1.543e3 529.9   775.0   1.939e3 1.941e3 1.969e3 1.539e3 2.289e3 2.154e3 1.943e3 1.380e3 1.202e3 1.832e3 1.810e3 1.682e3 1.392e3 2.314e3 2.046e3 1.658e3 2.174e3 632.4   2.510e3 2.581e3 2.655e3 2.201e3 1.971e3 2.063e3 2.083e3 1.830e3 1.767e3 2.621e3 2.076e3 1.754e3 1.423e3 1.491e3 1.903e3 1.443e3 1.678e3 1.449e3 1.858e3 1.729e3 1.534e3 969.7   1.140e3 1.566e3 1.460e3 1.131e3 1.310e3 2.016e3 1.963e3 2.530e3 2.562e3 2.459e3 2.847e3 2.734e3 1.857e3 1.794e3 2.285e3 1.839e3 
   300.e3  239.4   293.0   375.4   766.9   910.9   1.167e3 769.9   634.1   718.8   716.2   1.305e3 1.600e3 1.493e3 1.427e3 1.561e3 1.228e3 369.7   876.3   1.107e3 1.115e3 1.714e3 1.567e3 1.672e3 1.296e3 1.236e3 1.357e3 1.239e3 1.279e3 1.223e3 1.153e3 1.237e3 1.593e3 1.840e3 1.612e3 553.5   809.5   2.026e3 2.027e3 2.057e3 1.608e3 2.391e3 2.250e3 2.030e3 1.441e3 1.256e3 1.913e3 1.890e3 1.757e3 1.454e3 2.417e3 2.137e3 1.732e3 2.271e3 660.5   2.621e3 2.695e3 2.773e3 2.299e3 2.058e3 2.155e3 2.175e3 1.911e3 1.845e3 2.738e3 2.168e3 1.832e3 1.486e3 1.558e3 1.988e3 1.508e3 1.753e3 1.514e3 1.940e3 1.806e3 1.602e3 1.013e3 1.190e3 1.636e3 1.525e3 1.181e3 1.368e3 2.106e3 2.051e3 2.642e3 2.675e3 2.568e3 2.974e3 2.856e3 1.940e3 1.874e3 2.387e3 1.921e3 
   325.e3  249.2   304.9   390.7   798.2   948.1   1.215e3 801.3   660.0   748.2   745.5   1.358e3 1.665e3 1.554e3 1.485e3 1.624e3 1.278e3 384.8   912.1   1.152e3 1.161e3 1.784e3 1.631e3 1.740e3 1.349e3 1.286e3 1.412e3 1.289e3 1.331e3 1.273e3 1.200e3 1.287e3 1.658e3 1.916e3 1.678e3 576.1   842.5   2.108e3 2.110e3 2.141e3 1.673e3 2.488e3 2.342e3 2.113e3 1.500e3 1.307e3 1.991e3 1.967e3 1.829e3 1.513e3 2.516e3 2.224e3 1.802e3 2.363e3 687.5   2.728e3 2.806e3 2.886e3 2.393e3 2.143e3 2.243e3 2.264e3 1.989e3 1.921e3 2.849e3 2.257e3 1.906e3 1.547e3 1.621e3 2.069e3 1.569e3 1.825e3 1.576e3 2.019e3 1.880e3 1.668e3 1.054e3 1.239e3 1.702e3 1.587e3 1.229e3 1.424e3 2.192e3 2.134e3 2.750e3 2.785e3 2.673e3 3.095e3 2.972e3 2.019e3 1.950e3 2.484e3 1.999e3 
   350.e3  240.6   288.2   354.0   778.1   990.1   1.139e3 767.7   636.1   687.9   730.1   1.292e3 1.599e3 1.540e3 1.464e3 1.538e3 1.220e3 473.0   904.6   1.099e3 1.117e3 1.712e3 1.626e3 1.660e3 1.339e3 1.188e3 1.313e3 1.219e3 1.286e3 1.195e3 1.172e3 1.245e3 1.604e3 1.826e3 1.596e3 519.5   846.8   2.022e3 2.023e3 2.029e3 1.583e3 2.340e3 2.228e3 2.020e3 1.454e3 1.296e3 1.923e3 1.916e3 1.749e3 1.577e3 2.297e3 2.118e3 1.749e3 2.261e3 691.6   2.637e3 2.687e3 2.796e3 2.301e3 2.080e3 2.141e3 2.163e3 1.945e3 1.847e3 2.658e3 2.171e3 1.806e3 1.493e3 1.539e3 1.991e3 1.566e3 1.694e3 1.485e3 1.902e3 1.798e3 1.640e3 1.007e3 1.226e3 1.673e3 1.521e3 1.188e3 1.375e3 2.156e3 2.049e3 2.657e3 2.721e3 2.561e3 2.986e3 2.886e3 1.970e3 1.894e3 2.430e3 1.912e3 
   375.e3  234.2   281.9   335.4   770.7   1.016e3 1.100e3 751.5   626.6   658.9   725.7   1.263e3 1.570e3 1.549e3 1.466e3 1.493e3 1.197e3 512.2   900.6   1.078e3 1.103e3 1.682e3 1.639e3 1.621e3 1.343e3 1.139e3 1.260e3 1.191e3 1.271e3 1.148e3 1.165e3 1.230e3 1.594e3 1.789e3 1.561e3 489.1   857.9   1.986e3 1.987e3 1.979e3 1.544e3 2.271e3 2.177e3 1.984e3 1.441e3 1.306e3 1.897e3 1.903e3 1.718e3 1.616e3 2.187e3 2.072e3 1.733e3 2.216e3 701.3   2.603e3 2.627e3 2.767e3 2.263e3 2.048e3 2.099e3 2.120e3 1.938e3 1.818e3 2.560e3 2.138e3 1.755e3 1.475e3 1.504e3 1.962e3 1.584e3 1.624e3 1.444e3 1.843e3 1.765e3 1.641e3 989.5   1.235e3 1.672e3 1.502e3 1.176e3 1.360e3 2.153e3 2.017e3 2.622e3 2.716e3 2.519e3 2.945e3 2.857e3 1.968e3 1.885e3 2.421e3 1.875e3 
   400.e3  231.5   282.2   328.5   772.7   1.037e3 1.086e3 747.9   627.4   649.8   729.6   1.260e3 1.567e3 1.577e3 1.485e3 1.476e3 1.199e3 527.4   902.2   1.079e3 1.109e3 1.681e3 1.666e3 1.612e3 1.359e3 1.124e3 1.236e3 1.191e3 1.278e3 1.123e3 1.174e3 1.236e3 1.613e3 1.788e3 1.557e3 475.6   875.6   1.985e3 1.986e3 1.971e3 1.541e3 2.256e3 2.169e3 1.987e3 1.453e3 1.332e3 1.901e3 1.917e3 1.721e3 1.647e3 2.147e3 2.068e3 1.744e3 2.212e3 717.0   2.612e3 2.610e3 2.782e3 2.264e3 2.053e3 2.098e3 2.118e3 1.959e3 1.823e3 2.525e3 2.143e3 1.737e3 1.483e3 1.501e3 1.967e3 1.621e3 1.597e3 1.438e3 1.823e3 1.767e3 1.664e3 992.0   1.259e3 1.692e3 1.515e3 1.186e3 1.370e3 2.175e3 2.023e3 2.628e3 2.752e3 2.525e3 2.953e3 2.870e3 1.999e3 1.909e3 2.445e3 1.873e3 
   450.e3  232.7   294.0   335.8   795.4   1.078e3 1.103e3 765.2   648.4   665.8   753.3   1.301e3 1.609e3 1.665e3 1.553e3 1.499e3 1.250e3 527.5   920.6   1.121e3 1.162e3 1.737e3 1.753e3 1.649e3 1.416e3 1.156e3 1.245e3 1.244e3 1.331e3 1.123e3 1.220e3 1.285e3 1.705e3 1.852e3 1.608e3 479.0   925.7   2.050e3 2.052e3 2.031e3 1.602e3 2.323e3 2.235e3 2.066e3 1.522e3 1.410e3 1.968e3 2.001e3 1.789e3 1.709e3 2.193e3 2.139e3 1.818e3 2.279e3 763.2   2.710e3 2.670e3 2.894e3 2.340e3 2.135e3 2.172e3 2.189e3 2.053e3 1.892e3 2.569e3 2.224e3 1.766e3 1.547e3 1.558e3 2.044e3 1.731e3 1.618e3 1.492e3 1.860e3 1.835e3 1.752e3 1.037e3 1.340e3 1.778e3 1.596e3 1.247e3 1.439e3 2.269e3 2.108e3 2.719e3 2.907e3 2.631e3 3.059e3 2.978e3 2.124e3 2.023e3 2.558e3 1.935e3 
   500.e3  238.8   312.9   358.6   831.5   1.123e3 1.153e3 801.2   683.7   704.8   787.9   1.376e3 1.686e3 1.777e3 1.642e3 1.573e3 1.336e3 515.9   953.9   1.194e3 1.245e3 1.833e3 1.864e3 1.727e3 1.493e3 1.233e3 1.309e3 1.337e3 1.413e3 1.178e3 1.289e3 1.363e3 1.835e3 1.965e3 1.703e3 505.0   987.6   2.164e3 2.168e3 2.148e3 1.715e3 2.462e3 2.360e3 2.198e3 1.626e3 1.500e3 2.078e3 2.123e3 1.904e3 1.778e3 2.328e3 2.266e3 1.932e3 2.404e3 823.2   2.869e3 2.813e3 3.068e3 2.470e3 2.271e3 2.303e3 2.317e3 2.184e3 2.009e3 2.699e3 2.357e3 1.844e3 1.648e3 1.663e3 2.169e3 1.871e3 1.698e3 1.596e3 1.953e3 1.952e3 1.869e3 1.113e3 1.447e3 1.897e3 1.715e3 1.340e3 1.545e3 2.401e3 2.249e3 2.870e3 3.123e3 2.808e3 3.233e3 3.146e3 2.299e3 2.185e3 2.719e3 2.046e3 
   550.e3  247.1   334.0   388.6   873.0   1.172e3 1.217e3 846.0   724.9   752.6   825.7   1.465e3 1.777e3 1.893e3 1.739e3 1.679e3 1.438e3 505.9   996.5   1.281e3 1.344e3 1.948e3 1.984e3 1.822e3 1.577e3 1.334e3 1.413e3 1.449e3 1.506e3 1.266e3 1.367e3 1.452e3 1.976e3 2.100e3 1.815e3 542.2   1.054e3 2.300e3 2.307e3 2.288e3 1.854e3 2.633e3 2.512e3 2.355e3 1.746e3 1.582e3 2.208e3 2.260e3 2.039e3 1.854e3 2.503e3 2.419e3 2.063e3 2.554e3 891.8   3.054e3 3.002e3 3.268e3 2.624e3 2.433e3 2.458e3 2.471e3 2.330e3 2.146e3 2.870e3 2.509e3 1.945e3 1.765e3 1.792e3 2.316e3 2.026e3 1.808e3 1.725e3 2.074e3 2.091e3 1.999e3 1.205e3 1.566e3 2.031e3 1.847e3 1.449e3 1.670e3 2.547e3 2.417e3 3.046e3 3.364e3 3.019e3 3.437e3 3.339e3 2.496e3 2.370e3 2.899e3 2.178e3 
   600.e3  256.0   354.8   421.2   915.4   1.222e3 1.287e3 894.2   767.8   801.8   862.8   1.559e3 1.872e3 2.007e3 1.835e3 1.804e3 1.547e3 502.7   1.045e3 1.373e3 1.449e3 2.068e3 2.105e3 1.923e3 1.663e3 1.445e3 1.540e3 1.568e3 1.602e3 1.365e3 1.447e3 1.545e3 2.115e3 2.241e3 1.934e3 584.7   1.122e3 2.442e3 2.454e3 2.435e3 2.005e3 2.814e3 2.671e3 2.518e3 1.872e3 1.650e3 2.345e3 2.400e3 2.180e3 1.935e3 2.691e3 2.580e3 2.199e3 2.712e3 965.4   3.248e3 3.211e3 3.476e3 2.786e3 2.603e3 2.621e3 2.635e3 2.478e3 2.291e3 3.056e3 2.666e3 2.056e3 1.888e3 1.933e3 2.470e3 2.183e3 1.932e3 1.866e3 2.207e3 2.238e3 2.130e3 1.304e3 1.688e3 2.170e3 1.979e3 1.565e3 1.801e3 2.695e3 2.597e3 3.230e3 3.611e3 3.244e3 3.648e3 3.537e3 2.700e3 2.563e3 3.084e3 2.318e3 
   650.e3  264.9   373.9   453.6   956.5   1.273e3 1.357e3 942.7   810.0   848.7   897.2   1.651e3 1.964e3 2.111e3 1.927e3 1.935e3 1.656e3 508.0   1.097e3 1.464e3 1.555e3 2.186e3 2.222e3 2.023e3 1.747e3 1.560e3 1.674e3 1.687e3 1.695e3 1.464e3 1.526e3 1.636e3 2.244e3 2.381e3 2.051e3 629.2   1.187e3 2.583e3 2.599e3 2.581e3 2.159e3 2.994e3 2.830e3 2.680e3 1.997e3 1.707e3 2.481e3 2.537e3 2.319e3 2.020e3 2.879e3 2.740e3 2.333e3 2.870e3 1.042e3 3.440e3 3.422e3 3.680e3 2.947e3 2.773e3 2.783e3 2.798e3 2.620e3 2.434e3 3.244e3 2.816e3 2.170e3 2.011e3 2.077e3 2.622e3 2.339e3 2.062e3 2.011e3 2.342e3 2.385e3 2.258e3 1.407e3 1.809e3 2.307e3 2.106e3 1.681e3 1.934e3 2.837e3 2.779e3 3.411e3 3.854e3 3.471e3 3.856e3 3.731e3 2.903e3 2.755e3 3.263e3 2.458e3 
   700.e3  273.5   391.0   484.1   995.4   1.323e3 1.424e3 989.9   850.3   891.3   928.3   1.739e3 2.051e3 2.206e3 2.014e3 2.066e3 1.763e3 522.1   1.152e3 1.554e3 1.659e3 2.299e3 2.334e3 2.120e3 1.828e3 1.673e3 1.806e3 1.803e3 1.783e3 1.559e3 1.601e3 1.722e3 2.362e3 2.515e3 2.163e3 673.8   1.250e3 2.718e3 2.740e3 2.719e3 2.311e3 3.167e3 2.981e3 2.835e3 2.118e3 1.770e3 2.613e3 2.666e3 2.453e3 2.106e3 3.058e3 2.894e3 2.462e3 3.021e3 1.120e3 3.626e3 3.627e3 3.875e3 3.102e3 2.938e3 2.938e3 2.957e3 2.754e3 2.573e3 3.426e3 2.955e3 2.283e3 2.129e3 2.221e3 2.768e3 2.489e3 2.193e3 2.154e3 2.476e3 2.526e3 2.378e3 1.509e3 1.926e3 2.439e3 2.225e3 1.796e3 2.065e3 2.971e3 2.957e3 3.584e3 4.086e3 3.693e3 4.055e3 3.915e3 3.099e3 2.942e3 3.434e3 2.592e3 
   800.e3  289.2   418.7   536.3   1.065e3 1.419e3 1.545e3 1.077e3 923.5   961.9   980.1   1.897e3 2.205e3 2.364e3 2.167e3 2.311e3 1.963e3 573.7   1.266e3 1.719e3 1.857e3 2.503e3 2.535e3 2.297e3 1.978e3 1.888e3 2.048e3 2.018e3 1.940e3 1.730e3 1.739e3 1.879e3 2.564e3 2.760e3 2.367e3 759.2   1.366e3 2.963e3 3.000e3 2.970e3 2.600e3 3.480e3 3.258e3 3.117e3 2.342e3 1.944e3 2.858e3 2.899e3 2.695e3 2.281e3 3.376e3 3.177e3 2.701e3 3.299e3 1.277e3 3.967e3 4.005e3 4.229e3 3.387e3 3.243e3 3.221e3 3.251e3 2.993e3 2.830e3 3.757e3 3.194e3 2.497e3 2.346e3 2.494e3 3.034e3 2.766e3 2.445e3 2.425e3 2.728e3 2.788e3 2.597e3 1.706e3 2.143e3 2.684e3 2.432e3 2.012e3 2.311e3 3.208e3 3.292e3 3.900e3 4.508e3 4.110e3 4.415e3 4.247e3 3.464e3 3.288e3 3.744e3 2.840e3 
   900.e3  303.0   438.8   576.8   1.124e3 1.508e3 1.646e3 1.154e3 986.6   1.014e3 1.020e3 2.029e3 2.331e3 2.485e3 2.293e3 2.526e3 2.141e3 648.7   1.382e3 1.866e3 2.036e3 2.677e3 2.709e3 2.450e3 2.114e3 2.081e3 2.257e3 2.206e3 2.073e3 1.878e3 1.861e3 2.013e3 2.736e3 2.970e3 2.542e3 836.9   1.469e3 3.174e3 3.227e3 3.181e3 2.861e3 3.745e3 3.494e3 3.360e3 2.539e3 2.161e3 3.075e3 3.098e3 2.903e3 2.455e3 3.635e3 3.422e3 2.910e3 3.539e3 1.432e3 4.266e3 4.332e3 4.534e3 3.636e3 3.510e3 3.466e3 3.510e3 3.194e3 3.055e3 4.037e3 3.386e3 2.692e3 2.536e3 2.743e3 3.263e3 3.010e3 2.678e3 2.670e3 2.953e3 3.016e3 2.785e3 1.889e3 2.335e3 2.901e3 2.603e3 2.206e3 2.532e3 3.406e3 3.594e3 4.172e3 4.871e3 4.482e3 4.723e3 4.529e3 3.786e3 3.594e3 4.010e3 3.056e3 
   1.00e6  315.1   453.1   610.3   1.175e3 1.588e3 1.728e3 1.219e3 1.041e3 1.050e3 1.050e3 2.139e3 2.435e3 2.577e3 2.396e3 2.711e3 2.300e3 737.9   1.497e3 1.994e3 2.196e3 2.823e3 2.860e3 2.581e3 2.239e3 2.250e3 2.435e3 2.367e3 2.186e3 2.004e3 1.968e3 2.127e3 2.888e3 3.148e3 2.689e3 906.3   1.560e3 3.353e3 3.423e3 3.358e3 3.093e3 3.967e3 3.694e3 3.566e3 2.712e3 2.376e3 3.265e3 3.266e3 3.078e3 2.622e3 3.841e3 3.632e3 3.092e3 3.745e3 1.582e3 4.527e3 4.613e3 4.795e3 3.852e3 3.741e3 3.674e3 3.735e3 3.362e3 3.250e3 4.265e3 3.544e3 2.867e3 2.701e3 2.967e3 3.458e3 3.224e3 2.889e3 2.886e3 3.150e3 3.212e3 2.948e3 2.056e3 2.503e3 3.092e3 2.745e3 2.379e3 2.729e3 3.570e3 3.862e3 4.404e3 5.181e3 4.811e3 4.984e3 4.767e3 4.070e3 3.863e3 4.238e3 3.242e3 
   1.10e6  325.9   463.4   641.9   1.218e3 1.658e3 1.793e3 1.275e3 1.088e3 1.074e3 1.074e3 2.230e3 2.519e3 2.646e3 2.480e3 2.868e3 2.440e3 834.1   1.609e3 2.107e3 2.339e3 2.946e3 2.990e3 2.695e3 2.355e3 2.398e3 2.585e3 2.505e3 2.282e3 2.113e3 2.062e3 2.224e3 3.025e3 3.299e3 2.814e3 968.1   1.641e3 3.505e3 3.593e3 3.507e3 3.299e3 4.151e3 3.863e3 3.741e3 2.863e3 2.570e3 3.434e3 3.411e3 3.227e3 2.781e3 4.003e3 3.813e3 3.252e3 3.920e3 1.728e3 4.754e3 4.856e3 5.018e3 4.040e3 3.942e3 3.853e3 3.932e3 3.505e3 3.419e3 4.450e3 3.682e3 3.024e3 2.843e3 3.165e3 3.623e3 3.411e3 3.078e3 3.076e3 3.322e3 3.381e3 3.090e3 2.209e3 2.652e3 3.261e3 2.863e3 2.533e3 2.904e3 3.707e3 4.100e3 4.603e3 5.446e3 5.100e3 5.206e3 4.969e3 4.319e3 4.099e3 4.434e3 3.404e3 
   1.20e6  335.5   471.0   673.8   1.256e3 1.718e3 1.846e3 1.322e3 1.129e3 1.091e3 1.094e3 2.306e3 2.589e3 2.699e3 2.549e3 3.003e3 2.566e3 932.2   1.717e3 2.206e3 2.467e3 3.050e3 3.104e3 2.793e3 2.464e3 2.527e3 2.712e3 2.623e3 2.366e3 2.207e3 2.148e3 2.307e3 3.147e3 3.428e3 2.920e3 1.023e3 1.715e3 3.636e3 3.742e3 3.632e3 3.480e3 4.306e3 4.007e3 3.891e3 2.997e3 2.741e3 3.583e3 3.536e3 3.354e3 2.930e3 4.129e3 3.969e3 3.395e3 4.071e3 1.867e3 4.954e3 5.067e3 5.211e3 4.205e3 4.117e3 4.007e3 4.106e3 3.627e3 3.568e3 4.598e3 3.809e3 3.166e3 2.966e3 3.342e3 3.765e3 3.575e3 3.248e3 3.244e3 3.472e3 3.528e3 3.215e3 2.349e3 2.783e3 3.411e3 2.966e3 2.670e3 3.059e3 3.821e3 4.311e3 4.775e3 5.674e3 5.355e3 5.396e3 5.141e3 4.540e3 4.307e3 4.606e3 3.545e3 
   1.30e6  344.2   476.9   706.0   1.290e3 1.769e3 1.887e3 1.362e3 1.165e3 1.102e3 1.110e3 2.370e3 2.646e3 2.740e3 2.608e3 3.120e3 2.680e3 1.029e3 1.821e3 2.295e3 2.582e3 3.139e3 3.204e3 2.880e3 2.567e3 2.641e3 2.821e3 2.725e3 2.440e3 2.290e3 2.225e3 2.379e3 3.255e3 3.540e3 3.012e3 1.073e3 1.782e3 3.749e3 3.874e3 3.739e3 3.642e3 4.436e3 4.132e3 4.021e3 3.116e3 2.892e3 3.717e3 3.646e3 3.464e3 3.069e3 4.229e3 4.107e3 3.523e3 4.202e3 2.001e3 5.132e3 5.252e3 5.380e3 4.352e3 4.272e3 4.143e3 4.261e3 3.734e3 3.700e3 4.718e3 3.930e3 3.295e3 3.075e3 3.501e3 3.887e3 3.720e3 3.401e3 3.392e3 3.604e3 3.655e3 3.329e3 2.477e3 2.900e3 3.545e3 3.056e3 2.792e3 3.198e3 3.920e3 4.500e3 4.925e3 5.873e3 5.581e3 5.561e3 5.290e3 4.738e3 4.492e3 4.758e3 3.669e3 
   1.40e6  352.2   481.8   737.7   1.320e3 1.811e3 1.920e3 1.396e3 1.198e3 1.109e3 1.124e3 2.426e3 2.695e3 2.773e3 2.659e3 3.222e3 2.784e3 1.122e3 1.921e3 2.376e3 2.686e3 3.217e3 3.294e3 2.957e3 2.666e3 2.741e3 2.915e3 2.814e3 2.506e3 2.363e3 2.297e3 2.443e3 3.350e3 3.638e3 3.093e3 1.119e3 1.844e3 3.849e3 3.991e3 3.833e3 3.787e3 4.549e3 4.241e3 4.135e3 3.223e3 3.027e3 3.838e3 3.744e3 3.560e3 3.198e3 4.308e3 4.229e3 3.639e3 4.317e3 2.129e3 5.292e3 5.418e3 5.529e3 4.484e3 4.409e3 4.264e3 4.401e3 3.829e3 3.818e3 4.815e3 4.048e3 3.413e3 3.172e3 3.644e3 3.994e3 3.850e3 3.540e3 3.525e3 3.721e3 3.768e3 3.432e3 2.596e3 3.005e3 3.666e3 3.137e3 2.903e3 3.323e3 4.005e3 4.671e3 5.058e3 6.047e3 5.784e3 5.705e3 5.422e3 4.917e3 4.659e3 4.894e3 3.781e3 
   1.50e6  359.4   486.2   768.2   1.348e3 1.847e3 1.946e3 1.426e3 1.229e3 1.114e3 1.137e3 2.474e3 2.737e3 2.801e3 2.705e3 3.312e3 2.880e3 1.211e3 2.016e3 2.450e3 2.782e3 3.285e3 3.376e3 3.028e3 2.762e3 2.831e3 2.997e3 2.892e3 2.567e3 2.429e3 2.364e3 2.500e3 3.434e3 3.726e3 3.165e3 1.162e3 1.902e3 3.938e3 4.099e3 3.916e3 3.918e3 4.647e3 4.337e3 4.238e3 3.320e3 3.148e3 3.949e3 3.833e3 3.646e3 3.318e3 4.373e3 4.340e3 3.747e3 4.419e3 2.253e3 5.437e3 5.568e3 5.664e3 4.605e3 4.534e3 4.374e3 4.529e3 3.915e3 3.925e3 4.897e3 4.163e3 3.521e3 3.260e3 3.774e3 4.088e3 3.968e3 3.667e3 3.645e3 3.825e3 3.868e3 3.528e3 2.707e3 3.102e3 3.778e3 3.212e3 3.004e3 3.438e3 4.081e3 4.827e3 5.177e3 6.202e3 5.967e3 5.834e3 5.539e3 5.080e3 4.811e3 5.018e3 3.883e3 
   1.60e6  366.2   490.5   797.2   1.373e3 1.876e3 1.966e3 1.451e3 1.257e3 1.119e3 1.149e3 2.517e3 2.774e3 2.825e3 2.746e3 3.393e3 2.970e3 1.295e3 2.108e3 2.519e3 2.870e3 3.346e3 3.451e3 3.092e3 2.855e3 2.912e3 3.070e3 2.963e3 2.624e3 2.489e3 2.427e3 2.552e3 3.508e3 3.805e3 3.231e3 1.202e3 1.957e3 4.019e3 4.197e3 3.992e3 4.037e3 4.734e3 4.425e3 4.331e3 3.410e3 3.260e3 4.051e3 3.916e3 3.723e3 3.429e3 4.427e3 4.442e3 3.847e3 4.512e3 2.371e3 5.570e3 5.705e3 5.787e3 4.717e3 4.648e3 4.476e3 4.647e3 3.994e3 4.024e3 4.966e3 4.276e3 3.623e3 3.340e3 3.893e3 4.173e3 4.076e3 3.783e3 3.754e3 3.918e3 3.959e3 3.618e3 2.810e3 3.190e3 3.881e3 3.284e3 3.097e3 3.543e3 4.151e3 4.971e3 5.286e3 6.341e3 6.135e3 5.950e3 5.646e3 5.231e3 4.951e3 5.132e3 3.977e3 
   1.70e6  372.4   494.7   824.5   1.397e3 1.901e3 1.982e3 1.473e3 1.283e3 1.123e3 1.161e3 2.556e3 2.807e3 2.847e3 2.785e3 3.467e3 3.055e3 1.374e3 2.196e3 2.584e3 2.952e3 3.402e3 3.520e3 3.152e3 2.945e3 2.986e3 3.135e3 3.027e3 2.678e3 2.545e3 2.487e3 2.599e3 3.574e3 3.878e3 3.291e3 1.239e3 2.010e3 4.094e3 4.289e3 4.061e3 4.147e3 4.814e3 4.505e3 4.416e3 3.495e3 3.363e3 4.145e3 3.993e3 3.795e3 3.532e3 4.473e3 4.537e3 3.943e3 4.597e3 2.486e3 5.694e3 5.833e3 5.900e3 4.822e3 4.753e3 4.571e3 4.757e3 4.069e3 4.116e3 5.026e3 4.385e3 3.718e3 3.414e3 4.003e3 4.251e3 4.175e3 3.891e3 3.855e3 4.004e3 4.042e3 3.703e3 2.909e3 3.273e3 3.977e3 3.352e3 3.183e3 3.641e3 4.214e3 5.104e3 5.386e3 6.469e3 6.290e3 6.056e3 5.745e3 5.373e3 5.081e3 5.239e3 4.065e3 
   1.80e6  378.3   499.2   850.3   1.419e3 1.921e3 1.995e3 1.493e3 1.309e3 1.127e3 1.173e3 2.592e3 2.837e3 2.868e3 2.822e3 3.535e3 3.136e3 1.449e3 2.280e3 2.646e3 3.029e3 3.454e3 3.585e3 3.209e3 3.034e3 3.055e3 3.195e3 3.085e3 2.730e3 2.597e3 2.544e3 2.644e3 3.634e3 3.946e3 3.347e3 1.276e3 2.061e3 4.163e3 4.375e3 4.126e3 4.249e3 4.886e3 4.579e3 4.496e3 3.574e3 3.460e3 4.234e3 4.065e3 3.861e3 3.629e3 4.515e3 4.626e3 4.034e3 4.677e3 2.597e3 5.811e3 5.952e3 6.006e3 4.922e3 4.853e3 4.661e3 4.862e3 4.140e3 4.203e3 5.079e3 4.493e3 3.809e3 3.484e3 4.105e3 4.322e3 4.268e3 3.992e3 3.948e3 4.083e3 4.120e3 3.785e3 3.002e3 3.350e3 4.068e3 3.419e3 3.263e3 3.732e3 4.274e3 5.229e3 5.480e3 6.587e3 6.433e3 6.155e3 5.837e3 5.506e3 5.204e3 5.340e3 4.148e3 
   2.00e6  388.9   508.8   897.8   1.461e3 1.954e3 2.014e3 1.526e3 1.357e3 1.138e3 1.197e3 2.658e3 2.891e3 2.908e3 2.894e3 3.658e3 3.289e3 1.585e3 2.441e3 2.763e3 3.172e3 3.548e3 3.705e3 3.315e3 3.207e3 3.178e3 3.302e3 3.191e3 2.830e3 2.693e3 2.654e3 2.726e3 3.741e3 4.071e3 3.451e3 1.346e3 2.159e3 4.292e3 4.537e3 4.247e3 4.435e3 5.018e3 4.717e3 4.644e3 3.722e3 3.638e3 4.396e3 4.202e3 3.984e3 3.804e3 4.590e3 4.792e3 4.207e3 4.822e3 2.810e3 6.026e3 6.175e3 6.203e3 5.110e3 5.037e3 4.832e3 5.058e3 4.274e3 4.365e3 5.173e3 4.700e3 3.978e3 3.614e3 4.293e3 4.452e3 4.439e3 4.177e3 4.120e3 4.225e3 4.261e3 3.942e3 3.178e3 3.494e3 4.237e3 3.549e3 3.412e3 3.901e3 4.387e3 5.460e3 5.654e3 6.801e3 6.697e3 6.335e3 6.009e3 5.754e3 5.430e3 5.530e3 4.305e3 
   2.25e6  400.8   522.6   951.6   1.510e3 1.986e3 2.033e3 1.559e3 1.414e3 1.157e3 1.230e3 2.735e3 2.952e3 2.959e3 2.983e3 3.795e3 3.471e3 1.735e3 2.627e3 2.901e3 3.333e3 3.656e3 3.841e3 3.438e3 3.416e3 3.315e3 3.419e3 3.309e3 2.950e3 2.802e3 2.784e3 2.821e3 3.858e3 4.214e3 3.571e3 1.431e3 2.278e3 4.441e3 4.726e3 4.390e3 4.643e3 5.169e3 4.875e3 4.816e3 3.895e3 3.842e3 4.578e3 4.363e3 4.126e3 3.996e3 4.678e3 4.988e3 4.413e3 4.988e3 3.062e3 6.273e3 6.432e3 6.429e3 5.332e3 5.250e3 5.034e3 5.287e3 4.436e3 4.554e3 5.276e3 4.949e3 4.175e3 3.764e3 4.505e3 4.600e3 4.633e3 4.385e3 4.314e3 4.384e3 4.421e3 4.128e3 3.383e3 3.658e3 4.431e3 3.711e3 3.582e3 4.093e3 4.522e3 5.723e3 5.854e3 7.041e3 6.994e3 6.542e3 6.210e3 6.041e3 5.691e3 5.753e3 4.491e3 
   2.50e6  411.5   538.2   1.001e3 1.556e3 2.014e3 2.050e3 1.587e3 1.470e3 1.182e3 1.265e3 2.809e3 3.011e3 3.015e3 3.074e3 3.922e3 3.645e3 1.867e3 2.799e3 3.035e3 3.483e3 3.758e3 3.970e3 3.556e3 3.619e3 3.438e3 3.527e3 3.417e3 3.068e3 2.906e3 2.910e3 2.911e3 3.964e3 4.350e3 3.687e3 1.516e3 2.396e3 4.584e3 4.907e3 4.529e3 4.834e3 5.310e3 5.027e3 4.981e3 4.060e3 4.033e3 4.741e3 4.518e3 4.263e3 4.168e3 4.770e3 5.175e3 4.613e3 5.145e3 3.304e3 6.504e3 6.675e3 6.644e3 5.546e3 5.453e3 5.232e3 5.506e3 4.595e3 4.734e3 5.373e3 5.190e3 4.361e3 3.908e3 4.699e3 4.739e3 4.815e3 4.574e3 4.496e3 4.529e3 4.571e3 4.309e3 3.577e3 3.812e3 4.614e3 3.874e3 3.740e3 4.271e3 4.656e3 5.968e3 6.045e3 7.262e3 7.267e3 6.737e3 6.404e3 6.313e3 5.937e3 5.968e3 4.672e3 
   2.75e6  421.2   555.1   1.048e3 1.601e3 2.040e3 2.069e3 1.612e3 1.526e3 1.214e3 1.303e3 2.882e3 3.068e3 3.076e3 3.168e3 4.043e3 3.816e3 1.983e3 2.959e3 3.167e3 3.625e3 3.859e3 4.093e3 3.672e3 3.817e3 3.553e3 3.629e3 3.520e3 3.187e3 3.005e3 3.033e3 3.000e3 4.066e3 4.482e3 3.801e3 1.603e3 2.514e3 4.725e3 5.084e3 4.668e3 5.014e3 5.446e3 5.176e3 5.142e3 4.220e3 4.216e3 4.890e3 4.670e3 4.397e3 4.325e3 4.870e3 5.359e3 4.810e3 5.298e3 3.537e3 6.725e3 6.911e3 6.853e3 5.757e3 5.651e3 5.427e3 5.719e3 4.755e3 4.909e3 5.468e3 5.426e3 4.540e3 4.049e3 4.881e3 4.874e3 4.991e3 4.752e3 4.669e3 4.666e3 4.715e3 4.485e3 3.764e3 3.959e3 4.790e3 4.040e3 3.890e3 4.441e3 4.793e3 6.200e3 6.232e3 7.472e3 7.527e3 6.926e3 6.596e3 6.575e3 6.173e3 6.179e3 4.852e3 
   3.00e6  430.3   572.9   1.093e3 1.645e3 2.066e3 2.092e3 1.636e3 1.581e3 1.252e3 1.343e3 2.956e3 3.126e3 3.142e3 3.265e3 4.160e3 3.984e3 2.088e3 3.107e3 3.298e3 3.761e3 3.959e3 4.212e3 3.787e3 4.009e3 3.661e3 3.729e3 3.618e3 3.305e3 3.103e3 3.154e3 3.088e3 4.166e3 4.612e3 3.915e3 1.692e3 2.634e3 4.865e3 5.260e3 4.809e3 5.187e3 5.580e3 5.325e3 5.303e3 4.379e3 4.393e3 5.027e3 4.821e3 4.531e3 4.470e3 4.978e3 5.542e3 5.007e3 5.450e3 3.766e3 6.940e3 7.144e3 7.058e3 5.968e3 5.848e3 5.622e3 5.928e3 4.917e3 5.080e3 5.564e3 5.659e3 4.714e3 4.190e3 5.057e3 5.007e3 5.162e3 4.921e3 4.839e3 4.799e3 4.857e3 4.659e3 3.946e3 4.102e3 4.961e3 4.209e3 4.036e3 4.607e3 4.933e3 6.425e3 6.416e3 7.674e3 7.776e3 7.114e3 6.790e3 6.831e3 6.404e3 6.388e3 5.034e3 
   3.25e6  438.9   591.3   1.137e3 1.688e3 2.093e3 2.120e3 1.659e3 1.637e3 1.294e3 1.385e3 3.031e3 3.185e3 3.212e3 3.365e3 4.275e3 4.151e3 2.182e3 3.243e3 3.429e3 3.893e3 4.059e3 4.331e3 3.901e3 4.198e3 3.765e3 3.827e3 3.714e3 3.424e3 3.200e3 3.274e3 3.176e3 4.266e3 4.740e3 4.029e3 1.784e3 2.756e3 5.006e3 5.435e3 4.952e3 5.355e3 5.711e3 5.474e3 5.464e3 4.536e3 4.566e3 5.155e3 4.972e3 4.666e3 4.608e3 5.096e3 5.724e3 5.202e3 5.601e3 3.991e3 7.151e3 7.374e3 7.263e3 6.179e3 6.043e3 5.817e3 6.135e3 5.081e3 5.249e3 5.661e3 5.889e3 4.886e3 4.330e3 5.226e3 5.141e3 5.331e3 5.084e3 5.007e3 4.930e3 4.998e3 4.831e3 4.125e3 4.242e3 5.128e3 4.380e3 4.179e3 4.768e3 5.078e3 6.644e3 6.601e3 7.870e3 8.019e3 7.300e3 6.985e3 7.084e3 6.631e3 6.598e3 5.219e3 
   3.50e6  447.1   610.0   1.181e3 1.731e3 2.121e3 2.151e3 1.682e3 1.694e3 1.341e3 1.429e3 3.106e3 3.245e3 3.285e3 3.468e3 4.388e3 4.317e3 2.268e3 3.366e3 3.560e3 4.022e3 4.161e3 4.447e3 4.016e3 4.381e3 3.865e3 3.926e3 3.808e3 3.543e3 3.297e3 3.393e3 3.264e3 4.366e3 4.869e3 4.144e3 1.879e3 2.881e3 5.149e3 5.611e3 5.097e3 5.520e3 5.842e3 5.625e3 5.627e3 4.694e3 4.737e3 5.275e3 5.123e3 4.802e3 4.739e3 5.222e3 5.906e3 5.397e3 5.754e3 4.213e3 7.360e3 7.602e3 7.466e3 6.392e3 6.239e3 6.011e3 6.341e3 5.247e3 5.416e3 5.761e3 6.119e3 5.056e3 4.472e3 5.392e3 5.275e3 5.499e3 5.242e3 5.173e3 5.059e3 5.138e3 5.001e3 4.301e3 4.379e3 5.294e3 4.553e3 4.321e3 4.928e3 5.227e3 6.859e3 6.786e3 8.061e3 8.258e3 7.487e3 7.183e3 7.334e3 6.856e3 6.807e3 5.407e3 
   3.75e6  454.9   629.0   1.224e3 1.773e3 2.150e3 2.186e3 1.705e3 1.751e3 1.391e3 1.474e3 3.183e3 3.306e3 3.362e3 3.573e3 4.500e3 4.482e3 2.346e3 3.477e3 3.692e3 4.148e3 4.263e3 4.564e3 4.131e3 4.559e3 3.962e3 4.024e3 3.900e3 3.662e3 3.393e3 3.510e3 3.353e3 4.466e3 4.996e3 4.260e3 1.977e3 3.008e3 5.293e3 5.787e3 5.245e3 5.683e3 5.970e3 5.777e3 5.790e3 4.851e3 4.906e3 5.388e3 5.274e3 4.940e3 4.866e3 5.355e3 6.088e3 5.592e3 5.907e3 4.434e3 7.567e3 7.830e3 7.670e3 6.606e3 6.436e3 6.204e3 6.545e3 5.415e3 5.581e3 5.863e3 6.347e3 5.224e3 4.614e3 5.554e3 5.410e3 5.667e3 5.397e3 5.339e3 5.188e3 5.279e3 5.168e3 4.475e3 4.514e3 5.458e3 4.727e3 4.461e3 5.086e3 5.380e3 7.070e3 6.972e3 8.249e3 8.492e3 7.674e3 7.384e3 7.581e3 7.080e3 7.017e3 5.598e3 
   4.00e6  462.5   648.0   1.266e3 1.815e3 2.180e3 2.223e3 1.728e3 1.808e3 1.444e3 1.521e3 3.261e3 3.368e3 3.441e3 3.679e3 4.611e3 4.646e3 2.417e3 3.576e3 3.824e3 4.273e3 4.366e3 4.679e3 4.247e3 4.732e3 4.058e3 4.122e3 3.990e3 3.781e3 3.489e3 3.627e3 3.443e3 4.567e3 5.123e3 4.376e3 2.079e3 3.138e3 5.438e3 5.964e3 5.395e3 5.843e3 6.097e3 5.931e3 5.954e3 5.009e3 5.073e3 5.497e3 5.425e3 5.078e3 4.988e3 5.495e3 6.269e3 5.785e3 6.061e3 4.653e3 7.774e3 8.057e3 7.873e3 6.821e3 6.632e3 6.395e3 6.748e3 5.586e3 5.743e3 5.968e3 6.574e3 5.392e3 4.758e3 5.714e3 5.546e3 5.835e3 5.548e3 5.505e3 5.316e3 5.420e3 5.334e3 4.647e3 4.647e3 5.620e3 4.902e3 4.600e3 5.243e3 5.536e3 7.278e3 7.158e3 8.433e3 8.724e3 7.862e3 7.588e3 7.828e3 7.303e3 7.228e3 5.793e3 
   4.50e6  477.2   686.6   1.349e3 1.897e3 2.243e3 2.304e3 1.776e3 1.923e3 1.557e3 1.617e3 3.418e3 3.493e3 3.604e3 3.894e3 4.829e3 4.969e3 2.546e3 3.744e3 4.089e3 4.517e3 4.574e3 4.910e3 4.479e3 5.064e3 4.243e3 4.319e3 4.165e3 4.015e3 3.681e3 3.858e3 3.623e3 4.772e3 5.374e3 4.611e3 2.292e3 3.406e3 5.733e3 6.318e3 5.700e3 6.161e3 6.349e3 6.240e3 6.283e3 5.324e3 5.402e3 5.706e3 5.726e3 5.358e3 5.224e3 5.790e3 6.629e3 6.169e3 6.374e3 5.091e3 8.183e3 8.508e3 8.277e3 7.255e3 7.026e3 6.768e3 7.150e3 5.931e3 6.060e3 6.185e3 7.025e3 5.725e3 5.048e3 6.027e3 5.820e3 6.172e3 5.842e3 5.837e3 5.574e3 5.703e3 5.658e3 4.987e3 4.909e3 5.942e3 5.255e3 4.876e3 5.555e3 5.860e3 7.686e3 7.533e3 8.790e3 9.179e3 8.240e3 8.003e3 8.316e3 7.747e3 7.651e3 6.192e3 
   5.00e6  491.6   726.2   1.431e3 1.977e3 2.309e3 2.391e3 1.827e3 2.039e3 1.677e3 1.715e3 3.576e3 3.620e3 3.771e3 4.110e3 5.041e3 5.287e3 2.667e3 3.883e3 4.355e3 4.754e3 4.783e3 5.139e3 4.712e3 5.376e3 4.424e3 4.516e3 4.334e3 4.246e3 3.873e3 4.084e3 3.805e3 4.979e3 5.621e3 4.846e3 2.516e3 3.684e3 6.031e3 6.673e3 6.010e3 6.475e3 6.600e3 6.553e3 6.614e3 5.640e3 5.725e3 5.911e3 6.026e3 5.641e3 5.452e3 6.103e3 6.984e3 6.546e3 6.690e3 5.528e3 8.589e3 8.954e3 8.679e3 7.693e3 7.420e3 7.127e3 7.547e3 6.281e3 6.365e3 6.410e3 7.471e3 6.055e3 5.340e3 6.333e3 6.098e3 6.509e3 6.129e3 6.169e3 5.833e3 5.988e3 5.975e3 5.319e3 5.165e3 6.258e3 5.608e3 5.151e3 5.864e3 6.194e3 8.084e3 7.910e3 9.135e3 9.626e3 8.620e3 8.426e3 8.800e3 8.187e3 8.076e3 6.603e3 
   5.50e6  505.8   767.2   1.512e3 2.055e3 2.378e3 2.482e3 1.879e3 2.156e3 1.802e3 1.816e3 3.734e3 3.748e3 3.940e3 4.325e3 5.249e3 5.598e3 2.791e3 4.010e3 4.620e3 4.987e3 4.994e3 5.368e3 4.946e3 5.670e3 4.603e3 4.714e3 4.501e3 4.470e3 4.064e3 4.306e3 3.988e3 5.187e3 5.864e3 5.081e3 2.752e3 3.971e3 6.331e3 7.026e3 6.323e3 6.786e3 6.852e3 6.867e3 6.945e3 5.954e3 6.042e3 6.117e3 6.324e3 5.924e3 5.674e3 6.427e3 7.333e3 6.916e3 7.008e3 5.966e3 8.991e3 9.394e3 9.078e3 8.133e3 7.811e3 7.469e3 7.939e3 6.635e3 6.660e3 6.642e3 7.912e3 6.383e3 5.634e3 6.633e3 6.376e3 6.847e3 6.408e3 6.500e3 6.093e3 6.274e3 6.285e3 5.645e3 5.415e3 6.571e3 5.959e3 5.425e3 6.171e3 6.536e3 8.471e3 8.287e3 9.467e3 10.06e3 9.000e3 8.855e3 9.278e3 8.625e3 8.501e3 7.024e3 
   6.00e6  520.2   809.9   1.590e3 2.132e3 2.449e3 2.575e3 1.935e3 2.273e3 1.930e3 1.917e3 3.891e3 3.876e3 4.108e3 4.538e3 5.450e3 5.900e3 2.925e3 4.137e3 4.884e3 5.214e3 5.205e3 5.595e3 5.179e3 5.948e3 4.782e3 4.911e3 4.666e3 4.689e3 4.254e3 4.522e3 4.172e3 5.395e3 6.102e3 5.315e3 2.998e3 4.266e3 6.633e3 7.378e3 6.638e3 7.094e3 7.109e3 7.181e3 7.274e3 6.268e3 6.354e3 6.329e3 6.621e3 6.209e3 5.894e3 6.759e3 7.673e3 7.277e3 7.329e3 6.405e3 9.389e3 9.829e3 9.472e3 8.574e3 8.199e3 7.795e3 8.325e3 6.990e3 6.945e3 6.881e3 8.346e3 6.709e3 5.930e3 6.927e3 6.656e3 7.185e3 6.682e3 6.831e3 6.355e3 6.560e3 6.588e3 5.963e3 5.662e3 6.881e3 6.309e3 5.697e3 6.477e3 6.884e3 8.850e3 8.665e3 9.789e3 10.49e3 9.381e3 9.289e3 9.752e3 9.059e3 8.925e3 7.454e3 
   6.50e6  534.8   854.2   1.667e3 2.207e3 2.523e3 2.669e3 1.993e3 2.390e3 2.060e3 2.020e3 4.046e3 4.003e3 4.276e3 4.748e3 5.646e3 6.194e3 3.075e3 4.273e3 5.146e3 5.437e3 5.415e3 5.822e3 5.413e3 6.213e3 4.962e3 5.108e3 4.832e3 4.902e3 4.444e3 4.734e3 4.356e3 5.604e3 6.336e3 5.548e3 3.253e3 4.568e3 6.936e3 7.727e3 6.953e3 7.401e3 7.372e3 7.496e3 7.601e3 6.579e3 6.661e3 6.547e3 6.914e3 6.493e3 6.112e3 7.097e3 8.005e3 7.629e3 7.651e3 6.846e3 9.783e3 10.26e3 9.861e3 9.014e3 8.584e3 8.106e3 8.706e3 7.347e3 7.222e3 7.124e3 8.773e3 7.034e3 6.225e3 7.217e3 6.936e3 7.523e3 6.951e3 7.161e3 6.618e3 6.846e3 6.887e3 6.275e3 5.906e3 7.187e3 6.656e3 5.970e3 6.781e3 7.237e3 9.220e3 9.041e3 10.10e3 10.92e3 9.761e3 9.727e3 10.22e3 9.491e3 9.350e3 7.892e3 
   7.00e6  550.0   900.0   1.743e3 2.280e3 2.598e3 2.764e3 2.054e3 2.507e3 2.191e3 2.123e3 4.199e3 4.131e3 4.442e3 4.953e3 5.837e3 6.479e3 3.243e3 4.424e3 5.407e3 5.656e3 5.625e3 6.048e3 5.646e3 6.466e3 5.144e3 5.304e3 5.000e3 5.109e3 4.633e3 4.941e3 4.540e3 5.813e3 6.565e3 5.779e3 3.516e3 4.876e3 7.239e3 8.073e3 7.269e3 7.706e3 7.644e3 7.809e3 7.925e3 6.889e3 6.963e3 6.773e3 7.206e3 6.776e3 6.331e3 7.438e3 8.330e3 7.972e3 7.975e3 7.290e3 10.17e3 10.68e3 10.25e3 9.455e3 8.964e3 8.405e3 9.083e3 7.705e3 7.492e3 7.373e3 9.192e3 7.358e3 6.520e3 7.502e3 7.216e3 7.861e3 7.217e3 7.490e3 6.883e3 7.133e3 7.182e3 6.580e3 6.148e3 7.491e3 7.000e3 6.242e3 7.085e3 7.593e3 9.582e3 9.417e3 10.41e3 11.33e3 10.14e3 10.17e3 10.69e3 9.919e3 9.774e3 8.338e3 
   8.00e6  582.3   995.0   1.888e3 2.424e3 2.752e3 2.955e3 2.184e3 2.742e3 2.456e3 2.334e3 4.500e3 4.385e3 4.767e3 5.352e3 6.203e3 7.025e3 3.631e3 4.773e3 5.920e3 6.085e3 6.042e3 6.499e3 6.111e3 6.948e3 5.511e3 5.695e3 5.345e3 5.511e3 5.008e3 5.343e3 4.910e3 6.230e3 7.011e3 6.235e3 4.063e3 5.509e3 7.846e3 8.757e3 7.899e3 8.315e3 8.211e3 8.435e3 8.567e3 7.503e3 7.555e3 7.245e3 7.782e3 7.342e3 6.777e3 8.125e3 8.955e3 8.637e3 8.625e3 8.183e3 10.94e3 11.50e3 11.00e3 10.33e3 9.709e3 8.974e3 9.823e3 8.422e3 8.020e3 7.883e3 10.01e3 8.006e3 7.109e3 8.066e3 7.775e3 8.537e3 7.739e3 8.144e3 7.418e3 7.706e3 7.767e3 7.172e3 6.631e3 8.092e3 7.680e3 6.787e3 7.691e3 8.315e3 10.29e3 10.17e3 11.02e3 12.15e3 10.90e3 11.06e3 11.61e3 10.77e3 10.62e3 9.249e3 
   9.00e6  617.7   1.093e3 2.028e3 2.563e3 2.911e3 3.145e3 2.325e3 2.977e3 2.721e3 2.549e3 4.793e3 4.639e3 5.083e3 5.734e3 6.551e3 7.538e3 4.082e3 5.179e3 6.425e3 6.503e3 6.456e3 6.950e3 6.576e3 7.406e3 5.886e3 6.085e3 5.704e3 5.900e3 5.382e3 5.729e3 5.282e3 6.646e3 7.446e3 6.685e3 4.635e3 6.160e3 8.455e3 9.429e3 8.527e3 8.923e3 8.811e3 9.058e3 9.198e3 8.110e3 8.132e3 7.741e3 8.353e3 7.904e3 7.240e3 8.815e3 9.555e3 9.278e3 9.279e3 9.085e3 11.69e3 12.31e3 11.74e3 11.20e3 10.44e3 9.525e3 10.55e3 9.140e3 8.543e3 8.409e3 10.80e3 8.654e3 7.696e3 8.623e3 8.334e3 9.213e3 8.256e3 8.795e3 7.962e3 8.282e3 8.349e3 7.744e3 7.115e3 8.687e3 8.351e3 7.335e3 8.298e3 9.045e3 10.97e3 10.91e3 11.62e3 12.94e3 11.66e3 11.96e3 12.51e3 11.61e3 11.46e3 10.18e3 
   10.0e6  656.7   1.192e3 2.162e3 2.699e3 3.073e3 3.336e3 2.476e3 3.213e3 2.985e3 2.769e3 5.079e3 4.892e3 5.391e3 6.101e3 6.884e3 8.023e3 4.584e3 5.628e3 6.921e3 6.913e3 6.869e3 7.402e3 7.041e3 7.850e3 6.267e3 6.475e3 6.077e3 6.281e3 5.756e3 6.103e3 5.656e3 7.062e3 7.871e3 7.129e3 5.226e3 6.825e3 9.064e3 10.09e3 9.154e3 9.533e3 9.436e3 9.680e3 9.821e3 8.712e3 8.698e3 8.255e3 8.919e3 8.465e3 7.725e3 9.504e3 10.13e3 9.903e3 9.935e3 9.994e3 12.42e3 13.10e3 12.47e3 12.07e3 11.15e3 10.07e3 11.26e3 9.859e3 9.072e3 8.950e3 11.57e3 9.306e3 8.279e3 9.177e3 8.894e3 9.889e3 8.770e3 9.443e3 8.516e3 8.861e3 8.932e3 8.301e3 7.605e3 9.281e3 9.016e3 7.889e3 8.907e3 9.782e3 11.64e3 11.66e3 12.23e3 13.72e3 12.42e3 12.88e3 13.41e3 12.45e3 12.31e3 11.14e3 
   11.0e6  699.5   1.293e3 2.290e3 2.832e3 3.238e3 3.525e3 2.637e3 3.450e3 3.249e3 2.995e3 5.359e3 5.145e3 5.691e3 6.454e3 7.206e3 8.482e3 5.122e3 6.107e3 7.408e3 7.318e3 7.281e3 7.856e3 7.506e3 8.286e3 6.653e3 6.865e3 6.462e3 6.658e3 6.131e3 6.468e3 6.034e3 7.480e3 8.290e3 7.569e3 5.831e3 7.501e3 9.674e3 10.74e3 9.779e3 10.15e3 10.08e3 10.30e3 10.44e3 9.309e3 9.255e3 8.782e3 9.483e3 9.026e3 8.232e3 10.19e3 10.70e3 10.52e3 10.59e3 10.91e3 13.15e3 13.87e3 13.19e3 12.92e3 11.85e3 10.63e3 11.97e3 10.58e3 9.610e3 9.506e3 12.32e3 9.963e3 8.860e3 9.731e3 9.455e3 10.57e3 9.286e3 10.09e3 9.080e3 9.444e3 9.521e3 8.848e3 8.104e3 9.876e3 9.676e3 8.450e3 9.521e3 10.52e3 12.29e3 12.41e3 12.84e3 14.49e3 13.19e3 13.80e3 14.31e3 13.28e3 13.15e3 12.12e3 
   12.0e6  746.2   1.392e3 2.414e3 2.964e3 3.404e3 3.714e3 2.808e3 3.688e3 3.511e3 3.227e3 5.635e3 5.399e3 5.984e3 6.794e3 7.518e3 8.920e3 5.686e3 6.608e3 7.889e3 7.719e3 7.692e3 8.313e3 7.973e3 8.717e3 7.044e3 7.256e3 6.858e3 7.034e3 6.507e3 6.828e3 6.417e3 7.898e3 8.706e3 8.006e3 6.448e3 8.185e3 10.29e3 11.39e3 10.40e3 10.77e3 10.75e3 10.92e3 11.05e3 9.902e3 9.807e3 9.322e3 10.05e3 9.586e3 8.762e3 10.88e3 11.26e3 11.13e3 11.25e3 11.83e3 13.87e3 14.63e3 13.90e3 13.76e3 12.53e3 11.20e3 12.67e3 11.30e3 10.16e3 10.08e3 13.05e3 10.63e3 9.439e3 10.29e3 10.02e3 11.25e3 9.806e3 10.74e3 9.655e3 10.03e3 10.11e3 9.391e3 8.611e3 10.47e3 10.33e3 9.019e3 10.14e3 11.27e3 12.94e3 13.16e3 13.47e3 15.25e3 13.96e3 14.74e3 15.19e3 14.11e3 14.00e3 13.11e3 
   13.0e6  796.5   1.492e3 2.535e3 3.095e3 3.572e3 3.903e3 2.988e3 3.927e3 3.772e3 3.463e3 5.909e3 5.654e3 6.271e3 7.124e3 7.822e3 9.339e3 6.267e3 7.124e3 8.363e3 8.116e3 8.104e3 8.772e3 8.440e3 9.145e3 7.439e3 7.649e3 7.263e3 7.411e3 6.886e3 7.184e3 6.803e3 8.319e3 9.119e3 8.442e3 7.074e3 8.874e3 10.90e3 12.02e3 11.03e3 11.39e3 11.42e3 11.54e3 11.65e3 10.49e3 10.35e3 9.871e3 10.61e3 10.15e3 9.312e3 11.56e3 11.81e3 11.74e3 11.91e3 12.75e3 14.57e3 15.38e3 14.61e3 14.59e3 13.21e3 11.78e3 13.37e3 12.03e3 10.72e3 10.66e3 13.76e3 11.30e3 10.02e3 10.85e3 10.59e3 11.93e3 10.33e3 11.38e3 10.24e3 10.63e3 10.72e3 9.932e3 9.129e3 11.08e3 10.99e3 9.597e3 10.77e3 12.02e3 13.59e3 13.91e3 14.11e3 16.01e3 14.73e3 15.68e3 16.08e3 14.94e3 14.85e3 14.12e3 
   14.0e6  850.5   1.590e3 2.651e3 3.226e3 3.740e3 4.091e3 3.176e3 4.167e3 4.032e3 3.706e3 6.179e3 5.911e3 6.554e3 7.445e3 8.120e3 9.741e3 6.859e3 7.648e3 8.830e3 8.512e3 8.516e3 9.235e3 8.908e3 9.572e3 7.838e3 8.044e3 7.675e3 7.791e3 7.267e3 7.539e3 7.195e3 8.743e3 9.531e3 8.875e3 7.706e3 9.567e3 11.52e3 12.65e3 11.65e3 12.02e3 12.11e3 12.17e3 12.25e3 11.08e3 10.90e3 10.43e3 11.18e3 10.71e3 9.880e3 12.24e3 12.36e3 12.34e3 12.56e3 13.67e3 15.27e3 16.12e3 15.31e3 15.41e3 13.88e3 12.38e3 14.06e3 12.76e3 11.30e3 11.25e3 14.46e3 11.97e3 10.59e3 11.42e3 11.16e3 12.61e3 10.86e3 12.03e3 10.84e3 11.22e3 11.32e3 10.48e3 9.657e3 11.68e3 11.65e3 10.19e3 11.40e3 12.78e3 14.24e3 14.67e3 14.77e3 16.77e3 15.51e3 16.64e3 16.96e3 15.76e3 15.69e3 15.14e3 
   15.0e6  907.7   1.687e3 2.765e3 3.355e3 3.909e3 4.279e3 3.371e3 4.409e3 4.290e3 3.953e3 6.449e3 6.168e3 6.832e3 7.757e3 8.413e3 10.13e3 7.456e3 8.178e3 9.292e3 8.907e3 8.929e3 9.700e3 9.377e3 9.998e3 8.240e3 8.441e3 8.094e3 8.173e3 7.651e3 7.893e3 7.591e3 9.168e3 9.942e3 9.308e3 8.341e3 10.26e3 12.13e3 13.27e3 12.27e3 12.66e3 12.80e3 12.79e3 12.85e3 11.67e3 11.44e3 10.99e3 11.75e3 11.28e3 10.46e3 12.92e3 12.91e3 12.95e3 13.22e3 14.58e3 15.97e3 16.86e3 16.01e3 16.22e3 14.55e3 12.99e3 14.74e3 13.49e3 11.89e3 11.86e3 15.15e3 12.66e3 11.17e3 11.99e3 11.73e3 13.29e3 11.40e3 12.68e3 11.44e3 11.83e3 11.94e3 11.02e3 10.19e3 12.30e3 12.31e3 10.78e3 12.05e3 13.54e3 14.89e3 15.42e3 15.43e3 17.52e3 16.30e3 17.60e3 17.84e3 16.59e3 16.54e3 16.17e3 
   16.0e6  967.9   1.784e3 2.875e3 3.485e3 4.077e3 4.466e3 3.574e3 4.651e3 4.548e3 4.204e3 6.716e3 6.428e3 7.106e3 8.062e3 8.702e3 10.51e3 8.053e3 8.711e3 9.749e3 9.300e3 9.342e3 10.17e3 9.845e3 10.42e3 8.645e3 8.841e3 8.517e3 8.558e3 8.038e3 8.249e3 7.992e3 9.597e3 10.35e3 9.740e3 8.978e3 10.95e3 12.75e3 13.89e3 12.90e3 13.30e3 13.49e3 13.42e3 13.45e3 12.26e3 11.98e3 11.56e3 12.32e3 11.84e3 11.06e3 13.59e3 13.45e3 13.56e3 13.86e3 15.49e3 16.66e3 17.59e3 16.71e3 17.01e3 15.21e3 13.61e3 15.43e3 14.22e3 12.49e3 12.48e3 15.83e3 13.34e3 11.75e3 12.57e3 12.31e3 13.97e3 11.95e3 13.33e3 12.06e3 12.44e3 12.56e3 11.57e3 10.74e3 12.91e3 12.96e3 11.39e3 12.70e3 14.30e3 15.55e3 16.18e3 16.10e3 18.27e3 17.10e3 18.57e3 18.72e3 17.42e3 17.39e3 17.20e3 
   17.0e6  1.031e3 1.878e3 2.983e3 3.614e3 4.245e3 4.652e3 3.782e3 4.893e3 4.804e3 4.459e3 6.983e3 6.688e3 7.376e3 8.361e3 8.987e3 10.87e3 8.647e3 9.243e3 10.20e3 9.692e3 9.756e3 10.64e3 10.31e3 10.85e3 9.052e3 9.242e3 8.943e3 8.946e3 8.428e3 8.608e3 8.398e3 10.03e3 10.76e3 10.17e3 9.616e3 11.65e3 13.37e3 14.50e3 13.52e3 13.95e3 14.18e3 14.05e3 14.04e3 12.84e3 12.52e3 12.14e3 12.89e3 12.41e3 11.67e3 14.26e3 14.00e3 14.18e3 14.50e3 16.39e3 17.35e3 18.32e3 17.41e3 17.78e3 15.87e3 14.25e3 16.11e3 14.96e3 13.10e3 13.11e3 16.50e3 14.04e3 12.33e3 13.15e3 12.89e3 14.65e3 12.50e3 13.98e3 12.68e3 13.06e3 13.19e3 12.13e3 11.30e3 13.54e3 13.62e3 12.01e3 13.35e3 15.07e3 16.20e3 16.95e3 16.79e3 19.02e3 17.89e3 19.55e3 19.59e3 18.25e3 18.24e3 18.25e3 
   18.0e6  1.096e3 1.972e3 3.088e3 3.742e3 4.413e3 4.838e3 3.996e3 5.136e3 5.058e3 4.718e3 7.249e3 6.950e3 7.643e3 8.653e3 9.269e3 11.22e3 9.236e3 9.775e3 10.65e3 10.08e3 10.17e3 11.11e3 10.78e3 11.27e3 9.461e3 9.646e3 9.373e3 9.337e3 8.821e3 8.969e3 8.807e3 10.46e3 11.18e3 10.60e3 10.25e3 12.33e3 13.99e3 15.10e3 14.14e3 14.60e3 14.88e3 14.67e3 14.63e3 13.42e3 13.06e3 12.72e3 13.47e3 12.98e3 12.29e3 14.93e3 14.55e3 14.79e3 15.13e3 17.28e3 18.04e3 19.04e3 18.10e3 18.54e3 16.53e3 14.89e3 16.79e3 15.70e3 13.72e3 13.74e3 17.17e3 14.73e3 12.90e3 13.74e3 13.48e3 15.33e3 13.06e3 14.63e3 13.31e3 13.68e3 13.83e3 12.70e3 11.86e3 14.17e3 14.29e3 12.63e3 14.02e3 15.83e3 16.86e3 17.71e3 17.48e3 19.77e3 18.70e3 20.53e3 20.46e3 19.07e3 19.09e3 19.29e3 
   20.0e6  1.232e3 2.155e3 3.292e3 3.998e3 4.744e3 5.206e3 4.436e3 5.619e3 5.563e3 5.243e3 7.777e3 7.475e3 8.167e3 9.220e3 9.823e3 11.91e3 10.39e3 10.83e3 11.52e3 10.86e3 11.00e3 12.05e3 11.71e3 12.12e3 10.28e3 10.46e3 10.24e3 10.13e3 9.612e3 9.699e3 9.637e3 11.33e3 12.00e3 11.46e3 11.52e3 13.70e3 15.23e3 16.29e3 15.37e3 15.92e3 16.27e3 15.93e3 15.80e3 14.58e3 14.14e3 13.89e3 14.63e3 14.12e3 13.55e3 16.26e3 15.66e3 16.03e3 16.37e3 19.01e3 19.39e3 20.47e3 19.48e3 20.00e3 17.84e3 16.19e3 18.14e3 17.17e3 14.98e3 15.04e3 18.48e3 16.13e3 14.06e3 14.93e3 14.66e3 16.67e3 14.21e3 15.94e3 14.59e3 14.93e3 15.11e3 13.84e3 13.01e3 15.44e3 15.61e3 13.91e3 15.36e3 17.37e3 18.18e3 19.24e3 18.87e3 21.26e3 20.32e3 22.50e3 22.19e3 20.72e3 20.79e3 21.38e3 
   22.5e6  1.410e3 2.375e3 3.536e3 4.314e3 5.150e3 5.659e3 5.002e3 6.218e3 6.183e3 5.908e3 8.431e3 8.132e3 8.804e3 9.901e3 10.50e3 12.72e3 11.78e3 12.12e3 12.59e3 11.83e3 12.03e3 13.23e3 12.85e3 13.17e3 11.31e3 11.48e3 11.32e3 11.12e3 10.61e3 10.63e3 10.69e3 12.43e3 13.02e3 12.53e3 13.08e3 15.36e3 16.76e3 17.73e3 16.90e3 17.57e3 17.98e3 17.49e3 17.24e3 16.02e3 15.47e3 15.36e3 16.08e3 15.55e3 15.14e3 17.89e3 17.04e3 17.57e3 17.84e3 21.10e3 21.06e3 22.23e3 21.18e3 21.73e3 19.46e3 17.83e3 19.81e3 19.02e3 16.58e3 16.69e3 20.07e3 17.87e3 15.51e3 16.45e3 16.15e3 18.32e3 15.67e3 17.56e3 16.22e3 16.52e3 16.74e3 15.31e3 14.48e3 17.04e3 17.27e3 15.54e3 17.06e3 19.28e3 19.85e3 21.14e3 20.62e3 23.12e3 22.35e3 24.97e3 24.33e3 22.77e3 22.88e3 23.96e3 
   25.0e6  1.592e3 2.587e3 3.767e3 4.625e3 5.543e3 6.102e3 5.576e3 6.804e3 6.789e3 6.577e3 9.075e3 8.787e3 9.422e3 10.55e3 11.16e3 13.49e3 13.10e3 13.37e3 13.62e3 12.78e3 13.06e3 14.40e3 13.97e3 14.20e3 12.33e3 12.50e3 12.40e3 12.12e3 11.61e3 11.57e3 11.75e3 13.52e3 14.04e3 13.59e3 14.61e3 16.97e3 18.27e3 19.14e3 18.40e3 19.21e3 19.66e3 19.04e3 18.66e3 17.43e3 16.80e3 16.84e3 17.54e3 16.97e3 16.74e3 19.50e3 18.42e3 19.12e3 19.25e3 23.09e3 22.71e3 23.96e3 22.86e3 23.35e3 21.08e3 19.48e3 21.45e3 20.86e3 18.20e3 18.36e3 21.63e3 19.60e3 16.96e3 17.98e3 17.65e3 19.93e3 17.15e3 19.18e3 17.85e3 18.11e3 18.39e3 16.81e3 15.98e3 18.66e3 18.92e3 17.20e3 18.78e3 21.18e3 21.52e3 23.03e3 22.38e3 24.96e3 24.38e3 27.41e3 26.43e3 24.80e3 24.95e3 26.48e3 
   27.5e6  1.774e3 2.789e3 3.988e3 4.929e3 5.922e3 6.533e3 6.149e3 7.373e3 7.380e3 7.242e3 9.706e3 9.436e3 10.02e3 11.18e3 11.81e3 14.22e3 14.34e3 14.58e3 14.61e3 13.71e3 14.07e3 15.55e3 15.06e3 15.22e3 13.35e3 13.51e3 13.47e3 13.12e3 12.61e3 12.53e3 12.82e3 14.62e3 15.05e3 14.64e3 16.10e3 18.53e3 19.74e3 20.49e3 19.87e3 20.84e3 21.29e3 20.57e3 20.05e3 18.82e3 18.11e3 18.31e3 18.99e3 18.39e3 18.32e3 21.07e3 19.80e3 20.65e3 20.58e3 25.00e3 24.32e3 25.64e3 24.52e3 24.86e3 22.67e3 21.12e3 23.06e3 22.69e3 19.82e3 20.04e3 23.15e3 21.29e3 18.41e3 19.52e3 19.14e3 21.49e3 18.66e3 20.78e3 19.49e3 19.71e3 20.05e3 18.33e3 17.49e3 20.27e3 20.56e3 18.87e3 20.50e3 23.05e3 23.20e3 24.89e3 24.12e3 26.77e3 26.40e3 29.82e3 28.49e3 26.80e3 26.99e3 28.93e3 
   30.0e6  1.955e3 2.983e3 4.199e3 5.226e3 6.286e3 6.951e3 6.713e3 7.922e3 7.953e3 7.898e3 10.32e3 10.07e3 10.60e3 11.77e3 12.43e3 14.92e3 15.51e3 15.74e3 15.57e3 14.63e3 15.06e3 16.67e3 16.11e3 16.22e3 14.35e3 14.52e3 14.52e3 14.11e3 13.61e3 13.48e3 13.89e3 15.70e3 16.05e3 15.67e3 17.54e3 20.02e3 21.18e3 21.79e3 21.29e3 22.43e3 22.87e3 22.07e3 21.40e3 20.18e3 19.40e3 19.76e3 20.42e3 19.78e3 19.87e3 22.60e3 21.16e3 22.16e3 21.85e3 26.81e3 25.89e3 27.29e3 26.13e3 26.29e3 24.24e3 22.74e3 24.64e3 24.49e3 21.43e3 21.72e3 24.64e3 22.93e3 19.85e3 21.06e3 20.63e3 23.00e3 20.17e3 22.36e3 21.11e3 21.30e3 21.71e3 19.86e3 19.01e3 21.88e3 22.18e3 20.56e3 22.21e3 24.89e3 24.86e3 26.71e3 25.84e3 28.55e3 28.39e3 32.16e3 30.50e3 28.76e3 28.97e3 31.28e3 
   32.5e6  2.131e3 3.169e3 4.400e3 5.515e3 6.633e3 7.354e3 7.262e3 8.448e3 8.507e3 8.540e3 10.92e3 10.70e3 11.16e3 12.35e3 13.04e3 15.59e3 16.61e3 16.85e3 16.49e3 15.52e3 16.03e3 17.76e3 17.12e3 17.20e3 15.33e3 15.51e3 15.54e3 15.09e3 14.60e3 14.44e3 14.94e3 16.77e3 17.03e3 16.68e3 18.94e3 21.45e3 22.57e3 23.04e3 22.68e3 23.99e3 24.39e3 23.53e3 22.72e3 21.50e3 20.67e3 21.20e3 21.84e3 21.15e3 21.39e3 24.09e3 22.51e3 23.65e3 23.06e3 28.56e3 27.42e3 28.89e3 27.72e3 27.62e3 25.79e3 24.33e3 26.18e3 26.26e3 23.03e3 23.38e3 26.08e3 24.53e3 21.29e3 22.60e3 22.10e3 24.44e3 21.69e3 23.91e3 22.71e3 22.87e3 23.36e3 21.40e3 20.53e3 23.47e3 23.78e3 22.23e3 23.90e3 26.69e3 26.51e3 28.48e3 27.54e3 30.31e3 30.35e3 34.44e3 32.45e3 30.67e3 30.91e3 33.54e3 
   35.0e6  2.302e3 3.347e3 4.592e3 5.794e3 6.965e3 7.742e3 7.794e3 8.950e3 9.042e3 9.165e3 11.51e3 11.31e3 11.70e3 12.89e3 13.63e3 16.24e3 17.64e3 17.91e3 17.37e3 16.39e3 16.98e3 18.83e3 18.10e3 18.15e3 16.29e3 16.48e3 16.55e3 16.06e3 15.57e3 15.40e3 15.99e3 17.82e3 17.99e3 17.67e3 20.30e3 22.82e3 23.91e3 24.24e3 24.01e3 25.50e3 25.86e3 24.95e3 24.00e3 22.79e3 21.92e3 22.61e3 23.23e3 22.50e3 22.87e3 25.54e3 23.83e3 25.11e3 24.22e3 30.23e3 28.92e3 30.45e3 29.26e3 28.89e3 27.30e3 25.88e3 27.68e3 27.99e3 24.61e3 25.03e3 27.49e3 26.08e3 22.71e3 24.13e3 23.56e3 25.83e3 23.20e3 25.43e3 24.28e3 24.43e3 24.99e3 22.93e3 22.05e3 25.03e3 25.35e3 23.90e3 25.56e3 28.45e3 28.15e3 30.21e3 29.19e3 32.02e3 32.27e3 36.64e3 34.35e3 32.55e3 32.79e3 35.69e3 
   37.5e6  2.466e3 3.517e3 4.775e3 6.064e3 7.280e3 8.115e3 8.304e3 9.428e3 9.558e3 9.771e3 12.07e3 11.91e3 12.22e3 13.42e3 14.21e3 16.85e3 18.60e3 18.92e3 18.22e3 17.24e3 17.90e3 19.85e3 19.03e3 19.08e3 17.23e3 17.44e3 17.52e3 17.01e3 16.53e3 16.35e3 17.02e3 18.85e3 18.93e3 18.65e3 21.61e3 24.12e3 25.20e3 25.39e3 25.30e3 26.96e3 27.27e3 26.33e3 25.25e3 24.05e3 23.14e3 23.99e3 24.59e3 23.82e3 24.30e3 26.94e3 25.12e3 26.53e3 25.35e3 31.85e3 30.37e3 31.97e3 30.76e3 30.10e3 28.79e3 27.40e3 29.15e3 29.69e3 26.16e3 26.66e3 28.87e3 27.57e3 24.12e3 25.64e3 25.00e3 27.16e3 24.70e3 26.92e3 25.82e3 25.96e3 26.61e3 24.45e3 23.55e3 26.56e3 26.90e3 25.54e3 27.20e3 30.17e3 29.76e3 31.88e3 30.82e3 33.70e3 34.14e3 38.75e3 36.20e3 34.37e3 34.63e3 37.73e3 
   40.0e6  2.625e3 3.680e3 4.951e3 6.325e3 7.579e3 8.473e3 8.792e3 9.881e3 10.05e3 10.36e3 12.62e3 12.49e3 12.72e3 13.93e3 14.76e3 17.44e3 19.51e3 19.88e3 19.03e3 18.06e3 18.80e3 20.84e3 19.93e3 19.97e3 18.15e3 18.37e3 18.47e3 17.94e3 17.46e3 17.29e3 18.04e3 19.86e3 19.84e3 19.59e3 22.88e3 25.36e3 26.44e3 26.49e3 26.54e3 28.37e3 28.63e3 27.67e3 26.45e3 25.27e3 24.33e3 25.34e3 25.92e3 25.11e3 25.68e3 28.30e3 26.39e3 27.92e3 26.45e3 33.41e3 31.78e3 33.44e3 32.22e3 31.25e3 30.24e3 28.87e3 30.57e3 31.35e3 27.69e3 28.26e3 30.20e3 29.01e3 25.51e3 27.13e3 26.41e3 28.44e3 26.19e3 28.37e3 27.33e3 27.46e3 28.20e3 25.96e3 25.04e3 28.06e3 28.41e3 27.16e3 28.80e3 31.83e3 31.34e3 33.50e3 32.41e3 35.34e3 35.96e3 40.78e3 37.98e3 36.15e3 36.40e3 39.67e3 
   45.0e6  2.922e3 3.986e3 5.280e3 6.817e3 8.132e3 9.143e3 9.701e3 10.72e3 10.99e3 11.46e3 13.65e3 13.60e3 13.67e3 14.88e3 15.83e3 18.55e3 21.15e3 21.64e3 20.56e3 19.63e3 20.51e3 22.71e3 21.61e3 21.69e3 19.90e3 20.17e3 20.28e3 19.74e3 19.28e3 19.12e3 20.01e3 21.82e3 21.62e3 21.42e3 25.29e3 27.66e3 28.76e3 28.56e3 28.87e3 31.01e3 31.17e3 30.22e3 28.75e3 27.60e3 26.62e3 27.94e3 28.50e3 27.59e3 28.30e3 30.89e3 28.84e3 30.60e3 28.60e3 36.40e3 34.48e3 36.24e3 35.01e3 33.42e3 33.04e3 31.71e3 33.30e3 34.54e3 30.64e3 31.36e3 32.77e3 31.77e3 28.23e3 30.05e3 29.16e3 30.84e3 29.11e3 31.16e3 30.23e3 30.37e3 31.31e3 28.93e3 27.95e3 30.95e3 31.34e3 30.30e3 31.88e3 35.02e3 34.43e3 36.57e3 35.47e3 38.50e3 39.44e3 44.57e3 41.39e3 39.55e3 39.80e3 43.28e3 
   50.0e6  3.195e3 4.267e3 5.583e3 7.271e3 8.631e3 9.755e3 10.52e3 11.46e3 11.86e3 12.48e3 14.61e3 14.63e3 14.55e3 15.76e3 16.82e3 19.58e3 22.60e3 23.22e3 21.96e3 21.10e3 22.12e3 24.42e3 23.15e3 23.30e3 21.55e3 21.88e3 21.98e3 21.46e3 21.01e3 20.90e3 21.89e3 23.67e3 23.30e3 23.16e3 27.53e3 29.74e3 30.89e3 30.45e3 31.02e3 33.43e3 33.51e3 32.58e3 30.90e3 29.78e3 28.80e3 30.40e3 30.94e3 29.94e3 30.73e3 33.31e3 31.17e3 33.13e3 30.70e3 39.21e3 37.02e3 38.86e3 37.64e3 35.46e3 35.69e3 34.37e3 35.88e3 37.55e3 33.45e3 34.32e3 35.21e3 34.36e3 30.87e3 32.87e3 31.80e3 33.07e3 31.94e3 33.82e3 32.98e3 33.16e3 34.30e3 31.81e3 30.76e3 33.68e3 34.13e3 33.29e3 34.78e3 38.02e3 37.39e3 39.41e3 38.39e3 41.50e3 42.71e3 48.01e3 44.59e3 42.77e3 42.99e3 46.55e3 
   55.0e6  3.445e3 4.527e3 5.862e3 7.689e3 9.080e3 10.31e3 11.27e3 12.14e3 12.67e3 13.41e3 15.49e3 15.60e3 15.37e3 16.59e3 17.76e3 20.53e3 23.87e3 24.63e3 23.26e3 22.47e3 23.61e3 26.00e3 24.57e3 24.81e3 23.10e3 23.49e3 23.56e3 23.09e3 22.66e3 22.60e3 23.67e3 25.43e3 24.90e3 24.81e3 29.62e3 31.63e3 32.83e3 32.18e3 32.99e3 35.63e3 35.66e3 34.78e3 32.90e3 31.83e3 30.87e3 32.72e3 33.25e3 32.17e3 32.97e3 35.57e3 33.39e3 35.51e3 32.78e3 41.87e3 39.40e3 41.31e3 40.11e3 37.39e3 38.21e3 36.88e3 38.31e3 40.39e3 36.13e3 37.13e3 37.52e3 36.82e3 33.41e3 35.58e3 34.33e3 35.16e3 34.67e3 36.33e3 35.58e3 35.81e3 37.16e3 34.58e3 33.47e3 36.27e3 36.79e3 36.13e3 37.52e3 40.84e3 40.22e3 42.05e3 41.18e3 44.36e3 45.76e3 51.13e3 47.58e3 45.79e3 45.99e3 49.54e3 
   60.0e6  3.673e3 4.767e3 6.119e3 8.074e3 9.486e3 10.82e3 11.94e3 12.74e3 13.42e3 14.26e3 16.31e3 16.50e3 16.14e3 17.35e3 18.64e3 21.41e3 25.00e3 25.88e3 24.45e3 23.75e3 25.01e3 27.44e3 25.88e3 26.23e3 24.56e3 25.01e3 25.05e3 24.63e3 24.21e3 24.22e3 25.36e3 27.09e3 26.42e3 26.38e3 31.58e3 33.33e3 34.59e3 33.78e3 34.81e3 37.63e3 37.63e3 36.82e3 34.78e3 33.76e3 32.83e3 34.90e3 35.42e3 34.28e3 35.06e3 37.70e3 35.49e3 37.76e3 34.82e3 44.38e3 41.64e3 43.62e3 42.43e3 39.24e3 40.59e3 39.24e3 40.59e3 43.06e3 38.67e3 39.78e3 39.71e3 39.17e3 35.85e3 38.18e3 36.74e3 37.13e3 37.28e3 38.72e3 38.06e3 38.32e3 39.88e3 37.24e3 36.06e3 38.72e3 39.32e3 38.80e3 40.09e3 43.49e3 42.93e3 44.50e3 43.83e3 47.07e3 48.61e3 53.96e3 50.39e3 48.65e3 48.81e3 52.28e3 
   65.0e6  3.882e3 4.990e3 6.358e3 8.428e3 9.855e3 11.29e3 12.56e3 13.29e3 14.12e3 15.04e3 17.06e3 17.33e3 16.86e3 18.07e3 19.47e3 22.24e3 26.01e3 27.00e3 25.55e3 24.95e3 26.31e3 28.76e3 27.09e3 27.55e3 25.92e3 26.43e3 26.44e3 26.09e3 25.69e3 25.77e3 26.96e3 28.67e3 27.86e3 27.86e3 33.40e3 34.88e3 36.21e3 35.25e3 36.48e3 39.44e3 39.45e3 38.71e3 36.54e3 35.56e3 34.68e3 36.95e3 37.47e3 36.26e3 36.99e3 39.69e3 37.48e3 39.87e3 36.84e3 46.74e3 43.75e3 45.77e3 44.61e3 41.02e3 42.84e3 41.45e3 42.76e3 45.57e3 41.07e3 42.30e3 41.79e3 41.42e3 38.20e3 40.67e3 39.04e3 38.99e3 39.79e3 40.98e3 40.40e3 40.71e3 42.48e3 39.79e3 38.55e3 41.03e3 41.73e3 41.32e3 42.51e3 45.98e3 45.51e3 46.77e3 46.36e3 49.64e3 51.26e3 56.53e3 53.03e3 51.35e3 51.47e3 54.83e3 
   70.0e6  4.072e3 5.196e3 6.580e3 8.753e3 10.19e3 11.72e3 13.12e3 13.79e3 14.77e3 15.75e3 17.76e3 18.11e3 17.54e3 18.75e3 20.25e3 23.01e3 26.89e3 27.99e3 26.58e3 26.07e3 27.52e3 29.97e3 28.21e3 28.80e3 27.20e3 27.78e3 27.73e3 27.47e3 27.08e3 27.25e3 28.47e3 30.15e3 29.23e3 29.27e3 35.10e3 36.29e3 37.68e3 36.61e3 38.02e3 41.09e3 41.13e3 40.46e3 38.19e3 37.26e3 36.43e3 38.87e3 39.40e3 38.15e3 38.79e3 41.56e3 39.36e3 41.86e3 38.82e3 48.97e3 45.73e3 47.79e3 46.67e3 42.73e3 44.98e3 43.54e3 44.80e3 47.94e3 43.35e3 44.67e3 43.78e3 43.58e3 40.45e3 43.05e3 41.24e3 40.77e3 42.17e3 43.13e3 42.63e3 42.97e3 44.96e3 42.23e3 40.92e3 43.22e3 44.02e3 43.70e3 44.78e3 48.33e3 47.97e3 48.88e3 48.77e3 52.09e3 53.74e3 58.86e3 55.52e3 53.90e3 53.98e3 57.21e3 
   80.0e6  4.402e3 5.565e3 6.980e3 9.330e3 10.78e3 12.47e3 14.11e3 14.66e3 15.94e3 17.00e3 19.00e3 19.50e3 18.79e3 19.99e3 21.69e3 24.42e3 28.39e3 29.65e3 28.42e3 28.11e3 29.70e3 32.09e3 30.23e3 31.05e3 29.53e3 30.23e3 30.09e3 30.01e3 29.64e3 29.97e3 31.24e3 32.87e3 31.76e3 31.89e3 38.15e3 38.75e3 40.28e3 39.06e3 40.76e3 43.95e3 44.11e3 43.60e3 41.20e3 40.36e3 39.66e3 42.38e3 42.93e3 41.61e3 42.04e3 44.98e3 42.86e3 45.51e3 42.65e3 53.01e3 49.35e3 51.48e3 50.44e3 45.98e3 48.91e3 47.36e3 48.56e3 52.25e3 47.55e3 49.03e3 47.48e3 47.66e3 44.67e3 47.49e3 45.33e3 44.12e3 46.62e3 47.13e3 46.78e3 47.15e3 49.55e3 46.78e3 45.34e3 47.28e3 48.28e3 48.03e3 48.92e3 52.65e3 52.54e3 52.69e3 53.26e3 56.64e3 58.22e3 62.97e3 60.07e3 58.59e3 58.59e3 61.54e3 
   90.0e6  4.671e3 5.885e3 7.330e3 9.820e3 11.28e3 13.11e3 14.95e3 15.39e3 16.95e3 18.05e3 20.07e3 20.70e3 19.90e3 21.11e3 22.98e3 25.67e3 29.57e3 30.97e3 30.02e3 29.90e3 31.59e3 33.88e3 31.99e3 33.05e3 31.59e3 32.40e3 32.18e3 32.29e3 31.93e3 32.42e3 33.70e3 35.30e3 34.06e3 34.26e3 40.79e3 40.82e3 42.50e3 41.21e3 43.13e3 46.33e3 46.69e3 46.32e3 43.87e3 43.12e3 42.57e3 45.48e3 46.06e3 44.72e3 44.91e3 48.05e3 46.01e3 48.76e3 46.25e3 56.56e3 52.59e3 54.75e3 53.80e3 49.01e3 52.44e3 50.78e3 51.94e3 56.07e3 51.33e3 52.91e3 50.86e3 51.45e3 48.54e3 51.55e3 49.06e3 47.24e3 50.66e3 50.77e3 50.56e3 50.93e3 53.70e3 50.93e3 49.38e3 50.97e3 52.16e3 51.87e3 52.62e3 56.54e3 56.70e3 56.06e3 57.33e3 60.78e3 62.16e3 66.47e3 64.15e3 62.82e3 62.74e3 65.44e3 
   100.e6  4.887e3 6.163e3 7.639e3 10.24e3 11.71e3 13.66e3 15.65e3 16.02e3 17.84e3 18.94e3 20.99e3 21.74e3 20.91e3 22.12e3 24.14e3 26.78e3 30.51e3 32.02e3 31.44e3 31.49e3 33.24e3 35.40e3 33.56e3 34.81e3 33.42e3 34.34e3 34.03e3 34.33e3 34.00e3 34.62e3 35.91e3 37.49e3 36.15e3 36.43e3 43.07e3 42.59e3 44.42e3 43.11e3 45.22e3 48.35e3 48.93e3 48.68e3 46.27e3 45.59e3 45.19e3 48.23e3 48.86e3 47.53e3 47.48e3 50.81e3 48.88e3 51.67e3 49.60e3 59.67e3 55.49e3 57.67e3 56.82e3 51.84e3 55.64e3 53.85e3 55.00e3 59.47e3 54.75e3 56.40e3 53.96e3 54.95e3 52.09e3 55.25e3 52.47e3 50.18e3 54.33e3 54.10e3 54.02e3 54.34e3 57.45e3 54.71e3 53.06e3 54.37e3 55.71e3 55.32e3 55.95e3 60.07e3 60.48e3 59.08e3 61.04e3 64.57e3 65.66e3 69.54e3 67.83e3 66.65e3 66.49e3 68.98e3 
   110.e6  5.057e3 6.405e3 7.912e3 10.60e3 12.09e3 14.13e3 16.26e3 16.56e3 18.62e3 19.70e3 21.79e3 22.65e3 21.84e3 23.06e3 25.20e3 27.79e3 31.27e3 32.86e3 32.70e3 32.91e3 34.69e3 36.70e3 34.96e3 36.39e3 35.06e3 36.05e3 35.69e3 36.16e3 35.86e3 36.61e3 37.88e3 39.45e3 38.07e3 38.41e3 45.06e3 44.11e3 46.11e3 44.83e3 47.06e3 50.09e3 50.89e3 50.76e3 48.42e3 47.83e3 47.56e3 50.69e3 51.36e3 50.08e3 49.81e3 53.32e3 51.49e3 54.29e3 52.67e3 62.38e3 58.11e3 60.28e3 59.56e3 54.48e3 58.54e3 56.62e3 57.79e3 62.51e3 57.86e3 59.53e3 56.82e3 58.18e3 55.36e3 58.63e3 55.60e3 52.96e3 57.67e3 57.18e3 57.20e3 57.45e3 60.87e3 58.15e3 56.43e3 57.50e3 58.95e3 58.44e3 58.99e3 63.29e3 63.94e3 61.83e3 64.42e3 68.04e3 68.80e3 72.27e3 71.16e3 70.13e3 69.92e3 72.24e3 
   120.e6  5.189e3 6.616e3 8.156e3 10.92e3 12.43e3 14.55e3 16.77e3 17.03e3 19.31e3 20.36e3 22.49e3 23.44e3 22.69e3 23.92e3 26.17e3 28.71e3 31.89e3 33.55e3 33.82e3 34.18e3 35.96e3 37.83e3 36.21e3 37.80e3 36.52e3 37.59e3 37.18e3 37.82e3 37.54e3 38.40e3 39.66e3 41.22e3 39.83e3 40.24e3 46.78e3 45.43e3 47.62e3 46.40e3 48.72e3 51.61e3 52.61e3 52.60e3 50.37e3 49.86e3 49.71e3 52.88e3 53.61e3 52.40e3 51.94e3 55.60e3 53.89e3 56.66e3 55.49e3 64.75e3 60.47e3 62.64e3 62.04e3 56.95e3 61.18e3 59.13e3 60.34e3 65.24e3 60.68e3 62.35e3 59.48e3 61.16e3 58.37e3 61.73e3 58.47e3 55.60e3 60.72e3 60.03e3 60.13e3 60.28e3 63.97e3 61.30e3 59.52e3 60.42e3 61.94e3 61.28e3 61.78e3 66.26e3 67.10e3 64.37e3 67.51e3 71.25e3 71.64e3 74.76e3 74.20e3 73.32e3 73.05e3 75.26e3 
   130.e6  5.289e3 6.801e3 8.374e3 11.19e3 12.73e3 14.91e3 17.21e3 17.45e3 19.92e3 20.93e3 23.10e3 24.14e3 23.47e3 24.72e3 27.06e3 29.54e3 32.41e3 34.11e3 34.84e3 35.32e3 37.08e3 38.82e3 37.35e3 39.06e3 37.84e3 38.97e3 38.52e3 39.32e3 39.08e3 40.01e3 41.26e3 42.83e3 41.46e3 41.93e3 48.30e3 46.59e3 48.98e3 47.85e3 50.22e3 52.95e3 54.15e3 54.23e3 52.14e3 51.70e3 51.67e3 54.86e3 55.63e3 54.53e3 53.90e3 57.69e3 56.09e3 58.80e3 58.06e3 66.83e3 62.63e3 64.77e3 64.31e3 59.25e3 63.59e3 61.43e3 62.68e3 67.70e3 63.26e3 64.91e3 61.94e3 63.91e3 61.15e3 64.57e3 61.13e3 58.11e3 63.51e3 62.69e3 62.83e3 62.89e3 66.81e3 64.18e3 62.36e3 63.15e3 64.69e3 63.90e3 64.38e3 69.00e3 70.01e3 66.73e3 70.37e3 74.22e3 74.24e3 77.06e3 76.98e3 76.25e3 75.93e3 78.06e3 
   140.e6  5.362e3 6.963e3 8.571e3 11.43e3 13.00e3 15.23e3 17.59e3 17.83e3 20.47e3 21.42e3 23.64e3 24.75e3 24.20e3 25.47e3 27.87e3 30.31e3 32.85e3 34.57e3 35.76e3 36.35e3 38.07e3 39.68e3 38.39e3 40.20e3 39.04e3 40.21e3 39.75e3 40.68e3 40.48e3 41.48e3 42.72e3 44.30e3 42.97e3 43.50e3 49.65e3 47.63e3 50.23e3 49.20e3 51.60e3 54.17e3 55.51e3 55.69e3 53.76e3 53.39e3 53.46e3 56.64e3 57.47e3 56.49e3 55.71e3 59.62e3 58.12e3 60.76e3 60.40e3 68.64e3 64.60e3 66.71e3 66.39e3 61.41e3 65.81e3 63.53e3 64.83e3 69.92e3 65.62e3 67.25e3 64.24e3 66.44e3 63.72e3 67.19e3 63.58e3 60.49e3 66.07e3 65.17e3 65.34e3 65.29e3 69.40e3 66.83e3 64.99e3 65.70e3 67.24e3 66.34e3 66.81e3 71.55e3 72.68e3 68.96e3 73.01e3 76.97e3 76.64e3 79.21e3 79.54e3 78.96e3 78.59e3 80.67e3 
   150.e6  5.413e3 7.105e3 8.747e3 11.64e3 13.24e3 15.52e3 17.91e3 18.17e3 20.96e3 21.86e3 24.11e3 25.29e3 24.88e3 26.16e3 28.63e3 31.01e3 33.23e3 34.96e3 36.59e3 37.29e3 38.95e3 40.45e3 39.33e3 41.23e3 40.12e3 41.33e3 40.86e3 41.92e3 41.76e3 42.81e3 44.04e3 45.64e3 44.37e3 44.97e3 50.85e3 48.57e3 51.38e3 50.47e3 52.88e3 55.28e3 56.74e3 57.01e3 55.25e3 54.94e3 55.10e3 58.25e3 59.14e3 58.30e3 57.40e3 61.40e3 60.01e3 62.56e3 62.53e3 70.24e3 66.40e3 68.48e3 68.30e3 63.42e3 67.85e3 65.45e3 66.82e3 71.94e3 67.79e3 69.38e3 66.39e3 68.77e3 66.11e3 69.60e3 65.86e3 62.77e3 68.43e3 67.50e3 67.67e3 67.51e3 71.78e3 69.28e3 67.41e3 68.10e3 69.60e3 68.61e3 69.10e3 73.93e3 75.15e3 71.08e3 75.48e3 79.54e3 78.88e3 81.24e3 81.91e3 81.46e3 81.05e3 83.12e3 
   160.e6  5.447e3 7.229e3 8.907e3 11.83e3 13.46e3 15.78e3 18.19e3 18.48e3 21.40e3 22.24e3 24.53e3 25.77e3 25.51e3 26.82e3 29.33e3 31.66e3 33.57e3 35.29e3 37.35e3 38.14e3 39.74e3 41.13e3 40.20e3 42.16e3 41.11e3 42.34e3 41.88e3 43.05e3 42.94e3 44.01e3 45.25e3 46.87e3 45.68e3 46.33e3 51.94e3 49.42e3 52.45e3 51.67e3 54.07e3 56.30e3 57.84e3 58.19e3 56.63e3 56.38e3 56.61e3 59.72e3 60.65e3 59.97e3 58.99e3 63.04e3 61.76e3 64.20e3 64.48e3 71.64e3 68.06e3 70.09e3 70.07e3 65.31e3 69.72e3 67.23e3 68.67e3 73.79e3 69.80e3 71.33e3 68.41e3 70.92e3 68.32e3 71.82e3 67.97e3 64.94e3 70.62e3 69.70e3 69.83e3 69.57e3 73.97e3 71.53e3 69.67e3 70.35e3 71.80e3 70.75e3 71.27e3 76.16e3 77.43e3 73.10e3 77.79e3 81.94e3 80.97e3 83.17e3 84.11e3 83.78e3 83.34e3 85.42e3 
   170.e6  5.465e3 7.339e3 9.052e3 11.99e3 13.66e3 16.01e3 18.43e3 18.76e3 21.80e3 22.58e3 24.90e3 26.20e3 26.10e3 27.44e3 29.98e3 32.26e3 33.87e3 35.58e3 38.06e3 38.91e3 40.44e3 41.75e3 40.99e3 43.01e3 42.02e3 43.26e3 42.81e3 44.08e3 44.03e3 45.12e3 46.36e3 48.00e3 46.90e3 47.61e3 52.93e3 50.20e3 53.46e3 52.82e3 55.19e3 57.26e3 58.83e3 59.26e3 57.90e3 57.70e3 58.01e3 61.06e3 62.04e3 61.52e3 60.48e3 64.56e3 63.39e3 65.71e3 66.25e3 72.87e3 69.59e3 71.58e3 71.70e3 67.08e3 71.46e3 68.86e3 70.39e3 75.47e3 71.65e3 73.13e3 70.30e3 72.89e3 70.38e3 73.87e3 69.95e3 67.01e3 72.65e3 71.77e3 71.85e3 71.50e3 75.99e3 73.61e3 71.76e3 72.48e3 73.85e3 72.78e3 73.34e3 78.25e3 79.55e3 75.05e3 79.96e3 84.19e3 82.95e3 85.01e3 86.15e3 85.95e3 85.48e3 87.58e3 
   180.e6  5.472e3 7.435e3 9.184e3 12.14e3 13.84e3 16.22e3 18.63e3 19.02e3 22.16e3 22.88e3 25.24e3 26.58e3 26.65e3 28.02e3 30.58e3 32.82e3 34.15e3 35.83e3 38.70e3 39.62e3 41.06e3 42.30e3 41.73e3 43.78e3 42.84e3 44.10e3 43.67e3 45.03e3 45.04e3 46.12e3 47.38e3 49.04e3 48.05e3 48.82e3 53.84e3 50.93e3 54.42e3 53.91e3 56.25e3 58.15e3 59.73e3 60.24e3 59.07e3 58.93e3 59.29e3 62.29e3 63.31e3 62.96e3 61.88e3 65.98e3 64.91e3 67.11e3 67.87e3 73.96e3 71.00e3 72.95e3 73.23e3 68.74e3 73.07e3 70.38e3 71.99e3 77.02e3 73.36e3 74.79e3 72.08e3 74.70e3 72.30e3 75.78e3 71.79e3 68.99e3 74.55e3 73.73e3 73.74e3 73.29e3 77.85e3 75.55e3 73.72e3 74.48e3 75.77e3 74.71e3 75.31e3 80.22e3 81.52e3 76.93e3 82.01e3 86.31e3 84.83e3 86.78e3 88.05e3 87.97e3 87.48e3 89.61e3 
   200.e6  5.457e3 7.593e3 9.412e3 12.39e3 14.15e3 16.59e3 18.97e3 19.48e3 22.79e3 23.39e3 25.79e3 27.22e3 27.66e3 29.08e3 31.67e3 33.82e3 34.65e3 36.27e3 39.84e3 40.87e3 42.13e3 43.28e3 43.04e3 45.12e3 44.30e3 45.55e3 45.20e3 46.71e3 46.83e3 47.89e3 49.19e3 50.89e3 50.14e3 51.01e3 55.46e3 52.24e3 56.20e3 55.99e3 58.22e3 59.81e3 61.30e3 61.95e3 61.19e3 61.13e3 61.59e3 64.45e3 65.56e3 65.57e3 64.45e3 68.53e3 67.67e3 69.60e3 70.70e3 75.78e3 73.53e3 75.37e3 75.97e3 71.77e3 75.97e3 73.09e3 74.88e3 79.76e3 76.43e3 77.75e3 75.34e3 77.91e3 75.76e3 79.18e3 75.13e3 72.68e3 78.00e3 77.36e3 77.15e3 76.57e3 81.17e3 79.02e3 77.25e3 78.15e3 79.25e3 78.31e3 79.01e3 83.85e3 85.06e3 80.53e3 85.81e3 90.18e3 88.34e3 90.14e3 91.50e3 91.64e3 91.11e3 93.36e3 
   225.e6  5.404e3 7.740e3 9.645e3 12.63e3 14.47e3 16.95e3 19.27e3 19.98e3 23.42e3 23.88e3 26.33e3 27.85e3 28.77e3 30.26e3 32.85e3 34.89e3 35.21e3 36.72e3 41.05e3 42.18e3 43.20e3 44.29e3 44.42e3 46.50e3 45.83e3 47.05e3 46.80e3 48.45e3 48.75e3 49.70e3 51.09e3 52.85e3 52.43e3 53.43e3 57.23e3 53.69e3 58.24e3 58.41e3 60.46e3 61.69e3 62.90e3 63.73e3 63.46e3 63.50e3 64.02e3 66.70e3 67.90e3 68.40e3 67.29e3 71.27e3 70.67e3 72.23e3 73.61e3 77.54e3 76.22e3 77.94e3 78.93e3 75.08e3 79.05e3 75.97e3 78.00e3 82.64e3 79.71e3 80.90e3 78.94e3 81.25e3 79.49e3 82.81e3 78.77e3 76.86e3 81.80e3 81.44e3 80.85e3 80.15e3 84.69e3 82.74e3 81.07e3 82.20e3 83.05e3 82.42e3 83.25e3 87.86e3 88.87e3 84.77e3 90.07e3 94.45e3 92.35e3 94.04e3 95.24e3 95.64e3 95.08e3 97.51e3 
   250.e6  5.328e3 7.844e3 9.832e3 12.83e3 14.73e3 17.25e3 19.49e3 20.40e3 23.93e3 24.26e3 26.73e3 28.34e3 29.73e3 31.29e3 33.86e3 35.80e3 35.71e3 37.13e3 42.06e3 43.25e3 44.05e3 45.15e3 45.57e3 47.61e3 47.08e3 48.26e3 48.12e3 49.88e3 50.36e3 51.18e3 52.68e3 54.50e3 54.42e3 55.55e3 58.81e3 54.99e3 60.11e3 60.68e3 62.51e3 63.41e3 64.19e3 65.19e3 65.40e3 65.51e3 66.07e3 68.58e3 69.84e3 70.82e3 69.78e3 73.58e3 73.26e3 74.45e3 75.96e3 78.88e3 78.50e3 80.08e3 81.48e3 77.96e3 81.66e3 78.40e3 80.68e3 85.05e3 82.47e3 83.57e3 82.10e3 83.98e3 82.68e3 85.86e3 81.90e3 80.61e3 85.18e3 85.09e3 84.03e3 83.29e3 87.63e3 85.90e3 84.36e3 85.73e3 86.35e3 86.18e3 87.14e3 91.39e3 92.13e3 88.77e3 93.89e3 98.21e3 96.04e3 97.64e3 98.46e3 99.10e3 98.54e3 101.2e3 
   275.e6  5.240e3 7.916e3 9.982e3 12.98e3 14.93e3 17.49e3 19.64e3 20.76e3 24.33e3 24.56e3 27.03e3 28.71e3 30.56e3 32.20e3 34.72e3 36.58e3 36.17e3 37.51e3 42.91e3 44.15e3 44.74e3 45.88e3 46.54e3 48.51e3 48.12e3 49.25e3 49.24e3 51.06e3 51.73e3 52.39e3 54.03e3 55.91e3 56.17e3 57.42e3 60.26e3 56.20e3 61.84e3 62.83e3 64.42e3 64.99e3 65.24e3 66.40e3 67.06e3 67.24e3 67.80e3 70.14e3 71.46e3 72.92e3 71.97e3 75.55e3 75.50e3 76.32e3 77.86e3 79.92e3 80.45e3 81.90e3 83.69e3 80.47e3 83.89e3 80.46e3 83.01e3 87.11e3 84.82e3 85.84e3 84.88e3 86.22e3 85.42e3 88.45e3 84.62e3 83.99e3 88.24e3 88.39e3 86.78e3 86.05e3 90.11e3 88.63e3 87.20e3 88.82e3 89.25e3 89.64e3 90.73e3 94.51e3 94.94e3 92.56e3 97.36e3 101.5e3 99.48e3 101.0e3 101.3e3 102.1e3 101.6e3 104.4e3 
   300.e6  5.147e3 7.963e3 10.10e3 13.10e3 15.08e3 17.68e3 19.74e3 21.08e3 24.65e3 24.79e3 27.25e3 28.99e3 31.30e3 33.00e3 35.48e3 37.24e3 36.60e3 37.87e3 43.64e3 44.90e3 45.33e3 46.52e3 47.36e3 49.24e3 48.99e3 50.06e3 50.17e3 52.04e3 52.91e3 53.37e3 55.17e3 57.11e3 57.71e3 59.08e3 61.62e3 57.35e3 63.46e3 64.87e3 66.20e3 66.47e3 66.11e3 67.42e3 68.50e3 68.73e3 69.29e3 71.47e3 72.82e3 74.76e3 73.89e3 77.24e3 77.47e3 77.92e3 79.42e3 80.75e3 82.13e3 83.45e3 85.62e3 82.69e3 85.80e3 82.21e3 85.03e3 88.87e3 86.83e3 87.80e3 87.36e3 88.06e3 87.78e3 90.66e3 87.00e3 87.02e3 91.07e3 91.41e3 89.16e3 88.52e3 92.21e3 90.99e3 89.68e3 91.52e3 91.81e3 92.85e3 94.05e3 97.29e3 97.38e3 96.16e3 100.5e3 104.5e3 102.7e3 104.1e3 103.7e3 104.8e3 104.2e3 107.4e3 
   325.e6  5.053e3 7.992e3 10.20e3 13.19e3 15.19e3 17.83e3 19.81e3 21.36e3 24.90e3 24.98e3 27.40e3 29.21e3 31.94e3 33.71e3 36.13e3 37.82e3 36.99e3 38.23e3 44.25e3 45.54e3 45.84e3 47.09e3 48.05e3 49.84e3 49.72e3 50.73e3 50.96e3 52.86e3 53.92e3 54.18e3 56.15e3 58.14e3 59.08e3 60.56e3 62.92e3 58.44e3 64.98e3 66.82e3 67.87e3 67.86e3 66.83e3 68.28e3 69.76e3 70.03e3 70.57e3 72.60e3 73.97e3 76.37e3 75.57e3 78.68e3 79.19e3 79.30e3 80.71e3 81.43e3 83.59e3 84.78e3 87.32e3 84.64e3 87.45e3 83.72e3 86.79e3 90.41e3 88.57e3 89.49e3 89.57e3 89.57e3 89.82e3 92.55e3 89.10e3 89.77e3 93.73e3 94.18e3 91.24e3 90.73e3 93.99e3 93.06e3 91.85e3 93.90e3 94.09e3 95.84e3 97.14e3 99.77e3 99.51e3 99.57e3 103.4e3 107.2e3 105.8e3 107.0e3 105.9e3 107.1e3 106.6e3 110.0e3 
   350.e6  5.102e3 8.128e3 10.26e3 13.26e3 15.43e3 18.08e3 20.16e3 21.78e3 25.21e3 25.33e3 27.85e3 29.64e3 32.50e3 34.33e3 36.60e3 38.30e3 38.12e3 38.82e3 44.88e3 46.14e3 46.61e3 47.89e3 49.10e3 50.65e3 50.63e3 51.58e3 52.06e3 54.04e3 54.93e3 55.39e3 57.48e3 59.06e3 60.25e3 61.71e3 63.18e3 59.40e3 66.31e3 68.07e3 69.35e3 69.07e3 68.27e3 69.73e3 71.45e3 71.61e3 72.31e3 74.33e3 75.47e3 78.20e3 77.66e3 80.57e3 81.14e3 81.11e3 81.81e3 82.12e3 85.37e3 86.61e3 89.52e3 86.80e3 89.53e3 85.97e3 89.01e3 92.19e3 90.76e3 91.87e3 91.59e3 91.67e3 92.13e3 94.91e3 91.65e3 92.26e3 95.81e3 96.83e3 93.74e3 93.43e3 96.64e3 95.39e3 94.60e3 96.61e3 96.56e3 98.39e3 99.47e3 102.6e3 102.1e3 102.2e3 105.4e3 109.0e3 108.2e3 109.4e3 108.8e3 110.2e3 109.6e3 112.8e3 
   375.e6  5.150e3 8.208e3 10.23e3 13.23e3 15.54e3 18.20e3 20.39e3 22.05e3 25.31e3 25.51e3 28.10e3 29.86e3 32.81e3 34.69e3 36.80e3 38.50e3 39.09e3 39.21e3 45.18e3 46.41e3 47.06e3 48.40e3 49.81e3 51.12e3 51.19e3 52.09e3 52.84e3 54.88e3 55.58e3 56.25e3 58.46e3 59.61e3 61.03e3 62.46e3 63.06e3 60.06e3 67.20e3 68.87e3 70.38e3 69.88e3 69.31e3 70.76e3 72.70e3 72.75e3 73.64e3 75.63e3 76.50e3 79.56e3 79.26e3 81.96e3 82.59e3 82.45e3 82.37e3 82.35e3 86.64e3 87.93e3 91.19e3 88.45e3 91.20e3 87.74e3 90.72e3 93.48e3 92.43e3 93.74e3 93.05e3 93.25e3 93.90e3 96.71e3 93.71e3 94.21e3 97.35e3 98.89e3 95.72e3 95.66e3 98.79e3 97.19e3 96.83e3 98.79e3 98.50e3 100.4e3 101.2e3 104.9e3 104.1e3 104.2e3 106.6e3 110.1e3 110.1e3 111.2e3 111.0e3 112.7e3 112.0e3 115.0e3 
   400.e6  5.145e3 8.221e3 10.17e3 13.16e3 15.59e3 18.25e3 20.50e3 22.21e3 25.33e3 25.58e3 28.23e3 29.97e3 33.01e3 34.93e3 36.88e3 38.59e3 39.71e3 39.48e3 45.33e3 46.55e3 47.32e3 48.76e3 50.29e3 51.39e3 51.58e3 52.42e3 53.38e3 55.47e3 56.05e3 56.89e3 59.16e3 60.00e3 61.60e3 63.01e3 63.07e3 60.57e3 67.85e3 69.45e3 71.15e3 70.45e3 70.07e3 71.55e3 73.64e3 73.59e3 74.62e3 76.61e3 77.29e3 80.60e3 80.50e3 83.00e3 83.70e3 83.43e3 82.86e3 82.52e3 87.60e3 88.92e3 92.44e3 89.77e3 92.43e3 89.09e3 92.02e3 94.41e3 93.72e3 95.16e3 94.22e3 94.50e3 95.29e3 98.10e3 95.34e3 95.80e3 98.54e3 100.6e3 97.38e3 97.47e3 100.5e3 98.67e3 98.67e3 100.5e3 100.1e3 102.0e3 102.7e3 106.8e3 105.7e3 105.8e3 107.9e3 111.2e3 111.7e3 112.7e3 112.8e3 114.7e3 113.9e3 116.9e3 
   450.e6  4.961e3 8.167e3 10.16e3 13.11e3 15.72e3 18.40e3 20.60e3 22.50e3 25.48e3 25.71e3 28.47e3 30.24e3 33.54e3 35.53e3 37.23e3 38.98e3 40.20e3 40.09e3 45.82e3 47.06e3 47.91e3 49.64e3 51.14e3 51.97e3 52.45e3 53.19e3 54.36e3 56.55e3 57.16e3 58.16e3 60.31e3 60.99e3 62.85e3 64.27e3 64.31e3 61.76e3 69.17e3 70.79e3 72.66e3 71.65e3 71.45e3 73.11e3 75.27e3 75.15e3 76.25e3 78.28e3 78.94e3 82.48e3 82.73e3 84.87e3 85.81e3 85.20e3 84.67e3 83.67e3 89.49e3 90.83e3 94.61e3 92.26e3 94.51e3 91.28e3 94.23e3 96.09e3 95.99e3 97.54e3 96.59e3 96.87e3 97.75e3 100.4e3 98.06e3 98.72e3 100.7e3 103.7e3 100.5e3 100.6e3 103.3e3 101.5e3 101.9e3 103.4e3 102.9e3 105.0e3 105.7e3 110.1e3 108.6e3 109.2e3 112.1e3 114.6e3 115.3e3 116.0e3 116.4e3 118.1e3 117.4e3 120.3e3 
   500.e6  4.810e3 8.106e3 10.14e3 13.05e3 15.79e3 18.50e3 20.69e3 22.72e3 25.53e3 25.79e3 28.61e3 30.42e3 33.92e3 35.95e3 37.44e3 39.22e3 40.58e3 40.63e3 46.13e3 47.40e3 48.31e3 50.35e3 51.72e3 52.34e3 53.09e3 53.77e3 55.10e3 57.37e3 58.00e3 59.14e3 61.19e3 61.76e3 63.78e3 65.23e3 65.48e3 62.84e3 70.18e3 71.80e3 73.77e3 72.59e3 72.54e3 74.34e3 76.54e3 76.35e3 77.52e3 79.60e3 80.23e3 83.96e3 84.42e3 86.31e3 87.47e3 86.57e3 86.16e3 84.72e3 90.98e3 92.34e3 96.33e3 94.28e3 96.11e3 93.00e3 95.96e3 97.41e3 97.77e3 99.42e3 98.44e3 98.80e3 99.67e3 102.2e3 100.2e3 101.0e3 102.5e3 106.2e3 103.1e3 103.1e3 105.5e3 103.8e3 104.5e3 105.6e3 105.3e3 107.5e3 108.2e3 112.7e3 110.9e3 111.9e3 115.8e3 117.6e3 118.3e3 118.7e3 119.3e3 121.0e3 120.2e3 123.2e3 
   550.e6  4.687e3 8.040e3 10.10e3 12.99e3 15.79e3 18.54e3 20.75e3 22.90e3 25.52e3 25.84e3 28.68e3 30.54e3 34.17e3 36.24e3 37.55e3 39.35e3 40.86e3 41.10e3 46.31e3 47.63e3 48.57e3 50.94e3 52.12e3 52.57e3 53.57e3 54.19e3 55.65e3 57.99e3 58.62e3 59.91e3 61.85e3 62.34e3 64.47e3 65.94e3 66.57e3 63.83e3 70.93e3 72.56e3 74.58e3 73.33e3 73.42e3 75.31e3 77.50e3 77.27e3 78.51e3 80.65e3 81.24e3 85.10e3 85.67e3 87.40e3 88.78e3 87.63e3 87.42e3 85.70e3 92.18e3 93.55e3 97.70e3 95.92e3 97.34e3 94.36e3 97.30e3 98.48e3 99.16e3 100.9e3 99.91e3 100.4e3 101.2e3 103.6e3 102.0e3 102.9e3 103.9e3 108.2e3 105.2e3 105.2e3 107.2e3 105.8e3 106.7e3 107.4e3 107.3e3 109.5e3 110.3e3 114.8e3 112.9e3 114.2e3 118.9e3 120.0e3 120.8e3 121.0e3 121.7e3 123.3e3 122.6e3 125.6e3 
   600.e6  4.587e3 7.972e3 10.06e3 12.91e3 15.77e3 18.54e3 20.79e3 23.04e3 25.47e3 25.86e3 28.68e3 30.61e3 34.33e3 36.43e3 37.58e3 39.40e3 41.05e3 41.48e3 46.38e3 47.77e3 48.72e3 51.41e3 52.36e3 52.70e3 53.91e3 54.51e3 56.05e3 58.45e3 59.07e3 60.50e3 62.34e3 62.78e3 64.97e3 66.46e3 67.59e3 64.72e3 71.49e3 73.11e3 75.13e3 73.93e3 74.11e3 76.08e3 78.23e3 77.97e3 79.29e3 81.46e3 82.04e3 85.97e3 86.58e3 88.21e3 89.79e3 88.46e3 88.50e3 86.62e3 93.13e3 94.53e3 98.79e3 97.27e3 98.29e3 95.43e3 98.35e3 99.35e3 100.3e3 102.1e3 101.1e3 101.7e3 102.4e3 104.7e3 103.4e3 104.3e3 105.1e3 109.8e3 107.0e3 107.0e3 108.6e3 107.4e3 108.5e3 108.9e3 109.0e3 111.2e3 112.0e3 116.4e3 114.5e3 116.0e3 121.6e3 122.2e3 122.8e3 122.8e3 123.7e3 125.1e3 124.5e3 127.6e3 
   650.e6  4.506e3 7.903e3 10.01e3 12.83e3 15.71e3 18.52e3 20.81e3 23.15e3 25.38e3 25.87e3 28.65e3 30.64e3 34.41e3 36.53e3 37.54e3 39.38e3 41.17e3 41.79e3 46.38e3 47.84e3 48.80e3 51.77e3 52.48e3 52.74e3 54.14e3 54.74e3 56.33e3 58.79e3 59.39e3 60.94e3 62.69e3 63.10e3 65.32e3 66.83e3 68.54e3 65.53e3 71.89e3 73.51e3 75.49e3 74.41e3 74.67e3 76.68e3 78.77e3 78.50e3 79.90e3 82.10e3 82.65e3 86.63e3 87.19e3 88.82e3 90.56e3 89.10e3 89.45e3 87.47e3 93.90e3 95.32e3 99.67e3 98.37e3 99.02e3 96.29e3 99.17e3 100.1e3 101.1e3 103.1e3 102.0e3 102.9e3 103.3e3 105.5e3 104.5e3 105.5e3 106.0e3 111.0e3 108.4e3 108.5e3 109.7e3 108.8e3 110.0e3 110.0e3 110.4e3 112.7e3 113.5e3 117.7e3 115.9e3 117.5e3 123.9e3 124.0e3 124.6e3 124.2e3 125.3e3 126.7e3 126.1e3 129.3e3 
   700.e6  4.438e3 7.834e3 9.962e3 12.75e3 15.63e3 18.47e3 20.82e3 23.23e3 25.28e3 25.87e3 28.57e3 30.64e3 34.42e3 36.56e3 37.46e3 39.31e3 41.22e3 42.02e3 46.31e3 47.86e3 48.80e3 52.05e3 52.50e3 52.72e3 54.28e3 54.91e3 56.52e3 59.03e3 59.59e3 61.26e3 62.92e3 63.34e3 65.53e3 67.07e3 69.41e3 66.26e3 72.17e3 73.77e3 75.69e3 74.81e3 75.12e3 77.14e3 79.15e3 78.89e3 80.37e3 82.58e3 83.12e3 87.11e3 87.58e3 89.25e3 91.14e3 89.58e3 90.28e3 88.27e3 94.52e3 95.97e3 100.4e3 99.27e3 99.56e3 96.97e3 99.80e3 100.7e3 101.8e3 103.8e3 102.8e3 103.8e3 104.0e3 106.1e3 105.5e3 106.4e3 106.9e3 112.0e3 109.5e3 109.7e3 110.6e3 110.0e3 111.3e3 111.0e3 111.6e3 113.9e3 114.7e3 118.7e3 117.1e3 118.7e3 125.9e3 125.6e3 126.0e3 125.5e3 126.7e3 128.0e3 127.5e3 130.8e3 
   800.e6  4.335e3 7.695e3 9.858e3 12.57e3 15.43e3 18.31e3 20.79e3 23.30e3 25.03e3 25.84e3 28.36e3 30.57e3 34.31e3 36.47e3 37.20e3 39.05e3 41.19e3 42.26e3 46.03e3 47.78e3 48.68e3 52.36e3 52.36e3 52.55e3 54.38e3 55.09e3 56.69e3 59.29e3 59.75e3 61.63e3 63.11e3 63.62e3 65.69e3 67.26e3 70.90e3 67.47e3 72.45e3 74.03e3 75.75e3 75.39e3 75.75e3 77.75e3 79.54e3 79.36e3 81.01e3 83.18e3 83.74e3 87.65e3 87.85e3 89.74e3 91.82e3 90.21e3 91.69e3 89.70e3 95.40e3 96.92e3 101.3e3 100.6e3 100.3e3 97.94e3 100.7e3 101.6e3 102.8e3 104.8e3 103.8e3 105.3e3 105.0e3 107.1e3 106.8e3 107.5e3 108.3e3 113.3e3 111.1e3 111.6e3 111.8e3 112.0e3 113.1e3 112.4e3 113.7e3 115.8e3 116.6e3 120.0e3 119.1e3 120.5e3 129.0e3 128.3e3 128.2e3 127.2e3 128.8e3 129.9e3 129.6e3 133.0e3 
   900.e6  4.258e3 7.559e3 9.750e3 12.40e3 15.22e3 18.09e3 20.70e3 23.30e3 24.76e3 25.79e3 28.07e3 30.45e3 34.07e3 36.24e3 36.86e3 38.71e3 41.01e3 42.26e3 45.62e3 47.59e3 48.43e3 52.43e3 52.03e3 52.28e3 54.30e3 55.13e3 56.67e3 59.33e3 59.67e3 61.71e3 63.03e3 63.70e3 65.57e3 67.17e3 72.07e3 68.39e3 72.46e3 74.02e3 75.48e3 75.77e3 76.12e3 78.03e3 79.58e3 79.53e3 81.34e3 83.42e3 84.03e3 87.78e3 87.66e3 89.88e3 92.05e3 90.52e3 92.81e3 90.90e3 95.94e3 97.54e3 101.8e3 101.4e3 100.6e3 98.53e3 101.1e3 102.2e3 103.3e3 105.3e3 104.5e3 106.4e3 105.6e3 107.6e3 107.7e3 108.2e3 109.3e3 114.0e3 111.9e3 112.9e3 112.5e3 113.4e3 114.4e3 113.4e3 115.2e3 117.1e3 118.1e3 120.6e3 120.5e3 121.7e3 131.3e3 130.3e3 129.7e3 128.4e3 130.1e3 131.2e3 131.0e3 134.5e3 
   1.00e9  4.196e3 7.423e3 9.641e3 12.22e3 14.99e3 17.85e3 20.56e3 23.22e3 24.48e3 25.71e3 27.75e3 30.27e3 33.74e3 35.91e3 36.46e3 38.30e3 40.75e3 42.08e3 45.14e3 47.32e3 48.10e3 52.29e3 51.60e3 51.94e3 54.09e3 55.07e3 56.51e3 59.22e3 59.42e3 61.60e3 62.76e3 63.64e3 65.26e3 66.88e3 72.93e3 69.05e3 72.30e3 73.83e3 75.00e3 75.99e3 76.29e3 78.07e3 79.37e3 79.50e3 81.46e3 83.38e3 84.10e3 87.62e3 87.20e3 89.79e3 91.95e3 90.60e3 93.69e3 91.86e3 96.24e3 97.91e3 102.1e3 101.9e3 100.7e3 98.87e3 101.3e3 102.7e3 103.6e3 105.5e3 104.9e3 107.2e3 105.9e3 108.0e3 108.2e3 108.4e3 110.2e3 114.3e3 112.3e3 113.7e3 112.8e3 114.5e3 115.2e3 114.1e3 116.3e3 118.2e3 119.1e3 120.9e3 121.5e3 122.4e3 132.7e3 131.7e3 130.6e3 129.0e3 131.0e3 132.0e3 131.9e3 135.4e3 
   1.10e9  4.140e3 7.289e3 9.531e3 12.04e3 14.77e3 17.60e3 20.38e3 23.09e3 24.21e3 25.60e3 27.41e3 30.07e3 33.36e3 35.52e3 36.02e3 37.86e3 40.43e3 41.75e3 44.61e3 47.01e3 47.73e3 52.01e3 51.10e3 51.57e3 53.80e3 54.93e3 56.26e3 59.00e3 59.07e3 61.35e3 62.36e3 63.49e3 64.82e3 66.47e3 73.48e3 69.49e3 72.01e3 73.52e3 74.39e3 76.08e3 76.32e3 77.95e3 78.99e3 79.34e3 81.42e3 83.14e3 84.01e3 87.27e3 86.59e3 89.55e3 91.62e3 90.52e3 94.37e3 92.60e3 96.34e3 98.08e3 102.1e3 102.1e3 100.6e3 99.03e3 101.3e3 102.9e3 103.7e3 105.5e3 105.1e3 107.8e3 105.9e3 108.1e3 108.5e3 108.4e3 110.8e3 114.3e3 112.2e3 114.1e3 112.9e3 115.3e3 115.7e3 114.5e3 117.1e3 118.9e3 119.8e3 120.8e3 122.2e3 122.7e3 133.7e3 132.8e3 131.1e3 129.4e3 131.5e3 132.4e3 132.5e3 136.0e3 
   1.20e9  4.087e3 7.155e3 9.420e3 11.86e3 14.56e3 17.33e3 20.17e3 22.92e3 23.93e3 25.48e3 27.05e3 29.84e3 32.95e3 35.09e3 35.58e3 37.40e3 40.08e3 41.33e3 44.05e3 46.65e3 47.32e3 51.61e3 50.57e3 51.19e3 53.44e3 54.74e3 55.96e3 58.69e3 58.64e3 60.99e3 61.86e3 63.26e3 64.30e3 65.96e3 73.78e3 69.73e3 71.64e3 73.13e3 73.71e3 76.05e3 76.24e3 77.70e3 78.48e3 79.08e3 81.26e3 82.75e3 83.79e3 86.77e3 85.91e3 89.22e3 91.12e3 90.34e3 94.84e3 93.12e3 96.30e3 98.11e3 101.9e3 102.1e3 100.4e3 99.07e3 101.2e3 103.1e3 103.7e3 105.3e3 105.2e3 108.1e3 105.9e3 108.1e3 108.6e3 108.2e3 111.2e3 114.2e3 111.9e3 114.3e3 112.8e3 115.8e3 115.9e3 114.7e3 117.7e3 119.3e3 120.3e3 120.6e3 122.7e3 122.8e3 134.1e3 133.5e3 131.2e3 129.4e3 131.7e3 132.6e3 132.8e3 136.2e3 
   1.30e9  4.032e3 7.022e3 9.309e3 11.69e3 14.35e3 17.07e3 19.93e3 22.71e3 23.66e3 25.34e3 26.70e3 29.59e3 32.51e3 34.64e3 35.12e3 36.93e3 39.71e3 40.85e3 43.49e3 46.27e3 46.89e3 51.12e3 50.03e3 50.79e3 53.05e3 54.49e3 55.60e3 58.31e3 58.17e3 60.56e3 61.29e3 62.97e3 63.73e3 65.40e3 73.83e3 69.81e3 71.22e3 72.70e3 72.99e3 75.92e3 76.05e3 77.36e3 77.90e3 78.76e3 81.01e3 82.24e3 83.49e3 86.16e3 85.21e3 88.82e3 90.51e3 90.06e3 95.14e3 93.43e3 96.14e3 98.00e3 101.6e3 101.9e3 100.1e3 98.99e3 100.9e3 103.0e3 103.5e3 104.9e3 105.1e3 108.2e3 105.7e3 108.1e3 108.5e3 107.9e3 111.5e3 113.9e3 111.4e3 114.3e3 112.5e3 116.2e3 116.0e3 114.9e3 118.1e3 119.6e3 120.6e3 120.3e3 123.0e3 122.7e3 134.1e3 133.9e3 131.1e3 129.3e3 131.7e3 132.6e3 132.8e3 136.2e3 
   1.40e9  3.975e3 6.890e3 9.197e3 11.53e3 14.16e3 16.81e3 19.67e3 22.47e3 23.39e3 25.17e3 26.34e3 29.32e3 32.07e3 34.18e3 34.66e3 36.46e3 39.34e3 40.33e3 42.91e3 45.86e3 46.44e3 50.56e3 49.49e3 50.39e3 52.63e3 54.20e3 55.21e3 57.89e3 57.66e3 60.08e3 60.67e3 62.64e3 63.11e3 64.79e3 73.67e3 69.75e3 70.75e3 72.22e3 72.24e3 75.70e3 75.79e3 76.95e3 77.25e3 78.39e3 80.68e3 81.63e3 83.11e3 85.49e3 84.52e3 88.37e3 89.83e3 89.73e3 95.26e3 93.55e3 95.89e3 97.79e3 101.2e3 101.6e3 99.74e3 98.84e3 100.6e3 102.9e3 103.3e3 104.5e3 104.9e3 108.2e3 105.5e3 107.9e3 108.4e3 107.6e3 111.6e3 113.5e3 110.7e3 114.1e3 112.2e3 116.3e3 115.9e3 114.9e3 118.2e3 119.7e3 120.7e3 119.9e3 123.2e3 122.4e3 133.9e3 134.0e3 130.8e3 129.1e3 131.5e3 132.4e3 132.7e3 135.9e3 
   1.50e9  3.915e3 6.758e3 9.084e3 11.36e3 13.98e3 16.56e3 19.40e3 22.21e3 23.12e3 24.99e3 25.98e3 29.04e3 31.63e3 33.72e3 34.21e3 35.99e3 38.97e3 39.81e3 42.35e3 45.44e3 45.99e3 49.96e3 48.96e3 49.99e3 52.18e3 53.87e3 54.80e3 57.42e3 57.14e3 59.55e3 60.02e3 62.28e3 62.47e3 64.16e3 73.33e3 69.57e3 70.26e3 71.72e3 71.49e3 75.40e3 75.46e3 76.48e3 76.57e3 77.98e3 80.30e3 80.96e3 82.68e3 84.77e3 83.86e3 87.88e3 89.08e3 89.34e3 95.21e3 93.50e3 95.55e3 97.49e3 100.7e3 101.2e3 99.34e3 98.62e3 100.2e3 102.7e3 103.0e3 104.0e3 104.7e3 108.0e3 105.2e3 107.7e3 108.1e3 107.2e3 111.6e3 113.0e3 109.9e3 113.8e3 111.9e3 116.3e3 115.6e3 114.8e3 118.2e3 119.6e3 120.6e3 119.4e3 123.1e3 122.1e3 133.3e3 133.9e3 130.3e3 128.7e3 131.1e3 132.0e3 132.4e3 135.5e3 
   1.60e9  3.851e3 6.627e3 8.970e3 11.20e3 13.80e3 16.31e3 19.11e3 21.93e3 22.84e3 24.78e3 25.63e3 28.75e3 31.19e3 33.25e3 33.76e3 35.53e3 38.61e3 39.29e3 41.79e3 45.01e3 45.54e3 49.33e3 48.43e3 49.59e3 51.73e3 53.51e3 54.37e3 56.92e3 56.60e3 59.00e3 59.35e3 61.88e3 61.83e3 63.51e3 72.84e3 69.29e3 69.74e3 71.20e3 70.74e3 75.02e3 75.07e3 75.97e3 75.86e3 77.55e3 79.85e3 80.24e3 82.21e3 84.02e3 83.24e3 87.37e3 88.31e3 88.91e3 95.02e3 93.29e3 95.13e3 97.10e3 100.1e3 100.6e3 98.90e3 98.34e3 99.82e3 102.4e3 102.6e3 103.5e3 104.4e3 107.8e3 104.9e3 107.4e3 107.7e3 106.7e3 111.4e3 112.5e3 109.1e3 113.4e3 111.5e3 116.1e3 115.3e3 114.6e3 118.1e3 119.4e3 120.5e3 119.0e3 122.9e3 121.7e3 132.6e3 133.5e3 129.7e3 128.3e3 130.7e3 131.6e3 132.0e3 135.0e3 
   1.70e9  3.783e3 6.498e3 8.855e3 11.05e3 13.63e3 16.07e3 18.82e3 21.64e3 22.57e3 24.56e3 25.29e3 28.44e3 30.75e3 32.80e3 33.32e3 35.07e3 38.25e3 38.78e3 41.24e3 44.56e3 45.09e3 48.68e3 47.92e3 49.19e3 51.25e3 53.11e3 53.92e3 56.40e3 56.06e3 58.43e3 58.67e3 61.46e3 61.17e3 62.86e3 72.22e3 68.93e3 69.21e3 70.67e3 70.01e3 74.57e3 74.64e3 75.44e3 75.14e3 77.09e3 79.37e3 79.48e3 81.70e3 83.25e3 82.65e3 86.84e3 87.51e3 88.45e3 94.69e3 92.94e3 94.66e3 96.63e3 99.46e3 100.0e3 98.43e3 98.00e3 99.36e3 102.0e3 102.2e3 102.9e3 104.0e3 107.4e3 104.5e3 107.0e3 107.3e3 106.2e3 111.2e3 111.9e3 108.2e3 112.9e3 111.1e3 115.9e3 114.9e3 114.3e3 117.8e3 119.1e3 120.2e3 118.5e3 122.7e3 121.2e3 131.7e3 133.0e3 129.0e3 127.8e3 130.1e3 131.1e3 131.4e3 134.3e3 
   1.80e9  3.713e3 6.369e3 8.739e3 10.90e3 13.47e3 15.84e3 18.53e3 21.34e3 22.29e3 24.32e3 24.95e3 28.13e3 30.32e3 32.35e3 32.89e3 34.62e3 37.89e3 38.30e3 40.70e3 44.10e3 44.63e3 48.03e3 47.43e3 48.79e3 50.78e3 52.69e3 53.45e3 55.85e3 55.52e3 57.85e3 57.99e3 61.02e3 60.52e3 62.21e3 71.49e3 68.51e3 68.67e3 70.13e3 69.29e3 74.07e3 74.16e3 74.88e3 74.41e3 76.61e3 78.85e3 78.69e3 81.16e3 82.47e3 82.10e3 86.28e3 86.70e3 87.95e3 94.23e3 92.48e3 94.13e3 96.10e3 98.78e3 99.37e3 97.93e3 97.62e3 98.86e3 101.5e3 101.7e3 102.3e3 103.5e3 106.9e3 104.1e3 106.5e3 106.8e3 105.7e3 110.7e3 111.3e3 107.3e3 112.3e3 110.6e3 115.5e3 114.4e3 114.0e3 117.4e3 118.7e3 119.8e3 118.0e3 122.3e3 120.7e3 130.7e3 132.3e3 128.2e3 127.2e3 129.5e3 130.5e3 130.8e3 133.6e3 
   2.00e9  3.566e3 6.118e3 8.505e3 10.62e3 13.15e3 15.41e3 17.93e3 20.71e3 21.72e3 23.81e3 24.30e3 27.50e3 29.49e3 31.47e3 32.05e3 33.74e3 37.20e3 37.44e3 39.66e3 43.17e3 43.72e3 46.71e3 46.47e3 47.99e3 49.80e3 51.78e3 52.49e3 54.70e3 54.45e3 56.66e3 56.63e3 60.08e3 59.23e3 60.91e3 69.78e3 67.50e3 67.56e3 69.03e3 67.90e3 72.90e3 73.09e3 73.71e3 72.96e3 75.61e3 77.70e3 77.06e3 80.00e3 80.91e3 81.09e3 85.12e3 85.07e3 86.89e3 92.98e3 91.24e3 92.93e3 94.88e3 97.31e3 97.90e3 96.84e3 96.71e3 97.77e3 100.4e3 100.6e3 101.0e3 102.5e3 105.7e3 103.1e3 105.5e3 105.7e3 104.7e3 109.6e3 110.0e3 105.5e3 111.0e3 109.6e3 114.4e3 113.3e3 113.0e3 116.3e3 117.6e3 118.7e3 117.0e3 121.2e3 119.5e3 128.3e3 130.6e3 126.5e3 125.9e3 128.1e3 129.1e3 129.3e3 131.9e3 
