# Z1 Z2 a b c d relerr(%)
 1  1  0.85154  0.34878  0.00857  0.45447  1.21741
 1  2  1.20900  0.00590 -0.07371  0.41927  3.38377
 1  3  0.89538  0.04348  0.00379  0.11643  1.90694
 1  4  1.00532  0.05280  0.01051  0.15603  1.34543
 1  5  1.05260  0.06359  0.00969  0.20753  1.03412
 1  6  1.06698  0.07338  0.00722  0.25839  0.72691
 1  7  1.07634  0.08062  0.00634  0.30716  0.63351
 1  8  1.08096  0.08752  0.00648  0.35423  0.66772
 1  9  1.08081  0.09237  0.00539  0.40313  0.72137
 1 10  1.93413  0.00477 -0.09599  0.89304  2.91361
 1 11  1.37212  0.00875 -0.10723  0.55717  3.25615
 1 12  1.08940  0.01028 -0.06026  0.30039  3.22359
 1 13  1.02054  0.01520 -0.03306  0.23643  2.85543
 1 14  0.99040  0.02094 -0.01513  0.20991  2.43171
 1 15  0.98774  0.02448 -0.00838  0.20550  2.21225
 1 16  0.97866  0.02813 -0.00129  0.19959  2.02407
 1 17  0.97279  0.03110  0.00298  0.19984  1.75861
 1 18  1.18680  0.02587  0.12103  0.22044  1.92565
 1 19  1.18266  0.00752 -0.04856  0.28410  1.07990
 1 20  1.16838  0.01164 -0.02682  0.28469  1.02832
 1 21  1.16587  0.01626 -0.01317  0.30061  1.01580
 1 22  1.17421  0.01750 -0.01406  0.32241  0.93228
 1 23  1.18157  0.01871 -0.01383  0.34290  0.88894
 1 24  1.18794  0.01971 -0.01409  0.36305  0.85409
 1 25  1.20011  0.02059 -0.01485  0.38892  0.84186
 1 26  1.20878  0.02131 -0.01564  0.41317  0.84633
 1 27  1.21296  0.02212 -0.01535  0.43329  0.86676
 1 28  1.21054  0.02190 -0.01742  0.44758  0.85560
 1 29  1.21663  0.02014 -0.02206  0.46212  0.77124
 1 30  1.23095  0.01103 -0.04120  0.45062  0.72821
 1 31  1.17193  0.00903 -0.06176  0.41683  1.15605
 1 32  1.10913  0.01029 -0.05451  0.37369  1.45068
 1 33  1.07378  0.01111 -0.04871  0.34849  1.48277
 1 34  1.04210  0.01210 -0.04221  0.32510  1.55056
 1 35  1.01868  0.01325 -0.03474  0.30567  1.51325
 1 36  1.05950  0.00943  0.05406  0.24305  1.64745
 1 37  1.06209  0.00321 -0.07850  0.27437  1.31311
 1 38  1.02370  0.00573 -0.03955  0.24354  1.42427
 1 39  1.00410  0.00853 -0.02177  0.23596  1.41030
 1 40  0.99419  0.01010 -0.01344  0.23071  1.41161
 1 41  0.98872  0.01138 -0.00802  0.22909  1.39209
 1 42  0.98422  0.01271 -0.00232  0.22839  1.39090
 1 43  0.99504  0.01378 -0.00027  0.23744  1.79572
 1 44  0.99229  0.01507  0.00522  0.23791  1.74869
 1 45  0.98962  0.01597  0.00835  0.23899  1.71892
 1 46  0.99583  0.01632  0.01408  0.24174  1.70709
 1 47  1.01002  0.01519  0.01490  0.24924  1.69813
 1 48  1.04056  0.01076  0.01111  0.25754  1.60108
 1 49  1.03762  0.00807 -0.01887  0.26362  1.38772
 1 50  1.01785  0.00776 -0.03014  0.25479  1.26193
 1 51  0.99272  0.00881 -0.02063  0.23256  1.25485
 1 52  0.97922  0.00924 -0.01832  0.22271  1.23656
 1 53  0.96813  0.00975 -0.01508  0.21382  1.25783
 1 54  0.98443  0.01081  0.08229  0.15971  1.48007
 1 55  1.01971  0.00538 -0.00376  0.20558  1.45912
 1 56  0.98935  0.00767 -0.00118  0.20008  1.22470
 1 57  0.96486  0.00852  0.01069  0.16806  1.47915
 1 58  1.09472  0.00476 -0.01599  0.27570  1.77087
 1 59  1.10651  0.00454 -0.02083  0.29058  1.78724
 1 60  1.11846  0.00426 -0.02710  0.30583  1.81612
 1 61  1.13001  0.00394 -0.03490  0.32124  1.84667
 1 62  1.14087  0.00363 -0.04274  0.33626  1.86347
 1 63  1.15090  0.00332 -0.05120  0.35097  1.87436
 1 64  1.06912  0.00723 -0.00658  0.30484  0.96690
 1 65  1.16870  0.00278 -0.06822  0.37888  1.91402
 1 66  1.17620  0.00254 -0.07647  0.39168  1.94481
 1 67  1.18149  0.00235 -0.08420  0.40283  1.96157
 1 68  1.18113  0.00222 -0.08909  0.40932  1.91825
 1 69  1.16463  0.00209 -0.09439  0.40262  1.63134
 1 70  1.10529  0.00112 -0.14760  0.35608  1.41540
 1 71  1.04222  0.00548 -0.04152  0.31973  0.61456
 1 72  1.02348  0.00644 -0.03468  0.31329  0.63103
 1 73  1.01039  0.00687 -0.03300  0.30686  0.66221
 1 74  0.99761  0.00746 -0.02864  0.29950  0.69953
 1 75  0.98630  0.00815 -0.02301  0.29234  0.74990
 1 76  0.97668  0.00892 -0.01672  0.28598  0.80036
 1 77  0.96824  0.00941 -0.01316  0.28072  0.83520
 1 78  0.96556  0.00964 -0.00501  0.27373  0.89006
 1 79  0.96773  0.00906 -0.00254  0.27079  0.93786
 1 80  0.97867  0.00682  0.00072  0.26440  1.04038
 1 81  0.97902  0.00491 -0.03074  0.26991  1.00125
 1 82  0.96014  0.00443 -0.04641  0.25791  1.05996
 1 83  0.94299  0.00478 -0.04269  0.24514  1.22798
 1 84  0.93137  0.00491 -0.04210  0.23597  1.33995
 1 85  0.91914  0.00519 -0.03808  0.22551  1.41837
 1 86  0.91236  0.00524  0.03997  0.17302  1.74208
 1 87  0.93754  0.00240 -0.02327  0.19461  1.56092
 1 88  0.89360  0.00373 -0.02593  0.17564  1.68546
 1 89  0.89002  0.00447 -0.01414  0.16997  1.70800
 1 90  0.88391  0.00514 -0.00613  0.16396  1.72213
 1 91  0.91689  0.00748  0.01125  0.20423  1.37339
 1 92  0.91787  0.00818  0.01754  0.20711  1.33707
 2  2  1.14661  0.02912  0.07110  0.12811  1.77267
 2  3  1.32691  0.65816  0.42183 -0.52327  1.51089
 2  4  2.20567  0.00145 -0.16721  0.62939  2.95440
 2  5  2.30463  0.13575  0.26072  0.52764  3.33624
 2  6  1.81724  0.22937  0.28735  0.31015  1.57994
 2  7  1.59848  0.20629  0.25592  0.36714  2.02728
 2  8  1.73333  0.09198  0.05981  0.64012  1.78325
 2  9  1.74474  0.01921  0.05258  0.65861  1.80074
 2 10  1.16050  0.00887  0.00581  0.26173  2.78677
 2 11  1.14484  0.04332  0.21452  0.13039  2.03840
 2 12  1.10382  0.12016  0.33804  0.01212  2.40585
 2 13  1.13801  0.05724  0.23560  0.09479  1.79204
 2 14  1.16012  0.09649  0.26752  0.04827  1.26853
 2 15  1.96169  0.39362  0.35914 -0.01345  2.07451
 2 16  1.75857  0.91186  0.42579 -0.54958  2.28307
 2 17  1.33569  0.02233  0.14672  0.26812  1.78355
 2 18  1.24253  0.00493 -0.00244  0.23416  1.29622
 2 19  1.31103  0.01179  0.10970  0.21150  2.54661
 2 20  1.10839  0.31542  0.42125 -0.21091  2.35550
 2 21  1.05992  0.27258  0.38579 -0.20119  3.04006
 2 22  1.05816  0.22869  0.35908 -0.15196  2.50549
 2 23  1.13768  0.11548  0.28652  0.02738  1.69418
 2 24  1.24261  0.05182  0.19253  0.17998  1.07487
 2 25  1.27910  0.05847  0.19221  0.19777  0.77152
 2 26  1.25404  0.04759  0.15580  0.24109  0.85226
 2 27  1.26409  0.05070  0.15005  0.25861  0.74930
 2 28  1.21447  0.04556  0.13950  0.26031  0.85493
 2 29  1.31197  0.02209  0.10365  0.33524  1.73353
 2 30  1.45282  0.01427  0.13260  0.40711  2.81251
 2 31  1.30880  0.01002  0.07564  0.33844  2.41565
 2 32  1.13749  0.03228  0.18583  0.20232  2.39548
 2 33  0.98906  0.16501  0.33976 -0.05105  2.65793
 2 34  1.13830  0.03944  0.21226  0.19593  6.85799
 2 35  1.22795  0.01383  0.13742  0.27337  2.92695
 2 36  1.11884  0.00228 -0.03212  0.23200  1.91902
 2 37  1.09074  0.00745  0.10109  0.17554  2.21709
 2 38  1.12260  0.05059  0.31560  0.12420  4.28936
 2 39  1.03525  0.03487  0.22196  0.09654  2.58401
 2 40  1.03116  0.03858  0.20937  0.08491  2.12464
 2 41  1.01962  0.03849  0.18356  0.09885  1.97042
 2 42  1.08070  0.01081  0.03662  0.21745  1.66697
 2 43  1.09527  0.01408  0.05357  0.22398  2.27174
 2 44  1.07507  0.01273  0.03755  0.22622  1.61339
 2 45  1.07302  0.01476  0.05536  0.22327  1.61810
 2 46  1.07311  0.01580  0.06984  0.21621  1.56004
 2 47  1.07366  0.02577  0.17559  0.15467  1.64693
 2 48  1.09827  0.02128  0.18636  0.16921  1.86689
 2 49  1.07996  0.01626  0.14905  0.16447  1.52034
 2 50  1.04286  0.03336  0.21196  0.10812  2.49310
 2 51  0.93108  0.15469  0.35175 -0.10527  2.64869
 2 52  0.86009  0.68993  0.44574 -0.70210  2.88277
 2 53  1.11465  0.02382  0.20591  0.15168  3.10260
 2 54  1.10819  0.00433  0.05449  0.18466  1.82861
 2 55  1.09821  0.00693  0.10573  0.17042  1.32849
 2 56  1.07419  0.01366  0.15920  0.14199  1.57632
 2 57  1.07141  0.00834  0.07339  0.15973  1.90921
 2 58  1.14570  0.00676  0.12152  0.21530  1.18281
 2 59  1.15633  0.00553  0.10102  0.23081  1.07939
 2 60  1.16442  0.00470  0.08395  0.24364  1.01125
 2 61  1.17074  0.00419  0.07179  0.25450  0.96621
 2 62  1.17566  0.00377  0.06045  0.26441  0.93611
 2 63  1.18186  0.00323  0.04585  0.27535  0.90615
 2 64  1.13812  0.01816  0.20793  0.22813  1.34501
 2 65  1.18211  0.00285  0.03195  0.28830  0.91858
 2 66  1.17793  0.00273  0.02704  0.29201  0.96548
 2 67  1.17153  0.00273  0.02625  0.29316  1.01308
 2 68  1.15857  0.00290  0.03076  0.28893  1.09689
 2 69  1.13975  0.00334  0.04197  0.27758  1.21099
 2 70  1.11399  0.00444  0.08079  0.25873  1.36293
 2 71  1.07204  0.01401  0.15352  0.20689  1.90400
 2 72  1.06553  0.01554  0.13439  0.19845  2.67919
 2 73  1.01252  0.01957  0.13628  0.17969  2.36359
 2 74  1.07178  0.00582 -0.00132  0.27919  1.16180
 2 75  1.05711  0.00724  0.01283  0.27344  1.26081
 2 76  1.03717  0.00862  0.02756  0.26215  1.11339
 2 77  1.03163  0.00934  0.03935  0.25413  1.12824
 2 78  1.03255  0.00940  0.05049  0.24615  1.14959
 2 79  1.03859  0.01060  0.11826  0.20869  1.40280
 2 80  1.04389  0.00696  0.10171  0.21423  1.69391
 2 81  1.02702  0.00649  0.08803  0.20011  1.58500
 2 82  1.02972  0.01089  0.12957  0.17812  3.29288
 2 83  0.97204  0.02797  0.22303  0.11870  3.31689
 2 84  0.93822  0.05910  0.29681  0.05808  3.53278
 2 85  1.06416  0.00725  0.11532  0.19484  3.80819
 2 86  1.02983  0.00235  0.02651  0.18928  2.58539
 2 87  0.99452  0.00425  0.09202  0.14949  2.24631
 2 88  0.95572  0.00911  0.14384  0.11379  2.22387
 2 89  0.99156  0.00435  0.04222  0.16600  2.62954
 2 90  0.98222  0.00548  0.05422  0.16069  2.65495
 2 91  1.01015  0.00965  0.11535  0.18178  1.64591
 2 92  1.01289  0.01060  0.12552  0.18052  1.58077
 3  3  1.98453  0.00201 -0.18801  0.56530  3.68938
 3  4  1.61446  0.00321 -0.12111  0.40915  3.37188
 3  5  1.77416  0.00663 -0.10490  0.56941  2.59506
 3  6  1.66459  0.01077 -0.07555  0.60331  1.78202
 3  7  1.88513  0.01699 -0.06008  0.78912  2.48392
 3  8  1.53208  0.01316 -0.08001  0.60746  2.43867
 3  9  1.22348  0.01441 -0.05636  0.38817  2.58631
 3 10  1.21737  0.03020  0.11611  0.22081  1.31956
 3 11  1.46168  0.00490 -0.02939  0.40402  2.02612
 3 12  1.44998  0.00110 -0.11970  0.36943  1.71587
 3 13  1.39335  0.00356 -0.05895  0.35323  1.81792
 3 14  1.39289  0.00523 -0.04829  0.36484  1.63444
 3 15  1.42247  0.00670 -0.04385  0.39283  1.52315
 3 16  1.33726  0.00707 -0.04741  0.34961  1.15364
 3 17  1.27782  0.00585 -0.07126  0.31937  1.04954
 3 18  1.28638  0.01060  0.06308  0.22760  2.37128
 3 19  1.43536  0.00413  0.02274  0.31965  2.43527
 3 20  1.45099  0.00275 -0.01589  0.34639  2.39919
 3 21  1.30922  0.01564  0.10018  0.27251  1.58869
 3 22  1.30879  0.01863  0.09734  0.28978  1.45823
 3 23  1.29148  0.02280  0.10271  0.29026  1.24197
 3 24  1.26513  0.02633  0.10531  0.28306  1.10164
 3 25  1.24826  0.02603  0.09143  0.28916  0.93883
 3 26  1.24658  0.02295  0.07092  0.31060  0.87905
 3 27  1.26178  0.02008  0.05447  0.34318  0.77913
 3 28  1.27226  0.01847  0.05023  0.36079  0.88358
 3 29  1.29193  0.01055  0.00914  0.38532  0.81074
 3 30  1.43497  0.00537  0.03940  0.42463  1.77685
 3 31  1.31106  0.00559  0.01165  0.37778  1.27637
 3 32  1.34232  0.00448 -0.02816  0.40213  1.79975
 3 33  1.31493  0.00458 -0.03622  0.39461  1.72531
 3 34  1.23084  0.00436 -0.04667  0.34528  1.14972
 3 35  1.19587  0.00315 -0.08348  0.32139  1.32185
 3 36  1.12928  0.00548  0.04445  0.21575  1.78604
 3 37  1.14155  0.01464  0.18721  0.20384  2.18911
 3 38  1.15211  0.01834  0.21875  0.20134  2.53414
 3 39  1.09755  0.01659  0.13958  0.18378  1.79135
 3 40  1.08750  0.01750  0.12346  0.18374  1.73327
 3 41  1.08337  0.01593  0.09568  0.19060  1.57603
 3 42  1.07760  0.01455  0.07168  0.19730  1.48614
 3 43  1.08547  0.01305  0.05127  0.21483  1.45535
 3 44  1.08401  0.01430  0.05905  0.21737  1.43335
 3 45  1.08993  0.01467  0.06131  0.22305  1.41363
 3 46  1.10365  0.01246  0.05554  0.23206  1.37771
 3 47  1.11156  0.00984  0.04969  0.23257  1.31891
 3 48  1.10299  0.02317  0.19647  0.17472  1.64517
 3 49  1.11935  0.01249  0.11918  0.21012  1.63641
 3 50  1.12821  0.00960  0.08413  0.22334  1.79766
 3 51  1.13212  0.00836  0.06296  0.22795  2.01048
 3 52  1.12405  0.00701  0.03929  0.22498  1.89001
 3 53  1.12036  0.00508  0.00340  0.22608  1.70465
 3 54  1.11115  0.00664  0.09296  0.17222  1.70951
 3 55  1.07001  0.03952  0.28961  0.11272  1.73379
 3 56  1.10256  0.00938  0.11098  0.18492  1.31961
 3 57  1.07289  0.01291  0.12041  0.14635  1.66224
 3 58  1.16001  0.01988  0.23942  0.21620  1.75265
 3 59  1.16625  0.01895  0.22890  0.22805  1.51860
 3 60  1.16429  0.02151  0.23721  0.22931  1.55505
 3 61  1.16307  0.02360  0.24331  0.23163  1.60780
 3 62  1.16276  0.02509  0.24715  0.23520  1.67317
 3 63  1.16261  0.02514  0.24558  0.24085  1.63718
 3 64  1.08416  0.08568  0.33806  0.11761  1.61904
 3 65  1.16074  0.02580  0.24579  0.24950  1.59307
 3 66  1.15731  0.02604  0.24558  0.25188  1.58409
 3 67  1.15313  0.02562  0.24312  0.25419  1.59094
 3 68  1.15113  0.02339  0.23388  0.25952  1.56472
 3 69  1.15282  0.01741  0.20546  0.27095  1.39324
 3 70  1.17987  0.00883  0.19292  0.29662  1.44579
 3 71  1.11484  0.01459  0.14414  0.24728  1.30648
 3 72  1.08825  0.01244  0.10756  0.24598  1.29037
 3 73  1.07933  0.01098  0.07963  0.24834  1.26524
 3 74  1.07357  0.00945  0.05173  0.25314  1.21235
 3 75  1.07771  0.00783  0.02608  0.26726  1.06199
 3 76  1.06904  0.00920  0.04281  0.26164  1.05707
 3 77  1.06667  0.00933  0.04501  0.26069  1.06281
 3 78  1.07314  0.00728  0.03310  0.26507  1.05790
 3 79  1.06813  0.00542  0.01988  0.25784  1.12341
 3 80  1.05219  0.01046  0.13913  0.21142  1.51866
 3 81  1.05236  0.00760  0.09640  0.22256  1.41498
 3 82  1.04392  0.00668  0.07804  0.21900  1.55734
 3 83  1.04488  0.00580  0.05924  0.22255  1.62923
 3 84  1.03842  0.00508  0.04140  0.21892  1.67601
 3 85  1.03643  0.00362  0.00553  0.22013  1.57707
 3 86  1.04690  0.00308  0.04997  0.18877  2.27338
 3 87  0.97883  0.02936  0.28563  0.11154  2.14578
 3 88  1.01546  0.00444  0.05970  0.17323  2.12485
 3 89  1.00370  0.00597  0.07706  0.16681  2.05737
 3 90  0.99880  0.00638  0.07249  0.16613  2.03659
 3 91  1.07952  0.00701  0.06951  0.23442  2.21691
 3 92  1.07278  0.00822  0.08205  0.23295  2.21489
 4  4  1.50441  0.00560  0.03340  0.32019  2.40611
 4  5  1.52503  0.00715 -0.08152  0.44926  2.74419
 4  6  1.58880  0.01186 -0.07378  0.56425  2.27500
 4  7  1.34519  0.01673 -0.05311  0.44993  2.23306
 4  8  1.21988  0.01965 -0.04134  0.37510  2.22713
 4  9  1.14397  0.02293 -0.01473  0.29493  2.08388
 4 10  1.16371  0.30874  0.37599 -0.16257  1.54117
 4 11  1.62138  0.00117 -0.13587  0.47840  2.40993
 4 12  1.44125  0.00052 -0.14378  0.34250  0.82711
 4 13  1.36054  0.00298 -0.07162  0.32645  0.92503
 4 14  1.35433  0.00515 -0.05350  0.34031  1.29654
 4 15  1.33847  0.00645 -0.05661  0.34503  1.03142
 4 16  1.29838  0.00729 -0.06080  0.33273  0.93141
 4 17  1.23469  0.00842 -0.03754  0.27852  1.19275
 4 18  1.25743  0.02265  0.18079  0.18485  1.49962
 4 19  1.38762  0.00626  0.07993  0.29118  1.89810
 4 20  1.48059  0.00414  0.03978  0.33659  2.03542
 4 21  1.33631  0.01841  0.10686  0.28208  1.83440
 4 22  1.30316  0.02584  0.11773  0.27264  1.60658
 4 23  1.28697  0.02386  0.09237  0.28519  1.43444
 4 24  1.29649  0.02050  0.06426  0.31454  1.42250
 4 25  1.28765  0.01871  0.04974  0.33362  1.07155
 4 26  1.29575  0.01679  0.03402  0.35865  0.96782
 4 27  1.30380  0.01539  0.02270  0.37807  0.97446
 4 28  1.25652  0.01557  0.02733  0.34821  0.91902
 4 29  1.30929  0.01160  0.03236  0.37093  1.24618
 4 30  1.40032  0.00701  0.07991  0.38882  1.53647
 4 31  1.36345  0.00345 -0.03834  0.39399  1.32745
 4 32  1.31986  0.00401 -0.04565  0.38131  1.29757
 4 33  1.28085  0.00472 -0.04595  0.36349  1.35755
 4 34  1.23073  0.00486 -0.05458  0.33791  1.21542
 4 35  1.18583  0.00463 -0.04806  0.29629  1.31101
 4 36  1.30709  0.00559  0.07434  0.27871  3.33655
 4 37  1.24898  0.00622  0.10616  0.25881  2.53973
 4 38  1.22295  0.00975  0.16591  0.22140  2.13522
 4 39  1.12987  0.01561  0.12455  0.20134  1.79416
 4 40  1.12426  0.01786  0.11475  0.20103  2.10617
 4 41  1.10703  0.01594  0.08888  0.20362  1.60824
 4 42  1.11127  0.01401  0.06650  0.21836  1.43625
 4 43  1.12360  0.01324  0.05543  0.23389  1.45091
 4 44  1.12738  0.01236  0.04437  0.24315  1.40101
 4 45  1.12098  0.01189  0.03940  0.24098  1.30848
 4 46  1.10789  0.01095  0.03516  0.23083  1.21991
 4 47  1.11493  0.01431  0.09664  0.20722  1.46531
 4 48  1.14464  0.03060  0.23377  0.16861  2.22053
 4 49  1.19150  0.00805  0.07578  0.24231  2.07593
 4 50  1.17951  0.00666  0.04096  0.24650  1.97705
 4 51  1.13414  0.00793  0.04757  0.22374  1.58700
 4 52  1.14736  0.00639  0.01468  0.23457  1.83655
 4 53  1.14637  0.00476 -0.00375  0.23034  1.76405
 4 54  1.19369  0.00807  0.13945  0.20043  2.68262
 4 55  1.34425  0.00349  0.05002  0.27972  3.50332
 4 56  1.13149  0.01259  0.13930  0.19536  1.46683
 4 57  1.09185  0.01512  0.13392  0.15166  1.65446
 4 58  1.25506  0.02467  0.26059  0.24198  2.75472
 4 59  1.25203  0.02487  0.25353  0.24510  2.65940
 4 60  1.24428  0.03222  0.27187  0.23490  2.64784
 4 61  1.09283  0.11475  0.36932  0.06791  1.59631
 4 62  1.07268  0.16250  0.39187  0.00884  1.71427
 4 63  1.05950  0.21222  0.40796 -0.04744  1.83540
 4 64  1.21643  0.02897  0.22231  0.23988  2.59641
 4 65  1.04154  0.32574  0.43157 -0.16737  1.98047
 4 66  1.04893  0.28254  0.42528 -0.11386  1.92035
 4 67  1.06394  0.21132  0.41086 -0.02634  1.80248
 4 68  1.08164  0.14478  0.38915  0.05810  1.65116
 4 69  1.11559  0.06381  0.33319  0.17017  1.38189
 4 70  1.39328  0.00001 -0.40063  0.40296  2.48770
 4 71  1.13460  0.01591  0.14164  0.24362  1.20084
 4 72  1.09093  0.01678  0.12625  0.23097  1.36031
 4 73  1.09746  0.01200  0.08079  0.25093  1.17914
 4 74  1.10196  0.00989  0.05496  0.26461  1.02626
 4 75  1.10462  0.00928  0.04562  0.27217  1.02743
 4 76  1.10622  0.00853  0.03486  0.27797  0.99518
 4 77  1.09715  0.00773  0.02464  0.27325  0.97865
 4 78  1.08505  0.00673  0.01614  0.26247  1.04490
 4 79  1.07376  0.00841  0.06667  0.23428  1.26323
 4 80  1.06660  0.01733  0.19488  0.18956  1.77976
 4 81  1.20118  0.00483  0.04797  0.28181  3.19116
 4 82  1.17028  0.00424  0.02351  0.27291  3.00806
 4 83  1.12293  0.00383  0.00475  0.25743  2.32919
 4 84  1.10384  0.00370 -0.00702  0.24867  2.14338
 4 85  1.10627  0.00257 -0.02962  0.24653  2.17304
 4 86  1.14488  0.00382  0.09785  0.22266  3.15092
 4 87  1.12140  0.00569  0.15225  0.20534  2.88787
 4 88  1.02813  0.00807  0.12113  0.17001  1.68579
 4 89  1.03183  0.00703  0.09227  0.17649  1.68492
 4 90  1.02809  0.00697  0.08044  0.17718  1.67037
 4 91  1.04493  0.01051  0.09378  0.19721  1.58568
 4 92  1.05138  0.00949  0.07934  0.20660  1.59856
 5  5  1.50139  0.01075 -0.07834  0.50268  2.50527
 5  6  1.32639  0.01824 -0.04249  0.41767  2.11613
 5  7  1.20847  0.02278 -0.03137  0.35831  2.02339
 5  8  1.14002  0.02775 -0.01643  0.30533  1.84342
 5  9  1.14522  0.03018  0.00037  0.28327  1.64582
 5 10  0.75312  0.13073  0.32217 -0.08426  2.27660
 5 11  1.58382  0.00412 -0.05755  0.47045  1.98719
 5 12  1.42664  0.00323 -0.07133  0.36850  0.89392
 5 13  1.36318  0.00509 -0.06111  0.35004  0.73389
 5 14  1.34299  0.00731 -0.04921  0.34882  0.99665
 5 15  1.30048  0.00963 -0.03863  0.32985  0.63885
 5 16  1.25524  0.00952 -0.04438  0.30484  0.96820
 5 17  1.22214  0.01020 -0.02832  0.27182  1.34286
 5 18  1.26731  0.02238  0.13281  0.19950  1.89599
 5 19  1.33793  0.01591  0.10451  0.26454  1.91097
 5 20  1.32524  0.01772  0.09299  0.27316  1.73593
 5 21  1.27425  0.01905  0.05521  0.27330  1.57098
 5 22  1.25857  0.01568  0.01987  0.30067  0.99210
 5 23  1.25518  0.01584  0.01573  0.31234  0.90640
 5 24  1.26029  0.01543  0.00887  0.33070  0.83784
 5 25  1.26491  0.01513  0.00298  0.34701  0.77861
 5 26  1.26003  0.01600  0.00812  0.35013  0.81580
 5 27  1.24648  0.01705  0.01666  0.34255  0.94664
 5 28  1.29164  0.01543  0.01340  0.36799  1.38832
 5 29  1.31633  0.01320  0.02846  0.36937  1.49402
 5 30  1.35365  0.00811  0.02291  0.37935  1.34870
 5 31  1.33615  0.00571 -0.02683  0.38818  1.27542
 5 32  1.28675  0.00642 -0.02717  0.36239  1.14429
 5 33  1.24627  0.00734 -0.02353  0.33937  1.10030
 5 34  1.21272  0.00605 -0.04337  0.32016  1.12509
 5 35  1.17969  0.00595 -0.03331  0.28573  1.30037
 5 36  1.15360  0.01117  0.09677  0.20871  1.64285
 5 37  1.15243  0.01263  0.11266  0.21001  1.57621
 5 38  1.14493  0.01450  0.11290  0.20641  1.63627
 5 39  1.13212  0.01186  0.05434  0.22353  1.41906
 5 40  1.14382  0.00935  0.01486  0.24881  1.34830
 5 41  1.14363  0.00950  0.01048  0.25329  1.31387
 5 42  1.14344  0.00951  0.00539  0.25886  1.28580
 5 43  1.14222  0.00965  0.00203  0.26204  1.22872
 5 44  1.13086  0.01036  0.00757  0.25464  1.16865
 5 45  1.11092  0.01130  0.01603  0.23897  1.16374
 5 46  1.11414  0.01272  0.04260  0.22592  1.30119
 5 47  1.12513  0.01526  0.09015  0.20879  1.47417
 5 48  1.17748  0.01386  0.11048  0.22323  2.04646
 5 49  1.19153  0.00858  0.05174  0.25023  1.93679
 5 50  1.17883  0.00764  0.03030  0.24861  1.79357
 5 51  1.13722  0.00900  0.04115  0.22542  1.38306
 5 52  1.16388  0.00559 -0.00773  0.24557  1.69675
 5 53  1.15431  0.00487 -0.00895  0.23263  1.68522
 5 54  1.12902  0.00710  0.07338  0.18443  1.59343
 5 55  1.16317  0.00552  0.03700  0.22433  1.20558
 5 56  1.15788  0.00669  0.03173  0.23663  1.03300
 5 57  1.12023  0.00867  0.04771  0.19204  1.52273
 5 58  1.11097  0.03127  0.20801  0.16232  1.48328
 5 59  1.12237  0.02478  0.18140  0.18275  1.32061
 5 60  1.11622  0.02706  0.18863  0.17922  1.39675
 5 61  1.10743  0.03085  0.20086  0.17211  1.48324
 5 62  1.09953  0.03493  0.21312  0.16540  1.54288
 5 63  1.09343  0.03850  0.22320  0.16063  1.57784
 5 64  1.18364  0.00725  0.01450  0.29307  0.86242
 5 65  1.09786  0.03857  0.22704  0.17161  1.54269
 5 66  1.10158  0.03744  0.22636  0.17918  1.51354
 5 67  1.11033  0.03445  0.22117  0.19209  1.43624
 5 68  1.12859  0.02761  0.20406  0.21606  1.24360
 5 69  1.15930  0.01797  0.17098  0.25202  1.04704
 5 70  1.31124  0.00453  0.06824  0.35288  2.19542
 5 71  1.15427  0.01122  0.06523  0.27071  0.94000
 5 72  1.13752  0.00829  0.02383  0.28703  0.85195
 5 73  1.13537  0.00780  0.01416  0.29091  0.85438
 5 74  1.13281  0.00734  0.00477  0.29397  0.87001
 5 75  1.13019  0.00704 -0.00215  0.29592  0.88234
 5 76  1.11748  0.00718 -0.00156  0.28738  0.91987
 5 77  1.09913  0.00739  0.00139  0.27324  0.95985
 5 78  1.09121  0.00840  0.02825  0.25432  1.05835
 5 79  1.08654  0.01043  0.07699  0.23058  1.23378
 5 80  1.09293  0.01124  0.11316  0.22034  1.37110
 5 81  1.20205  0.00563  0.03315  0.28640  2.73387
 5 82  1.13499  0.00515  0.02095  0.25910  1.95581
 5 83  1.08874  0.00637  0.03849  0.23464  1.31082
 5 84  1.11569  0.00363 -0.01621  0.25426  1.72940
 5 85  1.11439  0.00282 -0.02771  0.24671  1.82457
 5 86  1.09659  0.00297  0.01639  0.21321  1.77821
 5 87  1.07161  0.00667  0.10976  0.18635  1.79711
 5 88  1.06896  0.00422  0.02438  0.20722  1.64437
 5 89  1.07401  0.00428  0.01301  0.21303  1.64638
 5 90  1.09584  0.00337 -0.01878  0.22845  1.94022
 5 91  1.10528  0.00614  0.01422  0.25040  1.78480
 5 92  1.15690  0.00634  0.01150  0.27515  2.51728
 6  6  1.23893  0.02336 -0.03370  0.37606  1.98522
 6  7  1.15369  0.02987 -0.01635  0.31651  1.72663
 6  8  1.12194  0.03500 -0.00443  0.28623  1.55739
 6  9  1.17631  0.03240  0.01203  0.29247  1.25551
 6 10  1.16437  0.10205  0.26472  0.08763  1.14520
 6 11  1.56224  0.00736 -0.02428  0.46319  1.79433
 6 12  1.45773  0.00590 -0.04665  0.40044  0.75085
 6 13  1.37884  0.00772 -0.04367  0.36973  0.68739
 6 14  1.32071  0.01037 -0.03412  0.34457  0.55310
 6 15  1.28275  0.01024 -0.04529  0.32675  0.92547
 6 16  1.23709  0.01129 -0.03765  0.29661  1.32373
 6 17  1.22530  0.01219 -0.01590  0.27282  1.36233
 6 18  1.28017  0.01841  0.07993  0.23419  1.73999
 6 19  1.28701  0.01909  0.08228  0.24754  1.70185
 6 20  1.27278  0.01967  0.05968  0.26080  1.61094
 6 21  1.24879  0.01613  0.01795  0.28684  1.10814
 6 22  1.25586  0.01501  0.00114  0.31138  0.97697
 6 23  1.24853  0.01522 -0.00218  0.32034  0.91943
 6 24  1.24092  0.01609  0.00141  0.32475  0.92476
 6 25  1.24390  0.01703  0.00610  0.33189  0.91452
 6 26  1.23964  0.01808  0.01301  0.33243  0.96334
 6 27  1.26767  0.01798  0.01357  0.34997  1.34862
 6 28  1.28389  0.01681  0.02163  0.35725  1.30303
 6 29  1.30759  0.01428  0.02875  0.36145  1.44565
 6 30  1.33000  0.01019  0.02019  0.37002  1.27766
 6 31  1.29652  0.00871 -0.00366  0.35958  1.01448
 6 32  1.26791  0.00909 -0.00883  0.34724  1.06133
 6 33  1.23601  0.00735 -0.03407  0.33365  0.97897
 6 34  1.19762  0.00709 -0.03685  0.30661  1.07534
 6 35  1.18643  0.00738 -0.01667  0.28048  1.20558
 6 36  1.16391  0.01141  0.07080  0.22130  1.45923
 6 37  1.16176  0.01103  0.06388  0.22433  1.39609
 6 38  1.14884  0.01281  0.06382  0.22161  1.39023
 6 39  1.15792  0.00953  0.01302  0.25165  1.25056
 6 40  1.15629  0.00896 -0.00299  0.25981  1.21956
 6 41  1.15128  0.00924 -0.00559  0.26104  1.18472
 6 42  1.14547  0.00993 -0.00199  0.25895  1.18056
 6 43  1.14227  0.01076  0.00361  0.25659  1.12676
 6 44  1.13373  0.01181  0.01259  0.24864  1.14619
 6 45  1.13047  0.01262  0.02371  0.24053  1.20475
 6 46  1.14169  0.01388  0.05124  0.23168  1.35554
 6 47  1.15132  0.01486  0.08169  0.22103  1.42342
 6 48  1.20826  0.01257  0.08086  0.24352  2.12681
 6 49  1.19810  0.00926  0.04348  0.25172  1.78061
 6 50  1.15801  0.01000  0.04519  0.23417  1.32699
 6 51  1.18209  0.00628 -0.00563  0.25522  1.62351
 6 52  1.16813  0.00537 -0.01911  0.24785  1.54181
 6 53  1.15465  0.00557 -0.00404  0.23009  1.63221
 6 54  1.12494  0.00791  0.05841  0.18823  1.57609
 6 55  1.17155  0.00605  0.01689  0.23588  1.13591
 6 56  1.16040  0.00708  0.01219  0.24319  1.05069
 6 57  1.13875  0.00726  0.01402  0.20979  1.52421
 6 58  1.16109  0.00853  0.03205  0.24538  1.04201
 6 59  1.16370  0.00882  0.03450  0.25220  0.99382
 6 60  1.16514  0.00923  0.03879  0.25740  0.93684
 6 61  1.16730  0.00943  0.04066  0.26259  0.90054
 6 62  1.16569  0.00958  0.04219  0.26318  0.90096
 6 63  1.15589  0.01139  0.06244  0.25453  0.95729
 6 64  1.19089  0.00755 -0.00071  0.30454  0.83801
 6 65  1.14835  0.01407  0.09109  0.24825  1.03574
 6 66  1.14281  0.01635  0.11116  0.24186  1.10759
 6 67  1.13982  0.01834  0.12802  0.23753  1.15382
 6 68  1.14412  0.01861  0.13564  0.24025  1.10864
 6 69  1.15188  0.01824  0.14335  0.24508  1.05032
 6 70  1.15587  0.02196  0.18042  0.23952  1.14403
 6 71  1.18223  0.00945  0.02947  0.29068  0.76570
 6 72  1.15302  0.00844  0.01243  0.29150  0.83778
 6 73  1.15052  0.00786  0.00133  0.29517  0.87551
 6 74  1.14294  0.00797  0.00095  0.29219  0.84535
 6 75  1.13408  0.00827  0.00376  0.28663  0.84021
 6 76  1.12015  0.00878  0.01000  0.27597  0.86628
 6 77  1.11364  0.00912  0.01826  0.26706  0.92478
 6 78  1.10954  0.01043  0.04877  0.24854  1.05222
 6 79  1.11093  0.01128  0.07922  0.23447  1.11645
 6 80  1.12253  0.01023  0.08678  0.23643  1.28259
 6 81  1.13361  0.00763  0.05271  0.24899  1.47942
 6 82  1.11791  0.00713  0.04117  0.24368  1.20640
 6 83  1.14225  0.00422 -0.01239  0.26585  1.59556
 6 84  1.14807  0.00317 -0.03766  0.26803  1.75612
 6 85  1.13031  0.00319 -0.02619  0.25038  1.69751
 6 86  1.10194  0.00395  0.01814  0.21693  1.57255
 6 87  1.07379  0.00724  0.08489  0.18673  1.56583
 6 88  1.08384  0.00458  0.01236  0.21561  1.53851
 6 89  1.11111  0.00361 -0.02114  0.23553  1.75889
 6 90  1.11363  0.00342 -0.03121  0.23932  1.76953
 6 91  1.12836  0.00514 -0.01625  0.26826  1.55641
 6 92  1.11806  0.00560 -0.00928  0.26579  1.55209
 7  7  1.13735  0.03636 -0.00726  0.29910  1.48706
 7  8  1.16253  0.03464  0.00184  0.30300  1.21707
 7  9  1.21223  0.03140  0.01698  0.30695  1.12058
 7 10  1.24909  0.11907  0.27040  0.09446  0.79431
 7 11  1.53426  0.01105  0.00034  0.44888  1.72034
 7 12  1.48091  0.00867 -0.02964  0.42072  1.20025
 7 13  1.37539  0.00966 -0.03789  0.37581  0.54323
 7 14  1.30224  0.01013 -0.04584  0.34223  0.86723
 7 15  1.26437  0.01132 -0.04300  0.31900  1.24418
 7 16  1.23603  0.01287 -0.02540  0.29301  1.38102
 7 17  1.23121  0.01390 -0.00618  0.27676  1.29641
 7 18  1.27256  0.01918  0.06306  0.24724  1.68701
 7 19  1.27255  0.01883  0.05373  0.25530  1.71909
 7 20  1.29140  0.01682  0.03147  0.29129  1.58512
 7 21  1.29278  0.01535  0.00391  0.31629  1.64170
 7 22  1.23540  0.01630  0.00561  0.29955  1.10097
 7 23  1.23946  0.01683  0.00668  0.31174  1.05574
 7 24  1.24614  0.01728  0.00833  0.32400  1.00257
 7 25  1.28202  0.01789  0.00959  0.34726  1.31942
 7 26  1.27251  0.01917  0.01911  0.34324  1.28782
 7 27  1.29249  0.01769  0.01890  0.36018  1.23007
 7 28  1.30944  0.01581  0.01928  0.36946  1.29241
 7 29  1.29982  0.01416  0.02649  0.35519  1.21020
 7 30  1.31655  0.01100  0.01531  0.36230  1.04944
 7 31  1.28600  0.01041  0.00369  0.35037  0.96247
 7 32  1.26293  0.00799 -0.02829  0.34754  0.89082
 7 33  1.22131  0.00759 -0.03655  0.32344  0.96627
 7 34  1.20047  0.00781 -0.02664  0.30102  1.11474
 7 35  1.18618  0.00874 -0.00250  0.27482  1.15035
 7 36  1.17339  0.01196  0.05753  0.23229  1.34773
 7 37  1.16256  0.01150  0.04743  0.23074  1.35206
 7 38  1.17060  0.01093  0.03546  0.24512  1.24441
 7 39  1.16187  0.00978  0.00844  0.25479  1.16580
 7 40  1.15403  0.00998  0.00364  0.25516  1.13945
 7 41  1.15168  0.01049  0.00516  0.25501  1.13358
 7 42  1.15309  0.01105  0.00769  0.25674  1.13437
 7 43  1.15107  0.01191  0.01360  0.25427  1.14275
 7 44  1.14962  0.01273  0.02164  0.24905  1.18696
 7 45  1.15829  0.01341  0.03705  0.24521  1.27742
 7 46  1.16778  0.01353  0.05410  0.24010  1.31567
 7 47  1.17044  0.01339  0.07031  0.23146  1.29131
 7 48  1.24467  0.01051  0.05130  0.26386  2.20327
 7 49  1.16948  0.01098  0.05409  0.23384  1.24105
 7 50  1.24011  0.00682 -0.00203  0.27902  2.11730
 7 51  1.18235  0.00574 -0.01925  0.25606  1.48984
 7 52  1.22940  0.00569 -0.01921  0.26713  2.55048
 7 53  1.15031  0.00641  0.00504  0.22503  1.67705
 7 54  1.12129  0.00852  0.05092  0.19144  1.58111
 7 55  1.17046  0.00701  0.01343  0.23821  1.08549
 7 56  1.17454  0.00657 -0.00541  0.25555  1.04287
 7 57  1.14114  0.00745  0.01064  0.21187  1.49417
 7 58  1.16185  0.00782  0.00649  0.25717  0.98381
 7 59  1.16341  0.00828  0.01229  0.26067  0.94905
 7 60  1.16508  0.00873  0.01801  0.26390  0.92126
 7 61  1.16384  0.00941  0.02702  0.26350  0.91707
 7 62  1.16071  0.01027  0.03806  0.26115  0.93020
 7 63  1.15446  0.01204  0.05782  0.25472  1.00055
 7 64  1.18500  0.00855  0.00542  0.29647  0.85453
 7 65  1.14901  0.01434  0.08194  0.24889  1.08831
 7 66  1.14403  0.01638  0.09964  0.24285  1.16985
 7 67  1.14624  0.01678  0.10580  0.24415  1.14851
 7 68  1.15062  0.01664  0.10952  0.24683  1.08566
 7 69  1.14807  0.01802  0.12470  0.24020  1.10592
 7 70  1.12544  0.02747  0.17730  0.20876  1.38998
 7 71  1.19824  0.00984  0.02775  0.29439  0.73887
 7 72  1.15267  0.00927  0.01750  0.28569  0.83328
 7 73  1.14889  0.00912  0.01426  0.28600  0.83442
 7 74  1.14396  0.00918  0.01365  0.28379  0.84290
 7 75  1.13988  0.00957  0.01733  0.27937  0.85798
 7 76  1.13467  0.00997  0.02270  0.27228  0.88493
 7 77  1.13202  0.01071  0.03926  0.26133  0.95226
 7 78  1.13460  0.01099  0.05874  0.25150  0.98553
 7 79  1.13777  0.01036  0.06989  0.24533  1.05904
 7 80  1.17457  0.00754  0.04597  0.26441  1.59637
 7 81  1.13870  0.00826  0.05276  0.24671  1.13942
 7 82  1.15462  0.00525  0.00620  0.26512  1.24260
 7 83  1.15922  0.00390 -0.02401  0.27217  1.41274
 7 84  1.14983  0.00367 -0.02664  0.26257  1.56324
 7 85  1.13168  0.00389 -0.01328  0.24661  1.52998
 7 86  1.11172  0.00457  0.01639  0.22357  1.46831
 7 87  1.09220  0.00616  0.04573  0.20170  1.53864
 7 88  1.10597  0.00445  0.00060  0.22792  1.44116
 7 89  1.12124  0.00388 -0.02018  0.23943  1.55658
 7 90  1.11646  0.00389 -0.02437  0.23866  1.55366
 7 91  1.13320  0.00533 -0.01967  0.26650  1.37696
 7 92  1.12062  0.00591 -0.01020  0.26199  1.37603
 8  8  1.21464  0.03279  0.00827  0.31640  1.11116
 8  9  1.23430  0.03013  0.02371  0.30736  1.11469
 8 10  1.30283  0.13497  0.27885  0.09666  0.60958
 8 11  1.53554  0.00926 -0.02662  0.46068  1.46609
 8 12  1.46824  0.00740 -0.05796  0.42897  0.94425
 8 13  1.33890  0.00891 -0.05078  0.36002  0.89120
 8 14  1.26991  0.01081 -0.04345  0.32347  1.25446
 8 15  1.37568  0.01184 -0.04339  0.36374  2.57060
 8 16  1.24384  0.01401 -0.01350  0.29146  1.31155
 8 17  1.23420  0.01570  0.00807  0.27236  1.28381
 8 18  1.26755  0.01962  0.05501  0.25458  1.67262
 8 19  1.30313  0.01930  0.06805  0.27711  1.50131
 8 20  1.29963  0.01529  0.02521  0.30281  1.46312
 8 21  1.28940  0.01491  0.00752  0.31559  1.46280
 8 22  1.29350  0.01530  0.00650  0.32910  1.36885
 8 23  1.29818  0.01573  0.00756  0.34075  1.30647
 8 24  1.30220  0.01611  0.00984  0.35044  1.24946
 8 25  1.30398  0.01777  0.02198  0.35111  1.25043
 8 26  1.31329  0.01713  0.02250  0.36097  1.26327
 8 27  1.32962  0.01499  0.01422  0.37707  1.27167
 8 28  1.32075  0.01371  0.01410  0.37244  1.17629
 8 29  1.31636  0.01198  0.01048  0.36432  1.05728
 8 30  1.30311  0.01090  0.00875  0.35242  0.89082
 8 31  1.28534  0.00839 -0.01864  0.35165  0.84541
 8 32  1.24315  0.00777 -0.03246  0.33193  0.91613
 8 33  1.21787  0.00811 -0.02481  0.31038  1.07180
 8 34  1.19730  0.00872 -0.01190  0.28976  1.14915
 8 35  1.18457  0.00993  0.01097  0.26716  1.19646
 8 36  1.17067  0.01249  0.05242  0.23528  1.35378
 8 37  1.18086  0.01353  0.07078  0.23596  1.40884
 8 38  1.18997  0.01071  0.03395  0.25524  1.25259
 8 39  1.17929  0.01012  0.01585  0.25943  1.16934
 8 40  1.17224  0.01055  0.01536  0.25748  1.16264
 8 41  1.16980  0.01113  0.01833  0.25662  1.15470
 8 42  1.16755  0.01186  0.02292  0.25533  1.17234
 8 43  1.15917  0.01302  0.03154  0.24667  1.17591
 8 44  1.17673  0.01306  0.03824  0.25183  1.25961
 8 45  1.18704  0.01246  0.04235  0.25321  1.23772
 8 46  1.18828  0.01209  0.05152  0.24651  1.20280
 8 47  1.18420  0.01154  0.05704  0.23825  1.19872
 8 48  1.20867  0.00954  0.03899  0.24971  1.65707
 8 49  1.25897  0.00725  0.00844  0.28049  2.21366
 8 50  1.20573  0.00589 -0.01552  0.26542  1.50516
 8 51  1.23372  0.00602 -0.01410  0.26881  2.41744
 8 52  1.15666  0.00671  0.00295  0.23045  1.59914
 8 53  1.13563  0.00751  0.01982  0.21336  1.54683
 8 54  1.11878  0.00907  0.04848  0.19181  1.53727
 8 55  1.16851  0.00806  0.02835  0.23061  1.08899
 8 56  1.16801  0.00708  0.00028  0.24787  1.02110
 8 57  1.13178  0.00902  0.03506  0.19891  1.37350
 8 58  1.15923  0.00898  0.02235  0.24722  1.04049
 8 59  1.16084  0.00961  0.02988  0.24954  1.02042
 8 60  1.16188  0.01031  0.03829  0.25084  1.01098
 8 61  1.16013  0.01126  0.04918  0.24986  1.02930
 8 62  1.15567  0.01300  0.06672  0.24539  1.11040
 8 63  1.15363  0.01392  0.07582  0.24413  1.13144
 8 64  1.18301  0.01021  0.02786  0.28120  0.98470
 8 65  1.15012  0.01579  0.09372  0.24101  1.17827
 8 66  1.14433  0.01816  0.11162  0.23418  1.25492
 8 67  1.14412  0.01914  0.11996  0.23324  1.25518
 8 68  1.14387  0.02035  0.12952  0.23148  1.26312
 8 69  1.14311  0.02192  0.14159  0.22804  1.28644
 8 70  1.16076  0.02031  0.14074  0.24362  1.43322
 8 71  1.21861  0.01053  0.04051  0.29805  0.92127
 8 72  1.16641  0.01009  0.03178  0.28372  0.92602
 8 73  1.16178  0.00995  0.02898  0.28303  0.91169
 8 74  1.15595  0.01013  0.03020  0.27976  0.92426
 8 75  1.14648  0.01060  0.03513  0.27174  0.95984
 8 76  1.14236  0.01106  0.04551  0.26383  1.01221
 8 77  1.14694  0.01073  0.05235  0.26174  1.01622
 8 78  1.15903  0.00989  0.05664  0.25944  0.97558
 8 79  1.16149  0.00869  0.05415  0.25606  1.02976
 8 80  1.16238  0.00724  0.03904  0.25734  1.27854
 8 81  1.17685  0.00575  0.01691  0.26994  1.36016
 8 82  1.27495  0.00374 -0.03299  0.31795  2.44869
 8 83  1.17367  0.00400 -0.02160  0.27146  1.45859
 8 84  1.15539  0.00410 -0.01642  0.25877  1.41569
 8 85  1.13680  0.00445 -0.00379  0.24424  1.34434
 8 86  1.11991  0.00505  0.01640  0.22650  1.32755
 8 87  1.11042  0.00572  0.03404  0.21418  1.36900
 8 88  1.11596  0.00478  0.00754  0.22834  1.26001
 8 89  1.12457  0.00455 -0.00263  0.23351  1.35988
 8 90  1.11902  0.00463 -0.00362  0.23150  1.37230
 8 91  1.12895  0.00655  0.00470  0.25179  1.19752
 8 92  1.11195  0.00734  0.01515  0.24403  1.15025
 9  9  1.29166  0.02895  0.03233  0.31782  1.08766
 9 10  1.39420  0.01593  0.07357  0.32021  0.74963
 9 11  1.48290  0.00557 -0.07837  0.43600  1.03526
 9 12  1.36681  0.00769 -0.05024  0.35973  1.45415
 9 13  1.42439  0.00917 -0.05305  0.38054  2.80009
 9 14  1.24594  0.01227 -0.01667  0.28869  1.49888
 9 15  1.25792  0.01391 -0.00355  0.28646  1.45121
 9 16  1.31149  0.01469  0.00245  0.30532  2.03907
 9 17  1.29413  0.01602  0.02071  0.28923  1.73200
 9 18  1.31347  0.02338  0.11816  0.25142  1.60966
 9 19  1.39388  0.01005  0.01680  0.34415  1.60996
 9 20  1.35988  0.01055  0.00752  0.33814  1.45522
 9 21  1.34222  0.01116  0.00297  0.34161  1.37946
 9 22  1.34232  0.01180  0.00436  0.35100  1.34882
 9 23  1.34692  0.01290  0.01265  0.35719  1.36385
 9 24  1.36533  0.01264  0.01158  0.37526  1.34552
 9 25  1.35865  0.01303  0.01637  0.37511  1.22418
 9 26  1.36718  0.01175  0.00649  0.38646  1.05770
 9 27  1.35268  0.01108  0.00255  0.38160  0.90244
 9 28  1.33847  0.01044 -0.00074  0.37488  0.85123
 9 29  1.31225  0.01020  0.00157  0.35471  0.90470
 9 30  1.29241  0.00887 -0.00017  0.33764  0.90148
 9 31  1.26473  0.00765 -0.02070  0.32907  1.00264
 9 32  1.23544  0.00832 -0.01106  0.30764  1.09125
 9 33  1.21210  0.00909  0.00032  0.28837  1.16536
 9 34  1.19600  0.01014  0.01561  0.27148  1.22010
 9 35  1.18994  0.01123  0.03255  0.25692  1.25651
 9 36  1.19012  0.01649  0.10983  0.22064  1.46038
 9 37  1.23028  0.01074  0.06167  0.26421  1.50453
 9 38  1.22616  0.00948  0.04012  0.26836  1.35697
 9 39  1.21463  0.00952  0.02967  0.26805  1.27156
 9 40  1.20730  0.01015  0.03094  0.26475  1.25238
 9 41  1.19590  0.01130  0.04024  0.25618  1.18887
 9 42  1.19502  0.01288  0.05459  0.25128  1.32244
 9 43  1.19557  0.01324  0.05949  0.24949  1.32156
 9 44  1.19770  0.01173  0.05067  0.25205  1.17802
 9 45  1.22338  0.00982  0.03575  0.26538  1.48998
 9 46  1.19819  0.01013  0.04673  0.24646  1.17341
 9 47  1.19123  0.00982  0.04751  0.23954  1.16704
 9 48  1.20330  0.00800  0.03289  0.24491  1.40413
 9 49  1.28030  0.00599 -0.00507  0.28464  2.48127
 9 50  1.19448  0.00636  0.00339  0.24715  1.58044
 9 51  1.15984  0.00723  0.01727  0.22481  1.43899
 9 52  1.14374  0.00787  0.02734  0.21287  1.44031
 9 53  1.13305  0.00868  0.04010  0.20197  1.53215
 9 54  1.12311  0.01215  0.09522  0.17321  1.78002
 9 55  1.17163  0.01009  0.06418  0.21659  1.27442
 9 56  1.17561  0.00953  0.04945  0.22989  1.22004
 9 57  1.14876  0.01048  0.06766  0.19286  1.51832
 9 58  1.16766  0.01293  0.08297  0.22572  1.28465
 9 59  1.16888  0.01411  0.09312  0.22760  1.26851
 9 60  1.16822  0.01552  0.10446  0.22788  1.28166
 9 61  1.16672  0.01696  0.11519  0.22768  1.31119
 9 62  1.16561  0.01829  0.12466  0.22789  1.35286
 9 63  1.16467  0.01965  0.13372  0.22811  1.40352
 9 64  1.19402  0.01484  0.09015  0.26007  1.27516
 9 65  1.16751  0.02066  0.14168  0.23372  1.41433
 9 66  1.16977  0.02089  0.14409  0.23706  1.41267
 9 67  1.17263  0.02098  0.14569  0.24040  1.40720
 9 68  1.17605  0.02072  0.14550  0.24433  1.38339
 9 69  1.18591  0.01825  0.13461  0.25542  1.28380
 9 70  1.19994  0.01365  0.10456  0.27450  1.28679
 9 71  1.24404  0.01024  0.05558  0.30173  1.00999
 9 72  1.18659  0.01078  0.05595  0.28017  1.02886
 9 73  1.17790  0.01081  0.05471  0.27567  0.95691
 9 74  1.16564  0.01205  0.06720  0.26379  1.00223
 9 75  1.16143  0.01234  0.07310  0.25893  1.04143
 9 76  1.16662  0.01065  0.06275  0.26409  1.05432
 9 77  1.17585  0.00899  0.05151  0.26961  1.20851
 9 78  1.17904  0.00778  0.04496  0.26625  1.13539
 9 79  1.16967  0.00740  0.04468  0.25813  1.01746
 9 80  1.18388  0.00579  0.02736  0.26524  1.30731
 9 81  1.21476  0.00406 -0.01219  0.28608  1.60958
 9 82  1.18681  0.00415 -0.00998  0.27019  1.40023
 9 83  1.16534  0.00437 -0.00464  0.25829  1.32993
 9 84  1.15235  0.00460  0.00128  0.24821  1.26871
 9 85  1.14273  0.00491  0.00935  0.23832  1.24152
 9 86  1.12930  0.00619  0.04923  0.21449  1.38333
 9 87  1.12313  0.00682  0.05928  0.21069  1.41182
 9 88  1.12889  0.00562  0.03645  0.22133  1.28504
 9 89  1.14115  0.00548  0.03014  0.22657  1.39814
 9 90  1.13504  0.00556  0.02911  0.22351  1.42770
 9 91  1.13328  0.00936  0.05842  0.22754  1.28409
 9 92  1.11355  0.01090  0.07333  0.21680  1.22151
10 10  1.32409  0.00694  0.00962  0.29090  2.61396
10 11  1.28575  0.01611  0.09311  0.23830  1.98844
10 12  1.27587  0.03519  0.18547  0.17223  1.83505
10 13  1.25897  0.03260  0.17662  0.17748  1.83415
10 14  1.21504  0.04780  0.21613  0.13507  1.81644
10 15  1.12493  0.07984  0.27244  0.05638  1.95137
10 16  1.15189  0.09433  0.28911  0.04797  2.02876
10 17  1.34286  0.01752  0.13579  0.25449  1.55692
10 18  1.39352  0.00425  0.00863  0.30966  0.92070
10 19  1.35155  0.00619  0.03628  0.28833  0.94008
10 20  1.35504  0.01206  0.09947  0.25289  2.43380
10 21  1.35463  0.01268  0.09565  0.26206  2.31390
10 22  1.36886  0.01273  0.08960  0.28038  2.25849
10 23  1.37110  0.01341  0.09214  0.28656  2.21820
10 24  1.36728  0.01376  0.09141  0.29113  2.18185
10 25  1.36459  0.01488  0.09620  0.29132  2.12591
10 26  1.34234  0.01608  0.10168  0.28265  2.07486
10 27  1.31602  0.01758  0.10858  0.27017  2.01650
10 28  1.30237  0.01782  0.10827  0.26543  1.98827
10 29  1.31783  0.01358  0.08642  0.27929  2.17398
10 30  1.25666  0.01687  0.12927  0.23819  1.65315
10 31  1.24511  0.01526  0.11849  0.23561  1.67311
10 32  1.21781  0.01881  0.13937  0.21133  2.33903
10 33  1.15772  0.02888  0.18632  0.16495  2.37172
10 34  1.14874  0.03583  0.21173  0.14791  1.91575
10 35  1.26199  0.01688  0.15201  0.23109  2.07002
10 36  1.30311  0.00614  0.07109  0.27516  1.50680
10 37  1.27715  0.00616  0.06294  0.26292  1.26650
10 38  1.23435  0.00932  0.10273  0.21764  1.48703
10 39  1.22861  0.01008  0.09722  0.22319  1.36771
10 40  1.22034  0.01174  0.10666  0.21479  1.44670
10 41  1.22193  0.01204  0.10609  0.21733  1.36149
10 42  1.22606  0.01161  0.09972  0.22470  1.23902
10 43  1.22023  0.01190  0.10087  0.22024  1.26580
10 44  1.21096  0.01174  0.09851  0.21507  1.33728
10 45  1.19811  0.01205  0.09922  0.20734  1.43859
10 46  1.19602  0.01107  0.09136  0.20874  1.38870
10 47  1.18869  0.01171  0.10985  0.19324  1.56136
10 48  1.18011  0.01242  0.12323  0.18155  1.68348
10 49  1.16973  0.01310  0.12731  0.17411  1.77270
10 50  1.18645  0.01397  0.13219  0.17520  2.65545
10 51  1.16639  0.01682  0.15334  0.15950  2.67049
10 52  1.11959  0.02006  0.17584  0.13752  1.87122
10 53  1.21785  0.01024  0.11595  0.19667  3.00517
10 54  1.18129  0.01437  0.16676  0.17460  2.49971
10 55  1.24770  0.00941  0.12017  0.22192  2.12006
10 56  1.24933  0.00801  0.09609  0.23246  1.70015
10 57  1.20709  0.00952  0.10836  0.19003  1.91909
10 58  1.23146  0.00941  0.12231  0.23455  1.67321
10 59  1.23635  0.00940  0.12116  0.24313  1.57968
10 60  1.24360  0.00924  0.11869  0.25209  1.49484
10 61  1.25220  0.00900  0.11491  0.26095  1.42827
10 62  1.26090  0.00875  0.11129  0.26896  1.37522
10 63  1.26892  0.00845  0.10711  0.27649  1.32038
10 64  1.29875  0.00841  0.09489  0.28750  1.20232
10 65  1.27948  0.00796  0.09962  0.28801  1.21494
10 66  1.28138  0.00820  0.10101  0.29182  1.23902
10 67  1.28309  0.00810  0.09923  0.29462  1.18700
10 68  1.28336  0.00782  0.09507  0.29633  1.11697
10 69  1.27326  0.00734  0.08856  0.29083  1.07408
10 70  1.26436  0.00711  0.08815  0.27958  1.22388
10 71  1.28313  0.00729  0.07720  0.27717  0.99508
10 72  1.22485  0.00923  0.09588  0.25044  1.04755
10 73  1.22031  0.00949  0.09669  0.24945  1.04293
10 74  1.21487  0.00959  0.09681  0.24862  1.02402
10 75  1.20774  0.00917  0.09175  0.24741  1.03608
10 76  1.19777  0.00878  0.08700  0.24382  1.07452
10 77  1.18665  0.00843  0.08263  0.23863  1.13858
10 78  1.18613  0.00729  0.07243  0.23995  1.09562
10 79  1.18556  0.00652  0.07495  0.23193  1.18172
10 80  1.18721  0.00611  0.07471  0.22864  1.33725
10 81  1.17894  0.00644  0.07880  0.22075  1.42865
10 82  1.16428  0.00748  0.09327  0.20691  1.62212
10 83  1.15629  0.00797  0.10175  0.20221  1.62317
10 84  1.14997  0.00819  0.10791  0.19885  1.56818
10 85  1.14424  0.00727  0.10391  0.19909  1.48339
10 86  1.22283  0.00631  0.10391  0.22888  2.98209
10 87  1.22042  0.00513  0.08266  0.22855  2.82854
10 88  1.21699  0.00422  0.05634  0.23076  2.52851
10 89  1.22017  0.00403  0.04826  0.23269  2.33447
10 90  1.20093  0.00422  0.05251  0.22353  2.03186
10 91  1.22294  0.01405  0.15572  0.22739  2.42238
10 92  1.19595  0.01662  0.16993  0.21496  2.32043
11 11  1.42373  0.01787  0.10414  0.28684  1.89076
11 12  1.47208  0.02653  0.20551  0.29104  2.38969
11 13  1.43695  0.01522  0.12710  0.30749  2.14583
11 14  1.44493  0.01080  0.07641  0.33033  2.06350
11 15  1.52714  0.00846  0.03543  0.37394  1.83794
11 16  1.51485  0.00729  0.01139  0.37717  1.70122
11 17  1.50751  0.00402 -0.05104  0.38996  1.26321
11 18  1.41132  0.00461  0.01922  0.29730  1.43551
11 19  1.37092  0.00778  0.07781  0.28070  1.52264
11 20  1.36611  0.01415  0.15597  0.27253  1.62725
11 21  1.36117  0.01073  0.10178  0.28981  1.47367
11 22  1.35453  0.01050  0.08650  0.29846  1.36262
11 23  1.35359  0.01000  0.07105  0.30949  1.26617
11 24  1.34460  0.01061  0.06882  0.31154  1.25404
11 25  1.34220  0.01129  0.06782  0.31431  1.18195
11 26  1.32539  0.01308  0.07780  0.30679  1.21495
11 27  1.31386  0.01382  0.07822  0.30290  1.17746
11 28  1.30101  0.01320  0.07146  0.29846  1.20889
11 29  1.29928  0.01146  0.06280  0.29923  1.17897
11 30  1.31726  0.02650  0.19491  0.25157  2.21557
11 31  1.25752  0.02529  0.18194  0.23226  1.53932
11 32  1.26118  0.02139  0.16052  0.24429  1.52967
11 33  1.27182  0.01822  0.14023  0.25669  1.56175
11 34  1.28290  0.01439  0.11341  0.27039  1.54104
11 35  1.34348  0.00698  0.04076  0.31744  1.85417
11 36  1.32105  0.00494  0.05614  0.27573  1.12994
11 37  1.28507  0.00851  0.10960  0.25482  1.25836
11 38  1.23090  0.02814  0.24166  0.19546  1.49972
11 39  1.26088  0.01227  0.13796  0.24176  1.20736
11 40  1.26835  0.01032  0.10813  0.25276  1.10687
11 41  1.27166  0.00936  0.08873  0.26046  1.04231
11 42  1.25776  0.01010  0.09006  0.25438  1.02208
11 43  1.24872  0.01001  0.08299  0.25082  1.01940
11 44  1.23414  0.01061  0.08420  0.24171  1.11910
11 45  1.22788  0.01048  0.07991  0.23879  1.15441
11 46  1.23068  0.00839  0.05922  0.24487  1.10155
11 47  1.22366  0.00789  0.05995  0.23934  1.16636
11 48  1.19379  0.01619  0.16095  0.19051  1.62317
11 49  1.18386  0.01599  0.15483  0.19029  1.63238
11 50  1.17845  0.01594  0.15214  0.19104  1.61236
11 51  1.17236  0.01553  0.14787  0.18988  1.65529
11 52  1.16957  0.01460  0.14034  0.19149  1.67908
11 53  1.17902  0.01118  0.11475  0.20432  1.61313
11 54  1.24086  0.00712  0.11210  0.21337  2.18856
11 55  1.26273  0.01160  0.16420  0.22524  1.82991
11 56  1.28766  0.00807  0.12276  0.25060  1.66634
11 57  1.24224  0.00993  0.12705  0.20898  1.99793
11 58  1.27670  0.01324  0.17722  0.24636  1.56375
11 59  1.28345  0.01275  0.17023  0.25570  1.48840
11 60  1.28680  0.01253  0.16563  0.26265  1.42866
11 61  1.28699  0.01243  0.16233  0.26730  1.39479
11 62  1.28802  0.01208  0.15700  0.27254  1.38256
11 63  1.28669  0.01211  0.15515  0.27567  1.34974
11 64  1.28947  0.01941  0.19882  0.26247  1.33260
11 65  1.28340  0.01231  0.15222  0.28047  1.28155
11 66  1.28312  0.01234  0.15093  0.28304  1.26790
11 67  1.28080  0.01222  0.14811  0.28427  1.21604
11 68  1.27260  0.01207  0.14491  0.28128  1.18965
11 69  1.26067  0.01132  0.13718  0.27647  1.14328
11 70  1.27939  0.01552  0.18856  0.27202  1.61939
11 71  1.26466  0.01354  0.14983  0.26787  1.05575
11 72  1.23250  0.01261  0.13522  0.26133  1.06886
11 73  1.22835  0.01170  0.12158  0.26358  1.04689
11 74  1.22292  0.01077  0.10933  0.26365  0.99886
11 75  1.21303  0.01031  0.10142  0.25922  0.93796
11 76  1.20631  0.00948  0.08982  0.25682  0.92463
11 77  1.19685  0.00965  0.09081  0.25074  0.94728
11 78  1.21406  0.00710  0.06420  0.26319  0.98977
11 79  1.22206  0.00579  0.05039  0.26622  0.98678
11 80  1.21000  0.00872  0.11476  0.23607  1.14025
11 81  1.19291  0.00898  0.11442  0.23088  1.18858
11 82  1.19376  0.00935  0.11636  0.22920  1.14201
11 83  1.18409  0.00978  0.11965  0.22547  1.15761
11 84  1.17429  0.00990  0.12047  0.22099  1.19232
11 85  1.17382  0.00860  0.10811  0.22428  1.16513
11 86  1.27294  0.00394  0.07307  0.25251  2.32776
11 87  1.23085  0.00525  0.10101  0.23381  2.08166
11 88  1.21319  0.00610  0.10964  0.22888  1.93628
11 89  1.22776  0.00506  0.08319  0.23933  1.87604
11 90  1.22410  0.00497  0.07682  0.24015  1.80541
11 91  1.25960  0.01223  0.15678  0.25090  2.15012
11 92  1.22786  0.01543  0.17562  0.23430  2.15186
12 12  1.70935  0.00080 -0.07426  0.44254  2.72621
12 13  1.51591  0.00266 -0.02957  0.36900  1.56982
12 14  1.46785  0.00401 -0.02009  0.35742  1.45640
12 15  1.48597  0.00460 -0.02861  0.36892  1.26945
12 16  1.44230  0.00499 -0.03365  0.35390  1.09033
12 17  1.43163  0.00338 -0.06531  0.35124  1.10602
12 18  1.35965  0.00653  0.07147  0.25623  2.08535
12 19  1.35575  0.01313  0.18340  0.25343  1.95873
12 20  1.48505  0.00573  0.12693  0.31437  2.81775
12 21  1.34874  0.00750  0.08823  0.28094  1.72292
12 22  1.34059  0.00849  0.08302  0.28721  1.68212
12 23  1.33210  0.00928  0.07792  0.29149  1.61247
12 24  1.31892  0.01009  0.07492  0.29210  1.55686
12 25  1.31563  0.01140  0.07783  0.29271  1.46061
12 26  1.30692  0.01232  0.07841  0.29278  1.37713
12 27  1.30083  0.01230  0.07248  0.29382  1.29902
12 28  1.28908  0.01238  0.07075  0.28881  1.31989
12 29  1.27871  0.01486  0.10447  0.27093  1.39049
12 30  1.31135  0.03946  0.25376  0.22958  2.36295
12 31  1.35346  0.01432  0.13874  0.29492  2.01100
12 32  1.35805  0.00930  0.08075  0.31515  1.83119
12 33  1.34612  0.00844  0.06096  0.31473  1.77324
12 34  1.33497  0.00703  0.03515  0.31413  1.64826
12 35  1.34597  0.00435 -0.00212  0.32243  1.55606
12 36  1.30530  0.00509  0.07168  0.26157  1.25888
12 37  1.27644  0.01463  0.20163  0.23105  1.51545
12 38  1.41639  0.00682  0.16380  0.28611  2.59379
12 39  1.28693  0.00652  0.08891  0.26164  1.17670
12 40  1.27566  0.00699  0.07858  0.26136  1.10586
12 41  1.26925  0.00680  0.06234  0.26391  1.06688
12 42  1.25756  0.00688  0.05365  0.26239  1.08271
12 43  1.24524  0.00768  0.05740  0.25694  1.10303
12 44  1.23501  0.00832  0.06107  0.25211  1.14058
12 45  1.22573  0.00850  0.06078  0.24718  1.19152
12 46  1.22332  0.00715  0.04285  0.24776  1.18525
12 47  1.21177  0.00916  0.08617  0.22514  1.39134
12 48  1.16495  0.03185  0.24287  0.15140  2.01072
12 49  1.33398  0.00774  0.09224  0.26680  3.07412
12 50  1.19667  0.01130  0.12481  0.21132  1.44497
12 51  1.18625  0.01025  0.10848  0.20893  1.49286
12 52  1.17654  0.00986  0.10048  0.20632  1.54996
12 53  1.24328  0.00585  0.05912  0.24245  2.37884
12 54  1.24303  0.00495  0.09505  0.21924  2.17490
12 55  1.28712  0.00565  0.12476  0.23979  1.78223
12 56  1.29503  0.00325  0.04830  0.26372  1.53387
12 57  1.25845  0.00538  0.07648  0.23025  2.11057
12 58  1.33728  0.00779  0.17595  0.27727  1.93383
12 59  1.32282  0.00915  0.18282  0.27447  1.76214
12 60  1.31860  0.00995  0.18446  0.27546  1.71272
12 61  1.31253  0.01071  0.18612  0.27534  1.63384
12 62  1.31244  0.01144  0.18867  0.27752  1.64617
12 63  1.31170  0.01311  0.19921  0.27746  1.69282
12 64  1.37001  0.00817  0.14857  0.30498  1.62951
12 65  1.30905  0.01630  0.21521  0.27634  1.75286
12 66  1.29289  0.01805  0.22225  0.26874  1.62546
12 67  1.28566  0.01956  0.22769  0.26400  1.65368
12 68  1.28053  0.02010  0.22764  0.26044  1.74818
12 69  1.74543  0.00231  0.00958  0.48015  3.10687
12 70  1.41900  0.02152  0.27429  0.32022  2.84417
12 71  1.30181  0.00761  0.11108  0.28935  1.23288
12 72  1.24441  0.00924  0.11416  0.27217  1.08448
12 73  1.23683  0.00838  0.09487  0.27403  1.04313
12 74  1.23168  0.00761  0.07790  0.27576  1.05549
12 75  1.21706  0.00808  0.07899  0.26918  1.03750
12 76  1.20406  0.00863  0.08327  0.26244  1.05572
12 77  1.19996  0.00769  0.07092  0.26214  1.07304
12 78  1.21448  0.00532  0.03532  0.27242  1.10935
12 79  1.20650  0.00607  0.06416  0.25481  1.04416
12 80  1.18897  0.01328  0.17005  0.21555  1.47823
12 81  1.20600  0.00766  0.11067  0.23871  1.33847
12 82  1.20168  0.00676  0.09167  0.24140  1.23239
12 83  1.19180  0.00640  0.08154  0.23916  1.24733
12 84  1.17613  0.00671  0.08339  0.23134  1.27615
12 85  1.18292  0.00565  0.07901  0.23593  1.36797
12 86  1.26544  0.00257  0.05500  0.25499  2.29757
12 87  1.29068  0.00429  0.12065  0.25586  3.01727
12 88  1.25814  0.00221  0.02750  0.25854  2.33560
12 89  1.27110  0.00237  0.02131  0.26809  2.38387
12 90  1.22225  0.00327  0.04565  0.24987  1.83979
12 91  1.27135  0.00668  0.10850  0.27246  2.05729
12 92  1.24431  0.00849  0.12880  0.25946  2.08152
13 13  1.46985  0.00325 -0.04662  0.36167  1.29048
13 14  1.41164  0.00463 -0.02921  0.33909  1.24309
13 15  1.39812  0.00563 -0.02333  0.33447  1.28611
13 16  1.37012  0.00422 -0.05661  0.33168  1.06148
13 17  1.32782  0.00379 -0.06113  0.30947  1.19203
13 18  1.28977  0.00581  0.04976  0.23618  1.77032
13 19  1.29173  0.00752  0.08912  0.24559  1.77667
13 20  1.29012  0.00682  0.06887  0.25443  1.74693
13 21  1.29306  0.00554  0.01813  0.27746  1.58455
13 22  1.28861  0.00633  0.01983  0.28307  1.51389
13 23  1.28193  0.00712  0.02184  0.28648  1.43681
13 24  1.27873  0.00779  0.02357  0.29134  1.32456
13 25  1.28752  0.00831  0.02462  0.30105  1.11426
13 26  1.28274  0.00979  0.03802  0.29933  1.08866
13 27  1.27080  0.01096  0.04682  0.29246  1.11911
13 28  1.25807  0.01203  0.05820  0.28174  1.15641
13 29  1.25492  0.01507  0.09905  0.26403  1.29542
13 30  1.36163  0.01520  0.12808  0.29882  2.27481
13 31  1.34266  0.00859  0.06154  0.31508  1.70324
13 32  1.38023  0.00882  0.05454  0.32988  2.12145
13 33  1.35094  0.00881  0.04956  0.31875  2.04062
13 34  1.32893  0.00518 -0.00185  0.32282  1.53016
13 35  1.31992  0.00379 -0.02501  0.31641  1.41754
13 36  1.28794  0.00416  0.03951  0.26368  1.17190
13 37  1.27173  0.00586  0.08205  0.25466  1.21374
13 38  1.26940  0.00541  0.06884  0.25542  1.20274
13 39  1.27175  0.00426  0.01734  0.27313  1.06136
13 40  1.26459  0.00470  0.01444  0.27318  1.04713
13 41  1.25841  0.00479  0.00628  0.27473  1.04899
13 42  1.25449  0.00497  0.00357  0.27719  1.06385
13 43  1.24439  0.00584  0.01554  0.27156  1.04322
13 44  1.23385  0.00612  0.01628  0.26643  1.08916
13 45  1.22130  0.00626  0.01632  0.25927  1.14452
13 46  1.21355  0.00696  0.03507  0.24850  1.21435
13 47  1.20200  0.00915  0.08022  0.22612  1.41965
13 48  1.19219  0.01293  0.13663  0.20461  1.55543
13 49  1.19990  0.00911  0.09492  0.22221  1.39594
13 50  1.19106  0.00952  0.09497  0.21828  1.42321
13 51  1.17825  0.01002  0.09673  0.21075  1.57302
13 52  1.18663  0.00711  0.06499  0.22395  1.46031
13 53  1.24407  0.00405  0.01763  0.25370  2.25763
13 54  1.22461  0.00391  0.05467  0.22251  2.08692
13 55  1.26217  0.00280  0.01917  0.25359  1.40328
13 56  1.27262  0.00232 -0.01706  0.27339  1.36991
13 57  1.22747  0.00387  0.02353  0.23289  1.86255
13 58  1.28140  0.00497  0.09133  0.26837  1.33180
13 59  1.28342  0.00569  0.10255  0.27217  1.30977
13 60  1.28392  0.00634  0.11073  0.27485  1.29857
13 61  1.28226  0.00706  0.11908  0.27602  1.28004
13 62  1.28020  0.00787  0.12766  0.27673  1.26250
13 63  1.27789  0.00874  0.13604  0.27688  1.24348
13 64  1.31628  0.00489  0.05000  0.31137  1.05505
13 65  1.27031  0.01033  0.14892  0.27506  1.19533
13 66  1.26475  0.01113  0.15423  0.27246  1.18750
13 67  1.25746  0.01199  0.15989  0.26820  1.20328
13 68  1.24979  0.01263  0.16369  0.26338  1.24139
13 69  1.24983  0.01117  0.15241  0.26590  1.26982
13 70  1.37117  0.00541  0.10704  0.32845  2.12772
13 71  1.27603  0.00624  0.06419  0.29506  1.01146
13 72  1.24233  0.00631  0.05620  0.28686  1.01010
13 73  1.24039  0.00574  0.03977  0.29052  1.06474
13 74  1.23742  0.00576  0.03595  0.29184  1.15350
13 75  1.22607  0.00625  0.04138  0.28565  1.13624
13 76  1.21806  0.00606  0.03599  0.28213  1.10417
13 77  1.21025  0.00559  0.02675  0.27831  1.05314
13 78  1.20812  0.00563  0.03620  0.27112  1.03059
13 79  1.19720  0.00645  0.06495  0.25326  1.05856
13 80  1.19355  0.00803  0.10488  0.23819  1.24324
13 81  1.19780  0.00619  0.07504  0.24823  1.25023
13 82  1.18480  0.00665  0.07973  0.24046  1.20955
13 83  1.17700  0.00720  0.08483  0.23506  1.24025
13 84  1.18866  0.00558  0.06391  0.24530  1.18363
13 85  1.20099  0.00406  0.04435  0.25257  1.34085
13 86  1.23719  0.00199  0.01044  0.25446  1.83844
13 87  1.23871  0.00281  0.05501  0.24849  2.12689
13 88  1.23198  0.00175 -0.02004  0.26285  1.87280
13 89  1.24531  0.00165 -0.03352  0.27051  1.87650
13 90  1.22690  0.00189 -0.02583  0.26539  1.69165
13 91  1.27188  0.00370  0.02720  0.29201  1.89038
13 92  1.24823  0.00473  0.04875  0.28126  1.93943
14 14  1.38719  0.00571 -0.02503  0.33136  1.34001
14 15  1.36531  0.00451 -0.05720  0.33154  1.14444
14 16  1.31740  0.00433 -0.06409  0.31244  1.17945
14 17  1.29244  0.00394 -0.05857  0.29274  1.42546
14 18  1.28807  0.00671  0.04625  0.23590  2.81845
14 19  1.31351  0.00649  0.04859  0.25955  2.80125
14 20  1.32881  0.00535  0.01174  0.28069  2.83147
14 21  1.26120  0.00521 -0.01306  0.27332  1.71225
14 22  1.27031  0.00567 -0.01153  0.28717  1.47051
14 23  1.27361  0.00652 -0.00248  0.29381  1.33837
14 24  1.27415  0.00720  0.00251  0.29900  1.21271
14 25  1.27876  0.00832  0.01334  0.30273  1.14772
14 26  1.27432  0.00983  0.02794  0.29966  1.18225
14 27  1.26183  0.01163  0.04522  0.28857  1.24090
14 28  1.26085  0.01225  0.05409  0.28552  1.24251
14 29  1.26181  0.01399  0.08264  0.27385  1.32304
14 30  1.32549  0.01127  0.08073  0.30039  1.74098
14 31  1.35983  0.01036  0.06481  0.31913  2.07311
14 32  1.34666  0.00936  0.04828  0.31970  1.99381
14 33  1.32996  0.00593  0.00155  0.32703  1.56128
14 34  1.31982  0.00444 -0.02710  0.32566  1.38454
14 35  1.31484  0.00352 -0.03416  0.31431  1.36353
14 36  1.27520  0.00376  0.01603  0.26256  1.18788
14 37  1.26024  0.00488  0.04347  0.25647  1.24146
14 38  1.25421  0.00489  0.03396  0.25757  1.26052
14 39  1.26997  0.00327 -0.02907  0.28384  1.14887
14 40  1.26767  0.00390 -0.01799  0.28579  1.04196
14 41  1.26266  0.00439 -0.01169  0.28504  1.01576
14 42  1.25506  0.00483 -0.00737  0.28312  1.04126
14 43  1.24454  0.00543 -0.00047  0.27751  1.04461
14 44  1.22996  0.00603  0.00768  0.26850  1.10304
14 45  1.22106  0.00623  0.01157  0.26219  1.15430
14 46  1.21061  0.00728  0.03670  0.24746  1.27213
14 47  1.20329  0.00879  0.07058  0.23137  1.41333
14 48  1.20547  0.00869  0.08397  0.22670  1.42172
14 49  1.19151  0.00947  0.08964  0.22092  1.49409
14 50  1.18499  0.00930  0.08400  0.22105  1.55125
14 51  1.19161  0.00659  0.04911  0.23349  1.43465
14 52  1.27386  0.00401 -0.00147  0.27365  2.65900
14 53  1.28960  0.00336 -0.00564  0.27465  2.93335
14 54  1.21478  0.00314  0.01995  0.22917  2.05928
14 55  1.25594  0.00200 -0.03241  0.26253  1.36566
14 56  1.26018  0.00203 -0.04755  0.27748  1.34407
14 57  1.22662  0.00295 -0.01557  0.24492  1.93290
14 58  1.24912  0.00440  0.05128  0.26219  1.11371
14 59  1.25179  0.00500  0.06271  0.26600  1.09818
14 60  1.25363  0.00551  0.07111  0.26917  1.08991
14 61  1.25743  0.00568  0.07314  0.27372  1.08994
14 62  1.25817  0.00607  0.07864  0.27602  1.07753
14 63  1.25810  0.00644  0.08372  0.27778  1.05817
14 64  1.31967  0.00329 -0.01300  0.32892  1.15750
14 65  1.25736  0.00708  0.09173  0.28031  1.02382
14 66  1.25604  0.00745  0.09623  0.28027  1.02509
14 67  1.25322  0.00790  0.10155  0.27886  1.05011
14 68  1.25070  0.00817  0.10493  0.27756  1.09173
14 69  1.24969  0.00807  0.10638  0.27724  1.13360
14 70  1.27011  0.00700  0.10704  0.28801  1.27064
14 71  1.28264  0.00449  0.01458  0.31061  1.05889
14 72  1.24547  0.00555  0.03185  0.29801  1.04440
14 73  1.24137  0.00568  0.03071  0.29722  1.05776
14 74  1.23768  0.00574  0.02841  0.29629  1.09312
14 75  1.23031  0.00568  0.02424  0.29306  1.06040
14 76  1.22037  0.00562  0.02141  0.28718  0.99412
14 77  1.21694  0.00528  0.01659  0.28451  1.00791
14 78  1.20896  0.00574  0.03506  0.27132  0.97367
14 79  1.20061  0.00643  0.05981  0.25679  1.02023
14 80  1.21351  0.00580  0.06199  0.25696  1.18723
14 81  1.18838  0.00687  0.07738  0.24455  1.18502
14 82  1.18005  0.00697  0.07691  0.24113  1.16596
14 83  1.19153  0.00488  0.04228  0.25454  1.20722
14 84  1.20276  0.00359  0.01617  0.26364  1.29349
14 85  1.22332  0.00268  0.00042  0.26921  1.55936
14 86  1.22920  0.00164 -0.02128  0.26041  1.59784
14 87  1.19584  0.00255  0.02825  0.23768  1.40879
14 88  1.22384  0.00138 -0.05527  0.26812  1.65537
14 89  1.24706  0.00126 -0.07193  0.28106  1.77026
14 90  1.22598  0.00153 -0.05443  0.27399  1.51202
14 91  1.26866  0.00313 -0.00236  0.29907  1.76754
14 92  1.24779  0.00389  0.01659  0.28986  1.83474
15 15  1.41258  0.00410 -0.07864  0.35059  1.46620
15 16  1.36025  0.00405 -0.07317  0.32399  1.74822
15 17  1.32964  0.00393 -0.06281  0.30255  2.02939
15 18  1.23451  0.01173  0.09252  0.19598  2.46665
15 19  1.28223  0.00821  0.05461  0.24203  2.64466
15 20  1.35963  0.00446 -0.02249  0.30189  2.81829
15 21  1.31274  0.00473 -0.02908  0.29942  1.85976
15 22  1.31992  0.00539 -0.02309  0.31032  1.66253
15 23  1.32320  0.00601 -0.01821  0.31832  1.51194
15 24  1.32728  0.00673 -0.01144  0.32522  1.38837
15 25  1.32960  0.00841  0.00851  0.32369  1.37733
15 26  1.32347  0.01015  0.02676  0.31769  1.39616
15 27  1.31528  0.01162  0.04103  0.31017  1.39454
15 28  1.31775  0.01212  0.04937  0.30941  1.37932
15 29  1.31576  0.01289  0.06756  0.30050  1.38104
15 30  1.35431  0.01037  0.05992  0.31565  1.54764
15 31  1.37862  0.01031  0.05372  0.32817  1.96643
15 32  1.35584  0.00661  0.00736  0.33551  1.49922
15 33  1.34847  0.00498 -0.02320  0.33866  1.37723
15 34  1.33898  0.00403 -0.03593  0.33106  1.26089
15 35  1.32499  0.00347 -0.03715  0.31415  1.24846
15 36  1.27047  0.00477  0.02698  0.25387  1.54456
15 37  1.26993  0.00461  0.02107  0.25913  1.39591
15 38  1.28638  0.00352 -0.01044  0.27910  1.18621
15 39  1.29552  0.00318 -0.03394  0.29506  1.06151
15 40  1.29362  0.00363 -0.02889  0.29691  0.99614
15 41  1.29031  0.00386 -0.02875  0.29848  0.98410
15 42  1.27366  0.00447 -0.01896  0.29090  1.02779
15 43  1.26022  0.00535 -0.00436  0.28156  1.04917
15 44  1.24584  0.00612  0.00860  0.27102  1.11865
15 45  1.23785  0.00659  0.01797  0.26400  1.16106
15 46  1.22889  0.00758  0.04104  0.25070  1.27081
15 47  1.22300  0.00859  0.06598  0.23885  1.35778
15 48  1.21978  0.00873  0.07756  0.23119  1.37948
15 49  1.20900  0.00933  0.08184  0.22791  1.47302
15 50  1.27509  0.00521  0.01918  0.27091  2.21018
15 51  1.21749  0.00516  0.02087  0.24902  1.34279
15 52  1.26687  0.00339 -0.01555  0.27144  2.12191
15 53  1.26160  0.00286 -0.02168  0.26543  2.15126
15 54  1.23163  0.00261 -0.00885  0.23888  1.97868
15 55  1.26465  0.00196 -0.04877  0.26734  1.27646
15 56  1.28099  0.00204 -0.05257  0.28635  1.29074
15 57  1.24226  0.00285 -0.02006  0.24863  1.77768
15 58  1.28478  0.00279 -0.00674  0.28493  1.17659
15 59  1.28883  0.00318  0.00494  0.28920  1.18478
15 60  1.28923  0.00370  0.01899  0.29102  1.18614
15 61  1.29107  0.00408  0.02810  0.29354  1.19944
15 62  1.29250  0.00436  0.03420  0.29594  1.19300
15 63  1.29299  0.00468  0.04081  0.29759  1.18377
15 64  1.31929  0.00460  0.01253  0.32223  1.01894
15 65  1.28432  0.00590  0.06321  0.29381  1.11720
15 66  1.27734  0.00682  0.07724  0.28930  1.08500
15 67  1.27103  0.00774  0.08995  0.28471  1.07629
15 68  1.25985  0.00910  0.10659  0.27624  1.04201
15 69  1.25594  0.00935  0.11202  0.27272  1.03969
15 70  1.26624  0.00935  0.12176  0.27695  1.10883
15 71  1.30141  0.00568  0.03580  0.31024  1.07538
15 72  1.26258  0.00604  0.03661  0.30032  1.07743
15 73  1.26586  0.00576  0.02792  0.30467  1.11402
15 74  1.25937  0.00566  0.02253  0.30226  1.06252
15 75  1.24928  0.00572  0.02168  0.29635  0.98848
15 76  1.23910  0.00580  0.02246  0.28906  0.92969
15 77  1.23427  0.00578  0.02532  0.28388  0.91660
15 78  1.23356  0.00585  0.03758  0.27592  0.92089
15 79  1.22908  0.00613  0.05387  0.26614  0.94502
15 80  1.23494  0.00611  0.06094  0.26140  1.09529
15 81  1.21998  0.00702  0.07356  0.25388  1.09803
15 82  1.23462  0.00470  0.03457  0.26964  1.06783
15 83  1.23734  0.00377  0.01345  0.27551  1.08986
15 84  1.24845  0.00287 -0.00642  0.28023  1.32114
15 85  1.25818  0.00213 -0.02519  0.28203  1.44913
15 86  1.24854  0.00148 -0.04220  0.26907  1.38405
15 87  1.21473  0.00284  0.02833  0.24234  1.32331
15 88  1.23945  0.00137 -0.05910  0.27384  1.33398
15 89  1.26560  0.00125 -0.07359  0.28595  1.37778
15 90  1.26103  0.00121 -0.08001  0.28647  1.36407
15 91  1.29433  0.00305 -0.01058  0.30567  1.54850
15 92  1.26674  0.00389  0.01141  0.29328  1.61888
16 16  1.34399  0.00403 -0.07017  0.31231  2.06925
16 17  1.30748  0.00431 -0.05261  0.28878  2.25695
16 18  1.20137  0.01708  0.12435  0.16699  2.21841
16 19  1.33886  0.00479  0.00084  0.28228  2.70686
16 20  1.33279  0.00386 -0.03242  0.29828  1.99504
16 21  1.33334  0.00396 -0.04695  0.31318  1.73479
16 22  1.32746  0.00504 -0.03008  0.31550  1.62777
16 23  1.32596  0.00613 -0.01504  0.31862  1.49841
16 24  1.32688  0.00735  0.00044  0.32078  1.42383
16 25  1.33649  0.00900  0.01826  0.32365  1.42715
16 26  1.33233  0.01069  0.03467  0.31959  1.44096
16 27  1.32696  0.01204  0.04695  0.31431  1.43076
16 28  1.32968  0.01244  0.05307  0.31442  1.41843
16 29  1.35035  0.01160  0.05331  0.32082  1.60939
16 30  1.41631  0.01061  0.05183  0.34205  2.02132
16 31  1.36679  0.00732  0.01956  0.33731  1.47260
16 32  1.35920  0.00548 -0.01318  0.34189  1.37805
16 33  1.34773  0.00443 -0.02942  0.33580  1.23515
16 34  1.47134  0.00345 -0.05443  0.38235  2.35206
16 35  1.30830  0.00355 -0.03400  0.30516  1.17329
16 36  1.25170  0.00784  0.06558  0.22668  2.77894
16 37  1.28811  0.00386  0.00866  0.27558  1.17853
16 38  1.30032  0.00294 -0.02482  0.29007  1.06127
16 39  1.30929  0.00259 -0.05273  0.30476  1.04557
16 40  1.30344  0.00307 -0.04493  0.30318  1.07223
16 41  1.29072  0.00361 -0.03376  0.29700  1.08809
16 42  1.27303  0.00450 -0.01470  0.28679  1.10978
16 43  1.25775  0.00568  0.00596  0.27578  1.13831
16 44  1.24366  0.00644  0.01826  0.26553  1.21093
16 45  1.23571  0.00703  0.02924  0.25841  1.25514
16 46  1.22790  0.00796  0.04969  0.24726  1.34168
16 47  1.22060  0.00859  0.06625  0.23801  1.41147
16 48  1.21306  0.00892  0.07666  0.22957  1.45690
16 49  1.22093  0.00707  0.05448  0.24255  1.36792
16 50  1.22552  0.00545  0.02673  0.25243  1.33530
16 51  1.30775  0.00371 -0.01027  0.28679  2.66687
16 52  1.32437  0.00297 -0.02860  0.29243  2.91199
16 53  1.24649  0.00271 -0.02679  0.26000  2.03427
16 54  1.23122  0.00205 -0.03822  0.24267  2.01824
16 55  1.26160  0.00230 -0.02750  0.26681  1.20753
16 56  1.27853  0.00202 -0.05092  0.28657  1.21708
16 57  1.24712  0.00249 -0.02991  0.25393  1.62586
16 58  1.26948  0.00435  0.03858  0.27580  1.05103
16 59  1.26659  0.00536  0.05805  0.27506  1.07116
16 60  1.26543  0.00617  0.07084  0.27544  1.10658
16 61  1.26323  0.00691  0.08099  0.27535  1.10434
16 62  1.25874  0.00786  0.09284  0.27336  1.06396
16 63  1.25454  0.00883  0.10358  0.27116  1.03496
16 64  1.29564  0.00644  0.04797  0.30444  0.95705
16 65  1.24827  0.01078  0.12213  0.26709  1.01569
16 66  1.24224  0.01239  0.13563  0.26185  1.01447
16 67  1.23660  0.01381  0.14609  0.25655  1.02469
16 68  1.23368  0.01433  0.14954  0.25384  1.03573
16 69  1.23605  0.01314  0.14243  0.25647  1.00757
16 70  1.29201  0.00721  0.09134  0.29790  1.23032
16 71  1.31969  0.00532  0.03111  0.32014  1.19001
16 72  1.28589  0.00517  0.02134  0.31289  1.26070
16 73  1.27506  0.00529  0.02015  0.30814  1.16384
16 74  1.26073  0.00561  0.02395  0.29981  1.07199
16 75  1.24553  0.00606  0.03070  0.28969  0.97870
16 76  1.23706  0.00618  0.03254  0.28297  0.93176
16 77  1.23205  0.00639  0.03929  0.27701  0.91269
16 78  1.23585  0.00596  0.04287  0.27373  0.95934
16 79  1.23199  0.00597  0.05171  0.26642  1.00683
16 80  1.23448  0.00622  0.06023  0.26129  1.13870
16 81  1.24107  0.00531  0.04701  0.27007  1.17114
16 82  1.25267  0.00352  0.00680  0.28223  1.16825
16 83  1.24987  0.00319  0.00157  0.28047  1.19164
16 84  1.25993  0.00235 -0.02331  0.28523  1.36779
16 85  1.25559  0.00188 -0.03809  0.28149  1.36943
16 86  1.25665  0.00115 -0.07386  0.27542  1.45092
16 87  1.24138  0.00155 -0.03112  0.26334  1.31853
16 88  1.24530  0.00125 -0.06397  0.27738  1.25494
16 89  1.26844  0.00107 -0.08525  0.28911  1.31916
16 90  1.26608  0.00105 -0.09158  0.28924  1.34281
16 91  1.28553  0.00321 -0.00589  0.30027  1.44292
16 92  1.23915  0.00463  0.02897  0.27815  1.33303
17 17  1.30369  0.00454 -0.04276  0.28114  2.50616
17 18  1.33651  0.00456  0.02135  0.25197  3.03752
17 19  1.34147  0.00272 -0.04392  0.29391  1.95097
17 20  1.33252  0.00313 -0.04417  0.29715  1.87943
17 21  1.32999  0.00397 -0.03464  0.30453  1.76503
17 22  1.33601  0.00521 -0.01405  0.31150  1.64975
17 23  1.34353  0.00640  0.00150  0.31862  1.54021
17 24  1.34961  0.00744  0.01257  0.32438  1.47273
17 25  1.37467  0.00868  0.02399  0.33724  1.65030
17 26  1.34663  0.01123  0.04954  0.32121  1.47763
17 27  1.34093  0.01264  0.06038  0.31653  1.46687
17 28  1.33411  0.01313  0.06475  0.31188  1.44015
17 29  1.35269  0.01118  0.05183  0.32225  1.55899
17 30  1.37748  0.00857  0.04247  0.33171  1.47529
17 31  1.38234  0.00597  0.00557  0.34463  1.37626
17 32  1.37083  0.00463 -0.01628  0.34123  1.30008
17 33  1.34554  0.00405 -0.02682  0.32804  1.19252
17 34  1.32084  0.00378 -0.02999  0.31333  1.13961
17 35  1.29926  0.00355 -0.02956  0.29713  1.18234
17 36  1.30934  0.00256 -0.01222  0.27499  1.27662
17 37  1.32325  0.00207 -0.04033  0.29968  1.20234
17 38  1.31375  0.00204 -0.05272  0.29679  1.18143
17 39  1.30910  0.00236 -0.05202  0.29968  1.14601
17 40  1.29456  0.00313 -0.03149  0.29169  1.13046
17 41  1.28263  0.00385 -0.01533  0.28450  1.16357
17 42  1.26825  0.00484  0.00412  0.27585  1.20698
17 43  1.25744  0.00621  0.02619  0.26666  1.24983
17 44  1.24561  0.00701  0.03782  0.25772  1.32403
17 45  1.23743  0.00751  0.04554  0.25133  1.35969
17 46  1.22951  0.00809  0.05863  0.24319  1.42009
17 47  1.22368  0.00796  0.06145  0.24003  1.44220
17 48  1.33163  0.00550  0.03218  0.28491  2.82038
17 49  1.32550  0.00469  0.01701  0.28872  2.70787
17 50  1.33572  0.00381 -0.00138  0.29470  2.80019
17 51  1.26825  0.00308 -0.01726  0.26944  2.08531
17 52  1.24746  0.00289 -0.02018  0.25992  1.97936
17 53  1.22824  0.00269 -0.02302  0.25024  1.91290
17 54  1.21401  0.00268  0.00774  0.22932  1.85546
17 55  1.27799  0.00205 -0.02547  0.27341  1.20377
17 56  1.28198  0.00195 -0.04255  0.28442  1.20962
17 57  1.23735  0.00238 -0.02249  0.24724  1.54213
17 58  1.27626  0.00446  0.05143  0.27704  1.15270
17 59  1.27542  0.00581  0.07656  0.27631  1.19939
17 60  1.27603  0.00708  0.09521  0.27653  1.24796
17 61  1.27224  0.00845  0.11194  0.27447  1.24940
17 62  1.26595  0.00988  0.12654  0.27115  1.23610
17 63  1.26053  0.01133  0.13929  0.26793  1.23879
17 64  1.29125  0.00859  0.08803  0.29184  1.06515
17 65  1.25045  0.01454  0.16192  0.26052  1.24158
17 66  1.24543  0.01628  0.17198  0.25593  1.24914
17 67  1.24261  0.01713  0.17603  0.25360  1.25530
17 68  1.24509  0.01628  0.17066  0.25642  1.25749
17 69  1.27319  0.01090  0.13326  0.28026  1.37390
17 70  1.37933  0.00324  0.01897  0.35028  1.69725
17 71  1.33897  0.00448  0.02211  0.32622  1.32094
17 72  1.28261  0.00514  0.02986  0.30555  1.21823
17 73  1.27032  0.00554  0.03459  0.29805  1.13241
17 74  1.25763  0.00607  0.04166  0.28946  1.05577
17 75  1.24573  0.00667  0.04997  0.28064  0.98651
17 76  1.23668  0.00705  0.05542  0.27337  0.94768
17 77  1.23387  0.00685  0.05483  0.27037  0.97557
17 78  1.23718  0.00613  0.05227  0.26881  1.02342
17 79  1.23516  0.00569  0.05005  0.26646  1.06877
17 80  1.25590  0.00513  0.04920  0.27231  1.31687
17 81  1.26844  0.00410  0.02885  0.28315  1.36694
17 82  1.26529  0.00285 -0.00340  0.28389  1.31966
17 83  1.26394  0.00244 -0.01622  0.28395  1.33192
17 84  1.26151  0.00197 -0.03426  0.28306  1.33840
17 85  1.25325  0.00167 -0.04604  0.27844  1.30855
17 86  1.24953  0.00132 -0.04293  0.26551  1.31703
17 87  1.25697  0.00119 -0.04558  0.27240  1.35235
17 88  1.25792  0.00094 -0.08037  0.28038  1.32128
17 89  1.27348  0.00094 -0.08749  0.28664  1.36555
17 90  1.26143  0.00101 -0.08378  0.28143  1.36932
17 91  1.26186  0.00455  0.03912  0.27873  1.25683
17 92  1.22057  0.00655  0.07314  0.25773  1.14393
18 18  1.35708  0.00147 -0.05148  0.26620  2.43005
18 19  1.32031  0.00222 -0.01784  0.25272  2.28842
18 20  1.35443  0.00366  0.02792  0.25254  3.31252
18 21  1.34955  0.00505  0.04367  0.25650  3.04729
18 22  1.36902  0.00589  0.04258  0.27685  2.84066
18 23  1.33221  0.00762  0.05793  0.27251  1.94065
18 24  1.35157  0.00767  0.04934  0.29309  1.54201
18 25  1.37771  0.00844  0.05214  0.30905  1.36116
18 26  1.38522  0.00944  0.05660  0.31742  1.32565
18 27  1.37342  0.01061  0.06282  0.31385  1.36219
18 28  1.36133  0.01124  0.06518  0.30945  1.45808
18 29  1.36042  0.01078  0.08009  0.29803  1.35083
18 30  1.37431  0.01101  0.11911  0.28724  1.35466
18 31  1.38105  0.00619  0.06339  0.30396  1.15565
18 32  1.34503  0.00526  0.04298  0.28756  1.24716
18 33  1.36456  0.00586  0.04700  0.27909  2.88833
18 34  1.28269  0.00954  0.09528  0.23179  2.80023
18 35  1.30986  0.00334  0.02104  0.26668  1.40417
18 36  1.34254  0.00091 -0.07116  0.28640  1.33336
18 37  1.31617  0.00120 -0.05165  0.27260  1.39436
18 38  1.28718  0.00232  0.01128  0.24429  1.82593
18 39  1.27464  0.00332  0.02295  0.24495  1.83604
18 40  1.27308  0.00398  0.02623  0.24880  1.68595
18 41  1.28008  0.00373  0.01303  0.25773  1.36958
18 42  1.27280  0.00438  0.02041  0.25782  1.37327
18 43  1.27332  0.00518  0.03029  0.25853  1.46500
18 44  1.26650  0.00576  0.03719  0.25522  1.57387
18 45  1.37270  0.00463  0.00771  0.29954  2.93466
18 46  1.24321  0.00642  0.04709  0.24329  1.62148
18 47  1.24424  0.00660  0.07417  0.22746  1.69485
18 48  1.28349  0.00579  0.08088  0.23888  2.21806
18 49  1.27018  0.00439  0.05676  0.23978  1.94613
18 50  1.23344  0.00417  0.05099  0.22321  1.68387
18 51  1.19983  0.00533  0.07236  0.20080  2.07759
18 52  1.18416  0.00624  0.08888  0.19055  2.21717
18 53  1.21392  0.00285  0.03163  0.21610  1.83109
18 54  1.25742  0.00120 -0.02598  0.23820  2.14316
18 55  1.29553  0.00109 -0.04335  0.26042  1.40739
18 56  1.28072  0.00154 -0.02445  0.25987  1.27568
18 57  1.24275  0.00188 -0.00976  0.23065  1.69115
18 58  1.32336  0.00158 -0.00055  0.27960  1.35530
18 59  1.33279  0.00198  0.01827  0.28755  1.37444
18 60  1.33960  0.00236  0.03292  0.29382  1.38034
18 61  1.34361  0.00274  0.04537  0.29794  1.39548
18 62  1.34630  0.00313  0.05621  0.30106  1.41053
18 63  1.35025  0.00354  0.06643  0.30423  1.42225
18 64  1.35471  0.00484  0.07586  0.29644  1.29786
18 65  1.34568  0.00494  0.09449  0.30379  1.50227
18 66  1.34368  0.00524  0.09892  0.30347  1.48859
18 67  1.34226  0.00521  0.09757  0.30353  1.45283
18 68  1.34056  0.00456  0.08427  0.30383  1.37202
18 69  1.34003  0.00283  0.03988  0.30645  1.11127
18 70  1.36007  0.00139 -0.02281  0.31879  0.98524
18 71  1.33965  0.00314  0.03018  0.29184  0.96628
18 72  1.28412  0.00440  0.04457  0.28081  0.84721
18 73  1.28272  0.00459  0.04540  0.28322  1.05233
18 74  1.27302  0.00504  0.04758  0.28052  1.13473
18 75  1.26715  0.00542  0.05058  0.27778  1.24745
18 76  1.26283  0.00571  0.05324  0.27502  1.34140
18 77  1.25171  0.00603  0.05778  0.26879  1.30739
18 78  1.25021  0.00495  0.04310  0.26760  1.17727
18 79  1.24917  0.00459  0.05937  0.25129  1.11262
18 80  1.28722  0.00385  0.05776  0.26440  1.55589
18 81  1.28866  0.00277  0.03015  0.26879  1.39903
18 82  1.25607  0.00225  0.00962  0.25112  1.35006
18 83  1.24274  0.00242  0.01580  0.24412  1.48648
18 84  1.23552  0.00249  0.02035  0.23943  1.57689
18 85  1.25310  0.00130 -0.02476  0.25252  1.36524
18 86  1.28744  0.00050 -0.09060  0.26924  1.66569
18 87  1.26695  0.00042 -0.10751  0.25931  1.49741
18 88  1.25990  0.00049 -0.10514  0.26133  1.43143
18 89  1.28213  0.00051 -0.10969  0.27146  1.57883
18 90  1.27281  0.00057 -0.10459  0.26872  1.56784
18 91  1.36356  0.00402  0.06044  0.29753  2.54876
18 92  1.32354  0.00584  0.09411  0.27866  2.48684
19 19  1.31314  0.00460  0.06104  0.24441  2.42660
19 20  1.29814  0.02500  0.23874  0.20351  3.29236
19 21  1.33021  0.01140  0.12611  0.24814  2.98580
19 22  1.32025  0.00897  0.08172  0.26211  2.04801
19 23  1.35535  0.00696  0.04074  0.29617  1.55013
19 24  1.36627  0.00770  0.03702  0.31209  1.43844
19 25  1.39017  0.00881  0.04061  0.32933  1.44054
19 26  1.37759  0.01090  0.05480  0.32417  1.51971
19 27  1.39568  0.01346  0.06959  0.32646  2.01698
19 28  1.42958  0.01166  0.05742  0.34524  2.08238
19 29  1.34892  0.01316  0.09519  0.29644  1.48609
19 30  1.35119  0.02478  0.21467  0.25570  1.70921
19 31  1.35965  0.00977  0.11201  0.29363  1.20795
19 32  1.33493  0.00794  0.08318  0.28814  1.22589
19 33  1.30335  0.00795  0.07597  0.27358  1.44612
19 34  1.32522  0.00447  0.02323  0.29627  1.16486
19 35  1.35948  0.00217 -0.03477  0.31888  1.23001
19 36  1.33318  0.00118 -0.05193  0.28172  1.33505
19 37  1.30437  0.00241  0.01855  0.26293  1.59043
19 38  1.25194  0.01182  0.18194  0.21436  2.30901
19 39  1.26725  0.00520  0.06971  0.24059  1.80011
19 40  1.27856  0.00408  0.02761  0.25420  1.50234
19 41  1.27813  0.00412  0.01441  0.26275  1.36031
19 42  1.26907  0.00482  0.01977  0.26261  1.40900
19 43  1.26505  0.00573  0.02878  0.26183  1.50151
19 44  1.37335  0.00461 -0.00445  0.30895  2.90166
19 45  1.22548  0.00723  0.04434  0.24231  1.46589
19 46  1.22313  0.00767  0.06117  0.23554  1.52699
19 47  1.22322  0.00847  0.09070  0.22554  1.64594
19 48  1.27325  0.00955  0.13639  0.22856  2.54035
19 49  1.26230  0.00619  0.08969  0.23887  2.11257
19 50  1.23364  0.00558  0.07657  0.23207  1.79949
19 51  1.20375  0.00584  0.07844  0.21843  1.78872
19 52  1.21565  0.00389  0.04087  0.23154  1.75124
19 53  1.26632  0.00210 -0.00907  0.25962  2.18251
19 54  1.24365  0.00119 -0.02662  0.23239  1.95033
19 55  1.27254  0.00258  0.04519  0.24349  1.49511
19 56  1.28137  0.00226  0.02005  0.25467  1.34307
19 57  1.22467  0.00235  0.01004  0.22126  1.59714
19 58  1.29402  0.00572  0.11817  0.26021  1.47901
19 59  1.29963  0.00683  0.13043  0.26390  1.49578
19 60  1.30166  0.00797  0.14147  0.26561  1.51369
19 61  1.30183  0.00895  0.14881  0.26642  1.52622
19 62  1.30251  0.00975  0.15362  0.26766  1.53915
19 63  1.30209  0.01052  0.15810  0.26820  1.52961
19 64  1.28741  0.01315  0.16226  0.25071  1.42580
19 65  1.30236  0.01093  0.15728  0.27134  1.42629
19 66  1.30319  0.01066  0.15321  0.27360  1.37193
19 67  1.30178  0.00996  0.14545  0.27523  1.29324
19 68  1.30159  0.00814  0.12548  0.27949  1.15163
19 69  1.30918  0.00551  0.08990  0.28926  0.96189
19 70  1.36822  0.00417  0.09420  0.31426  1.50854
19 71  1.31196  0.00614  0.08689  0.27902  1.07613
19 72  1.28355  0.00529  0.06104  0.28032  0.94648
19 73  1.27670  0.00542  0.05289  0.28337  1.09057
19 74  1.26940  0.00562  0.04904  0.28280  1.17449
19 75  1.26163  0.00587  0.04765  0.28044  1.24433
19 76  1.25273  0.00602  0.04629  0.27674  1.28929
19 77  1.23311  0.00636  0.05011  0.26548  1.09048
19 78  1.23854  0.00562  0.05116  0.26420  1.10628
19 79  1.23680  0.00575  0.07100  0.25503  1.13677
19 80  1.27281  0.00574  0.09890  0.25521  1.61808
19 81  1.27434  0.00420  0.06724  0.26501  1.43857
19 82  1.25454  0.00323  0.04134  0.25920  1.24961
19 83  1.24839  0.00321  0.03855  0.25863  1.25363
19 84  1.25450  0.00234  0.01054  0.26562  1.23394
19 85  1.27410  0.00152 -0.02035  0.27858  1.35308
19 86  1.28098  0.00047 -0.09488  0.26547  1.48530
19 87  1.26117  0.00059 -0.07587  0.25557  1.43252
19 88  1.25370  0.00071 -0.06806  0.25487  1.43040
19 89  1.27561  0.00066 -0.08832  0.26774  1.52488
19 90  1.26850  0.00072 -0.08878  0.26868  1.52701
19 91  1.32808  0.00464  0.07208  0.27959  2.19684
19 92  1.29148  0.00640  0.09895  0.26149  2.20333
20 20  1.27986  0.02955  0.24918  0.18625  3.07867
20 21  1.31307  0.00884  0.08014  0.25681  2.19592
20 22  1.36377  0.00572  0.01157  0.30889  1.54659
20 23  1.38348  0.00708  0.01685  0.33086  1.57654
20 24  1.44485  0.00858  0.02183  0.36079  2.15624
20 25  1.40152  0.01134  0.04375  0.34117  1.92386
20 26  1.36644  0.01346  0.05716  0.32358  1.82352
20 27  1.35051  0.01222  0.04740  0.32301  1.44306
20 28  1.38641  0.01295  0.06122  0.33090  1.88740
20 29  1.34158  0.01394  0.10049  0.29328  1.42128
20 30  1.36584  0.02233  0.20847  0.26225  1.69693
20 31  1.36701  0.00840  0.08886  0.30369  1.15032
20 32  1.34348  0.00692  0.05750  0.30084  1.15904
20 33  1.34562  0.00460  0.01014  0.31238  1.09952
20 34  1.35406  0.00368 -0.00586  0.32184  1.03493
20 35  1.36345  0.00223 -0.04529  0.32564  1.13714
20 36  1.32544  0.00214 -0.00011  0.26842  1.67287
20 37  1.26850  0.01073  0.16798  0.22691  2.20912
20 38  1.27990  0.00640  0.11934  0.23369  1.88029
20 39  1.27014  0.00435  0.03623  0.25118  1.65388
20 40  1.27945  0.00383  0.00252  0.26850  1.34516
20 41  1.27249  0.00431  0.00147  0.27136  1.38949
20 42  1.25954  0.00528  0.01284  0.26776  1.40238
20 43  1.24417  0.00650  0.02652  0.26017  1.36740
20 44  1.22478  0.00728  0.03432  0.24884  1.45201
20 45  1.22103  0.00739  0.03893  0.24634  1.46083
20 46  1.21843  0.00786  0.05734  0.23763  1.52434
20 47  1.21510  0.00919  0.09750  0.22148  1.65739
20 48  1.28896  0.00817  0.12707  0.23339  2.62826
20 49  1.26455  0.00525  0.06929  0.24525  2.02128
20 50  1.23577  0.00482  0.05487  0.23969  1.71188
20 51  1.22135  0.00405  0.03373  0.23731  1.70207
20 52  1.23333  0.00329  0.01813  0.24853  1.70610
20 53  1.25590  0.00210 -0.01768  0.25968  1.96272
20 54  1.22533  0.00182  0.01070  0.22043  1.86103
20 55  1.24892  0.00592  0.11958  0.22256  1.82187
20 56  1.28153  0.00270  0.02391  0.25747  1.30489
20 57  1.23192  0.00224 -0.00860  0.23260  1.63054
20 58  1.25529  0.01326  0.19138  0.22689  1.63020
20 59  1.26412  0.01306  0.18256  0.23418  1.58183
20 60  1.27046  0.01297  0.17579  0.23958  1.56258
20 61  1.27066  0.01307  0.17186  0.24185  1.50180
20 62  1.26781  0.01312  0.16818  0.24263  1.40613
20 63  1.26535  0.01328  0.16578  0.24299  1.32630
20 64  1.25402  0.01576  0.16003  0.22605  1.73881
20 65  1.26081  0.01409  0.16619  0.24167  1.27510
20 66  1.25756  0.01463  0.16835  0.23967  1.30844
20 67  1.25561  0.01434  0.16575  0.23931  1.36292
20 68  1.25838  0.01291  0.15680  0.24312  1.40297
20 69  1.28660  0.00907  0.13412  0.26595  1.11748
20 70  2.19585  0.00011 -0.25176  0.62779  2.92554
20 71  1.30171  0.00590  0.07004  0.27873  1.02696
20 72  1.28126  0.00540  0.04672  0.28860  1.10532
20 73  1.27345  0.00589  0.04556  0.28927  1.20153
20 74  1.26451  0.00619  0.04383  0.28676  1.22383
20 75  1.24608  0.00678  0.04813  0.27744  1.11899
20 76  1.22958  0.00718  0.05094  0.26759  1.01650
20 77  1.22711  0.00708  0.05375  0.26508  1.03711
20 78  1.23350  0.00564  0.04573  0.26437  1.07409
20 79  1.23614  0.00525  0.05949  0.25641  1.07669
20 80  1.30165  0.00479  0.08672  0.26351  1.85774
20 81  1.28439  0.00368  0.05116  0.27217  1.40537
20 82  1.25775  0.00294  0.02601  0.26338  1.22229
20 83  1.25998  0.00265  0.01214  0.27014  1.17625
20 84  1.26955  0.00225  0.00109  0.27834  1.20883
20 85  1.28119  0.00147 -0.03043  0.28405  1.32457
20 86  1.27355  0.00070 -0.06129  0.25804  1.37870
20 87  1.25670  0.00121 -0.00522  0.24990  1.47401
20 88  1.25748  0.00083 -0.06369  0.25917  1.36087
20 89  1.28383  0.00078 -0.08540  0.27681  1.48657
20 90  1.27450  0.00088 -0.08430  0.27710  1.48464
20 91  1.34032  0.00502  0.05611  0.29216  2.45883
20 92  1.33524  0.00634  0.07378  0.28650  2.85900
21 21  1.38130  0.00561 -0.00294  0.32505  1.73276
21 22  1.43782  0.00706  0.00157  0.36130  2.14577
21 23  1.41138  0.00877  0.01279  0.35661  1.90405
21 24  1.37805  0.01008  0.01981  0.34393  1.79591
21 25  1.33798  0.01281  0.03930  0.32276  1.49400
21 26  1.33691  0.01300  0.03859  0.32512  1.47967
21 27  1.34640  0.01273  0.03995  0.32912  1.48826
21 28  1.40021  0.01199  0.04516  0.34612  1.84836
21 29  1.34993  0.01225  0.07793  0.30720  1.35253
21 30  1.37803  0.01130  0.11036  0.30164  1.32837
21 31  1.37246  0.00736  0.05592  0.32047  1.07393
21 32  1.36084  0.00541  0.01397  0.32572  1.02454
21 33  1.36454  0.00445 -0.00539  0.33386  1.00812
21 34  1.37174  0.00334 -0.03025  0.34108  1.01859
21 35  1.36412  0.00266 -0.04176  0.33135  1.10250
21 36  1.32800  0.00292  0.01455  0.27195  1.66236
21 37  1.29629  0.00535  0.07004  0.25688  1.79972
21 38  1.28191  0.00536  0.05883  0.25339  1.74803
21 39  1.29240  0.00368 -0.00802  0.28540  1.31691
21 40  1.27612  0.00472  0.00308  0.28071  1.26601
21 41  1.26181  0.00517  0.00254  0.27689  1.27563
21 42  1.24428  0.00590  0.00833  0.26953  1.31425
21 43  1.23187  0.00730  0.02360  0.26085  1.38977
21 44  1.22716  0.00702  0.02022  0.25940  1.40637
21 45  1.22152  0.00740  0.03111  0.25260  1.45164
21 46  1.21850  0.00759  0.04787  0.24320  1.50200
21 47  1.21607  0.00872  0.08561  0.22715  1.62989
21 48  1.28186  0.00658  0.08453  0.24695  2.38223
21 49  1.26212  0.00527  0.05667  0.25322  1.89983
21 50  1.24943  0.00419  0.02859  0.25588  1.70465
21 51  1.23073  0.00397  0.02254  0.25094  1.60040
21 52  1.23891  0.00324  0.00660  0.25838  1.60286
21 53  1.25382  0.00233 -0.01821  0.26293  1.89347
21 54  1.21711  0.00233  0.01815  0.21940  1.83036
21 55  1.28358  0.00271  0.01877  0.25702  1.35461
21 56  1.30258  0.00316  0.00929  0.28419  1.49577
21 57  1.22306  0.00318  0.00515  0.23837  1.58822
21 58  1.28928  0.00591  0.07781  0.26623  1.50400
21 59  1.28936  0.00648  0.08102  0.26737  1.45279
21 60  1.28344  0.00699  0.08332  0.26529  1.32837
21 61  1.27013  0.00727  0.08091  0.25920  1.15955
21 62  1.25870  0.00826  0.08874  0.25191  1.24220
21 63  1.24885  0.00944  0.09844  0.24493  1.35598
21 64  1.28264  0.00887  0.07010  0.28225  1.04285
21 65  1.23211  0.01218  0.12062  0.23234  1.49996
21 66  1.24383  0.01140  0.11752  0.24149  1.37683
21 67  1.25382  0.01075  0.11489  0.24943  1.26275
21 68  1.27176  0.00935  0.10897  0.26294  1.07266
21 69  1.30139  0.00701  0.09486  0.28477  0.89852
21 70  1.34411  0.00930  0.15000  0.29542  1.45277
21 71  1.33327  0.00530  0.03565  0.31449  1.23457
21 72  1.26587  0.00690  0.05272  0.28941  1.10631
21 73  1.25569  0.00698  0.04709  0.28740  1.07765
21 74  1.24234  0.00721  0.04487  0.28148  1.02785
21 75  1.23093  0.00750  0.04478  0.27460  0.96655
21 76  1.22946  0.00732  0.04336  0.27346  0.95978
21 77  1.22583  0.00746  0.05145  0.26750  0.96605
21 78  1.23078  0.00630  0.04914  0.26427  1.02981
21 79  1.23038  0.00649  0.07359  0.25216  1.05572
21 80  1.28553  0.00504  0.07267  0.26788  1.53474
21 81  1.28421  0.00427  0.05335  0.27784  1.35143
21 82  1.26574  0.00312  0.02003  0.27350  1.20060
21 83  1.27532  0.00264  0.00254  0.28372  1.21954
21 84  1.27544  0.00252  0.00293  0.28557  1.17531
21 85  1.28635  0.00169 -0.02794  0.28892  1.32591
21 86  1.27133  0.00101 -0.04356  0.25959  1.31256
21 87  1.25309  0.00173  0.00858  0.24975  1.43024
21 88  1.26413  0.00128 -0.04699  0.27376  1.34276
21 89  1.28257  0.00135 -0.05359  0.28407  1.40794
21 90  1.27489  0.00141 -0.05719  0.28405  1.40135
21 91  1.24338  0.00686  0.06169  0.26281  1.32442
21 92  1.20454  0.00842  0.07741  0.24432  1.25252
22 22  1.40523  0.00889  0.01068  0.35372  1.84424
22 23  1.34402  0.01074  0.02161  0.33039  1.41436
22 24  1.32672  0.01210  0.02731  0.32183  1.51824
22 25  1.34252  0.01289  0.02811  0.33251  1.60453
22 26  1.33148  0.01371  0.03675  0.32562  1.48886
22 27  1.34576  0.01272  0.03706  0.33186  1.37553
22 28  1.40735  0.01218  0.04481  0.34982  1.87421
22 29  1.34445  0.01291  0.08019  0.30470  1.37312
22 30  1.37181  0.01203  0.10728  0.30316  1.31120
22 31  1.37095  0.00807  0.05715  0.32293  1.07125
22 32  1.37596  0.00523  0.00382  0.33919  1.04063
22 33  1.37090  0.00483 -0.00324  0.34075  0.99279
22 34  1.37352  0.00374 -0.02668  0.34483  1.01436
22 35  1.35553  0.00361 -0.01765  0.32771  1.05114
22 36  1.32827  0.00376  0.02376  0.27933  1.55910
22 37  1.31316  0.00447  0.03575  0.27424  1.51113
22 38  1.31008  0.00399  0.00993  0.28276  1.33259
22 39  1.29711  0.00499  0.00893  0.29309  1.27809
22 40  1.27869  0.00572  0.00943  0.28796  1.22819
22 41  1.25794  0.00649  0.01348  0.27943  1.24057
22 42  1.23827  0.00728  0.01851  0.26997  1.35045
22 43  1.22901  0.00745  0.01805  0.26531  1.37719
22 44  1.22335  0.00756  0.02268  0.26004  1.42605
22 45  1.22037  0.00771  0.03299  0.25293  1.48277
22 46  1.21767  0.00800  0.05150  0.24235  1.55108
22 47  1.21716  0.00911  0.08718  0.22885  1.62963
22 48  1.28036  0.00699  0.08341  0.25071  2.31855
22 49  1.26285  0.00561  0.05670  0.25692  1.88588
22 50  1.24716  0.00465  0.03282  0.25796  1.64557
22 51  1.22773  0.00439  0.02757  0.25154  1.55425
22 52  1.25805  0.00301 -0.00834  0.26962  1.86822
22 53  1.24236  0.00291 -0.00278  0.25916  1.78759
22 54  1.21302  0.00287  0.02356  0.22372  1.75682
22 55  1.28700  0.00364  0.02800  0.26703  1.47944
22 56  1.28892  0.00465  0.03200  0.28071  1.49723
22 57  1.21945  0.00384  0.01238  0.24003  1.58753
22 58  1.27282  0.00818  0.08369  0.26551  1.68535
22 59  1.25013  0.01056  0.10153  0.25432  1.60524
22 60  1.24901  0.01079  0.09855  0.25690  1.57909
22 61  1.48011  0.00499  0.00782  0.37054  2.70792
22 62  1.26514  0.00907  0.07515  0.27347  1.48303
22 63  1.28618  0.00816  0.06520  0.28469  1.59675
22 64  1.27854  0.00916  0.05891  0.29006  1.01273
22 65  1.24107  0.01023  0.09071  0.24851  1.32883
22 66  1.25585  0.00965  0.09182  0.25487  1.21728
22 67  1.26891  0.00899  0.08987  0.26484  1.05649
22 68  1.28282  0.00834  0.09014  0.27506  0.92713
22 69  1.29811  0.00772  0.09490  0.28538  0.96967
22 70  1.32040  0.01112  0.15083  0.28345  1.30401
22 71  1.31736  0.00715  0.05325  0.30839  1.16813
22 72  1.25030  0.00835  0.06070  0.28384  1.06599
22 73  1.24260  0.00782  0.04770  0.28359  1.05611
22 74  1.22811  0.00825  0.04878  0.27538  0.92657
22 75  1.22657  0.00786  0.04301  0.27546  0.91107
22 76  1.22241  0.00795  0.04721  0.27054  0.91919
22 77  1.22415  0.00794  0.05509  0.26652  0.93648
22 78  1.23158  0.00722  0.05947  0.26240  0.97480
22 79  1.23368  0.00752  0.08420  0.25245  1.05492
22 80  1.29105  0.00560  0.07588  0.27235  1.51964
22 81  1.28853  0.00482  0.05895  0.28086  1.37899
22 82  1.27313  0.00359  0.02740  0.27861  1.19801
22 83  1.27538  0.00332  0.01988  0.28390  1.18525
22 84  1.29022  0.00249 -0.00523  0.29358  1.33264
22 85  1.28488  0.00211 -0.01322  0.28850  1.30316
22 86  1.27336  0.00140 -0.02688  0.26546  1.24560
22 87  1.24804  0.00224  0.01917  0.24801  1.44399
22 88  1.26112  0.00189 -0.02134  0.27461  1.30025
22 89  1.28672  0.00181 -0.03665  0.28827  1.39941
22 90  1.28110  0.00184 -0.04253  0.28944  1.39187
22 91  1.23817  0.00709  0.05131  0.26523  1.31642
22 92  1.20389  0.00778  0.05663  0.25168  1.19125
23 23  1.35171  0.01217  0.02376  0.33418  1.67157
23 24  1.32468  0.01254  0.02284  0.32603  1.44297
23 25  1.33248  0.01352  0.02900  0.32907  1.50066
23 26  1.34000  0.01347  0.03452  0.33172  1.45472
23 27  1.34742  0.01255  0.03607  0.33336  1.30392
23 28  1.35136  0.01309  0.05585  0.32390  1.39804
23 29  1.33805  0.01383  0.08589  0.30080  1.37303
23 30  1.37184  0.01212  0.10125  0.30768  1.28924
23 31  1.37478  0.00821  0.05251  0.32871  1.06659
23 32  1.37782  0.00609  0.01552  0.34264  1.00856
23 33  1.37646  0.00504 -0.00435  0.34715  0.99205
23 34  1.36865  0.00430 -0.01771  0.34320  1.01554
23 35  1.35133  0.00440 -0.00275  0.32563  1.07524
23 36  1.33003  0.00442  0.02901  0.28521  1.41861
23 37  1.32351  0.00443  0.02210  0.28798  1.32093
23 38  1.32557  0.00437  0.00414  0.29936  1.43169
23 39  1.29275  0.00598  0.01690  0.29374  1.30052
23 40  1.27075  0.00677  0.01730  0.28577  1.27323
23 41  1.25086  0.00748  0.01949  0.27696  1.33088
23 42  1.23987  0.00762  0.01764  0.27456  1.34737
23 43  1.23066  0.00804  0.02342  0.26767  1.37776
23 44  1.22691  0.00788  0.02697  0.26338  1.37203
23 45  1.22342  0.00785  0.03473  0.25704  1.41982
23 46  1.21800  0.00870  0.06024  0.24158  1.57757
23 47  1.21825  0.00956  0.09045  0.23029  1.63258
23 48  1.28081  0.00711  0.08000  0.25494  2.23316
23 49  1.26643  0.00572  0.05371  0.26185  1.84900
23 50  1.26022  0.00451  0.02491  0.26759  1.70278
23 51  1.23118  0.00459  0.02773  0.25517  1.57229
23 52  1.24441  0.00357  0.00449  0.26370  1.76329
23 53  1.23082  0.00352  0.01099  0.25419  1.73384
23 54  1.21477  0.00319  0.02493  0.22835  1.73073
23 55  1.27788  0.00483  0.04293  0.26529  1.54378
23 56  1.27591  0.00586  0.04333  0.27583  1.53514
23 57  1.20837  0.00477  0.02588  0.23616  1.53388
23 58  1.24446  0.00939  0.08162  0.25633  1.50690
23 59  1.22412  0.01109  0.09139  0.24693  1.33406
23 60  1.22459  0.01119  0.08814  0.25086  1.27804
23 61  1.22617  0.01135  0.08724  0.25443  1.22902
23 62  1.25324  0.00894  0.06152  0.27482  1.30526
23 63  1.25669  0.00911  0.06457  0.27660  1.26169
23 64  1.30076  0.00825  0.04093  0.30819  1.21985
23 65  1.26682  0.00935  0.07507  0.27800  1.19134
23 66  1.27150  0.00926  0.08030  0.27708  1.06899
23 67  1.28065  0.00892  0.08508  0.27763  1.03955
23 68  1.28668  0.00884  0.09133  0.27959  1.06047
23 69  1.29146  0.00878  0.09967  0.28251  1.04631
23 70  1.30853  0.01240  0.14967  0.27676  1.29171
23 71  1.30819  0.00805  0.05658  0.30437  1.18316
23 72  1.23754  0.00937  0.06419  0.27690  1.01759
23 73  1.22711  0.00931  0.05824  0.27365  0.97373
23 74  1.22605  0.00853  0.04724  0.27651  0.96825
23 75  1.22189  0.00834  0.04647  0.27321  0.94608
23 76  1.22220  0.00833  0.05160  0.26960  0.92058
23 77  1.22448  0.00806  0.05595  0.26694  0.94608
23 78  1.22624  0.00813  0.07109  0.25826  0.95486
23 79  1.23530  0.00806  0.08913  0.25374  1.05217
23 80  1.29337  0.00598  0.07726  0.27530  1.50058
23 81  1.29564  0.00512  0.05986  0.28529  1.43079
23 82  1.28400  0.00380  0.02781  0.28527  1.22387
23 83  1.28079  0.00372  0.02684  0.28691  1.19770
23 84  1.28944  0.00289  0.00456  0.29269  1.30092
23 85  1.28356  0.00257 -0.00023  0.28739  1.29360
23 86  1.27815  0.00179 -0.01363  0.27061  1.25612
23 87  1.24562  0.00269  0.02568  0.24696  1.46709
23 88  1.26249  0.00237 -0.00866  0.27619  1.31953
23 89  1.29137  0.00222 -0.02531  0.29154  1.42775
23 90  1.28015  0.00229 -0.02950  0.28992  1.37048
23 91  1.23880  0.00693  0.03986  0.26935  1.33890
23 92  1.20879  0.00703  0.03886  0.26041  1.13043
24 24  1.34468  0.01208  0.01660  0.33707  1.47238
24 25  1.34124  0.01333  0.02990  0.33354  1.44709
24 26  1.34642  0.01287  0.03207  0.33588  1.37489
24 27  1.39402  0.01261  0.03604  0.35027  1.82275
24 28  1.34914  0.01356  0.06107  0.32099  1.38644
24 29  1.34027  0.01411  0.08734  0.30259  1.36284
24 30  1.37431  0.01176  0.09257  0.31372  1.25110
24 31  1.38022  0.00809  0.04571  0.33532  1.04827
24 32  1.38262  0.00624  0.01404  0.34767  1.01167
24 33  1.37728  0.00527 -0.00413  0.34984  0.99859
24 34  1.35904  0.00516 -0.00214  0.33723  1.02369
24 35  1.34164  0.00537  0.01285  0.31960  1.14229
24 36  1.33066  0.00501  0.03384  0.28767  1.35913
24 37  1.31689  0.00545  0.03127  0.28905  1.35247
24 38  1.30593  0.00601  0.02667  0.29230  1.42757
24 39  1.27872  0.00681  0.02229  0.28839  1.32079
24 40  1.25917  0.00759  0.02275  0.28017  1.38585
24 41  1.25078  0.00749  0.01619  0.27980  1.37729
24 42  1.23958  0.00771  0.01880  0.27426  1.40826
24 43  1.23111  0.00790  0.02363  0.26737  1.39741
24 44  1.22677  0.00755  0.02440  0.26349  1.38967
24 45  1.22128  0.00765  0.03309  0.25483  1.44450
24 46  1.21794  0.00887  0.06342  0.24159  1.54798
24 47  1.22159  0.00943  0.08809  0.23427  1.57931
24 48  1.27291  0.00717  0.07655  0.25507  2.05703
24 49  1.26489  0.00577  0.05044  0.26405  1.74588
24 50  1.26458  0.00458  0.02317  0.27217  1.68825
24 51  1.22688  0.00493  0.03174  0.25357  1.54894
24 52  1.23081  0.00417  0.01648  0.25698  1.67874
24 53  1.21938  0.00423  0.02418  0.24818  1.71762
24 54  1.21048  0.00386  0.03288  0.22926  1.78258
24 55  1.26374  0.00605  0.05472  0.25838  1.64427
24 56  1.24782  0.00764  0.06115  0.26106  1.44855
24 57  1.19642  0.00543  0.03142  0.23109  1.51535
24 58  1.23267  0.00926  0.06854  0.25597  1.40001
24 59  1.21568  0.01083  0.07912  0.24732  1.29159
24 60  1.22609  0.00994  0.06789  0.25836  1.22204
24 61  1.23296  0.00989  0.06676  0.26432  1.19494
24 62  1.23148  0.01096  0.07857  0.26180  1.16804
24 63  1.25628  0.00962  0.06725  0.27683  1.33885
24 64  1.28360  0.00974  0.05643  0.29771  0.97291
24 65  1.27451  0.00963  0.07581  0.28141  1.43403
24 66  1.27108  0.01007  0.08537  0.27702  1.27370
24 67  1.27343  0.01040  0.09443  0.27541  1.24114
24 68  1.27804  0.01023  0.09952  0.27588  1.18306
24 69  1.28473  0.00988  0.10537  0.27812  1.13124
24 70  1.30450  0.01319  0.14548  0.27459  1.38702
24 71  1.28593  0.00899  0.06180  0.29296  1.09109
24 72  1.22778  0.00989  0.06452  0.27107  1.00429
24 73  1.22875  0.00872  0.04834  0.27682  1.01048
24 74  1.22512  0.00859  0.04721  0.27450  0.97609
24 75  1.22496  0.00846  0.04901  0.27267  0.96176
24 76  1.22558  0.00831  0.05198  0.27070  0.96070
24 77  1.22750  0.00804  0.05597  0.26747  0.99610
24 78  1.22580  0.00842  0.07524  0.25695  0.98487
24 79  1.23525  0.00827  0.09037  0.25391  1.07232
24 80  1.27856  0.00646  0.08144  0.27111  1.43876
24 81  1.28439  0.00544  0.06256  0.28275  1.41028
24 82  1.27918  0.00378  0.02393  0.28483  1.21633
24 83  1.28093  0.00398  0.02957  0.28640  1.16481
24 84  1.28769  0.00328  0.01240  0.29080  1.27613
24 85  1.28256  0.00304  0.01054  0.28591  1.29623
24 86  1.27929  0.00230  0.00050  0.27312  1.29839
24 87  1.24758  0.00289  0.02355  0.24925  1.41300
24 88  1.26219  0.00285  0.00121  0.27615  1.36388
24 89  1.28409  0.00275 -0.01222  0.28801  1.40163
24 90  1.27401  0.00273 -0.01931  0.28635  1.37026
24 91  1.24154  0.00651  0.02913  0.27459  1.32198
24 92  1.20846  0.00726  0.04007  0.26086  1.15302
25 25  1.36298  0.01362  0.03363  0.33622  1.65304
25 26  1.36323  0.01378  0.04051  0.33354  1.71228
25 27  1.33979  0.01461  0.05723  0.31569  1.46998
25 28  1.34674  0.01526  0.07547  0.31142  1.47881
25 29  1.33918  0.01562  0.09773  0.29606  1.45970
25 30  1.37971  0.01199  0.09083  0.31609  1.30831
25 31  1.38609  0.00819  0.04280  0.33916  1.09241
25 32  1.38211  0.00677  0.01904  0.34639  1.02514
25 33  1.36871  0.00615  0.00889  0.34185  1.01254
25 34  1.34922  0.00632  0.01593  0.32825  1.08839
25 35  1.33631  0.00664  0.03086  0.31323  1.22281
25 36  1.33618  0.00578  0.04016  0.29181  1.37499
25 37  1.32714  0.00626  0.03708  0.29539  1.48752
25 38  1.30058  0.00742  0.04071  0.28861  1.48828
25 39  1.27013  0.00864  0.04119  0.28029  1.39999
25 40  1.26360  0.00834  0.02843  0.28217  1.36645
25 41  1.25690  0.00870  0.03102  0.27899  1.39330
25 42  1.25098  0.00878  0.03332  0.27604  1.40511
25 43  1.24585  0.00860  0.03296  0.27279  1.35502
25 44  1.24132  0.00846  0.03634  0.26777  1.36361
25 45  1.23199  0.00925  0.05442  0.25580  1.39317
25 46  1.22928  0.01015  0.07819  0.24498  1.44717
25 47  1.25827  0.00908  0.08310  0.25319  1.84371
25 48  1.27953  0.00743  0.07681  0.25801  1.98632
25 49  1.27417  0.00593  0.04913  0.26760  1.77724
25 50  1.26208  0.00547  0.03816  0.26749  1.69053
25 51  1.22528  0.00577  0.04406  0.24837  1.60308
25 52  1.22675  0.00524  0.03551  0.24890  1.79527
25 53  1.22139  0.00530  0.04171  0.24303  1.90735
25 54  1.21543  0.00478  0.04594  0.22842  1.93790
25 55  1.27209  0.00769  0.06966  0.25672  1.97525
25 56  1.22870  0.00955  0.07565  0.24597  1.42601
25 57  1.18955  0.00698  0.05152  0.22053  1.54381
25 58  1.22428  0.01005  0.06874  0.24996  1.29861
25 59  1.22101  0.01101  0.07615  0.24987  1.25024
25 60  1.22144  0.01174  0.08252  0.25015  1.23001
25 61  1.22332  0.01240  0.08918  0.25033  1.21314
25 62  1.23258  0.01203  0.08768  0.25611  1.17839
25 63  1.23454  0.01278  0.09647  0.25519  1.16724
25 64  1.28074  0.01063  0.06388  0.29137  0.95817
25 65  1.32083  0.01065  0.08378  0.29421  2.02425
25 66  1.30384  0.01124  0.09431  0.28442  1.82362
25 67  1.28853  0.01172  0.10348  0.27563  1.61599
25 68  1.28045  0.01164  0.10846  0.27109  1.40935
25 69  1.27974  0.01137  0.11386  0.26993  1.22041
25 70  1.30393  0.01395  0.14223  0.26887  1.31007
25 71  1.28960  0.01048  0.07153  0.28611  1.02637
25 72  1.22780  0.01097  0.07130  0.26654  0.99960
25 73  1.22827  0.01030  0.06392  0.26916  0.98425
25 74  1.22865  0.01004  0.06344  0.26927  0.97406
25 75  1.22941  0.00981  0.06423  0.26891  0.96578
25 76  1.23186  0.00929  0.06322  0.26857  0.99438
25 77  1.23004  0.00966  0.07537  0.26189  0.97289
25 78  1.23069  0.01021  0.09442  0.25375  0.99454
25 79  1.24681  0.00926  0.10006  0.25736  1.18326
25 80  1.28898  0.00694  0.08517  0.27613  1.42961
25 81  1.29617  0.00581  0.06506  0.28592  1.47976
25 82  1.28168  0.00480  0.04439  0.28291  1.19791
25 83  1.26820  0.00501  0.04923  0.27736  1.09493
25 84  1.27875  0.00425  0.03394  0.28228  1.21026
25 85  1.29260  0.00384  0.02774  0.28469  1.28171
25 86  1.30121  0.00296  0.01566  0.27790  1.26206
25 87  1.26790  0.00356  0.03481  0.25267  1.26864
25 88  1.27565  0.00383  0.02347  0.27525  1.28365
25 89  1.30179  0.00346  0.00420  0.28868  1.35276
25 90  1.29599  0.00340 -0.00106  0.28911  1.35465
25 91  1.25421  0.00735  0.03903  0.27153  1.30953
25 92  1.21385  0.00835  0.05267  0.25399  1.15683
26 26  1.34471  0.01467  0.05316  0.31691  1.49213
26 27  1.33811  0.01583  0.07047  0.30811  1.51477
26 28  1.34792  0.01576  0.08256  0.30983  1.43433
26 29  1.34479  0.01477  0.09267  0.30109  1.39860
26 30  1.37660  0.01151  0.08359  0.31754  1.27598
26 31  1.38052  0.00854  0.04492  0.33759  1.08448
26 32  1.37322  0.00712  0.02225  0.34184  1.03408
26 33  1.35263  0.00714  0.02306  0.33051  1.09341
26 34  1.33603  0.00745  0.03099  0.31857  1.18340
26 35  1.32756  0.00781  0.04430  0.30635  1.33427
26 36  1.33317  0.00667  0.04743  0.29172  1.46776
26 37  1.32758  0.00727  0.04525  0.29552  1.73060
26 38  1.27935  0.00913  0.05716  0.27610  1.48787
26 39  1.26901  0.00899  0.04310  0.28077  1.42137
26 40  1.26256  0.00899  0.03785  0.27956  1.40219
26 41  1.25883  0.00905  0.03914  0.27787  1.39289
26 42  1.25250  0.00895  0.03895  0.27545  1.39046
26 43  1.24756  0.00905  0.04198  0.27091  1.38808
26 44  1.24294  0.00921  0.04895  0.26490  1.41165
26 45  1.23663  0.00994  0.06480  0.25564  1.43834
26 46  1.24063  0.00996  0.07815  0.25164  1.52970
26 47  1.26101  0.00869  0.07866  0.25784  1.75018
26 48  1.26987  0.00689  0.06733  0.26031  1.74011
26 49  1.26768  0.00589  0.04579  0.26706  1.71957
26 50  1.25471  0.00584  0.04285  0.26402  1.66455
26 51  1.22491  0.00598  0.04478  0.24794  1.65155
26 52  1.21738  0.00605  0.04742  0.24298  1.72690
26 53  1.21467  0.00612  0.05262  0.23863  1.87040
26 54  1.21507  0.00539  0.05163  0.22903  1.95341
26 55  1.23769  0.00943  0.08399  0.23958  1.73625
26 56  1.21266  0.01093  0.08429  0.23505  1.40504
26 57  1.18930  0.00742  0.05582  0.21979  1.59439
26 58  1.21666  0.01137  0.08168  0.24348  1.32355
26 59  1.21748  0.01194  0.08616  0.24421  1.29732
26 60  1.21986  0.01248  0.09146  0.24536  1.26721
26 61  1.22326  0.01288  0.09607  0.24680  1.23887
26 62  1.22852  0.01306  0.09930  0.24951  1.20958
26 63  1.24043  0.01242  0.09638  0.25651  1.23656
26 64  1.27851  0.01099  0.06910  0.28805  0.96973
26 65  1.31266  0.01151  0.09328  0.28705  2.02822
26 66  1.30580  0.01201  0.10139  0.28204  1.93253
26 67  1.28822  0.01236  0.10816  0.27305  1.71460
26 68  1.27353  0.01246  0.11341  0.26570  1.44912
26 69  1.27371  0.01222  0.11747  0.26487  1.32889
26 70  1.29307  0.01415  0.13691  0.26387  1.32496
26 71  1.30333  0.00990  0.06435  0.29365  1.32559
26 72  1.22609  0.01146  0.07702  0.26289  1.04646
26 73  1.22698  0.01113  0.07491  0.26432  1.02514
26 74  1.22807  0.01079  0.07364  0.26519  1.01347
26 75  1.22985  0.01034  0.07213  0.26547  1.02575
26 76  1.23106  0.01017  0.07504  0.26375  1.03546
26 77  1.22906  0.01074  0.08809  0.25753  1.03506
26 78  1.23478  0.01062  0.09946  0.25472  1.09273
26 79  1.25398  0.00921  0.09897  0.26163  1.26859
26 80  1.28968  0.00708  0.08435  0.27774  1.42327
26 81  1.29231  0.00604  0.06601  0.28522  1.44542
26 82  1.27275  0.00549  0.05562  0.27845  1.17015
26 83  1.26266  0.00547  0.05498  0.27459  1.14241
26 84  1.26366  0.00496  0.04628  0.27491  1.21924
26 85  1.26418  0.00476  0.04562  0.27236  1.24265
26 86  1.27701  0.00370  0.03158  0.26951  1.22214
26 87  1.25963  0.00389  0.03797  0.25198  1.14922
26 88  1.27173  0.00424  0.02857  0.27326  1.24499
26 89  1.30917  0.00383  0.01206  0.29111  1.40462
26 90  1.30356  0.00386  0.01225  0.28900  1.44189
26 91  1.26234  0.00762  0.04465  0.27201  1.36298
26 92  1.21849  0.00875  0.05985  0.25251  1.20860
27 27  1.35550  0.01558  0.07566  0.31356  1.44457
27 28  1.35944  0.01431  0.07735  0.31755  1.31082
27 29  1.35478  0.01327  0.08280  0.30888  1.28817
27 30  1.37085  0.01063  0.07330  0.31741  1.24740
27 31  1.37191  0.00836  0.04132  0.33391  1.09010
27 32  1.35450  0.00792  0.03281  0.32848  1.12860
27 33  1.33687  0.00816  0.03634  0.31851  1.21443
27 34  1.32294  0.00858  0.04452  0.30838  1.29395
27 35  1.31710  0.00900  0.05652  0.29816  1.44211
27 36  1.33572  0.00738  0.05202  0.29259  1.72398
27 37  1.32318  0.00883  0.05980  0.29018  2.01181
27 38  1.38935  0.00712  0.02559  0.32771  2.51468
27 39  1.26776  0.00992  0.05720  0.27609  1.47928
27 40  1.26375  0.00977  0.05302  0.27524  1.45216
27 41  1.26032  0.00961  0.05178  0.27435  1.42275
27 42  1.25300  0.00961  0.05264  0.27089  1.43491
27 43  1.24883  0.00981  0.05633  0.26665  1.44124
27 44  1.24698  0.00981  0.06063  0.26314  1.48227
27 45  1.25894  0.00928  0.06163  0.26632  1.66585
27 46  1.26564  0.00870  0.06654  0.26587  1.71096
27 47  1.26362  0.00802  0.07064  0.26239  1.66143
27 48  1.26445  0.00669  0.06223  0.26073  1.62258
27 49  1.25386  0.00642  0.05335  0.26162  1.62449
27 50  1.24410  0.00619  0.04733  0.25920  1.61707
27 51  1.21592  0.00660  0.05316  0.24271  1.58472
27 52  1.21118  0.00664  0.05487  0.23925  1.66041
27 53  1.20650  0.00686  0.06140  0.23412  1.75609
27 54  1.21500  0.00570  0.05227  0.22986  1.99002
27 55  1.21101  0.01096  0.09499  0.22461  1.53059
27 56  1.21281  0.01105  0.08551  0.23464  1.43786
27 57  1.18662  0.00860  0.07435  0.21321  1.64818
27 58  1.21715  0.01198  0.09242  0.23880  1.36875
27 59  1.22041  0.01228  0.09525  0.24104  1.33365
27 60  1.22427  0.01256  0.09842  0.24332  1.29996
27 61  1.22708  0.01308  0.10391  0.24443  1.27613
27 62  1.23361  0.01308  0.10527  0.24838  1.27302
27 63  1.25012  0.01263  0.10335  0.25699  1.46899
27 64  1.27770  0.01117  0.07514  0.28420  0.99546
27 65  1.30479  0.01235  0.10429  0.27933  2.03156
27 66  1.29355  0.01271  0.10966  0.27346  1.88705
27 67  1.28354  0.01282  0.11311  0.26844  1.73598
27 68  1.26600  0.01312  0.11838  0.25985  1.45138
27 69  1.26248  0.01315  0.12258  0.25681  1.32523
27 70  1.28610  0.01425  0.13320  0.26048  1.41254
27 71  1.28686  0.01128  0.08176  0.28029  1.20017
27 72  1.22442  0.01251  0.09075  0.25599  1.09569
27 73  1.22626  0.01199  0.08709  0.25839  1.08020
27 74  1.23165  0.01115  0.08124  0.26257  1.13243
27 75  1.23025  0.01119  0.08438  0.26045  1.09411
27 76  1.22978  0.01124  0.08881  0.25788  1.08602
27 77  1.23195  0.01133  0.09638  0.25593  1.12756
27 78  1.24549  0.01029  0.09789  0.25985  1.25232
27 79  1.25791  0.00916  0.09781  0.26399  1.29113
27 80  1.28870  0.00712  0.08224  0.27817  1.40592
27 81  1.29099  0.00628  0.06735  0.28465  1.46392
27 82  1.27138  0.00577  0.05840  0.27753  1.19946
27 83  1.26127  0.00573  0.05686  0.27327  1.18360
27 84  1.25758  0.00548  0.05357  0.27107  1.23108
27 85  1.25462  0.00537  0.05448  0.26749  1.26239
27 86  1.26378  0.00414  0.03803  0.26516  1.30110
27 87  1.25083  0.00419  0.04013  0.25151  1.13997
27 88  1.25774  0.00464  0.03724  0.26780  1.27456
27 89  1.29129  0.00464  0.03397  0.27960  1.30657
27 90  1.29449  0.00458  0.03214  0.28091  1.41364
27 91  1.26460  0.00833  0.05904  0.26716  1.42382
27 92  1.22360  0.00951  0.07367  0.24880  1.29399
28 28  1.38227  0.01189  0.06360  0.33093  1.23881
28 29  1.36442  0.01129  0.06821  0.31769  1.24991
28 30  1.36674  0.00947  0.06066  0.31818  1.24081
28 31  1.35833  0.00840  0.04235  0.32466  1.17928
28 32  1.34372  0.00826  0.03857  0.31953  1.23478
28 33  1.32690  0.00883  0.04563  0.30980  1.31377
28 34  1.31361  0.00940  0.05417  0.30051  1.38407
28 35  1.30210  0.01000  0.06636  0.28739  1.52526
28 36  1.33549  0.00830  0.05935  0.29034  1.99831
28 37  1.33047  0.00886  0.06285  0.29316  2.06845
28 38  1.36308  0.00879  0.05643  0.30845  2.46191
28 39  1.33591  0.00942  0.05893  0.30054  2.33301
28 40  1.31322  0.00898  0.05273  0.29368  2.03363
28 41  1.30159  0.00907  0.05401  0.28879  1.93592
28 42  1.28773  0.00924  0.05664  0.28246  1.88321
28 43  1.26602  0.01002  0.06676  0.26975  1.68630
28 44  1.25901  0.01000  0.07032  0.26517  1.61964
28 45  1.26653  0.00903  0.06501  0.26902  1.65948
28 46  1.27170  0.00797  0.06113  0.27033  1.66267
28 47  1.26626  0.00735  0.06218  0.26628  1.59982
28 48  1.26201  0.00633  0.05484  0.26203  1.56344
28 49  1.24798  0.00619  0.04919  0.26073  1.53342
28 50  1.23730  0.00628  0.04853  0.25590  1.56485
28 51  1.21196  0.00676  0.05545  0.24093  1.55402
28 52  1.20570  0.00701  0.05940  0.23639  1.60150
28 53  1.19603  0.00743  0.06794  0.22816  1.64758
28 54  1.19801  0.00647  0.06108  0.22239  1.79457
28 55  1.21065  0.01121  0.10075  0.22312  1.56457
28 56  1.21099  0.01208  0.10214  0.22714  1.52225
28 57  1.19415  0.00941  0.08974  0.21060  1.86492
28 58  1.22574  0.01218  0.10590  0.23620  1.46064
28 59  1.23522  0.01210  0.10557  0.24223  1.51566
28 60  1.24025  0.01240  0.10852  0.24524  1.52654
28 61  1.24727  0.01273  0.11177  0.24882  1.58779
28 62  1.25868  0.01294  0.11372  0.25428  1.70464
28 63  1.26670  0.01331  0.11723  0.25769  1.76859
28 64  1.27535  0.01206  0.09200  0.27519  1.05383
28 65  1.27488  0.01395  0.12349  0.26091  1.79289
28 66  1.29703  0.01246  0.11557  0.27063  1.89052
28 67  1.27179  0.01378  0.12465  0.25967  1.67580
28 68  1.26328  0.01385  0.12648  0.25546  1.52268
28 69  1.25874  0.01370  0.12731  0.25244  1.42349
28 70  1.29779  0.01337  0.12628  0.26775  1.62989
28 71  1.30680  0.01182  0.09379  0.28174  1.61102
28 72  1.22855  0.01310  0.10250  0.25175  1.22254
28 73  1.23157  0.01253  0.09843  0.25485  1.23754
28 74  1.23134  0.01237  0.09857  0.25488  1.20296
28 75  1.23244  0.01218  0.09916  0.25505  1.20907
28 76  1.23074  0.01226  0.10325  0.25277  1.17039
28 77  1.24310  0.01121  0.09961  0.25932  1.31516
28 78  1.26014  0.00977  0.09507  0.26651  1.43072
28 79  1.26467  0.00873  0.09279  0.26802  1.35703
28 80  1.28641  0.00686  0.07635  0.27830  1.34116
28 81  1.28216  0.00655  0.06997  0.27989  1.35784
28 82  1.27065  0.00591  0.05946  0.27626  1.20663
28 83  1.26147  0.00588  0.05814  0.27230  1.20697
28 84  1.25464  0.00582  0.05780  0.26856  1.22768
28 85  1.24383  0.00584  0.06051  0.26133  1.18243
28 86  1.25025  0.00465  0.04512  0.25928  1.27254
28 87  1.24673  0.00443  0.04371  0.25209  1.19415
28 88  1.23968  0.00580  0.06483  0.25469  1.24454
28 89  1.29274  0.00501  0.04660  0.27598  1.46534
28 90  1.29081  0.00503  0.04678  0.27509  1.51898
28 91  1.25427  0.00924  0.07933  0.25533  1.35667
28 92  1.21473  0.01070  0.09517  0.23684  1.24968
29 29  1.36237  0.01016  0.06181  0.31277  1.43926
29 30  1.35741  0.00946  0.06647  0.30711  1.38757
29 31  1.33879  0.00996  0.06923  0.30240  1.39617
29 32  1.32412  0.01012  0.06767  0.29777  1.44145
29 33  1.31213  0.01036  0.06845  0.29285  1.48099
29 34  1.29790  0.01078  0.07255  0.28430  1.54974
29 35  1.28270  0.01155  0.08294  0.27123  1.62408
29 36  1.32600  0.00975  0.08959  0.27448  2.02829
29 37  1.31066  0.01135  0.10411  0.27002  2.04819
29 38  1.30085  0.01198  0.11098  0.26443  2.02402
29 39  1.30148  0.01042  0.08855  0.27433  1.96058
29 40  1.29812  0.00999  0.08077  0.27476  1.92767
29 41  1.29051  0.00993  0.07907  0.27299  1.85839
29 42  1.28022  0.01007  0.08010  0.26931  1.84999
29 43  1.26520  0.01061  0.08584  0.26106  1.73828
29 44  1.25832  0.01013  0.08296  0.25881  1.66741
29 45  1.25654  0.00917  0.07569  0.25912  1.65254
29 46  1.26102  0.00769  0.06323  0.26255  1.64443
29 47  1.25844  0.00670  0.05524  0.26239  1.62477
29 48  1.24814  0.00653  0.06130  0.25097  1.66436
29 49  1.23509  0.00706  0.06740  0.24639  1.63096
29 50  1.22409  0.00717  0.06649  0.24328  1.59612
29 51  1.19933  0.00783  0.07371  0.22788  1.62691
29 52  1.18917  0.00825  0.07813  0.22120  1.66153
29 53  1.18006  0.00866  0.08389  0.21492  1.71694
29 54  1.23525  0.00700  0.07953  0.22682  2.62980
29 55  1.31674  0.00853  0.08528  0.26105  2.90037
29 56  1.20671  0.01369  0.13094  0.21218  1.66281
29 57  1.21356  0.01108  0.11644  0.20588  2.45619
29 58  1.26944  0.01415  0.14199  0.23834  2.38571
29 59  1.27369  0.01425  0.14190  0.24242  2.33918
29 60  1.27747  0.01445  0.14266  0.24580  2.28900
29 61  1.27920  0.01473  0.14410  0.24812  2.22161
29 62  1.28092  0.01504  0.14566  0.25009  2.16410
29 63  1.28092  0.01547  0.14820  0.25100  2.09809
29 64  1.29216  0.01206  0.10978  0.27113  1.34590
29 65  1.27906  0.01591  0.15050  0.25185  1.96809
29 66  1.27745  0.01600  0.15085  0.25168  1.91841
29 67  1.27534  0.01595  0.15017  0.25116  1.87321
29 68  1.27196  0.01609  0.15098  0.24925  1.84134
29 69  1.26567  0.01547  0.14763  0.24767  1.72296
29 70  1.32658  0.01552  0.14916  0.27208  2.19775
29 71  1.30672  0.01281  0.11487  0.26909  1.74826
29 72  1.23729  0.01380  0.11981  0.24515  1.45878
29 73  1.23556  0.01352  0.11764  0.24645  1.38764
29 74  1.23488  0.01334  0.11690  0.24726  1.35134
29 75  1.23235  0.01334  0.11819  0.24623  1.30338
29 76  1.23305  0.01277  0.11596  0.24737  1.27353
29 77  1.24152  0.01152  0.10906  0.25313  1.33199
29 78  1.25889  0.00957  0.09714  0.26305  1.44142
29 79  1.26673  0.00792  0.08483  0.26938  1.38910
29 80  1.28145  0.00671  0.07676  0.27288  1.36570
29 81  1.26902  0.00707  0.08112  0.26719  1.34873
29 82  1.25604  0.00656  0.07259  0.26241  1.23648
29 83  1.24787  0.00657  0.07138  0.25986  1.20142
29 84  1.23887  0.00644  0.06907  0.25514  1.18759
29 85  1.23302  0.00647  0.07024  0.25063  1.18080
29 86  1.25546  0.00527  0.06691  0.25110  1.48349
29 87  1.23705  0.00600  0.08328  0.23775  1.44463
29 88  1.22901  0.00726  0.09667  0.23732  1.41337
29 89  1.28783  0.00582  0.07056  0.26336  1.78050
29 90  1.30702  0.00547  0.06297  0.27210  2.09454
29 91  1.25685  0.00972  0.09974  0.24644  1.49579
29 92  1.20893  0.01145  0.11699  0.22514  1.28314
30 30  1.40714  0.01088  0.10318  0.30660  2.14768
30 31  1.48650  0.00774  0.05393  0.35640  2.59171
30 32  1.45821  0.00765  0.04600  0.34954  2.54694
30 33  1.40673  0.00864  0.05526  0.32704  2.50774
30 34  1.29185  0.01129  0.08411  0.27375  1.63843
30 35  1.37810  0.00956  0.07346  0.30761  2.50683
30 36  1.33189  0.01193  0.13806  0.25876  2.04213
30 37  1.30385  0.01856  0.19042  0.23566  2.08181
30 38  1.32139  0.01776  0.19649  0.23727  2.22074
30 39  1.31676  0.01022  0.11480  0.26822  1.84298
30 40  1.31241  0.00963  0.10020  0.27139  1.81844
30 41  1.30700  0.00921  0.09061  0.27382  1.76934
30 42  1.29930  0.00903  0.08516  0.27416  1.77044
30 43  1.29564  0.00881  0.07978  0.27456  1.75256
30 44  1.29167  0.00813  0.07038  0.27582  1.73481
30 45  1.28358  0.00726  0.05943  0.27574  1.60737
30 46  1.27944  0.00590  0.04163  0.27669  1.49018
30 47  1.26350  0.00601  0.05453  0.26049  1.49282
30 48  1.34620  0.00599  0.06964  0.28028  2.82756
30 49  1.24125  0.00715  0.08116  0.24292  1.61952
30 50  1.23831  0.00632  0.06377  0.24600  1.63852
30 51  1.20970  0.00708  0.07143  0.22988  1.65472
30 52  1.19322  0.00782  0.07906  0.22056  1.70769
30 53  1.19416  0.00781  0.08617  0.21964  1.74114
30 54  1.25292  0.00778  0.11677  0.22136  2.72660
30 55  1.26224  0.01393  0.17149  0.21164  2.34018
30 56  1.27861  0.01135  0.14191  0.23256  2.26514
30 57  1.23405  0.01012  0.12522  0.21079  2.34720
30 58  1.29871  0.02303  0.22738  0.22276  2.72534
30 59  1.30305  0.02178  0.21950  0.22892  2.64475
30 60  1.30489  0.02081  0.21286  0.23357  2.54111
30 61  1.30784  0.02003  0.20668  0.23807  2.46169
30 62  1.30851  0.01990  0.20417  0.24043  2.39065
30 63  1.30605  0.01982  0.20223  0.24127  2.29200
30 64  1.36944  0.01153  0.14236  0.27627  2.09393
30 65  1.30804  0.01950  0.19760  0.24466  2.23101
30 66  1.30721  0.01973  0.19755  0.24436  2.22517
30 67  1.30572  0.01977  0.19614  0.24378  2.22229
30 68  1.30360  0.01987  0.19547  0.24247  2.22573
30 69  1.30494  0.01862  0.18866  0.24485  2.20371
30 70  1.32905  0.03105  0.24780  0.23632  2.57186
30 71  1.32851  0.01384  0.14647  0.25999  1.82958
30 72  1.26661  0.01466  0.14313  0.24588  1.79140
30 73  1.26554  0.01386  0.13468  0.25062  1.73399
30 74  1.26819  0.01307  0.12691  0.25600  1.72456
30 75  1.26959  0.01240  0.12058  0.25986  1.71855
30 76  1.27531  0.01145  0.11251  0.26556  1.74937
30 77  1.27595  0.01008  0.10186  0.27032  1.63764
30 78  1.28094  0.00801  0.08419  0.27655  1.50886
30 79  1.27548  0.00701  0.08161  0.26963  1.27941
30 80  1.29941  0.00736  0.10144  0.26928  1.64083
30 81  1.28206  0.00686  0.08906  0.26733  1.42490
30 82  1.27813  0.00576  0.06926  0.26884  1.33393
30 83  1.26135  0.00580  0.06621  0.26245  1.23841
30 84  1.24828  0.00594  0.06681  0.25597  1.21872
30 85  1.24995  0.00587  0.07294  0.25527  1.36729
30 86  1.31338  0.00505  0.08833  0.26295  2.29898
30 87  1.36663  0.00529  0.10015  0.27594  3.06384
30 88  1.29526  0.00485  0.08066  0.25971  2.19201
30 89  1.34025  0.00446  0.06116  0.28263  2.31992
30 90  1.34752  0.00440  0.05599  0.28697  2.31973
30 91  1.35717  0.00735  0.09200  0.28536  2.58149
30 92  1.30436  0.00877  0.10976  0.26292  2.49039
31 31  1.38811  0.00959  0.07201  0.31624  2.12172
31 32  1.30772  0.01157  0.08823  0.28038  1.62164
31 33  1.28813  0.01262  0.09401  0.27058  1.70636
31 34  1.36013  0.00954  0.06572  0.31056  2.33835
31 35  1.38245  0.00838  0.06039  0.31727  2.42478
31 36  1.33747  0.00904  0.11090  0.27409  1.85363
31 37  1.32306  0.01091  0.13205  0.26701  1.85092
31 38  1.32326  0.00922  0.11314  0.27229  1.73589
31 39  1.32048  0.00777  0.08023  0.28560  1.68752
31 40  1.31729  0.00745  0.06882  0.28734  1.64960
31 41  1.31108  0.00724  0.06096  0.28846  1.60175
31 42  1.31298  0.00670  0.04948  0.29421  1.66946
31 43  1.30571  0.00713  0.05354  0.29166  1.65976
31 44  1.29726  0.00647  0.04294  0.29053  1.54760
31 45  1.29104  0.00546  0.02549  0.29076  1.44389
31 46  1.27518  0.00556  0.03327  0.27957  1.39740
31 47  1.25636  0.00620  0.05500  0.26056  1.45554
31 48  1.24416  0.00727  0.08220  0.24519  1.57694
31 49  1.24199  0.00634  0.06329  0.25086  1.53529
31 50  1.22292  0.00719  0.07202  0.24114  1.59205
31 51  1.20360  0.00793  0.07939  0.23001  1.68062
31 52  1.20432  0.00722  0.07266  0.23383  1.62424
31 53  1.20695  0.00665  0.07230  0.23479  1.64833
31 54  1.26496  0.00594  0.08883  0.23963  2.64025
31 55  1.27862  0.00870  0.11909  0.24406  2.15462
31 56  1.28169  0.00794  0.09895  0.25611  2.06714
31 57  1.25385  0.00714  0.08653  0.23599  2.31288
31 58  1.29981  0.01148  0.15596  0.25378  2.11135
31 59  1.30193  0.01184  0.15674  0.25580  2.07078
31 60  1.30240  0.01234  0.15877  0.25670  2.02425
31 61  1.30091  0.01296  0.16171  0.25652  1.96915
31 62  1.29938  0.01357  0.16434  0.25613  1.92011
31 63  1.29753  0.01418  0.16678  0.25538  1.87898
31 64  1.33563  0.00920  0.10541  0.28732  1.48469
31 65  1.29289  0.01563  0.17324  0.25215  1.84893
31 66  1.28967  0.01653  0.17725  0.24942  1.85248
31 67  1.28687  0.01739  0.18067  0.24662  1.86927
31 68  1.28224  0.01733  0.17905  0.24463  1.82518
31 69  1.28383  0.01692  0.17633  0.24548  1.86668
31 70  1.34670  0.01826  0.19317  0.26892  2.27185
31 71  1.31348  0.01221  0.12486  0.27059  1.64881
31 72  1.26429  0.01309  0.12746  0.25533  1.64956
31 73  1.26529  0.01231  0.11862  0.26028  1.62061
31 74  1.27774  0.01132  0.10866  0.27029  1.73777
31 75  1.27214  0.01170  0.11136  0.26867  1.71055
31 76  1.27347  0.01035  0.09952  0.27336  1.62771
31 77  1.27849  0.00838  0.07977  0.28103  1.50361
31 78  1.27358  0.00781  0.07945  0.27678  1.38386
31 79  1.26964  0.00729  0.08275  0.26932  1.23784
31 80  1.28052  0.00703  0.08888  0.26777  1.26030
31 81  1.27570  0.00641  0.07652  0.27038  1.26554
31 82  1.26264  0.00640  0.07402  0.26430  1.16014
31 83  1.25009  0.00670  0.07648  0.25866  1.16102
31 84  1.25089  0.00617  0.07162  0.26177  1.20977
31 85  1.25012  0.00633  0.08232  0.25902  1.26735
31 86  1.30328  0.00452  0.07494  0.26877  1.98737
31 87  1.33538  0.00493  0.08971  0.27526  2.56287
31 88  1.27709  0.00474  0.06798  0.26584  1.87928
31 89  1.33077  0.00382  0.04184  0.29021  2.12097
31 90  1.30827  0.00408  0.04564  0.28281  1.93422
31 91  1.33370  0.00615  0.07236  0.29146  2.32861
31 92  1.28864  0.00725  0.08824  0.27215  2.23699
32 32  1.29636  0.01274  0.09319  0.27374  1.73605
32 33  1.34097  0.00923  0.05931  0.30634  2.02460
32 34  1.30221  0.00940  0.06550  0.29075  1.57590
32 35  1.40014  0.00735  0.05017  0.32679  2.45710
32 36  1.34035  0.00627  0.07465  0.28318  1.60359
32 37  1.32252  0.00807  0.09709  0.27719  1.67219
32 38  1.31495  0.00756  0.08462  0.27830  1.61150
32 39  1.32825  0.00580  0.04416  0.29941  1.62817
32 40  1.33045  0.00579  0.03910  0.30371  1.64365
32 41  1.32310  0.00592  0.03822  0.30289  1.61838
32 42  1.31856  0.00582  0.03346  0.30376  1.65255
32 43  1.30943  0.00574  0.02944  0.30088  1.55279
32 44  1.29580  0.00534  0.02104  0.29600  1.43422
32 45  1.28674  0.00492  0.01371  0.29174  1.39009
32 46  1.26704  0.00545  0.03123  0.27600  1.38107
32 47  1.25189  0.00608  0.05112  0.26054  1.46090
32 48  1.24893  0.00601  0.05867  0.25366  1.52751
32 49  1.22805  0.00704  0.07016  0.24426  1.58704
32 50  1.21264  0.00777  0.07663  0.23739  1.64607
32 51  1.21229  0.00668  0.06185  0.24159  1.58739
32 52  1.20888  0.00640  0.06047  0.24145  1.56315
32 53  1.21106  0.00616  0.06755  0.23831  1.65819
32 54  1.27914  0.00468  0.06541  0.25202  2.68550
32 55  1.28178  0.00563  0.07320  0.25906  1.94555
32 56  1.27871  0.00557  0.06080  0.26687  1.82119
32 57  1.26373  0.00554  0.05827  0.24992  2.34010
32 58  1.28536  0.00777  0.11208  0.26102  1.76722
32 59  1.28902  0.00822  0.11578  0.26312  1.76270
32 60  1.29390  0.00868  0.11950  0.26549  1.77542
32 61  1.29243  0.00923  0.12383  0.26509  1.70733
32 62  1.29223  0.00978  0.12779  0.26495  1.67098
32 63  1.29184  0.01024  0.13089  0.26479  1.62500
32 64  1.33719  0.00694  0.07020  0.29921  1.34291
32 65  1.28936  0.01188  0.14272  0.26161  1.63189
32 66  1.28790  0.01258  0.14703  0.26005  1.63439
32 67  1.28696  0.01325  0.15100  0.25856  1.66498
32 68  1.28596  0.01398  0.15561  0.25641  1.72300
32 69  1.28986  0.01480  0.16157  0.25575  1.86428
32 70  1.33570  0.01427  0.16418  0.27718  1.97183
32 71  1.31916  0.01019  0.10184  0.28207  1.62979
32 72  1.27328  0.01171  0.11343  0.26692  1.70891
32 73  1.26869  0.01201  0.11467  0.26635  1.67173
32 74  1.27502  0.01138  0.10800  0.27198  1.71488
32 75  1.27803  0.01025  0.09690  0.27721  1.68518
32 76  1.27733  0.00878  0.08155  0.28110  1.55812
32 77  1.28066  0.00756  0.06873  0.28517  1.49510
32 78  1.27248  0.00731  0.07314  0.27702  1.35050
32 79  1.26545  0.00730  0.08163  0.26771  1.21521
32 80  1.28353  0.00624  0.07412  0.27291  1.28359
32 81  1.26442  0.00680  0.07936  0.26546  1.20347
32 82  1.25179  0.00703  0.08046  0.25962  1.17057
32 83  1.25888  0.00596  0.06526  0.26788  1.22095
32 84  1.25762  0.00576  0.06543  0.26827  1.23148
32 85  1.26248  0.00533  0.06786  0.26692  1.39333
32 86  1.30467  0.00394  0.06000  0.27487  1.93405
32 87  1.28581  0.00461  0.08153  0.26200  1.85264
32 88  1.28058  0.00387  0.04598  0.27370  1.76009
32 89  1.34457  0.00312  0.01949  0.30196  2.13766
32 90  1.30928  0.00376  0.03679  0.28803  1.86863
32 91  1.30440  0.00563  0.06221  0.28708  1.94168
32 92  1.26722  0.00653  0.07626  0.27123  1.94712
33 33  1.31183  0.00912  0.05908  0.29585  1.60178
33 34  1.38859  0.00713  0.03890  0.33033  2.32408
33 35  1.42767  0.00612  0.03394  0.34049  2.51708
33 36  1.32151  0.00518  0.05381  0.27246  1.51950
33 37  1.30757  0.00723  0.08096  0.27454  1.56111
33 38  1.33754  0.00525  0.04592  0.29912  1.69964
33 39  1.33422  0.00539  0.03957  0.30629  1.68585
33 40  1.33459  0.00515  0.02936  0.30957  1.62668
33 41  1.33353  0.00493  0.02067  0.31266  1.62935
33 42  1.32161  0.00482  0.01492  0.30968  1.58583
33 43  1.30357  0.00491  0.01452  0.30081  1.44162
33 44  1.28680  0.00502  0.01688  0.29155  1.37734
33 45  1.27651  0.00490  0.01600  0.28557  1.37203
33 46  1.25983  0.00547  0.03321  0.27133  1.40292
33 47  1.24711  0.00612  0.05169  0.25870  1.48252
33 48  1.23774  0.00623  0.05977  0.24894  1.56763
33 49  1.22002  0.00731  0.07233  0.24083  1.63738
33 50  1.22081  0.00640  0.05798  0.24742  1.56528
33 51  1.21576  0.00597  0.05177  0.24701  1.55271
33 52  1.21468  0.00577  0.05487  0.24475  1.58940
33 53  1.23257  0.00503  0.04992  0.24993  1.93516
33 54  1.24418  0.00345  0.03431  0.24489  1.95218
33 55  1.27340  0.00425  0.04198  0.26230  1.74334
33 56  1.28137  0.00482  0.04799  0.27328  1.79545
33 57  1.25385  0.00562  0.06376  0.24765  2.22042
33 58  1.29400  0.00551  0.07525  0.27370  1.77629
33 59  1.29545  0.00604  0.08246  0.27450  1.74819
33 60  1.29771  0.00648  0.08798  0.27565  1.72530
33 61  1.29920  0.00696  0.09370  0.27627  1.70581
33 62  1.29887  0.00751  0.09971  0.27586  1.66949
33 63  1.29810  0.00816  0.10653  0.27487  1.64683
33 64  1.31535  0.00787  0.08143  0.29026  1.27071
33 65  1.29571  0.00974  0.12169  0.27156  1.64332
33 66  1.29473  0.01059  0.12882  0.26971  1.66709
33 67  1.29305  0.01154  0.13616  0.26710  1.70808
33 68  1.28714  0.01271  0.14488  0.26197  1.71923
33 69  1.27666  0.01395  0.15417  0.25454  1.67560
33 70  1.31330  0.01309  0.15196  0.27310  1.71268
33 71  1.31740  0.01148  0.11546  0.28042  1.74108
33 72  1.26889  0.01216  0.11869  0.26557  1.68795
33 73  1.27707  0.01124  0.10909  0.27333  1.74221
33 74  1.28074  0.01011  0.09692  0.27881  1.72405
33 75  1.27991  0.00888  0.08329  0.28173  1.61691
33 76  1.27594  0.00800  0.07367  0.28137  1.47158
33 77  1.27520  0.00735  0.06825  0.28146  1.41334
33 78  1.26770  0.00722  0.07375  0.27359  1.28956
33 79  1.26414  0.00710  0.07919  0.26780  1.22273
33 80  1.27451  0.00630  0.07312  0.26918  1.24212
33 81  1.25675  0.00704  0.08182  0.26194  1.21364
33 82  1.26419  0.00589  0.06450  0.27030  1.26715
33 83  1.26146  0.00562  0.06127  0.27143  1.25037
33 84  1.25982  0.00550  0.06558  0.26865  1.28881
33 85  1.27583  0.00457  0.05607  0.27437  1.52604
33 86  1.31502  0.00296  0.03459  0.28226  1.91714
33 87  1.26423  0.00429  0.07100  0.25700  1.46907
33 88  1.27298  0.00400  0.05184  0.27251  1.62716
33 89  1.30696  0.00360  0.03847  0.28712  1.71216
33 90  1.31333  0.00331  0.02803  0.29198  1.81770
33 91  1.30151  0.00528  0.05774  0.28787  1.82628
33 92  1.25685  0.00623  0.07327  0.26890  1.74770
34 34  1.40957  0.00643  0.03439  0.33735  2.39054
34 35  1.34967  0.00572  0.03591  0.31026  1.84938
34 36  1.29524  0.00601  0.06504  0.25542  1.78227
34 37  1.34615  0.00526  0.05739  0.29991  1.76468
34 38  1.34288  0.00496  0.04802  0.30503  1.70113
34 39  1.35120  0.00406  0.01680  0.31879  1.75108
34 40  1.34854  0.00384  0.00386  0.32026  1.64590
34 41  1.33583  0.00392  0.00136  0.31556  1.58209
34 42  1.31574  0.00424  0.00675  0.30614  1.50431
34 43  1.29697  0.00463  0.01400  0.29542  1.40717
34 44  1.28058  0.00488  0.01911  0.28605  1.38636
34 45  1.26745  0.00505  0.02378  0.27777  1.39678
34 46  1.25546  0.00546  0.03654  0.26716  1.44642
34 47  1.24039  0.00610  0.05274  0.25505  1.52854
34 48  1.22955  0.00638  0.06133  0.24506  1.61920
34 49  1.22650  0.00627  0.06011  0.24815  1.58264
34 50  1.22415  0.00578  0.05111  0.25117  1.54750
34 51  1.22028  0.00547  0.05014  0.24791  1.59191
34 52  1.22099  0.00517  0.04974  0.24725  1.66320
34 53  1.26473  0.00394  0.02919  0.26472  2.31643
34 54  1.21203  0.00341  0.03182  0.22793  1.70149
34 55  1.27532  0.00459  0.05690  0.26287  1.83404
34 56  1.28760  0.00433  0.04402  0.27699  1.82278
34 57  1.26843  0.00477  0.05472  0.25649  2.26423
34 58  1.28972  0.00631  0.09287  0.27219  1.86415
34 59  1.29369  0.00689  0.09943  0.27381  1.88895
34 60  1.28955  0.00762  0.10747  0.27162  1.81179
34 61  1.28629  0.00836  0.11469  0.26969  1.73979
34 62  1.28492  0.00908  0.12109  0.26837  1.69131
34 63  1.28049  0.01002  0.12899  0.26525  1.62718
34 64  1.29825  0.00919  0.10086  0.27911  1.21077
34 65  1.27597  0.01180  0.14209  0.26070  1.56375
34 66  1.27446  0.01263  0.14733  0.25867  1.56801
34 67  1.26975  0.01393  0.15579  0.25399  1.57567
34 68  1.26549  0.01481  0.16073  0.24999  1.58831
34 69  1.26499  0.01464  0.15981  0.24955  1.57769
34 70  1.33756  0.01134  0.13963  0.28942  1.89991
34 71  1.33318  0.01124  0.11783  0.28827  1.89985
34 72  1.28981  0.01061  0.10852  0.27912  1.80837
34 73  1.28700  0.00991  0.09965  0.28047  1.75508
34 74  1.28282  0.00895  0.08855  0.28088  1.63989
34 75  1.27618  0.00845  0.08301  0.27868  1.51839
34 76  1.27005  0.00791  0.07744  0.27633  1.38760
34 77  1.27078  0.00727  0.07161  0.27694  1.35867
34 78  1.26489  0.00709  0.07547  0.27072  1.28878
34 79  1.25994  0.00689  0.07825  0.26559  1.24712
34 80  1.26910  0.00630  0.07290  0.26681  1.25180
34 81  1.26703  0.00622  0.07326  0.26974  1.33166
34 82  1.26852  0.00551  0.06203  0.27370  1.30232
34 83  1.26566  0.00535  0.06322  0.27157  1.32105
34 84  1.27372  0.00462  0.05403  0.27532  1.44981
34 85  1.28510  0.00385  0.04319  0.27949  1.60090
34 86  1.28638  0.00221  0.00502  0.27418  1.33112
34 87  1.30510  0.00323  0.04994  0.27871  1.91351
34 88  1.28098  0.00376  0.05498  0.27627  1.67366
34 89  1.32285  0.00301  0.02865  0.29564  1.80499
34 90  1.32781  0.00255  0.00915  0.30000  1.85677
34 91  1.31194  0.00478  0.05177  0.29265  1.88135
34 92  1.25104  0.00619  0.07667  0.26580  1.61147
35 35  1.33853  0.00561  0.04063  0.29835  1.74093
35 36  1.35341  0.00359  0.04146  0.28797  1.35515
35 37  1.37469  0.00347  0.03207  0.31588  1.93434
35 38  1.36102  0.00292  0.00728  0.31411  1.70638
35 39  1.35403  0.00283 -0.00798  0.31698  1.65746
35 40  1.34032  0.00323 -0.00198  0.31078  1.50498
35 41  1.32268  0.00361  0.00539  0.30238  1.45630
35 42  1.30419  0.00404  0.01344  0.29369  1.44096
35 43  1.28993  0.00447  0.02115  0.28577  1.41967
35 44  1.27479  0.00478  0.02668  0.27696  1.42750
35 45  1.26187  0.00509  0.03324  0.26888  1.45384
35 46  1.24970  0.00538  0.04186  0.25977  1.52559
35 47  1.23703  0.00579  0.05114  0.25162  1.57898
35 48  1.23939  0.00567  0.05855  0.24825  1.67673
35 49  1.24275  0.00509  0.04819  0.25454  1.73696
35 50  1.24736  0.00474  0.04331  0.25650  1.89407
35 51  1.25010  0.00445  0.03992  0.25586  2.07038
35 52  1.26010  0.00395  0.03125  0.25989  2.24575
35 53  1.26093  0.00353  0.02457  0.25953  2.28261
35 54  1.26392  0.00300  0.04114  0.24748  2.27431
35 55  1.30049  0.00450  0.06919  0.26816  2.21452
35 56  1.29871  0.00395  0.04716  0.27530  2.04991
35 57  1.26681  0.00398  0.04876  0.25089  2.17134
35 58  1.29774  0.00601  0.09821  0.27086  1.99107
35 59  1.29889  0.00705  0.11157  0.26997  2.02120
35 60  1.29915  0.00802  0.12219  0.26903  2.02232
35 61  1.30042  0.00888  0.13040  0.26877  2.03357
35 62  1.29128  0.01027  0.14284  0.26320  1.95259
35 63  1.29255  0.01126  0.14999  0.26257  1.96586
35 64  1.32247  0.00929  0.11154  0.28297  1.60751
35 65  1.29271  0.01356  0.16489  0.25921  2.01146
35 66  1.28993  0.01490  0.17227  0.25579  2.02999
35 67  1.28615  0.01630  0.17961  0.25160  2.04500
35 68  1.28220  0.01701  0.18252  0.24848  2.03030
35 69  1.28323  0.01568  0.17514  0.25179  1.96273
35 70  1.37194  0.00822  0.11894  0.31077  1.97281
35 71  1.32615  0.01117  0.12614  0.27752  1.87793
35 72  1.28357  0.01057  0.11671  0.26907  1.81055
35 73  1.28193  0.00978  0.10748  0.27107  1.72323
35 74  1.27927  0.00915  0.10005  0.27179  1.63294
35 75  1.27489  0.00863  0.09396  0.27096  1.53508
35 76  1.27049  0.00812  0.08846  0.26968  1.42983
35 77  1.27184  0.00734  0.08036  0.27117  1.39758
35 78  1.26869  0.00678  0.07815  0.26787  1.38901
35 79  1.26324  0.00653  0.07735  0.26454  1.37031
35 80  1.28291  0.00587  0.07493  0.27080  1.46945
35 81  1.28479  0.00557  0.07145  0.27518  1.52898
35 82  1.28492  0.00466  0.05727  0.27596  1.53083
35 83  1.28527  0.00433  0.05292  0.27662  1.56999
35 84  1.28858  0.00380  0.04370  0.27845  1.62562
35 85  1.29271  0.00323  0.03246  0.28020  1.68160
35 86  1.31412  0.00244  0.03186  0.27977  1.88992
35 87  1.31188  0.00323  0.06317  0.27943  1.99920
35 88  1.32271  0.00235  0.02295  0.29197  2.06944
35 89  1.34550  0.00194 -0.00120  0.30151  1.99184
35 90  1.32879  0.00196 -0.00340  0.29445  1.90508
35 91  1.30438  0.00501  0.06701  0.28121  1.95241
35 92  1.25201  0.00650  0.09134  0.25799  1.78593
36 36  1.39267  0.00158 -0.00272  0.30662  1.42942
36 37  1.37112  0.00139 -0.02029  0.29885  1.29250
36 38  1.34643  0.00169 -0.00387  0.27828  1.28773
36 39  1.32630  0.00223  0.00297  0.27649  1.33066
36 40  1.32334  0.00256  0.00491  0.28175  1.30041
36 41  1.31305  0.00282  0.00604  0.28058  1.35512
36 42  1.29937  0.00319  0.01083  0.27736  1.41473
36 43  1.29292  0.00352  0.01527  0.27598  1.46087
36 44  1.28160  0.00379  0.01900  0.27106  1.51325
36 45  1.26170  0.00449  0.03284  0.26078  1.54416
36 46  1.24909  0.00471  0.03724  0.25352  1.59551
36 47  1.24862  0.00467  0.05545  0.23952  1.70942
36 48  1.27748  0.00452  0.06931  0.24408  2.23959
36 49  1.27936  0.00394  0.05779  0.24893  2.22693
36 50  1.25364  0.00327  0.04081  0.24034  1.76784
36 51  1.22931  0.00344  0.04334  0.22681  1.76822
36 52  1.21809  0.00372  0.05082  0.22004  1.84071
36 53  1.25313  0.00250  0.03185  0.23948  1.90370
36 54  1.27910  0.00195  0.03411  0.24976  2.16125
36 55  1.30629  0.00229  0.04085  0.26083  1.85008
36 56  1.29636  0.00221  0.02509  0.26259  1.55261
36 57  1.26365  0.00277  0.04247  0.23858  1.89542
36 58  1.31770  0.00247  0.05374  0.26916  1.65643
36 59  1.31840  0.00309  0.07181  0.26959  1.67684
36 60  1.32008  0.00362  0.08448  0.27056  1.67732
36 61  1.32295  0.00432  0.09945  0.27134  1.70879
36 62  1.32517  0.00491  0.10921  0.27225  1.70455
36 63  1.32570  0.00559  0.11941  0.27213  1.70268
36 64  1.36040  0.00514  0.09110  0.28272  1.43763
36 65  1.32613  0.00712  0.13798  0.27063  1.70144
36 66  1.32515  0.00793  0.14616  0.26907  1.69796
36 67  1.32372  0.00861  0.15226  0.26735  1.68708
36 68  1.32290  0.00867  0.15158  0.26689  1.66164
36 69  1.32998  0.00681  0.12895  0.27396  1.55931
36 70  1.38397  0.00320  0.06455  0.30885  1.36852
36 71  1.36582  0.00519  0.08616  0.28145  1.13215
36 72  1.30322  0.00735  0.10637  0.26742  1.36088
36 73  1.29689  0.00773  0.10699  0.26717  1.53340
36 74  1.29351  0.00735  0.09733  0.26952  1.53966
36 75  1.29143  0.00708  0.09107  0.27089  1.58118
36 76  1.28759  0.00683  0.08557  0.27098  1.57659
36 77  1.27819  0.00662  0.08162  0.26795  1.47182
36 78  1.27476  0.00580  0.07195  0.26657  1.40461
36 79  1.27851  0.00496  0.07628  0.25674  1.29706
36 80  1.30558  0.00472  0.08443  0.26403  1.66025
36 81  1.31053  0.00403  0.07314  0.26934  1.68774
36 82  1.29860  0.00254  0.03033  0.26644  1.26222
36 83  1.28888  0.00239  0.02339  0.26275  1.22052
36 84  1.28128  0.00236  0.02365  0.25854  1.25595
36 85  1.30263  0.00182  0.01624  0.26962  1.51176
36 86  1.33689  0.00148  0.02107  0.28219  1.97907
36 87  1.32533  0.00095 -0.01788  0.27840  1.78547
36 88  1.31279  0.00095 -0.02974  0.27752  1.68637
36 89  1.34130  0.00098 -0.03607  0.28896  1.82701
36 90  1.33553  0.00101 -0.03760  0.28708  1.89007
36 91  1.35532  0.00370  0.06634  0.28743  2.40947
36 92  1.28870  0.00415  0.07643  0.26300  1.86888
37 37  1.34771  0.00209  0.01696  0.28122  1.28655
37 38  1.30731  0.00444  0.09233  0.25313  1.62062
37 39  1.30541  0.00291  0.02809  0.26531  1.44727
37 40  1.31039  0.00257  0.00292  0.27617  1.35828
37 41  1.29796  0.00284  0.00064  0.27694  1.38944
37 42  1.28880  0.00307 -0.00017  0.27692  1.44383
37 43  1.28067  0.00352  0.00654  0.27520  1.44914
37 44  1.26938  0.00364  0.00519  0.27111  1.52210
37 45  1.24746  0.00440  0.02079  0.25879  1.55107
37 46  1.23938  0.00487  0.03926  0.24947  1.62274
37 47  1.23535  0.00540  0.06543  0.23822  1.72277
37 48  1.25842  0.00568  0.09633  0.23306  2.15342
37 49  1.25239  0.00483  0.07636  0.23957  2.00988
37 50  1.24092  0.00444  0.06582  0.23903  1.86646
37 51  1.22401  0.00450  0.06493  0.23233  1.80879
37 52  1.25643  0.00340  0.04253  0.25023  2.14234
37 53  1.29222  0.00290  0.03968  0.26696  2.50379
37 54  1.26765  0.00142  0.00408  0.24565  1.94310
37 55  1.28361  0.00224  0.03906  0.24823  1.49549
37 56  1.28729  0.00213  0.02588  0.25415  1.45186
37 57  1.25024  0.00221  0.02004  0.23293  1.64503
37 58  1.29290  0.00388  0.08821  0.25622  1.62102
37 59  1.29322  0.00446  0.09733  0.25666  1.61934
37 60  1.29434  0.00490  0.10250  0.25782  1.60216
37 61  1.29530  0.00533  0.10740  0.25891  1.57640
37 62  1.29648  0.00579  0.11270  0.25977  1.55332
37 63  1.29944  0.00626  0.11763  0.26113  1.54946
37 64  1.32780  0.00598  0.09653  0.26730  1.23151
37 65  1.30083  0.00736  0.12868  0.26114  1.51500
37 66  1.30082  0.00780  0.13224  0.26095  1.49189
37 67  1.30209  0.00806  0.13418  0.26132  1.45858
37 68  1.30428  0.00769  0.12879  0.26328  1.40556
37 69  1.31349  0.00636  0.11241  0.27064  1.31644
37 70  1.37473  0.00645  0.13708  0.29463  1.80307
37 71  1.33726  0.00663  0.10167  0.26944  1.15069
37 72  1.29184  0.00772  0.10944  0.26156  1.45827
37 73  1.31111  0.00885  0.11972  0.28312  2.13935
37 74  1.28535  0.00707  0.08772  0.26955  1.53690
37 75  1.28529  0.00660  0.07740  0.27323  1.56413
37 76  1.28184  0.00629  0.06982  0.27428  1.55998
37 77  1.27397  0.00586  0.06160  0.27184  1.43838
37 78  1.27147  0.00540  0.06444  0.26750  1.35729
37 79  1.26930  0.00531  0.07672  0.25993  1.32520
37 80  1.29546  0.00530  0.09833  0.25772  1.62392
37 81  1.29443  0.00463  0.08343  0.26458  1.57858
37 82  1.28454  0.00362  0.05962  0.26407  1.39149
37 83  1.27776  0.00360  0.05714  0.26365  1.37210
37 84  1.28979  0.00306  0.04637  0.27164  1.55989
37 85  1.31111  0.00294  0.05407  0.28129  1.86605
37 86  1.32354  0.00101 -0.01373  0.27744  1.74903
37 87  1.30538  0.00077 -0.04024  0.26962  1.49420
37 88  1.29265  0.00083 -0.04319  0.26621  1.44662
37 89  1.32234  0.00080 -0.05715  0.28117  1.61927
37 90  1.31930  0.00083 -0.06111  0.28294  1.70463
37 91  1.32780  0.00302  0.04586  0.27754  1.99849
37 92  1.28595  0.00388  0.06823  0.25955  1.93017
38 38  1.31932  0.00309  0.06565  0.25076  1.73022
38 39  1.29069  0.00291  0.01916  0.26014  1.51444
38 40  1.30161  0.00250 -0.01269  0.27831  1.37924
38 41  1.28776  0.00280 -0.01284  0.27808  1.41876
38 42  1.27833  0.00307 -0.01140  0.27789  1.47111
38 43  1.26574  0.00373  0.00149  0.27291  1.47580
38 44  1.24457  0.00431  0.01201  0.26113  1.53590
38 45  1.23831  0.00449  0.01896  0.25696  1.57441
38 46  1.23243  0.00480  0.03579  0.24742  1.64604
38 47  1.22539  0.00571  0.07141  0.23207  1.76515
38 48  1.33514  0.00405  0.07410  0.25405  3.22863
38 49  1.25113  0.00417  0.06172  0.24087  1.96626
38 50  1.23585  0.00404  0.05320  0.23971  1.81168
38 51  1.23834  0.00351  0.03747  0.24400  1.89019
38 52  1.25471  0.00342  0.04080  0.25322  2.10701
38 53  1.27742  0.00230  0.01188  0.26446  2.23882
38 54  1.24649  0.00146  0.00471  0.23142  1.77154
38 55  1.26638  0.00268  0.05289  0.23505  1.57862
38 56  1.27719  0.00201  0.01255  0.25124  1.39959
38 57  1.24624  0.00191 -0.00257  0.23594  1.71715
38 58  1.27377  0.00478  0.10279  0.24269  1.56169
38 59  1.27460  0.00516  0.10455  0.24421  1.53653
38 60  1.27672  0.00525  0.10169  0.24665  1.47759
38 61  1.27776  0.00532  0.09879  0.24845  1.39438
38 62  1.27715  0.00563  0.10082  0.24870  1.33033
38 63  1.27733  0.00590  0.10170  0.24902  1.28049
38 64  1.30429  0.00590  0.08572  0.25327  1.25449
38 65  1.27817  0.00679  0.11038  0.24842  1.21833
38 66  1.28073  0.00719  0.11416  0.24882  1.19678
38 67  1.28120  0.00749  0.11745  0.24852  1.17356
38 68  1.28510  0.00737  0.11651  0.25065  1.14370
38 69  1.30082  0.00665  0.11454  0.26017  1.11532
38 70  1.77491  0.00156  0.00796  0.44740  3.26753
38 71  1.32592  0.00580  0.08253  0.26680  1.08163
38 72  1.28467  0.00728  0.09418  0.26406  1.54251
38 73  1.28155  0.00714  0.08454  0.26885  1.59935
38 74  1.28104  0.00668  0.07306  0.27314  1.61428
38 75  1.27563  0.00639  0.06486  0.27353  1.55099
38 76  1.26604  0.00620  0.05952  0.26992  1.42373
38 77  1.26324  0.00613  0.06245  0.26808  1.39559
38 78  1.27158  0.00483  0.05267  0.27025  1.35908
38 79  1.27006  0.00464  0.06492  0.26210  1.29822
38 80  1.36252  0.00403  0.08562  0.27281  2.46190
38 81  1.29744  0.00393  0.06842  0.26725  1.55316
38 82  1.28257  0.00306  0.04110  0.26544  1.32821
38 83  1.28409  0.00305  0.03884  0.27006  1.43331
38 84  1.28921  0.00321  0.04938  0.27381  1.59934
38 85  1.31118  0.00222  0.02410  0.28425  1.80009
38 86  1.30444  0.00082 -0.03540  0.26535  1.45870
38 87  1.28846  0.00105 -0.01209  0.25877  1.41163
38 88  1.28267  0.00079 -0.05268  0.26259  1.39103
38 89  1.31882  0.00074 -0.07269  0.28305  1.65114
38 90  1.31082  0.00075 -0.07995  0.28349  1.66666
38 91  1.31512  0.00291  0.02815  0.28083  1.84549
38 92  1.27252  0.00368  0.04872  0.26297  1.76323
39 39  1.30113  0.00234 -0.02506  0.28279  1.43461
39 40  1.29572  0.00274 -0.02174  0.28673  1.41780
39 41  1.28023  0.00291 -0.02356  0.28271  1.43640
39 42  1.26398  0.00336 -0.01577  0.27715  1.47719
39 43  1.24840  0.00415 -0.00027  0.26890  1.49017
39 44  1.23992  0.00410 -0.00071  0.26495  1.52201
39 45  1.23271  0.00432  0.00937  0.25828  1.56828
39 46  1.22642  0.00470  0.02928  0.24782  1.64518
39 47  1.22034  0.00529  0.05748  0.23424  1.75313
39 48  1.24390  0.00451  0.06212  0.23685  1.96073
39 49  1.24010  0.00421  0.05105  0.24362  1.86557
39 50  1.23782  0.00367  0.03353  0.24800  1.81943
39 51  1.22875  0.00406  0.04492  0.24475  1.79211
39 52  1.23848  0.00358  0.03773  0.25102  1.88383
39 53  1.27079  0.00216 -0.00430  0.26537  2.17575
39 54  1.23273  0.00168 -0.00050  0.23195  1.72551
39 55  1.28272  0.00214  0.01327  0.25613  1.64136
39 56  1.29062  0.00253  0.00987  0.27227  1.74932
39 57  1.24168  0.00220 -0.00763  0.24319  1.80220
39 58  1.27804  0.00354  0.05020  0.25707  1.55396
39 59  1.27273  0.00366  0.04707  0.25579  1.37645
39 60  1.26615  0.00400  0.05031  0.25211  1.31094
39 61  1.26311  0.00447  0.05732  0.24990  1.31386
39 62  1.26099  0.00497  0.06508  0.24816  1.31071
39 63  1.25813  0.00555  0.07305  0.24578  1.31767
39 64  1.29925  0.00528  0.04916  0.27841  1.10690
39 65  1.26110  0.00640  0.08522  0.24639  1.23516
39 66  1.26619  0.00657  0.08842  0.24909  1.17309
39 67  1.27469  0.00656  0.09063  0.25383  1.10539
39 68  1.28407  0.00652  0.09385  0.25872  1.08541
39 69  1.29618  0.00647  0.10180  0.26544  1.18581
39 70  1.33793  0.00710  0.12979  0.28235  1.53449
39 71  1.32679  0.00630  0.07349  0.28280  1.56883
39 72  1.27399  0.00745  0.08199  0.26870  1.64142
39 73  1.27268  0.00701  0.07062  0.27240  1.61353
39 74  1.26961  0.00655  0.05978  0.27407  1.56527
39 75  1.25981  0.00651  0.05622  0.27053  1.44453
39 76  1.25937  0.00616  0.05231  0.27143  1.42512
39 77  1.25885  0.00591  0.05371  0.26956  1.38961
39 78  1.26466  0.00483  0.04711  0.26982  1.34189
39 79  1.25941  0.00481  0.06217  0.25864  1.23002
39 80  1.28630  0.00448  0.07233  0.26144  1.52625
39 81  1.28758  0.00417  0.06296  0.26911  1.50465
39 82  1.27886  0.00310  0.03332  0.26931  1.37318
39 83  1.28739  0.00319  0.03671  0.27624  1.57033
39 84  1.27968  0.00347  0.05006  0.27283  1.51596
39 85  1.30211  0.00213  0.01083  0.28352  1.71027
39 86  1.29302  0.00101 -0.03273  0.26638  1.39201
39 87  1.27944  0.00116 -0.01654  0.25744  1.38304
39 88  1.28575  0.00123 -0.03338  0.27479  1.60328
39 89  1.31181  0.00101 -0.06161  0.28757  1.64428
39 90  1.30433  0.00094 -0.07454  0.28706  1.65363
39 91  1.28699  0.00340  0.02099  0.28049  1.56277
39 92  1.24181  0.00418  0.03830  0.26209  1.37408
40 40  1.29450  0.00293 -0.02672  0.28711  1.42309
40 41  1.27153  0.00331 -0.02144  0.27794  1.42852
40 42  1.25170  0.00375 -0.01449  0.27032  1.47966
40 43  1.24514  0.00410 -0.00752  0.26866  1.47786
40 44  1.23426  0.00407 -0.00490  0.26139  1.53260
40 45  1.22650  0.00433  0.00776  0.25372  1.58138
40 46  1.21994  0.00467  0.02626  0.24324  1.67102
40 47  1.21391  0.00543  0.05706  0.22997  1.77940
40 48  1.22859  0.00480  0.06169  0.23130  1.83280
40 49  1.22952  0.00439  0.04940  0.23940  1.78492
40 50  1.23225  0.00370  0.02902  0.24625  1.78022
40 51  1.22066  0.00406  0.04042  0.24119  1.72742
40 52  1.25490  0.00294  0.01153  0.25925  2.08899
40 53  1.25030  0.00252  0.00390  0.25522  2.04834
40 54  1.23211  0.00195  0.00176  0.23476  1.85395
40 55  1.27613  0.00271  0.01765  0.25781  1.73221
40 56  1.28415  0.00291  0.00949  0.27159  1.74782
40 57  1.23464  0.00240 -0.00968  0.24265  1.74351
40 58  1.27355  0.00418  0.04493  0.26202  1.64791
40 59  1.26198  0.00494  0.05533  0.25820  1.48881
40 60  1.27275  0.00468  0.04659  0.26535  1.54030
40 61  1.28059  0.00440  0.03961  0.26940  1.51639
40 62  1.27406  0.00443  0.03954  0.26537  1.21241
40 63  1.26795  0.00496  0.04809  0.25964  1.19618
40 64  1.30135  0.00523  0.03479  0.28747  1.00173
40 65  1.27748  0.00534  0.05971  0.25888  1.14946
40 66  1.28751  0.00537  0.06262  0.26436  1.04567
40 67  1.29610  0.00558  0.07001  0.26853  1.04078
40 68  1.30306  0.00573  0.07635  0.27159  1.08847
40 69  1.31164  0.00598  0.08744  0.27512  1.19744
40 70  1.34872  0.00626  0.10429  0.28975  1.36385
40 71  1.35043  0.00576  0.05346  0.29834  1.41154
40 72  1.28670  0.00647  0.05877  0.27906  1.47545
40 73  1.28127  0.00634  0.05186  0.27921  1.39941
40 74  1.27409  0.00631  0.04754  0.27716  1.30885
40 75  1.27512  0.00592  0.04130  0.27949  1.30625
40 76  1.27310  0.00570  0.04099  0.27753  1.23983
40 77  1.27323  0.00547  0.04357  0.27512  1.21405
40 78  1.27358  0.00465  0.03953  0.27103  1.11413
40 79  1.27063  0.00475  0.05681  0.26085  1.09964
40 80  1.29790  0.00421  0.05966  0.26682  1.34462
40 81  1.29751  0.00400  0.05329  0.27298  1.32823
40 82  1.28716  0.00315  0.02860  0.27134  1.22227
40 83  1.28449  0.00350  0.04083  0.27227  1.27259
40 84  1.29431  0.00293  0.02783  0.27902  1.43551
40 85  1.29859  0.00223  0.00868  0.27995  1.48603
40 86  1.29629  0.00133 -0.02011  0.26925  1.39750
40 87  1.27687  0.00136 -0.01424  0.25456  1.26526
40 88  1.27743  0.00149 -0.02693  0.27110  1.41845
40 89  1.30443  0.00124 -0.05334  0.28425  1.45022
40 90  1.29678  0.00117 -0.06484  0.28394  1.46104
40 91  1.27501  0.00356  0.01392  0.27789  1.32340
40 92  1.23745  0.00408  0.02467  0.26346  1.20925
41 41  1.26146  0.00355 -0.02084  0.27324  1.50069
41 42  1.24724  0.00369 -0.01906  0.26913  1.51205
41 43  1.23876  0.00412 -0.00791  0.26446  1.52189
41 44  1.22904  0.00403 -0.00560  0.25773  1.56870
41 45  1.22171  0.00423  0.00527  0.25055  1.62233
41 46  1.21411  0.00472  0.02703  0.23895  1.72066
41 47  1.20951  0.00545  0.05608  0.22764  1.80756
41 48  1.22170  0.00486  0.05866  0.22980  1.81181
41 49  1.22519  0.00436  0.04476  0.23888  1.77284
41 50  1.23538  0.00364  0.02423  0.24919  1.87718
41 51  1.21677  0.00406  0.03682  0.24032  1.72941
41 52  1.24948  0.00277  0.00101  0.25736  2.09514
41 53  1.23425  0.00266  0.00517  0.24804  1.97611
41 54  1.22072  0.00218  0.00219  0.23255  1.88261
41 55  1.26513  0.00296  0.01563  0.25572  1.74944
41 56  1.27946  0.00297  0.00235  0.27238  1.79320
41 57  1.22317  0.00254 -0.01128  0.23929  1.73280
41 58  1.24914  0.00462  0.04176  0.25543  1.42964
41 59  1.24185  0.00536  0.05078  0.25259  1.37108
41 60  1.24958  0.00502  0.04130  0.25950  1.29946
41 61  1.25570  0.00491  0.03732  0.26411  1.24297
41 62  1.25988  0.00503  0.03913  0.26609  1.19733
41 63  1.26871  0.00491  0.03795  0.27028  1.17326
41 64  1.30976  0.00441  0.01260  0.29798  1.08998
41 65  1.27371  0.00579  0.05815  0.26876  1.11402
41 66  1.27975  0.00610  0.06663  0.26957  1.15650
41 67  1.29210  0.00613  0.07292  0.27242  1.34077
41 68  1.29721  0.00629  0.08010  0.27250  1.33040
41 69  1.30269  0.00621  0.08523  0.27377  1.23279
41 70  1.33271  0.00658  0.09970  0.28476  1.31297
41 71  1.33657  0.00567  0.04614  0.29621  1.36607
41 72  1.27567  0.00627  0.05019  0.27698  1.37743
41 73  1.27055  0.00624  0.04493  0.27635  1.32444
41 74  1.27162  0.00598  0.03964  0.27844  1.30069
41 75  1.27074  0.00572  0.03714  0.27775  1.25441
41 76  1.26974  0.00554  0.03831  0.27577  1.20715
41 77  1.27089  0.00525  0.03920  0.27400  1.19019
41 78  1.26781  0.00466  0.03956  0.26703  1.06679
41 79  1.26692  0.00467  0.05401  0.25899  1.08823
41 80  1.29312  0.00423  0.05630  0.26585  1.30601
41 81  1.29580  0.00396  0.04882  0.27322  1.31649
41 82  1.28637  0.00308  0.02309  0.27173  1.26435
41 83  1.28309  0.00346  0.03636  0.27211  1.27701
41 84  1.29634  0.00257  0.01116  0.28066  1.46285
41 85  1.29009  0.00220  0.00283  0.27638  1.41407
41 86  1.28749  0.00148 -0.01955  0.26756  1.38517
41 87  1.26972  0.00145 -0.01711  0.25297  1.27541
41 88  1.26861  0.00152 -0.03266  0.26865  1.38158
41 89  1.29609  0.00128 -0.05738  0.28191  1.43504
41 90  1.28579  0.00124 -0.06553  0.27993  1.42728
41 91  1.27037  0.00339  0.00240  0.27893  1.27546
41 92  1.24146  0.00351  0.00477  0.27000  1.26836
42 42  1.24197  0.00377 -0.01748  0.26492  1.60086
42 43  1.23412  0.00419 -0.00560  0.26056  1.58513
42 44  1.22214  0.00411 -0.00313  0.25284  1.63148
42 45  1.21328  0.00443  0.01005  0.24415  1.69637
42 46  1.20627  0.00504  0.03391  0.23278  1.80008
42 47  1.20334  0.00576  0.06084  0.22387  1.85794
42 48  1.21774  0.00489  0.05605  0.22932  1.84646
42 49  1.21976  0.00442  0.04254  0.23766  1.79798
42 50  1.21660  0.00432  0.03903  0.24048  1.76028
42 51  1.20999  0.00395  0.03134  0.23833  1.75735
42 52  1.22085  0.00316  0.01199  0.24430  1.89313
42 53  1.21704  0.00291  0.01020  0.24010  1.93380
42 54  1.21079  0.00240  0.00465  0.22969  1.94942
42 55  1.25447  0.00319  0.01521  0.25379  1.85884
42 56  1.25648  0.00343  0.00954  0.26476  1.74161
42 57  1.20880  0.00271 -0.01108  0.23446  1.76669
42 58  1.23725  0.00450  0.02995  0.25581  1.44707
42 59  1.23673  0.00478  0.03193  0.25683  1.40163
42 60  1.24663  0.00443  0.02274  0.26448  1.33222
42 61  1.25391  0.00444  0.02267  0.26864  1.30094
42 62  1.26522  0.00438  0.02271  0.27414  1.34640
42 63  1.26650  0.00471  0.03168  0.27318  1.27076
42 64  1.29103  0.00494  0.02174  0.29217  1.07859
42 65  1.27051  0.00572  0.05520  0.27092  1.24177
42 66  1.27895  0.00601  0.06318  0.27284  1.35915
42 67  1.28588  0.00636  0.07251  0.27338  1.45328
42 68  1.28849  0.00656  0.07984  0.27245  1.42418
42 69  1.29343  0.00630  0.08222  0.27347  1.31134
42 70  1.31644  0.00659  0.09247  0.28100  1.29451
42 71  1.31641  0.00555  0.03996  0.29274  1.35457
42 72  1.26449  0.00603  0.04190  0.27581  1.32664
42 73  1.26286  0.00584  0.03703  0.27718  1.31480
42 74  1.26125  0.00570  0.03550  0.27611  1.26800
42 75  1.26236  0.00552  0.03500  0.27546  1.23391
42 76  1.26236  0.00531  0.03500  0.27382  1.19589
42 77  1.26498  0.00486  0.03184  0.27257  1.19555
42 78  1.25633  0.00482  0.04316  0.26112  1.08244
42 79  1.25570  0.00493  0.05845  0.25412  1.12937
42 80  1.28700  0.00422  0.05373  0.26514  1.37367
42 81  1.28979  0.00390  0.04451  0.27274  1.35080
42 82  1.27353  0.00338  0.02999  0.26677  1.27313
42 83  1.27642  0.00324  0.02794  0.27081  1.30336
42 84  1.28173  0.00257  0.00835  0.27483  1.38244
42 85  1.27832  0.00220 -0.00049  0.27193  1.38020
42 86  1.27596  0.00161 -0.01818  0.26470  1.40506
42 87  1.26222  0.00153 -0.01987  0.25380  1.35280
42 88  1.25609  0.00166 -0.03049  0.26477  1.38564
42 89  1.28134  0.00142 -0.05321  0.27676  1.43890
42 90  1.26845  0.00145 -0.05617  0.27291  1.42164
42 91  1.25880  0.00349  0.00208  0.27590  1.27035
42 92  1.22747  0.00387  0.01236  0.26425  1.21858
43 43  1.23044  0.00436 -0.00068  0.25519  1.66774
43 44  1.21966  0.00425  0.00044  0.24819  1.68052
43 45  1.20635  0.00485  0.01993  0.23576  1.78282
43 46  1.19874  0.00580  0.04902  0.22351  1.89720
43 47  1.19898  0.00606  0.06581  0.21943  1.89672
43 48  1.21168  0.00499  0.05561  0.22644  1.83332
43 49  1.21551  0.00435  0.03826  0.23626  1.79073
43 50  1.21211  0.00418  0.03347  0.23864  1.74973
43 51  1.20352  0.00371  0.02254  0.23421  1.78301
43 52  1.20156  0.00349  0.01960  0.23320  1.81242
43 53  1.19913  0.00332  0.02048  0.23000  1.85818
43 54  1.20113  0.00272  0.01152  0.22534  1.96683
43 55  1.24112  0.00379  0.02497  0.24739  1.79608
43 56  1.23478  0.00407  0.01980  0.25365  1.52903
43 57  1.19446  0.00328  0.00288  0.22539  1.71994
43 58  1.23709  0.00431  0.01971  0.25730  1.41308
43 59  1.23443  0.00517  0.03681  0.25559  1.38891
43 60  1.23705  0.00555  0.04378  0.25650  1.35278
43 61  1.24447  0.00545  0.04249  0.26054  1.29048
43 62  1.25083  0.00551  0.04480  0.26325  1.24696
43 63  1.26032  0.00544  0.04511  0.26783  1.23224
43 64  1.29474  0.00504  0.02141  0.29212  1.02609
43 65  1.26980  0.00610  0.06061  0.26929  1.25813
43 66  1.28197  0.00624  0.06573  0.27326  1.43644
43 67  1.28269  0.00668  0.07496  0.27142  1.40830
43 68  1.28447  0.00677  0.07992  0.27075  1.33608
43 69  1.29119  0.00634  0.07879  0.27292  1.25800
43 70  1.31690  0.00645  0.08413  0.28116  1.26269
43 71  1.31509  0.00583  0.03996  0.29111  1.17863
43 72  1.26118  0.00640  0.04606  0.27442  1.25132
43 73  1.26177  0.00594  0.03885  0.27566  1.21510
43 74  1.26102  0.00564  0.03545  0.27466  1.17641
43 75  1.26095  0.00541  0.03369  0.27298  1.16370
43 76  1.26210  0.00516  0.03250  0.27173  1.15506
43 77  1.25683  0.00543  0.04349  0.26360  1.07623
43 78  1.25244  0.00551  0.05607  0.25383  1.06312
43 79  1.25341  0.00548  0.06768  0.24955  1.11444
43 80  1.28547  0.00432  0.05377  0.26317  1.29645
43 81  1.28768  0.00389  0.04148  0.27092  1.27527
43 82  1.27289  0.00343  0.02934  0.26496  1.22374
43 83  1.27468  0.00311  0.02122  0.26799  1.25045
43 84  1.27399  0.00269  0.00988  0.26811  1.28096
43 85  1.27048  0.00242  0.00525  0.26512  1.29729
43 86  1.27244  0.00185 -0.01080  0.26197  1.38294
43 87  1.25735  0.00177 -0.01429  0.25280  1.34806
43 88  1.24937  0.00197 -0.01885  0.25974  1.32607
43 89  1.27506  0.00171 -0.04080  0.27104  1.40063
43 90  1.26968  0.00163 -0.04605  0.27056  1.41356
43 91  1.26339  0.00351  0.00068  0.27518  1.29104
43 92  1.22709  0.00404  0.01538  0.26105  1.20204
44 44  1.21356  0.00461  0.01195  0.23929  1.83938
44 45  1.20314  0.00516  0.02973  0.22944  1.88057
44 46  1.19771  0.00562  0.04893  0.22087  1.93139
44 47  1.19732  0.00564  0.05973  0.21804  1.92041
44 48  1.20747  0.00461  0.04645  0.22525  1.84215
44 49  1.20946  0.00422  0.03443  0.23369  1.78932
44 50  1.20911  0.00375  0.02162  0.23779  1.77725
44 51  1.19088  0.00378  0.02339  0.22639  1.83822
44 52  1.18928  0.00364  0.02234  0.22540  1.85842
44 53  1.18607  0.00360  0.02612  0.22191  1.89788
44 54  1.18145  0.00331  0.02627  0.21503  1.92291
44 55  1.21482  0.00450  0.03747  0.23438  1.67236
44 56  1.22285  0.00402  0.01419  0.24818  1.54745
44 57  1.18694  0.00343  0.00770  0.22031  1.76919
44 58  1.22718  0.00494  0.03449  0.24957  1.49216
44 59  1.23059  0.00522  0.03966  0.25136  1.44832
44 60  1.23522  0.00541  0.04358  0.25361  1.39728
44 61  1.23793  0.00586  0.05238  0.25409  1.36550
44 62  1.24277  0.00612  0.05787  0.25611  1.31043
44 63  1.24980  0.00614  0.05925  0.25954  1.25549
44 64  1.29212  0.00504  0.02357  0.28955  1.04776
44 65  1.26842  0.00611  0.06224  0.26772  1.31426
44 66  1.27256  0.00644  0.06927  0.26803  1.32916
44 67  1.27538  0.00667  0.07480  0.26791  1.30269
44 68  1.27753  0.00676  0.07889  0.26756  1.25233
44 69  1.28440  0.00640  0.07755  0.26987  1.24636
44 70  1.31393  0.00651  0.08070  0.28043  1.39090
44 71  1.30839  0.00564  0.03848  0.28872  1.18289
44 72  1.25992  0.00585  0.04010  0.27368  1.23363
44 73  1.26058  0.00548  0.03457  0.27421  1.19770
44 74  1.25861  0.00534  0.03345  0.27217  1.16296
44 75  1.26062  0.00503  0.02933  0.27209  1.17353
44 76  1.25665  0.00512  0.03444  0.26650  1.11110
44 77  1.25309  0.00540  0.04610  0.25952  1.08806
44 78  1.24961  0.00532  0.05547  0.25091  1.05990
44 79  1.25358  0.00486  0.05736  0.25012  1.10835
44 80  1.28298  0.00389  0.04258  0.26317  1.24728
44 81  1.28464  0.00363  0.03383  0.27037  1.23523
44 82  1.26752  0.00312  0.01897  0.26188  1.22229
44 83  1.26811  0.00290  0.01286  0.26374  1.24141
44 84  1.26509  0.00269  0.00831  0.26228  1.26739
44 85  1.26071  0.00255  0.00765  0.25891  1.28783
44 86  1.25803  0.00221  0.00116  0.25432  1.32374
44 87  1.24689  0.00199 -0.00988  0.24775  1.36769
44 88  1.23804  0.00210 -0.01740  0.25304  1.32570
44 89  1.26962  0.00184 -0.03375  0.26633  1.44253
44 90  1.26405  0.00175 -0.03791  0.26463  1.45954
44 91  1.25905  0.00351  0.00293  0.27059  1.33248
44 92  1.22245  0.00407  0.01860  0.25643  1.22784
45 45  1.20762  0.00495  0.03133  0.22784  1.93690
45 46  1.19800  0.00544  0.05014  0.21821  1.98441
45 47  1.19532  0.00527  0.05493  0.21617  1.96032
45 48  1.20437  0.00418  0.03623  0.22456  1.86096
45 49  1.20593  0.00379  0.02351  0.23243  1.81086
45 50  1.20047  0.00358  0.01654  0.23230  1.81681
45 51  1.18118  0.00387  0.02526  0.21902  1.91725
45 52  1.17864  0.00383  0.02670  0.21766  1.93110
45 53  1.17565  0.00386  0.03189  0.21439  1.96084
45 54  1.16666  0.00386  0.03878  0.20596  1.97052
45 55  1.20706  0.00430  0.02920  0.23081  1.72581
45 56  1.21421  0.00445  0.02635  0.24065  1.62395
45 57  1.17980  0.00380  0.02204  0.21217  1.84752
45 58  1.22289  0.00525  0.04615  0.24260  1.58836
45 59  1.22684  0.00550  0.05082  0.24485  1.53610
45 60  1.23253  0.00564  0.05364  0.24805  1.46660
45 61  1.23819  0.00578  0.05686  0.25111  1.40286
45 62  1.24352  0.00598  0.06078  0.25377  1.34536
45 63  1.24817  0.00624  0.06579  0.25578  1.30178
45 64  1.28995  0.00504  0.02784  0.28550  1.08194
45 65  1.25918  0.00668  0.07437  0.26029  1.25931
45 66  1.26434  0.00679  0.07708  0.26229  1.24306
45 67  1.26943  0.00676  0.07807  0.26426  1.23435
45 68  1.27353  0.00667  0.07824  0.26547  1.22173
45 69  1.27776  0.00643  0.07723  0.26674  1.21260
45 70  1.29927  0.00680  0.08161  0.27391  1.32913
45 71  1.30540  0.00560  0.04276  0.28503  1.15234
45 72  1.25605  0.00603  0.04816  0.26870  1.19839
45 73  1.25713  0.00558  0.04132  0.26989  1.17340
45 74  1.25653  0.00523  0.03611  0.26860  1.13530
45 75  1.24951  0.00547  0.04273  0.26170  1.08830
45 76  1.24886  0.00545  0.04607  0.25841  1.09903
45 77  1.25209  0.00533  0.05029  0.25679  1.11756
45 78  1.25126  0.00491  0.05230  0.25128  1.08935
45 79  1.25270  0.00449  0.05174  0.24964  1.10655
45 80  1.28140  0.00347  0.03085  0.26354  1.22425
45 81  1.28095  0.00325  0.02303  0.26923  1.21987
45 82  1.26075  0.00293  0.01231  0.25780  1.23410
45 83  1.25956  0.00287  0.01097  0.25780  1.24861
45 84  1.25644  0.00276  0.00955  0.25596  1.27886
45 85  1.25247  0.00267  0.01024  0.25284  1.30803
45 86  1.24822  0.00241  0.00647  0.24822  1.34302
45 87  1.23241  0.00238  0.00273  0.23930  1.41178
45 88  1.23048  0.00242 -0.00179  0.24595  1.36544
45 89  1.26367  0.00206 -0.01957  0.25866  1.50823
45 90  1.25789  0.00197 -0.02300  0.25678  1.52014
45 91  1.25507  0.00372  0.01306  0.26346  1.40704
45 92  1.21882  0.00426  0.02738  0.24989  1.27915
46 46  1.20139  0.00503  0.04877  0.21691  2.04254
46 47  1.19405  0.00481  0.04892  0.21418  2.01439
46 48  1.20346  0.00369  0.02523  0.22395  1.89730
46 49  1.19768  0.00382  0.02685  0.22549  1.86789
46 50  1.19039  0.00380  0.02606  0.22317  1.89106
46 51  1.17172  0.00427  0.03781  0.20934  2.02750
46 52  1.16902  0.00423  0.03850  0.20838  2.03028
46 53  1.16566  0.00417  0.04041  0.20582  2.06472
46 54  1.15802  0.00405  0.04254  0.19970  2.04520
46 55  1.19834  0.00495  0.05000  0.21914  1.86858
46 56  1.20773  0.00497  0.04612  0.22958  1.76152
46 57  1.17273  0.00440  0.04484  0.20071  1.96510
46 58  1.22281  0.00554  0.06400  0.23462  1.69200
46 59  1.22669  0.00577  0.06789  0.23728  1.61938
46 60  1.23195  0.00595  0.07099  0.24057  1.54803
46 61  1.23734  0.00612  0.07369  0.24393  1.47953
46 62  1.24260  0.00633  0.07715  0.24698  1.42094
46 63  1.24844  0.00651  0.08006  0.25023  1.37536
46 64  1.28689  0.00530  0.04235  0.27643  1.15612
46 65  1.25970  0.00681  0.08496  0.25614  1.31871
46 66  1.26424  0.00692  0.08661  0.25837  1.29272
46 67  1.26805  0.00699  0.08814  0.26004  1.29366
46 68  1.27079  0.00697  0.08816  0.26117  1.28519
46 69  1.27280  0.00671  0.08509  0.26227  1.26815
46 70  1.30074  0.00692  0.08739  0.27369  1.47368
46 71  1.30204  0.00565  0.05257  0.27800  1.14574
46 72  1.25433  0.00606  0.05739  0.26218  1.19593
46 73  1.25287  0.00585  0.05473  0.26115  1.15427
46 74  1.24926  0.00585  0.05609  0.25774  1.12367
46 75  1.24588  0.00590  0.05913  0.25355  1.12351
46 76  1.24450  0.00584  0.06162  0.25040  1.12771
46 77  1.25022  0.00524  0.05675  0.25243  1.13922
46 78  1.25307  0.00457  0.05139  0.25085  1.11605
46 79  1.25360  0.00402  0.04390  0.25034  1.12141
46 80  1.28100  0.00300  0.01847  0.26396  1.26007
46 81  1.27497  0.00310  0.02061  0.26446  1.24358
46 82  1.25390  0.00298  0.01610  0.25159  1.28557
46 83  1.25055  0.00297  0.01635  0.25052  1.28723
46 84  1.24712  0.00290  0.01569  0.24845  1.31543
46 85  1.24333  0.00274  0.01284  0.24573  1.35355
46 86  1.24001  0.00249  0.00834  0.24226  1.39702
46 87  1.22617  0.00261  0.01597  0.23184  1.48875
46 88  1.22469  0.00271  0.01583  0.23629  1.44913
46 89  1.25902  0.00226 -0.00384  0.24930  1.61016
46 90  1.25299  0.00220 -0.00558  0.24732  1.61115
46 91  1.25314  0.00382  0.02451  0.25449  1.52151
46 92  1.21454  0.00455  0.04276  0.23965  1.38641
47 47  1.19685  0.00404  0.03301  0.21717  2.02956
47 48  1.19489  0.00398  0.03938  0.21279  2.01296
47 49  1.18861  0.00414  0.04140  0.21348  1.99619
47 50  1.18144  0.00423  0.04155  0.21223  2.01146
47 51  1.16339  0.00486  0.05414  0.19917  2.16651
47 52  1.15972  0.00477  0.05276  0.19875  2.17002
47 53  1.15557  0.00475  0.05382  0.19740  2.18736
47 54  1.15988  0.00408  0.05841  0.18856  2.12483
47 55  1.19716  0.00547  0.07512  0.20806  1.96579
47 56  1.20320  0.00576  0.07627  0.21602  1.91272
47 57  1.16778  0.00521  0.07298  0.18890  2.08860
47 58  1.22998  0.00555  0.08219  0.23160  1.73792
47 59  1.23729  0.00561  0.08263  0.23666  1.71186
47 60  1.24556  0.00569  0.08296  0.24172  1.71558
47 61  1.25453  0.00582  0.08454  0.24674  1.74774
47 62  1.25795  0.00605  0.08759  0.24928  1.66642
47 63  1.26482  0.00619  0.08915  0.25323  1.65107
47 64  1.28734  0.00573  0.06668  0.26585  1.25862
47 65  1.27208  0.00655  0.09376  0.25780  1.53764
47 66  1.27460  0.00669  0.09546  0.25923  1.50048
47 67  1.27597  0.00682  0.09673  0.25990  1.46959
47 68  1.27582  0.00695  0.09791  0.25947  1.44909
47 69  1.27660  0.00649  0.09144  0.26076  1.36508
47 70  1.32273  0.00651  0.09287  0.27702  1.83133
47 71  1.29960  0.00603  0.07227  0.26648  1.14997
47 72  1.25098  0.00668  0.07956  0.25103  1.23125
47 73  1.25077  0.00646  0.07632  0.25172  1.20744
47 74  1.24872  0.00642  0.07641  0.25071  1.19261
47 75  1.24667  0.00629  0.07573  0.24933  1.17999
47 76  1.24837  0.00570  0.06836  0.25031  1.16763
47 77  1.24919  0.00512  0.06133  0.25058  1.17302
47 78  1.25128  0.00432  0.04962  0.25102  1.14329
47 79  1.25493  0.00341  0.02971  0.25452  1.16883
47 80  1.27130  0.00296  0.02287  0.25538  1.29342
47 81  1.26550  0.00310  0.02588  0.25443  1.30250
47 82  1.24866  0.00307  0.02308  0.24464  1.38106
47 83  1.24481  0.00308  0.02294  0.24406  1.37919
47 84  1.23805  0.00305  0.02209  0.24105  1.39160
47 85  1.23283  0.00299  0.02139  0.23846  1.42349
47 86  1.23922  0.00238  0.01808  0.23107  1.49247
47 87  1.22275  0.00279  0.03389  0.22196  1.58611
47 88  1.22095  0.00298  0.03578  0.22613  1.55012
47 89  1.25515  0.00248  0.01515  0.23950  1.71287
47 90  1.24981  0.00241  0.01261  0.23848  1.70775
47 91  1.25026  0.00447  0.05403  0.24112  1.69689
47 92  1.21248  0.00519  0.06939  0.22774  1.51721
48 48  1.19547  0.00451  0.06296  0.20241  2.16699
48 49  1.18112  0.00490  0.06474  0.20116  2.17185
48 50  1.18008  0.00421  0.04720  0.20594  2.07713
48 51  1.15769  0.00508  0.06252  0.19056  2.28758
48 52  1.15235  0.00523  0.06476  0.18882  2.31672
48 53  1.15495  0.00490  0.06470  0.19117  2.23218
48 54  1.21823  0.00402  0.07120  0.19994  3.45610
48 55  1.27165  0.00502  0.09146  0.22067  3.23770
48 56  1.28765  0.00434  0.06988  0.23934  3.11112
48 57  1.22212  0.00443  0.06852  0.20338  3.07462
48 58  1.32257  0.00530  0.10639  0.25360  3.19001
48 59  1.33032  0.00509  0.09990  0.26000  3.08848
48 60  1.33510  0.00503  0.09682  0.26471  2.96054
48 61  1.33994  0.00500  0.09437  0.26912  2.84242
48 62  1.34244  0.00508  0.09441  0.27218  2.71573
48 63  1.34483  0.00519  0.09527  0.27483  2.60715
48 64  1.41663  0.00379  0.05622  0.29758  2.81203
48 65  1.34385  0.00563  0.10093  0.27637  2.41400
48 66  1.34375  0.00589  0.10421  0.27661  2.36213
48 67  1.34322  0.00616  0.10697  0.27616  2.33399
48 68  1.34378  0.00625  0.10733  0.27611  2.33206
48 69  1.33468  0.00614  0.10491  0.27257  2.22918
48 70  1.43389  0.00640  0.11306  0.30691  3.05597
48 71  1.32242  0.00562  0.08513  0.26489  1.47952
48 72  1.26350  0.00651  0.09127  0.25024  1.44893
48 73  1.26147  0.00626  0.08508  0.25216  1.37231
48 74  1.26065  0.00603  0.08026  0.25372  1.35877
48 75  1.26036  0.00563  0.07311  0.25533  1.33382
48 76  1.25985  0.00506  0.06269  0.25696  1.27270
48 77  1.26209  0.00429  0.04823  0.26010  1.25426
48 78  1.25989  0.00351  0.03226  0.25911  1.20914
48 79  1.25453  0.00312  0.02815  0.25160  1.17381
48 80  1.27296  0.00293  0.03292  0.25134  1.38335
48 81  1.26091  0.00310  0.03274  0.24778  1.37690
48 82  1.25234  0.00284  0.02209  0.24344  1.39181
48 83  1.24236  0.00297  0.02364  0.23900  1.47744
48 84  1.23465  0.00306  0.02571  0.23498  1.53005
48 85  1.23297  0.00293  0.02736  0.23387  1.49338
48 86  1.35336  0.00165 -0.00413  0.26335  3.34874
48 87  1.36445  0.00170  0.00261  0.26208  3.77881
48 88  1.30287  0.00200  0.01243  0.24798  2.87412
48 89  1.27346  0.00210  0.01082  0.24222  1.94017
48 90  1.26799  0.00208  0.00805  0.24203  1.94440
48 91  1.37826  0.00297  0.02767  0.28443  3.32768
48 92  1.34195  0.00344  0.04272  0.27223  3.28100
49 49  1.18562  0.00445  0.05085  0.20740  2.13503
49 50  1.16917  0.00499  0.05952  0.20083  2.20198
49 51  1.15010  0.00583  0.07303  0.18796  2.36182
49 52  1.15083  0.00518  0.06368  0.19208  2.27202
49 53  1.14834  0.00558  0.07827  0.18901  2.29203
49 54  1.20967  0.00409  0.07095  0.20043  3.40475
49 55  1.26557  0.00456  0.07601  0.23014  3.05033
49 56  1.27982  0.00389  0.05374  0.24723  2.87855
49 57  1.21363  0.00437  0.06358  0.20543  2.93673
49 58  1.31617  0.00428  0.08333  0.26003  2.91761
49 59  1.32312  0.00427  0.08125  0.26519  2.84876
49 60  1.32829  0.00430  0.07984  0.26941  2.75893
49 61  1.33127  0.00441  0.08055  0.27251  2.65211
49 62  1.33083  0.00460  0.08313  0.27395  2.52708
49 63  1.32141  0.00488  0.08746  0.27173  2.30801
49 64  1.32498  0.00463  0.06505  0.27848  1.78014
49 65  1.31054  0.00557  0.09718  0.26857  2.05543
49 66  1.30673  0.00591  0.10133  0.26711  1.97771
49 67  1.30386  0.00623  0.10523  0.26546  1.93551
49 68  1.29897  0.00632  0.10520  0.26331  1.87109
49 69  1.29164  0.00618  0.10252  0.26045  1.75308
49 70  1.38281  0.00553  0.09678  0.29305  2.57695
49 71  1.30632  0.00574  0.07951  0.26843  1.38422
49 72  1.26106  0.00636  0.08574  0.25546  1.42593
49 73  1.26007  0.00609  0.07956  0.25749  1.36999
49 74  1.26076  0.00572  0.07204  0.25990  1.34759
49 75  1.26065  0.00533  0.06450  0.26170  1.32762
49 76  1.25876  0.00494  0.05765  0.26213  1.26030
49 77  1.26281  0.00402  0.03894  0.26622  1.24478
49 78  1.25608  0.00354  0.03127  0.26104  1.19130
49 79  1.25034  0.00324  0.02969  0.25290  1.17574
49 80  1.26643  0.00298  0.02806  0.25357  1.34492
49 81  1.25909  0.00294  0.02333  0.25256  1.35756
49 82  1.24432  0.00309  0.02570  0.24425  1.45933
49 83  1.23605  0.00330  0.03062  0.23984  1.50118
49 84  1.23395  0.00307  0.02590  0.23974  1.47150
49 85  1.22999  0.00331  0.03989  0.23458  1.54130
49 86  1.34625  0.00168 -0.00505  0.26569  3.26392
49 87  1.34359  0.00193  0.01205  0.26007  3.50373
49 88  1.23094  0.00248  0.02629  0.23063  1.66159
49 89  1.26159  0.00218  0.01020  0.24269  1.74355
49 90  1.25724  0.00219  0.00890  0.24222  1.77290
49 91  1.37275  0.00300  0.02663  0.28928  3.21233
49 92  1.33582  0.00349  0.04126  0.27685  3.16108
50 50  1.16625  0.00545  0.06517  0.19891  2.30698
50 51  1.15465  0.00513  0.05935  0.19516  2.25920
50 52  1.14904  0.00525  0.06462  0.19316  2.25764
50 53  1.14688  0.00533  0.07497  0.18864  2.27853
50 54  1.19852  0.00374  0.06475  0.19742  3.12274
50 55  1.25491  0.00376  0.05603  0.23212  2.73740
50 56  1.26354  0.00330  0.03662  0.24648  2.52917
50 57  1.20816  0.00418  0.05656  0.20613  2.86629
50 58  1.30149  0.00344  0.05962  0.26080  2.61477
50 59  1.30567  0.00349  0.05951  0.26469  2.52833
50 60  1.30830  0.00359  0.06045  0.26780  2.42909
50 61  1.30782  0.00378  0.06409  0.26927  2.29828
50 62  1.30252  0.00404  0.06895  0.26865  2.12282
50 63  1.30051  0.00432  0.07389  0.26878  2.01478
50 64  1.30938  0.00405  0.04800  0.27843  1.46959
50 65  1.29756  0.00493  0.08344  0.26853  1.86764
50 66  1.29673  0.00529  0.08888  0.26793  1.83612
50 67  1.29512  0.00557  0.09231  0.26682  1.80914
50 68  1.29162  0.00574  0.09396  0.26492  1.76784
50 69  1.29162  0.00575  0.09379  0.26435  1.78656
50 70  1.34509  0.00536  0.08975  0.28434  2.22423
50 71  1.30191  0.00533  0.06863  0.27110  1.32308
50 72  1.26149  0.00579  0.07385  0.26034  1.41717
50 73  1.26193  0.00576  0.07215  0.26247  1.44111
50 74  1.25650  0.00589  0.07384  0.26066  1.35741
50 75  1.25522  0.00544  0.06569  0.26164  1.28854
50 76  1.25961  0.00450  0.04753  0.26629  1.27333
50 77  1.26222  0.00360  0.02716  0.26863  1.26051
50 78  1.25277  0.00339  0.02678  0.26051  1.19884
50 79  1.24535  0.00327  0.02904  0.25225  1.19095
50 80  1.26376  0.00275  0.01822  0.25534  1.34841
50 81  1.25010  0.00311  0.02598  0.24977  1.40788
50 82  1.23854  0.00331  0.02987  0.24353  1.48347
50 83  1.23650  0.00296  0.02014  0.24543  1.45599
50 84  1.23173  0.00307  0.02672  0.24240  1.48589
50 85  1.22922  0.00298  0.03164  0.23666  1.51537
50 86  1.34509  0.00158 -0.00846  0.26668  3.26894
50 87  1.32880  0.00194  0.01201  0.25766  3.29573
50 88  1.22902  0.00237  0.01963  0.23213  1.66816
50 89  1.25705  0.00218  0.00775  0.24306  1.71057
50 90  1.25589  0.00220  0.00746  0.24395  1.78834
50 91  1.35907  0.00265  0.01334  0.28864  2.96408
50 92  1.31725  0.00310  0.02870  0.27420  2.85146
51 51  1.14495  0.00573  0.07032  0.18565  2.44655
51 52  1.13897  0.00606  0.08141  0.18127  2.41544
51 53  1.13925  0.00581  0.08518  0.18026  2.37883
51 54  1.17630  0.00346  0.05658  0.18601  2.83077
51 55  1.22517  0.00367  0.05063  0.21796  2.55833
51 56  1.26978  0.00350  0.04285  0.24551  2.90813
51 57  1.20358  0.00535  0.08283  0.19935  3.10348
51 58  1.28083  0.00293  0.04112  0.25388  2.47611
51 59  1.27987  0.00305  0.04340  0.25566  2.31616
51 60  1.27766  0.00324  0.04761  0.25665  2.13972
51 61  1.27627  0.00342  0.05171  0.25775  1.98408
51 62  1.27620  0.00360  0.05534  0.25908  1.86893
51 63  1.27641  0.00383  0.05997  0.26012  1.76716
51 64  1.30484  0.00369  0.03757  0.27915  1.43788
51 65  1.27998  0.00432  0.06925  0.26244  1.67104
51 66  1.28113  0.00463  0.07471  0.26273  1.65006
51 67  1.28105  0.00494  0.07936  0.26224  1.63655
51 68  1.27973  0.00525  0.08419  0.26073  1.63663
51 69  1.27408  0.00556  0.08919  0.25728  1.57560
51 70  1.30445  0.00529  0.08637  0.26922  1.81035
51 71  1.28795  0.00586  0.07802  0.26426  1.30119
51 72  1.24788  0.00655  0.08703  0.25230  1.34625
51 73  1.25124  0.00609  0.07886  0.25615  1.34316
51 74  1.24959  0.00574  0.07240  0.25687  1.26772
51 75  1.25492  0.00460  0.05034  0.26205  1.26962
51 76  1.25184  0.00405  0.03835  0.26096  1.22782
51 77  1.24925  0.00357  0.02767  0.25937  1.22450
51 78  1.24117  0.00347  0.02943  0.25161  1.20111
51 79  1.23401  0.00346  0.03365  0.24399  1.23190
51 80  1.24529  0.00304  0.02538  0.24355  1.43666
51 81  1.23351  0.00346  0.03500  0.23919  1.52970
51 82  1.22746  0.00328  0.02922  0.23646  1.52736
51 83  1.22070  0.00338  0.03334  0.23403  1.55417
51 84  1.21648  0.00347  0.04084  0.22912  1.60337
51 85  1.21579  0.00326  0.04218  0.22599  1.62373
51 86  1.24331  0.00189  0.01130  0.22766  1.97032
51 87  1.22001  0.00293  0.05105  0.21572  1.89515
51 88  1.21047  0.00320  0.04937  0.22021  1.70958
51 89  1.24548  0.00287  0.03643  0.23382  1.78803
51 90  1.23744  0.00300  0.04003  0.23144  1.74002
51 91  1.23570  0.00437  0.06469  0.23533  1.61767
51 92  1.20403  0.00486  0.07472  0.22462  1.53967
52 52  1.14274  0.00580  0.08126  0.18172  2.43724
52 53  1.21534  0.00363  0.03927  0.21202  3.65782
52 54  1.14608  0.00386  0.06602  0.17251  2.34750
52 55  1.24897  0.00439  0.07537  0.22495  3.09513
52 56  1.27087  0.00378  0.05695  0.24421  2.99284
52 57  1.23967  0.00439  0.06618  0.21388  3.53031
52 58  1.31410  0.00310  0.05154  0.26696  2.97648
52 59  1.32008  0.00312  0.04969  0.27142  2.88601
52 60  1.32442  0.00316  0.04886  0.27516  2.78753
52 61  1.32763  0.00321  0.04877  0.27820  2.68834
52 62  1.32902  0.00332  0.05005  0.28032  2.59163
52 63  1.32602  0.00350  0.05352  0.28036  2.45896
52 64  1.28406  0.00489  0.06817  0.26720  1.36280
52 65  1.30548  0.00420  0.06812  0.27334  2.10188
52 66  1.29366  0.00468  0.07718  0.26839  1.93510
52 67  1.28039  0.00523  0.08593  0.26229  1.75317
52 68  1.27049  0.00574  0.09353  0.25704  1.62308
52 69  1.26658  0.00561  0.09047  0.25517  1.51865
52 70  1.30947  0.00476  0.07716  0.27448  1.90883
52 71  1.28952  0.00613  0.08615  0.26439  1.43219
52 72  1.25590  0.00623  0.08508  0.25700  1.53781
52 73  1.26453  0.00516  0.06510  0.26413  1.55817
52 74  1.26021  0.00468  0.05496  0.26358  1.41541
52 75  1.25618  0.00424  0.04532  0.26230  1.32053
52 76  1.25098  0.00391  0.03752  0.25966  1.25254
52 77  1.24728  0.00353  0.02895  0.25736  1.24400
52 78  1.23880  0.00343  0.02995  0.24991  1.22583
52 79  1.23025  0.00340  0.03269  0.24242  1.25944
52 80  1.24074  0.00311  0.02713  0.24211  1.45527
52 81  1.23479  0.00319  0.02968  0.24224  1.46893
52 82  1.22634  0.00337  0.03513  0.23697  1.51081
52 83  1.21983  0.00339  0.03894  0.23236  1.57542
52 84  1.21740  0.00321  0.03783  0.22974  1.58593
52 85  1.21883  0.00284  0.03243  0.22886  1.61744
52 86  1.22528  0.00180  0.00537  0.22058  1.70144
52 87  1.30597  0.00240  0.03573  0.24734  3.36080
52 88  1.20386  0.00379  0.07221  0.21552  1.75202
52 89  1.41304  0.00130 -0.03984  0.29624  3.77436
52 90  1.41634  0.00118 -0.05142  0.29871  3.77901
52 91  1.23839  0.00455  0.07201  0.23457  1.69597
52 92  1.20176  0.00522  0.08473  0.22151  1.59577
53 53  1.22627  0.00319  0.03049  0.21542  3.73337
53 54  1.18127  0.00424  0.09139  0.18387  2.89774
53 55  1.34010  0.00240  0.02381  0.26343  3.77547
53 56  1.38462  0.00156 -0.02579  0.28997  3.72229
53 57  1.19766  0.00540  0.09771  0.19361  2.92686
53 58  1.30594  0.00301  0.05786  0.26391  2.82999
53 59  1.31280  0.00319  0.06078  0.26815  2.79874
53 60  1.31821  0.00330  0.06182  0.27196  2.74548
53 61  1.32281  0.00342  0.06317  0.27526  2.68780
53 62  1.31998  0.00361  0.06607  0.27552  2.55650
53 63  1.31553  0.00388  0.07095  0.27471  2.42489
53 64  1.30779  0.00418  0.06027  0.27615  1.74174
53 65  1.29913  0.00469  0.08540  0.26883  2.12588
53 66  1.29137  0.00516  0.09278  0.26541  2.00213
53 67  1.28656  0.00560  0.09893  0.26278  1.93432
53 68  1.27706  0.00588  0.10198  0.25843  1.80650
53 69  1.27147  0.00560  0.09632  0.25683  1.66768
53 70  1.37435  0.00365  0.06088  0.30276  2.49801
53 71  1.32942  0.00463  0.06515  0.28054  1.88062
53 72  1.26792  0.00527  0.07468  0.26107  1.68603
53 73  1.26503  0.00478  0.06390  0.26207  1.57715
53 74  1.25887  0.00440  0.05488  0.26068  1.43865
53 75  1.25353  0.00408  0.04684  0.25878  1.34693
53 76  1.24852  0.00380  0.03964  0.25628  1.29102
53 77  1.24487  0.00349  0.03208  0.25397  1.27585
53 78  1.23539  0.00329  0.02930  0.24701  1.25249
53 79  1.22789  0.00320  0.02866  0.24134  1.28415
53 80  1.24342  0.00292  0.02689  0.24381  1.43499
53 81  1.23582  0.00332  0.04046  0.24082  1.54282
53 82  1.22835  0.00310  0.03561  0.23564  1.51726
53 83  1.22313  0.00307  0.03693  0.23267  1.56569
53 84  1.22278  0.00278  0.03076  0.23189  1.62118
53 85  1.22306  0.00257  0.02744  0.23035  1.72570
53 86  1.30191  0.00169  0.01465  0.24700  2.98062
53 87  1.31093  0.00282  0.06258  0.24964  3.43137
53 88  1.42861  0.00080 -0.07547  0.30208  3.98221
53 89  1.33029  0.00199  0.01690  0.26229  3.15368
53 90  1.32470  0.00182  0.00503  0.26082  3.06123
53 91  1.34062  0.00310  0.04070  0.27104  3.15085
53 92  1.29902  0.00369  0.05676  0.25656  3.09493
54 54  1.18719  0.00547  0.13775  0.17996  2.90830
54 55  1.23983  0.00312  0.08375  0.21289  2.57756
54 56  1.24276  0.00197  0.02993  0.22372  2.15586
54 57  1.19201  0.00497  0.10824  0.18206  2.68473
54 58  1.28604  0.00146  0.02305  0.24448  2.27650
54 59  1.29202  0.00157  0.02763  0.24854  2.25704
54 60  1.29504  0.00175  0.03516  0.25146  2.23016
54 61  1.30043  0.00188  0.03973  0.25502  2.20781
54 62  1.30705  0.00208  0.04714  0.25856  2.21962
54 63  1.31181  0.00229  0.05373  0.26126  2.20292
54 64  1.34110  0.00227  0.03449  0.27025  2.02313
54 65  1.31905  0.00281  0.06895  0.26475  2.17505
54 66  1.32074  0.00314  0.07773  0.26520  2.16809
54 67  1.32215  0.00345  0.08440  0.26518  2.17213
54 68  1.32315  0.00355  0.08485  0.26517  2.17384
54 69  1.31614  0.00309  0.07209  0.26411  2.00159
54 70  1.35304  0.00195  0.03646  0.28278  2.08000
54 71  1.32103  0.00262  0.04071  0.26035  1.40036
54 72  1.28003  0.00387  0.06642  0.25536  1.74389
54 73  1.27532  0.00370  0.05499  0.25837  1.71083
54 74  1.27030  0.00350  0.04527  0.25909  1.66629
54 75  1.26097  0.00338  0.03886  0.25690  1.55406
54 76  1.24846  0.00342  0.03739  0.25201  1.39083
54 77  1.24047  0.00330  0.03311  0.24815  1.31852
54 78  1.23230  0.00304  0.02677  0.24293  1.29487
54 79  1.23341  0.00268  0.03174  0.23157  1.38512
54 80  1.32996  0.00198  0.01428  0.26128  2.89102
54 81  1.33675  0.00184  0.00692  0.26576  3.06340
54 82  1.25548  0.00204  0.02088  0.23586  1.97013
54 83  1.23495  0.00180  0.00928  0.22717  1.62334
54 84  1.22468  0.00181  0.00961  0.22099  1.61266
54 85  1.28739  0.00161  0.01382  0.24155  2.69367
54 86  1.30184  0.00191  0.05082  0.24193  2.97201
54 87  1.29258  0.00141  0.02859  0.23701  2.80515
54 88  1.28020  0.00156  0.02459  0.23582  2.75621
54 89  1.30875  0.00149  0.01033  0.24692  2.88194
54 90  1.30367  0.00145  0.00281  0.24626  2.86900
54 91  1.32339  0.00265  0.04691  0.25346  3.00750
54 92  1.26333  0.00281  0.05381  0.23373  2.39147
55 55  1.31770  0.00246  0.05432  0.23677  1.53588
55 56  1.32589  0.00224  0.03787  0.24877  1.44941
55 57  1.28202  0.00383  0.07456  0.22214  2.24586
55 58  1.31794  0.00560  0.12933  0.24483  1.71890
55 59  1.31339  0.00679  0.14253  0.24235  1.76320
55 60  1.30826  0.00823  0.15707  0.23893  1.80814
55 61  1.30433  0.00936  0.16561  0.23658  1.82231
55 62  1.29929  0.01075  0.17551  0.23304  1.85735
55 63  1.29502  0.01199  0.18266  0.22987  1.87874
55 64  1.36458  0.00531  0.09178  0.26826  1.20202
55 65  1.28655  0.01452  0.19566  0.22283  1.93406
55 66  1.28553  0.01455  0.19390  0.22261  1.94416
55 67  1.28681  0.01369  0.18721  0.22492  1.92668
55 68  1.29208  0.01126  0.16919  0.23252  1.80990
55 69  1.30306  0.00875  0.15067  0.24363  1.65470
55 70  1.37955  0.01065  0.18978  0.26615  2.28730
55 71  1.35164  0.00576  0.09842  0.26181  1.36949
55 72  1.28594  0.00853  0.12402  0.24446  1.78583
55 73  1.28247  0.00760  0.10666  0.24920  1.71357
55 74  1.27988  0.00699  0.09388  0.25219  1.67557
55 75  1.27081  0.00674  0.08660  0.25094  1.56339
55 76  1.25828  0.00662  0.08203  0.24708  1.35871
55 77  1.25861  0.00570  0.06597  0.24936  1.28105
55 78  1.25746  0.00538  0.07016  0.24504  1.30496
55 79  1.25869  0.00526  0.08137  0.23778  1.33340
55 80  1.36992  0.00405  0.07647  0.26540  2.62197
55 81  1.31999  0.00463  0.08620  0.25540  2.06420
55 82  1.29511  0.00356  0.06185  0.24981  1.60152
55 83  1.28698  0.00323  0.05097  0.24973  1.52551
55 84  1.35567  0.00302  0.05104  0.27431  2.46745
55 85  1.35424  0.00365  0.07930  0.27126  2.54604
55 86  1.34678  0.00198  0.05280  0.26145  2.25650
55 87  1.32449  0.00157  0.03435  0.25008  1.93359
55 88  1.30743  0.00125  0.00062  0.25040  1.67820
55 89  1.38691  0.00144 -0.00006  0.28294  2.27385
55 90  1.38865  0.00144 -0.00664  0.28599  2.26989
55 91  1.35389  0.00576  0.09993  0.25969  2.48671
55 92  1.29756  0.00767  0.12444  0.23571  2.53682
56 56  1.33064  0.00493  0.09330  0.25760  2.05858
56 57  1.29778  0.00345  0.05381  0.23823  2.32046
56 58  1.32052  0.00581  0.11755  0.25076  1.60830
56 59  1.31471  0.00727  0.13548  0.24637  1.72699
56 60  1.31226  0.00742  0.13339  0.24656  1.65698
56 61  1.31310  0.00682  0.12060  0.24970  1.50283
56 62  1.30968  0.00700  0.11896  0.24888  1.43834
56 63  1.30500  0.00743  0.12124  0.24679  1.41002
56 64  1.33917  0.00849  0.11636  0.26476  1.58817
56 65  1.29454  0.00826  0.12639  0.24167  1.38157
56 66  1.29108  0.00833  0.12585  0.24050  1.37565
56 67  1.29055  0.00807  0.12340  0.24128  1.34836
56 68  1.29346  0.00781  0.12377  0.24389  1.35625
56 69  1.29943  0.00845  0.14123  0.24644  1.52204
56 70  1.35387  0.01014  0.18025  0.26209  1.89645
56 71  1.34195  0.00854  0.12034  0.26412  1.85455
56 72  1.27605  0.00912  0.11787  0.24715  1.77097
56 73  1.27836  0.00807  0.10109  0.25371  1.74501
56 74  1.27015  0.00766  0.09196  0.25370  1.60319
56 75  1.26365  0.00705  0.08053  0.25393  1.42811
56 76  1.26310  0.00604  0.06290  0.25684  1.32751
56 77  1.25800  0.00612  0.06720  0.25282  1.24714
56 78  1.25839  0.00605  0.07760  0.24818  1.29437
56 79  1.26251  0.00599  0.09091  0.24272  1.36678
56 80  1.33862  0.00495  0.08922  0.26174  2.20901
56 81  1.30861  0.00490  0.08576  0.25873  1.77061
56 82  1.30456  0.00352  0.05564  0.26194  1.53459
56 83  1.31074  0.00361  0.05880  0.26574  1.76201
56 84  1.29285  0.00436  0.08252  0.25638  1.61640
56 85  1.37346  0.00296  0.05551  0.28715  2.40201
56 86  1.32816  0.00142  0.01234  0.26406  1.69105
56 87  1.32062  0.00123  0.00630  0.25535  1.57425
56 88  1.34406  0.00182  0.02173  0.27402  2.13150
56 89  1.40357  0.00142 -0.01190  0.29868  2.24965
56 90  1.39400  0.00141 -0.01843  0.29783  2.14568
56 91  1.34103  0.00606  0.08984  0.26451  2.41415
56 92  1.27465  0.00767  0.10956  0.23733  2.32232
57 57  1.25483  0.00459  0.07630  0.19991  2.48443
57 58  1.28992  0.00269  0.04129  0.23653  1.79372
57 59  1.28049  0.00275  0.03819  0.23449  1.60004
57 60  1.27714  0.00295  0.04220  0.23374  1.53462
57 61  1.27671  0.00319  0.04798  0.23408  1.49775
57 62  1.27761  0.00343  0.05330  0.23506  1.46775
57 63  1.27955  0.00371  0.05961  0.23625  1.44288
57 64  1.31228  0.00436  0.05189  0.26022  1.45364
57 65  1.28504  0.00416  0.06890  0.23941  1.38585
57 66  1.28859  0.00434  0.07290  0.24125  1.35825
57 67  1.29189  0.00446  0.07623  0.24293  1.33796
57 68  1.29532  0.00459  0.08107  0.24444  1.37861
57 69  1.30141  0.00482  0.09160  0.24667  1.52945
57 70  1.34096  0.00475  0.10134  0.26270  1.97748
57 71  1.34980  0.00513  0.07184  0.26737  1.86672
57 72  1.27356  0.00592  0.07751  0.24619  1.68418
57 73  1.26829  0.00557  0.06769  0.24780  1.57062
57 74  1.26705  0.00492  0.05221  0.25065  1.49369
57 75  1.25895  0.00465  0.04439  0.24854  1.34776
57 76  1.25548  0.00455  0.04395  0.24691  1.29407
57 77  1.25308  0.00443  0.04665  0.24334  1.27256
57 78  1.25332  0.00407  0.04953  0.23859  1.28746
57 79  1.25225  0.00410  0.06150  0.23170  1.33258
57 80  1.27997  0.00355  0.05772  0.23665  1.62146
57 81  1.27870  0.00351  0.05421  0.23965  1.64770
57 82  1.27421  0.00300  0.03860  0.23954  1.53254
57 83  1.25950  0.00390  0.06492  0.23256  1.55223
57 84  1.26152  0.00407  0.07443  0.23185  1.70148
57 85  1.33683  0.00262  0.04002  0.25894  2.59022
57 86  1.32281  0.00207  0.03716  0.24582  2.42954
57 87  1.29265  0.00153  0.01946  0.23114  1.90984
57 88  1.31654  0.00197  0.02152  0.24862  2.48353
57 89  1.36116  0.00151 -0.01145  0.26491  2.52958
57 90  1.34679  0.00149 -0.01744  0.26047  2.43895
57 91  1.32502  0.00324  0.03684  0.25709  2.25585
57 92  1.25375  0.00435  0.06416  0.23020  1.99414
58 58  1.32328  0.01214  0.18706  0.23630  1.81847
58 59  1.30563  0.01468  0.19665  0.22540  1.85715
58 60  1.29397  0.01664  0.20237  0.21800  1.92169
58 61  1.28599  0.01792  0.20466  0.21330  1.96611
58 62  1.28224  0.01926  0.20797  0.20992  2.07619
58 63  1.29113  0.01897  0.20353  0.21393  2.27398
58 64  1.31292  0.01022  0.12400  0.23870  1.27148
58 65  1.41815  0.01034  0.14175  0.27892  2.98641
58 66  1.29451  0.01658  0.19188  0.22216  2.21490
58 67  1.28324  0.01608  0.19346  0.22084  1.94380
58 68  1.28682  0.01403  0.18615  0.22807  1.75640
58 69  1.29921  0.01194  0.18007  0.23917  1.66631
58 70  1.47292  0.01276  0.21274  0.30191  2.77524
58 71  1.32521  0.00918  0.13464  0.24724  1.53903
58 72  1.26472  0.01090  0.13422  0.23574  1.75123
58 73  1.25803  0.00938  0.11191  0.24150  1.50430
58 74  1.25709  0.00821  0.09334  0.24751  1.37854
58 75  1.26134  0.00701  0.07526  0.25430  1.33049
58 76  1.25478  0.00741  0.08265  0.25006  1.23373
58 77  1.25606  0.00734  0.08760  0.24787  1.23239
58 78  1.25620  0.00741  0.10091  0.24121  1.23335
58 79  1.26544  0.00818  0.12683  0.23784  1.54716
58 80  1.40742  0.00583  0.11652  0.28495  2.71067
58 81  1.37792  0.00570  0.11617  0.27929  2.41088
58 82  1.34538  0.00470  0.10035  0.27158  2.02987
58 83  1.32357  0.00409  0.08378  0.26898  1.74117
58 84  1.37319  0.00361  0.07614  0.28945  2.23209
58 85  1.37364  0.00354  0.08348  0.28968  2.23155
58 86  1.36198  0.00147  0.03706  0.27756  1.91536
58 87  1.35837  0.00145  0.03684  0.27554  1.97214
58 88  1.33057  0.00136  0.00939  0.27065  1.59513
58 89  1.36907  0.00100 -0.03187  0.28730  1.46650
58 90  1.37044  0.00110 -0.03146  0.29122  1.59787
58 91  1.34311  0.00636  0.10308  0.25826  2.33778
58 92  1.26961  0.00788  0.12087  0.22719  2.09623
59 59  1.30551  0.01619  0.19713  0.22196  1.97379
59 60  1.29362  0.01821  0.20302  0.21421  2.03980
59 61  1.29603  0.01869  0.20078  0.21451  2.22544
59 62  1.37361  0.01380  0.16735  0.25284  2.83104
59 63  1.44664  0.00969  0.12958  0.28948  3.08195
59 64  1.31486  0.01015  0.11974  0.23986  1.24861
59 65  1.38217  0.01250  0.15833  0.26193  2.81489
59 66  1.29441  0.01758  0.19619  0.22124  2.19231
59 67  1.28334  0.01695  0.19673  0.22014  1.94030
59 68  1.28508  0.01517  0.19139  0.22590  1.76559
59 69  1.29673  0.01300  0.18504  0.23671  1.66172
59 70  1.45962  0.01398  0.21481  0.29536  2.73363
59 71  1.33036  0.00805  0.11780  0.25214  1.32752
59 72  1.25570  0.01139  0.13294  0.23224  1.62813
59 73  1.25162  0.00978  0.11107  0.23867  1.37687
59 74  1.25358  0.00854  0.09340  0.24574  1.27880
59 75  1.25579  0.00806  0.08727  0.24979  1.29275
59 76  1.25455  0.00803  0.08966  0.24814  1.24703
59 77  1.25644  0.00802  0.09591  0.24622  1.25334
59 78  1.25671  0.00819  0.10991  0.23982  1.26349
59 79  1.26711  0.00914  0.13612  0.23705  1.61118
59 80  1.38952  0.00698  0.13156  0.27756  2.55151
59 81  1.36937  0.00659  0.12761  0.27527  2.32481
59 82  1.33961  0.00534  0.10995  0.26895  1.95615
59 83  1.32362  0.00462  0.09311  0.26860  1.71838
59 84  1.35729  0.00430  0.09028  0.28293  2.08527
59 85  1.36437  0.00426  0.09789  0.28548  2.14904
59 86  1.36386  0.00194  0.05917  0.27790  1.92144
59 87  1.35923  0.00182  0.05355  0.27608  1.94366
59 88  1.33358  0.00135  0.00536  0.27298  1.47513
59 89  1.36828  0.00115 -0.02291  0.28706  1.36281
59 90  1.36263  0.00123 -0.02596  0.28852  1.37488
59 91  1.32824  0.00665  0.09889  0.25570  2.18721
59 92  1.26209  0.00775  0.11468  0.22501  1.93727
60 60  1.31609  0.01765  0.19381  0.22301  2.32916
60 61  1.39594  0.01272  0.15663  0.26241  2.87112
60 62  1.47662  0.00876  0.11604  0.30205  3.11190
60 63  1.47440  0.00887  0.11758  0.30223  3.11383
60 64  1.31918  0.00995  0.11576  0.24215  1.21716
60 65  1.30887  0.01769  0.19228  0.22565  2.33436
60 66  1.28576  0.01864  0.20068  0.21711  2.04910
60 67  1.28108  0.01783  0.20016  0.21834  1.88498
60 68  1.28401  0.01608  0.19493  0.22424  1.74883
60 69  1.29474  0.01402  0.18909  0.23428  1.66585
60 70  1.45995  0.01420  0.21083  0.29549  2.73239
60 71  1.33340  0.00756  0.10777  0.25423  1.17660
60 72  1.25857  0.01166  0.13279  0.23298  1.70786
60 73  1.25464  0.00973  0.10784  0.24078  1.39723
60 74  1.26136  0.00838  0.09035  0.24993  1.40264
60 75  1.25894  0.00849  0.09200  0.24968  1.39454
60 76  1.25424  0.00878  0.09808  0.24566  1.25974
60 77  1.25822  0.00863  0.10283  0.24532  1.30365
60 78  1.25744  0.00902  0.11877  0.23840  1.31493
60 79  1.26923  0.01014  0.14463  0.23615  1.68239
60 80  1.37450  0.00822  0.14514  0.27065  2.42575
60 81  1.35895  0.00766  0.13973  0.27000  2.23970
60 82  1.33532  0.00605  0.11906  0.26657  1.90181
60 83  1.32329  0.00524  0.10309  0.26765  1.70135
60 84  1.34628  0.00503  0.10301  0.27793  1.98057
60 85  1.35363  0.00509  0.11176  0.28036  2.05782
60 86  1.56286  0.00065 -0.05129  0.34797  1.97987
60 87  1.35811  0.00220  0.06703  0.27590  1.89536
60 88  1.33672  0.00138  0.00198  0.27499  1.33836
60 89  1.37064  0.00133 -0.01195  0.28796  1.31673
60 90  1.35926  0.00103 -0.03852  0.27889  1.17194
60 91  1.30797  0.00626  0.09068  0.25002  1.69346
60 92  1.25618  0.00653  0.09390  0.22666  1.42089
61 61  1.49005  0.00866  0.11400  0.30666  3.11575
61 62  1.48753  0.00879  0.11488  0.30660  3.10666
61 63  1.44581  0.01075  0.13701  0.28823  3.00434
61 64  1.32451  0.00966  0.11154  0.24505  1.19100
61 65  1.29893  0.01922  0.20000  0.22004  2.19330
61 66  1.28430  0.01983  0.20609  0.21493  2.00970
61 67  1.28068  0.01897  0.20506  0.21647  1.87468
61 68  1.28343  0.01718  0.19938  0.22221  1.75480
61 69  1.29275  0.01527  0.19463  0.23125  1.67148
61 70  1.44656  0.01569  0.21575  0.28796  2.69962
61 71  1.33405  0.00727  0.09918  0.25443  1.04441
61 72  1.26607  0.01172  0.13296  0.23417  1.80359
61 73  1.25718  0.00991  0.10780  0.24161  1.39994
61 74  1.26174  0.00899  0.09668  0.24794  1.43462
61 75  1.25982  0.00909  0.09868  0.24762  1.41755
61 76  1.25484  0.00952  0.10617  0.24353  1.29708
61 77  1.25901  0.00937  0.11048  0.24360  1.33999
61 78  1.25771  0.00997  0.12785  0.23650  1.37541
61 79  1.26780  0.01118  0.15243  0.23386  1.67331
61 80  1.36089  0.00963  0.15812  0.26365  2.32347
61 81  1.34870  0.00890  0.15187  0.26431  2.16094
61 82  1.33051  0.00694  0.13021  0.26340  1.85813
61 83  1.32241  0.00590  0.11230  0.26638  1.68291
61 84  1.33785  0.00580  0.11411  0.27363  1.90524
61 85  1.34422  0.00593  0.12337  0.27556  1.97939
61 86  1.36343  0.00303  0.09398  0.27659  1.90077
61 87  1.35755  0.00266  0.08168  0.27554  1.86290
61 88  1.34014  0.00152  0.00771  0.27642  1.26697
61 89  1.37353  0.00155  0.00058  0.28890  1.29620
61 90  1.36541  0.00159 -0.00572  0.28877  1.25423
61 91  1.30688  0.00537  0.07469  0.24837  1.37284
61 92  1.25431  0.00653  0.08997  0.22546  1.38000
62 62  1.46468  0.01021  0.13062  0.29590  3.01347
62 63  1.38574  0.01443  0.16737  0.25919  2.71491
62 64  1.33035  0.00956  0.10991  0.24772  1.17066
62 65  1.29314  0.02079  0.20789  0.21568  2.10325
62 66  1.28326  0.02091  0.21070  0.21298  1.96526
62 67  1.28063  0.01990  0.20845  0.21498  1.85480
62 68  1.28299  0.01820  0.20332  0.22030  1.73792
62 69  1.29044  0.01659  0.20012  0.22773  1.68083
62 70  1.44281  0.01628  0.21475  0.28519  2.70655
62 71  1.33241  0.00777  0.10290  0.25200  1.03352
62 72  1.26777  0.01068  0.12395  0.23553  1.51489
62 73  1.25958  0.01023  0.11046  0.24103  1.43055
62 74  1.26483  0.00966  0.10470  0.24630  1.55162
62 75  1.25971  0.00990  0.10759  0.24445  1.44818
62 76  1.25563  0.01035  0.11471  0.24127  1.35541
62 77  1.25893  0.01033  0.11998  0.24087  1.38481
62 78  1.25746  0.01108  0.13738  0.23393  1.44330
62 79  1.26772  0.01249  0.16197  0.23131  1.72119
62 80  1.34763  0.01125  0.17109  0.25622  2.23362
62 81  1.33436  0.01023  0.16259  0.25684  2.05389
62 82  1.32604  0.00789  0.14049  0.26015  1.82161
62 83  1.32106  0.00665  0.12179  0.26454  1.66537
62 84  1.33203  0.00659  0.12391  0.27007  1.85326
62 85  1.33085  0.00690  0.13469  0.26894  1.85762
62 86  1.36267  0.00372  0.11013  0.27516  1.89666
62 87  1.35813  0.00317  0.09475  0.27534  1.84710
62 88  1.34305  0.00175  0.01789  0.27736  1.23752
62 89  1.37660  0.00179  0.01243  0.28983  1.28428
62 90  1.36868  0.00180  0.00477  0.28955  1.23351
62 91  1.30178  0.00542  0.07091  0.24518  1.38351
62 92  1.24971  0.00665  0.08812  0.22224  1.46168
63 63  1.33429  0.01862  0.19430  0.23312  2.36913
63 64  1.33797  0.00932  0.10713  0.25155  1.14061
63 65  1.29070  0.02184  0.21273  0.21329  2.02358
63 66  1.28218  0.02155  0.21317  0.21178  1.88206
63 67  1.28087  0.02063  0.21096  0.21395  1.80520
63 68  1.28181  0.01961  0.20932  0.21720  1.73938
63 69  1.28741  0.01818  0.20689  0.22321  1.69622
63 70  1.43819  0.01720  0.21617  0.28146  2.71624
63 71  1.33090  0.00847  0.10916  0.24920  1.04453
63 72  1.27247  0.01001  0.11577  0.23744  1.29429
63 73  1.26121  0.01069  0.11500  0.23917  1.41183
63 74  1.26187  0.01045  0.11230  0.24194  1.43974
63 75  1.25953  0.01094  0.11798  0.24070  1.50068
63 76  1.25789  0.01130  0.12372  0.23922  1.49841
63 77  1.25900  0.01135  0.12899  0.23806  1.44358
63 78  1.25707  0.01231  0.14692  0.23098  1.51165
63 79  1.26718  0.01367  0.16921  0.22887  1.74416
63 80  1.33903  0.01284  0.18175  0.25028  2.18755
63 81  1.32590  0.01169  0.17349  0.25109  1.99990
63 82  1.32163  0.00891  0.14992  0.25667  1.78872
63 83  1.31943  0.00746  0.13095  0.26231  1.65697
63 84  1.32710  0.00742  0.13294  0.26666  1.81365
63 85  1.32610  0.00778  0.14354  0.26549  1.81784
63 86  1.36188  0.00462  0.12746  0.27300  1.91024
63 87  1.35638  0.00380  0.10834  0.27374  1.82227
63 88  1.34559  0.00205  0.03033  0.27787  1.23537
63 89  1.37978  0.00206  0.02390  0.29067  1.27777
63 90  1.37229  0.00203  0.01508  0.29040  1.22025
63 91  1.29974  0.00563  0.07227  0.24347  1.42793
63 92  1.25080  0.00674  0.08860  0.22260  1.48089
64 64  1.35452  0.01254  0.11409  0.22485  2.45653
64 65  1.34465  0.00925  0.10833  0.25547  1.05494
64 66  1.34710  0.00922  0.10995  0.25745  0.98238
64 67  1.35099  0.00935  0.11421  0.25983  0.92702
64 68  1.35273  0.01004  0.12559  0.26014  0.95082
64 69  1.34322  0.01303  0.15783  0.25105  1.21730
64 70  1.64505  0.00883  0.13220  0.36485  2.84878
64 71  1.39740  0.01071  0.11455  0.27962  1.30124
64 72  1.29991  0.01091  0.10679  0.25605  1.19920
64 73  1.30370  0.01011  0.09658  0.26298  1.29042
64 74  1.29716  0.01053  0.09943  0.26128  1.22457
64 75  1.29853  0.01012  0.09585  0.26336  1.21525
64 76  1.29964  0.00988  0.09552  0.26386  1.20036
64 77  1.30154  0.00975  0.09833  0.26291  1.16659
64 78  1.30203  0.01005  0.11158  0.25684  1.16658
64 79  1.30898  0.01053  0.12976  0.25196  1.22925
64 80  1.42662  0.00880  0.13785  0.28083  2.15205
64 81  1.36335  0.01006  0.14264  0.26860  1.65898
64 82  1.37298  0.00670  0.10376  0.28337  1.29531
64 83  1.36971  0.00672  0.10269  0.28510  1.39871
64 84  1.35493  0.00785  0.11963  0.27722  1.27671
64 85  1.37109  0.00755  0.12356  0.28268  1.55030
64 86  1.40938  0.00405  0.09652  0.28671  1.58748
64 87  1.39917  0.00377  0.08563  0.28426  1.41741
64 88  1.40123  0.00388  0.07471  0.29380  1.56126
64 89  1.43554  0.00328  0.04079  0.31528  1.29536
64 90  1.43397  0.00300  0.02593  0.31928  1.24308
64 91  1.38179  0.00651  0.06363  0.29755  1.57276
64 92  1.30425  0.00780  0.08159  0.26628  1.32532
65 65  1.29326  0.02209  0.21447  0.21461  1.85484
65 66  1.28713  0.02257  0.21733  0.21206  1.80720
65 67  1.28349  0.02223  0.21686  0.21173  1.77454
65 68  1.28174  0.02165  0.21611  0.21261  1.74960
65 69  1.28281  0.02107  0.21688  0.21492  1.72508
65 70  1.42141  0.01967  0.22238  0.26976  2.69509
65 71  1.33024  0.00980  0.12039  0.24455  1.06189
65 72  1.27960  0.01075  0.12415  0.23453  1.24884
65 73  1.25913  0.01293  0.13504  0.23047  1.43492
65 74  1.25730  0.01359  0.14009  0.23013  1.59928
65 75  1.26138  0.01407  0.14478  0.23143  1.78010
65 76  1.25982  0.01391  0.14559  0.23164  1.70358
65 77  1.25852  0.01389  0.14907  0.23083  1.59936
65 78  1.25548  0.01488  0.16449  0.22446  1.59428
65 79  1.26346  0.01624  0.18373  0.22228  1.75130
65 80  1.32280  0.01623  0.20033  0.23800  2.10830
65 81  1.31200  0.01447  0.18947  0.24051  1.92230
65 82  1.31445  0.01111  0.16675  0.24942  1.75425
65 83  1.31588  0.00923  0.14715  0.25701  1.65628
65 84  1.31962  0.00933  0.15063  0.25961  1.77732
65 85  1.31822  0.00964  0.15883  0.25853  1.76315
65 86  1.35697  0.00672  0.15672  0.26660  1.91904
65 87  1.35289  0.00536  0.13456  0.26934  1.81375
65 88  1.34859  0.00286  0.05768  0.27717  1.27145
65 89  1.38471  0.00271  0.04665  0.29112  1.28431
65 90  1.38017  0.00252  0.03414  0.29233  1.21749
65 91  1.31085  0.00555  0.07212  0.24974  1.31875
65 92  1.26927  0.00629  0.08528  0.23397  1.31101
66 66  1.29201  0.02219  0.21567  0.21448  1.78471
66 67  1.28633  0.02262  0.21811  0.21175  1.76779
66 68  1.28205  0.02285  0.22049  0.21004  1.75534
66 69  1.28123  0.02241  0.22098  0.21108  1.74061
66 70  1.42220  0.01964  0.21906  0.26925  2.71191
66 71  1.33276  0.01062  0.12832  0.24332  1.08611
66 72  1.27876  0.01223  0.13779  0.23055  1.34266
66 73  1.25661  0.01498  0.15123  0.22346  1.56333
66 74  1.25617  0.01564  0.15541  0.22351  1.72553
66 75  1.25797  0.01581  0.15732  0.22487  1.78681
66 76  1.25841  0.01552  0.15715  0.22632  1.75014
66 77  1.25910  0.01499  0.15695  0.22782  1.64362
66 78  1.25492  0.01590  0.17039  0.22181  1.61152
66 79  1.26115  0.01745  0.18959  0.21879  1.74651
66 80  1.31486  0.01801  0.20850  0.23153  2.07738
66 81  1.30672  0.01586  0.19643  0.23556  1.90181
66 82  1.31106  0.01216  0.17323  0.24568  1.74364
66 83  1.31321  0.01017  0.15433  0.25366  1.66212
66 84  1.31572  0.01030  0.15772  0.25574  1.76669
66 85  1.31470  0.01058  0.16555  0.25493  1.74458
66 86  1.35408  0.00786  0.16800  0.26285  1.92494
66 87  1.34985  0.00633  0.14731  0.26587  1.81831
66 88  1.34871  0.00337  0.07202  0.27577  1.29855
66 89  1.38670  0.00301  0.05574  0.29097  1.28503
66 90  1.38368  0.00280  0.04411  0.29287  1.24595
66 91  1.37835  0.00483  0.06123  0.27678  0.96457
66 92  1.28208  0.00618  0.08767  0.24145  1.20656
67 67  1.29014  0.02264  0.21815  0.21281  1.75927
67 68  1.28429  0.02326  0.22129  0.20951  1.75762
67 69  1.28021  0.02378  0.22533  0.20733  1.76308
67 70  1.42228  0.01976  0.21704  0.26812  2.73096
67 71  1.33599  0.01165  0.13832  0.24201  1.13163
67 72  1.27861  0.01367  0.14963  0.22699  1.40256
67 73  1.25659  0.01804  0.17290  0.21408  1.80189
67 74  1.25502  0.01815  0.17203  0.21593  1.83919
67 75  1.25656  0.01795  0.17115  0.21827  1.85831
67 76  1.25695  0.01681  0.16592  0.22182  1.75576
67 77  1.25953  0.01586  0.16294  0.22523  1.64712
67 78  1.25445  0.01694  0.17635  0.21899  1.62382
67 79  1.25941  0.01852  0.19424  0.21563  1.74604
67 80  1.30616  0.01932  0.21323  0.22546  2.02624
67 81  1.30329  0.01668  0.19937  0.23219  1.88408
67 82  1.30766  0.01309  0.17843  0.24198  1.73187
67 83  1.31060  0.01107  0.16084  0.25026  1.66660
67 84  1.31181  0.01118  0.16367  0.25193  1.74958
67 85  1.31074  0.01149  0.17119  0.25107  1.72057
67 86  1.35162  0.00889  0.17704  0.25922  1.93292
67 87  1.34756  0.00710  0.15532  0.26288  1.82048
67 88  1.34926  0.00374  0.08088  0.27476  1.31627
67 89  1.38907  0.00325  0.06270  0.29101  1.29131
67 90  1.38604  0.00302  0.05159  0.29285  1.26723
67 91  1.33529  0.00572  0.08476  0.26282  1.18697
67 92  1.29170  0.00660  0.09944  0.24603  1.23137
68 68  1.28755  0.02333  0.22116  0.20995  1.77092
68 69  1.28094  0.02443  0.22646  0.20538  1.78972
68 70  1.42961  0.01867  0.20955  0.27171  2.75870
68 71  1.33763  0.01317  0.15219  0.23906  1.20889
68 72  1.26938  0.01738  0.17504  0.21513  1.58130
68 73  1.25567  0.02013  0.18657  0.20808  1.78920
68 74  1.25353  0.01990  0.18340  0.21032  1.80791
68 75  1.25446  0.01876  0.17725  0.21470  1.75685
68 76  1.25725  0.01749  0.17117  0.21952  1.68687
68 77  1.26087  0.01641  0.16692  0.22359  1.62809
68 78  1.25477  0.01763  0.17997  0.21714  1.62728
68 79  1.25824  0.01923  0.19718  0.21320  1.73775
68 80  1.30220  0.01999  0.21542  0.22213  1.99272
68 81  1.30099  0.01700  0.20007  0.23007  1.85095
68 82  1.30611  0.01345  0.17928  0.23993  1.70831
68 83  1.30838  0.01175  0.16504  0.24727  1.66871
68 84  1.30765  0.01155  0.16455  0.24894  1.67712
68 85  1.30906  0.01149  0.16915  0.24977  1.67175
68 86  1.35015  0.00922  0.17794  0.25724  1.92753
68 87  1.34546  0.00730  0.15598  0.26101  1.80428
68 88  1.35019  0.00400  0.08761  0.27410  1.34283
68 89  1.39074  0.00346  0.06928  0.29067  1.32628
68 90  1.38721  0.00337  0.06369  0.29178  1.36555
68 91  1.34084  0.00676  0.10747  0.26349  1.36898
68 92  1.29587  0.00762  0.11878  0.24645  1.38512
69 69  1.28511  0.02400  0.22473  0.20682  1.80602
69 70  1.45987  0.01430  0.18371  0.29051  2.74012
69 71  1.33446  0.01697  0.18165  0.23030  1.38454
69 72  1.26360  0.02162  0.19942  0.20478  1.67366
69 73  1.25982  0.02131  0.19566  0.20677  1.69686
69 74  1.25842  0.02055  0.19049  0.20989  1.71599
69 75  1.26016  0.01928  0.18371  0.21469  1.69257
69 76  1.26249  0.01778  0.17546  0.21970  1.65973
69 77  1.26483  0.01662  0.16978  0.22362  1.61627
69 78  1.25752  0.01769  0.18068  0.21747  1.62384
69 79  1.26318  0.01818  0.19212  0.21670  1.67885
69 80  1.29971  0.01931  0.21181  0.22190  1.91646
69 81  1.30196  0.01593  0.19305  0.23187  1.78405
69 82  1.30647  0.01333  0.17788  0.23956  1.67966
69 83  1.30746  0.01196  0.16602  0.24572  1.65084
69 84  1.30956  0.01074  0.15675  0.25061  1.57765
69 85  1.31174  0.01060  0.16093  0.25206  1.60862
69 86  1.34982  0.00810  0.16676  0.25937  1.83527
69 87  1.34904  0.00590  0.13658  0.26550  1.69339
69 88  1.35296  0.00424  0.09699  0.27442  1.43999
69 89  1.39516  0.00367  0.07931  0.29138  1.44340
69 90  1.39043  0.00371  0.07739  0.29130  1.51075
69 91  1.34523  0.00934  0.14679  0.25947  1.71246
69 92  1.29300  0.01116  0.16307  0.23773  1.75810
70 70  1.59828  0.01383  0.19003  0.33931  2.92990
70 71  1.52315  0.01679  0.18958  0.29765  2.42969
70 72  1.30136  0.02350  0.21416  0.21814  1.74409
70 73  1.30090  0.02103  0.20004  0.22513  1.65760
70 74  1.30210  0.01844  0.18380  0.23258  1.57069
70 75  1.30389  0.01688  0.17314  0.23773  1.56337
70 76  1.30410  0.01679  0.17100  0.23888  1.68461
70 77  1.30154  0.01564  0.16307  0.24109  1.61885
70 78  1.29662  0.01718  0.17713  0.23531  1.67708
70 79  1.31202  0.01699  0.18696  0.23693  1.78230
70 80  1.47087  0.01222  0.16887  0.29754  2.57282
70 81  1.37928  0.01404  0.18458  0.26226  2.02162
70 82  1.36314  0.01202  0.17081  0.26296  1.76498
70 83  1.35479  0.01017  0.15115  0.26733  1.59609
70 84  1.35935  0.00907  0.14220  0.27336  1.61540
70 85  1.38293  0.00876  0.14794  0.28393  1.83482
70 86  1.41730  0.00526  0.13376  0.29121  1.84214
70 87  1.50508  0.00309  0.09223  0.32317  2.34860
70 88  1.42419  0.00404  0.11119  0.29526  1.86677
70 89  1.47924  0.00295  0.06639  0.32302  1.72008
70 90  1.46004  0.00274  0.05332  0.31913  1.56829
70 91  1.51227  0.00767  0.14050  0.31583  2.50271
70 92  1.46517  0.00905  0.15548  0.29647  2.70557
71 71  1.45616  0.01706  0.16049  0.27251  1.70430
71 72  1.29382  0.02062  0.17285  0.21850  1.74233
71 73  1.29765  0.01905  0.16195  0.22616  1.71615
71 74  1.30389  0.01706  0.14890  0.23487  1.68181
71 75  1.30761  0.01548  0.13786  0.24106  1.59507
71 76  1.31107  0.01514  0.13786  0.24397  1.57938
71 77  1.31422  0.01506  0.14215  0.24441  1.50437
71 78  1.32599  0.01413  0.14688  0.24756  1.52701
71 79  1.33681  0.01340  0.15309  0.24695  1.36928
71 80  1.37445  0.01364  0.16904  0.25149  1.47587
71 81  1.36922  0.01313  0.16071  0.25765  1.43476
71 82  1.37941  0.00982  0.13203  0.26956  1.29012
71 83  1.37336  0.01057  0.13949  0.27042  1.47382
71 84  1.37212  0.01128  0.14832  0.26902  1.45297
71 85  1.38407  0.00989  0.14291  0.27495  1.56283
71 86  1.43625  0.00401  0.08643  0.29069  1.24124
71 87  1.41489  0.00551  0.11391  0.27827  1.28613
71 88  1.41320  0.00576  0.10348  0.29042  1.64479
71 89  1.48021  0.00415  0.06299  0.32114  1.46392
71 90  1.47877  0.00350  0.04300  0.32493  1.44889
71 91  1.38960  0.00737  0.09205  0.28830  1.17705
71 92  1.32281  0.00849  0.10566  0.26256  1.21217
72 72  1.24906  0.01907  0.16148  0.21263  1.80650
72 73  1.24931  0.01751  0.15009  0.21846  1.75686
72 74  1.24908  0.01625  0.14041  0.22273  1.68784
72 75  1.25196  0.01558  0.13697  0.22684  1.72603
72 76  1.25344  0.01513  0.13679  0.22833  1.64970
72 77  1.25792  0.01483  0.13999  0.22951  1.63791
72 78  1.26482  0.01346  0.14013  0.23165  1.53282
72 79  1.27172  0.01350  0.15173  0.22858  1.44247
72 80  1.29466  0.01469  0.17071  0.23003  1.60402
72 81  1.29343  0.01446  0.16798  0.23535  1.60095
72 82  1.30733  0.01046  0.13712  0.25054  1.45537
72 83  1.29668  0.01228  0.15283  0.24468  1.49463
72 84  1.29921  0.01254  0.15813  0.24606  1.63905
72 85  1.31146  0.01074  0.14960  0.25296  1.67803
72 86  1.33562  0.00781  0.13836  0.25888  1.64947
72 87  1.35053  0.00493  0.09745  0.26687  1.28765
72 88  1.32299  0.00670  0.10961  0.26517  1.56960
72 89  1.36922  0.00513  0.07674  0.28763  1.42886
72 90  1.36639  0.00454  0.06107  0.29040  1.40324
72 91  1.31916  0.00717  0.08006  0.27292  1.25484
72 92  1.27311  0.00758  0.08474  0.25640  1.29734
73 73  1.25423  0.01597  0.13795  0.22473  1.69166
73 74  1.25527  0.01536  0.13401  0.22849  1.70565
73 75  1.25682  0.01486  0.13254  0.23052  1.66632
73 76  1.25877  0.01459  0.13432  0.23148  1.63250
73 77  1.26335  0.01415  0.13617  0.23313  1.59742
73 78  1.26783  0.01296  0.13681  0.23310  1.46646
73 79  1.27302  0.01328  0.15002  0.22945  1.42141
73 80  1.29647  0.01406  0.16509  0.23351  1.56823
73 81  1.29625  0.01379  0.16223  0.23909  1.58127
73 82  1.30690  0.01054  0.13696  0.25137  1.50930
73 83  1.29947  0.01183  0.14879  0.24747  1.51503
73 84  1.30889  0.01076  0.14313  0.25421  1.67073
73 85  1.31691  0.00938  0.13596  0.25872  1.62831
73 86  1.33587  0.00702  0.12265  0.26428  1.61463
73 87  1.35073  0.00440  0.08293  0.27093  1.26753
73 88  1.32624  0.00583  0.09254  0.27071  1.51434
73 89  1.37121  0.00460  0.06286  0.29191  1.36808
73 90  1.36898  0.00401  0.04550  0.29471  1.32664
73 91  1.32904  0.00631  0.06378  0.28219  1.24576
73 92  1.28296  0.00680  0.07124  0.26549  1.35722
74 74  1.26249  0.01447  0.12896  0.23296  1.66765
74 75  1.26489  0.01395  0.12794  0.23538  1.64211
74 76  1.26688  0.01370  0.12949  0.23628  1.60249
74 77  1.27192  0.01298  0.12893  0.23832  1.55132
74 78  1.27000  0.01279  0.13644  0.23301  1.41655
74 79  1.27362  0.01334  0.15086  0.22911  1.40723
74 80  1.29924  0.01361  0.16116  0.23638  1.57285
74 81  1.29934  0.01306  0.15624  0.24272  1.57185
74 82  1.30484  0.01063  0.13689  0.25081  1.44981
74 83  1.30479  0.01071  0.13895  0.25248  1.48698
74 84  1.31599  0.00916  0.12756  0.26061  1.59213
74 85  1.32244  0.00796  0.11948  0.26430  1.54308
74 86  1.33666  0.00627  0.10835  0.26816  1.58284
74 87  1.34593  0.00438  0.07816  0.27229  1.34809
74 88  1.32808  0.00521  0.07900  0.27443  1.47761
74 89  1.37382  0.00404  0.04724  0.29565  1.30754
74 90  1.36836  0.00363  0.03290  0.29619  1.20863
74 91  1.33074  0.00626  0.06151  0.28423  1.14623
74 92  1.28162  0.00703  0.07373  0.26506  1.24055
75 75  1.27157  0.01338  0.12579  0.23827  1.58276
75 76  1.27525  0.01272  0.12409  0.24102  1.56389
75 77  1.27866  0.01223  0.12477  0.24102  1.45973
75 78  1.27317  0.01266  0.13703  0.23280  1.38523
75 79  1.27611  0.01322  0.15083  0.22968  1.40320
75 80  1.30360  0.01257  0.15347  0.24082  1.53020
75 81  1.30524  0.01179  0.14629  0.24844  1.54220
75 82  1.31026  0.00960  0.12714  0.25538  1.41444
75 83  1.31474  0.00892  0.12189  0.26042  1.49075
75 84  1.32215  0.00772  0.11101  0.26589  1.49976
75 85  1.32674  0.00682  0.10411  0.26830  1.44884
75 86  1.33633  0.00563  0.09537  0.27052  1.50793
75 87  1.34010  0.00441  0.07410  0.27270  1.39929
75 88  1.32809  0.00472  0.06679  0.27643  1.38721
75 89  1.37335  0.00360  0.03369  0.29679  1.19063
75 90  1.36905  0.00349  0.02991  0.29659  1.17083
75 91  1.33531  0.00593  0.05665  0.28652  1.10629
75 92  1.28583  0.00671  0.06994  0.26705  1.20446
76 76  1.28396  0.01165  0.11785  0.24437  1.46057
76 77  1.28412  0.01176  0.12403  0.24209  1.38991
76 78  1.28087  0.01222  0.13677  0.23512  1.37339
76 79  1.28327  0.01244  0.14723  0.23371  1.40437
76 80  1.31311  0.01097  0.14148  0.24861  1.48821
76 81  1.31228  0.01052  0.13590  0.25444  1.49077
76 82  1.31936  0.00816  0.11244  0.26223  1.40737
76 83  1.32353  0.00726  0.10269  0.26696  1.42030
76 84  1.32693  0.00654  0.09546  0.26958  1.39655
76 85  1.32999  0.00590  0.08986  0.27084  1.35838
76 86  1.33546  0.00503  0.08182  0.27177  1.35351
76 87  1.33816  0.00402  0.06141  0.27422  1.35665
76 88  1.32957  0.00407  0.05063  0.27835  1.27595
76 89  1.37209  0.00353  0.03332  0.29545  1.13302
76 90  1.37008  0.00329  0.02705  0.29547  1.13169
76 91  1.33889  0.00565  0.05416  0.28689  1.06041
76 92  1.28905  0.00648  0.06881  0.26725  1.15775
77 77  1.28936  0.01171  0.12927  0.24201  1.41107
77 78  1.28972  0.01164  0.13709  0.23871  1.40115
77 79  1.29509  0.01106  0.13938  0.24078  1.39931
77 80  1.32349  0.00911  0.12545  0.25741  1.46590
77 81  1.32466  0.00869  0.11951  0.26340  1.48208
77 82  1.32850  0.00668  0.09458  0.26834  1.36559
77 83  1.32966  0.00611  0.08740  0.27081  1.35580
77 84  1.33056  0.00566  0.08237  0.27168  1.31602
77 85  1.33224  0.00516  0.07724  0.27216  1.28208
77 86  1.33668  0.00439  0.06773  0.27301  1.23223
77 87  1.33420  0.00366  0.04926  0.27311  1.16518
77 88  1.32763  0.00406  0.05317  0.27542  1.19613
77 89  1.37175  0.00341  0.03420  0.29230  1.07028
77 90  1.36972  0.00317  0.02797  0.29227  1.07856
77 91  1.34058  0.00557  0.05738  0.28421  0.98988
77 92  1.29131  0.00641  0.07231  0.26502  1.09536
78 78  1.31512  0.00913  0.12188  0.25053  1.31651
78 79  1.31786  0.00818  0.11607  0.25332  1.30544
78 80  1.33017  0.00796  0.11578  0.26070  1.46535
78 81  1.32981  0.00747  0.10907  0.26530  1.44765
78 82  1.33812  0.00524  0.07614  0.27160  1.24330
78 83  1.33238  0.00553  0.08145  0.26924  1.27979
78 84  1.33256  0.00510  0.07550  0.26999  1.25101
78 85  1.33349  0.00449  0.06618  0.27088  1.18349
78 86  1.33522  0.00383  0.05578  0.27116  1.14449
78 87  1.33356  0.00349  0.05189  0.26701  1.06180
78 88  1.32902  0.00376  0.05521  0.27113  1.19509
78 89  1.37421  0.00302  0.03244  0.28816  1.07234
78 90  1.37233  0.00282  0.02649  0.28822  1.07883
78 91  1.34162  0.00574  0.07211  0.27687  0.97171
78 92  1.29292  0.00673  0.08861  0.25815  1.09673
79 79  1.32766  0.00689  0.10213  0.26065  1.33567
79 80  1.33815  0.00645  0.10179  0.26303  1.32526
79 81  1.33653  0.00617  0.09692  0.26607  1.29617
79 82  1.33983  0.00468  0.07017  0.26869  1.09829
79 83  1.33395  0.00503  0.07580  0.26713  1.15710
79 84  1.33342  0.00454  0.06656  0.26830  1.10469
79 85  1.33369  0.00398  0.05615  0.26951  1.07834
79 86  1.34282  0.00311  0.05073  0.26435  1.08673
79 87  1.33298  0.00348  0.06251  0.25984  1.10281
79 88  1.32961  0.00358  0.06048  0.26521  1.19405
79 89  1.37488  0.00287  0.03741  0.28214  1.06489
79 90  1.37261  0.00268  0.03133  0.28249  1.08572
79 91  1.35004  0.00545  0.08077  0.27337  1.04118
79 92  1.29932  0.00667  0.10105  0.25372  1.18596
80 80  1.38952  0.00543  0.09388  0.27718  1.30958
80 81  1.38360  0.00471  0.07606  0.28170  1.19096
80 82  1.37565  0.00398  0.05829  0.27881  1.10410
80 83  1.37118  0.00369  0.04910  0.27932  1.03085
80 84  1.36616  0.00349  0.04360  0.27854  1.00613
80 85  1.36541  0.00337  0.04636  0.27852  1.07745
80 86  1.37314  0.00331  0.07038  0.26867  1.48264
80 87  1.39127  0.00335  0.07545  0.27069  1.91963
80 88  1.36377  0.00299  0.05766  0.26970  1.43866
80 89  1.41543  0.00227  0.02335  0.29209  1.25860
80 90  1.41021  0.00217  0.01773  0.29206  1.23367
80 91  1.57323  0.00284  0.02332  0.35190  2.70490
80 92  1.38357  0.00568  0.09562  0.27958  2.07789
81 81  1.38952  0.00441  0.06613  0.28649  1.16623
81 82  1.37486  0.00396  0.05356  0.28093  1.02691
81 83  1.36478  0.00390  0.05136  0.27862  1.00683
81 84  1.36410  0.00355  0.04533  0.28077  1.05324
81 85  1.35884  0.00363  0.05385  0.27720  1.05806
81 86  1.37072  0.00304  0.06050  0.27166  1.47901
81 87  1.36786  0.00335  0.07407  0.26641  1.62646
81 88  1.36008  0.00291  0.04865  0.27394  1.35393
81 89  1.41604  0.00229  0.02144  0.29490  1.23291
81 90  1.41055  0.00223  0.01755  0.29450  1.22617
81 91  1.40959  0.00463  0.07523  0.29519  1.51333
81 92  1.34847  0.00613  0.10303  0.27131  1.69849
82 82  1.37199  0.00348  0.03898  0.27772  0.98478
82 83  1.36648  0.00349  0.04009  0.27876  0.98683
82 84  1.36051  0.00359  0.04622  0.27679  0.99896
82 85  1.36046  0.00330  0.04615  0.27484  1.04645
82 86  1.37546  0.00271  0.05361  0.26928  1.52832
82 87  1.36205  0.00297  0.06436  0.26262  1.47349
82 88  1.36026  0.00246  0.03116  0.27406  1.22627
82 89  1.41665  0.00197  0.00572  0.29560  1.15259
82 90  1.41320  0.00193  0.00325  0.29614  1.19487
82 91  1.41021  0.00348  0.04900  0.29923  1.30929
82 92  1.34766  0.00451  0.07542  0.27612  1.45146
83 83  1.36747  0.00355  0.04261  0.27957  1.01176
83 84  1.36049  0.00347  0.04544  0.27570  1.01524
83 85  1.35844  0.00320  0.04514  0.27356  1.07484
83 86  1.37556  0.00188  0.01823  0.27203  1.23833
83 87  1.35702  0.00279  0.05293  0.26298  1.29085
83 88  1.35330  0.00277  0.04298  0.27131  1.27986
83 89  1.40461  0.00250  0.02945  0.28967  1.12406
83 90  1.40143  0.00244  0.02673  0.28995  1.14154
83 91  1.39286  0.00394  0.06035  0.29231  1.19726
83 92  1.33270  0.00493  0.08263  0.27051  1.31086
84 84  1.36567  0.00320  0.04235  0.27626  1.08436
84 85  1.36221  0.00296  0.04149  0.27410  1.15411
84 86  1.37581  0.00156 -0.00036  0.27113  1.11643
84 87  1.36324  0.00293  0.06155  0.26509  1.51227
84 88  1.34598  0.00337  0.06619  0.26497  1.22061
84 89  1.40568  0.00262  0.03908  0.28810  1.18549
84 90  1.40689  0.00233  0.02720  0.29102  1.25275
84 91  1.38972  0.00420  0.07015  0.28872  1.19253
84 92  1.32893  0.00525  0.09214  0.26669  1.28092
85 85  1.36721  0.00268  0.03654  0.27482  1.22815
85 86  1.43457  0.00184  0.02958  0.28760  2.04839
85 87  1.55321  0.00163  0.01193  0.33178  2.94681
85 88  1.36984  0.00302  0.06574  0.27184  1.64859
85 89  1.52141  0.00142 -0.01122  0.32768  2.19924
85 90  1.43752  0.00169  0.00526  0.29980  1.58936
85 91  1.42345  0.00340  0.05754  0.29972  1.59898
85 92  1.34752  0.00466  0.08788  0.27202  1.57720
86 86  1.51686  0.00135  0.01990  0.31179  2.65005
86 87  1.49014  0.00099  0.00033  0.30111  2.44600
86 88  1.46853  0.00120  0.00622  0.29773  2.30791
86 89  1.54164  0.00086 -0.03796  0.32575  2.33936
86 90  1.51459  0.00084 -0.04291  0.31937  2.16800
86 91  1.54415  0.00169  0.00960  0.33352  2.44490
86 92  1.38300  0.00278  0.06121  0.27795  1.71796
87 87  1.50046  0.00065 -0.03247  0.30130  2.49774
87 88  1.40144  0.00086 -0.01573  0.27243  1.63086
87 89  1.47301  0.00062 -0.05433  0.29852  1.72176
87 90  1.46445  0.00062 -0.05985  0.29846  1.67175
87 91  1.50456  0.00144  0.01036  0.31209  2.10158
87 92  1.42317  0.00238  0.05686  0.28431  2.08851
88 88  1.48123  0.00105 -0.02064  0.30744  2.36254
88 89  1.54231  0.00081 -0.05384  0.33065  2.30701
88 90  1.47526  0.00091 -0.04534  0.31112  1.84377
88 91  1.45489  0.00220  0.02083  0.30966  1.70753
88 92  1.37306  0.00307  0.05343  0.28124  1.66512
89 89  1.68518  0.00049 -0.11215  0.37696  2.44725
89 90  1.65646  0.00045 -0.12308  0.37036  2.28779
89 91  1.61683  0.00136 -0.03710  0.36780  2.05353
89 92  1.43526  0.00245  0.02228  0.30554  1.52706
90 90  1.65644  0.00041 -0.13692  0.37164  2.25148
90 91  1.62629  0.00125 -0.05017  0.37431  2.02376
90 92  1.43711  0.00229  0.01117  0.30920  1.54219
91 91  1.47253  0.00391  0.02419  0.31797  1.23724
91 92  1.69029  0.00170 -0.06947  0.40935  2.98428
92 92  1.30355  0.00617  0.06902  0.25683  1.23458
